lago,fecha,x,y,ndci,chl_a_estimada,pixeles_validos,alta_cianobacteria
atitlan,2025-12-29,680250.0,1614150.0,-0.00251511,3.9126797,84,0
atitlan,2025-12-29,680550.0,1614150.0,0.0043552653,4.06355,105,0
atitlan,2025-12-29,680850.0,1614150.0,-0.0072648725,3.8713365,105,0
atitlan,2025-12-29,681150.0,1614150.0,-0.0018746852,3.9936948,105,0
atitlan,2025-12-29,681450.0,1614150.0,-0.0077254805,3.8869867,105,0
atitlan,2025-12-29,681750.0,1614150.0,-0.012970634,3.7708082,105,0
atitlan,2025-12-29,682050.0,1614150.0,-0.018118987,3.5723453,105,0
atitlan,2025-12-29,682350.0,1614150.0,-0.0050077853,3.9034004,105,0
atitlan,2025-12-29,682650.0,1614150.0,-0.013260017,3.694957,105,0
atitlan,2025-12-29,682950.0,1614150.0,-0.016884401,3.55352,105,0
atitlan,2025-12-29,683250.0,1614150.0,-0.007448902,3.8782332,105,0
atitlan,2025-12-29,683550.0,1614150.0,-0.0076093986,3.8643026,105,0
atitlan,2025-12-29,683850.0,1614150.0,-0.009011353,3.8583784,105,0
atitlan,2025-12-29,684150.0,1614150.0,-0.012547592,3.7658017,105,0
atitlan,2025-12-29,684450.0,1614150.0,-0.010604791,3.8081958,105,0
atitlan,2025-12-29,684750.0,1614150.0,-0.014676658,3.6882076,105,0
atitlan,2025-12-29,685050.0,1614150.0,-0.0050951866,3.9190981,105,0
atitlan,2025-12-29,685350.0,1614150.0,-0.0052278354,3.9199095,105,0
atitlan,2025-12-29,685650.0,1614150.0,-0.005831683,3.9165864,105,0
atitlan,2025-12-29,685950.0,1614150.0,-0.0040974296,3.9586802,105,0
atitlan,2025-12-29,686250.0,1614150.0,0.00012379677,3.9576108,105,0
atitlan,2025-12-29,686550.0,1614150.0,0.05309302,4.6435657,105,0
atitlan,2025-12-29,686850.0,1614150.0,0.17329869,10.889213,105,0
atitlan,2025-12-29,687150.0,1614150.0,0.3148306,19.898607,105,1
atitlan,2025-12-29,687450.0,1614150.0,0.28594798,16.633106,105,1
atitlan,2025-12-29,687750.0,1614150.0,0.13693666,5.9828277,105,0
atitlan,2025-12-29,688050.0,1614150.0,0.054562606,5.020386,105,0
atitlan,2025-12-29,688350.0,1614150.0,0.068171196,4.8497105,105,0
atitlan,2025-12-29,688650.0,1614150.0,0.042681303,4.543451,105,0
atitlan,2025-12-29,688950.0,1614150.0,-0.0045445436,3.8033369,105,0
atitlan,2025-12-29,689250.0,1614150.0,0.00019080284,4.017125,105,0
atitlan,2025-12-29,689550.0,1614150.0,0.02754683,4.3442593,105,0
atitlan,2025-12-29,689850.0,1614150.0,0.0928116,5.13416,105,0
atitlan,2025-12-29,690150.0,1614150.0,0.02307639,4.318544,105,0
atitlan,2025-12-29,690450.0,1614150.0,0.008417267,4.080153,105,0
atitlan,2025-12-29,690750.0,1614150.0,0.0027014804,4.017321,105,0
atitlan,2025-12-29,691050.0,1614150.0,-0.0037238095,3.9343445,105,0
atitlan,2025-12-29,691350.0,1614150.0,-0.0011484412,3.996063,105,0
atitlan,2025-12-29,691650.0,1614150.0,0.026515061,4.390039,105,0
atitlan,2025-12-29,691950.0,1614150.0,0.11978752,7.0339637,105,0
atitlan,2025-12-29,692250.0,1614150.0,0.28858835,16.04656,105,1
atitlan,2025-12-29,692550.0,1614150.0,0.27931938,14.617897,105,1
atitlan,2025-12-29,692850.0,1614150.0,0.29391646,16.113903,105,1
atitlan,2025-12-29,693150.0,1614150.0,0.29597297,16.726244,105,1
atitlan,2025-12-29,693450.0,1614150.0,0.29270092,16.16355,105,1
atitlan,2025-12-29,693750.0,1614150.0,0.25611743,12.173802,105,1
atitlan,2025-12-29,694050.0,1614150.0,0.25940654,13.194866,105,1
atitlan,2025-12-29,694350.0,1614150.0,0.2493258,12.169279,105,1
atitlan,2025-12-29,694650.0,1614150.0,0.2417178,10.9673815,105,0
atitlan,2025-12-29,694950.0,1614150.0,0.25521988,11.898724,105,0
atitlan,2025-12-29,695250.0,1614150.0,0.2715719,13.590989,105,1
atitlan,2025-12-29,695550.0,1614150.0,0.2689092,13.7107525,105,1
atitlan,2025-12-29,695850.0,1614150.0,0.24439768,11.277592,105,0
atitlan,2025-12-29,696150.0,1614150.0,0.2618051,13.152735,105,1
atitlan,2025-12-29,696450.0,1614150.0,0.2991962,17.750467,105,1
atitlan,2025-12-29,696750.0,1614150.0,0.31867734,20.498396,105,1
atitlan,2025-12-29,697050.0,1614150.0,0.33839223,24.013119,105,1
atitlan,2025-12-29,697350.0,1614150.0,0.23415665,13.658451,105,1
atitlan,2025-12-29,697650.0,1614150.0,0.32244956,21.791132,105,1
atitlan,2025-12-29,697950.0,1614150.0,0.3263024,21.837708,105,1
atitlan,2025-12-29,698250.0,1614150.0,0.3114002,19.206675,105,1
atitlan,2025-12-29,698550.0,1614150.0,0.2535156,13.240241,105,1
atitlan,2025-12-29,698850.0,1614150.0,0.26408133,14.343952,105,1
atitlan,2025-12-29,699150.0,1614150.0,0.2103545,9.39729,105,0
atitlan,2025-12-29,699450.0,1614150.0,0.10051139,5.3954687,105,0
atitlan,2025-12-29,699750.0,1614150.0,0.16502823,7.5116835,105,0
atitlan,2025-12-29,700050.0,1614150.0,0.21302183,11.62859,105,0
atitlan,2025-12-29,700350.0,1614150.0,0.2304968,12.896826,105,1
atitlan,2025-12-29,700650.0,1614150.0,0.18682836,7.921236,105,0
atitlan,2025-12-29,700950.0,1614150.0,0.190669,8.670881,105,0
atitlan,2025-12-29,701250.0,1614150.0,0.2540291,14.224013,105,1
atitlan,2025-12-29,701550.0,1614150.0,0.2685296,13.571682,105,1
atitlan,2025-12-29,701850.0,1614150.0,0.2882694,16.437403,105,1
atitlan,2025-12-29,702150.0,1614150.0,0.32604688,21.85476,105,1
atitlan,2025-12-29,702450.0,1614150.0,0.33786443,23.703804,105,1
atitlan,2025-12-29,702750.0,1614150.0,0.3251249,21.090166,105,1
atitlan,2025-12-29,703050.0,1614150.0,0.31228802,18.967617,105,1
atitlan,2025-12-29,703350.0,1614150.0,0.34633076,24.874308,105,1
atitlan,2025-12-29,703650.0,1614150.0,0.19904818,11.428829,105,0
atitlan,2025-12-29,703950.0,1614150.0,0.35353217,26.703295,105,1
atitlan,2025-12-29,704250.0,1614150.0,0.32546696,22.590403,105,1
atitlan,2025-12-29,704550.0,1614150.0,0.3309935,23.014248,105,1
atitlan,2025-12-29,704850.0,1614150.0,0.27768612,16.121908,105,1
atitlan,2025-12-29,705150.0,1614150.0,0.114376865,6.287484,105,0
atitlan,2025-12-29,705450.0,1614150.0,0.056039173,4.8295703,105,0
atitlan,2025-12-29,705750.0,1614150.0,0.073623955,5.0174317,105,0
atitlan,2025-12-29,706050.0,1614150.0,0.20973091,10.820805,105,0
atitlan,2025-12-29,706350.0,1614150.0,0.084413104,5.564366,105,0
atitlan,2025-12-29,706650.0,1614150.0,0.078280784,5.039733,105,0
atitlan,2025-12-29,706950.0,1614150.0,0.07476863,5.2066116,105,0
atitlan,2025-12-29,707250.0,1614150.0,0.28459236,24.42526,105,1
atitlan,2025-12-29,707550.0,1614150.0,0.27811152,20.968113,105,1
atitlan,2025-12-29,707850.0,1614150.0,0.1618435,6.094618,21,0
atitlan,2025-12-29,680250.0,1614450.0,-0.021826899,3.367022,180,0
atitlan,2025-12-29,680550.0,1614450.0,-0.007236964,3.5909302,225,0
atitlan,2025-12-29,680850.0,1614450.0,0.0029492953,4.0186853,225,0
atitlan,2025-12-29,681150.0,1614450.0,-0.00932225,3.8023129,225,0
atitlan,2025-12-29,681450.0,1614450.0,-0.011012031,3.8084073,225,0
atitlan,2025-12-29,681750.0,1614450.0,-0.0054961005,3.9180372,225,0
atitlan,2025-12-29,682050.0,1614450.0,-0.014534991,3.6821349,225,0
atitlan,2025-12-29,682350.0,1614450.0,-0.0077301455,3.8483696,225,0
atitlan,2025-12-29,682650.0,1614450.0,-0.009368574,3.8369176,225,0
atitlan,2025-12-29,682950.0,1614450.0,-0.008327678,3.8136132,225,0
atitlan,2025-12-29,683250.0,1614450.0,-0.0019142583,3.9539554,225,0
atitlan,2025-12-29,683550.0,1614450.0,-0.0022487412,3.9670298,225,0
atitlan,2025-12-29,683850.0,1614450.0,-0.004935541,3.937545,225,0
atitlan,2025-12-29,684150.0,1614450.0,-0.011625587,3.786965,225,0
atitlan,2025-12-29,684450.0,1614450.0,-0.0055400394,3.900185,225,0
atitlan,2025-12-29,684750.0,1614450.0,-0.0048575634,3.9217644,225,0
atitlan,2025-12-29,685050.0,1614450.0,-0.0082073,3.821322,225,0
atitlan,2025-12-29,685350.0,1614450.0,-0.0046144486,3.9166715,225,0
atitlan,2025-12-29,685650.0,1614450.0,0.0029962733,3.973068,225,0
atitlan,2025-12-29,685950.0,1614450.0,-0.0060548666,3.9090831,225,0
atitlan,2025-12-29,686250.0,1614450.0,0.00051661435,4.0196123,225,0
atitlan,2025-12-29,686550.0,1614450.0,0.037920047,4.5278997,225,0
atitlan,2025-12-29,686850.0,1614450.0,0.06468491,5.963643,225,0
atitlan,2025-12-29,687150.0,1614450.0,0.31965497,20.569534,225,1
atitlan,2025-12-29,687450.0,1614450.0,0.21333292,11.593716,225,0
atitlan,2025-12-29,687750.0,1614450.0,0.11759612,5.875737,225,0
atitlan,2025-12-29,688050.0,1614450.0,0.11307633,5.5497937,225,0
atitlan,2025-12-29,688350.0,1614450.0,0.038104463,4.486687,225,0
atitlan,2025-12-29,688650.0,1614450.0,0.013454497,4.2082644,225,0
atitlan,2025-12-29,688950.0,1614450.0,-0.0005842415,3.9712374,225,0
atitlan,2025-12-29,689250.0,1614450.0,-0.006419106,3.8597307,225,0
atitlan,2025-12-29,689550.0,1614450.0,0.04014725,4.8051405,225,0
atitlan,2025-12-29,689850.0,1614450.0,0.15284918,8.739857,225,0
atitlan,2025-12-29,690150.0,1614450.0,0.111694396,5.78066,225,0
atitlan,2025-12-29,690450.0,1614450.0,0.036617883,4.478131,225,0
atitlan,2025-12-29,690750.0,1614450.0,0.011723992,4.1315145,225,0
atitlan,2025-12-29,691050.0,1614450.0,0.0018852976,4.0574875,225,0
atitlan,2025-12-29,691350.0,1614450.0,-0.0014734378,3.982504,225,0
atitlan,2025-12-29,691650.0,1614450.0,0.014607309,4.166793,225,0
atitlan,2025-12-29,691950.0,1614450.0,0.08540229,5.7609086,225,0
atitlan,2025-12-29,692250.0,1614450.0,0.28039217,14.881006,225,1
atitlan,2025-12-29,692550.0,1614450.0,0.3033307,17.678835,225,1
atitlan,2025-12-29,692850.0,1614450.0,0.31070432,18.61176,225,1
atitlan,2025-12-29,693150.0,1614450.0,0.30513355,17.602247,225,1
atitlan,2025-12-29,693450.0,1614450.0,0.29413545,16.093943,225,1
atitlan,2025-12-29,693750.0,1614450.0,0.26123512,12.99973,225,1
atitlan,2025-12-29,694050.0,1614450.0,0.24812517,11.43677,225,0
atitlan,2025-12-29,694350.0,1614450.0,0.2501018,11.323921,225,0
atitlan,2025-12-29,694650.0,1614450.0,0.25555608,11.979463,225,0
atitlan,2025-12-29,694950.0,1614450.0,0.26785687,12.970227,225,1
atitlan,2025-12-29,695250.0,1614450.0,0.2578332,11.942124,225,0
atitlan,2025-12-29,695550.0,1614450.0,0.25520176,11.857035,225,0
atitlan,2025-12-29,695850.0,1614450.0,0.27247512,13.821728,225,1
atitlan,2025-12-29,696150.0,1614450.0,0.30564404,18.003275,225,1
atitlan,2025-12-29,696450.0,1614450.0,0.299405,17.716568,225,1
atitlan,2025-12-29,696750.0,1614450.0,0.33438608,24.34503,225,1
atitlan,2025-12-29,697050.0,1614450.0,0.3300963,22.684454,225,1
atitlan,2025-12-29,697350.0,1614450.0,0.29058614,18.66884,225,1
atitlan,2025-12-29,697650.0,1614450.0,0.32516187,22.284775,225,1
atitlan,2025-12-29,697950.0,1614450.0,0.31178218,20.474426,225,1
atitlan,2025-12-29,698250.0,1614450.0,0.28028658,15.867465,225,1
atitlan,2025-12-29,698550.0,1614450.0,0.2884285,16.453663,225,1
atitlan,2025-12-29,698850.0,1614450.0,0.2784403,15.217389,225,1
atitlan,2025-12-29,699150.0,1614450.0,0.23554443,12.318613,225,1
atitlan,2025-12-29,699450.0,1614450.0,0.17906912,7.9010744,225,0
atitlan,2025-12-29,699750.0,1614450.0,0.20846745,10.544176,225,0
atitlan,2025-12-29,700050.0,1614450.0,0.24002664,14.908935,225,1
atitlan,2025-12-29,700350.0,1614450.0,0.27912533,16.76391,225,1
atitlan,2025-12-29,700650.0,1614450.0,0.27772138,16.223207,225,1
atitlan,2025-12-29,700950.0,1614450.0,0.2192038,10.532335,225,0
atitlan,2025-12-29,701250.0,1614450.0,0.26018426,12.832655,225,1
atitlan,2025-12-29,701550.0,1614450.0,0.27618903,15.441439,225,1
atitlan,2025-12-29,701850.0,1614450.0,0.2217981,13.207002,225,1
atitlan,2025-12-29,702150.0,1614450.0,0.18171926,9.56195,225,0
atitlan,2025-12-29,702450.0,1614450.0,0.26010886,13.6421585,225,1
atitlan,2025-12-29,702750.0,1614450.0,0.33866784,23.732393,225,1
atitlan,2025-12-29,703050.0,1614450.0,0.34707716,25.097902,225,1
atitlan,2025-12-29,703350.0,1614450.0,0.3364475,22.689144,225,1
atitlan,2025-12-29,703650.0,1614450.0,0.28124484,18.875368,225,1
atitlan,2025-12-29,703950.0,1614450.0,0.26215875,16.57321,225,1
atitlan,2025-12-29,704250.0,1614450.0,0.348026,25.529028,225,1
atitlan,2025-12-29,704550.0,1614450.0,0.33570737,24.463459,225,1
atitlan,2025-12-29,704850.0,1614450.0,0.23270468,15.380321,225,1
atitlan,2025-12-29,705150.0,1614450.0,0.16121596,10.99553,225,0
atitlan,2025-12-29,705450.0,1614450.0,0.1849915,13.574148,225,1
atitlan,2025-12-29,705750.0,1614450.0,0.28911707,20.86946,225,1
atitlan,2025-12-29,706050.0,1614450.0,0.29817894,20.64723,225,1
atitlan,2025-12-29,706350.0,1614450.0,0.15254816,7.4855304,225,0
atitlan,2025-12-29,706650.0,1614450.0,0.02518068,4.3352814,225,0
atitlan,2025-12-29,706950.0,1614450.0,0.024173388,4.366939,225,0
atitlan,2025-12-29,707250.0,1614450.0,0.24010132,15.632161,225,1
atitlan,2025-12-29,707550.0,1614450.0,0.32036275,22.71144,225,1
atitlan,2025-12-29,707850.0,1614450.0,0.1283446,6.4066887,45,0
atitlan,2025-12-29,680250.0,1614750.0,-0.012012592,3.690519,180,0
atitlan,2025-12-29,680550.0,1614750.0,-0.027421903,3.211026,225,0
atitlan,2025-12-29,680850.0,1614750.0,-0.008586962,3.6716182,225,0
atitlan,2025-12-29,681150.0,1614750.0,-0.0028908306,3.9669704,225,0
atitlan,2025-12-29,681450.0,1614750.0,-0.008707983,3.874398,225,0
atitlan,2025-12-29,681750.0,1614750.0,-0.01312543,3.753566,225,0
atitlan,2025-12-29,682050.0,1614750.0,-0.019534357,3.562092,225,0
atitlan,2025-12-29,682350.0,1614750.0,-0.0054230085,3.870588,225,0
atitlan,2025-12-29,682650.0,1614750.0,-0.003850576,3.9422956,225,0
atitlan,2025-12-29,682950.0,1614750.0,-0.013691849,3.6797059,225,0
atitlan,2025-12-29,683250.0,1614750.0,-0.010873508,3.5374079,225,0
atitlan,2025-12-29,683550.0,1614750.0,-0.0041764295,3.7847786,225,0
atitlan,2025-12-29,683850.0,1614750.0,-0.004048846,3.9410167,225,0
atitlan,2025-12-29,684150.0,1614750.0,-0.0021872765,3.9701998,225,0
atitlan,2025-12-29,684450.0,1614750.0,-0.010951075,3.729539,225,0
atitlan,2025-12-29,684750.0,1614750.0,-0.0071360865,3.847361,225,0
atitlan,2025-12-29,685050.0,1614750.0,-0.009829504,3.7837217,225,0
atitlan,2025-12-29,685350.0,1614750.0,0.012815721,4.071445,225,0
atitlan,2025-12-29,685650.0,1614750.0,0.028095359,4.293981,225,0
atitlan,2025-12-29,685950.0,1614750.0,0.014291626,4.0849404,225,0
atitlan,2025-12-29,686250.0,1614750.0,0.009106759,4.123488,225,0
atitlan,2025-12-29,686550.0,1614750.0,0.029036956,4.4585676,225,0
atitlan,2025-12-29,686850.0,1614750.0,0.034594182,4.504496,225,0
atitlan,2025-12-29,687150.0,1614750.0,0.21042323,13.31444,225,1
atitlan,2025-12-29,687450.0,1614750.0,0.23242798,12.825222,225,1
atitlan,2025-12-29,687750.0,1614750.0,0.1038494,6.993003,225,0
atitlan,2025-12-29,688050.0,1614750.0,0.08938573,5.760322,225,0
atitlan,2025-12-29,688350.0,1614750.0,0.08500089,5.799954,225,0
atitlan,2025-12-29,688650.0,1614750.0,0.014472608,4.1792235,225,0
atitlan,2025-12-29,688950.0,1614750.0,-0.003494459,3.9525912,225,0
atitlan,2025-12-29,689250.0,1614750.0,0.003182752,3.9630568,225,0
atitlan,2025-12-29,689550.0,1614750.0,0.107752874,6.6105237,225,0
atitlan,2025-12-29,689850.0,1614750.0,0.25683433,14.538029,225,1
atitlan,2025-12-29,690150.0,1614750.0,0.23082158,13.132036,225,1
atitlan,2025-12-29,690450.0,1614750.0,0.06226902,4.7730308,225,0
atitlan,2025-12-29,690750.0,1614750.0,0.036933128,4.3808975,225,0
atitlan,2025-12-29,691050.0,1614750.0,0.015368133,4.1312857,225,0
atitlan,2025-12-29,691350.0,1614750.0,0.009653317,4.059323,225,0
atitlan,2025-12-29,691650.0,1614750.0,0.010309977,4.123776,225,0
atitlan,2025-12-29,691950.0,1614750.0,0.12231751,7.4107237,225,0
atitlan,2025-12-29,692250.0,1614750.0,0.29342118,16.403738,225,1
atitlan,2025-12-29,692550.0,1614750.0,0.30009383,17.055582,225,1
atitlan,2025-12-29,692850.0,1614750.0,0.3041975,17.501083,225,1
atitlan,2025-12-29,693150.0,1614750.0,0.2909868,15.568748,225,1
atitlan,2025-12-29,693450.0,1614750.0,0.2998,17.001375,225,1
atitlan,2025-12-29,693750.0,1614750.0,0.28117836,14.982729,225,1
atitlan,2025-12-29,694050.0,1614750.0,0.2658357,13.102164,225,1
atitlan,2025-12-29,694350.0,1614750.0,0.25961262,12.148392,225,1
atitlan,2025-12-29,694650.0,1614750.0,0.26563612,12.727737,225,1
atitlan,2025-12-29,694950.0,1614750.0,0.2676962,12.956014,225,1
atitlan,2025-12-29,695250.0,1614750.0,0.27062294,13.368205,225,1
atitlan,2025-12-29,695550.0,1614750.0,0.26867276,13.028467,225,1
atitlan,2025-12-29,695850.0,1614750.0,0.28106934,14.913013,225,1
atitlan,2025-12-29,696150.0,1614750.0,0.31113163,19.017805,225,1
atitlan,2025-12-29,696450.0,1614750.0,0.32134855,20.012249,225,1
atitlan,2025-12-29,696750.0,1614750.0,0.33490917,22.68007,225,1
atitlan,2025-12-29,697050.0,1614750.0,0.33237383,22.908846,225,1
atitlan,2025-12-29,697350.0,1614750.0,0.31008244,20.564192,225,1
atitlan,2025-12-29,697650.0,1614750.0,0.3251676,22.904015,225,1
atitlan,2025-12-29,697950.0,1614750.0,0.32754022,22.133732,225,1
atitlan,2025-12-29,698250.0,1614750.0,0.32704023,22.332113,225,1
atitlan,2025-12-29,698550.0,1614750.0,0.29987293,17.955868,225,1
atitlan,2025-12-29,698850.0,1614750.0,0.25914058,13.91534,225,1
atitlan,2025-12-29,699150.0,1614750.0,0.25959945,13.740788,225,1
atitlan,2025-12-29,699450.0,1614750.0,0.26242486,13.868819,225,1
atitlan,2025-12-29,699750.0,1614750.0,0.26212174,13.425215,225,1
atitlan,2025-12-29,700050.0,1614750.0,0.30678108,18.081684,225,1
atitlan,2025-12-29,700350.0,1614750.0,0.3083584,18.742893,225,1
atitlan,2025-12-29,700650.0,1614750.0,0.3289036,21.747557,225,1
atitlan,2025-12-29,700950.0,1614750.0,0.2807073,16.320797,225,1
atitlan,2025-12-29,701250.0,1614750.0,0.28174034,16.55721,225,1
atitlan,2025-12-29,701550.0,1614750.0,0.13955653,7.679954,225,0
atitlan,2025-12-29,701850.0,1614750.0,0.109364085,7.7654543,225,0
atitlan,2025-12-29,702150.0,1614750.0,0.22628422,13.346362,225,1
atitlan,2025-12-29,702450.0,1614750.0,0.33058828,22.655859,225,1
atitlan,2025-12-29,702750.0,1614750.0,0.34208158,24.04766,225,1
atitlan,2025-12-29,703050.0,1614750.0,0.3460085,24.344156,225,1
atitlan,2025-12-29,703350.0,1614750.0,0.32364514,20.678194,225,1
atitlan,2025-12-29,703650.0,1614750.0,0.31370854,20.94893,225,1
atitlan,2025-12-29,703950.0,1614750.0,0.23233044,14.534277,225,1
atitlan,2025-12-29,704250.0,1614750.0,0.36869392,29.450033,225,1
atitlan,2025-12-29,704550.0,1614750.0,0.35921276,28.29446,225,1
atitlan,2025-12-29,704850.0,1614750.0,0.34278035,25.976723,225,1
atitlan,2025-12-29,705150.0,1614750.0,0.31094393,20.846119,225,1
atitlan,2025-12-29,705450.0,1614750.0,0.2629838,15.540878,225,1
atitlan,2025-12-29,705750.0,1614750.0,0.27065215,20.27796,225,1
atitlan,2025-12-29,706050.0,1614750.0,0.26140922,17.700628,225,1
atitlan,2025-12-29,706350.0,1614750.0,0.2425557,14.3733835,225,1
atitlan,2025-12-29,706650.0,1614750.0,0.11699075,6.6615105,225,0
atitlan,2025-12-29,706950.0,1614750.0,0.11993789,7.0324187,225,0
atitlan,2025-12-29,707250.0,1614750.0,0.26346833,17.718027,225,1
atitlan,2025-12-29,707550.0,1614750.0,0.29027632,22.510588,225,1
atitlan,2025-12-29,707850.0,1614750.0,0.105869964,6.3336954,45,0
atitlan,2025-12-29,680250.0,1615050.0,-0.004809915,3.8868313,180,0
atitlan,2025-12-29,680550.0,1615050.0,-0.0101045035,3.7981205,225,0
atitlan,2025-12-29,680850.0,1615050.0,-0.018701287,3.5681422,225,0
atitlan,2025-12-29,681150.0,1615050.0,-0.013439291,3.741638,225,0
atitlan,2025-12-29,681450.0,1615050.0,-0.0076709674,3.8812046,225,0
atitlan,2025-12-29,681750.0,1615050.0,-0.007532657,3.8932579,225,0
atitlan,2025-12-29,682050.0,1615050.0,-0.013587039,3.732394,225,0
atitlan,2025-12-29,682350.0,1615050.0,-0.014538547,3.5945299,225,0
atitlan,2025-12-29,682650.0,1615050.0,-0.008541701,3.8246927,225,0
atitlan,2025-12-29,682950.0,1615050.0,-0.011170028,3.7826483,225,0
atitlan,2025-12-29,683250.0,1615050.0,-0.01844265,3.5301573,225,0
atitlan,2025-12-29,683550.0,1615050.0,-0.009396223,3.6152139,225,0
atitlan,2025-12-29,683850.0,1615050.0,0.0070340103,3.9805555,225,0
atitlan,2025-12-29,684150.0,1615050.0,-0.01021996,3.692668,225,0
atitlan,2025-12-29,684450.0,1615050.0,-0.008893857,3.7955227,225,0
atitlan,2025-12-29,684750.0,1615050.0,-0.0126616815,3.650852,225,0
atitlan,2025-12-29,685050.0,1615050.0,0.010128351,4.0418305,225,0
atitlan,2025-12-29,685350.0,1615050.0,0.021490857,4.2780905,225,0
atitlan,2025-12-29,685650.0,1615050.0,0.014370686,4.115499,225,0
atitlan,2025-12-29,685950.0,1615050.0,-0.0030119272,3.9509711,225,0
atitlan,2025-12-29,686250.0,1615050.0,0.004568728,4.01918,225,0
atitlan,2025-12-29,686550.0,1615050.0,0.037452403,4.4398913,225,0
atitlan,2025-12-29,686850.0,1615050.0,0.012166555,4.1633034,225,0
atitlan,2025-12-29,687150.0,1615050.0,0.20719711,13.326955,225,1
atitlan,2025-12-29,687450.0,1615050.0,0.26366386,14.24418,225,1
atitlan,2025-12-29,687750.0,1615050.0,0.070383176,6.02879,225,0
atitlan,2025-12-29,688050.0,1615050.0,0.0595868,4.985013,225,0
atitlan,2025-12-29,688350.0,1615050.0,0.05413836,4.8315263,225,0
atitlan,2025-12-29,688650.0,1615050.0,0.03223297,4.3714995,225,0
atitlan,2025-12-29,688950.0,1615050.0,0.006737432,4.002645,225,0
atitlan,2025-12-29,689250.0,1615050.0,0.023953283,4.226688,225,0
atitlan,2025-12-29,689550.0,1615050.0,0.095538236,6.1278405,225,0
atitlan,2025-12-29,689850.0,1615050.0,0.24643819,12.764947,225,1
atitlan,2025-12-29,690150.0,1615050.0,0.18574253,9.283476,225,0
atitlan,2025-12-29,690450.0,1615050.0,0.18512654,7.824096,225,0
atitlan,2025-12-29,690750.0,1615050.0,0.1848788,9.485022,225,0
atitlan,2025-12-29,691050.0,1615050.0,0.05908042,4.809153,225,0
atitlan,2025-12-29,691350.0,1615050.0,0.028428346,4.3280215,225,0
atitlan,2025-12-29,691650.0,1615050.0,0.06882658,5.0264945,225,0
atitlan,2025-12-29,691950.0,1615050.0,0.10028699,5.7452526,225,0
atitlan,2025-12-29,692250.0,1615050.0,0.25897795,13.022722,225,1
atitlan,2025-12-29,692550.0,1615050.0,0.30279,17.385296,225,1
atitlan,2025-12-29,692850.0,1615050.0,0.30541694,17.512548,225,1
atitlan,2025-12-29,693150.0,1615050.0,0.29456353,16.33059,225,1
atitlan,2025-12-29,693450.0,1615050.0,0.31463102,19.132051,225,1
atitlan,2025-12-29,693750.0,1615050.0,0.3056045,17.552845,225,1
atitlan,2025-12-29,694050.0,1615050.0,0.29172346,15.709861,225,1
atitlan,2025-12-29,694350.0,1615050.0,0.2810259,14.785283,225,1
atitlan,2025-12-29,694650.0,1615050.0,0.29417056,17.507551,225,1
atitlan,2025-12-29,694950.0,1615050.0,0.30192658,17.867914,225,1
atitlan,2025-12-29,695250.0,1615050.0,0.32682994,22.211222,225,1
atitlan,2025-12-29,695550.0,1615050.0,0.28574818,17.259998,225,1
atitlan,2025-12-29,695850.0,1615050.0,0.29825893,16.941317,225,1
atitlan,2025-12-29,696150.0,1615050.0,0.3345944,22.908083,225,1
atitlan,2025-12-29,696450.0,1615050.0,0.33919987,23.436697,225,1
atitlan,2025-12-29,696750.0,1615050.0,0.33760253,22.942038,225,1
atitlan,2025-12-29,697050.0,1615050.0,0.34760338,25.1069,225,1
atitlan,2025-12-29,697350.0,1615050.0,0.3481728,25.502148,225,1
atitlan,2025-12-29,697650.0,1615050.0,0.31323227,20.902012,225,1
atitlan,2025-12-29,697950.0,1615050.0,0.31799257,20.173887,225,1
atitlan,2025-12-29,698250.0,1615050.0,0.31560987,20.273865,225,1
atitlan,2025-12-29,698550.0,1615050.0,0.31260562,19.477016,225,1
atitlan,2025-12-29,698850.0,1615050.0,0.30238762,18.172358,225,1
atitlan,2025-12-29,699150.0,1615050.0,0.29346684,16.769215,225,1
atitlan,2025-12-29,699450.0,1615050.0,0.28903535,16.310402,225,1
atitlan,2025-12-29,699750.0,1615050.0,0.28775346,15.912005,225,1
atitlan,2025-12-29,700050.0,1615050.0,0.27689555,14.665778,225,1
atitlan,2025-12-29,700350.0,1615050.0,0.29418775,16.253523,225,1
atitlan,2025-12-29,700650.0,1615050.0,0.25070328,14.888559,225,1
atitlan,2025-12-29,700950.0,1615050.0,0.25419855,14.694272,225,1
atitlan,2025-12-29,701250.0,1615050.0,0.251767,14.256532,225,1
atitlan,2025-12-29,701550.0,1615050.0,0.28811216,16.951654,225,1
atitlan,2025-12-29,701850.0,1615050.0,0.34080932,23.681656,225,1
atitlan,2025-12-29,702150.0,1615050.0,0.32966098,22.335865,225,1
atitlan,2025-12-29,702450.0,1615050.0,0.33494234,22.829185,225,1
atitlan,2025-12-29,702750.0,1615050.0,0.29970038,17.646881,225,1
atitlan,2025-12-29,703050.0,1615050.0,0.22264555,11.0879,225,0
atitlan,2025-12-29,703350.0,1615050.0,0.2403714,13.917422,225,1
atitlan,2025-12-29,703650.0,1615050.0,0.31467953,20.715017,225,1
atitlan,2025-12-29,703950.0,1615050.0,0.28340554,18.99163,225,1
atitlan,2025-12-29,704250.0,1615050.0,0.36278984,29.726385,225,1
atitlan,2025-12-29,704550.0,1615050.0,0.35320282,27.66725,225,1
atitlan,2025-12-29,704850.0,1615050.0,0.29884768,19.10407,225,1
atitlan,2025-12-29,705150.0,1615050.0,0.31977198,22.53323,225,1
atitlan,2025-12-29,705450.0,1615050.0,0.24950732,14.211881,225,1
atitlan,2025-12-29,705750.0,1615050.0,0.2319231,12.178173,225,1
atitlan,2025-12-29,706050.0,1615050.0,0.17512523,8.587754,225,0
atitlan,2025-12-29,706350.0,1615050.0,0.16476169,8.01487,225,0
atitlan,2025-12-29,706650.0,1615050.0,0.14534333,7.51793,225,0
atitlan,2025-12-29,706950.0,1615050.0,0.12709399,7.9814043,225,0
atitlan,2025-12-29,707250.0,1615050.0,0.20648779,11.123474,225,0
atitlan,2025-12-29,707550.0,1615050.0,0.19562854,14.270793,225,1
atitlan,2025-12-29,707850.0,1615050.0,0.029650481,4.4302244,45,0
atitlan,2025-12-29,680250.0,1615350.0,-0.0057409466,3.921818,180,0
atitlan,2025-12-29,680550.0,1615350.0,-0.009135464,3.8623173,225,0
atitlan,2025-12-29,680850.0,1615350.0,-0.010451972,3.8061094,225,0
atitlan,2025-12-29,681150.0,1615350.0,-0.011216494,3.7893062,225,0
atitlan,2025-12-29,681450.0,1615350.0,-0.0067297295,3.8637228,225,0
atitlan,2025-12-29,681750.0,1615350.0,-0.008577921,3.833919,225,0
atitlan,2025-12-29,682050.0,1615350.0,-0.0066367635,3.8764608,225,0
atitlan,2025-12-29,682350.0,1615350.0,-0.009092173,3.7449884,225,0
atitlan,2025-12-29,682650.0,1615350.0,-0.0012868012,3.890137,225,0
atitlan,2025-12-29,682950.0,1615350.0,-0.0048491447,3.9218946,225,0
atitlan,2025-12-29,683250.0,1615350.0,-0.0054208105,3.9191527,225,0
atitlan,2025-12-29,683550.0,1615350.0,-0.015422298,3.5807254,225,0
atitlan,2025-12-29,683850.0,1615350.0,0.014359043,3.9399426,225,0
atitlan,2025-12-29,684150.0,1615350.0,0.014014436,4.098506,225,0
atitlan,2025-12-29,684450.0,1615350.0,-0.00523605,3.9086635,225,0
atitlan,2025-12-29,684750.0,1615350.0,-7.944067e-05,3.87574,225,0
atitlan,2025-12-29,685050.0,1615350.0,0.014969479,4.1477385,225,0
atitlan,2025-12-29,685350.0,1615350.0,-0.00060075655,4.002011,225,0
atitlan,2025-12-29,685650.0,1615350.0,-0.0067429305,3.896042,225,0
atitlan,2025-12-29,685950.0,1615350.0,-0.0023327135,3.9930434,225,0
atitlan,2025-12-29,686250.0,1615350.0,-0.0041756933,3.9686973,225,0
atitlan,2025-12-29,686550.0,1615350.0,-1.0994508e-05,4.049726,225,0
atitlan,2025-12-29,686850.0,1615350.0,-0.0022595834,4.003295,225,0
atitlan,2025-12-29,687150.0,1615350.0,0.15490338,9.639254,225,0
atitlan,2025-12-29,687450.0,1615350.0,0.298077,18.160563,225,1
atitlan,2025-12-29,687750.0,1615350.0,0.1257252,7.169692,225,0
atitlan,2025-12-29,688050.0,1615350.0,0.1093651,6.052912,225,0
atitlan,2025-12-29,688350.0,1615350.0,0.021042442,4.2809362,225,0
atitlan,2025-12-29,688650.0,1615350.0,0.040215332,4.550806,225,0
atitlan,2025-12-29,688950.0,1615350.0,0.035156116,4.331432,225,0
atitlan,2025-12-29,689250.0,1615350.0,0.08956756,5.3494296,225,0
atitlan,2025-12-29,689550.0,1615350.0,0.22102697,11.11237,225,0
atitlan,2025-12-29,689850.0,1615350.0,0.2779895,14.7849655,225,1
atitlan,2025-12-29,690150.0,1615350.0,0.27085578,14.720582,225,1
atitlan,2025-12-29,690450.0,1615350.0,0.3060265,18.82408,225,1
atitlan,2025-12-29,690750.0,1615350.0,0.27769643,16.072338,225,1
atitlan,2025-12-29,691050.0,1615350.0,0.15243462,7.2133164,225,0
atitlan,2025-12-29,691350.0,1615350.0,0.10177786,5.6792197,225,0
atitlan,2025-12-29,691650.0,1615350.0,0.18174566,8.091069,225,0
atitlan,2025-12-29,691950.0,1615350.0,0.12941389,6.636607,225,0
atitlan,2025-12-29,692250.0,1615350.0,0.26716903,13.371637,225,1
atitlan,2025-12-29,692550.0,1615350.0,0.29443,16.47949,225,1
atitlan,2025-12-29,692850.0,1615350.0,0.3032994,17.343327,225,1
atitlan,2025-12-29,693150.0,1615350.0,0.31014597,18.26629,225,1
atitlan,2025-12-29,693450.0,1615350.0,0.3113395,18.607622,225,1
atitlan,2025-12-29,693750.0,1615350.0,0.30499324,18.710209,225,1
atitlan,2025-12-29,694050.0,1615350.0,0.31163588,20.042974,225,1
atitlan,2025-12-29,694350.0,1615350.0,0.34039548,24.479946,225,1
atitlan,2025-12-29,694650.0,1615350.0,0.3845314,35.048786,225,1
atitlan,2025-12-29,694950.0,1615350.0,0.397784,37.719505,225,1
atitlan,2025-12-29,695250.0,1615350.0,0.42142513,43.561714,225,1
atitlan,2025-12-29,695550.0,1615350.0,0.38309646,34.388763,225,1
atitlan,2025-12-29,695850.0,1615350.0,0.36075795,29.337135,225,1
atitlan,2025-12-29,696150.0,1615350.0,0.32538202,22.158611,225,1
atitlan,2025-12-29,696450.0,1615350.0,0.28471407,19.91573,225,1
atitlan,2025-12-29,696750.0,1615350.0,0.25935066,17.338013,225,1
atitlan,2025-12-29,697050.0,1615350.0,0.3200436,21.531822,225,1
atitlan,2025-12-29,697350.0,1615350.0,0.33103043,22.497553,225,1
atitlan,2025-12-29,697650.0,1615350.0,0.32670256,23.729874,225,1
atitlan,2025-12-29,697950.0,1615350.0,0.32866088,22.561108,225,1
atitlan,2025-12-29,698250.0,1615350.0,0.33725736,24.219856,225,1
atitlan,2025-12-29,698550.0,1615350.0,0.31870958,20.681202,225,1
atitlan,2025-12-29,698850.0,1615350.0,0.30222076,18.47495,225,1
atitlan,2025-12-29,699150.0,1615350.0,0.29323813,16.83032,225,1
atitlan,2025-12-29,699450.0,1615350.0,0.2972355,17.330011,225,1
atitlan,2025-12-29,699750.0,1615350.0,0.29144725,16.74397,225,1
atitlan,2025-12-29,700050.0,1615350.0,0.28747874,15.797332,225,1
atitlan,2025-12-29,700350.0,1615350.0,0.2944814,17.25586,225,1
atitlan,2025-12-29,700650.0,1615350.0,0.1840474,11.316701,225,0
atitlan,2025-12-29,700950.0,1615350.0,0.15733734,9.511377,225,0
atitlan,2025-12-29,701250.0,1615350.0,0.18347764,9.570076,225,0
atitlan,2025-12-29,701550.0,1615350.0,0.31388637,20.845985,225,1
atitlan,2025-12-29,701850.0,1615350.0,0.36229533,28.081757,225,1
atitlan,2025-12-29,702150.0,1615350.0,0.311297,19.381552,225,1
atitlan,2025-12-29,702450.0,1615350.0,0.31002948,19.733246,225,1
atitlan,2025-12-29,702750.0,1615350.0,0.30840883,19.58979,225,1
atitlan,2025-12-29,703050.0,1615350.0,0.33161834,23.247639,225,1
atitlan,2025-12-29,703350.0,1615350.0,0.32367796,21.536324,225,1
atitlan,2025-12-29,703650.0,1615350.0,0.3147453,21.719639,225,1
atitlan,2025-12-29,703950.0,1615350.0,0.36710683,29.544544,225,1
atitlan,2025-12-29,704250.0,1615350.0,0.34070396,25.591724,225,1
atitlan,2025-12-29,704550.0,1615350.0,0.35745934,27.857668,225,1
atitlan,2025-12-29,704850.0,1615350.0,0.3468845,26.47563,225,1
atitlan,2025-12-29,705150.0,1615350.0,0.3445937,25.362246,225,1
atitlan,2025-12-29,705450.0,1615350.0,0.33452073,25.5534,225,1
atitlan,2025-12-29,705750.0,1615350.0,0.23605739,13.280754,225,1
atitlan,2025-12-29,706050.0,1615350.0,0.25620937,14.360131,225,1
atitlan,2025-12-29,706350.0,1615350.0,0.14275438,7.144373,225,0
atitlan,2025-12-29,706650.0,1615350.0,0.26457733,16.063135,225,1
atitlan,2025-12-29,706950.0,1615350.0,0.2246347,12.225844,225,1
atitlan,2025-12-29,707250.0,1615350.0,0.13757086,7.2190666,225,0
atitlan,2025-12-29,707550.0,1615350.0,0.0698019,5.5419197,225,0
atitlan,2025-12-29,707850.0,1615350.0,0.058152027,4.8014956,45,0
atitlan,2025-12-29,680250.0,1615650.0,-0.010756446,3.773199,180,0
atitlan,2025-12-29,680550.0,1615650.0,-0.0031659764,3.9347024,225,0
atitlan,2025-12-29,680850.0,1615650.0,-0.009319754,3.7846181,225,0
atitlan,2025-12-29,681150.0,1615650.0,-0.0013958904,3.9606264,225,0
atitlan,2025-12-29,681450.0,1615650.0,-0.014562297,3.6320858,225,0
atitlan,2025-12-29,681750.0,1615650.0,-0.007547826,3.8747237,225,0
atitlan,2025-12-29,682050.0,1615650.0,-0.013504839,3.7228112,225,0
atitlan,2025-12-29,682350.0,1615650.0,-0.011682357,3.7288797,225,0
atitlan,2025-12-29,682650.0,1615650.0,-0.0056359153,3.762157,225,0
atitlan,2025-12-29,682950.0,1615650.0,-0.0031026222,3.9190807,225,0
atitlan,2025-12-29,683250.0,1615650.0,-0.008780378,3.859104,225,0
atitlan,2025-12-29,683550.0,1615650.0,-0.009835741,3.7828543,225,0
atitlan,2025-12-29,683850.0,1615650.0,-0.0014168377,3.7095304,225,0
atitlan,2025-12-29,684150.0,1615650.0,-0.009468697,3.7860596,225,0
atitlan,2025-12-29,684450.0,1615650.0,-0.0069759306,3.8775957,225,0
atitlan,2025-12-29,684750.0,1615650.0,-0.0057700193,3.8817399,225,0
atitlan,2025-12-29,685050.0,1615650.0,-0.0073809098,3.8226945,225,0
atitlan,2025-12-29,685350.0,1615650.0,-0.003392104,3.9574745,225,0
atitlan,2025-12-29,685650.0,1615650.0,-0.0013868615,4.006754,225,0
atitlan,2025-12-29,685950.0,1615650.0,-0.003967092,3.9532232,225,0
atitlan,2025-12-29,686250.0,1615650.0,-0.006266424,3.909241,225,0
atitlan,2025-12-29,686550.0,1615650.0,0.013756442,4.1711836,225,0
atitlan,2025-12-29,686850.0,1615650.0,0.012674535,4.1859207,225,0
atitlan,2025-12-29,687150.0,1615650.0,0.014058711,4.326626,225,0
atitlan,2025-12-29,687450.0,1615650.0,0.22330244,14.157444,225,1
atitlan,2025-12-29,687750.0,1615650.0,0.24022678,13.5815115,225,1
atitlan,2025-12-29,688050.0,1615650.0,0.06479039,4.820789,225,0
atitlan,2025-12-29,688350.0,1615650.0,0.06286228,4.7391777,225,0
atitlan,2025-12-29,688650.0,1615650.0,0.09115547,5.473106,225,0
atitlan,2025-12-29,688950.0,1615650.0,0.17921825,8.16653,225,0
atitlan,2025-12-29,689250.0,1615650.0,0.25245303,14.460224,225,1
atitlan,2025-12-29,689550.0,1615650.0,0.2737197,15.81217,225,1
atitlan,2025-12-29,689850.0,1615650.0,0.26939654,14.175055,225,1
atitlan,2025-12-29,690150.0,1615650.0,0.28060478,15.312227,225,1
atitlan,2025-12-29,690450.0,1615650.0,0.28435585,15.96104,225,1
atitlan,2025-12-29,690750.0,1615650.0,0.25946516,13.628166,225,1
atitlan,2025-12-29,691050.0,1615650.0,0.22827335,10.734635,225,0
atitlan,2025-12-29,691350.0,1615650.0,0.25783536,13.727415,225,1
atitlan,2025-12-29,691650.0,1615650.0,0.27517936,14.059623,225,1
atitlan,2025-12-29,691950.0,1615650.0,0.23828596,11.950884,225,0
atitlan,2025-12-29,692250.0,1615650.0,0.29305,17.357136,225,1
atitlan,2025-12-29,692550.0,1615650.0,0.30908245,18.1738,225,1
atitlan,2025-12-29,692850.0,1615650.0,0.323411,20.263737,225,1
atitlan,2025-12-29,693150.0,1615650.0,0.33666408,22.902859,225,1
atitlan,2025-12-29,693450.0,1615650.0,0.3445425,24.983667,225,1
atitlan,2025-12-29,693750.0,1615650.0,0.21155876,14.202525,225,1
atitlan,2025-12-29,694050.0,1615650.0,0.09979435,7.8581734,225,0
atitlan,2025-12-29,694350.0,1615650.0,0.30550838,21.065313,225,1
atitlan,2025-12-29,694650.0,1615650.0,0.3609407,31.650463,225,1
atitlan,2025-12-29,694950.0,1615650.0,0.40281326,39.11817,225,1
atitlan,2025-12-29,695250.0,1615650.0,0.4161419,41.86369,225,1
atitlan,2025-12-29,695550.0,1615650.0,0.40302268,38.59804,225,1
atitlan,2025-12-29,695850.0,1615650.0,0.39509654,36.370827,225,1
atitlan,2025-12-29,696150.0,1615650.0,0.39764187,36.724197,225,1
atitlan,2025-12-29,696450.0,1615650.0,0.3827718,32.889347,225,1
atitlan,2025-12-29,696750.0,1615650.0,0.34576678,26.600573,225,1
atitlan,2025-12-29,697050.0,1615650.0,0.32518837,23.181042,225,1
atitlan,2025-12-29,697350.0,1615650.0,0.30908796,20.66379,225,1
atitlan,2025-12-29,697650.0,1615650.0,0.2850174,16.999876,225,1
atitlan,2025-12-29,697950.0,1615650.0,0.28501734,18.057512,225,1
atitlan,2025-12-29,698250.0,1615650.0,0.32177737,21.03574,225,1
atitlan,2025-12-29,698550.0,1615650.0,0.3025006,18.743147,225,1
atitlan,2025-12-29,698850.0,1615650.0,0.30126494,17.22291,225,1
atitlan,2025-12-29,699150.0,1615650.0,0.29244083,16.178694,225,1
atitlan,2025-12-29,699450.0,1615650.0,0.30632344,18.376997,225,1
atitlan,2025-12-29,699750.0,1615650.0,0.33607435,23.202942,225,1
atitlan,2025-12-29,700050.0,1615650.0,0.31092265,18.640669,225,1
atitlan,2025-12-29,700350.0,1615650.0,0.28972113,15.504179,225,1
atitlan,2025-12-29,700650.0,1615650.0,0.27460054,15.294464,225,1
atitlan,2025-12-29,700950.0,1615650.0,0.26852623,15.096379,225,1
atitlan,2025-12-29,701250.0,1615650.0,0.29649398,18.729729,225,1
atitlan,2025-12-29,701550.0,1615650.0,0.33293143,23.914679,225,1
atitlan,2025-12-29,701850.0,1615650.0,0.33438438,23.732016,225,1
atitlan,2025-12-29,702150.0,1615650.0,0.3697982,29.962704,225,1
atitlan,2025-12-29,702450.0,1615650.0,0.34083256,24.140856,225,1
atitlan,2025-12-29,702750.0,1615650.0,0.34266856,24.380812,225,1
atitlan,2025-12-29,703050.0,1615650.0,0.3219376,22.5536,225,1
atitlan,2025-12-29,703350.0,1615650.0,0.35596013,27.464912,225,1
atitlan,2025-12-29,703650.0,1615650.0,0.2454723,15.143548,225,1
atitlan,2025-12-29,703950.0,1615650.0,0.35368642,26.589184,225,1
atitlan,2025-12-29,704250.0,1615650.0,0.33512753,24.184048,225,1
atitlan,2025-12-29,704550.0,1615650.0,0.38410354,33.35036,225,1
atitlan,2025-12-29,704850.0,1615650.0,0.36480132,29.233274,225,1
atitlan,2025-12-29,705150.0,1615650.0,0.32922298,24.36385,225,1
atitlan,2025-12-29,705450.0,1615650.0,0.36930797,29.949802,225,1
atitlan,2025-12-29,705750.0,1615650.0,0.3019975,21.071453,225,1
atitlan,2025-12-29,706050.0,1615650.0,0.25601065,15.082662,225,1
atitlan,2025-12-29,706350.0,1615650.0,0.2614969,13.97527,225,1
atitlan,2025-12-29,706650.0,1615650.0,0.22380988,12.000935,225,1
atitlan,2025-12-29,706950.0,1615650.0,0.14078674,7.404289,225,0
atitlan,2025-12-29,707250.0,1615650.0,0.103182755,6.8387084,225,0
atitlan,2025-12-29,707550.0,1615650.0,0.10212679,6.982221,225,0
atitlan,2025-12-29,707850.0,1615650.0,0.1998054,10.180475,45,0
atitlan,2025-12-29,680250.0,1615950.0,-0.0041113007,3.9305944,180,0
atitlan,2025-12-29,680550.0,1615950.0,-0.012338546,3.7602808,225,0
atitlan,2025-12-29,680850.0,1615950.0,-0.015557268,3.6695185,225,0
atitlan,2025-12-29,681150.0,1615950.0,-0.011326852,3.7122128,225,0
atitlan,2025-12-29,681450.0,1615950.0,-0.008774744,3.7611678,225,0
atitlan,2025-12-29,681750.0,1615950.0,-0.0027284604,3.9276402,225,0
atitlan,2025-12-29,682050.0,1615950.0,-0.006866895,3.8929284,225,0
atitlan,2025-12-29,682350.0,1615950.0,-0.0021557698,3.946782,225,0
atitlan,2025-12-29,682650.0,1615950.0,-0.0005612141,3.92145,225,0
atitlan,2025-12-29,682950.0,1615950.0,-0.0071625155,3.8809855,225,0
atitlan,2025-12-29,683250.0,1615950.0,-0.004553217,3.9297628,225,0
atitlan,2025-12-29,683550.0,1615950.0,-0.008325561,3.8015354,225,0
atitlan,2025-12-29,683850.0,1615950.0,0.0019695538,3.823259,225,0
atitlan,2025-12-29,684150.0,1615950.0,-0.0013980281,4.0128675,225,0
atitlan,2025-12-29,684450.0,1615950.0,-0.0028075166,3.97674,225,0
atitlan,2025-12-29,684750.0,1615950.0,-0.006111504,3.8523154,225,0
atitlan,2025-12-29,685050.0,1615950.0,-0.00752135,3.8786716,225,0
atitlan,2025-12-29,685350.0,1615950.0,0.0015506889,3.963826,225,0
atitlan,2025-12-29,685650.0,1615950.0,0.0009963269,3.988389,225,0
atitlan,2025-12-29,685950.0,1615950.0,0.0030106192,4.0285335,225,0
atitlan,2025-12-29,686250.0,1615950.0,0.0034782216,3.9758792,225,0
atitlan,2025-12-29,686550.0,1615950.0,0.05556886,4.648386,225,0
atitlan,2025-12-29,686850.0,1615950.0,0.084269024,5.2553563,225,0
atitlan,2025-12-29,687150.0,1615950.0,0.043033876,4.76589,225,0
atitlan,2025-12-29,687450.0,1615950.0,0.26825428,15.515942,225,1
atitlan,2025-12-29,687750.0,1615950.0,0.27241918,15.496485,225,1
atitlan,2025-12-29,688050.0,1615950.0,0.16253044,8.406787,225,0
atitlan,2025-12-29,688350.0,1615950.0,0.20223527,10.044495,225,0
atitlan,2025-12-29,688650.0,1615950.0,0.25813562,13.993266,225,1
atitlan,2025-12-29,688950.0,1615950.0,0.28022525,16.37879,225,1
atitlan,2025-12-29,689250.0,1615950.0,0.28534353,15.606531,225,1
atitlan,2025-12-29,689550.0,1615950.0,0.2613105,13.896907,225,1
atitlan,2025-12-29,689850.0,1615950.0,0.2666654,13.531395,225,1
atitlan,2025-12-29,690150.0,1615950.0,0.28350452,15.172723,225,1
atitlan,2025-12-29,690450.0,1615950.0,0.31065348,18.819983,225,1
atitlan,2025-12-29,690750.0,1615950.0,0.28586477,15.858029,225,1
atitlan,2025-12-29,691050.0,1615950.0,0.2738872,14.656471,225,1
atitlan,2025-12-29,691350.0,1615950.0,0.2714041,14.125757,225,1
atitlan,2025-12-29,691650.0,1615950.0,0.2755701,14.496921,225,1
atitlan,2025-12-29,691950.0,1615950.0,0.23837817,11.463514,225,0
atitlan,2025-12-29,692250.0,1615950.0,0.2544885,12.703529,225,1
atitlan,2025-12-29,692550.0,1615950.0,0.29027537,16.839352,225,1
atitlan,2025-12-29,692850.0,1615950.0,0.33947074,23.343077,225,1
atitlan,2025-12-29,693150.0,1615950.0,0.32604557,21.579382,225,1
atitlan,2025-12-29,693450.0,1615950.0,0.32078996,21.328556,225,1
atitlan,2025-12-29,693750.0,1615950.0,0.19883347,10.79409,225,0
atitlan,2025-12-29,694050.0,1615950.0,0.11368369,7.257436,225,0
atitlan,2025-12-29,694350.0,1615950.0,0.11648325,8.560439,225,0
atitlan,2025-12-29,694650.0,1615950.0,0.0943972,6.6793375,225,0
atitlan,2025-12-29,694950.0,1615950.0,0.38652644,36.058033,225,1
atitlan,2025-12-29,695250.0,1615950.0,0.44201127,50.163578,225,1
atitlan,2025-12-29,695550.0,1615950.0,0.4192478,42.75516,225,1
atitlan,2025-12-29,695850.0,1615950.0,0.40093115,38.11304,225,1
atitlan,2025-12-29,696150.0,1615950.0,0.3757726,33.31936,225,1
atitlan,2025-12-29,696450.0,1615950.0,0.37348616,31.87984,225,1
atitlan,2025-12-29,696750.0,1615950.0,0.39134958,35.84121,225,1
atitlan,2025-12-29,697050.0,1615950.0,0.33580658,25.971844,225,1
atitlan,2025-12-29,697350.0,1615950.0,0.35250798,27.83722,225,1
atitlan,2025-12-29,697650.0,1615950.0,0.3414242,24.1678,225,1
atitlan,2025-12-29,697950.0,1615950.0,0.31192654,18.974108,225,1
atitlan,2025-12-29,698250.0,1615950.0,0.30687928,18.279968,225,1
atitlan,2025-12-29,698550.0,1615950.0,0.29879323,18.21121,225,1
atitlan,2025-12-29,698850.0,1615950.0,0.3137884,19.593102,225,1
atitlan,2025-12-29,699150.0,1615950.0,0.31731027,20.370562,225,1
atitlan,2025-12-29,699450.0,1615950.0,0.32577622,21.319807,225,1
atitlan,2025-12-29,699750.0,1615950.0,0.3461937,25.635548,225,1
atitlan,2025-12-29,700050.0,1615950.0,0.33699667,22.746742,225,1
atitlan,2025-12-29,700350.0,1615950.0,0.2953663,16.87325,225,1
atitlan,2025-12-29,700650.0,1615950.0,0.26913765,14.374037,225,1
atitlan,2025-12-29,700950.0,1615950.0,0.23312122,10.960733,225,0
atitlan,2025-12-29,701250.0,1615950.0,0.3221067,20.770855,225,1
atitlan,2025-12-29,701550.0,1615950.0,0.31114396,20.864973,225,1
atitlan,2025-12-29,701850.0,1615950.0,0.35659352,27.381811,225,1
atitlan,2025-12-29,702150.0,1615950.0,0.3124909,20.87877,225,1
atitlan,2025-12-29,702450.0,1615950.0,0.3260756,22.354094,225,1
atitlan,2025-12-29,702750.0,1615950.0,0.3219341,21.214901,225,1
atitlan,2025-12-29,703050.0,1615950.0,0.33733484,24.04566,225,1
atitlan,2025-12-29,703350.0,1615950.0,0.357143,27.278637,225,1
atitlan,2025-12-29,703650.0,1615950.0,0.26747426,16.783813,225,1
atitlan,2025-12-29,703950.0,1615950.0,0.3091535,21.939625,225,1
atitlan,2025-12-29,704250.0,1615950.0,0.34907106,27.292336,225,1
atitlan,2025-12-29,704550.0,1615950.0,0.31086776,20.370544,225,1
atitlan,2025-12-29,704850.0,1615950.0,0.36536062,29.42665,225,1
atitlan,2025-12-29,705150.0,1615950.0,0.3747473,31.335495,225,1
atitlan,2025-12-29,705450.0,1615950.0,0.37701786,33.227066,225,1
atitlan,2025-12-29,705750.0,1615950.0,0.36104617,30.589985,225,1
atitlan,2025-12-29,706050.0,1615950.0,0.2839452,19.501104,225,1
atitlan,2025-12-29,706350.0,1615950.0,0.26952592,15.114486,225,1
atitlan,2025-12-29,706650.0,1615950.0,0.26788527,13.88757,225,1
atitlan,2025-12-29,706950.0,1615950.0,0.26954988,14.826343,225,1
atitlan,2025-12-29,707250.0,1615950.0,0.21969399,12.690246,225,1
atitlan,2025-12-29,707550.0,1615950.0,0.05893519,5.3632874,225,0
atitlan,2025-12-29,707850.0,1615950.0,0.12365588,7.2645683,45,0
atitlan,2025-12-29,680250.0,1616250.0,-0.014727944,3.7030325,180,0
atitlan,2025-12-29,680550.0,1616250.0,-0.0040097362,3.9346807,225,0
atitlan,2025-12-29,680850.0,1616250.0,-0.005047375,3.942524,225,0
atitlan,2025-12-29,681150.0,1616250.0,-0.010872376,3.7921257,225,0
atitlan,2025-12-29,681450.0,1616250.0,-0.012321417,3.6554227,225,0
atitlan,2025-12-29,681750.0,1616250.0,-0.00029740337,3.9399948,225,0
atitlan,2025-12-29,682050.0,1616250.0,-0.003195273,3.9220972,225,0
atitlan,2025-12-29,682350.0,1616250.0,-0.0006576758,3.9716988,225,0
atitlan,2025-12-29,682650.0,1616250.0,0.018347498,4.2458887,225,0
atitlan,2025-12-29,682950.0,1616250.0,0.0017182991,4.0491858,225,0
atitlan,2025-12-29,683250.0,1616250.0,-0.008229438,3.8684695,225,0
atitlan,2025-12-29,683550.0,1616250.0,-0.0037342259,3.9478767,225,0
atitlan,2025-12-29,683850.0,1616250.0,-0.0069071366,3.806061,225,0
atitlan,2025-12-29,684150.0,1616250.0,0.0058045574,4.08835,225,0
atitlan,2025-12-29,684450.0,1616250.0,0.0063214423,3.961936,225,0
atitlan,2025-12-29,684750.0,1616250.0,0.01092347,4.1932917,225,0
atitlan,2025-12-29,685050.0,1616250.0,0.002884257,3.9808412,225,0
atitlan,2025-12-29,685350.0,1616250.0,0.005691058,3.9935377,225,0
atitlan,2025-12-29,685650.0,1616250.0,0.0021781614,4.0665665,225,0
atitlan,2025-12-29,685950.0,1616250.0,0.0012796613,3.9586494,225,0
atitlan,2025-12-29,686250.0,1616250.0,0.0035983226,4.0326185,225,0
atitlan,2025-12-29,686550.0,1616250.0,0.14199856,7.2877502,225,0
atitlan,2025-12-29,686850.0,1616250.0,0.12895897,6.788387,225,0
atitlan,2025-12-29,687150.0,1616250.0,0.19032115,9.738056,225,0
atitlan,2025-12-29,687450.0,1616250.0,0.3048016,18.603512,225,1
atitlan,2025-12-29,687750.0,1616250.0,0.320428,20.61217,225,1
atitlan,2025-12-29,688050.0,1616250.0,0.14768824,9.872695,225,0
atitlan,2025-12-29,688350.0,1616250.0,0.15427719,9.892455,225,0
atitlan,2025-12-29,688650.0,1616250.0,0.2479222,14.798279,225,1
atitlan,2025-12-29,688950.0,1616250.0,0.25396854,13.747283,225,1
atitlan,2025-12-29,689250.0,1616250.0,0.2154751,12.242947,225,1
atitlan,2025-12-29,689550.0,1616250.0,0.27227974,15.659317,225,1
atitlan,2025-12-29,689850.0,1616250.0,0.24216938,11.445215,225,0
atitlan,2025-12-29,690150.0,1616250.0,0.2720149,13.773193,225,1
atitlan,2025-12-29,690450.0,1616250.0,0.29471517,16.417398,225,1
atitlan,2025-12-29,690750.0,1616250.0,0.2922311,16.477629,225,1
atitlan,2025-12-29,691050.0,1616250.0,0.2740247,14.960333,225,1
atitlan,2025-12-29,691350.0,1616250.0,0.29083326,16.089676,225,1
atitlan,2025-12-29,691650.0,1616250.0,0.28788117,17.26042,225,1
atitlan,2025-12-29,691950.0,1616250.0,0.28740907,15.970034,225,1
atitlan,2025-12-29,692250.0,1616250.0,0.30593714,18.519152,225,1
atitlan,2025-12-29,692550.0,1616250.0,0.30808046,18.353088,225,1
atitlan,2025-12-29,692850.0,1616250.0,0.29649633,17.004278,225,1
atitlan,2025-12-29,693150.0,1616250.0,0.32675144,22.50931,225,1
atitlan,2025-12-29,693450.0,1616250.0,0.28814226,17.500824,225,1
atitlan,2025-12-29,693750.0,1616250.0,0.084556416,5.3849306,225,0
atitlan,2025-12-29,694050.0,1616250.0,0.093173735,5.251883,225,0
atitlan,2025-12-29,694350.0,1616250.0,0.09573725,5.549932,225,0
atitlan,2025-12-29,694650.0,1616250.0,0.10399328,5.9671063,225,0
atitlan,2025-12-29,694950.0,1616250.0,0.32567072,23.686205,225,1
atitlan,2025-12-29,695250.0,1616250.0,0.37768742,33.158745,225,1
atitlan,2025-12-29,695550.0,1616250.0,0.39024356,34.887363,225,1
atitlan,2025-12-29,695850.0,1616250.0,0.37849623,33.371773,225,1
atitlan,2025-12-29,696150.0,1616250.0,0.37406155,31.875143,225,1
atitlan,2025-12-29,696450.0,1616250.0,0.35783958,27.564325,225,1
atitlan,2025-12-29,696750.0,1616250.0,0.346425,26.197704,225,1
atitlan,2025-12-29,697050.0,1616250.0,0.3607351,29.284403,225,1
atitlan,2025-12-29,697350.0,1616250.0,0.34754995,26.362482,225,1
atitlan,2025-12-29,697650.0,1616250.0,0.34008202,26.540718,225,1
atitlan,2025-12-29,697950.0,1616250.0,0.3212703,21.665602,225,1
atitlan,2025-12-29,698250.0,1616250.0,0.30394694,18.250568,225,1
atitlan,2025-12-29,698550.0,1616250.0,0.31344035,19.248325,225,1
atitlan,2025-12-29,698850.0,1616250.0,0.29531318,16.781418,225,1
atitlan,2025-12-29,699150.0,1616250.0,0.30816698,18.95402,225,1
atitlan,2025-12-29,699450.0,1616250.0,0.31523773,19.27734,225,1
atitlan,2025-12-29,699750.0,1616250.0,0.29342324,16.741499,225,1
atitlan,2025-12-29,700050.0,1616250.0,0.3050249,19.732113,225,1
atitlan,2025-12-29,700350.0,1616250.0,0.23945238,13.917116,225,1
atitlan,2025-12-29,700650.0,1616250.0,0.2527731,14.19123,225,1
atitlan,2025-12-29,700950.0,1616250.0,0.2946418,17.092386,225,1
atitlan,2025-12-29,701250.0,1616250.0,0.26923707,16.377083,225,1
atitlan,2025-12-29,701550.0,1616250.0,0.22435746,12.813343,225,1
atitlan,2025-12-29,701850.0,1616250.0,0.36405575,29.97163,225,1
atitlan,2025-12-29,702150.0,1616250.0,0.3384511,23.513615,225,1
atitlan,2025-12-29,702450.0,1616250.0,0.35877892,28.247534,225,1
atitlan,2025-12-29,702750.0,1616250.0,0.35460296,26.42307,225,1
atitlan,2025-12-29,703050.0,1616250.0,0.33941966,23.900246,225,1
atitlan,2025-12-29,703350.0,1616250.0,0.33469966,22.790625,225,1
atitlan,2025-12-29,703650.0,1616250.0,0.3403653,25.139544,225,1
atitlan,2025-12-29,703950.0,1616250.0,0.28485462,18.547943,225,1
atitlan,2025-12-29,704250.0,1616250.0,0.3697064,30.298246,225,1
atitlan,2025-12-29,704550.0,1616250.0,0.30567434,18.596935,225,1
atitlan,2025-12-29,704850.0,1616250.0,0.27214548,15.3664465,225,1
atitlan,2025-12-29,705150.0,1616250.0,0.3157076,21.057995,225,1
atitlan,2025-12-29,705450.0,1616250.0,0.34625486,25.136177,225,1
atitlan,2025-12-29,705750.0,1616250.0,0.38791877,34.961533,225,1
atitlan,2025-12-29,706050.0,1616250.0,0.3531779,27.982218,225,1
atitlan,2025-12-29,706350.0,1616250.0,0.26748982,14.381744,225,1
atitlan,2025-12-29,706650.0,1616250.0,0.2714247,14.164469,225,1
atitlan,2025-12-29,706950.0,1616250.0,0.32943785,22.450342,225,1
atitlan,2025-12-29,707250.0,1616250.0,0.34061903,25.414572,225,1
atitlan,2025-12-29,707550.0,1616250.0,0.31619352,22.958134,225,1
atitlan,2025-12-29,707850.0,1616250.0,0.33658895,24.574688,45,1
atitlan,2025-12-29,680250.0,1616550.0,-0.01360698,3.7448215,180,0
atitlan,2025-12-29,680550.0,1616550.0,-0.015715681,3.5661018,225,0
atitlan,2025-12-29,680850.0,1616550.0,-0.00061351527,3.9279964,225,0
atitlan,2025-12-29,681150.0,1616550.0,-0.0049095796,3.957431,225,0
atitlan,2025-12-29,681450.0,1616550.0,-0.003866719,3.9751413,225,0
atitlan,2025-12-29,681750.0,1616550.0,-0.007204271,3.8990717,225,0
atitlan,2025-12-29,682050.0,1616550.0,-0.0056707086,3.9199557,225,0
atitlan,2025-12-29,682350.0,1616550.0,0.00022032374,4.013115,225,0
atitlan,2025-12-29,682650.0,1616550.0,0.021278739,4.1165695,225,0
atitlan,2025-12-29,682950.0,1616550.0,0.014239775,4.1581945,225,0
atitlan,2025-12-29,683250.0,1616550.0,0.0006797178,3.9820807,225,0
atitlan,2025-12-29,683550.0,1616550.0,0.0005478338,4.0238295,225,0
atitlan,2025-12-29,683850.0,1616550.0,0.0063193818,3.9680974,225,0
atitlan,2025-12-29,684150.0,1616550.0,0.01058377,4.0656247,225,0
atitlan,2025-12-29,684450.0,1616550.0,0.008536878,3.9592595,225,0
atitlan,2025-12-29,684750.0,1616550.0,0.04551842,4.516409,225,0
atitlan,2025-12-29,685050.0,1616550.0,0.014455311,4.2149053,225,0
atitlan,2025-12-29,685350.0,1616550.0,0.02726383,4.2969112,225,0
atitlan,2025-12-29,685650.0,1616550.0,0.03704817,4.4819345,225,0
atitlan,2025-12-29,685950.0,1616550.0,0.026996367,4.354349,225,0
atitlan,2025-12-29,686250.0,1616550.0,0.03086209,4.3762984,225,0
atitlan,2025-12-29,686550.0,1616550.0,0.11550268,7.449224,225,0
atitlan,2025-12-29,686850.0,1616550.0,0.2142847,11.699045,225,0
atitlan,2025-12-29,687150.0,1616550.0,0.25240654,13.911705,225,1
atitlan,2025-12-29,687450.0,1616550.0,0.2879033,17.339882,225,1
atitlan,2025-12-29,687750.0,1616550.0,0.32962573,22.461508,225,1
atitlan,2025-12-29,688050.0,1616550.0,0.07419718,7.0776944,225,0
atitlan,2025-12-29,688350.0,1616550.0,-0.07007693,1.4466639,225,0
atitlan,2025-12-29,688650.0,1616550.0,0.088481575,7.129902,225,0
atitlan,2025-12-29,688950.0,1616550.0,0.23823187,12.725475,225,1
atitlan,2025-12-29,689250.0,1616550.0,0.15538411,9.301284,225,0
atitlan,2025-12-29,689550.0,1616550.0,0.20197858,10.585993,225,0
atitlan,2025-12-29,689850.0,1616550.0,0.22286601,11.641583,225,0
atitlan,2025-12-29,690150.0,1616550.0,0.26849982,13.289064,225,1
atitlan,2025-12-29,690450.0,1616550.0,0.26818356,13.985062,225,1
atitlan,2025-12-29,690750.0,1616550.0,0.28257838,15.685665,225,1
atitlan,2025-12-29,691050.0,1616550.0,0.27246252,14.404081,225,1
atitlan,2025-12-29,691350.0,1616550.0,0.28713217,16.449047,225,1
atitlan,2025-12-29,691650.0,1616550.0,0.30865723,18.657578,225,1
atitlan,2025-12-29,691950.0,1616550.0,0.3185717,20.40134,225,1
atitlan,2025-12-29,692250.0,1616550.0,0.27228278,15.165155,225,1
atitlan,2025-12-29,692550.0,1616550.0,0.29758883,18.239645,225,1
atitlan,2025-12-29,692850.0,1616550.0,0.29548526,17.899677,225,1
atitlan,2025-12-29,693150.0,1616550.0,0.33117276,22.092096,225,1
atitlan,2025-12-29,693450.0,1616550.0,0.17608558,10.027302,225,0
atitlan,2025-12-29,693750.0,1616550.0,0.120895036,9.827683,225,0
atitlan,2025-12-29,694050.0,1616550.0,0.2342827,13.192406,225,1
atitlan,2025-12-29,694350.0,1616550.0,0.23280473,11.553863,225,0
atitlan,2025-12-29,694650.0,1616550.0,0.21336628,9.6676855,225,0
atitlan,2025-12-29,694950.0,1616550.0,0.24757774,11.773696,225,0
atitlan,2025-12-29,695250.0,1616550.0,0.3606617,28.270193,225,1
atitlan,2025-12-29,695550.0,1616550.0,0.3857373,34.097195,225,1
atitlan,2025-12-29,695850.0,1616550.0,0.37562788,31.57134,225,1
atitlan,2025-12-29,696150.0,1616550.0,0.36739987,30.578821,225,1
atitlan,2025-12-29,696450.0,1616550.0,0.3698665,31.860512,225,1
atitlan,2025-12-29,696750.0,1616550.0,0.39682448,36.86546,225,1
atitlan,2025-12-29,697050.0,1616550.0,0.40985084,39.701645,225,1
atitlan,2025-12-29,697350.0,1616550.0,0.37512723,31.477602,225,1
atitlan,2025-12-29,697650.0,1616550.0,0.3349529,23.361843,225,1
atitlan,2025-12-29,697950.0,1616550.0,0.33658054,23.578157,225,1
atitlan,2025-12-29,698250.0,1616550.0,0.31493658,21.560055,225,1
atitlan,2025-12-29,698550.0,1616550.0,0.3144062,19.400106,225,1
atitlan,2025-12-29,698850.0,1616550.0,0.28584826,16.299074,225,1
atitlan,2025-12-29,699150.0,1616550.0,0.31081492,19.75242,225,1
atitlan,2025-12-29,699450.0,1616550.0,0.3188302,19.875856,225,1
atitlan,2025-12-29,699750.0,1616550.0,0.28689423,15.846951,225,1
atitlan,2025-12-29,700050.0,1616550.0,0.32708043,24.375715,225,1
atitlan,2025-12-29,700350.0,1616550.0,0.36119136,28.426874,225,1
atitlan,2025-12-29,700650.0,1616550.0,0.34316745,26.603983,225,1
atitlan,2025-12-29,700950.0,1616550.0,0.331028,22.552351,225,1
atitlan,2025-12-29,701250.0,1616550.0,0.30995685,20.347643,225,1
atitlan,2025-12-29,701550.0,1616550.0,0.26122332,18.302294,225,1
atitlan,2025-12-29,701850.0,1616550.0,0.3068547,20.279026,225,1
atitlan,2025-12-29,702150.0,1616550.0,0.34201273,24.290895,225,1
atitlan,2025-12-29,702450.0,1616550.0,0.35888442,27.044912,225,1
atitlan,2025-12-29,702750.0,1616550.0,0.35390565,26.582104,225,1
atitlan,2025-12-29,703050.0,1616550.0,0.3204018,20.051582,225,1
atitlan,2025-12-29,703350.0,1616550.0,0.32015815,20.197214,225,1
atitlan,2025-12-29,703650.0,1616550.0,0.32295167,21.898909,225,1
atitlan,2025-12-29,703950.0,1616550.0,0.2611364,15.874336,225,1
atitlan,2025-12-29,704250.0,1616550.0,0.3482247,25.747932,225,1
atitlan,2025-12-29,704550.0,1616550.0,0.3237194,22.034672,225,1
atitlan,2025-12-29,704850.0,1616550.0,0.31942093,21.26561,225,1
atitlan,2025-12-29,705150.0,1616550.0,0.26591265,14.138043,225,1
atitlan,2025-12-29,705450.0,1616550.0,0.30537125,19.186827,225,1
atitlan,2025-12-29,705750.0,1616550.0,0.34982234,26.113909,225,1
atitlan,2025-12-29,706050.0,1616550.0,0.3678044,29.669373,225,1
atitlan,2025-12-29,706350.0,1616550.0,0.33866265,25.504803,225,1
atitlan,2025-12-29,706650.0,1616550.0,0.32594875,23.46143,225,1
atitlan,2025-12-29,706950.0,1616550.0,0.31150097,22.985384,225,1
atitlan,2025-12-29,707250.0,1616550.0,0.3419752,26.648941,225,1
atitlan,2025-12-29,707550.0,1616550.0,0.31369767,21.164474,225,1
atitlan,2025-12-29,707850.0,1616550.0,0.32343087,21.664297,45,1
atitlan,2025-12-29,680250.0,1616850.0,-0.0053991633,3.9533513,180,0
atitlan,2025-12-29,680550.0,1616850.0,-0.011433186,3.8117661,225,0
atitlan,2025-12-29,680850.0,1616850.0,-0.009795687,3.777253,225,0
atitlan,2025-12-29,681150.0,1616850.0,-0.0019001386,4.0039268,225,0
atitlan,2025-12-29,681450.0,1616850.0,-0.0041708495,3.9679637,225,0
atitlan,2025-12-29,681750.0,1616850.0,-0.0023933917,4.0063252,225,0
atitlan,2025-12-29,682050.0,1616850.0,-0.0042029037,3.959722,225,0
atitlan,2025-12-29,682350.0,1616850.0,0.044502955,4.798047,225,0
atitlan,2025-12-29,682650.0,1616850.0,0.15121487,7.6289563,225,0
atitlan,2025-12-29,682950.0,1616850.0,0.045033395,4.724178,225,0
atitlan,2025-12-29,683250.0,1616850.0,-0.001812431,3.972305,225,0
atitlan,2025-12-29,683550.0,1616850.0,0.0033928168,4.0667295,225,0
atitlan,2025-12-29,683850.0,1616850.0,0.053200364,5.4403014,225,0
atitlan,2025-12-29,684150.0,1616850.0,0.08403034,5.364583,225,0
atitlan,2025-12-29,684450.0,1616850.0,0.024078202,4.3298683,225,0
atitlan,2025-12-29,684750.0,1616850.0,0.11808871,7.752312,225,0
atitlan,2025-12-29,685050.0,1616850.0,0.1265546,6.8224597,225,0
atitlan,2025-12-29,685350.0,1616850.0,0.2067787,10.870881,225,0
atitlan,2025-12-29,685650.0,1616850.0,0.09385173,5.7065907,225,0
atitlan,2025-12-29,685950.0,1616850.0,0.14586182,7.7551155,225,0
atitlan,2025-12-29,686250.0,1616850.0,0.14626004,8.097099,225,0
atitlan,2025-12-29,686550.0,1616850.0,0.20740558,9.704849,225,0
atitlan,2025-12-29,686850.0,1616850.0,0.26664743,15.657977,225,1
atitlan,2025-12-29,687150.0,1616850.0,0.29223955,17.347569,225,1
atitlan,2025-12-29,687450.0,1616850.0,0.24710523,13.124466,225,1
atitlan,2025-12-29,687750.0,1616850.0,0.2504951,13.653352,225,1
atitlan,2025-12-29,688050.0,1616850.0,0.13555068,10.476093,225,0
atitlan,2025-12-29,688350.0,1616850.0,-0.08138367,0.8990833,225,0
atitlan,2025-12-29,688650.0,1616850.0,-0.07759329,1.1096576,225,0
atitlan,2025-12-29,688950.0,1616850.0,0.094926514,6.3849344,225,0
atitlan,2025-12-29,689250.0,1616850.0,0.20909053,11.912383,225,0
atitlan,2025-12-29,689550.0,1616850.0,0.22546668,12.545695,225,1
atitlan,2025-12-29,689850.0,1616850.0,0.18480091,9.883665,225,0
atitlan,2025-12-29,690150.0,1616850.0,0.1791723,7.9559646,225,0
atitlan,2025-12-29,690450.0,1616850.0,0.15548968,7.0689726,225,0
atitlan,2025-12-29,690750.0,1616850.0,0.2715306,14.490366,225,1
atitlan,2025-12-29,691050.0,1616850.0,0.2946138,16.517988,225,1
atitlan,2025-12-29,691350.0,1616850.0,0.30715302,18.34785,225,1
atitlan,2025-12-29,691650.0,1616850.0,0.2964501,16.978401,225,1
atitlan,2025-12-29,691950.0,1616850.0,0.30454195,18.93177,225,1
atitlan,2025-12-29,692250.0,1616850.0,0.30900717,19.053736,225,1
atitlan,2025-12-29,692550.0,1616850.0,0.3046943,18.1711,225,1
atitlan,2025-12-29,692850.0,1616850.0,0.31312895,18.921034,225,1
atitlan,2025-12-29,693150.0,1616850.0,0.30934596,18.346945,225,1
atitlan,2025-12-29,693450.0,1616850.0,0.30240297,18.025253,225,1
atitlan,2025-12-29,693750.0,1616850.0,0.31935295,20.317177,225,1
atitlan,2025-12-29,694050.0,1616850.0,0.31225947,19.537271,225,1
atitlan,2025-12-29,694350.0,1616850.0,0.28682888,16.284834,225,1
atitlan,2025-12-29,694650.0,1616850.0,0.24949326,12.565476,225,1
atitlan,2025-12-29,694950.0,1616850.0,0.3201059,21.852423,225,1
atitlan,2025-12-29,695250.0,1616850.0,0.3877811,34.70174,225,1
atitlan,2025-12-29,695550.0,1616850.0,0.4165259,42.589684,225,1
atitlan,2025-12-29,695850.0,1616850.0,0.39247584,34.94018,225,1
atitlan,2025-12-29,696150.0,1616850.0,0.39428672,35.801044,225,1
atitlan,2025-12-29,696450.0,1616850.0,0.38314426,32.693176,225,1
atitlan,2025-12-29,696750.0,1616850.0,0.37995616,32.286446,225,1
atitlan,2025-12-29,697050.0,1616850.0,0.36239436,28.574173,225,1
atitlan,2025-12-29,697350.0,1616850.0,0.35810882,27.953594,225,1
atitlan,2025-12-29,697650.0,1616850.0,0.33026144,22.193203,225,1
atitlan,2025-12-29,697950.0,1616850.0,0.314147,19.555674,225,1
atitlan,2025-12-29,698250.0,1616850.0,0.31760457,20.361118,225,1
atitlan,2025-12-29,698550.0,1616850.0,0.29747534,17.690289,225,1
atitlan,2025-12-29,698850.0,1616850.0,0.2952462,17.17466,225,1
atitlan,2025-12-29,699150.0,1616850.0,0.32801914,23.507761,225,1
atitlan,2025-12-29,699450.0,1616850.0,0.29647645,20.430206,225,1
atitlan,2025-12-29,699750.0,1616850.0,0.33371875,22.939192,225,1
atitlan,2025-12-29,700050.0,1616850.0,0.34967682,27.03656,225,1
atitlan,2025-12-29,700350.0,1616850.0,0.38361645,34.200417,225,1
atitlan,2025-12-29,700650.0,1616850.0,0.37117314,30.168604,225,1
atitlan,2025-12-29,700950.0,1616850.0,0.32010373,21.80882,225,1
atitlan,2025-12-29,701250.0,1616850.0,0.17364934,9.614345,225,0
atitlan,2025-12-29,701550.0,1616850.0,0.27277613,15.7453785,225,1
atitlan,2025-12-29,701850.0,1616850.0,0.3442849,26.825653,225,1
atitlan,2025-12-29,702150.0,1616850.0,0.3628697,29.081417,225,1
atitlan,2025-12-29,702450.0,1616850.0,0.35713693,27.29101,225,1
atitlan,2025-12-29,702750.0,1616850.0,0.37101936,30.40416,225,1
atitlan,2025-12-29,703050.0,1616850.0,0.3352169,23.120533,225,1
atitlan,2025-12-29,703350.0,1616850.0,0.27620384,14.391951,225,1
atitlan,2025-12-29,703650.0,1616850.0,0.2949406,17.030472,225,1
atitlan,2025-12-29,703950.0,1616850.0,0.29697844,19.498135,225,1
atitlan,2025-12-29,704250.0,1616850.0,0.28962898,17.989208,225,1
atitlan,2025-12-29,704550.0,1616850.0,0.3226223,22.481825,225,1
atitlan,2025-12-29,704850.0,1616850.0,0.34126887,26.65602,225,1
atitlan,2025-12-29,705150.0,1616850.0,0.33027992,24.299227,225,1
atitlan,2025-12-29,705450.0,1616850.0,0.26831874,15.22975,225,1
atitlan,2025-12-29,705750.0,1616850.0,0.28572452,18.261496,225,1
atitlan,2025-12-29,706050.0,1616850.0,0.33610854,22.580791,225,1
atitlan,2025-12-29,706350.0,1616850.0,0.37322527,30.797472,225,1
atitlan,2025-12-29,706650.0,1616850.0,0.3805015,32.33608,225,1
atitlan,2025-12-29,706950.0,1616850.0,0.36637607,31.258768,225,1
atitlan,2025-12-29,707250.0,1616850.0,0.24105585,15.712231,225,1
atitlan,2025-12-29,707550.0,1616850.0,0.292858,17.892017,225,1
atitlan,2025-12-29,707850.0,1616850.0,0.33107552,22.399317,45,1
atitlan,2025-12-29,680250.0,1617150.0,-0.0043695304,3.9624784,180,0
atitlan,2025-12-29,680550.0,1617150.0,-0.0073700184,3.907425,225,0
atitlan,2025-12-29,680850.0,1617150.0,-0.0053461697,3.9304178,225,0
atitlan,2025-12-29,681150.0,1617150.0,0.0019508693,4.023049,225,0
atitlan,2025-12-29,681450.0,1617150.0,-0.0009715417,4.000004,225,0
atitlan,2025-12-29,681750.0,1617150.0,0.016929451,4.181768,225,0
atitlan,2025-12-29,682050.0,1617150.0,0.033621244,4.5282903,225,0
atitlan,2025-12-29,682350.0,1617150.0,0.15188406,10.034878,225,0
atitlan,2025-12-29,682650.0,1617150.0,0.15409225,9.799725,225,0
atitlan,2025-12-29,682950.0,1617150.0,0.060625967,6.5850196,225,0
atitlan,2025-12-29,683250.0,1617150.0,0.047833063,5.399224,225,0
atitlan,2025-12-29,683550.0,1617150.0,0.0240939,4.2977905,225,0
atitlan,2025-12-29,683850.0,1617150.0,0.09127431,5.791326,225,0
atitlan,2025-12-29,684150.0,1617150.0,0.119400635,6.6967397,225,0
atitlan,2025-12-29,684450.0,1617150.0,0.038080573,4.5046477,225,0
atitlan,2025-12-29,684750.0,1617150.0,0.3110828,24.091215,225,1
atitlan,2025-12-29,685050.0,1617150.0,0.3016432,19.38443,225,1
atitlan,2025-12-29,685350.0,1617150.0,0.2952597,18.915955,225,1
atitlan,2025-12-29,685650.0,1617150.0,0.24033298,11.919966,225,0
atitlan,2025-12-29,685950.0,1617150.0,0.24552613,12.473037,225,1
atitlan,2025-12-29,686250.0,1617150.0,0.2879515,17.501295,225,1
atitlan,2025-12-29,686550.0,1617150.0,0.27162614,14.555892,225,1
atitlan,2025-12-29,686850.0,1617150.0,0.27454644,14.835092,225,1
atitlan,2025-12-29,687150.0,1617150.0,0.28339413,15.544952,225,1
atitlan,2025-12-29,687450.0,1617150.0,0.27071956,15.864554,225,1
atitlan,2025-12-29,687750.0,1617150.0,0.27291477,14.456167,225,1
atitlan,2025-12-29,688050.0,1617150.0,0.13809688,11.0752325,225,0
atitlan,2025-12-29,688350.0,1617150.0,-0.08350672,0.77683336,225,0
atitlan,2025-12-29,688650.0,1617150.0,-0.08697105,0.5577115,225,0
atitlan,2025-12-29,688950.0,1617150.0,-0.072849646,1.1369774,225,0
atitlan,2025-12-29,689250.0,1617150.0,0.15045983,7.6319256,225,0
atitlan,2025-12-29,689550.0,1617150.0,0.24596722,12.544586,225,1
atitlan,2025-12-29,689850.0,1617150.0,0.1728641,9.294802,225,0
atitlan,2025-12-29,690150.0,1617150.0,0.18025507,8.8815155,225,0
atitlan,2025-12-29,690450.0,1617150.0,0.19451317,9.27446,225,0
atitlan,2025-12-29,690750.0,1617150.0,0.25863123,14.202808,225,1
atitlan,2025-12-29,691050.0,1617150.0,0.30626974,17.888447,225,1
atitlan,2025-12-29,691350.0,1617150.0,0.274648,16.418306,225,1
atitlan,2025-12-29,691650.0,1617150.0,0.30764014,18.40799,225,1
atitlan,2025-12-29,691950.0,1617150.0,0.3229207,21.00838,225,1
atitlan,2025-12-29,692250.0,1617150.0,0.33104667,22.358631,225,1
atitlan,2025-12-29,692550.0,1617150.0,0.33507872,23.03349,225,1
atitlan,2025-12-29,692850.0,1617150.0,0.31933516,21.024685,225,1
atitlan,2025-12-29,693150.0,1617150.0,0.28364742,15.724392,225,1
atitlan,2025-12-29,693450.0,1617150.0,0.28207833,14.880401,225,1
atitlan,2025-12-29,693750.0,1617150.0,0.27666506,14.6226225,225,1
atitlan,2025-12-29,694050.0,1617150.0,0.27851605,15.277917,225,1
atitlan,2025-12-29,694350.0,1617150.0,0.30562276,18.484564,225,1
atitlan,2025-12-29,694650.0,1617150.0,0.31358898,19.604536,225,1
atitlan,2025-12-29,694950.0,1617150.0,0.30361313,18.160662,225,1
atitlan,2025-12-29,695250.0,1617150.0,0.31612846,21.939396,225,1
atitlan,2025-12-29,695550.0,1617150.0,0.35651734,28.807722,225,1
atitlan,2025-12-29,695850.0,1617150.0,0.37156928,30.086624,225,1
atitlan,2025-12-29,696150.0,1617150.0,0.3764538,31.57573,225,1
atitlan,2025-12-29,696450.0,1617150.0,0.35872567,28.82935,225,1
atitlan,2025-12-29,696750.0,1617150.0,0.38499638,33.392826,225,1
atitlan,2025-12-29,697050.0,1617150.0,0.37306532,32.07444,225,1
atitlan,2025-12-29,697350.0,1617150.0,0.35338446,27.668549,225,1
atitlan,2025-12-29,697650.0,1617150.0,0.32676604,22.509588,225,1
atitlan,2025-12-29,697950.0,1617150.0,0.3124881,19.38021,225,1
atitlan,2025-12-29,698250.0,1617150.0,0.3202851,20.445166,225,1
atitlan,2025-12-29,698550.0,1617150.0,0.3008536,19.918613,225,1
atitlan,2025-12-29,698850.0,1617150.0,0.24864578,13.578119,225,1
atitlan,2025-12-29,699150.0,1617150.0,0.3186791,21.897287,225,1
atitlan,2025-12-29,699450.0,1617150.0,0.23028013,14.479143,225,1
atitlan,2025-12-29,699750.0,1617150.0,0.27199376,18.432243,225,1
atitlan,2025-12-29,700050.0,1617150.0,0.3175833,21.593872,225,1
atitlan,2025-12-29,700350.0,1617150.0,0.32256663,21.744928,225,1
atitlan,2025-12-29,700650.0,1617150.0,0.3778597,32.505768,225,1
atitlan,2025-12-29,700950.0,1617150.0,0.3530477,26.499802,225,1
atitlan,2025-12-29,701250.0,1617150.0,0.30272523,21.525406,225,1
atitlan,2025-12-29,701550.0,1617150.0,0.23343636,13.233997,225,1
atitlan,2025-12-29,701850.0,1617150.0,0.37774065,34.120934,225,1
atitlan,2025-12-29,702150.0,1617150.0,0.40300855,39.190975,225,1
atitlan,2025-12-29,702450.0,1617150.0,0.334341,25.055883,225,1
atitlan,2025-12-29,702750.0,1617150.0,0.3100584,18.849716,225,1
atitlan,2025-12-29,703050.0,1617150.0,0.2869912,15.747496,225,1
atitlan,2025-12-29,703350.0,1617150.0,0.2714672,14.31799,225,1
atitlan,2025-12-29,703650.0,1617150.0,0.26598132,15.453061,225,1
atitlan,2025-12-29,703950.0,1617150.0,0.31079006,19.023739,225,1
atitlan,2025-12-29,704250.0,1617150.0,0.28237358,15.986616,225,1
atitlan,2025-12-29,704550.0,1617150.0,0.31539276,21.859396,225,1
atitlan,2025-12-29,704850.0,1617150.0,0.32621595,24.6743,225,1
atitlan,2025-12-29,705150.0,1617150.0,0.33000866,25.126673,225,1
atitlan,2025-12-29,705450.0,1617150.0,0.32741323,24.174297,225,1
atitlan,2025-12-29,705750.0,1617150.0,0.20398985,11.933323,225,0
atitlan,2025-12-29,706050.0,1617150.0,0.3053961,19.492994,225,1
atitlan,2025-12-29,706350.0,1617150.0,0.34319475,25.074383,225,1
atitlan,2025-12-29,706650.0,1617150.0,0.359635,27.849556,225,1
atitlan,2025-12-29,706950.0,1617150.0,0.38252828,32.97533,225,1
atitlan,2025-12-29,707250.0,1617150.0,0.36581773,30.590212,225,1
atitlan,2025-12-29,707550.0,1617150.0,0.2894769,22.695278,225,1
atitlan,2025-12-29,707850.0,1617150.0,0.33545038,30.907219,45,1
atitlan,2025-12-29,680250.0,1617450.0,0.00032263066,3.9781568,180,0
atitlan,2025-12-29,680550.0,1617450.0,-0.0023385973,3.9249814,225,0
atitlan,2025-12-29,680850.0,1617450.0,-0.0040245303,3.7633781,225,0
atitlan,2025-12-29,681150.0,1617450.0,-0.005916553,3.6449337,225,0
atitlan,2025-12-29,681450.0,1617450.0,0.047410853,4.640955,225,0
atitlan,2025-12-29,681750.0,1617450.0,0.062030833,5.0172935,225,0
atitlan,2025-12-29,682050.0,1617450.0,0.2179837,12.182056,225,1
atitlan,2025-12-29,682350.0,1617450.0,0.31809086,20.313633,225,1
atitlan,2025-12-29,682650.0,1617450.0,0.20848097,16.57869,225,1
atitlan,2025-12-29,682950.0,1617450.0,0.12296792,12.176358,225,1
atitlan,2025-12-29,683250.0,1617450.0,0.30745453,23.902851,225,1
atitlan,2025-12-29,683550.0,1617450.0,0.17081493,8.903953,225,0
atitlan,2025-12-29,683850.0,1617450.0,0.117780745,6.6655784,225,0
atitlan,2025-12-29,684150.0,1617450.0,0.06206326,4.9621935,225,0
atitlan,2025-12-29,684450.0,1617450.0,0.0641784,5.519883,225,0
atitlan,2025-12-29,684750.0,1617450.0,0.35143954,25.950449,225,1
atitlan,2025-12-29,685050.0,1617450.0,0.30576885,18.72336,225,1
atitlan,2025-12-29,685350.0,1617450.0,0.2697166,14.367949,225,1
atitlan,2025-12-29,685650.0,1617450.0,0.28905368,16.45809,225,1
atitlan,2025-12-29,685950.0,1617450.0,0.30774942,18.829342,225,1
atitlan,2025-12-29,686250.0,1617450.0,0.30288643,19.02338,225,1
atitlan,2025-12-29,686550.0,1617450.0,0.3136634,19.192638,225,1
atitlan,2025-12-29,686850.0,1617450.0,0.28176704,15.792614,225,1
atitlan,2025-12-29,687150.0,1617450.0,0.29070115,17.063572,225,1
atitlan,2025-12-29,687450.0,1617450.0,0.25913453,15.514722,225,1
atitlan,2025-12-29,687750.0,1617450.0,0.23652211,14.101178,225,1
atitlan,2025-12-29,688050.0,1617450.0,0.06371828,6.959793,225,0
atitlan,2025-12-29,688350.0,1617450.0,-0.08196601,0.86316115,225,0
atitlan,2025-12-29,688650.0,1617450.0,-0.08310209,0.8038779,225,0
atitlan,2025-12-29,688950.0,1617450.0,-0.08297916,0.80266494,225,0
atitlan,2025-12-29,689250.0,1617450.0,-0.035692394,2.382424,225,0
atitlan,2025-12-29,689550.0,1617450.0,0.19255546,9.774842,225,0
atitlan,2025-12-29,689850.0,1617450.0,0.22337028,11.16144,225,0
atitlan,2025-12-29,690150.0,1617450.0,0.20043302,9.786087,225,0
atitlan,2025-12-29,690450.0,1617450.0,0.19189622,10.075013,225,0
atitlan,2025-12-29,690750.0,1617450.0,0.28569964,15.569534,225,1
atitlan,2025-12-29,691050.0,1617450.0,0.29902035,16.95522,225,1
atitlan,2025-12-29,691350.0,1617450.0,0.30146274,17.586166,225,1
atitlan,2025-12-29,691650.0,1617450.0,0.29026583,18.06034,225,1
atitlan,2025-12-29,691950.0,1617450.0,0.3033888,19.118366,225,1
atitlan,2025-12-29,692250.0,1617450.0,0.25048867,14.898737,225,1
atitlan,2025-12-29,692550.0,1617450.0,0.22231808,12.498568,225,1
atitlan,2025-12-29,692850.0,1617450.0,0.2669627,14.366815,225,1
atitlan,2025-12-29,693150.0,1617450.0,0.28630638,17.151787,225,1
atitlan,2025-12-29,693450.0,1617450.0,0.27184755,14.047726,225,1
atitlan,2025-12-29,693750.0,1617450.0,0.22817032,10.959545,225,0
atitlan,2025-12-29,694050.0,1617450.0,0.26048097,13.472117,225,1
atitlan,2025-12-29,694350.0,1617450.0,0.26437643,14.37428,225,1
atitlan,2025-12-29,694650.0,1617450.0,0.28891236,16.328615,225,1
atitlan,2025-12-29,694950.0,1617450.0,0.26188126,12.5096035,225,1
atitlan,2025-12-29,695250.0,1617450.0,0.2527522,12.294068,225,1
atitlan,2025-12-29,695550.0,1617450.0,0.355247,27.35525,225,1
atitlan,2025-12-29,695850.0,1617450.0,0.37370306,30.854805,225,1
atitlan,2025-12-29,696150.0,1617450.0,0.37941542,32.12576,225,1
atitlan,2025-12-29,696450.0,1617450.0,0.35923675,30.488724,225,1
atitlan,2025-12-29,696750.0,1617450.0,0.27541676,21.013693,225,1
atitlan,2025-12-29,697050.0,1617450.0,0.2750427,19.633568,225,1
atitlan,2025-12-29,697350.0,1617450.0,0.3705712,31.083792,225,1
atitlan,2025-12-29,697650.0,1617450.0,0.35748762,28.179155,225,1
atitlan,2025-12-29,697950.0,1617450.0,0.3158533,21.07693,225,1
atitlan,2025-12-29,698250.0,1617450.0,0.32183102,20.957245,225,1
atitlan,2025-12-29,698550.0,1617450.0,0.306455,20.637024,225,1
atitlan,2025-12-29,698850.0,1617450.0,0.32640287,22.119781,225,1
atitlan,2025-12-29,699150.0,1617450.0,0.2883592,18.06213,225,1
atitlan,2025-12-29,699450.0,1617450.0,0.22651263,14.600282,225,1
atitlan,2025-12-29,699750.0,1617450.0,0.17207779,10.310127,225,0
atitlan,2025-12-29,700050.0,1617450.0,0.30861378,21.844332,225,1
atitlan,2025-12-29,700350.0,1617450.0,0.32522056,22.140217,225,1
atitlan,2025-12-29,700650.0,1617450.0,0.3205864,22.180801,225,1
atitlan,2025-12-29,700950.0,1617450.0,0.3141626,21.91529,225,1
atitlan,2025-12-29,701250.0,1617450.0,0.3718926,32.199844,225,1
atitlan,2025-12-29,701550.0,1617450.0,0.33946648,27.830332,225,1
atitlan,2025-12-29,701850.0,1617450.0,0.34462723,25.56702,225,1
atitlan,2025-12-29,702150.0,1617450.0,0.3599107,29.443926,225,1
atitlan,2025-12-29,702450.0,1617450.0,0.3390587,23.566532,225,1
atitlan,2025-12-29,702750.0,1617450.0,0.285002,16.863464,225,1
atitlan,2025-12-29,703050.0,1617450.0,0.30413842,18.1808,225,1
atitlan,2025-12-29,703350.0,1617450.0,0.28624436,16.275871,225,1
atitlan,2025-12-29,703650.0,1617450.0,0.3044862,19.324627,225,1
atitlan,2025-12-29,703950.0,1617450.0,0.2925635,16.876644,225,1
atitlan,2025-12-29,704250.0,1617450.0,0.28659108,16.22704,225,1
atitlan,2025-12-29,704550.0,1617450.0,0.31497803,23.711973,225,1
atitlan,2025-12-29,704850.0,1617450.0,0.3549954,28.345095,225,1
atitlan,2025-12-29,705150.0,1617450.0,0.35858423,28.697,225,1
atitlan,2025-12-29,705450.0,1617450.0,0.3790772,33.233196,225,1
atitlan,2025-12-29,705750.0,1617450.0,0.33598033,27.174627,225,1
atitlan,2025-12-29,706050.0,1617450.0,0.3071855,20.65791,225,1
atitlan,2025-12-29,706350.0,1617450.0,0.33635652,24.47535,225,1
atitlan,2025-12-29,706650.0,1617450.0,0.32663432,21.557255,225,1
atitlan,2025-12-29,706950.0,1617450.0,0.36306423,29.20783,225,1
atitlan,2025-12-29,707250.0,1617450.0,0.37219146,30.82956,225,1
atitlan,2025-12-29,707550.0,1617450.0,0.3828248,33.192802,225,1
atitlan,2025-12-29,707850.0,1617450.0,0.40434313,38.262833,45,1
atitlan,2025-12-29,680250.0,1617750.0,0.0070789116,3.8452945,180,0
atitlan,2025-12-29,680550.0,1617750.0,0.009978076,3.9427078,225,0
atitlan,2025-12-29,680850.0,1617750.0,-0.0017354029,3.9483733,225,0
atitlan,2025-12-29,681150.0,1617750.0,-0.0014549512,3.9190304,225,0
atitlan,2025-12-29,681450.0,1617750.0,-0.0045752376,3.674615,225,0
atitlan,2025-12-29,681750.0,1617750.0,0.07443903,4.929346,225,0
atitlan,2025-12-29,682050.0,1617750.0,0.13549118,6.6788855,225,0
atitlan,2025-12-29,682350.0,1617750.0,0.3430021,27.087957,225,1
atitlan,2025-12-29,682650.0,1617750.0,0.32568738,28.599222,225,1
atitlan,2025-12-29,682950.0,1617750.0,0.20999648,14.550802,225,1
atitlan,2025-12-29,683250.0,1617750.0,0.36539358,29.031786,225,1
atitlan,2025-12-29,683550.0,1617750.0,0.35169855,28.035482,225,1
atitlan,2025-12-29,683850.0,1617750.0,0.24156116,16.83829,225,1
atitlan,2025-12-29,684150.0,1617750.0,0.23961562,17.805481,225,1
atitlan,2025-12-29,684450.0,1617750.0,0.19263412,14.335051,225,1
atitlan,2025-12-29,684750.0,1617750.0,0.31340155,19.90337,225,1
atitlan,2025-12-29,685050.0,1617750.0,0.30505726,18.81416,225,1
atitlan,2025-12-29,685350.0,1617750.0,0.30606407,18.463835,225,1
atitlan,2025-12-29,685650.0,1617750.0,0.28951308,17.237583,225,1
atitlan,2025-12-29,685950.0,1617750.0,0.27434468,14.6082945,225,1
atitlan,2025-12-29,686250.0,1617750.0,0.30791014,18.589437,225,1
atitlan,2025-12-29,686550.0,1617750.0,0.30740193,18.95041,225,1
atitlan,2025-12-29,686850.0,1617750.0,0.2984208,18.514513,225,1
atitlan,2025-12-29,687150.0,1617750.0,0.31002256,19.147186,225,1
atitlan,2025-12-29,687450.0,1617750.0,0.22351858,13.898783,225,1
atitlan,2025-12-29,687750.0,1617750.0,0.18954156,11.682285,225,0
atitlan,2025-12-29,688050.0,1617750.0,0.020671392,4.1914463,225,0
atitlan,2025-12-29,688350.0,1617750.0,-0.0788494,1.0494357,225,0
atitlan,2025-12-29,688650.0,1617750.0,-0.08428778,0.7340189,225,0
atitlan,2025-12-29,688950.0,1617750.0,-0.08538055,0.664373,225,0
atitlan,2025-12-29,689250.0,1617750.0,-0.08265813,0.8281446,225,0
atitlan,2025-12-29,689550.0,1617750.0,-0.0075209285,3.392853,225,0
atitlan,2025-12-29,689850.0,1617750.0,0.19482473,9.310472,225,0
atitlan,2025-12-29,690150.0,1617750.0,0.23047148,10.94277,225,0
atitlan,2025-12-29,690450.0,1617750.0,0.13234499,8.504532,225,0
atitlan,2025-12-29,690750.0,1617750.0,0.20693307,11.101025,225,0
atitlan,2025-12-29,691050.0,1617750.0,0.2674412,14.594871,225,1
atitlan,2025-12-29,691350.0,1617750.0,0.30041766,17.847633,225,1
atitlan,2025-12-29,691650.0,1617750.0,0.27318507,16.508604,225,1
atitlan,2025-12-29,691950.0,1617750.0,0.288003,17.340502,225,1
atitlan,2025-12-29,692250.0,1617750.0,0.23714364,13.629365,225,1
atitlan,2025-12-29,692550.0,1617750.0,0.16776189,10.115753,225,0
atitlan,2025-12-29,692850.0,1617750.0,0.22838466,11.838978,225,0
atitlan,2025-12-29,693150.0,1617750.0,0.21630372,10.086551,225,0
atitlan,2025-12-29,693450.0,1617750.0,0.27342606,14.883414,225,1
atitlan,2025-12-29,693750.0,1617750.0,0.28733078,15.846436,225,1
atitlan,2025-12-29,694050.0,1617750.0,0.27784538,14.614748,225,1
atitlan,2025-12-29,694350.0,1617750.0,0.2672713,15.470378,225,1
atitlan,2025-12-29,694650.0,1617750.0,0.2999143,18.205954,225,1
atitlan,2025-12-29,694950.0,1617750.0,0.28690785,15.510243,225,1
atitlan,2025-12-29,695250.0,1617750.0,0.28763732,15.579848,225,1
atitlan,2025-12-29,695550.0,1617750.0,0.34090975,23.983448,225,1
atitlan,2025-12-29,695850.0,1617750.0,0.39923862,37.736202,225,1
atitlan,2025-12-29,696150.0,1617750.0,0.38559762,34.60346,225,1
atitlan,2025-12-29,696450.0,1617750.0,0.36910257,29.720219,225,1
atitlan,2025-12-29,696750.0,1617750.0,0.3532176,27.178118,225,1
atitlan,2025-12-29,697050.0,1617750.0,0.35498807,28.735361,225,1
atitlan,2025-12-29,697350.0,1617750.0,0.3679403,30.511383,225,1
atitlan,2025-12-29,697650.0,1617750.0,0.343777,25.740093,225,1
atitlan,2025-12-29,697950.0,1617750.0,0.3277764,22.361994,225,1
atitlan,2025-12-29,698250.0,1617750.0,0.34274486,24.0071,225,1
atitlan,2025-12-29,698550.0,1617750.0,0.32329288,20.71235,225,1
atitlan,2025-12-29,698850.0,1617750.0,0.3182481,21.095575,225,1
atitlan,2025-12-29,699150.0,1617750.0,0.16694535,10.17633,225,0
atitlan,2025-12-29,699450.0,1617750.0,0.23697093,14.7063675,225,1
atitlan,2025-12-29,699750.0,1617750.0,0.15936053,9.541766,225,0
atitlan,2025-12-29,700050.0,1617750.0,0.17490564,9.546569,225,0
atitlan,2025-12-29,700350.0,1617750.0,0.2923421,18.007416,225,1
atitlan,2025-12-29,700650.0,1617750.0,0.33511713,23.485909,225,1
atitlan,2025-12-29,700950.0,1617750.0,0.30325627,18.902842,225,1
atitlan,2025-12-29,701250.0,1617750.0,0.28231105,17.812225,225,1
atitlan,2025-12-29,701550.0,1617750.0,0.3070795,19.130312,225,1
atitlan,2025-12-29,701850.0,1617750.0,0.30972183,19.10685,225,1
atitlan,2025-12-29,702150.0,1617750.0,0.27758774,16.760347,225,1
atitlan,2025-12-29,702450.0,1617750.0,0.2885877,17.750195,225,1
atitlan,2025-12-29,702750.0,1617750.0,0.32006866,22.217346,225,1
atitlan,2025-12-29,703050.0,1617750.0,0.33000177,21.270811,225,1
atitlan,2025-12-29,703350.0,1617750.0,0.3147401,19.354677,225,1
atitlan,2025-12-29,703650.0,1617750.0,0.2452095,13.425429,225,1
atitlan,2025-12-29,703950.0,1617750.0,0.20532009,12.334945,225,1
atitlan,2025-12-29,704250.0,1617750.0,0.26165655,15.228344,225,1
atitlan,2025-12-29,704550.0,1617750.0,0.2838825,17.070915,225,1
atitlan,2025-12-29,704850.0,1617750.0,0.3673296,30.226118,225,1
atitlan,2025-12-29,705150.0,1617750.0,0.38146564,33.646423,225,1
atitlan,2025-12-29,705450.0,1617750.0,0.3666195,29.814955,225,1
atitlan,2025-12-29,705750.0,1617750.0,0.37996197,33.89219,225,1
atitlan,2025-12-29,706050.0,1617750.0,0.32598808,23.60205,225,1
atitlan,2025-12-29,706350.0,1617750.0,0.36217,28.61093,225,1
atitlan,2025-12-29,706650.0,1617750.0,0.34514257,25.223305,225,1
atitlan,2025-12-29,706950.0,1617750.0,0.3342179,23.333447,225,1
atitlan,2025-12-29,707250.0,1617750.0,0.35390124,27.215443,225,1
atitlan,2025-12-29,707550.0,1617750.0,0.34842342,25.61241,225,1
atitlan,2025-12-29,707850.0,1617750.0,0.42731866,45.28808,45,1
atitlan,2025-12-29,680250.0,1618050.0,-0.0072368165,3.8468258,180,0
atitlan,2025-12-29,680550.0,1618050.0,-0.0058181044,3.920906,225,0
atitlan,2025-12-29,680850.0,1618050.0,-0.0060779615,3.860529,225,0
atitlan,2025-12-29,681150.0,1618050.0,-0.0038108884,3.856297,225,0
atitlan,2025-12-29,681450.0,1618050.0,0.008592849,4.075664,225,0
atitlan,2025-12-29,681750.0,1618050.0,0.037219282,4.46083,225,0
atitlan,2025-12-29,682050.0,1618050.0,0.1458,8.684829,225,0
atitlan,2025-12-29,682350.0,1618050.0,0.26161134,15.114334,225,1
atitlan,2025-12-29,682650.0,1618050.0,0.36990282,29.805178,225,1
atitlan,2025-12-29,682950.0,1618050.0,0.3680825,29.435596,225,1
atitlan,2025-12-29,683250.0,1618050.0,0.37465808,31.451483,225,1
atitlan,2025-12-29,683550.0,1618050.0,0.3805373,32.66659,225,1
atitlan,2025-12-29,683850.0,1618050.0,0.40635058,38.76091,225,1
atitlan,2025-12-29,684150.0,1618050.0,0.35558698,28.31519,225,1
atitlan,2025-12-29,684450.0,1618050.0,0.27129287,16.628674,225,1
atitlan,2025-12-29,684750.0,1618050.0,0.2748204,15.484032,225,1
atitlan,2025-12-29,685050.0,1618050.0,0.27853173,15.234785,225,1
atitlan,2025-12-29,685350.0,1618050.0,0.29176968,16.62955,225,1
atitlan,2025-12-29,685650.0,1618050.0,0.28404167,16.160776,225,1
atitlan,2025-12-29,685950.0,1618050.0,0.29645652,17.160107,225,1
atitlan,2025-12-29,686250.0,1618050.0,0.29261208,17.294264,225,1
atitlan,2025-12-29,686550.0,1618050.0,0.30057696,18.05369,225,1
atitlan,2025-12-29,686850.0,1618050.0,0.30963302,19.288492,225,1
atitlan,2025-12-29,687150.0,1618050.0,0.2925157,17.512327,225,1
atitlan,2025-12-29,687450.0,1618050.0,0.2956536,18.635824,225,1
atitlan,2025-12-29,687750.0,1618050.0,0.27592266,16.347801,225,1
atitlan,2025-12-29,688050.0,1618050.0,0.24049675,14.782437,225,1
atitlan,2025-12-29,688350.0,1618050.0,0.056740217,6.257504,225,0
atitlan,2025-12-29,688650.0,1618050.0,-0.07742188,1.1381301,225,0
atitlan,2025-12-29,688950.0,1618050.0,-0.08142636,0.8966344,225,0
atitlan,2025-12-29,689250.0,1618050.0,-0.0825601,0.82749987,225,0
atitlan,2025-12-29,689550.0,1618050.0,-0.07890633,1.0498227,225,0
atitlan,2025-12-29,689850.0,1618050.0,-0.042985342,2.3295655,225,0
atitlan,2025-12-29,690150.0,1618050.0,0.13934071,7.458658,225,0
atitlan,2025-12-29,690450.0,1618050.0,0.18303257,9.292053,225,0
atitlan,2025-12-29,690750.0,1618050.0,0.22842707,12.115137,225,1
atitlan,2025-12-29,691050.0,1618050.0,0.30627415,18.030657,225,1
atitlan,2025-12-29,691350.0,1618050.0,0.2932705,16.506536,225,1
atitlan,2025-12-29,691650.0,1618050.0,0.2511491,14.612613,225,1
atitlan,2025-12-29,691950.0,1618050.0,0.26898417,17.163717,225,1
atitlan,2025-12-29,692250.0,1618050.0,0.16743469,9.423861,225,0
atitlan,2025-12-29,692550.0,1618050.0,0.22551331,12.961452,225,1
atitlan,2025-12-29,692850.0,1618050.0,0.28149903,15.9727,225,1
atitlan,2025-12-29,693150.0,1618050.0,0.29805845,17.341824,225,1
atitlan,2025-12-29,693450.0,1618050.0,0.22356965,10.344624,225,0
atitlan,2025-12-29,693750.0,1618050.0,0.23276754,10.213854,225,0
atitlan,2025-12-29,694050.0,1618050.0,0.2301163,10.948718,225,0
atitlan,2025-12-29,694350.0,1618050.0,0.26207536,13.671672,225,1
atitlan,2025-12-29,694650.0,1618050.0,0.24497369,11.879836,225,0
atitlan,2025-12-29,694950.0,1618050.0,0.28617126,16.016766,225,1
atitlan,2025-12-29,695250.0,1618050.0,0.26409373,13.732778,225,1
atitlan,2025-12-29,695550.0,1618050.0,0.29476362,16.712517,225,1
atitlan,2025-12-29,695850.0,1618050.0,0.34631175,25.544432,225,1
atitlan,2025-12-29,696150.0,1618050.0,0.3644807,29.256493,225,1
atitlan,2025-12-29,696450.0,1618050.0,0.35495028,26.913311,225,1
atitlan,2025-12-29,696750.0,1618050.0,0.35966235,27.783304,225,1
atitlan,2025-12-29,697050.0,1618050.0,0.34014523,24.961523,225,1
atitlan,2025-12-29,697350.0,1618050.0,0.33356184,23.314835,225,1
atitlan,2025-12-29,697650.0,1618050.0,0.3314187,22.932812,225,1
atitlan,2025-12-29,697950.0,1618050.0,0.3267445,21.494503,225,1
atitlan,2025-12-29,698250.0,1618050.0,0.32061684,20.928406,225,1
atitlan,2025-12-29,698550.0,1618050.0,0.30587435,18.27868,225,1
atitlan,2025-12-29,698850.0,1618050.0,0.30008852,18.360992,225,1
atitlan,2025-12-29,699150.0,1618050.0,0.24440297,14.477109,225,1
atitlan,2025-12-29,699450.0,1618050.0,0.2563358,16.011328,225,1
atitlan,2025-12-29,699750.0,1618050.0,0.12732632,10.785961,225,0
atitlan,2025-12-29,700050.0,1618050.0,0.12197081,8.271025,225,0
atitlan,2025-12-29,700350.0,1618050.0,0.23138417,11.949072,225,0
atitlan,2025-12-29,700650.0,1618050.0,0.31271666,20.28506,225,1
atitlan,2025-12-29,700950.0,1618050.0,0.2868039,17.381311,225,1
atitlan,2025-12-29,701250.0,1618050.0,0.26998186,17.01967,225,1
atitlan,2025-12-29,701550.0,1618050.0,0.25691175,13.80929,225,1
atitlan,2025-12-29,701850.0,1618050.0,0.32045558,22.023748,225,1
atitlan,2025-12-29,702150.0,1618050.0,0.36870927,31.086199,225,1
atitlan,2025-12-29,702450.0,1618050.0,0.28188142,17.318241,225,1
atitlan,2025-12-29,702750.0,1618050.0,0.20432647,10.800162,225,0
atitlan,2025-12-29,703050.0,1618050.0,0.29700056,16.990566,225,1
atitlan,2025-12-29,703350.0,1618050.0,0.28246212,15.374361,225,1
atitlan,2025-12-29,703650.0,1618050.0,0.30611977,19.514442,225,1
atitlan,2025-12-29,703950.0,1618050.0,0.29952133,18.473822,225,1
atitlan,2025-12-29,704250.0,1618050.0,0.29342198,18.194532,225,1
atitlan,2025-12-29,704550.0,1618050.0,0.25142896,15.376323,225,1
atitlan,2025-12-29,704850.0,1618050.0,0.34138605,27.860369,225,1
atitlan,2025-12-29,705150.0,1618050.0,0.34223485,28.36629,225,1
atitlan,2025-12-29,705450.0,1618050.0,0.35639885,27.952248,225,1
atitlan,2025-12-29,705750.0,1618050.0,0.36444566,30.605007,225,1
atitlan,2025-12-29,706050.0,1618050.0,0.40323028,39.324215,225,1
atitlan,2025-12-29,706350.0,1618050.0,0.35489187,28.398691,225,1
atitlan,2025-12-29,706650.0,1618050.0,0.3367336,23.778261,225,1
atitlan,2025-12-29,706950.0,1618050.0,0.3620374,29.258322,225,1
atitlan,2025-12-29,707250.0,1618050.0,0.36069587,30.019062,225,1
atitlan,2025-12-29,707550.0,1618050.0,0.36046296,28.064548,225,1
atitlan,2025-12-29,707850.0,1618050.0,0.39886525,37.231426,45,1
atitlan,2025-12-29,680250.0,1618350.0,-0.010791764,3.759769,180,0
atitlan,2025-12-29,680550.0,1618350.0,0.0080833575,4.1142635,225,0
atitlan,2025-12-29,680850.0,1618350.0,-0.0025559438,3.9890537,225,0
atitlan,2025-12-29,681150.0,1618350.0,-0.0011423732,3.9781902,225,0
atitlan,2025-12-29,681450.0,1618350.0,0.02048551,4.3550787,225,0
atitlan,2025-12-29,681750.0,1618350.0,0.15077932,8.402188,225,0
atitlan,2025-12-29,682050.0,1618350.0,0.16338061,9.741752,225,0
atitlan,2025-12-29,682350.0,1618350.0,0.23604275,15.691084,225,1
atitlan,2025-12-29,682650.0,1618350.0,0.30804792,19.931684,225,1
atitlan,2025-12-29,682950.0,1618350.0,0.32966885,22.55137,225,1
atitlan,2025-12-29,683250.0,1618350.0,0.2911121,18.795664,225,1
atitlan,2025-12-29,683550.0,1618350.0,0.20108871,11.388013,225,0
atitlan,2025-12-29,683850.0,1618350.0,0.23918593,15.092026,225,1
atitlan,2025-12-29,684150.0,1618350.0,0.29847264,18.77279,225,1
atitlan,2025-12-29,684450.0,1618350.0,0.28662658,17.147469,225,1
atitlan,2025-12-29,684750.0,1618350.0,0.2839549,16.801952,225,1
atitlan,2025-12-29,685050.0,1618350.0,0.28795078,16.060205,225,1
atitlan,2025-12-29,685350.0,1618350.0,0.29788113,17.582561,225,1
atitlan,2025-12-29,685650.0,1618350.0,0.29733396,18.437683,225,1
atitlan,2025-12-29,685950.0,1618350.0,0.30085045,18.711258,225,1
atitlan,2025-12-29,686250.0,1618350.0,0.29499766,18.48479,225,1
atitlan,2025-12-29,686550.0,1618350.0,0.3146059,19.90519,225,1
atitlan,2025-12-29,686850.0,1618350.0,0.31904808,20.25085,225,1
atitlan,2025-12-29,687150.0,1618350.0,0.31050286,18.888496,225,1
atitlan,2025-12-29,687450.0,1618350.0,0.3056073,18.865538,225,1
atitlan,2025-12-29,687750.0,1618350.0,0.28683627,17.622179,225,1
atitlan,2025-12-29,688050.0,1618350.0,0.29489046,17.135998,225,1
atitlan,2025-12-29,688350.0,1618350.0,0.230512,13.579651,225,1
atitlan,2025-12-29,688650.0,1618350.0,-0.065030314,1.766272,225,0
atitlan,2025-12-29,688950.0,1618350.0,-0.07985232,0.99621737,225,0
atitlan,2025-12-29,689250.0,1618350.0,-0.08616795,0.6340939,225,0
atitlan,2025-12-29,689550.0,1618350.0,-0.086720906,0.5783134,225,0
atitlan,2025-12-29,689850.0,1618350.0,-0.080278374,0.96349937,225,0
atitlan,2025-12-29,690150.0,1618350.0,-0.048160125,2.1760733,225,0
atitlan,2025-12-29,690450.0,1618350.0,0.16077965,9.182044,225,0
atitlan,2025-12-29,690750.0,1618350.0,0.20057578,11.331757,225,0
atitlan,2025-12-29,691050.0,1618350.0,0.3052075,17.961668,225,1
atitlan,2025-12-29,691350.0,1618350.0,0.29627508,17.299126,225,1
atitlan,2025-12-29,691650.0,1618350.0,0.29561305,18.167492,225,1
atitlan,2025-12-29,691950.0,1618350.0,0.21510896,12.539113,225,1
atitlan,2025-12-29,692250.0,1618350.0,0.18788365,10.167559,225,0
atitlan,2025-12-29,692550.0,1618350.0,0.271561,14.924181,225,1
atitlan,2025-12-29,692850.0,1618350.0,0.28853232,17.01354,225,1
atitlan,2025-12-29,693150.0,1618350.0,0.25081748,12.463325,225,1
atitlan,2025-12-29,693450.0,1618350.0,0.26423573,14.550227,225,1
atitlan,2025-12-29,693750.0,1618350.0,0.2625872,14.420437,225,1
atitlan,2025-12-29,694050.0,1618350.0,0.28168675,14.613969,225,1
atitlan,2025-12-29,694350.0,1618350.0,0.24151789,11.019974,225,0
atitlan,2025-12-29,694650.0,1618350.0,0.23056176,10.546858,225,0
atitlan,2025-12-29,694950.0,1618350.0,0.20491405,8.856999,225,0
atitlan,2025-12-29,695250.0,1618350.0,0.19809702,8.874044,225,0
atitlan,2025-12-29,695550.0,1618350.0,0.23700072,10.745416,225,0
atitlan,2025-12-29,695850.0,1618350.0,0.36266688,29.395401,225,1
atitlan,2025-12-29,696150.0,1618350.0,0.30595785,18.884724,225,1
atitlan,2025-12-29,696450.0,1618350.0,0.3464109,26.039324,225,1
atitlan,2025-12-29,696750.0,1618350.0,0.34406435,25.404196,225,1
atitlan,2025-12-29,697050.0,1618350.0,0.31411856,21.987923,225,1
atitlan,2025-12-29,697350.0,1618350.0,0.32007602,21.564348,225,1
atitlan,2025-12-29,697650.0,1618350.0,0.32599348,21.880116,225,1
atitlan,2025-12-29,697950.0,1618350.0,0.31886134,20.393053,225,1
atitlan,2025-12-29,698250.0,1618350.0,0.315438,19.762611,225,1
atitlan,2025-12-29,698550.0,1618350.0,0.3087364,18.912945,225,1
atitlan,2025-12-29,698850.0,1618350.0,0.30486715,18.385355,225,1
atitlan,2025-12-29,699150.0,1618350.0,0.27415583,15.402067,225,1
atitlan,2025-12-29,699450.0,1618350.0,0.17365819,11.729798,225,0
atitlan,2025-12-29,699750.0,1618350.0,0.06843226,5.2870827,225,0
atitlan,2025-12-29,700050.0,1618350.0,0.03416267,4.2732086,225,0
atitlan,2025-12-29,700350.0,1618350.0,0.20701253,11.691541,225,0
atitlan,2025-12-29,700650.0,1618350.0,0.21498601,11.001764,225,0
atitlan,2025-12-29,700950.0,1618350.0,0.30189028,18.785933,225,1
atitlan,2025-12-29,701250.0,1618350.0,0.30822614,19.149282,225,1
atitlan,2025-12-29,701550.0,1618350.0,0.24339303,14.28837,225,1
atitlan,2025-12-29,701850.0,1618350.0,0.2767339,15.360165,225,1
atitlan,2025-12-29,702150.0,1618350.0,0.32470325,22.999147,225,1
atitlan,2025-12-29,702450.0,1618350.0,0.29817793,18.693611,225,1
atitlan,2025-12-29,702750.0,1618350.0,0.3185356,20.898638,225,1
atitlan,2025-12-29,703050.0,1618350.0,0.29315525,17.694073,225,1
atitlan,2025-12-29,703350.0,1618350.0,0.32584724,21.847399,225,1
atitlan,2025-12-29,703650.0,1618350.0,0.297019,19.418613,225,1
atitlan,2025-12-29,703950.0,1618350.0,0.23325044,11.994432,225,0
atitlan,2025-12-29,704250.0,1618350.0,0.29255277,18.24872,225,1
atitlan,2025-12-29,704550.0,1618350.0,0.27933523,16.227182,225,1
atitlan,2025-12-29,704850.0,1618350.0,0.2057415,12.380348,225,1
atitlan,2025-12-29,705150.0,1618350.0,0.20899543,12.2482605,225,1
atitlan,2025-12-29,705450.0,1618350.0,0.16917208,10.141539,225,0
atitlan,2025-12-29,705750.0,1618350.0,0.32210994,24.320843,225,1
atitlan,2025-12-29,706050.0,1618350.0,0.35454682,27.703438,225,1
atitlan,2025-12-29,706350.0,1618350.0,0.3334234,23.503323,225,1
atitlan,2025-12-29,706650.0,1618350.0,0.39081222,35.469242,225,1
atitlan,2025-12-29,706950.0,1618350.0,0.3814664,34.34091,225,1
atitlan,2025-12-29,707250.0,1618350.0,0.3792003,32.600143,225,1
atitlan,2025-12-29,707550.0,1618350.0,0.3198275,20.654501,225,1
atitlan,2025-12-29,707850.0,1618350.0,0.36866128,29.785957,45,1
atitlan,2025-12-29,680250.0,1618650.0,-0.005389465,3.9093425,180,0
atitlan,2025-12-29,680550.0,1618650.0,0.004174998,3.9233446,225,0
atitlan,2025-12-29,680850.0,1618650.0,0.0016029997,3.9656231,225,0
atitlan,2025-12-29,681150.0,1618650.0,-0.0056835436,3.835303,225,0
atitlan,2025-12-29,681450.0,1618650.0,0.008097389,3.9231231,225,0
atitlan,2025-12-29,681750.0,1618650.0,0.03168679,4.245073,225,0
atitlan,2025-12-29,682050.0,1618650.0,0.04125275,4.5401564,225,0
atitlan,2025-12-29,682350.0,1618650.0,0.08870959,5.234568,225,0
atitlan,2025-12-29,682650.0,1618650.0,0.22341336,10.960756,225,0
atitlan,2025-12-29,682950.0,1618650.0,0.20532025,10.81542,225,0
atitlan,2025-12-29,683250.0,1618650.0,0.18979397,10.282355,225,0
atitlan,2025-12-29,683550.0,1618650.0,0.23715945,12.476791,225,1
atitlan,2025-12-29,683850.0,1618650.0,0.21251157,10.211788,225,0
atitlan,2025-12-29,684150.0,1618650.0,0.2731473,15.876757,225,1
atitlan,2025-12-29,684450.0,1618650.0,0.2640292,15.315572,225,1
atitlan,2025-12-29,684750.0,1618650.0,0.28417766,16.651428,225,1
atitlan,2025-12-29,685050.0,1618650.0,0.2874554,17.933619,225,1
atitlan,2025-12-29,685350.0,1618650.0,0.30378672,18.538084,225,1
atitlan,2025-12-29,685650.0,1618650.0,0.30086577,17.86671,225,1
atitlan,2025-12-29,685950.0,1618650.0,0.31692213,20.848572,225,1
atitlan,2025-12-29,686250.0,1618650.0,0.31605133,20.760365,225,1
atitlan,2025-12-29,686550.0,1618650.0,0.30635664,19.434801,225,1
atitlan,2025-12-29,686850.0,1618650.0,0.30609047,18.813164,225,1
atitlan,2025-12-29,687150.0,1618650.0,0.31142914,19.265785,225,1
atitlan,2025-12-29,687450.0,1618650.0,0.30506432,18.96565,225,1
atitlan,2025-12-29,687750.0,1618650.0,0.31792504,20.469086,225,1
atitlan,2025-12-29,688050.0,1618650.0,0.30520004,18.38404,225,1
atitlan,2025-12-29,688350.0,1618650.0,0.27915174,15.298406,225,1
atitlan,2025-12-29,688650.0,1618650.0,0.1459868,9.921503,225,0
atitlan,2025-12-29,688950.0,1618650.0,-0.008296243,3.964849,225,0
atitlan,2025-12-29,689250.0,1618650.0,-0.07958618,1.0157487,225,0
atitlan,2025-12-29,689550.0,1618650.0,-0.0807958,0.9365223,225,0
atitlan,2025-12-29,689850.0,1618650.0,-0.07625475,1.1907867,225,0
atitlan,2025-12-29,690150.0,1618650.0,0.041633442,4.287811,225,0
atitlan,2025-12-29,690450.0,1618650.0,0.05826184,6.157061,225,0
atitlan,2025-12-29,690750.0,1618650.0,0.10828438,6.884924,225,0
atitlan,2025-12-29,691050.0,1618650.0,0.28384396,15.568794,225,1
atitlan,2025-12-29,691350.0,1618650.0,0.27732366,14.549747,225,1
atitlan,2025-12-29,691650.0,1618650.0,0.28561604,16.685907,225,1
atitlan,2025-12-29,691950.0,1618650.0,0.2426777,15.023887,225,1
atitlan,2025-12-29,692250.0,1618650.0,0.28354207,16.64304,225,1
atitlan,2025-12-29,692550.0,1618650.0,0.2519528,14.253354,225,1
atitlan,2025-12-29,692850.0,1618650.0,0.29917967,17.276205,225,1
atitlan,2025-12-29,693150.0,1618650.0,0.29186797,17.904694,225,1
atitlan,2025-12-29,693450.0,1618650.0,0.2598347,14.162353,225,1
atitlan,2025-12-29,693750.0,1618650.0,0.25082687,13.161311,225,1
atitlan,2025-12-29,694050.0,1618650.0,0.2416774,10.987925,225,0
atitlan,2025-12-29,694350.0,1618650.0,0.25468275,12.134331,225,1
atitlan,2025-12-29,694650.0,1618650.0,0.22233444,10.89241,225,0
atitlan,2025-12-29,694950.0,1618650.0,0.24270949,13.186941,225,1
atitlan,2025-12-29,695250.0,1618650.0,0.21207903,9.778263,225,0
atitlan,2025-12-29,695550.0,1618650.0,0.22943722,10.500534,225,0
atitlan,2025-12-29,695850.0,1618650.0,0.32044858,20.614346,225,1
atitlan,2025-12-29,696150.0,1618650.0,0.3165633,21.431776,225,1
atitlan,2025-12-29,696450.0,1618650.0,0.31954572,20.900862,225,1
atitlan,2025-12-29,696750.0,1618650.0,0.30874014,20.184597,225,1
atitlan,2025-12-29,697050.0,1618650.0,0.3406975,24.64356,225,1
atitlan,2025-12-29,697350.0,1618650.0,0.3349026,23.233692,225,1
atitlan,2025-12-29,697650.0,1618650.0,0.31601608,20.471434,225,1
atitlan,2025-12-29,697950.0,1618650.0,0.29387864,16.905935,225,1
atitlan,2025-12-29,698250.0,1618650.0,0.28837243,16.25177,225,1
atitlan,2025-12-29,698550.0,1618650.0,0.3040752,18.083942,225,1
atitlan,2025-12-29,698850.0,1618650.0,0.28679165,16.892399,225,1
atitlan,2025-12-29,699150.0,1618650.0,0.27580893,15.526008,225,1
atitlan,2025-12-29,699450.0,1618650.0,0.24610546,13.987382,225,1
atitlan,2025-12-29,699750.0,1618650.0,0.035645805,4.4026394,225,0
atitlan,2025-12-29,700050.0,1618650.0,0.060887862,5.2635226,225,0
atitlan,2025-12-29,700350.0,1618650.0,0.17846797,10.337357,225,0
atitlan,2025-12-29,700650.0,1618650.0,0.17949545,8.444675,225,0
atitlan,2025-12-29,700950.0,1618650.0,0.19664063,9.3256035,225,0
atitlan,2025-12-29,701250.0,1618650.0,0.28628677,18.042017,225,1
atitlan,2025-12-29,701550.0,1618650.0,0.28152665,16.816732,225,1
atitlan,2025-12-29,701850.0,1618650.0,0.25458607,13.759688,225,1
atitlan,2025-12-29,702150.0,1618650.0,0.29167086,17.1763,225,1
atitlan,2025-12-29,702450.0,1618650.0,0.3284666,22.506168,225,1
atitlan,2025-12-29,702750.0,1618650.0,0.3185866,21.47671,225,1
atitlan,2025-12-29,703050.0,1618650.0,0.32907143,22.62326,225,1
atitlan,2025-12-29,703350.0,1618650.0,0.2867018,16.00726,225,1
atitlan,2025-12-29,703650.0,1618650.0,0.27887326,16.494982,225,1
atitlan,2025-12-29,703950.0,1618650.0,0.28464037,17.274002,225,1
atitlan,2025-12-29,704250.0,1618650.0,0.20722339,11.115266,225,0
atitlan,2025-12-29,704550.0,1618650.0,0.18929584,12.781265,225,1
atitlan,2025-12-29,704850.0,1618650.0,0.19645369,14.456943,225,1
atitlan,2025-12-29,705150.0,1618650.0,0.21062677,16.62279,225,1
atitlan,2025-12-29,705450.0,1618650.0,0.22389878,17.99599,225,1
atitlan,2025-12-29,705750.0,1618650.0,0.23343734,13.058389,225,1
atitlan,2025-12-29,706050.0,1618650.0,0.3107278,20.740984,225,1
atitlan,2025-12-29,706350.0,1618650.0,0.37343612,31.483345,225,1
atitlan,2025-12-29,706650.0,1618650.0,0.38661423,34.06863,225,1
atitlan,2025-12-29,706950.0,1618650.0,0.38269016,33.138344,225,1
atitlan,2025-12-29,707250.0,1618650.0,0.3388096,23.877626,225,1
atitlan,2025-12-29,707550.0,1618650.0,0.34613004,27.115963,225,1
atitlan,2025-12-29,707850.0,1618650.0,0.3400524,23.328104,45,1
atitlan,2025-12-29,680250.0,1618950.0,-0.00422539,3.8832204,180,0
atitlan,2025-12-29,680550.0,1618950.0,-0.009901785,3.6667159,225,0
atitlan,2025-12-29,680850.0,1618950.0,0.019901108,4.209775,225,0
atitlan,2025-12-29,681150.0,1618950.0,0.00071788876,4.030627,225,0
atitlan,2025-12-29,681450.0,1618950.0,0.013355237,4.106804,225,0
atitlan,2025-12-29,681750.0,1618950.0,0.06859483,5.261383,225,0
atitlan,2025-12-29,682050.0,1618950.0,0.24370776,13.391138,225,1
atitlan,2025-12-29,682350.0,1618950.0,0.27170867,15.71537,225,1
atitlan,2025-12-29,682650.0,1618950.0,0.18321495,10.99171,225,0
atitlan,2025-12-29,682950.0,1618950.0,0.22588053,13.74065,225,1
atitlan,2025-12-29,683250.0,1618950.0,0.31095228,19.587114,225,1
atitlan,2025-12-29,683550.0,1618950.0,0.310393,18.845419,225,1
atitlan,2025-12-29,683850.0,1618950.0,0.31533813,19.514843,225,1
atitlan,2025-12-29,684150.0,1618950.0,0.3077146,19.414019,225,1
atitlan,2025-12-29,684450.0,1618950.0,0.30773613,20.695559,225,1
atitlan,2025-12-29,684750.0,1618950.0,0.2983127,20.272615,225,1
atitlan,2025-12-29,685050.0,1618950.0,0.32555276,23.11624,225,1
atitlan,2025-12-29,685350.0,1618950.0,0.29341444,18.687735,225,1
atitlan,2025-12-29,685650.0,1618950.0,0.28555372,17.657755,225,1
atitlan,2025-12-29,685950.0,1618950.0,0.32918227,22.737886,225,1
atitlan,2025-12-29,686250.0,1618950.0,0.3071876,19.769249,225,1
atitlan,2025-12-29,686550.0,1618950.0,0.28500336,17.1806,225,1
atitlan,2025-12-29,686850.0,1618950.0,0.3141925,20.640146,225,1
atitlan,2025-12-29,687150.0,1618950.0,0.30991927,19.737211,225,1
atitlan,2025-12-29,687450.0,1618950.0,0.31059682,19.94288,225,1
atitlan,2025-12-29,687750.0,1618950.0,0.3092361,20.474718,225,1
atitlan,2025-12-29,688050.0,1618950.0,0.2970266,17.917278,225,1
atitlan,2025-12-29,688350.0,1618950.0,0.28499097,16.039593,225,1
atitlan,2025-12-29,688650.0,1618950.0,0.26461467,14.354927,225,1
atitlan,2025-12-29,688950.0,1618950.0,0.22202702,12.243222,225,1
atitlan,2025-12-29,689250.0,1618950.0,-0.064837426,1.6944708,225,0
atitlan,2025-12-29,689550.0,1618950.0,-0.07826807,1.0856832,225,0
atitlan,2025-12-29,689850.0,1618950.0,-0.07099831,1.4437118,225,0
atitlan,2025-12-29,690150.0,1618950.0,0.0957451,6.4043164,225,0
atitlan,2025-12-29,690450.0,1618950.0,0.019837862,4.0454154,225,0
atitlan,2025-12-29,690750.0,1618950.0,0.027274253,4.5505595,225,0
atitlan,2025-12-29,691050.0,1618950.0,0.12704211,7.6781983,225,0
atitlan,2025-12-29,691350.0,1618950.0,0.25783172,13.589215,225,1
atitlan,2025-12-29,691650.0,1618950.0,0.26107058,12.897755,225,1
atitlan,2025-12-29,691950.0,1618950.0,0.26491627,13.080218,225,1
atitlan,2025-12-29,692250.0,1618950.0,0.2818793,15.187816,225,1
atitlan,2025-12-29,692550.0,1618950.0,0.30457547,18.101198,225,1
atitlan,2025-12-29,692850.0,1618950.0,0.26620254,14.962294,225,1
atitlan,2025-12-29,693150.0,1618950.0,0.26148254,14.483075,225,1
atitlan,2025-12-29,693450.0,1618950.0,0.2446564,13.31789,225,1
atitlan,2025-12-29,693750.0,1618950.0,0.25382218,13.268121,225,1
atitlan,2025-12-29,694050.0,1618950.0,0.2437445,11.805696,225,0
atitlan,2025-12-29,694350.0,1618950.0,0.27472293,14.396825,225,1
atitlan,2025-12-29,694650.0,1618950.0,0.15953507,7.1493993,225,0
atitlan,2025-12-29,694950.0,1618950.0,0.24789342,12.348562,225,1
atitlan,2025-12-29,695250.0,1618950.0,0.28186518,16.11582,225,1
atitlan,2025-12-29,695550.0,1618950.0,0.2792251,15.487914,225,1
atitlan,2025-12-29,695850.0,1618950.0,0.29933816,17.968,225,1
atitlan,2025-12-29,696150.0,1618950.0,0.32535374,22.512709,225,1
atitlan,2025-12-29,696450.0,1618950.0,0.3169541,21.091372,225,1
atitlan,2025-12-29,696750.0,1618950.0,0.3182096,20.705124,225,1
atitlan,2025-12-29,697050.0,1618950.0,0.32749355,22.272337,225,1
atitlan,2025-12-29,697350.0,1618950.0,0.3276917,21.609325,225,1
atitlan,2025-12-29,697650.0,1618950.0,0.29609174,16.723356,225,1
atitlan,2025-12-29,697950.0,1618950.0,0.29232794,16.407988,225,1
atitlan,2025-12-29,698250.0,1618950.0,0.3222253,21.835451,225,1
atitlan,2025-12-29,698550.0,1618950.0,0.30578998,18.419706,225,1
atitlan,2025-12-29,698850.0,1618950.0,0.28879488,18.495373,225,1
atitlan,2025-12-29,699150.0,1618950.0,0.16608241,11.042481,225,0
atitlan,2025-12-29,699450.0,1618950.0,0.12541792,12.097375,225,1
atitlan,2025-12-29,699750.0,1618950.0,0.05789806,5.610977,225,0
atitlan,2025-12-29,700050.0,1618950.0,0.058192935,5.185967,225,0
atitlan,2025-12-29,700350.0,1618950.0,0.16063458,10.644458,225,0
atitlan,2025-12-29,700650.0,1618950.0,0.19083147,10.614452,225,0
atitlan,2025-12-29,700950.0,1618950.0,0.16576062,8.079324,225,0
atitlan,2025-12-29,701250.0,1618950.0,0.27507493,15.752978,225,1
atitlan,2025-12-29,701550.0,1618950.0,0.26061836,15.145152,225,1
atitlan,2025-12-29,701850.0,1618950.0,0.1997702,11.872316,225,0
atitlan,2025-12-29,702150.0,1618950.0,0.20365168,12.323895,225,1
atitlan,2025-12-29,702450.0,1618950.0,0.3173868,20.345406,225,1
atitlan,2025-12-29,702750.0,1618950.0,0.30403054,18.269735,225,1
atitlan,2025-12-29,703050.0,1618950.0,0.2926785,16.714787,225,1
atitlan,2025-12-29,703350.0,1618950.0,0.28637728,15.686695,225,1
atitlan,2025-12-29,703650.0,1618950.0,0.27810535,15.973281,225,1
atitlan,2025-12-29,703950.0,1618950.0,0.29271522,18.093418,225,1
atitlan,2025-12-29,704250.0,1618950.0,0.2895129,17.265413,225,1
atitlan,2025-12-29,704550.0,1618950.0,0.27311122,16.114784,225,1
atitlan,2025-12-29,704850.0,1618950.0,0.26150396,15.782342,225,1
atitlan,2025-12-29,705150.0,1618950.0,0.20390071,14.959474,225,1
atitlan,2025-12-29,705450.0,1618950.0,0.2102528,17.533197,225,1
atitlan,2025-12-29,705750.0,1618950.0,0.2851262,19.756222,225,1
atitlan,2025-12-29,706050.0,1618950.0,0.19182153,9.46733,225,0
atitlan,2025-12-29,706350.0,1618950.0,0.23790972,12.310789,225,1
atitlan,2025-12-29,706650.0,1618950.0,0.26016828,16.031567,225,1
atitlan,2025-12-29,706950.0,1618950.0,0.330353,23.7597,225,1
atitlan,2025-12-29,707250.0,1618950.0,0.33270416,23.47574,225,1
atitlan,2025-12-29,707550.0,1618950.0,0.3493881,29.24266,225,1
atitlan,2025-12-29,707850.0,1618950.0,0.35393408,29.284443,45,1
atitlan,2025-12-29,680250.0,1619250.0,0.00446682,4.0849733,180,0
atitlan,2025-12-29,680550.0,1619250.0,-0.008853818,3.8246186,225,0
atitlan,2025-12-29,680850.0,1619250.0,-0.0057033235,3.8770018,225,0
atitlan,2025-12-29,681150.0,1619250.0,-0.0014136408,3.9681413,225,0
atitlan,2025-12-29,681450.0,1619250.0,0.007710094,4.131454,225,0
atitlan,2025-12-29,681750.0,1619250.0,0.009078097,4.130639,225,0
atitlan,2025-12-29,682050.0,1619250.0,0.04341517,4.790062,225,0
atitlan,2025-12-29,682350.0,1619250.0,0.22502588,13.597074,225,1
atitlan,2025-12-29,682650.0,1619250.0,0.27408746,16.37568,225,1
atitlan,2025-12-29,682950.0,1619250.0,0.30283496,17.628077,225,1
atitlan,2025-12-29,683250.0,1619250.0,0.28777197,18.821163,225,1
atitlan,2025-12-29,683550.0,1619250.0,0.31735408,21.077333,225,1
atitlan,2025-12-29,683850.0,1619250.0,0.32949919,21.88166,225,1
atitlan,2025-12-29,684150.0,1619250.0,0.349259,25.401178,225,1
atitlan,2025-12-29,684450.0,1619250.0,0.35568318,26.742657,225,1
atitlan,2025-12-29,684750.0,1619250.0,0.3703817,30.50879,225,1
atitlan,2025-12-29,685050.0,1619250.0,0.35386392,27.512665,225,1
atitlan,2025-12-29,685350.0,1619250.0,0.31339812,21.554438,225,1
atitlan,2025-12-29,685650.0,1619250.0,0.28723738,19.086042,225,1
atitlan,2025-12-29,685950.0,1619250.0,0.29103422,18.983984,225,1
atitlan,2025-12-29,686250.0,1619250.0,0.37236074,30.977266,225,1
atitlan,2025-12-29,686550.0,1619250.0,0.32979542,25.324945,225,1
atitlan,2025-12-29,686850.0,1619250.0,0.32235438,23.336233,225,1
atitlan,2025-12-29,687150.0,1619250.0,0.2982963,21.268284,225,1
atitlan,2025-12-29,687450.0,1619250.0,0.33795777,25.389315,225,1
atitlan,2025-12-29,687750.0,1619250.0,0.31719226,20.69214,225,1
atitlan,2025-12-29,688050.0,1619250.0,0.30732328,18.540154,225,1
atitlan,2025-12-29,688350.0,1619250.0,0.30283302,18.558626,225,1
atitlan,2025-12-29,688650.0,1619250.0,0.27784523,15.82269,225,1
atitlan,2025-12-29,688950.0,1619250.0,0.25093296,13.326356,225,1
atitlan,2025-12-29,689250.0,1619250.0,0.12885974,9.064482,225,0
atitlan,2025-12-29,689550.0,1619250.0,0.02414433,4.520938,225,0
atitlan,2025-12-29,689850.0,1619250.0,-0.056928694,1.9131174,225,0
atitlan,2025-12-29,690150.0,1619250.0,0.10815235,6.361287,225,0
atitlan,2025-12-29,690450.0,1619250.0,0.0339609,4.4212856,225,0
atitlan,2025-12-29,690750.0,1619250.0,0.012048004,3.8576589,225,0
atitlan,2025-12-29,691050.0,1619250.0,0.040455602,4.415285,225,0
atitlan,2025-12-29,691350.0,1619250.0,0.21561892,10.814616,225,0
atitlan,2025-12-29,691650.0,1619250.0,0.26180294,13.345316,225,1
atitlan,2025-12-29,691950.0,1619250.0,0.27614096,14.525658,225,1
atitlan,2025-12-29,692250.0,1619250.0,0.2743034,15.229742,225,1
atitlan,2025-12-29,692550.0,1619250.0,0.28050783,15.185475,225,1
atitlan,2025-12-29,692850.0,1619250.0,0.2757645,14.676583,225,1
atitlan,2025-12-29,693150.0,1619250.0,0.24801548,13.398031,225,1
atitlan,2025-12-29,693450.0,1619250.0,0.25419503,12.957961,225,1
atitlan,2025-12-29,693750.0,1619250.0,0.25026906,13.797079,225,1
atitlan,2025-12-29,694050.0,1619250.0,0.25694796,12.645848,225,1
atitlan,2025-12-29,694350.0,1619250.0,0.27829543,15.288105,225,1
atitlan,2025-12-29,694650.0,1619250.0,0.22633731,12.435081,225,1
atitlan,2025-12-29,694950.0,1619250.0,0.24872048,12.265303,225,1
atitlan,2025-12-29,695250.0,1619250.0,0.28101924,15.920223,225,1
atitlan,2025-12-29,695550.0,1619250.0,0.22438073,10.773868,225,0
atitlan,2025-12-29,695850.0,1619250.0,0.25819358,14.112471,225,1
atitlan,2025-12-29,696150.0,1619250.0,0.28336257,17.131401,225,1
atitlan,2025-12-29,696450.0,1619250.0,0.31593382,20.299063,225,1
atitlan,2025-12-29,696750.0,1619250.0,0.30635053,19.832802,225,1
atitlan,2025-12-29,697050.0,1619250.0,0.3060855,19.220383,225,1
atitlan,2025-12-29,697350.0,1619250.0,0.3040348,18.501627,225,1
atitlan,2025-12-29,697650.0,1619250.0,0.30169746,17.711456,225,1
atitlan,2025-12-29,697950.0,1619250.0,0.30019492,17.200623,225,1
atitlan,2025-12-29,698250.0,1619250.0,0.30734742,18.66347,225,1
atitlan,2025-12-29,698550.0,1619250.0,0.28005448,16.04367,225,1
atitlan,2025-12-29,698850.0,1619250.0,0.2833637,16.281513,225,1
atitlan,2025-12-29,699150.0,1619250.0,0.17331684,10.409068,225,0
atitlan,2025-12-29,699450.0,1619250.0,0.13937297,9.126125,225,0
atitlan,2025-12-29,699750.0,1619250.0,0.18279512,11.609446,225,0
atitlan,2025-12-29,700050.0,1619250.0,0.062073655,6.775603,225,0
atitlan,2025-12-29,700350.0,1619250.0,0.028068013,4.9583054,225,0
atitlan,2025-12-29,700650.0,1619250.0,0.0014481044,3.7379932,225,0
atitlan,2025-12-29,700950.0,1619250.0,0.20695014,11.313852,225,0
atitlan,2025-12-29,701250.0,1619250.0,0.26640192,13.887296,225,1
atitlan,2025-12-29,701550.0,1619250.0,0.2998837,20.171812,225,1
atitlan,2025-12-29,701850.0,1619250.0,0.24334732,14.816496,225,1
atitlan,2025-12-29,702150.0,1619250.0,0.22943227,14.138887,225,1
atitlan,2025-12-29,702450.0,1619250.0,0.26231566,17.303967,225,1
atitlan,2025-12-29,702750.0,1619250.0,0.3170302,20.495827,225,1
atitlan,2025-12-29,703050.0,1619250.0,0.31120628,20.289568,225,1
atitlan,2025-12-29,703350.0,1619250.0,0.3031225,18.894598,225,1
atitlan,2025-12-29,703650.0,1619250.0,0.28956556,16.873913,225,1
atitlan,2025-12-29,703950.0,1619250.0,0.2878891,18.311031,225,1
atitlan,2025-12-29,704250.0,1619250.0,0.29311815,17.687702,225,1
atitlan,2025-12-29,704550.0,1619250.0,0.28549188,16.527407,225,1
atitlan,2025-12-29,704850.0,1619250.0,0.30770794,18.545568,225,1
atitlan,2025-12-29,705150.0,1619250.0,0.25757203,15.063579,225,1
atitlan,2025-12-29,705450.0,1619250.0,0.31321806,22.044516,225,1
atitlan,2025-12-29,705750.0,1619250.0,0.22375843,11.417733,225,0
atitlan,2025-12-29,706050.0,1619250.0,0.17077097,9.56023,225,0
atitlan,2025-12-29,706350.0,1619250.0,0.19105467,14.099764,225,1
atitlan,2025-12-29,706650.0,1619250.0,0.19242652,12.931817,225,1
atitlan,2025-12-29,706950.0,1619250.0,0.19634901,9.333152,225,0
atitlan,2025-12-29,707250.0,1619250.0,0.34649783,26.110039,225,1
atitlan,2025-12-29,707550.0,1619250.0,0.2785275,21.697489,225,1
atitlan,2025-12-29,707850.0,1619250.0,0.28652614,23.130398,45,1
atitlan,2025-12-29,680250.0,1619550.0,0.12811333,8.75797,180,0
atitlan,2025-12-29,680550.0,1619550.0,0.012553958,4.2025886,225,0
atitlan,2025-12-29,680850.0,1619550.0,0.0005982249,4.042922,225,0
atitlan,2025-12-29,681150.0,1619550.0,-0.0027440195,3.9638293,225,0
atitlan,2025-12-29,681450.0,1619550.0,0.0050816704,3.8500388,225,0
atitlan,2025-12-29,681750.0,1619550.0,0.051637806,4.633451,225,0
atitlan,2025-12-29,682050.0,1619550.0,0.021801122,4.2378464,225,0
atitlan,2025-12-29,682350.0,1619550.0,0.2159589,12.358059,225,1
atitlan,2025-12-29,682650.0,1619550.0,0.30164844,17.950666,225,1
atitlan,2025-12-29,682950.0,1619550.0,0.19089152,10.898374,225,0
atitlan,2025-12-29,683250.0,1619550.0,0.1480183,8.769068,225,0
atitlan,2025-12-29,683550.0,1619550.0,0.2590862,16.238905,225,1
atitlan,2025-12-29,683850.0,1619550.0,0.3050554,20.244871,225,1
atitlan,2025-12-29,684150.0,1619550.0,0.3407145,24.635006,225,1
atitlan,2025-12-29,684450.0,1619550.0,0.30030075,18.873611,225,1
atitlan,2025-12-29,684750.0,1619550.0,0.31290713,20.348598,225,1
atitlan,2025-12-29,685050.0,1619550.0,0.32587883,24.752413,225,1
atitlan,2025-12-29,685350.0,1619550.0,0.37055156,30.889605,225,1
atitlan,2025-12-29,685650.0,1619550.0,0.3285832,23.670631,225,1
atitlan,2025-12-29,685950.0,1619550.0,0.35658652,27.28531,225,1
atitlan,2025-12-29,686250.0,1619550.0,0.3562262,27.95182,225,1
atitlan,2025-12-29,686550.0,1619550.0,0.3170873,23.130524,225,1
atitlan,2025-12-29,686850.0,1619550.0,0.35731843,30.009552,225,1
atitlan,2025-12-29,687150.0,1619550.0,0.3369115,27.29213,225,1
atitlan,2025-12-29,687450.0,1619550.0,0.36067224,28.992096,225,1
atitlan,2025-12-29,687750.0,1619550.0,0.3493826,25.52393,225,1
atitlan,2025-12-29,688050.0,1619550.0,0.29002327,17.647686,225,1
atitlan,2025-12-29,688350.0,1619550.0,0.2908231,16.490347,225,1
atitlan,2025-12-29,688650.0,1619550.0,0.2682099,14.301048,225,1
atitlan,2025-12-29,688950.0,1619550.0,0.2642555,14.199658,225,1
atitlan,2025-12-29,689250.0,1619550.0,0.29259855,16.790194,225,1
atitlan,2025-12-29,689550.0,1619550.0,0.1313915,9.142875,225,0
atitlan,2025-12-29,689850.0,1619550.0,-0.07431086,1.3149978,225,0
atitlan,2025-12-29,690150.0,1619550.0,0.02018287,4.559226,225,0
atitlan,2025-12-29,690450.0,1619550.0,0.04287876,5.1482325,225,0
atitlan,2025-12-29,690750.0,1619550.0,0.089101925,6.5951357,225,0
atitlan,2025-12-29,691050.0,1619550.0,0.053234592,4.9881163,225,0
atitlan,2025-12-29,691350.0,1619550.0,0.12626435,7.478837,225,0
atitlan,2025-12-29,691650.0,1619550.0,0.27645916,14.48617,225,1
atitlan,2025-12-29,691950.0,1619550.0,0.27151954,14.711818,225,1
atitlan,2025-12-29,692250.0,1619550.0,0.26391768,13.512232,225,1
atitlan,2025-12-29,692550.0,1619550.0,0.2690205,13.832382,225,1
atitlan,2025-12-29,692850.0,1619550.0,0.25977516,14.309882,225,1
atitlan,2025-12-29,693150.0,1619550.0,0.19320916,10.83138,225,0
atitlan,2025-12-29,693450.0,1619550.0,0.20335688,11.038877,225,0
atitlan,2025-12-29,693750.0,1619550.0,0.26222098,15.096523,225,1
atitlan,2025-12-29,694050.0,1619550.0,0.28666383,15.907871,225,1
atitlan,2025-12-29,694350.0,1619550.0,0.2770126,14.771798,225,1
atitlan,2025-12-29,694650.0,1619550.0,0.24696633,13.623342,225,1
atitlan,2025-12-29,694950.0,1619550.0,0.26447302,13.301488,225,1
atitlan,2025-12-29,695250.0,1619550.0,0.283847,15.120553,225,1
atitlan,2025-12-29,695550.0,1619550.0,0.26897532,14.819241,225,1
atitlan,2025-12-29,695850.0,1619550.0,0.2522211,13.624265,225,1
atitlan,2025-12-29,696150.0,1619550.0,0.27161777,15.285434,225,1
atitlan,2025-12-29,696450.0,1619550.0,0.30401683,19.80527,225,1
atitlan,2025-12-29,696750.0,1619550.0,0.3258657,21.947187,225,1
atitlan,2025-12-29,697050.0,1619550.0,0.28031403,17.027443,225,1
atitlan,2025-12-29,697350.0,1619550.0,0.2906706,16.595198,225,1
atitlan,2025-12-29,697650.0,1619550.0,0.3072623,18.17377,225,1
atitlan,2025-12-29,697950.0,1619550.0,0.29660878,16.670168,225,1
atitlan,2025-12-29,698250.0,1619550.0,0.2889786,16.210882,225,1
atitlan,2025-12-29,698550.0,1619550.0,0.28362185,15.935625,225,1
atitlan,2025-12-29,698850.0,1619550.0,0.29201695,16.445345,225,1
atitlan,2025-12-29,699150.0,1619550.0,0.24964507,14.168237,225,1
atitlan,2025-12-29,699450.0,1619550.0,0.16149989,10.969576,225,0
atitlan,2025-12-29,699750.0,1619550.0,0.26646897,17.552675,225,1
atitlan,2025-12-29,700050.0,1619550.0,0.1666094,12.910456,225,1
atitlan,2025-12-29,700350.0,1619550.0,-0.016455255,3.5797825,225,0
atitlan,2025-12-29,700650.0,1619550.0,-0.07302651,1.3583578,225,0
atitlan,2025-12-29,700950.0,1619550.0,0.22082749,10.966711,225,0
atitlan,2025-12-29,701250.0,1619550.0,0.28387696,15.712234,225,1
atitlan,2025-12-29,701550.0,1619550.0,0.2897177,17.508093,225,1
atitlan,2025-12-29,701850.0,1619550.0,0.2742234,16.365616,225,1
atitlan,2025-12-29,702150.0,1619550.0,0.28734168,17.44447,225,1
atitlan,2025-12-29,702450.0,1619550.0,0.26382685,17.895203,225,1
atitlan,2025-12-29,702750.0,1619550.0,0.30675128,19.147486,225,1
atitlan,2025-12-29,703050.0,1619550.0,0.31818336,20.919558,225,1
atitlan,2025-12-29,703350.0,1619550.0,0.31232986,19.830805,225,1
atitlan,2025-12-29,703650.0,1619550.0,0.28654855,18.49021,225,1
atitlan,2025-12-29,703950.0,1619550.0,0.2757853,15.793878,225,1
atitlan,2025-12-29,704250.0,1619550.0,0.27627584,17.210585,225,1
atitlan,2025-12-29,704550.0,1619550.0,0.26601037,15.721548,225,1
atitlan,2025-12-29,704850.0,1619550.0,0.19666857,11.64743,225,0
atitlan,2025-12-29,705150.0,1619550.0,0.24273969,13.082499,225,1
atitlan,2025-12-29,705450.0,1619550.0,0.24439429,12.968548,225,1
atitlan,2025-12-29,705750.0,1619550.0,0.30791774,19.522785,225,1
atitlan,2025-12-29,706050.0,1619550.0,0.28915083,18.254139,225,1
atitlan,2025-12-29,706350.0,1619550.0,0.26388264,15.925713,225,1
atitlan,2025-12-29,706650.0,1619550.0,0.21114556,14.669733,225,1
atitlan,2025-12-29,706950.0,1619550.0,0.21502487,15.991931,225,1
atitlan,2025-12-29,707250.0,1619550.0,0.29791647,20.369272,225,1
atitlan,2025-12-29,707550.0,1619550.0,0.2099285,13.398958,225,1
atitlan,2025-12-29,707850.0,1619550.0,0.15061931,8.52822,45,0
atitlan,2025-12-29,680250.0,1619850.0,0.29239205,18.760145,180,1
atitlan,2025-12-29,680550.0,1619850.0,0.12736467,9.812437,225,0
atitlan,2025-12-29,680850.0,1619850.0,0.011550422,4.1841965,225,0
atitlan,2025-12-29,681150.0,1619850.0,0.011030749,4.1515026,225,0
atitlan,2025-12-29,681450.0,1619850.0,0.03036918,4.4513917,225,0
atitlan,2025-12-29,681750.0,1619850.0,0.052404813,5.0683155,225,0
atitlan,2025-12-29,682050.0,1619850.0,0.09409379,7.0379963,225,0
atitlan,2025-12-29,682350.0,1619850.0,0.31430343,19.447283,225,1
atitlan,2025-12-29,682650.0,1619850.0,0.2550555,15.411951,225,1
atitlan,2025-12-29,682950.0,1619850.0,0.08469759,5.439934,225,0
atitlan,2025-12-29,683250.0,1619850.0,0.16338563,10.280385,225,0
atitlan,2025-12-29,683550.0,1619850.0,0.25198972,16.226921,225,1
atitlan,2025-12-29,683850.0,1619850.0,0.2594631,16.404697,225,1
atitlan,2025-12-29,684150.0,1619850.0,0.35000667,25.794949,225,1
atitlan,2025-12-29,684450.0,1619850.0,0.36689776,30.13766,225,1
atitlan,2025-12-29,684750.0,1619850.0,0.29026675,17.119064,225,1
atitlan,2025-12-29,685050.0,1619850.0,0.31820214,20.896122,225,1
atitlan,2025-12-29,685350.0,1619850.0,0.32430717,23.159325,225,1
atitlan,2025-12-29,685650.0,1619850.0,0.33945763,26.303131,225,1
atitlan,2025-12-29,685950.0,1619850.0,0.37024328,29.857449,225,1
atitlan,2025-12-29,686250.0,1619850.0,0.36362943,29.294071,225,1
atitlan,2025-12-29,686550.0,1619850.0,0.38254613,32.901,225,1
atitlan,2025-12-29,686850.0,1619850.0,0.37621996,34.012634,225,1
atitlan,2025-12-29,687150.0,1619850.0,0.37934792,33.02464,225,1
atitlan,2025-12-29,687450.0,1619850.0,0.36855054,30.028522,225,1
atitlan,2025-12-29,687750.0,1619850.0,0.33412597,23.293066,225,1
atitlan,2025-12-29,688050.0,1619850.0,0.3116941,19.594913,225,1
atitlan,2025-12-29,688350.0,1619850.0,0.28561655,16.303125,225,1
atitlan,2025-12-29,688650.0,1619850.0,0.25773782,13.4139,225,1
atitlan,2025-12-29,688950.0,1619850.0,0.27008677,14.477495,225,1
atitlan,2025-12-29,689250.0,1619850.0,0.26768377,13.934715,225,1
atitlan,2025-12-29,689550.0,1619850.0,0.16012096,10.28863,225,0
atitlan,2025-12-29,689850.0,1619850.0,-0.07348704,1.3596412,225,0
atitlan,2025-12-29,690150.0,1619850.0,-0.07691029,1.1739602,225,0
atitlan,2025-12-29,690450.0,1619850.0,-0.06873632,1.6360257,225,0
atitlan,2025-12-29,690750.0,1619850.0,0.09301339,6.142578,225,0
atitlan,2025-12-29,691050.0,1619850.0,0.11718449,6.831827,225,0
atitlan,2025-12-29,691350.0,1619850.0,0.20365602,12.099461,225,1
atitlan,2025-12-29,691650.0,1619850.0,0.2261577,11.915447,225,0
atitlan,2025-12-29,691950.0,1619850.0,0.25738165,13.267513,225,1
atitlan,2025-12-29,692250.0,1619850.0,0.25820705,13.80374,225,1
atitlan,2025-12-29,692550.0,1619850.0,0.26374838,14.338602,225,1
atitlan,2025-12-29,692850.0,1619850.0,0.17999469,10.328555,225,0
atitlan,2025-12-29,693150.0,1619850.0,0.23387186,12.36174,225,1
atitlan,2025-12-29,693450.0,1619850.0,0.25549442,13.9671135,225,1
atitlan,2025-12-29,693750.0,1619850.0,0.29918918,17.954933,225,1
atitlan,2025-12-29,694050.0,1619850.0,0.2915553,17.148493,225,1
atitlan,2025-12-29,694350.0,1619850.0,0.30400378,18.227201,225,1
atitlan,2025-12-29,694650.0,1619850.0,0.30771062,18.269827,225,1
atitlan,2025-12-29,694950.0,1619850.0,0.27441555,13.91444,225,1
atitlan,2025-12-29,695250.0,1619850.0,0.29253852,16.409246,225,1
atitlan,2025-12-29,695550.0,1619850.0,0.27118215,15.074349,225,1
atitlan,2025-12-29,695850.0,1619850.0,0.27891362,15.476575,225,1
atitlan,2025-12-29,696150.0,1619850.0,0.29922476,19.594175,225,1
atitlan,2025-12-29,696450.0,1619850.0,0.2844585,16.852722,225,1
atitlan,2025-12-29,696750.0,1619850.0,0.2921803,17.6948,225,1
atitlan,2025-12-29,697050.0,1619850.0,0.27486867,16.485266,225,1
atitlan,2025-12-29,697350.0,1619850.0,0.27649078,16.139887,225,1
atitlan,2025-12-29,697650.0,1619850.0,0.3075407,18.309172,225,1
atitlan,2025-12-29,697950.0,1619850.0,0.2913035,16.39254,225,1
atitlan,2025-12-29,698250.0,1619850.0,0.26420975,13.680868,225,1
atitlan,2025-12-29,698550.0,1619850.0,0.28216228,15.903879,225,1
atitlan,2025-12-29,698850.0,1619850.0,0.27712044,14.479185,225,1
atitlan,2025-12-29,699150.0,1619850.0,0.2506313,14.4858055,225,1
atitlan,2025-12-29,699450.0,1619850.0,0.19379178,13.73406,225,1
atitlan,2025-12-29,699750.0,1619850.0,0.2303025,13.982927,225,1
atitlan,2025-12-29,700050.0,1619850.0,0.26014793,14.382949,225,1
atitlan,2025-12-29,700350.0,1619850.0,0.09435895,8.806279,225,0
atitlan,2025-12-29,700650.0,1619850.0,-0.078267656,1.1130629,225,0
atitlan,2025-12-29,700950.0,1619850.0,0.011687316,3.2896805,225,0
atitlan,2025-12-29,701250.0,1619850.0,0.16241346,8.273183,225,0
atitlan,2025-12-29,701550.0,1619850.0,0.29156882,16.872055,225,1
atitlan,2025-12-29,701850.0,1619850.0,0.29983103,17.858797,225,1
atitlan,2025-12-29,702150.0,1619850.0,0.27886286,16.183147,225,1
atitlan,2025-12-29,702450.0,1619850.0,0.23277457,18.41962,225,1
atitlan,2025-12-29,702750.0,1619850.0,0.23278613,14.234934,225,1
atitlan,2025-12-29,703050.0,1619850.0,0.28088984,18.452623,225,1
atitlan,2025-12-29,703350.0,1619850.0,0.319527,21.417555,225,1
atitlan,2025-12-29,703650.0,1619850.0,0.30686173,20.116852,225,1
atitlan,2025-12-29,703950.0,1619850.0,0.28512567,18.875095,225,1
atitlan,2025-12-29,704250.0,1619850.0,0.27815664,18.11346,225,1
atitlan,2025-12-29,704550.0,1619850.0,0.31328118,21.012432,225,1
atitlan,2025-12-29,704850.0,1619850.0,0.2393505,13.364779,225,1
atitlan,2025-12-29,705150.0,1619850.0,0.2056153,10.092205,225,0
atitlan,2025-12-29,705450.0,1619850.0,0.22380728,11.171041,225,0
atitlan,2025-12-29,705750.0,1619850.0,0.2649819,14.047486,225,1
atitlan,2025-12-29,706050.0,1619850.0,0.30250975,19.694752,225,1
atitlan,2025-12-29,706350.0,1619850.0,0.34957495,26.782919,225,1
atitlan,2025-12-29,706650.0,1619850.0,0.34244424,25.644804,225,1
atitlan,2025-12-29,706950.0,1619850.0,0.30886844,20.510754,225,1
atitlan,2025-12-29,707250.0,1619850.0,0.28819215,16.703363,225,1
atitlan,2025-12-29,707550.0,1619850.0,0.23534183,16.057064,225,1
atitlan,2025-12-29,707850.0,1619850.0,0.1560993,9.384468,45,0
atitlan,2025-12-29,680250.0,1620150.0,0.13769056,7.0776305,180,0
atitlan,2025-12-29,680550.0,1620150.0,0.27051386,16.346066,225,1
atitlan,2025-12-29,680850.0,1620150.0,0.23028523,16.396252,225,1
atitlan,2025-12-29,681150.0,1620150.0,0.18114622,10.862176,225,0
atitlan,2025-12-29,681450.0,1620150.0,0.18765457,10.795584,225,0
atitlan,2025-12-29,681750.0,1620150.0,0.29865482,18.23118,225,1
atitlan,2025-12-29,682050.0,1620150.0,0.24297303,12.933185,225,1
atitlan,2025-12-29,682350.0,1620150.0,0.30961764,19.294043,225,1
atitlan,2025-12-29,682650.0,1620150.0,0.28473517,17.33062,225,1
atitlan,2025-12-29,682950.0,1620150.0,0.11564419,7.5197115,225,0
atitlan,2025-12-29,683250.0,1620150.0,0.20431621,12.0934515,225,1
atitlan,2025-12-29,683550.0,1620150.0,0.24874517,14.6287565,225,1
atitlan,2025-12-29,683850.0,1620150.0,0.26396677,16.71018,225,1
atitlan,2025-12-29,684150.0,1620150.0,0.3105974,21.014315,225,1
atitlan,2025-12-29,684450.0,1620150.0,0.32738748,25.617002,225,1
atitlan,2025-12-29,684750.0,1620150.0,0.32019132,22.849272,225,1
atitlan,2025-12-29,685050.0,1620150.0,0.3209834,20.98726,225,1
atitlan,2025-12-29,685350.0,1620150.0,0.19366704,12.085546,225,1
atitlan,2025-12-29,685650.0,1620150.0,0.36210954,27.642746,225,1
atitlan,2025-12-29,685950.0,1620150.0,0.32833484,22.928974,225,1
atitlan,2025-12-29,686250.0,1620150.0,0.37210763,29.84889,225,1
atitlan,2025-12-29,686550.0,1620150.0,0.38364205,33.246273,225,1
atitlan,2025-12-29,686850.0,1620150.0,0.37977093,31.819862,225,1
atitlan,2025-12-29,687150.0,1620150.0,0.36288083,27.67448,225,1
atitlan,2025-12-29,687450.0,1620150.0,0.3671477,28.731047,225,1
atitlan,2025-12-29,687750.0,1620150.0,0.358365,26.96822,225,1
atitlan,2025-12-29,688050.0,1620150.0,0.32054228,20.612257,225,1
atitlan,2025-12-29,688350.0,1620150.0,0.30156553,17.641396,225,1
atitlan,2025-12-29,688650.0,1620150.0,0.263896,13.539285,225,1
atitlan,2025-12-29,688950.0,1620150.0,0.2879961,16.657806,225,1
atitlan,2025-12-29,689250.0,1620150.0,0.2651885,15.1965475,225,1
atitlan,2025-12-29,689550.0,1620150.0,0.23517588,13.994327,225,1
atitlan,2025-12-29,689850.0,1620150.0,-0.055578563,2.0092435,225,0
atitlan,2025-12-29,690150.0,1620150.0,-0.07269334,1.4142774,225,0
atitlan,2025-12-29,690450.0,1620150.0,0.08023451,6.510216,225,0
atitlan,2025-12-29,690750.0,1620150.0,0.16367762,10.05433,225,0
atitlan,2025-12-29,691050.0,1620150.0,0.17491546,8.59577,225,0
atitlan,2025-12-29,691350.0,1620150.0,0.22943981,11.651926,225,0
atitlan,2025-12-29,691650.0,1620150.0,0.2684045,13.716599,225,1
atitlan,2025-12-29,691950.0,1620150.0,0.28580067,15.695759,225,1
atitlan,2025-12-29,692250.0,1620150.0,0.27397344,14.259401,225,1
atitlan,2025-12-29,692550.0,1620150.0,0.245992,12.16111,225,1
atitlan,2025-12-29,692850.0,1620150.0,0.2448031,13.327093,225,1
atitlan,2025-12-29,693150.0,1620150.0,0.26751924,14.243886,225,1
atitlan,2025-12-29,693450.0,1620150.0,0.27414575,14.630523,225,1
atitlan,2025-12-29,693750.0,1620150.0,0.27434215,14.579343,225,1
atitlan,2025-12-29,694050.0,1620150.0,0.25402483,12.501552,225,1
atitlan,2025-12-29,694350.0,1620150.0,0.274578,14.456709,225,1
atitlan,2025-12-29,694650.0,1620150.0,0.29327497,16.746933,225,1
atitlan,2025-12-29,694950.0,1620150.0,0.30431044,18.22422,225,1
atitlan,2025-12-29,695250.0,1620150.0,0.29287004,16.256397,225,1
atitlan,2025-12-29,695550.0,1620150.0,0.2781166,15.115302,225,1
atitlan,2025-12-29,695850.0,1620150.0,0.25952217,13.506001,225,1
atitlan,2025-12-29,696150.0,1620150.0,0.29039788,16.163675,225,1
atitlan,2025-12-29,696450.0,1620150.0,0.30874404,19.294846,225,1
atitlan,2025-12-29,696750.0,1620150.0,0.2999955,18.714981,225,1
atitlan,2025-12-29,697050.0,1620150.0,0.31426033,19.991459,225,1
atitlan,2025-12-29,697350.0,1620150.0,0.30914176,18.923405,225,1
atitlan,2025-12-29,697650.0,1620150.0,0.309882,18.692818,225,1
atitlan,2025-12-29,697950.0,1620150.0,0.29061446,16.333084,225,1
atitlan,2025-12-29,698250.0,1620150.0,0.28926322,17.627392,225,1
atitlan,2025-12-29,698550.0,1620150.0,0.28279394,16.584332,225,1
atitlan,2025-12-29,698850.0,1620150.0,0.26151943,14.732393,225,1
atitlan,2025-12-29,699150.0,1620150.0,0.26247746,14.112186,225,1
atitlan,2025-12-29,699450.0,1620150.0,0.24807107,14.294819,225,1
atitlan,2025-12-29,699750.0,1620150.0,0.26922226,15.913414,225,1
atitlan,2025-12-29,700050.0,1620150.0,0.13629308,11.118643,225,0
atitlan,2025-12-29,700350.0,1620150.0,-0.07528756,1.2613354,225,0
atitlan,2025-12-29,700650.0,1620150.0,-0.08088826,0.94019276,225,0
atitlan,2025-12-29,700950.0,1620150.0,-0.056785617,1.8034552,225,0
atitlan,2025-12-29,701250.0,1620150.0,0.22910711,11.224294,225,0
atitlan,2025-12-29,701550.0,1620150.0,0.30448103,18.775038,225,1
atitlan,2025-12-29,701850.0,1620150.0,0.30788982,18.467476,225,1
atitlan,2025-12-29,702150.0,1620150.0,0.29524666,17.250534,225,1
atitlan,2025-12-29,702450.0,1620150.0,0.31922838,21.783003,225,1
atitlan,2025-12-29,702750.0,1620150.0,0.23581019,15.74906,225,1
atitlan,2025-12-29,703050.0,1620150.0,0.26698953,15.698195,225,1
atitlan,2025-12-29,703350.0,1620150.0,0.3254934,21.53168,225,1
atitlan,2025-12-29,703650.0,1620150.0,0.30879933,19.97454,225,1
atitlan,2025-12-29,703950.0,1620150.0,0.21900795,15.986424,225,1
atitlan,2025-12-29,704250.0,1620150.0,0.27540997,17.43634,225,1
atitlan,2025-12-29,704550.0,1620150.0,0.28455135,17.358356,225,1
atitlan,2025-12-29,704850.0,1620150.0,0.2892013,18.119053,225,1
atitlan,2025-12-29,705150.0,1620150.0,0.2617744,14.250899,225,1
atitlan,2025-12-29,705450.0,1620150.0,0.28521705,16.506733,225,1
atitlan,2025-12-29,705750.0,1620150.0,0.28782526,18.108898,225,1
atitlan,2025-12-29,706050.0,1620150.0,0.32222998,23.173708,225,1
atitlan,2025-12-29,706350.0,1620150.0,0.29714233,19.330198,225,1
atitlan,2025-12-29,706650.0,1620150.0,0.29627883,19.875235,225,1
atitlan,2025-12-29,706950.0,1620150.0,0.30646893,20.383453,225,1
atitlan,2025-12-29,707250.0,1620150.0,0.28771654,16.740742,225,1
atitlan,2025-12-29,707550.0,1620150.0,0.20250669,11.501348,225,0
atitlan,2025-12-29,707850.0,1620150.0,0.19505817,9.862795,45,0
atitlan,2025-12-29,680250.0,1620450.0,0.016184544,4.3203607,180,0
atitlan,2025-12-29,680550.0,1620450.0,0.08894407,5.554649,225,0
atitlan,2025-12-29,680850.0,1620450.0,0.26641464,14.425505,225,1
atitlan,2025-12-29,681150.0,1620450.0,0.32881665,22.78591,225,1
atitlan,2025-12-29,681450.0,1620450.0,0.3136979,20.343075,225,1
atitlan,2025-12-29,681750.0,1620450.0,0.32293606,21.308256,225,1
atitlan,2025-12-29,682050.0,1620450.0,0.35433435,26.492775,225,1
atitlan,2025-12-29,682350.0,1620450.0,0.3505003,25.514536,225,1
atitlan,2025-12-29,682650.0,1620450.0,0.3193098,22.346334,225,1
atitlan,2025-12-29,682950.0,1620450.0,0.14875436,8.648688,225,0
atitlan,2025-12-29,683250.0,1620450.0,0.19722103,12.100344,225,1
atitlan,2025-12-29,683550.0,1620450.0,0.2643342,14.64111,225,1
atitlan,2025-12-29,683850.0,1620450.0,0.24532987,11.173833,225,0
atitlan,2025-12-29,684150.0,1620450.0,0.25793365,12.320363,225,1
atitlan,2025-12-29,684450.0,1620450.0,0.23247997,10.749761,225,0
atitlan,2025-12-29,684750.0,1620450.0,0.30396587,19.916618,225,1
atitlan,2025-12-29,685050.0,1620450.0,0.28119695,18.143486,225,1
atitlan,2025-12-29,685350.0,1620450.0,0.30521458,22.10822,225,1
atitlan,2025-12-29,685650.0,1620450.0,0.35316896,26.85087,225,1
atitlan,2025-12-29,685950.0,1620450.0,0.3673027,29.171223,225,1
atitlan,2025-12-29,686250.0,1620450.0,0.36669016,29.356892,225,1
atitlan,2025-12-29,686550.0,1620450.0,0.38265648,33.179367,225,1
atitlan,2025-12-29,686850.0,1620450.0,0.37665477,31.022898,225,1
atitlan,2025-12-29,687150.0,1620450.0,0.36966884,29.189905,225,1
atitlan,2025-12-29,687450.0,1620450.0,0.356587,26.327604,225,1
atitlan,2025-12-29,687750.0,1620450.0,0.34557688,24.508,225,1
atitlan,2025-12-29,688050.0,1620450.0,0.3447104,24.722876,225,1
atitlan,2025-12-29,688350.0,1620450.0,0.32582816,21.079737,225,1
atitlan,2025-12-29,688650.0,1620450.0,0.2829438,15.136183,225,1
atitlan,2025-12-29,688950.0,1620450.0,0.28347525,15.932341,225,1
atitlan,2025-12-29,689250.0,1620450.0,0.26845095,14.565413,225,1
atitlan,2025-12-29,689550.0,1620450.0,0.29292467,17.185308,225,1
atitlan,2025-12-29,689850.0,1620450.0,0.17599085,8.69947,225,0
atitlan,2025-12-29,690150.0,1620450.0,-0.005289282,3.8706174,225,0
atitlan,2025-12-29,690450.0,1620450.0,-0.011044227,3.536423,225,0
atitlan,2025-12-29,690750.0,1620450.0,0.16906638,11.326931,225,0
atitlan,2025-12-29,691050.0,1620450.0,0.21493123,10.846566,225,0
atitlan,2025-12-29,691350.0,1620450.0,0.21267231,10.047865,225,0
atitlan,2025-12-29,691650.0,1620450.0,0.2605346,12.644202,225,1
atitlan,2025-12-29,691950.0,1620450.0,0.25491324,13.204457,225,1
atitlan,2025-12-29,692250.0,1620450.0,0.25101805,13.708136,225,1
atitlan,2025-12-29,692550.0,1620450.0,0.21861789,10.2781,225,0
atitlan,2025-12-29,692850.0,1620450.0,0.2118851,9.292575,225,0
atitlan,2025-12-29,693150.0,1620450.0,0.20239179,8.236131,225,0
atitlan,2025-12-29,693450.0,1620450.0,0.22479236,9.914416,225,0
atitlan,2025-12-29,693750.0,1620450.0,0.23594159,10.631626,225,0
atitlan,2025-12-29,694050.0,1620450.0,0.24460939,11.6869,225,0
atitlan,2025-12-29,694350.0,1620450.0,0.2627022,13.124294,225,1
atitlan,2025-12-29,694650.0,1620450.0,0.26827714,14.204514,225,1
atitlan,2025-12-29,694950.0,1620450.0,0.29051286,16.426643,225,1
atitlan,2025-12-29,695250.0,1620450.0,0.30654907,18.078638,225,1
atitlan,2025-12-29,695550.0,1620450.0,0.28505525,15.271022,225,1
atitlan,2025-12-29,695850.0,1620450.0,0.2724385,15.628488,225,1
atitlan,2025-12-29,696150.0,1620450.0,0.2574691,13.202015,225,1
atitlan,2025-12-29,696450.0,1620450.0,0.2511665,13.204283,225,1
atitlan,2025-12-29,696750.0,1620450.0,0.2757602,14.539635,225,1
atitlan,2025-12-29,697050.0,1620450.0,0.2824276,15.794456,225,1
atitlan,2025-12-29,697350.0,1620450.0,0.270934,15.251427,225,1
atitlan,2025-12-29,697650.0,1620450.0,0.2860142,16.02505,225,1
atitlan,2025-12-29,697950.0,1620450.0,0.2948634,17.061754,225,1
atitlan,2025-12-29,698250.0,1620450.0,0.30663186,18.441456,225,1
atitlan,2025-12-29,698550.0,1620450.0,0.27351996,15.097767,225,1
atitlan,2025-12-29,698850.0,1620450.0,0.23799817,12.436896,225,1
atitlan,2025-12-29,699150.0,1620450.0,0.28075328,15.133015,225,1
atitlan,2025-12-29,699450.0,1620450.0,0.27678233,14.581548,225,1
atitlan,2025-12-29,699750.0,1620450.0,0.23320642,14.110357,225,1
atitlan,2025-12-29,700050.0,1620450.0,0.12919515,10.550319,225,0
atitlan,2025-12-29,700350.0,1620450.0,-0.07617965,1.2139943,225,0
atitlan,2025-12-29,700650.0,1620450.0,-0.07928215,1.0264989,225,0
atitlan,2025-12-29,700950.0,1620450.0,0.12169278,8.478215,225,0
atitlan,2025-12-29,701250.0,1620450.0,0.27547228,13.817918,225,1
atitlan,2025-12-29,701550.0,1620450.0,0.27478045,17.659008,225,1
atitlan,2025-12-29,701850.0,1620450.0,0.21504383,13.922114,225,1
atitlan,2025-12-29,702150.0,1620450.0,0.29375508,16.426508,225,1
atitlan,2025-12-29,702450.0,1620450.0,0.28061956,16.893711,225,1
atitlan,2025-12-29,702750.0,1620450.0,0.21289615,14.778738,225,1
atitlan,2025-12-29,703050.0,1620450.0,0.28468037,17.849434,225,1
atitlan,2025-12-29,703350.0,1620450.0,0.2976554,19.663889,225,1
atitlan,2025-12-29,703650.0,1620450.0,0.32749718,22.726973,225,1
atitlan,2025-12-29,703950.0,1620450.0,0.16829388,12.8802595,225,1
atitlan,2025-12-29,704250.0,1620450.0,0.27171642,18.8079,225,1
atitlan,2025-12-29,704550.0,1620450.0,0.28493494,16.65493,225,1
atitlan,2025-12-29,704850.0,1620450.0,0.2854569,17.057112,225,1
atitlan,2025-12-29,705150.0,1620450.0,0.28452945,16.422087,225,1
atitlan,2025-12-29,705450.0,1620450.0,0.25702465,14.950819,225,1
atitlan,2025-12-29,705750.0,1620450.0,0.19988623,9.225071,225,0
atitlan,2025-12-29,706050.0,1620450.0,0.22070812,10.222448,225,0
atitlan,2025-12-29,706350.0,1620450.0,0.28356573,16.255747,225,1
atitlan,2025-12-29,706650.0,1620450.0,0.28229037,17.03185,225,1
atitlan,2025-12-29,706950.0,1620450.0,0.29634225,18.705523,225,1
atitlan,2025-12-29,707250.0,1620450.0,0.25916502,13.230601,225,1
atitlan,2025-12-29,707550.0,1620450.0,0.24112761,13.962814,225,1
atitlan,2025-12-29,707850.0,1620450.0,0.24709336,16.88182,45,1
atitlan,2025-12-29,680250.0,1620750.0,-0.005270708,3.9178884,180,0
atitlan,2025-12-29,680550.0,1620750.0,0.034689356,4.43948,225,0
atitlan,2025-12-29,680850.0,1620750.0,0.21937104,10.084764,225,0
atitlan,2025-12-29,681150.0,1620750.0,0.26303992,12.911982,225,1
atitlan,2025-12-29,681450.0,1620750.0,0.24297062,11.947279,225,0
atitlan,2025-12-29,681750.0,1620750.0,0.24519475,13.504931,225,1
atitlan,2025-12-29,682050.0,1620750.0,0.30458954,19.513147,225,1
atitlan,2025-12-29,682350.0,1620750.0,0.33619532,24.004736,225,1
atitlan,2025-12-29,682650.0,1620750.0,0.3402001,25.0682,225,1
atitlan,2025-12-29,682950.0,1620750.0,0.2985361,18.71759,225,1
atitlan,2025-12-29,683250.0,1620750.0,0.20805946,11.787151,225,0
atitlan,2025-12-29,683550.0,1620750.0,0.12935205,7.130551,225,0
atitlan,2025-12-29,683850.0,1620750.0,0.1622847,8.411636,225,0
atitlan,2025-12-29,684150.0,1620750.0,0.24281394,11.860777,225,0
atitlan,2025-12-29,684450.0,1620750.0,0.2722133,15.602226,225,1
atitlan,2025-12-29,684750.0,1620750.0,0.24435015,16.689522,225,1
atitlan,2025-12-29,685050.0,1620750.0,0.34958443,25.593763,225,1
atitlan,2025-12-29,685350.0,1620750.0,0.36131337,27.847824,225,1
atitlan,2025-12-29,685650.0,1620750.0,0.37145826,30.234526,225,1
atitlan,2025-12-29,685950.0,1620750.0,0.37567016,31.323624,225,1
atitlan,2025-12-29,686250.0,1620750.0,0.35320553,26.471148,225,1
atitlan,2025-12-29,686550.0,1620750.0,0.36562246,28.674603,225,1
atitlan,2025-12-29,686850.0,1620750.0,0.38416773,33.074764,225,1
atitlan,2025-12-29,687150.0,1620750.0,0.35711712,26.481356,225,1
atitlan,2025-12-29,687450.0,1620750.0,0.35401875,25.807505,225,1
atitlan,2025-12-29,687750.0,1620750.0,0.3379917,22.973402,225,1
atitlan,2025-12-29,688050.0,1620750.0,0.352111,26.054197,225,1
atitlan,2025-12-29,688350.0,1620750.0,0.3176461,20.318075,225,1
atitlan,2025-12-29,688650.0,1620750.0,0.2952748,16.891775,225,1
atitlan,2025-12-29,688950.0,1620750.0,0.27336633,14.562166,225,1
atitlan,2025-12-29,689250.0,1620750.0,0.24829668,11.749246,225,0
atitlan,2025-12-29,689550.0,1620750.0,0.25618643,13.020636,225,1
atitlan,2025-12-29,689850.0,1620750.0,0.24316336,12.300582,225,1
atitlan,2025-12-29,690150.0,1620750.0,-0.02549641,2.9286418,225,0
atitlan,2025-12-29,690450.0,1620750.0,-0.030940173,3.2177162,225,0
atitlan,2025-12-29,690750.0,1620750.0,0.1267913,7.5815477,225,0
atitlan,2025-12-29,691050.0,1620750.0,0.14598729,7.0894628,225,0
atitlan,2025-12-29,691350.0,1620750.0,0.20762864,10.141447,225,0
atitlan,2025-12-29,691650.0,1620750.0,0.21046379,9.539971,225,0
atitlan,2025-12-29,691950.0,1620750.0,0.26672962,14.464995,225,1
atitlan,2025-12-29,692250.0,1620750.0,0.25805464,12.659482,225,1
atitlan,2025-12-29,692550.0,1620750.0,0.20771283,9.509002,225,0
atitlan,2025-12-29,692850.0,1620750.0,0.19691622,10.342335,225,0
atitlan,2025-12-29,693150.0,1620750.0,0.17299415,8.782256,225,0
atitlan,2025-12-29,693450.0,1620750.0,0.23025277,11.25306,225,0
atitlan,2025-12-29,693750.0,1620750.0,0.22935732,11.051256,225,0
atitlan,2025-12-29,694050.0,1620750.0,0.257387,12.292194,225,1
atitlan,2025-12-29,694350.0,1620750.0,0.24673538,11.707316,225,0
atitlan,2025-12-29,694650.0,1620750.0,0.25727388,12.199017,225,1
atitlan,2025-12-29,694950.0,1620750.0,0.26818255,14.433646,225,1
atitlan,2025-12-29,695250.0,1620750.0,0.2742931,14.647525,225,1
atitlan,2025-12-29,695550.0,1620750.0,0.27430752,15.430854,225,1
atitlan,2025-12-29,695850.0,1620750.0,0.26312843,14.036527,225,1
atitlan,2025-12-29,696150.0,1620750.0,0.2760634,15.164336,225,1
atitlan,2025-12-29,696450.0,1620750.0,0.23841001,13.171537,225,1
atitlan,2025-12-29,696750.0,1620750.0,0.28672528,16.26227,225,1
atitlan,2025-12-29,697050.0,1620750.0,0.24498615,14.076756,225,1
atitlan,2025-12-29,697350.0,1620750.0,0.2746729,16.519377,225,1
atitlan,2025-12-29,697650.0,1620750.0,0.2998123,17.69185,225,1
atitlan,2025-12-29,697950.0,1620750.0,0.2515037,13.305189,225,1
atitlan,2025-12-29,698250.0,1620750.0,0.25973028,14.151598,225,1
atitlan,2025-12-29,698550.0,1620750.0,0.2698675,14.563728,225,1
atitlan,2025-12-29,698850.0,1620750.0,0.26033878,13.958858,225,1
atitlan,2025-12-29,699150.0,1620750.0,0.27632406,13.966113,225,1
atitlan,2025-12-29,699450.0,1620750.0,0.2412304,12.31106,225,1
atitlan,2025-12-29,699750.0,1620750.0,0.22099847,13.491917,225,1
atitlan,2025-12-29,700050.0,1620750.0,-0.03441296,2.5964537,225,0
atitlan,2025-12-29,700350.0,1620750.0,-0.08162064,0.8882396,225,0
atitlan,2025-12-29,700650.0,1620750.0,-0.086581394,0.60845995,225,0
atitlan,2025-12-29,700950.0,1620750.0,-0.00895742,3.5917044,225,0
atitlan,2025-12-29,701250.0,1620750.0,0.08661794,5.1680284,225,0
atitlan,2025-12-29,701550.0,1620750.0,0.12693626,5.921533,225,0
atitlan,2025-12-29,701850.0,1620750.0,0.25423107,13.274799,225,1
atitlan,2025-12-29,702150.0,1620750.0,0.25672188,13.62312,225,1
atitlan,2025-12-29,702450.0,1620750.0,0.21632594,12.509324,225,1
atitlan,2025-12-29,702750.0,1620750.0,0.24629617,15.175468,225,1
atitlan,2025-12-29,703050.0,1620750.0,0.24236085,14.001873,225,1
atitlan,2025-12-29,703350.0,1620750.0,0.27056548,17.885344,225,1
atitlan,2025-12-29,703650.0,1620750.0,0.33090416,24.50378,225,1
atitlan,2025-12-29,703950.0,1620750.0,0.24825485,16.994928,225,1
atitlan,2025-12-29,704250.0,1620750.0,0.26713333,17.446102,225,1
atitlan,2025-12-29,704550.0,1620750.0,0.2715605,16.949865,225,1
atitlan,2025-12-29,704850.0,1620750.0,0.2647464,14.101872,225,1
atitlan,2025-12-29,705150.0,1620750.0,0.27404255,15.751396,225,1
atitlan,2025-12-29,705450.0,1620750.0,0.26423106,13.581164,225,1
atitlan,2025-12-29,705750.0,1620750.0,0.30728963,19.127382,225,1
atitlan,2025-12-29,706050.0,1620750.0,0.2763578,16.853962,225,1
atitlan,2025-12-29,706350.0,1620750.0,0.28604075,17.49706,225,1
atitlan,2025-12-29,706650.0,1620750.0,0.31445217,21.277815,225,1
atitlan,2025-12-29,706950.0,1620750.0,0.31424358,21.648985,225,1
atitlan,2025-12-29,707250.0,1620750.0,0.30601847,20.886578,225,1
atitlan,2025-12-29,707550.0,1620750.0,0.28968614,19.554201,225,1
atitlan,2025-12-29,707850.0,1620750.0,0.2114814,10.523114,45,0
atitlan,2025-12-29,680250.0,1621050.0,-0.0012736364,3.9785163,180,0
atitlan,2025-12-29,680550.0,1621050.0,0.011781242,4.118234,225,0
atitlan,2025-12-29,680850.0,1621050.0,0.16888161,7.371082,225,0
atitlan,2025-12-29,681150.0,1621050.0,0.22788796,9.718701,225,0
atitlan,2025-12-29,681450.0,1621050.0,0.2480867,11.667091,225,0
atitlan,2025-12-29,681750.0,1621050.0,0.25452968,11.890218,225,0
atitlan,2025-12-29,682050.0,1621050.0,0.24612401,12.447192,225,1
atitlan,2025-12-29,682350.0,1621050.0,0.2162246,13.915135,225,1
atitlan,2025-12-29,682650.0,1621050.0,0.3161634,23.471807,225,1
atitlan,2025-12-29,682950.0,1621050.0,0.3397872,24.731918,225,1
atitlan,2025-12-29,683250.0,1621050.0,0.18089496,12.239131,225,1
atitlan,2025-12-29,683550.0,1621050.0,0.24628668,16.902529,225,1
atitlan,2025-12-29,683850.0,1621050.0,0.15618356,9.123394,225,0
atitlan,2025-12-29,684150.0,1621050.0,0.2255138,13.655413,225,1
atitlan,2025-12-29,684450.0,1621050.0,0.29922858,20.460041,225,1
atitlan,2025-12-29,684750.0,1621050.0,0.34172127,25.020226,225,1
atitlan,2025-12-29,685050.0,1621050.0,0.33853123,25.736145,225,1
atitlan,2025-12-29,685350.0,1621050.0,0.30146566,19.424345,225,1
atitlan,2025-12-29,685650.0,1621050.0,0.25600085,15.5018835,225,1
atitlan,2025-12-29,685950.0,1621050.0,0.2591516,14.806236,225,1
atitlan,2025-12-29,686250.0,1621050.0,0.27387795,15.80333,225,1
atitlan,2025-12-29,686550.0,1621050.0,0.3605041,27.868576,225,1
atitlan,2025-12-29,686850.0,1621050.0,0.33997527,24.37182,225,1
atitlan,2025-12-29,687150.0,1621050.0,0.34176606,23.955961,225,1
atitlan,2025-12-29,687450.0,1621050.0,0.327887,21.771265,225,1
atitlan,2025-12-29,687750.0,1621050.0,0.28845653,15.984204,225,1
atitlan,2025-12-29,688050.0,1621050.0,0.3143775,20.08495,225,1
atitlan,2025-12-29,688350.0,1621050.0,0.30684564,18.250702,225,1
atitlan,2025-12-29,688650.0,1621050.0,0.2681413,14.546554,225,1
atitlan,2025-12-29,688950.0,1621050.0,0.23484975,11.825274,225,0
atitlan,2025-12-29,689250.0,1621050.0,0.22154775,10.936548,225,0
atitlan,2025-12-29,689550.0,1621050.0,0.15895629,9.416039,225,0
atitlan,2025-12-29,689850.0,1621050.0,-0.011755662,3.2056355,225,0
atitlan,2025-12-29,690150.0,1621050.0,-0.07432729,1.3237925,225,0
atitlan,2025-12-29,690450.0,1621050.0,0.08474657,7.6759233,225,0
atitlan,2025-12-29,690750.0,1621050.0,0.13239671,8.303873,225,0
atitlan,2025-12-29,691050.0,1621050.0,0.17484431,8.991928,225,0
atitlan,2025-12-29,691350.0,1621050.0,0.2236424,11.925059,225,0
atitlan,2025-12-29,691650.0,1621050.0,0.19819543,9.676175,225,0
atitlan,2025-12-29,691950.0,1621050.0,0.1483667,7.581428,225,0
atitlan,2025-12-29,692250.0,1621050.0,0.17917852,10.07222,225,0
atitlan,2025-12-29,692550.0,1621050.0,0.16511881,9.110525,225,0
atitlan,2025-12-29,692850.0,1621050.0,0.13464329,7.692471,225,0
atitlan,2025-12-29,693150.0,1621050.0,0.17156011,9.338691,225,0
atitlan,2025-12-29,693450.0,1621050.0,0.2538074,12.044983,225,1
atitlan,2025-12-29,693750.0,1621050.0,0.2505987,12.03918,225,1
atitlan,2025-12-29,694050.0,1621050.0,0.24481696,11.21179,225,0
atitlan,2025-12-29,694350.0,1621050.0,0.26026055,12.588523,225,1
atitlan,2025-12-29,694650.0,1621050.0,0.26126638,12.567309,225,1
atitlan,2025-12-29,694950.0,1621050.0,0.27267557,14.3494215,225,1
atitlan,2025-12-29,695250.0,1621050.0,0.2753827,14.732209,225,1
atitlan,2025-12-29,695550.0,1621050.0,0.26560697,14.627004,225,1
atitlan,2025-12-29,695850.0,1621050.0,0.2540536,13.626478,225,1
atitlan,2025-12-29,696150.0,1621050.0,0.2688471,14.627346,225,1
atitlan,2025-12-29,696450.0,1621050.0,0.27519068,15.45741,225,1
atitlan,2025-12-29,696750.0,1621050.0,0.25874442,13.481676,225,1
atitlan,2025-12-29,697050.0,1621050.0,0.28820664,16.270348,225,1
atitlan,2025-12-29,697350.0,1621050.0,0.27597365,14.364438,225,1
atitlan,2025-12-29,697650.0,1621050.0,0.2844133,15.225098,225,1
atitlan,2025-12-29,697950.0,1621050.0,0.24839352,13.146046,225,1
atitlan,2025-12-29,698250.0,1621050.0,0.22664037,11.31192,225,0
atitlan,2025-12-29,698550.0,1621050.0,0.23313358,12.556882,225,1
atitlan,2025-12-29,698850.0,1621050.0,0.24256109,14.886347,225,1
atitlan,2025-12-29,699150.0,1621050.0,0.12527418,8.946294,225,0
atitlan,2025-12-29,699450.0,1621050.0,0.040205084,5.79081,225,0
atitlan,2025-12-29,699750.0,1621050.0,-0.010328336,3.5325499,225,0
atitlan,2025-12-29,700050.0,1621050.0,-0.08309869,0.8321084,225,0
atitlan,2025-12-29,700350.0,1621050.0,-0.086469345,0.61812127,225,0
atitlan,2025-12-29,700650.0,1621050.0,-0.08609361,0.63566095,225,0
atitlan,2025-12-29,700950.0,1621050.0,-0.08604512,0.6578182,225,0
atitlan,2025-12-29,701250.0,1621050.0,-0.08176069,0.8788064,225,0
atitlan,2025-12-29,701550.0,1621050.0,-0.028663313,2.3206394,225,0
atitlan,2025-12-29,701850.0,1621050.0,0.14353417,6.8523116,225,0
atitlan,2025-12-29,702150.0,1621050.0,0.19564043,10.492628,225,0
atitlan,2025-12-29,702450.0,1621050.0,0.22734265,12.935221,225,1
atitlan,2025-12-29,702750.0,1621050.0,0.30953416,19.456007,225,1
atitlan,2025-12-29,703050.0,1621050.0,0.26544452,16.7992,225,1
atitlan,2025-12-29,703350.0,1621050.0,0.28952608,20.20838,225,1
atitlan,2025-12-29,703650.0,1621050.0,0.2911418,22.161762,225,1
atitlan,2025-12-29,703950.0,1621050.0,0.2982218,19.855042,225,1
atitlan,2025-12-29,704250.0,1621050.0,0.31896183,21.980896,225,1
atitlan,2025-12-29,704550.0,1621050.0,0.2513587,18.40029,225,1
atitlan,2025-12-29,704850.0,1621050.0,0.21638013,11.4326,225,0
atitlan,2025-12-29,705150.0,1621050.0,0.25844783,13.313339,225,1
atitlan,2025-12-29,705450.0,1621050.0,0.25980008,13.565808,225,1
atitlan,2025-12-29,705750.0,1621050.0,0.26710665,13.658934,225,1
atitlan,2025-12-29,706050.0,1621050.0,0.32061917,20.948238,225,1
atitlan,2025-12-29,706350.0,1621050.0,0.3395375,24.718967,225,1
atitlan,2025-12-29,706650.0,1621050.0,0.36577138,29.179804,225,1
atitlan,2025-12-29,706950.0,1621050.0,0.31597084,23.340036,225,1
atitlan,2025-12-29,707250.0,1621050.0,0.26904336,16.71533,225,1
atitlan,2025-12-29,707550.0,1621050.0,0.28245533,18.047977,225,1
atitlan,2025-12-29,707850.0,1621050.0,0.2309387,12.739824,45,1
atitlan,2025-12-29,680250.0,1621350.0,-0.009808266,3.7763784,180,0
atitlan,2025-12-29,680550.0,1621350.0,0.0018931441,4.015005,225,0
atitlan,2025-12-29,680850.0,1621350.0,0.012096836,4.0715327,225,0
atitlan,2025-12-29,681150.0,1621350.0,0.07735733,5.2817802,225,0
atitlan,2025-12-29,681450.0,1621350.0,0.2352521,12.361815,225,1
atitlan,2025-12-29,681750.0,1621350.0,0.23705216,11.992424,225,0
atitlan,2025-12-29,682050.0,1621350.0,0.24919859,12.89049,225,1
atitlan,2025-12-29,682350.0,1621350.0,0.20466495,10.6222925,225,0
atitlan,2025-12-29,682650.0,1621350.0,0.2718645,16.916298,225,1
atitlan,2025-12-29,682950.0,1621350.0,0.31852055,21.063215,225,1
atitlan,2025-12-29,683250.0,1621350.0,0.29870304,20.165783,225,1
atitlan,2025-12-29,683550.0,1621350.0,0.33144876,21.795809,225,1
atitlan,2025-12-29,683850.0,1621350.0,0.19292195,11.309868,225,0
atitlan,2025-12-29,684150.0,1621350.0,0.2521414,14.833021,225,1
atitlan,2025-12-29,684450.0,1621350.0,0.22564636,12.305784,225,1
atitlan,2025-12-29,684750.0,1621350.0,0.27782202,15.202036,225,1
atitlan,2025-12-29,685050.0,1621350.0,0.26187193,14.037375,225,1
atitlan,2025-12-29,685350.0,1621350.0,0.26732412,14.304483,225,1
atitlan,2025-12-29,685650.0,1621350.0,0.30076188,17.956816,225,1
atitlan,2025-12-29,685950.0,1621350.0,0.27943686,15.357297,225,1
atitlan,2025-12-29,686250.0,1621350.0,0.19511053,9.163074,225,0
atitlan,2025-12-29,686550.0,1621350.0,0.20062338,10.557326,225,0
atitlan,2025-12-29,686850.0,1621350.0,0.32158902,21.861122,225,1
atitlan,2025-12-29,687150.0,1621350.0,0.31738475,20.449083,225,1
atitlan,2025-12-29,687450.0,1621350.0,0.302219,18.38874,225,1
atitlan,2025-12-29,687750.0,1621350.0,0.30886453,18.780481,225,1
atitlan,2025-12-29,688050.0,1621350.0,0.3251414,20.968803,225,1
atitlan,2025-12-29,688350.0,1621350.0,0.30326182,17.602427,225,1
atitlan,2025-12-29,688650.0,1621350.0,0.25403184,12.824538,225,1
atitlan,2025-12-29,688950.0,1621350.0,0.25483772,13.32347,225,1
atitlan,2025-12-29,689250.0,1621350.0,0.23966077,11.833761,225,0
atitlan,2025-12-29,689550.0,1621350.0,0.15934679,9.028879,225,0
atitlan,2025-12-29,689850.0,1621350.0,-0.07347838,1.392769,225,0
atitlan,2025-12-29,690150.0,1621350.0,-0.07952631,1.0129728,225,0
atitlan,2025-12-29,690450.0,1621350.0,-0.0831022,0.79529,225,0
atitlan,2025-12-29,690750.0,1621350.0,-0.055708658,1.8407246,225,0
atitlan,2025-12-29,691050.0,1621350.0,0.19054204,11.922654,225,0
atitlan,2025-12-29,691350.0,1621350.0,0.046601746,4.6285357,225,0
atitlan,2025-12-29,691650.0,1621350.0,0.22066808,11.548637,225,0
atitlan,2025-12-29,691950.0,1621350.0,0.22263914,11.449619,225,0
atitlan,2025-12-29,692250.0,1621350.0,0.17221548,9.966565,225,0
atitlan,2025-12-29,692550.0,1621350.0,0.1825836,9.993797,225,0
atitlan,2025-12-29,692850.0,1621350.0,0.13485986,7.252335,225,0
atitlan,2025-12-29,693150.0,1621350.0,0.2278111,11.042643,225,0
atitlan,2025-12-29,693450.0,1621350.0,0.25560215,12.423963,225,1
atitlan,2025-12-29,693750.0,1621350.0,0.26263505,13.220151,225,1
atitlan,2025-12-29,694050.0,1621350.0,0.24571462,12.206931,225,1
atitlan,2025-12-29,694350.0,1621350.0,0.25235227,12.363487,225,1
atitlan,2025-12-29,694650.0,1621350.0,0.27118164,13.460772,225,1
atitlan,2025-12-29,694950.0,1621350.0,0.24357766,12.046368,225,1
atitlan,2025-12-29,695250.0,1621350.0,0.27323443,13.892063,225,1
atitlan,2025-12-29,695550.0,1621350.0,0.25539976,12.759183,225,1
atitlan,2025-12-29,695850.0,1621350.0,0.2632884,13.541471,225,1
atitlan,2025-12-29,696150.0,1621350.0,0.26547682,13.989305,225,1
atitlan,2025-12-29,696450.0,1621350.0,0.22478728,11.321973,225,0
atitlan,2025-12-29,696750.0,1621350.0,0.25602,13.367945,225,1
atitlan,2025-12-29,697050.0,1621350.0,0.2630212,13.697083,225,1
atitlan,2025-12-29,697350.0,1621350.0,0.2455485,12.359716,225,1
atitlan,2025-12-29,697650.0,1621350.0,0.21544285,11.864605,225,0
atitlan,2025-12-29,697950.0,1621350.0,0.22382513,11.638261,225,0
atitlan,2025-12-29,698250.0,1621350.0,0.18846512,9.872573,225,0
atitlan,2025-12-29,698550.0,1621350.0,0.21255074,11.455659,225,0
atitlan,2025-12-29,698850.0,1621350.0,0.19760609,11.169988,225,0
atitlan,2025-12-29,699150.0,1621350.0,-0.0071124295,3.772975,225,0
atitlan,2025-12-29,699450.0,1621350.0,-0.077892266,1.1072848,225,0
atitlan,2025-12-29,699750.0,1621350.0,-0.0802918,0.9611785,225,0
atitlan,2025-12-29,700050.0,1621350.0,-0.086261384,0.63250524,225,0
atitlan,2025-12-29,700350.0,1621350.0,-0.08670974,0.5974201,225,0
atitlan,2025-12-29,700650.0,1621350.0,-0.08632594,0.63603693,225,0
atitlan,2025-12-29,700950.0,1621350.0,-0.08735041,0.5825051,225,0
atitlan,2025-12-29,701250.0,1621350.0,-0.08578385,0.6761156,225,0
atitlan,2025-12-29,701550.0,1621350.0,-0.08191934,0.8728439,225,0
atitlan,2025-12-29,701850.0,1621350.0,0.15810476,7.630173,225,0
atitlan,2025-12-29,702150.0,1621350.0,0.1944897,8.81876,225,0
atitlan,2025-12-29,702450.0,1621350.0,0.19812354,8.594974,225,0
atitlan,2025-12-29,702750.0,1621350.0,0.17743772,7.9344616,225,0
atitlan,2025-12-29,703050.0,1621350.0,0.19418678,9.534705,225,0
atitlan,2025-12-29,703350.0,1621350.0,0.18401568,12.359299,225,1
atitlan,2025-12-29,703650.0,1621350.0,0.2249598,17.249737,225,1
atitlan,2025-12-29,703950.0,1621350.0,0.31718296,22.46571,225,1
atitlan,2025-12-29,704250.0,1621350.0,0.2851044,21.027931,225,1
atitlan,2025-12-29,704550.0,1621350.0,0.25873485,17.112394,225,1
atitlan,2025-12-29,704850.0,1621350.0,0.23032632,12.403516,225,1
atitlan,2025-12-29,705150.0,1621350.0,0.2650537,14.424207,225,1
atitlan,2025-12-29,705450.0,1621350.0,0.2609169,14.435995,225,1
atitlan,2025-12-29,705750.0,1621350.0,0.28465816,17.236097,225,1
atitlan,2025-12-29,706050.0,1621350.0,0.31882536,21.95375,225,1
atitlan,2025-12-29,706350.0,1621350.0,0.33659247,25.62403,225,1
atitlan,2025-12-29,706650.0,1621350.0,0.27301782,17.78732,225,1
atitlan,2025-12-29,706950.0,1621350.0,0.19988678,12.01616,225,1
atitlan,2025-12-29,707250.0,1621350.0,0.25007915,17.171303,225,1
atitlan,2025-12-29,707550.0,1621350.0,0.30397642,21.537607,225,1
atitlan,2025-12-29,707850.0,1621350.0,0.36892983,29.562641,45,1
atitlan,2025-12-29,680250.0,1621650.0,0.00035170018,4.0428786,180,0
atitlan,2025-12-29,680550.0,1621650.0,-0.00408502,3.9036145,225,0
atitlan,2025-12-29,680850.0,1621650.0,0.008788676,4.0767474,225,0
atitlan,2025-12-29,681150.0,1621650.0,0.02211704,4.225601,225,0
atitlan,2025-12-29,681450.0,1621650.0,0.1047348,6.033508,225,0
atitlan,2025-12-29,681750.0,1621650.0,0.26460838,19.295967,225,1
atitlan,2025-12-29,682050.0,1621650.0,0.27337548,17.085775,225,1
atitlan,2025-12-29,682350.0,1621650.0,0.19948308,11.373296,225,0
atitlan,2025-12-29,682650.0,1621650.0,0.2303646,14.589619,225,1
atitlan,2025-12-29,682950.0,1621650.0,0.30756846,18.996075,225,1
atitlan,2025-12-29,683250.0,1621650.0,0.2168244,11.970478,225,0
atitlan,2025-12-29,683550.0,1621650.0,0.29636577,19.411211,225,1
atitlan,2025-12-29,683850.0,1621650.0,0.24193728,15.138948,225,1
atitlan,2025-12-29,684150.0,1621650.0,0.1830795,10.249792,225,0
atitlan,2025-12-29,684450.0,1621650.0,0.19924489,10.987667,225,0
atitlan,2025-12-29,684750.0,1621650.0,0.27749938,17.378895,225,1
atitlan,2025-12-29,685050.0,1621650.0,0.31306753,20.197987,225,1
atitlan,2025-12-29,685350.0,1621650.0,0.29690015,16.819672,225,1
atitlan,2025-12-29,685650.0,1621650.0,0.2779172,14.562681,225,1
atitlan,2025-12-29,685950.0,1621650.0,0.24973595,11.92701,225,0
atitlan,2025-12-29,686250.0,1621650.0,0.21474043,10.2253685,225,0
atitlan,2025-12-29,686550.0,1621650.0,0.24641034,12.308662,225,1
atitlan,2025-12-29,686850.0,1621650.0,0.29562375,17.006264,225,1
atitlan,2025-12-29,687150.0,1621650.0,0.30406302,18.1447,225,1
atitlan,2025-12-29,687450.0,1621650.0,0.3022142,18.010624,225,1
atitlan,2025-12-29,687750.0,1621650.0,0.30030927,17.63927,225,1
atitlan,2025-12-29,688050.0,1621650.0,0.2974208,17.227474,225,1
atitlan,2025-12-29,688350.0,1621650.0,0.28377235,15.85321,225,1
atitlan,2025-12-29,688650.0,1621650.0,0.24326561,12.796897,225,1
atitlan,2025-12-29,688950.0,1621650.0,0.2067547,10.551474,225,0
atitlan,2025-12-29,689250.0,1621650.0,0.21642816,10.700865,225,0
atitlan,2025-12-29,689550.0,1621650.0,0.21881507,10.743446,225,0
atitlan,2025-12-29,689850.0,1621650.0,-0.0071587055,4.779514,225,0
atitlan,2025-12-29,690150.0,1621650.0,-0.08495889,0.7343259,225,0
atitlan,2025-12-29,690450.0,1621650.0,-0.086976446,0.59725887,225,0
atitlan,2025-12-29,690750.0,1621650.0,-0.078705214,0.9473459,225,0
atitlan,2025-12-29,691050.0,1621650.0,-0.026013179,3.356367,225,0
atitlan,2025-12-29,691350.0,1621650.0,-0.075276166,1.2682003,225,0
atitlan,2025-12-29,691650.0,1621650.0,0.1593592,9.72572,225,0
atitlan,2025-12-29,691950.0,1621650.0,0.24853882,12.136612,225,1
atitlan,2025-12-29,692250.0,1621650.0,0.23157248,11.33053,225,0
atitlan,2025-12-29,692550.0,1621650.0,0.23763849,11.670689,225,0
atitlan,2025-12-29,692850.0,1621650.0,0.23217867,12.496912,225,1
atitlan,2025-12-29,693150.0,1621650.0,0.2391118,12.572257,225,1
atitlan,2025-12-29,693450.0,1621650.0,0.25257263,12.858348,225,1
atitlan,2025-12-29,693750.0,1621650.0,0.25788137,13.138688,225,1
atitlan,2025-12-29,694050.0,1621650.0,0.2502614,12.339443,225,1
atitlan,2025-12-29,694350.0,1621650.0,0.26097852,13.561388,225,1
atitlan,2025-12-29,694650.0,1621650.0,0.26561198,13.60227,225,1
atitlan,2025-12-29,694950.0,1621650.0,0.26701862,14.221204,225,1
atitlan,2025-12-29,695250.0,1621650.0,0.25190997,13.198921,225,1
atitlan,2025-12-29,695550.0,1621650.0,0.26399153,13.851892,225,1
atitlan,2025-12-29,695850.0,1621650.0,0.27037874,14.708533,225,1
atitlan,2025-12-29,696150.0,1621650.0,0.24801643,13.693062,225,1
atitlan,2025-12-29,696450.0,1621650.0,0.2553761,14.420466,225,1
atitlan,2025-12-29,696750.0,1621650.0,0.27795443,15.59008,225,1
atitlan,2025-12-29,697050.0,1621650.0,0.24647771,12.713067,225,1
atitlan,2025-12-29,697350.0,1621650.0,0.23501626,11.542887,225,0
atitlan,2025-12-29,697650.0,1621650.0,0.22476777,11.4832735,225,0
atitlan,2025-12-29,697950.0,1621650.0,0.1367103,8.655159,225,0
atitlan,2025-12-29,698250.0,1621650.0,0.19392933,12.539894,225,1
atitlan,2025-12-29,698550.0,1621650.0,0.19653311,11.906203,225,0
atitlan,2025-12-29,698850.0,1621650.0,0.17089479,11.593555,225,0
atitlan,2025-12-29,699150.0,1621650.0,-0.069932885,1.4167832,225,0
atitlan,2025-12-29,699450.0,1621650.0,-0.08166866,0.902031,225,0
atitlan,2025-12-29,699750.0,1621650.0,-0.08263329,0.8457873,225,0
atitlan,2025-12-29,700050.0,1621650.0,-0.08582097,0.6738303,225,0
atitlan,2025-12-29,700350.0,1621650.0,-0.09038943,0.4613794,225,0
atitlan,2025-12-29,700650.0,1621650.0,-0.08832603,0.571503,225,0
atitlan,2025-12-29,700950.0,1621650.0,-0.087005846,0.60822177,225,0
atitlan,2025-12-29,701250.0,1621650.0,-0.088618904,0.5422634,225,0
atitlan,2025-12-29,701550.0,1621650.0,-0.07646968,1.0356166,225,0
atitlan,2025-12-29,701850.0,1621650.0,0.12177299,6.278085,225,0
atitlan,2025-12-29,702150.0,1621650.0,0.13795368,6.8613677,225,0
atitlan,2025-12-29,702450.0,1621650.0,0.04416716,4.55318,225,0
atitlan,2025-12-29,702750.0,1621650.0,0.05146851,4.876378,225,0
atitlan,2025-12-29,703050.0,1621650.0,0.18270889,7.6224403,225,0
atitlan,2025-12-29,703350.0,1621650.0,0.19265284,11.230712,225,0
atitlan,2025-12-29,703650.0,1621650.0,0.30382928,23.269117,225,1
atitlan,2025-12-29,703950.0,1621650.0,0.33732164,26.731047,225,1
atitlan,2025-12-29,704250.0,1621650.0,0.28882888,20.086779,225,1
atitlan,2025-12-29,704550.0,1621650.0,0.23866236,15.540401,225,1
atitlan,2025-12-29,704850.0,1621650.0,0.24739154,14.213471,225,1
atitlan,2025-12-29,705150.0,1621650.0,0.27978942,16.641575,225,1
atitlan,2025-12-29,705450.0,1621650.0,0.25781733,16.306932,225,1
atitlan,2025-12-29,705750.0,1621650.0,0.21883479,10.983711,225,0
atitlan,2025-12-29,706050.0,1621650.0,0.26524168,15.049327,225,1
atitlan,2025-12-29,706350.0,1621650.0,0.28251246,16.427153,225,1
atitlan,2025-12-29,706650.0,1621650.0,0.21532775,11.056441,225,0
atitlan,2025-12-29,706950.0,1621650.0,0.2438733,14.657029,225,1
atitlan,2025-12-29,707250.0,1621650.0,0.26414505,17.908728,225,1
atitlan,2025-12-29,707550.0,1621650.0,0.22050847,14.188974,225,1
atitlan,2025-12-29,707850.0,1621650.0,0.2226063,13.470119,45,1
atitlan,2025-12-29,680250.0,1621950.0,0.005044979,3.9576936,180,0
atitlan,2025-12-29,680550.0,1621950.0,-0.0031674593,3.9452388,225,0
atitlan,2025-12-29,680850.0,1621950.0,0.023018265,4.169263,225,0
atitlan,2025-12-29,681150.0,1621950.0,0.012955881,4.1474195,225,0
atitlan,2025-12-29,681450.0,1621950.0,0.07837556,5.4906826,225,0
atitlan,2025-12-29,681750.0,1621950.0,0.22608176,10.507256,225,0
atitlan,2025-12-29,682050.0,1621950.0,0.26437825,14.736709,225,1
atitlan,2025-12-29,682350.0,1621950.0,0.18377833,8.85212,225,0
atitlan,2025-12-29,682650.0,1621950.0,0.29340443,18.12927,225,1
atitlan,2025-12-29,682950.0,1621950.0,0.30850068,19.377329,225,1
atitlan,2025-12-29,683250.0,1621950.0,0.29283285,17.921871,225,1
atitlan,2025-12-29,683550.0,1621950.0,0.27780205,15.857215,225,1
atitlan,2025-12-29,683850.0,1621950.0,0.31143734,20.634912,225,1
atitlan,2025-12-29,684150.0,1621950.0,0.20364408,12.023234,225,1
atitlan,2025-12-29,684450.0,1621950.0,0.18775317,11.295957,225,0
atitlan,2025-12-29,684750.0,1621950.0,0.29177117,18.26649,225,1
atitlan,2025-12-29,685050.0,1621950.0,0.29697597,16.831308,225,1
atitlan,2025-12-29,685350.0,1621950.0,0.2492148,14.382447,225,1
atitlan,2025-12-29,685650.0,1621950.0,0.2771747,14.630943,225,1
atitlan,2025-12-29,685950.0,1621950.0,0.28687403,15.98626,225,1
atitlan,2025-12-29,686250.0,1621950.0,0.2632876,14.174293,225,1
atitlan,2025-12-29,686550.0,1621950.0,0.25601706,12.833737,225,1
atitlan,2025-12-29,686850.0,1621950.0,0.25480556,12.5505705,225,1
atitlan,2025-12-29,687150.0,1621950.0,0.29125035,16.530256,225,1
atitlan,2025-12-29,687450.0,1621950.0,0.29293287,17.092554,225,1
atitlan,2025-12-29,687750.0,1621950.0,0.27582592,15.720248,225,1
atitlan,2025-12-29,688050.0,1621950.0,0.29231384,16.38224,225,1
atitlan,2025-12-29,688350.0,1621950.0,0.2731848,13.944945,225,1
atitlan,2025-12-29,688650.0,1621950.0,0.28095087,14.608417,225,1
atitlan,2025-12-29,688950.0,1621950.0,0.25743517,13.015218,225,1
atitlan,2025-12-29,689250.0,1621950.0,0.23772122,11.070035,225,0
atitlan,2025-12-29,689550.0,1621950.0,0.1434679,8.179092,225,0
atitlan,2025-12-29,689850.0,1621950.0,-0.042364933,2.0739877,225,0
atitlan,2025-12-29,690150.0,1621950.0,-0.08204335,0.88952595,225,0
atitlan,2025-12-29,690450.0,1621950.0,-0.08556649,0.691707,225,0
atitlan,2025-12-29,690750.0,1621950.0,-0.082479626,0.8471019,225,0
atitlan,2025-12-29,691050.0,1621950.0,-0.08019458,0.9788928,225,0
atitlan,2025-12-29,691350.0,1621950.0,-0.07456656,1.1627249,225,0
atitlan,2025-12-29,691650.0,1621950.0,0.040092226,6.488981,225,0
atitlan,2025-12-29,691950.0,1621950.0,0.015734036,4.803038,225,0
atitlan,2025-12-29,692250.0,1621950.0,0.10177715,9.197739,225,0
atitlan,2025-12-29,692550.0,1621950.0,0.25443646,15.115331,225,1
atitlan,2025-12-29,692850.0,1621950.0,0.047937054,6.3450656,225,0
atitlan,2025-12-29,693150.0,1621950.0,0.10749382,7.7638316,225,0
atitlan,2025-12-29,693450.0,1621950.0,0.25071165,13.0695505,225,1
atitlan,2025-12-29,693750.0,1621950.0,0.21441083,11.482349,225,0
atitlan,2025-12-29,694050.0,1621950.0,0.27751133,15.031179,225,1
atitlan,2025-12-29,694350.0,1621950.0,0.27787164,14.541044,225,1
atitlan,2025-12-29,694650.0,1621950.0,0.2676848,13.887516,225,1
atitlan,2025-12-29,694950.0,1621950.0,0.26913482,14.201131,225,1
atitlan,2025-12-29,695250.0,1621950.0,0.2779617,14.411328,225,1
atitlan,2025-12-29,695550.0,1621950.0,0.28045797,15.578087,225,1
atitlan,2025-12-29,695850.0,1621950.0,0.27170756,14.512051,225,1
atitlan,2025-12-29,696150.0,1621950.0,0.280179,15.258409,225,1
atitlan,2025-12-29,696450.0,1621950.0,0.20990638,9.32581,225,0
atitlan,2025-12-29,696750.0,1621950.0,0.2622616,14.229574,225,1
atitlan,2025-12-29,697050.0,1621950.0,0.27256793,14.033713,225,1
atitlan,2025-12-29,697350.0,1621950.0,0.23555745,11.602287,225,0
atitlan,2025-12-29,697650.0,1621950.0,0.17968893,10.900486,225,0
atitlan,2025-12-29,697950.0,1621950.0,0.20163116,13.750795,225,1
atitlan,2025-12-29,698250.0,1621950.0,0.16920139,11.551514,225,0
atitlan,2025-12-29,698550.0,1621950.0,-0.03310077,2.9269767,225,0
atitlan,2025-12-29,698850.0,1621950.0,0.25489432,14.839685,225,1
atitlan,2025-12-29,699150.0,1621950.0,0.08357579,7.2719307,225,0
atitlan,2025-12-29,699450.0,1621950.0,-0.08570257,0.6837158,225,0
atitlan,2025-12-29,699750.0,1621950.0,-0.083531775,0.80727625,225,0
atitlan,2025-12-29,700050.0,1621950.0,-0.08512642,0.7065241,225,0
atitlan,2025-12-29,700350.0,1621950.0,-0.090106405,0.457698,225,0
atitlan,2025-12-29,700650.0,1621950.0,-0.088351,0.55237585,225,0
atitlan,2025-12-29,700950.0,1621950.0,-0.08857148,0.536363,225,0
atitlan,2025-12-29,701250.0,1621950.0,-0.089015,0.5061127,225,0
atitlan,2025-12-29,701550.0,1621950.0,-0.08660067,0.63752395,225,0
atitlan,2025-12-29,701850.0,1621950.0,-0.08526043,0.702438,225,0
atitlan,2025-12-29,702150.0,1621950.0,-0.08240504,0.8626732,225,0
atitlan,2025-12-29,702450.0,1621950.0,-0.07999582,0.9908421,225,0
atitlan,2025-12-29,702750.0,1621950.0,-0.03054525,2.7426248,225,0
atitlan,2025-12-29,703050.0,1621950.0,0.2238242,10.581243,225,0
atitlan,2025-12-29,703350.0,1621950.0,0.2249742,10.109937,225,0
atitlan,2025-12-29,703650.0,1621950.0,0.14256117,9.674633,225,0
atitlan,2025-12-29,703950.0,1621950.0,0.1660134,11.25121,225,0
atitlan,2025-12-29,704250.0,1621950.0,0.2864461,19.942915,225,1
atitlan,2025-12-29,704550.0,1621950.0,0.24416293,15.106609,225,1
atitlan,2025-12-29,704850.0,1621950.0,0.2235239,12.803379,225,1
atitlan,2025-12-29,705150.0,1621950.0,0.26064223,14.061136,225,1
atitlan,2025-12-29,705450.0,1621950.0,0.24114722,13.8176985,225,1
atitlan,2025-12-29,705750.0,1621950.0,0.23182566,11.997478,225,0
atitlan,2025-12-29,706050.0,1621950.0,0.26294288,14.509482,225,1
atitlan,2025-12-29,706350.0,1621950.0,0.30344775,18.555933,225,1
atitlan,2025-12-29,706650.0,1621950.0,0.3061986,18.904482,225,1
atitlan,2025-12-29,706950.0,1621950.0,0.2686025,15.144918,225,1
atitlan,2025-12-29,707250.0,1621950.0,0.23397061,12.6915865,225,1
atitlan,2025-12-29,707550.0,1621950.0,0.23338039,12.416332,225,1
atitlan,2025-12-29,707850.0,1621950.0,0.30625254,18.714886,45,1
atitlan,2025-12-29,680250.0,1622250.0,0.04022462,4.543521,180,0
atitlan,2025-12-29,680550.0,1622250.0,0.0086748805,3.952263,225,0
atitlan,2025-12-29,680850.0,1622250.0,0.004742144,4.0401225,225,0
atitlan,2025-12-29,681150.0,1622250.0,0.016801415,4.1627693,225,0
atitlan,2025-12-29,681450.0,1622250.0,0.086709194,5.471831,225,0
atitlan,2025-12-29,681750.0,1622250.0,0.21444422,10.17999,225,0
atitlan,2025-12-29,682050.0,1622250.0,0.24478534,12.723651,225,1
atitlan,2025-12-29,682350.0,1622250.0,0.24624178,14.407836,225,1
atitlan,2025-12-29,682650.0,1622250.0,0.3139285,19.988026,225,1
atitlan,2025-12-29,682950.0,1622250.0,0.2922621,17.845024,225,1
atitlan,2025-12-29,683250.0,1622250.0,0.2655208,15.761033,225,1
atitlan,2025-12-29,683550.0,1622250.0,0.103079475,5.9865675,225,0
atitlan,2025-12-29,683850.0,1622250.0,0.2976254,19.264503,225,1
atitlan,2025-12-29,684150.0,1622250.0,0.2667852,16.165556,225,1
atitlan,2025-12-29,684450.0,1622250.0,0.22212979,12.667257,225,1
atitlan,2025-12-29,684750.0,1622250.0,0.26723605,15.260635,225,1
atitlan,2025-12-29,685050.0,1622250.0,0.2850926,16.423271,225,1
atitlan,2025-12-29,685350.0,1622250.0,0.2909757,15.873053,225,1
atitlan,2025-12-29,685650.0,1622250.0,0.29080608,16.107166,225,1
atitlan,2025-12-29,685950.0,1622250.0,0.27452695,14.439378,225,1
atitlan,2025-12-29,686250.0,1622250.0,0.22213824,9.344617,225,0
atitlan,2025-12-29,686550.0,1622250.0,0.23224881,10.348836,225,0
atitlan,2025-12-29,686850.0,1622250.0,0.23203458,10.462932,225,0
atitlan,2025-12-29,687150.0,1622250.0,0.26126733,13.127612,225,1
atitlan,2025-12-29,687450.0,1622250.0,0.24586691,12.259718,225,1
atitlan,2025-12-29,687750.0,1622250.0,0.27096844,15.381491,225,1
atitlan,2025-12-29,688050.0,1622250.0,0.2791311,15.7820015,225,1
atitlan,2025-12-29,688350.0,1622250.0,0.27210537,14.271059,225,1
atitlan,2025-12-29,688650.0,1622250.0,0.26461822,13.461362,225,1
atitlan,2025-12-29,688950.0,1622250.0,0.25349215,12.172408,225,1
atitlan,2025-12-29,689250.0,1622250.0,0.24319385,10.779232,225,0
atitlan,2025-12-29,689550.0,1622250.0,-0.012574473,3.1291032,225,0
atitlan,2025-12-29,689850.0,1622250.0,-0.07688265,1.1706284,225,0
atitlan,2025-12-29,690150.0,1622250.0,-0.08009423,0.9821739,225,0
atitlan,2025-12-29,690450.0,1622250.0,-0.084120914,0.76653963,225,0
atitlan,2025-12-29,690750.0,1622250.0,-0.08510885,0.6868401,225,0
atitlan,2025-12-29,691050.0,1622250.0,-0.08470811,0.69481456,225,0
atitlan,2025-12-29,691350.0,1622250.0,-0.084485695,0.7169635,225,0
atitlan,2025-12-29,691650.0,1622250.0,-0.08510546,0.70126116,225,0
atitlan,2025-12-29,691950.0,1622250.0,-0.080184124,0.97831905,225,0
atitlan,2025-12-29,692250.0,1622250.0,-0.02692143,2.6379676,225,0
atitlan,2025-12-29,692550.0,1622250.0,0.001566676,3.9315262,225,0
atitlan,2025-12-29,692850.0,1622250.0,0.070550926,7.4301033,225,0
atitlan,2025-12-29,693150.0,1622250.0,-0.008107471,3.2913165,225,0
atitlan,2025-12-29,693450.0,1622250.0,-0.045950234,2.2159824,225,0
atitlan,2025-12-29,693750.0,1622250.0,-0.062541544,1.6493796,225,0
atitlan,2025-12-29,694050.0,1622250.0,0.21530156,13.131514,225,1
atitlan,2025-12-29,694350.0,1622250.0,0.27039227,14.303025,225,1
atitlan,2025-12-29,694650.0,1622250.0,0.29223233,15.943856,225,1
atitlan,2025-12-29,694950.0,1622250.0,0.28227484,15.509858,225,1
atitlan,2025-12-29,695250.0,1622250.0,0.28165898,15.379802,225,1
atitlan,2025-12-29,695550.0,1622250.0,0.27857566,15.242299,225,1
atitlan,2025-12-29,695850.0,1622250.0,0.27361867,13.981401,225,1
atitlan,2025-12-29,696150.0,1622250.0,0.24425313,12.356709,225,1
atitlan,2025-12-29,696450.0,1622250.0,0.24795014,12.453639,225,1
atitlan,2025-12-29,696750.0,1622250.0,0.22250462,10.369883,225,0
atitlan,2025-12-29,697050.0,1622250.0,0.22102715,10.847526,225,0
atitlan,2025-12-29,697350.0,1622250.0,0.20472562,10.854083,225,0
atitlan,2025-12-29,697650.0,1622250.0,0.12341117,8.218139,225,0
atitlan,2025-12-29,697950.0,1622250.0,0.09293969,8.13222,225,0
atitlan,2025-12-29,698250.0,1622250.0,-0.007310773,3.7385554,225,0
atitlan,2025-12-29,698550.0,1622250.0,-0.07626004,1.2009408,225,0
atitlan,2025-12-29,698850.0,1622250.0,0.088370554,8.109955,225,0
atitlan,2025-12-29,699150.0,1622250.0,-0.062241424,1.841511,225,0
atitlan,2025-12-29,699450.0,1622250.0,-0.087172195,0.6135144,225,0
atitlan,2025-12-29,699750.0,1622250.0,-0.08531628,0.70577806,225,0
atitlan,2025-12-29,700050.0,1622250.0,-0.08880645,0.51458687,225,0
atitlan,2025-12-29,700350.0,1622250.0,-0.09165908,0.3897503,225,0
atitlan,2025-12-29,700650.0,1622250.0,-0.09040542,0.47935224,225,0
atitlan,2025-12-29,700950.0,1622250.0,-0.08967918,0.4805049,225,0
atitlan,2025-12-29,701250.0,1622250.0,-0.08955447,0.48075023,225,0
atitlan,2025-12-29,701550.0,1622250.0,-0.08972393,0.4877558,225,0
atitlan,2025-12-29,701850.0,1622250.0,-0.089503646,0.48956293,225,0
atitlan,2025-12-29,702150.0,1622250.0,-0.086901486,0.6246898,225,0
atitlan,2025-12-29,702450.0,1622250.0,-0.08441505,0.75064784,225,0
atitlan,2025-12-29,702750.0,1622250.0,-0.03844061,2.4113212,225,0
atitlan,2025-12-29,703050.0,1622250.0,0.24514951,11.733496,225,0
atitlan,2025-12-29,703350.0,1622250.0,0.2726055,15.697762,225,1
atitlan,2025-12-29,703650.0,1622250.0,0.2195259,17.62327,225,1
atitlan,2025-12-29,703950.0,1622250.0,0.19859171,13.338062,225,1
atitlan,2025-12-29,704250.0,1622250.0,0.30461827,21.35516,225,1
atitlan,2025-12-29,704550.0,1622250.0,0.28208366,19.644033,225,1
atitlan,2025-12-29,704850.0,1622250.0,0.2000854,13.134149,225,1
atitlan,2025-12-29,705150.0,1622250.0,0.23066032,13.021364,225,1
atitlan,2025-12-29,705450.0,1622250.0,0.20678017,10.707062,225,0
atitlan,2025-12-29,705750.0,1622250.0,0.26570866,15.873667,225,1
atitlan,2025-12-29,706050.0,1622250.0,0.27276075,17.62856,225,1
atitlan,2025-12-29,706350.0,1622250.0,0.23478377,14.558153,225,1
atitlan,2025-12-29,706650.0,1622250.0,0.27861997,18.847488,225,1
atitlan,2025-12-29,706950.0,1622250.0,0.2702498,15.45037,225,1
atitlan,2025-12-29,707250.0,1622250.0,0.2716841,16.029528,225,1
atitlan,2025-12-29,707550.0,1622250.0,0.30560765,21.338076,225,1
atitlan,2025-12-29,707850.0,1622250.0,0.28168505,18.80442,45,1
atitlan,2025-12-29,680250.0,1622550.0,0.06847808,5.1459155,180,0
atitlan,2025-12-29,680550.0,1622550.0,0.015371238,4.1639013,225,0
atitlan,2025-12-29,680850.0,1622550.0,0.028737191,4.320847,225,0
atitlan,2025-12-29,681150.0,1622550.0,0.019843973,4.1907897,225,0
atitlan,2025-12-29,681450.0,1622550.0,0.11246055,6.1467576,225,0
atitlan,2025-12-29,681750.0,1622550.0,0.21960905,10.751467,225,0
atitlan,2025-12-29,682050.0,1622550.0,0.20210023,9.75436,225,0
atitlan,2025-12-29,682350.0,1622550.0,0.25358957,13.570883,225,1
atitlan,2025-12-29,682650.0,1622550.0,0.31886172,20.788862,225,1
atitlan,2025-12-29,682950.0,1622550.0,0.3156387,19.932535,225,1
atitlan,2025-12-29,683250.0,1622550.0,0.30050433,17.095226,225,1
atitlan,2025-12-29,683550.0,1622550.0,0.28293926,15.148519,225,1
atitlan,2025-12-29,683850.0,1622550.0,0.2552439,14.63446,225,1
atitlan,2025-12-29,684150.0,1622550.0,0.27544227,17.132774,225,1
atitlan,2025-12-29,684450.0,1622550.0,0.22229642,13.589856,225,1
atitlan,2025-12-29,684750.0,1622550.0,0.28602475,18.118303,225,1
atitlan,2025-12-29,685050.0,1622550.0,0.31040177,18.919636,225,1
atitlan,2025-12-29,685350.0,1622550.0,0.28606507,16.568188,225,1
atitlan,2025-12-29,685650.0,1622550.0,0.26892895,14.740221,225,1
atitlan,2025-12-29,685950.0,1622550.0,0.26044023,12.956164,225,1
atitlan,2025-12-29,686250.0,1622550.0,0.24233545,11.006976,225,0
atitlan,2025-12-29,686550.0,1622550.0,0.2392905,10.36639,225,0
atitlan,2025-12-29,686850.0,1622550.0,0.24865472,12.142678,225,1
atitlan,2025-12-29,687150.0,1622550.0,0.22332889,12.110869,225,1
atitlan,2025-12-29,687450.0,1622550.0,0.26905358,14.948419,225,1
atitlan,2025-12-29,687750.0,1622550.0,0.24478124,14.206699,225,1
atitlan,2025-12-29,688050.0,1622550.0,0.27221096,14.132214,225,1
atitlan,2025-12-29,688350.0,1622550.0,0.23755547,11.842703,225,0
atitlan,2025-12-29,688650.0,1622550.0,0.2619909,13.662272,225,1
atitlan,2025-12-29,688950.0,1622550.0,0.2504048,11.823171,225,0
atitlan,2025-12-29,689250.0,1622550.0,0.17572774,8.888934,225,0
atitlan,2025-12-29,689550.0,1622550.0,-0.07386673,1.3106042,225,0
atitlan,2025-12-29,689850.0,1622550.0,-0.0829349,0.8124414,225,0
atitlan,2025-12-29,690150.0,1622550.0,-0.086669564,0.6160293,225,0
atitlan,2025-12-29,690450.0,1622550.0,-0.0873528,0.5620492,225,0
atitlan,2025-12-29,690750.0,1622550.0,-0.08832397,0.5363945,225,0
atitlan,2025-12-29,691050.0,1622550.0,-0.08697468,0.5858208,225,0
atitlan,2025-12-29,691350.0,1622550.0,-0.087652944,0.54521805,225,0
atitlan,2025-12-29,691650.0,1622550.0,-0.08584028,0.6580752,225,0
atitlan,2025-12-29,691950.0,1622550.0,-0.085245684,0.6910632,225,0
atitlan,2025-12-29,692250.0,1622550.0,-0.08710339,0.58435255,225,0
atitlan,2025-12-29,692550.0,1622550.0,-0.084556356,0.71119595,225,0
atitlan,2025-12-29,692850.0,1622550.0,-0.084685646,0.70793396,225,0
atitlan,2025-12-29,693150.0,1622550.0,-0.0867358,0.6296548,225,0
atitlan,2025-12-29,693450.0,1622550.0,-0.08347482,0.77478904,225,0
atitlan,2025-12-29,693750.0,1622550.0,-0.082163446,0.8683903,225,0
atitlan,2025-12-29,694050.0,1622550.0,0.1928133,12.338326,225,1
atitlan,2025-12-29,694350.0,1622550.0,0.2865365,15.722163,225,1
atitlan,2025-12-29,694650.0,1622550.0,0.30061418,17.239996,225,1
atitlan,2025-12-29,694950.0,1622550.0,0.28246695,15.481745,225,1
atitlan,2025-12-29,695250.0,1622550.0,0.2817689,15.43556,225,1
atitlan,2025-12-29,695550.0,1622550.0,0.23932299,12.668535,225,1
atitlan,2025-12-29,695850.0,1622550.0,0.248712,12.685276,225,1
atitlan,2025-12-29,696150.0,1622550.0,0.24587648,11.438224,225,0
atitlan,2025-12-29,696450.0,1622550.0,0.2589073,12.820477,225,1
atitlan,2025-12-29,696750.0,1622550.0,0.271626,14.23249,225,1
atitlan,2025-12-29,697050.0,1622550.0,0.20854917,10.97706,225,0
atitlan,2025-12-29,697350.0,1622550.0,0.14267229,8.311245,225,0
atitlan,2025-12-29,697650.0,1622550.0,0.055802997,6.583087,225,0
atitlan,2025-12-29,697950.0,1622550.0,-0.07738062,1.1411588,225,0
atitlan,2025-12-29,698250.0,1622550.0,-0.08132405,0.9465128,225,0
atitlan,2025-12-29,698550.0,1622550.0,-0.08583873,0.6879908,225,0
atitlan,2025-12-29,698850.0,1622550.0,-0.08203818,0.88588005,225,0
atitlan,2025-12-29,699150.0,1622550.0,-0.083232194,0.83268625,225,0
atitlan,2025-12-29,699450.0,1622550.0,-0.08921183,0.49675635,225,0
atitlan,2025-12-29,699750.0,1622550.0,-0.08737723,0.60736644,225,0
atitlan,2025-12-29,700050.0,1622550.0,-0.08936687,0.49699923,225,0
atitlan,2025-12-29,700350.0,1622550.0,-0.09180139,0.35276866,225,0
atitlan,2025-12-29,700650.0,1622550.0,-0.090555415,0.44755512,225,0
atitlan,2025-12-29,700950.0,1622550.0,-0.08907972,0.5213618,225,0
atitlan,2025-12-29,701250.0,1622550.0,-0.08966161,0.5070207,225,0
atitlan,2025-12-29,701550.0,1622550.0,-0.08964965,0.4983992,225,0
atitlan,2025-12-29,701850.0,1622550.0,-0.08955098,0.5099202,225,0
atitlan,2025-12-29,702150.0,1622550.0,-0.090314135,0.4807073,225,0
atitlan,2025-12-29,702450.0,1622550.0,-0.08726629,0.58878285,225,0
atitlan,2025-12-29,702750.0,1622550.0,-0.009093033,2.911314,225,0
atitlan,2025-12-29,703050.0,1622550.0,0.2225481,10.410725,225,0
atitlan,2025-12-29,703350.0,1622550.0,0.26715693,14.359493,225,1
atitlan,2025-12-29,703650.0,1622550.0,0.27464876,15.827461,225,1
atitlan,2025-12-29,703950.0,1622550.0,0.22444357,14.958945,225,1
atitlan,2025-12-29,704250.0,1622550.0,0.27418423,17.622086,225,1
atitlan,2025-12-29,704550.0,1622550.0,0.265495,17.816023,225,1
atitlan,2025-12-29,704850.0,1622550.0,0.17772803,9.699592,225,0
atitlan,2025-12-29,705150.0,1622550.0,0.18703617,10.459789,225,0
atitlan,2025-12-29,705450.0,1622550.0,0.24327254,14.50752,225,1
atitlan,2025-12-29,705750.0,1622550.0,0.2553128,14.507755,225,1
atitlan,2025-12-29,706050.0,1622550.0,0.28499445,18.180788,225,1
atitlan,2025-12-29,706350.0,1622550.0,0.29012963,20.776276,225,1
atitlan,2025-12-29,706650.0,1622550.0,0.29730874,22.215752,225,1
atitlan,2025-12-29,706950.0,1622550.0,0.33381137,25.20768,225,1
atitlan,2025-12-29,707250.0,1622550.0,0.33511323,25.444597,225,1
atitlan,2025-12-29,707550.0,1622550.0,0.28435978,18.29256,225,1
atitlan,2025-12-29,707850.0,1622550.0,0.21330725,11.783306,45,0
atitlan,2025-12-29,680250.0,1622850.0,0.06289672,4.8543353,180,0
atitlan,2025-12-29,680550.0,1622850.0,0.048316825,4.6293526,225,0
atitlan,2025-12-29,680850.0,1622850.0,0.058850415,4.869803,225,0
atitlan,2025-12-29,681150.0,1622850.0,0.08781971,5.428972,225,0
atitlan,2025-12-29,681450.0,1622850.0,0.15724719,7.364427,225,0
atitlan,2025-12-29,681750.0,1622850.0,0.15399212,7.1640778,225,0
atitlan,2025-12-29,682050.0,1622850.0,0.23282008,11.283584,225,0
atitlan,2025-12-29,682350.0,1622850.0,0.21963635,10.865999,225,0
atitlan,2025-12-29,682650.0,1622850.0,0.2836253,16.414585,225,1
atitlan,2025-12-29,682950.0,1622850.0,0.2952509,16.872358,225,1
atitlan,2025-12-29,683250.0,1622850.0,0.30118367,17.311028,225,1
atitlan,2025-12-29,683550.0,1622850.0,0.29779357,17.76686,225,1
atitlan,2025-12-29,683850.0,1622850.0,0.275126,14.344341,225,1
atitlan,2025-12-29,684150.0,1622850.0,0.3098849,18.968872,225,1
atitlan,2025-12-29,684450.0,1622850.0,0.2787428,22.904608,224,1
atitlan,2025-12-29,684750.0,1622850.0,0.29537955,18.797237,225,1
atitlan,2025-12-29,685050.0,1622850.0,0.2965248,18.236454,225,1
atitlan,2025-12-29,685350.0,1622850.0,0.24730806,12.991669,225,1
atitlan,2025-12-29,685650.0,1622850.0,0.24947508,15.757024,225,1
atitlan,2025-12-29,685950.0,1622850.0,0.28062013,15.642493,225,1
atitlan,2025-12-29,686250.0,1622850.0,0.23795404,10.634753,225,0
atitlan,2025-12-29,686550.0,1622850.0,0.26789078,13.081057,225,1
atitlan,2025-12-29,686850.0,1622850.0,0.2029847,10.754599,225,0
atitlan,2025-12-29,687150.0,1622850.0,0.19200104,10.008161,225,0
atitlan,2025-12-29,687450.0,1622850.0,0.29633597,16.869658,225,1
atitlan,2025-12-29,687750.0,1622850.0,0.25055876,12.64229,225,1
atitlan,2025-12-29,688050.0,1622850.0,0.24781226,12.674291,225,1
atitlan,2025-12-29,688350.0,1622850.0,0.2334901,11.507433,225,0
atitlan,2025-12-29,688650.0,1622850.0,0.2505759,11.92782,225,0
atitlan,2025-12-29,688950.0,1622850.0,0.2755345,14.174027,225,1
atitlan,2025-12-29,689250.0,1622850.0,0.15450267,8.844846,225,0
atitlan,2025-12-29,689550.0,1622850.0,-0.08063574,0.933876,225,0
atitlan,2025-12-29,689850.0,1622850.0,-0.08439808,0.74793553,225,0
atitlan,2025-12-29,690150.0,1622850.0,-0.08460434,0.7047011,225,0
atitlan,2025-12-29,690450.0,1622850.0,-0.08690452,0.59774524,225,0
atitlan,2025-12-29,690750.0,1622850.0,-0.08533844,0.6864217,225,0
atitlan,2025-12-29,691050.0,1622850.0,-0.08653448,0.60018486,225,0
atitlan,2025-12-29,691350.0,1622850.0,-0.08613421,0.6345113,225,0
atitlan,2025-12-29,691650.0,1622850.0,-0.087431,0.5757282,225,0
atitlan,2025-12-29,691950.0,1622850.0,-0.08761465,0.574133,225,0
atitlan,2025-12-29,692250.0,1622850.0,-0.08774155,0.58244526,225,0
atitlan,2025-12-29,692550.0,1622850.0,-0.087274864,0.5844843,225,0
atitlan,2025-12-29,692850.0,1622850.0,-0.087836966,0.585155,225,0
atitlan,2025-12-29,693150.0,1622850.0,-0.087482005,0.59256184,225,0
atitlan,2025-12-29,693450.0,1622850.0,-0.08574017,0.6651627,225,0
atitlan,2025-12-29,693750.0,1622850.0,-0.08847788,0.54017395,225,0
atitlan,2025-12-29,694050.0,1622850.0,0.02861089,5.7686367,225,0
atitlan,2025-12-29,694350.0,1622850.0,0.11709747,8.810908,225,0
atitlan,2025-12-29,694650.0,1622850.0,0.17579533,11.500204,225,0
atitlan,2025-12-29,694950.0,1622850.0,0.09240395,7.3122454,225,0
atitlan,2025-12-29,695250.0,1622850.0,0.20602773,12.13428,225,1
atitlan,2025-12-29,695550.0,1622850.0,0.26738402,14.947391,225,1
atitlan,2025-12-29,695850.0,1622850.0,0.1723329,10.309918,225,0
atitlan,2025-12-29,696150.0,1622850.0,0.20736618,12.089567,225,1
atitlan,2025-12-29,696450.0,1622850.0,0.14213218,8.911073,225,0
atitlan,2025-12-29,696750.0,1622850.0,0.19794092,10.947904,225,0
atitlan,2025-12-29,697050.0,1622850.0,0.20739663,11.564495,225,0
atitlan,2025-12-29,697350.0,1622850.0,0.14074773,8.292592,225,0
atitlan,2025-12-29,697650.0,1622850.0,0.111853376,9.798608,225,0
atitlan,2025-12-29,697950.0,1622850.0,-0.08018838,0.9740957,225,0
atitlan,2025-12-29,698250.0,1622850.0,-0.08474275,0.72159046,225,0
atitlan,2025-12-29,698550.0,1622850.0,-0.088771656,0.5270668,225,0
atitlan,2025-12-29,698850.0,1622850.0,-0.08300038,0.82324743,225,0
atitlan,2025-12-29,699150.0,1622850.0,-0.08491251,0.72216254,225,0
atitlan,2025-12-29,699450.0,1622850.0,-0.0872561,0.61550134,225,0
atitlan,2025-12-29,699750.0,1622850.0,-0.089374505,0.47881174,225,0
atitlan,2025-12-29,700050.0,1622850.0,-0.08937205,0.5086658,225,0
atitlan,2025-12-29,700350.0,1622850.0,-0.09402169,0.31793556,225,0
atitlan,2025-12-29,700650.0,1622850.0,-0.09514822,0.28673053,225,0
atitlan,2025-12-29,700950.0,1622850.0,-0.09515614,0.28792495,225,0
atitlan,2025-12-29,701250.0,1622850.0,-0.09462002,0.2685694,225,0
atitlan,2025-12-29,701550.0,1622850.0,-0.093300655,0.34179506,225,0
atitlan,2025-12-29,701850.0,1622850.0,-0.09138507,0.42768285,225,0
atitlan,2025-12-29,702150.0,1622850.0,-0.091915205,0.40034837,225,0
atitlan,2025-12-29,702450.0,1622850.0,-0.087955065,0.5671121,225,0
atitlan,2025-12-29,702750.0,1622850.0,0.024024513,4.0666533,225,0
atitlan,2025-12-29,703050.0,1622850.0,0.20761712,9.723554,225,0
atitlan,2025-12-29,703350.0,1622850.0,0.22736837,11.158692,225,0
atitlan,2025-12-29,703650.0,1622850.0,0.30004174,17.964014,225,1
atitlan,2025-12-29,703950.0,1622850.0,0.25191647,15.172714,225,1
atitlan,2025-12-29,704250.0,1622850.0,0.23165134,15.656098,225,1
atitlan,2025-12-29,704550.0,1622850.0,0.20409794,13.363349,225,1
atitlan,2025-12-29,704850.0,1622850.0,0.20775971,12.066401,225,1
atitlan,2025-12-29,705150.0,1622850.0,0.2132579,12.685888,225,1
atitlan,2025-12-29,705450.0,1622850.0,0.27975863,16.196325,225,1
atitlan,2025-12-29,705750.0,1622850.0,0.26142296,15.39334,225,1
atitlan,2025-12-29,706050.0,1622850.0,0.28667292,18.942883,225,1
atitlan,2025-12-29,706350.0,1622850.0,0.26615146,18.005417,225,1
atitlan,2025-12-29,706650.0,1622850.0,0.30831587,21.276016,225,1
atitlan,2025-12-29,706950.0,1622850.0,0.2917154,17.255857,225,1
atitlan,2025-12-29,707250.0,1622850.0,0.24203819,14.428193,225,1
atitlan,2025-12-29,707550.0,1622850.0,0.2568262,15.126439,225,1
atitlan,2025-12-29,707850.0,1622850.0,0.20910595,14.569946,45,1
atitlan,2025-12-29,680250.0,1623150.0,0.035169605,4.7525573,180,0
atitlan,2025-12-29,680550.0,1623150.0,0.08945149,5.7343526,225,0
atitlan,2025-12-29,680850.0,1623150.0,0.06629989,5.09069,225,0
atitlan,2025-12-29,681150.0,1623150.0,0.06997312,5.171058,225,0
atitlan,2025-12-29,681450.0,1623150.0,0.07310405,5.113082,225,0
atitlan,2025-12-29,681750.0,1623150.0,0.13654837,7.4764476,225,0
atitlan,2025-12-29,682050.0,1623150.0,0.21150678,11.6635065,225,0
atitlan,2025-12-29,682350.0,1623150.0,0.21261023,11.400681,225,0
atitlan,2025-12-29,682650.0,1623150.0,0.28752023,16.255358,225,1
atitlan,2025-12-29,682950.0,1623150.0,0.30395675,18.361868,225,1
atitlan,2025-12-29,683250.0,1623150.0,0.29065824,16.036085,225,1
atitlan,2025-12-29,683550.0,1623150.0,0.27457365,14.851418,225,1
atitlan,2025-12-29,683850.0,1623150.0,0.30664802,18.201387,225,1
atitlan,2025-12-29,684150.0,1623150.0,0.3158949,19.801188,225,1
atitlan,2025-12-29,684450.0,1623150.0,0.3183697,19.981026,225,1
atitlan,2025-12-29,684750.0,1623150.0,0.3026052,19.814585,225,1
atitlan,2025-12-29,685050.0,1623150.0,0.32166886,21.683289,225,1
atitlan,2025-12-29,685350.0,1623150.0,0.26838908,14.730185,225,1
atitlan,2025-12-29,685650.0,1623150.0,0.29614604,18.989584,225,1
atitlan,2025-12-29,685950.0,1623150.0,0.29500064,17.68418,225,1
atitlan,2025-12-29,686250.0,1623150.0,0.26888055,13.765875,225,1
atitlan,2025-12-29,686550.0,1623150.0,0.26294428,13.102954,225,1
atitlan,2025-12-29,686850.0,1623150.0,0.2608375,13.246931,225,1
atitlan,2025-12-29,687150.0,1623150.0,0.23304154,11.933232,225,0
atitlan,2025-12-29,687450.0,1623150.0,0.23738551,11.236244,225,0
atitlan,2025-12-29,687750.0,1623150.0,0.2596689,12.94285,225,1
atitlan,2025-12-29,688050.0,1623150.0,0.22599389,12.186193,225,1
atitlan,2025-12-29,688350.0,1623150.0,0.24166635,12.442479,225,1
atitlan,2025-12-29,688650.0,1623150.0,0.2444003,12.713388,225,1
atitlan,2025-12-29,688950.0,1623150.0,0.19820204,10.841427,225,0
atitlan,2025-12-29,689250.0,1623150.0,-0.06194247,1.7057055,225,0
atitlan,2025-12-29,689550.0,1623150.0,-0.08270007,0.8321431,225,0
atitlan,2025-12-29,689850.0,1623150.0,-0.08327905,0.82006574,225,0
atitlan,2025-12-29,690150.0,1623150.0,-0.08726218,0.5823863,225,0
atitlan,2025-12-29,690450.0,1623150.0,-0.0869899,0.5995369,225,0
atitlan,2025-12-29,690750.0,1623150.0,-0.08734092,0.58303154,225,0
atitlan,2025-12-29,691050.0,1623150.0,-0.08548335,0.68181676,225,0
atitlan,2025-12-29,691350.0,1623150.0,-0.08724819,0.59064674,225,0
atitlan,2025-12-29,691650.0,1623150.0,-0.08649348,0.6571226,225,0
atitlan,2025-12-29,691950.0,1623150.0,-0.087933965,0.57242095,225,0
atitlan,2025-12-29,692250.0,1623150.0,-0.088433295,0.5247731,225,0
atitlan,2025-12-29,692550.0,1623150.0,-0.088664226,0.5370723,225,0
atitlan,2025-12-29,692850.0,1623150.0,-0.089341976,0.47741714,225,0
atitlan,2025-12-29,693150.0,1623150.0,-0.08890007,0.5200068,225,0
atitlan,2025-12-29,693450.0,1623150.0,-0.08574124,0.6966095,225,0
atitlan,2025-12-29,693750.0,1623150.0,-0.09045273,0.45402798,225,0
atitlan,2025-12-29,694050.0,1623150.0,-0.087647915,0.58924353,225,0
atitlan,2025-12-29,694350.0,1623150.0,-0.08535861,0.7138721,225,0
atitlan,2025-12-29,694650.0,1623150.0,-0.08339107,0.8091716,225,0
atitlan,2025-12-29,694950.0,1623150.0,-0.08248784,0.8582127,225,0
atitlan,2025-12-29,695250.0,1623150.0,-0.078097805,1.018085,225,0
atitlan,2025-12-29,695550.0,1623150.0,0.006183349,4.3844666,225,0
atitlan,2025-12-29,695850.0,1623150.0,-0.06698547,1.3763582,225,0
atitlan,2025-12-29,696150.0,1623150.0,-0.05122081,1.7832406,225,0
atitlan,2025-12-29,696450.0,1623150.0,-0.06071268,1.6408104,225,0
atitlan,2025-12-29,696750.0,1623150.0,0.08839157,6.745376,225,0
atitlan,2025-12-29,697050.0,1623150.0,0.12351586,8.033267,225,0
atitlan,2025-12-29,697350.0,1623150.0,0.2083981,12.069244,225,1
atitlan,2025-12-29,697650.0,1623150.0,0.025203556,5.343424,225,0
atitlan,2025-12-29,697950.0,1623150.0,-0.086189985,0.66626143,225,0
atitlan,2025-12-29,698250.0,1623150.0,-0.0882862,0.5502417,225,0
atitlan,2025-12-29,698550.0,1623150.0,-0.08960286,0.5039128,225,0
atitlan,2025-12-29,698850.0,1623150.0,-0.087531194,0.5880862,225,0
atitlan,2025-12-29,699150.0,1623150.0,-0.09204016,0.38103887,225,0
atitlan,2025-12-29,699450.0,1623150.0,-0.09135826,0.43217513,225,0
atitlan,2025-12-29,699750.0,1623150.0,-0.09386667,0.28093714,225,0
atitlan,2025-12-29,700050.0,1623150.0,-0.09185397,0.43983263,225,0
atitlan,2025-12-29,700350.0,1623150.0,-0.09510711,0.25351077,225,0
atitlan,2025-12-29,700650.0,1623150.0,-0.09571092,0.22973447,225,0
atitlan,2025-12-29,700950.0,1623150.0,-0.095917724,0.26524097,225,0
atitlan,2025-12-29,701250.0,1623150.0,-0.09332447,0.3276365,225,0
atitlan,2025-12-29,701550.0,1623150.0,-0.09330212,0.36115435,225,0
atitlan,2025-12-29,701850.0,1623150.0,-0.09294074,0.3269894,225,0
atitlan,2025-12-29,702150.0,1623150.0,-0.091204084,0.40626386,225,0
atitlan,2025-12-29,702450.0,1623150.0,-0.089395836,0.49111626,225,0
atitlan,2025-12-29,702750.0,1623150.0,-0.048741285,1.9211974,225,0
atitlan,2025-12-29,703050.0,1623150.0,0.21834795,11.036839,225,0
atitlan,2025-12-29,703350.0,1623150.0,0.20710103,9.408071,225,0
atitlan,2025-12-29,703650.0,1623150.0,0.28171092,16.500423,225,1
atitlan,2025-12-29,703950.0,1623150.0,0.23579001,14.591182,225,1
atitlan,2025-12-29,704250.0,1623150.0,0.22257422,16.352446,225,1
atitlan,2025-12-29,704550.0,1623150.0,0.19971143,13.727575,225,1
atitlan,2025-12-29,704850.0,1623150.0,0.19307984,11.655074,225,0
atitlan,2025-12-29,705150.0,1623150.0,0.2154131,14.012443,225,1
atitlan,2025-12-29,705450.0,1623150.0,0.28690085,16.98467,225,1
atitlan,2025-12-29,705750.0,1623150.0,0.26691544,15.3330345,225,1
atitlan,2025-12-29,706050.0,1623150.0,0.26664525,15.016589,225,1
atitlan,2025-12-29,706350.0,1623150.0,0.2863803,17.48269,225,1
atitlan,2025-12-29,706650.0,1623150.0,0.30758548,21.672564,225,1
atitlan,2025-12-29,706950.0,1623150.0,0.3031093,19.244688,225,1
atitlan,2025-12-29,707250.0,1623150.0,0.22332887,12.920338,225,1
atitlan,2025-12-29,707550.0,1623150.0,0.2783237,18.203741,225,1
atitlan,2025-12-29,707850.0,1623150.0,0.27615008,16.213366,45,1
atitlan,2025-12-29,680250.0,1623450.0,0.11724055,6.009215,180,0
atitlan,2025-12-29,680550.0,1623450.0,0.07622178,5.2648463,225,0
atitlan,2025-12-29,680850.0,1623450.0,0.1391243,7.5298843,225,0
atitlan,2025-12-29,681150.0,1623450.0,0.048590105,4.9933457,225,0
atitlan,2025-12-29,681450.0,1623450.0,0.034970906,4.464356,225,0
atitlan,2025-12-29,681750.0,1623450.0,0.09711568,6.4581923,225,0
atitlan,2025-12-29,682050.0,1623450.0,0.108546644,6.326744,225,0
atitlan,2025-12-29,682350.0,1623450.0,0.25649145,14.591884,225,1
atitlan,2025-12-29,682650.0,1623450.0,0.3165713,19.696154,225,1
atitlan,2025-12-29,682950.0,1623450.0,0.3202236,19.894253,225,1
atitlan,2025-12-29,683250.0,1623450.0,0.29555094,16.578585,225,1
atitlan,2025-12-29,683550.0,1623450.0,0.2650206,13.845645,225,1
atitlan,2025-12-29,683850.0,1623450.0,0.23867087,11.267394,225,0
atitlan,2025-12-29,684150.0,1623450.0,0.28748003,15.756325,225,1
atitlan,2025-12-29,684450.0,1623450.0,0.30978125,18.428686,225,1
atitlan,2025-12-29,684750.0,1623450.0,0.30683905,18.352575,225,1
atitlan,2025-12-29,685050.0,1623450.0,0.29965687,17.854061,225,1
atitlan,2025-12-29,685350.0,1623450.0,0.26339284,15.063319,225,1
atitlan,2025-12-29,685650.0,1623450.0,0.2495917,12.503638,225,1
atitlan,2025-12-29,685950.0,1623450.0,0.27595252,14.992193,225,1
atitlan,2025-12-29,686250.0,1623450.0,0.23837134,12.242906,225,1
atitlan,2025-12-29,686550.0,1623450.0,0.26727882,13.526192,225,1
atitlan,2025-12-29,686850.0,1623450.0,0.2752867,14.644231,225,1
atitlan,2025-12-29,687150.0,1623450.0,0.24278502,11.803716,225,0
atitlan,2025-12-29,687450.0,1623450.0,0.25145063,12.837495,225,1
atitlan,2025-12-29,687750.0,1623450.0,0.26411888,13.4576235,225,1
atitlan,2025-12-29,688050.0,1623450.0,0.23434216,12.574418,225,1
atitlan,2025-12-29,688350.0,1623450.0,0.18689713,10.3939085,225,0
atitlan,2025-12-29,688650.0,1623450.0,0.06770632,5.9817014,225,0
atitlan,2025-12-29,688950.0,1623450.0,-0.05566407,1.8784196,225,0
atitlan,2025-12-29,689250.0,1623450.0,-0.08173588,0.8909899,225,0
atitlan,2025-12-29,689550.0,1623450.0,-0.08440571,0.729168,225,0
atitlan,2025-12-29,689850.0,1623450.0,-0.086456135,0.62441427,225,0
atitlan,2025-12-29,690150.0,1623450.0,-0.08639171,0.6408551,225,0
atitlan,2025-12-29,690450.0,1623450.0,-0.08616155,0.63809174,225,0
atitlan,2025-12-29,690750.0,1623450.0,-0.0883399,0.52535385,225,0
atitlan,2025-12-29,691050.0,1623450.0,-0.08409035,0.7339145,225,0
atitlan,2025-12-29,691350.0,1623450.0,-0.086505376,0.635533,225,0
atitlan,2025-12-29,691650.0,1623450.0,-0.08675777,0.5860735,225,0
atitlan,2025-12-29,691950.0,1623450.0,-0.089951396,0.46508572,225,0
atitlan,2025-12-29,692250.0,1623450.0,-0.08846518,0.5340024,225,0
atitlan,2025-12-29,692550.0,1623450.0,-0.08715496,0.5934488,225,0
atitlan,2025-12-29,692850.0,1623450.0,-0.08884211,0.5333491,225,0
atitlan,2025-12-29,693150.0,1623450.0,-0.08982656,0.46900502,225,0
atitlan,2025-12-29,693450.0,1623450.0,-0.08939327,0.5245549,225,0
atitlan,2025-12-29,693750.0,1623450.0,-0.09366873,0.31731778,225,0
atitlan,2025-12-29,694050.0,1623450.0,-0.091957934,0.3793111,225,0
atitlan,2025-12-29,694350.0,1623450.0,-0.09344927,0.28825372,225,0
atitlan,2025-12-29,694650.0,1623450.0,-0.09211753,0.37049794,225,0
atitlan,2025-12-29,694950.0,1623450.0,-0.089969486,0.4648116,225,0
atitlan,2025-12-29,695250.0,1623450.0,-0.090565644,0.44779754,225,0
atitlan,2025-12-29,695550.0,1623450.0,-0.090093926,0.47888526,225,0
atitlan,2025-12-29,695850.0,1623450.0,-0.0909351,0.4119519,225,0
atitlan,2025-12-29,696150.0,1623450.0,-0.08773757,0.5975259,225,0
atitlan,2025-12-29,696450.0,1623450.0,-0.09090548,0.445014,225,0
atitlan,2025-12-29,696750.0,1623450.0,-0.07926171,0.90289915,225,0
atitlan,2025-12-29,697050.0,1623450.0,-0.08637374,0.664737,225,0
atitlan,2025-12-29,697350.0,1623450.0,-0.063068494,1.6056368,225,0
atitlan,2025-12-29,697650.0,1623450.0,-0.08629292,0.6237563,225,0
atitlan,2025-12-29,697950.0,1623450.0,-0.09165197,0.3943057,225,0
atitlan,2025-12-29,698250.0,1623450.0,-0.092814855,0.3435347,225,0
atitlan,2025-12-29,698550.0,1623450.0,-0.091484606,0.41772625,225,0
atitlan,2025-12-29,698850.0,1623450.0,-0.090708405,0.43579125,225,0
atitlan,2025-12-29,699150.0,1623450.0,-0.093803406,0.3110497,225,0
atitlan,2025-12-29,699450.0,1623450.0,-0.09282883,0.34911773,225,0
atitlan,2025-12-29,699750.0,1623450.0,-0.09392088,0.28158438,225,0
atitlan,2025-12-29,700050.0,1623450.0,-0.09310408,0.32511753,225,0
atitlan,2025-12-29,700350.0,1623450.0,-0.09425454,0.30777615,225,0
atitlan,2025-12-29,700650.0,1623450.0,-0.09545868,0.23572864,225,0
atitlan,2025-12-29,700950.0,1623450.0,-0.09515425,0.26707464,225,0
atitlan,2025-12-29,701250.0,1623450.0,-0.09447393,0.30115804,225,0
atitlan,2025-12-29,701550.0,1623450.0,-0.09369992,0.30442092,225,0
atitlan,2025-12-29,701850.0,1623450.0,-0.092186525,0.35421452,225,0
atitlan,2025-12-29,702150.0,1623450.0,-0.08968925,0.46908832,225,0
atitlan,2025-12-29,702450.0,1623450.0,-0.083581455,0.7943028,225,0
atitlan,2025-12-29,702750.0,1623450.0,0.11965639,7.397294,225,0
atitlan,2025-12-29,703050.0,1623450.0,0.17276226,8.28806,225,0
atitlan,2025-12-29,703350.0,1623450.0,0.23593499,10.725547,225,0
atitlan,2025-12-29,703650.0,1623450.0,0.25261137,13.98447,225,1
atitlan,2025-12-29,703950.0,1623450.0,0.18899424,12.4067335,225,1
atitlan,2025-12-29,704250.0,1623450.0,0.22339952,15.166128,225,1
atitlan,2025-12-29,704550.0,1623450.0,0.21363583,13.327172,225,1
atitlan,2025-12-29,704850.0,1623450.0,0.20676461,13.048392,225,1
atitlan,2025-12-29,705150.0,1623450.0,0.21685602,14.2074585,225,1
atitlan,2025-12-29,705450.0,1623450.0,0.22732764,12.791836,225,1
atitlan,2025-12-29,705750.0,1623450.0,0.25527743,13.238276,225,1
atitlan,2025-12-29,706050.0,1623450.0,0.26411852,14.45078,225,1
atitlan,2025-12-29,706350.0,1623450.0,0.2602603,14.536733,225,1
atitlan,2025-12-29,706650.0,1623450.0,0.30432272,20.338919,225,1
atitlan,2025-12-29,706950.0,1623450.0,0.27017704,17.846573,225,1
atitlan,2025-12-29,707250.0,1623450.0,0.26062205,16.847448,225,1
atitlan,2025-12-29,707550.0,1623450.0,0.21908592,14.280793,225,1
atitlan,2025-12-29,707850.0,1623450.0,0.18278037,8.844483,45,0
atitlan,2025-12-29,680250.0,1623750.0,0.20939863,11.121536,180,0
atitlan,2025-12-29,680550.0,1623750.0,0.10626083,5.6370807,225,0
atitlan,2025-12-29,680850.0,1623750.0,0.15094526,7.842393,225,0
atitlan,2025-12-29,681150.0,1623750.0,0.045797624,4.671283,225,0
atitlan,2025-12-29,681450.0,1623750.0,0.026489293,4.292424,225,0
atitlan,2025-12-29,681750.0,1623750.0,0.015238995,4.0671515,225,0
atitlan,2025-12-29,682050.0,1623750.0,0.061839066,5.06481,225,0
atitlan,2025-12-29,682350.0,1623750.0,0.12692551,8.07843,225,0
atitlan,2025-12-29,682650.0,1623750.0,0.30967706,19.254534,225,1
atitlan,2025-12-29,682950.0,1623750.0,0.29975826,17.742308,225,1
atitlan,2025-12-29,683250.0,1623750.0,0.2855154,16.119896,225,1
atitlan,2025-12-29,683550.0,1623750.0,0.2937218,16.808979,225,1
atitlan,2025-12-29,683850.0,1623750.0,0.25611725,13.005969,225,1
atitlan,2025-12-29,684150.0,1623750.0,0.23658234,10.893356,225,0
atitlan,2025-12-29,684450.0,1623750.0,0.26289102,13.384271,225,1
atitlan,2025-12-29,684750.0,1623750.0,0.27473357,14.180753,225,1
atitlan,2025-12-29,685050.0,1623750.0,0.2789295,14.871881,225,1
atitlan,2025-12-29,685350.0,1623750.0,0.28759834,17.257948,225,1
atitlan,2025-12-29,685650.0,1623750.0,0.27681303,16.350279,225,1
atitlan,2025-12-29,685950.0,1623750.0,0.26073447,16.979336,225,1
atitlan,2025-12-29,686250.0,1623750.0,0.2466533,14.007657,225,1
atitlan,2025-12-29,686550.0,1623750.0,0.2631358,13.831433,225,1
atitlan,2025-12-29,686850.0,1623750.0,0.2641313,13.823418,225,1
atitlan,2025-12-29,687150.0,1623750.0,0.24102417,11.926283,225,0
atitlan,2025-12-29,687450.0,1623750.0,0.2338562,13.113475,225,1
atitlan,2025-12-29,687750.0,1623750.0,0.18257068,10.085585,225,0
atitlan,2025-12-29,688050.0,1623750.0,-0.0100326445,3.2600577,225,0
atitlan,2025-12-29,688350.0,1623750.0,-0.065816,1.4444019,225,0
atitlan,2025-12-29,688650.0,1623750.0,-0.08237365,0.8567058,225,0
atitlan,2025-12-29,688950.0,1623750.0,-0.08349895,0.78970045,225,0
atitlan,2025-12-29,689250.0,1623750.0,-0.086211614,0.64732647,225,0
atitlan,2025-12-29,689550.0,1623750.0,-0.08725748,0.5941763,225,0
atitlan,2025-12-29,689850.0,1623750.0,-0.08550793,0.7001253,225,0
atitlan,2025-12-29,690150.0,1623750.0,-0.0865061,0.6392315,225,0
atitlan,2025-12-29,690450.0,1623750.0,-0.085079156,0.6991967,225,0
atitlan,2025-12-29,690750.0,1623750.0,-0.08771597,0.56945544,225,0
atitlan,2025-12-29,691050.0,1623750.0,-0.08645717,0.6221225,225,0
atitlan,2025-12-29,691350.0,1623750.0,-0.08680843,0.6101914,225,0
atitlan,2025-12-29,691650.0,1623750.0,-0.08995236,0.4697836,225,0
atitlan,2025-12-29,691950.0,1623750.0,-0.09306992,0.3092379,225,0
atitlan,2025-12-29,692250.0,1623750.0,-0.09060576,0.4390434,225,0
atitlan,2025-12-29,692550.0,1623750.0,-0.0916926,0.39814594,225,0
atitlan,2025-12-29,692850.0,1623750.0,-0.09042974,0.43446454,225,0
atitlan,2025-12-29,693150.0,1623750.0,-0.092416294,0.38908145,225,0
atitlan,2025-12-29,693450.0,1623750.0,-0.09055955,0.43159696,225,0
atitlan,2025-12-29,693750.0,1623750.0,-0.090778425,0.4118448,225,0
atitlan,2025-12-29,694050.0,1623750.0,-0.09416098,0.29829684,225,0
atitlan,2025-12-29,694350.0,1623750.0,-0.09324246,0.36011717,225,0
atitlan,2025-12-29,694650.0,1623750.0,-0.09336598,0.34453303,225,0
atitlan,2025-12-29,694950.0,1623750.0,-0.093064226,0.35976142,225,0
atitlan,2025-12-29,695250.0,1623750.0,-0.09603981,0.23725955,225,0
atitlan,2025-12-29,695550.0,1623750.0,-0.09619489,0.23625208,225,0
atitlan,2025-12-29,695850.0,1623750.0,-0.09518012,0.29037803,225,0
atitlan,2025-12-29,696150.0,1623750.0,-0.09478312,0.29186222,225,0
atitlan,2025-12-29,696450.0,1623750.0,-0.095767796,0.2518311,225,0
atitlan,2025-12-29,696750.0,1623750.0,-0.09560411,0.2472012,225,0
atitlan,2025-12-29,697050.0,1623750.0,-0.09409064,0.28215683,225,0
atitlan,2025-12-29,697350.0,1623750.0,-0.09278771,0.35017687,225,0
atitlan,2025-12-29,697650.0,1623750.0,-0.09358542,0.32292485,225,0
atitlan,2025-12-29,697950.0,1623750.0,-0.09422024,0.29090238,225,0
atitlan,2025-12-29,698250.0,1623750.0,-0.09371094,0.30760437,225,0
atitlan,2025-12-29,698550.0,1623750.0,-0.0916987,0.43095827,225,0
atitlan,2025-12-29,698850.0,1623750.0,-0.09313395,0.31878138,225,0
atitlan,2025-12-29,699150.0,1623750.0,-0.095105626,0.27957395,225,0
atitlan,2025-12-29,699450.0,1623750.0,-0.09480723,0.2433847,225,0
atitlan,2025-12-29,699750.0,1623750.0,-0.09540627,0.27098382,225,0
atitlan,2025-12-29,700050.0,1623750.0,-0.09454313,0.29058436,225,0
atitlan,2025-12-29,700350.0,1623750.0,-0.09468337,0.29939267,225,0
atitlan,2025-12-29,700650.0,1623750.0,-0.09559127,0.22277163,225,0
atitlan,2025-12-29,700950.0,1623750.0,-0.0950731,0.25510105,225,0
atitlan,2025-12-29,701250.0,1623750.0,-0.094063416,0.30301836,225,0
atitlan,2025-12-29,701550.0,1623750.0,-0.09394615,0.29246867,225,0
atitlan,2025-12-29,701850.0,1623750.0,-0.093907654,0.27614665,225,0
atitlan,2025-12-29,702150.0,1623750.0,-0.09143099,0.37292892,225,0
atitlan,2025-12-29,702450.0,1623750.0,-0.08384861,0.7705169,225,0
atitlan,2025-12-29,702750.0,1623750.0,0.14034048,7.922293,225,0
atitlan,2025-12-29,703050.0,1623750.0,0.22072802,9.656384,225,0
atitlan,2025-12-29,703350.0,1623750.0,0.24612784,12.710968,225,1
atitlan,2025-12-29,703650.0,1623750.0,0.23162109,14.196917,225,1
atitlan,2025-12-29,703950.0,1623750.0,0.14162348,8.114278,225,0
atitlan,2025-12-29,704250.0,1623750.0,0.2217581,14.393805,225,1
atitlan,2025-12-29,704550.0,1623750.0,0.1988767,12.666329,225,1
atitlan,2025-12-29,704850.0,1623750.0,0.21698648,12.8298235,225,1
atitlan,2025-12-29,705150.0,1623750.0,0.25605595,17.10044,225,1
atitlan,2025-12-29,705450.0,1623750.0,0.22156025,13.908965,225,1
atitlan,2025-12-29,705750.0,1623750.0,0.25358105,14.958245,225,1
atitlan,2025-12-29,706050.0,1623750.0,0.27970883,17.624184,225,1
atitlan,2025-12-29,706350.0,1623750.0,0.23686144,12.860343,225,1
atitlan,2025-12-29,706650.0,1623750.0,0.25231636,13.0618515,225,1
atitlan,2025-12-29,706950.0,1623750.0,0.21800701,10.988177,225,0
atitlan,2025-12-29,707250.0,1623750.0,0.19890992,9.897923,225,0
atitlan,2025-12-29,707550.0,1623750.0,0.20931815,11.147074,225,0
atitlan,2025-12-29,707850.0,1623750.0,0.23531774,13.029669,45,1
atitlan,2025-12-29,680250.0,1624050.0,0.29560623,17.751293,180,1
atitlan,2025-12-29,680550.0,1624050.0,0.27865642,15.363985,225,1
atitlan,2025-12-29,680850.0,1624050.0,0.2620022,15.123124,225,1
atitlan,2025-12-29,681150.0,1624050.0,0.15030031,8.226056,225,0
atitlan,2025-12-29,681450.0,1624050.0,0.052306913,4.6649017,225,0
atitlan,2025-12-29,681750.0,1624050.0,0.047104593,4.483134,225,0
atitlan,2025-12-29,682050.0,1624050.0,0.118036106,6.180886,225,0
atitlan,2025-12-29,682350.0,1624050.0,0.058673788,4.9231596,225,0
atitlan,2025-12-29,682650.0,1624050.0,0.23392928,12.955973,225,1
atitlan,2025-12-29,682950.0,1624050.0,0.2776127,15.40243,225,1
atitlan,2025-12-29,683250.0,1624050.0,0.28040704,16.453094,225,1
atitlan,2025-12-29,683550.0,1624050.0,0.27643746,15.054717,225,1
atitlan,2025-12-29,683850.0,1624050.0,0.2942153,17.143347,225,1
atitlan,2025-12-29,684150.0,1624050.0,0.2866267,15.6416025,225,1
atitlan,2025-12-29,684450.0,1624050.0,0.2985276,16.795475,225,1
atitlan,2025-12-29,684750.0,1624050.0,0.31215906,19.53711,225,1
atitlan,2025-12-29,685050.0,1624050.0,0.29290065,16.965302,225,1
atitlan,2025-12-29,685350.0,1624050.0,0.2848036,16.197874,225,1
atitlan,2025-12-29,685650.0,1624050.0,0.2721617,14.957849,225,1
atitlan,2025-12-29,685950.0,1624050.0,0.24614593,15.454115,225,1
atitlan,2025-12-29,686250.0,1624050.0,0.25255668,13.597556,225,1
atitlan,2025-12-29,686550.0,1624050.0,0.23249845,12.781778,225,1
atitlan,2025-12-29,686850.0,1624050.0,0.23305726,12.543601,225,1
atitlan,2025-12-29,687150.0,1624050.0,0.21593283,11.27611,225,0
atitlan,2025-12-29,687450.0,1624050.0,0.11953798,12.94903,225,1
atitlan,2025-12-29,687750.0,1624050.0,-0.04963325,2.0860605,225,0
atitlan,2025-12-29,688050.0,1624050.0,-0.080558464,0.96343124,225,0
atitlan,2025-12-29,688350.0,1624050.0,-0.084894255,0.73148715,225,0
atitlan,2025-12-29,688650.0,1624050.0,-0.08615456,0.6258441,225,0
atitlan,2025-12-29,688950.0,1624050.0,-0.08637375,0.6414582,225,0
atitlan,2025-12-29,689250.0,1624050.0,-0.08869517,0.513248,225,0
atitlan,2025-12-29,689550.0,1624050.0,-0.088937014,0.5436568,225,0
atitlan,2025-12-29,689850.0,1624050.0,-0.08995542,0.47621858,225,0
atitlan,2025-12-29,690150.0,1624050.0,-0.088520154,0.5213419,225,0
atitlan,2025-12-29,690450.0,1624050.0,-0.09022023,0.5106963,225,0
atitlan,2025-12-29,690750.0,1624050.0,-0.08993345,0.458847,225,0
atitlan,2025-12-29,691050.0,1624050.0,-0.09126456,0.4302272,225,0
atitlan,2025-12-29,691350.0,1624050.0,-0.08893887,0.53530455,225,0
atitlan,2025-12-29,691650.0,1624050.0,-0.088593826,0.5191826,225,0
atitlan,2025-12-29,691950.0,1624050.0,-0.0901457,0.45146286,225,0
atitlan,2025-12-29,692250.0,1624050.0,-0.089699894,0.4640555,225,0
atitlan,2025-12-29,692550.0,1624050.0,-0.08973601,0.5151526,225,0
atitlan,2025-12-29,692850.0,1624050.0,-0.09066441,0.44541347,225,0
atitlan,2025-12-29,693150.0,1624050.0,-0.09284387,0.339573,225,0
atitlan,2025-12-29,693450.0,1624050.0,-0.09588188,0.24105217,225,0
atitlan,2025-12-29,693750.0,1624050.0,-0.09547988,0.26836538,225,0
atitlan,2025-12-29,694050.0,1624050.0,-0.09578623,0.27570313,225,0
atitlan,2025-12-29,694350.0,1624050.0,-0.09498266,0.26901075,225,0
atitlan,2025-12-29,694650.0,1624050.0,-0.09582875,0.257754,225,0
atitlan,2025-12-29,694950.0,1624050.0,-0.09513681,0.25216785,225,0
atitlan,2025-12-29,695250.0,1624050.0,-0.09653447,0.22411987,225,0
atitlan,2025-12-29,695550.0,1624050.0,-0.09694036,0.19752097,225,0
atitlan,2025-12-29,695850.0,1624050.0,-0.09563648,0.26566935,225,0
atitlan,2025-12-29,696150.0,1624050.0,-0.09636543,0.20369229,225,0
atitlan,2025-12-29,696450.0,1624050.0,-0.096906036,0.20059787,225,0
atitlan,2025-12-29,696750.0,1624050.0,-0.096531115,0.22278869,225,0
atitlan,2025-12-29,697050.0,1624050.0,-0.09659538,0.2005168,225,0
atitlan,2025-12-29,697350.0,1624050.0,-0.09580863,0.23190828,225,0
atitlan,2025-12-29,697650.0,1624050.0,-0.096307494,0.23860337,225,0
atitlan,2025-12-29,697950.0,1624050.0,-0.095700845,0.2406147,225,0
atitlan,2025-12-29,698250.0,1624050.0,-0.09303039,0.3360549,225,0
atitlan,2025-12-29,698550.0,1624050.0,-0.09251694,0.38579285,225,0
atitlan,2025-12-29,698850.0,1624050.0,-0.09562504,0.25164858,225,0
atitlan,2025-12-29,699150.0,1624050.0,-0.09563152,0.2861965,225,0
atitlan,2025-12-29,699450.0,1624050.0,-0.093991205,0.30505985,225,0
atitlan,2025-12-29,699750.0,1624050.0,-0.09574208,0.24790686,225,0
atitlan,2025-12-29,700050.0,1624050.0,-0.09729058,0.18209077,225,0
atitlan,2025-12-29,700350.0,1624050.0,-0.0954627,0.2603562,225,0
atitlan,2025-12-29,700650.0,1624050.0,-0.0947934,0.2502314,225,0
atitlan,2025-12-29,700950.0,1624050.0,-0.09561416,0.24033904,225,0
atitlan,2025-12-29,701250.0,1624050.0,-0.09604905,0.25623062,225,0
atitlan,2025-12-29,701550.0,1624050.0,-0.095061295,0.25699672,225,0
atitlan,2025-12-29,701850.0,1624050.0,-0.091316305,0.42287856,225,0
atitlan,2025-12-29,702150.0,1624050.0,-0.08685141,0.6282701,225,0
atitlan,2025-12-29,702450.0,1624050.0,-0.065080665,1.4312541,225,0
atitlan,2025-12-29,702750.0,1624050.0,0.18274447,9.422334,225,0
atitlan,2025-12-29,703050.0,1624050.0,0.2311909,10.325753,225,0
atitlan,2025-12-29,703350.0,1624050.0,0.25084755,14.458821,225,1
atitlan,2025-12-29,703650.0,1624050.0,0.20641129,11.246009,225,0
atitlan,2025-12-29,703950.0,1624050.0,0.17566605,9.802064,225,0
atitlan,2025-12-29,704250.0,1624050.0,0.17259221,8.144715,225,0
atitlan,2025-12-29,704550.0,1624050.0,0.19525841,12.136375,225,1
atitlan,2025-12-29,704850.0,1624050.0,0.25588617,15.580448,225,1
atitlan,2025-12-29,705150.0,1624050.0,0.23609084,12.742715,225,1
atitlan,2025-12-29,705450.0,1624050.0,0.18145634,9.533209,225,0
atitlan,2025-12-29,705750.0,1624050.0,0.1946481,11.539902,225,0
atitlan,2025-12-29,706050.0,1624050.0,0.23734392,15.132491,225,1
atitlan,2025-12-29,706350.0,1624050.0,0.28116402,17.285036,225,1
atitlan,2025-12-29,706650.0,1624050.0,0.29525936,18.936695,225,1
atitlan,2025-12-29,706950.0,1624050.0,0.16696496,10.416332,225,0
atitlan,2025-12-29,707250.0,1624050.0,0.26187545,15.966269,225,1
atitlan,2025-12-29,707550.0,1624050.0,0.27751842,18.68903,225,1
atitlan,2025-12-29,707850.0,1624050.0,0.22698021,14.960882,45,1
atitlan,2025-12-29,680250.0,1624350.0,0.3089556,20.257538,180,1
atitlan,2025-12-29,680550.0,1624350.0,0.28171116,16.454458,225,1
atitlan,2025-12-29,680850.0,1624350.0,0.26655793,15.332545,225,1
atitlan,2025-12-29,681150.0,1624350.0,0.16831492,8.842117,225,0
atitlan,2025-12-29,681450.0,1624350.0,0.09997078,5.9001465,225,0
atitlan,2025-12-29,681750.0,1624350.0,0.07687791,5.2087097,225,0
atitlan,2025-12-29,682050.0,1624350.0,0.09547664,5.4407234,225,0
atitlan,2025-12-29,682350.0,1624350.0,0.12228664,6.654475,225,0
atitlan,2025-12-29,682650.0,1624350.0,0.23292977,12.864048,225,1
atitlan,2025-12-29,682950.0,1624350.0,0.3028878,18.471361,225,1
atitlan,2025-12-29,683250.0,1624350.0,0.2803652,15.401525,225,1
atitlan,2025-12-29,683550.0,1624350.0,0.2718655,14.873097,225,1
atitlan,2025-12-29,683850.0,1624350.0,0.27317086,15.064074,225,1
atitlan,2025-12-29,684150.0,1624350.0,0.27246493,14.425709,225,1
atitlan,2025-12-29,684450.0,1624350.0,0.28073204,15.051877,225,1
atitlan,2025-12-29,684750.0,1624350.0,0.28362152,15.341752,225,1
atitlan,2025-12-29,685050.0,1624350.0,0.2897065,16.147772,225,1
atitlan,2025-12-29,685350.0,1624350.0,0.266111,14.404236,225,1
atitlan,2025-12-29,685650.0,1624350.0,0.21438114,16.586569,225,1
atitlan,2025-12-29,685950.0,1624350.0,0.20362826,11.193344,225,0
atitlan,2025-12-29,686250.0,1624350.0,0.23106928,11.451819,225,0
atitlan,2025-12-29,686550.0,1624350.0,0.20777354,11.081304,225,0
atitlan,2025-12-29,686850.0,1624350.0,0.16338606,10.964287,225,0
atitlan,2025-12-29,687150.0,1624350.0,0.07407303,6.074553,225,0
atitlan,2025-12-29,687450.0,1624350.0,-0.04347154,2.3229806,225,0
atitlan,2025-12-29,687750.0,1624350.0,-0.08436033,0.74374187,225,0
atitlan,2025-12-29,688050.0,1624350.0,-0.08688701,0.6051603,225,0
atitlan,2025-12-29,688350.0,1624350.0,-0.08874423,0.5221028,225,0
atitlan,2025-12-29,688650.0,1624350.0,-0.0892692,0.50197643,225,0
atitlan,2025-12-29,688950.0,1624350.0,-0.091783896,0.38061205,225,0
atitlan,2025-12-29,689250.0,1624350.0,-0.091247566,0.39834666,225,0
atitlan,2025-12-29,689550.0,1624350.0,-0.088836126,0.5420205,225,0
atitlan,2025-12-29,689850.0,1624350.0,-0.08786676,0.58687156,225,0
atitlan,2025-12-29,690150.0,1624350.0,-0.087622136,0.58995384,225,0
atitlan,2025-12-29,690450.0,1624350.0,-0.0874345,0.58355594,225,0
atitlan,2025-12-29,690750.0,1624350.0,-0.090424925,0.4479058,225,0
atitlan,2025-12-29,691050.0,1624350.0,-0.09171075,0.38250983,225,0
atitlan,2025-12-29,691350.0,1624350.0,-0.093161896,0.34527972,225,0
atitlan,2025-12-29,691650.0,1624350.0,-0.09353545,0.3418236,225,0
atitlan,2025-12-29,691950.0,1624350.0,-0.09349285,0.33104062,225,0
atitlan,2025-12-29,692250.0,1624350.0,-0.095782354,0.28312376,225,0
atitlan,2025-12-29,692550.0,1624350.0,-0.09555145,0.24831104,225,0
atitlan,2025-12-29,692850.0,1624350.0,-0.09464958,0.2599403,225,0
atitlan,2025-12-29,693150.0,1624350.0,-0.09378571,0.31828865,225,0
atitlan,2025-12-29,693450.0,1624350.0,-0.09357703,0.314078,225,0
atitlan,2025-12-29,693750.0,1624350.0,-0.09454297,0.2887138,225,0
atitlan,2025-12-29,694050.0,1624350.0,-0.09765946,0.19824317,225,0
atitlan,2025-12-29,694350.0,1624350.0,-0.09627793,0.25558835,225,0
atitlan,2025-12-29,694650.0,1624350.0,-0.09658692,0.20858844,225,0
atitlan,2025-12-29,694950.0,1624350.0,-0.09720289,0.220625,225,0
atitlan,2025-12-29,695250.0,1624350.0,-0.09852488,0.15411389,225,0
atitlan,2025-12-29,695550.0,1624350.0,-0.09934253,0.16590776,225,0
atitlan,2025-12-29,695850.0,1624350.0,-0.09898917,0.15137416,225,0
atitlan,2025-12-29,696150.0,1624350.0,-0.09923621,0.12963408,225,0
atitlan,2025-12-29,696450.0,1624350.0,-0.09837187,0.19055155,225,0
atitlan,2025-12-29,696750.0,1624350.0,-0.095167704,0.25710228,225,0
atitlan,2025-12-29,697050.0,1624350.0,-0.09733477,0.1939908,225,0
atitlan,2025-12-29,697350.0,1624350.0,-0.09751947,0.18801641,225,0
atitlan,2025-12-29,697650.0,1624350.0,-0.096520394,0.2114873,225,0
atitlan,2025-12-29,697950.0,1624350.0,-0.09782953,0.20428745,225,0
atitlan,2025-12-29,698250.0,1624350.0,-0.09672412,0.23000659,225,0
atitlan,2025-12-29,698550.0,1624350.0,-0.097470924,0.17042899,225,0
atitlan,2025-12-29,698850.0,1624350.0,-0.098085366,0.19477944,225,0
atitlan,2025-12-29,699150.0,1624350.0,-0.09666946,0.20616719,225,0
atitlan,2025-12-29,699450.0,1624350.0,-0.09703615,0.17344359,225,0
atitlan,2025-12-29,699750.0,1624350.0,-0.09759096,0.20008571,225,0
atitlan,2025-12-29,700050.0,1624350.0,-0.095741585,0.2563638,225,0
atitlan,2025-12-29,700350.0,1624350.0,-0.09309517,0.34175062,225,0
atitlan,2025-12-29,700650.0,1624350.0,-0.092985205,0.32154167,225,0
atitlan,2025-12-29,700950.0,1624350.0,-0.09172081,0.3854593,225,0
atitlan,2025-12-29,701250.0,1624350.0,-0.089727074,0.48238587,225,0
atitlan,2025-12-29,701550.0,1624350.0,-0.088487275,0.55555016,225,0
atitlan,2025-12-29,701850.0,1624350.0,-0.08586688,0.6621162,225,0
atitlan,2025-12-29,702150.0,1624350.0,-0.08484358,0.699106,225,0
atitlan,2025-12-29,702450.0,1624350.0,-0.034297515,2.6607778,225,0
atitlan,2025-12-29,702750.0,1624350.0,0.1696934,8.302678,225,0
atitlan,2025-12-29,703050.0,1624350.0,0.2126143,9.480303,225,0
atitlan,2025-12-29,703350.0,1624350.0,0.19589432,10.29094,225,0
atitlan,2025-12-29,703650.0,1624350.0,0.25064424,14.165421,225,1
atitlan,2025-12-29,703950.0,1624350.0,0.2701314,15.675477,225,1
atitlan,2025-12-29,704250.0,1624350.0,0.20132942,10.530846,225,0
atitlan,2025-12-29,704550.0,1624350.0,0.23863082,15.493041,225,1
atitlan,2025-12-29,704850.0,1624350.0,0.23934917,13.936349,225,1
atitlan,2025-12-29,705150.0,1624350.0,0.20561165,10.733656,225,0
atitlan,2025-12-29,705450.0,1624350.0,0.2477915,14.270442,225,1
atitlan,2025-12-29,705750.0,1624350.0,0.15527329,7.458796,225,0
atitlan,2025-12-29,706050.0,1624350.0,0.15182896,7.848406,225,0
atitlan,2025-12-29,706350.0,1624350.0,0.18541653,11.18131,225,0
atitlan,2025-12-29,706650.0,1624350.0,0.30068162,20.283144,225,1
atitlan,2025-12-29,706950.0,1624350.0,0.30543074,20.58214,225,1
atitlan,2025-12-29,707250.0,1624350.0,0.29121637,18.629889,225,1
atitlan,2025-12-29,707550.0,1624350.0,0.17630896,10.598328,225,0
atitlan,2025-12-29,707850.0,1624350.0,0.1708518,13.310739,45,1
atitlan,2025-12-29,680250.0,1624650.0,0.28486666,16.348867,180,1
atitlan,2025-12-29,680550.0,1624650.0,0.29895493,19.68197,225,1
atitlan,2025-12-29,680850.0,1624650.0,0.2449701,13.585346,225,1
atitlan,2025-12-29,681150.0,1624650.0,0.24369237,14.35163,225,1
atitlan,2025-12-29,681450.0,1624650.0,0.19506077,10.621977,225,0
atitlan,2025-12-29,681750.0,1624650.0,0.11449978,6.2052636,225,0
atitlan,2025-12-29,682050.0,1624650.0,0.13700208,6.935073,225,0
atitlan,2025-12-29,682350.0,1624650.0,0.18890329,10.401133,225,0
atitlan,2025-12-29,682650.0,1624650.0,0.23975444,12.634367,225,1
atitlan,2025-12-29,682950.0,1624650.0,0.23411229,13.000918,225,1
atitlan,2025-12-29,683250.0,1624650.0,0.25884047,13.367093,225,1
atitlan,2025-12-29,683550.0,1624650.0,0.27245903,14.607555,225,1
atitlan,2025-12-29,683850.0,1624650.0,0.24135964,13.593802,225,1
atitlan,2025-12-29,684150.0,1624650.0,0.23111713,12.107933,225,1
atitlan,2025-12-29,684450.0,1624650.0,0.20188579,10.988058,225,0
atitlan,2025-12-29,684750.0,1624650.0,0.24109383,11.38628,225,0
atitlan,2025-12-29,685050.0,1624650.0,0.26356226,13.213818,225,1
atitlan,2025-12-29,685350.0,1624650.0,0.18195052,10.714044,225,0
atitlan,2025-12-29,685650.0,1624650.0,0.120191626,8.414793,225,0
atitlan,2025-12-29,685950.0,1624650.0,0.11921542,9.048463,225,0
atitlan,2025-12-29,686250.0,1624650.0,0.06403244,5.4733686,225,0
atitlan,2025-12-29,686550.0,1624650.0,0.08511453,7.629434,225,0
atitlan,2025-12-29,686850.0,1624650.0,0.13090706,9.28759,225,0
atitlan,2025-12-29,687150.0,1624650.0,-0.058791257,1.7048271,225,0
atitlan,2025-12-29,687450.0,1624650.0,-0.08540356,0.6741028,225,0
atitlan,2025-12-29,687750.0,1624650.0,-0.08740085,0.59068036,225,0
atitlan,2025-12-29,688050.0,1624650.0,-0.08832705,0.53698957,225,0
atitlan,2025-12-29,688350.0,1624650.0,-0.08825268,0.545391,225,0
atitlan,2025-12-29,688650.0,1624650.0,-0.088698916,0.51801133,225,0
atitlan,2025-12-29,688950.0,1624650.0,-0.089981034,0.4805649,225,0
atitlan,2025-12-29,689250.0,1624650.0,-0.090334006,0.46191007,225,0
atitlan,2025-12-29,689550.0,1624650.0,-0.092729434,0.3753338,225,0
atitlan,2025-12-29,689850.0,1624650.0,-0.09243725,0.38265222,225,0
atitlan,2025-12-29,690150.0,1624650.0,-0.0930135,0.3204456,225,0
atitlan,2025-12-29,690450.0,1624650.0,-0.0934401,0.33819804,225,0
atitlan,2025-12-29,690750.0,1624650.0,-0.09421747,0.29923365,225,0
atitlan,2025-12-29,691050.0,1624650.0,-0.09383946,0.2999683,225,0
atitlan,2025-12-29,691350.0,1624650.0,-0.09178476,0.41960457,225,0
atitlan,2025-12-29,691650.0,1624650.0,-0.09147165,0.40333486,225,0
atitlan,2025-12-29,691950.0,1624650.0,-0.09517838,0.23239888,225,0
atitlan,2025-12-29,692250.0,1624650.0,-0.095564604,0.24733439,225,0
atitlan,2025-12-29,692550.0,1624650.0,-0.094992675,0.2712633,225,0
atitlan,2025-12-29,692850.0,1624650.0,-0.09546275,0.2416329,225,0
atitlan,2025-12-29,693150.0,1624650.0,-0.095358565,0.26643854,225,0
atitlan,2025-12-29,693450.0,1624650.0,-0.0964481,0.21319583,225,0
atitlan,2025-12-29,693750.0,1624650.0,-0.09871399,0.17022765,225,0
atitlan,2025-12-29,694050.0,1624650.0,-0.09772618,0.18884261,225,0
atitlan,2025-12-29,694350.0,1624650.0,-0.09906176,0.15284277,225,0
atitlan,2025-12-29,694650.0,1624650.0,-0.09752862,0.19606198,225,0
atitlan,2025-12-29,694950.0,1624650.0,-0.100720786,0.13070157,225,0
atitlan,2025-12-29,695250.0,1624650.0,-0.097826175,0.2010566,225,0
atitlan,2025-12-29,695550.0,1624650.0,-0.097367,0.205147,225,0
atitlan,2025-12-29,695850.0,1624650.0,-0.09864771,0.1645382,225,0
atitlan,2025-12-29,696150.0,1624650.0,-0.09886721,0.1480617,225,0
atitlan,2025-12-29,696450.0,1624650.0,-0.10005978,0.16478212,225,0
atitlan,2025-12-29,696750.0,1624650.0,-0.09904536,0.13800839,225,0
atitlan,2025-12-29,697050.0,1624650.0,-0.098985344,0.13216038,225,0
atitlan,2025-12-29,697350.0,1624650.0,-0.09704662,0.2013486,225,0
atitlan,2025-12-29,697650.0,1624650.0,-0.09901349,0.15969296,225,0
atitlan,2025-12-29,697950.0,1624650.0,-0.09829643,0.20677727,225,0
atitlan,2025-12-29,698250.0,1624650.0,-0.098311774,0.16422799,225,0
atitlan,2025-12-29,698550.0,1624650.0,-0.09602417,0.23922382,225,0
atitlan,2025-12-29,698850.0,1624650.0,-0.09590396,0.2291833,225,0
atitlan,2025-12-29,699150.0,1624650.0,-0.09190591,0.41052654,225,0
atitlan,2025-12-29,699450.0,1624650.0,-0.09355049,0.32604027,225,0
atitlan,2025-12-29,699750.0,1624650.0,-0.09243075,0.37127388,225,0
atitlan,2025-12-29,700050.0,1624650.0,-0.09364827,0.32000205,225,0
atitlan,2025-12-29,700350.0,1624650.0,-0.09148169,0.42017987,225,0
atitlan,2025-12-29,700650.0,1624650.0,-0.09157831,0.38620612,225,0
atitlan,2025-12-29,700950.0,1624650.0,-0.09322695,0.32846308,225,0
atitlan,2025-12-29,701250.0,1624650.0,-0.09136686,0.3990105,225,0
atitlan,2025-12-29,701550.0,1624650.0,-0.09099373,0.43784657,225,0
atitlan,2025-12-29,701850.0,1624650.0,-0.086331934,0.64390355,225,0
atitlan,2025-12-29,702150.0,1624650.0,-0.08338576,0.80281013,225,0
atitlan,2025-12-29,702450.0,1624650.0,-0.052490175,2.0225089,225,0
atitlan,2025-12-29,702750.0,1624650.0,0.106706426,6.576319,225,0
atitlan,2025-12-29,703050.0,1624650.0,0.1684282,7.8173194,225,0
atitlan,2025-12-29,703350.0,1624650.0,0.19979452,9.02666,225,0
atitlan,2025-12-29,703650.0,1624650.0,0.16858329,8.345638,225,0
atitlan,2025-12-29,703950.0,1624650.0,0.20265865,11.247743,225,0
atitlan,2025-12-29,704250.0,1624650.0,0.26522467,15.063891,225,1
atitlan,2025-12-29,704550.0,1624650.0,0.22046727,11.673884,225,0
atitlan,2025-12-29,704850.0,1624650.0,0.23030257,12.748702,225,1
atitlan,2025-12-29,705150.0,1624650.0,0.19168283,12.472508,225,1
atitlan,2025-12-29,705450.0,1624650.0,0.21101663,11.915463,225,0
atitlan,2025-12-29,705750.0,1624650.0,0.21650033,11.472325,225,0
atitlan,2025-12-29,706050.0,1624650.0,0.20567477,10.951927,225,0
atitlan,2025-12-29,706350.0,1624650.0,0.20354293,11.765767,225,0
atitlan,2025-12-29,706650.0,1624650.0,0.3171471,21.702322,225,1
atitlan,2025-12-29,706950.0,1624650.0,0.2986524,19.62531,225,1
atitlan,2025-12-29,707250.0,1624650.0,0.23605056,14.064515,225,1
atitlan,2025-12-29,707550.0,1624650.0,0.2158551,14.048389,225,1
atitlan,2025-12-29,707850.0,1624650.0,0.24365948,17.393097,45,1
atitlan,2025-12-29,680250.0,1624950.0,0.319257,21.333593,180,1
atitlan,2025-12-29,680550.0,1624950.0,0.25390407,16.583227,225,1
atitlan,2025-12-29,680850.0,1624950.0,0.25308892,14.533121,225,1
atitlan,2025-12-29,681150.0,1624950.0,0.24220756,14.333108,225,1
atitlan,2025-12-29,681450.0,1624950.0,0.24356283,13.049645,225,1
atitlan,2025-12-29,681750.0,1624950.0,0.17306961,10.333639,225,0
atitlan,2025-12-29,682050.0,1624950.0,0.16175793,7.999843,225,0
atitlan,2025-12-29,682350.0,1624950.0,0.2287472,12.327767,225,1
atitlan,2025-12-29,682650.0,1624950.0,0.30603555,18.742016,225,1
atitlan,2025-12-29,682950.0,1624950.0,0.2717934,14.980067,225,1
atitlan,2025-12-29,683250.0,1624950.0,0.29081145,16.439716,225,1
atitlan,2025-12-29,683550.0,1624950.0,0.26744062,15.303641,225,1
atitlan,2025-12-29,683850.0,1624950.0,0.20922704,13.086156,225,1
atitlan,2025-12-29,684150.0,1624950.0,0.13481934,8.744521,225,0
atitlan,2025-12-29,684450.0,1624950.0,0.07859576,6.287212,225,0
atitlan,2025-12-29,684750.0,1624950.0,0.14313632,8.999713,225,0
atitlan,2025-12-29,685050.0,1624950.0,0.2276566,11.998323,225,0
atitlan,2025-12-29,685350.0,1624950.0,0.21291801,11.588007,225,0
atitlan,2025-12-29,685650.0,1624950.0,0.08306811,6.916528,225,0
atitlan,2025-12-29,685950.0,1624950.0,0.02925007,4.8828487,225,0
atitlan,2025-12-29,686250.0,1624950.0,0.04851614,5.158029,225,0
atitlan,2025-12-29,686550.0,1624950.0,0.09275149,6.047934,225,0
atitlan,2025-12-29,686850.0,1624950.0,-0.030299926,2.7608469,225,0
atitlan,2025-12-29,687150.0,1624950.0,-0.08556569,0.67696416,225,0
atitlan,2025-12-29,687450.0,1624950.0,-0.089751914,0.4684588,225,0
atitlan,2025-12-29,687750.0,1624950.0,-0.092582,0.35641822,225,0
atitlan,2025-12-29,688050.0,1624950.0,-0.092654735,0.35847262,225,0
atitlan,2025-12-29,688350.0,1624950.0,-0.09192932,0.37011954,225,0
atitlan,2025-12-29,688650.0,1624950.0,-0.094462365,0.26591384,225,0
atitlan,2025-12-29,688950.0,1624950.0,-0.09550703,0.2645851,225,0
atitlan,2025-12-29,689250.0,1624950.0,-0.09248947,0.36588833,225,0
atitlan,2025-12-29,689550.0,1624950.0,-0.092792876,0.3454521,225,0
atitlan,2025-12-29,689850.0,1624950.0,-0.09348387,0.3297478,225,0
atitlan,2025-12-29,690150.0,1624950.0,-0.09259732,0.34097314,225,0
atitlan,2025-12-29,690450.0,1624950.0,-0.09368218,0.32402262,225,0
atitlan,2025-12-29,690750.0,1624950.0,-0.09325099,0.36585152,225,0
atitlan,2025-12-29,691050.0,1624950.0,-0.09428221,0.30687746,225,0
atitlan,2025-12-29,691350.0,1624950.0,-0.096840024,0.2092809,225,0
atitlan,2025-12-29,691650.0,1624950.0,-0.09906196,0.15123491,225,0
atitlan,2025-12-29,691950.0,1624950.0,-0.10001723,0.14616883,225,0
atitlan,2025-12-29,692250.0,1624950.0,-0.09762986,0.20484412,225,0
atitlan,2025-12-29,692550.0,1624950.0,-0.097580865,0.16985822,225,0
atitlan,2025-12-29,692850.0,1624950.0,-0.09635074,0.20408647,225,0
atitlan,2025-12-29,693150.0,1624950.0,-0.097025484,0.21195328,225,0
atitlan,2025-12-29,693450.0,1624950.0,-0.097152576,0.21569952,225,0
atitlan,2025-12-29,693750.0,1624950.0,-0.09619128,0.22821064,225,0
atitlan,2025-12-29,694050.0,1624950.0,-0.09810134,0.19444256,225,0
atitlan,2025-12-29,694350.0,1624950.0,-0.09906093,0.16245937,225,0
atitlan,2025-12-29,694650.0,1624950.0,-0.099416055,0.16542159,225,0
atitlan,2025-12-29,694950.0,1624950.0,-0.1013769,0.11171145,225,0
atitlan,2025-12-29,695250.0,1624950.0,-0.101613835,0.086098514,225,0
atitlan,2025-12-29,695550.0,1624950.0,-0.09772539,0.1824704,225,0
atitlan,2025-12-29,695850.0,1624950.0,-0.09959117,0.14166695,225,0
atitlan,2025-12-29,696150.0,1624950.0,-0.09900897,0.15121648,225,0
atitlan,2025-12-29,696450.0,1624950.0,-0.09872037,0.1630922,225,0
atitlan,2025-12-29,696750.0,1624950.0,-0.09793959,0.18797147,225,0
atitlan,2025-12-29,697050.0,1624950.0,-0.09615289,0.24242689,225,0
atitlan,2025-12-29,697350.0,1624950.0,-0.09500656,0.26193878,225,0
atitlan,2025-12-29,697650.0,1624950.0,-0.09507321,0.2716939,225,0
atitlan,2025-12-29,697950.0,1624950.0,-0.09270135,0.35307148,225,0
atitlan,2025-12-29,698250.0,1624950.0,-0.09261136,0.36563793,225,0
atitlan,2025-12-29,698550.0,1624950.0,-0.09263394,0.39121437,225,0
atitlan,2025-12-29,698850.0,1624950.0,-0.09562174,0.25622517,225,0
atitlan,2025-12-29,699150.0,1624950.0,-0.09382754,0.31886655,225,0
atitlan,2025-12-29,699450.0,1624950.0,-0.09515391,0.2992176,225,0
atitlan,2025-12-29,699750.0,1624950.0,-0.094715625,0.30724385,225,0
atitlan,2025-12-29,700050.0,1624950.0,-0.09267422,0.36471167,225,0
atitlan,2025-12-29,700350.0,1624950.0,-0.0910793,0.42477298,225,0
atitlan,2025-12-29,700650.0,1624950.0,-0.08845497,0.5754478,225,0
atitlan,2025-12-29,700950.0,1624950.0,-0.09049046,0.43770024,225,0
atitlan,2025-12-29,701250.0,1624950.0,-0.085228086,0.7000876,225,0
atitlan,2025-12-29,701550.0,1624950.0,-0.08611105,0.67951834,225,0
atitlan,2025-12-29,701850.0,1624950.0,-0.08494863,0.710351,225,0
atitlan,2025-12-29,702150.0,1624950.0,-0.08247712,0.8483615,225,0
atitlan,2025-12-29,702450.0,1624950.0,-0.07553754,1.2988735,225,0
atitlan,2025-12-29,702750.0,1624950.0,0.06492225,5.3744473,225,0
atitlan,2025-12-29,703050.0,1624950.0,0.19052666,9.113262,225,0
atitlan,2025-12-29,703350.0,1624950.0,0.19655405,9.732615,225,0
atitlan,2025-12-29,703650.0,1624950.0,0.16875672,8.946228,225,0
atitlan,2025-12-29,703950.0,1624950.0,0.19745745,11.420523,225,0
atitlan,2025-12-29,704250.0,1624950.0,0.17988954,11.493257,225,0
atitlan,2025-12-29,704550.0,1624950.0,0.17337765,10.02859,225,0
atitlan,2025-12-29,704850.0,1624950.0,0.22763522,12.2530155,225,1
atitlan,2025-12-29,705150.0,1624950.0,0.19236632,9.55335,225,0
atitlan,2025-12-29,705450.0,1624950.0,0.24741441,15.499944,225,1
atitlan,2025-12-29,705750.0,1624950.0,0.21259686,11.757393,225,0
atitlan,2025-12-29,706050.0,1624950.0,0.23626159,13.64873,225,1
atitlan,2025-12-29,706350.0,1624950.0,0.25787172,16.341011,225,1
atitlan,2025-12-29,706650.0,1624950.0,0.3128799,22.149286,225,1
atitlan,2025-12-29,706950.0,1624950.0,0.30326936,19.098553,225,1
atitlan,2025-12-29,707250.0,1624950.0,0.23674594,14.087932,225,1
atitlan,2025-12-29,707550.0,1624950.0,0.22469091,13.3118305,225,1
atitlan,2025-12-29,707850.0,1624950.0,0.21515827,10.955067,45,0
atitlan,2025-12-29,680250.0,1625250.0,0.27578145,16.942612,180,1
atitlan,2025-12-29,680550.0,1625250.0,0.22785202,12.844686,225,1
atitlan,2025-12-29,680850.0,1625250.0,0.2652108,16.989166,225,1
atitlan,2025-12-29,681150.0,1625250.0,0.30224207,20.25322,225,1
atitlan,2025-12-29,681450.0,1625250.0,0.29597273,18.4309,225,1
atitlan,2025-12-29,681750.0,1625250.0,0.21840717,11.736004,225,0
atitlan,2025-12-29,682050.0,1625250.0,0.199067,10.107207,225,0
atitlan,2025-12-29,682350.0,1625250.0,0.28894874,17.155048,225,1
atitlan,2025-12-29,682650.0,1625250.0,0.28377306,15.633485,225,1
atitlan,2025-12-29,682950.0,1625250.0,0.28878435,16.381006,225,1
atitlan,2025-12-29,683250.0,1625250.0,0.30472457,17.599495,225,1
atitlan,2025-12-29,683550.0,1625250.0,0.2566441,16.994938,224,1
atitlan,2025-12-29,683850.0,1625250.0,0.1217368,7.991502,221,0
atitlan,2025-12-29,684150.0,1625250.0,0.0981989,7.3083096,225,0
atitlan,2025-12-29,684450.0,1625250.0,0.024811102,4.0805025,225,0
atitlan,2025-12-29,684750.0,1625250.0,0.10400201,9.494462,224,0
atitlan,2025-12-29,685050.0,1625250.0,0.17366324,12.404736,225,1
atitlan,2025-12-29,685350.0,1625250.0,0.18501051,10.649706,225,0
atitlan,2025-12-29,685650.0,1625250.0,0.0012922137,3.3164077,225,0
atitlan,2025-12-29,685950.0,1625250.0,0.05726679,5.4759054,225,0
atitlan,2025-12-29,686250.0,1625250.0,0.12496811,9.524855,225,0
atitlan,2025-12-29,686550.0,1625250.0,0.008690567,4.699931,225,0
atitlan,2025-12-29,686850.0,1625250.0,-0.09428696,0.2426097,225,0
atitlan,2025-12-29,687150.0,1625250.0,-0.094112724,0.2606006,225,0
atitlan,2025-12-29,687450.0,1625250.0,-0.09454537,0.29646254,225,0
atitlan,2025-12-29,687750.0,1625250.0,-0.09200833,0.38012746,225,0
atitlan,2025-12-29,688050.0,1625250.0,-0.09178138,0.40525714,225,0
atitlan,2025-12-29,688350.0,1625250.0,-0.09283307,0.34222254,225,0
atitlan,2025-12-29,688650.0,1625250.0,-0.09342675,0.3511527,225,0
atitlan,2025-12-29,688950.0,1625250.0,-0.09359766,0.31964776,225,0
atitlan,2025-12-29,689250.0,1625250.0,-0.09452837,0.3030306,225,0
atitlan,2025-12-29,689550.0,1625250.0,-0.09642976,0.21633062,225,0
atitlan,2025-12-29,689850.0,1625250.0,-0.0944633,0.29016653,225,0
atitlan,2025-12-29,690150.0,1625250.0,-0.094368115,0.28641418,225,0
atitlan,2025-12-29,690450.0,1625250.0,-0.09394783,0.26665244,225,0
atitlan,2025-12-29,690750.0,1625250.0,-0.09383326,0.29710054,225,0
atitlan,2025-12-29,691050.0,1625250.0,-0.09574238,0.25651336,225,0
atitlan,2025-12-29,691350.0,1625250.0,-0.09551416,0.23246232,225,0
atitlan,2025-12-29,691650.0,1625250.0,-0.09671167,0.23507975,225,0
atitlan,2025-12-29,691950.0,1625250.0,-0.09669668,0.23794794,225,0
atitlan,2025-12-29,692250.0,1625250.0,-0.0975936,0.20269306,225,0
atitlan,2025-12-29,692550.0,1625250.0,-0.09554707,0.2801995,225,0
atitlan,2025-12-29,692850.0,1625250.0,-0.09691839,0.19710825,225,0
atitlan,2025-12-29,693150.0,1625250.0,-0.098204516,0.1614091,225,0
atitlan,2025-12-29,693450.0,1625250.0,-0.09948721,0.1674435,225,0
atitlan,2025-12-29,693750.0,1625250.0,-0.099686176,0.16844411,225,0
atitlan,2025-12-29,694050.0,1625250.0,-0.099089675,0.16097122,225,0
atitlan,2025-12-29,694350.0,1625250.0,-0.09889702,0.12698916,225,0
atitlan,2025-12-29,694650.0,1625250.0,-0.09824396,0.18913184,225,0
atitlan,2025-12-29,694950.0,1625250.0,-0.09930705,0.15489155,225,0
atitlan,2025-12-29,695250.0,1625250.0,-0.09733211,0.21260402,225,0
atitlan,2025-12-29,695550.0,1625250.0,-0.0960543,0.2857916,225,0
atitlan,2025-12-29,695850.0,1625250.0,-0.09526815,0.28418458,225,0
atitlan,2025-12-29,696150.0,1625250.0,-0.09634109,0.24971439,225,0
atitlan,2025-12-29,696450.0,1625250.0,-0.09309971,0.34469613,225,0
atitlan,2025-12-29,696750.0,1625250.0,-0.095380306,0.2995599,225,0
atitlan,2025-12-29,697050.0,1625250.0,-0.09568687,0.2454032,225,0
atitlan,2025-12-29,697350.0,1625250.0,-0.0963202,0.2481426,225,0
atitlan,2025-12-29,697650.0,1625250.0,-0.097104296,0.23843065,225,0
atitlan,2025-12-29,697950.0,1625250.0,-0.09640335,0.24136414,225,0
atitlan,2025-12-29,698250.0,1625250.0,-0.0940369,0.2999244,225,0
atitlan,2025-12-29,698550.0,1625250.0,-0.091312766,0.45291772,225,0
atitlan,2025-12-29,698850.0,1625250.0,-0.092325665,0.35545373,225,0
atitlan,2025-12-29,699150.0,1625250.0,-0.09269104,0.37081808,225,0
atitlan,2025-12-29,699450.0,1625250.0,-0.08937089,0.47780716,225,0
atitlan,2025-12-29,699750.0,1625250.0,-0.092209004,0.38100827,225,0
atitlan,2025-12-29,700050.0,1625250.0,-0.09130418,0.41363314,225,0
atitlan,2025-12-29,700350.0,1625250.0,-0.08772646,0.5750625,225,0
atitlan,2025-12-29,700650.0,1625250.0,-0.088461354,0.5526877,225,0
atitlan,2025-12-29,700950.0,1625250.0,-0.09023003,0.44998,225,0
atitlan,2025-12-29,701250.0,1625250.0,-0.08585622,0.6867666,225,0
atitlan,2025-12-29,701550.0,1625250.0,-0.08557852,0.68526083,225,0
atitlan,2025-12-29,701850.0,1625250.0,-0.083096296,0.80183804,225,0
atitlan,2025-12-29,702150.0,1625250.0,-0.07978795,1.0018758,225,0
atitlan,2025-12-29,702450.0,1625250.0,-0.071697086,1.457999,225,0
atitlan,2025-12-29,702750.0,1625250.0,0.023580477,4.0535016,225,0
atitlan,2025-12-29,703050.0,1625250.0,0.1758566,8.9834175,225,0
atitlan,2025-12-29,703350.0,1625250.0,0.15198395,7.621376,225,0
atitlan,2025-12-29,703650.0,1625250.0,0.1808472,10.799479,225,0
atitlan,2025-12-29,703950.0,1625250.0,0.17243707,10.436326,225,0
atitlan,2025-12-29,704250.0,1625250.0,0.17386422,10.373462,225,0
atitlan,2025-12-29,704550.0,1625250.0,0.15365511,9.468979,225,0
atitlan,2025-12-29,704850.0,1625250.0,0.2840061,16.737532,225,1
atitlan,2025-12-29,705150.0,1625250.0,0.23993564,12.900919,225,1
atitlan,2025-12-29,705450.0,1625250.0,0.17181362,9.305328,225,0
atitlan,2025-12-29,705750.0,1625250.0,0.19775727,10.778062,225,0
atitlan,2025-12-29,706050.0,1625250.0,0.22455968,13.816668,225,1
atitlan,2025-12-29,706350.0,1625250.0,0.26766258,16.7209,225,1
atitlan,2025-12-29,706650.0,1625250.0,0.2990169,19.144236,225,1
atitlan,2025-12-29,706950.0,1625250.0,0.24549136,15.125993,225,1
atitlan,2025-12-29,707250.0,1625250.0,0.1948189,11.256913,225,0
atitlan,2025-12-29,707550.0,1625250.0,0.21497694,12.82284,225,1
atitlan,2025-12-29,707850.0,1625250.0,0.24507073,13.501098,45,1
atitlan,2025-12-29,680250.0,1625550.0,0.30889946,20.292599,180,1
atitlan,2025-12-29,680550.0,1625550.0,0.3034306,19.993,225,1
atitlan,2025-12-29,680850.0,1625550.0,0.24860847,13.230224,225,1
atitlan,2025-12-29,681150.0,1625550.0,0.25646085,16.431204,225,1
atitlan,2025-12-29,681450.0,1625550.0,0.27192956,16.66502,225,1
atitlan,2025-12-29,681750.0,1625550.0,0.23557873,12.816385,225,1
atitlan,2025-12-29,682050.0,1625550.0,0.2827334,17.439642,225,1
atitlan,2025-12-29,682350.0,1625550.0,0.25857723,13.640025,225,1
atitlan,2025-12-29,682650.0,1625550.0,0.28076202,15.970379,225,1
atitlan,2025-12-29,682950.0,1625550.0,0.27359903,14.843579,225,1
atitlan,2025-12-29,683250.0,1625550.0,0.3062614,18.444471,225,1
atitlan,2025-12-29,683550.0,1625550.0,0.28508627,17.168217,225,1
atitlan,2025-12-29,683850.0,1625550.0,0.21923229,12.46334,225,1
atitlan,2025-12-29,684150.0,1625550.0,0.12709609,8.776884,225,0
atitlan,2025-12-29,684450.0,1625550.0,0.105169445,7.470871,225,0
atitlan,2025-12-29,684750.0,1625550.0,0.12263106,9.430482,225,0
atitlan,2025-12-29,685050.0,1625550.0,-0.060879335,1.8937981,225,0
atitlan,2025-12-29,685350.0,1625550.0,-0.05484488,1.705958,225,0
atitlan,2025-12-29,685650.0,1625550.0,-0.0926589,0.35874593,225,0
atitlan,2025-12-29,685950.0,1625550.0,-0.0594391,1.3773502,225,0
atitlan,2025-12-29,686250.0,1625550.0,0.047204386,6.544834,225,0
atitlan,2025-12-29,686550.0,1625550.0,-0.08822231,0.57903326,225,0
atitlan,2025-12-29,686850.0,1625550.0,-0.10311497,0.052070033,225,0
atitlan,2025-12-29,687150.0,1625550.0,-0.097479746,0.18296547,225,0
atitlan,2025-12-29,687450.0,1625550.0,-0.09557901,0.25684622,225,0
atitlan,2025-12-29,687750.0,1625550.0,-0.09638564,0.28687993,225,0
atitlan,2025-12-29,688050.0,1625550.0,-0.09623297,0.21385331,225,0
atitlan,2025-12-29,688350.0,1625550.0,-0.094851404,0.28425387,225,0
atitlan,2025-12-29,688650.0,1625550.0,-0.09670649,0.21771544,225,0
atitlan,2025-12-29,688950.0,1625550.0,-0.09761779,0.18043107,225,0
atitlan,2025-12-29,689250.0,1625550.0,-0.09475581,0.25506318,225,0
atitlan,2025-12-29,689550.0,1625550.0,-0.09438533,0.3022562,225,0
atitlan,2025-12-29,689850.0,1625550.0,-0.09468084,0.27557462,225,0
atitlan,2025-12-29,690150.0,1625550.0,-0.094616525,0.28646448,225,0
atitlan,2025-12-29,690450.0,1625550.0,-0.09501966,0.28932133,225,0
atitlan,2025-12-29,690750.0,1625550.0,-0.093946554,0.3179285,225,0
atitlan,2025-12-29,691050.0,1625550.0,-0.0974886,0.19604489,225,0
atitlan,2025-12-29,691350.0,1625550.0,-0.09754734,0.20956028,225,0
atitlan,2025-12-29,691650.0,1625550.0,-0.097402535,0.16780758,225,0
atitlan,2025-12-29,691950.0,1625550.0,-0.098127194,0.16836391,225,0
atitlan,2025-12-29,692250.0,1625550.0,-0.09783199,0.19693692,225,0
atitlan,2025-12-29,692550.0,1625550.0,-0.0976448,0.18950224,225,0
atitlan,2025-12-29,692850.0,1625550.0,-0.098316245,0.17435367,225,0
atitlan,2025-12-29,693150.0,1625550.0,-0.09672016,0.22844681,225,0
atitlan,2025-12-29,693450.0,1625550.0,-0.095095284,0.29898903,225,0
atitlan,2025-12-29,693750.0,1625550.0,-0.09248643,0.44964275,225,0
atitlan,2025-12-29,694050.0,1625550.0,-0.09311984,0.32763797,225,0
atitlan,2025-12-29,694350.0,1625550.0,-0.0952442,0.26204026,225,0
atitlan,2025-12-29,694650.0,1625550.0,-0.09341208,0.37157586,225,0
atitlan,2025-12-29,694950.0,1625550.0,-0.09604881,0.22694467,225,0
atitlan,2025-12-29,695250.0,1625550.0,-0.09752319,0.20313394,225,0
atitlan,2025-12-29,695550.0,1625550.0,-0.097804084,0.19759487,225,0
atitlan,2025-12-29,695850.0,1625550.0,-0.09733367,0.1971952,225,0
atitlan,2025-12-29,696150.0,1625550.0,-0.097345375,0.19964172,225,0
atitlan,2025-12-29,696450.0,1625550.0,-0.096771665,0.21649,225,0
atitlan,2025-12-29,696750.0,1625550.0,-0.09580988,0.26333585,225,0
atitlan,2025-12-29,697050.0,1625550.0,-0.093487225,0.34220582,225,0
atitlan,2025-12-29,697350.0,1625550.0,-0.09273414,0.38286048,225,0
atitlan,2025-12-29,697650.0,1625550.0,-0.09518887,0.29448998,225,0
atitlan,2025-12-29,697950.0,1625550.0,-0.09324855,0.34993985,225,0
atitlan,2025-12-29,698250.0,1625550.0,-0.09399633,0.31254968,225,0
atitlan,2025-12-29,698550.0,1625550.0,-0.091100946,0.41245875,225,0
atitlan,2025-12-29,698850.0,1625550.0,-0.09287737,0.33391306,225,0
atitlan,2025-12-29,699150.0,1625550.0,-0.09268878,0.3748749,225,0
atitlan,2025-12-29,699450.0,1625550.0,-0.088696696,0.54739994,225,0
atitlan,2025-12-29,699750.0,1625550.0,-0.09151705,0.39654514,225,0
atitlan,2025-12-29,700050.0,1625550.0,-0.09119539,0.4309579,225,0
atitlan,2025-12-29,700350.0,1625550.0,-0.08976926,0.47255713,225,0
atitlan,2025-12-29,700650.0,1625550.0,-0.090601094,0.4257474,225,0
atitlan,2025-12-29,700950.0,1625550.0,-0.086871654,0.5991614,225,0
atitlan,2025-12-29,701250.0,1625550.0,-0.08632207,0.64593905,225,0
atitlan,2025-12-29,701550.0,1625550.0,-0.08273892,0.844578,225,0
atitlan,2025-12-29,701850.0,1625550.0,-0.07969118,1.0111189,225,0
atitlan,2025-12-29,702150.0,1625550.0,-0.07359661,1.3541387,225,0
atitlan,2025-12-29,702450.0,1625550.0,0.012288391,4.4670815,225,0
atitlan,2025-12-29,702750.0,1625550.0,0.12812501,7.2073774,225,0
atitlan,2025-12-29,703050.0,1625550.0,0.21713038,9.9885435,225,0
atitlan,2025-12-29,703350.0,1625550.0,0.18225482,8.322985,225,0
atitlan,2025-12-29,703650.0,1625550.0,0.18916914,10.548175,225,0
atitlan,2025-12-29,703950.0,1625550.0,0.17541435,11.1504345,225,0
atitlan,2025-12-29,704250.0,1625550.0,0.1229183,7.658649,225,0
atitlan,2025-12-29,704550.0,1625550.0,0.11757754,8.185389,225,0
atitlan,2025-12-29,704850.0,1625550.0,0.21526906,12.189128,225,1
atitlan,2025-12-29,705150.0,1625550.0,0.21131636,11.252949,225,0
atitlan,2025-12-29,705450.0,1625550.0,0.25390777,14.915647,225,1
atitlan,2025-12-29,705750.0,1625550.0,0.24715973,15.016305,225,1
atitlan,2025-12-29,706050.0,1625550.0,0.27907917,19.67302,225,1
atitlan,2025-12-29,706350.0,1625550.0,0.3296462,24.946365,225,1
atitlan,2025-12-29,706650.0,1625550.0,0.31630534,20.97121,225,1
atitlan,2025-12-29,706950.0,1625550.0,0.24165677,14.219643,225,1
atitlan,2025-12-29,707250.0,1625550.0,0.23109141,14.180551,225,1
atitlan,2025-12-29,707550.0,1625550.0,0.16463749,8.698343,225,0
atitlan,2025-12-29,707850.0,1625550.0,0.16312312,7.884282,45,0
atitlan,2025-12-29,680250.0,1625850.0,0.34211293,25.72978,180,1
atitlan,2025-12-29,680550.0,1625850.0,0.2741417,17.131235,225,1
atitlan,2025-12-29,680850.0,1625850.0,0.28088784,17.85229,225,1
atitlan,2025-12-29,681150.0,1625850.0,0.2753282,16.937126,225,1
atitlan,2025-12-29,681450.0,1625850.0,0.24306588,14.3205,225,1
atitlan,2025-12-29,681750.0,1625850.0,0.28311807,17.217072,225,1
atitlan,2025-12-29,682050.0,1625850.0,0.27314106,16.001093,225,1
atitlan,2025-12-29,682350.0,1625850.0,0.26369816,14.91663,225,1
atitlan,2025-12-29,682650.0,1625850.0,0.26777396,13.892861,225,1
atitlan,2025-12-29,682950.0,1625850.0,0.28126627,16.343512,225,1
atitlan,2025-12-29,683250.0,1625850.0,0.30695385,18.740623,225,1
atitlan,2025-12-29,683550.0,1625850.0,0.3059031,18.498508,225,1
atitlan,2025-12-29,683850.0,1625850.0,0.29873073,17.455313,225,1
atitlan,2025-12-29,684150.0,1625850.0,0.21167336,11.975674,225,0
atitlan,2025-12-29,684450.0,1625850.0,0.20407294,12.207735,225,1
atitlan,2025-12-29,684750.0,1625850.0,0.02416453,4.778419,225,0
atitlan,2025-12-29,685050.0,1625850.0,-0.08876417,0.6022054,225,0
atitlan,2025-12-29,685350.0,1625850.0,-0.092374064,0.28880104,225,0
atitlan,2025-12-29,685650.0,1625850.0,-0.0961046,0.17984357,225,0
atitlan,2025-12-29,685950.0,1625850.0,-0.09568932,0.37749958,225,0
atitlan,2025-12-29,686250.0,1625850.0,-0.09459026,0.34285057,225,0
atitlan,2025-12-29,686550.0,1625850.0,-0.09792478,0.22410505,225,0
atitlan,2025-12-29,686850.0,1625850.0,-0.099341,0.0816881,225,0
atitlan,2025-12-29,687150.0,1625850.0,-0.1018065,0.08605281,225,0
atitlan,2025-12-29,687450.0,1625850.0,-0.09638679,0.22360066,225,0
atitlan,2025-12-29,687750.0,1625850.0,-0.096730165,0.21224402,225,0
atitlan,2025-12-29,688050.0,1625850.0,-0.09439729,0.29082912,225,0
atitlan,2025-12-29,688350.0,1625850.0,-0.09409007,0.3214864,225,0
atitlan,2025-12-29,688650.0,1625850.0,-0.09402454,0.30298445,225,0
atitlan,2025-12-29,688950.0,1625850.0,-0.094479,0.30083162,225,0
atitlan,2025-12-29,689250.0,1625850.0,-0.09443223,0.29037258,225,0
atitlan,2025-12-29,689550.0,1625850.0,-0.09686154,0.2027092,225,0
atitlan,2025-12-29,689850.0,1625850.0,-0.0983878,0.18316345,225,0
atitlan,2025-12-29,690150.0,1625850.0,-0.09492938,0.26015195,225,0
atitlan,2025-12-29,690450.0,1625850.0,-0.09595503,0.20947848,225,0
atitlan,2025-12-29,690750.0,1625850.0,-0.09436465,0.30622083,225,0
atitlan,2025-12-29,691050.0,1625850.0,-0.09721302,0.21467501,225,0
atitlan,2025-12-29,691350.0,1625850.0,-0.09546818,0.27480465,225,0
atitlan,2025-12-29,691650.0,1625850.0,-0.09358184,0.33797807,225,0
atitlan,2025-12-29,691950.0,1625850.0,-0.09179601,0.41674748,225,0
atitlan,2025-12-29,692250.0,1625850.0,-0.09314173,0.33620432,225,0
atitlan,2025-12-29,692550.0,1625850.0,-0.09174908,0.41241437,225,0
atitlan,2025-12-29,692850.0,1625850.0,-0.09143773,0.41671157,225,0
atitlan,2025-12-29,693150.0,1625850.0,-0.09353937,0.3644594,225,0
atitlan,2025-12-29,693450.0,1625850.0,-0.095672555,0.2604045,225,0
atitlan,2025-12-29,693750.0,1625850.0,-0.09772399,0.22679444,225,0
atitlan,2025-12-29,694050.0,1625850.0,-0.097172745,0.2457619,225,0
atitlan,2025-12-29,694350.0,1625850.0,-0.098551646,0.15847236,225,0
atitlan,2025-12-29,694650.0,1625850.0,-0.097188435,0.19501658,225,0
atitlan,2025-12-29,694950.0,1625850.0,-0.096182354,0.27829903,225,0
atitlan,2025-12-29,695250.0,1625850.0,-0.09392746,0.31257376,225,0
atitlan,2025-12-29,695550.0,1625850.0,-0.09259186,0.3776758,225,0
atitlan,2025-12-29,695850.0,1625850.0,-0.09441875,0.31791368,225,0
atitlan,2025-12-29,696150.0,1625850.0,-0.094419226,0.30292875,225,0
atitlan,2025-12-29,696450.0,1625850.0,-0.09416832,0.30692866,225,0
atitlan,2025-12-29,696750.0,1625850.0,-0.09183759,0.40739304,225,0
atitlan,2025-12-29,697050.0,1625850.0,-0.09283545,0.3644996,225,0
atitlan,2025-12-29,697350.0,1625850.0,-0.09175053,0.40405747,225,0
atitlan,2025-12-29,697650.0,1625850.0,-0.09576849,0.29390365,225,0
atitlan,2025-12-29,697950.0,1625850.0,-0.09347268,0.37089053,225,0
atitlan,2025-12-29,698250.0,1625850.0,-0.09220697,0.38649628,225,0
atitlan,2025-12-29,698550.0,1625850.0,-0.0920968,0.37863505,225,0
atitlan,2025-12-29,698850.0,1625850.0,-0.091877475,0.40760192,225,0
atitlan,2025-12-29,699150.0,1625850.0,-0.091452055,0.3927379,225,0
atitlan,2025-12-29,699450.0,1625850.0,-0.08915939,0.47674206,225,0
atitlan,2025-12-29,699750.0,1625850.0,-0.09176301,0.41710988,225,0
atitlan,2025-12-29,700050.0,1625850.0,-0.09112749,0.42783645,225,0
atitlan,2025-12-29,700350.0,1625850.0,-0.0890765,0.5120304,225,0
atitlan,2025-12-29,700650.0,1625850.0,-0.086959414,0.6069926,225,0
atitlan,2025-12-29,700950.0,1625850.0,-0.08689106,0.6137901,225,0
atitlan,2025-12-29,701250.0,1625850.0,-0.08597428,0.6922478,225,0
atitlan,2025-12-29,701550.0,1625850.0,-0.07546244,1.2347691,225,0
atitlan,2025-12-29,701850.0,1625850.0,-0.0037250249,3.2901554,225,0
atitlan,2025-12-29,702150.0,1625850.0,0.084799476,6.497398,225,0
atitlan,2025-12-29,702450.0,1625850.0,0.19283569,10.963486,225,0
atitlan,2025-12-29,702750.0,1625850.0,0.22288364,10.269668,225,0
atitlan,2025-12-29,703050.0,1625850.0,0.21041715,10.182779,225,0
atitlan,2025-12-29,703350.0,1625850.0,0.2455603,12.431986,225,1
atitlan,2025-12-29,703650.0,1625850.0,0.24011359,14.965896,225,1
atitlan,2025-12-29,703950.0,1625850.0,0.20094985,13.07534,225,1
atitlan,2025-12-29,704250.0,1625850.0,0.22805905,13.201408,225,1
atitlan,2025-12-29,704550.0,1625850.0,0.19920714,11.937393,225,0
atitlan,2025-12-29,704850.0,1625850.0,0.15273318,8.44726,225,0
atitlan,2025-12-29,705150.0,1625850.0,0.20508042,12.193657,225,1
atitlan,2025-12-29,705450.0,1625850.0,0.2564919,15.701386,225,1
atitlan,2025-12-29,705750.0,1625850.0,0.17957434,10.413362,225,0
atitlan,2025-12-29,706050.0,1625850.0,0.16766734,9.420678,225,0
atitlan,2025-12-29,706350.0,1625850.0,0.25463802,16.472498,225,1
atitlan,2025-12-29,706650.0,1625850.0,0.3193589,22.988941,225,1
atitlan,2025-12-29,706950.0,1625850.0,0.2966274,19.967402,225,1
atitlan,2025-12-29,707250.0,1625850.0,0.25995225,16.588215,225,1
atitlan,2025-12-29,707550.0,1625850.0,0.24564728,15.262381,225,1
atitlan,2025-12-29,707850.0,1625850.0,0.20109507,13.513978,45,1
atitlan,2025-12-29,680250.0,1626150.0,0.33848944,24.04151,180,1
atitlan,2025-12-29,680550.0,1626150.0,0.31686166,21.416897,225,1
atitlan,2025-12-29,680850.0,1626150.0,0.2556705,13.4010105,225,1
atitlan,2025-12-29,681150.0,1626150.0,0.25893062,17.075525,225,1
atitlan,2025-12-29,681450.0,1626150.0,0.29978567,18.2861,225,1
atitlan,2025-12-29,681750.0,1626150.0,0.2500892,14.837962,225,1
atitlan,2025-12-29,682050.0,1626150.0,0.26442024,14.30143,225,1
atitlan,2025-12-29,682350.0,1626150.0,0.26308018,12.914294,225,1
atitlan,2025-12-29,682650.0,1626150.0,0.26536044,14.377194,225,1
atitlan,2025-12-29,682950.0,1626150.0,0.28060463,15.754746,225,1
atitlan,2025-12-29,683250.0,1626150.0,0.23180646,11.602476,225,0
atitlan,2025-12-29,683550.0,1626150.0,0.24491414,13.039294,225,1
atitlan,2025-12-29,683850.0,1626150.0,0.29585886,17.865421,225,1
atitlan,2025-12-29,684150.0,1626150.0,0.24893615,13.946011,225,1
atitlan,2025-12-29,684450.0,1626150.0,0.12096183,9.541493,225,0
atitlan,2025-12-29,684750.0,1626150.0,-0.07911055,1.0252509,225,0
atitlan,2025-12-29,685050.0,1626150.0,-0.09131421,0.38048163,225,0
atitlan,2025-12-29,685350.0,1626150.0,-0.09245215,0.28176445,225,0
atitlan,2025-12-29,685650.0,1626150.0,-0.09313018,0.2651018,225,0
atitlan,2025-12-29,685950.0,1626150.0,-0.09838066,0.22753131,225,0
atitlan,2025-12-29,686250.0,1626150.0,-0.10278109,0.026203344,225,0
atitlan,2025-12-29,686550.0,1626150.0,-0.09937335,0.10307282,225,0
atitlan,2025-12-29,686850.0,1626150.0,-0.09982728,0.14661868,225,0
atitlan,2025-12-29,687150.0,1626150.0,-0.09760111,0.10241762,225,0
atitlan,2025-12-29,687450.0,1626150.0,-0.094721936,0.26318246,225,0
atitlan,2025-12-29,687750.0,1626150.0,-0.09560404,0.26990867,225,0
atitlan,2025-12-29,688050.0,1626150.0,-0.0956863,0.25429288,225,0
atitlan,2025-12-29,688350.0,1626150.0,-0.094241545,0.30458018,225,0
atitlan,2025-12-29,688650.0,1626150.0,-0.0948882,0.26721445,225,0
atitlan,2025-12-29,688950.0,1626150.0,-0.097163975,0.19399257,225,0
atitlan,2025-12-29,689250.0,1626150.0,-0.09481178,0.27007353,225,0
atitlan,2025-12-29,689550.0,1626150.0,-0.094961435,0.29101187,225,0
atitlan,2025-12-29,689850.0,1626150.0,-0.093338005,0.3511946,225,0
atitlan,2025-12-29,690150.0,1626150.0,-0.0917782,0.403862,225,0
atitlan,2025-12-29,690450.0,1626150.0,-0.09028823,0.49796736,225,0
atitlan,2025-12-29,690750.0,1626150.0,-0.088513754,0.54627866,225,0
atitlan,2025-12-29,691050.0,1626150.0,-0.09073717,0.42722327,225,0
atitlan,2025-12-29,691350.0,1626150.0,-0.09362732,0.3509591,225,0
atitlan,2025-12-29,691650.0,1626150.0,-0.09243118,0.35076365,225,0
atitlan,2025-12-29,691950.0,1626150.0,-0.093488306,0.32967865,225,0
atitlan,2025-12-29,692250.0,1626150.0,-0.09569828,0.2640524,225,0
atitlan,2025-12-29,692550.0,1626150.0,-0.09503914,0.28934145,225,0
atitlan,2025-12-29,692850.0,1626150.0,-0.09512627,0.2836984,225,0
atitlan,2025-12-29,693150.0,1626150.0,-0.09314669,0.3269639,225,0
atitlan,2025-12-29,693450.0,1626150.0,-0.094329834,0.29099104,225,0
atitlan,2025-12-29,693750.0,1626150.0,-0.093341455,0.3652777,225,0
atitlan,2025-12-29,694050.0,1626150.0,-0.09108349,0.4307669,225,0
atitlan,2025-12-29,694350.0,1626150.0,-0.09328677,0.34122896,225,0
atitlan,2025-12-29,694650.0,1626150.0,-0.092841804,0.37506527,225,0
atitlan,2025-12-29,694950.0,1626150.0,-0.09334761,0.33826417,225,0
atitlan,2025-12-29,695250.0,1626150.0,-0.09257481,0.36908942,225,0
atitlan,2025-12-29,695550.0,1626150.0,-0.0930225,0.35456896,225,0
atitlan,2025-12-29,695850.0,1626150.0,-0.0921215,0.3936181,225,0
atitlan,2025-12-29,696150.0,1626150.0,-0.09482603,0.27987963,225,0
atitlan,2025-12-29,696450.0,1626150.0,-0.09514608,0.28419298,225,0
atitlan,2025-12-29,696750.0,1626150.0,-0.090993814,0.41351762,225,0
atitlan,2025-12-29,697050.0,1626150.0,-0.09236787,0.36000556,225,0
atitlan,2025-12-29,697350.0,1626150.0,-0.09250204,0.3741109,225,0
atitlan,2025-12-29,697650.0,1626150.0,-0.09525761,0.27120078,225,0
atitlan,2025-12-29,697950.0,1626150.0,-0.0938488,0.3275359,225,0
atitlan,2025-12-29,698250.0,1626150.0,-0.09193974,0.3695795,225,0
atitlan,2025-12-29,698550.0,1626150.0,-0.09211586,0.3890668,225,0
atitlan,2025-12-29,698850.0,1626150.0,-0.089613795,0.4877324,225,0
atitlan,2025-12-29,699150.0,1626150.0,-0.09410386,0.34862033,225,0
atitlan,2025-12-29,699450.0,1626150.0,-0.0894306,0.48524025,225,0
atitlan,2025-12-29,699750.0,1626150.0,-0.09121696,0.4488121,225,0
atitlan,2025-12-29,700050.0,1626150.0,-0.08966577,0.508105,225,0
atitlan,2025-12-29,700350.0,1626150.0,-0.090189405,0.4584628,225,0
atitlan,2025-12-29,700650.0,1626150.0,-0.085615024,0.6921772,225,0
atitlan,2025-12-29,700950.0,1626150.0,-0.0857988,0.69139546,225,0
atitlan,2025-12-29,701250.0,1626150.0,-0.056628726,1.7279029,225,0
atitlan,2025-12-29,701550.0,1626150.0,0.04492938,5.483779,225,0
atitlan,2025-12-29,701850.0,1626150.0,0.21208309,9.363386,225,0
atitlan,2025-12-29,702150.0,1626150.0,0.16797745,6.98252,225,0
atitlan,2025-12-29,702450.0,1626150.0,0.18695976,8.475525,225,0
atitlan,2025-12-29,702750.0,1626150.0,0.24917947,12.461991,225,1
atitlan,2025-12-29,703050.0,1626150.0,0.27242652,15.566439,225,1
atitlan,2025-12-29,703350.0,1626150.0,0.21901242,12.603507,225,1
atitlan,2025-12-29,703650.0,1626150.0,0.22647032,13.976483,225,1
atitlan,2025-12-29,703950.0,1626150.0,0.24035715,15.468182,225,1
atitlan,2025-12-29,704250.0,1626150.0,0.29351878,19.756208,225,1
atitlan,2025-12-29,704550.0,1626150.0,0.20637792,13.506933,225,1
atitlan,2025-12-29,704850.0,1626150.0,0.16032529,10.84673,225,0
atitlan,2025-12-29,705150.0,1626150.0,0.26985493,18.056866,225,1
atitlan,2025-12-29,705450.0,1626150.0,0.22372441,12.147427,225,1
atitlan,2025-12-29,705750.0,1626150.0,0.14494479,7.812845,225,0
atitlan,2025-12-29,706050.0,1626150.0,0.14691311,8.347413,225,0
atitlan,2025-12-29,706350.0,1626150.0,0.1519647,7.9919724,225,0
atitlan,2025-12-29,706650.0,1626150.0,0.29896766,20.729279,225,1
atitlan,2025-12-29,706950.0,1626150.0,0.30765006,20.917145,225,1
atitlan,2025-12-29,707250.0,1626150.0,0.3000269,19.812864,225,1
atitlan,2025-12-29,707550.0,1626150.0,0.256458,17.261166,225,1
atitlan,2025-12-29,707850.0,1626150.0,0.19160867,13.757983,45,1
atitlan,2025-12-29,680250.0,1626450.0,0.35746744,27.177023,180,1
atitlan,2025-12-29,680550.0,1626450.0,0.3376011,24.172586,225,1
atitlan,2025-12-29,680850.0,1626450.0,0.2970593,19.65886,225,1
atitlan,2025-12-29,681150.0,1626450.0,0.2679745,14.949304,225,1
atitlan,2025-12-29,681450.0,1626450.0,0.2637564,16.105137,225,1
atitlan,2025-12-29,681750.0,1626450.0,0.27486414,16.81728,225,1
atitlan,2025-12-29,682050.0,1626450.0,0.24205217,12.28277,225,1
atitlan,2025-12-29,682350.0,1626450.0,0.2748785,15.668156,225,1
atitlan,2025-12-29,682650.0,1626450.0,0.31092054,19.146534,225,1
atitlan,2025-12-29,682950.0,1626450.0,0.3090205,19.938368,225,1
atitlan,2025-12-29,683250.0,1626450.0,0.27675775,16.788994,225,1
atitlan,2025-12-29,683550.0,1626450.0,0.2453622,12.591515,225,1
atitlan,2025-12-29,683850.0,1626450.0,0.25106654,12.952615,225,1
atitlan,2025-12-29,684150.0,1626450.0,0.23135465,11.749241,225,0
atitlan,2025-12-29,684450.0,1626450.0,0.07708379,6.956019,225,0
atitlan,2025-12-29,684750.0,1626450.0,-0.077746436,1.0722468,225,0
atitlan,2025-12-29,685050.0,1626450.0,-0.08833527,0.47512203,225,0
atitlan,2025-12-29,685350.0,1626450.0,-0.08849746,0.45611262,225,0
atitlan,2025-12-29,685650.0,1626450.0,-0.08899346,0.44278362,225,0
atitlan,2025-12-29,685950.0,1626450.0,-0.10030505,0.09704923,225,0
atitlan,2025-12-29,686250.0,1626450.0,-0.10276128,0.03558094,225,0
atitlan,2025-12-29,686550.0,1626450.0,-0.10187636,0.08855683,225,0
atitlan,2025-12-29,686850.0,1626450.0,-0.10276085,0.18259956,225,0
atitlan,2025-12-29,687150.0,1626450.0,-0.102733105,0.04307005,225,0
atitlan,2025-12-29,687450.0,1626450.0,-0.09631349,0.19633795,225,0
atitlan,2025-12-29,687750.0,1626450.0,-0.093889765,0.31853774,225,0
atitlan,2025-12-29,688050.0,1626450.0,-0.09100626,0.47704735,225,0
atitlan,2025-12-29,688350.0,1626450.0,-0.08918717,0.52358377,225,0
atitlan,2025-12-29,688650.0,1626450.0,-0.08948958,0.47036958,225,0
atitlan,2025-12-29,688950.0,1626450.0,-0.08970631,0.4724515,225,0
atitlan,2025-12-29,689250.0,1626450.0,-0.09064541,0.469099,225,0
atitlan,2025-12-29,689550.0,1626450.0,-0.09008362,0.45878297,225,0
atitlan,2025-12-29,689850.0,1626450.0,-0.091616996,0.4001928,225,0
atitlan,2025-12-29,690150.0,1626450.0,-0.09324429,0.32899764,225,0
atitlan,2025-12-29,690450.0,1626450.0,-0.09221365,0.40107873,225,0
atitlan,2025-12-29,690750.0,1626450.0,-0.09383589,0.32866505,225,0
atitlan,2025-12-29,691050.0,1626450.0,-0.090178765,0.47464368,225,0
atitlan,2025-12-29,691350.0,1626450.0,-0.09220299,0.37061217,225,0
atitlan,2025-12-29,691650.0,1626450.0,-0.08858909,0.53585213,225,0
atitlan,2025-12-29,691950.0,1626450.0,-0.08990395,0.46811843,225,0
atitlan,2025-12-29,692250.0,1626450.0,-0.091458544,0.4032071,225,0
atitlan,2025-12-29,692550.0,1626450.0,-0.091526896,0.38723582,225,0
atitlan,2025-12-29,692850.0,1626450.0,-0.08992019,0.46114233,225,0
atitlan,2025-12-29,693150.0,1626450.0,-0.09059261,0.4425756,225,0
atitlan,2025-12-29,693450.0,1626450.0,-0.09315405,0.345046,225,0
atitlan,2025-12-29,693750.0,1626450.0,-0.09170517,0.40810263,225,0
atitlan,2025-12-29,694050.0,1626450.0,-0.09190142,0.3776757,225,0
atitlan,2025-12-29,694350.0,1626450.0,-0.09180329,0.38384148,225,0
atitlan,2025-12-29,694650.0,1626450.0,-0.095426574,0.2526477,225,0
atitlan,2025-12-29,694950.0,1626450.0,-0.09492627,0.29385373,225,0
atitlan,2025-12-29,695250.0,1626450.0,-0.09438588,0.2935229,225,0
atitlan,2025-12-29,695550.0,1626450.0,-0.09267857,0.3728431,225,0
atitlan,2025-12-29,695850.0,1626450.0,-0.093336515,0.36229554,225,0
atitlan,2025-12-29,696150.0,1626450.0,-0.094323516,0.28818536,225,0
atitlan,2025-12-29,696450.0,1626450.0,-0.09596943,0.23291185,225,0
atitlan,2025-12-29,696750.0,1626450.0,-0.09171722,0.38459095,225,0
atitlan,2025-12-29,697050.0,1626450.0,-0.09354962,0.3457157,225,0
atitlan,2025-12-29,697350.0,1626450.0,-0.09019154,0.48799938,225,0
atitlan,2025-12-29,697650.0,1626450.0,-0.09312875,0.37194967,225,0
atitlan,2025-12-29,697950.0,1626450.0,-0.093978696,0.30748162,225,0
atitlan,2025-12-29,698250.0,1626450.0,-0.092023365,0.38794014,225,0
atitlan,2025-12-29,698550.0,1626450.0,-0.09341251,0.34180126,225,0
atitlan,2025-12-29,698850.0,1626450.0,-0.092704274,0.36071235,225,0
atitlan,2025-12-29,699150.0,1626450.0,-0.09427141,0.3177298,225,0
atitlan,2025-12-29,699450.0,1626450.0,-0.09082936,0.4540809,225,0
atitlan,2025-12-29,699750.0,1626450.0,-0.09080283,0.4543486,225,0
atitlan,2025-12-29,700050.0,1626450.0,-0.09040246,0.46796986,225,0
atitlan,2025-12-29,700350.0,1626450.0,-0.0886268,0.53145653,225,0
atitlan,2025-12-29,700650.0,1626450.0,-0.08476821,0.7416374,225,0
atitlan,2025-12-29,700950.0,1626450.0,-0.08142522,0.9081271,225,0
atitlan,2025-12-29,701250.0,1626450.0,0.07723765,7.3990083,225,0
atitlan,2025-12-29,701550.0,1626450.0,0.22780511,10.87534,225,0
atitlan,2025-12-29,701850.0,1626450.0,0.22890314,11.233476,225,0
atitlan,2025-12-29,702150.0,1626450.0,0.17812261,9.198051,225,0
atitlan,2025-12-29,702450.0,1626450.0,0.2000373,9.541748,225,0
atitlan,2025-12-29,702750.0,1626450.0,0.2576292,13.562132,225,1
atitlan,2025-12-29,703050.0,1626450.0,0.20638058,11.6371155,225,0
atitlan,2025-12-29,703350.0,1626450.0,0.24067126,14.192018,225,1
atitlan,2025-12-29,703650.0,1626450.0,0.23815157,14.496363,225,1
atitlan,2025-12-29,703950.0,1626450.0,0.21931441,14.694039,225,1
atitlan,2025-12-29,704250.0,1626450.0,0.24257068,14.1971245,225,1
atitlan,2025-12-29,704550.0,1626450.0,0.11599083,9.002391,225,0
atitlan,2025-12-29,704850.0,1626450.0,0.1344336,8.6263895,225,0
atitlan,2025-12-29,705150.0,1626450.0,0.17140129,10.482612,225,0
atitlan,2025-12-29,705450.0,1626450.0,0.24130377,13.953238,225,1
atitlan,2025-12-29,705750.0,1626450.0,0.24681096,16.238474,225,1
atitlan,2025-12-29,706050.0,1626450.0,0.21925646,14.613103,225,1
atitlan,2025-12-29,706350.0,1626450.0,0.24596377,15.443297,225,1
atitlan,2025-12-29,706650.0,1626450.0,0.2807861,17.189016,225,1
atitlan,2025-12-29,706950.0,1626450.0,0.27229527,17.603382,225,1
atitlan,2025-12-29,707250.0,1626450.0,0.28277642,18.556124,225,1
atitlan,2025-12-29,707550.0,1626450.0,0.24145578,16.703949,225,1
atitlan,2025-12-29,707850.0,1626450.0,0.26100048,17.448944,45,1
atitlan,2025-12-29,680250.0,1626750.0,0.37059504,29.629543,180,1
atitlan,2025-12-29,680550.0,1626750.0,0.34668255,24.896372,225,1
atitlan,2025-12-29,680850.0,1626750.0,0.32691196,21.694746,225,1
atitlan,2025-12-29,681150.0,1626750.0,0.30670354,18.97996,225,1
atitlan,2025-12-29,681450.0,1626750.0,0.26636893,16.85036,225,1
atitlan,2025-12-29,681750.0,1626750.0,0.28967488,18.387108,225,1
atitlan,2025-12-29,682050.0,1626750.0,0.24078165,16.53463,225,1
atitlan,2025-12-29,682350.0,1626750.0,0.2612001,16.18445,225,1
atitlan,2025-12-29,682650.0,1626750.0,0.27964404,18.494503,225,1
atitlan,2025-12-29,682950.0,1626750.0,0.27356103,15.515439,225,1
atitlan,2025-12-29,683250.0,1626750.0,0.27498886,15.269272,225,1
atitlan,2025-12-29,683550.0,1626750.0,0.30617484,19.21081,225,1
atitlan,2025-12-29,683850.0,1626750.0,0.28121594,16.38022,225,1
atitlan,2025-12-29,684150.0,1626750.0,0.2686507,14.027854,225,1
atitlan,2025-12-29,684450.0,1626750.0,0.2728272,15.355404,225,1
atitlan,2025-12-29,684750.0,1626750.0,0.0863726,9.124706,225,0
atitlan,2025-12-29,685050.0,1626750.0,-0.08513388,0.680568,225,0
atitlan,2025-12-29,685350.0,1626750.0,-0.088912025,0.437999,225,0
atitlan,2025-12-29,685650.0,1626750.0,-0.09248354,0.26495454,225,0
atitlan,2025-12-29,685950.0,1626750.0,-0.099330775,0.12600274,225,0
atitlan,2025-12-29,686250.0,1626750.0,-0.10152427,0.035184212,225,0
atitlan,2025-12-29,686550.0,1626750.0,-0.100676276,0.056639515,225,0
atitlan,2025-12-29,686850.0,1626750.0,-0.10028704,0.0901595,225,0
atitlan,2025-12-29,687150.0,1626750.0,-0.09976132,0.13818099,225,0
atitlan,2025-12-29,687450.0,1626750.0,-0.093528844,0.33699518,225,0
atitlan,2025-12-29,687750.0,1626750.0,-0.09058837,0.46542948,225,0
atitlan,2025-12-29,688050.0,1626750.0,-0.08943393,0.4672451,225,0
atitlan,2025-12-29,688350.0,1626750.0,-0.0930375,0.33462623,225,0
atitlan,2025-12-29,688650.0,1626750.0,-0.09166061,0.44092506,225,0
atitlan,2025-12-29,688950.0,1626750.0,-0.09190813,0.3821377,225,0
atitlan,2025-12-29,689250.0,1626750.0,-0.0898258,0.48980072,225,0
atitlan,2025-12-29,689550.0,1626750.0,-0.08721381,0.6100848,225,0
atitlan,2025-12-29,689850.0,1626750.0,-0.086567,0.6722739,225,0
atitlan,2025-12-29,690150.0,1626750.0,-0.086950354,0.6058058,225,0
atitlan,2025-12-29,690450.0,1626750.0,-0.086659014,0.6101596,225,0
atitlan,2025-12-29,690750.0,1626750.0,-0.08731308,0.61365724,225,0
atitlan,2025-12-29,691050.0,1626750.0,-0.086508945,0.6339091,225,0
atitlan,2025-12-29,691350.0,1626750.0,-0.089051105,0.5300787,225,0
atitlan,2025-12-29,691650.0,1626750.0,-0.08890725,0.53808,225,0
atitlan,2025-12-29,691950.0,1626750.0,-0.08917815,0.4920644,225,0
atitlan,2025-12-29,692250.0,1626750.0,-0.092276834,0.36680588,225,0
atitlan,2025-12-29,692550.0,1626750.0,-0.091912635,0.3766299,225,0
atitlan,2025-12-29,692850.0,1626750.0,-0.09026114,0.44777295,225,0
atitlan,2025-12-29,693150.0,1626750.0,-0.0900544,0.46335095,225,0
atitlan,2025-12-29,693450.0,1626750.0,-0.09275551,0.3373051,225,0
atitlan,2025-12-29,693750.0,1626750.0,-0.09316318,0.3501193,225,0
atitlan,2025-12-29,694050.0,1626750.0,-0.09090239,0.43359488,225,0
atitlan,2025-12-29,694350.0,1626750.0,-0.08796826,0.5860302,225,0
atitlan,2025-12-29,694650.0,1626750.0,-0.0943444,0.3066251,225,0
atitlan,2025-12-29,694950.0,1626750.0,-0.09366066,0.33926696,225,0
atitlan,2025-12-29,695250.0,1626750.0,-0.09319845,0.35557416,225,0
atitlan,2025-12-29,695550.0,1626750.0,-0.09255002,0.3374594,225,0
atitlan,2025-12-29,695850.0,1626750.0,-0.09398684,0.31396857,225,0
atitlan,2025-12-29,696150.0,1626750.0,-0.09268355,0.35777587,225,0
atitlan,2025-12-29,696450.0,1626750.0,-0.093848385,0.31517166,225,0
atitlan,2025-12-29,696750.0,1626750.0,-0.09250241,0.38459438,225,0
atitlan,2025-12-29,697050.0,1626750.0,-0.092380226,0.35137174,225,0
atitlan,2025-12-29,697350.0,1626750.0,-0.091691494,0.38352737,225,0
atitlan,2025-12-29,697650.0,1626750.0,-0.094159305,0.33341292,225,0
atitlan,2025-12-29,697950.0,1626750.0,-0.0939759,0.32258087,225,0
atitlan,2025-12-29,698250.0,1626750.0,-0.09189906,0.38084185,225,0
atitlan,2025-12-29,698550.0,1626750.0,-0.09418236,0.33934334,225,0
atitlan,2025-12-29,698850.0,1626750.0,-0.09168618,0.40385923,225,0
atitlan,2025-12-29,699150.0,1626750.0,-0.09095591,0.4328287,225,0
atitlan,2025-12-29,699450.0,1626750.0,-0.09125913,0.40631452,225,0
atitlan,2025-12-29,699750.0,1626750.0,-0.08987321,0.4869535,225,0
atitlan,2025-12-29,700050.0,1626750.0,-0.089081965,0.51299214,225,0
atitlan,2025-12-29,700350.0,1626750.0,-0.08891928,0.51335377,225,0
atitlan,2025-12-29,700650.0,1626750.0,-0.08512827,0.7008221,225,0
atitlan,2025-12-29,700950.0,1626750.0,-0.0831247,0.8054249,225,0
atitlan,2025-12-29,701250.0,1626750.0,0.030414132,4.3587036,225,0
atitlan,2025-12-29,701550.0,1626750.0,0.22604808,10.215459,225,0
atitlan,2025-12-29,701850.0,1626750.0,0.25135538,12.133924,225,1
atitlan,2025-12-29,702150.0,1626750.0,0.22727798,11.953257,225,0
atitlan,2025-12-29,702450.0,1626750.0,0.2526991,13.053176,225,1
atitlan,2025-12-29,702750.0,1626750.0,0.2011224,11.247529,225,0
atitlan,2025-12-29,703050.0,1626750.0,0.22212516,12.012226,225,1
atitlan,2025-12-29,703350.0,1626750.0,0.23599327,12.862555,225,1
atitlan,2025-12-29,703650.0,1626750.0,0.22113116,12.849512,225,1
atitlan,2025-12-29,703950.0,1626750.0,0.20763764,11.48465,225,0
atitlan,2025-12-29,704250.0,1626750.0,0.25278458,14.309505,225,1
atitlan,2025-12-29,704550.0,1626750.0,0.28204602,19.778097,225,1
atitlan,2025-12-29,704850.0,1626750.0,0.23140977,17.015726,225,1
atitlan,2025-12-29,705150.0,1626750.0,0.24762332,15.916861,225,1
atitlan,2025-12-29,705450.0,1626750.0,0.20749907,11.917123,225,0
atitlan,2025-12-29,705750.0,1626750.0,0.30322143,19.629868,225,1
atitlan,2025-12-29,706050.0,1626750.0,0.18718946,11.152138,225,0
atitlan,2025-12-29,706350.0,1626750.0,0.29681912,19.786678,225,1
atitlan,2025-12-29,706650.0,1626750.0,0.31783354,20.877438,225,1
atitlan,2025-12-29,706950.0,1626750.0,0.33148143,22.314728,225,1
atitlan,2025-12-29,707250.0,1626750.0,0.30567557,19.512314,225,1
atitlan,2025-12-29,707550.0,1626750.0,0.28820056,17.146595,225,1
atitlan,2025-12-29,707850.0,1626750.0,0.25467876,18.374134,45,1
atitlan,2025-12-29,680250.0,1627050.0,0.3375711,24.803896,180,1
atitlan,2025-12-29,680550.0,1627050.0,0.300652,20.106155,225,1
atitlan,2025-12-29,680850.0,1627050.0,0.32064787,21.160082,225,1
atitlan,2025-12-29,681150.0,1627050.0,0.2989407,18.424221,225,1
atitlan,2025-12-29,681450.0,1627050.0,0.24700153,14.969624,225,1
atitlan,2025-12-29,681750.0,1627050.0,0.26379192,15.874383,225,1
atitlan,2025-12-29,682050.0,1627050.0,0.24394752,15.195698,225,1
atitlan,2025-12-29,682350.0,1627050.0,0.26282778,16.875965,225,1
atitlan,2025-12-29,682650.0,1627050.0,0.17994238,12.410006,225,1
atitlan,2025-12-29,682950.0,1627050.0,0.29127955,17.925797,225,1
atitlan,2025-12-29,683250.0,1627050.0,0.2817778,17.192415,225,1
atitlan,2025-12-29,683550.0,1627050.0,0.28842098,17.234901,225,1
atitlan,2025-12-29,683850.0,1627050.0,0.2774365,15.231359,225,1
atitlan,2025-12-29,684150.0,1627050.0,0.2898399,16.09466,225,1
atitlan,2025-12-29,684450.0,1627050.0,0.24966231,12.899989,225,1
atitlan,2025-12-29,684750.0,1627050.0,0.12514488,7.982372,225,0
atitlan,2025-12-29,685050.0,1627050.0,-0.027670993,3.09054,225,0
atitlan,2025-12-29,685350.0,1627050.0,-0.06895728,1.4670419,225,0
atitlan,2025-12-29,685650.0,1627050.0,-0.077748895,1.104378,225,0
atitlan,2025-12-29,685950.0,1627050.0,-0.08391447,0.77770454,225,0
atitlan,2025-12-29,686250.0,1627050.0,-0.09102466,0.4126404,225,0
atitlan,2025-12-29,686550.0,1627050.0,-0.090052515,0.5493412,225,0
atitlan,2025-12-29,686850.0,1627050.0,-0.089750156,0.41161913,225,0
atitlan,2025-12-29,687150.0,1627050.0,-0.08648741,0.61457443,225,0
atitlan,2025-12-29,687450.0,1627050.0,-0.08826964,0.5207871,225,0
atitlan,2025-12-29,687750.0,1627050.0,-0.08939684,0.51291716,225,0
atitlan,2025-12-29,688050.0,1627050.0,-0.08805496,0.57830757,225,0
atitlan,2025-12-29,688350.0,1627050.0,-0.0866794,0.62462586,225,0
atitlan,2025-12-29,688650.0,1627050.0,-0.08578522,0.66658294,225,0
atitlan,2025-12-29,688950.0,1627050.0,-0.08456855,0.7558652,225,0
atitlan,2025-12-29,689250.0,1627050.0,-0.08795795,0.55663925,225,0
atitlan,2025-12-29,689550.0,1627050.0,-0.08419345,0.7693501,225,0
atitlan,2025-12-29,689850.0,1627050.0,-0.08408443,0.7540664,225,0
atitlan,2025-12-29,690150.0,1627050.0,-0.08579885,0.6728517,225,0
atitlan,2025-12-29,690450.0,1627050.0,-0.0875131,0.58070433,225,0
atitlan,2025-12-29,690750.0,1627050.0,-0.08738937,0.59793675,225,0
atitlan,2025-12-29,691050.0,1627050.0,-0.087819465,0.5378937,225,0
atitlan,2025-12-29,691350.0,1627050.0,-0.08716927,0.610956,225,0
atitlan,2025-12-29,691650.0,1627050.0,-0.08849272,0.56587684,225,0
atitlan,2025-12-29,691950.0,1627050.0,-0.089086674,0.47911912,225,0
atitlan,2025-12-29,692250.0,1627050.0,-0.09111714,0.4112776,225,0
atitlan,2025-12-29,692550.0,1627050.0,-0.09108477,0.4152379,225,0
atitlan,2025-12-29,692850.0,1627050.0,-0.09155084,0.4050983,225,0
atitlan,2025-12-29,693150.0,1627050.0,-0.091198154,0.4164351,225,0
atitlan,2025-12-29,693450.0,1627050.0,-0.0896787,0.47983718,225,0
atitlan,2025-12-29,693750.0,1627050.0,-0.09091511,0.46434376,225,0
atitlan,2025-12-29,694050.0,1627050.0,-0.092348896,0.3897402,225,0
atitlan,2025-12-29,694350.0,1627050.0,-0.09025775,0.45304453,225,0
atitlan,2025-12-29,694650.0,1627050.0,-0.09447356,0.3435225,225,0
atitlan,2025-12-29,694950.0,1627050.0,-0.09215591,0.37651575,225,0
atitlan,2025-12-29,695250.0,1627050.0,-0.09382461,0.34847897,225,0
atitlan,2025-12-29,695550.0,1627050.0,-0.09288397,0.37466055,225,0
atitlan,2025-12-29,695850.0,1627050.0,-0.093563125,0.31813318,225,0
atitlan,2025-12-29,696150.0,1627050.0,-0.09617074,0.27242115,225,0
atitlan,2025-12-29,696450.0,1627050.0,-0.09222735,0.39852628,225,0
atitlan,2025-12-29,696750.0,1627050.0,-0.0934829,0.36831683,225,0
atitlan,2025-12-29,697050.0,1627050.0,-0.09316337,0.368835,225,0
atitlan,2025-12-29,697350.0,1627050.0,-0.09077187,0.45655942,225,0
atitlan,2025-12-29,697650.0,1627050.0,-0.0930241,0.38677615,225,0
atitlan,2025-12-29,697950.0,1627050.0,-0.09454563,0.31257424,225,0
atitlan,2025-12-29,698250.0,1627050.0,-0.09287241,0.36386713,225,0
atitlan,2025-12-29,698550.0,1627050.0,-0.09253157,0.37878096,225,0
atitlan,2025-12-29,698850.0,1627050.0,-0.09089304,0.43867525,225,0
atitlan,2025-12-29,699150.0,1627050.0,-0.09251663,0.36476955,225,0
atitlan,2025-12-29,699450.0,1627050.0,-0.093018144,0.35827124,225,0
atitlan,2025-12-29,699750.0,1627050.0,-0.08974698,0.48510605,225,0
atitlan,2025-12-29,700050.0,1627050.0,-0.09019611,0.4611427,225,0
atitlan,2025-12-29,700350.0,1627050.0,-0.089961,0.4749019,225,0
atitlan,2025-12-29,700650.0,1627050.0,-0.085634,0.70328647,225,0
atitlan,2025-12-29,700950.0,1627050.0,-0.08008729,0.9877939,225,0
atitlan,2025-12-29,701250.0,1627050.0,0.114904456,7.1871023,225,0
atitlan,2025-12-29,701550.0,1627050.0,0.2472279,11.209328,225,0
atitlan,2025-12-29,701850.0,1627050.0,0.27281392,15.7322035,225,1
atitlan,2025-12-29,702150.0,1627050.0,0.32597652,21.15418,225,1
atitlan,2025-12-29,702450.0,1627050.0,0.31213838,20.280733,225,1
atitlan,2025-12-29,702750.0,1627050.0,0.274441,16.565485,225,1
atitlan,2025-12-29,703050.0,1627050.0,0.2839884,18.756588,225,1
atitlan,2025-12-29,703350.0,1627050.0,0.24149309,14.455658,225,1
atitlan,2025-12-29,703650.0,1627050.0,0.21918476,12.4519,225,1
atitlan,2025-12-29,703950.0,1627050.0,0.17173864,10.22082,225,0
atitlan,2025-12-29,704250.0,1627050.0,0.22834031,14.798316,225,1
atitlan,2025-12-29,704550.0,1627050.0,0.30376157,19.972546,225,1
atitlan,2025-12-29,704850.0,1627050.0,0.28431022,18.603277,225,1
atitlan,2025-12-29,705150.0,1627050.0,0.22447897,12.563468,225,1
atitlan,2025-12-29,705450.0,1627050.0,0.26505414,15.828808,225,1
atitlan,2025-12-29,705750.0,1627050.0,0.25908178,15.636528,225,1
atitlan,2025-12-29,706050.0,1627050.0,0.24412708,13.813415,225,1
atitlan,2025-12-29,706350.0,1627050.0,0.2893091,19.007917,225,1
atitlan,2025-12-29,706650.0,1627050.0,0.2937406,18.233482,225,1
atitlan,2025-12-29,706950.0,1627050.0,0.2711249,16.807104,225,1
atitlan,2025-12-29,707250.0,1627050.0,0.2832585,18.550512,225,1
atitlan,2025-12-29,707550.0,1627050.0,0.3108068,20.56367,225,1
atitlan,2025-12-29,707850.0,1627050.0,0.29400036,19.580973,45,1
atitlan,2025-12-29,680250.0,1627350.0,0.3191298,22.522392,180,1
atitlan,2025-12-29,680550.0,1627350.0,0.2894348,18.404785,225,1
atitlan,2025-12-29,680850.0,1627350.0,0.32244253,21.2891,225,1
atitlan,2025-12-29,681150.0,1627350.0,0.30336696,19.39588,225,1
atitlan,2025-12-29,681450.0,1627350.0,0.29454854,19.277035,225,1
atitlan,2025-12-29,681750.0,1627350.0,0.20488524,13.192664,225,1
atitlan,2025-12-29,682050.0,1627350.0,0.21092685,12.366967,225,1
atitlan,2025-12-29,682350.0,1627350.0,0.13097553,10.180667,225,0
atitlan,2025-12-29,682650.0,1627350.0,0.06205998,6.0751963,225,0
atitlan,2025-12-29,682950.0,1627350.0,0.21026607,14.072798,225,1
atitlan,2025-12-29,683250.0,1627350.0,0.28236744,17.603441,225,1
atitlan,2025-12-29,683550.0,1627350.0,0.27424422,17.218845,225,1
atitlan,2025-12-29,683850.0,1627350.0,0.32463986,21.45383,225,1
atitlan,2025-12-29,684150.0,1627350.0,0.3194748,20.691778,225,1
atitlan,2025-12-29,684450.0,1627350.0,0.27013662,14.8287945,225,1
atitlan,2025-12-29,684750.0,1627350.0,0.24271125,13.058042,225,1
atitlan,2025-12-29,685050.0,1627350.0,0.26130816,15.967099,225,1
atitlan,2025-12-29,685350.0,1627350.0,0.18443409,11.579154,225,0
atitlan,2025-12-29,685650.0,1627350.0,0.17158036,10.8164215,225,0
atitlan,2025-12-29,685950.0,1627350.0,0.03458954,5.656969,225,0
atitlan,2025-12-29,686250.0,1627350.0,-0.07162635,1.4782994,225,0
atitlan,2025-12-29,686550.0,1627350.0,-0.08025994,0.9685321,225,0
atitlan,2025-12-29,686850.0,1627350.0,-0.087267704,0.54140556,225,0
atitlan,2025-12-29,687150.0,1627350.0,-0.08617559,0.59632874,225,0
atitlan,2025-12-29,687450.0,1627350.0,-0.088349074,0.49833965,225,0
atitlan,2025-12-29,687750.0,1627350.0,-0.085548945,0.6718071,225,0
atitlan,2025-12-29,688050.0,1627350.0,-0.08542867,0.6779985,225,0
atitlan,2025-12-29,688350.0,1627350.0,-0.08460713,0.75111496,225,0
atitlan,2025-12-29,688650.0,1627350.0,-0.08656212,0.6273941,225,0
atitlan,2025-12-29,688950.0,1627350.0,-0.08402958,0.76114345,225,0
atitlan,2025-12-29,689250.0,1627350.0,-0.084432915,0.7362327,225,0
atitlan,2025-12-29,689550.0,1627350.0,-0.08346779,0.797422,225,0
atitlan,2025-12-29,689850.0,1627350.0,-0.083462976,0.7989208,225,0
atitlan,2025-12-29,690150.0,1627350.0,-0.08527926,0.69162786,225,0
atitlan,2025-12-29,690450.0,1627350.0,-0.08604927,0.6957766,225,0
atitlan,2025-12-29,690750.0,1627350.0,-0.08610089,0.64759845,225,0
atitlan,2025-12-29,691050.0,1627350.0,-0.08526292,0.6947242,225,0
atitlan,2025-12-29,691350.0,1627350.0,-0.08646929,0.6426854,225,0
atitlan,2025-12-29,691650.0,1627350.0,-0.08810316,0.552901,225,0
atitlan,2025-12-29,691950.0,1627350.0,-0.08957611,0.45290336,225,0
atitlan,2025-12-29,692250.0,1627350.0,-0.09178431,0.3756546,225,0
atitlan,2025-12-29,692550.0,1627350.0,-0.09229324,0.4017567,225,0
atitlan,2025-12-29,692850.0,1627350.0,-0.092528455,0.35422534,225,0
atitlan,2025-12-29,693150.0,1627350.0,-0.090433724,0.45785677,225,0
atitlan,2025-12-29,693450.0,1627350.0,-0.08996931,0.47942257,225,0
atitlan,2025-12-29,693750.0,1627350.0,-0.09015176,0.50175506,225,0
atitlan,2025-12-29,694050.0,1627350.0,-0.09300858,0.348761,225,0
atitlan,2025-12-29,694350.0,1627350.0,-0.090223804,0.43905854,225,0
atitlan,2025-12-29,694650.0,1627350.0,-0.09340717,0.346751,225,0
atitlan,2025-12-29,694950.0,1627350.0,-0.09330953,0.3676308,225,0
atitlan,2025-12-29,695250.0,1627350.0,-0.09413221,0.30725643,225,0
atitlan,2025-12-29,695550.0,1627350.0,-0.092559464,0.3802399,225,0
atitlan,2025-12-29,695850.0,1627350.0,-0.09215916,0.37480837,225,0
atitlan,2025-12-29,696150.0,1627350.0,-0.093964554,0.31878126,225,0
atitlan,2025-12-29,696450.0,1627350.0,-0.095016494,0.27901167,225,0
atitlan,2025-12-29,696750.0,1627350.0,-0.09294551,0.33327156,225,0
atitlan,2025-12-29,697050.0,1627350.0,-0.09208374,0.37270778,225,0
atitlan,2025-12-29,697350.0,1627350.0,-0.092282,0.38986945,225,0
atitlan,2025-12-29,697650.0,1627350.0,-0.091848716,0.3864293,225,0
atitlan,2025-12-29,697950.0,1627350.0,-0.0970806,0.24164714,225,0
atitlan,2025-12-29,698250.0,1627350.0,-0.0940747,0.32504034,225,0
atitlan,2025-12-29,698550.0,1627350.0,-0.09324314,0.34335122,225,0
atitlan,2025-12-29,698850.0,1627350.0,-0.091705285,0.42242295,225,0
atitlan,2025-12-29,699150.0,1627350.0,-0.0906386,0.45648447,225,0
atitlan,2025-12-29,699450.0,1627350.0,-0.088088185,0.55818254,225,0
atitlan,2025-12-29,699750.0,1627350.0,-0.08449055,0.74928206,225,0
atitlan,2025-12-29,700050.0,1627350.0,-0.08708365,0.61731195,225,0
atitlan,2025-12-29,700350.0,1627350.0,-0.08428274,0.76649094,225,0
atitlan,2025-12-29,700650.0,1627350.0,-0.083923735,0.7856614,225,0
atitlan,2025-12-29,700950.0,1627350.0,-0.07439613,1.3109853,225,0
atitlan,2025-12-29,701250.0,1627350.0,0.19423912,12.234559,225,1
atitlan,2025-12-29,701550.0,1627350.0,0.2416752,11.337908,225,0
atitlan,2025-12-29,701850.0,1627350.0,0.2979639,17.96895,225,1
atitlan,2025-12-29,702150.0,1627350.0,0.3289874,22.003391,225,1
atitlan,2025-12-29,702450.0,1627350.0,0.3022471,20.35108,225,1
atitlan,2025-12-29,702750.0,1627350.0,0.25429973,17.203535,225,1
atitlan,2025-12-29,703050.0,1627350.0,0.2888546,18.419842,225,1
atitlan,2025-12-29,703350.0,1627350.0,0.2892944,19.751875,225,1
atitlan,2025-12-29,703650.0,1627350.0,0.24685265,16.966358,225,1
atitlan,2025-12-29,703950.0,1627350.0,0.18037483,11.471405,225,0
atitlan,2025-12-29,704250.0,1627350.0,0.2702335,17.123453,225,1
atitlan,2025-12-29,704550.0,1627350.0,0.18083793,10.085896,225,0
atitlan,2025-12-29,704850.0,1627350.0,0.1780215,9.763636,225,0
atitlan,2025-12-29,705150.0,1627350.0,0.26909855,17.158085,225,1
atitlan,2025-12-29,705450.0,1627350.0,0.25903162,14.667624,225,1
atitlan,2025-12-29,705750.0,1627350.0,0.2986799,19.792595,225,1
atitlan,2025-12-29,706050.0,1627350.0,0.1378916,6.918524,225,0
atitlan,2025-12-29,706350.0,1627350.0,0.215564,11.523322,225,0
atitlan,2025-12-29,706650.0,1627350.0,0.3277638,21.826893,225,1
atitlan,2025-12-29,706950.0,1627350.0,0.31105632,18.905891,225,1
atitlan,2025-12-29,707250.0,1627350.0,0.27094027,14.568919,225,1
atitlan,2025-12-29,707550.0,1627350.0,0.26466224,14.827529,225,1
atitlan,2025-12-29,707850.0,1627350.0,0.2648293,17.17559,45,1
atitlan,2025-12-29,680250.0,1627650.0,0.3341915,24.193897,180,1
atitlan,2025-12-29,680550.0,1627650.0,0.33332685,23.31136,225,1
atitlan,2025-12-29,680850.0,1627650.0,0.303737,19.545053,225,1
atitlan,2025-12-29,681150.0,1627650.0,0.26795068,16.992104,225,1
atitlan,2025-12-29,681450.0,1627650.0,0.24712162,14.290554,225,1
atitlan,2025-12-29,681750.0,1627650.0,0.23998222,14.327621,225,1
atitlan,2025-12-29,682050.0,1627650.0,0.11243197,8.134102,225,0
atitlan,2025-12-29,682350.0,1627650.0,0.16070904,10.208434,225,0
atitlan,2025-12-29,682650.0,1627650.0,0.10457555,8.310276,225,0
atitlan,2025-12-29,682950.0,1627650.0,0.07575702,5.6623755,225,0
atitlan,2025-12-29,683250.0,1627650.0,0.14483483,9.228248,225,0
atitlan,2025-12-29,683550.0,1627650.0,0.22639817,14.396607,225,1
atitlan,2025-12-29,683850.0,1627650.0,0.2744539,16.684822,225,1
atitlan,2025-12-29,684150.0,1627650.0,0.29344088,17.818783,225,1
atitlan,2025-12-29,684450.0,1627650.0,0.28556383,16.570236,225,1
atitlan,2025-12-29,684750.0,1627650.0,0.29577488,17.2522,225,1
atitlan,2025-12-29,685050.0,1627650.0,0.27421626,17.256624,225,1
atitlan,2025-12-29,685350.0,1627650.0,0.27199024,17.894472,225,1
atitlan,2025-12-29,685650.0,1627650.0,0.23387444,14.84991,225,1
atitlan,2025-12-29,685950.0,1627650.0,0.24459748,15.853368,225,1
atitlan,2025-12-29,686250.0,1627650.0,0.09807358,7.867498,225,0
atitlan,2025-12-29,686550.0,1627650.0,-0.06971898,1.3688422,225,0
atitlan,2025-12-29,686850.0,1627650.0,-0.08493207,0.6944705,225,0
atitlan,2025-12-29,687150.0,1627650.0,-0.08766639,0.5480198,225,0
atitlan,2025-12-29,687450.0,1627650.0,-0.08777914,0.5143517,225,0
atitlan,2025-12-29,687750.0,1627650.0,-0.08318318,0.8164088,225,0
atitlan,2025-12-29,688050.0,1627650.0,-0.08302934,0.8000452,225,0
atitlan,2025-12-29,688350.0,1627650.0,-0.082745634,0.83125794,225,0
atitlan,2025-12-29,688650.0,1627650.0,-0.081724465,0.8928133,225,0
atitlan,2025-12-29,688950.0,1627650.0,-0.082347505,0.86155653,225,0
atitlan,2025-12-29,689250.0,1627650.0,-0.08348679,0.788024,225,0
atitlan,2025-12-29,689550.0,1627650.0,-0.08197927,0.87980175,225,0
atitlan,2025-12-29,689850.0,1627650.0,-0.084425025,0.75652385,225,0
atitlan,2025-12-29,690150.0,1627650.0,-0.085516535,0.6779756,225,0
atitlan,2025-12-29,690450.0,1627650.0,-0.08542157,0.6938294,225,0
atitlan,2025-12-29,690750.0,1627650.0,-0.08551314,0.6903149,225,0
atitlan,2025-12-29,691050.0,1627650.0,-0.08666783,0.6428902,225,0
atitlan,2025-12-29,691350.0,1627650.0,-0.08730377,0.5763259,225,0
atitlan,2025-12-29,691650.0,1627650.0,-0.08915725,0.5047303,225,0
atitlan,2025-12-29,691950.0,1627650.0,-0.08925777,0.481179,225,0
atitlan,2025-12-29,692250.0,1627650.0,-0.09004686,0.46101117,225,0
atitlan,2025-12-29,692550.0,1627650.0,-0.09220707,0.37285757,225,0
atitlan,2025-12-29,692850.0,1627650.0,-0.09194657,0.40227246,225,0
atitlan,2025-12-29,693150.0,1627650.0,-0.09016468,0.4476249,225,0
atitlan,2025-12-29,693450.0,1627650.0,-0.09004003,0.47244436,225,0
atitlan,2025-12-29,693750.0,1627650.0,-0.09167913,0.38369882,225,0
atitlan,2025-12-29,694050.0,1627650.0,-0.09290371,0.35762045,225,0
atitlan,2025-12-29,694350.0,1627650.0,-0.08863924,0.54931676,225,0
atitlan,2025-12-29,694650.0,1627650.0,-0.09216323,0.40176263,225,0
atitlan,2025-12-29,694950.0,1627650.0,-0.09377352,0.33600792,225,0
atitlan,2025-12-29,695250.0,1627650.0,-0.094364144,0.30517077,225,0
atitlan,2025-12-29,695550.0,1627650.0,-0.09294924,0.3389611,225,0
atitlan,2025-12-29,695850.0,1627650.0,-0.09367106,0.33584982,225,0
atitlan,2025-12-29,696150.0,1627650.0,-0.09410476,0.32386485,225,0
atitlan,2025-12-29,696450.0,1627650.0,-0.09461547,0.29361093,225,0
atitlan,2025-12-29,696750.0,1627650.0,-0.095028974,0.29047552,225,0
atitlan,2025-12-29,697050.0,1627650.0,-0.09080223,0.46353477,225,0
atitlan,2025-12-29,697350.0,1627650.0,-0.092961386,0.35749823,225,0
atitlan,2025-12-29,697650.0,1627650.0,-0.08934797,0.5179863,225,0
atitlan,2025-12-29,697950.0,1627650.0,-0.09243989,0.35042578,225,0
atitlan,2025-12-29,698250.0,1627650.0,-0.09286218,0.3491568,225,0
atitlan,2025-12-29,698550.0,1627650.0,-0.08836674,0.5472196,225,0
atitlan,2025-12-29,698850.0,1627650.0,-0.09016814,0.45711172,225,0
atitlan,2025-12-29,699150.0,1627650.0,-0.088456616,0.5615245,225,0
atitlan,2025-12-29,699450.0,1627650.0,-0.089164265,0.52874416,225,0
atitlan,2025-12-29,699750.0,1627650.0,-0.08564338,0.6846736,225,0
atitlan,2025-12-29,700050.0,1627650.0,-0.08346994,0.80821633,225,0
atitlan,2025-12-29,700350.0,1627650.0,-0.08261153,0.8452104,225,0
atitlan,2025-12-29,700650.0,1627650.0,-0.082819164,0.8461281,225,0
atitlan,2025-12-29,700950.0,1627650.0,-0.043019537,2.7054634,225,0
atitlan,2025-12-29,701250.0,1627650.0,0.23391359,14.084376,225,1
atitlan,2025-12-29,701550.0,1627650.0,0.26339567,13.120571,225,1
atitlan,2025-12-29,701850.0,1627650.0,0.27861485,15.725902,225,1
atitlan,2025-12-29,702150.0,1627650.0,0.27765164,16.93378,225,1
atitlan,2025-12-29,702450.0,1627650.0,0.27528158,17.6189,225,1
atitlan,2025-12-29,702750.0,1627650.0,0.24259366,14.927123,225,1
atitlan,2025-12-29,703050.0,1627650.0,0.20643775,11.920955,225,0
atitlan,2025-12-29,703350.0,1627650.0,0.24639606,15.404512,225,1
atitlan,2025-12-29,703650.0,1627650.0,0.21776123,12.3323555,225,1
atitlan,2025-12-29,703950.0,1627650.0,0.26190272,16.490822,225,1
atitlan,2025-12-29,704250.0,1627650.0,0.16586035,10.142394,225,0
atitlan,2025-12-29,704550.0,1627650.0,0.17773943,10.6563,225,0
atitlan,2025-12-29,704850.0,1627650.0,0.22940208,13.301063,225,1
atitlan,2025-12-29,705150.0,1627650.0,0.21813272,11.686582,225,0
atitlan,2025-12-29,705450.0,1627650.0,0.21324156,12.199608,225,1
atitlan,2025-12-29,705750.0,1627650.0,0.26240617,15.842043,225,1
atitlan,2025-12-29,706050.0,1627650.0,0.18225132,10.541066,225,0
atitlan,2025-12-29,706350.0,1627650.0,0.22679222,13.860226,225,1
atitlan,2025-12-29,706650.0,1627650.0,0.29845566,20.752375,225,1
atitlan,2025-12-29,706950.0,1627650.0,0.30818954,19.906395,225,1
atitlan,2025-12-29,707250.0,1627650.0,0.2619031,15.289352,225,1
atitlan,2025-12-29,707550.0,1627650.0,0.26843393,15.130904,225,1
atitlan,2025-12-29,707850.0,1627650.0,0.2475093,13.335867,45,1
atitlan,2025-12-29,680250.0,1627950.0,0.31735304,21.866074,180,1
atitlan,2025-12-29,680550.0,1627950.0,0.33433294,24.973986,225,1
atitlan,2025-12-29,680850.0,1627950.0,0.29804367,19.304102,225,1
atitlan,2025-12-29,681150.0,1627950.0,0.31462178,21.94524,225,1
atitlan,2025-12-29,681450.0,1627950.0,0.2986729,19.118916,225,1
atitlan,2025-12-29,681750.0,1627950.0,0.2592037,16.389536,225,1
atitlan,2025-12-29,682050.0,1627950.0,0.16148522,11.35821,225,0
atitlan,2025-12-29,682350.0,1627950.0,0.14073205,9.293401,225,0
atitlan,2025-12-29,682650.0,1627950.0,0.16221368,11.876732,225,0
atitlan,2025-12-29,682950.0,1627950.0,0.17187378,11.412642,225,0
atitlan,2025-12-29,683250.0,1627950.0,0.2040534,14.353248,225,1
atitlan,2025-12-29,683550.0,1627950.0,0.30950773,21.562199,225,1
atitlan,2025-12-29,683850.0,1627950.0,0.3147275,19.698015,225,1
atitlan,2025-12-29,684150.0,1627950.0,0.30090278,17.99958,225,1
atitlan,2025-12-29,684450.0,1627950.0,0.2817527,17.651,225,1
atitlan,2025-12-29,684750.0,1627950.0,0.31443763,20.503935,225,1
atitlan,2025-12-29,685050.0,1627950.0,0.29680422,17.79988,225,1
atitlan,2025-12-29,685350.0,1627950.0,0.2792342,16.794317,225,1
atitlan,2025-12-29,685650.0,1627950.0,0.31023055,19.085829,225,1
atitlan,2025-12-29,685950.0,1627950.0,0.13375515,9.955266,225,0
atitlan,2025-12-29,686250.0,1627950.0,0.18207353,11.360356,225,0
atitlan,2025-12-29,686550.0,1627950.0,0.07370523,6.83246,225,0
atitlan,2025-12-29,686850.0,1627950.0,-0.07233196,1.4336299,225,0
atitlan,2025-12-29,687150.0,1627950.0,-0.071440525,1.3335282,225,0
atitlan,2025-12-29,687450.0,1627950.0,-0.07963549,0.9844952,225,0
atitlan,2025-12-29,687750.0,1627950.0,-0.07962817,1.0008111,225,0
atitlan,2025-12-29,688050.0,1627950.0,-0.07783003,1.1091226,225,0
atitlan,2025-12-29,688350.0,1627950.0,-0.078256525,1.0885572,225,0
atitlan,2025-12-29,688650.0,1627950.0,-0.076620944,1.1861063,225,0
atitlan,2025-12-29,688950.0,1627950.0,-0.0805269,0.96688354,225,0
atitlan,2025-12-29,689250.0,1627950.0,-0.08208214,0.8765351,225,0
atitlan,2025-12-29,689550.0,1627950.0,-0.082061686,0.87014824,225,0
atitlan,2025-12-29,689850.0,1627950.0,-0.08043862,0.9653315,225,0
atitlan,2025-12-29,690150.0,1627950.0,-0.08279589,0.83241266,225,0
atitlan,2025-12-29,690450.0,1627950.0,-0.084472954,0.72709495,225,0
atitlan,2025-12-29,690750.0,1627950.0,-0.085115515,0.7067927,225,0
atitlan,2025-12-29,691050.0,1627950.0,-0.086234115,0.65938103,225,0
atitlan,2025-12-29,691350.0,1627950.0,-0.0876073,0.5726692,225,0
atitlan,2025-12-29,691650.0,1627950.0,-0.089963466,0.51574886,225,0
atitlan,2025-12-29,691950.0,1627950.0,-0.09037868,0.46614072,225,0
atitlan,2025-12-29,692250.0,1627950.0,-0.09195474,0.37912694,225,0
atitlan,2025-12-29,692550.0,1627950.0,-0.09311299,0.328561,225,0
atitlan,2025-12-29,692850.0,1627950.0,-0.09267368,0.35692543,225,0
atitlan,2025-12-29,693150.0,1627950.0,-0.09029341,0.47520095,225,0
atitlan,2025-12-29,693450.0,1627950.0,-0.088711254,0.56613904,225,0
atitlan,2025-12-29,693750.0,1627950.0,-0.08955241,0.48447046,225,0
atitlan,2025-12-29,694050.0,1627950.0,-0.09203627,0.39881396,225,0
atitlan,2025-12-29,694350.0,1627950.0,-0.09019812,0.4692989,225,0
atitlan,2025-12-29,694650.0,1627950.0,-0.09192945,0.41392872,225,0
atitlan,2025-12-29,694950.0,1627950.0,-0.09463322,0.2968959,225,0
atitlan,2025-12-29,695250.0,1627950.0,-0.095524825,0.27826187,225,0
atitlan,2025-12-29,695550.0,1627950.0,-0.093078114,0.33827397,225,0
atitlan,2025-12-29,695850.0,1627950.0,-0.09172181,0.407575,225,0
atitlan,2025-12-29,696150.0,1627950.0,-0.09103124,0.43599495,225,0
atitlan,2025-12-29,696450.0,1627950.0,-0.09084131,0.4377691,225,0
atitlan,2025-12-29,696750.0,1627950.0,-0.09360545,0.39376065,225,0
atitlan,2025-12-29,697050.0,1627950.0,-0.09046528,0.43189922,225,0
atitlan,2025-12-29,697350.0,1627950.0,-0.089935474,0.4673752,225,0
atitlan,2025-12-29,697650.0,1627950.0,-0.08874819,0.5566648,225,0
atitlan,2025-12-29,697950.0,1627950.0,-0.09006827,0.550481,225,0
atitlan,2025-12-29,698250.0,1627950.0,-0.09202705,0.41227737,225,0
atitlan,2025-12-29,698550.0,1627950.0,-0.08766948,0.577871,225,0
atitlan,2025-12-29,698850.0,1627950.0,-0.088314,0.5723477,225,0
atitlan,2025-12-29,699150.0,1627950.0,-0.087255366,0.6149587,225,0
atitlan,2025-12-29,699450.0,1627950.0,-0.087496676,0.5898346,225,0
atitlan,2025-12-29,699750.0,1627950.0,-0.08692493,0.6200659,225,0
atitlan,2025-12-29,700050.0,1627950.0,-0.08505011,0.71809036,225,0
atitlan,2025-12-29,700350.0,1627950.0,-0.081671216,0.8965478,225,0
atitlan,2025-12-29,700650.0,1627950.0,-0.079613715,1.0137563,225,0
atitlan,2025-12-29,700950.0,1627950.0,0.053694393,6.206457,225,0
atitlan,2025-12-29,701250.0,1627950.0,0.22295393,11.729341,225,0
atitlan,2025-12-29,701550.0,1627950.0,0.25763422,12.930158,225,1
atitlan,2025-12-29,701850.0,1627950.0,0.25677988,14.122273,225,1
atitlan,2025-12-29,702150.0,1627950.0,0.23261474,13.612186,225,1
atitlan,2025-12-29,702450.0,1627950.0,0.13656609,8.177792,225,0
atitlan,2025-12-29,702750.0,1627950.0,0.2603374,14.24366,225,1
atitlan,2025-12-29,703050.0,1627950.0,0.14957811,8.184998,225,0
atitlan,2025-12-29,703350.0,1627950.0,0.19315004,12.952984,225,1
atitlan,2025-12-29,703650.0,1627950.0,0.1353961,7.9863834,225,0
atitlan,2025-12-29,703950.0,1627950.0,0.17417476,11.057896,225,0
atitlan,2025-12-29,704250.0,1627950.0,0.18845315,10.93654,225,0
atitlan,2025-12-29,704550.0,1627950.0,0.18845394,10.981297,225,0
atitlan,2025-12-29,704850.0,1627950.0,0.20069481,11.803317,225,0
atitlan,2025-12-29,705150.0,1627950.0,0.25126275,15.261046,225,1
atitlan,2025-12-29,705450.0,1627950.0,0.28449357,18.054512,225,1
atitlan,2025-12-29,705750.0,1627950.0,0.28358895,17.835896,225,1
atitlan,2025-12-29,706050.0,1627950.0,0.22795807,14.359515,225,1
atitlan,2025-12-29,706350.0,1627950.0,0.27610552,15.206244,225,1
atitlan,2025-12-29,706650.0,1627950.0,0.30620816,19.093626,225,1
atitlan,2025-12-29,706950.0,1627950.0,0.27514756,14.879661,225,1
atitlan,2025-12-29,707250.0,1627950.0,0.28594646,17.020338,225,1
atitlan,2025-12-29,707550.0,1627950.0,0.26461312,15.447169,225,1
atitlan,2025-12-29,707850.0,1627950.0,0.30764225,20.43379,45,1
atitlan,2025-12-29,680250.0,1628250.0,0.32646975,23.866072,180,1
atitlan,2025-12-29,680550.0,1628250.0,0.34476334,27.148537,225,1
atitlan,2025-12-29,680850.0,1628250.0,0.2892809,17.090673,225,1
atitlan,2025-12-29,681150.0,1628250.0,0.32755947,22.708254,225,1
atitlan,2025-12-29,681450.0,1628250.0,0.33515343,23.538528,225,1
atitlan,2025-12-29,681750.0,1628250.0,0.31396198,20.39585,225,1
atitlan,2025-12-29,682050.0,1628250.0,0.2837926,17.36832,225,1
atitlan,2025-12-29,682350.0,1628250.0,0.23056835,13.830911,225,1
atitlan,2025-12-29,682650.0,1628250.0,0.24481684,15.5420065,225,1
atitlan,2025-12-29,682950.0,1628250.0,0.32031757,22.961447,225,1
atitlan,2025-12-29,683250.0,1628250.0,0.31879273,22.753418,225,1
atitlan,2025-12-29,683550.0,1628250.0,0.34467527,26.01185,225,1
atitlan,2025-12-29,683850.0,1628250.0,0.32177293,21.030699,225,1
atitlan,2025-12-29,684150.0,1628250.0,0.3376066,23.99561,225,1
atitlan,2025-12-29,684450.0,1628250.0,0.34371215,24.73091,225,1
atitlan,2025-12-29,684750.0,1628250.0,0.32672754,22.386211,225,1
atitlan,2025-12-29,685050.0,1628250.0,0.33218834,22.513857,225,1
atitlan,2025-12-29,685350.0,1628250.0,0.28985396,17.14592,225,1
atitlan,2025-12-29,685650.0,1628250.0,0.27036166,16.830944,225,1
atitlan,2025-12-29,685950.0,1628250.0,0.038922884,4.4840727,225,0
atitlan,2025-12-29,686250.0,1628250.0,0.2210277,13.776866,225,1
atitlan,2025-12-29,686550.0,1628250.0,0.17274193,11.357232,225,0
atitlan,2025-12-29,686850.0,1628250.0,-0.071173064,1.4411012,225,0
atitlan,2025-12-29,687150.0,1628250.0,0.053080015,5.020467,225,0
atitlan,2025-12-29,687450.0,1628250.0,0.12178763,10.323602,225,0
atitlan,2025-12-29,687750.0,1628250.0,-0.03711106,2.8374856,225,0
atitlan,2025-12-29,688050.0,1628250.0,-0.030923627,2.76103,225,0
atitlan,2025-12-29,688350.0,1628250.0,0.013510737,4.672796,225,0
atitlan,2025-12-29,688650.0,1628250.0,0.003541201,6.007171,225,0
atitlan,2025-12-29,688950.0,1628250.0,-0.06859616,1.5969692,225,0
atitlan,2025-12-29,689250.0,1628250.0,-0.07606838,1.2112061,225,0
atitlan,2025-12-29,689550.0,1628250.0,-0.07732029,1.1139867,225,0
atitlan,2025-12-29,689850.0,1628250.0,-0.08128264,0.95351326,225,0
atitlan,2025-12-29,690150.0,1628250.0,-0.08174708,0.90587133,225,0
atitlan,2025-12-29,690450.0,1628250.0,-0.08327973,0.8229733,225,0
atitlan,2025-12-29,690750.0,1628250.0,-0.08345508,0.8060762,225,0
atitlan,2025-12-29,691050.0,1628250.0,-0.08456154,0.74492097,225,0
atitlan,2025-12-29,691350.0,1628250.0,-0.08608356,0.64617324,225,0
atitlan,2025-12-29,691650.0,1628250.0,-0.08750548,0.5921598,225,0
atitlan,2025-12-29,691950.0,1628250.0,-0.087282434,0.6103009,225,0
atitlan,2025-12-29,692250.0,1628250.0,-0.08762654,0.5921788,225,0
atitlan,2025-12-29,692550.0,1628250.0,-0.08979744,0.4748543,225,0
atitlan,2025-12-29,692850.0,1628250.0,-0.08946139,0.60235447,225,0
atitlan,2025-12-29,693150.0,1628250.0,-0.090507835,0.45637432,225,0
atitlan,2025-12-29,693450.0,1628250.0,-0.08618024,0.7284544,225,0
atitlan,2025-12-29,693750.0,1628250.0,-0.08886083,0.5281158,225,0
atitlan,2025-12-29,694050.0,1628250.0,-0.08973013,0.5192071,225,0
atitlan,2025-12-29,694350.0,1628250.0,-0.09011214,0.46060994,225,0
atitlan,2025-12-29,694650.0,1628250.0,-0.089009196,0.5230663,225,0
atitlan,2025-12-29,694950.0,1628250.0,-0.09346924,0.3525192,225,0
atitlan,2025-12-29,695250.0,1628250.0,-0.0927964,0.38921842,225,0
atitlan,2025-12-29,695550.0,1628250.0,-0.09193648,0.3686211,225,0
atitlan,2025-12-29,695850.0,1628250.0,-0.091044046,0.438388,225,0
atitlan,2025-12-29,696150.0,1628250.0,-0.089920394,0.4781245,225,0
atitlan,2025-12-29,696450.0,1628250.0,-0.09211831,0.40590304,225,0
atitlan,2025-12-29,696750.0,1628250.0,-0.09200047,0.37704077,225,0
atitlan,2025-12-29,697050.0,1628250.0,-0.09068151,0.46304822,225,0
atitlan,2025-12-29,697350.0,1628250.0,-0.090576194,0.4638552,225,0
atitlan,2025-12-29,697650.0,1628250.0,-0.08972394,0.48076165,225,0
atitlan,2025-12-29,697950.0,1628250.0,-0.09063168,0.46313444,225,0
atitlan,2025-12-29,698250.0,1628250.0,-0.09162989,0.3898404,225,0
atitlan,2025-12-29,698550.0,1628250.0,-0.08739574,0.63306975,225,0
atitlan,2025-12-29,698850.0,1628250.0,-0.08927972,0.51829416,225,0
atitlan,2025-12-29,699150.0,1628250.0,-0.08707198,0.6101535,225,0
atitlan,2025-12-29,699450.0,1628250.0,-0.08865972,0.5282383,225,0
atitlan,2025-12-29,699750.0,1628250.0,-0.088816695,0.5201257,225,0
atitlan,2025-12-29,700050.0,1628250.0,-0.08413094,0.7644089,225,0
atitlan,2025-12-29,700350.0,1628250.0,-0.050028622,2.0396116,225,0
atitlan,2025-12-29,700650.0,1628250.0,-0.0239412,2.7362647,225,0
atitlan,2025-12-29,700950.0,1628250.0,0.14706445,10.40176,225,0
atitlan,2025-12-29,701250.0,1628250.0,0.24789368,13.063652,225,1
atitlan,2025-12-29,701550.0,1628250.0,0.23858315,13.339479,225,1
atitlan,2025-12-29,701850.0,1628250.0,0.2568137,14.054544,225,1
atitlan,2025-12-29,702150.0,1628250.0,0.2700502,15.951907,225,1
atitlan,2025-12-29,702450.0,1628250.0,0.26197278,17.01796,225,1
atitlan,2025-12-29,702750.0,1628250.0,0.31817088,21.427998,225,1
atitlan,2025-12-29,703050.0,1628250.0,0.22569771,13.900313,225,1
atitlan,2025-12-29,703350.0,1628250.0,0.122681335,6.7284527,225,0
atitlan,2025-12-29,703650.0,1628250.0,0.21675624,13.197032,225,1
atitlan,2025-12-29,703950.0,1628250.0,0.10963316,7.3134933,225,0
atitlan,2025-12-29,704250.0,1628250.0,0.14984308,8.113848,225,0
atitlan,2025-12-29,704550.0,1628250.0,0.1572305,8.712427,225,0
atitlan,2025-12-29,704850.0,1628250.0,0.19829303,13.085757,225,1
atitlan,2025-12-29,705150.0,1628250.0,0.18544771,11.786977,225,0
atitlan,2025-12-29,705450.0,1628250.0,0.24441992,15.842854,225,1
atitlan,2025-12-29,705750.0,1628250.0,0.27949616,17.323484,225,1
atitlan,2025-12-29,706050.0,1628250.0,0.25998735,15.249631,225,1
atitlan,2025-12-29,706350.0,1628250.0,0.25664026,14.19743,225,1
atitlan,2025-12-29,706650.0,1628250.0,0.2911003,17.329361,225,1
atitlan,2025-12-29,706950.0,1628250.0,0.26465082,14.348474,225,1
atitlan,2025-12-29,707250.0,1628250.0,0.28357017,17.737776,225,1
atitlan,2025-12-29,707550.0,1628250.0,0.28449777,17.390207,225,1
atitlan,2025-12-29,707850.0,1628250.0,0.26048294,14.0820055,45,1
atitlan,2025-12-29,680250.0,1628550.0,0.37210697,30.694992,180,1
atitlan,2025-12-29,680550.0,1628550.0,0.35219297,27.646471,225,1
atitlan,2025-12-29,680850.0,1628550.0,0.32799843,22.078176,225,1
atitlan,2025-12-29,681150.0,1628550.0,0.3352086,23.466927,225,1
atitlan,2025-12-29,681450.0,1628550.0,0.34314817,25.72582,225,1
atitlan,2025-12-29,681750.0,1628550.0,0.32153496,23.540398,225,1
atitlan,2025-12-29,682050.0,1628550.0,0.19972436,13.898932,225,1
atitlan,2025-12-29,682350.0,1628550.0,0.29592624,21.69294,225,1
atitlan,2025-12-29,682650.0,1628550.0,0.31589973,21.87259,225,1
atitlan,2025-12-29,682950.0,1628550.0,0.3425557,24.382729,225,1
atitlan,2025-12-29,683250.0,1628550.0,0.3767633,31.43615,225,1
atitlan,2025-12-29,683550.0,1628550.0,0.34674203,25.544443,225,1
atitlan,2025-12-29,683850.0,1628550.0,0.33908767,25.258898,225,1
atitlan,2025-12-29,684150.0,1628550.0,0.34866753,25.798714,225,1
atitlan,2025-12-29,684450.0,1628550.0,0.31590888,20.394987,225,1
atitlan,2025-12-29,684750.0,1628550.0,0.31540513,21.07852,225,1
atitlan,2025-12-29,685050.0,1628550.0,0.31746924,21.163242,225,1
atitlan,2025-12-29,685350.0,1628550.0,0.30240777,18.884186,225,1
atitlan,2025-12-29,685650.0,1628550.0,0.2848477,19.070961,225,1
atitlan,2025-12-29,685950.0,1628550.0,0.19710311,13.651919,225,1
atitlan,2025-12-29,686250.0,1628550.0,0.28771004,17.680548,225,1
atitlan,2025-12-29,686550.0,1628550.0,0.19172673,9.265039,225,0
atitlan,2025-12-29,686850.0,1628550.0,0.17013234,11.250791,225,0
atitlan,2025-12-29,687150.0,1628550.0,0.15954168,10.186437,225,0
atitlan,2025-12-29,687450.0,1628550.0,0.11739645,9.378309,225,0
atitlan,2025-12-29,687750.0,1628550.0,0.18029018,11.607106,225,0
atitlan,2025-12-29,688050.0,1628550.0,0.23705511,14.336622,225,1
atitlan,2025-12-29,688350.0,1628550.0,0.23889226,12.555113,225,1
atitlan,2025-12-29,688650.0,1628550.0,0.25933766,15.564082,225,1
atitlan,2025-12-29,688950.0,1628550.0,0.18706936,12.950723,225,1
atitlan,2025-12-29,689250.0,1628550.0,-0.0377385,3.285583,225,0
atitlan,2025-12-29,689550.0,1628550.0,-0.07597602,1.2275571,225,0
atitlan,2025-12-29,689850.0,1628550.0,-0.07490176,1.2854099,225,0
atitlan,2025-12-29,690150.0,1628550.0,-0.077555135,1.136525,225,0
atitlan,2025-12-29,690450.0,1628550.0,-0.07920296,1.0338209,225,0
atitlan,2025-12-29,690750.0,1628550.0,-0.080557816,0.9685417,225,0
atitlan,2025-12-29,691050.0,1628550.0,-0.08228157,0.8574399,225,0
atitlan,2025-12-29,691350.0,1628550.0,-0.084955506,0.71865755,225,0
atitlan,2025-12-29,691650.0,1628550.0,-0.086372934,0.62606555,225,0
atitlan,2025-12-29,691950.0,1628550.0,-0.08358712,0.77731895,225,0
atitlan,2025-12-29,692250.0,1628550.0,-0.0846981,0.8184521,225,0
atitlan,2025-12-29,692550.0,1628550.0,-0.08822564,0.55517167,225,0
atitlan,2025-12-29,692850.0,1628550.0,-0.08983531,0.44826436,225,0
atitlan,2025-12-29,693150.0,1628550.0,-0.0874572,0.57720214,225,0
atitlan,2025-12-29,693450.0,1628550.0,-0.086244054,0.6818181,225,0
atitlan,2025-12-29,693750.0,1628550.0,-0.08624736,0.70491993,225,0
atitlan,2025-12-29,694050.0,1628550.0,-0.090848595,0.44982573,225,0
atitlan,2025-12-29,694350.0,1628550.0,-0.08936883,0.49635637,225,0
atitlan,2025-12-29,694650.0,1628550.0,-0.0881812,0.55124825,225,0
atitlan,2025-12-29,694950.0,1628550.0,-0.090017885,0.48723137,225,0
atitlan,2025-12-29,695250.0,1628550.0,-0.09101053,0.5103593,225,0
atitlan,2025-12-29,695550.0,1628550.0,-0.091680855,0.44002146,225,0
atitlan,2025-12-29,695850.0,1628550.0,-0.09296052,0.3262503,225,0
atitlan,2025-12-29,696150.0,1628550.0,-0.091561295,0.42967317,225,0
atitlan,2025-12-29,696450.0,1628550.0,-0.09061622,0.47590032,225,0
atitlan,2025-12-29,696750.0,1628550.0,-0.0907771,0.45190936,225,0
atitlan,2025-12-29,697050.0,1628550.0,-0.08936068,0.505601,225,0
atitlan,2025-12-29,697350.0,1628550.0,-0.08855124,0.54007,225,0
atitlan,2025-12-29,697650.0,1628550.0,-0.089849584,0.51588124,225,0
atitlan,2025-12-29,697950.0,1628550.0,-0.08941537,0.549191,225,0
atitlan,2025-12-29,698250.0,1628550.0,-0.09219508,0.37474623,225,0
atitlan,2025-12-29,698550.0,1628550.0,-0.09037235,0.45147645,225,0
atitlan,2025-12-29,698850.0,1628550.0,-0.089113,0.5040256,225,0
atitlan,2025-12-29,699150.0,1628550.0,-0.087772265,0.5664207,225,0
atitlan,2025-12-29,699450.0,1628550.0,-0.08595677,0.68089277,225,0
atitlan,2025-12-29,699750.0,1628550.0,-0.08309113,0.8729183,225,0
atitlan,2025-12-29,700050.0,1628550.0,-0.039050736,2.4208274,225,0
atitlan,2025-12-29,700350.0,1628550.0,0.2032537,11.181762,225,0
atitlan,2025-12-29,700650.0,1628550.0,0.15343675,10.207289,225,0
atitlan,2025-12-29,700950.0,1628550.0,0.08598766,6.172965,225,0
atitlan,2025-12-29,701250.0,1628550.0,0.22239906,12.116329,225,1
atitlan,2025-12-29,701550.0,1628550.0,0.24216402,12.821271,225,1
atitlan,2025-12-29,701850.0,1628550.0,0.25516784,15.137067,225,1
atitlan,2025-12-29,702150.0,1628550.0,0.27770275,16.87708,225,1
atitlan,2025-12-29,702450.0,1628550.0,0.24101715,15.239457,225,1
atitlan,2025-12-29,702750.0,1628550.0,0.3071971,21.06461,225,1
atitlan,2025-12-29,703050.0,1628550.0,0.24397646,15.586935,225,1
atitlan,2025-12-29,703350.0,1628550.0,0.16968782,10.108774,225,0
atitlan,2025-12-29,703650.0,1628550.0,0.2756829,18.137135,225,1
atitlan,2025-12-29,703950.0,1628550.0,0.17303365,12.132627,225,1
atitlan,2025-12-29,704250.0,1628550.0,0.10980698,6.7110415,225,0
atitlan,2025-12-29,704550.0,1628550.0,0.15762058,8.126604,225,0
atitlan,2025-12-29,704850.0,1628550.0,0.1738205,11.194449,225,0
atitlan,2025-12-29,705150.0,1628550.0,0.25083584,15.942077,225,1
atitlan,2025-12-29,705450.0,1628550.0,0.23231213,15.054256,225,1
atitlan,2025-12-29,705750.0,1628550.0,0.3109909,20.339987,225,1
atitlan,2025-12-29,706050.0,1628550.0,0.27864042,16.502352,225,1
atitlan,2025-12-29,706350.0,1628550.0,0.26028594,14.397104,225,1
atitlan,2025-12-29,706650.0,1628550.0,0.29433176,18.721384,225,1
atitlan,2025-12-29,706950.0,1628550.0,0.28867868,16.762663,225,1
atitlan,2025-12-29,707250.0,1628550.0,0.2790971,17.643267,225,1
atitlan,2025-12-29,707550.0,1628550.0,0.29476556,19.505571,225,1
atitlan,2025-12-29,707850.0,1628550.0,0.32932907,24.801846,45,1
atitlan,2025-12-29,680250.0,1628850.0,0.3877134,34.420883,180,1
atitlan,2025-12-29,680550.0,1628850.0,0.3753969,31.647419,225,1
atitlan,2025-12-29,680850.0,1628850.0,0.34108117,25.865946,225,1
atitlan,2025-12-29,681150.0,1628850.0,0.31293043,19.832447,225,1
atitlan,2025-12-29,681450.0,1628850.0,0.31729013,20.403444,225,1
atitlan,2025-12-29,681750.0,1628850.0,0.29580513,19.362661,225,1
atitlan,2025-12-29,682050.0,1628850.0,0.24610999,14.650291,225,1
atitlan,2025-12-29,682350.0,1628850.0,0.30780497,21.407318,225,1
atitlan,2025-12-29,682650.0,1628850.0,0.31903785,21.701954,225,1
atitlan,2025-12-29,682950.0,1628850.0,0.25180742,14.396308,225,1
atitlan,2025-12-29,683250.0,1628850.0,0.3061206,20.020317,225,1
atitlan,2025-12-29,683550.0,1628850.0,0.31685093,23.059713,225,1
atitlan,2025-12-29,683850.0,1628850.0,0.3530287,26.650045,225,1
atitlan,2025-12-29,684150.0,1628850.0,0.33053043,23.017893,225,1
atitlan,2025-12-29,684450.0,1628850.0,0.34370306,24.821365,225,1
atitlan,2025-12-29,684750.0,1628850.0,0.32910135,22.966276,225,1
atitlan,2025-12-29,685050.0,1628850.0,0.3134416,20.999367,225,1
atitlan,2025-12-29,685350.0,1628850.0,0.33413392,23.358316,225,1
atitlan,2025-12-29,685650.0,1628850.0,0.31097442,20.601185,225,1
atitlan,2025-12-29,685950.0,1628850.0,0.32787278,21.942287,225,1
atitlan,2025-12-29,686250.0,1628850.0,0.27985108,16.575108,225,1
atitlan,2025-12-29,686550.0,1628850.0,0.20368326,9.738467,225,0
atitlan,2025-12-29,686850.0,1628850.0,0.24966557,14.434246,225,1
atitlan,2025-12-29,687150.0,1628850.0,0.24370277,14.849465,225,1
atitlan,2025-12-29,687450.0,1628850.0,0.23520662,14.552617,225,1
atitlan,2025-12-29,687750.0,1628850.0,0.20972082,13.945558,225,1
atitlan,2025-12-29,688050.0,1628850.0,0.31489414,19.91367,225,1
atitlan,2025-12-29,688350.0,1628850.0,0.25526857,14.741901,225,1
atitlan,2025-12-29,688650.0,1628850.0,0.2548161,13.571669,225,1
atitlan,2025-12-29,688950.0,1628850.0,0.2087973,10.517282,225,0
atitlan,2025-12-29,689250.0,1628850.0,-0.010177765,4.043737,225,0
atitlan,2025-12-29,689550.0,1628850.0,-0.07094171,1.5082295,225,0
atitlan,2025-12-29,689850.0,1628850.0,-0.07124571,1.4891852,225,0
atitlan,2025-12-29,690150.0,1628850.0,-0.062385324,1.8154494,225,0
atitlan,2025-12-29,690450.0,1628850.0,-0.072192505,1.4444104,225,0
atitlan,2025-12-29,690750.0,1628850.0,-0.07771714,1.1297308,225,0
atitlan,2025-12-29,691050.0,1628850.0,-0.07761486,1.1281173,225,0
atitlan,2025-12-29,691350.0,1628850.0,-0.07867537,1.0931269,225,0
atitlan,2025-12-29,691650.0,1628850.0,-0.083963834,0.80164593,225,0
atitlan,2025-12-29,691950.0,1628850.0,-0.08371458,0.8130725,225,0
atitlan,2025-12-29,692250.0,1628850.0,-0.0826908,0.82661134,225,0
atitlan,2025-12-29,692550.0,1628850.0,-0.087161586,0.58518,225,0
atitlan,2025-12-29,692850.0,1628850.0,-0.08812464,0.57379466,225,0
atitlan,2025-12-29,693150.0,1628850.0,-0.086521715,0.6310887,225,0
atitlan,2025-12-29,693450.0,1628850.0,-0.0880756,0.543882,225,0
atitlan,2025-12-29,693750.0,1628850.0,-0.08608783,0.7083734,225,0
atitlan,2025-12-29,694050.0,1628850.0,-0.08903471,0.5458246,225,0
atitlan,2025-12-29,694350.0,1628850.0,-0.08935127,0.5164464,225,0
atitlan,2025-12-29,694650.0,1628850.0,-0.088604115,0.5964086,225,0
atitlan,2025-12-29,694950.0,1628850.0,-0.093430445,0.37612715,225,0
atitlan,2025-12-29,695250.0,1628850.0,-0.09079281,0.4769652,225,0
atitlan,2025-12-29,695550.0,1628850.0,-0.09355555,0.3564138,225,0
atitlan,2025-12-29,695850.0,1628850.0,-0.0929306,0.3714889,225,0
atitlan,2025-12-29,696150.0,1628850.0,-0.09169923,0.4105326,225,0
atitlan,2025-12-29,696450.0,1628850.0,-0.09159182,0.3992407,225,0
atitlan,2025-12-29,696750.0,1628850.0,-0.09240678,0.38419947,225,0
atitlan,2025-12-29,697050.0,1628850.0,-0.09135388,0.43461138,225,0
atitlan,2025-12-29,697350.0,1628850.0,-0.0918771,0.3880456,225,0
atitlan,2025-12-29,697650.0,1628850.0,-0.08935602,0.51009023,225,0
atitlan,2025-12-29,697950.0,1628850.0,-0.0861136,0.6473015,225,0
atitlan,2025-12-29,698250.0,1628850.0,-0.088413015,0.5224068,225,0
atitlan,2025-12-29,698550.0,1628850.0,-0.08753299,0.5730949,225,0
atitlan,2025-12-29,698850.0,1628850.0,-0.08398304,0.7551441,225,0
atitlan,2025-12-29,699150.0,1628850.0,-0.082501665,0.8467593,225,0
atitlan,2025-12-29,699450.0,1628850.0,-0.081809245,0.87891954,225,0
atitlan,2025-12-29,699750.0,1628850.0,-0.07917086,1.0388451,225,0
atitlan,2025-12-29,700050.0,1628850.0,0.043317325,5.525804,225,0
atitlan,2025-12-29,700350.0,1628850.0,0.17117378,8.99437,225,0
atitlan,2025-12-29,700650.0,1628850.0,0.17113137,8.251194,225,0
atitlan,2025-12-29,700950.0,1628850.0,0.2748965,16.922583,225,1
atitlan,2025-12-29,701250.0,1628850.0,0.31274843,19.810045,225,1
atitlan,2025-12-29,701550.0,1628850.0,0.32904068,21.678349,225,1
atitlan,2025-12-29,701850.0,1628850.0,0.3066761,20.71973,225,1
atitlan,2025-12-29,702150.0,1628850.0,0.27111113,16.924414,225,1
atitlan,2025-12-29,702450.0,1628850.0,0.27391768,17.018946,225,1
atitlan,2025-12-29,702750.0,1628850.0,0.20104295,11.328242,225,0
atitlan,2025-12-29,703050.0,1628850.0,0.25071603,17.526976,225,1
atitlan,2025-12-29,703350.0,1628850.0,0.17289908,9.387674,225,0
atitlan,2025-12-29,703650.0,1628850.0,0.24134496,13.878475,225,1
atitlan,2025-12-29,703950.0,1628850.0,0.2065483,14.199915,225,1
atitlan,2025-12-29,704250.0,1628850.0,0.19926433,11.257371,225,0
atitlan,2025-12-29,704550.0,1628850.0,0.2377771,14.903852,225,1
atitlan,2025-12-29,704850.0,1628850.0,0.243888,16.014315,225,1
atitlan,2025-12-29,705150.0,1628850.0,0.26521343,18.114773,225,1
atitlan,2025-12-29,705450.0,1628850.0,0.2791031,17.479961,225,1
atitlan,2025-12-29,705750.0,1628850.0,0.3182189,21.640741,225,1
atitlan,2025-12-29,706050.0,1628850.0,0.31362998,20.687868,225,1
atitlan,2025-12-29,706350.0,1628850.0,0.25931114,14.068378,225,1
atitlan,2025-12-29,706650.0,1628850.0,0.24546678,13.420063,225,1
atitlan,2025-12-29,706950.0,1628850.0,0.23646873,15.841178,225,1
atitlan,2025-12-29,707250.0,1628850.0,0.28037485,18.088648,225,1
atitlan,2025-12-29,707550.0,1628850.0,0.24030904,12.160556,225,1
atitlan,2025-12-29,707850.0,1628850.0,0.24953675,13.590331,45,1
atitlan,2025-12-29,680250.0,1629150.0,0.37204394,30.760586,180,1
atitlan,2025-12-29,680550.0,1629150.0,0.36996025,30.655302,225,1
atitlan,2025-12-29,680850.0,1629150.0,0.31146246,20.953894,225,1
atitlan,2025-12-29,681150.0,1629150.0,0.33345994,22.893375,225,1
atitlan,2025-12-29,681450.0,1629150.0,0.29173088,17.424238,225,1
atitlan,2025-12-29,681750.0,1629150.0,0.33268902,24.526237,225,1
atitlan,2025-12-29,682050.0,1629150.0,0.29452226,20.357794,225,1
atitlan,2025-12-29,682350.0,1629150.0,0.36119947,28.933956,225,1
atitlan,2025-12-29,682650.0,1629150.0,0.35433903,27.579554,225,1
atitlan,2025-12-29,682950.0,1629150.0,0.31369734,21.94234,225,1
atitlan,2025-12-29,683250.0,1629150.0,0.27923784,17.790987,225,1
atitlan,2025-12-29,683550.0,1629150.0,0.33867282,24.23964,225,1
atitlan,2025-12-29,683850.0,1629150.0,0.33704057,23.802147,225,1
atitlan,2025-12-29,684150.0,1629150.0,0.3632347,28.268534,225,1
atitlan,2025-12-29,684450.0,1629150.0,0.3675759,29.620497,225,1
atitlan,2025-12-29,684750.0,1629150.0,0.34593767,25.416346,225,1
atitlan,2025-12-29,685050.0,1629150.0,0.32034177,21.823923,225,1
atitlan,2025-12-29,685350.0,1629150.0,0.33935872,24.216558,225,1
atitlan,2025-12-29,685650.0,1629150.0,0.32997575,22.920338,225,1
atitlan,2025-12-29,685950.0,1629150.0,0.32874134,21.808037,225,1
atitlan,2025-12-29,686250.0,1629150.0,0.30207202,17.8019,225,1
atitlan,2025-12-29,686550.0,1629150.0,0.3066326,19.659895,225,1
atitlan,2025-12-29,686850.0,1629150.0,0.30781016,19.050436,225,1
atitlan,2025-12-29,687150.0,1629150.0,0.29273415,18.132866,225,1
atitlan,2025-12-29,687450.0,1629150.0,0.30586678,18.946798,225,1
atitlan,2025-12-29,687750.0,1629150.0,0.30531058,18.969566,225,1
atitlan,2025-12-29,688050.0,1629150.0,0.3254644,20.909204,225,1
atitlan,2025-12-29,688350.0,1629150.0,0.289439,17.308004,225,1
atitlan,2025-12-29,688650.0,1629150.0,0.2557229,14.350778,225,1
atitlan,2025-12-29,688950.0,1629150.0,0.20194063,11.529183,225,0
atitlan,2025-12-29,689250.0,1629150.0,0.11846965,9.726573,225,0
atitlan,2025-12-29,689550.0,1629150.0,-0.039560083,3.1685774,225,0
atitlan,2025-12-29,689850.0,1629150.0,-0.0101063885,4.197509,225,0
atitlan,2025-12-29,690150.0,1629150.0,0.12703726,8.675452,225,0
atitlan,2025-12-29,690450.0,1629150.0,0.044805877,6.730954,225,0
atitlan,2025-12-29,690750.0,1629150.0,-0.062749945,1.8717997,225,0
atitlan,2025-12-29,691050.0,1629150.0,-0.07164621,1.4615135,225,0
atitlan,2025-12-29,691350.0,1629150.0,-0.07641373,1.1965958,225,0
atitlan,2025-12-29,691650.0,1629150.0,-0.07898466,1.0569355,225,0
atitlan,2025-12-29,691950.0,1629150.0,-0.08123131,0.9143819,225,0
atitlan,2025-12-29,692250.0,1629150.0,-0.08249076,0.85272235,225,0
atitlan,2025-12-29,692550.0,1629150.0,-0.086051494,0.6725343,225,0
atitlan,2025-12-29,692850.0,1629150.0,-0.08586067,0.66268426,225,0
atitlan,2025-12-29,693150.0,1629150.0,-0.08797123,0.57100964,225,0
atitlan,2025-12-29,693450.0,1629150.0,-0.085554466,0.68365324,225,0
atitlan,2025-12-29,693750.0,1629150.0,-0.08547809,0.69613683,225,0
atitlan,2025-12-29,694050.0,1629150.0,-0.08546741,0.69768125,225,0
atitlan,2025-12-29,694350.0,1629150.0,-0.0897774,0.49077246,225,0
atitlan,2025-12-29,694650.0,1629150.0,-0.0885453,0.56715804,225,0
atitlan,2025-12-29,694950.0,1629150.0,-0.093284555,0.37332126,225,0
atitlan,2025-12-29,695250.0,1629150.0,-0.094061404,0.34360915,225,0
atitlan,2025-12-29,695550.0,1629150.0,-0.09515243,0.27541563,225,0
atitlan,2025-12-29,695850.0,1629150.0,-0.09158542,0.4744646,225,0
atitlan,2025-12-29,696150.0,1629150.0,-0.0893811,0.48764902,225,0
atitlan,2025-12-29,696450.0,1629150.0,-0.0883928,0.5525748,225,0
atitlan,2025-12-29,696750.0,1629150.0,-0.08895326,0.5351015,225,0
atitlan,2025-12-29,697050.0,1629150.0,-0.09128285,0.38271043,225,0
atitlan,2025-12-29,697350.0,1629150.0,-0.08785119,0.5501961,225,0
atitlan,2025-12-29,697650.0,1629150.0,-0.08580048,0.6685616,225,0
atitlan,2025-12-29,697950.0,1629150.0,-0.085493185,0.68169767,225,0
atitlan,2025-12-29,698250.0,1629150.0,-0.08553678,0.6655949,225,0
atitlan,2025-12-29,698550.0,1629150.0,-0.082865626,0.8072604,225,0
atitlan,2025-12-29,698850.0,1629150.0,-0.078782,1.0602971,225,0
atitlan,2025-12-29,699150.0,1629150.0,-0.079569906,1.0097336,225,0
atitlan,2025-12-29,699450.0,1629150.0,-0.07485428,1.2880435,225,0
atitlan,2025-12-29,699750.0,1629150.0,-0.06461878,1.7798243,225,0
atitlan,2025-12-29,700050.0,1629150.0,0.18545027,11.910644,225,0
atitlan,2025-12-29,700350.0,1629150.0,0.2684542,13.855924,225,1
atitlan,2025-12-29,700650.0,1629150.0,0.2250722,11.161896,225,0
atitlan,2025-12-29,700950.0,1629150.0,0.2760387,14.965931,225,1
atitlan,2025-12-29,701250.0,1629150.0,0.29697523,18.006006,225,1
atitlan,2025-12-29,701550.0,1629150.0,0.28557876,20.642881,225,1
atitlan,2025-12-29,701850.0,1629150.0,0.2682627,17.108002,225,1
atitlan,2025-12-29,702150.0,1629150.0,0.2450657,14.955021,225,1
atitlan,2025-12-29,702450.0,1629150.0,0.26981357,14.200091,225,1
atitlan,2025-12-29,702750.0,1629150.0,0.24762814,13.236967,225,1
atitlan,2025-12-29,703050.0,1629150.0,0.2032819,12.024416,225,1
atitlan,2025-12-29,703350.0,1629150.0,0.15246609,8.550408,225,0
atitlan,2025-12-29,703650.0,1629150.0,0.15781794,9.444202,225,0
atitlan,2025-12-29,703950.0,1629150.0,0.18181017,11.364675,225,0
atitlan,2025-12-29,704250.0,1629150.0,0.29211164,20.6894,225,1
atitlan,2025-12-29,704550.0,1629150.0,0.14723073,8.628543,225,0
atitlan,2025-12-29,704850.0,1629150.0,0.14525154,7.014319,225,0
atitlan,2025-12-29,705150.0,1629150.0,0.18323639,9.645264,225,0
atitlan,2025-12-29,705450.0,1629150.0,0.30288976,20.684246,225,1
atitlan,2025-12-29,705750.0,1629150.0,0.29086074,18.799437,225,1
atitlan,2025-12-29,706050.0,1629150.0,0.2933625,19.025095,225,1
atitlan,2025-12-29,706350.0,1629150.0,0.25586674,15.3367,225,1
atitlan,2025-12-29,706650.0,1629150.0,0.24521036,14.526012,225,1
atitlan,2025-12-29,706950.0,1629150.0,0.16421291,10.980786,225,0
atitlan,2025-12-29,707250.0,1629150.0,0.29549786,18.67104,225,1
atitlan,2025-12-29,707550.0,1629150.0,0.22111171,12.447207,225,1
atitlan,2025-12-29,707850.0,1629150.0,0.2576619,12.9334755,45,1
atitlan,2025-12-29,680250.0,1629450.0,0.37818363,32.55765,180,1
atitlan,2025-12-29,680550.0,1629450.0,0.35093144,26.707006,225,1
atitlan,2025-12-29,680850.0,1629450.0,0.3037619,19.611582,225,1
atitlan,2025-12-29,681150.0,1629450.0,0.33614212,23.25511,225,1
atitlan,2025-12-29,681450.0,1629450.0,0.33774978,24.16015,225,1
atitlan,2025-12-29,681750.0,1629450.0,0.29351577,18.982534,225,1
atitlan,2025-12-29,682050.0,1629450.0,0.25967422,14.87998,225,1
atitlan,2025-12-29,682350.0,1629450.0,0.27042264,16.158012,225,1
atitlan,2025-12-29,682650.0,1629450.0,0.36812404,30.05707,225,1
atitlan,2025-12-29,682950.0,1629450.0,0.3769112,31.337288,225,1
atitlan,2025-12-29,683250.0,1629450.0,0.32925078,24.615398,225,1
atitlan,2025-12-29,683550.0,1629450.0,0.335952,23.972557,225,1
atitlan,2025-12-29,683850.0,1629450.0,0.33170536,24.280678,225,1
atitlan,2025-12-29,684150.0,1629450.0,0.3744591,31.657532,225,1
atitlan,2025-12-29,684450.0,1629450.0,0.32908234,23.538168,225,1
atitlan,2025-12-29,684750.0,1629450.0,0.32006222,20.480608,225,1
atitlan,2025-12-29,685050.0,1629450.0,0.3201798,21.800842,225,1
atitlan,2025-12-29,685350.0,1629450.0,0.32995117,23.342125,225,1
atitlan,2025-12-29,685650.0,1629450.0,0.33722594,25.062138,225,1
atitlan,2025-12-29,685950.0,1629450.0,0.33754897,24.673822,225,1
atitlan,2025-12-29,686250.0,1629450.0,0.32948747,22.452538,225,1
atitlan,2025-12-29,686550.0,1629450.0,0.32119808,20.85514,225,1
atitlan,2025-12-29,686850.0,1629450.0,0.31888038,20.304508,225,1
atitlan,2025-12-29,687150.0,1629450.0,0.2932365,17.61408,225,1
atitlan,2025-12-29,687450.0,1629450.0,0.3103544,19.617737,225,1
atitlan,2025-12-29,687750.0,1629450.0,0.30500245,18.428677,225,1
atitlan,2025-12-29,688050.0,1629450.0,0.29819086,17.526054,225,1
atitlan,2025-12-29,688350.0,1629450.0,0.2877507,16.477556,225,1
atitlan,2025-12-29,688650.0,1629450.0,0.22921379,15.067995,225,1
atitlan,2025-12-29,688950.0,1629450.0,0.18673752,11.769114,225,0
atitlan,2025-12-29,689250.0,1629450.0,0.20888671,13.470472,225,1
atitlan,2025-12-29,689550.0,1629450.0,0.26242226,17.536545,225,1
atitlan,2025-12-29,689850.0,1629450.0,0.27754095,16.259556,225,1
atitlan,2025-12-29,690150.0,1629450.0,0.23475495,11.455919,225,0
atitlan,2025-12-29,690450.0,1629450.0,0.2586141,14.783121,225,1
atitlan,2025-12-29,690750.0,1629450.0,0.20884377,11.363149,225,0
atitlan,2025-12-29,691050.0,1629450.0,0.106116675,6.7782507,225,0
atitlan,2025-12-29,691350.0,1629450.0,-0.06404344,1.7545917,225,0
atitlan,2025-12-29,691650.0,1629450.0,-0.07301064,1.3849956,225,0
atitlan,2025-12-29,691950.0,1629450.0,-0.07586366,1.2250799,225,0
atitlan,2025-12-29,692250.0,1629450.0,-0.07744153,1.1307006,225,0
atitlan,2025-12-29,692550.0,1629450.0,-0.08137448,0.92313105,225,0
atitlan,2025-12-29,692850.0,1629450.0,-0.08394951,0.7743553,225,0
atitlan,2025-12-29,693150.0,1629450.0,-0.08744205,0.6004944,225,0
atitlan,2025-12-29,693450.0,1629450.0,-0.087782286,0.56206274,225,0
atitlan,2025-12-29,693750.0,1629450.0,-0.08739834,0.6236731,225,0
atitlan,2025-12-29,694050.0,1629450.0,-0.08466877,0.7236389,225,0
atitlan,2025-12-29,694350.0,1629450.0,-0.08772815,0.5687417,225,0
atitlan,2025-12-29,694650.0,1629450.0,-0.08733032,0.64770097,225,0
atitlan,2025-12-29,694950.0,1629450.0,-0.08862908,0.5082694,225,0
atitlan,2025-12-29,695250.0,1629450.0,-0.09091546,0.3860542,225,0
atitlan,2025-12-29,695550.0,1629450.0,-0.09030146,0.42658815,225,0
atitlan,2025-12-29,695850.0,1629450.0,-0.089983314,0.46148637,225,0
atitlan,2025-12-29,696150.0,1629450.0,-0.08904318,0.48118836,225,0
atitlan,2025-12-29,696450.0,1629450.0,-0.09007237,0.4102556,225,0
atitlan,2025-12-29,696750.0,1629450.0,-0.087650344,0.5403136,225,0
atitlan,2025-12-29,697050.0,1629450.0,-0.088196166,0.57729983,225,0
atitlan,2025-12-29,697350.0,1629450.0,-0.08614742,0.63731146,225,0
atitlan,2025-12-29,697650.0,1629450.0,-0.08700415,0.59351283,225,0
atitlan,2025-12-29,697950.0,1629450.0,-0.08288234,0.81899714,225,0
atitlan,2025-12-29,698250.0,1629450.0,-0.07943435,1.0422095,225,0
atitlan,2025-12-29,698550.0,1629450.0,-0.06812184,1.4791726,225,0
atitlan,2025-12-29,698850.0,1629450.0,-0.04586744,2.5841706,225,0
atitlan,2025-12-29,699150.0,1629450.0,-0.05040508,2.1146634,225,0
atitlan,2025-12-29,699450.0,1629450.0,0.02229211,6.1061587,225,0
atitlan,2025-12-29,699750.0,1629450.0,0.19394276,13.157671,225,1
atitlan,2025-12-29,700050.0,1629450.0,0.26277873,14.740332,225,1
atitlan,2025-12-29,700350.0,1629450.0,0.29926747,17.768808,225,1
atitlan,2025-12-29,700650.0,1629450.0,0.2654194,16.125313,225,1
atitlan,2025-12-29,700950.0,1629450.0,0.31160268,20.818048,225,1
atitlan,2025-12-29,701250.0,1629450.0,0.28902376,19.384481,225,1
atitlan,2025-12-29,701550.0,1629450.0,0.21124128,14.564844,225,1
atitlan,2025-12-29,701850.0,1629450.0,0.22016692,12.781501,225,1
atitlan,2025-12-29,702150.0,1629450.0,0.2273881,14.328017,225,1
atitlan,2025-12-29,702450.0,1629450.0,0.22277282,12.96198,225,1
atitlan,2025-12-29,702750.0,1629450.0,0.20099425,9.909343,225,0
atitlan,2025-12-29,703050.0,1629450.0,0.21569522,12.31219,225,1
atitlan,2025-12-29,703350.0,1629450.0,0.18533517,11.317547,225,0
atitlan,2025-12-29,703650.0,1629450.0,0.10737918,6.7613754,225,0
atitlan,2025-12-29,703950.0,1629450.0,0.15041544,8.103093,225,0
atitlan,2025-12-29,704250.0,1629450.0,0.21020271,13.233691,225,1
atitlan,2025-12-29,704550.0,1629450.0,0.14543231,7.1175284,225,0
atitlan,2025-12-29,704850.0,1629450.0,0.12256621,6.0402327,225,0
atitlan,2025-12-29,705150.0,1629450.0,0.2290408,14.023333,225,1
atitlan,2025-12-29,705450.0,1629450.0,0.23804292,17.253132,225,1
atitlan,2025-12-29,705750.0,1629450.0,0.28763723,17.289366,225,1
atitlan,2025-12-29,706050.0,1629450.0,0.2870695,18.024683,225,1
atitlan,2025-12-29,706350.0,1629450.0,0.2571234,15.733652,225,1
atitlan,2025-12-29,706650.0,1629450.0,0.25859457,15.977428,225,1
atitlan,2025-12-29,706950.0,1629450.0,0.27664554,16.609104,225,1
atitlan,2025-12-29,707250.0,1629450.0,0.29512736,19.240774,225,1
atitlan,2025-12-29,707550.0,1629450.0,0.2567367,15.756917,225,1
atitlan,2025-12-29,707850.0,1629450.0,0.27631086,15.139466,45,1
atitlan,2025-12-29,680250.0,1629750.0,0.37311003,31.016415,180,1
atitlan,2025-12-29,680550.0,1629750.0,0.34022474,25.327919,225,1
atitlan,2025-12-29,680850.0,1629750.0,0.3024102,20.850235,225,1
atitlan,2025-12-29,681150.0,1629750.0,0.34947032,26.978292,225,1
atitlan,2025-12-29,681450.0,1629750.0,0.34059405,25.519974,225,1
atitlan,2025-12-29,681750.0,1629750.0,0.3896924,36.39256,225,1
atitlan,2025-12-29,682050.0,1629750.0,0.33440426,25.651329,225,1
atitlan,2025-12-29,682350.0,1629750.0,0.26878557,15.51986,225,1
atitlan,2025-12-29,682650.0,1629750.0,0.25585955,15.583357,225,1
atitlan,2025-12-29,682950.0,1629750.0,0.3411902,27.550491,225,1
atitlan,2025-12-29,683250.0,1629750.0,0.3769118,31.205011,225,1
atitlan,2025-12-29,683550.0,1629750.0,0.38266382,33.501453,225,1
atitlan,2025-12-29,683850.0,1629750.0,0.35587198,28.284224,225,1
atitlan,2025-12-29,684150.0,1629750.0,0.36097407,28.384539,225,1
atitlan,2025-12-29,684450.0,1629750.0,0.35797197,28.022911,225,1
atitlan,2025-12-29,684750.0,1629750.0,0.36215928,29.213984,225,1
atitlan,2025-12-29,685050.0,1629750.0,0.32743865,23.667814,225,1
atitlan,2025-12-29,685350.0,1629750.0,0.36209258,29.725443,225,1
atitlan,2025-12-29,685650.0,1629750.0,0.37865725,32.52655,225,1
atitlan,2025-12-29,685950.0,1629750.0,0.36270002,28.652637,225,1
atitlan,2025-12-29,686250.0,1629750.0,0.35111588,27.33202,225,1
atitlan,2025-12-29,686550.0,1629750.0,0.3250777,22.016386,225,1
atitlan,2025-12-29,686850.0,1629750.0,0.3217313,20.558699,225,1
atitlan,2025-12-29,687150.0,1629750.0,0.325854,21.419445,225,1
atitlan,2025-12-29,687450.0,1629750.0,0.30430964,18.534882,225,1
atitlan,2025-12-29,687750.0,1629750.0,0.32225522,20.817778,225,1
atitlan,2025-12-29,688050.0,1629750.0,0.31223652,19.27808,225,1
atitlan,2025-12-29,688350.0,1629750.0,0.28340787,16.638828,225,1
atitlan,2025-12-29,688650.0,1629750.0,0.22517817,14.25568,225,1
atitlan,2025-12-29,688950.0,1629750.0,0.2691359,17.335085,225,1
atitlan,2025-12-29,689250.0,1629750.0,0.28739333,16.222086,225,1
atitlan,2025-12-29,689550.0,1629750.0,0.28900957,17.940647,225,1
atitlan,2025-12-29,689850.0,1629750.0,0.3074873,18.798813,225,1
atitlan,2025-12-29,690150.0,1629750.0,0.26333502,15.063324,225,1
atitlan,2025-12-29,690450.0,1629750.0,0.2764358,16.12289,225,1
atitlan,2025-12-29,690750.0,1629750.0,0.2527336,12.696268,225,1
atitlan,2025-12-29,691050.0,1629750.0,0.22112931,10.818218,225,0
atitlan,2025-12-29,691350.0,1629750.0,0.14347088,12.250774,225,1
atitlan,2025-12-29,691650.0,1629750.0,-0.05266288,2.299998,225,0
atitlan,2025-12-29,691950.0,1629750.0,-0.054733977,2.044834,225,0
atitlan,2025-12-29,692250.0,1629750.0,-0.064945236,1.7041236,225,0
atitlan,2025-12-29,692550.0,1629750.0,-0.077095196,1.1489742,225,0
atitlan,2025-12-29,692850.0,1629750.0,-0.0817214,0.9031671,225,0
atitlan,2025-12-29,693150.0,1629750.0,-0.08245858,0.8450784,225,0
atitlan,2025-12-29,693450.0,1629750.0,-0.08482395,0.7052822,225,0
atitlan,2025-12-29,693750.0,1629750.0,-0.08317477,0.79422015,225,0
atitlan,2025-12-29,694050.0,1629750.0,-0.08127817,0.90744996,225,0
atitlan,2025-12-29,694350.0,1629750.0,-0.083880536,0.7563289,225,0
atitlan,2025-12-29,694650.0,1629750.0,-0.08472879,0.70477265,225,0
atitlan,2025-12-29,694950.0,1629750.0,-0.08372171,0.7649384,225,0
atitlan,2025-12-29,695250.0,1629750.0,-0.085900255,0.63792115,225,0
atitlan,2025-12-29,695550.0,1629750.0,-0.08645729,0.6204479,225,0
atitlan,2025-12-29,695850.0,1629750.0,-0.088835545,0.5010457,225,0
atitlan,2025-12-29,696150.0,1629750.0,-0.08683012,0.58343965,225,0
atitlan,2025-12-29,696450.0,1629750.0,-0.08652548,0.6337353,225,0
atitlan,2025-12-29,696750.0,1629750.0,-0.0893577,0.47106352,225,0
atitlan,2025-12-29,697050.0,1629750.0,-0.087418236,0.5684907,225,0
atitlan,2025-12-29,697350.0,1629750.0,-0.083494395,0.7870399,225,0
atitlan,2025-12-29,697650.0,1629750.0,-0.085010014,0.7050612,225,0
atitlan,2025-12-29,697950.0,1629750.0,-0.07592181,1.2366875,225,0
atitlan,2025-12-29,698250.0,1629750.0,0.005866824,5.643376,225,0
atitlan,2025-12-29,698550.0,1629750.0,0.17191018,12.268681,225,1
atitlan,2025-12-29,698850.0,1629750.0,0.17946038,13.156247,225,1
atitlan,2025-12-29,699150.0,1629750.0,0.22821948,14.844606,225,1
atitlan,2025-12-29,699450.0,1629750.0,0.25788543,14.29683,225,1
atitlan,2025-12-29,699750.0,1629750.0,0.26895198,14.571359,225,1
atitlan,2025-12-29,700050.0,1629750.0,0.28648037,16.109718,225,1
atitlan,2025-12-29,700350.0,1629750.0,0.2987584,17.795626,225,1
atitlan,2025-12-29,700650.0,1629750.0,0.28183714,18.312096,225,1
atitlan,2025-12-29,700950.0,1629750.0,0.28556624,20.034086,225,1
atitlan,2025-12-29,701250.0,1629750.0,0.24674384,16.721073,225,1
atitlan,2025-12-29,701550.0,1629750.0,0.20938964,13.782179,225,1
atitlan,2025-12-29,701850.0,1629750.0,0.2876418,18.579338,225,1
atitlan,2025-12-29,702150.0,1629750.0,0.2606143,17.321465,225,1
atitlan,2025-12-29,702450.0,1629750.0,0.27616295,17.940159,225,1
atitlan,2025-12-29,702750.0,1629750.0,0.2802323,19.43633,225,1
atitlan,2025-12-29,703050.0,1629750.0,0.23295933,16.844679,225,1
atitlan,2025-12-29,703350.0,1629750.0,0.16811009,10.814352,225,0
atitlan,2025-12-29,703650.0,1629750.0,0.1787074,9.480876,225,0
atitlan,2025-12-29,703950.0,1629750.0,0.18899508,10.538492,225,0
atitlan,2025-12-29,704250.0,1629750.0,0.1436555,7.4532347,225,0
atitlan,2025-12-29,704550.0,1629750.0,0.16819508,9.087594,225,0
atitlan,2025-12-29,704850.0,1629750.0,0.18616457,10.527485,225,0
atitlan,2025-12-29,705150.0,1629750.0,0.21841876,12.397263,225,1
atitlan,2025-12-29,705450.0,1629750.0,0.24930614,16.343441,225,1
atitlan,2025-12-29,705750.0,1629750.0,0.27398872,17.430086,225,1
atitlan,2025-12-29,706050.0,1629750.0,0.258872,16.317041,225,1
atitlan,2025-12-29,706350.0,1629750.0,0.32394564,22.791359,225,1
atitlan,2025-12-29,706650.0,1629750.0,0.2770375,18.275951,225,1
atitlan,2025-12-29,706950.0,1629750.0,0.2954895,21.084095,225,1
atitlan,2025-12-29,707250.0,1629750.0,0.3115835,20.640823,225,1
atitlan,2025-12-29,707550.0,1629750.0,0.23681559,14.271184,225,1
atitlan,2025-12-29,707850.0,1629750.0,0.30666846,20.579103,45,1
atitlan,2025-12-29,680250.0,1630050.0,0.3431834,26.486168,180,1
atitlan,2025-12-29,680550.0,1630050.0,0.3131193,21.32994,225,1
atitlan,2025-12-29,680850.0,1630050.0,0.35554513,27.399794,225,1
atitlan,2025-12-29,681150.0,1630050.0,0.34250045,26.035866,225,1
atitlan,2025-12-29,681450.0,1630050.0,0.2927058,18.604546,225,1
atitlan,2025-12-29,681750.0,1630050.0,0.3584882,28.068672,225,1
atitlan,2025-12-29,682050.0,1630050.0,0.37249237,30.87678,225,1
atitlan,2025-12-29,682350.0,1630050.0,0.3577807,32.183372,225,1
atitlan,2025-12-29,682650.0,1630050.0,0.29135165,18.086758,225,1
atitlan,2025-12-29,682950.0,1630050.0,0.27212468,17.224726,225,1
atitlan,2025-12-29,683250.0,1630050.0,0.3185687,23.14222,225,1
atitlan,2025-12-29,683550.0,1630050.0,0.39429572,35.431946,225,1
atitlan,2025-12-29,683850.0,1630050.0,0.35308385,27.018183,225,1
atitlan,2025-12-29,684150.0,1630050.0,0.35203192,27.592916,225,1
atitlan,2025-12-29,684450.0,1630050.0,0.39638734,37.478836,225,1
atitlan,2025-12-29,684750.0,1630050.0,0.3573876,28.490377,225,1
atitlan,2025-12-29,685050.0,1630050.0,0.32395655,22.316574,225,1
atitlan,2025-12-29,685350.0,1630050.0,0.3745402,31.634579,225,1
atitlan,2025-12-29,685650.0,1630050.0,0.37195128,32.855022,225,1
atitlan,2025-12-29,685950.0,1630050.0,0.36402738,29.705723,225,1
atitlan,2025-12-29,686250.0,1630050.0,0.33487526,24.774878,225,1
atitlan,2025-12-29,686550.0,1630050.0,0.33849412,23.760271,225,1
atitlan,2025-12-29,686850.0,1630050.0,0.3472768,24.648062,225,1
atitlan,2025-12-29,687150.0,1630050.0,0.3352062,22.870901,225,1
atitlan,2025-12-29,687450.0,1630050.0,0.32564023,21.400337,225,1
atitlan,2025-12-29,687750.0,1630050.0,0.3230311,21.223387,225,1
atitlan,2025-12-29,688050.0,1630050.0,0.29775974,17.834585,225,1
atitlan,2025-12-29,688350.0,1630050.0,0.27777582,19.476042,225,1
atitlan,2025-12-29,688650.0,1630050.0,0.25397727,17.303406,225,1
atitlan,2025-12-29,688950.0,1630050.0,0.3191572,21.248285,225,1
atitlan,2025-12-29,689250.0,1630050.0,0.31276104,19.328613,225,1
atitlan,2025-12-29,689550.0,1630050.0,0.31987962,21.882893,225,1
atitlan,2025-12-29,689850.0,1630050.0,0.27628076,19.127304,225,1
atitlan,2025-12-29,690150.0,1630050.0,0.28496328,17.846075,225,1
atitlan,2025-12-29,690450.0,1630050.0,0.26638135,15.421264,225,1
atitlan,2025-12-29,690750.0,1630050.0,0.26496553,14.722706,225,1
atitlan,2025-12-29,691050.0,1630050.0,0.25427574,13.300893,225,1
atitlan,2025-12-29,691350.0,1630050.0,0.2748912,15.462243,225,1
atitlan,2025-12-29,691650.0,1630050.0,0.18241423,11.637854,225,0
atitlan,2025-12-29,691950.0,1630050.0,0.24442182,15.253097,225,1
atitlan,2025-12-29,692250.0,1630050.0,0.19280371,9.16189,225,0
atitlan,2025-12-29,692550.0,1630050.0,0.08197167,8.450299,225,0
atitlan,2025-12-29,692850.0,1630050.0,-0.069763854,1.5705472,225,0
atitlan,2025-12-29,693150.0,1630050.0,-0.07410123,1.3288006,225,0
atitlan,2025-12-29,693450.0,1630050.0,-0.077394046,1.1413752,225,0
atitlan,2025-12-29,693750.0,1630050.0,-0.07845209,1.0712603,225,0
atitlan,2025-12-29,694050.0,1630050.0,-0.07733061,1.1473635,225,0
atitlan,2025-12-29,694350.0,1630050.0,-0.0774237,1.140515,225,0
atitlan,2025-12-29,694650.0,1630050.0,-0.08108596,0.9207866,225,0
atitlan,2025-12-29,694950.0,1630050.0,-0.08025139,0.97194016,225,0
atitlan,2025-12-29,695250.0,1630050.0,-0.08184376,0.8663045,225,0
atitlan,2025-12-29,695550.0,1630050.0,-0.081199095,0.9321757,225,0
atitlan,2025-12-29,695850.0,1630050.0,-0.08222168,0.85621214,225,0
atitlan,2025-12-29,696150.0,1630050.0,-0.08459136,0.7135344,225,0
atitlan,2025-12-29,696450.0,1630050.0,-0.082067624,0.86679417,225,0
atitlan,2025-12-29,696750.0,1630050.0,-0.086943574,0.5732404,225,0
atitlan,2025-12-29,697050.0,1630050.0,-0.089351706,0.4477923,225,0
atitlan,2025-12-29,697350.0,1630050.0,-0.08873055,0.541377,225,0
atitlan,2025-12-29,697650.0,1630050.0,-0.08065483,0.99122244,225,0
atitlan,2025-12-29,697950.0,1630050.0,-0.008314749,3.9192183,225,0
atitlan,2025-12-29,698250.0,1630050.0,0.07807295,6.556961,225,0
atitlan,2025-12-29,698550.0,1630050.0,0.09250538,8.852965,224,0
atitlan,2025-12-29,698850.0,1630050.0,0.112143375,8.48897,225,0
atitlan,2025-12-29,699150.0,1630050.0,0.13151388,9.990943,225,0
atitlan,2025-12-29,699450.0,1630050.0,0.29563454,17.718786,225,1
atitlan,2025-12-29,699750.0,1630050.0,0.313462,19.23797,225,1
atitlan,2025-12-29,700050.0,1630050.0,0.23899396,13.821589,225,1
atitlan,2025-12-29,700350.0,1630050.0,0.24988422,15.458354,225,1
atitlan,2025-12-29,700650.0,1630050.0,0.26238564,16.894806,225,1
atitlan,2025-12-29,700950.0,1630050.0,0.22633679,14.2455015,225,1
atitlan,2025-12-29,701250.0,1630050.0,0.20852244,12.427461,225,1
atitlan,2025-12-29,701550.0,1630050.0,0.2712488,17.835745,225,1
atitlan,2025-12-29,701850.0,1630050.0,0.21763971,13.160266,225,1
atitlan,2025-12-29,702150.0,1630050.0,0.20180066,11.487423,225,0
atitlan,2025-12-29,702450.0,1630050.0,0.29373598,20.05253,225,1
atitlan,2025-12-29,702750.0,1630050.0,0.17597695,10.456569,225,0
atitlan,2025-12-29,703050.0,1630050.0,0.15489133,9.45933,225,0
atitlan,2025-12-29,703350.0,1630050.0,0.1312839,7.320396,225,0
atitlan,2025-12-29,703650.0,1630050.0,0.15001121,7.3140993,225,0
atitlan,2025-12-29,703950.0,1630050.0,0.15219161,7.012958,225,0
atitlan,2025-12-29,704250.0,1630050.0,0.14757285,8.255255,225,0
atitlan,2025-12-29,704550.0,1630050.0,0.28168336,18.318907,225,1
atitlan,2025-12-29,704850.0,1630050.0,0.2505965,14.075509,225,1
atitlan,2025-12-29,705150.0,1630050.0,0.26760295,16.174942,225,1
atitlan,2025-12-29,705450.0,1630050.0,0.2665819,15.681795,225,1
atitlan,2025-12-29,705750.0,1630050.0,0.26309627,16.063435,225,1
atitlan,2025-12-29,706050.0,1630050.0,0.28542355,18.93041,225,1
atitlan,2025-12-29,706350.0,1630050.0,0.32030454,22.809553,225,1
atitlan,2025-12-29,706650.0,1630050.0,0.3464567,27.383204,225,1
atitlan,2025-12-29,706950.0,1630050.0,0.35819238,27.918959,225,1
atitlan,2025-12-29,707250.0,1630050.0,0.28058487,16.941317,225,1
atitlan,2025-12-29,707550.0,1630050.0,0.22284718,13.5010395,225,1
atitlan,2025-12-29,707850.0,1630050.0,0.26463214,16.015224,45,1
atitlan,2025-12-29,680250.0,1630350.0,0.350207,27.193146,180,1
atitlan,2025-12-29,680550.0,1630350.0,0.34541646,26.734476,225,1
atitlan,2025-12-29,680850.0,1630350.0,0.32111874,23.227236,225,1
atitlan,2025-12-29,681150.0,1630350.0,0.3002877,19.689684,225,1
atitlan,2025-12-29,681450.0,1630350.0,0.33064434,23.003105,225,1
atitlan,2025-12-29,681750.0,1630350.0,0.32334673,22.475243,225,1
atitlan,2025-12-29,682050.0,1630350.0,0.35687694,28.504204,225,1
atitlan,2025-12-29,682350.0,1630350.0,0.37271884,30.868536,225,1
atitlan,2025-12-29,682650.0,1630350.0,0.3636116,31.439255,225,1
atitlan,2025-12-29,682950.0,1630350.0,0.3398637,24.654922,225,1
atitlan,2025-12-29,683250.0,1630350.0,0.30191,19.901348,225,1
atitlan,2025-12-29,683550.0,1630350.0,0.38657793,35.414936,225,1
atitlan,2025-12-29,683850.0,1630350.0,0.35802248,28.526278,225,1
atitlan,2025-12-29,684150.0,1630350.0,0.38893166,34.807907,225,1
atitlan,2025-12-29,684450.0,1630350.0,0.38623706,35.936214,225,1
atitlan,2025-12-29,684750.0,1630350.0,0.3629086,29.414995,225,1
atitlan,2025-12-29,685050.0,1630350.0,0.344133,25.197317,225,1
atitlan,2025-12-29,685350.0,1630350.0,0.33851737,26.380026,225,1
atitlan,2025-12-29,685650.0,1630350.0,0.33322522,24.505266,225,1
atitlan,2025-12-29,685950.0,1630350.0,0.30751446,20.800365,225,1
atitlan,2025-12-29,686250.0,1630350.0,0.33457303,23.402893,225,1
atitlan,2025-12-29,686550.0,1630350.0,0.35283345,26.189913,225,1
atitlan,2025-12-29,686850.0,1630350.0,0.36091104,28.97983,225,1
atitlan,2025-12-29,687150.0,1630350.0,0.36300492,28.417341,225,1
atitlan,2025-12-29,687450.0,1630350.0,0.3481318,25.152634,225,1
atitlan,2025-12-29,687750.0,1630350.0,0.32185403,20.720629,225,1
atitlan,2025-12-29,688050.0,1630350.0,0.31947416,22.35768,225,1
atitlan,2025-12-29,688350.0,1630350.0,0.30121464,21.40963,225,1
atitlan,2025-12-29,688650.0,1630350.0,0.2636499,18.537647,225,1
atitlan,2025-12-29,688950.0,1630350.0,0.28558168,16.590673,225,1
atitlan,2025-12-29,689250.0,1630350.0,0.30321512,19.769604,225,1
atitlan,2025-12-29,689550.0,1630350.0,0.28440297,20.35264,225,1
atitlan,2025-12-29,689850.0,1630350.0,0.22450833,15.985723,225,1
atitlan,2025-12-29,690150.0,1630350.0,0.28566867,20.948126,225,1
atitlan,2025-12-29,690450.0,1630350.0,0.2943494,19.688353,225,1
atitlan,2025-12-29,690750.0,1630350.0,0.3021967,20.103943,225,1
atitlan,2025-12-29,691050.0,1630350.0,0.28343436,16.712776,225,1
atitlan,2025-12-29,691350.0,1630350.0,0.2962248,18.060863,225,1
atitlan,2025-12-29,691650.0,1630350.0,0.25805908,16.901857,225,1
atitlan,2025-12-29,691950.0,1630350.0,0.291406,18.386812,225,1
atitlan,2025-12-29,692250.0,1630350.0,0.27936906,16.225456,225,1
atitlan,2025-12-29,692550.0,1630350.0,0.25003108,15.309659,225,1
atitlan,2025-12-29,692850.0,1630350.0,0.078745864,8.068853,225,0
atitlan,2025-12-29,693150.0,1630350.0,0.099895835,9.077504,225,0
atitlan,2025-12-29,693450.0,1630350.0,0.10059513,10.276258,225,0
atitlan,2025-12-29,693750.0,1630350.0,-0.036341034,3.6760728,225,0
atitlan,2025-12-29,694050.0,1630350.0,0.06385981,6.858131,225,0
atitlan,2025-12-29,694350.0,1630350.0,0.19583656,11.5026045,225,0
atitlan,2025-12-29,694650.0,1630350.0,-0.06506182,1.7493839,225,0
atitlan,2025-12-29,694950.0,1630350.0,-0.067917585,1.6790233,225,0
atitlan,2025-12-29,695250.0,1630350.0,-0.06633611,1.5871185,225,0
atitlan,2025-12-29,695550.0,1630350.0,0.015010137,5.024545,225,0
atitlan,2025-12-29,695850.0,1630350.0,0.0737895,7.2804127,225,0
atitlan,2025-12-29,696150.0,1630350.0,-0.0045420486,3.7471366,225,0
atitlan,2025-12-29,696450.0,1630350.0,-0.069778636,1.4756131,225,0
atitlan,2025-12-29,696750.0,1630350.0,-0.0821036,0.86448675,225,0
atitlan,2025-12-29,697050.0,1630350.0,-0.08526837,0.66757935,225,0
atitlan,2025-12-29,697350.0,1630350.0,-0.08421269,0.727722,225,0
atitlan,2025-12-29,697650.0,1630350.0,-0.045866515,2.0714352,225,0
atitlan,2025-12-29,697950.0,1630350.0,0.14283407,10.896462,225,0
atitlan,2025-12-29,698250.0,1630350.0,0.10580149,7.9488983,225,0
atitlan,2025-12-29,698550.0,1630350.0,0.109553896,7.530898,225,0
atitlan,2025-12-29,698850.0,1630350.0,0.1157525,8.261927,225,0
atitlan,2025-12-29,699150.0,1630350.0,0.15725277,10.73587,225,0
atitlan,2025-12-29,699450.0,1630350.0,0.25537446,13.284628,225,1
atitlan,2025-12-29,699750.0,1630350.0,0.2595928,14.52409,225,1
atitlan,2025-12-29,700050.0,1630350.0,0.22776952,14.29356,225,1
atitlan,2025-12-29,700350.0,1630350.0,0.19123928,11.21752,225,0
atitlan,2025-12-29,700650.0,1630350.0,0.2552791,15.503,225,1
atitlan,2025-12-29,700950.0,1630350.0,0.17215401,8.841363,225,0
atitlan,2025-12-29,701250.0,1630350.0,0.17111991,12.773039,225,1
atitlan,2025-12-29,701550.0,1630350.0,0.16898626,11.672973,225,0
atitlan,2025-12-29,701850.0,1630350.0,0.14563677,9.151762,225,0
atitlan,2025-12-29,702150.0,1630350.0,0.2608908,14.070683,225,1
atitlan,2025-12-29,702450.0,1630350.0,0.25507656,14.7613,225,1
atitlan,2025-12-29,702750.0,1630350.0,0.17556298,10.507586,225,0
atitlan,2025-12-29,703050.0,1630350.0,0.16266744,9.8038845,225,0
atitlan,2025-12-29,703350.0,1630350.0,0.1502065,7.0460844,225,0
atitlan,2025-12-29,703650.0,1630350.0,0.16996543,8.784392,225,0
atitlan,2025-12-29,703950.0,1630350.0,0.16466457,7.912933,225,0
atitlan,2025-12-29,704250.0,1630350.0,0.25989288,16.319126,225,1
atitlan,2025-12-29,704550.0,1630350.0,0.2916926,18.619919,225,1
atitlan,2025-12-29,704850.0,1630350.0,0.310735,21.553564,225,1
atitlan,2025-12-29,705150.0,1630350.0,0.33239964,24.605213,225,1
atitlan,2025-12-29,705450.0,1630350.0,0.3029734,21.113102,225,1
atitlan,2025-12-29,705750.0,1630350.0,0.29565305,20.97463,225,1
atitlan,2025-12-29,706050.0,1630350.0,0.25478673,14.911862,225,1
atitlan,2025-12-29,706350.0,1630350.0,0.2912196,17.351826,225,1
atitlan,2025-12-29,706650.0,1630350.0,0.30180433,20.769016,225,1
atitlan,2025-12-29,706950.0,1630350.0,0.32903674,23.221636,225,1
atitlan,2025-12-29,707250.0,1630350.0,0.30241802,19.68873,225,1
atitlan,2025-12-29,707550.0,1630350.0,0.27547026,18.845215,225,1
atitlan,2025-12-29,707850.0,1630350.0,0.24474674,16.909256,45,1
atitlan,2025-12-29,680250.0,1630650.0,0.32342207,22.026365,180,1
atitlan,2025-12-29,680550.0,1630650.0,0.31539002,21.117294,225,1
atitlan,2025-12-29,680850.0,1630650.0,0.27276546,15.571814,225,1
atitlan,2025-12-29,681150.0,1630650.0,0.31417286,22.023165,225,1
atitlan,2025-12-29,681450.0,1630650.0,0.32290795,24.207163,225,1
atitlan,2025-12-29,681750.0,1630650.0,0.23676796,15.526446,225,1
atitlan,2025-12-29,682050.0,1630650.0,0.24352244,13.555842,225,1
atitlan,2025-12-29,682350.0,1630650.0,0.3412977,24.599379,225,1
atitlan,2025-12-29,682650.0,1630650.0,0.36363488,31.120073,225,1
atitlan,2025-12-29,682950.0,1630650.0,0.36825103,31.517986,225,1
atitlan,2025-12-29,683250.0,1630650.0,0.27018076,18.660082,225,1
atitlan,2025-12-29,683550.0,1630650.0,0.26846507,17.468441,225,1
atitlan,2025-12-29,683850.0,1630650.0,0.33136967,23.535816,225,1
atitlan,2025-12-29,684150.0,1630650.0,0.40152645,38.99765,225,1
atitlan,2025-12-29,684450.0,1630650.0,0.39093757,36.56361,225,1
atitlan,2025-12-29,684750.0,1630650.0,0.27259195,17.96406,225,1
atitlan,2025-12-29,685050.0,1630650.0,0.3320036,24.199656,225,1
atitlan,2025-12-29,685350.0,1630650.0,0.3009857,18.760677,225,1
atitlan,2025-12-29,685650.0,1630650.0,0.31766018,20.592802,225,1
atitlan,2025-12-29,685950.0,1630650.0,0.3089649,21.394669,225,1
atitlan,2025-12-29,686250.0,1630650.0,0.35920092,28.111614,225,1
atitlan,2025-12-29,686550.0,1630650.0,0.3540286,26.643915,225,1
atitlan,2025-12-29,686850.0,1630650.0,0.37495592,31.759754,225,1
atitlan,2025-12-29,687150.0,1630650.0,0.35218695,26.228653,225,1
atitlan,2025-12-29,687450.0,1630650.0,0.3297737,23.847055,225,1
atitlan,2025-12-29,687750.0,1630650.0,0.32622266,21.990545,225,1
atitlan,2025-12-29,688050.0,1630650.0,0.3364454,24.035072,225,1
atitlan,2025-12-29,688350.0,1630650.0,0.32358393,21.869947,225,1
atitlan,2025-12-29,688650.0,1630650.0,0.27049813,16.384958,225,1
atitlan,2025-12-29,688950.0,1630650.0,0.27527004,17.172022,225,1
atitlan,2025-12-29,689250.0,1630650.0,0.3027758,20.751593,225,1
atitlan,2025-12-29,689550.0,1630650.0,0.29426613,21.236952,225,1
atitlan,2025-12-29,689850.0,1630650.0,0.2966814,23.224792,225,1
atitlan,2025-12-29,690150.0,1630650.0,0.30777758,22.019136,225,1
atitlan,2025-12-29,690450.0,1630650.0,0.31395483,21.9376,225,1
atitlan,2025-12-29,690750.0,1630650.0,0.26338604,16.086834,225,1
atitlan,2025-12-29,691050.0,1630650.0,0.28082085,17.012705,225,1
atitlan,2025-12-29,691350.0,1630650.0,0.3198656,21.535955,225,1
atitlan,2025-12-29,691650.0,1630650.0,0.31457832,19.67367,225,1
atitlan,2025-12-29,691950.0,1630650.0,0.31548563,20.426632,225,1
atitlan,2025-12-29,692250.0,1630650.0,0.31988013,20.292202,225,1
atitlan,2025-12-29,692550.0,1630650.0,0.30216208,19.661497,225,1
atitlan,2025-12-29,692850.0,1630650.0,0.24348393,16.19139,225,1
atitlan,2025-12-29,693150.0,1630650.0,0.2136499,14.613531,225,1
atitlan,2025-12-29,693450.0,1630650.0,0.28582722,19.753223,225,1
atitlan,2025-12-29,693750.0,1630650.0,0.28067905,18.616882,225,1
atitlan,2025-12-29,694050.0,1630650.0,0.3170708,20.910192,225,1
atitlan,2025-12-29,694350.0,1630650.0,0.30324385,19.157574,225,1
atitlan,2025-12-29,694650.0,1630650.0,0.23178631,16.31151,225,1
atitlan,2025-12-29,694950.0,1630650.0,0.19138438,13.064543,225,1
atitlan,2025-12-29,695250.0,1630650.0,0.10862191,8.417156,225,0
atitlan,2025-12-29,695550.0,1630650.0,0.1893003,9.640245,225,0
atitlan,2025-12-29,695850.0,1630650.0,0.2395495,12.925976,225,1
atitlan,2025-12-29,696150.0,1630650.0,0.20909068,10.195531,225,0
atitlan,2025-12-29,696450.0,1630650.0,0.113636896,8.295413,225,0
atitlan,2025-12-29,696750.0,1630650.0,-0.06939631,1.5775094,225,0
atitlan,2025-12-29,697050.0,1630650.0,-0.07769072,1.1191903,225,0
atitlan,2025-12-29,697350.0,1630650.0,-0.08108323,0.91288525,225,0
atitlan,2025-12-29,697650.0,1630650.0,0.07321409,7.1017685,225,0
atitlan,2025-12-29,697950.0,1630650.0,0.14712101,9.349635,225,0
atitlan,2025-12-29,698250.0,1630650.0,0.08772586,6.8926005,225,0
atitlan,2025-12-29,698550.0,1630650.0,0.08736824,8.044181,225,0
atitlan,2025-12-29,698850.0,1630650.0,0.08068331,6.786577,225,0
atitlan,2025-12-29,699150.0,1630650.0,0.11417579,9.205848,225,0
atitlan,2025-12-29,699450.0,1630650.0,0.22684121,12.40494,225,1
atitlan,2025-12-29,699750.0,1630650.0,0.22010298,11.311021,225,0
atitlan,2025-12-29,700050.0,1630650.0,0.28141233,17.817284,225,1
atitlan,2025-12-29,700350.0,1630650.0,0.24168658,15.582776,225,1
atitlan,2025-12-29,700650.0,1630650.0,0.15464121,9.695171,225,0
atitlan,2025-12-29,700950.0,1630650.0,0.12979662,8.792911,225,0
atitlan,2025-12-29,701250.0,1630650.0,0.14447314,9.498952,225,0
atitlan,2025-12-29,701550.0,1630650.0,0.2516075,16.47266,225,1
atitlan,2025-12-29,701850.0,1630650.0,0.21328367,14.290834,225,1
atitlan,2025-12-29,702150.0,1630650.0,0.20229915,12.54451,225,1
atitlan,2025-12-29,702450.0,1630650.0,0.25597185,15.652345,225,1
atitlan,2025-12-29,702750.0,1630650.0,0.18841939,10.633311,225,0
atitlan,2025-12-29,703050.0,1630650.0,0.14490658,7.8842616,225,0
atitlan,2025-12-29,703350.0,1630650.0,0.13475408,7.627861,225,0
atitlan,2025-12-29,703650.0,1630650.0,0.17430796,9.250686,225,0
atitlan,2025-12-29,703950.0,1630650.0,0.26089272,16.458546,225,1
atitlan,2025-12-29,704250.0,1630650.0,0.27188265,16.205992,225,1
atitlan,2025-12-29,704550.0,1630650.0,0.25669104,15.352545,225,1
atitlan,2025-12-29,704850.0,1630650.0,0.34519976,26.235321,225,1
atitlan,2025-12-29,705150.0,1630650.0,0.3132691,24.074413,225,1
atitlan,2025-12-29,705450.0,1630650.0,0.32747057,24.176256,225,1
atitlan,2025-12-29,705750.0,1630650.0,0.33442152,25.877562,225,1
atitlan,2025-12-29,706050.0,1630650.0,0.33457708,25.334364,225,1
atitlan,2025-12-29,706350.0,1630650.0,0.30195442,19.653461,225,1
atitlan,2025-12-29,706650.0,1630650.0,0.26217318,15.986646,225,1
atitlan,2025-12-29,706950.0,1630650.0,0.22316177,13.095587,225,1
atitlan,2025-12-29,707250.0,1630650.0,0.31077054,23.020714,225,1
atitlan,2025-12-29,707550.0,1630650.0,0.269646,15.568352,225,1
atitlan,2025-12-29,707850.0,1630650.0,0.31549197,19.633417,45,1
atitlan,2025-12-29,680250.0,1630950.0,0.28255227,17.858583,180,1
atitlan,2025-12-29,680550.0,1630950.0,0.2963142,19.738081,225,1
atitlan,2025-12-29,680850.0,1630950.0,0.33291757,23.425894,225,1
atitlan,2025-12-29,681150.0,1630950.0,0.34194142,25.224222,225,1
atitlan,2025-12-29,681450.0,1630950.0,0.33678445,25.764196,225,1
atitlan,2025-12-29,681750.0,1630950.0,0.37045512,31.462112,225,1
atitlan,2025-12-29,682050.0,1630950.0,0.38586023,34.646523,225,1
atitlan,2025-12-29,682350.0,1630950.0,0.35769922,30.064255,225,1
atitlan,2025-12-29,682650.0,1630950.0,0.36630955,33.446693,225,1
atitlan,2025-12-29,682950.0,1630950.0,0.33489183,25.722338,225,1
atitlan,2025-12-29,683250.0,1630950.0,0.32113138,22.317623,225,1
atitlan,2025-12-29,683550.0,1630950.0,0.32789928,24.135212,225,1
atitlan,2025-12-29,683850.0,1630950.0,0.35844374,28.279285,225,1
atitlan,2025-12-29,684150.0,1630950.0,0.3649639,30.010544,225,1
atitlan,2025-12-29,684450.0,1630950.0,0.36513183,29.249279,225,1
atitlan,2025-12-29,684750.0,1630950.0,0.3307523,24.754555,225,1
atitlan,2025-12-29,685050.0,1630950.0,0.33493814,23.153996,225,1
atitlan,2025-12-29,685350.0,1630950.0,0.3698139,30.695042,225,1
atitlan,2025-12-29,685650.0,1630950.0,0.40475172,39.66611,225,1
atitlan,2025-12-29,685950.0,1630950.0,0.34355313,27.339294,225,1
atitlan,2025-12-29,686250.0,1630950.0,0.37898564,32.14958,225,1
atitlan,2025-12-29,686550.0,1630950.0,0.38795537,34.128242,225,1
atitlan,2025-12-29,686850.0,1630950.0,0.3430225,25.894135,225,1
atitlan,2025-12-29,687150.0,1630950.0,0.32807192,22.993116,225,1
atitlan,2025-12-29,687450.0,1630950.0,0.3380214,25.739704,225,1
atitlan,2025-12-29,687750.0,1630950.0,0.32670787,23.805677,225,1
atitlan,2025-12-29,688050.0,1630950.0,0.33323187,23.424578,225,1
atitlan,2025-12-29,688350.0,1630950.0,0.29980588,21.243893,225,1
atitlan,2025-12-29,688650.0,1630950.0,0.30424026,21.229198,225,1
atitlan,2025-12-29,688950.0,1630950.0,0.25986922,15.22876,225,1
atitlan,2025-12-29,689250.0,1630950.0,0.31946933,22.61372,225,1
atitlan,2025-12-29,689550.0,1630950.0,0.33408695,24.709578,225,1
atitlan,2025-12-29,689850.0,1630950.0,0.34301436,26.242863,225,1
atitlan,2025-12-29,690150.0,1630950.0,0.3488087,27.154224,225,1
atitlan,2025-12-29,690450.0,1630950.0,0.27437007,17.977507,225,1
atitlan,2025-12-29,690750.0,1630950.0,0.29559672,19.228947,225,1
atitlan,2025-12-29,691050.0,1630950.0,0.29035345,17.959314,225,1
atitlan,2025-12-29,691350.0,1630950.0,0.3102572,20.36186,225,1
atitlan,2025-12-29,691650.0,1630950.0,0.3186203,20.45993,225,1
atitlan,2025-12-29,691950.0,1630950.0,0.3249878,21.383432,225,1
atitlan,2025-12-29,692250.0,1630950.0,0.28930175,19.273859,225,1
atitlan,2025-12-29,692550.0,1630950.0,0.2840379,16.783249,225,1
atitlan,2025-12-29,692850.0,1630950.0,0.22089681,13.662356,225,1
atitlan,2025-12-29,693150.0,1630950.0,0.2517115,17.294147,225,1
atitlan,2025-12-29,693450.0,1630950.0,0.23792256,15.670236,225,1
atitlan,2025-12-29,693750.0,1630950.0,0.30515665,19.401258,225,1
atitlan,2025-12-29,694050.0,1630950.0,0.3195232,20.703041,225,1
atitlan,2025-12-29,694350.0,1630950.0,0.31683743,20.56279,225,1
atitlan,2025-12-29,694650.0,1630950.0,0.33255276,23.05039,225,1
atitlan,2025-12-29,694950.0,1630950.0,0.35292673,25.818296,225,1
atitlan,2025-12-29,695250.0,1630950.0,0.31262955,19.83217,225,1
atitlan,2025-12-29,695550.0,1630950.0,0.22229472,14.675395,225,1
atitlan,2025-12-29,695850.0,1630950.0,0.19178338,10.000245,225,0
atitlan,2025-12-29,696150.0,1630950.0,0.26975822,13.863784,225,1
atitlan,2025-12-29,696450.0,1630950.0,0.25355503,15.024842,225,1
atitlan,2025-12-29,696750.0,1630950.0,0.09626161,7.134287,225,0
atitlan,2025-12-29,697050.0,1630950.0,-0.06903294,1.6162137,225,0
atitlan,2025-12-29,697350.0,1630950.0,-0.069124125,1.5889033,225,0
atitlan,2025-12-29,697650.0,1630950.0,0.05161669,5.633201,225,0
atitlan,2025-12-29,697950.0,1630950.0,0.28465053,16.848646,225,1
atitlan,2025-12-29,698250.0,1630950.0,0.21549024,15.638556,223,1
atitlan,2025-12-29,698550.0,1630950.0,0.092383236,7.7177496,225,0
atitlan,2025-12-29,698850.0,1630950.0,0.06585488,5.8543606,225,0
atitlan,2025-12-29,699150.0,1630950.0,0.08738763,5.9012065,225,0
atitlan,2025-12-29,699450.0,1630950.0,0.14101397,8.12206,225,0
atitlan,2025-12-29,699750.0,1630950.0,0.25889775,14.143903,225,1
atitlan,2025-12-29,700050.0,1630950.0,0.28223327,16.571104,225,1
atitlan,2025-12-29,700350.0,1630950.0,0.2720419,17.821062,225,1
atitlan,2025-12-29,700650.0,1630950.0,0.18884467,13.281299,225,1
atitlan,2025-12-29,700950.0,1630950.0,0.08227483,7.3776507,225,0
atitlan,2025-12-29,701250.0,1630950.0,0.15322332,9.774426,225,0
atitlan,2025-12-29,701550.0,1630950.0,0.24064545,15.881045,225,1
atitlan,2025-12-29,701850.0,1630950.0,0.23754735,16.022797,225,1
atitlan,2025-12-29,702150.0,1630950.0,0.23004939,13.388201,225,1
atitlan,2025-12-29,702450.0,1630950.0,0.26551318,16.593946,225,1
atitlan,2025-12-29,702750.0,1630950.0,0.19614984,11.683222,225,0
atitlan,2025-12-29,703050.0,1630950.0,0.13605107,6.7414074,225,0
atitlan,2025-12-29,703350.0,1630950.0,0.14481366,6.7868953,225,0
atitlan,2025-12-29,703650.0,1630950.0,0.2306254,14.57885,225,1
atitlan,2025-12-29,703950.0,1630950.0,0.31311074,21.779476,225,1
atitlan,2025-12-29,704250.0,1630950.0,0.31879738,23.973885,225,1
atitlan,2025-12-29,704550.0,1630950.0,0.2760562,19.252869,225,1
atitlan,2025-12-29,704850.0,1630950.0,0.3143721,21.51049,225,1
atitlan,2025-12-29,705150.0,1630950.0,0.2945822,20.823616,225,1
atitlan,2025-12-29,705450.0,1630950.0,0.30564108,21.881632,225,1
atitlan,2025-12-29,705750.0,1630950.0,0.32723406,24.727684,225,1
atitlan,2025-12-29,706050.0,1630950.0,0.34524462,26.783201,225,1
atitlan,2025-12-29,706350.0,1630950.0,0.3168963,21.463728,225,1
atitlan,2025-12-29,706650.0,1630950.0,0.27014238,16.008408,225,1
atitlan,2025-12-29,706950.0,1630950.0,0.2906405,21.565834,225,1
atitlan,2025-12-29,707250.0,1630950.0,0.35730663,28.67762,225,1
atitlan,2025-12-29,707550.0,1630950.0,0.2925728,19.068695,225,1
atitlan,2025-12-29,707850.0,1630950.0,0.23074438,13.850059,45,1
atitlan,2025-12-29,680250.0,1631250.0,0.339361,24.835104,180,1
atitlan,2025-12-29,680550.0,1631250.0,0.32414648,22.664656,225,1
atitlan,2025-12-29,680850.0,1631250.0,0.3492521,26.228275,225,1
atitlan,2025-12-29,681150.0,1631250.0,0.33547235,24.70209,225,1
atitlan,2025-12-29,681450.0,1631250.0,0.33020964,23.382423,225,1
atitlan,2025-12-29,681750.0,1631250.0,0.30990127,21.033253,225,1
atitlan,2025-12-29,682050.0,1631250.0,0.30261943,18.712276,225,1
atitlan,2025-12-29,682350.0,1631250.0,0.36204582,30.699272,225,1
atitlan,2025-12-29,682650.0,1631250.0,0.36787367,30.404898,225,1
atitlan,2025-12-29,682950.0,1631250.0,0.37103388,32.265614,225,1
atitlan,2025-12-29,683250.0,1631250.0,0.34660575,28.847368,225,1
atitlan,2025-12-29,683550.0,1631250.0,0.32756004,24.890001,225,1
atitlan,2025-12-29,683850.0,1631250.0,0.2612924,17.621712,225,1
atitlan,2025-12-29,684150.0,1631250.0,0.15003079,10.862035,225,0
atitlan,2025-12-29,684450.0,1631250.0,0.30428866,22.314863,225,1
atitlan,2025-12-29,684750.0,1631250.0,0.31428206,24.628323,225,1
atitlan,2025-12-29,685050.0,1631250.0,0.34356225,24.996132,225,1
atitlan,2025-12-29,685350.0,1631250.0,0.3901523,35.133965,225,1
atitlan,2025-12-29,685650.0,1631250.0,0.38927537,35.048935,225,1
atitlan,2025-12-29,685950.0,1631250.0,0.38079175,32.306084,225,1
atitlan,2025-12-29,686250.0,1631250.0,0.38315406,33.60035,225,1
atitlan,2025-12-29,686550.0,1631250.0,0.3604517,29.676159,225,1
atitlan,2025-12-29,686850.0,1631250.0,0.36797452,31.389727,225,1
atitlan,2025-12-29,687150.0,1631250.0,0.32947323,22.760237,225,1
atitlan,2025-12-29,687450.0,1631250.0,0.35410744,27.593378,225,1
atitlan,2025-12-29,687750.0,1631250.0,0.36776543,31.665176,225,1
atitlan,2025-12-29,688050.0,1631250.0,0.31612456,22.450771,225,1
atitlan,2025-12-29,688350.0,1631250.0,0.22160202,14.689965,225,1
atitlan,2025-12-29,688650.0,1631250.0,0.29892135,21.591208,225,1
atitlan,2025-12-29,688950.0,1631250.0,0.29339084,20.197441,225,1
atitlan,2025-12-29,689250.0,1631250.0,0.30160898,18.027718,225,1
atitlan,2025-12-29,689550.0,1631250.0,0.31110805,20.300335,225,1
atitlan,2025-12-29,689850.0,1631250.0,0.3412373,26.169676,225,1
atitlan,2025-12-29,690150.0,1631250.0,0.32049733,25.162155,225,1
atitlan,2025-12-29,690450.0,1631250.0,0.30461007,21.852648,225,1
atitlan,2025-12-29,690750.0,1631250.0,0.31865284,22.54249,225,1
atitlan,2025-12-29,691050.0,1631250.0,0.30430353,18.104813,225,1
atitlan,2025-12-29,691350.0,1631250.0,0.3226404,21.06927,225,1
atitlan,2025-12-29,691650.0,1631250.0,0.33547702,23.221249,225,1
atitlan,2025-12-29,691950.0,1631250.0,0.3076716,19.010643,225,1
atitlan,2025-12-29,692250.0,1631250.0,0.32267874,22.071075,225,1
atitlan,2025-12-29,692550.0,1631250.0,0.34324753,25.324902,225,1
atitlan,2025-12-29,692850.0,1631250.0,0.3132022,20.610142,225,1
atitlan,2025-12-29,693150.0,1631250.0,0.3230757,22.199713,225,1
atitlan,2025-12-29,693450.0,1631250.0,0.277072,17.128325,225,1
atitlan,2025-12-29,693750.0,1631250.0,0.31714177,22.56598,225,1
atitlan,2025-12-29,694050.0,1631250.0,0.3145122,20.264088,225,1
atitlan,2025-12-29,694350.0,1631250.0,0.32283935,22.57545,225,1
atitlan,2025-12-29,694650.0,1631250.0,0.33044696,25.238638,225,1
atitlan,2025-12-29,694950.0,1631250.0,0.32891867,22.70795,225,1
atitlan,2025-12-29,695250.0,1631250.0,0.32995704,21.329166,225,1
atitlan,2025-12-29,695550.0,1631250.0,0.22973718,14.590712,225,1
atitlan,2025-12-29,695850.0,1631250.0,0.18293932,8.468284,225,0
atitlan,2025-12-29,696150.0,1631250.0,0.29685387,19.038563,225,1
atitlan,2025-12-29,696450.0,1631250.0,0.2839078,16.099445,225,1
atitlan,2025-12-29,696750.0,1631250.0,0.2420606,13.533592,225,1
atitlan,2025-12-29,697050.0,1631250.0,0.14744432,12.419821,225,1
atitlan,2025-12-29,697350.0,1631250.0,0.179387,14.31533,225,1
atitlan,2025-12-29,697650.0,1631250.0,0.24271101,15.070043,225,1
atitlan,2025-12-29,697950.0,1631250.0,0.29162136,16.659855,225,1
atitlan,2025-12-29,698250.0,1631250.0,0.31215274,19.756605,225,1
atitlan,2025-12-29,698550.0,1631250.0,0.22437844,14.530798,225,1
atitlan,2025-12-29,698850.0,1631250.0,0.18596525,12.934413,225,1
atitlan,2025-12-29,699150.0,1631250.0,0.1283214,9.581609,225,0
atitlan,2025-12-29,699450.0,1631250.0,0.123692825,7.834456,225,0
atitlan,2025-12-29,699750.0,1631250.0,0.2313248,12.435775,225,1
atitlan,2025-12-29,700050.0,1631250.0,0.2489779,14.495813,225,1
atitlan,2025-12-29,700350.0,1631250.0,0.29110068,19.178045,225,1
atitlan,2025-12-29,700650.0,1631250.0,0.21003589,13.715983,225,1
atitlan,2025-12-29,700950.0,1631250.0,0.1446924,9.347678,225,0
atitlan,2025-12-29,701250.0,1631250.0,0.13332723,7.9702544,225,0
atitlan,2025-12-29,701550.0,1631250.0,0.27236184,16.610016,225,1
atitlan,2025-12-29,701850.0,1631250.0,0.3250461,23.024477,225,1
atitlan,2025-12-29,702150.0,1631250.0,0.26004517,17.154772,225,1
atitlan,2025-12-29,702450.0,1631250.0,0.24953489,15.130798,225,1
atitlan,2025-12-29,702750.0,1631250.0,0.2112798,12.116535,225,1
atitlan,2025-12-29,703050.0,1631250.0,0.20394574,12.199227,225,1
atitlan,2025-12-29,703350.0,1631250.0,0.14742723,6.991646,225,0
atitlan,2025-12-29,703650.0,1631250.0,0.22027062,13.939572,225,1
atitlan,2025-12-29,703950.0,1631250.0,0.25401497,15.887766,225,1
atitlan,2025-12-29,704250.0,1631250.0,0.27226055,17.086506,225,1
atitlan,2025-12-29,704550.0,1631250.0,0.29430768,18.60985,225,1
atitlan,2025-12-29,704850.0,1631250.0,0.2956198,18.703428,225,1
atitlan,2025-12-29,705150.0,1631250.0,0.27161837,17.968039,225,1
atitlan,2025-12-29,705450.0,1631250.0,0.2736159,19.579058,225,1
atitlan,2025-12-29,705750.0,1631250.0,0.28278652,21.252588,225,1
atitlan,2025-12-29,706050.0,1631250.0,0.3150071,24.605953,225,1
atitlan,2025-12-29,706350.0,1631250.0,0.30433795,22.111515,225,1
atitlan,2025-12-29,706650.0,1631250.0,0.289137,22.769592,225,1
atitlan,2025-12-29,706950.0,1631250.0,0.2637609,17.639227,225,1
atitlan,2025-12-29,707250.0,1631250.0,0.30330247,20.505579,225,1
atitlan,2025-12-29,707550.0,1631250.0,0.30195576,21.447153,225,1
atitlan,2025-12-29,707850.0,1631250.0,0.24382983,15.556375,45,1
atitlan,2025-12-29,680250.0,1631550.0,0.3130551,22.931137,168,1
atitlan,2025-12-29,680550.0,1631550.0,0.34733164,26.984028,210,1
atitlan,2025-12-29,680850.0,1631550.0,0.34645694,25.273024,210,1
atitlan,2025-12-29,681150.0,1631550.0,0.3021642,19.574778,210,1
atitlan,2025-12-29,681450.0,1631550.0,0.2940569,18.323288,210,1
atitlan,2025-12-29,681750.0,1631550.0,0.29099348,17.450108,210,1
atitlan,2025-12-29,682050.0,1631550.0,0.26896298,18.211603,210,1
atitlan,2025-12-29,682350.0,1631550.0,0.33089983,23.427883,210,1
atitlan,2025-12-29,682650.0,1631550.0,0.35326636,30.11479,210,1
atitlan,2025-12-29,682950.0,1631550.0,0.36689523,32.215103,210,1
atitlan,2025-12-29,683250.0,1631550.0,0.33856952,28.439754,210,1
atitlan,2025-12-29,683550.0,1631550.0,0.24491394,16.710665,210,1
atitlan,2025-12-29,683850.0,1631550.0,0.23583354,14.541759,210,1
atitlan,2025-12-29,684150.0,1631550.0,0.109343156,6.4397984,210,0
atitlan,2025-12-29,684450.0,1631550.0,0.19902216,15.679978,210,1
atitlan,2025-12-29,684750.0,1631550.0,0.36566383,29.880156,210,1
atitlan,2025-12-29,685050.0,1631550.0,0.36950067,30.061823,210,1
atitlan,2025-12-29,685350.0,1631550.0,0.38093743,32.596615,210,1
atitlan,2025-12-29,685650.0,1631550.0,0.35962495,28.188526,210,1
atitlan,2025-12-29,685950.0,1631550.0,0.40680203,39.427563,210,1
atitlan,2025-12-29,686250.0,1631550.0,0.39315286,36.059578,210,1
atitlan,2025-12-29,686550.0,1631550.0,0.36014983,29.08895,210,1
atitlan,2025-12-29,686850.0,1631550.0,0.36701846,30.554037,210,1
atitlan,2025-12-29,687150.0,1631550.0,0.3394483,25.206629,210,1
atitlan,2025-12-29,687450.0,1631550.0,0.36082664,29.994755,210,1
atitlan,2025-12-29,687750.0,1631550.0,0.35597524,28.063595,210,1
atitlan,2025-12-29,688050.0,1631550.0,0.3374746,25.6176,210,1
atitlan,2025-12-29,688350.0,1631550.0,0.32056978,22.561903,210,1
atitlan,2025-12-29,688650.0,1631550.0,0.32392433,24.110088,210,1
atitlan,2025-12-29,688950.0,1631550.0,0.34073463,25.97818,210,1
atitlan,2025-12-29,689250.0,1631550.0,0.34595528,26.040348,210,1
atitlan,2025-12-29,689550.0,1631550.0,0.3529771,27.99496,210,1
atitlan,2025-12-29,689850.0,1631550.0,0.3769585,31.815804,210,1
atitlan,2025-12-29,690150.0,1631550.0,0.37220994,30.381826,210,1
atitlan,2025-12-29,690450.0,1631550.0,0.36396918,29.96419,210,1
atitlan,2025-12-29,690750.0,1631550.0,0.35764077,27.94824,210,1
atitlan,2025-12-29,691050.0,1631550.0,0.33910963,24.32737,210,1
atitlan,2025-12-29,691350.0,1631550.0,0.2878363,17.47167,210,1
atitlan,2025-12-29,691650.0,1631550.0,0.3273345,22.505648,210,1
atitlan,2025-12-29,691950.0,1631550.0,0.34439927,25.11456,210,1
atitlan,2025-12-29,692250.0,1631550.0,0.33431992,26.211971,210,1
atitlan,2025-12-29,692550.0,1631550.0,0.3079222,20.02588,210,1
atitlan,2025-12-29,692850.0,1631550.0,0.30748796,20.453793,210,1
atitlan,2025-12-29,693150.0,1631550.0,0.30893636,20.836226,210,1
atitlan,2025-12-29,693450.0,1631550.0,0.288171,18.105902,210,1
atitlan,2025-12-29,693750.0,1631550.0,0.27743918,18.514233,210,1
atitlan,2025-12-29,694050.0,1631550.0,0.30604583,21.916574,210,1
atitlan,2025-12-29,694350.0,1631550.0,0.23408195,15.082797,210,1
atitlan,2025-12-29,694650.0,1631550.0,0.2794404,15.387586,210,1
atitlan,2025-12-29,694950.0,1631550.0,0.28651297,15.555957,210,1
atitlan,2025-12-29,695250.0,1631550.0,0.30294603,17.593794,210,1
atitlan,2025-12-29,695550.0,1631550.0,0.15691973,9.085263,210,0
atitlan,2025-12-29,695850.0,1631550.0,0.24377073,12.823557,210,1
atitlan,2025-12-29,696150.0,1631550.0,0.32664093,21.450829,210,1
atitlan,2025-12-29,696450.0,1631550.0,0.3093977,19.905212,210,1
atitlan,2025-12-29,696750.0,1631550.0,0.11549927,8.071135,210,0
atitlan,2025-12-29,697050.0,1631550.0,0.29152447,18.111425,210,1
atitlan,2025-12-29,697350.0,1631550.0,0.32080597,23.427736,210,1
atitlan,2025-12-29,697650.0,1631550.0,0.24643524,17.293718,210,1
atitlan,2025-12-29,697950.0,1631550.0,0.2759297,14.146293,210,1
atitlan,2025-12-29,698250.0,1631550.0,0.33225107,22.329664,210,1
atitlan,2025-12-29,698550.0,1631550.0,0.3197897,20.527792,210,1
atitlan,2025-12-29,698850.0,1631550.0,0.32615805,21.541426,210,1
atitlan,2025-12-29,699150.0,1631550.0,0.28336108,19.790966,210,1
atitlan,2025-12-29,699450.0,1631550.0,0.1272097,9.274711,210,0
atitlan,2025-12-29,699750.0,1631550.0,0.17367208,10.976399,210,0
atitlan,2025-12-29,700050.0,1631550.0,0.19963,9.884687,210,0
atitlan,2025-12-29,700350.0,1631550.0,0.26153633,15.044555,210,1
atitlan,2025-12-29,700650.0,1631550.0,0.25051472,15.005905,210,1
atitlan,2025-12-29,700950.0,1631550.0,0.2555764,16.283993,210,1
atitlan,2025-12-29,701250.0,1631550.0,0.22601898,14.875178,210,1
atitlan,2025-12-29,701550.0,1631550.0,0.2504461,14.731848,210,1
atitlan,2025-12-29,701850.0,1631550.0,0.2559108,16.757498,210,1
atitlan,2025-12-29,702150.0,1631550.0,0.31634787,20.260431,210,1
atitlan,2025-12-29,702450.0,1631550.0,0.30415905,18.57071,210,1
atitlan,2025-12-29,702750.0,1631550.0,0.21924417,11.61939,210,0
atitlan,2025-12-29,703050.0,1631550.0,0.16237663,11.290085,210,0
atitlan,2025-12-29,703350.0,1631550.0,0.16929364,12.032577,210,1
atitlan,2025-12-29,703650.0,1631550.0,0.17825866,10.097973,210,0
atitlan,2025-12-29,703950.0,1631550.0,0.32177752,22.18269,210,1
atitlan,2025-12-29,704250.0,1631550.0,0.32113844,22.901968,210,1
atitlan,2025-12-29,704550.0,1631550.0,0.2864388,18.338104,210,1
atitlan,2025-12-29,704850.0,1631550.0,0.2750329,16.727701,210,1
atitlan,2025-12-29,705150.0,1631550.0,0.26899594,17.124775,210,1
atitlan,2025-12-29,705450.0,1631550.0,0.16839658,10.544092,210,0
atitlan,2025-12-29,705750.0,1631550.0,0.14113756,9.579275,210,0
atitlan,2025-12-29,706050.0,1631550.0,0.24904485,18.001617,210,1
atitlan,2025-12-29,706350.0,1631550.0,0.3425018,28.077766,210,1
atitlan,2025-12-29,706650.0,1631550.0,0.3137491,23.739151,210,1
atitlan,2025-12-29,706950.0,1631550.0,0.2760121,16.870613,210,1
atitlan,2025-12-29,707250.0,1631550.0,0.29534063,20.162874,210,1
atitlan,2025-12-29,707550.0,1631550.0,0.29980987,20.250433,210,1
atitlan,2025-12-29,707850.0,1631550.0,0.2660335,17.332424,42,1
