lago,fecha,x,y,ndci,chl_a_estimada,pixeles_validos,alta_cianobacteria
atitlan,2025-11-21,680250.0,1614150.0,0.21359782,10.300676,84,0
atitlan,2025-11-21,680550.0,1614150.0,0.33051294,22.802828,105,1
atitlan,2025-11-21,680850.0,1614150.0,0.32963663,22.00871,105,1
atitlan,2025-11-21,681150.0,1614150.0,0.303481,17.674192,105,1
atitlan,2025-11-21,681450.0,1614150.0,0.31232086,19.245377,105,1
atitlan,2025-11-21,681750.0,1614150.0,0.29551625,15.984047,105,1
atitlan,2025-11-21,682050.0,1614150.0,0.294258,16.429373,105,1
atitlan,2025-11-21,682350.0,1614150.0,0.32205313,20.175657,105,1
atitlan,2025-11-21,682650.0,1614150.0,0.3163943,18.89098,105,1
atitlan,2025-11-21,682950.0,1614150.0,0.25395942,12.385629,105,1
atitlan,2025-11-21,683250.0,1614150.0,0.25313747,12.721081,105,1
atitlan,2025-11-21,683550.0,1614150.0,0.1684352,8.002344,105,0
atitlan,2025-11-21,683850.0,1614150.0,0.0620684,5.723988,105,0
atitlan,2025-11-21,684150.0,1614150.0,0.03820154,4.5210266,105,0
atitlan,2025-11-21,684450.0,1614150.0,0.08944175,5.716638,105,0
atitlan,2025-11-21,684750.0,1614150.0,0.043780155,4.8702803,105,0
atitlan,2025-11-21,685050.0,1614150.0,0.008131528,4.1472383,105,0
atitlan,2025-11-21,685350.0,1614150.0,0.008629803,4.1437874,105,0
atitlan,2025-11-21,685650.0,1614150.0,0.16629376,9.273559,105,0
atitlan,2025-11-21,685950.0,1614150.0,0.10577582,6.5732484,105,0
atitlan,2025-11-21,686250.0,1614150.0,0.017691646,4.2335305,105,0
atitlan,2025-11-21,686550.0,1614150.0,0.032289002,4.416878,105,0
atitlan,2025-11-21,686850.0,1614150.0,0.1357214,8.145854,105,0
atitlan,2025-11-21,687150.0,1614150.0,0.28892535,15.852895,105,1
atitlan,2025-11-21,687450.0,1614150.0,0.29295528,16.51301,105,1
atitlan,2025-11-21,687750.0,1614150.0,0.15709127,10.412455,105,0
atitlan,2025-11-21,688050.0,1614150.0,0.018099496,4.2457066,105,0
atitlan,2025-11-21,688350.0,1614150.0,0.02962075,4.3456225,105,0
atitlan,2025-11-21,688650.0,1614150.0,0.01264072,4.1580396,105,0
atitlan,2025-11-21,688950.0,1614150.0,0.01963964,4.3352823,105,0
atitlan,2025-11-21,689250.0,1614150.0,0.049707737,4.7146964,105,0
atitlan,2025-11-21,689550.0,1614150.0,0.13643183,7.1627293,105,0
atitlan,2025-11-21,689850.0,1614150.0,0.019486465,4.2973523,105,0
atitlan,2025-11-21,690150.0,1614150.0,0.033140577,4.2902293,105,0
atitlan,2025-11-21,690450.0,1614150.0,0.075732075,5.0043364,105,0
atitlan,2025-11-21,690750.0,1614150.0,0.091023855,5.7087817,105,0
atitlan,2025-11-21,691050.0,1614150.0,0.1628434,9.984705,105,0
atitlan,2025-11-21,691350.0,1614150.0,0.051021915,4.935358,105,0
atitlan,2025-11-21,691650.0,1614150.0,0.059909597,5.162163,105,0
atitlan,2025-11-21,691950.0,1614150.0,0.0553548,4.696312,105,0
atitlan,2025-11-21,692250.0,1614150.0,0.1568111,7.2348075,105,0
atitlan,2025-11-21,692550.0,1614150.0,0.22551996,10.691683,105,0
atitlan,2025-11-21,692850.0,1614150.0,0.25860104,12.608218,105,1
atitlan,2025-11-21,693150.0,1614150.0,0.2927868,16.31355,105,1
atitlan,2025-11-21,693450.0,1614150.0,0.30358282,17.737286,105,1
atitlan,2025-11-21,693750.0,1614150.0,0.2630206,12.739591,105,1
atitlan,2025-11-21,694050.0,1614150.0,0.266982,13.6245985,105,1
atitlan,2025-11-21,694350.0,1614150.0,0.26118344,12.925854,105,1
atitlan,2025-11-21,694650.0,1614150.0,0.25190678,11.938452,105,0
atitlan,2025-11-21,694950.0,1614150.0,0.2640931,12.696359,105,1
atitlan,2025-11-21,695250.0,1614150.0,0.27573264,13.986832,105,1
atitlan,2025-11-21,695550.0,1614150.0,0.2749769,14.136609,105,1
atitlan,2025-11-21,695850.0,1614150.0,0.2541299,11.923355,105,0
atitlan,2025-11-21,696150.0,1614150.0,0.26437905,13.133541,105,1
atitlan,2025-11-21,696450.0,1614150.0,0.2973914,17.446676,105,1
atitlan,2025-11-21,696750.0,1614150.0,0.31958324,20.537941,105,1
atitlan,2025-11-21,697050.0,1614150.0,0.33069998,22.404203,105,1
atitlan,2025-11-21,697350.0,1614150.0,0.24598958,13.760121,105,1
atitlan,2025-11-21,697650.0,1614150.0,0.29897323,17.822695,105,1
atitlan,2025-11-21,697950.0,1614150.0,0.3128261,19.203796,105,1
atitlan,2025-11-21,698250.0,1614150.0,0.3003521,17.390102,105,1
atitlan,2025-11-21,698550.0,1614150.0,0.29822573,17.698019,105,1
atitlan,2025-11-21,698850.0,1614150.0,0.27898496,15.470986,105,1
atitlan,2025-11-21,699150.0,1614150.0,0.27300417,14.168401,105,1
atitlan,2025-11-21,699450.0,1614150.0,0.27012214,13.585557,105,1
atitlan,2025-11-21,699750.0,1614150.0,0.26184988,13.302894,105,1
atitlan,2025-11-21,700050.0,1614150.0,0.2363751,14.099777,105,1
atitlan,2025-11-21,700350.0,1614150.0,0.24888834,14.845113,105,1
atitlan,2025-11-21,700650.0,1614150.0,0.23356828,11.078009,105,0
atitlan,2025-11-21,700950.0,1614150.0,0.22940384,10.939722,105,0
atitlan,2025-11-21,701250.0,1614150.0,0.26610467,15.488297,105,1
atitlan,2025-11-21,701550.0,1614150.0,0.24083401,11.400299,105,0
atitlan,2025-11-21,701850.0,1614150.0,0.3081886,19.963974,105,1
atitlan,2025-11-21,702150.0,1614150.0,0.33212745,22.246935,105,1
atitlan,2025-11-21,702450.0,1614150.0,0.31503904,19.561682,105,1
atitlan,2025-11-21,702750.0,1614150.0,0.29128256,15.788812,105,1
atitlan,2025-11-21,703050.0,1614150.0,0.28174734,15.034971,105,1
atitlan,2025-11-21,703350.0,1614150.0,0.31069422,18.679485,105,1
atitlan,2025-11-21,703650.0,1614150.0,0.20665103,10.255848,105,0
atitlan,2025-11-21,703950.0,1614150.0,0.31017548,18.66917,105,1
atitlan,2025-11-21,704250.0,1614150.0,0.29444656,17.297792,105,1
atitlan,2025-11-21,704550.0,1614150.0,0.2963229,17.301134,105,1
atitlan,2025-11-21,704850.0,1614150.0,0.24952638,11.922592,105,0
atitlan,2025-11-21,705150.0,1614150.0,0.18586761,7.962207,105,0
atitlan,2025-11-21,705450.0,1614150.0,0.20738402,9.07161,105,0
atitlan,2025-11-21,705750.0,1614150.0,0.17373624,7.674844,105,0
atitlan,2025-11-21,706050.0,1614150.0,0.20294237,9.236564,105,0
atitlan,2025-11-21,706350.0,1614150.0,0.17703907,7.843835,105,0
atitlan,2025-11-21,706650.0,1614150.0,0.13193813,6.5896397,105,0
atitlan,2025-11-21,706950.0,1614150.0,0.11742933,6.5634723,105,0
atitlan,2025-11-21,707250.0,1614150.0,0.3181701,19.92022,105,1
atitlan,2025-11-21,707550.0,1614150.0,0.31940258,20.044657,105,1
atitlan,2025-11-21,707850.0,1614150.0,0.2900587,15.855665,21,1
atitlan,2025-11-21,680250.0,1614450.0,0.14441298,7.506214,180,0
atitlan,2025-11-21,680550.0,1614450.0,0.24110743,12.149195,225,1
atitlan,2025-11-21,680850.0,1614450.0,0.13071258,7.980353,225,0
atitlan,2025-11-21,681150.0,1614450.0,0.19642511,13.930275,225,1
atitlan,2025-11-21,681450.0,1614450.0,0.34760126,25.658562,225,1
atitlan,2025-11-21,681750.0,1614450.0,0.24937402,13.473146,225,1
atitlan,2025-11-21,682050.0,1614450.0,0.2971427,17.09069,225,1
atitlan,2025-11-21,682350.0,1614450.0,0.29046154,16.390924,225,1
atitlan,2025-11-21,682650.0,1614450.0,0.25124916,14.328801,225,1
atitlan,2025-11-21,682950.0,1614450.0,0.25469095,12.162504,225,1
atitlan,2025-11-21,683250.0,1614450.0,0.27483395,14.267219,225,1
atitlan,2025-11-21,683550.0,1614450.0,0.12502602,6.6483536,225,0
atitlan,2025-11-21,683850.0,1614450.0,0.07283473,5.2330103,225,0
atitlan,2025-11-21,684150.0,1614450.0,0.010728055,4.178782,225,0
atitlan,2025-11-21,684450.0,1614450.0,0.0015558044,4.028668,225,0
atitlan,2025-11-21,684750.0,1614450.0,0.009660639,4.0079875,225,0
atitlan,2025-11-21,685050.0,1614450.0,0.016373549,4.2536216,225,0
atitlan,2025-11-21,685350.0,1614450.0,0.007217554,4.1754026,225,0
atitlan,2025-11-21,685650.0,1614450.0,0.06010647,5.755225,225,0
atitlan,2025-11-21,685950.0,1614450.0,0.045252178,5.0600257,225,0
atitlan,2025-11-21,686250.0,1614450.0,0.021491684,4.2759094,225,0
atitlan,2025-11-21,686550.0,1614450.0,0.06392607,4.789334,225,0
atitlan,2025-11-21,686850.0,1614450.0,0.15639764,7.8483777,225,0
atitlan,2025-11-21,687150.0,1614450.0,0.24776196,13.368304,225,1
atitlan,2025-11-21,687450.0,1614450.0,0.26754844,13.304366,225,1
atitlan,2025-11-21,687750.0,1614450.0,0.20947501,10.5782995,225,0
atitlan,2025-11-21,688050.0,1614450.0,0.040655013,4.5583425,225,0
atitlan,2025-11-21,688350.0,1614450.0,0.008789471,4.080705,225,0
atitlan,2025-11-21,688650.0,1614450.0,0.01813803,4.2567916,225,0
atitlan,2025-11-21,688950.0,1614450.0,0.011285273,4.198498,225,0
atitlan,2025-11-21,689250.0,1614450.0,0.026520966,4.3763385,225,0
atitlan,2025-11-21,689550.0,1614450.0,0.116526,6.276689,225,0
atitlan,2025-11-21,689850.0,1614450.0,0.038978446,4.451901,225,0
atitlan,2025-11-21,690150.0,1614450.0,0.11106083,6.731197,225,0
atitlan,2025-11-21,690450.0,1614450.0,0.18649285,11.091162,225,0
atitlan,2025-11-21,690750.0,1614450.0,0.15172209,8.310048,225,0
atitlan,2025-11-21,691050.0,1614450.0,0.14058843,7.197819,225,0
atitlan,2025-11-21,691350.0,1614450.0,0.050524894,4.769536,225,0
atitlan,2025-11-21,691650.0,1614450.0,0.040499035,4.6644645,225,0
atitlan,2025-11-21,691950.0,1614450.0,0.13605767,6.6110635,225,0
atitlan,2025-11-21,692250.0,1614450.0,0.25446355,12.905982,225,1
atitlan,2025-11-21,692550.0,1614450.0,0.28264573,15.739075,225,1
atitlan,2025-11-21,692850.0,1614450.0,0.26887754,14.917265,225,1
atitlan,2025-11-21,693150.0,1614450.0,0.29996783,16.849615,225,1
atitlan,2025-11-21,693450.0,1614450.0,0.30547363,17.733988,225,1
atitlan,2025-11-21,693750.0,1614450.0,0.27249384,13.849399,225,1
atitlan,2025-11-21,694050.0,1614450.0,0.25087515,11.463575,225,0
atitlan,2025-11-21,694350.0,1614450.0,0.24960737,11.14581,225,0
atitlan,2025-11-21,694650.0,1614450.0,0.25511086,11.727085,225,0
atitlan,2025-11-21,694950.0,1614450.0,0.2678713,12.939028,225,1
atitlan,2025-11-21,695250.0,1614450.0,0.25641966,11.785666,225,0
atitlan,2025-11-21,695550.0,1614450.0,0.25810993,12.068333,225,1
atitlan,2025-11-21,695850.0,1614450.0,0.27633077,14.064811,225,1
atitlan,2025-11-21,696150.0,1614450.0,0.30419597,17.73619,225,1
atitlan,2025-11-21,696450.0,1614450.0,0.29714015,17.13818,225,1
atitlan,2025-11-21,696750.0,1614450.0,0.33735508,24.308867,225,1
atitlan,2025-11-21,697050.0,1614450.0,0.32742018,21.913038,225,1
atitlan,2025-11-21,697350.0,1614450.0,0.29619542,19.009798,225,1
atitlan,2025-11-21,697650.0,1614450.0,0.32229176,21.591093,225,1
atitlan,2025-11-21,697950.0,1614450.0,0.30168685,18.25246,225,1
atitlan,2025-11-21,698250.0,1614450.0,0.27403775,14.866642,225,1
atitlan,2025-11-21,698550.0,1614450.0,0.2796877,15.052796,225,1
atitlan,2025-11-21,698850.0,1614450.0,0.2842007,15.538543,225,1
atitlan,2025-11-21,699150.0,1614450.0,0.2646158,13.498443,225,1
atitlan,2025-11-21,699450.0,1614450.0,0.28022376,15.238974,225,1
atitlan,2025-11-21,699750.0,1614450.0,0.25646362,14.7608595,225,1
atitlan,2025-11-21,700050.0,1614450.0,0.23801315,14.67687,225,1
atitlan,2025-11-21,700350.0,1614450.0,0.27258065,15.502058,225,1
atitlan,2025-11-21,700650.0,1614450.0,0.28476354,15.95507,225,1
atitlan,2025-11-21,700950.0,1614450.0,0.2448632,12.469495,225,1
atitlan,2025-11-21,701250.0,1614450.0,0.27128553,14.058439,225,1
atitlan,2025-11-21,701550.0,1614450.0,0.2997861,18.256659,225,1
atitlan,2025-11-21,701850.0,1614450.0,0.2346069,14.360499,225,1
atitlan,2025-11-21,702150.0,1614450.0,0.20540038,10.477544,225,0
atitlan,2025-11-21,702450.0,1614450.0,0.2973254,18.42481,225,1
atitlan,2025-11-21,702750.0,1614450.0,0.31360993,19.18897,225,1
atitlan,2025-11-21,703050.0,1614450.0,0.3205227,20.037502,225,1
atitlan,2025-11-21,703350.0,1614450.0,0.30757836,17.765263,225,1
atitlan,2025-11-21,703650.0,1614450.0,0.27076566,15.874997,225,1
atitlan,2025-11-21,703950.0,1614450.0,0.23732659,12.60253,225,1
atitlan,2025-11-21,704250.0,1614450.0,0.3045019,17.744957,225,1
atitlan,2025-11-21,704550.0,1614450.0,0.3079731,19.041561,225,1
atitlan,2025-11-21,704850.0,1614450.0,0.18946375,9.523406,225,0
atitlan,2025-11-21,705150.0,1614450.0,0.20716907,10.124041,225,0
atitlan,2025-11-21,705450.0,1614450.0,0.2720558,14.371605,225,1
atitlan,2025-11-21,705750.0,1614450.0,0.3067605,18.27786,225,1
atitlan,2025-11-21,706050.0,1614450.0,0.30608737,18.45562,225,1
atitlan,2025-11-21,706350.0,1614450.0,0.19788878,10.69379,225,0
atitlan,2025-11-21,706650.0,1614450.0,0.100150384,5.8873887,225,0
atitlan,2025-11-21,706950.0,1614450.0,0.07753768,5.5269923,225,0
atitlan,2025-11-21,707250.0,1614450.0,0.27299422,15.842346,225,1
atitlan,2025-11-21,707550.0,1614450.0,0.32067296,19.950726,225,1
atitlan,2025-11-21,707850.0,1614450.0,0.27922654,16.280323,45,1
atitlan,2025-11-21,680250.0,1614750.0,0.15442242,7.477685,180,0
atitlan,2025-11-21,680550.0,1614750.0,0.03694627,4.714642,225,0
atitlan,2025-11-21,680850.0,1614750.0,0.13143882,9.003247,225,0
atitlan,2025-11-21,681150.0,1614750.0,0.24429208,13.167777,225,1
atitlan,2025-11-21,681450.0,1614750.0,0.2575593,16.12163,225,1
atitlan,2025-11-21,681750.0,1614750.0,0.049977,4.8807635,225,0
atitlan,2025-11-21,682050.0,1614750.0,0.12188621,8.359699,225,0
atitlan,2025-11-21,682350.0,1614750.0,0.15398529,7.83945,225,0
atitlan,2025-11-21,682650.0,1614750.0,0.2305669,11.674363,225,0
atitlan,2025-11-21,682950.0,1614750.0,0.12963347,7.157566,225,0
atitlan,2025-11-21,683250.0,1614750.0,0.25926772,13.832836,225,1
atitlan,2025-11-21,683550.0,1614750.0,0.17380819,9.196877,225,0
atitlan,2025-11-21,683850.0,1614750.0,0.03941054,4.558715,225,0
atitlan,2025-11-21,684150.0,1614750.0,0.009905898,4.1162705,225,0
atitlan,2025-11-21,684450.0,1614750.0,0.011850593,4.2281437,225,0
atitlan,2025-11-21,684750.0,1614750.0,0.009460019,4.186892,225,0
atitlan,2025-11-21,685050.0,1614750.0,0.009954712,4.212242,225,0
atitlan,2025-11-21,685350.0,1614750.0,0.0056675025,4.1315145,225,0
atitlan,2025-11-21,685650.0,1614750.0,0.011157453,4.1463966,225,0
atitlan,2025-11-21,685950.0,1614750.0,0.04593182,4.899325,225,0
atitlan,2025-11-21,686250.0,1614750.0,0.023275495,4.2753506,225,0
atitlan,2025-11-21,686550.0,1614750.0,0.026720598,4.3005743,225,0
atitlan,2025-11-21,686850.0,1614750.0,0.08898758,6.3555527,225,0
atitlan,2025-11-21,687150.0,1614750.0,0.28481546,16.21899,225,1
atitlan,2025-11-21,687450.0,1614750.0,0.26916513,14.018751,225,1
atitlan,2025-11-21,687750.0,1614750.0,0.109498665,5.87869,225,0
atitlan,2025-11-21,688050.0,1614750.0,0.043783933,4.5373216,225,0
atitlan,2025-11-21,688350.0,1614750.0,0.013064197,4.1508064,225,0
atitlan,2025-11-21,688650.0,1614750.0,0.014310254,4.1390524,225,0
atitlan,2025-11-21,688950.0,1614750.0,0.0242818,4.3197637,225,0
atitlan,2025-11-21,689250.0,1614750.0,0.023646705,4.276978,225,0
atitlan,2025-11-21,689550.0,1614750.0,0.11297971,7.08467,225,0
atitlan,2025-11-21,689850.0,1614750.0,0.041648615,4.6991673,225,0
atitlan,2025-11-21,690150.0,1614750.0,0.08127982,5.5563855,225,0
atitlan,2025-11-21,690450.0,1614750.0,0.075867906,5.4304748,225,0
atitlan,2025-11-21,690750.0,1614750.0,0.20947737,11.244462,225,0
atitlan,2025-11-21,691050.0,1614750.0,0.25467488,13.50123,225,1
atitlan,2025-11-21,691350.0,1614750.0,0.11551506,6.357056,225,0
atitlan,2025-11-21,691650.0,1614750.0,0.13124335,6.909209,225,0
atitlan,2025-11-21,691950.0,1614750.0,0.22356254,11.085755,225,0
atitlan,2025-11-21,692250.0,1614750.0,0.19092268,9.778031,225,0
atitlan,2025-11-21,692550.0,1614750.0,0.22882363,12.230146,225,1
atitlan,2025-11-21,692850.0,1614750.0,0.28588253,15.28572,225,1
atitlan,2025-11-21,693150.0,1614750.0,0.2862832,14.997496,225,1
atitlan,2025-11-21,693450.0,1614750.0,0.29180053,15.829742,225,1
atitlan,2025-11-21,693750.0,1614750.0,0.2856991,15.65319,225,1
atitlan,2025-11-21,694050.0,1614750.0,0.2677667,13.219021,225,1
atitlan,2025-11-21,694350.0,1614750.0,0.25650668,11.9251375,225,0
atitlan,2025-11-21,694650.0,1614750.0,0.2605907,12.203228,225,1
atitlan,2025-11-21,694950.0,1614750.0,0.26497242,12.676642,225,1
atitlan,2025-11-21,695250.0,1614750.0,0.2682477,13.194956,225,1
atitlan,2025-11-21,695550.0,1614750.0,0.2630175,12.411915,225,1
atitlan,2025-11-21,695850.0,1614750.0,0.2781612,14.446666,225,1
atitlan,2025-11-21,696150.0,1614750.0,0.3079251,18.312096,225,1
atitlan,2025-11-21,696450.0,1614750.0,0.31534624,19.126577,225,1
atitlan,2025-11-21,696750.0,1614750.0,0.3225994,20.594095,225,1
atitlan,2025-11-21,697050.0,1614750.0,0.32223746,21.04556,225,1
atitlan,2025-11-21,697350.0,1614750.0,0.30479357,19.194338,225,1
atitlan,2025-11-21,697650.0,1614750.0,0.31250513,20.275043,225,1
atitlan,2025-11-21,697950.0,1614750.0,0.30203897,18.100718,225,1
atitlan,2025-11-21,698250.0,1614750.0,0.3047977,18.165277,225,1
atitlan,2025-11-21,698550.0,1614750.0,0.28478625,15.600788,225,1
atitlan,2025-11-21,698850.0,1614750.0,0.268216,14.432804,225,1
atitlan,2025-11-21,699150.0,1614750.0,0.26173717,13.627031,225,1
atitlan,2025-11-21,699450.0,1614750.0,0.27788875,14.695459,225,1
atitlan,2025-11-21,699750.0,1614750.0,0.2702538,13.479271,225,1
atitlan,2025-11-21,700050.0,1614750.0,0.29029876,15.930034,225,1
atitlan,2025-11-21,700350.0,1614750.0,0.29178417,16.170734,225,1
atitlan,2025-11-21,700650.0,1614750.0,0.29535562,16.336863,225,1
atitlan,2025-11-21,700950.0,1614750.0,0.2694978,14.944871,225,1
atitlan,2025-11-21,701250.0,1614750.0,0.2919351,18.663754,225,1
atitlan,2025-11-21,701550.0,1614750.0,0.14309622,8.269216,225,0
atitlan,2025-11-21,701850.0,1614750.0,0.11032824,8.032222,225,0
atitlan,2025-11-21,702150.0,1614750.0,0.25143412,14.952042,225,1
atitlan,2025-11-21,702450.0,1614750.0,0.3169272,20.010242,225,1
atitlan,2025-11-21,702750.0,1614750.0,0.32103616,20.45797,225,1
atitlan,2025-11-21,703050.0,1614750.0,0.3166229,19.166883,225,1
atitlan,2025-11-21,703350.0,1614750.0,0.30153543,17.258621,225,1
atitlan,2025-11-21,703650.0,1614750.0,0.29222262,17.341658,225,1
atitlan,2025-11-21,703950.0,1614750.0,0.22379762,12.046594,225,1
atitlan,2025-11-21,704250.0,1614750.0,0.3139796,18.935406,225,1
atitlan,2025-11-21,704550.0,1614750.0,0.32148463,20.768852,225,1
atitlan,2025-11-21,704850.0,1614750.0,0.27498037,15.103736,225,1
atitlan,2025-11-21,705150.0,1614750.0,0.2826207,16.236486,225,1
atitlan,2025-11-21,705450.0,1614750.0,0.24028087,11.71556,225,0
atitlan,2025-11-21,705750.0,1614750.0,0.2422522,13.749619,225,1
atitlan,2025-11-21,706050.0,1614750.0,0.22743107,12.918332,225,1
atitlan,2025-11-21,706350.0,1614750.0,0.24719766,14.001971,225,1
atitlan,2025-11-21,706650.0,1614750.0,0.16349179,8.190623,225,0
atitlan,2025-11-21,706950.0,1614750.0,0.17443714,8.787516,225,0
atitlan,2025-11-21,707250.0,1614750.0,0.28359255,17.791006,225,1
atitlan,2025-11-21,707550.0,1614750.0,0.3330409,22.205145,225,1
atitlan,2025-11-21,707850.0,1614750.0,0.2701446,17.888504,45,1
atitlan,2025-11-21,680250.0,1615050.0,0.19735433,9.6413555,180,0
atitlan,2025-11-21,680550.0,1615050.0,0.051788907,4.9226613,225,0
atitlan,2025-11-21,680850.0,1615050.0,0.099433735,6.9666104,225,0
atitlan,2025-11-21,681150.0,1615050.0,0.0958684,6.4765215,225,0
atitlan,2025-11-21,681450.0,1615050.0,0.08080977,5.853974,225,0
atitlan,2025-11-21,681750.0,1615050.0,0.02402788,4.340803,225,0
atitlan,2025-11-21,682050.0,1615050.0,0.0059822486,4.0995703,225,0
atitlan,2025-11-21,682350.0,1615050.0,0.016800197,4.3154793,225,0
atitlan,2025-11-21,682650.0,1615050.0,0.0068843984,4.1014752,225,0
atitlan,2025-11-21,682950.0,1615050.0,0.009790787,4.1753035,225,0
atitlan,2025-11-21,683250.0,1615050.0,0.116125576,7.72485,225,0
atitlan,2025-11-21,683550.0,1615050.0,0.2067482,10.842702,225,0
atitlan,2025-11-21,683850.0,1615050.0,0.09396241,5.51623,225,0
atitlan,2025-11-21,684150.0,1615050.0,0.030745087,4.501625,225,0
atitlan,2025-11-21,684450.0,1615050.0,0.011700902,4.234583,225,0
atitlan,2025-11-21,684750.0,1615050.0,0.00833883,4.1698484,225,0
atitlan,2025-11-21,685050.0,1615050.0,0.004468352,4.096461,225,0
atitlan,2025-11-21,685350.0,1615050.0,0.010306683,4.1995463,225,0
atitlan,2025-11-21,685650.0,1615050.0,0.029863385,4.3455276,225,0
atitlan,2025-11-21,685950.0,1615050.0,0.033046357,4.382943,225,0
atitlan,2025-11-21,686250.0,1615050.0,0.02235339,4.3994274,225,0
atitlan,2025-11-21,686550.0,1615050.0,0.011616569,4.2133064,225,0
atitlan,2025-11-21,686850.0,1615050.0,0.080493264,5.533852,225,0
atitlan,2025-11-21,687150.0,1615050.0,0.28649417,15.650932,225,1
atitlan,2025-11-21,687450.0,1615050.0,0.26333845,13.63272,225,1
atitlan,2025-11-21,687750.0,1615050.0,0.14650577,8.569525,225,0
atitlan,2025-11-21,688050.0,1615050.0,0.069104075,4.798485,225,0
atitlan,2025-11-21,688350.0,1615050.0,0.08199143,5.3170915,225,0
atitlan,2025-11-21,688650.0,1615050.0,0.030193483,4.484345,225,0
atitlan,2025-11-21,688950.0,1615050.0,0.06341188,4.7968946,225,0
atitlan,2025-11-21,689250.0,1615050.0,0.07422821,5.1292377,225,0
atitlan,2025-11-21,689550.0,1615050.0,0.09651548,5.312018,225,0
atitlan,2025-11-21,689850.0,1615050.0,0.15358953,7.5211406,225,0
atitlan,2025-11-21,690150.0,1615050.0,0.13140686,6.797797,225,0
atitlan,2025-11-21,690450.0,1615050.0,0.15399718,6.9570436,225,0
atitlan,2025-11-21,690750.0,1615050.0,0.26737246,15.398019,225,1
atitlan,2025-11-21,691050.0,1615050.0,0.27953655,17.127855,225,1
atitlan,2025-11-21,691350.0,1615050.0,0.19418406,9.623458,225,0
atitlan,2025-11-21,691650.0,1615050.0,0.12995651,7.0535216,225,0
atitlan,2025-11-21,691950.0,1615050.0,0.17753083,9.134233,225,0
atitlan,2025-11-21,692250.0,1615050.0,0.16651237,8.12063,225,0
atitlan,2025-11-21,692550.0,1615050.0,0.26125744,13.707462,225,1
atitlan,2025-11-21,692850.0,1615050.0,0.28517678,15.122208,225,1
atitlan,2025-11-21,693150.0,1615050.0,0.281327,14.64423,225,1
atitlan,2025-11-21,693450.0,1615050.0,0.3074415,17.983828,225,1
atitlan,2025-11-21,693750.0,1615050.0,0.30424896,17.344715,225,1
atitlan,2025-11-21,694050.0,1615050.0,0.28655472,15.010266,225,1
atitlan,2025-11-21,694350.0,1615050.0,0.27741244,14.301658,225,1
atitlan,2025-11-21,694650.0,1615050.0,0.29709595,18.342936,225,1
atitlan,2025-11-21,694950.0,1615050.0,0.30702323,19.026808,225,1
atitlan,2025-11-21,695250.0,1615050.0,0.31892836,20.842686,225,1
atitlan,2025-11-21,695550.0,1615050.0,0.29784352,17.783127,225,1
atitlan,2025-11-21,695850.0,1615050.0,0.28710794,15.474285,225,1
atitlan,2025-11-21,696150.0,1615050.0,0.3201335,20.297867,225,1
atitlan,2025-11-21,696450.0,1615050.0,0.32094377,20.07951,225,1
atitlan,2025-11-21,696750.0,1615050.0,0.32385936,20.55303,225,1
atitlan,2025-11-21,697050.0,1615050.0,0.33280754,22.22767,225,1
atitlan,2025-11-21,697350.0,1615050.0,0.33173755,22.416718,225,1
atitlan,2025-11-21,697650.0,1615050.0,0.30635214,19.428112,225,1
atitlan,2025-11-21,697950.0,1615050.0,0.29612195,16.752705,225,1
atitlan,2025-11-21,698250.0,1615050.0,0.30004275,17.625694,225,1
atitlan,2025-11-21,698550.0,1615050.0,0.29665828,17.141077,225,1
atitlan,2025-11-21,698850.0,1615050.0,0.2854739,15.7842655,225,1
atitlan,2025-11-21,699150.0,1615050.0,0.27468446,14.4572115,225,1
atitlan,2025-11-21,699450.0,1615050.0,0.27177137,13.967224,225,1
atitlan,2025-11-21,699750.0,1615050.0,0.2731715,13.870402,225,1
atitlan,2025-11-21,700050.0,1615050.0,0.26174623,13.011566,225,1
atitlan,2025-11-21,700350.0,1615050.0,0.28901002,15.382884,225,1
atitlan,2025-11-21,700650.0,1615050.0,0.23916022,13.632791,225,1
atitlan,2025-11-21,700950.0,1615050.0,0.25320888,14.509744,225,1
atitlan,2025-11-21,701250.0,1615050.0,0.25953564,15.347921,225,1
atitlan,2025-11-21,701550.0,1615050.0,0.27627692,15.160301,225,1
atitlan,2025-11-21,701850.0,1615050.0,0.31941518,19.744658,225,1
atitlan,2025-11-21,702150.0,1615050.0,0.3211812,20.172981,225,1
atitlan,2025-11-21,702450.0,1615050.0,0.3104455,18.849972,225,1
atitlan,2025-11-21,702750.0,1615050.0,0.26248378,13.30293,225,1
atitlan,2025-11-21,703050.0,1615050.0,0.20408523,9.050205,225,0
atitlan,2025-11-21,703350.0,1615050.0,0.21530531,10.919468,225,0
atitlan,2025-11-21,703650.0,1615050.0,0.28477824,15.804821,225,1
atitlan,2025-11-21,703950.0,1615050.0,0.26563063,15.278139,225,1
atitlan,2025-11-21,704250.0,1615050.0,0.32676995,21.862104,225,1
atitlan,2025-11-21,704550.0,1615050.0,0.318986,20.589727,225,1
atitlan,2025-11-21,704850.0,1615050.0,0.28519708,16.357965,225,1
atitlan,2025-11-21,705150.0,1615050.0,0.30350366,19.54584,225,1
atitlan,2025-11-21,705450.0,1615050.0,0.23551767,11.556009,225,0
atitlan,2025-11-21,705750.0,1615050.0,0.21664797,9.762466,225,0
atitlan,2025-11-21,706050.0,1615050.0,0.15035984,7.1210284,225,0
atitlan,2025-11-21,706350.0,1615050.0,0.17319313,7.185749,225,0
atitlan,2025-11-21,706650.0,1615050.0,0.17010662,8.008305,225,0
atitlan,2025-11-21,706950.0,1615050.0,0.053887364,4.893626,225,0
atitlan,2025-11-21,707250.0,1615050.0,0.15645343,9.513446,225,0
atitlan,2025-11-21,707550.0,1615050.0,0.15631501,8.772782,225,0
atitlan,2025-11-21,707850.0,1615050.0,0.13285887,6.67494,45,0
atitlan,2025-11-21,680250.0,1615350.0,0.033731177,4.483198,180,0
atitlan,2025-11-21,680550.0,1615350.0,0.07779478,5.417,225,0
atitlan,2025-11-21,680850.0,1615350.0,0.12257114,6.6424084,225,0
atitlan,2025-11-21,681150.0,1615350.0,0.039240398,4.5222387,225,0
atitlan,2025-11-21,681450.0,1615350.0,0.028963177,4.3655443,225,0
atitlan,2025-11-21,681750.0,1615350.0,0.012807256,4.237469,225,0
atitlan,2025-11-21,682050.0,1615350.0,0.008461019,4.2029305,225,0
atitlan,2025-11-21,682350.0,1615350.0,-0.0025373744,3.9542327,225,0
atitlan,2025-11-21,682650.0,1615350.0,0.0053094435,4.038168,225,0
atitlan,2025-11-21,682950.0,1615350.0,0.0032426885,4.034398,225,0
atitlan,2025-11-21,683250.0,1615350.0,0.00103233,3.946651,225,0
atitlan,2025-11-21,683550.0,1615350.0,0.17767985,8.368186,225,0
atitlan,2025-11-21,683850.0,1615350.0,0.117686324,5.996578,225,0
atitlan,2025-11-21,684150.0,1615350.0,0.06385787,4.8717074,225,0
atitlan,2025-11-21,684450.0,1615350.0,0.04416506,4.6851554,225,0
atitlan,2025-11-21,684750.0,1615350.0,0.016200675,4.2523413,225,0
atitlan,2025-11-21,685050.0,1615350.0,0.017334528,4.253061,225,0
atitlan,2025-11-21,685350.0,1615350.0,0.007822421,4.161001,225,0
atitlan,2025-11-21,685650.0,1615350.0,0.010182913,4.23998,225,0
atitlan,2025-11-21,685950.0,1615350.0,0.03562351,4.5011725,225,0
atitlan,2025-11-21,686250.0,1615350.0,0.02322843,4.28541,225,0
atitlan,2025-11-21,686550.0,1615350.0,0.016253807,4.303106,225,0
atitlan,2025-11-21,686850.0,1615350.0,0.09801536,6.3903666,225,0
atitlan,2025-11-21,687150.0,1615350.0,0.29177237,15.921573,225,1
atitlan,2025-11-21,687450.0,1615350.0,0.2924063,16.011414,225,1
atitlan,2025-11-21,687750.0,1615350.0,0.26299158,14.767782,225,1
atitlan,2025-11-21,688050.0,1615350.0,0.14472705,8.575488,225,0
atitlan,2025-11-21,688350.0,1615350.0,0.1699772,9.399295,225,0
atitlan,2025-11-21,688650.0,1615350.0,0.10740136,6.032458,225,0
atitlan,2025-11-21,688950.0,1615350.0,0.16729367,9.2197075,225,0
atitlan,2025-11-21,689250.0,1615350.0,0.20885944,11.039529,225,0
atitlan,2025-11-21,689550.0,1615350.0,0.25760695,13.186321,225,1
atitlan,2025-11-21,689850.0,1615350.0,0.28824732,15.609507,225,1
atitlan,2025-11-21,690150.0,1615350.0,0.28117746,15.125104,225,1
atitlan,2025-11-21,690450.0,1615350.0,0.2876733,16.586033,225,1
atitlan,2025-11-21,690750.0,1615350.0,0.28944242,17.780289,225,1
atitlan,2025-11-21,691050.0,1615350.0,0.30131254,17.762903,225,1
atitlan,2025-11-21,691350.0,1615350.0,0.27748165,15.105343,225,1
atitlan,2025-11-21,691650.0,1615350.0,0.19552226,9.155847,225,0
atitlan,2025-11-21,691950.0,1615350.0,0.20209393,9.463413,225,0
atitlan,2025-11-21,692250.0,1615350.0,0.20284623,10.129691,225,0
atitlan,2025-11-21,692550.0,1615350.0,0.2788317,14.816107,225,1
atitlan,2025-11-21,692850.0,1615350.0,0.28550687,15.242744,225,1
atitlan,2025-11-21,693150.0,1615350.0,0.29562947,16.515331,225,1
atitlan,2025-11-21,693450.0,1615350.0,0.31208637,18.64987,225,1
atitlan,2025-11-21,693750.0,1615350.0,0.31086725,18.79261,225,1
atitlan,2025-11-21,694050.0,1615350.0,0.3181984,20.593678,225,1
atitlan,2025-11-21,694350.0,1615350.0,0.3415139,24.529642,225,1
atitlan,2025-11-21,694650.0,1615350.0,0.3961221,37.683273,225,1
atitlan,2025-11-21,694950.0,1615350.0,0.39498207,36.802628,225,1
atitlan,2025-11-21,695250.0,1615350.0,0.41728067,42.425903,225,1
atitlan,2025-11-21,695550.0,1615350.0,0.37577042,31.93996,225,1
atitlan,2025-11-21,695850.0,1615350.0,0.35021186,26.091908,225,1
atitlan,2025-11-21,696150.0,1615350.0,0.31362736,20.079884,225,1
atitlan,2025-11-21,696450.0,1615350.0,0.27585143,18.03505,225,1
atitlan,2025-11-21,696750.0,1615350.0,0.28669122,17.507942,225,1
atitlan,2025-11-21,697050.0,1615350.0,0.30722636,19.354223,225,1
atitlan,2025-11-21,697350.0,1615350.0,0.3139734,19.483402,225,1
atitlan,2025-11-21,697650.0,1615350.0,0.32313558,22.141098,225,1
atitlan,2025-11-21,697950.0,1615350.0,0.3152811,19.595612,225,1
atitlan,2025-11-21,698250.0,1615350.0,0.32512164,21.744911,225,1
atitlan,2025-11-21,698550.0,1615350.0,0.29599106,16.881996,225,1
atitlan,2025-11-21,698850.0,1615350.0,0.2933787,16.810888,225,1
atitlan,2025-11-21,699150.0,1615350.0,0.2789108,15.088962,225,1
atitlan,2025-11-21,699450.0,1615350.0,0.27949578,15.036769,225,1
atitlan,2025-11-21,699750.0,1615350.0,0.267136,13.934084,225,1
atitlan,2025-11-21,700050.0,1615350.0,0.27067456,13.850532,225,1
atitlan,2025-11-21,700350.0,1615350.0,0.2811096,15.562492,225,1
atitlan,2025-11-21,700650.0,1615350.0,0.1919139,12.476333,225,1
atitlan,2025-11-21,700950.0,1615350.0,0.16265091,10.092077,225,0
atitlan,2025-11-21,701250.0,1615350.0,0.23467895,12.556849,225,1
atitlan,2025-11-21,701550.0,1615350.0,0.30280998,18.684845,225,1
atitlan,2025-11-21,701850.0,1615350.0,0.31753734,19.450453,225,1
atitlan,2025-11-21,702150.0,1615350.0,0.30359998,17.712812,225,1
atitlan,2025-11-21,702450.0,1615350.0,0.22203444,11.496046,225,0
atitlan,2025-11-21,702750.0,1615350.0,0.22831987,11.412505,225,0
atitlan,2025-11-21,703050.0,1615350.0,0.3062837,18.592789,225,1
atitlan,2025-11-21,703350.0,1615350.0,0.2921832,16.565275,225,1
atitlan,2025-11-21,703650.0,1615350.0,0.28210026,16.044209,225,1
atitlan,2025-11-21,703950.0,1615350.0,0.32215494,20.14986,225,1
atitlan,2025-11-21,704250.0,1615350.0,0.31029856,19.28986,225,1
atitlan,2025-11-21,704550.0,1615350.0,0.3127696,19.446646,225,1
atitlan,2025-11-21,704850.0,1615350.0,0.31942093,21.280872,225,1
atitlan,2025-11-21,705150.0,1615350.0,0.31160852,19.922884,225,1
atitlan,2025-11-21,705450.0,1615350.0,0.30729803,19.522665,225,1
atitlan,2025-11-21,705750.0,1615350.0,0.21859372,9.930445,225,0
atitlan,2025-11-21,706050.0,1615350.0,0.26114714,13.860779,225,1
atitlan,2025-11-21,706350.0,1615350.0,0.17257433,7.449062,225,0
atitlan,2025-11-21,706650.0,1615350.0,0.22504064,11.070297,225,0
atitlan,2025-11-21,706950.0,1615350.0,0.15492518,7.4262657,225,0
atitlan,2025-11-21,707250.0,1615350.0,0.09163681,5.346998,225,0
atitlan,2025-11-21,707550.0,1615350.0,0.08716546,5.555124,225,0
atitlan,2025-11-21,707850.0,1615350.0,0.15784693,9.00817,45,0
atitlan,2025-11-21,680250.0,1615650.0,0.039216943,4.5388346,180,0
atitlan,2025-11-21,680550.0,1615650.0,0.008023913,4.1291437,225,0
atitlan,2025-11-21,680850.0,1615650.0,0.096673556,6.957073,225,0
atitlan,2025-11-21,681150.0,1615650.0,0.037922442,4.5218477,225,0
atitlan,2025-11-21,681450.0,1615650.0,0.022031482,4.2867684,225,0
atitlan,2025-11-21,681750.0,1615650.0,0.015121501,4.258186,225,0
atitlan,2025-11-21,682050.0,1615650.0,0.010400788,4.2130213,225,0
atitlan,2025-11-21,682350.0,1615650.0,0.00580173,4.156569,225,0
atitlan,2025-11-21,682650.0,1615650.0,0.001252362,4.0540805,225,0
atitlan,2025-11-21,682950.0,1615650.0,0.0108489385,4.2203374,225,0
atitlan,2025-11-21,683250.0,1615650.0,0.00070537353,3.9987597,225,0
atitlan,2025-11-21,683550.0,1615650.0,0.18356177,9.309407,225,0
atitlan,2025-11-21,683850.0,1615650.0,0.042235892,4.5062337,225,0
atitlan,2025-11-21,684150.0,1615650.0,0.030396106,4.2449346,225,0
atitlan,2025-11-21,684450.0,1615650.0,0.029627176,4.460917,225,0
atitlan,2025-11-21,684750.0,1615650.0,0.018625025,4.141359,225,0
atitlan,2025-11-21,685050.0,1615650.0,0.022385485,4.2878737,225,0
atitlan,2025-11-21,685350.0,1615650.0,0.015893219,4.2569246,225,0
atitlan,2025-11-21,685650.0,1615650.0,0.017180447,4.276422,225,0
atitlan,2025-11-21,685950.0,1615650.0,0.024916342,4.328176,225,0
atitlan,2025-11-21,686250.0,1615650.0,0.012952022,4.231185,225,0
atitlan,2025-11-21,686550.0,1615650.0,0.013567515,4.2098575,225,0
atitlan,2025-11-21,686850.0,1615650.0,0.032564558,4.6346,225,0
atitlan,2025-11-21,687150.0,1615650.0,0.25371352,15.992051,225,1
atitlan,2025-11-21,687450.0,1615650.0,0.28678054,15.411227,225,1
atitlan,2025-11-21,687750.0,1615650.0,0.269991,15.908189,225,1
atitlan,2025-11-21,688050.0,1615650.0,0.16837966,9.113355,225,0
atitlan,2025-11-21,688350.0,1615650.0,0.2385025,12.611283,225,1
atitlan,2025-11-21,688650.0,1615650.0,0.2405776,13.571951,225,1
atitlan,2025-11-21,688950.0,1615650.0,0.28014714,17.390995,225,1
atitlan,2025-11-21,689250.0,1615650.0,0.27364397,16.58524,225,1
atitlan,2025-11-21,689550.0,1615650.0,0.2836355,16.595852,225,1
atitlan,2025-11-21,689850.0,1615650.0,0.28427464,15.621434,225,1
atitlan,2025-11-21,690150.0,1615650.0,0.29473484,16.764992,225,1
atitlan,2025-11-21,690450.0,1615650.0,0.2864154,16.277588,225,1
atitlan,2025-11-21,690750.0,1615650.0,0.26852304,14.348254,225,1
atitlan,2025-11-21,691050.0,1615650.0,0.30597055,18.464323,225,1
atitlan,2025-11-21,691350.0,1615650.0,0.30297562,17.97012,225,1
atitlan,2025-11-21,691650.0,1615650.0,0.2822253,14.886136,225,1
atitlan,2025-11-21,691950.0,1615650.0,0.27652037,14.5260725,225,1
atitlan,2025-11-21,692250.0,1615650.0,0.2546952,12.490181,225,1
atitlan,2025-11-21,692550.0,1615650.0,0.29460338,16.057379,225,1
atitlan,2025-11-21,692850.0,1615650.0,0.29828897,16.69834,225,1
atitlan,2025-11-21,693150.0,1615650.0,0.32023147,20.24502,225,1
atitlan,2025-11-21,693450.0,1615650.0,0.3369915,23.4739,225,1
atitlan,2025-11-21,693750.0,1615650.0,0.32638007,22.34443,225,1
atitlan,2025-11-21,694050.0,1615650.0,0.27980304,19.075521,225,1
atitlan,2025-11-21,694350.0,1615650.0,0.33788842,25.214703,225,1
atitlan,2025-11-21,694650.0,1615650.0,0.3910385,37.0032,225,1
atitlan,2025-11-21,694950.0,1615650.0,0.4061983,40.815308,225,1
atitlan,2025-11-21,695250.0,1615650.0,0.40993318,40.385162,225,1
atitlan,2025-11-21,695550.0,1615650.0,0.39295635,36.03688,225,1
atitlan,2025-11-21,695850.0,1615650.0,0.38267803,33.20598,225,1
atitlan,2025-11-21,696150.0,1615650.0,0.3765217,31.33545,225,1
atitlan,2025-11-21,696450.0,1615650.0,0.35596168,26.846716,225,1
atitlan,2025-11-21,696750.0,1615650.0,0.33518144,23.82493,225,1
atitlan,2025-11-21,697050.0,1615650.0,0.32114813,22.04003,225,1
atitlan,2025-11-21,697350.0,1615650.0,0.3031191,19.313375,225,1
atitlan,2025-11-21,697650.0,1615650.0,0.28552958,16.624998,225,1
atitlan,2025-11-21,697950.0,1615650.0,0.2740155,15.937558,225,1
atitlan,2025-11-21,698250.0,1615650.0,0.30071005,17.455694,225,1
atitlan,2025-11-21,698550.0,1615650.0,0.2868984,15.824778,225,1
atitlan,2025-11-21,698850.0,1615650.0,0.28295782,14.708179,225,1
atitlan,2025-11-21,699150.0,1615650.0,0.27002302,13.279904,225,1
atitlan,2025-11-21,699450.0,1615650.0,0.28079426,14.715405,225,1
atitlan,2025-11-21,699750.0,1615650.0,0.30613735,18.134296,225,1
atitlan,2025-11-21,700050.0,1615650.0,0.28720224,15.284666,225,1
atitlan,2025-11-21,700350.0,1615650.0,0.2760776,13.796094,225,1
atitlan,2025-11-21,700650.0,1615650.0,0.28069115,16.531847,225,1
atitlan,2025-11-21,700950.0,1615650.0,0.26483256,14.860612,225,1
atitlan,2025-11-21,701250.0,1615650.0,0.256414,13.777202,225,1
atitlan,2025-11-21,701550.0,1615650.0,0.24037592,12.212819,225,1
atitlan,2025-11-21,701850.0,1615650.0,0.29167575,16.448112,225,1
atitlan,2025-11-21,702150.0,1615650.0,0.3258042,20.811504,225,1
atitlan,2025-11-21,702450.0,1615650.0,0.26886937,15.149256,225,1
atitlan,2025-11-21,702750.0,1615650.0,0.29349533,16.713058,225,1
atitlan,2025-11-21,703050.0,1615650.0,0.2800225,16.10847,225,1
atitlan,2025-11-21,703350.0,1615650.0,0.32705924,22.012491,225,1
atitlan,2025-11-21,703650.0,1615650.0,0.23035017,12.203653,225,1
atitlan,2025-11-21,703950.0,1615650.0,0.3030777,17.318823,225,1
atitlan,2025-11-21,704250.0,1615650.0,0.3079683,19.179106,225,1
atitlan,2025-11-21,704550.0,1615650.0,0.341345,23.781008,225,1
atitlan,2025-11-21,704850.0,1615650.0,0.32481405,21.221292,225,1
atitlan,2025-11-21,705150.0,1615650.0,0.30586603,18.951488,225,1
atitlan,2025-11-21,705450.0,1615650.0,0.33657116,22.896534,225,1
atitlan,2025-11-21,705750.0,1615650.0,0.27467594,15.719175,225,1
atitlan,2025-11-21,706050.0,1615650.0,0.23603868,11.481805,225,0
atitlan,2025-11-21,706350.0,1615650.0,0.20806344,9.320992,225,0
atitlan,2025-11-21,706650.0,1615650.0,0.12403786,6.5156927,225,0
atitlan,2025-11-21,706950.0,1615650.0,0.06657546,5.065826,225,0
atitlan,2025-11-21,707250.0,1615650.0,0.13809878,7.831178,225,0
atitlan,2025-11-21,707550.0,1615650.0,0.1599117,8.019177,225,0
atitlan,2025-11-21,707850.0,1615650.0,0.2003612,8.517184,45,0
atitlan,2025-11-21,680250.0,1615950.0,0.005657742,4.0562763,180,0
atitlan,2025-11-21,680550.0,1615950.0,0.012210241,4.2429333,225,0
atitlan,2025-11-21,680850.0,1615950.0,0.0153246075,4.283203,225,0
atitlan,2025-11-21,681150.0,1615950.0,0.004595096,4.127924,225,0
atitlan,2025-11-21,681450.0,1615950.0,0.0061420496,4.141428,225,0
atitlan,2025-11-21,681750.0,1615950.0,0.021407437,4.5689316,225,0
atitlan,2025-11-21,682050.0,1615950.0,0.008480296,4.1717963,225,0
atitlan,2025-11-21,682350.0,1615950.0,0.007612979,4.1841435,225,0
atitlan,2025-11-21,682650.0,1615950.0,0.006070223,4.15264,225,0
atitlan,2025-11-21,682950.0,1615950.0,-0.002185154,3.9302354,225,0
atitlan,2025-11-21,683250.0,1615950.0,0.010122739,4.1313744,225,0
atitlan,2025-11-21,683550.0,1615950.0,0.16375531,9.176936,225,0
atitlan,2025-11-21,683850.0,1615950.0,0.08625155,5.5797267,225,0
atitlan,2025-11-21,684150.0,1615950.0,0.09597124,5.547177,225,0
atitlan,2025-11-21,684450.0,1615950.0,0.027980573,4.224175,225,0
atitlan,2025-11-21,684750.0,1615950.0,0.022209352,4.171689,225,0
atitlan,2025-11-21,685050.0,1615950.0,0.014206522,4.149517,225,0
atitlan,2025-11-21,685350.0,1615950.0,0.0068786787,4.0726423,225,0
atitlan,2025-11-21,685650.0,1615950.0,0.02096341,4.150961,225,0
atitlan,2025-11-21,685950.0,1615950.0,0.037224583,5.5349317,225,0
atitlan,2025-11-21,686250.0,1615950.0,0.0203043,4.187762,225,0
atitlan,2025-11-21,686550.0,1615950.0,0.0401872,4.533053,225,0
atitlan,2025-11-21,686850.0,1615950.0,0.06513267,5.2709727,225,0
atitlan,2025-11-21,687150.0,1615950.0,0.2326318,13.325633,225,1
atitlan,2025-11-21,687450.0,1615950.0,0.3197464,20.666325,225,1
atitlan,2025-11-21,687750.0,1615950.0,0.25990674,14.479648,225,1
atitlan,2025-11-21,688050.0,1615950.0,0.2249982,12.816705,225,1
atitlan,2025-11-21,688350.0,1615950.0,0.2772829,15.858624,225,1
atitlan,2025-11-21,688650.0,1615950.0,0.29606918,17.576529,225,1
atitlan,2025-11-21,688950.0,1615950.0,0.28604436,17.905388,225,1
atitlan,2025-11-21,689250.0,1615950.0,0.29016283,16.338793,225,1
atitlan,2025-11-21,689550.0,1615950.0,0.28616366,16.24844,225,1
atitlan,2025-11-21,689850.0,1615950.0,0.28974393,16.20887,225,1
atitlan,2025-11-21,690150.0,1615950.0,0.29255953,16.60237,225,1
atitlan,2025-11-21,690450.0,1615950.0,0.3122837,19.042336,225,1
atitlan,2025-11-21,690750.0,1615950.0,0.2876742,15.958507,225,1
atitlan,2025-11-21,691050.0,1615950.0,0.2826264,15.627967,225,1
atitlan,2025-11-21,691350.0,1615950.0,0.2730179,14.367094,225,1
atitlan,2025-11-21,691650.0,1615950.0,0.28614312,15.39556,225,1
atitlan,2025-11-21,691950.0,1615950.0,0.25771034,12.650982,225,1
atitlan,2025-11-21,692250.0,1615950.0,0.26447597,13.331831,225,1
atitlan,2025-11-21,692550.0,1615950.0,0.2785444,14.876419,225,1
atitlan,2025-11-21,692850.0,1615950.0,0.31145176,18.515635,225,1
atitlan,2025-11-21,693150.0,1615950.0,0.30339515,17.814236,225,1
atitlan,2025-11-21,693450.0,1615950.0,0.28534263,17.523003,225,1
atitlan,2025-11-21,693750.0,1615950.0,0.17199874,11.761218,225,0
atitlan,2025-11-21,694050.0,1615950.0,0.13236025,9.266483,225,0
atitlan,2025-11-21,694350.0,1615950.0,0.21504319,14.657249,225,1
atitlan,2025-11-21,694650.0,1615950.0,0.3321926,24.227995,225,1
atitlan,2025-11-21,694950.0,1615950.0,0.39445516,36.378048,225,1
atitlan,2025-11-21,695250.0,1615950.0,0.43606153,48.319653,225,1
atitlan,2025-11-21,695550.0,1615950.0,0.4099918,40.235245,225,1
atitlan,2025-11-21,695850.0,1615950.0,0.3933784,35.755005,225,1
atitlan,2025-11-21,696150.0,1615950.0,0.3595575,29.284147,225,1
atitlan,2025-11-21,696450.0,1615950.0,0.35733163,27.822275,225,1
atitlan,2025-11-21,696750.0,1615950.0,0.37673512,32.05926,225,1
atitlan,2025-11-21,697050.0,1615950.0,0.33206147,24.19473,225,1
atitlan,2025-11-21,697350.0,1615950.0,0.34546053,25.657639,225,1
atitlan,2025-11-21,697650.0,1615950.0,0.32393464,21.067736,225,1
atitlan,2025-11-21,697950.0,1615950.0,0.28877297,15.530138,225,1
atitlan,2025-11-21,698250.0,1615950.0,0.28955495,15.654406,225,1
atitlan,2025-11-21,698550.0,1615950.0,0.28056467,15.435138,225,1
atitlan,2025-11-21,698850.0,1615950.0,0.28952283,15.917686,225,1
atitlan,2025-11-21,699150.0,1615950.0,0.2803721,15.021639,225,1
atitlan,2025-11-21,699450.0,1615950.0,0.28923148,15.826862,225,1
atitlan,2025-11-21,699750.0,1615950.0,0.30706817,18.748909,225,1
atitlan,2025-11-21,700050.0,1615950.0,0.30160174,16.92565,225,1
atitlan,2025-11-21,700350.0,1615950.0,0.2738268,14.46593,225,1
atitlan,2025-11-21,700650.0,1615950.0,0.2484851,12.825067,225,1
atitlan,2025-11-21,700950.0,1615950.0,0.2365288,10.437544,225,0
atitlan,2025-11-21,701250.0,1615950.0,0.2938414,16.410322,225,1
atitlan,2025-11-21,701550.0,1615950.0,0.28316826,15.622515,225,1
atitlan,2025-11-21,701850.0,1615950.0,0.31134924,18.73753,225,1
atitlan,2025-11-21,702150.0,1615950.0,0.279399,15.499402,225,1
atitlan,2025-11-21,702450.0,1615950.0,0.23667708,13.891553,225,1
atitlan,2025-11-21,702750.0,1615950.0,0.2895788,16.175627,225,1
atitlan,2025-11-21,703050.0,1615950.0,0.3111301,19.73273,225,1
atitlan,2025-11-21,703350.0,1615950.0,0.31677082,19.526999,225,1
atitlan,2025-11-21,703650.0,1615950.0,0.2564025,13.770005,225,1
atitlan,2025-11-21,703950.0,1615950.0,0.27452365,15.928844,225,1
atitlan,2025-11-21,704250.0,1615950.0,0.32279816,21.221645,225,1
atitlan,2025-11-21,704550.0,1615950.0,0.28601688,15.997295,225,1
atitlan,2025-11-21,704850.0,1615950.0,0.3186362,20.277634,225,1
atitlan,2025-11-21,705150.0,1615950.0,0.3263174,20.912315,225,1
atitlan,2025-11-21,705450.0,1615950.0,0.31929046,20.981218,225,1
atitlan,2025-11-21,705750.0,1615950.0,0.3043749,19.091808,225,1
atitlan,2025-11-21,706050.0,1615950.0,0.2628855,15.830615,225,1
atitlan,2025-11-21,706350.0,1615950.0,0.19937488,9.4546,225,0
atitlan,2025-11-21,706650.0,1615950.0,0.07359085,5.3138733,225,0
atitlan,2025-11-21,706950.0,1615950.0,0.119396284,6.678161,225,0
atitlan,2025-11-21,707250.0,1615950.0,0.16127396,7.7972093,225,0
atitlan,2025-11-21,707550.0,1615950.0,0.07881779,5.4936285,225,0
atitlan,2025-11-21,707850.0,1615950.0,0.13110402,6.094932,45,0
atitlan,2025-11-21,680250.0,1616250.0,0.0057092765,4.1443453,180,0
atitlan,2025-11-21,680550.0,1616250.0,-0.0018899429,3.9614255,225,0
atitlan,2025-11-21,680850.0,1616250.0,0.014952774,4.2100954,225,0
atitlan,2025-11-21,681150.0,1616250.0,0.009358375,4.2097316,225,0
atitlan,2025-11-21,681450.0,1616250.0,0.0053883432,4.1484323,225,0
atitlan,2025-11-21,681750.0,1616250.0,0.0010065084,3.9714718,225,0
atitlan,2025-11-21,682050.0,1616250.0,0.017856156,4.2051105,225,0
atitlan,2025-11-21,682350.0,1616250.0,0.012631104,4.237305,225,0
atitlan,2025-11-21,682650.0,1616250.0,0.011020369,4.1905065,225,0
atitlan,2025-11-21,682950.0,1616250.0,0.0054356945,4.143937,225,0
atitlan,2025-11-21,683250.0,1616250.0,0.0046292176,4.0605655,225,0
atitlan,2025-11-21,683550.0,1616250.0,0.037892997,4.489727,225,0
atitlan,2025-11-21,683850.0,1616250.0,0.07349183,5.189053,225,0
atitlan,2025-11-21,684150.0,1616250.0,0.055576842,5.1468616,225,0
atitlan,2025-11-21,684450.0,1616250.0,0.02755869,4.2990875,225,0
atitlan,2025-11-21,684750.0,1616250.0,0.0136736175,4.17578,225,0
atitlan,2025-11-21,685050.0,1616250.0,0.036594506,4.373751,225,0
atitlan,2025-11-21,685350.0,1616250.0,0.021061718,4.2923355,225,0
atitlan,2025-11-21,685650.0,1616250.0,0.083479665,6.167071,225,0
atitlan,2025-11-21,685950.0,1616250.0,0.12559988,7.726576,225,0
atitlan,2025-11-21,686250.0,1616250.0,0.046800807,4.6303144,225,0
atitlan,2025-11-21,686550.0,1616250.0,0.023152223,4.18733,225,0
atitlan,2025-11-21,686850.0,1616250.0,0.0904049,5.7337046,225,0
atitlan,2025-11-21,687150.0,1616250.0,0.28902748,18.552008,225,1
atitlan,2025-11-21,687450.0,1616250.0,0.31172013,19.411978,225,1
atitlan,2025-11-21,687750.0,1616250.0,0.3156596,20.303034,225,1
atitlan,2025-11-21,688050.0,1616250.0,0.16062924,11.487917,225,0
atitlan,2025-11-21,688350.0,1616250.0,0.17733872,11.774731,225,0
atitlan,2025-11-21,688650.0,1616250.0,0.26081568,15.782579,225,1
atitlan,2025-11-21,688950.0,1616250.0,0.25905958,14.56938,225,1
atitlan,2025-11-21,689250.0,1616250.0,0.22323908,12.832025,225,1
atitlan,2025-11-21,689550.0,1616250.0,0.26966903,15.413693,225,1
atitlan,2025-11-21,689850.0,1616250.0,0.26639214,13.880243,225,1
atitlan,2025-11-21,690150.0,1616250.0,0.2792623,14.6285925,225,1
atitlan,2025-11-21,690450.0,1616250.0,0.29500595,16.378689,225,1
atitlan,2025-11-21,690750.0,1616250.0,0.2938824,16.5194,225,1
atitlan,2025-11-21,691050.0,1616250.0,0.282195,15.852654,225,1
atitlan,2025-11-21,691350.0,1616250.0,0.29278693,16.034666,225,1
atitlan,2025-11-21,691650.0,1616250.0,0.30076915,17.755436,225,1
atitlan,2025-11-21,691950.0,1616250.0,0.28875926,15.952941,225,1
atitlan,2025-11-21,692250.0,1616250.0,0.30100787,17.356144,225,1
atitlan,2025-11-21,692550.0,1616250.0,0.2905451,15.987432,225,1
atitlan,2025-11-21,692850.0,1616250.0,0.2409865,12.377816,225,1
atitlan,2025-11-21,693150.0,1616250.0,0.23673607,13.957637,225,1
atitlan,2025-11-21,693450.0,1616250.0,0.18869422,11.057132,225,0
atitlan,2025-11-21,693750.0,1616250.0,0.06847365,4.9428267,225,0
atitlan,2025-11-21,694050.0,1616250.0,0.18966323,10.1270895,225,0
atitlan,2025-11-21,694350.0,1616250.0,0.2598783,13.703629,225,1
atitlan,2025-11-21,694650.0,1616250.0,0.29426572,16.576576,225,1
atitlan,2025-11-21,694950.0,1616250.0,0.33826414,23.83079,225,1
atitlan,2025-11-21,695250.0,1616250.0,0.37916195,33.033886,225,1
atitlan,2025-11-21,695550.0,1616250.0,0.37001193,30.02774,225,1
atitlan,2025-11-21,695850.0,1616250.0,0.36907098,31.136997,225,1
atitlan,2025-11-21,696150.0,1616250.0,0.35310113,26.92988,225,1
atitlan,2025-11-21,696450.0,1616250.0,0.33906516,23.580156,225,1
atitlan,2025-11-21,696750.0,1616250.0,0.32802272,22.208618,225,1
atitlan,2025-11-21,697050.0,1616250.0,0.34582394,25.509106,225,1
atitlan,2025-11-21,697350.0,1616250.0,0.33298656,23.040596,225,1
atitlan,2025-11-21,697650.0,1616250.0,0.33083028,23.406656,225,1
atitlan,2025-11-21,697950.0,1616250.0,0.308343,19.226469,225,1
atitlan,2025-11-21,698250.0,1616250.0,0.29295924,16.405651,225,1
atitlan,2025-11-21,698550.0,1616250.0,0.2917838,15.905192,225,1
atitlan,2025-11-21,698850.0,1616250.0,0.2782352,14.407776,225,1
atitlan,2025-11-21,699150.0,1616250.0,0.28039917,15.094027,225,1
atitlan,2025-11-21,699450.0,1616250.0,0.2795638,14.361738,225,1
atitlan,2025-11-21,699750.0,1616250.0,0.2567295,12.471845,225,1
atitlan,2025-11-21,700050.0,1616250.0,0.27660686,15.504947,225,1
atitlan,2025-11-21,700350.0,1616250.0,0.20717634,11.04216,225,0
atitlan,2025-11-21,700650.0,1616250.0,0.22491816,11.030352,225,0
atitlan,2025-11-21,700950.0,1616250.0,0.2541565,12.174571,225,1
atitlan,2025-11-21,701250.0,1616250.0,0.27154264,15.000425,225,1
atitlan,2025-11-21,701550.0,1616250.0,0.3025363,18.187407,225,1
atitlan,2025-11-21,701850.0,1616250.0,0.3141201,19.577751,225,1
atitlan,2025-11-21,702150.0,1616250.0,0.31189078,18.50795,225,1
atitlan,2025-11-21,702450.0,1616250.0,0.31026155,18.779877,225,1
atitlan,2025-11-21,702750.0,1616250.0,0.33232284,22.005388,225,1
atitlan,2025-11-21,703050.0,1616250.0,0.32353553,20.419783,225,1
atitlan,2025-11-21,703350.0,1616250.0,0.30106226,17.145405,225,1
atitlan,2025-11-21,703650.0,1616250.0,0.30462152,18.0223,225,1
atitlan,2025-11-21,703950.0,1616250.0,0.2653067,14.544317,225,1
atitlan,2025-11-21,704250.0,1616250.0,0.33600274,22.781813,225,1
atitlan,2025-11-21,704550.0,1616250.0,0.27459356,14.186821,225,1
atitlan,2025-11-21,704850.0,1616250.0,0.25001284,12.201267,225,1
atitlan,2025-11-21,705150.0,1616250.0,0.29522908,17.544617,225,1
atitlan,2025-11-21,705450.0,1616250.0,0.32196435,20.330671,225,1
atitlan,2025-11-21,705750.0,1616250.0,0.30842355,18.585117,225,1
atitlan,2025-11-21,706050.0,1616250.0,0.3050866,18.827154,225,1
atitlan,2025-11-21,706350.0,1616250.0,0.23341912,11.011906,225,0
atitlan,2025-11-21,706650.0,1616250.0,0.23127924,10.217971,225,0
atitlan,2025-11-21,706950.0,1616250.0,0.26341307,12.841701,225,1
atitlan,2025-11-21,707250.0,1616250.0,0.28036532,15.796133,225,1
atitlan,2025-11-21,707550.0,1616250.0,0.26701164,14.147492,225,1
atitlan,2025-11-21,707850.0,1616250.0,0.27636415,15.018533,45,1
atitlan,2025-11-21,680250.0,1616550.0,0.011275343,4.2352633,180,0
atitlan,2025-11-21,680550.0,1616550.0,0.0067393603,4.172123,225,0
atitlan,2025-11-21,680850.0,1616550.0,0.001330725,4.074769,225,0
atitlan,2025-11-21,681150.0,1616550.0,0.0033659062,4.108319,225,0
atitlan,2025-11-21,681450.0,1616550.0,0.0042407857,4.1250753,225,0
atitlan,2025-11-21,681750.0,1616550.0,0.0094572455,4.2071395,225,0
atitlan,2025-11-21,682050.0,1616550.0,0.003808588,4.0437064,225,0
atitlan,2025-11-21,682350.0,1616550.0,0.012488833,4.1390967,225,0
atitlan,2025-11-21,682650.0,1616550.0,0.0036361509,4.051678,225,0
atitlan,2025-11-21,682950.0,1616550.0,0.018229527,4.2866454,225,0
atitlan,2025-11-21,683250.0,1616550.0,0.008857425,4.1945024,225,0
atitlan,2025-11-21,683550.0,1616550.0,0.013786999,4.2135353,225,0
atitlan,2025-11-21,683850.0,1616550.0,0.07595733,5.1011724,225,0
atitlan,2025-11-21,684150.0,1616550.0,0.0698135,5.26531,225,0
atitlan,2025-11-21,684450.0,1616550.0,0.044240657,4.592562,225,0
atitlan,2025-11-21,684750.0,1616550.0,0.0412646,4.5587115,225,0
atitlan,2025-11-21,685050.0,1616550.0,0.06296098,5.1497393,225,0
atitlan,2025-11-21,685350.0,1616550.0,0.0682508,5.2211647,225,0
atitlan,2025-11-21,685650.0,1616550.0,0.1980406,12.412377,225,1
atitlan,2025-11-21,685950.0,1616550.0,0.21272753,12.435745,225,1
atitlan,2025-11-21,686250.0,1616550.0,0.18263096,10.00456,225,0
atitlan,2025-11-21,686550.0,1616550.0,0.17378667,10.109606,225,0
atitlan,2025-11-21,686850.0,1616550.0,0.19588949,10.897343,225,0
atitlan,2025-11-21,687150.0,1616550.0,0.28548634,16.754293,225,1
atitlan,2025-11-21,687450.0,1616550.0,0.29285997,17.694336,225,1
atitlan,2025-11-21,687750.0,1616550.0,0.3264241,21.963148,225,1
atitlan,2025-11-21,688050.0,1616550.0,0.080851465,8.321091,225,0
atitlan,2025-11-21,688350.0,1616550.0,-0.07634245,1.022115,225,0
atitlan,2025-11-21,688650.0,1616550.0,0.10094042,7.685334,225,0
atitlan,2025-11-21,688950.0,1616550.0,0.25553933,14.123493,225,1
atitlan,2025-11-21,689250.0,1616550.0,0.16582279,10.3845005,225,0
atitlan,2025-11-21,689550.0,1616550.0,0.20788065,11.633006,225,0
atitlan,2025-11-21,689850.0,1616550.0,0.24147813,13.194916,225,1
atitlan,2025-11-21,690150.0,1616550.0,0.2769668,14.582742,225,1
atitlan,2025-11-21,690450.0,1616550.0,0.2743605,14.655473,225,1
atitlan,2025-11-21,690750.0,1616550.0,0.28864294,16.520733,225,1
atitlan,2025-11-21,691050.0,1616550.0,0.27603787,14.799986,225,1
atitlan,2025-11-21,691350.0,1616550.0,0.2890316,16.558262,225,1
atitlan,2025-11-21,691650.0,1616550.0,0.30981073,18.539242,225,1
atitlan,2025-11-21,691950.0,1616550.0,0.31663325,19.8793,225,1
atitlan,2025-11-21,692250.0,1616550.0,0.28101856,15.395972,225,1
atitlan,2025-11-21,692550.0,1616550.0,0.2971063,17.332706,225,1
atitlan,2025-11-21,692850.0,1616550.0,0.20499048,10.201269,225,0
atitlan,2025-11-21,693150.0,1616550.0,0.15080266,7.378084,225,0
atitlan,2025-11-21,693450.0,1616550.0,0.12868007,7.062849,225,0
atitlan,2025-11-21,693750.0,1616550.0,0.25423303,15.054964,225,1
atitlan,2025-11-21,694050.0,1616550.0,0.289693,16.964798,225,1
atitlan,2025-11-21,694350.0,1616550.0,0.2915333,15.923985,225,1
atitlan,2025-11-21,694650.0,1616550.0,0.26014212,12.525704,225,1
atitlan,2025-11-21,694950.0,1616550.0,0.25789708,12.450765,225,1
atitlan,2025-11-21,695250.0,1616550.0,0.34165752,24.06004,225,1
atitlan,2025-11-21,695550.0,1616550.0,0.36667922,29.810751,225,1
atitlan,2025-11-21,695850.0,1616550.0,0.36753592,29.51763,225,1
atitlan,2025-11-21,696150.0,1616550.0,0.35655606,27.821934,225,1
atitlan,2025-11-21,696450.0,1616550.0,0.35414836,27.514006,225,1
atitlan,2025-11-21,696750.0,1616550.0,0.36896935,29.68582,225,1
atitlan,2025-11-21,697050.0,1616550.0,0.38742995,33.47723,225,1
atitlan,2025-11-21,697350.0,1616550.0,0.3523172,26.143969,225,1
atitlan,2025-11-21,697650.0,1616550.0,0.31861597,20.321495,225,1
atitlan,2025-11-21,697950.0,1616550.0,0.3085664,18.730885,225,1
atitlan,2025-11-21,698250.0,1616550.0,0.30878964,19.89249,225,1
atitlan,2025-11-21,698550.0,1616550.0,0.29125658,15.869101,225,1
atitlan,2025-11-21,698850.0,1616550.0,0.29623535,16.788082,225,1
atitlan,2025-11-21,699150.0,1616550.0,0.28711274,15.812628,225,1
atitlan,2025-11-21,699450.0,1616550.0,0.28330815,15.024414,225,1
atitlan,2025-11-21,699750.0,1616550.0,0.2628883,13.097015,225,1
atitlan,2025-11-21,700050.0,1616550.0,0.28994066,16.826763,225,1
atitlan,2025-11-21,700350.0,1616550.0,0.31493536,20.091219,225,1
atitlan,2025-11-21,700650.0,1616550.0,0.29749364,19.397352,225,1
atitlan,2025-11-21,700950.0,1616550.0,0.27661756,14.669405,225,1
atitlan,2025-11-21,701250.0,1616550.0,0.31170413,18.892126,225,1
atitlan,2025-11-21,701550.0,1616550.0,0.17504191,10.838571,225,0
atitlan,2025-11-21,701850.0,1616550.0,0.2835717,16.519703,225,1
atitlan,2025-11-21,702150.0,1616550.0,0.3240775,20.593466,225,1
atitlan,2025-11-21,702450.0,1616550.0,0.32745174,20.859222,225,1
atitlan,2025-11-21,702750.0,1616550.0,0.34067765,23.329573,225,1
atitlan,2025-11-21,703050.0,1616550.0,0.32185674,20.17057,225,1
atitlan,2025-11-21,703350.0,1616550.0,0.33065358,21.54004,225,1
atitlan,2025-11-21,703650.0,1616550.0,0.30410555,18.131634,225,1
atitlan,2025-11-21,703950.0,1616550.0,0.24777512,12.998119,225,1
atitlan,2025-11-21,704250.0,1616550.0,0.32287443,20.811274,225,1
atitlan,2025-11-21,704550.0,1616550.0,0.28848925,16.068928,225,1
atitlan,2025-11-21,704850.0,1616550.0,0.2801551,14.932391,225,1
atitlan,2025-11-21,705150.0,1616550.0,0.24169983,11.346349,225,0
atitlan,2025-11-21,705450.0,1616550.0,0.2767773,14.81801,225,1
atitlan,2025-11-21,705750.0,1616550.0,0.3218781,20.190771,225,1
atitlan,2025-11-21,706050.0,1616550.0,0.3311747,21.699125,225,1
atitlan,2025-11-21,706350.0,1616550.0,0.30652517,19.26287,225,1
atitlan,2025-11-21,706650.0,1616550.0,0.28145495,15.634591,225,1
atitlan,2025-11-21,706950.0,1616550.0,0.25935644,14.161474,225,1
atitlan,2025-11-21,707250.0,1616550.0,0.28830814,16.808754,225,1
atitlan,2025-11-21,707550.0,1616550.0,0.25446185,12.24146,225,1
atitlan,2025-11-21,707850.0,1616550.0,0.27139044,13.905519,45,1
atitlan,2025-11-21,680250.0,1616850.0,0.009831056,4.194839,180,0
atitlan,2025-11-21,680550.0,1616850.0,0.006824686,4.1587143,225,0
atitlan,2025-11-21,680850.0,1616850.0,0.0052107642,4.1459084,225,0
atitlan,2025-11-21,681150.0,1616850.0,0.00760201,4.1748137,225,0
atitlan,2025-11-21,681450.0,1616850.0,0.008921615,4.1839876,225,0
atitlan,2025-11-21,681750.0,1616850.0,0.0067525255,4.0996833,225,0
atitlan,2025-11-21,682050.0,1616850.0,0.0172118,4.282879,225,0
atitlan,2025-11-21,682350.0,1616850.0,0.014865445,4.266282,225,0
atitlan,2025-11-21,682650.0,1616850.0,0.010497257,4.2263336,225,0
atitlan,2025-11-21,682950.0,1616850.0,0.008306052,4.1033096,225,0
atitlan,2025-11-21,683250.0,1616850.0,0.0082732905,4.182713,225,0
atitlan,2025-11-21,683550.0,1616850.0,0.009311838,4.2053895,225,0
atitlan,2025-11-21,683850.0,1616850.0,0.14739247,9.053831,225,0
atitlan,2025-11-21,684150.0,1616850.0,0.08942358,5.683609,225,0
atitlan,2025-11-21,684450.0,1616850.0,0.08152013,5.4041104,225,0
atitlan,2025-11-21,684750.0,1616850.0,0.088649005,5.902411,225,0
atitlan,2025-11-21,685050.0,1616850.0,0.20787223,10.901914,225,0
atitlan,2025-11-21,685350.0,1616850.0,0.25733426,13.575942,225,1
atitlan,2025-11-21,685650.0,1616850.0,0.2505165,12.3699465,225,1
atitlan,2025-11-21,685950.0,1616850.0,0.25295243,12.781171,225,1
atitlan,2025-11-21,686250.0,1616850.0,0.2408913,12.537084,225,1
atitlan,2025-11-21,686550.0,1616850.0,0.245886,11.894026,225,0
atitlan,2025-11-21,686850.0,1616850.0,0.29444408,18.150932,225,1
atitlan,2025-11-21,687150.0,1616850.0,0.31053382,19.486393,225,1
atitlan,2025-11-21,687450.0,1616850.0,0.2577688,13.509054,225,1
atitlan,2025-11-21,687750.0,1616850.0,0.2533922,13.370606,225,1
atitlan,2025-11-21,688050.0,1616850.0,0.15825823,11.990967,225,0
atitlan,2025-11-21,688350.0,1616850.0,-0.087010235,0.61820257,225,0
atitlan,2025-11-21,688650.0,1616850.0,-0.079195514,1.0244296,225,0
atitlan,2025-11-21,688950.0,1616850.0,0.13058874,8.335423,225,0
atitlan,2025-11-21,689250.0,1616850.0,0.2381904,13.021438,225,1
atitlan,2025-11-21,689550.0,1616850.0,0.23770237,17.305305,225,1
atitlan,2025-11-21,689850.0,1616850.0,0.21184584,14.205094,225,1
atitlan,2025-11-21,690150.0,1616850.0,0.22760604,10.459432,225,0
atitlan,2025-11-21,690450.0,1616850.0,0.22050552,10.263469,225,0
atitlan,2025-11-21,690750.0,1616850.0,0.27686387,14.926637,225,1
atitlan,2025-11-21,691050.0,1616850.0,0.30265284,17.561056,225,1
atitlan,2025-11-21,691350.0,1616850.0,0.300871,17.322992,225,1
atitlan,2025-11-21,691650.0,1616850.0,0.29935807,16.885801,225,1
atitlan,2025-11-21,691950.0,1616850.0,0.3022682,17.960997,225,1
atitlan,2025-11-21,692250.0,1616850.0,0.3035415,17.908628,225,1
atitlan,2025-11-21,692550.0,1616850.0,0.25908235,13.77889,225,1
atitlan,2025-11-21,692850.0,1616850.0,0.14803079,8.34792,225,0
atitlan,2025-11-21,693150.0,1616850.0,0.19108601,9.132362,225,0
atitlan,2025-11-21,693450.0,1616850.0,0.3111417,19.19481,225,1
atitlan,2025-11-21,693750.0,1616850.0,0.31365433,19.281992,225,1
atitlan,2025-11-21,694050.0,1616850.0,0.30410957,17.98166,225,1
atitlan,2025-11-21,694350.0,1616850.0,0.30402225,18.585318,225,1
atitlan,2025-11-21,694650.0,1616850.0,0.26056874,13.073831,225,1
atitlan,2025-11-21,694950.0,1616850.0,0.31729835,20.57504,225,1
atitlan,2025-11-21,695250.0,1616850.0,0.36024716,27.91684,225,1
atitlan,2025-11-21,695550.0,1616850.0,0.4076434,39.87556,225,1
atitlan,2025-11-21,695850.0,1616850.0,0.37459952,30.640959,225,1
atitlan,2025-11-21,696150.0,1616850.0,0.37738043,31.582867,225,1
atitlan,2025-11-21,696450.0,1616850.0,0.350197,25.576406,225,1
atitlan,2025-11-21,696750.0,1616850.0,0.354943,26.359835,225,1
atitlan,2025-11-21,697050.0,1616850.0,0.34151956,23.98961,225,1
atitlan,2025-11-21,697350.0,1616850.0,0.3375994,23.404306,225,1
atitlan,2025-11-21,697650.0,1616850.0,0.3108133,18.720863,225,1
atitlan,2025-11-21,697950.0,1616850.0,0.2934025,16.373253,225,1
atitlan,2025-11-21,698250.0,1616850.0,0.2954954,16.816452,225,1
atitlan,2025-11-21,698550.0,1616850.0,0.2829402,15.699202,225,1
atitlan,2025-11-21,698850.0,1616850.0,0.29673627,16.672281,225,1
atitlan,2025-11-21,699150.0,1616850.0,0.3080039,19.050356,225,1
atitlan,2025-11-21,699450.0,1616850.0,0.26505053,15.819873,225,1
atitlan,2025-11-21,699750.0,1616850.0,0.30253944,17.980211,225,1
atitlan,2025-11-21,700050.0,1616850.0,0.3021155,17.829718,225,1
atitlan,2025-11-21,700350.0,1616850.0,0.3250561,21.375261,225,1
atitlan,2025-11-21,700650.0,1616850.0,0.3432349,24.398214,225,1
atitlan,2025-11-21,700950.0,1616850.0,0.29141992,16.75541,225,1
atitlan,2025-11-21,701250.0,1616850.0,0.2350538,11.214104,225,0
atitlan,2025-11-21,701550.0,1616850.0,0.19632855,9.076652,225,0
atitlan,2025-11-21,701850.0,1616850.0,0.2857775,18.72669,225,1
atitlan,2025-11-21,702150.0,1616850.0,0.32691532,21.70289,225,1
atitlan,2025-11-21,702450.0,1616850.0,0.3435206,23.963654,225,1
atitlan,2025-11-21,702750.0,1616850.0,0.34345782,24.222094,225,1
atitlan,2025-11-21,703050.0,1616850.0,0.32018936,19.95142,225,1
atitlan,2025-11-21,703350.0,1616850.0,0.29263213,15.741421,225,1
atitlan,2025-11-21,703650.0,1616850.0,0.29826388,16.710163,225,1
atitlan,2025-11-21,703950.0,1616850.0,0.2682406,14.374214,225,1
atitlan,2025-11-21,704250.0,1616850.0,0.2659516,14.303168,225,1
atitlan,2025-11-21,704550.0,1616850.0,0.28992635,16.443756,225,1
atitlan,2025-11-21,704850.0,1616850.0,0.29250836,17.654049,225,1
atitlan,2025-11-21,705150.0,1616850.0,0.29863265,18.032326,225,1
atitlan,2025-11-21,705450.0,1616850.0,0.24704044,11.986237,225,0
atitlan,2025-11-21,705750.0,1616850.0,0.26902413,15.204103,225,1
atitlan,2025-11-21,706050.0,1616850.0,0.30215627,17.148449,225,1
atitlan,2025-11-21,706350.0,1616850.0,0.32839096,21.295122,225,1
atitlan,2025-11-21,706650.0,1616850.0,0.32785174,21.211163,225,1
atitlan,2025-11-21,706950.0,1616850.0,0.29411417,17.092861,225,1
atitlan,2025-11-21,707250.0,1616850.0,0.22920574,11.834341,225,0
atitlan,2025-11-21,707550.0,1616850.0,0.24306048,11.867914,225,0
atitlan,2025-11-21,707850.0,1616850.0,0.27591223,14.196989,45,1
atitlan,2025-11-21,680250.0,1617150.0,6.800395e-05,3.9671447,180,0
atitlan,2025-11-21,680550.0,1617150.0,0.0060291775,4.1131687,225,0
atitlan,2025-11-21,680850.0,1617150.0,0.004663012,4.1156716,225,0
atitlan,2025-11-21,681150.0,1617150.0,0.0031610145,4.0541115,225,0
atitlan,2025-11-21,681450.0,1617150.0,0.022952607,4.3335156,225,0
atitlan,2025-11-21,681750.0,1617150.0,0.0149226645,4.239126,225,0
atitlan,2025-11-21,682050.0,1617150.0,0.034304433,4.4783826,225,0
atitlan,2025-11-21,682350.0,1617150.0,0.018407596,4.2531037,225,0
atitlan,2025-11-21,682650.0,1617150.0,0.018475913,4.245189,225,0
atitlan,2025-11-21,682950.0,1617150.0,0.015368686,4.283656,225,0
atitlan,2025-11-21,683250.0,1617150.0,0.017675903,4.270893,225,0
atitlan,2025-11-21,683550.0,1617150.0,0.014222052,4.2519403,225,0
atitlan,2025-11-21,683850.0,1617150.0,0.13447899,7.4172144,225,0
atitlan,2025-11-21,684150.0,1617150.0,0.16773729,9.534015,225,0
atitlan,2025-11-21,684450.0,1617150.0,0.16534463,10.174898,225,0
atitlan,2025-11-21,684750.0,1617150.0,0.27874237,17.829012,225,1
atitlan,2025-11-21,685050.0,1617150.0,0.2682559,15.467029,225,1
atitlan,2025-11-21,685350.0,1617150.0,0.30994627,19.727621,225,1
atitlan,2025-11-21,685650.0,1617150.0,0.26365468,13.405948,225,1
atitlan,2025-11-21,685950.0,1617150.0,0.26721373,14.053967,225,1
atitlan,2025-11-21,686250.0,1617150.0,0.30075777,18.342054,225,1
atitlan,2025-11-21,686550.0,1617150.0,0.27435973,14.206063,225,1
atitlan,2025-11-21,686850.0,1617150.0,0.28706306,15.661916,225,1
atitlan,2025-11-21,687150.0,1617150.0,0.28102216,15.141662,225,1
atitlan,2025-11-21,687450.0,1617150.0,0.252797,13.555763,225,1
atitlan,2025-11-21,687750.0,1617150.0,0.25862065,12.981728,225,1
atitlan,2025-11-21,688050.0,1617150.0,0.14622939,10.968007,225,0
atitlan,2025-11-21,688350.0,1617150.0,-0.08672491,0.64069164,225,0
atitlan,2025-11-21,688650.0,1617150.0,-0.09159009,0.41721246,225,0
atitlan,2025-11-21,688950.0,1617150.0,-0.074730955,1.0689495,225,0
atitlan,2025-11-21,689250.0,1617150.0,0.1871045,9.64114,225,0
atitlan,2025-11-21,689550.0,1617150.0,0.2567261,13.809641,225,1
atitlan,2025-11-21,689850.0,1617150.0,0.199567,11.313002,225,0
atitlan,2025-11-21,690150.0,1617150.0,0.21765317,11.100207,225,0
atitlan,2025-11-21,690450.0,1617150.0,0.24266744,12.628593,225,1
atitlan,2025-11-21,690750.0,1617150.0,0.267248,14.6918955,225,1
atitlan,2025-11-21,691050.0,1617150.0,0.29451224,16.152224,225,1
atitlan,2025-11-21,691350.0,1617150.0,0.26846558,15.233826,225,1
atitlan,2025-11-21,691650.0,1617150.0,0.2953935,16.587786,225,1
atitlan,2025-11-21,691950.0,1617150.0,0.31486556,19.634796,225,1
atitlan,2025-11-21,692250.0,1617150.0,0.3201152,20.306791,225,1
atitlan,2025-11-21,692550.0,1617150.0,0.26083097,14.531985,225,1
atitlan,2025-11-21,692850.0,1617150.0,0.2885672,17.180326,225,1
atitlan,2025-11-21,693150.0,1617150.0,0.17944555,9.198176,225,0
atitlan,2025-11-21,693450.0,1617150.0,0.26793718,13.918046,225,1
atitlan,2025-11-21,693750.0,1617150.0,0.2782529,14.628058,225,1
atitlan,2025-11-21,694050.0,1617150.0,0.27873817,14.801725,225,1
atitlan,2025-11-21,694350.0,1617150.0,0.30345085,17.857939,225,1
atitlan,2025-11-21,694650.0,1617150.0,0.31415403,19.795904,225,1
atitlan,2025-11-21,694950.0,1617150.0,0.29308882,16.53915,225,1
atitlan,2025-11-21,695250.0,1617150.0,0.3126526,20.475044,225,1
atitlan,2025-11-21,695550.0,1617150.0,0.34218636,25.246845,225,1
atitlan,2025-11-21,695850.0,1617150.0,0.3468005,24.824112,225,1
atitlan,2025-11-21,696150.0,1617150.0,0.35890546,27.666666,225,1
atitlan,2025-11-21,696450.0,1617150.0,0.29851198,20.439894,225,1
atitlan,2025-11-21,696750.0,1617150.0,0.36001793,27.473555,225,1
atitlan,2025-11-21,697050.0,1617150.0,0.3560478,27.38973,225,1
atitlan,2025-11-21,697350.0,1617150.0,0.3376783,24.149483,225,1
atitlan,2025-11-21,697650.0,1617150.0,0.30678093,18.578829,225,1
atitlan,2025-11-21,697950.0,1617150.0,0.2892585,15.802287,225,1
atitlan,2025-11-21,698250.0,1617150.0,0.3048554,17.957363,225,1
atitlan,2025-11-21,698550.0,1617150.0,0.29014078,18.692047,225,1
atitlan,2025-11-21,698850.0,1617150.0,0.29355675,16.829662,225,1
atitlan,2025-11-21,699150.0,1617150.0,0.3159674,19.476042,225,1
atitlan,2025-11-21,699450.0,1617150.0,0.23813725,13.890187,225,1
atitlan,2025-11-21,699750.0,1617150.0,0.25159198,16.225527,225,1
atitlan,2025-11-21,700050.0,1617150.0,0.29717413,18.196405,225,1
atitlan,2025-11-21,700350.0,1617150.0,0.29341245,16.939339,225,1
atitlan,2025-11-21,700650.0,1617150.0,0.34283426,24.303005,225,1
atitlan,2025-11-21,700950.0,1617150.0,0.3408742,23.90138,225,1
atitlan,2025-11-21,701250.0,1617150.0,0.27365643,18.705122,225,1
atitlan,2025-11-21,701550.0,1617150.0,0.15143266,8.127179,225,0
atitlan,2025-11-21,701850.0,1617150.0,0.17297506,10.5813875,225,0
atitlan,2025-11-21,702150.0,1617150.0,0.10733421,7.0324745,225,0
atitlan,2025-11-21,702450.0,1617150.0,0.23887159,14.611009,225,1
atitlan,2025-11-21,702750.0,1617150.0,0.2825049,14.985373,225,1
atitlan,2025-11-21,703050.0,1617150.0,0.26164064,12.438808,225,1
atitlan,2025-11-21,703350.0,1617150.0,0.2696453,13.638469,225,1
atitlan,2025-11-21,703650.0,1617150.0,0.26336545,14.589939,225,1
atitlan,2025-11-21,703950.0,1617150.0,0.27588987,13.998096,225,1
atitlan,2025-11-21,704250.0,1617150.0,0.26840445,14.05549,225,1
atitlan,2025-11-21,704550.0,1617150.0,0.28069985,15.824872,225,1
atitlan,2025-11-21,704850.0,1617150.0,0.2885212,16.67635,225,1
atitlan,2025-11-21,705150.0,1617150.0,0.30059066,18.378853,225,1
atitlan,2025-11-21,705450.0,1617150.0,0.27428406,14.8085375,225,1
atitlan,2025-11-21,705750.0,1617150.0,0.16811514,7.9678626,225,0
atitlan,2025-11-21,706050.0,1617150.0,0.2906015,16.933304,225,1
atitlan,2025-11-21,706350.0,1617150.0,0.32630265,21.197779,225,1
atitlan,2025-11-21,706650.0,1617150.0,0.32792747,21.467209,225,1
atitlan,2025-11-21,706950.0,1617150.0,0.31908,19.712849,225,1
atitlan,2025-11-21,707250.0,1617150.0,0.30424064,18.18428,225,1
atitlan,2025-11-21,707550.0,1617150.0,0.24227485,13.962002,225,1
atitlan,2025-11-21,707850.0,1617150.0,0.29322943,19.954258,45,1
atitlan,2025-11-21,680250.0,1617450.0,0.018622896,4.309699,180,0
atitlan,2025-11-21,680550.0,1617450.0,0.011148546,4.162742,225,0
atitlan,2025-11-21,680850.0,1617450.0,0.020585602,4.2764254,225,0
atitlan,2025-11-21,681150.0,1617450.0,0.014856076,4.242599,225,0
atitlan,2025-11-21,681450.0,1617450.0,0.04064659,4.337569,225,0
atitlan,2025-11-21,681750.0,1617450.0,0.11341272,5.706762,225,0
atitlan,2025-11-21,682050.0,1617450.0,0.16537324,8.644332,225,0
atitlan,2025-11-21,682350.0,1617450.0,0.17645316,9.841014,225,0
atitlan,2025-11-21,682650.0,1617450.0,0.07135284,5.094669,225,0
atitlan,2025-11-21,682950.0,1617450.0,0.030110242,4.610165,225,0
atitlan,2025-11-21,683250.0,1617450.0,0.032882344,4.4531226,225,0
atitlan,2025-11-21,683550.0,1617450.0,0.07517533,5.6602073,225,0
atitlan,2025-11-21,683850.0,1617450.0,0.080997035,5.181129,225,0
atitlan,2025-11-21,684150.0,1617450.0,0.12230068,7.8556705,225,0
atitlan,2025-11-21,684450.0,1617450.0,0.08458006,5.880051,225,0
atitlan,2025-11-21,684750.0,1617450.0,0.34095323,23.72712,225,1
atitlan,2025-11-21,685050.0,1617450.0,0.2915079,16.791986,225,1
atitlan,2025-11-21,685350.0,1617450.0,0.30906558,19.103611,225,1
atitlan,2025-11-21,685650.0,1617450.0,0.3037139,18.375763,225,1
atitlan,2025-11-21,685950.0,1617450.0,0.31456578,19.661465,225,1
atitlan,2025-11-21,686250.0,1617450.0,0.30351904,18.343637,225,1
atitlan,2025-11-21,686550.0,1617450.0,0.30145106,17.456617,225,1
atitlan,2025-11-21,686850.0,1617450.0,0.27957466,15.651136,225,1
atitlan,2025-11-21,687150.0,1617450.0,0.28155196,15.919537,225,1
atitlan,2025-11-21,687450.0,1617450.0,0.23673682,13.503378,225,1
atitlan,2025-11-21,687750.0,1617450.0,0.2276947,14.797749,225,1
atitlan,2025-11-21,688050.0,1617450.0,0.08195373,7.071184,225,0
atitlan,2025-11-21,688350.0,1617450.0,-0.08885092,0.5455508,225,0
atitlan,2025-11-21,688650.0,1617450.0,-0.093205854,0.3503675,225,0
atitlan,2025-11-21,688950.0,1617450.0,-0.09116537,0.43695712,225,0
atitlan,2025-11-21,689250.0,1617450.0,-0.02382093,2.8050895,225,0
atitlan,2025-11-21,689550.0,1617450.0,0.2107704,11.608501,225,0
atitlan,2025-11-21,689850.0,1617450.0,0.23094295,12.162722,225,1
atitlan,2025-11-21,690150.0,1617450.0,0.21715496,11.705693,225,0
atitlan,2025-11-21,690450.0,1617450.0,0.21109109,11.870084,225,0
atitlan,2025-11-21,690750.0,1617450.0,0.2845018,14.984492,225,1
atitlan,2025-11-21,691050.0,1617450.0,0.29002947,15.583916,225,1
atitlan,2025-11-21,691350.0,1617450.0,0.30044165,17.342735,225,1
atitlan,2025-11-21,691650.0,1617450.0,0.30025747,18.294939,225,1
atitlan,2025-11-21,691950.0,1617450.0,0.30528754,18.99654,225,1
atitlan,2025-11-21,692250.0,1617450.0,0.25667015,15.088896,225,1
atitlan,2025-11-21,692550.0,1617450.0,0.17441666,8.752435,225,0
atitlan,2025-11-21,692850.0,1617450.0,0.22709468,11.250863,225,0
atitlan,2025-11-21,693150.0,1617450.0,0.24574792,13.809852,225,1
atitlan,2025-11-21,693450.0,1617450.0,0.28187197,14.925343,225,1
atitlan,2025-11-21,693750.0,1617450.0,0.2533643,12.542844,225,1
atitlan,2025-11-21,694050.0,1617450.0,0.27431017,14.732567,225,1
atitlan,2025-11-21,694350.0,1617450.0,0.280264,15.69114,225,1
atitlan,2025-11-21,694650.0,1617450.0,0.28782842,16.16312,225,1
atitlan,2025-11-21,694950.0,1617450.0,0.2619537,12.390335,225,1
atitlan,2025-11-21,695250.0,1617450.0,0.26150241,12.74062,225,1
atitlan,2025-11-21,695550.0,1617450.0,0.34258413,24.5083,225,1
atitlan,2025-11-21,695850.0,1617450.0,0.35423386,26.60916,225,1
atitlan,2025-11-21,696150.0,1617450.0,0.35759664,27.168684,225,1
atitlan,2025-11-21,696450.0,1617450.0,0.34548953,26.378952,225,1
atitlan,2025-11-21,696750.0,1617450.0,0.29380158,20.278242,225,1
atitlan,2025-11-21,697050.0,1617450.0,0.30152985,20.56579,225,1
atitlan,2025-11-21,697350.0,1617450.0,0.34667993,25.439377,225,1
atitlan,2025-11-21,697650.0,1617450.0,0.3323245,22.734695,225,1
atitlan,2025-11-21,697950.0,1617450.0,0.29511094,17.276121,225,1
atitlan,2025-11-21,698250.0,1617450.0,0.29496455,16.670464,225,1
atitlan,2025-11-21,698550.0,1617450.0,0.29790348,19.087719,225,1
atitlan,2025-11-21,698850.0,1617450.0,0.32311845,20.680248,225,1
atitlan,2025-11-21,699150.0,1617450.0,0.27500626,16.21097,225,1
atitlan,2025-11-21,699450.0,1617450.0,0.22688839,14.333816,225,1
atitlan,2025-11-21,699750.0,1617450.0,0.18211338,12.076277,225,1
atitlan,2025-11-21,700050.0,1617450.0,0.29632825,18.667303,225,1
atitlan,2025-11-21,700350.0,1617450.0,0.29395708,16.973827,225,1
atitlan,2025-11-21,700650.0,1617450.0,0.28967848,18.001757,225,1
atitlan,2025-11-21,700950.0,1617450.0,0.29338545,18.28925,225,1
atitlan,2025-11-21,701250.0,1617450.0,0.3441015,25.333385,225,1
atitlan,2025-11-21,701550.0,1617450.0,0.22613636,12.777965,225,1
atitlan,2025-11-21,701850.0,1617450.0,0.0742354,5.0067477,225,0
atitlan,2025-11-21,702150.0,1617450.0,0.17437205,10.331206,225,0
atitlan,2025-11-21,702450.0,1617450.0,0.28311855,15.774185,225,1
atitlan,2025-11-21,702750.0,1617450.0,0.27700335,15.371811,225,1
atitlan,2025-11-21,703050.0,1617450.0,0.28618398,15.430464,225,1
atitlan,2025-11-21,703350.0,1617450.0,0.27603328,14.52841,225,1
atitlan,2025-11-21,703650.0,1617450.0,0.2782364,15.205954,225,1
atitlan,2025-11-21,703950.0,1617450.0,0.26844278,13.274818,225,1
atitlan,2025-11-21,704250.0,1617450.0,0.27070916,14.092895,225,1
atitlan,2025-11-21,704550.0,1617450.0,0.2809572,16.115932,225,1
atitlan,2025-11-21,704850.0,1617450.0,0.30604342,19.056377,225,1
atitlan,2025-11-21,705150.0,1617450.0,0.32054687,20.56447,225,1
atitlan,2025-11-21,705450.0,1617450.0,0.31982893,20.037657,225,1
atitlan,2025-11-21,705750.0,1617450.0,0.25824222,13.176838,225,1
atitlan,2025-11-21,706050.0,1617450.0,0.24499962,11.928269,225,0
atitlan,2025-11-21,706350.0,1617450.0,0.32734564,21.96507,225,1
atitlan,2025-11-21,706650.0,1617450.0,0.31376,19.166021,225,1
atitlan,2025-11-21,706950.0,1617450.0,0.330556,21.709835,225,1
atitlan,2025-11-21,707250.0,1617450.0,0.33739477,22.909922,225,1
atitlan,2025-11-21,707550.0,1617450.0,0.33548167,23.064766,225,1
atitlan,2025-11-21,707850.0,1617450.0,0.3378559,23.077848,45,1
atitlan,2025-11-21,680250.0,1617750.0,0.0026195263,3.9773939,180,0
atitlan,2025-11-21,680550.0,1617750.0,0.03812637,4.384747,225,0
atitlan,2025-11-21,680850.0,1617750.0,0.04235126,4.567049,225,0
atitlan,2025-11-21,681150.0,1617750.0,0.04205492,4.504626,225,0
atitlan,2025-11-21,681450.0,1617750.0,0.035311755,4.4203305,225,0
atitlan,2025-11-21,681750.0,1617750.0,0.08739298,5.2548766,225,0
atitlan,2025-11-21,682050.0,1617750.0,0.16363668,7.2889657,225,0
atitlan,2025-11-21,682350.0,1617750.0,0.31346977,21.641752,225,1
atitlan,2025-11-21,682650.0,1617750.0,0.13663702,9.048306,225,0
atitlan,2025-11-21,682950.0,1617750.0,0.12334359,8.593553,225,0
atitlan,2025-11-21,683250.0,1617750.0,0.13904856,9.804668,225,0
atitlan,2025-11-21,683550.0,1617750.0,0.15427724,9.320247,225,0
atitlan,2025-11-21,683850.0,1617750.0,0.16866685,9.803412,225,0
atitlan,2025-11-21,684150.0,1617750.0,0.20460716,12.312048,225,1
atitlan,2025-11-21,684450.0,1617750.0,0.13526446,7.9666114,225,0
atitlan,2025-11-21,684750.0,1617750.0,0.30969697,19.241299,225,1
atitlan,2025-11-21,685050.0,1617750.0,0.29712078,17.360428,225,1
atitlan,2025-11-21,685350.0,1617750.0,0.30407006,18.200686,225,1
atitlan,2025-11-21,685650.0,1617750.0,0.29289782,17.358488,225,1
atitlan,2025-11-21,685950.0,1617750.0,0.27924025,15.1974325,225,1
atitlan,2025-11-21,686250.0,1617750.0,0.2906182,16.265686,225,1
atitlan,2025-11-21,686550.0,1617750.0,0.31110638,19.33981,225,1
atitlan,2025-11-21,686850.0,1617750.0,0.2936515,17.98476,225,1
atitlan,2025-11-21,687150.0,1617750.0,0.31214935,19.2823,225,1
atitlan,2025-11-21,687450.0,1617750.0,0.23248503,15.502954,225,1
atitlan,2025-11-21,687750.0,1617750.0,0.20021613,11.980094,225,0
atitlan,2025-11-21,688050.0,1617750.0,0.013276551,3.7658694,225,0
atitlan,2025-11-21,688350.0,1617750.0,-0.086825915,0.63195133,225,0
atitlan,2025-11-21,688650.0,1617750.0,-0.093838416,0.32872692,225,0
atitlan,2025-11-21,688950.0,1617750.0,-0.0916049,0.4111304,225,0
atitlan,2025-11-21,689250.0,1617750.0,-0.08801075,0.57362854,225,0
atitlan,2025-11-21,689550.0,1617750.0,-0.0006898255,3.6698885,225,0
atitlan,2025-11-21,689850.0,1617750.0,0.21180391,10.12898,225,0
atitlan,2025-11-21,690150.0,1617750.0,0.23576035,11.706192,225,0
atitlan,2025-11-21,690450.0,1617750.0,0.14418244,9.050112,225,0
atitlan,2025-11-21,690750.0,1617750.0,0.20679198,11.062253,225,0
atitlan,2025-11-21,691050.0,1617750.0,0.26901376,14.143836,225,1
atitlan,2025-11-21,691350.0,1617750.0,0.28907102,15.93779,225,1
atitlan,2025-11-21,691650.0,1617750.0,0.27202561,15.245078,225,1
atitlan,2025-11-21,691950.0,1617750.0,0.28103185,15.777816,225,1
atitlan,2025-11-21,692250.0,1617750.0,0.24670348,13.506447,225,1
atitlan,2025-11-21,692550.0,1617750.0,0.19216244,10.725937,225,0
atitlan,2025-11-21,692850.0,1617750.0,0.20642856,9.909439,225,0
atitlan,2025-11-21,693150.0,1617750.0,0.23644795,10.977429,225,0
atitlan,2025-11-21,693450.0,1617750.0,0.28052098,15.217119,225,1
atitlan,2025-11-21,693750.0,1617750.0,0.28671193,15.582502,225,1
atitlan,2025-11-21,694050.0,1617750.0,0.2805339,14.916775,225,1
atitlan,2025-11-21,694350.0,1617750.0,0.28477138,17.016573,225,1
atitlan,2025-11-21,694650.0,1617750.0,0.30076793,18.079475,225,1
atitlan,2025-11-21,694950.0,1617750.0,0.2833542,15.102626,225,1
atitlan,2025-11-21,695250.0,1617750.0,0.28472933,15.044867,225,1
atitlan,2025-11-21,695550.0,1617750.0,0.32479507,21.055426,225,1
atitlan,2025-11-21,695850.0,1617750.0,0.38520354,34.107224,225,1
atitlan,2025-11-21,696150.0,1617750.0,0.3688965,30.2844,225,1
atitlan,2025-11-21,696450.0,1617750.0,0.35018045,25.533892,225,1
atitlan,2025-11-21,696750.0,1617750.0,0.33823043,23.801622,225,1
atitlan,2025-11-21,697050.0,1617750.0,0.3480189,26.46588,225,1
atitlan,2025-11-21,697350.0,1617750.0,0.34619525,25.472464,225,1
atitlan,2025-11-21,697650.0,1617750.0,0.32747382,21.909916,225,1
atitlan,2025-11-21,697950.0,1617750.0,0.31080094,18.931158,225,1
atitlan,2025-11-21,698250.0,1617750.0,0.30740756,17.90958,225,1
atitlan,2025-11-21,698550.0,1617750.0,0.29665965,16.409746,225,1
atitlan,2025-11-21,698850.0,1617750.0,0.29838103,17.626053,225,1
atitlan,2025-11-21,699150.0,1617750.0,0.16796285,10.400123,225,0
atitlan,2025-11-21,699450.0,1617750.0,0.25366548,16.656464,225,1
atitlan,2025-11-21,699750.0,1617750.0,0.17520264,10.979053,225,0
atitlan,2025-11-21,700050.0,1617750.0,0.18738593,10.00127,225,0
atitlan,2025-11-21,700350.0,1617750.0,0.27592868,15.422208,225,1
atitlan,2025-11-21,700650.0,1617750.0,0.3072796,18.542625,225,1
atitlan,2025-11-21,700950.0,1617750.0,0.28701884,16.594687,225,1
atitlan,2025-11-21,701250.0,1617750.0,0.27639472,15.334889,225,1
atitlan,2025-11-21,701550.0,1617750.0,0.16712621,8.127384,225,0
atitlan,2025-11-21,701850.0,1617750.0,0.13332602,7.4162974,225,0
atitlan,2025-11-21,702150.0,1617750.0,0.24974683,12.141046,225,1
atitlan,2025-11-21,702450.0,1617750.0,0.26883996,14.500048,225,1
atitlan,2025-11-21,702750.0,1617750.0,0.30436864,18.773813,225,1
atitlan,2025-11-21,703050.0,1617750.0,0.31830755,19.150198,225,1
atitlan,2025-11-21,703350.0,1617750.0,0.30906254,17.933907,225,1
atitlan,2025-11-21,703650.0,1617750.0,0.23572674,11.587885,225,0
atitlan,2025-11-21,703950.0,1617750.0,0.19216159,9.973255,225,0
atitlan,2025-11-21,704250.0,1617750.0,0.24526554,12.414609,225,1
atitlan,2025-11-21,704550.0,1617750.0,0.2647875,14.117783,225,1
atitlan,2025-11-21,704850.0,1617750.0,0.31015438,19.191437,225,1
atitlan,2025-11-21,705150.0,1617750.0,0.33914757,23.771671,225,1
atitlan,2025-11-21,705450.0,1617750.0,0.33038032,22.381062,225,1
atitlan,2025-11-21,705750.0,1617750.0,0.3055064,19.31343,225,1
atitlan,2025-11-21,706050.0,1617750.0,0.20061876,10.074233,225,0
atitlan,2025-11-21,706350.0,1617750.0,0.3027248,17.754011,225,1
atitlan,2025-11-21,706650.0,1617750.0,0.3196252,20.146563,225,1
atitlan,2025-11-21,706950.0,1617750.0,0.30744565,18.224447,225,1
atitlan,2025-11-21,707250.0,1617750.0,0.318251,20.00387,225,1
atitlan,2025-11-21,707550.0,1617750.0,0.29498988,16.440851,225,1
atitlan,2025-11-21,707850.0,1617750.0,0.36270925,28.635845,45,1
atitlan,2025-11-21,680250.0,1618050.0,0.02209236,4.3438587,180,0
atitlan,2025-11-21,680550.0,1618050.0,0.03292842,4.332461,225,0
atitlan,2025-11-21,680850.0,1618050.0,0.050550357,4.5405517,225,0
atitlan,2025-11-21,681150.0,1618050.0,0.025363786,4.2270975,225,0
atitlan,2025-11-21,681450.0,1618050.0,0.010111237,4.1848106,225,0
atitlan,2025-11-21,681750.0,1618050.0,0.008102226,4.1386356,225,0
atitlan,2025-11-21,682050.0,1618050.0,0.041704673,4.6446834,225,0
atitlan,2025-11-21,682350.0,1618050.0,0.2452458,12.932198,225,1
atitlan,2025-11-21,682650.0,1618050.0,0.33544868,24.61389,225,1
atitlan,2025-11-21,682950.0,1618050.0,0.3190199,22.499062,225,1
atitlan,2025-11-21,683250.0,1618050.0,0.33796573,23.959646,225,1
atitlan,2025-11-21,683550.0,1618050.0,0.35571712,27.492064,225,1
atitlan,2025-11-21,683850.0,1618050.0,0.3894515,34.32222,225,1
atitlan,2025-11-21,684150.0,1618050.0,0.3258506,23.877947,225,1
atitlan,2025-11-21,684450.0,1618050.0,0.25624257,15.270292,225,1
atitlan,2025-11-21,684750.0,1618050.0,0.2778146,16.131432,225,1
atitlan,2025-11-21,685050.0,1618050.0,0.28220052,15.834621,225,1
atitlan,2025-11-21,685350.0,1618050.0,0.28985256,16.168264,225,1
atitlan,2025-11-21,685650.0,1618050.0,0.27973035,15.827016,225,1
atitlan,2025-11-21,685950.0,1618050.0,0.29332143,16.668016,225,1
atitlan,2025-11-21,686250.0,1618050.0,0.28649527,16.53821,225,1
atitlan,2025-11-21,686550.0,1618050.0,0.30089995,18.10316,225,1
atitlan,2025-11-21,686850.0,1618050.0,0.3079446,18.71755,225,1
atitlan,2025-11-21,687150.0,1618050.0,0.29522288,17.624365,225,1
atitlan,2025-11-21,687450.0,1618050.0,0.2991839,18.871471,225,1
atitlan,2025-11-21,687750.0,1618050.0,0.29926738,19.146698,225,1
atitlan,2025-11-21,688050.0,1618050.0,0.23559384,14.093893,225,1
atitlan,2025-11-21,688350.0,1618050.0,0.059896063,6.4258475,225,0
atitlan,2025-11-21,688650.0,1618050.0,-0.083875395,0.7966187,225,0
atitlan,2025-11-21,688950.0,1618050.0,-0.08834549,0.5525486,225,0
atitlan,2025-11-21,689250.0,1618050.0,-0.09069419,0.43187174,225,0
atitlan,2025-11-21,689550.0,1618050.0,-0.08643893,0.6755746,225,0
atitlan,2025-11-21,689850.0,1618050.0,-0.008351325,3.0392962,225,0
atitlan,2025-11-21,690150.0,1618050.0,0.1650584,8.722884,225,0
atitlan,2025-11-21,690450.0,1618050.0,0.20441785,11.481903,225,0
atitlan,2025-11-21,690750.0,1618050.0,0.24912731,14.214408,225,1
atitlan,2025-11-21,691050.0,1618050.0,0.30168515,17.426138,225,1
atitlan,2025-11-21,691350.0,1618050.0,0.28659457,15.444831,225,1
atitlan,2025-11-21,691650.0,1618050.0,0.2540592,13.882885,225,1
atitlan,2025-11-21,691950.0,1618050.0,0.27985027,16.799133,225,1
atitlan,2025-11-21,692250.0,1618050.0,0.19237424,9.870336,225,0
atitlan,2025-11-21,692550.0,1618050.0,0.2354917,12.433649,225,1
atitlan,2025-11-21,692850.0,1618050.0,0.26879075,14.519115,225,1
atitlan,2025-11-21,693150.0,1618050.0,0.29835242,17.113087,225,1
atitlan,2025-11-21,693450.0,1618050.0,0.24037933,11.181879,225,0
atitlan,2025-11-21,693750.0,1618050.0,0.24636374,11.101591,225,0
atitlan,2025-11-21,694050.0,1618050.0,0.24797873,11.889124,225,0
atitlan,2025-11-21,694350.0,1618050.0,0.27137342,14.452045,225,1
atitlan,2025-11-21,694650.0,1618050.0,0.25284582,12.468262,225,1
atitlan,2025-11-21,694950.0,1618050.0,0.2894213,16.434242,225,1
atitlan,2025-11-21,695250.0,1618050.0,0.26438293,13.326023,225,1
atitlan,2025-11-21,695550.0,1618050.0,0.28448507,15.132901,225,1
atitlan,2025-11-21,695850.0,1618050.0,0.33532754,23.341831,225,1
atitlan,2025-11-21,696150.0,1618050.0,0.3504341,26.00839,225,1
atitlan,2025-11-21,696450.0,1618050.0,0.334615,22.713175,225,1
atitlan,2025-11-21,696750.0,1618050.0,0.33950767,23.731445,225,1
atitlan,2025-11-21,697050.0,1618050.0,0.3262027,22.000744,225,1
atitlan,2025-11-21,697350.0,1618050.0,0.315899,19.886272,225,1
atitlan,2025-11-21,697650.0,1618050.0,0.31236878,19.268904,225,1
atitlan,2025-11-21,697950.0,1618050.0,0.30149585,17.292248,225,1
atitlan,2025-11-21,698250.0,1618050.0,0.29622698,17.019962,225,1
atitlan,2025-11-21,698550.0,1618050.0,0.28316823,15.039362,225,1
atitlan,2025-11-21,698850.0,1618050.0,0.2847782,16.182196,225,1
atitlan,2025-11-21,699150.0,1618050.0,0.24587603,14.542762,225,1
atitlan,2025-11-21,699450.0,1618050.0,0.25901365,16.251019,225,1
atitlan,2025-11-21,699750.0,1618050.0,0.13260649,10.757653,225,0
atitlan,2025-11-21,700050.0,1618050.0,0.12800424,8.613369,225,0
atitlan,2025-11-21,700350.0,1618050.0,0.23926312,11.758006,225,0
atitlan,2025-11-21,700650.0,1618050.0,0.299915,17.748777,225,1
atitlan,2025-11-21,700950.0,1618050.0,0.29557723,17.343792,225,1
atitlan,2025-11-21,701250.0,1618050.0,0.29236925,17.98178,225,1
atitlan,2025-11-21,701550.0,1618050.0,0.2196567,9.864579,225,0
atitlan,2025-11-21,701850.0,1618050.0,0.3019126,18.237185,225,1
atitlan,2025-11-21,702150.0,1618050.0,0.33163926,23.005169,225,1
atitlan,2025-11-21,702450.0,1618050.0,0.28603828,17.130411,225,1
atitlan,2025-11-21,702750.0,1618050.0,0.21807083,10.720485,225,0
atitlan,2025-11-21,703050.0,1618050.0,0.27375084,13.823523,225,1
atitlan,2025-11-21,703350.0,1618050.0,0.26637456,13.292809,225,1
atitlan,2025-11-21,703650.0,1618050.0,0.28032616,15.537457,225,1
atitlan,2025-11-21,703950.0,1618050.0,0.26756695,13.937791,225,1
atitlan,2025-11-21,704250.0,1618050.0,0.2630226,13.600664,225,1
atitlan,2025-11-21,704550.0,1618050.0,0.24069542,12.616151,225,1
atitlan,2025-11-21,704850.0,1618050.0,0.3160713,21.636782,225,1
atitlan,2025-11-21,705150.0,1618050.0,0.2952585,18.758202,225,1
atitlan,2025-11-21,705450.0,1618050.0,0.33040124,22.807035,225,1
atitlan,2025-11-21,705750.0,1618050.0,0.33365795,23.037392,225,1
atitlan,2025-11-21,706050.0,1618050.0,0.3244523,21.895178,225,1
atitlan,2025-11-21,706350.0,1618050.0,0.2570371,15.006645,225,1
atitlan,2025-11-21,706650.0,1618050.0,0.29008827,16.694124,225,1
atitlan,2025-11-21,706950.0,1618050.0,0.3231984,21.42609,225,1
atitlan,2025-11-21,707250.0,1618050.0,0.32653686,21.858128,225,1
atitlan,2025-11-21,707550.0,1618050.0,0.31938955,20.119213,225,1
atitlan,2025-11-21,707850.0,1618050.0,0.33121085,21.89297,45,1
atitlan,2025-11-21,680250.0,1618350.0,0.06943469,4.8979673,180,0
atitlan,2025-11-21,680550.0,1618350.0,0.16243447,7.770174,225,0
atitlan,2025-11-21,680850.0,1618350.0,0.038359582,4.5089335,225,0
atitlan,2025-11-21,681150.0,1618350.0,0.021064114,4.2389245,225,0
atitlan,2025-11-21,681450.0,1618350.0,0.022285154,4.3026195,225,0
atitlan,2025-11-21,681750.0,1618350.0,0.026413241,4.4290624,225,0
atitlan,2025-11-21,682050.0,1618350.0,0.08783046,5.940572,225,0
atitlan,2025-11-21,682350.0,1618350.0,0.24856034,15.026041,225,1
atitlan,2025-11-21,682650.0,1618350.0,0.32004607,21.3157,225,1
atitlan,2025-11-21,682950.0,1618350.0,0.323956,21.355608,225,1
atitlan,2025-11-21,683250.0,1618350.0,0.291495,17.897182,225,1
atitlan,2025-11-21,683550.0,1618350.0,0.2324064,12.488926,225,1
atitlan,2025-11-21,683850.0,1618350.0,0.25763586,15.419518,225,1
atitlan,2025-11-21,684150.0,1618350.0,0.30548254,18.946247,225,1
atitlan,2025-11-21,684450.0,1618350.0,0.29857755,18.466291,225,1
atitlan,2025-11-21,684750.0,1618350.0,0.28643927,17.322386,225,1
atitlan,2025-11-21,685050.0,1618350.0,0.29804674,17.12845,225,1
atitlan,2025-11-21,685350.0,1618350.0,0.29492188,17.2793,225,1
atitlan,2025-11-21,685650.0,1618350.0,0.2939033,17.585302,225,1
atitlan,2025-11-21,685950.0,1618350.0,0.2992058,17.647137,225,1
atitlan,2025-11-21,686250.0,1618350.0,0.29046622,17.197025,225,1
atitlan,2025-11-21,686550.0,1618350.0,0.32085368,20.678242,225,1
atitlan,2025-11-21,686850.0,1618350.0,0.31530568,19.501068,225,1
atitlan,2025-11-21,687150.0,1618350.0,0.30571616,17.990896,225,1
atitlan,2025-11-21,687450.0,1618350.0,0.30522153,18.134392,225,1
atitlan,2025-11-21,687750.0,1618350.0,0.2955807,17.909698,225,1
atitlan,2025-11-21,688050.0,1618350.0,0.2876845,15.874217,225,1
atitlan,2025-11-21,688350.0,1618350.0,0.2413982,14.81957,225,1
atitlan,2025-11-21,688650.0,1618350.0,-0.07164311,1.4375485,225,0
atitlan,2025-11-21,688950.0,1618350.0,-0.08631929,0.66863334,225,0
atitlan,2025-11-21,689250.0,1618350.0,-0.08805557,0.5693887,225,0
atitlan,2025-11-21,689550.0,1618350.0,-0.08923947,0.542965,225,0
atitlan,2025-11-21,689850.0,1618350.0,-0.00492142,3.381669,225,0
atitlan,2025-11-21,690150.0,1618350.0,-0.0015676537,3.4590552,225,0
atitlan,2025-11-21,690450.0,1618350.0,0.16908367,10.396944,225,0
atitlan,2025-11-21,690750.0,1618350.0,0.2054189,11.985787,225,0
atitlan,2025-11-21,691050.0,1618350.0,0.29554802,16.405252,225,1
atitlan,2025-11-21,691350.0,1618350.0,0.28917634,15.957567,225,1
atitlan,2025-11-21,691650.0,1618350.0,0.29335588,17.601873,225,1
atitlan,2025-11-21,691950.0,1618350.0,0.23307429,13.117372,225,1
atitlan,2025-11-21,692250.0,1618350.0,0.21578507,10.669581,225,0
atitlan,2025-11-21,692550.0,1618350.0,0.26922062,13.91152,225,1
atitlan,2025-11-21,692850.0,1618350.0,0.2814589,15.621988,225,1
atitlan,2025-11-21,693150.0,1618350.0,0.26324078,13.325717,225,1
atitlan,2025-11-21,693450.0,1618350.0,0.27286887,15.0735035,225,1
atitlan,2025-11-21,693750.0,1618350.0,0.27295044,14.98428,225,1
atitlan,2025-11-21,694050.0,1618350.0,0.28549019,14.90426,225,1
atitlan,2025-11-21,694350.0,1618350.0,0.24517898,11.203155,225,0
atitlan,2025-11-21,694650.0,1618350.0,0.24550813,11.393383,225,0
atitlan,2025-11-21,694950.0,1618350.0,0.22896856,10.424483,225,0
atitlan,2025-11-21,695250.0,1618350.0,0.22183402,9.946882,225,0
atitlan,2025-11-21,695550.0,1618350.0,0.24101016,10.90063,225,0
atitlan,2025-11-21,695850.0,1618350.0,0.35316595,26.883833,225,1
atitlan,2025-11-21,696150.0,1618350.0,0.29796275,17.641777,225,1
atitlan,2025-11-21,696450.0,1618350.0,0.3277386,21.988577,225,1
atitlan,2025-11-21,696750.0,1618350.0,0.33671245,23.537697,225,1
atitlan,2025-11-21,697050.0,1618350.0,0.3168894,21.026651,225,1
atitlan,2025-11-21,697350.0,1618350.0,0.30668008,18.91221,225,1
atitlan,2025-11-21,697650.0,1618350.0,0.3115842,19.285843,225,1
atitlan,2025-11-21,697950.0,1618350.0,0.29296067,16.317781,225,1
atitlan,2025-11-21,698250.0,1618350.0,0.290898,15.94247,225,1
atitlan,2025-11-21,698550.0,1618350.0,0.28867212,15.771745,225,1
atitlan,2025-11-21,698850.0,1618350.0,0.28538483,15.641572,225,1
atitlan,2025-11-21,699150.0,1618350.0,0.26457575,14.282137,225,1
atitlan,2025-11-21,699450.0,1618350.0,0.17947216,12.179795,225,1
atitlan,2025-11-21,699750.0,1618350.0,0.079923384,5.729186,225,0
atitlan,2025-11-21,700050.0,1618350.0,0.04243001,4.3816676,225,0
atitlan,2025-11-21,700350.0,1618350.0,0.21128768,11.820548,225,0
atitlan,2025-11-21,700650.0,1618350.0,0.23051263,11.008129,225,0
atitlan,2025-11-21,700950.0,1618350.0,0.28744724,16.379015,225,1
atitlan,2025-11-21,701250.0,1618350.0,0.2974307,17.492483,225,1
atitlan,2025-11-21,701550.0,1618350.0,0.24322267,13.613345,225,1
atitlan,2025-11-21,701850.0,1618350.0,0.2677822,13.926781,225,1
atitlan,2025-11-21,702150.0,1618350.0,0.30038527,18.547548,225,1
atitlan,2025-11-21,702450.0,1618350.0,0.28275523,16.19156,225,1
atitlan,2025-11-21,702750.0,1618350.0,0.30447662,17.960247,225,1
atitlan,2025-11-21,703050.0,1618350.0,0.28575504,15.942603,225,1
atitlan,2025-11-21,703350.0,1618350.0,0.3087751,18.489939,225,1
atitlan,2025-11-21,703650.0,1618350.0,0.2775965,16.053598,225,1
atitlan,2025-11-21,703950.0,1618350.0,0.22770132,10.947778,225,0
atitlan,2025-11-21,704250.0,1618350.0,0.27067527,14.637564,225,1
atitlan,2025-11-21,704550.0,1618350.0,0.2579065,13.175672,225,1
atitlan,2025-11-21,704850.0,1618350.0,0.19673732,9.966965,225,0
atitlan,2025-11-21,705150.0,1618350.0,0.19999237,10.098013,225,0
atitlan,2025-11-21,705450.0,1618350.0,0.17897712,8.780654,225,0
atitlan,2025-11-21,705750.0,1618350.0,0.30428797,19.967285,225,1
atitlan,2025-11-21,706050.0,1618350.0,0.33589563,23.432213,225,1
atitlan,2025-11-21,706350.0,1618350.0,0.29368156,17.408012,225,1
atitlan,2025-11-21,706650.0,1618350.0,0.32994315,22.714014,225,1
atitlan,2025-11-21,706950.0,1618350.0,0.29180261,18.862034,225,1
atitlan,2025-11-21,707250.0,1618350.0,0.34595692,25.102936,225,1
atitlan,2025-11-21,707550.0,1618350.0,0.29149303,16.14473,225,1
atitlan,2025-11-21,707850.0,1618350.0,0.31724542,19.423084,45,1
atitlan,2025-11-21,680250.0,1618650.0,0.09650408,5.9040003,180,0
atitlan,2025-11-21,680550.0,1618650.0,0.083595395,5.1058044,225,0
atitlan,2025-11-21,680850.0,1618650.0,0.072771184,5.207644,225,0
atitlan,2025-11-21,681150.0,1618650.0,0.023976075,4.3284307,225,0
atitlan,2025-11-21,681450.0,1618650.0,0.053811476,5.1340604,225,0
atitlan,2025-11-21,681750.0,1618650.0,0.06646966,5.2614117,225,0
atitlan,2025-11-21,682050.0,1618650.0,0.13649167,6.4020233,225,0
atitlan,2025-11-21,682350.0,1618650.0,0.16075197,6.778309,225,0
atitlan,2025-11-21,682650.0,1618650.0,0.24530979,12.188535,225,1
atitlan,2025-11-21,682950.0,1618650.0,0.224434,11.567147,225,0
atitlan,2025-11-21,683250.0,1618650.0,0.2175716,11.203852,225,0
atitlan,2025-11-21,683550.0,1618650.0,0.26147747,13.846052,225,1
atitlan,2025-11-21,683850.0,1618650.0,0.24459355,12.116008,225,1
atitlan,2025-11-21,684150.0,1618650.0,0.2830228,16.511295,225,1
atitlan,2025-11-21,684450.0,1618650.0,0.27664655,16.198252,225,1
atitlan,2025-11-21,684750.0,1618650.0,0.28373817,16.474783,225,1
atitlan,2025-11-21,685050.0,1618650.0,0.28809312,17.482582,225,1
atitlan,2025-11-21,685350.0,1618650.0,0.30194494,17.792973,225,1
atitlan,2025-11-21,685650.0,1618650.0,0.2949154,16.736181,225,1
atitlan,2025-11-21,685950.0,1618650.0,0.31394672,20.045877,225,1
atitlan,2025-11-21,686250.0,1618650.0,0.3001653,18.016405,225,1
atitlan,2025-11-21,686550.0,1618650.0,0.3141527,20.1643,225,1
atitlan,2025-11-21,686850.0,1618650.0,0.31456348,19.858133,225,1
atitlan,2025-11-21,687150.0,1618650.0,0.3078021,18.329153,225,1
atitlan,2025-11-21,687450.0,1618650.0,0.30850902,19.074205,225,1
atitlan,2025-11-21,687750.0,1618650.0,0.30939588,18.605148,225,1
atitlan,2025-11-21,688050.0,1618650.0,0.30697215,17.876629,225,1
atitlan,2025-11-21,688350.0,1618650.0,0.3020179,17.35055,225,1
atitlan,2025-11-21,688650.0,1618650.0,0.16037774,11.607083,225,0
atitlan,2025-11-21,688950.0,1618650.0,-0.007950144,3.676782,225,0
atitlan,2025-11-21,689250.0,1618650.0,-0.08507901,0.7212272,225,0
atitlan,2025-11-21,689550.0,1618650.0,-0.09121917,0.45081678,225,0
atitlan,2025-11-21,689850.0,1618650.0,-0.06900974,1.3403914,225,0
atitlan,2025-11-21,690150.0,1618650.0,0.05661555,4.8905125,225,0
atitlan,2025-11-21,690450.0,1618650.0,0.069374934,7.866644,225,0
atitlan,2025-11-21,690750.0,1618650.0,0.122334205,7.585001,225,0
atitlan,2025-11-21,691050.0,1618650.0,0.27994657,14.838748,225,1
atitlan,2025-11-21,691350.0,1618650.0,0.26942965,13.411603,225,1
atitlan,2025-11-21,691650.0,1618650.0,0.2767283,14.919467,225,1
atitlan,2025-11-21,691950.0,1618650.0,0.24661571,13.497293,225,1
atitlan,2025-11-21,692250.0,1618650.0,0.27110803,14.667979,225,1
atitlan,2025-11-21,692550.0,1618650.0,0.2537997,13.703742,225,1
atitlan,2025-11-21,692850.0,1618650.0,0.29175234,16.279129,225,1
atitlan,2025-11-21,693150.0,1618650.0,0.29697016,17.776093,225,1
atitlan,2025-11-21,693450.0,1618650.0,0.27959204,16.1712,225,1
atitlan,2025-11-21,693750.0,1618650.0,0.26720688,14.4384985,225,1
atitlan,2025-11-21,694050.0,1618650.0,0.25397998,11.797433,225,0
atitlan,2025-11-21,694350.0,1618650.0,0.2655313,12.991702,225,1
atitlan,2025-11-21,694650.0,1618650.0,0.25025204,12.663434,225,1
atitlan,2025-11-21,694950.0,1618650.0,0.2584148,14.148706,225,1
atitlan,2025-11-21,695250.0,1618650.0,0.2391532,11.439912,225,0
atitlan,2025-11-21,695550.0,1618650.0,0.24505356,11.732195,225,0
atitlan,2025-11-21,695850.0,1618650.0,0.32220733,20.630466,225,1
atitlan,2025-11-21,696150.0,1618650.0,0.3210367,21.23222,225,1
atitlan,2025-11-21,696450.0,1618650.0,0.3103156,19.21486,225,1
atitlan,2025-11-21,696750.0,1618650.0,0.3091381,19.474146,225,1
atitlan,2025-11-21,697050.0,1618650.0,0.3292121,22.23891,225,1
atitlan,2025-11-21,697350.0,1618650.0,0.31534642,19.487192,225,1
atitlan,2025-11-21,697650.0,1618650.0,0.31167144,19.030981,225,1
atitlan,2025-11-21,697950.0,1618650.0,0.27797437,14.586498,225,1
atitlan,2025-11-21,698250.0,1618650.0,0.2736508,14.183505,225,1
atitlan,2025-11-21,698550.0,1618650.0,0.28158444,14.746516,225,1
atitlan,2025-11-21,698850.0,1618650.0,0.27184334,14.417907,225,1
atitlan,2025-11-21,699150.0,1618650.0,0.25737593,13.054127,225,1
atitlan,2025-11-21,699450.0,1618650.0,0.24320915,13.3846855,225,1
atitlan,2025-11-21,699750.0,1618650.0,0.042306617,4.699475,225,0
atitlan,2025-11-21,700050.0,1618650.0,0.07083384,5.678384,225,0
atitlan,2025-11-21,700350.0,1618650.0,0.18104352,9.858987,225,0
atitlan,2025-11-21,700650.0,1618650.0,0.2006606,8.881961,225,0
atitlan,2025-11-21,700950.0,1618650.0,0.22317997,10.246555,225,0
atitlan,2025-11-21,701250.0,1618650.0,0.27750805,15.973181,225,1
atitlan,2025-11-21,701550.0,1618650.0,0.2763837,16.180944,225,1
atitlan,2025-11-21,701850.0,1618650.0,0.241993,12.500698,225,1
atitlan,2025-11-21,702150.0,1618650.0,0.27198485,14.661331,225,1
atitlan,2025-11-21,702450.0,1618650.0,0.2958114,16.672684,225,1
atitlan,2025-11-21,702750.0,1618650.0,0.28762507,16.321398,225,1
atitlan,2025-11-21,703050.0,1618650.0,0.31050876,18.929977,225,1
atitlan,2025-11-21,703350.0,1618650.0,0.28822076,15.843487,225,1
atitlan,2025-11-21,703650.0,1618650.0,0.2595106,13.639375,225,1
atitlan,2025-11-21,703950.0,1618650.0,0.27241635,14.998771,225,1
atitlan,2025-11-21,704250.0,1618650.0,0.20342626,9.836734,225,0
atitlan,2025-11-21,704550.0,1618650.0,0.18112545,10.9372425,225,0
atitlan,2025-11-21,704850.0,1618650.0,0.18980843,12.273764,225,1
atitlan,2025-11-21,705150.0,1618650.0,0.20046063,13.499899,225,1
atitlan,2025-11-21,705450.0,1618650.0,0.21881136,13.176416,225,1
atitlan,2025-11-21,705750.0,1618650.0,0.22991301,10.929592,225,0
atitlan,2025-11-21,706050.0,1618650.0,0.2967527,17.737951,225,1
atitlan,2025-11-21,706350.0,1618650.0,0.35559303,26.901777,225,1
atitlan,2025-11-21,706650.0,1618650.0,0.28103074,17.961195,225,1
atitlan,2025-11-21,706950.0,1618650.0,0.3191349,22.162823,225,1
atitlan,2025-11-21,707250.0,1618650.0,0.3159375,19.546278,225,1
atitlan,2025-11-21,707550.0,1618650.0,0.31321004,19.812658,225,1
atitlan,2025-11-21,707850.0,1618650.0,0.3008377,16.994244,45,1
atitlan,2025-11-21,680250.0,1618950.0,0.100723065,6.6351404,180,0
atitlan,2025-11-21,680550.0,1618950.0,0.14347659,8.408857,225,0
atitlan,2025-11-21,680850.0,1618950.0,0.047004517,4.471228,225,0
atitlan,2025-11-21,681150.0,1618950.0,0.06841719,4.894357,225,0
atitlan,2025-11-21,681450.0,1618950.0,0.0821283,5.701144,225,0
atitlan,2025-11-21,681750.0,1618950.0,0.037836973,4.518545,225,0
atitlan,2025-11-21,682050.0,1618950.0,0.077423364,6.3222613,225,0
atitlan,2025-11-21,682350.0,1618950.0,0.20997332,11.105358,225,0
atitlan,2025-11-21,682650.0,1618950.0,0.2138118,12.077329,225,1
atitlan,2025-11-21,682950.0,1618950.0,0.24285927,14.234551,225,1
atitlan,2025-11-21,683250.0,1618950.0,0.31233913,19.5201,225,1
atitlan,2025-11-21,683550.0,1618950.0,0.32143915,20.487309,225,1
atitlan,2025-11-21,683850.0,1618950.0,0.31754246,19.807281,225,1
atitlan,2025-11-21,684150.0,1618950.0,0.31375912,19.804495,225,1
atitlan,2025-11-21,684450.0,1618950.0,0.30217862,20.243208,225,1
atitlan,2025-11-21,684750.0,1618950.0,0.29682145,19.887835,225,1
atitlan,2025-11-21,685050.0,1618950.0,0.30965817,20.63339,225,1
atitlan,2025-11-21,685350.0,1618950.0,0.2897322,18.012262,225,1
atitlan,2025-11-21,685650.0,1618950.0,0.27747715,16.8377,225,1
atitlan,2025-11-21,685950.0,1618950.0,0.3178446,20.504189,225,1
atitlan,2025-11-21,686250.0,1618950.0,0.30408496,19.017101,225,1
atitlan,2025-11-21,686550.0,1618950.0,0.30301514,18.919483,225,1
atitlan,2025-11-21,686850.0,1618950.0,0.31641927,20.473604,225,1
atitlan,2025-11-21,687150.0,1618950.0,0.32330143,21.587215,225,1
atitlan,2025-11-21,687450.0,1618950.0,0.3167437,20.839428,225,1
atitlan,2025-11-21,687750.0,1618950.0,0.31814903,21.112732,225,1
atitlan,2025-11-21,688050.0,1618950.0,0.28583357,15.6705065,225,1
atitlan,2025-11-21,688350.0,1618950.0,0.29660213,17.179773,225,1
atitlan,2025-11-21,688650.0,1618950.0,0.2854417,16.181795,225,1
atitlan,2025-11-21,688950.0,1618950.0,0.24471804,14.607002,225,1
atitlan,2025-11-21,689250.0,1618950.0,-0.0710559,1.3507835,225,0
atitlan,2025-11-21,689550.0,1618950.0,-0.084712036,0.764202,225,0
atitlan,2025-11-21,689850.0,1618950.0,-0.07952073,1.0025747,225,0
atitlan,2025-11-21,690150.0,1618950.0,0.104791924,6.9783707,225,0
atitlan,2025-11-21,690450.0,1618950.0,0.032573313,4.2150364,225,0
atitlan,2025-11-21,690750.0,1618950.0,0.037580654,4.77479,225,0
atitlan,2025-11-21,691050.0,1618950.0,0.13570696,8.022597,225,0
atitlan,2025-11-21,691350.0,1618950.0,0.2550294,13.200232,225,1
atitlan,2025-11-21,691650.0,1618950.0,0.2528578,11.686231,225,0
atitlan,2025-11-21,691950.0,1618950.0,0.25145748,11.567636,225,0
atitlan,2025-11-21,692250.0,1618950.0,0.27445045,13.950326,225,1
atitlan,2025-11-21,692550.0,1618950.0,0.29852784,16.91267,225,1
atitlan,2025-11-21,692850.0,1618950.0,0.2787214,15.799032,225,1
atitlan,2025-11-21,693150.0,1618950.0,0.28650633,16.553051,225,1
atitlan,2025-11-21,693450.0,1618950.0,0.26772392,14.94793,225,1
atitlan,2025-11-21,693750.0,1618950.0,0.26913765,14.521607,225,1
atitlan,2025-11-21,694050.0,1618950.0,0.2591385,12.9161625,225,1
atitlan,2025-11-21,694350.0,1618950.0,0.28283554,14.944834,225,1
atitlan,2025-11-21,694650.0,1618950.0,0.20367189,8.794113,225,0
atitlan,2025-11-21,694950.0,1618950.0,0.2651932,13.279487,225,1
atitlan,2025-11-21,695250.0,1618950.0,0.29256442,16.786663,225,1
atitlan,2025-11-21,695550.0,1618950.0,0.29317868,16.996471,225,1
atitlan,2025-11-21,695850.0,1618950.0,0.30917278,18.934711,225,1
atitlan,2025-11-21,696150.0,1618950.0,0.32506514,21.933851,225,1
atitlan,2025-11-21,696450.0,1618950.0,0.31444702,19.805597,225,1
atitlan,2025-11-21,696750.0,1618950.0,0.31318846,19.664398,225,1
atitlan,2025-11-21,697050.0,1618950.0,0.31238514,19.581747,225,1
atitlan,2025-11-21,697350.0,1618950.0,0.30995503,18.396742,225,1
atitlan,2025-11-21,697650.0,1618950.0,0.28116542,14.624719,225,1
atitlan,2025-11-21,697950.0,1618950.0,0.28006533,14.517808,225,1
atitlan,2025-11-21,698250.0,1618950.0,0.30099836,17.896503,225,1
atitlan,2025-11-21,698550.0,1618950.0,0.2860904,15.443464,225,1
atitlan,2025-11-21,698850.0,1618950.0,0.2779434,16.316423,225,1
atitlan,2025-11-21,699150.0,1618950.0,0.17414589,11.466892,225,0
atitlan,2025-11-21,699450.0,1618950.0,0.12568891,11.267754,225,0
atitlan,2025-11-21,699750.0,1618950.0,0.07217223,6.217133,225,0
atitlan,2025-11-21,700050.0,1618950.0,0.06869603,5.714148,225,0
atitlan,2025-11-21,700350.0,1618950.0,0.15749963,10.383161,225,0
atitlan,2025-11-21,700650.0,1618950.0,0.17909123,9.66529,225,0
atitlan,2025-11-21,700950.0,1618950.0,0.19589469,9.432167,225,0
atitlan,2025-11-21,701250.0,1618950.0,0.26835802,14.162858,225,1
atitlan,2025-11-21,701550.0,1618950.0,0.25057682,13.657772,225,1
atitlan,2025-11-21,701850.0,1618950.0,0.2326652,14.803066,225,1
atitlan,2025-11-21,702150.0,1618950.0,0.2034641,12.177642,225,1
atitlan,2025-11-21,702450.0,1618950.0,0.29142046,16.378513,225,1
atitlan,2025-11-21,702750.0,1618950.0,0.30547854,18.252977,225,1
atitlan,2025-11-21,703050.0,1618950.0,0.30845094,18.521372,225,1
atitlan,2025-11-21,703350.0,1618950.0,0.29906467,16.988678,225,1
atitlan,2025-11-21,703650.0,1618950.0,0.26932192,14.519847,225,1
atitlan,2025-11-21,703950.0,1618950.0,0.27288082,15.01089,225,1
atitlan,2025-11-21,704250.0,1618950.0,0.29439703,17.32999,225,1
atitlan,2025-11-21,704550.0,1618950.0,0.26974502,14.915201,225,1
atitlan,2025-11-21,704850.0,1618950.0,0.24951763,12.600953,225,1
atitlan,2025-11-21,705150.0,1618950.0,0.21813317,13.679867,225,1
atitlan,2025-11-21,705450.0,1618950.0,0.20260091,12.852115,225,1
atitlan,2025-11-21,705750.0,1618950.0,0.27295238,16.133038,225,1
atitlan,2025-11-21,706050.0,1618950.0,0.1996993,9.10484,225,0
atitlan,2025-11-21,706350.0,1618950.0,0.23447034,11.7153015,225,0
atitlan,2025-11-21,706650.0,1618950.0,0.23974304,12.658435,225,1
atitlan,2025-11-21,706950.0,1618950.0,0.31213647,19.885082,225,1
atitlan,2025-11-21,707250.0,1618950.0,0.31876922,20.303001,225,1
atitlan,2025-11-21,707550.0,1618950.0,0.3080511,20.221,225,1
atitlan,2025-11-21,707850.0,1618950.0,0.33044592,22.856306,45,1
atitlan,2025-11-21,680250.0,1619250.0,0.071199715,5.25109,180,0
atitlan,2025-11-21,680550.0,1619250.0,0.26373714,13.833833,225,1
atitlan,2025-11-21,680850.0,1619250.0,0.107960954,6.0766525,225,0
atitlan,2025-11-21,681150.0,1619250.0,0.057105873,4.7055964,225,0
atitlan,2025-11-21,681450.0,1619250.0,0.043052115,4.6539,225,0
atitlan,2025-11-21,681750.0,1619250.0,0.049624525,4.5538683,225,0
atitlan,2025-11-21,682050.0,1619250.0,0.03275744,4.3660736,225,0
atitlan,2025-11-21,682350.0,1619250.0,0.22758125,12.21581,225,1
atitlan,2025-11-21,682650.0,1619250.0,0.28552288,16.689518,225,1
atitlan,2025-11-21,682950.0,1619250.0,0.30795553,18.367788,225,1
atitlan,2025-11-21,683250.0,1619250.0,0.28935462,17.801117,225,1
atitlan,2025-11-21,683550.0,1619250.0,0.30313373,18.605171,225,1
atitlan,2025-11-21,683850.0,1619250.0,0.32232633,20.321075,225,1
atitlan,2025-11-21,684150.0,1619250.0,0.33220723,22.044708,225,1
atitlan,2025-11-21,684450.0,1619250.0,0.342385,24.035273,225,1
atitlan,2025-11-21,684750.0,1619250.0,0.36495912,28.660347,225,1
atitlan,2025-11-21,685050.0,1619250.0,0.34465948,24.963,225,1
atitlan,2025-11-21,685350.0,1619250.0,0.30835846,20.421059,225,1
atitlan,2025-11-21,685650.0,1619250.0,0.29960594,19.107056,225,1
atitlan,2025-11-21,685950.0,1619250.0,0.29921615,18.844685,225,1
atitlan,2025-11-21,686250.0,1619250.0,0.34961054,25.337421,225,1
atitlan,2025-11-21,686550.0,1619250.0,0.32904774,23.708769,225,1
atitlan,2025-11-21,686850.0,1619250.0,0.32550818,22.812674,225,1
atitlan,2025-11-21,687150.0,1619250.0,0.29315183,20.007828,225,1
atitlan,2025-11-21,687450.0,1619250.0,0.34268197,25.81823,225,1
atitlan,2025-11-21,687750.0,1619250.0,0.31723002,20.512072,225,1
atitlan,2025-11-21,688050.0,1619250.0,0.30319482,17.585974,225,1
atitlan,2025-11-21,688350.0,1619250.0,0.29986417,17.909956,225,1
atitlan,2025-11-21,688650.0,1619250.0,0.3002947,17.747303,225,1
atitlan,2025-11-21,688950.0,1619250.0,0.2797869,16.500734,225,1
atitlan,2025-11-21,689250.0,1619250.0,0.13941672,10.074935,225,0
atitlan,2025-11-21,689550.0,1619250.0,0.034786034,4.885249,225,0
atitlan,2025-11-21,689850.0,1619250.0,-0.07049644,1.227859,225,0
atitlan,2025-11-21,690150.0,1619250.0,0.12758023,7.443505,225,0
atitlan,2025-11-21,690450.0,1619250.0,0.047446404,4.8402333,225,0
atitlan,2025-11-21,690750.0,1619250.0,0.025285697,4.129923,225,0
atitlan,2025-11-21,691050.0,1619250.0,0.0514367,4.7364745,225,0
atitlan,2025-11-21,691350.0,1619250.0,0.24276371,13.01195,225,1
atitlan,2025-11-21,691650.0,1619250.0,0.26588002,13.151745,225,1
atitlan,2025-11-21,691950.0,1619250.0,0.27202395,13.877785,225,1
atitlan,2025-11-21,692250.0,1619250.0,0.2704357,14.186501,225,1
atitlan,2025-11-21,692550.0,1619250.0,0.2775203,14.53181,225,1
atitlan,2025-11-21,692850.0,1619250.0,0.27867284,14.775503,225,1
atitlan,2025-11-21,693150.0,1619250.0,0.26764452,14.786101,225,1
atitlan,2025-11-21,693450.0,1619250.0,0.27435157,14.669949,225,1
atitlan,2025-11-21,693750.0,1619250.0,0.26918435,15.189775,225,1
atitlan,2025-11-21,694050.0,1619250.0,0.2772167,14.508056,225,1
atitlan,2025-11-21,694350.0,1619250.0,0.28714582,16.018904,225,1
atitlan,2025-11-21,694650.0,1619250.0,0.2514853,13.106813,225,1
atitlan,2025-11-21,694950.0,1619250.0,0.26199603,13.303434,225,1
atitlan,2025-11-21,695250.0,1619250.0,0.28602028,16.042437,225,1
atitlan,2025-11-21,695550.0,1619250.0,0.24340227,11.7231045,225,0
atitlan,2025-11-21,695850.0,1619250.0,0.27239808,15.047195,225,1
atitlan,2025-11-21,696150.0,1619250.0,0.29731622,17.973883,225,1
atitlan,2025-11-21,696450.0,1619250.0,0.3144102,19.68577,225,1
atitlan,2025-11-21,696750.0,1619250.0,0.2991065,18.083689,225,1
atitlan,2025-11-21,697050.0,1619250.0,0.29197198,16.918592,225,1
atitlan,2025-11-21,697350.0,1619250.0,0.28665006,15.723596,225,1
atitlan,2025-11-21,697650.0,1619250.0,0.28664547,15.217456,225,1
atitlan,2025-11-21,697950.0,1619250.0,0.28958225,15.715899,225,1
atitlan,2025-11-21,698250.0,1619250.0,0.29207408,16.003666,225,1
atitlan,2025-11-21,698550.0,1619250.0,0.26800984,14.027565,225,1
atitlan,2025-11-21,698850.0,1619250.0,0.27241215,14.491318,225,1
atitlan,2025-11-21,699150.0,1619250.0,0.18941204,11.783842,225,0
atitlan,2025-11-21,699450.0,1619250.0,0.14645652,9.562537,225,0
atitlan,2025-11-21,699750.0,1619250.0,0.18256049,11.583731,225,0
atitlan,2025-11-21,700050.0,1619250.0,0.060676266,6.858819,224,0
atitlan,2025-11-21,700350.0,1619250.0,0.014365386,4.757113,225,0
atitlan,2025-11-21,700650.0,1619250.0,-0.012493717,3.1794407,225,0
atitlan,2025-11-21,700950.0,1619250.0,0.22719465,14.030286,225,1
atitlan,2025-11-21,701250.0,1619250.0,0.27425113,14.353842,225,1
atitlan,2025-11-21,701550.0,1619250.0,0.29669935,18.550535,225,1
atitlan,2025-11-21,701850.0,1619250.0,0.2514758,14.553892,225,1
atitlan,2025-11-21,702150.0,1619250.0,0.2224894,13.307099,225,1
atitlan,2025-11-21,702450.0,1619250.0,0.24807914,14.604003,225,1
atitlan,2025-11-21,702750.0,1619250.0,0.328871,22.101572,225,1
atitlan,2025-11-21,703050.0,1619250.0,0.30556646,18.75792,225,1
atitlan,2025-11-21,703350.0,1619250.0,0.30506796,18.366835,225,1
atitlan,2025-11-21,703650.0,1619250.0,0.2865199,15.775328,225,1
atitlan,2025-11-21,703950.0,1619250.0,0.2842805,16.432896,225,1
atitlan,2025-11-21,704250.0,1619250.0,0.27597928,14.85595,225,1
atitlan,2025-11-21,704550.0,1619250.0,0.2745007,14.617297,225,1
atitlan,2025-11-21,704850.0,1619250.0,0.2887362,15.573643,225,1
atitlan,2025-11-21,705150.0,1619250.0,0.25166842,13.089393,225,1
atitlan,2025-11-21,705450.0,1619250.0,0.2819869,15.563808,225,1
atitlan,2025-11-21,705750.0,1619250.0,0.2259286,10.6310625,225,0
atitlan,2025-11-21,706050.0,1619250.0,0.18411884,8.709385,225,0
atitlan,2025-11-21,706350.0,1619250.0,0.20419747,12.067896,225,1
atitlan,2025-11-21,706650.0,1619250.0,0.19854465,12.273325,225,1
atitlan,2025-11-21,706950.0,1619250.0,0.21442549,10.439092,225,0
atitlan,2025-11-21,707250.0,1619250.0,0.32572868,21.70802,225,1
atitlan,2025-11-21,707550.0,1619250.0,0.27553985,18.438229,225,1
atitlan,2025-11-21,707850.0,1619250.0,0.26551175,17.871498,45,1
atitlan,2025-11-21,680250.0,1619550.0,0.012998675,4.246294,180,0
atitlan,2025-11-21,680550.0,1619550.0,0.11353556,6.55859,225,0
atitlan,2025-11-21,680850.0,1619550.0,0.15735494,7.0711956,225,0
atitlan,2025-11-21,681150.0,1619550.0,0.04021606,4.7281337,225,0
atitlan,2025-11-21,681450.0,1619550.0,0.0061424784,4.127212,225,0
atitlan,2025-11-21,681750.0,1619550.0,0.031633243,4.282013,225,0
atitlan,2025-11-21,682050.0,1619550.0,0.060546976,5.4656663,225,0
atitlan,2025-11-21,682350.0,1619550.0,0.24234636,13.029785,225,1
atitlan,2025-11-21,682650.0,1619550.0,0.3106635,18.92374,225,1
atitlan,2025-11-21,682950.0,1619550.0,0.24038742,13.154065,225,1
atitlan,2025-11-21,683250.0,1619550.0,0.19634221,10.145237,225,0
atitlan,2025-11-21,683550.0,1619550.0,0.274881,16.15151,225,1
atitlan,2025-11-21,683850.0,1619550.0,0.2966073,17.693022,225,1
atitlan,2025-11-21,684150.0,1619550.0,0.31289455,19.359188,225,1
atitlan,2025-11-21,684450.0,1619550.0,0.29677334,18.069422,225,1
atitlan,2025-11-21,684750.0,1619550.0,0.31111965,19.271431,225,1
atitlan,2025-11-21,685050.0,1619550.0,0.32235363,21.479914,225,1
atitlan,2025-11-21,685350.0,1619550.0,0.35049874,26.257769,225,1
atitlan,2025-11-21,685650.0,1619550.0,0.32058638,21.159218,225,1
atitlan,2025-11-21,685950.0,1619550.0,0.33454975,22.637394,225,1
atitlan,2025-11-21,686250.0,1619550.0,0.3379495,23.339832,225,1
atitlan,2025-11-21,686550.0,1619550.0,0.31314433,22.308159,225,1
atitlan,2025-11-21,686850.0,1619550.0,0.3530954,27.950338,225,1
atitlan,2025-11-21,687150.0,1619550.0,0.33619788,25.273243,225,1
atitlan,2025-11-21,687450.0,1619550.0,0.354976,26.801275,225,1
atitlan,2025-11-21,687750.0,1619550.0,0.34765756,24.931992,225,1
atitlan,2025-11-21,688050.0,1619550.0,0.29387742,17.328959,225,1
atitlan,2025-11-21,688350.0,1619550.0,0.2928272,16.285923,225,1
atitlan,2025-11-21,688650.0,1619550.0,0.2805357,15.087457,225,1
atitlan,2025-11-21,688950.0,1619550.0,0.28115398,15.383956,225,1
atitlan,2025-11-21,689250.0,1619550.0,0.29893073,17.439781,225,1
atitlan,2025-11-21,689550.0,1619550.0,0.13691112,9.432836,225,0
atitlan,2025-11-21,689850.0,1619550.0,-0.085602224,0.69156146,225,0
atitlan,2025-11-21,690150.0,1619550.0,0.019504204,5.1795797,225,0
atitlan,2025-11-21,690450.0,1619550.0,0.04872153,6.2299986,225,0
atitlan,2025-11-21,690750.0,1619550.0,0.10940805,7.9733486,225,0
atitlan,2025-11-21,691050.0,1619550.0,0.065541446,5.39406,225,0
atitlan,2025-11-21,691350.0,1619550.0,0.13689482,8.133576,225,0
atitlan,2025-11-21,691650.0,1619550.0,0.27002126,13.603747,225,1
atitlan,2025-11-21,691950.0,1619550.0,0.26085332,13.268116,225,1
atitlan,2025-11-21,692250.0,1619550.0,0.26289648,12.899548,225,1
atitlan,2025-11-21,692550.0,1619550.0,0.28015852,15.255897,225,1
atitlan,2025-11-21,692850.0,1619550.0,0.27600917,15.573581,225,1
atitlan,2025-11-21,693150.0,1619550.0,0.22914347,12.273375,225,1
atitlan,2025-11-21,693450.0,1619550.0,0.23610304,13.567482,225,1
atitlan,2025-11-21,693750.0,1619550.0,0.28094828,16.746384,225,1
atitlan,2025-11-21,694050.0,1619550.0,0.29944438,17.49501,225,1
atitlan,2025-11-21,694350.0,1619550.0,0.28471747,15.548971,225,1
atitlan,2025-11-21,694650.0,1619550.0,0.25010037,13.963927,225,1
atitlan,2025-11-21,694950.0,1619550.0,0.26785207,13.738022,225,1
atitlan,2025-11-21,695250.0,1619550.0,0.28244665,14.763283,225,1
atitlan,2025-11-21,695550.0,1619550.0,0.27619162,15.208487,225,1
atitlan,2025-11-21,695850.0,1619550.0,0.2642559,14.019345,225,1
atitlan,2025-11-21,696150.0,1619550.0,0.27833182,15.410413,225,1
atitlan,2025-11-21,696450.0,1619550.0,0.30105206,18.741247,225,1
atitlan,2025-11-21,696750.0,1619550.0,0.31363177,19.73894,225,1
atitlan,2025-11-21,697050.0,1619550.0,0.2840306,16.388334,225,1
atitlan,2025-11-21,697350.0,1619550.0,0.28180468,15.259511,225,1
atitlan,2025-11-21,697650.0,1619550.0,0.29106355,15.762031,225,1
atitlan,2025-11-21,697950.0,1619550.0,0.28708276,15.131417,225,1
atitlan,2025-11-21,698250.0,1619550.0,0.27704576,14.598791,225,1
atitlan,2025-11-21,698550.0,1619550.0,0.26893145,13.781526,225,1
atitlan,2025-11-21,698850.0,1619550.0,0.28162247,14.914604,225,1
atitlan,2025-11-21,699150.0,1619550.0,0.25141013,14.372347,225,1
atitlan,2025-11-21,699450.0,1619550.0,0.17026493,12.567785,225,1
atitlan,2025-11-21,699750.0,1619550.0,0.26343575,16.821468,225,1
atitlan,2025-11-21,700050.0,1619550.0,0.16884026,12.464701,224,1
atitlan,2025-11-21,700350.0,1619550.0,-0.015683737,3.520821,225,0
atitlan,2025-11-21,700650.0,1619550.0,-0.076505795,1.1994921,225,0
atitlan,2025-11-21,700950.0,1619550.0,0.24682176,13.436108,225,1
atitlan,2025-11-21,701250.0,1619550.0,0.2706769,13.932675,225,1
atitlan,2025-11-21,701550.0,1619550.0,0.26850653,14.452114,225,1
atitlan,2025-11-21,701850.0,1619550.0,0.26277822,13.891907,225,1
atitlan,2025-11-21,702150.0,1619550.0,0.28382203,16.219118,225,1
atitlan,2025-11-21,702450.0,1619550.0,0.24815406,15.361569,225,1
atitlan,2025-11-21,702750.0,1619550.0,0.29304945,16.682077,225,1
atitlan,2025-11-21,703050.0,1619550.0,0.306269,18.295504,225,1
atitlan,2025-11-21,703350.0,1619550.0,0.29156405,16.547083,225,1
atitlan,2025-11-21,703650.0,1619550.0,0.2873442,16.710363,225,1
atitlan,2025-11-21,703950.0,1619550.0,0.26918647,14.327119,225,1
atitlan,2025-11-21,704250.0,1619550.0,0.26614934,14.751087,225,1
atitlan,2025-11-21,704550.0,1619550.0,0.234107,12.221612,225,1
atitlan,2025-11-21,704850.0,1619550.0,0.20693591,10.930562,225,0
atitlan,2025-11-21,705150.0,1619550.0,0.24826002,12.778738,225,1
atitlan,2025-11-21,705450.0,1619550.0,0.2356178,11.577587,225,0
atitlan,2025-11-21,705750.0,1619550.0,0.28612956,15.893794,225,1
atitlan,2025-11-21,706050.0,1619550.0,0.27481344,15.07166,225,1
atitlan,2025-11-21,706350.0,1619550.0,0.26244512,13.960937,225,1
atitlan,2025-11-21,706650.0,1619550.0,0.23269361,13.256285,225,1
atitlan,2025-11-21,706950.0,1619550.0,0.22675213,14.722701,225,1
atitlan,2025-11-21,707250.0,1619550.0,0.29182282,17.75001,225,1
atitlan,2025-11-21,707550.0,1619550.0,0.2310098,14.079211,225,1
atitlan,2025-11-21,707850.0,1619550.0,0.14226702,8.781383,45,0
atitlan,2025-11-21,680250.0,1619850.0,0.017155511,4.3153706,180,0
atitlan,2025-11-21,680550.0,1619850.0,0.014855502,4.251716,225,0
atitlan,2025-11-21,680850.0,1619850.0,0.031085785,4.4049964,225,0
atitlan,2025-11-21,681150.0,1619850.0,0.07360969,5.1043243,225,0
atitlan,2025-11-21,681450.0,1619850.0,0.042196285,4.639077,225,0
atitlan,2025-11-21,681750.0,1619850.0,0.035761517,4.487658,225,0
atitlan,2025-11-21,682050.0,1619850.0,0.22602285,12.453723,225,1
atitlan,2025-11-21,682350.0,1619850.0,0.31203574,18.692068,225,1
atitlan,2025-11-21,682650.0,1619850.0,0.28185266,17.8676,225,1
atitlan,2025-11-21,682950.0,1619850.0,0.16752365,7.25135,225,0
atitlan,2025-11-21,683250.0,1619850.0,0.19923128,11.233066,225,0
atitlan,2025-11-21,683550.0,1619850.0,0.2650963,15.420699,225,1
atitlan,2025-11-21,683850.0,1619850.0,0.2681928,15.743062,225,1
atitlan,2025-11-21,684150.0,1619850.0,0.32771686,21.523294,225,1
atitlan,2025-11-21,684450.0,1619850.0,0.351201,26.562672,225,1
atitlan,2025-11-21,684750.0,1619850.0,0.29175636,17.088081,225,1
atitlan,2025-11-21,685050.0,1619850.0,0.31388715,19.592924,225,1
atitlan,2025-11-21,685350.0,1619850.0,0.33049724,22.468052,225,1
atitlan,2025-11-21,685650.0,1619850.0,0.33042443,23.34708,225,1
atitlan,2025-11-21,685950.0,1619850.0,0.344112,24.22377,225,1
atitlan,2025-11-21,686250.0,1619850.0,0.34291023,24.232155,225,1
atitlan,2025-11-21,686550.0,1619850.0,0.36152077,27.73246,225,1
atitlan,2025-11-21,686850.0,1619850.0,0.35308143,28.218204,225,1
atitlan,2025-11-21,687150.0,1619850.0,0.35302687,26.846401,225,1
atitlan,2025-11-21,687450.0,1619850.0,0.35318032,26.41793,225,1
atitlan,2025-11-21,687750.0,1619850.0,0.33372197,22.638084,225,1
atitlan,2025-11-21,688050.0,1619850.0,0.31204775,19.258673,225,1
atitlan,2025-11-21,688350.0,1619850.0,0.2953235,16.907228,225,1
atitlan,2025-11-21,688650.0,1619850.0,0.27991003,15.549441,225,1
atitlan,2025-11-21,688950.0,1619850.0,0.28140706,15.1767845,225,1
atitlan,2025-11-21,689250.0,1619850.0,0.29241583,16.511087,225,1
atitlan,2025-11-21,689550.0,1619850.0,0.1565299,10.434947,225,0
atitlan,2025-11-21,689850.0,1619850.0,-0.0817718,0.888798,225,0
atitlan,2025-11-21,690150.0,1619850.0,-0.0892819,0.54322255,225,0
atitlan,2025-11-21,690450.0,1619850.0,-0.08490543,0.7457823,225,0
atitlan,2025-11-21,690750.0,1619850.0,0.104002945,7.136074,225,0
atitlan,2025-11-21,691050.0,1619850.0,0.12909488,7.9344172,225,0
atitlan,2025-11-21,691350.0,1619850.0,0.21286438,13.025843,225,1
atitlan,2025-11-21,691650.0,1619850.0,0.23501955,12.626593,225,1
atitlan,2025-11-21,691950.0,1619850.0,0.27742907,14.897769,225,1
atitlan,2025-11-21,692250.0,1619850.0,0.26711538,14.248558,225,1
atitlan,2025-11-21,692550.0,1619850.0,0.28662753,16.814362,225,1
atitlan,2025-11-21,692850.0,1619850.0,0.23649946,12.834031,225,1
atitlan,2025-11-21,693150.0,1619850.0,0.2687929,14.83327,225,1
atitlan,2025-11-21,693450.0,1619850.0,0.28126973,16.985788,225,1
atitlan,2025-11-21,693750.0,1619850.0,0.31429783,19.936853,225,1
atitlan,2025-11-21,694050.0,1619850.0,0.30635825,18.919989,225,1
atitlan,2025-11-21,694350.0,1619850.0,0.30057725,17.56586,225,1
atitlan,2025-11-21,694650.0,1619850.0,0.30963564,18.387836,225,1
atitlan,2025-11-21,694950.0,1619850.0,0.27081096,13.439593,225,1
atitlan,2025-11-21,695250.0,1619850.0,0.28647763,15.2533245,225,1
atitlan,2025-11-21,695550.0,1619850.0,0.27472442,14.837976,225,1
atitlan,2025-11-21,695850.0,1619850.0,0.2848527,15.897107,225,1
atitlan,2025-11-21,696150.0,1619850.0,0.298439,18.323578,225,1
atitlan,2025-11-21,696450.0,1619850.0,0.2910839,16.927933,225,1
atitlan,2025-11-21,696750.0,1619850.0,0.29339856,17.164206,225,1
atitlan,2025-11-21,697050.0,1619850.0,0.28698072,17.07745,225,1
atitlan,2025-11-21,697350.0,1619850.0,0.27291954,14.916245,225,1
atitlan,2025-11-21,697650.0,1619850.0,0.29469466,16.245718,225,1
atitlan,2025-11-21,697950.0,1619850.0,0.28614452,15.570965,225,1
atitlan,2025-11-21,698250.0,1619850.0,0.26344138,13.276864,225,1
atitlan,2025-11-21,698550.0,1619850.0,0.27853057,14.9857025,225,1
atitlan,2025-11-21,698850.0,1619850.0,0.27098235,13.349761,225,1
atitlan,2025-11-21,699150.0,1619850.0,0.2521011,14.422555,225,1
atitlan,2025-11-21,699450.0,1619850.0,0.19521391,14.454332,225,1
atitlan,2025-11-21,699750.0,1619850.0,0.23141296,14.546256,225,1
atitlan,2025-11-21,700050.0,1619850.0,0.265023,15.01447,225,1
atitlan,2025-11-21,700350.0,1619850.0,0.089529335,8.527082,225,0
atitlan,2025-11-21,700650.0,1619850.0,-0.083078526,0.8583522,225,0
atitlan,2025-11-21,700950.0,1619850.0,0.028981913,3.6862223,225,0
atitlan,2025-11-21,701250.0,1619850.0,0.20774879,10.00072,225,0
atitlan,2025-11-21,701550.0,1619850.0,0.28386095,15.5337715,225,1
atitlan,2025-11-21,701850.0,1619850.0,0.27873513,14.669133,225,1
atitlan,2025-11-21,702150.0,1619850.0,0.26192218,13.121322,225,1
atitlan,2025-11-21,702450.0,1619850.0,0.22041415,16.412897,225,1
atitlan,2025-11-21,702750.0,1619850.0,0.22776666,12.84949,225,1
atitlan,2025-11-21,703050.0,1619850.0,0.2871521,17.811123,225,1
atitlan,2025-11-21,703350.0,1619850.0,0.30841652,19.082127,225,1
atitlan,2025-11-21,703650.0,1619850.0,0.2894253,16.64317,225,1
atitlan,2025-11-21,703950.0,1619850.0,0.28173888,17.13524,225,1
atitlan,2025-11-21,704250.0,1619850.0,0.27737615,16.55945,225,1
atitlan,2025-11-21,704550.0,1619850.0,0.28123882,16.496698,225,1
atitlan,2025-11-21,704850.0,1619850.0,0.23857674,12.946575,225,1
atitlan,2025-11-21,705150.0,1619850.0,0.20516062,9.369189,225,0
atitlan,2025-11-21,705450.0,1619850.0,0.22382982,10.21345,225,0
atitlan,2025-11-21,705750.0,1619850.0,0.26492384,13.348522,225,1
atitlan,2025-11-21,706050.0,1619850.0,0.29296082,17.033049,225,1
atitlan,2025-11-21,706350.0,1619850.0,0.3238552,21.690794,225,1
atitlan,2025-11-21,706650.0,1619850.0,0.30160704,19.745796,225,1
atitlan,2025-11-21,706950.0,1619850.0,0.29992154,17.647213,225,1
atitlan,2025-11-21,707250.0,1619850.0,0.28485158,15.487201,225,1
atitlan,2025-11-21,707550.0,1619850.0,0.2283749,13.858337,225,1
atitlan,2025-11-21,707850.0,1619850.0,0.16938011,9.714741,45,0
atitlan,2025-11-21,680250.0,1620150.0,0.04680202,4.652795,180,0
atitlan,2025-11-21,680550.0,1620150.0,0.057153646,5.404485,225,0
atitlan,2025-11-21,680850.0,1620150.0,0.0832309,6.1410656,225,0
atitlan,2025-11-21,681150.0,1620150.0,0.08219753,5.6141353,225,0
atitlan,2025-11-21,681450.0,1620150.0,0.14387462,7.9184823,225,0
atitlan,2025-11-21,681750.0,1620150.0,0.26482168,15.610935,225,1
atitlan,2025-11-21,682050.0,1620150.0,0.27239874,15.016872,225,1
atitlan,2025-11-21,682350.0,1620150.0,0.31622604,19.752068,225,1
atitlan,2025-11-21,682650.0,1620150.0,0.2952564,17.770575,225,1
atitlan,2025-11-21,682950.0,1620150.0,0.17484502,9.110597,225,0
atitlan,2025-11-21,683250.0,1620150.0,0.24323027,13.396821,225,1
atitlan,2025-11-21,683550.0,1620150.0,0.24864021,14.064454,225,1
atitlan,2025-11-21,683850.0,1620150.0,0.27647552,16.426119,225,1
atitlan,2025-11-21,684150.0,1620150.0,0.30663672,20.014198,225,1
atitlan,2025-11-21,684450.0,1620150.0,0.3209047,22.82375,225,1
atitlan,2025-11-21,684750.0,1620150.0,0.31126568,20.369942,225,1
atitlan,2025-11-21,685050.0,1620150.0,0.31096208,18.764694,225,1
atitlan,2025-11-21,685350.0,1620150.0,0.2223196,12.420426,225,1
atitlan,2025-11-21,685650.0,1620150.0,0.3227819,20.189848,225,1
atitlan,2025-11-21,685950.0,1620150.0,0.3092146,19.161934,225,1
atitlan,2025-11-21,686250.0,1620150.0,0.3475489,24.459202,225,1
atitlan,2025-11-21,686550.0,1620150.0,0.36081967,28.035393,225,1
atitlan,2025-11-21,686850.0,1620150.0,0.35163656,25.563671,225,1
atitlan,2025-11-21,687150.0,1620150.0,0.33710256,22.538683,225,1
atitlan,2025-11-21,687450.0,1620150.0,0.3431334,23.750702,225,1
atitlan,2025-11-21,687750.0,1620150.0,0.34395522,23.922052,225,1
atitlan,2025-11-21,688050.0,1620150.0,0.32163256,20.571205,225,1
atitlan,2025-11-21,688350.0,1620150.0,0.3092607,18.70284,225,1
atitlan,2025-11-21,688650.0,1620150.0,0.29913998,17.346874,225,1
atitlan,2025-11-21,688950.0,1620150.0,0.3171608,19.720297,225,1
atitlan,2025-11-21,689250.0,1620150.0,0.28951928,17.23711,225,1
atitlan,2025-11-21,689550.0,1620150.0,0.25724307,16.45636,225,1
atitlan,2025-11-21,689850.0,1620150.0,-0.06107994,1.6441922,225,0
atitlan,2025-11-21,690150.0,1620150.0,-0.08618677,0.6898484,225,0
atitlan,2025-11-21,690450.0,1620150.0,0.08519885,7.2232504,225,0
atitlan,2025-11-21,690750.0,1620150.0,0.17777422,13.088475,225,1
atitlan,2025-11-21,691050.0,1620150.0,0.19483791,10.487011,225,0
atitlan,2025-11-21,691350.0,1620150.0,0.24197519,13.121171,225,1
atitlan,2025-11-21,691650.0,1620150.0,0.27715537,14.603398,225,1
atitlan,2025-11-21,691950.0,1620150.0,0.29377785,16.312616,225,1
atitlan,2025-11-21,692250.0,1620150.0,0.28134072,14.88504,225,1
atitlan,2025-11-21,692550.0,1620150.0,0.26726043,13.908066,225,1
atitlan,2025-11-21,692850.0,1620150.0,0.27066684,15.5240345,225,1
atitlan,2025-11-21,693150.0,1620150.0,0.2806925,15.528243,225,1
atitlan,2025-11-21,693450.0,1620150.0,0.29199794,16.764458,225,1
atitlan,2025-11-21,693750.0,1620150.0,0.28980073,16.299795,225,1
atitlan,2025-11-21,694050.0,1620150.0,0.26902655,13.787966,225,1
atitlan,2025-11-21,694350.0,1620150.0,0.27558488,14.432938,225,1
atitlan,2025-11-21,694650.0,1620150.0,0.29418847,16.801117,225,1
atitlan,2025-11-21,694950.0,1620150.0,0.3049812,18.046322,225,1
atitlan,2025-11-21,695250.0,1620150.0,0.28083944,14.593337,225,1
atitlan,2025-11-21,695550.0,1620150.0,0.26942748,13.6598625,225,1
atitlan,2025-11-21,695850.0,1620150.0,0.25891966,12.829136,225,1
atitlan,2025-11-21,696150.0,1620150.0,0.2850499,15.3431,225,1
atitlan,2025-11-21,696450.0,1620150.0,0.29921877,17.461481,225,1
atitlan,2025-11-21,696750.0,1620150.0,0.28925505,16.860565,225,1
atitlan,2025-11-21,697050.0,1620150.0,0.30091366,17.330084,225,1
atitlan,2025-11-21,697350.0,1620150.0,0.29626223,16.9993,225,1
atitlan,2025-11-21,697650.0,1620150.0,0.2949927,16.405544,225,1
atitlan,2025-11-21,697950.0,1620150.0,0.29149657,16.1558,225,1
atitlan,2025-11-21,698250.0,1620150.0,0.3079229,18.589556,225,1
atitlan,2025-11-21,698550.0,1620150.0,0.2774979,15.463315,225,1
atitlan,2025-11-21,698850.0,1620150.0,0.27365807,15.48568,225,1
atitlan,2025-11-21,699150.0,1620150.0,0.25748298,13.377405,225,1
atitlan,2025-11-21,699450.0,1620150.0,0.24947135,14.373141,225,1
atitlan,2025-11-21,699750.0,1620150.0,0.26952663,15.964403,225,1
atitlan,2025-11-21,700050.0,1620150.0,0.13317892,10.9956045,225,0
atitlan,2025-11-21,700350.0,1620150.0,-0.08627849,0.67237365,225,0
atitlan,2025-11-21,700650.0,1620150.0,-0.09234773,0.4171664,225,0
atitlan,2025-11-21,700950.0,1620150.0,-0.06403435,1.3917559,225,0
atitlan,2025-11-21,701250.0,1620150.0,0.2739002,15.961601,225,1
atitlan,2025-11-21,701550.0,1620150.0,0.28445154,16.260225,225,1
atitlan,2025-11-21,701850.0,1620150.0,0.28833658,15.865997,225,1
atitlan,2025-11-21,702150.0,1620150.0,0.2807489,14.783829,225,1
atitlan,2025-11-21,702450.0,1620150.0,0.2948444,17.46283,225,1
atitlan,2025-11-21,702750.0,1620150.0,0.22823903,14.319261,225,1
atitlan,2025-11-21,703050.0,1620150.0,0.26000997,13.795874,225,1
atitlan,2025-11-21,703350.0,1620150.0,0.29888734,16.902233,225,1
atitlan,2025-11-21,703650.0,1620150.0,0.29070997,16.724512,225,1
atitlan,2025-11-21,703950.0,1620150.0,0.2042036,13.051156,225,1
atitlan,2025-11-21,704250.0,1620150.0,0.2799299,17.061232,225,1
atitlan,2025-11-21,704550.0,1620150.0,0.28738555,16.479507,225,1
atitlan,2025-11-21,704850.0,1620150.0,0.27380016,16.288824,225,1
atitlan,2025-11-21,705150.0,1620150.0,0.2536299,12.632405,225,1
atitlan,2025-11-21,705450.0,1620150.0,0.27552792,14.879432,225,1
atitlan,2025-11-21,705750.0,1620150.0,0.28105524,15.980926,225,1
atitlan,2025-11-21,706050.0,1620150.0,0.31946787,20.938103,225,1
atitlan,2025-11-21,706350.0,1620150.0,0.2851561,16.523033,225,1
atitlan,2025-11-21,706650.0,1620150.0,0.28389186,16.640997,225,1
atitlan,2025-11-21,706950.0,1620150.0,0.29880884,18.631498,225,1
atitlan,2025-11-21,707250.0,1620150.0,0.26654637,14.570172,225,1
atitlan,2025-11-21,707550.0,1620150.0,0.22390522,11.618435,225,0
atitlan,2025-11-21,707850.0,1620150.0,0.21230763,9.407658,45,0
atitlan,2025-11-21,680250.0,1620450.0,0.057279408,4.8295507,180,0
atitlan,2025-11-21,680550.0,1620450.0,0.038602185,4.554258,225,0
atitlan,2025-11-21,680850.0,1620450.0,0.10435835,6.8239317,225,0
atitlan,2025-11-21,681150.0,1620450.0,0.25467262,15.322005,225,1
atitlan,2025-11-21,681450.0,1620450.0,0.32486236,21.373825,225,1
atitlan,2025-11-21,681750.0,1620450.0,0.33447897,23.029575,225,1
atitlan,2025-11-21,682050.0,1620450.0,0.35330623,25.990839,225,1
atitlan,2025-11-21,682350.0,1620450.0,0.34586218,24.458889,225,1
atitlan,2025-11-21,682650.0,1620450.0,0.32657436,22.837034,225,1
atitlan,2025-11-21,682950.0,1620450.0,0.18618605,9.926823,225,0
atitlan,2025-11-21,683250.0,1620450.0,0.22653139,12.712862,225,1
atitlan,2025-11-21,683550.0,1620450.0,0.2707943,14.477995,225,1
atitlan,2025-11-21,683850.0,1620450.0,0.25131553,11.538781,225,0
atitlan,2025-11-21,684150.0,1620450.0,0.26418972,12.842257,225,1
atitlan,2025-11-21,684450.0,1620450.0,0.2535295,12.132291,225,1
atitlan,2025-11-21,684750.0,1620450.0,0.29547694,17.98301,225,1
atitlan,2025-11-21,685050.0,1620450.0,0.27879053,16.400936,225,1
atitlan,2025-11-21,685350.0,1620450.0,0.29310837,19.251286,225,1
atitlan,2025-11-21,685650.0,1620450.0,0.32902652,21.862806,225,1
atitlan,2025-11-21,685950.0,1620450.0,0.34450886,24.317242,225,1
atitlan,2025-11-21,686250.0,1620450.0,0.347229,25.581844,225,1
atitlan,2025-11-21,686550.0,1620450.0,0.37054712,30.346945,225,1
atitlan,2025-11-21,686850.0,1620450.0,0.355677,26.301468,225,1
atitlan,2025-11-21,687150.0,1620450.0,0.34790388,24.589191,225,1
atitlan,2025-11-21,687450.0,1620450.0,0.33385512,21.89967,225,1
atitlan,2025-11-21,687750.0,1620450.0,0.33567658,22.436905,225,1
atitlan,2025-11-21,688050.0,1620450.0,0.34791633,25.081995,225,1
atitlan,2025-11-21,688350.0,1620450.0,0.3291739,21.659218,225,1
atitlan,2025-11-21,688650.0,1620450.0,0.29086223,15.754597,225,1
atitlan,2025-11-21,688950.0,1620450.0,0.316297,19.764849,225,1
atitlan,2025-11-21,689250.0,1620450.0,0.29707807,17.44629,225,1
atitlan,2025-11-21,689550.0,1620450.0,0.31945398,20.535294,225,1
atitlan,2025-11-21,689850.0,1620450.0,0.23211852,14.073017,225,1
atitlan,2025-11-21,690150.0,1620450.0,-0.009159283,4.1045437,225,0
atitlan,2025-11-21,690450.0,1620450.0,-0.02007741,3.409863,225,0
atitlan,2025-11-21,690750.0,1620450.0,0.17992915,12.357206,225,1
atitlan,2025-11-21,691050.0,1620450.0,0.2317725,12.735065,225,1
atitlan,2025-11-21,691350.0,1620450.0,0.23223142,12.143699,225,1
atitlan,2025-11-21,691650.0,1620450.0,0.27770853,14.265388,225,1
atitlan,2025-11-21,691950.0,1620450.0,0.27960843,15.455155,225,1
atitlan,2025-11-21,692250.0,1620450.0,0.2624386,14.770517,225,1
atitlan,2025-11-21,692550.0,1620450.0,0.24301305,12.226966,225,1
atitlan,2025-11-21,692850.0,1620450.0,0.24814089,11.805223,225,0
atitlan,2025-11-21,693150.0,1620450.0,0.22181106,9.282429,225,0
atitlan,2025-11-21,693450.0,1620450.0,0.238685,10.744424,225,0
atitlan,2025-11-21,693750.0,1620450.0,0.2516948,12.019021,225,1
atitlan,2025-11-21,694050.0,1620450.0,0.26083678,13.176262,225,1
atitlan,2025-11-21,694350.0,1620450.0,0.27470815,14.205072,225,1
atitlan,2025-11-21,694650.0,1620450.0,0.2843446,15.725772,225,1
atitlan,2025-11-21,694950.0,1620450.0,0.2996915,17.409464,225,1
atitlan,2025-11-21,695250.0,1620450.0,0.30039683,17.11765,225,1
atitlan,2025-11-21,695550.0,1620450.0,0.29253462,16.24783,225,1
atitlan,2025-11-21,695850.0,1620450.0,0.2648585,14.048259,225,1
atitlan,2025-11-21,696150.0,1620450.0,0.25960305,12.862947,225,1
atitlan,2025-11-21,696450.0,1620450.0,0.2512708,12.453169,225,1
atitlan,2025-11-21,696750.0,1620450.0,0.27374613,14.068446,225,1
atitlan,2025-11-21,697050.0,1620450.0,0.27910578,14.963165,225,1
atitlan,2025-11-21,697350.0,1620450.0,0.26477328,13.931231,225,1
atitlan,2025-11-21,697650.0,1620450.0,0.28492546,15.516464,225,1
atitlan,2025-11-21,697950.0,1620450.0,0.2935645,16.658083,225,1
atitlan,2025-11-21,698250.0,1620450.0,0.29941937,17.194696,225,1
atitlan,2025-11-21,698550.0,1620450.0,0.27683732,14.78125,225,1
atitlan,2025-11-21,698850.0,1620450.0,0.26086345,13.398939,225,1
atitlan,2025-11-21,699150.0,1620450.0,0.28597328,15.415332,225,1
atitlan,2025-11-21,699450.0,1620450.0,0.27386653,14.110327,225,1
atitlan,2025-11-21,699750.0,1620450.0,0.23067233,14.413693,225,1
atitlan,2025-11-21,700050.0,1620450.0,0.12926511,10.366027,225,0
atitlan,2025-11-21,700350.0,1620450.0,-0.08721333,0.63030416,225,0
atitlan,2025-11-21,700650.0,1620450.0,-0.090355545,0.49696025,225,0
atitlan,2025-11-21,700950.0,1620450.0,0.13775118,10.439061,225,0
atitlan,2025-11-21,701250.0,1620450.0,0.2985266,16.52513,225,1
atitlan,2025-11-21,701550.0,1620450.0,0.28133285,18.276342,225,1
atitlan,2025-11-21,701850.0,1620450.0,0.2067001,12.904234,225,1
atitlan,2025-11-21,702150.0,1620450.0,0.27370253,13.889157,225,1
atitlan,2025-11-21,702450.0,1620450.0,0.272719,15.107727,225,1
atitlan,2025-11-21,702750.0,1620450.0,0.21701422,14.871719,225,1
atitlan,2025-11-21,703050.0,1620450.0,0.26428676,15.37759,225,1
atitlan,2025-11-21,703350.0,1620450.0,0.29069075,17.47724,225,1
atitlan,2025-11-21,703650.0,1620450.0,0.30173478,18.087984,225,1
atitlan,2025-11-21,703950.0,1620450.0,0.17150429,12.352179,225,1
atitlan,2025-11-21,704250.0,1620450.0,0.2523221,15.627584,225,1
atitlan,2025-11-21,704550.0,1620450.0,0.29142457,16.706179,225,1
atitlan,2025-11-21,704850.0,1620450.0,0.29384094,17.109465,225,1
atitlan,2025-11-21,705150.0,1620450.0,0.28652543,15.72958,225,1
atitlan,2025-11-21,705450.0,1620450.0,0.2553043,13.623029,225,1
atitlan,2025-11-21,705750.0,1620450.0,0.21632361,9.574617,225,0
atitlan,2025-11-21,706050.0,1620450.0,0.22409603,9.823924,225,0
atitlan,2025-11-21,706350.0,1620450.0,0.26382592,13.208839,225,1
atitlan,2025-11-21,706650.0,1620450.0,0.2752688,14.966546,225,1
atitlan,2025-11-21,706950.0,1620450.0,0.28579164,16.2976,225,1
atitlan,2025-11-21,707250.0,1620450.0,0.26086554,12.866551,225,1
atitlan,2025-11-21,707550.0,1620450.0,0.2460287,13.049855,225,1
atitlan,2025-11-21,707850.0,1620450.0,0.24525778,15.527209,45,1
atitlan,2025-11-21,680250.0,1620750.0,0.044050567,4.5490847,180,0
atitlan,2025-11-21,680550.0,1620750.0,0.045495145,4.6359916,225,0
atitlan,2025-11-21,680850.0,1620750.0,0.14199093,7.629326,225,0
atitlan,2025-11-21,681150.0,1620750.0,0.26703954,14.513645,225,1
atitlan,2025-11-21,681450.0,1620750.0,0.2801974,15.691192,225,1
atitlan,2025-11-21,681750.0,1620750.0,0.29780427,19.066582,225,1
atitlan,2025-11-21,682050.0,1620750.0,0.325405,22.401573,225,1
atitlan,2025-11-21,682350.0,1620750.0,0.3379769,23.797586,225,1
atitlan,2025-11-21,682650.0,1620750.0,0.33223528,23.109356,225,1
atitlan,2025-11-21,682950.0,1620750.0,0.31413785,20.95574,225,1
atitlan,2025-11-21,683250.0,1620750.0,0.24075103,13.64518,225,1
atitlan,2025-11-21,683550.0,1620750.0,0.18807538,8.837309,225,0
atitlan,2025-11-21,683850.0,1620750.0,0.20696445,9.414398,225,0
atitlan,2025-11-21,684150.0,1620750.0,0.24865055,11.934703,225,0
atitlan,2025-11-21,684450.0,1620750.0,0.27144995,14.69689,225,1
atitlan,2025-11-21,684750.0,1620750.0,0.2526049,14.614431,225,1
atitlan,2025-11-21,685050.0,1620750.0,0.32345456,20.519627,225,1
atitlan,2025-11-21,685350.0,1620750.0,0.33933234,23.264006,225,1
atitlan,2025-11-21,685650.0,1620750.0,0.35002306,25.375666,225,1
atitlan,2025-11-21,685950.0,1620750.0,0.36037794,27.773043,225,1
atitlan,2025-11-21,686250.0,1620750.0,0.29313147,19.855469,225,1
atitlan,2025-11-21,686550.0,1620750.0,0.33700657,24.121918,225,1
atitlan,2025-11-21,686850.0,1620750.0,0.36433628,28.387617,225,1
atitlan,2025-11-21,687150.0,1620750.0,0.33520517,22.244947,225,1
atitlan,2025-11-21,687450.0,1620750.0,0.33534786,22.15345,225,1
atitlan,2025-11-21,687750.0,1620750.0,0.33107862,21.598434,225,1
atitlan,2025-11-21,688050.0,1620750.0,0.34699136,24.861526,225,1
atitlan,2025-11-21,688350.0,1620750.0,0.31121832,18.858654,225,1
atitlan,2025-11-21,688650.0,1620750.0,0.3066448,18.066313,225,1
atitlan,2025-11-21,688950.0,1620750.0,0.29756722,17.260319,225,1
atitlan,2025-11-21,689250.0,1620750.0,0.29182947,16.451723,225,1
atitlan,2025-11-21,689550.0,1620750.0,0.27753827,15.243411,225,1
atitlan,2025-11-21,689850.0,1620750.0,0.28273046,16.27718,225,1
atitlan,2025-11-21,690150.0,1620750.0,-0.030530524,2.8787053,225,0
atitlan,2025-11-21,690450.0,1620750.0,-0.039204106,2.8023727,225,0
atitlan,2025-11-21,690750.0,1620750.0,0.1394438,8.3129225,225,0
atitlan,2025-11-21,691050.0,1620750.0,0.19196196,9.761002,225,0
atitlan,2025-11-21,691350.0,1620750.0,0.22320363,12.196235,225,1
atitlan,2025-11-21,691650.0,1620750.0,0.2406395,11.898921,225,0
atitlan,2025-11-21,691950.0,1620750.0,0.28638232,16.655128,225,1
atitlan,2025-11-21,692250.0,1620750.0,0.27784714,14.575407,225,1
atitlan,2025-11-21,692550.0,1620750.0,0.23487166,11.844255,225,0
atitlan,2025-11-21,692850.0,1620750.0,0.22410181,12.962986,225,1
atitlan,2025-11-21,693150.0,1620750.0,0.20552917,11.499385,225,0
atitlan,2025-11-21,693450.0,1620750.0,0.25180757,13.111201,225,1
atitlan,2025-11-21,693750.0,1620750.0,0.2543897,13.1231985,225,1
atitlan,2025-11-21,694050.0,1620750.0,0.27854314,14.564422,225,1
atitlan,2025-11-21,694350.0,1620750.0,0.2658606,13.558024,225,1
atitlan,2025-11-21,694650.0,1620750.0,0.27005902,13.343789,225,1
atitlan,2025-11-21,694950.0,1620750.0,0.2855903,15.870081,225,1
atitlan,2025-11-21,695250.0,1620750.0,0.27976495,14.852296,225,1
atitlan,2025-11-21,695550.0,1620750.0,0.28242058,15.793888,225,1
atitlan,2025-11-21,695850.0,1620750.0,0.27152917,14.395853,225,1
atitlan,2025-11-21,696150.0,1620750.0,0.27017117,14.098675,225,1
atitlan,2025-11-21,696450.0,1620750.0,0.2488731,13.067537,225,1
atitlan,2025-11-21,696750.0,1620750.0,0.28774515,16.036158,225,1
atitlan,2025-11-21,697050.0,1620750.0,0.25818655,14.005115,225,1
atitlan,2025-11-21,697350.0,1620750.0,0.2793007,15.774884,225,1
atitlan,2025-11-21,697650.0,1620750.0,0.2840178,15.206717,225,1
atitlan,2025-11-21,697950.0,1620750.0,0.2609032,13.671059,225,1
atitlan,2025-11-21,698250.0,1620750.0,0.27675515,15.867507,225,1
atitlan,2025-11-21,698550.0,1620750.0,0.2869363,16.002495,225,1
atitlan,2025-11-21,698850.0,1620750.0,0.26408786,14.37982,225,1
atitlan,2025-11-21,699150.0,1620750.0,0.28895366,15.651716,225,1
atitlan,2025-11-21,699450.0,1620750.0,0.25100285,13.546393,225,1
atitlan,2025-11-21,699750.0,1620750.0,0.22326295,13.984601,225,1
atitlan,2025-11-21,700050.0,1620750.0,-0.040690828,2.2156181,225,0
atitlan,2025-11-21,700350.0,1620750.0,-0.09322964,0.37864497,225,0
atitlan,2025-11-21,700650.0,1620750.0,-0.0939609,0.34293276,225,0
atitlan,2025-11-21,700950.0,1620750.0,-0.014656792,3.6524484,225,0
atitlan,2025-11-21,701250.0,1620750.0,0.10785944,6.473154,225,0
atitlan,2025-11-21,701550.0,1620750.0,0.16999386,7.3848553,225,0
atitlan,2025-11-21,701850.0,1620750.0,0.25026754,12.097907,225,1
atitlan,2025-11-21,702150.0,1620750.0,0.24923287,12.478517,225,1
atitlan,2025-11-21,702450.0,1620750.0,0.23079652,12.521257,225,1
atitlan,2025-11-21,702750.0,1620750.0,0.2386033,13.705841,225,1
atitlan,2025-11-21,703050.0,1620750.0,0.24055272,13.372036,225,1
atitlan,2025-11-21,703350.0,1620750.0,0.27359316,16.999557,225,1
atitlan,2025-11-21,703650.0,1620750.0,0.31232384,20.031404,225,1
atitlan,2025-11-21,703950.0,1620750.0,0.2383921,15.503409,225,1
atitlan,2025-11-21,704250.0,1620750.0,0.2600295,14.88345,225,1
atitlan,2025-11-21,704550.0,1620750.0,0.27780342,16.35155,225,1
atitlan,2025-11-21,704850.0,1620750.0,0.28356767,15.741494,225,1
atitlan,2025-11-21,705150.0,1620750.0,0.28779036,17.074781,225,1
atitlan,2025-11-21,705450.0,1620750.0,0.2579696,12.57898,225,1
atitlan,2025-11-21,705750.0,1620750.0,0.29511413,16.784172,225,1
atitlan,2025-11-21,706050.0,1620750.0,0.27841264,16.298315,225,1
atitlan,2025-11-21,706350.0,1620750.0,0.2943926,17.92906,225,1
atitlan,2025-11-21,706650.0,1620750.0,0.29293808,17.69205,225,1
atitlan,2025-11-21,706950.0,1620750.0,0.30979544,19.776424,225,1
atitlan,2025-11-21,707250.0,1620750.0,0.29548502,18.32781,225,1
atitlan,2025-11-21,707550.0,1620750.0,0.28467652,17.482464,225,1
atitlan,2025-11-21,707850.0,1620750.0,0.21998179,11.468434,45,0
atitlan,2025-11-21,680250.0,1621050.0,0.18431288,9.235825,180,0
atitlan,2025-11-21,680550.0,1621050.0,0.117560536,6.28188,225,0
atitlan,2025-11-21,680850.0,1621050.0,0.13654448,6.936594,225,0
atitlan,2025-11-21,681150.0,1621050.0,0.23609772,11.049066,225,0
atitlan,2025-11-21,681450.0,1621050.0,0.25324568,13.432342,225,1
atitlan,2025-11-21,681750.0,1621050.0,0.29109403,15.986063,225,1
atitlan,2025-11-21,682050.0,1621050.0,0.27505687,15.675971,225,1
atitlan,2025-11-21,682350.0,1621050.0,0.24412489,15.730204,225,1
atitlan,2025-11-21,682650.0,1621050.0,0.3164063,22.468279,225,1
atitlan,2025-11-21,682950.0,1621050.0,0.3488961,25.926298,225,1
atitlan,2025-11-21,683250.0,1621050.0,0.24146491,14.500945,225,1
atitlan,2025-11-21,683550.0,1621050.0,0.2696894,16.499372,225,1
atitlan,2025-11-21,683850.0,1621050.0,0.19342159,10.574911,225,0
atitlan,2025-11-21,684150.0,1621050.0,0.23795117,13.10708,225,1
atitlan,2025-11-21,684450.0,1621050.0,0.28849548,17.20276,225,1
atitlan,2025-11-21,684750.0,1621050.0,0.3076036,18.487823,225,1
atitlan,2025-11-21,685050.0,1621050.0,0.33681393,24.116554,225,1
atitlan,2025-11-21,685350.0,1621050.0,0.302539,18.436148,225,1
atitlan,2025-11-21,685650.0,1621050.0,0.26529557,14.7892065,225,1
atitlan,2025-11-21,685950.0,1621050.0,0.26405126,14.657319,225,1
atitlan,2025-11-21,686250.0,1621050.0,0.24434681,13.796754,225,1
atitlan,2025-11-21,686550.0,1621050.0,0.33741623,23.191101,225,1
atitlan,2025-11-21,686850.0,1621050.0,0.32585406,21.617685,225,1
atitlan,2025-11-21,687150.0,1621050.0,0.3219439,20.389874,225,1
atitlan,2025-11-21,687450.0,1621050.0,0.31489307,19.506805,225,1
atitlan,2025-11-21,687750.0,1621050.0,0.28141323,14.887153,225,1
atitlan,2025-11-21,688050.0,1621050.0,0.3182656,20.26947,225,1
atitlan,2025-11-21,688350.0,1621050.0,0.3167311,19.495165,225,1
atitlan,2025-11-21,688650.0,1621050.0,0.2915056,16.925333,225,1
atitlan,2025-11-21,688950.0,1621050.0,0.2749305,14.925731,225,1
atitlan,2025-11-21,689250.0,1621050.0,0.25784078,13.613803,225,1
atitlan,2025-11-21,689550.0,1621050.0,0.18319952,11.4326515,225,0
atitlan,2025-11-21,689850.0,1621050.0,-0.017139316,3.0199428,225,0
atitlan,2025-11-21,690150.0,1621050.0,-0.08525866,0.7199569,225,0
atitlan,2025-11-21,690450.0,1621050.0,0.08903358,9.032016,225,0
atitlan,2025-11-21,690750.0,1621050.0,0.12620111,8.30549,225,0
atitlan,2025-11-21,691050.0,1621050.0,0.22343035,12.555982,225,1
atitlan,2025-11-21,691350.0,1621050.0,0.23048341,12.542367,225,1
atitlan,2025-11-21,691650.0,1621050.0,0.23511527,12.482554,225,1
atitlan,2025-11-21,691950.0,1621050.0,0.18890062,10.361246,225,0
atitlan,2025-11-21,692250.0,1621050.0,0.19882342,12.3903055,225,1
atitlan,2025-11-21,692550.0,1621050.0,0.19752774,12.429108,225,1
atitlan,2025-11-21,692850.0,1621050.0,0.16931118,10.58017,225,0
atitlan,2025-11-21,693150.0,1621050.0,0.20017438,11.741449,225,0
atitlan,2025-11-21,693450.0,1621050.0,0.27332246,14.274727,225,1
atitlan,2025-11-21,693750.0,1621050.0,0.2668157,13.892886,225,1
atitlan,2025-11-21,694050.0,1621050.0,0.27094382,13.749536,225,1
atitlan,2025-11-21,694350.0,1621050.0,0.27966577,14.709009,225,1
atitlan,2025-11-21,694650.0,1621050.0,0.27436343,13.675961,225,1
atitlan,2025-11-21,694950.0,1621050.0,0.30839735,18.640572,225,1
atitlan,2025-11-21,695250.0,1621050.0,0.28105423,15.351299,225,1
atitlan,2025-11-21,695550.0,1621050.0,0.27037796,14.764291,225,1
atitlan,2025-11-21,695850.0,1621050.0,0.2671602,14.248108,225,1
atitlan,2025-11-21,696150.0,1621050.0,0.26914686,14.282069,225,1
atitlan,2025-11-21,696450.0,1621050.0,0.288638,16.502987,225,1
atitlan,2025-11-21,696750.0,1621050.0,0.25182337,12.701533,225,1
atitlan,2025-11-21,697050.0,1621050.0,0.28876302,16.17917,225,1
atitlan,2025-11-21,697350.0,1621050.0,0.27536687,13.889675,225,1
atitlan,2025-11-21,697650.0,1621050.0,0.27329078,13.71778,225,1
atitlan,2025-11-21,697950.0,1621050.0,0.26410696,14.562255,225,1
atitlan,2025-11-21,698250.0,1621050.0,0.26672676,15.600379,225,1
atitlan,2025-11-21,698550.0,1621050.0,0.2620871,14.974509,225,1
atitlan,2025-11-21,698850.0,1621050.0,0.25556695,16.06233,225,1
atitlan,2025-11-21,699150.0,1621050.0,0.13050993,9.4088955,225,0
atitlan,2025-11-21,699450.0,1621050.0,0.031945314,5.463233,225,0
atitlan,2025-11-21,699750.0,1621050.0,-0.018797804,3.670036,225,0
atitlan,2025-11-21,700050.0,1621050.0,-0.088265136,0.5937899,225,0
atitlan,2025-11-21,700350.0,1621050.0,-0.09277594,0.44160756,225,0
atitlan,2025-11-21,700650.0,1621050.0,-0.09476478,0.33670443,225,0
atitlan,2025-11-21,700950.0,1621050.0,-0.093171395,0.39018914,225,0
atitlan,2025-11-21,701250.0,1621050.0,-0.09016662,0.50775975,225,0
atitlan,2025-11-21,701550.0,1621050.0,-0.024020208,2.4425113,225,0
atitlan,2025-11-21,701850.0,1621050.0,0.19522306,9.148227,225,0
atitlan,2025-11-21,702150.0,1621050.0,0.21798888,11.625372,225,0
atitlan,2025-11-21,702450.0,1621050.0,0.2484347,13.457885,225,1
atitlan,2025-11-21,702750.0,1621050.0,0.29420185,16.88429,225,1
atitlan,2025-11-21,703050.0,1621050.0,0.25699857,15.638423,225,1
atitlan,2025-11-21,703350.0,1621050.0,0.27553827,17.58513,225,1
atitlan,2025-11-21,703650.0,1621050.0,0.28186345,18.428421,225,1
atitlan,2025-11-21,703950.0,1621050.0,0.2891934,17.744709,225,1
atitlan,2025-11-21,704250.0,1621050.0,0.3006355,18.124651,225,1
atitlan,2025-11-21,704550.0,1621050.0,0.24788472,15.872329,225,1
atitlan,2025-11-21,704850.0,1621050.0,0.25636655,15.054794,225,1
atitlan,2025-11-21,705150.0,1621050.0,0.29381192,18.056843,225,1
atitlan,2025-11-21,705450.0,1621050.0,0.27377912,14.819824,225,1
atitlan,2025-11-21,705750.0,1621050.0,0.2620373,12.593157,225,1
atitlan,2025-11-21,706050.0,1621050.0,0.31413177,19.360254,225,1
atitlan,2025-11-21,706350.0,1621050.0,0.3384012,23.630735,225,1
atitlan,2025-11-21,706650.0,1621050.0,0.34222186,23.91395,225,1
atitlan,2025-11-21,706950.0,1621050.0,0.298415,20.099463,225,1
atitlan,2025-11-21,707250.0,1621050.0,0.24723458,14.768752,225,1
atitlan,2025-11-21,707550.0,1621050.0,0.24513593,14.533391,225,1
atitlan,2025-11-21,707850.0,1621050.0,0.20363882,10.193101,45,0
atitlan,2025-11-21,680250.0,1621350.0,0.12228938,6.5773764,180,0
atitlan,2025-11-21,680550.0,1621350.0,0.17446984,8.123707,225,0
atitlan,2025-11-21,680850.0,1621350.0,0.22140999,11.189002,225,0
atitlan,2025-11-21,681150.0,1621350.0,0.10555977,6.9743576,225,0
atitlan,2025-11-21,681450.0,1621350.0,0.14078407,9.271572,225,0
atitlan,2025-11-21,681750.0,1621350.0,0.257262,14.176098,225,1
atitlan,2025-11-21,682050.0,1621350.0,0.27232617,15.392542,225,1
atitlan,2025-11-21,682350.0,1621350.0,0.23112412,12.874973,225,1
atitlan,2025-11-21,682650.0,1621350.0,0.2843663,17.371643,225,1
atitlan,2025-11-21,682950.0,1621350.0,0.31862354,20.637505,225,1
atitlan,2025-11-21,683250.0,1621350.0,0.30583683,19.747463,225,1
atitlan,2025-11-21,683550.0,1621350.0,0.32097805,19.94027,225,1
atitlan,2025-11-21,683850.0,1621350.0,0.22243066,12.74449,225,1
atitlan,2025-11-21,684150.0,1621350.0,0.259027,14.790371,225,1
atitlan,2025-11-21,684450.0,1621350.0,0.23919642,12.472569,225,1
atitlan,2025-11-21,684750.0,1621350.0,0.27107024,13.771812,225,1
atitlan,2025-11-21,685050.0,1621350.0,0.2630638,12.968772,225,1
atitlan,2025-11-21,685350.0,1621350.0,0.26643866,13.515071,225,1
atitlan,2025-11-21,685650.0,1621350.0,0.2959101,16.772778,225,1
atitlan,2025-11-21,685950.0,1621350.0,0.28706884,15.98047,225,1
atitlan,2025-11-21,686250.0,1621350.0,0.22307633,10.426304,225,0
atitlan,2025-11-21,686550.0,1621350.0,0.22511548,10.673475,225,0
atitlan,2025-11-21,686850.0,1621350.0,0.31176585,20.20287,225,1
atitlan,2025-11-21,687150.0,1621350.0,0.30108947,17.606628,225,1
atitlan,2025-11-21,687450.0,1621350.0,0.2881348,16.092342,225,1
atitlan,2025-11-21,687750.0,1621350.0,0.2951085,16.509367,225,1
atitlan,2025-11-21,688050.0,1621350.0,0.31634942,19.346014,225,1
atitlan,2025-11-21,688350.0,1621350.0,0.3091882,18.367325,225,1
atitlan,2025-11-21,688650.0,1621350.0,0.2809032,15.054221,225,1
atitlan,2025-11-21,688950.0,1621350.0,0.27417007,14.669157,225,1
atitlan,2025-11-21,689250.0,1621350.0,0.2676301,14.236082,225,1
atitlan,2025-11-21,689550.0,1621350.0,0.1926032,12.291615,225,1
atitlan,2025-11-21,689850.0,1621350.0,-0.0771339,1.2073997,225,0
atitlan,2025-11-21,690150.0,1621350.0,-0.086942606,0.62403816,225,0
atitlan,2025-11-21,690450.0,1621350.0,-0.088701144,0.5501909,225,0
atitlan,2025-11-21,690750.0,1621350.0,-0.06427381,1.405344,225,0
atitlan,2025-11-21,691050.0,1621350.0,0.21140832,14.16472,225,1
atitlan,2025-11-21,691350.0,1621350.0,0.03749173,4.45265,225,0
atitlan,2025-11-21,691650.0,1621350.0,0.23199216,12.611644,225,1
atitlan,2025-11-21,691950.0,1621350.0,0.2360954,12.502321,225,1
atitlan,2025-11-21,692250.0,1621350.0,0.20317112,12.840133,225,1
atitlan,2025-11-21,692550.0,1621350.0,0.21606448,13.742888,225,1
atitlan,2025-11-21,692850.0,1621350.0,0.16733228,9.889504,225,0
atitlan,2025-11-21,693150.0,1621350.0,0.26287556,14.482524,225,1
atitlan,2025-11-21,693450.0,1621350.0,0.27508876,14.348423,225,1
atitlan,2025-11-21,693750.0,1621350.0,0.28756857,16.112177,225,1
atitlan,2025-11-21,694050.0,1621350.0,0.25998136,13.975736,225,1
atitlan,2025-11-21,694350.0,1621350.0,0.2863494,16.054,225,1
atitlan,2025-11-21,694650.0,1621350.0,0.29320732,16.061674,225,1
atitlan,2025-11-21,694950.0,1621350.0,0.2771169,15.286229,225,1
atitlan,2025-11-21,695250.0,1621350.0,0.27493575,14.16315,225,1
atitlan,2025-11-21,695550.0,1621350.0,0.26908004,13.803685,225,1
atitlan,2025-11-21,695850.0,1621350.0,0.27281678,14.05071,225,1
atitlan,2025-11-21,696150.0,1621350.0,0.27153945,14.209407,225,1
atitlan,2025-11-21,696450.0,1621350.0,0.2518171,13.216579,225,1
atitlan,2025-11-21,696750.0,1621350.0,0.25837296,13.341145,225,1
atitlan,2025-11-21,697050.0,1621350.0,0.2687895,13.948266,225,1
atitlan,2025-11-21,697350.0,1621350.0,0.25780773,13.631471,225,1
atitlan,2025-11-21,697650.0,1621350.0,0.23723827,13.446796,225,1
atitlan,2025-11-21,697950.0,1621350.0,0.25741816,15.29464,225,1
atitlan,2025-11-21,698250.0,1621350.0,0.20721635,12.011448,225,1
atitlan,2025-11-21,698550.0,1621350.0,0.24460821,14.241606,225,1
atitlan,2025-11-21,698850.0,1621350.0,0.22090273,13.413083,225,1
atitlan,2025-11-21,699150.0,1621350.0,-0.0124504175,3.5519311,225,0
atitlan,2025-11-21,699450.0,1621350.0,-0.086641505,0.6736773,225,0
atitlan,2025-11-21,699750.0,1621350.0,-0.09002368,0.5189799,225,0
atitlan,2025-11-21,700050.0,1621350.0,-0.09074627,0.46322927,225,0
atitlan,2025-11-21,700350.0,1621350.0,-0.09186025,0.43922397,225,0
atitlan,2025-11-21,700650.0,1621350.0,-0.09702863,0.29293254,225,0
atitlan,2025-11-21,700950.0,1621350.0,-0.08964218,0.54885304,225,0
atitlan,2025-11-21,701250.0,1621350.0,-0.091526285,0.47471407,225,0
atitlan,2025-11-21,701550.0,1621350.0,-0.08359464,0.8404781,225,0
atitlan,2025-11-21,701850.0,1621350.0,0.20246482,10.960145,225,0
atitlan,2025-11-21,702150.0,1621350.0,0.2273979,10.828487,225,0
atitlan,2025-11-21,702450.0,1621350.0,0.24322115,11.340518,225,0
atitlan,2025-11-21,702750.0,1621350.0,0.22220477,9.91173,225,0
atitlan,2025-11-21,703050.0,1621350.0,0.22924253,10.615362,225,0
atitlan,2025-11-21,703350.0,1621350.0,0.18960945,12.508166,225,1
atitlan,2025-11-21,703650.0,1621350.0,0.20988244,14.261268,225,1
atitlan,2025-11-21,703950.0,1621350.0,0.308695,19.581694,225,1
atitlan,2025-11-21,704250.0,1621350.0,0.27598435,17.446905,225,1
atitlan,2025-11-21,704550.0,1621350.0,0.25597793,15.413128,225,1
atitlan,2025-11-21,704850.0,1621350.0,0.25758576,14.4498005,225,1
atitlan,2025-11-21,705150.0,1621350.0,0.28921023,16.273891,225,1
atitlan,2025-11-21,705450.0,1621350.0,0.25328955,13.604528,225,1
atitlan,2025-11-21,705750.0,1621350.0,0.26798615,13.884482,225,1
atitlan,2025-11-21,706050.0,1621350.0,0.3011447,18.949112,225,1
atitlan,2025-11-21,706350.0,1621350.0,0.30752364,20.732912,225,1
atitlan,2025-11-21,706650.0,1621350.0,0.23919964,13.124393,225,1
atitlan,2025-11-21,706950.0,1621350.0,0.20099479,11.271319,225,0
atitlan,2025-11-21,707250.0,1621350.0,0.25154126,15.707904,225,1
atitlan,2025-11-21,707550.0,1621350.0,0.2803682,17.512993,225,1
atitlan,2025-11-21,707850.0,1621350.0,0.34013596,23.753084,45,1
atitlan,2025-11-21,680250.0,1621650.0,0.09331214,5.5996966,180,0
atitlan,2025-11-21,680550.0,1621650.0,0.18185368,9.553974,225,0
atitlan,2025-11-21,680850.0,1621650.0,0.18189964,8.710318,225,0
atitlan,2025-11-21,681150.0,1621650.0,0.118512265,6.2911015,225,0
atitlan,2025-11-21,681450.0,1621650.0,0.1222504,7.708404,225,0
atitlan,2025-11-21,681750.0,1621650.0,0.30324835,21.760643,225,1
atitlan,2025-11-21,682050.0,1621650.0,0.3065815,20.163074,225,1
atitlan,2025-11-21,682350.0,1621650.0,0.22868997,13.043243,225,1
atitlan,2025-11-21,682650.0,1621650.0,0.2581006,15.396133,225,1
atitlan,2025-11-21,682950.0,1621650.0,0.30807635,18.851566,225,1
atitlan,2025-11-21,683250.0,1621650.0,0.2627544,14.153783,225,1
atitlan,2025-11-21,683550.0,1621650.0,0.29416218,17.508093,225,1
atitlan,2025-11-21,683850.0,1621650.0,0.26731128,15.983083,225,1
atitlan,2025-11-21,684150.0,1621650.0,0.2259918,12.220466,225,1
atitlan,2025-11-21,684450.0,1621650.0,0.23343894,11.961144,225,0
atitlan,2025-11-21,684750.0,1621650.0,0.27128965,15.960187,225,1
atitlan,2025-11-21,685050.0,1621650.0,0.29450315,16.755981,225,1
atitlan,2025-11-21,685350.0,1621650.0,0.28751013,15.233863,225,1
atitlan,2025-11-21,685650.0,1621650.0,0.27751854,14.369561,225,1
atitlan,2025-11-21,685950.0,1621650.0,0.26968652,13.548199,225,1
atitlan,2025-11-21,686250.0,1621650.0,0.2370047,11.1432,225,0
atitlan,2025-11-21,686550.0,1621650.0,0.262497,13.015135,225,1
atitlan,2025-11-21,686850.0,1621650.0,0.28742886,15.513393,225,1
atitlan,2025-11-21,687150.0,1621650.0,0.29579663,16.753387,225,1
atitlan,2025-11-21,687450.0,1621650.0,0.29565543,16.783121,225,1
atitlan,2025-11-21,687750.0,1621650.0,0.2974351,16.768007,225,1
atitlan,2025-11-21,688050.0,1621650.0,0.29965737,16.918736,225,1
atitlan,2025-11-21,688350.0,1621650.0,0.30314812,17.354876,225,1
atitlan,2025-11-21,688650.0,1621650.0,0.2802094,15.218476,225,1
atitlan,2025-11-21,688950.0,1621650.0,0.26907986,14.670337,225,1
atitlan,2025-11-21,689250.0,1621650.0,0.28044885,15.974439,225,1
atitlan,2025-11-21,689550.0,1621650.0,0.28078946,16.917088,225,1
atitlan,2025-11-21,689850.0,1621650.0,-0.008447265,4.555967,225,0
atitlan,2025-11-21,690150.0,1621650.0,-0.08666118,0.64374685,225,0
atitlan,2025-11-21,690450.0,1621650.0,-0.092105664,0.44256553,225,0
atitlan,2025-11-21,690750.0,1621650.0,-0.08692446,0.6612016,225,0
atitlan,2025-11-21,691050.0,1621650.0,-0.031594176,3.4330666,225,0
atitlan,2025-11-21,691350.0,1621650.0,-0.08769105,0.62638706,225,0
atitlan,2025-11-21,691650.0,1621650.0,0.16988352,10.831669,225,0
atitlan,2025-11-21,691950.0,1621650.0,0.28158268,16.105686,225,1
atitlan,2025-11-21,692250.0,1621650.0,0.27723274,16.302164,225,1
atitlan,2025-11-21,692550.0,1621650.0,0.27578703,16.07557,225,1
atitlan,2025-11-21,692850.0,1621650.0,0.25902772,16.100147,225,1
atitlan,2025-11-21,693150.0,1621650.0,0.25375974,14.28934,225,1
atitlan,2025-11-21,693450.0,1621650.0,0.28588182,17.227016,225,1
atitlan,2025-11-21,693750.0,1621650.0,0.27924615,15.864227,225,1
atitlan,2025-11-21,694050.0,1621650.0,0.2812716,15.620876,225,1
atitlan,2025-11-21,694350.0,1621650.0,0.2870766,16.787624,225,1
atitlan,2025-11-21,694650.0,1621650.0,0.28411072,15.391722,225,1
atitlan,2025-11-21,694950.0,1621650.0,0.28921056,16.951593,225,1
atitlan,2025-11-21,695250.0,1621650.0,0.27778268,15.604475,225,1
atitlan,2025-11-21,695550.0,1621650.0,0.2783973,15.129749,225,1
atitlan,2025-11-21,695850.0,1621650.0,0.28611106,16.483835,225,1
atitlan,2025-11-21,696150.0,1621650.0,0.27112707,16.034756,225,1
atitlan,2025-11-21,696450.0,1621650.0,0.2798851,16.643772,225,1
atitlan,2025-11-21,696750.0,1621650.0,0.29627696,17.124899,225,1
atitlan,2025-11-21,697050.0,1621650.0,0.27224302,15.09913,225,1
atitlan,2025-11-21,697350.0,1621650.0,0.24664307,12.504113,225,1
atitlan,2025-11-21,697650.0,1621650.0,0.23830763,12.100838,225,1
atitlan,2025-11-21,697950.0,1621650.0,0.1448294,9.52453,225,0
atitlan,2025-11-21,698250.0,1621650.0,0.19390298,15.227674,225,1
atitlan,2025-11-21,698550.0,1621650.0,0.20696233,13.598238,225,1
atitlan,2025-11-21,698850.0,1621650.0,0.1844815,13.095405,225,1
atitlan,2025-11-21,699150.0,1621650.0,-0.07061162,1.3984785,225,0
atitlan,2025-11-21,699450.0,1621650.0,-0.08652963,0.6769818,225,0
atitlan,2025-11-21,699750.0,1621650.0,-0.08973526,0.5157257,225,0
atitlan,2025-11-21,700050.0,1621650.0,-0.08984738,0.5393207,225,0
atitlan,2025-11-21,700350.0,1621650.0,-0.089386895,0.5221697,225,0
atitlan,2025-11-21,700650.0,1621650.0,-0.09281158,0.42265126,225,0
atitlan,2025-11-21,700950.0,1621650.0,-0.08955249,0.5504265,225,0
atitlan,2025-11-21,701250.0,1621650.0,-0.09085267,0.5005913,225,0
atitlan,2025-11-21,701550.0,1621650.0,-0.08052172,0.9155787,225,0
atitlan,2025-11-21,701850.0,1621650.0,0.15305427,8.432708,225,0
atitlan,2025-11-21,702150.0,1621650.0,0.1645545,8.637286,225,0
atitlan,2025-11-21,702450.0,1621650.0,0.05561823,5.556019,225,0
atitlan,2025-11-21,702750.0,1621650.0,0.057513513,4.927095,225,0
atitlan,2025-11-21,703050.0,1621650.0,0.22227722,9.839852,225,0
atitlan,2025-11-21,703350.0,1621650.0,0.22156079,13.541934,225,1
atitlan,2025-11-21,703650.0,1621650.0,0.2940464,21.436047,225,1
atitlan,2025-11-21,703950.0,1621650.0,0.32074177,22.42444,225,1
atitlan,2025-11-21,704250.0,1621650.0,0.26971328,16.751596,225,1
atitlan,2025-11-21,704550.0,1621650.0,0.2338995,14.070994,225,1
atitlan,2025-11-21,704850.0,1621650.0,0.2713022,15.687256,225,1
atitlan,2025-11-21,705150.0,1621650.0,0.28701058,16.212257,225,1
atitlan,2025-11-21,705450.0,1621650.0,0.23798826,13.979679,225,1
atitlan,2025-11-21,705750.0,1621650.0,0.23670663,11.294821,225,0
atitlan,2025-11-21,706050.0,1621650.0,0.26365787,13.674924,225,1
atitlan,2025-11-21,706350.0,1621650.0,0.2677848,13.878993,225,1
atitlan,2025-11-21,706650.0,1621650.0,0.22682625,11.049703,225,0
atitlan,2025-11-21,706950.0,1621650.0,0.24760482,14.065225,225,1
atitlan,2025-11-21,707250.0,1621650.0,0.26286024,17.014606,225,1
atitlan,2025-11-21,707550.0,1621650.0,0.2100686,12.5957,225,1
atitlan,2025-11-21,707850.0,1621650.0,0.2379606,13.026914,45,1
atitlan,2025-11-21,680250.0,1621950.0,0.17794198,10.130245,180,0
atitlan,2025-11-21,680550.0,1621950.0,0.3169647,20.611128,225,1
atitlan,2025-11-21,680850.0,1621950.0,0.26286277,15.396046,225,1
atitlan,2025-11-21,681150.0,1621950.0,0.18609656,10.313856,225,0
atitlan,2025-11-21,681450.0,1621950.0,0.19687742,9.890663,225,0
atitlan,2025-11-21,681750.0,1621950.0,0.25176173,12.662489,225,1
atitlan,2025-11-21,682050.0,1621950.0,0.29182318,17.542181,225,1
atitlan,2025-11-21,682350.0,1621950.0,0.21054295,9.922315,225,0
atitlan,2025-11-21,682650.0,1621950.0,0.30483428,18.802776,225,1
atitlan,2025-11-21,682950.0,1621950.0,0.30618748,18.396334,225,1
atitlan,2025-11-21,683250.0,1621950.0,0.30921656,19.135538,225,1
atitlan,2025-11-21,683550.0,1621950.0,0.2814943,15.208062,225,1
atitlan,2025-11-21,683850.0,1621950.0,0.30737418,19.16317,225,1
atitlan,2025-11-21,684150.0,1621950.0,0.23945108,13.663234,225,1
atitlan,2025-11-21,684450.0,1621950.0,0.22468485,12.403412,225,1
atitlan,2025-11-21,684750.0,1621950.0,0.28554973,16.706394,225,1
atitlan,2025-11-21,685050.0,1621950.0,0.28953692,15.889876,225,1
atitlan,2025-11-21,685350.0,1621950.0,0.2591696,14.275955,225,1
atitlan,2025-11-21,685650.0,1621950.0,0.27659884,14.217248,225,1
atitlan,2025-11-21,685950.0,1621950.0,0.28422096,15.121399,225,1
atitlan,2025-11-21,686250.0,1621950.0,0.27180868,14.525627,225,1
atitlan,2025-11-21,686550.0,1621950.0,0.26534674,13.310678,225,1
atitlan,2025-11-21,686850.0,1621950.0,0.25494367,12.213372,225,1
atitlan,2025-11-21,687150.0,1621950.0,0.2873304,15.689151,225,1
atitlan,2025-11-21,687450.0,1621950.0,0.28844738,15.946896,225,1
atitlan,2025-11-21,687750.0,1621950.0,0.27929375,15.405803,225,1
atitlan,2025-11-21,688050.0,1621950.0,0.28597695,15.1906805,225,1
atitlan,2025-11-21,688350.0,1621950.0,0.27823383,14.160072,225,1
atitlan,2025-11-21,688650.0,1621950.0,0.27583432,13.743637,225,1
atitlan,2025-11-21,688950.0,1621950.0,0.3037458,18.041655,225,1
atitlan,2025-11-21,689250.0,1621950.0,0.30299842,17.76825,225,1
atitlan,2025-11-21,689550.0,1621950.0,0.18366586,12.234085,225,1
atitlan,2025-11-21,689850.0,1621950.0,-0.051811103,1.7353448,225,0
atitlan,2025-11-21,690150.0,1621950.0,-0.0933278,0.38217452,225,0
atitlan,2025-11-21,690450.0,1621950.0,-0.09827108,0.23086216,225,0
atitlan,2025-11-21,690750.0,1621950.0,-0.097738996,0.2327038,225,0
atitlan,2025-11-21,691050.0,1621950.0,-0.09453064,0.32455793,225,0
atitlan,2025-11-21,691350.0,1621950.0,-0.08601451,0.6189212,225,0
atitlan,2025-11-21,691650.0,1621950.0,0.029982034,5.973575,225,0
atitlan,2025-11-21,691950.0,1621950.0,0.005114089,4.385352,225,0
atitlan,2025-11-21,692250.0,1621950.0,0.1045958,10.036559,225,0
atitlan,2025-11-21,692550.0,1621950.0,0.28317192,20.159592,225,1
atitlan,2025-11-21,692850.0,1621950.0,0.041313544,6.470744,225,0
atitlan,2025-11-21,693150.0,1621950.0,0.10905593,7.9419274,225,0
atitlan,2025-11-21,693450.0,1621950.0,0.276634,15.930232,225,1
atitlan,2025-11-21,693750.0,1621950.0,0.22915342,13.549316,225,1
atitlan,2025-11-21,694050.0,1621950.0,0.2905327,16.624168,225,1
atitlan,2025-11-21,694350.0,1621950.0,0.3063079,18.040209,225,1
atitlan,2025-11-21,694650.0,1621950.0,0.30740997,18.789675,225,1
atitlan,2025-11-21,694950.0,1621950.0,0.28735358,16.2455,225,1
atitlan,2025-11-21,695250.0,1621950.0,0.28467774,15.22646,225,1
atitlan,2025-11-21,695550.0,1621950.0,0.2969542,17.292107,225,1
atitlan,2025-11-21,695850.0,1621950.0,0.29243338,16.518488,225,1
atitlan,2025-11-21,696150.0,1621950.0,0.33396313,22.73235,225,1
atitlan,2025-11-21,696450.0,1621950.0,0.31953022,20.518959,225,1
atitlan,2025-11-21,696750.0,1621950.0,0.2869018,16.259022,225,1
atitlan,2025-11-21,697050.0,1621950.0,0.30372742,17.608103,225,1
atitlan,2025-11-21,697350.0,1621950.0,0.27633077,15.45826,225,1
atitlan,2025-11-21,697650.0,1621950.0,0.19709605,12.65102,225,1
atitlan,2025-11-21,697950.0,1621950.0,0.20645933,14.087143,225,1
atitlan,2025-11-21,698250.0,1621950.0,0.15890929,10.942771,225,0
atitlan,2025-11-21,698550.0,1621950.0,-0.039665706,2.7417946,225,0
atitlan,2025-11-21,698850.0,1621950.0,0.2824711,18.997269,225,1
atitlan,2025-11-21,699150.0,1621950.0,0.100725465,8.989683,225,0
atitlan,2025-11-21,699450.0,1621950.0,-0.09005173,0.5660318,225,0
atitlan,2025-11-21,699750.0,1621950.0,-0.09598481,0.29048795,225,0
atitlan,2025-11-21,700050.0,1621950.0,-0.093447395,0.38952655,225,0
atitlan,2025-11-21,700350.0,1621950.0,-0.09324743,0.37464476,225,0
atitlan,2025-11-21,700650.0,1621950.0,-0.09587604,0.2850667,225,0
atitlan,2025-11-21,700950.0,1621950.0,-0.09771684,0.25664017,225,0
atitlan,2025-11-21,701250.0,1621950.0,-0.09556587,0.3132956,225,0
atitlan,2025-11-21,701550.0,1621950.0,-0.094389744,0.3844133,225,0
atitlan,2025-11-21,701850.0,1621950.0,-0.09235679,0.44694185,225,0
atitlan,2025-11-21,702150.0,1621950.0,-0.08914558,0.5750022,225,0
atitlan,2025-11-21,702450.0,1621950.0,-0.08850835,0.569562,225,0
atitlan,2025-11-21,702750.0,1621950.0,-0.035461433,2.564139,225,0
atitlan,2025-11-21,703050.0,1621950.0,0.25744325,13.804981,225,1
atitlan,2025-11-21,703350.0,1621950.0,0.25838253,12.714969,225,1
atitlan,2025-11-21,703650.0,1621950.0,0.14782695,10.509906,225,0
atitlan,2025-11-21,703950.0,1621950.0,0.16600269,10.838732,225,0
atitlan,2025-11-21,704250.0,1621950.0,0.2634552,16.892124,225,1
atitlan,2025-11-21,704550.0,1621950.0,0.2488717,13.4422035,225,1
atitlan,2025-11-21,704850.0,1621950.0,0.24746838,14.16485,225,1
atitlan,2025-11-21,705150.0,1621950.0,0.29164025,16.965271,225,1
atitlan,2025-11-21,705450.0,1621950.0,0.26655218,15.472374,225,1
atitlan,2025-11-21,705750.0,1621950.0,0.25373352,13.911512,225,1
atitlan,2025-11-21,706050.0,1621950.0,0.2657742,13.680262,225,1
atitlan,2025-11-21,706350.0,1621950.0,0.28831303,16.19678,225,1
atitlan,2025-11-21,706650.0,1621950.0,0.31232396,19.260887,225,1
atitlan,2025-11-21,706950.0,1621950.0,0.27324492,14.766681,225,1
atitlan,2025-11-21,707250.0,1621950.0,0.2290024,12.342482,225,1
atitlan,2025-11-21,707550.0,1621950.0,0.22950535,11.331795,225,0
atitlan,2025-11-21,707850.0,1621950.0,0.26393536,14.284741,45,1
atitlan,2025-11-21,680250.0,1622250.0,0.31251886,20.473349,180,1
atitlan,2025-11-21,680550.0,1622250.0,0.29679435,19.805326,225,1
atitlan,2025-11-21,680850.0,1622250.0,0.2114516,11.229437,225,0
atitlan,2025-11-21,681150.0,1622250.0,0.1717998,12.49093,225,1
atitlan,2025-11-21,681450.0,1622250.0,0.29300755,18.603695,225,1
atitlan,2025-11-21,681750.0,1622250.0,0.2339491,12.5974045,225,1
atitlan,2025-11-21,682050.0,1622250.0,0.23535678,12.729392,225,1
atitlan,2025-11-21,682350.0,1622250.0,0.26648352,15.9562,225,1
atitlan,2025-11-21,682650.0,1622250.0,0.30984032,18.931526,225,1
atitlan,2025-11-21,682950.0,1622250.0,0.28962415,16.775772,225,1
atitlan,2025-11-21,683250.0,1622250.0,0.28013685,15.989995,225,1
atitlan,2025-11-21,683550.0,1622250.0,0.16679054,7.6727343,225,0
atitlan,2025-11-21,683850.0,1622250.0,0.29502457,17.22909,225,1
atitlan,2025-11-21,684150.0,1622250.0,0.27902022,16.82636,225,1
atitlan,2025-11-21,684450.0,1622250.0,0.23071301,13.282239,225,1
atitlan,2025-11-21,684750.0,1622250.0,0.27529895,14.8342,225,1
atitlan,2025-11-21,685050.0,1622250.0,0.2897839,16.575153,225,1
atitlan,2025-11-21,685350.0,1622250.0,0.2895476,15.440998,225,1
atitlan,2025-11-21,685650.0,1622250.0,0.2870073,15.413471,225,1
atitlan,2025-11-21,685950.0,1622250.0,0.2736796,13.89738,225,1
atitlan,2025-11-21,686250.0,1622250.0,0.23370497,9.974797,225,0
atitlan,2025-11-21,686550.0,1622250.0,0.24490292,11.057622,225,0
atitlan,2025-11-21,686850.0,1622250.0,0.24213445,10.863048,225,0
atitlan,2025-11-21,687150.0,1622250.0,0.2614085,12.729605,225,1
atitlan,2025-11-21,687450.0,1622250.0,0.24835157,11.776766,225,0
atitlan,2025-11-21,687750.0,1622250.0,0.27581403,15.057668,225,1
atitlan,2025-11-21,688050.0,1622250.0,0.28519467,15.6289,225,1
atitlan,2025-11-21,688350.0,1622250.0,0.27942163,14.309159,225,1
atitlan,2025-11-21,688650.0,1622250.0,0.28757954,15.385618,225,1
atitlan,2025-11-21,688950.0,1622250.0,0.30406797,17.588821,225,1
atitlan,2025-11-21,689250.0,1622250.0,0.31451002,18.961788,225,1
atitlan,2025-11-21,689550.0,1622250.0,-0.0054888777,4.4901237,225,0
atitlan,2025-11-21,689850.0,1622250.0,-0.09274894,0.41115844,225,0
atitlan,2025-11-21,690150.0,1622250.0,-0.092076816,0.40017608,225,0
atitlan,2025-11-21,690450.0,1622250.0,-0.09674237,0.26050353,225,0
atitlan,2025-11-21,690750.0,1622250.0,-0.0971968,0.2270221,225,0
atitlan,2025-11-21,691050.0,1622250.0,-0.09890593,0.16615756,225,0
atitlan,2025-11-21,691350.0,1622250.0,-0.09614753,0.22613491,225,0
atitlan,2025-11-21,691650.0,1622250.0,-0.09529126,0.31740576,225,0
atitlan,2025-11-21,691950.0,1622250.0,-0.09473518,0.32797268,225,0
atitlan,2025-11-21,692250.0,1622250.0,-0.037177794,2.3208063,225,0
atitlan,2025-11-21,692550.0,1622250.0,-0.0017293559,4.211088,225,0
atitlan,2025-11-21,692850.0,1622250.0,0.079659194,9.113218,225,0
atitlan,2025-11-21,693150.0,1622250.0,-0.009083418,3.940475,225,0
atitlan,2025-11-21,693450.0,1622250.0,-0.057474762,1.7860619,225,0
atitlan,2025-11-21,693750.0,1622250.0,-0.07430686,1.0460635,225,0
atitlan,2025-11-21,694050.0,1622250.0,0.21776855,13.42158,225,1
atitlan,2025-11-21,694350.0,1622250.0,0.29670393,17.460407,225,1
atitlan,2025-11-21,694650.0,1622250.0,0.32077393,20.112745,225,1
atitlan,2025-11-21,694950.0,1622250.0,0.29818112,17.734278,225,1
atitlan,2025-11-21,695250.0,1622250.0,0.292569,16.316158,225,1
atitlan,2025-11-21,695550.0,1622250.0,0.30277482,18.35392,225,1
atitlan,2025-11-21,695850.0,1622250.0,0.27968833,14.508011,225,1
atitlan,2025-11-21,696150.0,1622250.0,0.27004647,14.388773,225,1
atitlan,2025-11-21,696450.0,1622250.0,0.2737533,14.710313,225,1
atitlan,2025-11-21,696750.0,1622250.0,0.28510556,15.9887905,225,1
atitlan,2025-11-21,697050.0,1622250.0,0.26363403,14.916877,225,1
atitlan,2025-11-21,697350.0,1622250.0,0.23964834,14.799527,225,1
atitlan,2025-11-21,697650.0,1622250.0,0.14695115,10.356727,225,0
atitlan,2025-11-21,697950.0,1622250.0,0.091206335,8.225577,225,0
atitlan,2025-11-21,698250.0,1622250.0,-0.010074588,3.8201313,225,0
atitlan,2025-11-21,698550.0,1622250.0,-0.08510103,0.73397344,225,0
atitlan,2025-11-21,698850.0,1622250.0,0.08937834,8.123266,225,0
atitlan,2025-11-21,699150.0,1622250.0,-0.073142365,1.2954954,225,0
atitlan,2025-11-21,699450.0,1622250.0,-0.09675794,0.34113288,225,0
atitlan,2025-11-21,699750.0,1622250.0,-0.09403816,0.36153084,225,0
atitlan,2025-11-21,700050.0,1622250.0,-0.09415713,0.35588056,225,0
atitlan,2025-11-21,700350.0,1622250.0,-0.09603903,0.32257137,225,0
atitlan,2025-11-21,700650.0,1622250.0,-0.097260684,0.28526846,225,0
atitlan,2025-11-21,700950.0,1622250.0,-0.097763665,0.23063606,225,0
atitlan,2025-11-21,701250.0,1622250.0,-0.096273325,0.2789577,225,0
atitlan,2025-11-21,701550.0,1622250.0,-0.09579213,0.32956678,225,0
atitlan,2025-11-21,701850.0,1622250.0,-0.09116722,0.47994852,225,0
atitlan,2025-11-21,702150.0,1622250.0,-0.09041508,0.5308219,225,0
atitlan,2025-11-21,702450.0,1622250.0,-0.086815916,0.6588749,225,0
atitlan,2025-11-21,702750.0,1622250.0,-0.040029056,2.3461578,225,0
atitlan,2025-11-21,703050.0,1622250.0,0.303236,18.908316,225,1
atitlan,2025-11-21,703350.0,1622250.0,0.29097018,17.76078,225,1
atitlan,2025-11-21,703650.0,1622250.0,0.22117376,14.781826,225,1
atitlan,2025-11-21,703950.0,1622250.0,0.20344779,13.556908,225,1
atitlan,2025-11-21,704250.0,1622250.0,0.27987212,16.85078,225,1
atitlan,2025-11-21,704550.0,1622250.0,0.28295574,17.431196,225,1
atitlan,2025-11-21,704850.0,1622250.0,0.20948863,11.665583,225,0
atitlan,2025-11-21,705150.0,1622250.0,0.26577875,15.809175,225,1
atitlan,2025-11-21,705450.0,1622250.0,0.23056915,12.521796,225,1
atitlan,2025-11-21,705750.0,1622250.0,0.28602383,18.215508,225,1
atitlan,2025-11-21,706050.0,1622250.0,0.2913652,20.276043,225,1
atitlan,2025-11-21,706350.0,1622250.0,0.24046992,14.112424,225,1
atitlan,2025-11-21,706650.0,1622250.0,0.28271896,17.814838,225,1
atitlan,2025-11-21,706950.0,1622250.0,0.2733295,14.785241,225,1
atitlan,2025-11-21,707250.0,1622250.0,0.2693413,15.2642975,225,1
atitlan,2025-11-21,707550.0,1622250.0,0.3001934,18.90465,225,1
atitlan,2025-11-21,707850.0,1622250.0,0.29132771,17.881382,45,1
atitlan,2025-11-21,680250.0,1622550.0,0.32250696,21.200983,180,1
atitlan,2025-11-21,680550.0,1622550.0,0.3143203,20.825039,225,1
atitlan,2025-11-21,680850.0,1622550.0,0.24642879,16.463205,225,1
atitlan,2025-11-21,681150.0,1622550.0,0.14568917,11.104891,225,0
atitlan,2025-11-21,681450.0,1622550.0,0.2875307,18.422312,225,1
atitlan,2025-11-21,681750.0,1622550.0,0.19780083,10.647281,225,0
atitlan,2025-11-21,682050.0,1622550.0,0.18389073,9.8357315,225,0
atitlan,2025-11-21,682350.0,1622550.0,0.2778902,15.923346,225,1
atitlan,2025-11-21,682650.0,1622550.0,0.3176608,20.131716,225,1
atitlan,2025-11-21,682950.0,1622550.0,0.31146193,19.10265,225,1
atitlan,2025-11-21,683250.0,1622550.0,0.28632513,15.285961,225,1
atitlan,2025-11-21,683550.0,1622550.0,0.2871331,15.478239,225,1
atitlan,2025-11-21,683850.0,1622550.0,0.26511574,14.691027,225,1
atitlan,2025-11-21,684150.0,1622550.0,0.27027914,15.459254,225,1
atitlan,2025-11-21,684450.0,1622550.0,0.23594797,14.16604,225,1
atitlan,2025-11-21,684750.0,1622550.0,0.28687575,17.805363,225,1
atitlan,2025-11-21,685050.0,1622550.0,0.3050266,17.76024,225,1
atitlan,2025-11-21,685350.0,1622550.0,0.28718612,16.144827,225,1
atitlan,2025-11-21,685650.0,1622550.0,0.26509202,13.900689,225,1
atitlan,2025-11-21,685950.0,1622550.0,0.26453638,12.984058,225,1
atitlan,2025-11-21,686250.0,1622550.0,0.24862187,11.296917,225,0
atitlan,2025-11-21,686550.0,1622550.0,0.2526017,11.376757,225,0
atitlan,2025-11-21,686850.0,1622550.0,0.242865,11.319414,225,0
atitlan,2025-11-21,687150.0,1622550.0,0.23200326,11.770785,225,0
atitlan,2025-11-21,687450.0,1622550.0,0.27926606,15.523217,225,1
atitlan,2025-11-21,687750.0,1622550.0,0.26665664,15.596486,225,1
atitlan,2025-11-21,688050.0,1622550.0,0.2913311,16.166012,225,1
atitlan,2025-11-21,688350.0,1622550.0,0.27723604,15.306307,225,1
atitlan,2025-11-21,688650.0,1622550.0,0.28795505,16.110407,225,1
atitlan,2025-11-21,688950.0,1622550.0,0.3233128,20.360386,225,1
atitlan,2025-11-21,689250.0,1622550.0,0.24274506,16.225014,225,1
atitlan,2025-11-21,689550.0,1622550.0,-0.08385629,0.83073246,225,0
atitlan,2025-11-21,689850.0,1622550.0,-0.09207574,0.39679086,225,0
atitlan,2025-11-21,690150.0,1622550.0,-0.09436009,0.31786576,225,0
atitlan,2025-11-21,690450.0,1622550.0,-0.09382394,0.34138775,225,0
atitlan,2025-11-21,690750.0,1622550.0,-0.09779334,0.22278918,225,0
atitlan,2025-11-21,691050.0,1622550.0,-0.09977354,0.18384954,225,0
atitlan,2025-11-21,691350.0,1622550.0,-0.0979802,0.2482972,225,0
atitlan,2025-11-21,691650.0,1622550.0,-0.09683061,0.25376812,225,0
atitlan,2025-11-21,691950.0,1622550.0,-0.09861791,0.25288776,225,0
atitlan,2025-11-21,692250.0,1622550.0,-0.09701897,0.26983535,225,0
atitlan,2025-11-21,692550.0,1622550.0,-0.096078016,0.34351218,225,0
atitlan,2025-11-21,692850.0,1622550.0,-0.09345528,0.41642177,225,0
atitlan,2025-11-21,693150.0,1622550.0,-0.09501176,0.34002537,225,0
atitlan,2025-11-21,693450.0,1622550.0,-0.093380176,0.37567458,225,0
atitlan,2025-11-21,693750.0,1622550.0,-0.08814964,0.62626976,225,0
atitlan,2025-11-21,694050.0,1622550.0,0.19811226,13.169151,225,1
atitlan,2025-11-21,694350.0,1622550.0,0.3108492,19.00641,225,1
atitlan,2025-11-21,694650.0,1622550.0,0.31576398,19.362843,225,1
atitlan,2025-11-21,694950.0,1622550.0,0.2960064,17.828867,225,1
atitlan,2025-11-21,695250.0,1622550.0,0.29225734,16.404917,225,1
atitlan,2025-11-21,695550.0,1622550.0,0.26835048,15.226497,225,1
atitlan,2025-11-21,695850.0,1622550.0,0.2594506,13.265543,225,1
atitlan,2025-11-21,696150.0,1622550.0,0.25815704,12.212033,225,1
atitlan,2025-11-21,696450.0,1622550.0,0.26635057,13.26973,225,1
atitlan,2025-11-21,696750.0,1622550.0,0.28984368,16.648129,225,1
atitlan,2025-11-21,697050.0,1622550.0,0.24212833,14.40211,225,1
atitlan,2025-11-21,697350.0,1622550.0,0.1652004,10.827891,225,0
atitlan,2025-11-21,697650.0,1622550.0,0.056355428,6.7913513,225,0
atitlan,2025-11-21,697950.0,1622550.0,-0.087687664,0.62029445,225,0
atitlan,2025-11-21,698250.0,1622550.0,-0.08841945,0.58495456,225,0
atitlan,2025-11-21,698550.0,1622550.0,-0.09326522,0.39895257,225,0
atitlan,2025-11-21,698850.0,1622550.0,-0.08809563,0.5893027,225,0
atitlan,2025-11-21,699150.0,1622550.0,-0.091796465,0.4501926,225,0
atitlan,2025-11-21,699450.0,1622550.0,-0.09607726,0.29558644,225,0
atitlan,2025-11-21,699750.0,1622550.0,-0.09551777,0.3481076,225,0
atitlan,2025-11-21,700050.0,1622550.0,-0.094327,0.3576016,225,0
atitlan,2025-11-21,700350.0,1622550.0,-0.09381886,0.3481584,225,0
atitlan,2025-11-21,700650.0,1622550.0,-0.09319706,0.40391877,225,0
atitlan,2025-11-21,700950.0,1622550.0,-0.09192237,0.45056552,225,0
atitlan,2025-11-21,701250.0,1622550.0,-0.09436885,0.3830832,225,0
atitlan,2025-11-21,701550.0,1622550.0,-0.095182836,0.30372128,225,0
atitlan,2025-11-21,701850.0,1622550.0,-0.09148393,0.45737955,225,0
atitlan,2025-11-21,702150.0,1622550.0,-0.08864212,0.5547197,225,0
atitlan,2025-11-21,702450.0,1622550.0,-0.08633061,0.69925016,225,0
atitlan,2025-11-21,702750.0,1622550.0,0.002308699,3.7046025,225,0
atitlan,2025-11-21,703050.0,1622550.0,0.2733954,15.109886,225,1
atitlan,2025-11-21,703350.0,1622550.0,0.2748785,15.536348,225,1
atitlan,2025-11-21,703650.0,1622550.0,0.27569836,15.329889,225,1
atitlan,2025-11-21,703950.0,1622550.0,0.22975937,14.21565,225,1
atitlan,2025-11-21,704250.0,1622550.0,0.2682752,15.387094,225,1
atitlan,2025-11-21,704550.0,1622550.0,0.25595346,15.002056,225,1
atitlan,2025-11-21,704850.0,1622550.0,0.20625322,10.73425,225,0
atitlan,2025-11-21,705150.0,1622550.0,0.23037761,13.04946,225,1
atitlan,2025-11-21,705450.0,1622550.0,0.26017302,15.511002,225,1
atitlan,2025-11-21,705750.0,1622550.0,0.27084813,16.672302,225,1
atitlan,2025-11-21,706050.0,1622550.0,0.3256558,22.618526,225,1
atitlan,2025-11-21,706350.0,1622550.0,0.29117748,19.656122,225,1
atitlan,2025-11-21,706650.0,1622550.0,0.2891583,19.494356,225,1
atitlan,2025-11-21,706950.0,1622550.0,0.32926813,23.459917,225,1
atitlan,2025-11-21,707250.0,1622550.0,0.31900176,23.061388,225,1
atitlan,2025-11-21,707550.0,1622550.0,0.2620631,15.864736,225,1
atitlan,2025-11-21,707850.0,1622550.0,0.19988151,9.365703,45,0
atitlan,2025-11-21,680250.0,1622850.0,0.31004348,19.728025,180,1
atitlan,2025-11-21,680550.0,1622850.0,0.2935225,18.09344,225,1
atitlan,2025-11-21,680850.0,1622850.0,0.28112745,16.71867,225,1
atitlan,2025-11-21,681150.0,1622850.0,0.23747054,14.71773,225,1
atitlan,2025-11-21,681450.0,1622850.0,0.2866284,18.781092,225,1
atitlan,2025-11-21,681750.0,1622850.0,0.156652,7.6699405,225,0
atitlan,2025-11-21,682050.0,1622850.0,0.229683,12.383495,225,1
atitlan,2025-11-21,682350.0,1622850.0,0.25800315,13.576098,225,1
atitlan,2025-11-21,682650.0,1622850.0,0.28862336,16.483664,225,1
atitlan,2025-11-21,682950.0,1622850.0,0.29334068,16.2721,225,1
atitlan,2025-11-21,683250.0,1622850.0,0.28948975,15.820384,225,1
atitlan,2025-11-21,683550.0,1622850.0,0.2886263,16.619633,225,1
atitlan,2025-11-21,683850.0,1622850.0,0.27877802,14.410815,225,1
atitlan,2025-11-21,684150.0,1622850.0,0.3018654,17.611485,225,1
atitlan,2025-11-21,684450.0,1622850.0,0.2696347,15.311965,225,1
atitlan,2025-11-21,684750.0,1622850.0,0.2801457,16.526161,225,1
atitlan,2025-11-21,685050.0,1622850.0,0.288288,16.672136,225,1
atitlan,2025-11-21,685350.0,1622850.0,0.26008296,13.714933,225,1
atitlan,2025-11-21,685650.0,1622850.0,0.26697448,16.082016,225,1
atitlan,2025-11-21,685950.0,1622850.0,0.28658918,15.725468,225,1
atitlan,2025-11-21,686250.0,1622850.0,0.25802225,12.166979,225,1
atitlan,2025-11-21,686550.0,1622850.0,0.2768468,13.946773,225,1
atitlan,2025-11-21,686850.0,1622850.0,0.23272929,11.879014,225,0
atitlan,2025-11-21,687150.0,1622850.0,0.23087995,11.275251,225,0
atitlan,2025-11-21,687450.0,1622850.0,0.30260402,17.7548,225,1
atitlan,2025-11-21,687750.0,1622850.0,0.29052395,16.29227,225,1
atitlan,2025-11-21,688050.0,1622850.0,0.2897425,16.761108,225,1
atitlan,2025-11-21,688350.0,1622850.0,0.29372403,17.32252,225,1
atitlan,2025-11-21,688650.0,1622850.0,0.2942436,16.334673,225,1
atitlan,2025-11-21,688950.0,1622850.0,0.33121228,21.969883,225,1
atitlan,2025-11-21,689250.0,1622850.0,0.192157,14.265955,225,1
atitlan,2025-11-21,689550.0,1622850.0,-0.08775945,0.612257,225,0
atitlan,2025-11-21,689850.0,1622850.0,-0.09502563,0.3318554,225,0
atitlan,2025-11-21,690150.0,1622850.0,-0.0955708,0.35267642,225,0
atitlan,2025-11-21,690450.0,1622850.0,-0.09894408,0.21455336,225,0
atitlan,2025-11-21,690750.0,1622850.0,-0.098296635,0.26843786,225,0
atitlan,2025-11-21,691050.0,1622850.0,-0.09962615,0.20547976,225,0
atitlan,2025-11-21,691350.0,1622850.0,-0.09370045,0.39741662,225,0
atitlan,2025-11-21,691650.0,1622850.0,-0.093139835,0.41993913,225,0
atitlan,2025-11-21,691950.0,1622850.0,-0.09549375,0.32356703,225,0
atitlan,2025-11-21,692250.0,1622850.0,-0.09432052,0.3559575,225,0
atitlan,2025-11-21,692550.0,1622850.0,-0.09129785,0.4782589,225,0
atitlan,2025-11-21,692850.0,1622850.0,-0.09220216,0.4730865,225,0
atitlan,2025-11-21,693150.0,1622850.0,-0.09311902,0.4156107,225,0
atitlan,2025-11-21,693450.0,1622850.0,-0.09367205,0.410916,225,0
atitlan,2025-11-21,693750.0,1622850.0,-0.09080179,0.49590763,225,0
atitlan,2025-11-21,694050.0,1622850.0,0.025018463,5.94573,225,0
atitlan,2025-11-21,694350.0,1622850.0,0.109594,8.543909,225,0
atitlan,2025-11-21,694650.0,1622850.0,0.17432848,11.601874,225,0
atitlan,2025-11-21,694950.0,1622850.0,0.09445278,7.563379,225,0
atitlan,2025-11-21,695250.0,1622850.0,0.20882045,12.544195,225,1
atitlan,2025-11-21,695550.0,1622850.0,0.28218314,17.545252,225,1
atitlan,2025-11-21,695850.0,1622850.0,0.18566237,12.232946,225,1
atitlan,2025-11-21,696150.0,1622850.0,0.21796027,13.677994,225,1
atitlan,2025-11-21,696450.0,1622850.0,0.15017746,9.917767,225,0
atitlan,2025-11-21,696750.0,1622850.0,0.20981656,12.150969,225,1
atitlan,2025-11-21,697050.0,1622850.0,0.22295015,13.061392,225,1
atitlan,2025-11-21,697350.0,1622850.0,0.17078745,10.932863,225,0
atitlan,2025-11-21,697650.0,1622850.0,0.11761788,10.718831,225,0
atitlan,2025-11-21,697950.0,1622850.0,-0.089717105,0.5534984,225,0
atitlan,2025-11-21,698250.0,1622850.0,-0.090049885,0.5326266,225,0
atitlan,2025-11-21,698550.0,1622850.0,-0.09426812,0.35398954,225,0
atitlan,2025-11-21,698850.0,1622850.0,-0.08900519,0.5656613,225,0
atitlan,2025-11-21,699150.0,1622850.0,-0.0884603,0.5894127,225,0
atitlan,2025-11-21,699450.0,1622850.0,-0.09033211,0.5243239,225,0
atitlan,2025-11-21,699750.0,1622850.0,-0.094450064,0.36500368,225,0
atitlan,2025-11-21,700050.0,1622850.0,-0.09514661,0.35061714,225,0
atitlan,2025-11-21,700350.0,1622850.0,-0.09481274,0.29298744,225,0
atitlan,2025-11-21,700650.0,1622850.0,-0.09177563,0.46138984,225,0
atitlan,2025-11-21,700950.0,1622850.0,-0.09605252,0.30769166,225,0
atitlan,2025-11-21,701250.0,1622850.0,-0.09188765,0.46782196,225,0
atitlan,2025-11-21,701550.0,1622850.0,-0.095642105,0.34527916,225,0
atitlan,2025-11-21,701850.0,1622850.0,-0.0920471,0.45504537,225,0
atitlan,2025-11-21,702150.0,1622850.0,-0.08842569,0.59210694,225,0
atitlan,2025-11-21,702450.0,1622850.0,-0.08679203,0.6790732,225,0
atitlan,2025-11-21,702750.0,1622850.0,0.04689378,5.4959755,225,0
atitlan,2025-11-21,703050.0,1622850.0,0.23745342,12.170203,225,1
atitlan,2025-11-21,703350.0,1622850.0,0.25153574,12.195659,225,1
atitlan,2025-11-21,703650.0,1622850.0,0.2888489,16.367603,225,1
atitlan,2025-11-21,703950.0,1622850.0,0.26889947,16.926409,225,1
atitlan,2025-11-21,704250.0,1622850.0,0.24587516,15.570946,225,1
atitlan,2025-11-21,704550.0,1622850.0,0.22088052,12.298266,225,1
atitlan,2025-11-21,704850.0,1622850.0,0.22376138,12.397145,225,1
atitlan,2025-11-21,705150.0,1622850.0,0.2449082,13.292242,225,1
atitlan,2025-11-21,705450.0,1622850.0,0.29168698,17.033442,225,1
atitlan,2025-11-21,705750.0,1622850.0,0.28781363,18.554998,225,1
atitlan,2025-11-21,706050.0,1622850.0,0.29174888,19.969906,225,1
atitlan,2025-11-21,706350.0,1622850.0,0.26254934,18.376408,225,1
atitlan,2025-11-21,706650.0,1622850.0,0.2867114,17.526587,225,1
atitlan,2025-11-21,706950.0,1622850.0,0.2854599,15.882964,225,1
atitlan,2025-11-21,707250.0,1622850.0,0.23833242,14.3604555,225,1
atitlan,2025-11-21,707550.0,1622850.0,0.26099867,14.615555,225,1
atitlan,2025-11-21,707850.0,1622850.0,0.22158311,12.561976,45,1
atitlan,2025-11-21,680250.0,1623150.0,0.29286337,17.200512,180,1
atitlan,2025-11-21,680550.0,1623150.0,0.29789305,19.040718,225,1
atitlan,2025-11-21,680850.0,1623150.0,0.29518646,19.17674,225,1
atitlan,2025-11-21,681150.0,1623150.0,0.30169773,19.479145,225,1
atitlan,2025-11-21,681450.0,1623150.0,0.21807586,15.2981205,225,1
atitlan,2025-11-21,681750.0,1623150.0,0.13027024,7.253061,225,0
atitlan,2025-11-21,682050.0,1623150.0,0.2211406,12.418994,225,1
atitlan,2025-11-21,682350.0,1623150.0,0.2808046,15.801821,225,1
atitlan,2025-11-21,682650.0,1623150.0,0.2847048,15.834635,225,1
atitlan,2025-11-21,682950.0,1623150.0,0.29772484,17.259684,225,1
atitlan,2025-11-21,683250.0,1623150.0,0.2867794,15.522169,225,1
atitlan,2025-11-21,683550.0,1623150.0,0.272704,14.264599,225,1
atitlan,2025-11-21,683850.0,1623150.0,0.3010797,17.135822,225,1
atitlan,2025-11-21,684150.0,1623150.0,0.31383818,19.40329,225,1
atitlan,2025-11-21,684450.0,1623150.0,0.31092212,18.641752,225,1
atitlan,2025-11-21,684750.0,1623150.0,0.29257983,17.717396,225,1
atitlan,2025-11-21,685050.0,1623150.0,0.3202195,20.529366,225,1
atitlan,2025-11-21,685350.0,1623150.0,0.27532655,14.84652,225,1
atitlan,2025-11-21,685650.0,1623150.0,0.30616164,19.097937,225,1
atitlan,2025-11-21,685950.0,1623150.0,0.30954573,19.406942,225,1
atitlan,2025-11-21,686250.0,1623150.0,0.28329086,15.225585,225,1
atitlan,2025-11-21,686550.0,1623150.0,0.2820214,14.986709,225,1
atitlan,2025-11-21,686850.0,1623150.0,0.29131863,16.193403,225,1
atitlan,2025-11-21,687150.0,1623150.0,0.2517921,12.299033,225,1
atitlan,2025-11-21,687450.0,1623150.0,0.25825313,12.487988,225,1
atitlan,2025-11-21,687750.0,1623150.0,0.28667814,15.6138315,225,1
atitlan,2025-11-21,688050.0,1623150.0,0.27811345,16.067152,225,1
atitlan,2025-11-21,688350.0,1623150.0,0.29852876,18.060007,225,1
atitlan,2025-11-21,688650.0,1623150.0,0.29020393,17.621294,225,1
atitlan,2025-11-21,688950.0,1623150.0,0.23508635,15.663865,225,1
atitlan,2025-11-21,689250.0,1623150.0,-0.0764478,1.0547862,225,0
atitlan,2025-11-21,689550.0,1623150.0,-0.09250108,0.44819057,225,0
atitlan,2025-11-21,689850.0,1623150.0,-0.09322061,0.44090846,225,0
atitlan,2025-11-21,690150.0,1623150.0,-0.09282425,0.41587356,225,0
atitlan,2025-11-21,690450.0,1623150.0,-0.09161879,0.46293843,225,0
atitlan,2025-11-21,690750.0,1623150.0,-0.09297916,0.38415003,225,0
atitlan,2025-11-21,691050.0,1623150.0,-0.09487017,0.35881874,225,0
atitlan,2025-11-21,691350.0,1623150.0,-0.089043565,0.57695687,225,0
atitlan,2025-11-21,691650.0,1623150.0,-0.09510044,0.32586297,225,0
atitlan,2025-11-21,691950.0,1623150.0,-0.09523827,0.34966147,225,0
atitlan,2025-11-21,692250.0,1623150.0,-0.10140703,0.15670072,225,0
atitlan,2025-11-21,692550.0,1623150.0,-0.09587105,0.32053533,225,0
atitlan,2025-11-21,692850.0,1623150.0,-0.097984135,0.25098446,225,0
atitlan,2025-11-21,693150.0,1623150.0,-0.09563678,0.3846583,225,0
atitlan,2025-11-21,693450.0,1623150.0,-0.10164111,0.18583603,225,0
atitlan,2025-11-21,693750.0,1623150.0,-0.09808907,0.21678725,225,0
atitlan,2025-11-21,694050.0,1623150.0,-0.09734992,0.32847595,225,0
atitlan,2025-11-21,694350.0,1623150.0,-0.09339367,0.4165558,225,0
atitlan,2025-11-21,694650.0,1623150.0,-0.09113298,0.5391528,225,0
atitlan,2025-11-21,694950.0,1623150.0,-0.0886447,0.61079156,225,0
atitlan,2025-11-21,695250.0,1623150.0,-0.08424822,0.7563461,225,0
atitlan,2025-11-21,695550.0,1623150.0,-0.0032448943,4.044202,225,0
atitlan,2025-11-21,695850.0,1623150.0,-0.07508346,1.0474253,225,0
atitlan,2025-11-21,696150.0,1623150.0,-0.05543885,1.6090584,225,0
atitlan,2025-11-21,696450.0,1623150.0,-0.06676655,1.3973538,225,0
atitlan,2025-11-21,696750.0,1623150.0,0.095918536,7.0884147,225,0
atitlan,2025-11-21,697050.0,1623150.0,0.12429111,8.508212,225,0
atitlan,2025-11-21,697350.0,1623150.0,0.23840038,15.528305,225,1
atitlan,2025-11-21,697650.0,1623150.0,0.024885131,5.9619603,225,0
atitlan,2025-11-21,697950.0,1623150.0,-0.08779217,0.6215664,225,0
atitlan,2025-11-21,698250.0,1623150.0,-0.09116522,0.48556718,225,0
atitlan,2025-11-21,698550.0,1623150.0,-0.0926233,0.38240558,225,0
atitlan,2025-11-21,698850.0,1623150.0,-0.09292075,0.40976292,225,0
atitlan,2025-11-21,699150.0,1623150.0,-0.09265965,0.39707288,225,0
atitlan,2025-11-21,699450.0,1623150.0,-0.09287857,0.41387996,225,0
atitlan,2025-11-21,699750.0,1623150.0,-0.09411417,0.3847494,225,0
atitlan,2025-11-21,700050.0,1623150.0,-0.09519405,0.32593283,225,0
atitlan,2025-11-21,700350.0,1623150.0,-0.094108745,0.37697423,225,0
atitlan,2025-11-21,700650.0,1623150.0,-0.09003736,0.4992482,225,0
atitlan,2025-11-21,700950.0,1623150.0,-0.091857955,0.45783028,225,0
atitlan,2025-11-21,701250.0,1623150.0,-0.09184039,0.40813273,225,0
atitlan,2025-11-21,701550.0,1623150.0,-0.09427229,0.3890903,225,0
atitlan,2025-11-21,701850.0,1623150.0,-0.09243576,0.4415545,225,0
atitlan,2025-11-21,702150.0,1623150.0,-0.092144586,0.42796195,225,0
atitlan,2025-11-21,702450.0,1623150.0,-0.086820714,0.6566059,225,0
atitlan,2025-11-21,702750.0,1623150.0,-0.03907881,2.3551474,225,0
atitlan,2025-11-21,703050.0,1623150.0,0.24373524,13.408824,225,1
atitlan,2025-11-21,703350.0,1623150.0,0.25832,13.462883,225,1
atitlan,2025-11-21,703650.0,1623150.0,0.31564388,20.735308,225,1
atitlan,2025-11-21,703950.0,1623150.0,0.26247782,18.010725,225,1
atitlan,2025-11-21,704250.0,1623150.0,0.23930913,15.266145,225,1
atitlan,2025-11-21,704550.0,1623150.0,0.21731777,12.858943,225,1
atitlan,2025-11-21,704850.0,1623150.0,0.20929375,12.300254,225,1
atitlan,2025-11-21,705150.0,1623150.0,0.24128087,14.339392,225,1
atitlan,2025-11-21,705450.0,1623150.0,0.31472582,20.082563,225,1
atitlan,2025-11-21,705750.0,1623150.0,0.29339138,18.392044,225,1
atitlan,2025-11-21,706050.0,1623150.0,0.27764016,15.689019,225,1
atitlan,2025-11-21,706350.0,1623150.0,0.28257817,16.72056,225,1
atitlan,2025-11-21,706650.0,1623150.0,0.29055262,18.586624,225,1
atitlan,2025-11-21,706950.0,1623150.0,0.2973545,17.365067,225,1
atitlan,2025-11-21,707250.0,1623150.0,0.24112771,13.418951,225,1
atitlan,2025-11-21,707550.0,1623150.0,0.27857062,17.045156,225,1
atitlan,2025-11-21,707850.0,1623150.0,0.2898874,16.42174,45,1
atitlan,2025-11-21,680250.0,1623450.0,0.31307834,19.549732,180,1
atitlan,2025-11-21,680550.0,1623450.0,0.32724395,21.996893,225,1
atitlan,2025-11-21,680850.0,1623450.0,0.32029083,20.56909,225,1
atitlan,2025-11-21,681150.0,1623450.0,0.31298134,20.43096,225,1
atitlan,2025-11-21,681450.0,1623450.0,0.27561554,16.489603,225,1
atitlan,2025-11-21,681750.0,1623450.0,0.18333907,9.814444,225,0
atitlan,2025-11-21,682050.0,1623450.0,0.27641276,16.066523,225,1
atitlan,2025-11-21,682350.0,1623450.0,0.30831468,19.54437,225,1
atitlan,2025-11-21,682650.0,1623450.0,0.3181495,19.898806,225,1
atitlan,2025-11-21,682950.0,1623450.0,0.3082469,18.004269,225,1
atitlan,2025-11-21,683250.0,1623450.0,0.29087952,15.853598,225,1
atitlan,2025-11-21,683550.0,1623450.0,0.2592395,12.898555,225,1
atitlan,2025-11-21,683850.0,1623450.0,0.24814405,11.697222,225,0
atitlan,2025-11-21,684150.0,1623450.0,0.28049734,14.890183,225,1
atitlan,2025-11-21,684450.0,1623450.0,0.30791244,17.999556,225,1
atitlan,2025-11-21,684750.0,1623450.0,0.29544196,16.5823,225,1
atitlan,2025-11-21,685050.0,1623450.0,0.3083528,18.88214,225,1
atitlan,2025-11-21,685350.0,1623450.0,0.2710919,15.759616,225,1
atitlan,2025-11-21,685650.0,1623450.0,0.2743414,15.065497,225,1
atitlan,2025-11-21,685950.0,1623450.0,0.29821292,17.54746,225,1
atitlan,2025-11-21,686250.0,1623450.0,0.26696488,14.407119,225,1
atitlan,2025-11-21,686550.0,1623450.0,0.2821884,15.119317,225,1
atitlan,2025-11-21,686850.0,1623450.0,0.2927042,16.654215,225,1
atitlan,2025-11-21,687150.0,1623450.0,0.27464375,14.655872,225,1
atitlan,2025-11-21,687450.0,1623450.0,0.2734635,14.767138,225,1
atitlan,2025-11-21,687750.0,1623450.0,0.28680053,15.705258,225,1
atitlan,2025-11-21,688050.0,1623450.0,0.26811007,15.986431,225,1
atitlan,2025-11-21,688350.0,1623450.0,0.22152644,13.859062,225,1
atitlan,2025-11-21,688650.0,1623450.0,0.079732575,7.253875,225,0
atitlan,2025-11-21,688950.0,1623450.0,-0.061375435,1.6699158,225,0
atitlan,2025-11-21,689250.0,1623450.0,-0.09188607,0.436578,225,0
atitlan,2025-11-21,689550.0,1623450.0,-0.09661784,0.30237892,225,0
atitlan,2025-11-21,689850.0,1623450.0,-0.09298128,0.39336812,225,0
atitlan,2025-11-21,690150.0,1623450.0,-0.09396387,0.34645554,225,0
atitlan,2025-11-21,690450.0,1623450.0,-0.09422931,0.34544146,225,0
atitlan,2025-11-21,690750.0,1623450.0,-0.09420189,0.35415313,225,0
atitlan,2025-11-21,691050.0,1623450.0,-0.100025006,0.20846967,225,0
atitlan,2025-11-21,691350.0,1623450.0,-0.093565546,0.38130036,225,0
atitlan,2025-11-21,691650.0,1623450.0,-0.097644456,0.26217857,225,0
atitlan,2025-11-21,691950.0,1623450.0,-0.097306535,0.25692612,225,0
atitlan,2025-11-21,692250.0,1623450.0,-0.09921749,0.18525797,225,0
atitlan,2025-11-21,692550.0,1623450.0,-0.10082097,0.19362149,225,0
atitlan,2025-11-21,692850.0,1623450.0,-0.10229596,0.14245935,225,0
atitlan,2025-11-21,693150.0,1623450.0,-0.09884003,0.23646316,225,0
atitlan,2025-11-21,693450.0,1623450.0,-0.10235381,0.12378934,225,0
atitlan,2025-11-21,693750.0,1623450.0,-0.1017769,0.18541443,225,0
atitlan,2025-11-21,694050.0,1623450.0,-0.09977693,0.22313039,225,0
atitlan,2025-11-21,694350.0,1623450.0,-0.0955072,0.34626395,225,0
atitlan,2025-11-21,694650.0,1623450.0,-0.09808293,0.28677723,225,0
atitlan,2025-11-21,694950.0,1623450.0,-0.09146388,0.47114676,225,0
atitlan,2025-11-21,695250.0,1623450.0,-0.09384434,0.38926855,225,0
atitlan,2025-11-21,695550.0,1623450.0,-0.09368474,0.3946901,225,0
atitlan,2025-11-21,695850.0,1623450.0,-0.09592039,0.3341341,225,0
atitlan,2025-11-21,696150.0,1623450.0,-0.0933608,0.43632054,225,0
atitlan,2025-11-21,696450.0,1623450.0,-0.09270978,0.4319647,225,0
atitlan,2025-11-21,696750.0,1623450.0,-0.080764465,0.95456654,225,0
atitlan,2025-11-21,697050.0,1623450.0,-0.08714922,0.64620906,225,0
atitlan,2025-11-21,697350.0,1623450.0,-0.067367256,1.5000465,225,0
atitlan,2025-11-21,697650.0,1623450.0,-0.08600299,0.6864696,225,0
atitlan,2025-11-21,697950.0,1623450.0,-0.093174085,0.38017508,225,0
atitlan,2025-11-21,698250.0,1623450.0,-0.093208,0.38878495,225,0
atitlan,2025-11-21,698550.0,1623450.0,-0.09389393,0.32136765,225,0
atitlan,2025-11-21,698850.0,1623450.0,-0.09359281,0.40378618,225,0
atitlan,2025-11-21,699150.0,1623450.0,-0.09270623,0.38439506,225,0
atitlan,2025-11-21,699450.0,1623450.0,-0.09012985,0.4925445,225,0
atitlan,2025-11-21,699750.0,1623450.0,-0.09034503,0.5005053,225,0
atitlan,2025-11-21,700050.0,1623450.0,-0.09453276,0.3662741,225,0
atitlan,2025-11-21,700350.0,1623450.0,-0.092784785,0.40007195,225,0
atitlan,2025-11-21,700650.0,1623450.0,-0.09033467,0.47829258,225,0
atitlan,2025-11-21,700950.0,1623450.0,-0.09441463,0.36824605,225,0
atitlan,2025-11-21,701250.0,1623450.0,-0.09304846,0.4155842,225,0
atitlan,2025-11-21,701550.0,1623450.0,-0.092102565,0.451312,225,0
atitlan,2025-11-21,701850.0,1623450.0,-0.09088627,0.48479423,225,0
atitlan,2025-11-21,702150.0,1623450.0,-0.0902352,0.5093023,225,0
atitlan,2025-11-21,702450.0,1623450.0,-0.08025581,1.0058472,225,0
atitlan,2025-11-21,702750.0,1623450.0,0.14838842,9.63883,225,0
atitlan,2025-11-21,703050.0,1623450.0,0.23542663,13.3682165,225,1
atitlan,2025-11-21,703350.0,1623450.0,0.3137515,19.31345,225,1
atitlan,2025-11-21,703650.0,1623450.0,0.2781149,16.430328,225,1
atitlan,2025-11-21,703950.0,1623450.0,0.20913036,13.923047,225,1
atitlan,2025-11-21,704250.0,1623450.0,0.25702357,15.860659,225,1
atitlan,2025-11-21,704550.0,1623450.0,0.22575885,13.703125,225,1
atitlan,2025-11-21,704850.0,1623450.0,0.21199615,13.195124,225,1
atitlan,2025-11-21,705150.0,1623450.0,0.22435857,13.762764,225,1
atitlan,2025-11-21,705450.0,1623450.0,0.27388224,16.969852,225,1
atitlan,2025-11-21,705750.0,1623450.0,0.31519663,20.002684,225,1
atitlan,2025-11-21,706050.0,1623450.0,0.28857404,16.933884,225,1
atitlan,2025-11-21,706350.0,1623450.0,0.28487363,16.435581,225,1
atitlan,2025-11-21,706650.0,1623450.0,0.30473304,19.512455,225,1
atitlan,2025-11-21,706950.0,1623450.0,0.27198192,17.08209,225,1
atitlan,2025-11-21,707250.0,1623450.0,0.2762687,16.487875,225,1
atitlan,2025-11-21,707550.0,1623450.0,0.2547784,16.692043,225,1
atitlan,2025-11-21,707850.0,1623450.0,0.21612388,10.429679,45,0
atitlan,2025-11-21,680250.0,1623750.0,0.3037547,18.929008,180,1
atitlan,2025-11-21,680550.0,1623750.0,0.28150725,15.333739,225,1
atitlan,2025-11-21,680850.0,1623750.0,0.29372367,17.144562,225,1
atitlan,2025-11-21,681150.0,1623750.0,0.29896808,18.145363,225,1
atitlan,2025-11-21,681450.0,1623750.0,0.27410915,16.323322,225,1
atitlan,2025-11-21,681750.0,1623750.0,0.26561782,15.767845,225,1
atitlan,2025-11-21,682050.0,1623750.0,0.25804552,14.991977,225,1
atitlan,2025-11-21,682350.0,1623750.0,0.2902628,16.754637,225,1
atitlan,2025-11-21,682650.0,1623750.0,0.33186334,22.55677,225,1
atitlan,2025-11-21,682950.0,1623750.0,0.31870836,20.039581,225,1
atitlan,2025-11-21,683250.0,1623750.0,0.2911065,16.607512,225,1
atitlan,2025-11-21,683550.0,1623750.0,0.28121188,15.038873,225,1
atitlan,2025-11-21,683850.0,1623750.0,0.25959182,12.947264,225,1
atitlan,2025-11-21,684150.0,1623750.0,0.24813487,11.504786,225,0
atitlan,2025-11-21,684450.0,1623750.0,0.26510555,13.192526,225,1
atitlan,2025-11-21,684750.0,1623750.0,0.27249926,13.844038,225,1
atitlan,2025-11-21,685050.0,1623750.0,0.2813246,15.02199,225,1
atitlan,2025-11-21,685350.0,1623750.0,0.28646365,16.83216,225,1
atitlan,2025-11-21,685650.0,1623750.0,0.28539035,17.562943,225,1
atitlan,2025-11-21,685950.0,1623750.0,0.2717179,15.688592,225,1
atitlan,2025-11-21,686250.0,1623750.0,0.2805145,16.93003,225,1
atitlan,2025-11-21,686550.0,1623750.0,0.28088373,15.499872,225,1
atitlan,2025-11-21,686850.0,1623750.0,0.277397,15.351344,225,1
atitlan,2025-11-21,687150.0,1623750.0,0.27731368,15.404528,225,1
atitlan,2025-11-21,687450.0,1623750.0,0.25409052,17.599495,225,1
atitlan,2025-11-21,687750.0,1623750.0,0.19427687,11.504317,225,0
atitlan,2025-11-21,688050.0,1623750.0,-0.008889167,3.3515728,225,0
atitlan,2025-11-21,688350.0,1623750.0,-0.07161565,1.1543858,225,0
atitlan,2025-11-21,688650.0,1623750.0,-0.09226653,0.43174255,225,0
atitlan,2025-11-21,688950.0,1623750.0,-0.0916276,0.4738073,225,0
atitlan,2025-11-21,689250.0,1623750.0,-0.09797922,0.249003,225,0
atitlan,2025-11-21,689550.0,1623750.0,-0.0978188,0.24024895,225,0
atitlan,2025-11-21,689850.0,1623750.0,-0.09531399,0.38420576,225,0
atitlan,2025-11-21,690150.0,1623750.0,-0.0974521,0.27098534,225,0
atitlan,2025-11-21,690450.0,1623750.0,-0.09608004,0.30630744,225,0
atitlan,2025-11-21,690750.0,1623750.0,-0.09785429,0.25848922,225,0
atitlan,2025-11-21,691050.0,1623750.0,-0.10072515,0.2081063,225,0
atitlan,2025-11-21,691350.0,1623750.0,-0.09947225,0.21134014,225,0
atitlan,2025-11-21,691650.0,1623750.0,-0.099849775,0.21727283,225,0
atitlan,2025-11-21,691950.0,1623750.0,-0.100291446,0.24046841,225,0
atitlan,2025-11-21,692250.0,1623750.0,-0.099894926,0.2369184,225,0
atitlan,2025-11-21,692550.0,1623750.0,-0.09979198,0.22511403,225,0
atitlan,2025-11-21,692850.0,1623750.0,-0.09806985,0.24669108,225,0
atitlan,2025-11-21,693150.0,1623750.0,-0.094530694,0.3173796,225,0
atitlan,2025-11-21,693450.0,1623750.0,-0.098034695,0.27467725,225,0
atitlan,2025-11-21,693750.0,1623750.0,-0.095930845,0.34682035,225,0
atitlan,2025-11-21,694050.0,1623750.0,-0.09409253,0.35350293,225,0
atitlan,2025-11-21,694350.0,1623750.0,-0.092793904,0.41935253,225,0
atitlan,2025-11-21,694650.0,1623750.0,-0.09746995,0.3032892,225,0
atitlan,2025-11-21,694950.0,1623750.0,-0.09431903,0.3479376,225,0
atitlan,2025-11-21,695250.0,1623750.0,-0.09713159,0.2659143,225,0
atitlan,2025-11-21,695550.0,1623750.0,-0.09613621,0.26716235,225,0
atitlan,2025-11-21,695850.0,1623750.0,-0.09857363,0.2732228,225,0
atitlan,2025-11-21,696150.0,1623750.0,-0.09387538,0.35390955,225,0
atitlan,2025-11-21,696450.0,1623750.0,-0.09359066,0.39143127,225,0
atitlan,2025-11-21,696750.0,1623750.0,-0.09329324,0.41131502,225,0
atitlan,2025-11-21,697050.0,1623750.0,-0.090220645,0.47913137,225,0
atitlan,2025-11-21,697350.0,1623750.0,-0.08969169,0.5715153,225,0
atitlan,2025-11-21,697650.0,1623750.0,-0.09038748,0.50312495,225,0
atitlan,2025-11-21,697950.0,1623750.0,-0.090628974,0.49490023,225,0
atitlan,2025-11-21,698250.0,1623750.0,-0.09398994,0.38447574,225,0
atitlan,2025-11-21,698550.0,1623750.0,-0.09290438,0.4109932,225,0
atitlan,2025-11-21,698850.0,1623750.0,-0.094315335,0.35254672,225,0
atitlan,2025-11-21,699150.0,1623750.0,-0.09414399,0.32847697,225,0
atitlan,2025-11-21,699450.0,1623750.0,-0.09312865,0.39207402,225,0
atitlan,2025-11-21,699750.0,1623750.0,-0.09123526,0.48988286,225,0
atitlan,2025-11-21,700050.0,1623750.0,-0.09205637,0.4365093,225,0
atitlan,2025-11-21,700350.0,1623750.0,-0.091763176,0.4631594,225,0
atitlan,2025-11-21,700650.0,1623750.0,-0.0906452,0.49349046,225,0
atitlan,2025-11-21,700950.0,1623750.0,-0.088387094,0.6005695,225,0
atitlan,2025-11-21,701250.0,1623750.0,-0.08920713,0.56581265,225,0
atitlan,2025-11-21,701550.0,1623750.0,-0.09088702,0.5003385,225,0
atitlan,2025-11-21,701850.0,1623750.0,-0.09193789,0.48180002,225,0
atitlan,2025-11-21,702150.0,1623750.0,-0.08832416,0.6045809,225,0
atitlan,2025-11-21,702450.0,1623750.0,-0.0801304,0.9955898,225,0
atitlan,2025-11-21,702750.0,1623750.0,0.17255507,10.571807,225,0
atitlan,2025-11-21,703050.0,1623750.0,0.28853288,16.079401,225,1
atitlan,2025-11-21,703350.0,1623750.0,0.28746027,17.35942,225,1
atitlan,2025-11-21,703650.0,1623750.0,0.24926852,16.132755,225,1
atitlan,2025-11-21,703950.0,1623750.0,0.1870677,10.181759,225,0
atitlan,2025-11-21,704250.0,1623750.0,0.24550466,14.401396,225,1
atitlan,2025-11-21,704550.0,1623750.0,0.22740728,12.530594,225,1
atitlan,2025-11-21,704850.0,1623750.0,0.22456948,13.28792,225,1
atitlan,2025-11-21,705150.0,1623750.0,0.27090707,16.00344,225,1
atitlan,2025-11-21,705450.0,1623750.0,0.22543924,12.846665,225,1
atitlan,2025-11-21,705750.0,1623750.0,0.28439647,17.912342,225,1
atitlan,2025-11-21,706050.0,1623750.0,0.31291676,22.187172,225,1
atitlan,2025-11-21,706350.0,1623750.0,0.27513698,16.597214,225,1
atitlan,2025-11-21,706650.0,1623750.0,0.26550105,13.997107,225,1
atitlan,2025-11-21,706950.0,1623750.0,0.22286603,11.23284,225,0
atitlan,2025-11-21,707250.0,1623750.0,0.20663826,10.469559,225,0
atitlan,2025-11-21,707550.0,1623750.0,0.23397006,11.9052725,225,0
atitlan,2025-11-21,707850.0,1623750.0,0.2534698,13.165531,45,1
atitlan,2025-11-21,680250.0,1624050.0,0.3198156,21.059944,180,1
atitlan,2025-11-21,680550.0,1624050.0,0.3264738,21.246052,225,1
atitlan,2025-11-21,680850.0,1624050.0,0.32648253,22.896837,225,1
atitlan,2025-11-21,681150.0,1624050.0,0.3098945,20.796799,225,1
atitlan,2025-11-21,681450.0,1624050.0,0.32280272,22.088955,225,1
atitlan,2025-11-21,681750.0,1624050.0,0.25244674,15.707369,225,1
atitlan,2025-11-21,682050.0,1624050.0,0.29573804,17.955492,225,1
atitlan,2025-11-21,682350.0,1624050.0,0.30780035,18.640327,225,1
atitlan,2025-11-21,682650.0,1624050.0,0.2974682,17.987217,225,1
atitlan,2025-11-21,682950.0,1624050.0,0.29511517,17.833055,225,1
atitlan,2025-11-21,683250.0,1624050.0,0.29692787,18.144384,225,1
atitlan,2025-11-21,683550.0,1624050.0,0.28548476,15.844428,225,1
atitlan,2025-11-21,683850.0,1624050.0,0.28523704,15.848143,225,1
atitlan,2025-11-21,684150.0,1624050.0,0.27586854,14.240304,225,1
atitlan,2025-11-21,684450.0,1624050.0,0.28727838,15.468829,225,1
atitlan,2025-11-21,684750.0,1624050.0,0.30678302,18.391006,225,1
atitlan,2025-11-21,685050.0,1624050.0,0.28034014,16.006557,225,1
atitlan,2025-11-21,685350.0,1624050.0,0.28962,16.736977,225,1
atitlan,2025-11-21,685650.0,1624050.0,0.28783,16.755825,225,1
atitlan,2025-11-21,685950.0,1624050.0,0.26281053,17.293238,225,1
atitlan,2025-11-21,686250.0,1624050.0,0.29501486,17.669199,225,1
atitlan,2025-11-21,686550.0,1624050.0,0.26596582,16.239542,225,1
atitlan,2025-11-21,686850.0,1624050.0,0.25170234,13.986189,225,1
atitlan,2025-11-21,687150.0,1624050.0,0.23888528,13.921354,225,1
atitlan,2025-11-21,687450.0,1624050.0,0.12261564,9.0602665,225,0
atitlan,2025-11-21,687750.0,1624050.0,-0.052885555,1.8134645,225,0
atitlan,2025-11-21,688050.0,1624050.0,-0.090118855,0.472183,225,0
atitlan,2025-11-21,688350.0,1624050.0,-0.091748185,0.46234968,225,0
atitlan,2025-11-21,688650.0,1624050.0,-0.09522433,0.28654724,225,0
atitlan,2025-11-21,688950.0,1624050.0,-0.09650045,0.2996106,225,0
atitlan,2025-11-21,689250.0,1624050.0,-0.09863686,0.2311261,225,0
atitlan,2025-11-21,689550.0,1624050.0,-0.1017379,0.14370845,225,0
atitlan,2025-11-21,689850.0,1624050.0,-0.098985195,0.2528515,225,0
atitlan,2025-11-21,690150.0,1624050.0,-0.098148085,0.2700898,225,0
atitlan,2025-11-21,690450.0,1624050.0,-0.096912526,0.3068233,225,0
atitlan,2025-11-21,690750.0,1624050.0,-0.09704438,0.24344683,225,0
atitlan,2025-11-21,691050.0,1624050.0,-0.09592548,0.3091662,225,0
atitlan,2025-11-21,691350.0,1624050.0,-0.097174525,0.30326113,225,0
atitlan,2025-11-21,691650.0,1624050.0,-0.0922003,0.41544375,225,0
atitlan,2025-11-21,691950.0,1624050.0,-0.09386335,0.38840845,225,0
atitlan,2025-11-21,692250.0,1624050.0,-0.096369766,0.27711567,225,0
atitlan,2025-11-21,692550.0,1624050.0,-0.09842858,0.30119652,225,0
atitlan,2025-11-21,692850.0,1624050.0,-0.0963967,0.32147864,225,0
atitlan,2025-11-21,693150.0,1624050.0,-0.09707961,0.28977504,225,0
atitlan,2025-11-21,693450.0,1624050.0,-0.09947788,0.2102633,225,0
atitlan,2025-11-21,693750.0,1624050.0,-0.10049457,0.24055798,225,0
atitlan,2025-11-21,694050.0,1624050.0,-0.09901943,0.25398958,225,0
atitlan,2025-11-21,694350.0,1624050.0,-0.0941174,0.37468472,225,0
atitlan,2025-11-21,694650.0,1624050.0,-0.10034671,0.21307075,225,0
atitlan,2025-11-21,694950.0,1624050.0,-0.09382463,0.35551035,225,0
atitlan,2025-11-21,695250.0,1624050.0,-0.09570148,0.2956694,225,0
atitlan,2025-11-21,695550.0,1624050.0,-0.09341689,0.42119208,225,0
atitlan,2025-11-21,695850.0,1624050.0,-0.09818036,0.29416728,225,0
atitlan,2025-11-21,696150.0,1624050.0,-0.095275484,0.32159287,225,0
atitlan,2025-11-21,696450.0,1624050.0,-0.09564647,0.34845686,225,0
atitlan,2025-11-21,696750.0,1624050.0,-0.09572525,0.35299993,225,0
atitlan,2025-11-21,697050.0,1624050.0,-0.0919216,0.44763473,225,0
atitlan,2025-11-21,697350.0,1624050.0,-0.093008205,0.39244103,225,0
atitlan,2025-11-21,697650.0,1624050.0,-0.093740836,0.36024454,225,0
atitlan,2025-11-21,697950.0,1624050.0,-0.09086705,0.47807243,225,0
atitlan,2025-11-21,698250.0,1624050.0,-0.09356052,0.35222852,225,0
atitlan,2025-11-21,698550.0,1624050.0,-0.09503813,0.2955519,225,0
atitlan,2025-11-21,698850.0,1624050.0,-0.093362235,0.41111583,225,0
atitlan,2025-11-21,699150.0,1624050.0,-0.09447099,0.33679044,225,0
atitlan,2025-11-21,699450.0,1624050.0,-0.08977218,0.526893,225,0
atitlan,2025-11-21,699750.0,1624050.0,-0.08990478,0.5106489,225,0
atitlan,2025-11-21,700050.0,1624050.0,-0.09157225,0.43511343,225,0
atitlan,2025-11-21,700350.0,1624050.0,-0.093943946,0.36833087,225,0
atitlan,2025-11-21,700650.0,1624050.0,-0.093208626,0.3787962,225,0
atitlan,2025-11-21,700950.0,1624050.0,-0.09279819,0.43546787,225,0
atitlan,2025-11-21,701250.0,1624050.0,-0.09350513,0.3961708,225,0
atitlan,2025-11-21,701550.0,1624050.0,-0.09219012,0.42555538,225,0
atitlan,2025-11-21,701850.0,1624050.0,-0.09081206,0.4775908,225,0
atitlan,2025-11-21,702150.0,1624050.0,-0.088025026,0.6301005,225,0
atitlan,2025-11-21,702450.0,1624050.0,-0.06297772,1.5506599,225,0
atitlan,2025-11-21,702750.0,1624050.0,0.23556314,14.65485,225,1
atitlan,2025-11-21,703050.0,1624050.0,0.28409714,15.189883,225,1
atitlan,2025-11-21,703350.0,1624050.0,0.27892917,16.747213,225,1
atitlan,2025-11-21,703650.0,1624050.0,0.22483477,12.665824,225,1
atitlan,2025-11-21,703950.0,1624050.0,0.22457469,11.959947,225,0
atitlan,2025-11-21,704250.0,1624050.0,0.21915866,10.844539,225,0
atitlan,2025-11-21,704550.0,1624050.0,0.23567756,12.873473,225,1
atitlan,2025-11-21,704850.0,1624050.0,0.29198602,17.999647,225,1
atitlan,2025-11-21,705150.0,1624050.0,0.27873904,16.260248,225,1
atitlan,2025-11-21,705450.0,1624050.0,0.20985988,10.7237215,225,0
atitlan,2025-11-21,705750.0,1624050.0,0.2278308,12.538674,225,1
atitlan,2025-11-21,706050.0,1624050.0,0.26535848,16.382948,225,1
atitlan,2025-11-21,706350.0,1624050.0,0.29644057,18.589516,225,1
atitlan,2025-11-21,706650.0,1624050.0,0.31442747,21.392756,225,1
atitlan,2025-11-21,706950.0,1624050.0,0.19937217,12.083906,225,1
atitlan,2025-11-21,707250.0,1624050.0,0.2616454,16.03264,225,1
atitlan,2025-11-21,707550.0,1624050.0,0.28557768,17.757502,225,1
atitlan,2025-11-21,707850.0,1624050.0,0.2605244,14.326747,45,1
atitlan,2025-11-21,680250.0,1624350.0,0.329514,23.340115,180,1
atitlan,2025-11-21,680550.0,1624350.0,0.30540106,19.993168,225,1
atitlan,2025-11-21,680850.0,1624350.0,0.3043138,19.821873,225,1
atitlan,2025-11-21,681150.0,1624350.0,0.2587201,17.195179,225,1
atitlan,2025-11-21,681450.0,1624350.0,0.2816587,18.28695,225,1
atitlan,2025-11-21,681750.0,1624350.0,0.21550913,14.935144,225,1
atitlan,2025-11-21,682050.0,1624350.0,0.315216,20.735094,225,1
atitlan,2025-11-21,682350.0,1624350.0,0.30056927,19.320223,225,1
atitlan,2025-11-21,682650.0,1624350.0,0.27276665,15.596364,225,1
atitlan,2025-11-21,682950.0,1624350.0,0.3142116,19.806438,225,1
atitlan,2025-11-21,683250.0,1624350.0,0.31106657,19.110022,225,1
atitlan,2025-11-21,683550.0,1624350.0,0.30284458,18.788103,225,1
atitlan,2025-11-21,683850.0,1624350.0,0.28463697,15.846711,225,1
atitlan,2025-11-21,684150.0,1624350.0,0.26373836,13.32,225,1
atitlan,2025-11-21,684450.0,1624350.0,0.28278354,15.0367155,225,1
atitlan,2025-11-21,684750.0,1624350.0,0.2881283,15.505567,225,1
atitlan,2025-11-21,685050.0,1624350.0,0.305889,17.972727,225,1
atitlan,2025-11-21,685350.0,1624350.0,0.2793895,15.694348,225,1
atitlan,2025-11-21,685650.0,1624350.0,0.2250093,15.894248,225,1
atitlan,2025-11-21,685950.0,1624350.0,0.21268934,12.16699,225,1
atitlan,2025-11-21,686250.0,1624350.0,0.26229286,14.697988,225,1
atitlan,2025-11-21,686550.0,1624350.0,0.2247749,12.96775,225,1
atitlan,2025-11-21,686850.0,1624350.0,0.17204669,11.632125,225,0
atitlan,2025-11-21,687150.0,1624350.0,0.08622776,7.0636816,225,0
atitlan,2025-11-21,687450.0,1624350.0,-0.04495891,2.1896548,225,0
atitlan,2025-11-21,687750.0,1624350.0,-0.09201169,0.42361543,225,0
atitlan,2025-11-21,688050.0,1624350.0,-0.08470822,0.7746837,225,0
atitlan,2025-11-21,688350.0,1624350.0,-0.091172695,0.45698804,225,0
atitlan,2025-11-21,688650.0,1624350.0,-0.091268525,0.4660417,225,0
atitlan,2025-11-21,688950.0,1624350.0,-0.09750945,0.28698337,225,0
atitlan,2025-11-21,689250.0,1624350.0,-0.09510389,0.35569167,225,0
atitlan,2025-11-21,689550.0,1624350.0,-0.100674145,0.21477303,225,0
atitlan,2025-11-21,689850.0,1624350.0,-0.09698661,0.30902845,225,0
atitlan,2025-11-21,690150.0,1624350.0,-0.09545192,0.30690503,225,0
atitlan,2025-11-21,690450.0,1624350.0,-0.095204234,0.34343985,225,0
atitlan,2025-11-21,690750.0,1624350.0,-0.09487704,0.3379403,225,0
atitlan,2025-11-21,691050.0,1624350.0,-0.09742958,0.27387598,225,0
atitlan,2025-11-21,691350.0,1624350.0,-0.096948706,0.32090548,225,0
atitlan,2025-11-21,691650.0,1624350.0,-0.09359691,0.40290436,225,0
atitlan,2025-11-21,691950.0,1624350.0,-0.09838609,0.23828572,225,0
atitlan,2025-11-21,692250.0,1624350.0,-0.100072235,0.18822356,225,0
atitlan,2025-11-21,692550.0,1624350.0,-0.09980844,0.2073171,225,0
atitlan,2025-11-21,692850.0,1624350.0,-0.09577091,0.31867814,225,0
atitlan,2025-11-21,693150.0,1624350.0,-0.09668123,0.29923996,225,0
atitlan,2025-11-21,693450.0,1624350.0,-0.09607839,0.32584476,225,0
atitlan,2025-11-21,693750.0,1624350.0,-0.09619257,0.3318639,225,0
atitlan,2025-11-21,694050.0,1624350.0,-0.09218414,0.45735288,225,0
atitlan,2025-11-21,694350.0,1624350.0,-0.09364323,0.3729443,225,0
atitlan,2025-11-21,694650.0,1624350.0,-0.09394045,0.38768786,225,0
atitlan,2025-11-21,694950.0,1624350.0,-0.09496884,0.3619025,225,0
atitlan,2025-11-21,695250.0,1624350.0,-0.09468126,0.31904995,225,0
atitlan,2025-11-21,695550.0,1624350.0,-0.095512755,0.336745,225,0
atitlan,2025-11-21,695850.0,1624350.0,-0.09770153,0.263992,225,0
atitlan,2025-11-21,696150.0,1624350.0,-0.097498626,0.2983003,225,0
atitlan,2025-11-21,696450.0,1624350.0,-0.09492377,0.35138693,225,0
atitlan,2025-11-21,696750.0,1624350.0,-0.0953541,0.31469154,225,0
atitlan,2025-11-21,697050.0,1624350.0,-0.08996811,0.53235656,225,0
atitlan,2025-11-21,697350.0,1624350.0,-0.08930292,0.5371027,225,0
atitlan,2025-11-21,697650.0,1624350.0,-0.09088164,0.4664499,225,0
atitlan,2025-11-21,697950.0,1624350.0,-0.0911557,0.5020754,225,0
atitlan,2025-11-21,698250.0,1624350.0,-0.09414956,0.34941182,225,0
atitlan,2025-11-21,698550.0,1624350.0,-0.09749356,0.24293527,225,0
atitlan,2025-11-21,698850.0,1624350.0,-0.09544602,0.3436297,225,0
atitlan,2025-11-21,699150.0,1624350.0,-0.09258489,0.41699833,225,0
atitlan,2025-11-21,699450.0,1624350.0,-0.09166012,0.43996674,225,0
atitlan,2025-11-21,699750.0,1624350.0,-0.09319971,0.41098335,225,0
atitlan,2025-11-21,700050.0,1624350.0,-0.09070771,0.48433068,225,0
atitlan,2025-11-21,700350.0,1624350.0,-0.09230363,0.40286747,225,0
atitlan,2025-11-21,700650.0,1624350.0,-0.090859555,0.50187236,225,0
atitlan,2025-11-21,700950.0,1624350.0,-0.09069994,0.48595104,225,0
atitlan,2025-11-21,701250.0,1624350.0,-0.09661589,0.32223052,225,0
atitlan,2025-11-21,701550.0,1624350.0,-0.09111231,0.47702348,225,0
atitlan,2025-11-21,701850.0,1624350.0,-0.09403431,0.38275838,225,0
atitlan,2025-11-21,702150.0,1624350.0,-0.085994646,0.7189084,225,0
atitlan,2025-11-21,702450.0,1624350.0,-0.027935568,3.1720266,225,0
atitlan,2025-11-21,702750.0,1624350.0,0.22048397,12.678165,225,1
atitlan,2025-11-21,703050.0,1624350.0,0.28042746,15.561135,225,1
atitlan,2025-11-21,703350.0,1624350.0,0.22963025,12.159068,225,1
atitlan,2025-11-21,703650.0,1624350.0,0.24409553,13.814633,225,1
atitlan,2025-11-21,703950.0,1624350.0,0.27850673,16.584278,225,1
atitlan,2025-11-21,704250.0,1624350.0,0.24333368,12.438202,225,1
atitlan,2025-11-21,704550.0,1624350.0,0.26159254,15.7321615,225,1
atitlan,2025-11-21,704850.0,1624350.0,0.2624751,14.202023,225,1
atitlan,2025-11-21,705150.0,1624350.0,0.25857964,15.199274,225,1
atitlan,2025-11-21,705450.0,1624350.0,0.27732986,17.401148,225,1
atitlan,2025-11-21,705750.0,1624350.0,0.18853721,8.846527,225,0
atitlan,2025-11-21,706050.0,1624350.0,0.20845848,10.578733,225,0
atitlan,2025-11-21,706350.0,1624350.0,0.22124147,12.057852,225,1
atitlan,2025-11-21,706650.0,1624350.0,0.30025753,18.443113,225,1
atitlan,2025-11-21,706950.0,1624350.0,0.31264806,20.479788,225,1
atitlan,2025-11-21,707250.0,1624350.0,0.30171004,19.410091,225,1
atitlan,2025-11-21,707550.0,1624350.0,0.21692473,12.463725,225,1
atitlan,2025-11-21,707850.0,1624350.0,0.20235719,12.348868,45,1
atitlan,2025-11-21,680250.0,1624650.0,0.3102273,19.430088,180,1
atitlan,2025-11-21,680550.0,1624650.0,0.3145131,22.476372,225,1
atitlan,2025-11-21,680850.0,1624650.0,0.2801081,17.62638,225,1
atitlan,2025-11-21,681150.0,1624650.0,0.27292815,18.244944,225,1
atitlan,2025-11-21,681450.0,1624650.0,0.29288548,19.846382,225,1
atitlan,2025-11-21,681750.0,1624650.0,0.22820076,15.678524,225,1
atitlan,2025-11-21,682050.0,1624650.0,0.28966355,18.322088,225,1
atitlan,2025-11-21,682350.0,1624650.0,0.28810805,18.161917,225,1
atitlan,2025-11-21,682650.0,1624650.0,0.2691576,15.151933,225,1
atitlan,2025-11-21,682950.0,1624650.0,0.24979737,13.352721,225,1
atitlan,2025-11-21,683250.0,1624650.0,0.2751947,14.566642,225,1
atitlan,2025-11-21,683550.0,1624650.0,0.2833965,15.623775,225,1
atitlan,2025-11-21,683850.0,1624650.0,0.2521156,14.901816,225,1
atitlan,2025-11-21,684150.0,1624650.0,0.23304047,12.487069,225,1
atitlan,2025-11-21,684450.0,1624650.0,0.20549068,11.326608,225,0
atitlan,2025-11-21,684750.0,1624650.0,0.25424287,12.225056,225,1
atitlan,2025-11-21,685050.0,1624650.0,0.28517276,15.428933,225,1
atitlan,2025-11-21,685350.0,1624650.0,0.20786732,12.592986,225,1
atitlan,2025-11-21,685650.0,1624650.0,0.12516066,8.490465,225,0
atitlan,2025-11-21,685950.0,1624650.0,0.12921736,9.699559,225,0
atitlan,2025-11-21,686250.0,1624650.0,0.073483475,5.967129,225,0
atitlan,2025-11-21,686550.0,1624650.0,0.09309788,7.9556956,225,0
atitlan,2025-11-21,686850.0,1624650.0,0.14228289,10.964649,225,0
atitlan,2025-11-21,687150.0,1624650.0,-0.057720743,1.7277007,225,0
atitlan,2025-11-21,687450.0,1624650.0,-0.08737134,0.6332845,225,0
atitlan,2025-11-21,687750.0,1624650.0,-0.090748794,0.47162855,225,0
atitlan,2025-11-21,688050.0,1624650.0,-0.09481074,0.3531695,225,0
atitlan,2025-11-21,688350.0,1624650.0,-0.096124485,0.2948894,225,0
atitlan,2025-11-21,688650.0,1624650.0,-0.09412888,0.36561683,225,0
atitlan,2025-11-21,688950.0,1624650.0,-0.09791573,0.2879725,225,0
atitlan,2025-11-21,689250.0,1624650.0,-0.094396025,0.34754202,225,0
atitlan,2025-11-21,689550.0,1624650.0,-0.09862043,0.2593798,225,0
atitlan,2025-11-21,689850.0,1624650.0,-0.099520534,0.24070686,225,0
atitlan,2025-11-21,690150.0,1624650.0,-0.097013675,0.27552015,225,0
atitlan,2025-11-21,690450.0,1624650.0,-0.0969903,0.30630594,225,0
atitlan,2025-11-21,690750.0,1624650.0,-0.096137606,0.28061286,225,0
atitlan,2025-11-21,691050.0,1624650.0,-0.09414148,0.38727096,225,0
atitlan,2025-11-21,691350.0,1624650.0,-0.09591237,0.32871944,225,0
atitlan,2025-11-21,691650.0,1624650.0,-0.09030587,0.47892347,225,0
atitlan,2025-11-21,691950.0,1624650.0,-0.09265828,0.39079204,225,0
atitlan,2025-11-21,692250.0,1624650.0,-0.09457375,0.379255,225,0
atitlan,2025-11-21,692550.0,1624650.0,-0.09642467,0.31372112,225,0
atitlan,2025-11-21,692850.0,1624650.0,-0.09467198,0.32430547,225,0
atitlan,2025-11-21,693150.0,1624650.0,-0.09589573,0.320348,225,0
atitlan,2025-11-21,693450.0,1624650.0,-0.09423263,0.3672818,225,0
atitlan,2025-11-21,693750.0,1624650.0,-0.0942608,0.3573874,225,0
atitlan,2025-11-21,694050.0,1624650.0,-0.093336225,0.40606987,225,0
atitlan,2025-11-21,694350.0,1624650.0,-0.09485037,0.37999305,225,0
atitlan,2025-11-21,694650.0,1624650.0,-0.092263184,0.44318414,225,0
atitlan,2025-11-21,694950.0,1624650.0,-0.09308255,0.40053728,225,0
atitlan,2025-11-21,695250.0,1624650.0,-0.09322353,0.42428857,225,0
atitlan,2025-11-21,695550.0,1624650.0,-0.0940923,0.37700018,225,0
atitlan,2025-11-21,695850.0,1624650.0,-0.09712558,0.29777744,225,0
atitlan,2025-11-21,696150.0,1624650.0,-0.09671016,0.28000155,225,0
atitlan,2025-11-21,696450.0,1624650.0,-0.09569838,0.3351088,225,0
atitlan,2025-11-21,696750.0,1624650.0,-0.09723518,0.27662268,225,0
atitlan,2025-11-21,697050.0,1624650.0,-0.09555621,0.30877474,225,0
atitlan,2025-11-21,697350.0,1624650.0,-0.09563774,0.3227989,225,0
atitlan,2025-11-21,697650.0,1624650.0,-0.09576054,0.2632457,225,0
atitlan,2025-11-21,697950.0,1624650.0,-0.09278267,0.3604505,225,0
atitlan,2025-11-21,698250.0,1624650.0,-0.09475873,0.31588417,225,0
atitlan,2025-11-21,698550.0,1624650.0,-0.09657469,0.28874406,225,0
atitlan,2025-11-21,698850.0,1624650.0,-0.09482994,0.30782408,225,0
atitlan,2025-11-21,699150.0,1624650.0,-0.0929039,0.41603598,225,0
atitlan,2025-11-21,699450.0,1624650.0,-0.09298744,0.3897388,225,0
atitlan,2025-11-21,699750.0,1624650.0,-0.08899208,0.58309335,225,0
atitlan,2025-11-21,700050.0,1624650.0,-0.0908343,0.49388832,225,0
atitlan,2025-11-21,700350.0,1624650.0,-0.09242796,0.4304402,225,0
atitlan,2025-11-21,700650.0,1624650.0,-0.092465304,0.42821783,225,0
atitlan,2025-11-21,700950.0,1624650.0,-0.09148426,0.4449749,225,0
atitlan,2025-11-21,701250.0,1624650.0,-0.09478407,0.37249875,225,0
atitlan,2025-11-21,701550.0,1624650.0,-0.09330576,0.40094984,225,0
atitlan,2025-11-21,701850.0,1624650.0,-0.092310295,0.434322,225,0
atitlan,2025-11-21,702150.0,1624650.0,-0.09164379,0.46129805,225,0
atitlan,2025-11-21,702450.0,1624650.0,-0.058507945,1.7527823,225,0
atitlan,2025-11-21,702750.0,1624650.0,0.13377842,7.9311714,225,0
atitlan,2025-11-21,703050.0,1624650.0,0.21509026,10.230578,225,0
atitlan,2025-11-21,703350.0,1624650.0,0.244362,11.63372,225,0
atitlan,2025-11-21,703650.0,1624650.0,0.1721455,8.368868,225,0
atitlan,2025-11-21,703950.0,1624650.0,0.20866404,10.783433,225,0
atitlan,2025-11-21,704250.0,1624650.0,0.2656741,14.726693,225,1
atitlan,2025-11-21,704550.0,1624650.0,0.24512386,13.955463,225,1
atitlan,2025-11-21,704850.0,1624650.0,0.24724324,13.55273,225,1
atitlan,2025-11-21,705150.0,1624650.0,0.20789006,13.29001,225,1
atitlan,2025-11-21,705450.0,1624650.0,0.25312045,15.58766,225,1
atitlan,2025-11-21,705750.0,1624650.0,0.27156258,15.417761,225,1
atitlan,2025-11-21,706050.0,1624650.0,0.2565256,13.69151,225,1
atitlan,2025-11-21,706350.0,1624650.0,0.2373599,12.73398,225,1
atitlan,2025-11-21,706650.0,1624650.0,0.3099836,19.19065,225,1
atitlan,2025-11-21,706950.0,1624650.0,0.29905125,18.241661,225,1
atitlan,2025-11-21,707250.0,1624650.0,0.26464033,14.758069,225,1
atitlan,2025-11-21,707550.0,1624650.0,0.23119493,14.624474,225,1
atitlan,2025-11-21,707850.0,1624650.0,0.2664698,18.126205,45,1
atitlan,2025-11-21,680250.0,1624950.0,0.3290486,22.977686,180,1
atitlan,2025-11-21,680550.0,1624950.0,0.26696151,18.62752,225,1
atitlan,2025-11-21,680850.0,1624950.0,0.26882303,16.604933,225,1
atitlan,2025-11-21,681150.0,1624950.0,0.25759307,16.219944,225,1
atitlan,2025-11-21,681450.0,1624950.0,0.28434032,17.862011,225,1
atitlan,2025-11-21,681750.0,1624950.0,0.23353645,15.4163685,225,1
atitlan,2025-11-21,682050.0,1624950.0,0.2930578,17.730305,225,1
atitlan,2025-11-21,682350.0,1624950.0,0.28720307,16.75181,225,1
atitlan,2025-11-21,682650.0,1624950.0,0.32183343,20.635572,225,1
atitlan,2025-11-21,682950.0,1624950.0,0.29368648,16.952995,225,1
atitlan,2025-11-21,683250.0,1624950.0,0.2996598,17.333952,225,1
atitlan,2025-11-21,683550.0,1624950.0,0.27689233,16.955645,225,1
atitlan,2025-11-21,683850.0,1624950.0,0.21428876,13.548072,225,1
atitlan,2025-11-21,684150.0,1624950.0,0.1370677,8.952632,225,0
atitlan,2025-11-21,684450.0,1624950.0,0.08526783,6.3114357,225,0
atitlan,2025-11-21,684750.0,1624950.0,0.15322511,10.39379,225,0
atitlan,2025-11-21,685050.0,1624950.0,0.24839155,13.626798,225,1
atitlan,2025-11-21,685350.0,1624950.0,0.23209983,13.381939,225,1
atitlan,2025-11-21,685650.0,1624950.0,0.08777716,6.7914057,225,0
atitlan,2025-11-21,685950.0,1624950.0,0.03754513,4.7138395,225,0
atitlan,2025-11-21,686250.0,1624950.0,0.0572684,5.421809,225,0
atitlan,2025-11-21,686550.0,1624950.0,0.09559089,6.292543,225,0
atitlan,2025-11-21,686850.0,1624950.0,-0.019193403,2.9854286,225,0
atitlan,2025-11-21,687150.0,1624950.0,-0.08211128,0.88360745,225,0
atitlan,2025-11-21,687450.0,1624950.0,-0.0864314,0.7073659,225,0
atitlan,2025-11-21,687750.0,1624950.0,-0.0851132,0.71356535,225,0
atitlan,2025-11-21,688050.0,1624950.0,-0.09042022,0.47731027,225,0
atitlan,2025-11-21,688350.0,1624950.0,-0.08927658,0.5649732,225,0
atitlan,2025-11-21,688650.0,1624950.0,-0.08641717,0.6416257,225,0
atitlan,2025-11-21,688950.0,1624950.0,-0.094408154,0.39335626,225,0
atitlan,2025-11-21,689250.0,1624950.0,-0.093759105,0.34726694,225,0
atitlan,2025-11-21,689550.0,1624950.0,-0.09767755,0.28882036,225,0
atitlan,2025-11-21,689850.0,1624950.0,-0.09775298,0.27348933,225,0
atitlan,2025-11-21,690150.0,1624950.0,-0.09275478,0.41073167,225,0
atitlan,2025-11-21,690450.0,1624950.0,-0.0952445,0.35270372,225,0
atitlan,2025-11-21,690750.0,1624950.0,-0.094551764,0.3402987,225,0
atitlan,2025-11-21,691050.0,1624950.0,-0.09248192,0.40272275,225,0
atitlan,2025-11-21,691350.0,1624950.0,-0.09600527,0.32066873,225,0
atitlan,2025-11-21,691650.0,1624950.0,-0.09344382,0.41693577,225,0
atitlan,2025-11-21,691950.0,1624950.0,-0.09138992,0.4825328,225,0
atitlan,2025-11-21,692250.0,1624950.0,-0.093156375,0.4218615,225,0
atitlan,2025-11-21,692550.0,1624950.0,-0.095201015,0.34405756,225,0
atitlan,2025-11-21,692850.0,1624950.0,-0.09322214,0.39592013,225,0
atitlan,2025-11-21,693150.0,1624950.0,-0.0935903,0.37827995,225,0
atitlan,2025-11-21,693450.0,1624950.0,-0.09407009,0.3628105,225,0
atitlan,2025-11-21,693750.0,1624950.0,-0.09320211,0.426351,225,0
atitlan,2025-11-21,694050.0,1624950.0,-0.09349302,0.42144096,225,0
atitlan,2025-11-21,694350.0,1624950.0,-0.09643618,0.3075923,225,0
atitlan,2025-11-21,694650.0,1624950.0,-0.092828214,0.42411506,225,0
atitlan,2025-11-21,694950.0,1624950.0,-0.09642267,0.30223417,225,0
atitlan,2025-11-21,695250.0,1624950.0,-0.09533458,0.3126866,225,0
atitlan,2025-11-21,695550.0,1624950.0,-0.09753198,0.23850133,225,0
atitlan,2025-11-21,695850.0,1624950.0,-0.099499166,0.21822219,225,0
atitlan,2025-11-21,696150.0,1624950.0,-0.09848818,0.27359542,225,0
atitlan,2025-11-21,696450.0,1624950.0,-0.094592944,0.3382532,225,0
atitlan,2025-11-21,696750.0,1624950.0,-0.09458583,0.34756568,225,0
atitlan,2025-11-21,697050.0,1624950.0,-0.0945016,0.35133857,225,0
atitlan,2025-11-21,697350.0,1624950.0,-0.09580824,0.28425545,225,0
atitlan,2025-11-21,697650.0,1624950.0,-0.0925013,0.4016694,225,0
atitlan,2025-11-21,697950.0,1624950.0,-0.094740205,0.32289606,225,0
atitlan,2025-11-21,698250.0,1624950.0,-0.09428859,0.3664499,225,0
atitlan,2025-11-21,698550.0,1624950.0,-0.095162116,0.31718782,225,0
atitlan,2025-11-21,698850.0,1624950.0,-0.09697669,0.26344213,225,0
atitlan,2025-11-21,699150.0,1624950.0,-0.09648522,0.3212644,225,0
atitlan,2025-11-21,699450.0,1624950.0,-0.09291889,0.37134057,225,0
atitlan,2025-11-21,699750.0,1624950.0,-0.09091735,0.4838437,225,0
atitlan,2025-11-21,700050.0,1624950.0,-0.09323119,0.4021937,225,0
atitlan,2025-11-21,700350.0,1624950.0,-0.096549995,0.30985788,225,0
atitlan,2025-11-21,700650.0,1624950.0,-0.09529145,0.32774842,225,0
atitlan,2025-11-21,700950.0,1624950.0,-0.0951541,0.3321948,225,0
atitlan,2025-11-21,701250.0,1624950.0,-0.094557054,0.36016306,225,0
atitlan,2025-11-21,701550.0,1624950.0,-0.09619815,0.35470146,225,0
atitlan,2025-11-21,701850.0,1624950.0,-0.09386877,0.35604808,225,0
atitlan,2025-11-21,702150.0,1624950.0,-0.090857774,0.5087596,225,0
atitlan,2025-11-21,702450.0,1624950.0,-0.083850086,0.8214516,225,0
atitlan,2025-11-21,702750.0,1624950.0,0.07744126,6.0706835,225,0
atitlan,2025-11-21,703050.0,1624950.0,0.23000519,12.449949,225,1
atitlan,2025-11-21,703350.0,1624950.0,0.24801362,14.46522,225,1
atitlan,2025-11-21,703650.0,1624950.0,0.19314831,10.30783,225,0
atitlan,2025-11-21,703950.0,1624950.0,0.22285284,12.798995,225,1
atitlan,2025-11-21,704250.0,1624950.0,0.1999834,12.162465,225,1
atitlan,2025-11-21,704550.0,1624950.0,0.18890752,10.855222,225,0
atitlan,2025-11-21,704850.0,1624950.0,0.2587864,14.815752,225,1
atitlan,2025-11-21,705150.0,1624950.0,0.2332037,12.964744,225,1
atitlan,2025-11-21,705450.0,1624950.0,0.25186658,15.295992,225,1
atitlan,2025-11-21,705750.0,1624950.0,0.2573463,13.835645,225,1
atitlan,2025-11-21,706050.0,1624950.0,0.25311768,15.250952,225,1
atitlan,2025-11-21,706350.0,1624950.0,0.2651321,15.8305025,225,1
atitlan,2025-11-21,706650.0,1624950.0,0.30993775,19.845163,225,1
atitlan,2025-11-21,706950.0,1624950.0,0.30362508,18.068762,225,1
atitlan,2025-11-21,707250.0,1624950.0,0.23805714,13.159151,225,1
atitlan,2025-11-21,707550.0,1624950.0,0.23059219,13.209037,225,1
atitlan,2025-11-21,707850.0,1624950.0,0.24818246,11.837422,45,0
atitlan,2025-11-21,680250.0,1625250.0,0.28742227,17.657894,180,1
atitlan,2025-11-21,680550.0,1625250.0,0.24721798,14.577496,225,1
atitlan,2025-11-21,680850.0,1625250.0,0.27688715,19.214594,225,1
atitlan,2025-11-21,681150.0,1625250.0,0.30954283,21.169369,225,1
atitlan,2025-11-21,681450.0,1625250.0,0.30948013,21.124432,225,1
atitlan,2025-11-21,681750.0,1625250.0,0.28001705,17.280954,225,1
atitlan,2025-11-21,682050.0,1625250.0,0.2904904,17.715761,225,1
atitlan,2025-11-21,682350.0,1625250.0,0.30435732,18.522762,225,1
atitlan,2025-11-21,682650.0,1625250.0,0.30579132,18.259058,225,1
atitlan,2025-11-21,682950.0,1625250.0,0.29533082,16.797644,225,1
atitlan,2025-11-21,683250.0,1625250.0,0.2994649,16.970797,225,1
atitlan,2025-11-21,683550.0,1625250.0,0.26474273,18.185596,225,1
atitlan,2025-11-21,683850.0,1625250.0,0.13721421,10.742535,225,0
atitlan,2025-11-21,684150.0,1625250.0,0.1068941,7.4185195,225,0
atitlan,2025-11-21,684450.0,1625250.0,0.036046453,4.3973904,225,0
atitlan,2025-11-21,684750.0,1625250.0,0.115431026,8.6179085,225,0
atitlan,2025-11-21,685050.0,1625250.0,0.18442999,11.111925,225,0
atitlan,2025-11-21,685350.0,1625250.0,0.20400578,12.248006,225,1
atitlan,2025-11-21,685650.0,1625250.0,0.012784604,3.8346777,225,0
atitlan,2025-11-21,685950.0,1625250.0,0.068988204,6.184981,225,0
atitlan,2025-11-21,686250.0,1625250.0,0.13220988,9.718357,225,0
atitlan,2025-11-21,686550.0,1625250.0,0.043518197,5.7156796,225,0
atitlan,2025-11-21,686850.0,1625250.0,-0.07707164,1.1376238,225,0
atitlan,2025-11-21,687150.0,1625250.0,-0.08347356,0.785023,225,0
atitlan,2025-11-21,687450.0,1625250.0,-0.08352982,0.78815144,225,0
atitlan,2025-11-21,687750.0,1625250.0,-0.08562376,0.7122236,225,0
atitlan,2025-11-21,688050.0,1625250.0,-0.09163895,0.4474418,225,0
atitlan,2025-11-21,688350.0,1625250.0,-0.08791352,0.6100594,225,0
atitlan,2025-11-21,688650.0,1625250.0,-0.0907506,0.5228294,225,0
atitlan,2025-11-21,688950.0,1625250.0,-0.09336877,0.47240424,225,0
atitlan,2025-11-21,689250.0,1625250.0,-0.09306337,0.41441405,225,0
atitlan,2025-11-21,689550.0,1625250.0,-0.09406043,0.37001216,225,0
atitlan,2025-11-21,689850.0,1625250.0,-0.09463421,0.35078275,225,0
atitlan,2025-11-21,690150.0,1625250.0,-0.09107413,0.47199202,225,0
atitlan,2025-11-21,690450.0,1625250.0,-0.09212191,0.43453178,225,0
atitlan,2025-11-21,690750.0,1625250.0,-0.09254005,0.42204353,225,0
atitlan,2025-11-21,691050.0,1625250.0,-0.09479467,0.35844252,225,0
atitlan,2025-11-21,691350.0,1625250.0,-0.09332837,0.40174344,225,0
atitlan,2025-11-21,691650.0,1625250.0,-0.09281175,0.4098734,225,0
atitlan,2025-11-21,691950.0,1625250.0,-0.09030732,0.5152151,225,0
atitlan,2025-11-21,692250.0,1625250.0,-0.09272834,0.4366689,225,0
atitlan,2025-11-21,692550.0,1625250.0,-0.09572537,0.31548098,225,0
atitlan,2025-11-21,692850.0,1625250.0,-0.09367426,0.41300005,225,0
atitlan,2025-11-21,693150.0,1625250.0,-0.09635011,0.30500147,225,0
atitlan,2025-11-21,693450.0,1625250.0,-0.09641734,0.28035367,225,0
atitlan,2025-11-21,693750.0,1625250.0,-0.097693644,0.25950316,225,0
atitlan,2025-11-21,694050.0,1625250.0,-0.09856405,0.26940957,225,0
atitlan,2025-11-21,694350.0,1625250.0,-0.09712082,0.25946936,225,0
atitlan,2025-11-21,694650.0,1625250.0,-0.09329644,0.4007935,225,0
atitlan,2025-11-21,694950.0,1625250.0,-0.09692073,0.27274996,225,0
atitlan,2025-11-21,695250.0,1625250.0,-0.09502873,0.3365121,225,0
atitlan,2025-11-21,695550.0,1625250.0,-0.096920796,0.31132743,225,0
atitlan,2025-11-21,695850.0,1625250.0,-0.09775853,0.2887002,225,0
atitlan,2025-11-21,696150.0,1625250.0,-0.09923676,0.21782462,225,0
atitlan,2025-11-21,696450.0,1625250.0,-0.09651857,0.29418916,225,0
atitlan,2025-11-21,696750.0,1625250.0,-0.09571108,0.34356862,225,0
atitlan,2025-11-21,697050.0,1625250.0,-0.09647888,0.33298096,225,0
atitlan,2025-11-21,697350.0,1625250.0,-0.096284434,0.28931946,225,0
atitlan,2025-11-21,697650.0,1625250.0,-0.094960146,0.37081712,225,0
atitlan,2025-11-21,697950.0,1625250.0,-0.09734562,0.24869023,225,0
atitlan,2025-11-21,698250.0,1625250.0,-0.09590284,0.33547997,225,0
atitlan,2025-11-21,698550.0,1625250.0,-0.097423285,0.27910128,225,0
atitlan,2025-11-21,698850.0,1625250.0,-0.09506471,0.38213485,225,0
atitlan,2025-11-21,699150.0,1625250.0,-0.09706902,0.30618763,225,0
atitlan,2025-11-21,699450.0,1625250.0,-0.095440276,0.3010837,225,0
atitlan,2025-11-21,699750.0,1625250.0,-0.09615875,0.32604158,225,0
atitlan,2025-11-21,700050.0,1625250.0,-0.09432301,0.35633725,225,0
atitlan,2025-11-21,700350.0,1625250.0,-0.0954687,0.31473815,225,0
atitlan,2025-11-21,700650.0,1625250.0,-0.09402201,0.347758,225,0
atitlan,2025-11-21,700950.0,1625250.0,-0.09328191,0.3697584,225,0
atitlan,2025-11-21,701250.0,1625250.0,-0.09293296,0.44363788,225,0
atitlan,2025-11-21,701550.0,1625250.0,-0.09061245,0.49716866,225,0
atitlan,2025-11-21,701850.0,1625250.0,-0.085618496,0.7219455,225,0
atitlan,2025-11-21,702150.0,1625250.0,-0.08422214,0.7775605,225,0
atitlan,2025-11-21,702450.0,1625250.0,-0.079166286,1.0505205,225,0
atitlan,2025-11-21,702750.0,1625250.0,0.031681754,4.3657174,225,0
atitlan,2025-11-21,703050.0,1625250.0,0.21360205,12.21404,225,1
atitlan,2025-11-21,703350.0,1625250.0,0.2144017,10.6628685,225,0
atitlan,2025-11-21,703650.0,1625250.0,0.21351932,12.05439,225,1
atitlan,2025-11-21,703950.0,1625250.0,0.2092836,13.351053,225,1
atitlan,2025-11-21,704250.0,1625250.0,0.22617446,13.073815,225,1
atitlan,2025-11-21,704550.0,1625250.0,0.17084002,10.906499,225,0
atitlan,2025-11-21,704850.0,1625250.0,0.30089965,18.903242,225,1
atitlan,2025-11-21,705150.0,1625250.0,0.2844714,16.529491,225,1
atitlan,2025-11-21,705450.0,1625250.0,0.23714218,13.269631,225,1
atitlan,2025-11-21,705750.0,1625250.0,0.25913,13.631144,225,1
atitlan,2025-11-21,706050.0,1625250.0,0.25791863,14.616716,225,1
atitlan,2025-11-21,706350.0,1625250.0,0.26972744,15.897571,225,1
atitlan,2025-11-21,706650.0,1625250.0,0.29348826,17.718431,225,1
atitlan,2025-11-21,706950.0,1625250.0,0.26684156,16.181385,225,1
atitlan,2025-11-21,707250.0,1625250.0,0.21439278,12.538987,225,1
atitlan,2025-11-21,707550.0,1625250.0,0.22286281,13.580805,225,1
atitlan,2025-11-21,707850.0,1625250.0,0.2531223,13.074958,45,1
atitlan,2025-11-21,680250.0,1625550.0,0.3186918,22.175474,180,1
atitlan,2025-11-21,680550.0,1625550.0,0.31207642,20.543753,225,1
atitlan,2025-11-21,680850.0,1625550.0,0.27078465,15.117607,225,1
atitlan,2025-11-21,681150.0,1625550.0,0.2714132,18.848513,225,1
atitlan,2025-11-21,681450.0,1625550.0,0.2911429,18.677876,225,1
atitlan,2025-11-21,681750.0,1625550.0,0.28419915,18.06085,225,1
atitlan,2025-11-21,682050.0,1625550.0,0.31061888,20.538622,225,1
atitlan,2025-11-21,682350.0,1625550.0,0.33307737,24.254045,225,1
atitlan,2025-11-21,682650.0,1625550.0,0.31861514,20.357323,225,1
atitlan,2025-11-21,682950.0,1625550.0,0.30946305,18.839811,225,1
atitlan,2025-11-21,683250.0,1625550.0,0.30906257,18.387657,225,1
atitlan,2025-11-21,683550.0,1625550.0,0.2918564,17.80519,225,1
atitlan,2025-11-21,683850.0,1625550.0,0.22861306,13.300476,225,1
atitlan,2025-11-21,684150.0,1625550.0,0.13282427,8.954251,225,0
atitlan,2025-11-21,684450.0,1625550.0,0.11272915,8.056376,225,0
atitlan,2025-11-21,684750.0,1625550.0,0.1418953,10.525947,225,0
atitlan,2025-11-21,685050.0,1625550.0,-0.04815639,2.2684255,225,0
atitlan,2025-11-21,685350.0,1625550.0,-0.04278376,2.3275456,225,0
atitlan,2025-11-21,685650.0,1625550.0,-0.07873202,1.0788308,225,0
atitlan,2025-11-21,685950.0,1625550.0,-0.044082817,2.0778012,225,0
atitlan,2025-11-21,686250.0,1625550.0,0.07419569,7.2739177,225,0
atitlan,2025-11-21,686550.0,1625550.0,-0.065388314,1.6201293,225,0
atitlan,2025-11-21,686850.0,1625550.0,-0.08079691,0.943363,225,0
atitlan,2025-11-21,687150.0,1625550.0,-0.081260316,0.9134126,225,0
atitlan,2025-11-21,687450.0,1625550.0,-0.08556628,0.69086516,225,0
atitlan,2025-11-21,687750.0,1625550.0,-0.090147406,0.52314085,225,0
atitlan,2025-11-21,688050.0,1625550.0,-0.091326535,0.49571455,225,0
atitlan,2025-11-21,688350.0,1625550.0,-0.08748572,0.6292174,225,0
atitlan,2025-11-21,688650.0,1625550.0,-0.0933362,0.39981407,225,0
atitlan,2025-11-21,688950.0,1625550.0,-0.09133972,0.47739565,225,0
atitlan,2025-11-21,689250.0,1625550.0,-0.091597386,0.4820762,225,0
atitlan,2025-11-21,689550.0,1625550.0,-0.092912294,0.3870239,225,0
atitlan,2025-11-21,689850.0,1625550.0,-0.08911576,0.53983647,225,0
atitlan,2025-11-21,690150.0,1625550.0,-0.09319243,0.3780444,225,0
atitlan,2025-11-21,690450.0,1625550.0,-0.09280133,0.39814416,225,0
atitlan,2025-11-21,690750.0,1625550.0,-0.09204379,0.47346258,225,0
atitlan,2025-11-21,691050.0,1625550.0,-0.09469449,0.3564522,225,0
atitlan,2025-11-21,691350.0,1625550.0,-0.09528566,0.3411762,225,0
atitlan,2025-11-21,691650.0,1625550.0,-0.09670133,0.28028914,225,0
atitlan,2025-11-21,691950.0,1625550.0,-0.09204151,0.43892553,225,0
atitlan,2025-11-21,692250.0,1625550.0,-0.09632168,0.30922732,225,0
atitlan,2025-11-21,692550.0,1625550.0,-0.095813856,0.30721095,225,0
atitlan,2025-11-21,692850.0,1625550.0,-0.095174335,0.36644825,225,0
atitlan,2025-11-21,693150.0,1625550.0,-0.09548144,0.34620622,225,0
atitlan,2025-11-21,693450.0,1625550.0,-0.096621424,0.30019417,225,0
atitlan,2025-11-21,693750.0,1625550.0,-0.09519128,0.34684756,225,0
atitlan,2025-11-21,694050.0,1625550.0,-0.09373953,0.39610863,225,0
atitlan,2025-11-21,694350.0,1625550.0,-0.09612508,0.30782816,225,0
atitlan,2025-11-21,694650.0,1625550.0,-0.09361175,0.4055801,225,0
atitlan,2025-11-21,694950.0,1625550.0,-0.09447155,0.37279907,225,0
atitlan,2025-11-21,695250.0,1625550.0,-0.09459243,0.3649507,225,0
atitlan,2025-11-21,695550.0,1625550.0,-0.09701587,0.26373982,225,0
atitlan,2025-11-21,695850.0,1625550.0,-0.09642388,0.3108097,225,0
atitlan,2025-11-21,696150.0,1625550.0,-0.10277501,0.14465465,225,0
atitlan,2025-11-21,696450.0,1625550.0,-0.10096932,0.18414712,225,0
atitlan,2025-11-21,696750.0,1625550.0,-0.10002423,0.17725067,225,0
atitlan,2025-11-21,697050.0,1625550.0,-0.1002214,0.18409118,225,0
atitlan,2025-11-21,697350.0,1625550.0,-0.09742933,0.28494284,225,0
atitlan,2025-11-21,697650.0,1625550.0,-0.09780265,0.27380297,225,0
atitlan,2025-11-21,697950.0,1625550.0,-0.10014262,0.21696569,225,0
atitlan,2025-11-21,698250.0,1625550.0,-0.09693669,0.29486513,225,0
atitlan,2025-11-21,698550.0,1625550.0,-0.099683255,0.20200835,225,0
atitlan,2025-11-21,698850.0,1625550.0,-0.09551352,0.36782253,225,0
atitlan,2025-11-21,699150.0,1625550.0,-0.096668564,0.30027524,225,0
atitlan,2025-11-21,699450.0,1625550.0,-0.09517231,0.32562444,225,0
atitlan,2025-11-21,699750.0,1625550.0,-0.09505651,0.35925025,225,0
atitlan,2025-11-21,700050.0,1625550.0,-0.09508069,0.3383943,225,0
atitlan,2025-11-21,700350.0,1625550.0,-0.0960278,0.30166253,225,0
atitlan,2025-11-21,700650.0,1625550.0,-0.0933624,0.386329,225,0
atitlan,2025-11-21,700950.0,1625550.0,-0.09049552,0.51438165,225,0
atitlan,2025-11-21,701250.0,1625550.0,-0.0900164,0.48692897,225,0
atitlan,2025-11-21,701550.0,1625550.0,-0.0907748,0.50035816,225,0
atitlan,2025-11-21,701850.0,1625550.0,-0.08181207,0.92693394,225,0
atitlan,2025-11-21,702150.0,1625550.0,-0.080016285,1.0029212,225,0
atitlan,2025-11-21,702450.0,1625550.0,0.014832621,4.702173,225,0
atitlan,2025-11-21,702750.0,1625550.0,0.15533336,9.381402,225,0
atitlan,2025-11-21,703050.0,1625550.0,0.27365917,15.384605,225,1
atitlan,2025-11-21,703350.0,1625550.0,0.23496993,11.180303,225,0
atitlan,2025-11-21,703650.0,1625550.0,0.21695887,13.231045,225,1
atitlan,2025-11-21,703950.0,1625550.0,0.20166388,13.942522,225,1
atitlan,2025-11-21,704250.0,1625550.0,0.1446531,8.980285,225,0
atitlan,2025-11-21,704550.0,1625550.0,0.13998231,9.498001,225,0
atitlan,2025-11-21,704850.0,1625550.0,0.23609506,13.085774,225,1
atitlan,2025-11-21,705150.0,1625550.0,0.25389457,14.745185,225,1
atitlan,2025-11-21,705450.0,1625550.0,0.2851845,16.692314,225,1
atitlan,2025-11-21,705750.0,1625550.0,0.26705998,15.706983,225,1
atitlan,2025-11-21,706050.0,1625550.0,0.31012756,21.101639,225,1
atitlan,2025-11-21,706350.0,1625550.0,0.33385593,23.730482,225,1
atitlan,2025-11-21,706650.0,1625550.0,0.31891435,21.113348,225,1
atitlan,2025-11-21,706950.0,1625550.0,0.25250557,15.091685,225,1
atitlan,2025-11-21,707250.0,1625550.0,0.2512977,14.539297,225,1
atitlan,2025-11-21,707550.0,1625550.0,0.21301968,10.784115,225,0
atitlan,2025-11-21,707850.0,1625550.0,0.1816316,9.316297,45,0
atitlan,2025-11-21,680250.0,1625850.0,0.34892198,26.443193,180,1
atitlan,2025-11-21,680550.0,1625850.0,0.30188042,19.936628,225,1
atitlan,2025-11-21,680850.0,1625850.0,0.3117359,21.08425,225,1
atitlan,2025-11-21,681150.0,1625850.0,0.30333725,19.303692,225,1
atitlan,2025-11-21,681450.0,1625850.0,0.2601843,16.534222,225,1
atitlan,2025-11-21,681750.0,1625850.0,0.3168796,22.045721,225,1
atitlan,2025-11-21,682050.0,1625850.0,0.3194883,21.298841,225,1
atitlan,2025-11-21,682350.0,1625850.0,0.32792938,23.79543,225,1
atitlan,2025-11-21,682650.0,1625850.0,0.33827722,23.614067,225,1
atitlan,2025-11-21,682950.0,1625850.0,0.32029277,21.178549,225,1
atitlan,2025-11-21,683250.0,1625850.0,0.31564265,19.74614,225,1
atitlan,2025-11-21,683550.0,1625850.0,0.3078992,18.530245,225,1
atitlan,2025-11-21,683850.0,1625850.0,0.30676457,18.454048,225,1
atitlan,2025-11-21,684150.0,1625850.0,0.24639487,15.132625,225,1
atitlan,2025-11-21,684450.0,1625850.0,0.23523824,14.237471,225,1
atitlan,2025-11-21,684750.0,1625850.0,0.05005076,5.725818,225,0
atitlan,2025-11-21,685050.0,1625850.0,-0.07580938,1.221282,225,0
atitlan,2025-11-21,685350.0,1625850.0,-0.0804906,0.965611,225,0
atitlan,2025-11-21,685650.0,1625850.0,-0.07821061,1.096991,225,0
atitlan,2025-11-21,685950.0,1625850.0,-0.085562564,0.698232,225,0
atitlan,2025-11-21,686250.0,1625850.0,-0.08007922,1.0198492,225,0
atitlan,2025-11-21,686550.0,1625850.0,-0.08291648,0.8361879,225,0
atitlan,2025-11-21,686850.0,1625850.0,-0.0808263,0.95985943,225,0
atitlan,2025-11-21,687150.0,1625850.0,-0.08352183,0.8079901,225,0
atitlan,2025-11-21,687450.0,1625850.0,-0.08343502,0.8247287,225,0
atitlan,2025-11-21,687750.0,1625850.0,-0.08813694,0.5764066,225,0
atitlan,2025-11-21,688050.0,1625850.0,-0.09029893,0.4644567,225,0
atitlan,2025-11-21,688350.0,1625850.0,-0.08850708,0.5928327,225,0
atitlan,2025-11-21,688650.0,1625850.0,-0.09140297,0.46779194,225,0
atitlan,2025-11-21,688950.0,1625850.0,-0.09017218,0.48161432,225,0
atitlan,2025-11-21,689250.0,1625850.0,-0.09444253,0.39107287,225,0
atitlan,2025-11-21,689550.0,1625850.0,-0.09352457,0.3720864,225,0
atitlan,2025-11-21,689850.0,1625850.0,-0.09828454,0.2615065,225,0
atitlan,2025-11-21,690150.0,1625850.0,-0.096968055,0.27682438,225,0
atitlan,2025-11-21,690450.0,1625850.0,-0.09695066,0.27926564,225,0
atitlan,2025-11-21,690750.0,1625850.0,-0.09609356,0.3030691,225,0
atitlan,2025-11-21,691050.0,1625850.0,-0.0960978,0.28617975,225,0
atitlan,2025-11-21,691350.0,1625850.0,-0.09414958,0.3516913,225,0
atitlan,2025-11-21,691650.0,1625850.0,-0.09517707,0.30042177,225,0
atitlan,2025-11-21,691950.0,1625850.0,-0.09119011,0.48349792,225,0
atitlan,2025-11-21,692250.0,1625850.0,-0.09121205,0.45997575,225,0
atitlan,2025-11-21,692550.0,1625850.0,-0.093277365,0.41189024,225,0
atitlan,2025-11-21,692850.0,1625850.0,-0.09529576,0.35533467,225,0
atitlan,2025-11-21,693150.0,1625850.0,-0.092533976,0.4489431,225,0
atitlan,2025-11-21,693450.0,1625850.0,-0.095821835,0.33597556,225,0
atitlan,2025-11-21,693750.0,1625850.0,-0.09379008,0.3673953,225,0
atitlan,2025-11-21,694050.0,1625850.0,-0.09943881,0.23961167,225,0
atitlan,2025-11-21,694350.0,1625850.0,-0.09975947,0.22204386,225,0
atitlan,2025-11-21,694650.0,1625850.0,-0.095219076,0.3450172,225,0
atitlan,2025-11-21,694950.0,1625850.0,-0.097024545,0.28786528,225,0
atitlan,2025-11-21,695250.0,1625850.0,-0.09760128,0.25612772,225,0
atitlan,2025-11-21,695550.0,1625850.0,-0.09730037,0.3003607,225,0
atitlan,2025-11-21,695850.0,1625850.0,-0.09760175,0.2754192,225,0
atitlan,2025-11-21,696150.0,1625850.0,-0.10278045,0.1824476,225,0
atitlan,2025-11-21,696450.0,1625850.0,-0.1021205,0.16498025,225,0
atitlan,2025-11-21,696750.0,1625850.0,-0.10101751,0.19131133,225,0
atitlan,2025-11-21,697050.0,1625850.0,-0.10019821,0.21891159,225,0
atitlan,2025-11-21,697350.0,1625850.0,-0.0995145,0.21872438,225,0
atitlan,2025-11-21,697650.0,1625850.0,-0.09710146,0.2541872,225,0
atitlan,2025-11-21,697950.0,1625850.0,-0.09943375,0.21400473,225,0
atitlan,2025-11-21,698250.0,1625850.0,-0.09584401,0.2977606,225,0
atitlan,2025-11-21,698550.0,1625850.0,-0.09689629,0.2631899,225,0
atitlan,2025-11-21,698850.0,1625850.0,-0.094713435,0.3703698,225,0
atitlan,2025-11-21,699150.0,1625850.0,-0.09719859,0.28890467,225,0
atitlan,2025-11-21,699450.0,1625850.0,-0.09494947,0.34256703,225,0
atitlan,2025-11-21,699750.0,1625850.0,-0.09204617,0.45789057,225,0
atitlan,2025-11-21,700050.0,1625850.0,-0.09595459,0.328162,225,0
atitlan,2025-11-21,700350.0,1625850.0,-0.09280398,0.3909242,225,0
atitlan,2025-11-21,700650.0,1625850.0,-0.092966825,0.39346603,225,0
atitlan,2025-11-21,700950.0,1625850.0,-0.09184436,0.44243985,225,0
atitlan,2025-11-21,701250.0,1625850.0,-0.08844942,0.59524095,225,0
atitlan,2025-11-21,701550.0,1625850.0,-0.08487137,0.7788002,225,0
atitlan,2025-11-21,701850.0,1625850.0,0.011094886,4.2512527,225,0
atitlan,2025-11-21,702150.0,1625850.0,0.1220233,9.368078,225,0
atitlan,2025-11-21,702450.0,1625850.0,0.23731413,14.807316,225,1
atitlan,2025-11-21,702750.0,1625850.0,0.2942718,17.402985,225,1
atitlan,2025-11-21,703050.0,1625850.0,0.2765196,16.743816,225,1
atitlan,2025-11-21,703350.0,1625850.0,0.31014055,20.029392,225,1
atitlan,2025-11-21,703650.0,1625850.0,0.2761539,18.630592,225,1
atitlan,2025-11-21,703950.0,1625850.0,0.23440014,15.256752,225,1
atitlan,2025-11-21,704250.0,1625850.0,0.27169734,17.446234,225,1
atitlan,2025-11-21,704550.0,1625850.0,0.22025937,14.18067,225,1
atitlan,2025-11-21,704850.0,1625850.0,0.17782639,9.999103,225,0
atitlan,2025-11-21,705150.0,1625850.0,0.24303754,13.89037,225,1
atitlan,2025-11-21,705450.0,1625850.0,0.2986821,19.175146,225,1
atitlan,2025-11-21,705750.0,1625850.0,0.21295421,11.953916,225,0
atitlan,2025-11-21,706050.0,1625850.0,0.21579053,12.557688,225,1
atitlan,2025-11-21,706350.0,1625850.0,0.28017777,16.455502,225,1
atitlan,2025-11-21,706650.0,1625850.0,0.32437572,22.063951,225,1
atitlan,2025-11-21,706950.0,1625850.0,0.28840262,17.668177,225,1
atitlan,2025-11-21,707250.0,1625850.0,0.26569057,16.376799,225,1
atitlan,2025-11-21,707550.0,1625850.0,0.25968358,15.443766,225,1
atitlan,2025-11-21,707850.0,1625850.0,0.22870384,13.666481,45,1
atitlan,2025-11-21,680250.0,1626150.0,0.3471815,25.231167,180,1
atitlan,2025-11-21,680550.0,1626150.0,0.33927736,24.65017,225,1
atitlan,2025-11-21,680850.0,1626150.0,0.2700372,14.976642,225,1
atitlan,2025-11-21,681150.0,1626150.0,0.2801399,19.958906,225,1
atitlan,2025-11-21,681450.0,1626150.0,0.31276128,19.820454,225,1
atitlan,2025-11-21,681750.0,1626150.0,0.29410034,20.30267,225,1
atitlan,2025-11-21,682050.0,1626150.0,0.29655352,18.394318,225,1
atitlan,2025-11-21,682350.0,1626150.0,0.33847266,23.998926,225,1
atitlan,2025-11-21,682650.0,1626150.0,0.32562262,22.596706,225,1
atitlan,2025-11-21,682950.0,1626150.0,0.35043013,25.78479,225,1
atitlan,2025-11-21,683250.0,1626150.0,0.32595968,22.675417,225,1
atitlan,2025-11-21,683550.0,1626150.0,0.30737495,20.333757,225,1
atitlan,2025-11-21,683850.0,1626150.0,0.32811928,22.289045,225,1
atitlan,2025-11-21,684150.0,1626150.0,0.2951439,18.702082,225,1
atitlan,2025-11-21,684450.0,1626150.0,0.14476444,10.326774,225,0
atitlan,2025-11-21,684750.0,1626150.0,-0.06618311,1.6840922,225,0
atitlan,2025-11-21,685050.0,1626150.0,-0.0771688,1.154753,225,0
atitlan,2025-11-21,685350.0,1626150.0,-0.08102802,0.93588877,225,0
atitlan,2025-11-21,685650.0,1626150.0,-0.07951897,1.0141501,225,0
atitlan,2025-11-21,685950.0,1626150.0,-0.08361034,0.814714,225,0
atitlan,2025-11-21,686250.0,1626150.0,-0.0837865,0.8019379,225,0
atitlan,2025-11-21,686550.0,1626150.0,-0.08467321,0.71920913,225,0
atitlan,2025-11-21,686850.0,1626150.0,-0.08158674,0.9409927,225,0
atitlan,2025-11-21,687150.0,1626150.0,-0.08382871,0.77244264,225,0
atitlan,2025-11-21,687450.0,1626150.0,-0.08103875,0.93409497,225,0
atitlan,2025-11-21,687750.0,1626150.0,-0.08475336,0.7313857,225,0
atitlan,2025-11-21,688050.0,1626150.0,-0.08809555,0.5845281,225,0
atitlan,2025-11-21,688350.0,1626150.0,-0.08621869,0.66610026,225,0
atitlan,2025-11-21,688650.0,1626150.0,-0.08488945,0.73188543,225,0
atitlan,2025-11-21,688950.0,1626150.0,-0.090820685,0.47435302,225,0
atitlan,2025-11-21,689250.0,1626150.0,-0.09440491,0.37614122,225,0
atitlan,2025-11-21,689550.0,1626150.0,-0.092730634,0.37919345,225,0
atitlan,2025-11-21,689850.0,1626150.0,-0.0946411,0.38171566,225,0
atitlan,2025-11-21,690150.0,1626150.0,-0.093219675,0.41273287,225,0
atitlan,2025-11-21,690450.0,1626150.0,-0.09362597,0.34106454,225,0
atitlan,2025-11-21,690750.0,1626150.0,-0.092852145,0.3947242,225,0
atitlan,2025-11-21,691050.0,1626150.0,-0.093150504,0.39158732,225,0
atitlan,2025-11-21,691350.0,1626150.0,-0.093484215,0.39762017,225,0
atitlan,2025-11-21,691650.0,1626150.0,-0.09586564,0.34860954,225,0
atitlan,2025-11-21,691950.0,1626150.0,-0.09158843,0.44344622,225,0
atitlan,2025-11-21,692250.0,1626150.0,-0.09438553,0.4095853,225,0
atitlan,2025-11-21,692550.0,1626150.0,-0.09821417,0.26884305,225,0
atitlan,2025-11-21,692850.0,1626150.0,-0.09917959,0.20386091,225,0
atitlan,2025-11-21,693150.0,1626150.0,-0.09805678,0.276543,225,0
atitlan,2025-11-21,693450.0,1626150.0,-0.0998674,0.19402115,225,0
atitlan,2025-11-21,693750.0,1626150.0,-0.09522212,0.3481277,225,0
atitlan,2025-11-21,694050.0,1626150.0,-0.0980313,0.28364486,225,0
atitlan,2025-11-21,694350.0,1626150.0,-0.09868672,0.2523558,225,0
atitlan,2025-11-21,694650.0,1626150.0,-0.098396756,0.2481465,225,0
atitlan,2025-11-21,694950.0,1626150.0,-0.095289186,0.37791777,225,0
atitlan,2025-11-21,695250.0,1626150.0,-0.0980443,0.30912852,225,0
atitlan,2025-11-21,695550.0,1626150.0,-0.09713517,0.25295192,225,0
atitlan,2025-11-21,695850.0,1626150.0,-0.098307475,0.25860098,225,0
atitlan,2025-11-21,696150.0,1626150.0,-0.103088245,0.120730765,225,0
atitlan,2025-11-21,696450.0,1626150.0,-0.10235834,0.15998352,225,0
atitlan,2025-11-21,696750.0,1626150.0,-0.09667027,0.2783408,225,0
atitlan,2025-11-21,697050.0,1626150.0,-0.100969315,0.21837358,225,0
atitlan,2025-11-21,697350.0,1626150.0,-0.09721131,0.25611806,225,0
atitlan,2025-11-21,697650.0,1626150.0,-0.09966932,0.24416052,225,0
atitlan,2025-11-21,697950.0,1626150.0,-0.09877397,0.22681394,225,0
atitlan,2025-11-21,698250.0,1626150.0,-0.09608628,0.29905304,225,0
atitlan,2025-11-21,698550.0,1626150.0,-0.09724603,0.27401137,225,0
atitlan,2025-11-21,698850.0,1626150.0,-0.10043225,0.20319526,225,0
atitlan,2025-11-21,699150.0,1626150.0,-0.095201775,0.3457493,225,0
atitlan,2025-11-21,699450.0,1626150.0,-0.09544391,0.33572835,225,0
atitlan,2025-11-21,699750.0,1626150.0,-0.09440194,0.36346403,225,0
atitlan,2025-11-21,700050.0,1626150.0,-0.09252424,0.42089835,225,0
atitlan,2025-11-21,700350.0,1626150.0,-0.09402096,0.38835979,225,0
atitlan,2025-11-21,700650.0,1626150.0,-0.09480705,0.3314421,225,0
atitlan,2025-11-21,700950.0,1626150.0,-0.08962913,0.5299892,225,0
atitlan,2025-11-21,701250.0,1626150.0,-0.051216576,2.1681898,225,0
atitlan,2025-11-21,701550.0,1626150.0,0.063368775,6.90239,225,0
atitlan,2025-11-21,701850.0,1626150.0,0.28610757,16.174536,225,1
atitlan,2025-11-21,702150.0,1626150.0,0.28106606,15.072044,225,1
atitlan,2025-11-21,702450.0,1626150.0,0.28021863,16.89101,225,1
atitlan,2025-11-21,702750.0,1626150.0,0.30067486,17.852163,225,1
atitlan,2025-11-21,703050.0,1626150.0,0.29675967,18.603615,225,1
atitlan,2025-11-21,703350.0,1626150.0,0.25428224,16.35814,225,1
atitlan,2025-11-21,703650.0,1626150.0,0.25637683,15.131504,225,1
atitlan,2025-11-21,703950.0,1626150.0,0.25991264,16.674217,225,1
atitlan,2025-11-21,704250.0,1626150.0,0.3053188,21.317144,225,1
atitlan,2025-11-21,704550.0,1626150.0,0.21829738,14.797883,225,1
atitlan,2025-11-21,704850.0,1626150.0,0.17187327,11.950332,225,0
atitlan,2025-11-21,705150.0,1626150.0,0.26974097,17.487617,225,1
atitlan,2025-11-21,705450.0,1626150.0,0.2392937,12.897149,225,1
atitlan,2025-11-21,705750.0,1626150.0,0.20039304,11.128376,225,0
atitlan,2025-11-21,706050.0,1626150.0,0.21236272,10.679468,225,0
atitlan,2025-11-21,706350.0,1626150.0,0.22575636,10.944917,225,0
atitlan,2025-11-21,706650.0,1626150.0,0.29329175,18.550673,225,1
atitlan,2025-11-21,706950.0,1626150.0,0.3033807,19.692814,225,1
atitlan,2025-11-21,707250.0,1626150.0,0.2962302,19.181118,225,1
atitlan,2025-11-21,707550.0,1626150.0,0.25551558,17.357975,225,1
atitlan,2025-11-21,707850.0,1626150.0,0.22671026,13.135819,45,1
atitlan,2025-11-21,680250.0,1626450.0,0.3634475,28.0777,180,1
atitlan,2025-11-21,680550.0,1626450.0,0.34710985,25.195475,225,1
atitlan,2025-11-21,680850.0,1626450.0,0.319793,22.611366,225,1
atitlan,2025-11-21,681150.0,1626450.0,0.28164575,16.19601,225,1
atitlan,2025-11-21,681450.0,1626450.0,0.2831576,18.78215,225,1
atitlan,2025-11-21,681750.0,1626450.0,0.31803584,21.761606,225,1
atitlan,2025-11-21,682050.0,1626450.0,0.32210916,21.976913,225,1
atitlan,2025-11-21,682350.0,1626450.0,0.31846973,22.241636,225,1
atitlan,2025-11-21,682650.0,1626450.0,0.29240093,17.042809,225,1
atitlan,2025-11-21,682950.0,1626450.0,0.33028975,23.63941,225,1
atitlan,2025-11-21,683250.0,1626450.0,0.34447932,26.553432,225,1
atitlan,2025-11-21,683550.0,1626450.0,0.33183238,23.246185,225,1
atitlan,2025-11-21,683850.0,1626450.0,0.32000652,20.913027,225,1
atitlan,2025-11-21,684150.0,1626450.0,0.30105314,18.651447,225,1
atitlan,2025-11-21,684450.0,1626450.0,0.11289294,8.552014,225,0
atitlan,2025-11-21,684750.0,1626450.0,-0.066143766,1.7162216,225,0
atitlan,2025-11-21,685050.0,1626450.0,-0.07517778,1.2632217,225,0
atitlan,2025-11-21,685350.0,1626450.0,-0.08023052,0.9679491,225,0
atitlan,2025-11-21,685650.0,1626450.0,-0.08044097,0.966106,225,0
atitlan,2025-11-21,685950.0,1626450.0,-0.08267986,0.8598707,225,0
atitlan,2025-11-21,686250.0,1626450.0,-0.08516172,0.757943,225,0
atitlan,2025-11-21,686550.0,1626450.0,-0.08441247,0.72878337,225,0
atitlan,2025-11-21,686850.0,1626450.0,-0.0805817,0.9703527,225,0
atitlan,2025-11-21,687150.0,1626450.0,-0.07980834,1.005773,225,0
atitlan,2025-11-21,687450.0,1626450.0,-0.08099583,0.93069756,225,0
atitlan,2025-11-21,687750.0,1626450.0,-0.08556454,0.7265508,225,0
atitlan,2025-11-21,688050.0,1626450.0,-0.088133946,0.56642574,225,0
atitlan,2025-11-21,688350.0,1626450.0,-0.08948719,0.5456176,225,0
atitlan,2025-11-21,688650.0,1626450.0,-0.0876937,0.6044281,225,0
atitlan,2025-11-21,688950.0,1626450.0,-0.09166904,0.4320747,225,0
atitlan,2025-11-21,689250.0,1626450.0,-0.097800404,0.27262172,225,0
atitlan,2025-11-21,689550.0,1626450.0,-0.09178964,0.41901547,225,0
atitlan,2025-11-21,689850.0,1626450.0,-0.09447035,0.34708574,225,0
atitlan,2025-11-21,690150.0,1626450.0,-0.09845044,0.2371527,225,0
atitlan,2025-11-21,690450.0,1626450.0,-0.09611913,0.33294016,225,0
atitlan,2025-11-21,690750.0,1626450.0,-0.09680192,0.25929737,225,0
atitlan,2025-11-21,691050.0,1626450.0,-0.094220005,0.37675393,225,0
atitlan,2025-11-21,691350.0,1626450.0,-0.0962392,0.3058796,225,0
atitlan,2025-11-21,691650.0,1626450.0,-0.09909813,0.2199168,225,0
atitlan,2025-11-21,691950.0,1626450.0,-0.09537467,0.35098553,225,0
atitlan,2025-11-21,692250.0,1626450.0,-0.09586767,0.326225,225,0
atitlan,2025-11-21,692550.0,1626450.0,-0.09748964,0.27930072,225,0
atitlan,2025-11-21,692850.0,1626450.0,-0.09808278,0.2660958,225,0
atitlan,2025-11-21,693150.0,1626450.0,-0.09788524,0.28015342,225,0
atitlan,2025-11-21,693450.0,1626450.0,-0.097630545,0.2821096,225,0
atitlan,2025-11-21,693750.0,1626450.0,-0.097588316,0.28132746,225,0
atitlan,2025-11-21,694050.0,1626450.0,-0.100775644,0.21195738,225,0
atitlan,2025-11-21,694350.0,1626450.0,-0.098892495,0.25834432,225,0
atitlan,2025-11-21,694650.0,1626450.0,-0.09755914,0.30458102,225,0
atitlan,2025-11-21,694950.0,1626450.0,-0.09314689,0.38765025,225,0
atitlan,2025-11-21,695250.0,1626450.0,-0.10056332,0.22604638,225,0
atitlan,2025-11-21,695550.0,1626450.0,-0.095133714,0.29099894,225,0
atitlan,2025-11-21,695850.0,1626450.0,-0.09882028,0.23276,225,0
atitlan,2025-11-21,696150.0,1626450.0,-0.099084176,0.21757409,225,0
atitlan,2025-11-21,696450.0,1626450.0,-0.10189079,0.18596272,225,0
atitlan,2025-11-21,696750.0,1626450.0,-0.09941422,0.22789931,225,0
atitlan,2025-11-21,697050.0,1626450.0,-0.10219498,0.17149192,225,0
atitlan,2025-11-21,697350.0,1626450.0,-0.09818205,0.26244906,225,0
atitlan,2025-11-21,697650.0,1626450.0,-0.099676184,0.23842472,225,0
atitlan,2025-11-21,697950.0,1626450.0,-0.10019774,0.2115838,225,0
atitlan,2025-11-21,698250.0,1626450.0,-0.09553677,0.2999192,225,0
atitlan,2025-11-21,698550.0,1626450.0,-0.09710691,0.28192,225,0
atitlan,2025-11-21,698850.0,1626450.0,-0.09754457,0.26841402,225,0
atitlan,2025-11-21,699150.0,1626450.0,-0.09372014,0.39077386,225,0
atitlan,2025-11-21,699450.0,1626450.0,-0.09410359,0.39403018,225,0
atitlan,2025-11-21,699750.0,1626450.0,-0.09221723,0.41256186,225,0
atitlan,2025-11-21,700050.0,1626450.0,-0.09287028,0.4135673,225,0
atitlan,2025-11-21,700350.0,1626450.0,-0.092237554,0.44472265,225,0
atitlan,2025-11-21,700650.0,1626450.0,-0.09311619,0.4104301,225,0
atitlan,2025-11-21,700950.0,1626450.0,-0.08435764,0.77131814,225,0
atitlan,2025-11-21,701250.0,1626450.0,0.09057719,8.508154,225,0
atitlan,2025-11-21,701550.0,1626450.0,0.3029453,18.859169,225,1
atitlan,2025-11-21,701850.0,1626450.0,0.29835886,18.97538,225,1
atitlan,2025-11-21,702150.0,1626450.0,0.25293946,14.810591,225,1
atitlan,2025-11-21,702450.0,1626450.0,0.2812225,16.755089,225,1
atitlan,2025-11-21,702750.0,1626450.0,0.32022917,21.82524,225,1
atitlan,2025-11-21,703050.0,1626450.0,0.2511671,15.308998,225,1
atitlan,2025-11-21,703350.0,1626450.0,0.2654694,15.808855,225,1
atitlan,2025-11-21,703650.0,1626450.0,0.26008746,16.527529,225,1
atitlan,2025-11-21,703950.0,1626450.0,0.218953,14.49259,225,1
atitlan,2025-11-21,704250.0,1626450.0,0.23851165,14.617818,225,1
atitlan,2025-11-21,704550.0,1626450.0,0.13124426,9.435877,225,0
atitlan,2025-11-21,704850.0,1626450.0,0.15981087,10.539783,225,0
atitlan,2025-11-21,705150.0,1626450.0,0.17925087,11.296363,225,0
atitlan,2025-11-21,705450.0,1626450.0,0.24505106,13.62596,225,1
atitlan,2025-11-21,705750.0,1626450.0,0.25056306,16.515528,225,1
atitlan,2025-11-21,706050.0,1626450.0,0.22975408,15.323543,225,1
atitlan,2025-11-21,706350.0,1626450.0,0.25256538,14.521233,225,1
atitlan,2025-11-21,706650.0,1626450.0,0.27557537,15.66232,225,1
atitlan,2025-11-21,706950.0,1626450.0,0.26760158,16.384777,225,1
atitlan,2025-11-21,707250.0,1626450.0,0.2898274,19.675146,225,1
atitlan,2025-11-21,707550.0,1626450.0,0.25106826,17.683779,225,1
atitlan,2025-11-21,707850.0,1626450.0,0.2694756,18.55427,45,1
atitlan,2025-11-21,680250.0,1626750.0,0.36617848,28.596018,180,1
atitlan,2025-11-21,680550.0,1626750.0,0.36453885,28.121964,225,1
atitlan,2025-11-21,680850.0,1626750.0,0.33603933,22.921461,225,1
atitlan,2025-11-21,681150.0,1626750.0,0.32008666,20.801754,225,1
atitlan,2025-11-21,681450.0,1626750.0,0.2810066,18.67935,225,1
atitlan,2025-11-21,681750.0,1626750.0,0.30348894,20.218824,225,1
atitlan,2025-11-21,682050.0,1626750.0,0.26360747,19.11695,225,1
atitlan,2025-11-21,682350.0,1626750.0,0.28433552,18.99391,225,1
atitlan,2025-11-21,682650.0,1626750.0,0.28338724,18.853027,225,1
atitlan,2025-11-21,682950.0,1626750.0,0.28490207,16.477623,225,1
atitlan,2025-11-21,683250.0,1626750.0,0.2975783,18.052992,225,1
atitlan,2025-11-21,683550.0,1626750.0,0.3413713,24.537342,225,1
atitlan,2025-11-21,683850.0,1626750.0,0.3254826,21.821712,225,1
atitlan,2025-11-21,684150.0,1626750.0,0.32246566,20.674015,225,1
atitlan,2025-11-21,684450.0,1626750.0,0.298391,18.509907,225,1
atitlan,2025-11-21,684750.0,1626750.0,0.10229088,10.133504,225,0
atitlan,2025-11-21,685050.0,1626750.0,-0.06861829,1.6281216,225,0
atitlan,2025-11-21,685350.0,1626750.0,-0.074913844,1.2848784,225,0
atitlan,2025-11-21,685650.0,1626750.0,-0.07807276,1.1094233,225,0
atitlan,2025-11-21,685950.0,1626750.0,-0.07793994,1.1063826,225,0
atitlan,2025-11-21,686250.0,1626750.0,-0.08334465,0.80542916,225,0
atitlan,2025-11-21,686550.0,1626750.0,-0.082711235,0.86780244,225,0
atitlan,2025-11-21,686850.0,1626750.0,-0.08516945,0.73607856,225,0
atitlan,2025-11-21,687150.0,1626750.0,-0.084083706,0.7691158,225,0
atitlan,2025-11-21,687450.0,1626750.0,-0.08495126,0.70970154,225,0
atitlan,2025-11-21,687750.0,1626750.0,-0.088970825,0.54195225,225,0
atitlan,2025-11-21,688050.0,1626750.0,-0.09152073,0.43413484,225,0
atitlan,2025-11-21,688350.0,1626750.0,-0.09217562,0.38346708,225,0
atitlan,2025-11-21,688650.0,1626750.0,-0.091725275,0.4268691,225,0
atitlan,2025-11-21,688950.0,1626750.0,-0.09267345,0.4578117,225,0
atitlan,2025-11-21,689250.0,1626750.0,-0.091644585,0.49833417,225,0
atitlan,2025-11-21,689550.0,1626750.0,-0.09527878,0.33461487,225,0
atitlan,2025-11-21,689850.0,1626750.0,-0.095818125,0.34010807,225,0
atitlan,2025-11-21,690150.0,1626750.0,-0.10001094,0.18159305,225,0
atitlan,2025-11-21,690450.0,1626750.0,-0.09511927,0.3104982,225,0
atitlan,2025-11-21,690750.0,1626750.0,-0.094088785,0.37563726,225,0
atitlan,2025-11-21,691050.0,1626750.0,-0.09676215,0.29436675,225,0
atitlan,2025-11-21,691350.0,1626750.0,-0.09506039,0.3142574,225,0
atitlan,2025-11-21,691650.0,1626750.0,-0.095972635,0.34873325,225,0
atitlan,2025-11-21,691950.0,1626750.0,-0.09864784,0.2336836,225,0
atitlan,2025-11-21,692250.0,1626750.0,-0.09384083,0.39425972,225,0
atitlan,2025-11-21,692550.0,1626750.0,-0.09658474,0.26293474,225,0
atitlan,2025-11-21,692850.0,1626750.0,-0.0982182,0.22528261,225,0
atitlan,2025-11-21,693150.0,1626750.0,-0.10094913,0.20448194,225,0
atitlan,2025-11-21,693450.0,1626750.0,-0.0981206,0.2786459,225,0
atitlan,2025-11-21,693750.0,1626750.0,-0.09876229,0.24966036,225,0
atitlan,2025-11-21,694050.0,1626750.0,-0.099217065,0.24115406,225,0
atitlan,2025-11-21,694350.0,1626750.0,-0.10156622,0.18173951,225,0
atitlan,2025-11-21,694650.0,1626750.0,-0.10115736,0.20112857,225,0
atitlan,2025-11-21,694950.0,1626750.0,-0.09625816,0.29595092,225,0
atitlan,2025-11-21,695250.0,1626750.0,-0.103311144,0.15386453,225,0
atitlan,2025-11-21,695550.0,1626750.0,-0.094052404,0.36697686,225,0
atitlan,2025-11-21,695850.0,1626750.0,-0.098683365,0.24844769,225,0
atitlan,2025-11-21,696150.0,1626750.0,-0.09905936,0.22481377,225,0
atitlan,2025-11-21,696450.0,1626750.0,-0.100903235,0.19219458,225,0
atitlan,2025-11-21,696750.0,1626750.0,-0.099167265,0.2268493,225,0
atitlan,2025-11-21,697050.0,1626750.0,-0.099467106,0.20487855,225,0
atitlan,2025-11-21,697350.0,1626750.0,-0.09883802,0.23055074,225,0
atitlan,2025-11-21,697650.0,1626750.0,-0.098663285,0.2282243,225,0
atitlan,2025-11-21,697950.0,1626750.0,-0.09875412,0.24375206,225,0
atitlan,2025-11-21,698250.0,1626750.0,-0.0992293,0.2341977,225,0
atitlan,2025-11-21,698550.0,1626750.0,-0.09653481,0.3235094,225,0
atitlan,2025-11-21,698850.0,1626750.0,-0.096733026,0.30395508,225,0
atitlan,2025-11-21,699150.0,1626750.0,-0.0965603,0.27695778,225,0
atitlan,2025-11-21,699450.0,1626750.0,-0.09161533,0.46616387,225,0
atitlan,2025-11-21,699750.0,1626750.0,-0.08947822,0.5356535,225,0
atitlan,2025-11-21,700050.0,1626750.0,-0.089932,0.5521542,225,0
atitlan,2025-11-21,700350.0,1626750.0,-0.08918354,0.5659634,225,0
atitlan,2025-11-21,700650.0,1626750.0,-0.091547504,0.457494,225,0
atitlan,2025-11-21,700950.0,1626750.0,-0.088536546,0.56968504,225,0
atitlan,2025-11-21,701250.0,1626750.0,0.04530522,5.771539,225,0
atitlan,2025-11-21,701550.0,1626750.0,0.28973606,16.33861,225,1
atitlan,2025-11-21,701850.0,1626750.0,0.33590287,22.703978,225,1
atitlan,2025-11-21,702150.0,1626750.0,0.2965204,18.886198,225,1
atitlan,2025-11-21,702450.0,1626750.0,0.2886336,16.74976,225,1
atitlan,2025-11-21,702750.0,1626750.0,0.22777137,13.326274,225,1
atitlan,2025-11-21,703050.0,1626750.0,0.2606987,15.371764,225,1
atitlan,2025-11-21,703350.0,1626750.0,0.27671435,16.15053,225,1
atitlan,2025-11-21,703650.0,1626750.0,0.23720706,14.364953,225,1
atitlan,2025-11-21,703950.0,1626750.0,0.23620953,14.1304865,225,1
atitlan,2025-11-21,704250.0,1626750.0,0.2589766,14.452837,225,1
atitlan,2025-11-21,704550.0,1626750.0,0.28988814,18.937746,225,1
atitlan,2025-11-21,704850.0,1626750.0,0.24848327,16.74056,225,1
atitlan,2025-11-21,705150.0,1626750.0,0.2653662,17.545656,225,1
atitlan,2025-11-21,705450.0,1626750.0,0.23266454,13.10863,225,1
atitlan,2025-11-21,705750.0,1626750.0,0.31160328,19.679201,225,1
atitlan,2025-11-21,706050.0,1626750.0,0.2224694,14.365672,225,1
atitlan,2025-11-21,706350.0,1626750.0,0.29346016,17.881872,225,1
atitlan,2025-11-21,706650.0,1626750.0,0.30629107,18.497543,225,1
atitlan,2025-11-21,706950.0,1626750.0,0.3124885,18.937124,225,1
atitlan,2025-11-21,707250.0,1626750.0,0.29648584,17.808558,225,1
atitlan,2025-11-21,707550.0,1626750.0,0.29226467,17.289871,225,1
atitlan,2025-11-21,707850.0,1626750.0,0.26884016,17.012299,45,1
atitlan,2025-11-21,680250.0,1627050.0,0.33756465,24.142366,180,1
atitlan,2025-11-21,680550.0,1627050.0,0.31760406,21.484783,225,1
atitlan,2025-11-21,680850.0,1627050.0,0.32266825,21.088142,225,1
atitlan,2025-11-21,681150.0,1627050.0,0.30347767,18.877111,225,1
atitlan,2025-11-21,681450.0,1627050.0,0.27663,18.425901,225,1
atitlan,2025-11-21,681750.0,1627050.0,0.28777692,19.521523,225,1
atitlan,2025-11-21,682050.0,1627050.0,0.26006863,16.577126,225,1
atitlan,2025-11-21,682350.0,1627050.0,0.28564262,19.317677,225,1
atitlan,2025-11-21,682650.0,1627050.0,0.1921853,13.321147,225,1
atitlan,2025-11-21,682950.0,1627050.0,0.3010586,18.363192,225,1
atitlan,2025-11-21,683250.0,1627050.0,0.29414633,17.962675,225,1
atitlan,2025-11-21,683550.0,1627050.0,0.31522417,21.092676,225,1
atitlan,2025-11-21,683850.0,1627050.0,0.31827897,20.760065,225,1
atitlan,2025-11-21,684150.0,1627050.0,0.33658504,22.987963,225,1
atitlan,2025-11-21,684450.0,1627050.0,0.3135591,21.31611,225,1
atitlan,2025-11-21,684750.0,1627050.0,0.15463199,9.771333,225,0
atitlan,2025-11-21,685050.0,1627050.0,-0.013475921,3.814323,225,0
atitlan,2025-11-21,685350.0,1627050.0,-0.05739305,1.883048,225,0
atitlan,2025-11-21,685650.0,1627050.0,-0.07536156,1.2480062,225,0
atitlan,2025-11-21,685950.0,1627050.0,-0.0819571,0.93306804,225,0
atitlan,2025-11-21,686250.0,1627050.0,-0.08692786,0.62849194,225,0
atitlan,2025-11-21,686550.0,1627050.0,-0.084467284,0.77247626,225,0
atitlan,2025-11-21,686850.0,1627050.0,-0.08592016,0.69325864,225,0
atitlan,2025-11-21,687150.0,1627050.0,-0.087770276,0.5784878,225,0
atitlan,2025-11-21,687450.0,1627050.0,-0.084680766,0.73235005,225,0
atitlan,2025-11-21,687750.0,1627050.0,-0.081951536,0.90559465,225,0
atitlan,2025-11-21,688050.0,1627050.0,-0.08480739,0.7448101,225,0
atitlan,2025-11-21,688350.0,1627050.0,-0.088544644,0.5785041,225,0
atitlan,2025-11-21,688650.0,1627050.0,-0.086905755,0.6008934,225,0
atitlan,2025-11-21,688950.0,1627050.0,-0.08707369,0.61738497,225,0
atitlan,2025-11-21,689250.0,1627050.0,-0.088921666,0.55836433,225,0
atitlan,2025-11-21,689550.0,1627050.0,-0.093605645,0.4181285,225,0
atitlan,2025-11-21,689850.0,1627050.0,-0.08992502,0.5407382,225,0
atitlan,2025-11-21,690150.0,1627050.0,-0.09759994,0.24679604,225,0
atitlan,2025-11-21,690450.0,1627050.0,-0.09767879,0.24970828,225,0
atitlan,2025-11-21,690750.0,1627050.0,-0.09541867,0.3092702,225,0
atitlan,2025-11-21,691050.0,1627050.0,-0.09515746,0.33882856,225,0
atitlan,2025-11-21,691350.0,1627050.0,-0.094509736,0.39203224,225,0
atitlan,2025-11-21,691650.0,1627050.0,-0.09743729,0.25981605,225,0
atitlan,2025-11-21,691950.0,1627050.0,-0.09880897,0.228231,225,0
atitlan,2025-11-21,692250.0,1627050.0,-0.09586458,0.35769257,225,0
atitlan,2025-11-21,692550.0,1627050.0,-0.09805776,0.26978442,225,0
atitlan,2025-11-21,692850.0,1627050.0,-0.09966026,0.20623136,225,0
atitlan,2025-11-21,693150.0,1627050.0,-0.10179529,0.16615672,225,0
atitlan,2025-11-21,693450.0,1627050.0,-0.10095204,0.18521816,225,0
atitlan,2025-11-21,693750.0,1627050.0,-0.099669665,0.2296056,225,0
atitlan,2025-11-21,694050.0,1627050.0,-0.09895367,0.2525071,225,0
atitlan,2025-11-21,694350.0,1627050.0,-0.102027625,0.1853345,225,0
atitlan,2025-11-21,694650.0,1627050.0,-0.09820856,0.26480204,225,0
atitlan,2025-11-21,694950.0,1627050.0,-0.094064735,0.38637748,225,0
atitlan,2025-11-21,695250.0,1627050.0,-0.09989703,0.24401669,225,0
atitlan,2025-11-21,695550.0,1627050.0,-0.09507906,0.3112136,225,0
atitlan,2025-11-21,695850.0,1627050.0,-0.09893295,0.23384406,225,0
atitlan,2025-11-21,696150.0,1627050.0,-0.100338005,0.19257267,225,0
atitlan,2025-11-21,696450.0,1627050.0,-0.10214286,0.16881864,225,0
atitlan,2025-11-21,696750.0,1627050.0,-0.09873186,0.25687516,225,0
atitlan,2025-11-21,697050.0,1627050.0,-0.098287836,0.25384468,225,0
atitlan,2025-11-21,697350.0,1627050.0,-0.097776525,0.2665551,225,0
atitlan,2025-11-21,697650.0,1627050.0,-0.0983319,0.25490144,225,0
atitlan,2025-11-21,697950.0,1627050.0,-0.09482969,0.35304978,225,0
atitlan,2025-11-21,698250.0,1627050.0,-0.093649425,0.37436727,225,0
atitlan,2025-11-21,698550.0,1627050.0,-0.091728516,0.4494382,225,0
atitlan,2025-11-21,698850.0,1627050.0,-0.09411451,0.36931005,225,0
atitlan,2025-11-21,699150.0,1627050.0,-0.09583862,0.29462576,225,0
atitlan,2025-11-21,699450.0,1627050.0,-0.09328274,0.36923486,225,0
atitlan,2025-11-21,699750.0,1627050.0,-0.09326651,0.37841648,225,0
atitlan,2025-11-21,700050.0,1627050.0,-0.09098069,0.4983537,225,0
atitlan,2025-11-21,700350.0,1627050.0,-0.093365386,0.38918018,225,0
atitlan,2025-11-21,700650.0,1627050.0,-0.08928323,0.5564468,225,0
atitlan,2025-11-21,700950.0,1627050.0,-0.08417431,0.7734913,225,0
atitlan,2025-11-21,701250.0,1627050.0,0.13222603,9.069683,225,0
atitlan,2025-11-21,701550.0,1627050.0,0.3127302,18.744024,225,1
atitlan,2025-11-21,701850.0,1627050.0,0.2846756,16.766024,225,1
atitlan,2025-11-21,702150.0,1627050.0,0.32441658,20.84117,225,1
atitlan,2025-11-21,702450.0,1627050.0,0.3284817,22.246632,225,1
atitlan,2025-11-21,702750.0,1627050.0,0.3005157,20.116064,225,1
atitlan,2025-11-21,703050.0,1627050.0,0.27863738,17.679974,225,1
atitlan,2025-11-21,703350.0,1627050.0,0.2510219,14.570896,225,1
atitlan,2025-11-21,703650.0,1627050.0,0.25059417,14.310484,225,1
atitlan,2025-11-21,703950.0,1627050.0,0.24448743,13.475526,225,1
atitlan,2025-11-21,704250.0,1627050.0,0.2466178,14.4549,225,1
atitlan,2025-11-21,704550.0,1627050.0,0.30742395,19.093029,225,1
atitlan,2025-11-21,704850.0,1627050.0,0.2944088,17.914055,225,1
atitlan,2025-11-21,705150.0,1627050.0,0.23474179,13.130174,225,1
atitlan,2025-11-21,705450.0,1627050.0,0.28569564,17.624271,225,1
atitlan,2025-11-21,705750.0,1627050.0,0.2901133,18.12334,225,1
atitlan,2025-11-21,706050.0,1627050.0,0.2765172,16.833744,225,1
atitlan,2025-11-21,706350.0,1627050.0,0.29091504,18.445597,225,1
atitlan,2025-11-21,706650.0,1627050.0,0.28108692,16.000479,225,1
atitlan,2025-11-21,706950.0,1627050.0,0.25914922,14.450717,225,1
atitlan,2025-11-21,707250.0,1627050.0,0.2854361,17.55192,225,1
atitlan,2025-11-21,707550.0,1627050.0,0.3102949,19.890423,225,1
atitlan,2025-11-21,707850.0,1627050.0,0.29221877,20.619993,45,1
atitlan,2025-11-21,680250.0,1627350.0,0.32716915,22.74687,180,1
atitlan,2025-11-21,680550.0,1627350.0,0.30459216,19.288511,225,1
atitlan,2025-11-21,680850.0,1627350.0,0.32601196,21.781332,225,1
atitlan,2025-11-21,681150.0,1627350.0,0.3152333,20.651573,225,1
atitlan,2025-11-21,681450.0,1627350.0,0.3113066,21.122654,225,1
atitlan,2025-11-21,681750.0,1627350.0,0.2275081,16.26002,225,1
atitlan,2025-11-21,682050.0,1627350.0,0.23225558,14.61674,225,1
atitlan,2025-11-21,682350.0,1627350.0,0.14331466,11.134664,225,0
atitlan,2025-11-21,682650.0,1627350.0,0.079489306,6.68327,225,0
atitlan,2025-11-21,682950.0,1627350.0,0.22710814,15.223798,225,1
atitlan,2025-11-21,683250.0,1627350.0,0.29338956,18.02794,225,1
atitlan,2025-11-21,683550.0,1627350.0,0.29853642,19.19809,225,1
atitlan,2025-11-21,683850.0,1627350.0,0.35393113,26.473442,225,1
atitlan,2025-11-21,684150.0,1627350.0,0.34071237,24.29885,225,1
atitlan,2025-11-21,684450.0,1627350.0,0.32416698,21.636803,225,1
atitlan,2025-11-21,684750.0,1627350.0,0.284414,17.43374,225,1
atitlan,2025-11-21,685050.0,1627350.0,0.26751077,17.580496,225,1
atitlan,2025-11-21,685350.0,1627350.0,0.19711404,12.144218,225,1
atitlan,2025-11-21,685650.0,1627350.0,0.17221987,10.801971,225,0
atitlan,2025-11-21,685950.0,1627350.0,0.029560411,5.2937574,225,0
atitlan,2025-11-21,686250.0,1627350.0,-0.07398646,1.3188897,225,0
atitlan,2025-11-21,686550.0,1627350.0,-0.08148396,0.91024745,225,0
atitlan,2025-11-21,686850.0,1627350.0,-0.08041005,0.9823335,225,0
atitlan,2025-11-21,687150.0,1627350.0,-0.076730624,1.1761492,225,0
atitlan,2025-11-21,687450.0,1627350.0,-0.082420975,0.861272,225,0
atitlan,2025-11-21,687750.0,1627350.0,-0.082352415,0.8862177,225,0
atitlan,2025-11-21,688050.0,1627350.0,-0.08851144,0.58404243,225,0
atitlan,2025-11-21,688350.0,1627350.0,-0.09173887,0.4339286,225,0
atitlan,2025-11-21,688650.0,1627350.0,-0.09510427,0.31354132,225,0
atitlan,2025-11-21,688950.0,1627350.0,-0.09261765,0.3998079,225,0
atitlan,2025-11-21,689250.0,1627350.0,-0.100807294,0.137354,225,0
atitlan,2025-11-21,689550.0,1627350.0,-0.09724185,0.23527034,225,0
atitlan,2025-11-21,689850.0,1627350.0,-0.09317772,0.4211011,225,0
atitlan,2025-11-21,690150.0,1627350.0,-0.09904014,0.21064463,225,0
atitlan,2025-11-21,690450.0,1627350.0,-0.09688298,0.28402212,225,0
atitlan,2025-11-21,690750.0,1627350.0,-0.09920578,0.242486,225,0
atitlan,2025-11-21,691050.0,1627350.0,-0.09688741,0.24862589,225,0
atitlan,2025-11-21,691350.0,1627350.0,-0.09529937,0.34010693,225,0
atitlan,2025-11-21,691650.0,1627350.0,-0.09851093,0.26974678,225,0
atitlan,2025-11-21,691950.0,1627350.0,-0.09862571,0.24897511,225,0
atitlan,2025-11-21,692250.0,1627350.0,-0.09494184,0.3612677,225,0
atitlan,2025-11-21,692550.0,1627350.0,-0.096402735,0.28529578,225,0
atitlan,2025-11-21,692850.0,1627350.0,-0.09842572,0.2776053,225,0
atitlan,2025-11-21,693150.0,1627350.0,-0.098246664,0.2530916,225,0
atitlan,2025-11-21,693450.0,1627350.0,-0.09745752,0.31664664,225,0
atitlan,2025-11-21,693750.0,1627350.0,-0.10115622,0.2095617,225,0
atitlan,2025-11-21,694050.0,1627350.0,-0.09730312,0.29427683,225,0
atitlan,2025-11-21,694350.0,1627350.0,-0.10153673,0.1864524,225,0
atitlan,2025-11-21,694650.0,1627350.0,-0.099185996,0.21155454,225,0
atitlan,2025-11-21,694950.0,1627350.0,-0.09772764,0.28953505,225,0
atitlan,2025-11-21,695250.0,1627350.0,-0.093744725,0.3975699,225,0
atitlan,2025-11-21,695550.0,1627350.0,-0.09799873,0.28044838,225,0
atitlan,2025-11-21,695850.0,1627350.0,-0.09430672,0.37414986,225,0
atitlan,2025-11-21,696150.0,1627350.0,-0.09546905,0.32075402,225,0
atitlan,2025-11-21,696450.0,1627350.0,-0.09822848,0.25284266,225,0
atitlan,2025-11-21,696750.0,1627350.0,-0.098528415,0.22063947,225,0
atitlan,2025-11-21,697050.0,1627350.0,-0.09443392,0.32933336,225,0
atitlan,2025-11-21,697350.0,1627350.0,-0.097655684,0.29480585,225,0
atitlan,2025-11-21,697650.0,1627350.0,-0.09598908,0.33758324,225,0
atitlan,2025-11-21,697950.0,1627350.0,-0.096505016,0.29912668,225,0
atitlan,2025-11-21,698250.0,1627350.0,-0.09679254,0.32604232,225,0
atitlan,2025-11-21,698550.0,1627350.0,-0.096164264,0.29113522,225,0
atitlan,2025-11-21,698850.0,1627350.0,-0.09586186,0.30644873,225,0
atitlan,2025-11-21,699150.0,1627350.0,-0.09835779,0.26655218,225,0
atitlan,2025-11-21,699450.0,1627350.0,-0.09359268,0.3753652,225,0
atitlan,2025-11-21,699750.0,1627350.0,-0.090966865,0.49358648,225,0
atitlan,2025-11-21,700050.0,1627350.0,-0.08920573,0.59055537,225,0
atitlan,2025-11-21,700350.0,1627350.0,-0.08780359,0.63234234,225,0
atitlan,2025-11-21,700650.0,1627350.0,-0.08785524,0.6109609,225,0
atitlan,2025-11-21,700950.0,1627350.0,-0.0842847,0.8007154,225,0
atitlan,2025-11-21,701250.0,1627350.0,0.20454444,12.98807,225,1
atitlan,2025-11-21,701550.0,1627350.0,0.29143524,16.20007,225,1
atitlan,2025-11-21,701850.0,1627350.0,0.3166949,20.033787,225,1
atitlan,2025-11-21,702150.0,1627350.0,0.33776587,23.057945,225,1
atitlan,2025-11-21,702450.0,1627350.0,0.31165883,21.10703,225,1
atitlan,2025-11-21,702750.0,1627350.0,0.27380133,17.60472,225,1
atitlan,2025-11-21,703050.0,1627350.0,0.29207668,18.376875,225,1
atitlan,2025-11-21,703350.0,1627350.0,0.28567892,18.68429,225,1
atitlan,2025-11-21,703650.0,1627350.0,0.29647952,21.627375,225,1
atitlan,2025-11-21,703950.0,1627350.0,0.21010384,11.965112,225,0
atitlan,2025-11-21,704250.0,1627350.0,0.27369738,15.865304,225,1
atitlan,2025-11-21,704550.0,1627350.0,0.21800603,11.225901,225,0
atitlan,2025-11-21,704850.0,1627350.0,0.22503246,12.684019,225,1
atitlan,2025-11-21,705150.0,1627350.0,0.27775455,17.111021,225,1
atitlan,2025-11-21,705450.0,1627350.0,0.28371426,16.760057,225,1
atitlan,2025-11-21,705750.0,1627350.0,0.30642968,19.950363,225,1
atitlan,2025-11-21,706050.0,1627350.0,0.22697198,10.370996,225,0
atitlan,2025-11-21,706350.0,1627350.0,0.27450496,15.113818,225,1
atitlan,2025-11-21,706650.0,1627350.0,0.31725013,19.64326,225,1
atitlan,2025-11-21,706950.0,1627350.0,0.29210863,16.177256,225,1
atitlan,2025-11-21,707250.0,1627350.0,0.26286736,13.428363,225,1
atitlan,2025-11-21,707550.0,1627350.0,0.26949462,14.58635,225,1
atitlan,2025-11-21,707850.0,1627350.0,0.27519473,17.812855,45,1
atitlan,2025-11-21,680250.0,1627650.0,0.3339773,23.18277,180,1
atitlan,2025-11-21,680550.0,1627650.0,0.333609,22.811157,225,1
atitlan,2025-11-21,680850.0,1627650.0,0.31333113,20.60034,225,1
atitlan,2025-11-21,681150.0,1627650.0,0.29515067,20.221989,225,1
atitlan,2025-11-21,681450.0,1627650.0,0.26811826,16.650866,225,1
atitlan,2025-11-21,681750.0,1627650.0,0.2623548,17.361673,225,1
atitlan,2025-11-21,682050.0,1627650.0,0.1284244,9.934066,225,0
atitlan,2025-11-21,682350.0,1627650.0,0.17695668,11.540265,225,0
atitlan,2025-11-21,682650.0,1627650.0,0.11920394,9.021404,225,0
atitlan,2025-11-21,682950.0,1627650.0,0.08954618,6.4619107,225,0
atitlan,2025-11-21,683250.0,1627650.0,0.16717371,10.379049,225,0
atitlan,2025-11-21,683550.0,1627650.0,0.25207883,16.70376,225,1
atitlan,2025-11-21,683850.0,1627650.0,0.29916006,19.958061,225,1
atitlan,2025-11-21,684150.0,1627650.0,0.29293102,17.927967,225,1
atitlan,2025-11-21,684450.0,1627650.0,0.30290264,18.854118,225,1
atitlan,2025-11-21,684750.0,1627650.0,0.31424925,19.505075,225,1
atitlan,2025-11-21,685050.0,1627650.0,0.29330766,19.238865,225,1
atitlan,2025-11-21,685350.0,1627650.0,0.27814788,17.864166,225,1
atitlan,2025-11-21,685650.0,1627650.0,0.23721066,14.852485,225,1
atitlan,2025-11-21,685950.0,1627650.0,0.24467053,15.655085,225,1
atitlan,2025-11-21,686250.0,1627650.0,0.11123663,9.272238,225,0
atitlan,2025-11-21,686550.0,1627650.0,-0.06950538,1.3592772,225,0
atitlan,2025-11-21,686850.0,1627650.0,-0.084420934,0.7515546,225,0
atitlan,2025-11-21,687150.0,1627650.0,-0.08807283,0.557227,225,0
atitlan,2025-11-21,687450.0,1627650.0,-0.090839505,0.4260246,225,0
atitlan,2025-11-21,687750.0,1627650.0,-0.09097444,0.3673052,225,0
atitlan,2025-11-21,688050.0,1627650.0,-0.09137732,0.41935575,225,0
atitlan,2025-11-21,688350.0,1627650.0,-0.09236921,0.4182568,225,0
atitlan,2025-11-21,688650.0,1627650.0,-0.08705058,0.63885504,225,0
atitlan,2025-11-21,688950.0,1627650.0,-0.085062556,0.702927,225,0
atitlan,2025-11-21,689250.0,1627650.0,-0.084218584,0.7661343,225,0
atitlan,2025-11-21,689550.0,1627650.0,-0.09223562,0.46009538,225,0
atitlan,2025-11-21,689850.0,1627650.0,-0.09289909,0.4053289,225,0
atitlan,2025-11-21,690150.0,1627650.0,-0.09532572,0.3209265,225,0
atitlan,2025-11-21,690450.0,1627650.0,-0.097001456,0.27594146,225,0
atitlan,2025-11-21,690750.0,1627650.0,-0.0948517,0.3665631,225,0
atitlan,2025-11-21,691050.0,1627650.0,-0.09234726,0.47071517,225,0
atitlan,2025-11-21,691350.0,1627650.0,-0.09179491,0.46982798,225,0
atitlan,2025-11-21,691650.0,1627650.0,-0.09430774,0.36382166,225,0
atitlan,2025-11-21,691950.0,1627650.0,-0.09696537,0.29039767,225,0
atitlan,2025-11-21,692250.0,1627650.0,-0.09338371,0.39883146,225,0
atitlan,2025-11-21,692550.0,1627650.0,-0.09848245,0.26783782,225,0
atitlan,2025-11-21,692850.0,1627650.0,-0.096024916,0.3294874,225,0
atitlan,2025-11-21,693150.0,1627650.0,-0.09904793,0.2337811,225,0
atitlan,2025-11-21,693450.0,1627650.0,-0.09612502,0.3569644,225,0
atitlan,2025-11-21,693750.0,1627650.0,-0.09643638,0.3019461,225,0
atitlan,2025-11-21,694050.0,1627650.0,-0.09289991,0.40139177,225,0
atitlan,2025-11-21,694350.0,1627650.0,-0.09467993,0.3844377,225,0
atitlan,2025-11-21,694650.0,1627650.0,-0.09478315,0.35518596,225,0
atitlan,2025-11-21,694950.0,1627650.0,-0.09634439,0.306923,225,0
atitlan,2025-11-21,695250.0,1627650.0,-0.094700575,0.34090245,225,0
atitlan,2025-11-21,695550.0,1627650.0,-0.09702153,0.30871108,225,0
atitlan,2025-11-21,695850.0,1627650.0,-0.096271314,0.3369075,225,0
atitlan,2025-11-21,696150.0,1627650.0,-0.095201835,0.35141787,225,0
atitlan,2025-11-21,696450.0,1627650.0,-0.09748305,0.23136987,225,0
atitlan,2025-11-21,696750.0,1627650.0,-0.09740627,0.30416778,225,0
atitlan,2025-11-21,697050.0,1627650.0,-0.09841483,0.27656913,225,0
atitlan,2025-11-21,697350.0,1627650.0,-0.10009348,0.21506438,225,0
atitlan,2025-11-21,697650.0,1627650.0,-0.0956135,0.32680058,225,0
atitlan,2025-11-21,697950.0,1627650.0,-0.09735131,0.25599873,225,0
atitlan,2025-11-21,698250.0,1627650.0,-0.09979991,0.19725125,225,0
atitlan,2025-11-21,698550.0,1627650.0,-0.095859535,0.28914806,225,0
atitlan,2025-11-21,698850.0,1627650.0,-0.09578737,0.32177365,225,0
atitlan,2025-11-21,699150.0,1627650.0,-0.097005635,0.2774855,225,0
atitlan,2025-11-21,699450.0,1627650.0,-0.09452665,0.33419144,225,0
atitlan,2025-11-21,699750.0,1627650.0,-0.09230559,0.43595058,225,0
atitlan,2025-11-21,700050.0,1627650.0,-0.089482665,0.5700871,225,0
atitlan,2025-11-21,700350.0,1627650.0,-0.08433439,0.7999759,225,0
atitlan,2025-11-21,700650.0,1627650.0,-0.08209498,0.89211565,225,0
atitlan,2025-11-21,700950.0,1627650.0,-0.044284552,2.73291,225,0
atitlan,2025-11-21,701250.0,1627650.0,0.2480795,15.885128,225,1
atitlan,2025-11-21,701550.0,1627650.0,0.32288033,20.556915,225,1
atitlan,2025-11-21,701850.0,1627650.0,0.32008097,21.157427,225,1
atitlan,2025-11-21,702150.0,1627650.0,0.28412572,17.250532,225,1
atitlan,2025-11-21,702450.0,1627650.0,0.2845254,17.429085,225,1
atitlan,2025-11-21,702750.0,1627650.0,0.2811634,17.813852,225,1
atitlan,2025-11-21,703050.0,1627650.0,0.2537321,14.835813,225,1
atitlan,2025-11-21,703350.0,1627650.0,0.25934508,15.627594,225,1
atitlan,2025-11-21,703650.0,1627650.0,0.22032335,11.896174,225,0
atitlan,2025-11-21,703950.0,1627650.0,0.2728237,16.388908,225,1
atitlan,2025-11-21,704250.0,1627650.0,0.20481832,12.467632,225,1
atitlan,2025-11-21,704550.0,1627650.0,0.23344381,13.194026,225,1
atitlan,2025-11-21,704850.0,1627650.0,0.26492423,14.703307,225,1
atitlan,2025-11-21,705150.0,1627650.0,0.25736535,15.3755045,225,1
atitlan,2025-11-21,705450.0,1627650.0,0.250403,14.187502,225,1
atitlan,2025-11-21,705750.0,1627650.0,0.27242687,15.8832445,225,1
atitlan,2025-11-21,706050.0,1627650.0,0.24688189,12.83024,225,1
atitlan,2025-11-21,706350.0,1627650.0,0.280349,15.766911,225,1
atitlan,2025-11-21,706650.0,1627650.0,0.30323127,18.53486,225,1
atitlan,2025-11-21,706950.0,1627650.0,0.297855,17.656898,225,1
atitlan,2025-11-21,707250.0,1627650.0,0.27272993,14.99355,225,1
atitlan,2025-11-21,707550.0,1627650.0,0.2825745,16.05974,225,1
atitlan,2025-11-21,707850.0,1627650.0,0.29456568,17.276037,45,1
atitlan,2025-11-21,680250.0,1627950.0,0.31501937,20.602348,180,1
atitlan,2025-11-21,680550.0,1627950.0,0.32756585,23.13675,225,1
atitlan,2025-11-21,680850.0,1627950.0,0.300523,18.900837,225,1
atitlan,2025-11-21,681150.0,1627950.0,0.32085046,22.239859,225,1
atitlan,2025-11-21,681450.0,1627950.0,0.30471897,19.704884,225,1
atitlan,2025-11-21,681750.0,1627950.0,0.27258617,18.19162,225,1
atitlan,2025-11-21,682050.0,1627950.0,0.17522182,12.492893,225,1
atitlan,2025-11-21,682350.0,1627950.0,0.1595129,10.410123,225,0
atitlan,2025-11-21,682650.0,1627950.0,0.17934895,12.500558,225,1
atitlan,2025-11-21,682950.0,1627950.0,0.20029482,13.971179,225,1
atitlan,2025-11-21,683250.0,1627950.0,0.23299448,16.800764,225,1
atitlan,2025-11-21,683550.0,1627950.0,0.31988743,23.187927,225,1
atitlan,2025-11-21,683850.0,1627950.0,0.3457339,25.1565,225,1
atitlan,2025-11-21,684150.0,1627950.0,0.3205506,20.633158,225,1
atitlan,2025-11-21,684450.0,1627950.0,0.28297284,17.475351,225,1
atitlan,2025-11-21,684750.0,1627950.0,0.3049827,19.13274,225,1
atitlan,2025-11-21,685050.0,1627950.0,0.29526922,17.798279,225,1
atitlan,2025-11-21,685350.0,1627950.0,0.28396034,16.74048,225,1
atitlan,2025-11-21,685650.0,1627950.0,0.3146193,19.518063,225,1
atitlan,2025-11-21,685950.0,1627950.0,0.13350767,9.781613,225,0
atitlan,2025-11-21,686250.0,1627950.0,0.18721446,12.151784,225,1
atitlan,2025-11-21,686550.0,1627950.0,0.07945332,7.5023475,225,0
atitlan,2025-11-21,686850.0,1627950.0,-0.08153098,0.9431933,225,0
atitlan,2025-11-21,687150.0,1627950.0,-0.07551262,1.0896003,225,0
atitlan,2025-11-21,687450.0,1627950.0,-0.07561457,1.2297354,225,0
atitlan,2025-11-21,687750.0,1627950.0,-0.07666484,1.2140481,225,0
atitlan,2025-11-21,688050.0,1627950.0,-0.07695094,1.1523902,225,0
atitlan,2025-11-21,688350.0,1627950.0,-0.079233885,1.032973,225,0
atitlan,2025-11-21,688650.0,1627950.0,-0.078723975,1.0903412,225,0
atitlan,2025-11-21,688950.0,1627950.0,-0.08075776,0.9341332,225,0
atitlan,2025-11-21,689250.0,1627950.0,-0.08367867,0.781248,225,0
atitlan,2025-11-21,689550.0,1627950.0,-0.08824505,0.58645684,225,0
atitlan,2025-11-21,689850.0,1627950.0,-0.09008799,0.5363807,225,0
atitlan,2025-11-21,690150.0,1627950.0,-0.09436486,0.36499292,225,0
atitlan,2025-11-21,690450.0,1627950.0,-0.092346,0.43493584,225,0
atitlan,2025-11-21,690750.0,1627950.0,-0.09535646,0.33620763,225,0
atitlan,2025-11-21,691050.0,1627950.0,-0.09205245,0.43855587,225,0
atitlan,2025-11-21,691350.0,1627950.0,-0.09314359,0.38939905,225,0
atitlan,2025-11-21,691650.0,1627950.0,-0.09019065,0.49349886,225,0
atitlan,2025-11-21,691950.0,1627950.0,-0.09459075,0.44031623,225,0
atitlan,2025-11-21,692250.0,1627950.0,-0.09140704,0.45523104,225,0
atitlan,2025-11-21,692550.0,1627950.0,-0.09157058,0.4792386,225,0
atitlan,2025-11-21,692850.0,1627950.0,-0.09173717,0.5260596,225,0
atitlan,2025-11-21,693150.0,1627950.0,-0.09519161,0.3351522,225,0
atitlan,2025-11-21,693450.0,1627950.0,-0.094167195,0.3928831,225,0
atitlan,2025-11-21,693750.0,1627950.0,-0.094323486,0.38629133,225,0
atitlan,2025-11-21,694050.0,1627950.0,-0.092632666,0.43746626,225,0
atitlan,2025-11-21,694350.0,1627950.0,-0.096827716,0.322031,225,0
atitlan,2025-11-21,694650.0,1627950.0,-0.095930636,0.3197553,225,0
atitlan,2025-11-21,694950.0,1627950.0,-0.097183,0.30641025,225,0
atitlan,2025-11-21,695250.0,1627950.0,-0.09409208,0.42117798,225,0
atitlan,2025-11-21,695550.0,1627950.0,-0.099687144,0.22932544,225,0
atitlan,2025-11-21,695850.0,1627950.0,-0.09339829,0.4233775,225,0
atitlan,2025-11-21,696150.0,1627950.0,-0.09691628,0.28626585,225,0
atitlan,2025-11-21,696450.0,1627950.0,-0.09851864,0.24732575,225,0
atitlan,2025-11-21,696750.0,1627950.0,-0.09843568,0.25189856,225,0
atitlan,2025-11-21,697050.0,1627950.0,-0.0957132,0.29349637,225,0
atitlan,2025-11-21,697350.0,1627950.0,-0.101162106,0.19726396,225,0
atitlan,2025-11-21,697650.0,1627950.0,-0.09698656,0.32869998,225,0
atitlan,2025-11-21,697950.0,1627950.0,-0.096118435,0.27118713,225,0
atitlan,2025-11-21,698250.0,1627950.0,-0.09673814,0.32356673,225,0
atitlan,2025-11-21,698550.0,1627950.0,-0.097651266,0.2579116,225,0
atitlan,2025-11-21,698850.0,1627950.0,-0.09300135,0.36297363,225,0
atitlan,2025-11-21,699150.0,1627950.0,-0.09597512,0.32257006,225,0
atitlan,2025-11-21,699450.0,1627950.0,-0.09345926,0.361671,225,0
atitlan,2025-11-21,699750.0,1627950.0,-0.089772314,0.5465677,225,0
atitlan,2025-11-21,700050.0,1627950.0,-0.08582898,0.72491354,225,0
atitlan,2025-11-21,700350.0,1627950.0,-0.081479244,0.9188876,225,0
atitlan,2025-11-21,700650.0,1627950.0,-0.07853268,1.0867727,225,0
atitlan,2025-11-21,700950.0,1627950.0,0.051514532,6.136239,225,0
atitlan,2025-11-21,701250.0,1627950.0,0.26618648,16.815273,225,1
atitlan,2025-11-21,701550.0,1627950.0,0.30736262,18.983503,225,1
atitlan,2025-11-21,701850.0,1627950.0,0.2823117,15.539903,225,1
atitlan,2025-11-21,702150.0,1627950.0,0.25366583,14.854774,225,1
atitlan,2025-11-21,702450.0,1627950.0,0.16631505,9.920822,225,0
atitlan,2025-11-21,702750.0,1627950.0,0.28074718,15.567375,225,1
atitlan,2025-11-21,703050.0,1627950.0,0.24397697,12.138242,225,1
atitlan,2025-11-21,703350.0,1627950.0,0.2209037,13.426226,225,1
atitlan,2025-11-21,703650.0,1627950.0,0.15436386,9.108522,225,0
atitlan,2025-11-21,703950.0,1627950.0,0.18683775,11.93037,225,0
atitlan,2025-11-21,704250.0,1627950.0,0.22949916,13.941198,225,1
atitlan,2025-11-21,704550.0,1627950.0,0.22042665,12.450192,225,1
atitlan,2025-11-21,704850.0,1627950.0,0.23523708,13.028712,225,1
atitlan,2025-11-21,705150.0,1627950.0,0.26922095,15.583192,225,1
atitlan,2025-11-21,705450.0,1627950.0,0.2883849,17.488705,225,1
atitlan,2025-11-21,705750.0,1627950.0,0.28142005,17.177082,225,1
atitlan,2025-11-21,706050.0,1627950.0,0.267859,15.420777,225,1
atitlan,2025-11-21,706350.0,1627950.0,0.27748767,14.771899,225,1
atitlan,2025-11-21,706650.0,1627950.0,0.29345524,16.644533,225,1
atitlan,2025-11-21,706950.0,1627950.0,0.28657448,15.955489,225,1
atitlan,2025-11-21,707250.0,1627950.0,0.28794694,16.063961,225,1
atitlan,2025-11-21,707550.0,1627950.0,0.27532944,15.712888,225,1
atitlan,2025-11-21,707850.0,1627950.0,0.31878123,20.622513,45,1
atitlan,2025-11-21,680250.0,1628250.0,0.32958198,23.638266,180,1
atitlan,2025-11-21,680550.0,1628250.0,0.3309961,23.896706,225,1
atitlan,2025-11-21,680850.0,1628250.0,0.30213484,18.661474,225,1
atitlan,2025-11-21,681150.0,1628250.0,0.3251161,22.316544,225,1
atitlan,2025-11-21,681450.0,1628250.0,0.3275093,22.401024,225,1
atitlan,2025-11-21,681750.0,1628250.0,0.31943452,20.735592,225,1
atitlan,2025-11-21,682050.0,1628250.0,0.29416052,18.696316,225,1
atitlan,2025-11-21,682350.0,1628250.0,0.24454543,15.156519,225,1
atitlan,2025-11-21,682650.0,1628250.0,0.28985822,19.380848,225,1
atitlan,2025-11-21,682950.0,1628250.0,0.32763416,22.629984,225,1
atitlan,2025-11-21,683250.0,1628250.0,0.33176193,23.527016,225,1
atitlan,2025-11-21,683550.0,1628250.0,0.35304055,27.158735,225,1
atitlan,2025-11-21,683850.0,1628250.0,0.35346806,26.421232,225,1
atitlan,2025-11-21,684150.0,1628250.0,0.344652,25.376528,225,1
atitlan,2025-11-21,684450.0,1628250.0,0.3397246,24.048286,225,1
atitlan,2025-11-21,684750.0,1628250.0,0.32718873,22.001263,225,1
atitlan,2025-11-21,685050.0,1628250.0,0.3296815,21.708965,225,1
atitlan,2025-11-21,685350.0,1628250.0,0.30772752,19.37344,225,1
atitlan,2025-11-21,685650.0,1628250.0,0.26624703,16.311306,225,1
atitlan,2025-11-21,685950.0,1628250.0,0.047492854,4.5425167,225,0
atitlan,2025-11-21,686250.0,1628250.0,0.24541865,16.004059,225,1
atitlan,2025-11-21,686550.0,1628250.0,0.19436544,13.107492,225,1
atitlan,2025-11-21,686850.0,1628250.0,-0.060471963,1.9815762,225,0
atitlan,2025-11-21,687150.0,1628250.0,0.07199476,6.335123,225,0
atitlan,2025-11-21,687450.0,1628250.0,0.122707054,9.1726885,225,0
atitlan,2025-11-21,687750.0,1628250.0,-0.03161703,3.0529742,225,0
atitlan,2025-11-21,688050.0,1628250.0,-0.03239965,2.6977792,225,0
atitlan,2025-11-21,688350.0,1628250.0,0.014548545,4.518666,225,0
atitlan,2025-11-21,688650.0,1628250.0,0.00060450105,5.8384547,225,0
atitlan,2025-11-21,688950.0,1628250.0,-0.07110687,1.4508663,225,0
atitlan,2025-11-21,689250.0,1628250.0,-0.087361224,0.6256285,225,0
atitlan,2025-11-21,689550.0,1628250.0,-0.088818535,0.53614765,225,0
atitlan,2025-11-21,689850.0,1628250.0,-0.090465985,0.50579995,225,0
atitlan,2025-11-21,690150.0,1628250.0,-0.089262106,0.5788284,225,0
atitlan,2025-11-21,690450.0,1628250.0,-0.09352924,0.39009842,225,0
atitlan,2025-11-21,690750.0,1628250.0,-0.090065874,0.49894425,225,0
atitlan,2025-11-21,691050.0,1628250.0,-0.089757204,0.5150548,225,0
atitlan,2025-11-21,691350.0,1628250.0,-0.08988963,0.54976666,225,0
atitlan,2025-11-21,691650.0,1628250.0,-0.088763885,0.5368895,225,0
atitlan,2025-11-21,691950.0,1628250.0,-0.08970827,0.5349901,225,0
atitlan,2025-11-21,692250.0,1628250.0,-0.090805076,0.47771388,225,0
atitlan,2025-11-21,692550.0,1628250.0,-0.08774954,0.6155126,225,0
atitlan,2025-11-21,692850.0,1628250.0,-0.09297153,0.40898153,225,0
atitlan,2025-11-21,693150.0,1628250.0,-0.095397726,0.3193869,225,0
atitlan,2025-11-21,693450.0,1628250.0,-0.09546899,0.36788392,225,0
atitlan,2025-11-21,693750.0,1628250.0,-0.09535538,0.33519754,225,0
atitlan,2025-11-21,694050.0,1628250.0,-0.09520387,0.3842936,225,0
atitlan,2025-11-21,694350.0,1628250.0,-0.09666108,0.30743307,225,0
atitlan,2025-11-21,694650.0,1628250.0,-0.095691055,0.3209556,225,0
atitlan,2025-11-21,694950.0,1628250.0,-0.094470866,0.3860154,225,0
atitlan,2025-11-21,695250.0,1628250.0,-0.090628766,0.5118077,225,0
atitlan,2025-11-21,695550.0,1628250.0,-0.09867346,0.2555363,225,0
atitlan,2025-11-21,695850.0,1628250.0,-0.09348067,0.3815694,225,0
atitlan,2025-11-21,696150.0,1628250.0,-0.09369591,0.4308407,225,0
atitlan,2025-11-21,696450.0,1628250.0,-0.094960794,0.35927013,225,0
atitlan,2025-11-21,696750.0,1628250.0,-0.09772616,0.23078382,225,0
atitlan,2025-11-21,697050.0,1628250.0,-0.09419072,0.40393025,225,0
atitlan,2025-11-21,697350.0,1628250.0,-0.09606763,0.30908406,225,0
atitlan,2025-11-21,697650.0,1628250.0,-0.09761595,0.29087415,225,0
atitlan,2025-11-21,697950.0,1628250.0,-0.09376214,0.37060195,225,0
atitlan,2025-11-21,698250.0,1628250.0,-0.09321194,0.42520186,225,0
atitlan,2025-11-21,698550.0,1628250.0,-0.09483829,0.33596233,225,0
atitlan,2025-11-21,698850.0,1628250.0,-0.09308091,0.40513363,225,0
atitlan,2025-11-21,699150.0,1628250.0,-0.09510738,0.3619885,225,0
atitlan,2025-11-21,699450.0,1628250.0,-0.09319811,0.39859724,225,0
atitlan,2025-11-21,699750.0,1628250.0,-0.09010476,0.5372246,225,0
atitlan,2025-11-21,700050.0,1628250.0,-0.08294296,0.867754,225,0
atitlan,2025-11-21,700350.0,1628250.0,-0.043046925,2.443556,225,0
atitlan,2025-11-21,700650.0,1628250.0,-0.019573774,2.8491724,225,0
atitlan,2025-11-21,700950.0,1628250.0,0.15152675,10.198021,225,0
atitlan,2025-11-21,701250.0,1628250.0,0.28815264,17.04541,225,1
atitlan,2025-11-21,701550.0,1628250.0,0.28084767,16.505083,225,1
atitlan,2025-11-21,701850.0,1628250.0,0.29169938,16.902796,225,1
atitlan,2025-11-21,702150.0,1628250.0,0.26839757,14.968708,225,1
atitlan,2025-11-21,702450.0,1628250.0,0.270199,17.04118,225,1
atitlan,2025-11-21,702750.0,1628250.0,0.33343488,23.418001,225,1
atitlan,2025-11-21,703050.0,1628250.0,0.2545427,14.504912,225,1
atitlan,2025-11-21,703350.0,1628250.0,0.16342568,9.007617,225,0
atitlan,2025-11-21,703650.0,1628250.0,0.25577024,15.409923,225,1
atitlan,2025-11-21,703950.0,1628250.0,0.13346004,8.560028,225,0
atitlan,2025-11-21,704250.0,1628250.0,0.1968922,10.967,225,0
atitlan,2025-11-21,704550.0,1628250.0,0.20395291,10.977246,225,0
atitlan,2025-11-21,704850.0,1628250.0,0.2250454,13.975147,225,1
atitlan,2025-11-21,705150.0,1628250.0,0.22720715,13.122466,225,1
atitlan,2025-11-21,705450.0,1628250.0,0.26858672,16.172413,225,1
atitlan,2025-11-21,705750.0,1628250.0,0.28957787,17.947046,225,1
atitlan,2025-11-21,706050.0,1628250.0,0.2808912,17.076736,225,1
atitlan,2025-11-21,706350.0,1628250.0,0.26695424,14.6998415,225,1
atitlan,2025-11-21,706650.0,1628250.0,0.28955784,16.58914,225,1
atitlan,2025-11-21,706950.0,1628250.0,0.2728678,14.493786,225,1
atitlan,2025-11-21,707250.0,1628250.0,0.2905303,17.42551,225,1
atitlan,2025-11-21,707550.0,1628250.0,0.2863253,16.435398,225,1
atitlan,2025-11-21,707850.0,1628250.0,0.2752835,15.189163,45,1
atitlan,2025-11-21,680250.0,1628550.0,0.35834563,27.194279,180,1
atitlan,2025-11-21,680550.0,1628550.0,0.33750916,23.995861,225,1
atitlan,2025-11-21,680850.0,1628550.0,0.32735252,21.776573,225,1
atitlan,2025-11-21,681150.0,1628550.0,0.3407879,24.012985,225,1
atitlan,2025-11-21,681450.0,1628550.0,0.30282116,19.337368,225,1
atitlan,2025-11-21,681750.0,1628550.0,0.3299565,24.837225,225,1
atitlan,2025-11-21,682050.0,1628550.0,0.21244578,15.121089,225,1
atitlan,2025-11-21,682350.0,1628550.0,0.29032022,19.949192,225,1
atitlan,2025-11-21,682650.0,1628550.0,0.32615957,22.520067,225,1
atitlan,2025-11-21,682950.0,1628550.0,0.3282483,21.410799,225,1
atitlan,2025-11-21,683250.0,1628550.0,0.36427015,28.49991,225,1
atitlan,2025-11-21,683550.0,1628550.0,0.3701117,29.944874,225,1
atitlan,2025-11-21,683850.0,1628550.0,0.35562062,27.421528,225,1
atitlan,2025-11-21,684150.0,1628550.0,0.36691618,28.913042,225,1
atitlan,2025-11-21,684450.0,1628550.0,0.3376418,23.58307,225,1
atitlan,2025-11-21,684750.0,1628550.0,0.3172664,20.882547,225,1
atitlan,2025-11-21,685050.0,1628550.0,0.33727708,24.529055,225,1
atitlan,2025-11-21,685350.0,1628550.0,0.32264054,21.281721,225,1
atitlan,2025-11-21,685650.0,1628550.0,0.29381153,21.065268,225,1
atitlan,2025-11-21,685950.0,1628550.0,0.19868682,15.255086,225,1
atitlan,2025-11-21,686250.0,1628550.0,0.29871568,17.84955,225,1
atitlan,2025-11-21,686550.0,1628550.0,0.24811256,13.0071125,225,1
atitlan,2025-11-21,686850.0,1628550.0,0.19424376,12.621372,225,1
atitlan,2025-11-21,687150.0,1628550.0,0.16741809,10.503333,225,0
atitlan,2025-11-21,687450.0,1628550.0,0.12231183,10.112707,225,0
atitlan,2025-11-21,687750.0,1628550.0,0.18476555,12.333817,225,1
atitlan,2025-11-21,688050.0,1628550.0,0.25755864,16.745956,225,1
atitlan,2025-11-21,688350.0,1628550.0,0.2803623,17.55903,225,1
atitlan,2025-11-21,688650.0,1628550.0,0.27900892,18.20231,225,1
atitlan,2025-11-21,688950.0,1628550.0,0.21628462,15.062521,225,1
atitlan,2025-11-21,689250.0,1628550.0,-0.046001,2.783788,225,0
atitlan,2025-11-21,689550.0,1628550.0,-0.08162773,0.92544806,225,0
atitlan,2025-11-21,689850.0,1628550.0,-0.08774808,0.62555915,225,0
atitlan,2025-11-21,690150.0,1628550.0,-0.08287858,0.8603613,225,0
atitlan,2025-11-21,690450.0,1628550.0,-0.090019576,0.5408555,225,0
atitlan,2025-11-21,690750.0,1628550.0,-0.088317245,0.6119654,225,0
atitlan,2025-11-21,691050.0,1628550.0,-0.08894251,0.5764161,225,0
atitlan,2025-11-21,691350.0,1628550.0,-0.08799109,0.5921865,225,0
atitlan,2025-11-21,691650.0,1628550.0,-0.08695203,0.6460626,225,0
atitlan,2025-11-21,691950.0,1628550.0,-0.08904276,0.5613036,225,0
atitlan,2025-11-21,692250.0,1628550.0,-0.0925463,0.42178088,225,0
atitlan,2025-11-21,692550.0,1628550.0,-0.08799634,0.6125067,225,0
atitlan,2025-11-21,692850.0,1628550.0,-0.09348088,0.40119028,225,0
atitlan,2025-11-21,693150.0,1628550.0,-0.09345927,0.39317036,225,0
atitlan,2025-11-21,693450.0,1628550.0,-0.09611235,0.31815872,225,0
atitlan,2025-11-21,693750.0,1628550.0,-0.09469963,0.36150455,225,0
atitlan,2025-11-21,694050.0,1628550.0,-0.09692988,0.29842934,225,0
atitlan,2025-11-21,694350.0,1628550.0,-0.092341825,0.48299855,225,0
atitlan,2025-11-21,694650.0,1628550.0,-0.09726081,0.30123043,225,0
atitlan,2025-11-21,694950.0,1628550.0,-0.09100858,0.52850723,225,0
atitlan,2025-11-21,695250.0,1628550.0,-0.091952056,0.489463,225,0
atitlan,2025-11-21,695550.0,1628550.0,-0.09554235,0.3371047,225,0
atitlan,2025-11-21,695850.0,1628550.0,-0.09256749,0.45027852,225,0
atitlan,2025-11-21,696150.0,1628550.0,-0.09527423,0.35744682,225,0
atitlan,2025-11-21,696450.0,1628550.0,-0.09452759,0.4013796,225,0
atitlan,2025-11-21,696750.0,1628550.0,-0.097870894,0.23385976,225,0
atitlan,2025-11-21,697050.0,1628550.0,-0.09686199,0.32938075,225,0
atitlan,2025-11-21,697350.0,1628550.0,-0.09734745,0.2347928,225,0
atitlan,2025-11-21,697650.0,1628550.0,-0.0983528,0.24103655,225,0
atitlan,2025-11-21,697950.0,1628550.0,-0.096791714,0.26017803,225,0
atitlan,2025-11-21,698250.0,1628550.0,-0.09766269,0.25344583,225,0
atitlan,2025-11-21,698550.0,1628550.0,-0.09652911,0.3528549,225,0
atitlan,2025-11-21,698850.0,1628550.0,-0.09335628,0.37037852,225,0
atitlan,2025-11-21,699150.0,1628550.0,-0.09385821,0.39663237,225,0
atitlan,2025-11-21,699450.0,1628550.0,-0.09153913,0.46626464,225,0
atitlan,2025-11-21,699750.0,1628550.0,-0.08814227,0.59982485,225,0
atitlan,2025-11-21,700050.0,1628550.0,-0.040007766,2.4475603,225,0
atitlan,2025-11-21,700350.0,1628550.0,0.25214896,16.152195,225,1
atitlan,2025-11-21,700650.0,1628550.0,0.16176493,11.290995,225,0
atitlan,2025-11-21,700950.0,1628550.0,0.10074894,7.1086035,225,0
atitlan,2025-11-21,701250.0,1628550.0,0.25046763,15.261372,225,1
atitlan,2025-11-21,701550.0,1628550.0,0.29617313,18.03747,225,1
atitlan,2025-11-21,701850.0,1628550.0,0.29164612,17.74265,225,1
atitlan,2025-11-21,702150.0,1628550.0,0.28708813,16.696665,225,1
atitlan,2025-11-21,702450.0,1628550.0,0.28516665,18.330051,225,1
atitlan,2025-11-21,702750.0,1628550.0,0.30135402,19.145483,225,1
atitlan,2025-11-21,703050.0,1628550.0,0.26343626,16.352661,225,1
atitlan,2025-11-21,703350.0,1628550.0,0.20151852,11.973123,225,0
atitlan,2025-11-21,703650.0,1628550.0,0.29206157,18.032604,225,1
atitlan,2025-11-21,703950.0,1628550.0,0.18387574,12.221569,225,1
atitlan,2025-11-21,704250.0,1628550.0,0.15265842,8.720468,225,0
atitlan,2025-11-21,704550.0,1628550.0,0.21004547,11.10067,225,0
atitlan,2025-11-21,704850.0,1628550.0,0.223687,12.406059,225,1
atitlan,2025-11-21,705150.0,1628550.0,0.2656504,15.663771,225,1
atitlan,2025-11-21,705450.0,1628550.0,0.25548342,15.033942,225,1
atitlan,2025-11-21,705750.0,1628550.0,0.30749905,19.30617,225,1
atitlan,2025-11-21,706050.0,1628550.0,0.2955132,18.312483,225,1
atitlan,2025-11-21,706350.0,1628550.0,0.28231022,15.587831,225,1
atitlan,2025-11-21,706650.0,1628550.0,0.29504153,17.886272,225,1
atitlan,2025-11-21,706950.0,1628550.0,0.2918578,16.577032,225,1
atitlan,2025-11-21,707250.0,1628550.0,0.28962013,18.069431,225,1
atitlan,2025-11-21,707550.0,1628550.0,0.3041572,19.767431,225,1
atitlan,2025-11-21,707850.0,1628550.0,0.32250857,22.07993,45,1
atitlan,2025-11-21,680250.0,1628850.0,0.3683386,29.624674,180,1
atitlan,2025-11-21,680550.0,1628850.0,0.34729168,25.481256,225,1
atitlan,2025-11-21,680850.0,1628850.0,0.33515123,23.782932,225,1
atitlan,2025-11-21,681150.0,1628850.0,0.32306352,21.003334,225,1
atitlan,2025-11-21,681450.0,1628850.0,0.33090279,22.126463,225,1
atitlan,2025-11-21,681750.0,1628850.0,0.30908012,20.969284,225,1
atitlan,2025-11-21,682050.0,1628850.0,0.2633107,16.481997,225,1
atitlan,2025-11-21,682350.0,1628850.0,0.3090881,20.862562,225,1
atitlan,2025-11-21,682650.0,1628850.0,0.32040247,21.235603,225,1
atitlan,2025-11-21,682950.0,1628850.0,0.26708382,14.462221,225,1
atitlan,2025-11-21,683250.0,1628850.0,0.31754065,20.3804,225,1
atitlan,2025-11-21,683550.0,1628850.0,0.34900612,27.505033,225,1
atitlan,2025-11-21,683850.0,1628850.0,0.3680148,29.550388,225,1
atitlan,2025-11-21,684150.0,1628850.0,0.33189294,22.704102,225,1
atitlan,2025-11-21,684450.0,1628850.0,0.34724942,25.20339,225,1
atitlan,2025-11-21,684750.0,1628850.0,0.3429928,25.249859,225,1
atitlan,2025-11-21,685050.0,1628850.0,0.3182756,21.070568,225,1
atitlan,2025-11-21,685350.0,1628850.0,0.3349694,23.207195,225,1
atitlan,2025-11-21,685650.0,1628850.0,0.31384203,20.901655,225,1
atitlan,2025-11-21,685950.0,1628850.0,0.3174845,19.793585,225,1
atitlan,2025-11-21,686250.0,1628850.0,0.30694374,19.269333,225,1
atitlan,2025-11-21,686550.0,1628850.0,0.27381247,14.926887,225,1
atitlan,2025-11-21,686850.0,1628850.0,0.2864887,17.465364,225,1
atitlan,2025-11-21,687150.0,1628850.0,0.24269092,16.431837,225,1
atitlan,2025-11-21,687450.0,1628850.0,0.2317607,14.280339,225,1
atitlan,2025-11-21,687750.0,1628850.0,0.21298578,14.361697,225,1
atitlan,2025-11-21,688050.0,1628850.0,0.32371023,20.989742,225,1
atitlan,2025-11-21,688350.0,1628850.0,0.3137478,20.475533,225,1
atitlan,2025-11-21,688650.0,1628850.0,0.3186776,20.690329,225,1
atitlan,2025-11-21,688950.0,1628850.0,0.25853822,13.836092,225,1
atitlan,2025-11-21,689250.0,1628850.0,-0.014419655,3.716833,225,0
atitlan,2025-11-21,689550.0,1628850.0,-0.07670962,1.1705223,225,0
atitlan,2025-11-21,689850.0,1628850.0,-0.08482667,0.7768569,225,0
atitlan,2025-11-21,690150.0,1628850.0,-0.06975145,1.3811537,225,0
atitlan,2025-11-21,690450.0,1628850.0,-0.083182245,0.8568294,225,0
atitlan,2025-11-21,690750.0,1628850.0,-0.08257956,0.8678526,225,0
atitlan,2025-11-21,691050.0,1628850.0,-0.08247096,0.8586205,225,0
atitlan,2025-11-21,691350.0,1628850.0,-0.087421745,0.62969816,225,0
atitlan,2025-11-21,691650.0,1628850.0,-0.08428001,0.789912,225,0
atitlan,2025-11-21,691950.0,1628850.0,-0.08502144,0.7418305,225,0
atitlan,2025-11-21,692250.0,1628850.0,-0.08992976,0.5214555,225,0
atitlan,2025-11-21,692550.0,1628850.0,-0.088685334,0.58773154,225,0
atitlan,2025-11-21,692850.0,1628850.0,-0.09282704,0.42032215,225,0
atitlan,2025-11-21,693150.0,1628850.0,-0.09295601,0.41800958,225,0
atitlan,2025-11-21,693450.0,1628850.0,-0.09329468,0.40462172,225,0
atitlan,2025-11-21,693750.0,1628850.0,-0.09269735,0.41446528,225,0
atitlan,2025-11-21,694050.0,1628850.0,-0.0952551,0.32866052,225,0
atitlan,2025-11-21,694350.0,1628850.0,-0.0890366,0.5402033,225,0
atitlan,2025-11-21,694650.0,1628850.0,-0.09568175,0.3670824,225,0
atitlan,2025-11-21,694950.0,1628850.0,-0.09471781,0.36477986,225,0
atitlan,2025-11-21,695250.0,1628850.0,-0.093990244,0.3725083,225,0
atitlan,2025-11-21,695550.0,1628850.0,-0.09037948,0.5813957,225,0
atitlan,2025-11-21,695850.0,1628850.0,-0.09563712,0.3490892,225,0
atitlan,2025-11-21,696150.0,1628850.0,-0.0926955,0.43549562,225,0
atitlan,2025-11-21,696450.0,1628850.0,-0.09638499,0.29812235,225,0
atitlan,2025-11-21,696750.0,1628850.0,-0.09672467,0.31502193,225,0
atitlan,2025-11-21,697050.0,1628850.0,-0.09732044,0.30720356,225,0
atitlan,2025-11-21,697350.0,1628850.0,-0.09581722,0.34876463,225,0
atitlan,2025-11-21,697650.0,1628850.0,-0.097232245,0.2829841,225,0
atitlan,2025-11-21,697950.0,1628850.0,-0.09575507,0.31956682,225,0
atitlan,2025-11-21,698250.0,1628850.0,-0.094978005,0.33051023,225,0
atitlan,2025-11-21,698550.0,1628850.0,-0.09453532,0.3832368,225,0
atitlan,2025-11-21,698850.0,1628850.0,-0.09422123,0.35775584,225,0
atitlan,2025-11-21,699150.0,1628850.0,-0.0921284,0.42459458,225,0
atitlan,2025-11-21,699450.0,1628850.0,-0.090863004,0.5091254,225,0
atitlan,2025-11-21,699750.0,1628850.0,-0.08231301,0.86828214,225,0
atitlan,2025-11-21,700050.0,1628850.0,0.048380025,6.4418607,225,0
atitlan,2025-11-21,700350.0,1628850.0,0.2802559,16.986843,225,1
atitlan,2025-11-21,700650.0,1628850.0,0.2739063,15.096238,225,1
atitlan,2025-11-21,700950.0,1628850.0,0.3266604,24.091448,225,1
atitlan,2025-11-21,701250.0,1628850.0,0.35256013,26.1919,225,1
atitlan,2025-11-21,701550.0,1628850.0,0.3564058,26.549341,225,1
atitlan,2025-11-21,701850.0,1628850.0,0.32194707,22.756535,225,1
atitlan,2025-11-21,702150.0,1628850.0,0.28099683,17.150478,225,1
atitlan,2025-11-21,702450.0,1628850.0,0.28726837,16.99992,225,1
atitlan,2025-11-21,702750.0,1628850.0,0.24705397,12.83349,225,1
atitlan,2025-11-21,703050.0,1628850.0,0.2683463,17.613121,225,1
atitlan,2025-11-21,703350.0,1628850.0,0.19555408,10.301747,225,0
atitlan,2025-11-21,703650.0,1628850.0,0.2696737,14.906606,225,1
atitlan,2025-11-21,703950.0,1628850.0,0.2088898,13.729192,225,1
atitlan,2025-11-21,704250.0,1628850.0,0.21688339,12.176257,225,1
atitlan,2025-11-21,704550.0,1628850.0,0.25523716,15.052705,225,1
atitlan,2025-11-21,704850.0,1628850.0,0.27180982,16.671486,225,1
atitlan,2025-11-21,705150.0,1628850.0,0.28400877,17.26634,225,1
atitlan,2025-11-21,705450.0,1628850.0,0.27847138,16.21415,225,1
atitlan,2025-11-21,705750.0,1628850.0,0.31629598,20.598618,225,1
atitlan,2025-11-21,706050.0,1628850.0,0.312428,19.345194,225,1
atitlan,2025-11-21,706350.0,1628850.0,0.269171,14.487454,225,1
atitlan,2025-11-21,706650.0,1628850.0,0.2642753,14.604952,225,1
atitlan,2025-11-21,706950.0,1628850.0,0.24158806,15.995567,225,1
atitlan,2025-11-21,707250.0,1628850.0,0.2801556,17.41651,225,1
atitlan,2025-11-21,707550.0,1628850.0,0.24701631,12.591926,225,1
atitlan,2025-11-21,707850.0,1628850.0,0.25612444,13.972572,45,1
atitlan,2025-11-21,680250.0,1629150.0,0.3461957,25.246552,180,1
atitlan,2025-11-21,680550.0,1629150.0,0.34509066,24.911346,225,1
atitlan,2025-11-21,680850.0,1629150.0,0.3184734,20.835398,225,1
atitlan,2025-11-21,681150.0,1629150.0,0.3218693,20.717667,225,1
atitlan,2025-11-21,681450.0,1629150.0,0.32449272,21.906996,225,1
atitlan,2025-11-21,681750.0,1629150.0,0.33773956,24.543411,225,1
atitlan,2025-11-21,682050.0,1629150.0,0.31990296,25.08131,225,1
atitlan,2025-11-21,682350.0,1629150.0,0.35273054,26.296421,225,1
atitlan,2025-11-21,682650.0,1629150.0,0.34720817,25.629744,225,1
atitlan,2025-11-21,682950.0,1629150.0,0.31488565,20.521746,225,1
atitlan,2025-11-21,683250.0,1629150.0,0.28287402,17.047606,225,1
atitlan,2025-11-21,683550.0,1629150.0,0.34908304,25.748516,225,1
atitlan,2025-11-21,683850.0,1629150.0,0.36518422,28.718262,225,1
atitlan,2025-11-21,684150.0,1629150.0,0.37762865,31.18342,225,1
atitlan,2025-11-21,684450.0,1629150.0,0.37157285,30.23534,225,1
atitlan,2025-11-21,684750.0,1629150.0,0.36584836,29.09032,225,1
atitlan,2025-11-21,685050.0,1629150.0,0.34012893,24.701626,225,1
atitlan,2025-11-21,685350.0,1629150.0,0.3406185,23.969793,225,1
atitlan,2025-11-21,685650.0,1629150.0,0.322799,21.31683,225,1
atitlan,2025-11-21,685950.0,1629150.0,0.3231171,20.501091,225,1
atitlan,2025-11-21,686250.0,1629150.0,0.29958028,17.12046,225,1
atitlan,2025-11-21,686550.0,1629150.0,0.31433356,20.020927,225,1
atitlan,2025-11-21,686850.0,1629150.0,0.30041644,17.538015,225,1
atitlan,2025-11-21,687150.0,1629150.0,0.29134214,17.69783,225,1
atitlan,2025-11-21,687450.0,1629150.0,0.31323472,19.437073,225,1
atitlan,2025-11-21,687750.0,1629150.0,0.31638536,20.560171,225,1
atitlan,2025-11-21,688050.0,1629150.0,0.31120792,18.350245,225,1
atitlan,2025-11-21,688350.0,1629150.0,0.29050845,16.44832,225,1
atitlan,2025-11-21,688650.0,1629150.0,0.2682258,14.681126,225,1
atitlan,2025-11-21,688950.0,1629150.0,0.22129463,12.777441,225,1
atitlan,2025-11-21,689250.0,1629150.0,0.12005023,9.982588,225,0
atitlan,2025-11-21,689550.0,1629150.0,-0.039057158,3.1205523,225,0
atitlan,2025-11-21,689850.0,1629150.0,-0.015271488,4.1090255,225,0
atitlan,2025-11-21,690150.0,1629150.0,0.14652723,10.262846,225,0
atitlan,2025-11-21,690450.0,1629150.0,0.04888269,7.144194,225,0
atitlan,2025-11-21,690750.0,1629150.0,-0.070285805,1.4531374,225,0
atitlan,2025-11-21,691050.0,1629150.0,-0.075039096,1.2523259,225,0
atitlan,2025-11-21,691350.0,1629150.0,-0.08055585,0.98208725,225,0
atitlan,2025-11-21,691650.0,1629150.0,-0.08451566,0.76762056,225,0
atitlan,2025-11-21,691950.0,1629150.0,-0.08320882,0.8258065,225,0
atitlan,2025-11-21,692250.0,1629150.0,-0.08594266,0.70189345,225,0
atitlan,2025-11-21,692550.0,1629150.0,-0.088392854,0.58336693,225,0
atitlan,2025-11-21,692850.0,1629150.0,-0.09105146,0.47891968,225,0
atitlan,2025-11-21,693150.0,1629150.0,-0.09209967,0.45648763,225,0
atitlan,2025-11-21,693450.0,1629150.0,-0.09350473,0.4252699,225,0
atitlan,2025-11-21,693750.0,1629150.0,-0.09595534,0.34133768,225,0
atitlan,2025-11-21,694050.0,1629150.0,-0.093766674,0.37827063,225,0
atitlan,2025-11-21,694350.0,1629150.0,-0.09366456,0.40541455,225,0
atitlan,2025-11-21,694650.0,1629150.0,-0.09595955,0.32287547,225,0
atitlan,2025-11-21,694950.0,1629150.0,-0.09493268,0.37858343,225,0
atitlan,2025-11-21,695250.0,1629150.0,-0.09340764,0.41663083,225,0
atitlan,2025-11-21,695550.0,1629150.0,-0.09186197,0.4458362,225,0
atitlan,2025-11-21,695850.0,1629150.0,-0.09479059,0.37974155,225,0
atitlan,2025-11-21,696150.0,1629150.0,-0.092983805,0.4048013,225,0
atitlan,2025-11-21,696450.0,1629150.0,-0.09431268,0.3896258,225,0
atitlan,2025-11-21,696750.0,1629150.0,-0.09580815,0.34280935,225,0
atitlan,2025-11-21,697050.0,1629150.0,-0.09580529,0.33145493,225,0
atitlan,2025-11-21,697350.0,1629150.0,-0.09633789,0.31890908,225,0
atitlan,2025-11-21,697650.0,1629150.0,-0.09630298,0.32528755,225,0
atitlan,2025-11-21,697950.0,1629150.0,-0.09312222,0.36316523,225,0
atitlan,2025-11-21,698250.0,1629150.0,-0.09147387,0.45589104,225,0
atitlan,2025-11-21,698550.0,1629150.0,-0.092100784,0.4494379,225,0
atitlan,2025-11-21,698850.0,1629150.0,-0.089876056,0.5212263,225,0
atitlan,2025-11-21,699150.0,1629150.0,-0.088361986,0.5985465,225,0
atitlan,2025-11-21,699450.0,1629150.0,-0.08453091,0.7579426,225,0
atitlan,2025-11-21,699750.0,1629150.0,-0.07045837,1.4309424,225,0
atitlan,2025-11-21,700050.0,1629150.0,0.20479745,14.167676,225,1
atitlan,2025-11-21,700350.0,1629150.0,0.329553,21.970943,225,1
atitlan,2025-11-21,700650.0,1629150.0,0.31181508,19.993614,225,1
atitlan,2025-11-21,700950.0,1629150.0,0.34995532,25.770525,225,1
atitlan,2025-11-21,701250.0,1629150.0,0.34152845,23.966309,225,1
atitlan,2025-11-21,701550.0,1629150.0,0.29774663,20.563717,225,1
atitlan,2025-11-21,701850.0,1629150.0,0.27488557,16.601614,225,1
atitlan,2025-11-21,702150.0,1629150.0,0.2642205,15.112368,225,1
atitlan,2025-11-21,702450.0,1629150.0,0.25743675,12.380359,225,1
atitlan,2025-11-21,702750.0,1629150.0,0.26120532,13.627969,225,1
atitlan,2025-11-21,703050.0,1629150.0,0.22366898,13.232539,225,1
atitlan,2025-11-21,703350.0,1629150.0,0.1970332,10.56795,225,0
atitlan,2025-11-21,703650.0,1629150.0,0.20685962,11.795796,225,0
atitlan,2025-11-21,703950.0,1629150.0,0.23315771,12.994155,225,1
atitlan,2025-11-21,704250.0,1629150.0,0.28912064,19.142277,225,1
atitlan,2025-11-21,704550.0,1629150.0,0.21239069,11.14642,225,0
atitlan,2025-11-21,704850.0,1629150.0,0.22585666,12.455123,225,1
atitlan,2025-11-21,705150.0,1629150.0,0.2461655,12.1024,225,1
atitlan,2025-11-21,705450.0,1629150.0,0.29279312,18.495644,225,1
atitlan,2025-11-21,705750.0,1629150.0,0.28123534,16.646175,225,1
atitlan,2025-11-21,706050.0,1629150.0,0.29997614,18.035555,225,1
atitlan,2025-11-21,706350.0,1629150.0,0.26038677,14.837876,225,1
atitlan,2025-11-21,706650.0,1629150.0,0.2572918,15.086616,225,1
atitlan,2025-11-21,706950.0,1629150.0,0.18774135,12.975852,225,1
atitlan,2025-11-21,707250.0,1629150.0,0.29326698,17.7615,225,1
atitlan,2025-11-21,707550.0,1629150.0,0.24719653,13.947986,225,1
atitlan,2025-11-21,707850.0,1629150.0,0.26284388,13.508423,45,1
atitlan,2025-11-21,680250.0,1629450.0,0.36564094,28.763609,180,1
atitlan,2025-11-21,680550.0,1629450.0,0.33519,23.383694,225,1
atitlan,2025-11-21,680850.0,1629450.0,0.30937713,19.538034,225,1
atitlan,2025-11-21,681150.0,1629450.0,0.32115564,20.428793,225,1
atitlan,2025-11-21,681450.0,1629450.0,0.33917663,23.95095,225,1
atitlan,2025-11-21,681750.0,1629450.0,0.30346525,19.706972,225,1
atitlan,2025-11-21,682050.0,1629450.0,0.2973227,17.82564,225,1
atitlan,2025-11-21,682350.0,1629450.0,0.2922119,17.079634,225,1
atitlan,2025-11-21,682650.0,1629450.0,0.36449674,28.630905,225,1
atitlan,2025-11-21,682950.0,1629450.0,0.35951743,27.161612,225,1
atitlan,2025-11-21,683250.0,1629450.0,0.32192335,21.978434,225,1
atitlan,2025-11-21,683550.0,1629450.0,0.33382916,23.055197,225,1
atitlan,2025-11-21,683850.0,1629450.0,0.36460215,29.47348,225,1
atitlan,2025-11-21,684150.0,1629450.0,0.3876156,33.916977,225,1
atitlan,2025-11-21,684450.0,1629450.0,0.32695335,22.665668,225,1
atitlan,2025-11-21,684750.0,1629450.0,0.3235791,20.817694,225,1
atitlan,2025-11-21,685050.0,1629450.0,0.3273387,22.61233,225,1
atitlan,2025-11-21,685350.0,1629450.0,0.33981308,24.3208,225,1
atitlan,2025-11-21,685650.0,1629450.0,0.34503484,25.480028,225,1
atitlan,2025-11-21,685950.0,1629450.0,0.33540204,23.292603,225,1
atitlan,2025-11-21,686250.0,1629450.0,0.328685,21.733644,225,1
atitlan,2025-11-21,686550.0,1629450.0,0.31432766,19.162697,225,1
atitlan,2025-11-21,686850.0,1629450.0,0.30863726,18.036781,225,1
atitlan,2025-11-21,687150.0,1629450.0,0.29626495,17.453077,225,1
atitlan,2025-11-21,687450.0,1629450.0,0.30610242,18.660688,225,1
atitlan,2025-11-21,687750.0,1629450.0,0.3224015,20.735323,225,1
atitlan,2025-11-21,688050.0,1629450.0,0.29499364,16.454311,225,1
atitlan,2025-11-21,688350.0,1629450.0,0.30111715,17.839289,225,1
atitlan,2025-11-21,688650.0,1629450.0,0.23444124,15.457221,225,1
atitlan,2025-11-21,688950.0,1629450.0,0.19038294,12.419613,225,1
atitlan,2025-11-21,689250.0,1629450.0,0.23073381,16.17853,225,1
atitlan,2025-11-21,689550.0,1629450.0,0.27320197,19.310638,225,1
atitlan,2025-11-21,689850.0,1629450.0,0.32495824,22.535213,225,1
atitlan,2025-11-21,690150.0,1629450.0,0.30895323,19.544056,225,1
atitlan,2025-11-21,690450.0,1629450.0,0.31921095,21.694614,225,1
atitlan,2025-11-21,690750.0,1629450.0,0.27712217,18.854816,225,1
atitlan,2025-11-21,691050.0,1629450.0,0.17058107,11.710171,225,0
atitlan,2025-11-21,691350.0,1629450.0,-0.07151483,1.4002692,225,0
atitlan,2025-11-21,691650.0,1629450.0,-0.07899324,1.058783,225,0
atitlan,2025-11-21,691950.0,1629450.0,-0.07646079,1.1983277,225,0
atitlan,2025-11-21,692250.0,1629450.0,-0.07982776,1.0327824,225,0
atitlan,2025-11-21,692550.0,1629450.0,-0.0878233,0.6246312,225,0
atitlan,2025-11-21,692850.0,1629450.0,-0.08792823,0.6137542,225,0
atitlan,2025-11-21,693150.0,1629450.0,-0.091634855,0.46077344,225,0
atitlan,2025-11-21,693450.0,1629450.0,-0.09138875,0.478487,225,0
atitlan,2025-11-21,693750.0,1629450.0,-0.093627684,0.41419238,225,0
atitlan,2025-11-21,694050.0,1629450.0,-0.09175179,0.46228683,225,0
atitlan,2025-11-21,694350.0,1629450.0,-0.08988864,0.5455806,225,0
atitlan,2025-11-21,694650.0,1629450.0,-0.09429807,0.3786851,225,0
atitlan,2025-11-21,694950.0,1629450.0,-0.093922265,0.36374748,225,0
atitlan,2025-11-21,695250.0,1629450.0,-0.09277898,0.41050798,225,0
atitlan,2025-11-21,695550.0,1629450.0,-0.08993785,0.58060473,225,0
atitlan,2025-11-21,695850.0,1629450.0,-0.09376306,0.40143266,225,0
atitlan,2025-11-21,696150.0,1629450.0,-0.0951367,0.3796702,225,0
atitlan,2025-11-21,696450.0,1629450.0,-0.09472613,0.37232113,225,0
atitlan,2025-11-21,696750.0,1629450.0,-0.094514646,0.35679263,225,0
atitlan,2025-11-21,697050.0,1629450.0,-0.09550622,0.3357146,225,0
atitlan,2025-11-21,697350.0,1629450.0,-0.09819685,0.21767433,225,0
atitlan,2025-11-21,697650.0,1629450.0,-0.09819647,0.20972578,225,0
atitlan,2025-11-21,697950.0,1629450.0,-0.092524625,0.4061318,225,0
atitlan,2025-11-21,698250.0,1629450.0,-0.09101786,0.4882573,225,0
atitlan,2025-11-21,698550.0,1629450.0,-0.07449866,1.10759,225,0
atitlan,2025-11-21,698850.0,1629450.0,-0.044293858,2.6644313,225,0
atitlan,2025-11-21,699150.0,1629450.0,-0.056662757,1.776783,225,0
atitlan,2025-11-21,699450.0,1629450.0,0.02126094,6.447221,225,0
atitlan,2025-11-21,699750.0,1629450.0,0.21102335,15.815229,225,1
atitlan,2025-11-21,700050.0,1629450.0,0.2953688,19.630386,225,1
atitlan,2025-11-21,700350.0,1629450.0,0.3418791,24.086042,225,1
atitlan,2025-11-21,700650.0,1629450.0,0.29484886,19.980593,225,1
atitlan,2025-11-21,700950.0,1629450.0,0.31543404,21.466404,225,1
atitlan,2025-11-21,701250.0,1629450.0,0.30323112,19.76402,225,1
atitlan,2025-11-21,701550.0,1629450.0,0.22639182,14.743698,225,1
atitlan,2025-11-21,701850.0,1629450.0,0.2567154,14.728757,225,1
atitlan,2025-11-21,702150.0,1629450.0,0.2616139,15.475911,225,1
atitlan,2025-11-21,702450.0,1629450.0,0.24525452,12.506127,225,1
atitlan,2025-11-21,702750.0,1629450.0,0.22589014,10.595895,225,0
atitlan,2025-11-21,703050.0,1629450.0,0.23658988,12.934187,225,1
atitlan,2025-11-21,703350.0,1629450.0,0.22557072,12.284702,225,1
atitlan,2025-11-21,703650.0,1629450.0,0.14765798,9.133472,225,0
atitlan,2025-11-21,703950.0,1629450.0,0.20946229,10.413616,225,0
atitlan,2025-11-21,704250.0,1629450.0,0.24760872,14.519273,225,1
atitlan,2025-11-21,704550.0,1629450.0,0.18933979,9.652,225,0
atitlan,2025-11-21,704850.0,1629450.0,0.20017639,8.99567,225,0
atitlan,2025-11-21,705150.0,1629450.0,0.2533207,14.443044,225,1
atitlan,2025-11-21,705450.0,1629450.0,0.23995058,15.863869,225,1
atitlan,2025-11-21,705750.0,1629450.0,0.29734966,17.894062,225,1
atitlan,2025-11-21,706050.0,1629450.0,0.28360707,17.265978,225,1
atitlan,2025-11-21,706350.0,1629450.0,0.25583723,14.837886,225,1
atitlan,2025-11-21,706650.0,1629450.0,0.26582208,16.616827,225,1
atitlan,2025-11-21,706950.0,1629450.0,0.2861812,17.378576,225,1
atitlan,2025-11-21,707250.0,1629450.0,0.29442912,18.259323,225,1
atitlan,2025-11-21,707550.0,1629450.0,0.26857975,15.627079,225,1
atitlan,2025-11-21,707850.0,1629450.0,0.2607983,13.545905,45,1
atitlan,2025-11-21,680250.0,1629750.0,0.35637435,27.139572,180,1
atitlan,2025-11-21,680550.0,1629750.0,0.33586726,23.448542,225,1
atitlan,2025-11-21,680850.0,1629750.0,0.30580235,19.560371,225,1
atitlan,2025-11-21,681150.0,1629750.0,0.35622376,27.70706,225,1
atitlan,2025-11-21,681450.0,1629750.0,0.3532674,27.408585,225,1
atitlan,2025-11-21,681750.0,1629750.0,0.38464683,34.642593,225,1
atitlan,2025-11-21,682050.0,1629750.0,0.32632935,23.326817,225,1
atitlan,2025-11-21,682350.0,1629750.0,0.28426528,16.16,225,1
atitlan,2025-11-21,682650.0,1629750.0,0.2802335,16.423244,225,1
atitlan,2025-11-21,682950.0,1629750.0,0.33853754,25.315903,225,1
atitlan,2025-11-21,683250.0,1629750.0,0.37143052,29.83356,225,1
atitlan,2025-11-21,683550.0,1629750.0,0.36608008,29.265198,225,1
atitlan,2025-11-21,683850.0,1629750.0,0.37403068,31.053854,225,1
atitlan,2025-11-21,684150.0,1629750.0,0.36420545,28.691511,225,1
atitlan,2025-11-21,684450.0,1629750.0,0.35247844,26.687119,225,1
atitlan,2025-11-21,684750.0,1629750.0,0.3650991,28.881342,225,1
atitlan,2025-11-21,685050.0,1629750.0,0.3676576,30.278656,225,1
atitlan,2025-11-21,685350.0,1629750.0,0.37137508,30.441631,225,1
atitlan,2025-11-21,685650.0,1629750.0,0.36006063,27.86314,225,1
atitlan,2025-11-21,685950.0,1629750.0,0.36163184,27.960869,225,1
atitlan,2025-11-21,686250.0,1629750.0,0.3468553,25.770199,225,1
atitlan,2025-11-21,686550.0,1629750.0,0.3186955,20.215578,225,1
atitlan,2025-11-21,686850.0,1629750.0,0.30441144,17.69538,225,1
atitlan,2025-11-21,687150.0,1629750.0,0.31728303,19.47729,225,1
atitlan,2025-11-21,687450.0,1629750.0,0.30368245,18.004816,225,1
atitlan,2025-11-21,687750.0,1629750.0,0.31527382,19.238432,225,1
atitlan,2025-11-21,688050.0,1629750.0,0.3058464,17.806929,225,1
atitlan,2025-11-21,688350.0,1629750.0,0.29455402,17.80417,225,1
atitlan,2025-11-21,688650.0,1629750.0,0.2251722,13.888293,225,1
atitlan,2025-11-21,688950.0,1629750.0,0.26905805,17.843744,225,1
atitlan,2025-11-21,689250.0,1629750.0,0.33657315,23.621601,225,1
atitlan,2025-11-21,689550.0,1629750.0,0.33731923,24.847826,225,1
atitlan,2025-11-21,689850.0,1629750.0,0.33695704,23.215704,225,1
atitlan,2025-11-21,690150.0,1629750.0,0.29802927,18.569363,225,1
atitlan,2025-11-21,690450.0,1629750.0,0.33566603,23.939207,225,1
atitlan,2025-11-21,690750.0,1629750.0,0.32392627,21.801239,225,1
atitlan,2025-11-21,691050.0,1629750.0,0.31608498,20.534433,225,1
atitlan,2025-11-21,691350.0,1629750.0,0.15705642,13.834054,225,1
atitlan,2025-11-21,691650.0,1629750.0,-0.055408962,2.07245,225,0
atitlan,2025-11-21,691950.0,1629750.0,-0.051741973,2.100083,225,0
atitlan,2025-11-21,692250.0,1629750.0,-0.05856594,1.954892,225,0
atitlan,2025-11-21,692550.0,1629750.0,-0.078701735,1.0672178,225,0
atitlan,2025-11-21,692850.0,1629750.0,-0.081416614,0.91835016,225,0
atitlan,2025-11-21,693150.0,1629750.0,-0.087519266,0.66074395,225,0
atitlan,2025-11-21,693450.0,1629750.0,-0.0902196,0.5141469,225,0
atitlan,2025-11-21,693750.0,1629750.0,-0.091382325,0.5131491,225,0
atitlan,2025-11-21,694050.0,1629750.0,-0.088538714,0.6094956,225,0
atitlan,2025-11-21,694350.0,1629750.0,-0.09033428,0.5166319,225,0
atitlan,2025-11-21,694650.0,1629750.0,-0.091250256,0.49028867,225,0
atitlan,2025-11-21,694950.0,1629750.0,-0.09491747,0.33320054,225,0
atitlan,2025-11-21,695250.0,1629750.0,-0.09357509,0.4290825,225,0
atitlan,2025-11-21,695550.0,1629750.0,-0.08830654,0.57860065,225,0
atitlan,2025-11-21,695850.0,1629750.0,-0.0917848,0.4439364,225,0
atitlan,2025-11-21,696150.0,1629750.0,-0.08888816,0.5478891,225,0
atitlan,2025-11-21,696450.0,1629750.0,-0.09553441,0.33024085,225,0
atitlan,2025-11-21,696750.0,1629750.0,-0.094966665,0.2771667,225,0
atitlan,2025-11-21,697050.0,1629750.0,-0.09839602,0.17836566,225,0
atitlan,2025-11-21,697350.0,1629750.0,-0.097186,0.2659179,225,0
atitlan,2025-11-21,697650.0,1629750.0,-0.0938201,0.4518377,225,0
atitlan,2025-11-21,697950.0,1629750.0,-0.09019196,0.54952914,225,0
atitlan,2025-11-21,698250.0,1629750.0,0.01049435,5.747011,225,0
atitlan,2025-11-21,698550.0,1629750.0,0.17927893,12.488725,225,1
atitlan,2025-11-21,698850.0,1629750.0,0.17684928,12.736416,225,1
atitlan,2025-11-21,699150.0,1629750.0,0.22740985,15.023225,225,1
atitlan,2025-11-21,699450.0,1629750.0,0.2925525,19.376009,225,1
atitlan,2025-11-21,699750.0,1629750.0,0.33702615,22.909048,225,1
atitlan,2025-11-21,700050.0,1629750.0,0.3449596,24.325102,225,1
atitlan,2025-11-21,700350.0,1629750.0,0.32605487,21.691278,225,1
atitlan,2025-11-21,700650.0,1629750.0,0.28047878,17.41648,225,1
atitlan,2025-11-21,700950.0,1629750.0,0.28712225,19.145119,225,1
atitlan,2025-11-21,701250.0,1629750.0,0.24914457,16.998892,225,1
atitlan,2025-11-21,701550.0,1629750.0,0.21325618,13.904334,225,1
atitlan,2025-11-21,701850.0,1629750.0,0.29014418,17.723267,225,1
atitlan,2025-11-21,702150.0,1629750.0,0.27065957,15.42893,225,1
atitlan,2025-11-21,702450.0,1629750.0,0.2856542,17.367104,225,1
atitlan,2025-11-21,702750.0,1629750.0,0.28489792,18.034796,225,1
atitlan,2025-11-21,703050.0,1629750.0,0.25837037,16.675646,225,1
atitlan,2025-11-21,703350.0,1629750.0,0.21250218,11.762949,225,0
atitlan,2025-11-21,703650.0,1629750.0,0.23133028,11.784047,225,0
atitlan,2025-11-21,703950.0,1629750.0,0.25010577,12.846074,225,1
atitlan,2025-11-21,704250.0,1629750.0,0.19208157,9.4681425,225,0
atitlan,2025-11-21,704550.0,1629750.0,0.21142206,12.044087,225,1
atitlan,2025-11-21,704850.0,1629750.0,0.23684296,11.959725,225,0
atitlan,2025-11-21,705150.0,1629750.0,0.24504995,13.439256,225,1
atitlan,2025-11-21,705450.0,1629750.0,0.2510608,15.636923,225,1
atitlan,2025-11-21,705750.0,1629750.0,0.27480274,16.383501,225,1
atitlan,2025-11-21,706050.0,1629750.0,0.25223333,14.747427,225,1
atitlan,2025-11-21,706350.0,1629750.0,0.31216705,20.371761,225,1
atitlan,2025-11-21,706650.0,1629750.0,0.29611498,19.655367,225,1
atitlan,2025-11-21,706950.0,1629750.0,0.30267835,20.128433,225,1
atitlan,2025-11-21,707250.0,1629750.0,0.31218082,20.567762,225,1
atitlan,2025-11-21,707550.0,1629750.0,0.2689267,15.724357,225,1
atitlan,2025-11-21,707850.0,1629750.0,0.28505892,17.595753,45,1
atitlan,2025-11-21,680250.0,1630050.0,0.33545268,23.834047,180,1
atitlan,2025-11-21,680550.0,1630050.0,0.31627283,20.306076,225,1
atitlan,2025-11-21,680850.0,1630050.0,0.3344595,22.721167,225,1
atitlan,2025-11-21,681150.0,1630050.0,0.33675095,23.97301,225,1
atitlan,2025-11-21,681450.0,1630050.0,0.32553133,22.130745,225,1
atitlan,2025-11-21,681750.0,1630050.0,0.34368807,24.842506,225,1
atitlan,2025-11-21,682050.0,1630050.0,0.35195675,25.855543,225,1
atitlan,2025-11-21,682350.0,1630050.0,0.3385991,27.457293,225,1
atitlan,2025-11-21,682650.0,1630050.0,0.2905614,16.847942,225,1
atitlan,2025-11-21,682950.0,1630050.0,0.29043597,18.10682,225,1
atitlan,2025-11-21,683250.0,1630050.0,0.3245549,22.720139,225,1
atitlan,2025-11-21,683550.0,1630050.0,0.37809587,31.324533,225,1
atitlan,2025-11-21,683850.0,1630050.0,0.35536313,26.967402,225,1
atitlan,2025-11-21,684150.0,1630050.0,0.3600792,28.84437,225,1
atitlan,2025-11-21,684450.0,1630050.0,0.38035968,32.788498,225,1
atitlan,2025-11-21,684750.0,1630050.0,0.36936885,29.93507,225,1
atitlan,2025-11-21,685050.0,1630050.0,0.36236838,28.383556,225,1
atitlan,2025-11-21,685350.0,1630050.0,0.38012362,31.856323,225,1
atitlan,2025-11-21,685650.0,1630050.0,0.3760601,31.782352,225,1
atitlan,2025-11-21,685950.0,1630050.0,0.37224495,30.414549,225,1
atitlan,2025-11-21,686250.0,1630050.0,0.34214744,24.71788,225,1
atitlan,2025-11-21,686550.0,1630050.0,0.32363257,20.676495,225,1
atitlan,2025-11-21,686850.0,1630050.0,0.32947508,21.193596,225,1
atitlan,2025-11-21,687150.0,1630050.0,0.3226027,20.432112,225,1
atitlan,2025-11-21,687450.0,1630050.0,0.3350272,22.648531,225,1
atitlan,2025-11-21,687750.0,1630050.0,0.31281376,18.990812,225,1
atitlan,2025-11-21,688050.0,1630050.0,0.2986441,17.298483,225,1
atitlan,2025-11-21,688350.0,1630050.0,0.27450317,17.99757,225,1
atitlan,2025-11-21,688650.0,1630050.0,0.25994548,17.415758,225,1
atitlan,2025-11-21,688950.0,1630050.0,0.32177883,21.124916,225,1
atitlan,2025-11-21,689250.0,1630050.0,0.33391356,22.423838,225,1
atitlan,2025-11-21,689550.0,1630050.0,0.35136423,26.565628,225,1
atitlan,2025-11-21,689850.0,1630050.0,0.30087003,23.252825,225,1
atitlan,2025-11-21,690150.0,1630050.0,0.3258807,22.438238,225,1
atitlan,2025-11-21,690450.0,1630050.0,0.32148796,21.513866,225,1
atitlan,2025-11-21,690750.0,1630050.0,0.33282343,23.489843,225,1
atitlan,2025-11-21,691050.0,1630050.0,0.33670768,24.821436,225,1
atitlan,2025-11-21,691350.0,1630050.0,0.32697392,22.050053,225,1
atitlan,2025-11-21,691650.0,1630050.0,0.201692,14.129566,225,1
atitlan,2025-11-21,691950.0,1630050.0,0.27392855,19.033312,225,1
atitlan,2025-11-21,692250.0,1630050.0,0.26226422,15.359077,225,1
atitlan,2025-11-21,692550.0,1630050.0,0.09463854,9.650486,225,0
atitlan,2025-11-21,692850.0,1630050.0,-0.072421245,1.4014974,225,0
atitlan,2025-11-21,693150.0,1630050.0,-0.080638506,0.9890504,225,0
atitlan,2025-11-21,693450.0,1630050.0,-0.08446731,0.78642195,225,0
atitlan,2025-11-21,693750.0,1630050.0,-0.08882535,0.5576851,225,0
atitlan,2025-11-21,694050.0,1630050.0,-0.083015606,0.8574521,225,0
atitlan,2025-11-21,694350.0,1630050.0,-0.0802754,0.9536602,225,0
atitlan,2025-11-21,694650.0,1630050.0,-0.08872953,0.5591849,225,0
atitlan,2025-11-21,694950.0,1630050.0,-0.09316715,0.41091406,225,0
atitlan,2025-11-21,695250.0,1630050.0,-0.090473875,0.5468025,225,0
atitlan,2025-11-21,695550.0,1630050.0,-0.08795449,0.6114602,225,0
atitlan,2025-11-21,695850.0,1630050.0,-0.08970705,0.508493,225,0
atitlan,2025-11-21,696150.0,1630050.0,-0.08736836,0.5925751,225,0
atitlan,2025-11-21,696450.0,1630050.0,-0.09145418,0.41583955,225,0
atitlan,2025-11-21,696750.0,1630050.0,-0.09636692,0.29579315,225,0
atitlan,2025-11-21,697050.0,1630050.0,-0.10132904,0.13972571,225,0
atitlan,2025-11-21,697350.0,1630050.0,-0.09975282,0.17322221,225,0
atitlan,2025-11-21,697650.0,1630050.0,-0.092510186,0.36049414,225,0
atitlan,2025-11-21,697950.0,1630050.0,-0.008042563,3.6999695,225,0
atitlan,2025-11-21,698250.0,1630050.0,0.092058994,7.4618626,225,0
atitlan,2025-11-21,698550.0,1630050.0,0.106539786,9.223114,224,0
atitlan,2025-11-21,698850.0,1630050.0,0.11597482,8.606303,225,0
atitlan,2025-11-21,699150.0,1630050.0,0.1324787,9.870788,225,0
atitlan,2025-11-21,699450.0,1630050.0,0.3225183,21.548618,225,1
atitlan,2025-11-21,699750.0,1630050.0,0.32397947,20.546766,225,1
atitlan,2025-11-21,700050.0,1630050.0,0.2846147,18.816538,225,1
atitlan,2025-11-21,700350.0,1630050.0,0.25410363,16.08177,225,1
atitlan,2025-11-21,700650.0,1630050.0,0.28682157,18.350039,225,1
atitlan,2025-11-21,700950.0,1630050.0,0.23357956,13.107203,225,1
atitlan,2025-11-21,701250.0,1630050.0,0.24599491,16.18336,225,1
atitlan,2025-11-21,701550.0,1630050.0,0.29394984,19.29542,225,1
atitlan,2025-11-21,701850.0,1630050.0,0.25342384,16.014536,225,1
atitlan,2025-11-21,702150.0,1630050.0,0.24569419,13.125163,225,1
atitlan,2025-11-21,702450.0,1630050.0,0.28204274,17.22634,225,1
atitlan,2025-11-21,702750.0,1630050.0,0.24180853,12.672742,225,1
atitlan,2025-11-21,703050.0,1630050.0,0.21530755,10.619438,225,0
atitlan,2025-11-21,703350.0,1630050.0,0.19687346,9.097074,225,0
atitlan,2025-11-21,703650.0,1630050.0,0.22123174,10.099175,225,0
atitlan,2025-11-21,703950.0,1630050.0,0.19944908,9.721583,225,0
atitlan,2025-11-21,704250.0,1630050.0,0.21027236,11.494591,225,0
atitlan,2025-11-21,704550.0,1630050.0,0.27825162,16.358475,225,1
atitlan,2025-11-21,704850.0,1630050.0,0.25294107,13.277921,225,1
atitlan,2025-11-21,705150.0,1630050.0,0.26557818,15.002472,225,1
atitlan,2025-11-21,705450.0,1630050.0,0.27191967,16.415932,225,1
atitlan,2025-11-21,705750.0,1630050.0,0.26212212,15.525162,225,1
atitlan,2025-11-21,706050.0,1630050.0,0.2805041,16.8641,225,1
atitlan,2025-11-21,706350.0,1630050.0,0.3002438,19.00795,225,1
atitlan,2025-11-21,706650.0,1630050.0,0.32711786,23.220804,225,1
atitlan,2025-11-21,706950.0,1630050.0,0.34131476,24.549606,225,1
atitlan,2025-11-21,707250.0,1630050.0,0.27086827,15.017492,225,1
atitlan,2025-11-21,707550.0,1630050.0,0.24591622,14.613458,225,1
atitlan,2025-11-21,707850.0,1630050.0,0.26885778,15.481728,45,1
atitlan,2025-11-21,680250.0,1630350.0,0.3371494,23.972528,180,1
atitlan,2025-11-21,680550.0,1630350.0,0.34223124,24.493498,225,1
atitlan,2025-11-21,680850.0,1630350.0,0.32051843,21.536116,225,1
atitlan,2025-11-21,681150.0,1630350.0,0.305308,19.164656,225,1
atitlan,2025-11-21,681450.0,1630350.0,0.31860086,20.237324,225,1
atitlan,2025-11-21,681750.0,1630350.0,0.31595808,20.3896,225,1
atitlan,2025-11-21,682050.0,1630350.0,0.3441638,24.818598,225,1
atitlan,2025-11-21,682350.0,1630350.0,0.36266077,27.906366,225,1
atitlan,2025-11-21,682650.0,1630350.0,0.34469363,26.635965,225,1
atitlan,2025-11-21,682950.0,1630350.0,0.33455977,23.52572,225,1
atitlan,2025-11-21,683250.0,1630350.0,0.31222376,20.597689,225,1
atitlan,2025-11-21,683550.0,1630350.0,0.3907452,36.25722,225,1
atitlan,2025-11-21,683850.0,1630350.0,0.3562905,27.840296,225,1
atitlan,2025-11-21,684150.0,1630350.0,0.37234983,30.395758,225,1
atitlan,2025-11-21,684450.0,1630350.0,0.3670936,30.587988,225,1
atitlan,2025-11-21,684750.0,1630350.0,0.36521247,29.276522,225,1
atitlan,2025-11-21,685050.0,1630350.0,0.35567302,26.892282,225,1
atitlan,2025-11-21,685350.0,1630350.0,0.3661728,30.121706,225,1
atitlan,2025-11-21,685650.0,1630350.0,0.3415263,25.21266,225,1
atitlan,2025-11-21,685950.0,1630350.0,0.31542626,21.010382,225,1
atitlan,2025-11-21,686250.0,1630350.0,0.3257818,21.375025,225,1
atitlan,2025-11-21,686550.0,1630350.0,0.33569637,22.689625,225,1
atitlan,2025-11-21,686850.0,1630350.0,0.34428084,24.592299,225,1
atitlan,2025-11-21,687150.0,1630350.0,0.35236874,25.751307,225,1
atitlan,2025-11-21,687450.0,1630350.0,0.32424033,20.579744,225,1
atitlan,2025-11-21,687750.0,1630350.0,0.29856357,17.01877,225,1
atitlan,2025-11-21,688050.0,1630350.0,0.30286676,19.349516,225,1
atitlan,2025-11-21,688350.0,1630350.0,0.29367286,19.533749,225,1
atitlan,2025-11-21,688650.0,1630350.0,0.2882168,20.064148,225,1
atitlan,2025-11-21,688950.0,1630350.0,0.31679708,20.42615,225,1
atitlan,2025-11-21,689250.0,1630350.0,0.30661124,19.990286,225,1
atitlan,2025-11-21,689550.0,1630350.0,0.2765978,19.225603,225,1
atitlan,2025-11-21,689850.0,1630350.0,0.23056707,16.284733,225,1
atitlan,2025-11-21,690150.0,1630350.0,0.29573053,22.12697,225,1
atitlan,2025-11-21,690450.0,1630350.0,0.3235617,22.225355,225,1
atitlan,2025-11-21,690750.0,1630350.0,0.32835594,22.674772,225,1
atitlan,2025-11-21,691050.0,1630350.0,0.33793396,23.693752,225,1
atitlan,2025-11-21,691350.0,1630350.0,0.33541027,23.912357,225,1
atitlan,2025-11-21,691650.0,1630350.0,0.2781166,20.43643,225,1
atitlan,2025-11-21,691950.0,1630350.0,0.31053674,19.986513,225,1
atitlan,2025-11-21,692250.0,1630350.0,0.31208214,19.309824,225,1
atitlan,2025-11-21,692550.0,1630350.0,0.2673889,16.964031,225,1
atitlan,2025-11-21,692850.0,1630350.0,0.08313954,8.418969,225,0
atitlan,2025-11-21,693150.0,1630350.0,0.09888805,9.217743,225,0
atitlan,2025-11-21,693450.0,1630350.0,0.10075238,10.49971,225,0
atitlan,2025-11-21,693750.0,1630350.0,-0.044446785,3.1869822,225,0
atitlan,2025-11-21,694050.0,1630350.0,0.07599769,8.794797,225,0
atitlan,2025-11-21,694350.0,1630350.0,0.26151434,19.40374,225,1
atitlan,2025-11-21,694650.0,1630350.0,-0.072763495,1.3173592,225,0
atitlan,2025-11-21,694950.0,1630350.0,-0.08527282,0.71141386,225,0
atitlan,2025-11-21,695250.0,1630350.0,-0.07455966,1.0719559,225,0
atitlan,2025-11-21,695550.0,1630350.0,0.020932024,5.812228,225,0
atitlan,2025-11-21,695850.0,1630350.0,0.11080233,10.450103,225,0
atitlan,2025-11-21,696150.0,1630350.0,0.0392473,5.582767,225,0
atitlan,2025-11-21,696450.0,1630350.0,-0.075640425,1.133887,225,0
atitlan,2025-11-21,696750.0,1630350.0,-0.09215302,0.3648658,225,0
atitlan,2025-11-21,697050.0,1630350.0,-0.097952776,0.21046463,225,0
atitlan,2025-11-21,697350.0,1630350.0,-0.08921758,0.4784359,225,0
atitlan,2025-11-21,697650.0,1630350.0,-0.05020732,1.8074495,225,0
atitlan,2025-11-21,697950.0,1630350.0,0.1452012,10.722836,225,0
atitlan,2025-11-21,698250.0,1630350.0,0.10956828,8.485887,225,0
atitlan,2025-11-21,698550.0,1630350.0,0.118900664,8.458247,225,0
atitlan,2025-11-21,698850.0,1630350.0,0.12629487,9.038376,225,0
atitlan,2025-11-21,699150.0,1630350.0,0.15944032,11.142358,225,0
atitlan,2025-11-21,699450.0,1630350.0,0.28240573,16.097311,225,1
atitlan,2025-11-21,699750.0,1630350.0,0.28255233,15.952307,225,1
atitlan,2025-11-21,700050.0,1630350.0,0.25601313,17.186506,225,1
atitlan,2025-11-21,700350.0,1630350.0,0.19835049,11.408511,225,0
atitlan,2025-11-21,700650.0,1630350.0,0.22312495,13.591245,225,1
atitlan,2025-11-21,700950.0,1630350.0,0.18618105,9.083424,225,0
atitlan,2025-11-21,701250.0,1630350.0,0.17247497,12.42449,225,1
atitlan,2025-11-21,701550.0,1630350.0,0.19027467,12.557581,225,1
atitlan,2025-11-21,701850.0,1630350.0,0.1648936,10.559646,225,0
atitlan,2025-11-21,702150.0,1630350.0,0.25182205,12.913607,225,1
atitlan,2025-11-21,702450.0,1630350.0,0.25939044,13.891983,225,1
atitlan,2025-11-21,702750.0,1630350.0,0.23556277,12.668106,225,1
atitlan,2025-11-21,703050.0,1630350.0,0.24220236,12.597141,225,1
atitlan,2025-11-21,703350.0,1630350.0,0.21537608,10.029278,225,0
atitlan,2025-11-21,703650.0,1630350.0,0.21762106,10.917063,225,0
atitlan,2025-11-21,703950.0,1630350.0,0.21595673,10.231373,225,0
atitlan,2025-11-21,704250.0,1630350.0,0.26193428,14.800676,225,1
atitlan,2025-11-21,704550.0,1630350.0,0.27862793,15.832433,225,1
atitlan,2025-11-21,704850.0,1630350.0,0.2910927,17.979527,225,1
atitlan,2025-11-21,705150.0,1630350.0,0.31850713,22.061817,225,1
atitlan,2025-11-21,705450.0,1630350.0,0.294648,19.370102,225,1
atitlan,2025-11-21,705750.0,1630350.0,0.2783948,18.664679,225,1
atitlan,2025-11-21,706050.0,1630350.0,0.24465217,13.372472,225,1
atitlan,2025-11-21,706350.0,1630350.0,0.28468108,15.484645,225,1
atitlan,2025-11-21,706650.0,1630350.0,0.31224382,20.81617,225,1
atitlan,2025-11-21,706950.0,1630350.0,0.3135848,20.028149,225,1
atitlan,2025-11-21,707250.0,1630350.0,0.29745206,18.285349,225,1
atitlan,2025-11-21,707550.0,1630350.0,0.32175258,22.963636,225,1
atitlan,2025-11-21,707850.0,1630350.0,0.25800753,16.41645,45,1
atitlan,2025-11-21,680250.0,1630650.0,0.3162975,20.14071,180,1
atitlan,2025-11-21,680550.0,1630650.0,0.30424348,18.560307,225,1
atitlan,2025-11-21,680850.0,1630650.0,0.28376654,15.951713,225,1
atitlan,2025-11-21,681150.0,1630650.0,0.31382877,20.444555,225,1
atitlan,2025-11-21,681450.0,1630650.0,0.31616858,21.544846,225,1
atitlan,2025-11-21,681750.0,1630650.0,0.25813746,15.700369,225,1
atitlan,2025-11-21,682050.0,1630650.0,0.2640694,14.3941765,225,1
atitlan,2025-11-21,682350.0,1630650.0,0.3285073,21.497751,225,1
atitlan,2025-11-21,682650.0,1630650.0,0.34464458,26.706728,225,1
atitlan,2025-11-21,682950.0,1630650.0,0.35988513,28.575779,225,1
atitlan,2025-11-21,683250.0,1630650.0,0.29666176,18.1238,225,1
atitlan,2025-11-21,683550.0,1630650.0,0.2875053,17.944471,225,1
atitlan,2025-11-21,683850.0,1630650.0,0.33577523,23.66908,225,1
atitlan,2025-11-21,684150.0,1630650.0,0.36715233,29.63665,225,1
atitlan,2025-11-21,684450.0,1630650.0,0.37859118,32.08391,225,1
atitlan,2025-11-21,684750.0,1630650.0,0.28635746,17.190294,225,1
atitlan,2025-11-21,685050.0,1630650.0,0.3320807,23.248816,225,1
atitlan,2025-11-21,685350.0,1630650.0,0.31837097,20.958424,225,1
atitlan,2025-11-21,685650.0,1630650.0,0.32307884,20.752836,225,1
atitlan,2025-11-21,685950.0,1630650.0,0.34072992,24.682848,225,1
atitlan,2025-11-21,686250.0,1630650.0,0.35788554,26.8975,225,1
atitlan,2025-11-21,686550.0,1630650.0,0.35077548,25.399782,225,1
atitlan,2025-11-21,686850.0,1630650.0,0.3606546,27.882286,225,1
atitlan,2025-11-21,687150.0,1630650.0,0.34646833,24.772766,225,1
atitlan,2025-11-21,687450.0,1630650.0,0.32483518,22.198048,225,1
atitlan,2025-11-21,687750.0,1630650.0,0.32633972,21.363436,225,1
atitlan,2025-11-21,688050.0,1630650.0,0.32142496,20.709787,225,1
atitlan,2025-11-21,688350.0,1630650.0,0.3213899,20.878628,225,1
atitlan,2025-11-21,688650.0,1630650.0,0.28476495,17.250587,225,1
atitlan,2025-11-21,688950.0,1630650.0,0.29356414,19.24764,225,1
atitlan,2025-11-21,689250.0,1630650.0,0.30807936,20.464025,225,1
atitlan,2025-11-21,689550.0,1630650.0,0.28645587,18.670338,225,1
atitlan,2025-11-21,689850.0,1630650.0,0.31000262,27.310593,225,1
atitlan,2025-11-21,690150.0,1630650.0,0.30779687,22.175375,225,1
atitlan,2025-11-21,690450.0,1630650.0,0.32982773,23.03872,225,1
atitlan,2025-11-21,690750.0,1630650.0,0.2986591,18.745413,225,1
atitlan,2025-11-21,691050.0,1630650.0,0.32086086,21.23765,225,1
atitlan,2025-11-21,691350.0,1630650.0,0.35093772,25.774618,225,1
atitlan,2025-11-21,691650.0,1630650.0,0.3516635,25.76896,225,1
atitlan,2025-11-21,691950.0,1630650.0,0.34055793,23.98733,225,1
atitlan,2025-11-21,692250.0,1630650.0,0.3384367,22.854744,225,1
atitlan,2025-11-21,692550.0,1630650.0,0.32717764,23.365381,225,1
atitlan,2025-11-21,692850.0,1630650.0,0.25421873,17.382767,225,1
atitlan,2025-11-21,693150.0,1630650.0,0.22022995,14.808248,225,1
atitlan,2025-11-21,693450.0,1630650.0,0.2932375,21.13892,225,1
atitlan,2025-11-21,693750.0,1630650.0,0.30423045,22.269196,225,1
atitlan,2025-11-21,694050.0,1630650.0,0.34368357,25.532116,225,1
atitlan,2025-11-21,694350.0,1630650.0,0.32735026,22.227331,225,1
atitlan,2025-11-21,694650.0,1630650.0,0.25102022,18.456038,225,1
atitlan,2025-11-21,694950.0,1630650.0,0.23139912,19.02995,225,1
atitlan,2025-11-21,695250.0,1630650.0,0.1372988,11.271994,225,0
atitlan,2025-11-21,695550.0,1630650.0,0.25251448,13.6085415,225,1
atitlan,2025-11-21,695850.0,1630650.0,0.2899462,17.411043,225,1
atitlan,2025-11-21,696150.0,1630650.0,0.269584,15.623992,225,1
atitlan,2025-11-21,696450.0,1630650.0,0.14648484,10.666952,225,0
atitlan,2025-11-21,696750.0,1630650.0,-0.08038504,0.9126345,225,0
atitlan,2025-11-21,697050.0,1630650.0,-0.0898261,0.43917698,225,0
atitlan,2025-11-21,697350.0,1630650.0,-0.08700619,0.6533499,225,0
atitlan,2025-11-21,697650.0,1630650.0,0.072227,7.449702,225,0
atitlan,2025-11-21,697950.0,1630650.0,0.16102487,10.989838,225,0
atitlan,2025-11-21,698250.0,1630650.0,0.09134058,7.3794875,225,0
atitlan,2025-11-21,698550.0,1630650.0,0.092207275,8.506227,225,0
atitlan,2025-11-21,698850.0,1630650.0,0.08971543,6.8494234,225,0
atitlan,2025-11-21,699150.0,1630650.0,0.120556735,9.830978,225,0
atitlan,2025-11-21,699450.0,1630650.0,0.24216485,13.7999115,225,1
atitlan,2025-11-21,699750.0,1630650.0,0.24423686,12.931178,225,1
atitlan,2025-11-21,700050.0,1630650.0,0.2907733,17.423075,225,1
atitlan,2025-11-21,700350.0,1630650.0,0.24829926,15.109057,225,1
atitlan,2025-11-21,700650.0,1630650.0,0.18450022,10.900785,225,0
atitlan,2025-11-21,700950.0,1630650.0,0.13748726,9.445544,225,0
atitlan,2025-11-21,701250.0,1630650.0,0.15059464,10.03183,225,0
atitlan,2025-11-21,701550.0,1630650.0,0.25055882,14.395102,225,1
atitlan,2025-11-21,701850.0,1630650.0,0.22736917,13.916646,225,1
atitlan,2025-11-21,702150.0,1630650.0,0.22547255,12.673178,225,1
atitlan,2025-11-21,702450.0,1630650.0,0.26339966,14.3136425,225,1
atitlan,2025-11-21,702750.0,1630650.0,0.24698924,13.228103,225,1
atitlan,2025-11-21,703050.0,1630650.0,0.21299428,10.319029,225,0
atitlan,2025-11-21,703350.0,1630650.0,0.18164125,9.473971,225,0
atitlan,2025-11-21,703650.0,1630650.0,0.23379132,11.611936,225,0
atitlan,2025-11-21,703950.0,1630650.0,0.26071715,15.75977,225,1
atitlan,2025-11-21,704250.0,1630650.0,0.26791006,14.680554,225,1
atitlan,2025-11-21,704550.0,1630650.0,0.24857739,13.339693,225,1
atitlan,2025-11-21,704850.0,1630650.0,0.31727126,21.069056,225,1
atitlan,2025-11-21,705150.0,1630650.0,0.30731735,22.042469,225,1
atitlan,2025-11-21,705450.0,1630650.0,0.3169879,20.734417,225,1
atitlan,2025-11-21,705750.0,1630650.0,0.3140691,22.488506,225,1
atitlan,2025-11-21,706050.0,1630650.0,0.3041341,20.095623,225,1
atitlan,2025-11-21,706350.0,1630650.0,0.2915121,17.38618,225,1
atitlan,2025-11-21,706650.0,1630650.0,0.25038093,13.606947,225,1
atitlan,2025-11-21,706950.0,1630650.0,0.25886655,14.28148,225,1
atitlan,2025-11-21,707250.0,1630650.0,0.31299266,21.652184,225,1
atitlan,2025-11-21,707550.0,1630650.0,0.2673055,14.874102,225,1
atitlan,2025-11-21,707850.0,1630650.0,0.29557458,16.710585,45,1
atitlan,2025-11-21,680250.0,1630950.0,0.29222146,17.273876,180,1
atitlan,2025-11-21,680550.0,1630950.0,0.28799576,17.364117,225,1
atitlan,2025-11-21,680850.0,1630950.0,0.3142247,19.552454,225,1
atitlan,2025-11-21,681150.0,1630950.0,0.33333442,23.469063,225,1
atitlan,2025-11-21,681450.0,1630950.0,0.32211345,21.754223,225,1
atitlan,2025-11-21,681750.0,1630950.0,0.35383302,26.857155,225,1
atitlan,2025-11-21,682050.0,1630950.0,0.3728252,31.087484,225,1
atitlan,2025-11-21,682350.0,1630950.0,0.3337415,24.872467,225,1
atitlan,2025-11-21,682650.0,1630950.0,0.35596505,29.168129,225,1
atitlan,2025-11-21,682950.0,1630950.0,0.32992452,23.853447,225,1
atitlan,2025-11-21,683250.0,1630950.0,0.30285788,18.158154,225,1
atitlan,2025-11-21,683550.0,1630950.0,0.32721505,23.00535,225,1
atitlan,2025-11-21,683850.0,1630950.0,0.35280713,26.57663,225,1
atitlan,2025-11-21,684150.0,1630950.0,0.36303493,28.945976,225,1
atitlan,2025-11-21,684450.0,1630950.0,0.35811096,27.188412,225,1
atitlan,2025-11-21,684750.0,1630950.0,0.32710338,22.95591,225,1
atitlan,2025-11-21,685050.0,1630950.0,0.3312675,22.098927,225,1
atitlan,2025-11-21,685350.0,1630950.0,0.34318638,24.60007,225,1
atitlan,2025-11-21,685650.0,1630950.0,0.385,34.05361,225,1
atitlan,2025-11-21,685950.0,1630950.0,0.36680663,29.278664,225,1
atitlan,2025-11-21,686250.0,1630950.0,0.37806645,31.209425,225,1
atitlan,2025-11-21,686550.0,1630950.0,0.37374055,30.484882,225,1
atitlan,2025-11-21,686850.0,1630950.0,0.3344539,23.02422,225,1
atitlan,2025-11-21,687150.0,1630950.0,0.33224624,22.814615,225,1
atitlan,2025-11-21,687450.0,1630950.0,0.35360146,27.726524,225,1
atitlan,2025-11-21,687750.0,1630950.0,0.34198144,24.935297,225,1
atitlan,2025-11-21,688050.0,1630950.0,0.33298242,22.758066,225,1
atitlan,2025-11-21,688350.0,1630950.0,0.29113236,19.444483,225,1
atitlan,2025-11-21,688650.0,1630950.0,0.30521414,19.894217,225,1
atitlan,2025-11-21,688950.0,1630950.0,0.2549144,14.215208,225,1
atitlan,2025-11-21,689250.0,1630950.0,0.29865447,19.122864,225,1
atitlan,2025-11-21,689550.0,1630950.0,0.31295186,21.118372,225,1
atitlan,2025-11-21,689850.0,1630950.0,0.33217427,23.820183,225,1
atitlan,2025-11-21,690150.0,1630950.0,0.32811132,23.205908,225,1
atitlan,2025-11-21,690450.0,1630950.0,0.30233628,19.832178,225,1
atitlan,2025-11-21,690750.0,1630950.0,0.34387892,25.320513,225,1
atitlan,2025-11-21,691050.0,1630950.0,0.34264573,25.013262,225,1
atitlan,2025-11-21,691350.0,1630950.0,0.32521877,22.069841,225,1
atitlan,2025-11-21,691650.0,1630950.0,0.35731736,27.2091,225,1
atitlan,2025-11-21,691950.0,1630950.0,0.3688553,29.229803,225,1
atitlan,2025-11-21,692250.0,1630950.0,0.32266214,22.919641,225,1
atitlan,2025-11-21,692550.0,1630950.0,0.3358965,24.129496,225,1
atitlan,2025-11-21,692850.0,1630950.0,0.24965522,17.045223,225,1
atitlan,2025-11-21,693150.0,1630950.0,0.2600598,18.338823,225,1
atitlan,2025-11-21,693450.0,1630950.0,0.25248027,16.345596,225,1
atitlan,2025-11-21,693750.0,1630950.0,0.34554657,25.105305,225,1
atitlan,2025-11-21,694050.0,1630950.0,0.34576908,24.825537,225,1
atitlan,2025-11-21,694350.0,1630950.0,0.35543188,26.752665,225,1
atitlan,2025-11-21,694650.0,1630950.0,0.36600545,29.191122,225,1
atitlan,2025-11-21,694950.0,1630950.0,0.34692603,24.499588,225,1
atitlan,2025-11-21,695250.0,1630950.0,0.36082283,28.44292,225,1
atitlan,2025-11-21,695550.0,1630950.0,0.26462135,20.369564,225,1
atitlan,2025-11-21,695850.0,1630950.0,0.25042683,13.900667,225,1
atitlan,2025-11-21,696150.0,1630950.0,0.30889875,18.639431,225,1
atitlan,2025-11-21,696450.0,1630950.0,0.2931725,18.80248,225,1
atitlan,2025-11-21,696750.0,1630950.0,0.14105551,12.3940115,225,1
atitlan,2025-11-21,697050.0,1630950.0,-0.08441594,0.7654582,225,0
atitlan,2025-11-21,697350.0,1630950.0,-0.08312734,0.80172104,225,0
atitlan,2025-11-21,697650.0,1630950.0,0.04856775,5.7757664,225,0
atitlan,2025-11-21,697950.0,1630950.0,0.3230569,21.294086,225,1
atitlan,2025-11-21,698250.0,1630950.0,0.23832418,18.82235,225,1
atitlan,2025-11-21,698550.0,1630950.0,0.10085707,8.571217,225,0
atitlan,2025-11-21,698850.0,1630950.0,0.07240523,6.216429,225,0
atitlan,2025-11-21,699150.0,1630950.0,0.10290258,6.9328585,225,0
atitlan,2025-11-21,699450.0,1630950.0,0.16753154,9.585677,225,0
atitlan,2025-11-21,699750.0,1630950.0,0.2738465,15.306961,225,1
atitlan,2025-11-21,700050.0,1630950.0,0.27855647,15.659563,225,1
atitlan,2025-11-21,700350.0,1630950.0,0.26210272,17.067509,225,1
atitlan,2025-11-21,700650.0,1630950.0,0.18556592,12.294143,225,1
atitlan,2025-11-21,700950.0,1630950.0,0.086993754,7.6750846,225,0
atitlan,2025-11-21,701250.0,1630950.0,0.16774142,11.226154,225,0
atitlan,2025-11-21,701550.0,1630950.0,0.2466117,15.6029005,225,1
atitlan,2025-11-21,701850.0,1630950.0,0.24439637,15.635046,225,1
atitlan,2025-11-21,702150.0,1630950.0,0.24239661,13.6387205,225,1
atitlan,2025-11-21,702450.0,1630950.0,0.26933426,15.805302,225,1
atitlan,2025-11-21,702750.0,1630950.0,0.20484261,11.2825165,225,0
atitlan,2025-11-21,703050.0,1630950.0,0.208053,9.651035,225,0
atitlan,2025-11-21,703350.0,1630950.0,0.19166106,8.787848,225,0
atitlan,2025-11-21,703650.0,1630950.0,0.25881875,14.27148,225,1
atitlan,2025-11-21,703950.0,1630950.0,0.29686353,18.301285,225,1
atitlan,2025-11-21,704250.0,1630950.0,0.30424997,20.803276,225,1
atitlan,2025-11-21,704550.0,1630950.0,0.28267765,17.01881,225,1
atitlan,2025-11-21,704850.0,1630950.0,0.29077467,17.0204,225,1
atitlan,2025-11-21,705150.0,1630950.0,0.28359497,17.56831,225,1
atitlan,2025-11-21,705450.0,1630950.0,0.2995803,19.119272,225,1
atitlan,2025-11-21,705750.0,1630950.0,0.3055449,20.337135,225,1
atitlan,2025-11-21,706050.0,1630950.0,0.32044467,21.55481,225,1
atitlan,2025-11-21,706350.0,1630950.0,0.29347432,18.237839,225,1
atitlan,2025-11-21,706650.0,1630950.0,0.24942376,13.799647,225,1
atitlan,2025-11-21,706950.0,1630950.0,0.29610103,20.578808,225,1
atitlan,2025-11-21,707250.0,1630950.0,0.3361484,24.524204,225,1
atitlan,2025-11-21,707550.0,1630950.0,0.2896662,18.21003,225,1
atitlan,2025-11-21,707850.0,1630950.0,0.2643358,14.433093,45,1
atitlan,2025-11-21,680250.0,1631250.0,0.33069316,22.139349,180,1
atitlan,2025-11-21,680550.0,1631250.0,0.3138945,20.06842,225,1
atitlan,2025-11-21,680850.0,1631250.0,0.33900338,23.982117,225,1
atitlan,2025-11-21,681150.0,1631250.0,0.32731217,22.241442,225,1
atitlan,2025-11-21,681450.0,1631250.0,0.327314,22.053408,225,1
atitlan,2025-11-21,681750.0,1631250.0,0.30694777,19.27128,225,1
atitlan,2025-11-21,682050.0,1631250.0,0.3008593,17.71262,225,1
atitlan,2025-11-21,682350.0,1631250.0,0.34815964,26.888416,225,1
atitlan,2025-11-21,682650.0,1631250.0,0.3605339,28.000792,225,1
atitlan,2025-11-21,682950.0,1631250.0,0.37411264,31.490297,225,1
atitlan,2025-11-21,683250.0,1631250.0,0.36303794,30.16273,225,1
atitlan,2025-11-21,683550.0,1631250.0,0.33193278,24.552357,225,1
atitlan,2025-11-21,683850.0,1631250.0,0.35237387,27.149446,225,1
atitlan,2025-11-21,684150.0,1631250.0,0.37147573,30.74641,225,1
atitlan,2025-11-21,684450.0,1631250.0,0.3596567,28.098816,225,1
atitlan,2025-11-21,684750.0,1631250.0,0.33120733,25.07224,225,1
atitlan,2025-11-21,685050.0,1631250.0,0.33111542,22.303377,225,1
atitlan,2025-11-21,685350.0,1631250.0,0.36184296,28.091362,225,1
atitlan,2025-11-21,685650.0,1631250.0,0.368781,29.824183,225,1
atitlan,2025-11-21,685950.0,1631250.0,0.37294507,30.195122,225,1
atitlan,2025-11-21,686250.0,1631250.0,0.38108638,32.3076,225,1
atitlan,2025-11-21,686550.0,1631250.0,0.3704622,30.067104,225,1
atitlan,2025-11-21,686850.0,1631250.0,0.36427772,29.439968,225,1
atitlan,2025-11-21,687150.0,1631250.0,0.3295099,22.125137,225,1
atitlan,2025-11-21,687450.0,1631250.0,0.35102302,26.4685,225,1
atitlan,2025-11-21,687750.0,1631250.0,0.33442813,24.336817,225,1
atitlan,2025-11-21,688050.0,1631250.0,0.30346325,20.347008,225,1
atitlan,2025-11-21,688350.0,1631250.0,0.21664223,13.960654,225,1
atitlan,2025-11-21,688650.0,1631250.0,0.28846523,19.027767,225,1
atitlan,2025-11-21,688950.0,1631250.0,0.27302283,17.108082,225,1
atitlan,2025-11-21,689250.0,1631250.0,0.28995246,16.255949,225,1
atitlan,2025-11-21,689550.0,1631250.0,0.2881041,16.603962,225,1
atitlan,2025-11-21,689850.0,1631250.0,0.323397,22.072712,225,1
atitlan,2025-11-21,690150.0,1631250.0,0.31263614,22.596258,225,1
atitlan,2025-11-21,690450.0,1631250.0,0.31617486,22.329332,225,1
atitlan,2025-11-21,690750.0,1631250.0,0.3391333,25.038967,225,1
atitlan,2025-11-21,691050.0,1631250.0,0.32415748,20.96337,225,1
atitlan,2025-11-21,691350.0,1631250.0,0.34610102,24.774124,225,1
atitlan,2025-11-21,691650.0,1631250.0,0.3650555,28.655521,225,1
atitlan,2025-11-21,691950.0,1631250.0,0.3391785,23.780554,225,1
atitlan,2025-11-21,692250.0,1631250.0,0.3512497,26.446072,225,1
atitlan,2025-11-21,692550.0,1631250.0,0.3550336,27.66023,225,1
atitlan,2025-11-21,692850.0,1631250.0,0.35917735,27.751465,225,1
atitlan,2025-11-21,693150.0,1631250.0,0.3533685,26.879845,225,1
atitlan,2025-11-21,693450.0,1631250.0,0.29789588,19.769695,225,1
atitlan,2025-11-21,693750.0,1631250.0,0.32686716,23.393349,225,1
atitlan,2025-11-21,694050.0,1631250.0,0.34665552,25.55193,225,1
atitlan,2025-11-21,694350.0,1631250.0,0.35260922,27.192282,225,1
atitlan,2025-11-21,694650.0,1631250.0,0.33505198,26.00976,225,1
atitlan,2025-11-21,694950.0,1631250.0,0.3310895,23.05911,225,1
atitlan,2025-11-21,695250.0,1631250.0,0.3203591,19.724678,225,1
atitlan,2025-11-21,695550.0,1631250.0,0.23813584,14.57638,225,1
atitlan,2025-11-21,695850.0,1631250.0,0.24757196,12.481224,225,1
atitlan,2025-11-21,696150.0,1631250.0,0.30038399,19.972576,225,1
atitlan,2025-11-21,696450.0,1631250.0,0.2902263,16.425077,225,1
atitlan,2025-11-21,696750.0,1631250.0,0.30138266,18.931217,225,1
atitlan,2025-11-21,697050.0,1631250.0,0.15546027,13.925948,225,1
atitlan,2025-11-21,697350.0,1631250.0,0.17169274,13.521578,225,1
atitlan,2025-11-21,697650.0,1631250.0,0.23439418,14.538117,225,1
atitlan,2025-11-21,697950.0,1631250.0,0.29222608,16.379297,225,1
atitlan,2025-11-21,698250.0,1631250.0,0.36329678,27.968744,225,1
atitlan,2025-11-21,698550.0,1631250.0,0.24841078,17.72475,225,1
atitlan,2025-11-21,698850.0,1631250.0,0.19439355,14.105188,225,1
atitlan,2025-11-21,699150.0,1631250.0,0.13896266,10.745484,225,0
atitlan,2025-11-21,699450.0,1631250.0,0.13006823,8.835433,225,0
atitlan,2025-11-21,699750.0,1631250.0,0.23785354,13.730815,225,1
atitlan,2025-11-21,700050.0,1631250.0,0.26236826,14.622868,225,1
atitlan,2025-11-21,700350.0,1631250.0,0.2848077,17.68313,225,1
atitlan,2025-11-21,700650.0,1631250.0,0.24718615,17.306543,225,1
atitlan,2025-11-21,700950.0,1631250.0,0.16660538,11.203639,225,0
atitlan,2025-11-21,701250.0,1631250.0,0.19352835,10.974797,225,0
atitlan,2025-11-21,701550.0,1631250.0,0.29611593,17.789576,225,1
atitlan,2025-11-21,701850.0,1631250.0,0.3032029,18.634483,225,1
atitlan,2025-11-21,702150.0,1631250.0,0.26212037,15.384591,225,1
atitlan,2025-11-21,702450.0,1631250.0,0.2499502,14.208459,225,1
atitlan,2025-11-21,702750.0,1631250.0,0.2218291,12.608261,225,1
atitlan,2025-11-21,703050.0,1631250.0,0.21101232,12.636359,225,1
atitlan,2025-11-21,703350.0,1631250.0,0.19566293,9.41039,225,0
atitlan,2025-11-21,703650.0,1631250.0,0.23648316,14.063211,225,1
atitlan,2025-11-21,703950.0,1631250.0,0.25507495,14.963762,225,1
atitlan,2025-11-21,704250.0,1631250.0,0.26918378,15.68845,225,1
atitlan,2025-11-21,704550.0,1631250.0,0.28811687,17.089155,225,1
atitlan,2025-11-21,704850.0,1631250.0,0.27889627,15.698261,225,1
atitlan,2025-11-21,705150.0,1631250.0,0.28197613,17.80988,225,1
atitlan,2025-11-21,705450.0,1631250.0,0.268212,17.094282,225,1
atitlan,2025-11-21,705750.0,1631250.0,0.2773944,17.758606,225,1
atitlan,2025-11-21,706050.0,1631250.0,0.30982518,21.764574,225,1
atitlan,2025-11-21,706350.0,1631250.0,0.28780296,19.274763,225,1
atitlan,2025-11-21,706650.0,1631250.0,0.26327202,19.037663,225,1
atitlan,2025-11-21,706950.0,1631250.0,0.26183334,15.5634985,225,1
atitlan,2025-11-21,707250.0,1631250.0,0.2882348,17.549637,225,1
atitlan,2025-11-21,707550.0,1631250.0,0.29977074,19.73731,225,1
atitlan,2025-11-21,707850.0,1631250.0,0.26489937,17.29604,45,1
atitlan,2025-11-21,680250.0,1631550.0,0.31854764,22.056751,168,1
atitlan,2025-11-21,680550.0,1631550.0,0.33626756,23.768906,210,1
atitlan,2025-11-21,680850.0,1631550.0,0.33511496,22.894815,210,1
atitlan,2025-11-21,681150.0,1631550.0,0.30140758,18.283705,210,1
atitlan,2025-11-21,681450.0,1631550.0,0.30472994,19.139105,210,1
atitlan,2025-11-21,681750.0,1631550.0,0.28941333,16.321096,210,1
atitlan,2025-11-21,682050.0,1631550.0,0.27258795,16.63988,210,1
atitlan,2025-11-21,682350.0,1631550.0,0.3249737,21.423773,210,1
atitlan,2025-11-21,682650.0,1631550.0,0.34412253,27.368858,210,1
atitlan,2025-11-21,682950.0,1631550.0,0.38747466,33.897537,210,1
atitlan,2025-11-21,683250.0,1631550.0,0.3347796,26.82996,210,1
atitlan,2025-11-21,683550.0,1631550.0,0.254439,16.27747,210,1
atitlan,2025-11-21,683850.0,1631550.0,0.28839943,18.486294,210,1
atitlan,2025-11-21,684150.0,1631550.0,0.28079832,15.971907,210,1
atitlan,2025-11-21,684450.0,1631550.0,0.38303727,33.943428,210,1
atitlan,2025-11-21,684750.0,1631550.0,0.3705955,30.884382,210,1
atitlan,2025-11-21,685050.0,1631550.0,0.3532519,26.411411,210,1
atitlan,2025-11-21,685350.0,1631550.0,0.3510779,25.613337,210,1
atitlan,2025-11-21,685650.0,1631550.0,0.33715156,23.068602,210,1
atitlan,2025-11-21,685950.0,1631550.0,0.3869579,33.727962,210,1
atitlan,2025-11-21,686250.0,1631550.0,0.37360016,30.656643,210,1
atitlan,2025-11-21,686550.0,1631550.0,0.35417414,27.237907,210,1
atitlan,2025-11-21,686850.0,1631550.0,0.36517182,29.68303,210,1
atitlan,2025-11-21,687150.0,1631550.0,0.33733764,24.162785,210,1
atitlan,2025-11-21,687450.0,1631550.0,0.35937172,28.90712,210,1
atitlan,2025-11-21,687750.0,1631550.0,0.33520806,23.894194,210,1
atitlan,2025-11-21,688050.0,1631550.0,0.3408903,25.031422,210,1
atitlan,2025-11-21,688350.0,1631550.0,0.3277955,22.913603,210,1
atitlan,2025-11-21,688650.0,1631550.0,0.32552582,24.00645,210,1
atitlan,2025-11-21,688950.0,1631550.0,0.347205,27.1512,210,1
atitlan,2025-11-21,689250.0,1631550.0,0.35024646,27.085436,210,1
atitlan,2025-11-21,689550.0,1631550.0,0.33898997,24.773478,210,1
atitlan,2025-11-21,689850.0,1631550.0,0.34500244,24.67076,210,1
atitlan,2025-11-21,690150.0,1631550.0,0.34607777,24.63218,210,1
atitlan,2025-11-21,690450.0,1631550.0,0.34444976,25.656864,210,1
atitlan,2025-11-21,690750.0,1631550.0,0.33966413,23.604815,210,1
atitlan,2025-11-21,691050.0,1631550.0,0.3662556,28.790016,210,1
atitlan,2025-11-21,691350.0,1631550.0,0.34217334,25.872078,210,1
atitlan,2025-11-21,691650.0,1631550.0,0.3571182,27.746592,210,1
atitlan,2025-11-21,691950.0,1631550.0,0.37543377,31.357292,210,1
atitlan,2025-11-21,692250.0,1631550.0,0.35264504,28.91684,210,1
atitlan,2025-11-21,692550.0,1631550.0,0.34234658,24.95801,210,1
atitlan,2025-11-21,692850.0,1631550.0,0.35049003,27.01985,210,1
atitlan,2025-11-21,693150.0,1631550.0,0.35652828,28.439627,210,1
atitlan,2025-11-21,693450.0,1631550.0,0.33406082,24.40641,210,1
atitlan,2025-11-21,693750.0,1631550.0,0.30424288,21.568975,210,1
atitlan,2025-11-21,694050.0,1631550.0,0.31901845,23.321526,210,1
atitlan,2025-11-21,694350.0,1631550.0,0.2544984,16.648897,210,1
atitlan,2025-11-21,694650.0,1631550.0,0.276379,14.921556,210,1
atitlan,2025-11-21,694950.0,1631550.0,0.28037164,14.609376,210,1
atitlan,2025-11-21,695250.0,1631550.0,0.29523376,16.363857,210,1
atitlan,2025-11-21,695550.0,1631550.0,0.20292631,12.516474,210,1
atitlan,2025-11-21,695850.0,1631550.0,0.30561277,18.842611,210,1
atitlan,2025-11-21,696150.0,1631550.0,0.33417925,22.4052,210,1
atitlan,2025-11-21,696450.0,1631550.0,0.31661174,21.063974,210,1
atitlan,2025-11-21,696750.0,1631550.0,0.13280278,10.04892,210,0
atitlan,2025-11-21,697050.0,1631550.0,0.33073232,23.286814,210,1
atitlan,2025-11-21,697350.0,1631550.0,0.3070411,21.742508,210,1
atitlan,2025-11-21,697650.0,1631550.0,0.24868129,17.27889,210,1
atitlan,2025-11-21,697950.0,1631550.0,0.27318752,13.600688,210,1
atitlan,2025-11-21,698250.0,1631550.0,0.32653216,21.424866,210,1
atitlan,2025-11-21,698550.0,1631550.0,0.3559724,26.801563,210,1
atitlan,2025-11-21,698850.0,1631550.0,0.3400462,23.581306,210,1
atitlan,2025-11-21,699150.0,1631550.0,0.30446348,22.72168,210,1
atitlan,2025-11-21,699450.0,1631550.0,0.13534784,9.790485,210,0
atitlan,2025-11-21,699750.0,1631550.0,0.17563371,11.321052,210,0
atitlan,2025-11-21,700050.0,1631550.0,0.23441947,11.759907,210,0
atitlan,2025-11-21,700350.0,1631550.0,0.26866847,15.047617,210,1
atitlan,2025-11-21,700650.0,1631550.0,0.2522673,15.357338,210,1
atitlan,2025-11-21,700950.0,1631550.0,0.2642981,16.827774,210,1
atitlan,2025-11-21,701250.0,1631550.0,0.2755751,17.097569,210,1
atitlan,2025-11-21,701550.0,1631550.0,0.24773902,12.951655,210,1
atitlan,2025-11-21,701850.0,1631550.0,0.24236214,15.095778,210,1
atitlan,2025-11-21,702150.0,1631550.0,0.28277656,16.84101,210,1
atitlan,2025-11-21,702450.0,1631550.0,0.28977084,16.190636,210,1
atitlan,2025-11-21,702750.0,1631550.0,0.25648203,13.705434,210,1
atitlan,2025-11-21,703050.0,1631550.0,0.18809539,12.035758,210,1
atitlan,2025-11-21,703350.0,1631550.0,0.18530758,11.588278,210,0
atitlan,2025-11-21,703650.0,1631550.0,0.22463357,11.669601,210,0
atitlan,2025-11-21,703950.0,1631550.0,0.30924916,19.40578,210,1
atitlan,2025-11-21,704250.0,1631550.0,0.3129361,20.618353,210,1
atitlan,2025-11-21,704550.0,1631550.0,0.26429564,15.226514,210,1
atitlan,2025-11-21,704850.0,1631550.0,0.2740475,15.387409,210,1
atitlan,2025-11-21,705150.0,1631550.0,0.26803818,16.378708,210,1
atitlan,2025-11-21,705450.0,1631550.0,0.20288733,11.400879,210,0
atitlan,2025-11-21,705750.0,1631550.0,0.18393137,9.939086,210,0
atitlan,2025-11-21,706050.0,1631550.0,0.25356698,15.589903,210,1
atitlan,2025-11-21,706350.0,1631550.0,0.32997343,24.375725,210,1
atitlan,2025-11-21,706650.0,1631550.0,0.3179006,23.35788,210,1
atitlan,2025-11-21,706950.0,1631550.0,0.2597768,14.092212,210,1
atitlan,2025-11-21,707250.0,1631550.0,0.28490776,18.4176,210,1
atitlan,2025-11-21,707550.0,1631550.0,0.28202343,17.286842,210,1
atitlan,2025-11-21,707850.0,1631550.0,0.29456478,18.372131,42,1
