lago,fecha,x,y,ndci,chl_a_estimada,pixeles_validos,alta_cianobacteria
atitlan,2025-07-17,680250.0,1614150.0,0.33578622,22.779968,84,1
atitlan,2025-07-17,680550.0,1614150.0,0.26952642,15.151916,105,1
atitlan,2025-07-17,680850.0,1614150.0,0.33148322,23.1654,105,1
atitlan,2025-07-17,681150.0,1614150.0,0.33569252,24.353802,105,1
atitlan,2025-07-17,681450.0,1614150.0,0.32663512,21.21974,105,1
atitlan,2025-07-17,681750.0,1614150.0,0.29338643,15.804079,105,1
atitlan,2025-07-17,682050.0,1614150.0,0.26989332,13.558434,105,1
atitlan,2025-07-17,682350.0,1614150.0,0.2757319,14.105591,105,1
atitlan,2025-07-17,682650.0,1614150.0,0.30091956,16.935055,105,1
atitlan,2025-07-17,682950.0,1614150.0,0.25821558,12.522645,105,1
atitlan,2025-07-17,683250.0,1614150.0,0.27934116,14.365177,105,1
atitlan,2025-07-17,683550.0,1614150.0,0.258334,13.086023,105,1
atitlan,2025-07-17,683850.0,1614150.0,0.275539,13.7992115,105,1
atitlan,2025-07-17,684150.0,1614150.0,0.2513962,11.206072,105,0
atitlan,2025-07-17,684450.0,1614150.0,0.2263934,9.634976,105,0
atitlan,2025-07-17,684750.0,1614150.0,0.251713,11.350581,105,0
atitlan,2025-07-17,685050.0,1614150.0,0.24138999,10.63198,105,0
atitlan,2025-07-17,685350.0,1614150.0,0.28640687,14.904062,105,1
atitlan,2025-07-17,685650.0,1614150.0,0.29943675,16.50557,105,1
atitlan,2025-07-17,685950.0,1614150.0,0.30279997,16.978392,105,1
atitlan,2025-07-17,686250.0,1614150.0,0.31277615,18.336025,105,1
atitlan,2025-07-17,686550.0,1614150.0,0.31308678,18.338657,105,1
atitlan,2025-07-17,686850.0,1614150.0,0.3159638,19.25037,105,1
atitlan,2025-07-17,687150.0,1614150.0,0.3249244,20.427599,105,1
atitlan,2025-07-17,687450.0,1614150.0,0.3244825,20.59582,105,1
atitlan,2025-07-17,687750.0,1614150.0,0.3410614,23.28726,105,1
atitlan,2025-07-17,688050.0,1614150.0,0.33040854,21.509352,105,1
atitlan,2025-07-17,688350.0,1614150.0,0.31118155,18.778223,105,1
atitlan,2025-07-17,688650.0,1614150.0,0.32050356,20.405285,105,1
atitlan,2025-07-17,688950.0,1614150.0,0.3446382,25.315582,105,1
atitlan,2025-07-17,689250.0,1614150.0,0.32996407,23.326056,105,1
atitlan,2025-07-17,689550.0,1614150.0,0.33174446,21.648245,105,1
atitlan,2025-07-17,689850.0,1614150.0,0.31920683,20.79738,105,1
atitlan,2025-07-17,690150.0,1614150.0,0.33660907,22.779528,105,1
atitlan,2025-07-17,690450.0,1614150.0,0.33374798,22.510954,105,1
atitlan,2025-07-17,690750.0,1614150.0,0.34251583,23.904852,105,1
atitlan,2025-07-17,691050.0,1614150.0,0.3804348,32.103325,105,1
atitlan,2025-07-17,691350.0,1614150.0,0.3631517,27.980923,105,1
atitlan,2025-07-17,691650.0,1614150.0,0.35512283,25.993107,105,1
atitlan,2025-07-17,691950.0,1614150.0,0.35611847,26.14481,105,1
atitlan,2025-07-17,692250.0,1614150.0,0.3702083,29.343658,105,1
atitlan,2025-07-17,692550.0,1614150.0,0.37006876,29.435461,105,1
atitlan,2025-07-17,692850.0,1614150.0,0.37657762,30.781433,105,1
atitlan,2025-07-17,693150.0,1614150.0,0.36115137,27.37305,105,1
atitlan,2025-07-17,693450.0,1614150.0,0.37557548,30.762049,105,1
atitlan,2025-07-17,693750.0,1614150.0,0.367658,29.27326,105,1
atitlan,2025-07-17,694050.0,1614150.0,0.37065834,29.3434,105,1
atitlan,2025-07-17,694350.0,1614150.0,0.3739697,30.37951,105,1
atitlan,2025-07-17,694650.0,1614150.0,0.37321317,30.179262,105,1
atitlan,2025-07-17,694950.0,1614150.0,0.3896688,34.239845,105,1
atitlan,2025-07-17,695250.0,1614150.0,0.379602,31.525478,105,1
atitlan,2025-07-17,695550.0,1614150.0,0.39296845,35.003857,105,1
atitlan,2025-07-17,695850.0,1614150.0,0.38996163,34.254536,105,1
atitlan,2025-07-17,696150.0,1614150.0,0.37725434,31.573648,105,1
atitlan,2025-07-17,696450.0,1614150.0,0.38405958,33.225468,105,1
atitlan,2025-07-17,696750.0,1614150.0,0.41556397,41.38634,105,1
atitlan,2025-07-17,697050.0,1614150.0,0.39002523,36.644608,105,1
atitlan,2025-07-17,697350.0,1614150.0,0.29268843,20.233438,105,1
atitlan,2025-07-17,697650.0,1614150.0,0.3236319,23.01963,105,1
atitlan,2025-07-17,697950.0,1614150.0,0.30625373,19.16638,105,1
atitlan,2025-07-17,698250.0,1614150.0,0.32357734,22.80914,105,1
atitlan,2025-07-17,698550.0,1614150.0,0.3571678,28.451746,105,1
atitlan,2025-07-17,698850.0,1614150.0,0.33648285,23.95739,105,1
atitlan,2025-07-17,699150.0,1614150.0,0.33422658,24.342857,105,1
atitlan,2025-07-17,699450.0,1614150.0,0.32046804,20.877296,105,1
atitlan,2025-07-17,699750.0,1614150.0,0.3159781,20.383514,105,1
atitlan,2025-07-17,700050.0,1614150.0,0.2800532,19.917912,105,1
atitlan,2025-07-17,700350.0,1614150.0,0.22282684,12.790058,105,1
atitlan,2025-07-17,700650.0,1614150.0,0.18234959,7.6718316,105,0
atitlan,2025-07-17,700950.0,1614150.0,0.21090202,9.408897,105,0
atitlan,2025-07-17,701250.0,1614150.0,0.2775838,17.554506,105,1
atitlan,2025-07-17,701550.0,1614150.0,0.21867537,10.722648,105,0
atitlan,2025-07-17,701850.0,1614150.0,0.32097414,22.03849,105,1
atitlan,2025-07-17,702150.0,1614150.0,0.35792863,27.250347,105,1
atitlan,2025-07-17,702450.0,1614150.0,0.32195923,20.213486,105,1
atitlan,2025-07-17,702750.0,1614150.0,0.3189918,20.651093,105,1
atitlan,2025-07-17,703050.0,1614150.0,0.34850258,25.018387,105,1
atitlan,2025-07-17,703350.0,1614150.0,0.34021896,22.94125,105,1
atitlan,2025-07-17,703650.0,1614150.0,0.30889526,18.91167,105,1
atitlan,2025-07-17,703950.0,1614150.0,0.34892362,25.060242,105,1
atitlan,2025-07-17,704250.0,1614150.0,0.33339542,24.124317,105,1
atitlan,2025-07-17,704550.0,1614150.0,0.32076082,20.822216,105,1
atitlan,2025-07-17,704850.0,1614150.0,0.31018847,18.015804,105,1
atitlan,2025-07-17,705150.0,1614150.0,0.33091652,21.502268,105,1
atitlan,2025-07-17,705450.0,1614150.0,0.32080376,21.623098,105,1
atitlan,2025-07-17,705750.0,1614150.0,0.30497456,18.223555,105,1
atitlan,2025-07-17,706050.0,1614150.0,0.30629027,17.799255,105,1
atitlan,2025-07-17,706350.0,1614150.0,0.30774483,18.530077,105,1
atitlan,2025-07-17,706650.0,1614150.0,0.30449706,17.483984,105,1
atitlan,2025-07-17,706950.0,1614150.0,0.3315471,22.171425,105,1
atitlan,2025-07-17,707250.0,1614150.0,0.3316494,21.521084,105,1
atitlan,2025-07-17,707550.0,1614150.0,0.32744464,20.636114,105,1
atitlan,2025-07-17,707850.0,1614150.0,0.32688302,20.51466,21,1
atitlan,2025-07-17,680250.0,1614450.0,0.29031697,15.704554,180,1
atitlan,2025-07-17,680550.0,1614450.0,0.31769317,19.441605,225,1
atitlan,2025-07-17,680850.0,1614450.0,0.3336911,22.715284,225,1
atitlan,2025-07-17,681150.0,1614450.0,0.35474917,26.939987,225,1
atitlan,2025-07-17,681450.0,1614450.0,0.35117167,27.223717,225,1
atitlan,2025-07-17,681750.0,1614450.0,0.294344,15.88197,225,1
atitlan,2025-07-17,682050.0,1614450.0,0.29183072,16.037477,225,1
atitlan,2025-07-17,682350.0,1614450.0,0.27519605,14.157854,225,1
atitlan,2025-07-17,682650.0,1614450.0,0.28826144,15.4283695,225,1
atitlan,2025-07-17,682950.0,1614450.0,0.23542002,10.836317,225,0
atitlan,2025-07-17,683250.0,1614450.0,0.2721671,13.633,225,1
atitlan,2025-07-17,683550.0,1614450.0,0.26509532,13.150879,225,1
atitlan,2025-07-17,683850.0,1614450.0,0.28051344,14.243733,225,1
atitlan,2025-07-17,684150.0,1614450.0,0.26522797,12.459599,225,1
atitlan,2025-07-17,684450.0,1614450.0,0.25411522,11.460577,225,0
atitlan,2025-07-17,684750.0,1614450.0,0.26348636,12.641044,225,1
atitlan,2025-07-17,685050.0,1614450.0,0.23045883,10.412745,225,0
atitlan,2025-07-17,685350.0,1614450.0,0.28782538,16.267181,225,1
atitlan,2025-07-17,685650.0,1614450.0,0.3095696,18.027645,225,1
atitlan,2025-07-17,685950.0,1614450.0,0.3141965,18.760296,225,1
atitlan,2025-07-17,686250.0,1614450.0,0.3201569,19.583296,225,1
atitlan,2025-07-17,686550.0,1614450.0,0.30689505,17.508783,225,1
atitlan,2025-07-17,686850.0,1614450.0,0.31000096,17.98051,225,1
atitlan,2025-07-17,687150.0,1614450.0,0.3175644,19.16094,225,1
atitlan,2025-07-17,687450.0,1614450.0,0.3104933,18.361858,225,1
atitlan,2025-07-17,687750.0,1614450.0,0.34823948,24.749912,225,1
atitlan,2025-07-17,688050.0,1614450.0,0.33049768,21.378145,225,1
atitlan,2025-07-17,688350.0,1614450.0,0.30144158,16.73996,225,1
atitlan,2025-07-17,688650.0,1614450.0,0.29744896,16.42025,225,1
atitlan,2025-07-17,688950.0,1614450.0,0.32816193,21.380266,225,1
atitlan,2025-07-17,689250.0,1614450.0,0.3174248,21.563314,225,1
atitlan,2025-07-17,689550.0,1614450.0,0.33226833,23.394106,225,1
atitlan,2025-07-17,689850.0,1614450.0,0.30880985,21.75501,225,1
atitlan,2025-07-17,690150.0,1614450.0,0.346289,24.925089,225,1
atitlan,2025-07-17,690450.0,1614450.0,0.34737122,25.014992,225,1
atitlan,2025-07-17,690750.0,1614450.0,0.3517838,27.583292,225,1
atitlan,2025-07-17,691050.0,1614450.0,0.34908268,26.144062,225,1
atitlan,2025-07-17,691350.0,1614450.0,0.3638777,29.026293,225,1
atitlan,2025-07-17,691650.0,1614450.0,0.35312167,26.676569,225,1
atitlan,2025-07-17,691950.0,1614450.0,0.33543712,24.231596,225,1
atitlan,2025-07-17,692250.0,1614450.0,0.37075567,30.389717,225,1
atitlan,2025-07-17,692550.0,1614450.0,0.36180502,28.250647,225,1
atitlan,2025-07-17,692850.0,1614450.0,0.3615752,27.36525,225,1
atitlan,2025-07-17,693150.0,1614450.0,0.37399578,30.13261,225,1
atitlan,2025-07-17,693450.0,1614450.0,0.38931394,33.97898,225,1
atitlan,2025-07-17,693750.0,1614450.0,0.3681261,29.038073,225,1
atitlan,2025-07-17,694050.0,1614450.0,0.35883406,27.01737,225,1
atitlan,2025-07-17,694350.0,1614450.0,0.37000087,29.118517,225,1
atitlan,2025-07-17,694650.0,1614450.0,0.38497287,32.733894,225,1
atitlan,2025-07-17,694950.0,1614450.0,0.38596326,33.033756,225,1
atitlan,2025-07-17,695250.0,1614450.0,0.37117836,29.345465,225,1
atitlan,2025-07-17,695550.0,1614450.0,0.37477586,30.47803,225,1
atitlan,2025-07-17,695850.0,1614450.0,0.37798992,31.297394,225,1
atitlan,2025-07-17,696150.0,1614450.0,0.40959135,39.85823,225,1
atitlan,2025-07-17,696450.0,1614450.0,0.39432782,35.583645,225,1
atitlan,2025-07-17,696750.0,1614450.0,0.39488593,37.675686,225,1
atitlan,2025-07-17,697050.0,1614450.0,0.3848452,35.366806,225,1
atitlan,2025-07-17,697350.0,1614450.0,0.36045814,30.637564,225,1
atitlan,2025-07-17,697650.0,1614450.0,0.36583537,30.133673,225,1
atitlan,2025-07-17,697950.0,1614450.0,0.3422001,25.682571,225,1
atitlan,2025-07-17,698250.0,1614450.0,0.30155262,20.027502,225,1
atitlan,2025-07-17,698550.0,1614450.0,0.30040124,19.454212,225,1
atitlan,2025-07-17,698850.0,1614450.0,0.29314008,17.636044,225,1
atitlan,2025-07-17,699150.0,1614450.0,0.27040738,14.964676,225,1
atitlan,2025-07-17,699450.0,1614450.0,0.28181082,16.255362,225,1
atitlan,2025-07-17,699750.0,1614450.0,0.28409111,19.02672,225,1
atitlan,2025-07-17,700050.0,1614450.0,0.2477458,16.690409,225,1
atitlan,2025-07-17,700350.0,1614450.0,0.28076753,16.884762,225,1
atitlan,2025-07-17,700650.0,1614450.0,0.25681826,13.177354,225,1
atitlan,2025-07-17,700950.0,1614450.0,0.21465743,9.646973,225,0
atitlan,2025-07-17,701250.0,1614450.0,0.2641261,13.825928,225,1
atitlan,2025-07-17,701550.0,1614450.0,0.29341087,17.849552,225,1
atitlan,2025-07-17,701850.0,1614450.0,0.23655958,15.088925,225,1
atitlan,2025-07-17,702150.0,1614450.0,0.2191071,12.849166,225,1
atitlan,2025-07-17,702450.0,1614450.0,0.32255402,20.67041,225,1
atitlan,2025-07-17,702750.0,1614450.0,0.3345991,23.30155,225,1
atitlan,2025-07-17,703050.0,1614450.0,0.34439853,24.200426,225,1
atitlan,2025-07-17,703350.0,1614450.0,0.33368748,22.11472,225,1
atitlan,2025-07-17,703650.0,1614450.0,0.3219966,21.513699,225,1
atitlan,2025-07-17,703950.0,1614450.0,0.31863093,20.066868,225,1
atitlan,2025-07-17,704250.0,1614450.0,0.3408094,23.520287,225,1
atitlan,2025-07-17,704550.0,1614450.0,0.34523103,25.02702,225,1
atitlan,2025-07-17,704850.0,1614450.0,0.32871056,22.182568,225,1
atitlan,2025-07-17,705150.0,1614450.0,0.31868282,20.817566,225,1
atitlan,2025-07-17,705450.0,1614450.0,0.3000788,16.795721,225,1
atitlan,2025-07-17,705750.0,1614450.0,0.28410706,15.819917,225,1
atitlan,2025-07-17,706050.0,1614450.0,0.24103472,12.241956,225,1
atitlan,2025-07-17,706350.0,1614450.0,0.21989027,11.194911,225,0
atitlan,2025-07-17,706650.0,1614450.0,0.28477123,16.305552,225,1
atitlan,2025-07-17,706950.0,1614450.0,0.3267498,20.867615,225,1
atitlan,2025-07-17,707250.0,1614450.0,0.33825555,22.652857,225,1
atitlan,2025-07-17,707550.0,1614450.0,0.31416905,18.809668,225,1
atitlan,2025-07-17,707850.0,1614450.0,0.29495442,16.064234,45,1
atitlan,2025-07-17,680250.0,1614750.0,0.26873714,13.239945,180,1
atitlan,2025-07-17,680550.0,1614750.0,0.2870457,15.942801,225,1
atitlan,2025-07-17,680850.0,1614750.0,0.31193927,19.54985,225,1
atitlan,2025-07-17,681150.0,1614750.0,0.30957246,19.39413,225,1
atitlan,2025-07-17,681450.0,1614750.0,0.28447306,16.796846,225,1
atitlan,2025-07-17,681750.0,1614750.0,0.22552024,10.16494,225,0
atitlan,2025-07-17,682050.0,1614750.0,0.20296144,9.844017,225,0
atitlan,2025-07-17,682350.0,1614750.0,0.18799773,8.591436,225,0
atitlan,2025-07-17,682650.0,1614750.0,0.19383813,8.027479,225,0
atitlan,2025-07-17,682950.0,1614750.0,0.08379251,5.4196153,225,0
atitlan,2025-07-17,683250.0,1614750.0,0.09337677,5.4919324,225,0
atitlan,2025-07-17,683550.0,1614750.0,0.24441622,12.294917,225,1
atitlan,2025-07-17,683850.0,1614750.0,0.2827605,14.545799,225,1
atitlan,2025-07-17,684150.0,1614750.0,0.2838064,14.691632,225,1
atitlan,2025-07-17,684450.0,1614750.0,0.2560621,11.753781,225,0
atitlan,2025-07-17,684750.0,1614750.0,0.25137526,12.219607,225,1
atitlan,2025-07-17,685050.0,1614750.0,0.16011555,7.163915,225,0
atitlan,2025-07-17,685350.0,1614750.0,0.27080044,16.75535,225,1
atitlan,2025-07-17,685650.0,1614750.0,0.31089833,18.327988,225,1
atitlan,2025-07-17,685950.0,1614750.0,0.32320148,20.11066,225,1
atitlan,2025-07-17,686250.0,1614750.0,0.31378895,18.658403,225,1
atitlan,2025-07-17,686550.0,1614750.0,0.3127527,18.5596,225,1
atitlan,2025-07-17,686850.0,1614750.0,0.30704692,17.50402,225,1
atitlan,2025-07-17,687150.0,1614750.0,0.32324767,19.989037,225,1
atitlan,2025-07-17,687450.0,1614750.0,0.3153275,19.096874,225,1
atitlan,2025-07-17,687750.0,1614750.0,0.3287414,21.216068,225,1
atitlan,2025-07-17,688050.0,1614750.0,0.3031961,17.904,225,1
atitlan,2025-07-17,688350.0,1614750.0,0.3400749,23.687355,225,1
atitlan,2025-07-17,688650.0,1614750.0,0.3122283,18.967463,225,1
atitlan,2025-07-17,688950.0,1614750.0,0.32824877,21.218115,225,1
atitlan,2025-07-17,689250.0,1614750.0,0.34469682,24.279844,225,1
atitlan,2025-07-17,689550.0,1614750.0,0.36973348,30.149887,225,1
atitlan,2025-07-17,689850.0,1614750.0,0.3412536,25.88421,225,1
atitlan,2025-07-17,690150.0,1614750.0,0.3368485,25.40793,225,1
atitlan,2025-07-17,690450.0,1614750.0,0.2882788,16.570389,225,1
atitlan,2025-07-17,690750.0,1614750.0,0.28242794,16.803055,225,1
atitlan,2025-07-17,691050.0,1614750.0,0.35031754,27.856165,225,1
atitlan,2025-07-17,691350.0,1614750.0,0.3480461,26.689236,225,1
atitlan,2025-07-17,691650.0,1614750.0,0.3530989,27.368933,225,1
atitlan,2025-07-17,691950.0,1614750.0,0.34644878,26.689878,225,1
atitlan,2025-07-17,692250.0,1614750.0,0.37168097,30.02625,225,1
atitlan,2025-07-17,692550.0,1614750.0,0.37725896,30.875967,225,1
atitlan,2025-07-17,692850.0,1614750.0,0.3748074,30.81091,225,1
atitlan,2025-07-17,693150.0,1614750.0,0.3743537,30.517803,225,1
atitlan,2025-07-17,693450.0,1614750.0,0.36157668,27.65487,225,1
atitlan,2025-07-17,693750.0,1614750.0,0.36500767,28.278126,225,1
atitlan,2025-07-17,694050.0,1614750.0,0.36329618,27.815424,225,1
atitlan,2025-07-17,694350.0,1614750.0,0.36574605,28.170662,225,1
atitlan,2025-07-17,694650.0,1614750.0,0.37260166,29.823238,225,1
atitlan,2025-07-17,694950.0,1614750.0,0.37763625,31.060694,225,1
atitlan,2025-07-17,695250.0,1614750.0,0.37604153,30.634958,225,1
atitlan,2025-07-17,695550.0,1614750.0,0.37353864,29.889406,225,1
atitlan,2025-07-17,695850.0,1614750.0,0.3868412,33.482204,225,1
atitlan,2025-07-17,696150.0,1614750.0,0.40711376,38.839466,225,1
atitlan,2025-07-17,696450.0,1614750.0,0.40497023,38.255356,225,1
atitlan,2025-07-17,696750.0,1614750.0,0.4107739,39.904076,225,1
atitlan,2025-07-17,697050.0,1614750.0,0.3960828,37.49494,225,1
atitlan,2025-07-17,697350.0,1614750.0,0.34392577,28.242989,225,1
atitlan,2025-07-17,697650.0,1614750.0,0.3715127,31.171057,225,1
atitlan,2025-07-17,697950.0,1614750.0,0.36441284,29.443356,225,1
atitlan,2025-07-17,698250.0,1614750.0,0.34644586,26.186249,225,1
atitlan,2025-07-17,698550.0,1614750.0,0.3227525,21.561659,225,1
atitlan,2025-07-17,698850.0,1614750.0,0.29701227,18.63261,225,1
atitlan,2025-07-17,699150.0,1614750.0,0.28203467,17.274014,225,1
atitlan,2025-07-17,699450.0,1614750.0,0.27892864,16.533102,225,1
atitlan,2025-07-17,699750.0,1614750.0,0.30614197,19.229322,225,1
atitlan,2025-07-17,700050.0,1614750.0,0.31861892,20.396608,225,1
atitlan,2025-07-17,700350.0,1614750.0,0.31589547,19.938951,225,1
atitlan,2025-07-17,700650.0,1614750.0,0.31175512,19.09101,225,1
atitlan,2025-07-17,700950.0,1614750.0,0.29665205,19.561422,225,1
atitlan,2025-07-17,701250.0,1614750.0,0.30342954,21.095669,225,1
atitlan,2025-07-17,701550.0,1614750.0,0.14013861,8.035695,225,0
atitlan,2025-07-17,701850.0,1614750.0,0.101858616,7.072755,225,0
atitlan,2025-07-17,702150.0,1614750.0,0.26960245,18.46373,225,1
atitlan,2025-07-17,702450.0,1614750.0,0.31510624,19.103317,225,1
atitlan,2025-07-17,702750.0,1614750.0,0.33746687,23.211437,225,1
atitlan,2025-07-17,703050.0,1614750.0,0.328182,21.064684,225,1
atitlan,2025-07-17,703350.0,1614750.0,0.34468722,24.560474,225,1
atitlan,2025-07-17,703650.0,1614750.0,0.3392247,23.797316,225,1
atitlan,2025-07-17,703950.0,1614750.0,0.30654114,18.647837,225,1
atitlan,2025-07-17,704250.0,1614750.0,0.33081645,21.33183,225,1
atitlan,2025-07-17,704550.0,1614750.0,0.33928296,23.693941,225,1
atitlan,2025-07-17,704850.0,1614750.0,0.30559,18.26898,225,1
atitlan,2025-07-17,705150.0,1614750.0,0.32378364,21.443552,225,1
atitlan,2025-07-17,705450.0,1614750.0,0.31437176,18.68371,225,1
atitlan,2025-07-17,705750.0,1614750.0,0.3379136,22.643648,225,1
atitlan,2025-07-17,706050.0,1614750.0,0.3297757,21.507586,225,1
atitlan,2025-07-17,706350.0,1614750.0,0.27144966,16.425117,225,1
atitlan,2025-07-17,706650.0,1614750.0,0.32970744,21.970665,225,1
atitlan,2025-07-17,706950.0,1614750.0,0.3385268,23.470388,225,1
atitlan,2025-07-17,707250.0,1614750.0,0.31528187,19.553864,225,1
atitlan,2025-07-17,707550.0,1614750.0,0.30515054,17.563051,225,1
atitlan,2025-07-17,707850.0,1614750.0,0.3152167,18.876635,45,1
atitlan,2025-07-17,680250.0,1615050.0,0.29366672,16.235144,180,1
atitlan,2025-07-17,680550.0,1615050.0,0.29001057,16.015894,225,1
atitlan,2025-07-17,680850.0,1615050.0,0.19666424,9.1334715,225,0
atitlan,2025-07-17,681150.0,1615050.0,0.1316983,7.1067004,225,0
atitlan,2025-07-17,681450.0,1615050.0,0.20262742,11.065319,225,0
atitlan,2025-07-17,681750.0,1615050.0,0.1925172,9.062596,225,0
atitlan,2025-07-17,682050.0,1615050.0,0.11872839,7.028919,225,0
atitlan,2025-07-17,682350.0,1615050.0,0.23137775,11.123158,225,0
atitlan,2025-07-17,682650.0,1615050.0,0.28225058,15.031235,225,1
atitlan,2025-07-17,682950.0,1615050.0,0.2455483,12.735632,225,1
atitlan,2025-07-17,683250.0,1615050.0,0.23076737,10.898527,225,0
atitlan,2025-07-17,683550.0,1615050.0,0.26019442,13.28861,225,1
atitlan,2025-07-17,683850.0,1615050.0,0.2708778,13.097744,225,1
atitlan,2025-07-17,684150.0,1615050.0,0.28253627,14.669233,225,1
atitlan,2025-07-17,684450.0,1615050.0,0.27609873,13.939628,225,1
atitlan,2025-07-17,684750.0,1615050.0,0.2720741,13.245383,225,1
atitlan,2025-07-17,685050.0,1615050.0,0.2513757,11.602673,225,0
atitlan,2025-07-17,685350.0,1615050.0,0.3099379,18.614262,225,1
atitlan,2025-07-17,685650.0,1615050.0,0.32183477,20.002913,225,1
atitlan,2025-07-17,685950.0,1615050.0,0.31317756,18.631996,225,1
atitlan,2025-07-17,686250.0,1615050.0,0.32319805,20.167412,225,1
atitlan,2025-07-17,686550.0,1615050.0,0.3054845,17.32482,225,1
atitlan,2025-07-17,686850.0,1615050.0,0.3084517,17.752642,225,1
atitlan,2025-07-17,687150.0,1615050.0,0.32716686,20.703178,225,1
atitlan,2025-07-17,687450.0,1615050.0,0.31292576,18.737724,225,1
atitlan,2025-07-17,687750.0,1615050.0,0.31652197,19.156155,225,1
atitlan,2025-07-17,688050.0,1615050.0,0.3226489,21.107023,225,1
atitlan,2025-07-17,688350.0,1615050.0,0.3597147,28.24384,225,1
atitlan,2025-07-17,688650.0,1615050.0,0.34251723,24.424791,225,1
atitlan,2025-07-17,688950.0,1615050.0,0.35951856,27.64015,225,1
atitlan,2025-07-17,689250.0,1615050.0,0.3830208,32.838085,225,1
atitlan,2025-07-17,689550.0,1615050.0,0.3758947,31.820292,225,1
atitlan,2025-07-17,689850.0,1615050.0,0.37229142,31.522764,225,1
atitlan,2025-07-17,690150.0,1615050.0,0.26528594,14.402511,225,1
atitlan,2025-07-17,690450.0,1615050.0,0.33316168,23.936417,225,1
atitlan,2025-07-17,690750.0,1615050.0,0.32385805,21.621443,225,1
atitlan,2025-07-17,691050.0,1615050.0,0.29321733,20.643576,225,1
atitlan,2025-07-17,691350.0,1615050.0,0.32027483,22.478935,225,1
atitlan,2025-07-17,691650.0,1615050.0,0.3426397,25.27978,225,1
atitlan,2025-07-17,691950.0,1615050.0,0.35694826,27.8647,225,1
atitlan,2025-07-17,692250.0,1615050.0,0.3714649,29.8761,225,1
atitlan,2025-07-17,692550.0,1615050.0,0.3678177,29.72941,225,1
atitlan,2025-07-17,692850.0,1615050.0,0.38682657,33.74285,225,1
atitlan,2025-07-17,693150.0,1615050.0,0.36425397,28.410273,225,1
atitlan,2025-07-17,693450.0,1615050.0,0.3659782,28.445757,225,1
atitlan,2025-07-17,693750.0,1615050.0,0.3782836,31.370434,225,1
atitlan,2025-07-17,694050.0,1615050.0,0.3802022,31.508638,225,1
atitlan,2025-07-17,694350.0,1615050.0,0.3726265,29.891163,225,1
atitlan,2025-07-17,694650.0,1615050.0,0.3728905,30.226454,225,1
atitlan,2025-07-17,694950.0,1615050.0,0.3774315,31.207355,225,1
atitlan,2025-07-17,695250.0,1615050.0,0.37876454,31.445202,225,1
atitlan,2025-07-17,695550.0,1615050.0,0.37616113,32.2661,225,1
atitlan,2025-07-17,695850.0,1615050.0,0.39226246,34.907368,225,1
atitlan,2025-07-17,696150.0,1615050.0,0.41416577,41.398064,225,1
atitlan,2025-07-17,696450.0,1615050.0,0.4142623,41.046436,225,1
atitlan,2025-07-17,696750.0,1615050.0,0.4014018,37.36315,225,1
atitlan,2025-07-17,697050.0,1615050.0,0.401449,37.446774,225,1
atitlan,2025-07-17,697350.0,1615050.0,0.37205622,31.49906,225,1
atitlan,2025-07-17,697650.0,1615050.0,0.33797213,26.49348,225,1
atitlan,2025-07-17,697950.0,1615050.0,0.3461307,25.493727,225,1
atitlan,2025-07-17,698250.0,1615050.0,0.341626,25.32528,225,1
atitlan,2025-07-17,698550.0,1615050.0,0.3350684,23.572119,225,1
atitlan,2025-07-17,698850.0,1615050.0,0.32706943,22.379736,225,1
atitlan,2025-07-17,699150.0,1615050.0,0.3147936,20.879333,225,1
atitlan,2025-07-17,699450.0,1615050.0,0.31344825,20.057493,225,1
atitlan,2025-07-17,699750.0,1615050.0,0.32159293,21.167955,225,1
atitlan,2025-07-17,700050.0,1615050.0,0.29276296,17.518787,225,1
atitlan,2025-07-17,700350.0,1615050.0,0.30984837,18.554054,225,1
atitlan,2025-07-17,700650.0,1615050.0,0.26090682,17.232897,225,1
atitlan,2025-07-17,700950.0,1615050.0,0.2592672,16.306515,225,1
atitlan,2025-07-17,701250.0,1615050.0,0.26515353,16.232296,225,1
atitlan,2025-07-17,701550.0,1615050.0,0.29975,19.272142,225,1
atitlan,2025-07-17,701850.0,1615050.0,0.33544785,22.603111,225,1
atitlan,2025-07-17,702150.0,1615050.0,0.31058586,18.827139,225,1
atitlan,2025-07-17,702450.0,1615050.0,0.30475783,18.218275,225,1
atitlan,2025-07-17,702750.0,1615050.0,0.3146907,19.910105,225,1
atitlan,2025-07-17,703050.0,1615050.0,0.35406077,25.613974,225,1
atitlan,2025-07-17,703350.0,1615050.0,0.34148625,23.84632,225,1
atitlan,2025-07-17,703650.0,1615050.0,0.32591075,21.04521,225,1
atitlan,2025-07-17,703950.0,1615050.0,0.30239075,17.487217,225,1
atitlan,2025-07-17,704250.0,1615050.0,0.3333426,22.854055,225,1
atitlan,2025-07-17,704550.0,1615050.0,0.3434632,25.325996,225,1
atitlan,2025-07-17,704850.0,1615050.0,0.29422265,18.174362,225,1
atitlan,2025-07-17,705150.0,1615050.0,0.31752774,22.481424,225,1
atitlan,2025-07-17,705450.0,1615050.0,0.33292085,23.019537,225,1
atitlan,2025-07-17,705750.0,1615050.0,0.33354616,22.23179,225,1
atitlan,2025-07-17,706050.0,1615050.0,0.31916603,19.676575,225,1
atitlan,2025-07-17,706350.0,1615050.0,0.2515937,13.467433,225,1
atitlan,2025-07-17,706650.0,1615050.0,0.33068237,22.748043,225,1
atitlan,2025-07-17,706950.0,1615050.0,0.25472996,13.635972,225,1
atitlan,2025-07-17,707250.0,1615050.0,0.20819843,11.138291,225,0
atitlan,2025-07-17,707550.0,1615050.0,0.26673773,15.64791,225,1
atitlan,2025-07-17,707850.0,1615050.0,0.32808894,21.136309,45,1
atitlan,2025-07-17,680250.0,1615350.0,0.29329494,16.372734,180,1
atitlan,2025-07-17,680550.0,1615350.0,0.31522843,20.20258,225,1
atitlan,2025-07-17,680850.0,1615350.0,0.24996293,14.847512,225,1
atitlan,2025-07-17,681150.0,1615350.0,0.212946,13.547025,225,1
atitlan,2025-07-17,681450.0,1615350.0,0.2545093,14.990306,225,1
atitlan,2025-07-17,681750.0,1615350.0,0.26638198,14.025236,225,1
atitlan,2025-07-17,682050.0,1615350.0,0.23329687,12.200165,225,1
atitlan,2025-07-17,682350.0,1615350.0,0.17322652,8.743426,225,0
atitlan,2025-07-17,682650.0,1615350.0,0.24927706,13.266814,225,1
atitlan,2025-07-17,682950.0,1615350.0,0.19759898,10.042746,225,0
atitlan,2025-07-17,683250.0,1615350.0,0.1985186,10.148556,225,0
atitlan,2025-07-17,683550.0,1615350.0,0.24042964,11.974856,225,0
atitlan,2025-07-17,683850.0,1615350.0,0.2388722,10.282634,225,0
atitlan,2025-07-17,684150.0,1615350.0,0.2647167,12.790064,225,1
atitlan,2025-07-17,684450.0,1615350.0,0.2804684,14.53239,225,1
atitlan,2025-07-17,684750.0,1615350.0,0.27410984,13.701793,225,1
atitlan,2025-07-17,685050.0,1615350.0,0.23971571,11.18497,225,0
atitlan,2025-07-17,685350.0,1615350.0,0.2846367,15.925441,225,1
atitlan,2025-07-17,685650.0,1615350.0,0.32876456,21.0003,225,1
atitlan,2025-07-17,685950.0,1615350.0,0.3302464,21.35837,225,1
atitlan,2025-07-17,686250.0,1615350.0,0.32676828,20.682762,225,1
atitlan,2025-07-17,686550.0,1615350.0,0.30504102,17.332743,225,1
atitlan,2025-07-17,686850.0,1615350.0,0.3234559,20.12826,225,1
atitlan,2025-07-17,687150.0,1615350.0,0.32170326,19.713306,225,1
atitlan,2025-07-17,687450.0,1615350.0,0.30336645,17.102894,225,1
atitlan,2025-07-17,687750.0,1615350.0,0.32058388,20.203161,225,1
atitlan,2025-07-17,688050.0,1615350.0,0.3550124,26.744673,225,1
atitlan,2025-07-17,688350.0,1615350.0,0.36156908,28.512676,225,1
atitlan,2025-07-17,688650.0,1615350.0,0.38545907,33.573765,225,1
atitlan,2025-07-17,688950.0,1615350.0,0.37825656,33.22061,225,1
atitlan,2025-07-17,689250.0,1615350.0,0.33079112,26.077457,225,1
atitlan,2025-07-17,689550.0,1615350.0,0.34335262,25.232342,225,1
atitlan,2025-07-17,689850.0,1615350.0,0.32080156,22.182364,225,1
atitlan,2025-07-17,690150.0,1615350.0,0.27451092,15.402628,225,1
atitlan,2025-07-17,690450.0,1615350.0,0.33258638,25.286163,225,1
atitlan,2025-07-17,690750.0,1615350.0,0.3021428,20.405584,225,1
atitlan,2025-07-17,691050.0,1615350.0,0.32484242,23.006378,225,1
atitlan,2025-07-17,691350.0,1615350.0,0.35384482,27.136087,225,1
atitlan,2025-07-17,691650.0,1615350.0,0.36479276,29.071362,225,1
atitlan,2025-07-17,691950.0,1615350.0,0.34454665,25.424173,225,1
atitlan,2025-07-17,692250.0,1615350.0,0.36447322,28.641756,225,1
atitlan,2025-07-17,692550.0,1615350.0,0.3768293,32.06761,225,1
atitlan,2025-07-17,692850.0,1615350.0,0.3851016,34.017418,225,1
atitlan,2025-07-17,693150.0,1615350.0,0.38543388,32.907207,225,1
atitlan,2025-07-17,693450.0,1615350.0,0.38308254,32.366478,225,1
atitlan,2025-07-17,693750.0,1615350.0,0.37714955,30.877342,225,1
atitlan,2025-07-17,694050.0,1615350.0,0.37757033,31.060974,225,1
atitlan,2025-07-17,694350.0,1615350.0,0.38427147,32.84236,225,1
atitlan,2025-07-17,694650.0,1615350.0,0.3983743,36.60462,225,1
atitlan,2025-07-17,694950.0,1615350.0,0.38915285,34.23252,225,1
atitlan,2025-07-17,695250.0,1615350.0,0.40771383,39.214405,225,1
atitlan,2025-07-17,695550.0,1615350.0,0.39619464,36.67782,225,1
atitlan,2025-07-17,695850.0,1615350.0,0.40643793,39.930656,225,1
atitlan,2025-07-17,696150.0,1615350.0,0.4123676,41.101856,225,1
atitlan,2025-07-17,696450.0,1615350.0,0.3727469,32.37122,225,1
atitlan,2025-07-17,696750.0,1615350.0,0.3282122,26.54629,225,1
atitlan,2025-07-17,697050.0,1615350.0,0.37002543,31.297321,225,1
atitlan,2025-07-17,697350.0,1615350.0,0.35142744,27.361403,225,1
atitlan,2025-07-17,697650.0,1615350.0,0.3385757,25.953192,225,1
atitlan,2025-07-17,697950.0,1615350.0,0.34938207,26.03482,225,1
atitlan,2025-07-17,698250.0,1615350.0,0.37201837,30.625853,225,1
atitlan,2025-07-17,698550.0,1615350.0,0.35061574,26.528337,225,1
atitlan,2025-07-17,698850.0,1615350.0,0.32572603,22.18802,225,1
atitlan,2025-07-17,699150.0,1615350.0,0.3056496,20.048302,225,1
atitlan,2025-07-17,699450.0,1615350.0,0.31567046,21.423183,225,1
atitlan,2025-07-17,699750.0,1615350.0,0.31664,20.656834,225,1
atitlan,2025-07-17,700050.0,1615350.0,0.30774453,19.411978,225,1
atitlan,2025-07-17,700350.0,1615350.0,0.3104508,20.787409,225,1
atitlan,2025-07-17,700650.0,1615350.0,0.19126597,13.487038,225,1
atitlan,2025-07-17,700950.0,1615350.0,0.16596948,11.590898,225,0
atitlan,2025-07-17,701250.0,1615350.0,0.23618177,13.288907,225,1
atitlan,2025-07-17,701550.0,1615350.0,0.29624587,18.223394,225,1
atitlan,2025-07-17,701850.0,1615350.0,0.29445386,16.14564,225,1
atitlan,2025-07-17,702150.0,1615350.0,0.26806808,14.309945,225,1
atitlan,2025-07-17,702450.0,1615350.0,0.320229,21.632753,225,1
atitlan,2025-07-17,702750.0,1615350.0,0.3390632,22.99706,225,1
atitlan,2025-07-17,703050.0,1615350.0,0.32370332,21.187643,225,1
atitlan,2025-07-17,703350.0,1615350.0,0.33336568,22.970074,225,1
atitlan,2025-07-17,703650.0,1615350.0,0.3051177,17.812378,225,1
atitlan,2025-07-17,703950.0,1615350.0,0.3272254,21.42403,225,1
atitlan,2025-07-17,704250.0,1615350.0,0.35204768,26.996866,225,1
atitlan,2025-07-17,704550.0,1615350.0,0.33417565,23.046991,225,1
atitlan,2025-07-17,704850.0,1615350.0,0.31450355,19.967512,225,1
atitlan,2025-07-17,705150.0,1615350.0,0.3129804,21.399244,225,1
atitlan,2025-07-17,705450.0,1615350.0,0.32160756,23.327988,225,1
atitlan,2025-07-17,705750.0,1615350.0,0.3115711,20.51134,225,1
atitlan,2025-07-17,706050.0,1615350.0,0.34107152,25.633896,225,1
atitlan,2025-07-17,706350.0,1615350.0,0.23230685,12.396459,225,1
atitlan,2025-07-17,706650.0,1615350.0,0.17422466,10.134273,225,0
atitlan,2025-07-17,706950.0,1615350.0,0.22185263,11.878311,225,0
atitlan,2025-07-17,707250.0,1615350.0,0.30743712,19.333656,225,1
atitlan,2025-07-17,707550.0,1615350.0,0.3315864,22.065998,225,1
atitlan,2025-07-17,707850.0,1615350.0,0.3484008,24.989521,45,1
atitlan,2025-07-17,680250.0,1615650.0,0.29037246,17.83415,180,1
atitlan,2025-07-17,680550.0,1615650.0,0.33169895,23.901152,225,1
atitlan,2025-07-17,680850.0,1615650.0,0.258418,15.119427,225,1
atitlan,2025-07-17,681150.0,1615650.0,0.07671351,5.6480846,225,0
atitlan,2025-07-17,681450.0,1615650.0,0.06768533,5.071004,225,0
atitlan,2025-07-17,681750.0,1615650.0,0.10723509,6.741212,225,0
atitlan,2025-07-17,682050.0,1615650.0,0.15143044,7.447034,225,0
atitlan,2025-07-17,682350.0,1615650.0,0.15891452,7.9134207,225,0
atitlan,2025-07-17,682650.0,1615650.0,0.17737873,10.0566845,225,0
atitlan,2025-07-17,682950.0,1615650.0,0.12859988,6.09877,225,0
atitlan,2025-07-17,683250.0,1615650.0,0.049450096,4.701358,225,0
atitlan,2025-07-17,683550.0,1615650.0,0.026163781,4.3758245,225,0
atitlan,2025-07-17,683850.0,1615650.0,0.1934752,8.625684,225,0
atitlan,2025-07-17,684150.0,1615650.0,0.2043857,8.507199,225,0
atitlan,2025-07-17,684450.0,1615650.0,0.17399085,8.250676,225,0
atitlan,2025-07-17,684750.0,1615650.0,0.23064813,10.725381,225,0
atitlan,2025-07-17,685050.0,1615650.0,0.26702958,13.426719,225,1
atitlan,2025-07-17,685350.0,1615650.0,0.29271236,15.901524,225,1
atitlan,2025-07-17,685650.0,1615650.0,0.32686198,20.681274,225,1
atitlan,2025-07-17,685950.0,1615650.0,0.33059564,21.396135,225,1
atitlan,2025-07-17,686250.0,1615650.0,0.32705346,20.91312,225,1
atitlan,2025-07-17,686550.0,1615650.0,0.3071725,17.730894,225,1
atitlan,2025-07-17,686850.0,1615650.0,0.32337636,20.131054,225,1
atitlan,2025-07-17,687150.0,1615650.0,0.33673415,22.6301,225,1
atitlan,2025-07-17,687450.0,1615650.0,0.30468655,17.467138,225,1
atitlan,2025-07-17,687750.0,1615650.0,0.35550046,28.375265,225,1
atitlan,2025-07-17,688050.0,1615650.0,0.37770656,31.802534,225,1
atitlan,2025-07-17,688350.0,1615650.0,0.3681069,30.026525,225,1
atitlan,2025-07-17,688650.0,1615650.0,0.32916474,24.42238,225,1
atitlan,2025-07-17,688950.0,1615650.0,0.3374579,27.016697,225,1
atitlan,2025-07-17,689250.0,1615650.0,0.29242,21.243956,225,1
atitlan,2025-07-17,689550.0,1615650.0,0.3248364,24.223776,225,1
atitlan,2025-07-17,689850.0,1615650.0,0.32303983,22.115442,225,1
atitlan,2025-07-17,690150.0,1615650.0,0.32772428,23.042282,225,1
atitlan,2025-07-17,690450.0,1615650.0,0.31412363,21.563854,225,1
atitlan,2025-07-17,690750.0,1615650.0,0.28849286,19.12992,225,1
atitlan,2025-07-17,691050.0,1615650.0,0.3595897,28.859215,225,1
atitlan,2025-07-17,691350.0,1615650.0,0.33356944,24.405891,225,1
atitlan,2025-07-17,691650.0,1615650.0,0.35498998,27.216148,225,1
atitlan,2025-07-17,691950.0,1615650.0,0.34240928,25.354347,225,1
atitlan,2025-07-17,692250.0,1615650.0,0.3577709,27.855894,225,1
atitlan,2025-07-17,692550.0,1615650.0,0.38469788,32.90658,225,1
atitlan,2025-07-17,692850.0,1615650.0,0.38933623,33.917236,225,1
atitlan,2025-07-17,693150.0,1615650.0,0.3823926,32.443222,225,1
atitlan,2025-07-17,693450.0,1615650.0,0.38361984,32.648914,225,1
atitlan,2025-07-17,693750.0,1615650.0,0.3663175,28.492355,225,1
atitlan,2025-07-17,694050.0,1615650.0,0.36608273,28.488358,225,1
atitlan,2025-07-17,694350.0,1615650.0,0.37694845,31.183144,225,1
atitlan,2025-07-17,694650.0,1615650.0,0.38402605,33.047997,225,1
atitlan,2025-07-17,694950.0,1615650.0,0.36906585,29.592407,225,1
atitlan,2025-07-17,695250.0,1615650.0,0.3916607,34.865597,225,1
atitlan,2025-07-17,695550.0,1615650.0,0.3999485,36.983334,225,1
atitlan,2025-07-17,695850.0,1615650.0,0.41539928,41.611797,225,1
atitlan,2025-07-17,696150.0,1615650.0,0.41235334,40.451885,225,1
atitlan,2025-07-17,696450.0,1615650.0,0.42577532,44.667053,225,1
atitlan,2025-07-17,696750.0,1615650.0,0.38482723,35.788166,225,1
atitlan,2025-07-17,697050.0,1615650.0,0.36178997,31.675886,225,1
atitlan,2025-07-17,697350.0,1615650.0,0.35456693,28.43961,225,1
atitlan,2025-07-17,697650.0,1615650.0,0.31389758,22.424227,225,1
atitlan,2025-07-17,697950.0,1615650.0,0.3244387,23.404123,225,1
atitlan,2025-07-17,698250.0,1615650.0,0.32620198,22.25801,225,1
atitlan,2025-07-17,698550.0,1615650.0,0.3093596,19.472765,225,1
atitlan,2025-07-17,698850.0,1615650.0,0.313313,19.278631,225,1
atitlan,2025-07-17,699150.0,1615650.0,0.30462107,18.007467,225,1
atitlan,2025-07-17,699450.0,1615650.0,0.3034821,19.058569,225,1
atitlan,2025-07-17,699750.0,1615650.0,0.29458514,16.681747,225,1
atitlan,2025-07-17,700050.0,1615650.0,0.28122026,15.278932,225,1
atitlan,2025-07-17,700350.0,1615650.0,0.28110304,15.011449,225,1
atitlan,2025-07-17,700650.0,1615650.0,0.29875562,19.18897,225,1
atitlan,2025-07-17,700950.0,1615650.0,0.27238402,16.330462,225,1
atitlan,2025-07-17,701250.0,1615650.0,0.26520962,15.231884,225,1
atitlan,2025-07-17,701550.0,1615650.0,0.3044367,17.912497,225,1
atitlan,2025-07-17,701850.0,1615650.0,0.29567432,16.875069,225,1
atitlan,2025-07-17,702150.0,1615650.0,0.32638136,21.452862,225,1
atitlan,2025-07-17,702450.0,1615650.0,0.3366259,23.01153,225,1
atitlan,2025-07-17,702750.0,1615650.0,0.29202387,17.287977,225,1
atitlan,2025-07-17,703050.0,1615650.0,0.30471605,19.383297,225,1
atitlan,2025-07-17,703350.0,1615650.0,0.35587615,27.408411,225,1
atitlan,2025-07-17,703650.0,1615650.0,0.29763457,18.328566,225,1
atitlan,2025-07-17,703950.0,1615650.0,0.36111674,27.230125,225,1
atitlan,2025-07-17,704250.0,1615650.0,0.34961802,27.020609,225,1
atitlan,2025-07-17,704550.0,1615650.0,0.35021114,25.27528,225,1
atitlan,2025-07-17,704850.0,1615650.0,0.3030186,18.718754,225,1
atitlan,2025-07-17,705150.0,1615650.0,0.28917962,18.006462,225,1
atitlan,2025-07-17,705450.0,1615650.0,0.35154903,26.96634,225,1
atitlan,2025-07-17,705750.0,1615650.0,0.3140987,21.637226,225,1
atitlan,2025-07-17,706050.0,1615650.0,0.293365,17.396494,225,1
atitlan,2025-07-17,706350.0,1615650.0,0.2936198,17.721014,225,1
atitlan,2025-07-17,706650.0,1615650.0,0.2028858,10.972487,225,0
atitlan,2025-07-17,706950.0,1615650.0,0.32555184,21.24066,225,1
atitlan,2025-07-17,707250.0,1615650.0,0.34852585,25.700579,225,1
atitlan,2025-07-17,707550.0,1615650.0,0.32649192,21.094452,225,1
atitlan,2025-07-17,707850.0,1615650.0,0.3316372,21.614626,45,1
atitlan,2025-07-17,680250.0,1615950.0,0.37350383,31.454885,180,1
atitlan,2025-07-17,680550.0,1615950.0,0.296558,19.99901,225,1
atitlan,2025-07-17,680850.0,1615950.0,0.17317222,11.829488,225,0
atitlan,2025-07-17,681150.0,1615950.0,0.051267214,4.8918247,225,0
atitlan,2025-07-17,681450.0,1615950.0,0.03137459,4.4191175,225,0
atitlan,2025-07-17,681750.0,1615950.0,0.030321162,4.4688025,225,0
atitlan,2025-07-17,682050.0,1615950.0,0.12468198,6.3097796,225,0
atitlan,2025-07-17,682350.0,1615950.0,0.19047517,9.582294,225,0
atitlan,2025-07-17,682650.0,1615950.0,0.17535965,7.9932265,225,0
atitlan,2025-07-17,682950.0,1615950.0,0.093189254,5.33873,225,0
atitlan,2025-07-17,683250.0,1615950.0,0.06696159,5.2693596,225,0
atitlan,2025-07-17,683550.0,1615950.0,0.13341767,6.800646,225,0
atitlan,2025-07-17,683850.0,1615950.0,0.24536121,11.185757,225,0
atitlan,2025-07-17,684150.0,1615950.0,0.27273217,13.644961,225,1
atitlan,2025-07-17,684450.0,1615950.0,0.24330406,11.060676,225,0
atitlan,2025-07-17,684750.0,1615950.0,0.27524483,13.860145,225,1
atitlan,2025-07-17,685050.0,1615950.0,0.27813986,14.374183,225,1
atitlan,2025-07-17,685350.0,1615950.0,0.30131602,16.847265,225,1
atitlan,2025-07-17,685650.0,1615950.0,0.34104127,23.918724,225,1
atitlan,2025-07-17,685950.0,1615950.0,0.33049625,21.395678,225,1
atitlan,2025-07-17,686250.0,1615950.0,0.31174836,18.551039,225,1
atitlan,2025-07-17,686550.0,1615950.0,0.30923092,18.26551,225,1
atitlan,2025-07-17,686850.0,1615950.0,0.34429494,24.249336,225,1
atitlan,2025-07-17,687150.0,1615950.0,0.33013815,21.22459,225,1
atitlan,2025-07-17,687450.0,1615950.0,0.35215563,26.388773,225,1
atitlan,2025-07-17,687750.0,1615950.0,0.36774847,30.231972,225,1
atitlan,2025-07-17,688050.0,1615950.0,0.28533363,19.467209,225,1
atitlan,2025-07-17,688350.0,1615950.0,0.29204923,19.292118,225,1
atitlan,2025-07-17,688650.0,1615950.0,0.3214405,21.861994,225,1
atitlan,2025-07-17,688950.0,1615950.0,0.32380655,24.037113,225,1
atitlan,2025-07-17,689250.0,1615950.0,0.32273293,21.675669,225,1
atitlan,2025-07-17,689550.0,1615950.0,0.31767464,21.295937,225,1
atitlan,2025-07-17,689850.0,1615950.0,0.33370972,23.833696,225,1
atitlan,2025-07-17,690150.0,1615950.0,0.31315732,21.381802,225,1
atitlan,2025-07-17,690450.0,1615950.0,0.3510643,27.031414,225,1
atitlan,2025-07-17,690750.0,1615950.0,0.33373532,24.103647,225,1
atitlan,2025-07-17,691050.0,1615950.0,0.34116322,25.078157,225,1
atitlan,2025-07-17,691350.0,1615950.0,0.31533313,20.772945,225,1
atitlan,2025-07-17,691650.0,1615950.0,0.3460064,26.319447,225,1
atitlan,2025-07-17,691950.0,1615950.0,0.34799486,25.741138,225,1
atitlan,2025-07-17,692250.0,1615950.0,0.36334348,28.692797,225,1
atitlan,2025-07-17,692550.0,1615950.0,0.3421665,25.477062,225,1
atitlan,2025-07-17,692850.0,1615950.0,0.3745852,30.379034,225,1
atitlan,2025-07-17,693150.0,1615950.0,0.37252808,29.836004,225,1
atitlan,2025-07-17,693450.0,1615950.0,0.36432257,28.047455,225,1
atitlan,2025-07-17,693750.0,1615950.0,0.3720124,29.741953,225,1
atitlan,2025-07-17,694050.0,1615950.0,0.35851556,27.195847,225,1
atitlan,2025-07-17,694350.0,1615950.0,0.3587671,27.275429,225,1
atitlan,2025-07-17,694650.0,1615950.0,0.3440325,24.391382,225,1
atitlan,2025-07-17,694950.0,1615950.0,0.37424403,30.584345,225,1
atitlan,2025-07-17,695250.0,1615950.0,0.40955526,39.790707,225,1
atitlan,2025-07-17,695550.0,1615950.0,0.4135679,40.754673,225,1
atitlan,2025-07-17,695850.0,1615950.0,0.4176188,42.21252,225,1
atitlan,2025-07-17,696150.0,1615950.0,0.41620776,41.61638,225,1
atitlan,2025-07-17,696450.0,1615950.0,0.42130718,43.207264,225,1
atitlan,2025-07-17,696750.0,1615950.0,0.4201373,42.978493,225,1
atitlan,2025-07-17,697050.0,1615950.0,0.39160207,36.094704,225,1
atitlan,2025-07-17,697350.0,1615950.0,0.37258422,31.495747,225,1
atitlan,2025-07-17,697650.0,1615950.0,0.34443152,25.935188,225,1
atitlan,2025-07-17,697950.0,1615950.0,0.32910585,21.88685,225,1
atitlan,2025-07-17,698250.0,1615950.0,0.32528195,21.216124,225,1
atitlan,2025-07-17,698550.0,1615950.0,0.3123563,20.610552,225,1
atitlan,2025-07-17,698850.0,1615950.0,0.29352653,17.300785,225,1
atitlan,2025-07-17,699150.0,1615950.0,0.24023916,11.359314,225,0
atitlan,2025-07-17,699450.0,1615950.0,0.25988954,13.492035,225,1
atitlan,2025-07-17,699750.0,1615950.0,0.2826309,15.93983,225,1
atitlan,2025-07-17,700050.0,1615950.0,0.2830162,15.111628,225,1
atitlan,2025-07-17,700350.0,1615950.0,0.24848223,13.4919815,225,1
atitlan,2025-07-17,700650.0,1615950.0,0.22389035,12.368091,225,1
atitlan,2025-07-17,700950.0,1615950.0,0.20249335,8.325786,225,0
atitlan,2025-07-17,701250.0,1615950.0,0.26783076,13.750672,225,1
atitlan,2025-07-17,701550.0,1615950.0,0.30369204,17.801775,225,1
atitlan,2025-07-17,701850.0,1615950.0,0.3175325,19.976793,225,1
atitlan,2025-07-17,702150.0,1615950.0,0.36353382,27.882242,225,1
atitlan,2025-07-17,702450.0,1615950.0,0.35912347,27.467405,225,1
atitlan,2025-07-17,702750.0,1615950.0,0.31503218,20.681911,225,1
atitlan,2025-07-17,703050.0,1615950.0,0.34288162,24.630135,225,1
atitlan,2025-07-17,703350.0,1615950.0,0.34738153,25.21175,225,1
atitlan,2025-07-17,703650.0,1615950.0,0.32003736,20.867863,225,1
atitlan,2025-07-17,703950.0,1615950.0,0.34465158,24.894558,225,1
atitlan,2025-07-17,704250.0,1615950.0,0.35792673,28.089895,225,1
atitlan,2025-07-17,704550.0,1615950.0,0.34062806,23.430304,225,1
atitlan,2025-07-17,704850.0,1615950.0,0.33431074,22.12154,225,1
atitlan,2025-07-17,705150.0,1615950.0,0.34926578,24.940302,225,1
atitlan,2025-07-17,705450.0,1615950.0,0.34327406,25.016306,225,1
atitlan,2025-07-17,705750.0,1615950.0,0.3256233,23.182022,225,1
atitlan,2025-07-17,706050.0,1615950.0,0.30065575,21.614304,225,1
atitlan,2025-07-17,706350.0,1615950.0,0.2634188,14.995206,225,1
atitlan,2025-07-17,706650.0,1615950.0,0.24618442,12.303177,225,1
atitlan,2025-07-17,706950.0,1615950.0,0.29799923,17.95412,225,1
atitlan,2025-07-17,707250.0,1615950.0,0.337417,22.653576,225,1
atitlan,2025-07-17,707550.0,1615950.0,0.32530862,20.974714,225,1
atitlan,2025-07-17,707850.0,1615950.0,0.33390987,21.842512,45,1
atitlan,2025-07-17,680250.0,1616250.0,0.19093391,9.609739,180,0
atitlan,2025-07-17,680550.0,1616250.0,0.06566253,4.9966016,225,0
atitlan,2025-07-17,680850.0,1616250.0,0.02933794,4.432517,225,0
atitlan,2025-07-17,681150.0,1616250.0,0.018802471,4.3127394,225,0
atitlan,2025-07-17,681450.0,1616250.0,0.035510328,4.492681,225,0
atitlan,2025-07-17,681750.0,1616250.0,0.09877956,5.6359553,225,0
atitlan,2025-07-17,682050.0,1616250.0,0.06786258,5.142085,225,0
atitlan,2025-07-17,682350.0,1616250.0,0.03368097,4.5414248,225,0
atitlan,2025-07-17,682650.0,1616250.0,0.16269952,7.9928465,225,0
atitlan,2025-07-17,682950.0,1616250.0,0.102411225,5.802842,225,0
atitlan,2025-07-17,683250.0,1616250.0,0.14978196,7.4526744,225,0
atitlan,2025-07-17,683550.0,1616250.0,0.18977223,8.98789,225,0
atitlan,2025-07-17,683850.0,1616250.0,0.17585345,8.546347,225,0
atitlan,2025-07-17,684150.0,1616250.0,0.2594281,12.586486,225,1
atitlan,2025-07-17,684450.0,1616250.0,0.27374592,14.466463,225,1
atitlan,2025-07-17,684750.0,1616250.0,0.22328801,10.58739,225,0
atitlan,2025-07-17,685050.0,1616250.0,0.26319742,17.140236,225,1
atitlan,2025-07-17,685350.0,1616250.0,0.31436703,19.179304,225,1
atitlan,2025-07-17,685650.0,1616250.0,0.33104828,21.658018,225,1
atitlan,2025-07-17,685950.0,1616250.0,0.33444035,22.500565,225,1
atitlan,2025-07-17,686250.0,1616250.0,0.33010277,21.687218,225,1
atitlan,2025-07-17,686550.0,1616250.0,0.31326377,18.87532,225,1
atitlan,2025-07-17,686850.0,1616250.0,0.35465166,26.077305,225,1
atitlan,2025-07-17,687150.0,1616250.0,0.33829743,23.071512,225,1
atitlan,2025-07-17,687450.0,1616250.0,0.3586099,27.571598,225,1
atitlan,2025-07-17,687750.0,1616250.0,0.35676146,28.617226,225,1
atitlan,2025-07-17,688050.0,1616250.0,0.19958472,13.144796,225,1
atitlan,2025-07-17,688350.0,1616250.0,0.19473834,12.282027,225,1
atitlan,2025-07-17,688650.0,1616250.0,0.29024434,20.750803,225,1
atitlan,2025-07-17,688950.0,1616250.0,0.30479315,21.35383,225,1
atitlan,2025-07-17,689250.0,1616250.0,0.24418625,15.589062,225,1
atitlan,2025-07-17,689550.0,1616250.0,0.30815026,21.118532,225,1
atitlan,2025-07-17,689850.0,1616250.0,0.28947607,17.300842,225,1
atitlan,2025-07-17,690150.0,1616250.0,0.33963704,24.440979,225,1
atitlan,2025-07-17,690450.0,1616250.0,0.3573445,27.125866,225,1
atitlan,2025-07-17,690750.0,1616250.0,0.33701807,24.2647,225,1
atitlan,2025-07-17,691050.0,1616250.0,0.32424343,23.057938,225,1
atitlan,2025-07-17,691350.0,1616250.0,0.3395282,24.299477,225,1
atitlan,2025-07-17,691650.0,1616250.0,0.34163204,25.719236,225,1
atitlan,2025-07-17,691950.0,1616250.0,0.3313623,23.48028,225,1
atitlan,2025-07-17,692250.0,1616250.0,0.3539822,26.389633,225,1
atitlan,2025-07-17,692550.0,1616250.0,0.36366615,28.803747,225,1
atitlan,2025-07-17,692850.0,1616250.0,0.37551808,31.257822,225,1
atitlan,2025-07-17,693150.0,1616250.0,0.3774298,30.98527,225,1
atitlan,2025-07-17,693450.0,1616250.0,0.35777298,26.490805,225,1
atitlan,2025-07-17,693750.0,1616250.0,0.3741423,30.307835,225,1
atitlan,2025-07-17,694050.0,1616250.0,0.35803413,26.874775,225,1
atitlan,2025-07-17,694350.0,1616250.0,0.34185192,23.862196,225,1
atitlan,2025-07-17,694650.0,1616250.0,0.31778637,19.424158,225,1
atitlan,2025-07-17,694950.0,1616250.0,0.34316656,24.618715,225,1
atitlan,2025-07-17,695250.0,1616250.0,0.38629127,34.71904,225,1
atitlan,2025-07-17,695550.0,1616250.0,0.4009575,37.28494,225,1
atitlan,2025-07-17,695850.0,1616250.0,0.41237155,40.463383,225,1
atitlan,2025-07-17,696150.0,1616250.0,0.43463823,47.925056,225,1
atitlan,2025-07-17,696450.0,1616250.0,0.4264459,44.73259,225,1
atitlan,2025-07-17,696750.0,1616250.0,0.42211014,43.168,225,1
atitlan,2025-07-17,697050.0,1616250.0,0.3949258,36.43047,225,1
atitlan,2025-07-17,697350.0,1616250.0,0.35362664,27.899193,225,1
atitlan,2025-07-17,697650.0,1616250.0,0.34704295,26.653479,225,1
atitlan,2025-07-17,697950.0,1616250.0,0.337904,23.873388,225,1
atitlan,2025-07-17,698250.0,1616250.0,0.32483482,22.327333,225,1
atitlan,2025-07-17,698550.0,1616250.0,0.32164338,20.56705,225,1
atitlan,2025-07-17,698850.0,1616250.0,0.32255957,21.23872,225,1
atitlan,2025-07-17,699150.0,1616250.0,0.28902847,16.879747,225,1
atitlan,2025-07-17,699450.0,1616250.0,0.22168961,9.17704,225,0
atitlan,2025-07-17,699750.0,1616250.0,0.23325817,10.4873705,225,0
atitlan,2025-07-17,700050.0,1616250.0,0.2587201,14.366221,225,1
atitlan,2025-07-17,700350.0,1616250.0,0.17675291,8.1427965,225,0
atitlan,2025-07-17,700650.0,1616250.0,0.20012738,8.364972,225,0
atitlan,2025-07-17,700950.0,1616250.0,0.21692856,8.928844,225,0
atitlan,2025-07-17,701250.0,1616250.0,0.28166187,15.589546,225,1
atitlan,2025-07-17,701550.0,1616250.0,0.32417515,20.75611,225,1
atitlan,2025-07-17,701850.0,1616250.0,0.33801955,23.295809,225,1
atitlan,2025-07-17,702150.0,1616250.0,0.370569,29.483294,225,1
atitlan,2025-07-17,702450.0,1616250.0,0.34031767,23.793472,225,1
atitlan,2025-07-17,702750.0,1616250.0,0.36663887,28.678444,225,1
atitlan,2025-07-17,703050.0,1616250.0,0.34709588,24.580597,225,1
atitlan,2025-07-17,703350.0,1616250.0,0.3572482,26.56713,225,1
atitlan,2025-07-17,703650.0,1616250.0,0.3467549,25.078468,225,1
atitlan,2025-07-17,703950.0,1616250.0,0.3292166,22.533165,225,1
atitlan,2025-07-17,704250.0,1616250.0,0.37821487,32.459736,225,1
atitlan,2025-07-17,704550.0,1616250.0,0.33105478,21.519625,225,1
atitlan,2025-07-17,704850.0,1616250.0,0.35134366,25.369099,225,1
atitlan,2025-07-17,705150.0,1616250.0,0.3455371,24.113434,225,1
atitlan,2025-07-17,705450.0,1616250.0,0.34163454,23.567762,225,1
atitlan,2025-07-17,705750.0,1616250.0,0.3254731,22.051851,225,1
atitlan,2025-07-17,706050.0,1616250.0,0.3344048,24.11501,225,1
atitlan,2025-07-17,706350.0,1616250.0,0.26746216,14.799118,225,1
atitlan,2025-07-17,706650.0,1616250.0,0.2921047,16.673449,225,1
atitlan,2025-07-17,706950.0,1616250.0,0.33462182,22.431213,225,1
atitlan,2025-07-17,707250.0,1616250.0,0.35592496,26.65582,225,1
atitlan,2025-07-17,707550.0,1616250.0,0.32493892,20.583878,225,1
atitlan,2025-07-17,707850.0,1616250.0,0.35109535,25.759861,45,1
atitlan,2025-07-17,680250.0,1616550.0,0.048765004,4.648869,180,0
atitlan,2025-07-17,680550.0,1616550.0,0.01964575,4.2943835,225,0
atitlan,2025-07-17,680850.0,1616550.0,0.012179096,4.2401013,225,0
atitlan,2025-07-17,681150.0,1616550.0,0.05835287,5.0703306,225,0
atitlan,2025-07-17,681450.0,1616550.0,0.009397492,4.1754723,225,0
atitlan,2025-07-17,681750.0,1616550.0,0.0879935,5.5959864,225,0
atitlan,2025-07-17,682050.0,1616550.0,0.03581551,4.4856725,225,0
atitlan,2025-07-17,682350.0,1616550.0,0.13180462,7.5579324,225,0
atitlan,2025-07-17,682650.0,1616550.0,0.23239915,11.951882,225,0
atitlan,2025-07-17,682950.0,1616550.0,0.29988113,19.21284,225,1
atitlan,2025-07-17,683250.0,1616550.0,0.28223822,15.102368,225,1
atitlan,2025-07-17,683550.0,1616550.0,0.29278314,16.00961,225,1
atitlan,2025-07-17,683850.0,1616550.0,0.2581165,14.374496,225,1
atitlan,2025-07-17,684150.0,1616550.0,0.25532112,13.559835,225,1
atitlan,2025-07-17,684450.0,1616550.0,0.31385016,19.677198,225,1
atitlan,2025-07-17,684750.0,1616550.0,0.29011342,16.97797,225,1
atitlan,2025-07-17,685050.0,1616550.0,0.3356105,24.715696,225,1
atitlan,2025-07-17,685350.0,1616550.0,0.37054098,30.128477,225,1
atitlan,2025-07-17,685650.0,1616550.0,0.36231473,30.182693,225,1
atitlan,2025-07-17,685950.0,1616550.0,0.36472723,30.565891,225,1
atitlan,2025-07-17,686250.0,1616550.0,0.357652,28.712801,225,1
atitlan,2025-07-17,686550.0,1616550.0,0.3903025,34.91679,225,1
atitlan,2025-07-17,686850.0,1616550.0,0.3841465,32.6011,225,1
atitlan,2025-07-17,687150.0,1616550.0,0.37746403,31.00294,225,1
atitlan,2025-07-17,687450.0,1616550.0,0.3734509,30.974825,225,1
atitlan,2025-07-17,687750.0,1616550.0,0.36534125,29.280321,225,1
atitlan,2025-07-17,688050.0,1616550.0,0.09689181,10.094816,225,0
atitlan,2025-07-17,688350.0,1616550.0,-0.052047584,2.256241,225,0
atitlan,2025-07-17,688650.0,1616550.0,0.11109802,8.389532,225,0
atitlan,2025-07-17,688950.0,1616550.0,0.2562251,14.60957,225,1
atitlan,2025-07-17,689250.0,1616550.0,0.1647978,10.134589,225,0
atitlan,2025-07-17,689550.0,1616550.0,0.22000156,12.51998,225,1
atitlan,2025-07-17,689850.0,1616550.0,0.2649908,15.641226,225,1
atitlan,2025-07-17,690150.0,1616550.0,0.3203378,20.94394,225,1
atitlan,2025-07-17,690450.0,1616550.0,0.31835762,21.605593,225,1
atitlan,2025-07-17,690750.0,1616550.0,0.3288051,23.474323,225,1
atitlan,2025-07-17,691050.0,1616550.0,0.32007518,22.798761,225,1
atitlan,2025-07-17,691350.0,1616550.0,0.3374592,24.36257,225,1
atitlan,2025-07-17,691650.0,1616550.0,0.34274912,24.759924,225,1
atitlan,2025-07-17,691950.0,1616550.0,0.35315362,26.823019,225,1
atitlan,2025-07-17,692250.0,1616550.0,0.3173192,21.23603,225,1
atitlan,2025-07-17,692550.0,1616550.0,0.35738453,28.139418,225,1
atitlan,2025-07-17,692850.0,1616550.0,0.36217222,28.931797,225,1
atitlan,2025-07-17,693150.0,1616550.0,0.3737668,30.402388,225,1
atitlan,2025-07-17,693450.0,1616550.0,0.37192217,29.854559,225,1
atitlan,2025-07-17,693750.0,1616550.0,0.37890422,31.541616,225,1
atitlan,2025-07-17,694050.0,1616550.0,0.36936364,29.297825,225,1
atitlan,2025-07-17,694350.0,1616550.0,0.3685135,28.998365,225,1
atitlan,2025-07-17,694650.0,1616550.0,0.36134163,27.432281,225,1
atitlan,2025-07-17,694950.0,1616550.0,0.38703805,34.048664,225,1
atitlan,2025-07-17,695250.0,1616550.0,0.41215652,40.6438,225,1
atitlan,2025-07-17,695550.0,1616550.0,0.40079865,37.46995,225,1
atitlan,2025-07-17,695850.0,1616550.0,0.41063538,40.252235,225,1
atitlan,2025-07-17,696150.0,1616550.0,0.39406937,36.26635,225,1
atitlan,2025-07-17,696450.0,1616550.0,0.3912558,34.958782,225,1
atitlan,2025-07-17,696750.0,1616550.0,0.41297296,40.694214,225,1
atitlan,2025-07-17,697050.0,1616550.0,0.42153737,43.459213,225,1
atitlan,2025-07-17,697350.0,1616550.0,0.38581842,33.73626,225,1
atitlan,2025-07-17,697650.0,1616550.0,0.35513735,27.441845,225,1
atitlan,2025-07-17,697950.0,1616550.0,0.3320996,23.16731,225,1
atitlan,2025-07-17,698250.0,1616550.0,0.33000672,24.186811,225,1
atitlan,2025-07-17,698550.0,1616550.0,0.33219194,22.97911,225,1
atitlan,2025-07-17,698850.0,1616550.0,0.30269948,19.01807,225,1
atitlan,2025-07-17,699150.0,1616550.0,0.23526028,10.516166,225,0
atitlan,2025-07-17,699450.0,1616550.0,0.23481692,10.328541,225,0
atitlan,2025-07-17,699750.0,1616550.0,0.25377735,12.258164,225,1
atitlan,2025-07-17,700050.0,1616550.0,0.27524987,16.203342,225,1
atitlan,2025-07-17,700350.0,1616550.0,0.30759698,19.969208,225,1
atitlan,2025-07-17,700650.0,1616550.0,0.254606,15.036292,225,1
atitlan,2025-07-17,700950.0,1616550.0,0.23789339,10.799636,225,0
atitlan,2025-07-17,701250.0,1616550.0,0.33418214,22.52368,225,1
atitlan,2025-07-17,701550.0,1616550.0,0.3377464,22.95179,225,1
atitlan,2025-07-17,701850.0,1616550.0,0.3566007,26.952772,225,1
atitlan,2025-07-17,702150.0,1616550.0,0.36437798,28.507355,225,1
atitlan,2025-07-17,702450.0,1616550.0,0.3518227,25.618372,225,1
atitlan,2025-07-17,702750.0,1616550.0,0.35662442,26.718573,225,1
atitlan,2025-07-17,703050.0,1616550.0,0.36203757,28.05269,225,1
atitlan,2025-07-17,703350.0,1616550.0,0.37874582,31.605196,225,1
atitlan,2025-07-17,703650.0,1616550.0,0.3600294,27.930376,225,1
atitlan,2025-07-17,703950.0,1616550.0,0.3278324,21.98234,225,1
atitlan,2025-07-17,704250.0,1616550.0,0.3490503,25.796152,225,1
atitlan,2025-07-17,704550.0,1616550.0,0.34840894,24.903582,225,1
atitlan,2025-07-17,704850.0,1616550.0,0.364234,28.61986,225,1
atitlan,2025-07-17,705150.0,1616550.0,0.36765453,28.85629,225,1
atitlan,2025-07-17,705450.0,1616550.0,0.3410883,23.201916,225,1
atitlan,2025-07-17,705750.0,1616550.0,0.34508535,24.106384,225,1
atitlan,2025-07-17,706050.0,1616550.0,0.33872983,23.234833,225,1
atitlan,2025-07-17,706350.0,1616550.0,0.34174296,25.12812,225,1
atitlan,2025-07-17,706650.0,1616550.0,0.33246216,22.538418,225,1
atitlan,2025-07-17,706950.0,1616550.0,0.3458063,26.163593,225,1
atitlan,2025-07-17,707250.0,1616550.0,0.35202566,25.53437,225,1
atitlan,2025-07-17,707550.0,1616550.0,0.34944415,25.084826,225,1
atitlan,2025-07-17,707850.0,1616550.0,0.37226337,29.638792,45,1
atitlan,2025-07-17,680250.0,1616850.0,0.05388587,4.7340603,180,0
atitlan,2025-07-17,680550.0,1616850.0,0.047858357,4.715592,225,0
atitlan,2025-07-17,680850.0,1616850.0,0.11085368,6.424564,225,0
atitlan,2025-07-17,681150.0,1616850.0,0.13346869,8.708017,225,0
atitlan,2025-07-17,681450.0,1616850.0,0.16191879,9.05423,225,0
atitlan,2025-07-17,681750.0,1616850.0,0.22359549,11.880905,225,0
atitlan,2025-07-17,682050.0,1616850.0,0.22082393,12.693413,225,1
atitlan,2025-07-17,682350.0,1616850.0,0.26004845,16.053608,225,1
atitlan,2025-07-17,682650.0,1616850.0,0.33099085,23.035877,225,1
atitlan,2025-07-17,682950.0,1616850.0,0.33249828,23.00914,225,1
atitlan,2025-07-17,683250.0,1616850.0,0.3010076,17.198622,225,1
atitlan,2025-07-17,683550.0,1616850.0,0.28173888,16.467627,225,1
atitlan,2025-07-17,683850.0,1616850.0,0.20300494,12.950315,225,1
atitlan,2025-07-17,684150.0,1616850.0,0.29699165,18.141558,225,1
atitlan,2025-07-17,684450.0,1616850.0,0.32890832,24.47452,225,1
atitlan,2025-07-17,684750.0,1616850.0,0.34927094,25.808912,225,1
atitlan,2025-07-17,685050.0,1616850.0,0.3469809,25.15411,225,1
atitlan,2025-07-17,685350.0,1616850.0,0.39107582,35.122925,225,1
atitlan,2025-07-17,685650.0,1616850.0,0.35154554,29.80853,225,1
atitlan,2025-07-17,685950.0,1616850.0,0.37645593,32.151466,225,1
atitlan,2025-07-17,686250.0,1616850.0,0.38793388,33.98182,225,1
atitlan,2025-07-17,686550.0,1616850.0,0.37438416,30.702501,225,1
atitlan,2025-07-17,686850.0,1616850.0,0.39147177,34.703953,225,1
atitlan,2025-07-17,687150.0,1616850.0,0.37831923,32.121727,225,1
atitlan,2025-07-17,687450.0,1616850.0,0.3490082,26.771606,225,1
atitlan,2025-07-17,687750.0,1616850.0,0.310781,21.04222,225,1
atitlan,2025-07-17,688050.0,1616850.0,0.16121921,12.110224,225,1
atitlan,2025-07-17,688350.0,1616850.0,-0.067751125,1.6656673,225,0
atitlan,2025-07-17,688650.0,1616850.0,-0.06465812,1.7931193,225,0
atitlan,2025-07-17,688950.0,1616850.0,0.13128015,8.843504,225,0
atitlan,2025-07-17,689250.0,1616850.0,0.24762799,14.311028,225,1
atitlan,2025-07-17,689550.0,1616850.0,0.24117759,14.482015,225,1
atitlan,2025-07-17,689850.0,1616850.0,0.22553307,14.284046,225,1
atitlan,2025-07-17,690150.0,1616850.0,0.23705545,12.070335,225,1
atitlan,2025-07-17,690450.0,1616850.0,0.19522896,9.307326,225,0
atitlan,2025-07-17,690750.0,1616850.0,0.3060628,19.8967,225,1
atitlan,2025-07-17,691050.0,1616850.0,0.34161484,24.26821,225,1
atitlan,2025-07-17,691350.0,1616850.0,0.34299597,24.471731,225,1
atitlan,2025-07-17,691650.0,1616850.0,0.32550755,21.360619,225,1
atitlan,2025-07-17,691950.0,1616850.0,0.33414096,23.775969,225,1
atitlan,2025-07-17,692250.0,1616850.0,0.3480418,26.203388,225,1
atitlan,2025-07-17,692550.0,1616850.0,0.3651322,29.10132,225,1
atitlan,2025-07-17,692850.0,1616850.0,0.3721667,30.040077,225,1
atitlan,2025-07-17,693150.0,1616850.0,0.37693056,31.5175,225,1
atitlan,2025-07-17,693450.0,1616850.0,0.38416114,32.51807,225,1
atitlan,2025-07-17,693750.0,1616850.0,0.37990198,31.482126,225,1
atitlan,2025-07-17,694050.0,1616850.0,0.38172272,31.866169,225,1
atitlan,2025-07-17,694350.0,1616850.0,0.38837054,34.005306,225,1
atitlan,2025-07-17,694650.0,1616850.0,0.36443788,28.35771,225,1
atitlan,2025-07-17,694950.0,1616850.0,0.33081278,24.165485,225,1
atitlan,2025-07-17,695250.0,1616850.0,0.32055622,23.201786,225,1
atitlan,2025-07-17,695550.0,1616850.0,0.3866711,33.83575,225,1
atitlan,2025-07-17,695850.0,1616850.0,0.40227762,37.501373,225,1
atitlan,2025-07-17,696150.0,1616850.0,0.3980664,36.650665,225,1
atitlan,2025-07-17,696450.0,1616850.0,0.41103324,40.286373,225,1
atitlan,2025-07-17,696750.0,1616850.0,0.424221,44.303043,225,1
atitlan,2025-07-17,697050.0,1616850.0,0.43032452,46.134274,225,1
atitlan,2025-07-17,697350.0,1616850.0,0.39081106,36.177505,225,1
atitlan,2025-07-17,697650.0,1616850.0,0.33994794,24.64573,225,1
atitlan,2025-07-17,697950.0,1616850.0,0.33327445,23.039875,225,1
atitlan,2025-07-17,698250.0,1616850.0,0.3293909,22.62165,225,1
atitlan,2025-07-17,698550.0,1616850.0,0.29517487,17.77171,225,1
atitlan,2025-07-17,698850.0,1616850.0,0.29738057,17.5247,225,1
atitlan,2025-07-17,699150.0,1616850.0,0.29652578,19.2503,225,1
atitlan,2025-07-17,699450.0,1616850.0,0.23347981,12.394986,225,1
atitlan,2025-07-17,699750.0,1616850.0,0.2596946,13.469666,225,1
atitlan,2025-07-17,700050.0,1616850.0,0.28534755,16.014332,225,1
atitlan,2025-07-17,700350.0,1616850.0,0.3405506,23.27965,225,1
atitlan,2025-07-17,700650.0,1616850.0,0.35327122,27.062124,225,1
atitlan,2025-07-17,700950.0,1616850.0,0.27056816,14.397133,225,1
atitlan,2025-07-17,701250.0,1616850.0,0.311881,20.203325,225,1
atitlan,2025-07-17,701550.0,1616850.0,0.34589145,24.228458,225,1
atitlan,2025-07-17,701850.0,1616850.0,0.37527925,30.726723,225,1
atitlan,2025-07-17,702150.0,1616850.0,0.35574025,26.750988,225,1
atitlan,2025-07-17,702450.0,1616850.0,0.373286,30.498154,225,1
atitlan,2025-07-17,702750.0,1616850.0,0.36825544,28.969141,225,1
atitlan,2025-07-17,703050.0,1616850.0,0.37456265,30.26241,225,1
atitlan,2025-07-17,703350.0,1616850.0,0.37294474,29.92008,225,1
atitlan,2025-07-17,703650.0,1616850.0,0.3607966,28.231295,225,1
atitlan,2025-07-17,703950.0,1616850.0,0.31980518,20.333706,225,1
atitlan,2025-07-17,704250.0,1616850.0,0.29635617,18.502651,225,1
atitlan,2025-07-17,704550.0,1616850.0,0.31626326,20.686367,225,1
atitlan,2025-07-17,704850.0,1616850.0,0.34475526,25.430994,225,1
atitlan,2025-07-17,705150.0,1616850.0,0.36049408,28.389277,225,1
atitlan,2025-07-17,705450.0,1616850.0,0.32196313,21.03354,225,1
atitlan,2025-07-17,705750.0,1616850.0,0.34388444,23.941862,225,1
atitlan,2025-07-17,706050.0,1616850.0,0.34493437,23.947792,225,1
atitlan,2025-07-17,706350.0,1616850.0,0.34982592,25.078299,225,1
atitlan,2025-07-17,706650.0,1616850.0,0.34681854,26.031961,225,1
atitlan,2025-07-17,706950.0,1616850.0,0.33998922,24.00189,225,1
atitlan,2025-07-17,707250.0,1616850.0,0.348253,26.347382,225,1
atitlan,2025-07-17,707550.0,1616850.0,0.36850494,30.070047,225,1
atitlan,2025-07-17,707850.0,1616850.0,0.37382454,30.329521,45,1
atitlan,2025-07-17,680250.0,1617150.0,0.037898883,4.517528,180,0
atitlan,2025-07-17,680550.0,1617150.0,0.26680517,15.77023,225,1
atitlan,2025-07-17,680850.0,1617150.0,0.31156462,18.699892,225,1
atitlan,2025-07-17,681150.0,1617150.0,0.22906357,12.8843155,225,1
atitlan,2025-07-17,681450.0,1617150.0,0.20106962,9.571014,225,0
atitlan,2025-07-17,681750.0,1617150.0,0.26167515,13.904338,225,1
atitlan,2025-07-17,682050.0,1617150.0,0.30903032,18.628527,225,1
atitlan,2025-07-17,682350.0,1617150.0,0.33183485,23.25644,225,1
atitlan,2025-07-17,682650.0,1617150.0,0.39855754,37.27745,225,1
atitlan,2025-07-17,682950.0,1617150.0,0.33251038,22.681305,225,1
atitlan,2025-07-17,683250.0,1617150.0,0.3561924,27.252913,225,1
atitlan,2025-07-17,683550.0,1617150.0,0.3439914,26.21834,225,1
atitlan,2025-07-17,683850.0,1617150.0,0.34066597,26.50769,225,1
atitlan,2025-07-17,684150.0,1617150.0,0.30429214,18.46059,225,1
atitlan,2025-07-17,684450.0,1617150.0,0.29605955,18.912554,225,1
atitlan,2025-07-17,684750.0,1617150.0,0.39580306,36.129402,225,1
atitlan,2025-07-17,685050.0,1617150.0,0.37859243,31.84,225,1
atitlan,2025-07-17,685350.0,1617150.0,0.37094334,31.995066,225,1
atitlan,2025-07-17,685650.0,1617150.0,0.32152656,22.428947,225,1
atitlan,2025-07-17,685950.0,1617150.0,0.35233676,27.363276,225,1
atitlan,2025-07-17,686250.0,1617150.0,0.36570597,29.659878,225,1
atitlan,2025-07-17,686550.0,1617150.0,0.3432366,24.796371,225,1
atitlan,2025-07-17,686850.0,1617150.0,0.37619188,31.565887,225,1
atitlan,2025-07-17,687150.0,1617150.0,0.28511658,16.174404,225,1
atitlan,2025-07-17,687450.0,1617150.0,0.2506861,12.94315,225,1
atitlan,2025-07-17,687750.0,1617150.0,0.26667884,14.206575,225,1
atitlan,2025-07-17,688050.0,1617150.0,0.1302791,9.974153,225,0
atitlan,2025-07-17,688350.0,1617150.0,-0.06439014,1.8553282,225,0
atitlan,2025-07-17,688650.0,1617150.0,-0.066468395,1.7422595,225,0
atitlan,2025-07-17,688950.0,1617150.0,-0.06206331,1.7843715,225,0
atitlan,2025-07-17,689250.0,1617150.0,0.1631852,8.183471,225,0
atitlan,2025-07-17,689550.0,1617150.0,0.24182694,13.414747,225,1
atitlan,2025-07-17,689850.0,1617150.0,0.19589458,10.687198,225,0
atitlan,2025-07-17,690150.0,1617150.0,0.22671488,12.045409,225,1
atitlan,2025-07-17,690450.0,1617150.0,0.2428283,13.179055,225,1
atitlan,2025-07-17,690750.0,1617150.0,0.30061045,19.289635,225,1
atitlan,2025-07-17,691050.0,1617150.0,0.33235198,21.92804,225,1
atitlan,2025-07-17,691350.0,1617150.0,0.3046983,20.02304,225,1
atitlan,2025-07-17,691650.0,1617150.0,0.33346134,22.729404,225,1
atitlan,2025-07-17,691950.0,1617150.0,0.34890506,25.54464,225,1
atitlan,2025-07-17,692250.0,1617150.0,0.35034773,25.734453,225,1
atitlan,2025-07-17,692550.0,1617150.0,0.35046986,26.349588,225,1
atitlan,2025-07-17,692850.0,1617150.0,0.36701536,30.150291,225,1
atitlan,2025-07-17,693150.0,1617150.0,0.3872255,33.42472,225,1
atitlan,2025-07-17,693450.0,1617150.0,0.38094133,31.756052,225,1
atitlan,2025-07-17,693750.0,1617150.0,0.38472745,32.7019,225,1
atitlan,2025-07-17,694050.0,1617150.0,0.38575307,33.317875,225,1
atitlan,2025-07-17,694350.0,1617150.0,0.37421227,30.371172,225,1
atitlan,2025-07-17,694650.0,1617150.0,0.35122123,26.15878,225,1
atitlan,2025-07-17,694950.0,1617150.0,0.33765137,22.783838,225,1
atitlan,2025-07-17,695250.0,1617150.0,0.35693058,27.691471,225,1
atitlan,2025-07-17,695550.0,1617150.0,0.39347365,36.299526,225,1
atitlan,2025-07-17,695850.0,1617150.0,0.3998391,36.833885,225,1
atitlan,2025-07-17,696150.0,1617150.0,0.41948363,42.60053,225,1
atitlan,2025-07-17,696450.0,1617150.0,0.42423394,45.850006,225,1
atitlan,2025-07-17,696750.0,1617150.0,0.4274922,45.10816,225,1
atitlan,2025-07-17,697050.0,1617150.0,0.4126371,41.374344,225,1
atitlan,2025-07-17,697350.0,1617150.0,0.3818158,33.429104,225,1
atitlan,2025-07-17,697650.0,1617150.0,0.32373923,22.274502,225,1
atitlan,2025-07-17,697950.0,1617150.0,0.3226302,21.043682,225,1
atitlan,2025-07-17,698250.0,1617150.0,0.33056915,22.300608,225,1
atitlan,2025-07-17,698550.0,1617150.0,0.28043714,18.953997,225,1
atitlan,2025-07-17,698850.0,1617150.0,0.25209135,13.332647,225,1
atitlan,2025-07-17,699150.0,1617150.0,0.29594442,17.591515,225,1
atitlan,2025-07-17,699450.0,1617150.0,0.24030635,14.961785,225,1
atitlan,2025-07-17,699750.0,1617150.0,0.28861487,20.848618,225,1
atitlan,2025-07-17,700050.0,1617150.0,0.35004887,26.603771,225,1
atitlan,2025-07-17,700350.0,1617150.0,0.31796727,20.629353,225,1
atitlan,2025-07-17,700650.0,1617150.0,0.3581324,27.664152,225,1
atitlan,2025-07-17,700950.0,1617150.0,0.3490839,25.516062,225,1
atitlan,2025-07-17,701250.0,1617150.0,0.34812707,25.967962,225,1
atitlan,2025-07-17,701550.0,1617150.0,0.34483474,24.107609,225,1
atitlan,2025-07-17,701850.0,1617150.0,0.34288165,24.371502,225,1
atitlan,2025-07-17,702150.0,1617150.0,0.37140983,30.09494,225,1
atitlan,2025-07-17,702450.0,1617150.0,0.37813473,31.23917,225,1
atitlan,2025-07-17,702750.0,1617150.0,0.3854261,33.087173,225,1
atitlan,2025-07-17,703050.0,1617150.0,0.3816947,31.893692,225,1
atitlan,2025-07-17,703350.0,1617150.0,0.369782,29.556202,225,1
atitlan,2025-07-17,703650.0,1617150.0,0.3331905,24.394306,225,1
atitlan,2025-07-17,703950.0,1617150.0,0.32394585,20.740782,225,1
atitlan,2025-07-17,704250.0,1617150.0,0.3138411,19.963442,225,1
atitlan,2025-07-17,704550.0,1617150.0,0.31541452,21.039667,225,1
atitlan,2025-07-17,704850.0,1617150.0,0.30883583,19.689281,225,1
atitlan,2025-07-17,705150.0,1617150.0,0.31581086,21.33299,225,1
atitlan,2025-07-17,705450.0,1617150.0,0.34782016,24.558346,225,1
atitlan,2025-07-17,705750.0,1617150.0,0.33952877,23.057518,225,1
atitlan,2025-07-17,706050.0,1617150.0,0.3349636,22.662975,225,1
atitlan,2025-07-17,706350.0,1617150.0,0.3471193,25.082792,225,1
atitlan,2025-07-17,706650.0,1617150.0,0.36073777,27.570868,225,1
atitlan,2025-07-17,706950.0,1617150.0,0.35795987,27.003054,225,1
atitlan,2025-07-17,707250.0,1617150.0,0.3498977,25.948689,225,1
atitlan,2025-07-17,707550.0,1617150.0,0.3194401,24.2293,225,1
atitlan,2025-07-17,707850.0,1617150.0,0.35913166,31.403938,45,1
atitlan,2025-07-17,680250.0,1617450.0,0.0774406,5.0546284,180,0
atitlan,2025-07-17,680550.0,1617450.0,0.27769193,16.230656,225,1
atitlan,2025-07-17,680850.0,1617450.0,0.30556977,17.839327,225,1
atitlan,2025-07-17,681150.0,1617450.0,0.30264696,17.462341,225,1
atitlan,2025-07-17,681450.0,1617450.0,0.2792087,16.205898,225,1
atitlan,2025-07-17,681750.0,1617450.0,0.27398562,15.741255,225,1
atitlan,2025-07-17,682050.0,1617450.0,0.31569278,19.161484,225,1
atitlan,2025-07-17,682350.0,1617450.0,0.32897398,21.373447,225,1
atitlan,2025-07-17,682650.0,1617450.0,0.40132365,37.830982,225,1
atitlan,2025-07-17,682950.0,1617450.0,0.33309424,24.854382,225,1
atitlan,2025-07-17,683250.0,1617450.0,0.40413466,38.508087,225,1
atitlan,2025-07-17,683550.0,1617450.0,0.38569418,34.502277,225,1
atitlan,2025-07-17,683850.0,1617450.0,0.35597482,26.960524,225,1
atitlan,2025-07-17,684150.0,1617450.0,0.33115214,22.484001,225,1
atitlan,2025-07-17,684450.0,1617450.0,0.30050275,17.829258,225,1
atitlan,2025-07-17,684750.0,1617450.0,0.39450902,35.696796,225,1
atitlan,2025-07-17,685050.0,1617450.0,0.38595167,34.2929,225,1
atitlan,2025-07-17,685350.0,1617450.0,0.3222394,23.932434,225,1
atitlan,2025-07-17,685650.0,1617450.0,0.32533273,22.522152,225,1
atitlan,2025-07-17,685950.0,1617450.0,0.32516673,22.288586,225,1
atitlan,2025-07-17,686250.0,1617450.0,0.343547,25.104706,225,1
atitlan,2025-07-17,686550.0,1617450.0,0.31952214,20.402046,225,1
atitlan,2025-07-17,686850.0,1617450.0,0.28363276,16.585005,225,1
atitlan,2025-07-17,687150.0,1617450.0,0.28057525,16.084517,225,1
atitlan,2025-07-17,687450.0,1617450.0,0.24773848,14.9682665,225,1
atitlan,2025-07-17,687750.0,1617450.0,0.22585538,13.057704,225,1
atitlan,2025-07-17,688050.0,1617450.0,0.102068424,6.8422685,225,0
atitlan,2025-07-17,688350.0,1617450.0,-0.061569963,1.9838966,225,0
atitlan,2025-07-17,688650.0,1617450.0,-0.064029075,1.8674778,225,0
atitlan,2025-07-17,688950.0,1617450.0,-0.07057941,1.5275453,225,0
atitlan,2025-07-17,689250.0,1617450.0,-0.020551752,3.0197458,225,0
atitlan,2025-07-17,689550.0,1617450.0,0.18534963,9.390756,225,0
atitlan,2025-07-17,689850.0,1617450.0,0.25408486,14.096653,225,1
atitlan,2025-07-17,690150.0,1617450.0,0.23969899,14.076855,225,1
atitlan,2025-07-17,690450.0,1617450.0,0.2190338,12.769739,225,1
atitlan,2025-07-17,690750.0,1617450.0,0.31931695,20.037281,225,1
atitlan,2025-07-17,691050.0,1617450.0,0.32979566,21.55692,225,1
atitlan,2025-07-17,691350.0,1617450.0,0.33317247,22.8339,225,1
atitlan,2025-07-17,691650.0,1617450.0,0.30914736,20.203564,225,1
atitlan,2025-07-17,691950.0,1617450.0,0.32953787,23.679478,225,1
atitlan,2025-07-17,692250.0,1617450.0,0.28535149,17.87138,225,1
atitlan,2025-07-17,692550.0,1617450.0,0.27861783,17.459068,225,1
atitlan,2025-07-17,692850.0,1617450.0,0.34090096,25.887476,225,1
atitlan,2025-07-17,693150.0,1617450.0,0.35146952,27.850172,225,1
atitlan,2025-07-17,693450.0,1617450.0,0.39407045,35.69097,225,1
atitlan,2025-07-17,693750.0,1617450.0,0.38858426,33.851284,225,1
atitlan,2025-07-17,694050.0,1617450.0,0.37791815,31.408648,225,1
atitlan,2025-07-17,694350.0,1617450.0,0.36192024,27.764,225,1
atitlan,2025-07-17,694650.0,1617450.0,0.33197507,21.914251,225,1
atitlan,2025-07-17,694950.0,1617450.0,0.331778,21.560595,225,1
atitlan,2025-07-17,695250.0,1617450.0,0.35973686,27.521856,225,1
atitlan,2025-07-17,695550.0,1617450.0,0.40184832,37.38512,225,1
atitlan,2025-07-17,695850.0,1617450.0,0.4146733,41.21115,225,1
atitlan,2025-07-17,696150.0,1617450.0,0.41605157,41.465492,225,1
atitlan,2025-07-17,696450.0,1617450.0,0.39586413,40.42257,225,1
atitlan,2025-07-17,696750.0,1617450.0,0.33669004,31.036343,225,1
atitlan,2025-07-17,697050.0,1617450.0,0.31047663,22.975891,225,1
atitlan,2025-07-17,697350.0,1617450.0,0.37867334,32.6318,225,1
atitlan,2025-07-17,697650.0,1617450.0,0.34290835,25.386219,225,1
atitlan,2025-07-17,697950.0,1617450.0,0.28260285,17.660492,225,1
atitlan,2025-07-17,698250.0,1617450.0,0.28708354,16.376951,225,1
atitlan,2025-07-17,698550.0,1617450.0,0.28484043,20.322594,225,1
atitlan,2025-07-17,698850.0,1617450.0,0.29420796,17.657425,225,1
atitlan,2025-07-17,699150.0,1617450.0,0.26692608,15.65426,225,1
atitlan,2025-07-17,699450.0,1617450.0,0.22680885,14.48607,225,1
atitlan,2025-07-17,699750.0,1617450.0,0.17471512,12.477295,225,1
atitlan,2025-07-17,700050.0,1617450.0,0.34399503,26.507286,225,1
atitlan,2025-07-17,700350.0,1617450.0,0.3096123,19.578382,225,1
atitlan,2025-07-17,700650.0,1617450.0,0.2774209,17.394543,225,1
atitlan,2025-07-17,700950.0,1617450.0,0.3001845,19.369179,225,1
atitlan,2025-07-17,701250.0,1617450.0,0.35537553,28.00777,225,1
atitlan,2025-07-17,701550.0,1617450.0,0.3353185,23.086178,225,1
atitlan,2025-07-17,701850.0,1617450.0,0.34755057,25.084965,225,1
atitlan,2025-07-17,702150.0,1617450.0,0.40744394,38.867657,225,1
atitlan,2025-07-17,702450.0,1617450.0,0.39367947,35.540844,225,1
atitlan,2025-07-17,702750.0,1617450.0,0.39852422,36.69612,225,1
atitlan,2025-07-17,703050.0,1617450.0,0.3829655,32.24426,225,1
atitlan,2025-07-17,703350.0,1617450.0,0.36813724,29.962523,225,1
atitlan,2025-07-17,703650.0,1617450.0,0.33813578,24.302069,225,1
atitlan,2025-07-17,703950.0,1617450.0,0.34078932,23.473864,225,1
atitlan,2025-07-17,704250.0,1617450.0,0.2937239,17.65398,225,1
atitlan,2025-07-17,704550.0,1617450.0,0.29965732,19.008814,225,1
atitlan,2025-07-17,704850.0,1617450.0,0.32856297,22.175117,225,1
atitlan,2025-07-17,705150.0,1617450.0,0.32586548,20.981459,225,1
atitlan,2025-07-17,705450.0,1617450.0,0.31799042,19.972748,225,1
atitlan,2025-07-17,705750.0,1617450.0,0.31282812,18.490534,225,1
atitlan,2025-07-17,706050.0,1617450.0,0.3206661,20.126793,225,1
atitlan,2025-07-17,706350.0,1617450.0,0.36172265,28.770935,225,1
atitlan,2025-07-17,706650.0,1617450.0,0.35038194,25.56393,225,1
atitlan,2025-07-17,706950.0,1617450.0,0.34745958,24.63311,225,1
atitlan,2025-07-17,707250.0,1617450.0,0.35965607,27.163334,225,1
atitlan,2025-07-17,707550.0,1617450.0,0.3494493,25.492313,225,1
atitlan,2025-07-17,707850.0,1617450.0,0.38632932,34.061893,45,1
atitlan,2025-07-17,680250.0,1617750.0,0.09310778,5.5766187,180,0
atitlan,2025-07-17,680550.0,1617750.0,0.20123327,12.113623,225,1
atitlan,2025-07-17,680850.0,1617750.0,0.28051767,15.829682,225,1
atitlan,2025-07-17,681150.0,1617750.0,0.29212257,16.06089,225,1
atitlan,2025-07-17,681450.0,1617750.0,0.31759787,19.584368,225,1
atitlan,2025-07-17,681750.0,1617750.0,0.2976901,16.837177,225,1
atitlan,2025-07-17,682050.0,1617750.0,0.28887933,15.727522,225,1
atitlan,2025-07-17,682350.0,1617750.0,0.3616079,28.359371,225,1
atitlan,2025-07-17,682650.0,1617750.0,0.3827076,32.656254,225,1
atitlan,2025-07-17,682950.0,1617750.0,0.33609772,24.318243,225,1
atitlan,2025-07-17,683250.0,1617750.0,0.40312374,38.536285,225,1
atitlan,2025-07-17,683550.0,1617750.0,0.37517396,31.285582,225,1
atitlan,2025-07-17,683850.0,1617750.0,0.367408,29.707014,225,1
atitlan,2025-07-17,684150.0,1617750.0,0.35869613,27.980268,225,1
atitlan,2025-07-17,684450.0,1617750.0,0.35189286,26.762753,225,1
atitlan,2025-07-17,684750.0,1617750.0,0.39329094,35.93675,225,1
atitlan,2025-07-17,685050.0,1617750.0,0.34314284,25.487062,225,1
atitlan,2025-07-17,685350.0,1617750.0,0.33948305,24.645819,225,1
atitlan,2025-07-17,685650.0,1617750.0,0.31632167,21.870096,225,1
atitlan,2025-07-17,685950.0,1617750.0,0.30936202,20.066038,225,1
atitlan,2025-07-17,686250.0,1617750.0,0.31371534,20.239382,225,1
atitlan,2025-07-17,686550.0,1617750.0,0.34291747,25.881779,225,1
atitlan,2025-07-17,686850.0,1617750.0,0.29954773,19.370121,225,1
atitlan,2025-07-17,687150.0,1617750.0,0.30874482,19.36616,225,1
atitlan,2025-07-17,687450.0,1617750.0,0.23095629,15.449657,225,1
atitlan,2025-07-17,687750.0,1617750.0,0.2084291,13.669074,225,1
atitlan,2025-07-17,688050.0,1617750.0,0.063095875,6.038806,225,0
atitlan,2025-07-17,688350.0,1617750.0,-0.061079755,1.9977193,225,0
atitlan,2025-07-17,688650.0,1617750.0,-0.07265187,1.3953471,225,0
atitlan,2025-07-17,688950.0,1617750.0,-0.081353635,0.9385123,225,0
atitlan,2025-07-17,689250.0,1617750.0,-0.07924001,1.0453432,225,0
atitlan,2025-07-17,689550.0,1617750.0,0.016786242,4.6833906,225,0
atitlan,2025-07-17,689850.0,1617750.0,0.23544246,12.453888,225,1
atitlan,2025-07-17,690150.0,1617750.0,0.27182624,15.547473,225,1
atitlan,2025-07-17,690450.0,1617750.0,0.14503758,9.25448,225,0
atitlan,2025-07-17,690750.0,1617750.0,0.21679576,12.663906,225,1
atitlan,2025-07-17,691050.0,1617750.0,0.3022305,18.241005,225,1
atitlan,2025-07-17,691350.0,1617750.0,0.31660983,19.901918,225,1
atitlan,2025-07-17,691650.0,1617750.0,0.30088192,18.957993,225,1
atitlan,2025-07-17,691950.0,1617750.0,0.31652477,21.193428,225,1
atitlan,2025-07-17,692250.0,1617750.0,0.27581263,17.330341,225,1
atitlan,2025-07-17,692550.0,1617750.0,0.24526083,14.37014,225,1
atitlan,2025-07-17,692850.0,1617750.0,0.3091003,21.13005,225,1
atitlan,2025-07-17,693150.0,1617750.0,0.36683464,30.778412,225,1
atitlan,2025-07-17,693450.0,1617750.0,0.3695721,30.418608,225,1
atitlan,2025-07-17,693750.0,1617750.0,0.38387913,32.494743,225,1
atitlan,2025-07-17,694050.0,1617750.0,0.38240072,32.184174,225,1
atitlan,2025-07-17,694350.0,1617750.0,0.37341693,30.643726,225,1
atitlan,2025-07-17,694650.0,1617750.0,0.34049994,23.784115,225,1
atitlan,2025-07-17,694950.0,1617750.0,0.33569172,22.50128,225,1
atitlan,2025-07-17,695250.0,1617750.0,0.34422883,24.293184,225,1
atitlan,2025-07-17,695550.0,1617750.0,0.3806766,32.139343,225,1
atitlan,2025-07-17,695850.0,1617750.0,0.41830721,42.23951,225,1
atitlan,2025-07-17,696150.0,1617750.0,0.4333796,47.16743,225,1
atitlan,2025-07-17,696450.0,1617750.0,0.41969913,42.588566,225,1
atitlan,2025-07-17,696750.0,1617750.0,0.41216514,42.204197,225,1
atitlan,2025-07-17,697050.0,1617750.0,0.3933104,38.360058,225,1
atitlan,2025-07-17,697350.0,1617750.0,0.38133344,34.378845,225,1
atitlan,2025-07-17,697650.0,1617750.0,0.34894246,26.951155,225,1
atitlan,2025-07-17,697950.0,1617750.0,0.26336798,15.046979,225,1
atitlan,2025-07-17,698250.0,1617750.0,0.21841466,13.028848,225,1
atitlan,2025-07-17,698550.0,1617750.0,0.29441398,16.426888,225,1
atitlan,2025-07-17,698850.0,1617750.0,0.30570266,19.250113,225,1
atitlan,2025-07-17,699150.0,1617750.0,0.1667545,10.815656,225,0
atitlan,2025-07-17,699450.0,1617750.0,0.23694086,15.069333,225,1
atitlan,2025-07-17,699750.0,1617750.0,0.15595748,9.353145,225,0
atitlan,2025-07-17,700050.0,1617750.0,0.25820684,18.434586,225,1
atitlan,2025-07-17,700350.0,1617750.0,0.33075175,23.220863,225,1
atitlan,2025-07-17,700650.0,1617750.0,0.34034202,24.346886,225,1
atitlan,2025-07-17,700950.0,1617750.0,0.32497895,22.182356,225,1
atitlan,2025-07-17,701250.0,1617750.0,0.30531868,19.63185,225,1
atitlan,2025-07-17,701550.0,1617750.0,0.334788,22.526096,225,1
atitlan,2025-07-17,701850.0,1617750.0,0.3918393,34.566113,225,1
atitlan,2025-07-17,702150.0,1617750.0,0.40345907,37.638115,225,1
atitlan,2025-07-17,702450.0,1617750.0,0.38619938,33.14291,225,1
atitlan,2025-07-17,702750.0,1617750.0,0.38021263,31.529245,225,1
atitlan,2025-07-17,703050.0,1617750.0,0.37276292,29.737814,225,1
atitlan,2025-07-17,703350.0,1617750.0,0.3632449,28.128696,225,1
atitlan,2025-07-17,703650.0,1617750.0,0.33793625,24.094528,225,1
atitlan,2025-07-17,703950.0,1617750.0,0.34990075,25.300314,225,1
atitlan,2025-07-17,704250.0,1617750.0,0.3052145,19.425684,225,1
atitlan,2025-07-17,704550.0,1617750.0,0.27752075,16.18684,225,1
atitlan,2025-07-17,704850.0,1617750.0,0.31708357,20.049063,225,1
atitlan,2025-07-17,705150.0,1617750.0,0.24015328,15.283642,225,1
atitlan,2025-07-17,705450.0,1617750.0,0.25587276,15.22105,225,1
atitlan,2025-07-17,705750.0,1617750.0,0.29017526,16.803127,225,1
atitlan,2025-07-17,706050.0,1617750.0,0.30028057,16.812967,225,1
atitlan,2025-07-17,706350.0,1617750.0,0.33495754,22.53331,225,1
atitlan,2025-07-17,706650.0,1617750.0,0.36126274,27.587801,225,1
atitlan,2025-07-17,706950.0,1617750.0,0.3529224,25.860235,225,1
atitlan,2025-07-17,707250.0,1617750.0,0.34987846,25.457523,225,1
atitlan,2025-07-17,707550.0,1617750.0,0.34407324,24.171839,225,1
atitlan,2025-07-17,707850.0,1617750.0,0.4349194,48.26267,45,1
atitlan,2025-07-17,680250.0,1618050.0,0.3186439,20.709455,180,1
atitlan,2025-07-17,680550.0,1618050.0,0.3239646,21.025093,225,1
atitlan,2025-07-17,680850.0,1618050.0,0.28997707,16.371597,225,1
atitlan,2025-07-17,681150.0,1618050.0,0.2630658,14.5762415,225,1
atitlan,2025-07-17,681450.0,1618050.0,0.2658864,13.461752,225,1
atitlan,2025-07-17,681750.0,1618050.0,0.27190027,13.697095,225,1
atitlan,2025-07-17,682050.0,1618050.0,0.2651255,13.590482,225,1
atitlan,2025-07-17,682350.0,1618050.0,0.30575103,18.16166,225,1
atitlan,2025-07-17,682650.0,1618050.0,0.36138213,27.961853,225,1
atitlan,2025-07-17,682950.0,1618050.0,0.37804958,31.63069,225,1
atitlan,2025-07-17,683250.0,1618050.0,0.3721392,30.334068,225,1
atitlan,2025-07-17,683550.0,1618050.0,0.37973168,32.595493,225,1
atitlan,2025-07-17,683850.0,1618050.0,0.43499905,47.551247,225,1
atitlan,2025-07-17,684150.0,1618050.0,0.43848434,48.65331,225,1
atitlan,2025-07-17,684450.0,1618050.0,0.4115073,43.842873,225,1
atitlan,2025-07-17,684750.0,1618050.0,0.3507843,29.613113,225,1
atitlan,2025-07-17,685050.0,1618050.0,0.3180525,21.779978,225,1
atitlan,2025-07-17,685350.0,1618050.0,0.32949242,22.862488,225,1
atitlan,2025-07-17,685650.0,1618050.0,0.3098775,20.593336,225,1
atitlan,2025-07-17,685950.0,1618050.0,0.32219416,21.52132,225,1
atitlan,2025-07-17,686250.0,1618050.0,0.3032448,20.690554,225,1
atitlan,2025-07-17,686550.0,1618050.0,0.3195881,21.70049,225,1
atitlan,2025-07-17,686850.0,1618050.0,0.3094018,19.215128,225,1
atitlan,2025-07-17,687150.0,1618050.0,0.29476932,17.271511,225,1
atitlan,2025-07-17,687450.0,1618050.0,0.3034128,19.264944,225,1
atitlan,2025-07-17,687750.0,1618050.0,0.31405854,23.107197,225,1
atitlan,2025-07-17,688050.0,1618050.0,0.22910361,13.998931,225,1
atitlan,2025-07-17,688350.0,1618050.0,0.054174062,5.5307426,225,0
atitlan,2025-07-17,688650.0,1618050.0,-0.067444846,1.6676397,225,0
atitlan,2025-07-17,688950.0,1618050.0,-0.0764469,1.184676,225,0
atitlan,2025-07-17,689250.0,1618050.0,-0.07887942,1.0677041,225,0
atitlan,2025-07-17,689550.0,1618050.0,-0.07397521,1.3248442,225,0
atitlan,2025-07-17,689850.0,1618050.0,-0.036531627,2.7675211,225,0
atitlan,2025-07-17,690150.0,1618050.0,0.16628155,9.970708,225,0
atitlan,2025-07-17,690450.0,1618050.0,0.21485278,13.422345,225,1
atitlan,2025-07-17,690750.0,1618050.0,0.2579492,15.826048,225,1
atitlan,2025-07-17,691050.0,1618050.0,0.31965074,20.222569,225,1
atitlan,2025-07-17,691350.0,1618050.0,0.32063198,20.517975,225,1
atitlan,2025-07-17,691650.0,1618050.0,0.2690838,16.475012,225,1
atitlan,2025-07-17,691950.0,1618050.0,0.29553992,18.61802,225,1
atitlan,2025-07-17,692250.0,1618050.0,0.23761986,13.439769,225,1
atitlan,2025-07-17,692550.0,1618050.0,0.2861314,18.481949,225,1
atitlan,2025-07-17,692850.0,1618050.0,0.3324759,24.545725,225,1
atitlan,2025-07-17,693150.0,1618050.0,0.35914603,27.930954,225,1
atitlan,2025-07-17,693450.0,1618050.0,0.33978415,25.271955,225,1
atitlan,2025-07-17,693750.0,1618050.0,0.37362653,30.181849,225,1
atitlan,2025-07-17,694050.0,1618050.0,0.3701369,29.426619,225,1
atitlan,2025-07-17,694350.0,1618050.0,0.35341966,25.998447,225,1
atitlan,2025-07-17,694650.0,1618050.0,0.34790412,25.04519,225,1
atitlan,2025-07-17,694950.0,1618050.0,0.34737197,25.029524,225,1
atitlan,2025-07-17,695250.0,1618050.0,0.34892675,25.153185,225,1
atitlan,2025-07-17,695550.0,1618050.0,0.38365963,32.722717,225,1
atitlan,2025-07-17,695850.0,1618050.0,0.414788,41.18201,225,1
atitlan,2025-07-17,696150.0,1618050.0,0.4269829,45.23974,225,1
atitlan,2025-07-17,696450.0,1618050.0,0.42397028,43.99359,225,1
atitlan,2025-07-17,696750.0,1618050.0,0.42252466,43.67376,225,1
atitlan,2025-07-17,697050.0,1618050.0,0.38905185,35.75589,225,1
atitlan,2025-07-17,697350.0,1618050.0,0.36029696,29.308746,225,1
atitlan,2025-07-17,697650.0,1618050.0,0.32154453,22.221674,225,1
atitlan,2025-07-17,697950.0,1618050.0,0.29127413,16.524183,225,1
atitlan,2025-07-17,698250.0,1618050.0,0.25317627,14.21776,225,1
atitlan,2025-07-17,698550.0,1618050.0,0.30058262,17.886204,225,1
atitlan,2025-07-17,698850.0,1618050.0,0.30885208,19.611847,225,1
atitlan,2025-07-17,699150.0,1618050.0,0.25282753,15.798906,225,1
atitlan,2025-07-17,699450.0,1618050.0,0.26012084,17.588882,225,1
atitlan,2025-07-17,699750.0,1618050.0,0.12599108,8.573224,225,0
atitlan,2025-07-17,700050.0,1618050.0,0.15474693,11.158078,225,0
atitlan,2025-07-17,700350.0,1618050.0,0.343896,25.895796,225,1
atitlan,2025-07-17,700650.0,1618050.0,0.33968815,23.976812,225,1
atitlan,2025-07-17,700950.0,1618050.0,0.30027455,20.881016,225,1
atitlan,2025-07-17,701250.0,1618050.0,0.3307923,23.98758,225,1
atitlan,2025-07-17,701550.0,1618050.0,0.36632514,28.746946,225,1
atitlan,2025-07-17,701850.0,1618050.0,0.36348286,30.090302,225,1
atitlan,2025-07-17,702150.0,1618050.0,0.37950557,32.689777,225,1
atitlan,2025-07-17,702450.0,1618050.0,0.38135406,32.739426,225,1
atitlan,2025-07-17,702750.0,1618050.0,0.3865614,33.250217,225,1
atitlan,2025-07-17,703050.0,1618050.0,0.372405,30.31966,225,1
atitlan,2025-07-17,703350.0,1618050.0,0.3732704,30.130949,225,1
atitlan,2025-07-17,703650.0,1618050.0,0.3304754,23.091284,225,1
atitlan,2025-07-17,703950.0,1618050.0,0.34027684,23.95864,225,1
atitlan,2025-07-17,704250.0,1618050.0,0.35643816,26.471653,225,1
atitlan,2025-07-17,704550.0,1618050.0,0.33376756,22.603735,225,1
atitlan,2025-07-17,704850.0,1618050.0,0.32874867,23.145788,225,1
atitlan,2025-07-17,705150.0,1618050.0,0.10072043,5.4810014,225,0
atitlan,2025-07-17,705450.0,1618050.0,0.07919508,5.370542,225,0
atitlan,2025-07-17,705750.0,1618050.0,0.09038823,6.169493,225,0
atitlan,2025-07-17,706050.0,1618050.0,0.2400695,12.295318,225,1
atitlan,2025-07-17,706350.0,1618050.0,0.32540625,22.005026,225,1
atitlan,2025-07-17,706650.0,1618050.0,0.3798028,32.025448,225,1
atitlan,2025-07-17,706950.0,1618050.0,0.35084918,25.686417,225,1
atitlan,2025-07-17,707250.0,1618050.0,0.36031666,27.561436,225,1
atitlan,2025-07-17,707550.0,1618050.0,0.37161958,30.246754,225,1
atitlan,2025-07-17,707850.0,1618050.0,0.36268556,27.558556,45,1
atitlan,2025-07-17,680250.0,1618350.0,0.29816258,17.07092,180,1
atitlan,2025-07-17,680550.0,1618350.0,0.2923383,15.958887,225,1
atitlan,2025-07-17,680850.0,1618350.0,0.2788009,14.398751,225,1
atitlan,2025-07-17,681150.0,1618350.0,0.27249593,14.608299,225,1
atitlan,2025-07-17,681450.0,1618350.0,0.28226316,15.493456,225,1
atitlan,2025-07-17,681750.0,1618350.0,0.2876993,15.76806,225,1
atitlan,2025-07-17,682050.0,1618350.0,0.28263295,15.120061,225,1
atitlan,2025-07-17,682350.0,1618350.0,0.30551413,17.6693,225,1
atitlan,2025-07-17,682650.0,1618350.0,0.36238772,28.52001,225,1
atitlan,2025-07-17,682950.0,1618350.0,0.39415288,35.46882,225,1
atitlan,2025-07-17,683250.0,1618350.0,0.40023145,37.92744,225,1
atitlan,2025-07-17,683550.0,1618350.0,0.40854105,39.69823,225,1
atitlan,2025-07-17,683850.0,1618350.0,0.41443434,41.13837,225,1
atitlan,2025-07-17,684150.0,1618350.0,0.41004598,40.497677,225,1
atitlan,2025-07-17,684450.0,1618350.0,0.36371687,33.662975,225,1
atitlan,2025-07-17,684750.0,1618350.0,0.316512,23.211489,225,1
atitlan,2025-07-17,685050.0,1618350.0,0.32303846,22.047813,225,1
atitlan,2025-07-17,685350.0,1618350.0,0.3180242,22.495947,225,1
atitlan,2025-07-17,685650.0,1618350.0,0.30219027,19.738247,225,1
atitlan,2025-07-17,685950.0,1618350.0,0.30473223,20.118683,225,1
atitlan,2025-07-17,686250.0,1618350.0,0.29446605,18.300163,225,1
atitlan,2025-07-17,686550.0,1618350.0,0.3344086,23.643696,225,1
atitlan,2025-07-17,686850.0,1618350.0,0.3234326,21.425356,225,1
atitlan,2025-07-17,687150.0,1618350.0,0.29391986,16.706497,225,1
atitlan,2025-07-17,687450.0,1618350.0,0.29583117,17.125942,225,1
atitlan,2025-07-17,687750.0,1618350.0,0.28660262,18.000654,225,1
atitlan,2025-07-17,688050.0,1618350.0,0.30051252,18.259933,225,1
atitlan,2025-07-17,688350.0,1618350.0,0.24737865,15.764063,225,1
atitlan,2025-07-17,688650.0,1618350.0,-0.056067843,2.2349665,225,0
atitlan,2025-07-17,688950.0,1618350.0,-0.07351196,1.3499161,225,0
atitlan,2025-07-17,689250.0,1618350.0,-0.076496944,1.1855224,225,0
atitlan,2025-07-17,689550.0,1618350.0,-0.074375756,1.3112531,225,0
atitlan,2025-07-17,689850.0,1618350.0,-0.073870085,1.3447953,225,0
atitlan,2025-07-17,690150.0,1618350.0,-0.04407307,2.6511896,225,0
atitlan,2025-07-17,690450.0,1618350.0,0.20103578,13.6433525,225,1
atitlan,2025-07-17,690750.0,1618350.0,0.22529875,14.649857,225,1
atitlan,2025-07-17,691050.0,1618350.0,0.31970632,19.747452,225,1
atitlan,2025-07-17,691350.0,1618350.0,0.30071697,18.284254,225,1
atitlan,2025-07-17,691650.0,1618350.0,0.30416778,19.943676,225,1
atitlan,2025-07-17,691950.0,1618350.0,0.25109035,14.413716,225,1
atitlan,2025-07-17,692250.0,1618350.0,0.24132475,13.717461,225,1
atitlan,2025-07-17,692550.0,1618350.0,0.33758152,25.202887,225,1
atitlan,2025-07-17,692850.0,1618350.0,0.32502052,23.891867,225,1
atitlan,2025-07-17,693150.0,1618350.0,0.31275532,21.397606,225,1
atitlan,2025-07-17,693450.0,1618350.0,0.31863865,21.861618,225,1
atitlan,2025-07-17,693750.0,1618350.0,0.31664848,22.701506,225,1
atitlan,2025-07-17,694050.0,1618350.0,0.3779974,31.09614,225,1
atitlan,2025-07-17,694350.0,1618350.0,0.35982916,27.314135,225,1
atitlan,2025-07-17,694650.0,1618350.0,0.36397815,28.265379,225,1
atitlan,2025-07-17,694950.0,1618350.0,0.36909857,29.446302,225,1
atitlan,2025-07-17,695250.0,1618350.0,0.38008994,32.054398,225,1
atitlan,2025-07-17,695550.0,1618350.0,0.38220534,32.549427,225,1
atitlan,2025-07-17,695850.0,1618350.0,0.41962066,42.739838,225,1
atitlan,2025-07-17,696150.0,1618350.0,0.4006976,37.40049,225,1
atitlan,2025-07-17,696450.0,1618350.0,0.40707526,39.34628,225,1
atitlan,2025-07-17,696750.0,1618350.0,0.39451042,36.208736,225,1
atitlan,2025-07-17,697050.0,1618350.0,0.33726653,26.348116,225,1
atitlan,2025-07-17,697350.0,1618350.0,0.34922168,27.065136,225,1
atitlan,2025-07-17,697650.0,1618350.0,0.33870572,24.292742,225,1
atitlan,2025-07-17,697950.0,1618350.0,0.30926737,18.951595,225,1
atitlan,2025-07-17,698250.0,1618350.0,0.3118554,19.499628,225,1
atitlan,2025-07-17,698550.0,1618350.0,0.31473476,19.773237,225,1
atitlan,2025-07-17,698850.0,1618350.0,0.30359963,18.644793,225,1
atitlan,2025-07-17,699150.0,1618350.0,0.2851709,17.203419,225,1
atitlan,2025-07-17,699450.0,1618350.0,0.17604804,12.342546,225,1
atitlan,2025-07-17,699750.0,1618350.0,0.0687786,5.215557,225,0
atitlan,2025-07-17,700050.0,1618350.0,0.036146067,4.29661,225,0
atitlan,2025-07-17,700350.0,1618350.0,0.25257373,17.919333,225,1
atitlan,2025-07-17,700650.0,1618350.0,0.36776763,29.50418,225,1
atitlan,2025-07-17,700950.0,1618350.0,0.33073407,25.043295,225,1
atitlan,2025-07-17,701250.0,1618350.0,0.33388302,24.185352,225,1
atitlan,2025-07-17,701550.0,1618350.0,0.27597004,19.411695,225,1
atitlan,2025-07-17,701850.0,1618350.0,0.30364636,20.748175,225,1
atitlan,2025-07-17,702150.0,1618350.0,0.31436357,22.99239,225,1
atitlan,2025-07-17,702450.0,1618350.0,0.3240358,23.83776,225,1
atitlan,2025-07-17,702750.0,1618350.0,0.36884952,29.781357,225,1
atitlan,2025-07-17,703050.0,1618350.0,0.36908984,29.847137,225,1
atitlan,2025-07-17,703350.0,1618350.0,0.35743105,27.236435,225,1
atitlan,2025-07-17,703650.0,1618350.0,0.33208337,22.885767,225,1
atitlan,2025-07-17,703950.0,1618350.0,0.33139193,23.358192,225,1
atitlan,2025-07-17,704250.0,1618350.0,0.35651493,26.577843,225,1
atitlan,2025-07-17,704550.0,1618350.0,0.35590082,26.663822,225,1
atitlan,2025-07-17,704850.0,1618350.0,0.35341647,26.03651,225,1
atitlan,2025-07-17,705150.0,1618350.0,0.26661682,15.699581,225,1
atitlan,2025-07-17,705450.0,1618350.0,0.10320382,6.1609592,225,0
atitlan,2025-07-17,705750.0,1618350.0,0.026720298,4.4273777,225,0
atitlan,2025-07-17,706050.0,1618350.0,0.19140297,10.679459,225,0
atitlan,2025-07-17,706350.0,1618350.0,0.3084786,19.835278,225,1
atitlan,2025-07-17,706650.0,1618350.0,0.344395,24.65111,225,1
atitlan,2025-07-17,706950.0,1618350.0,0.3313931,22.027933,225,1
atitlan,2025-07-17,707250.0,1618350.0,0.36502594,28.532028,225,1
atitlan,2025-07-17,707550.0,1618350.0,0.34267384,24.102764,225,1
atitlan,2025-07-17,707850.0,1618350.0,0.34509486,24.120611,45,1
atitlan,2025-07-17,680250.0,1618650.0,0.29338726,16.833378,180,1
atitlan,2025-07-17,680550.0,1618650.0,0.30851728,18.412296,225,1
atitlan,2025-07-17,680850.0,1618650.0,0.3150739,19.13297,225,1
atitlan,2025-07-17,681150.0,1618650.0,0.29495707,16.863312,225,1
atitlan,2025-07-17,681450.0,1618650.0,0.31288657,18.88878,225,1
atitlan,2025-07-17,681750.0,1618650.0,0.306123,18.11791,225,1
atitlan,2025-07-17,682050.0,1618650.0,0.29992938,17.189342,225,1
atitlan,2025-07-17,682350.0,1618650.0,0.2838131,14.801718,225,1
atitlan,2025-07-17,682650.0,1618650.0,0.3639373,28.839434,225,1
atitlan,2025-07-17,682950.0,1618650.0,0.38888335,34.11447,225,1
atitlan,2025-07-17,683250.0,1618650.0,0.403132,38.014595,225,1
atitlan,2025-07-17,683550.0,1618650.0,0.39840698,36.54823,225,1
atitlan,2025-07-17,683850.0,1618650.0,0.4008917,37.675777,225,1
atitlan,2025-07-17,684150.0,1618650.0,0.37621462,33.254906,225,1
atitlan,2025-07-17,684450.0,1618650.0,0.31137937,23.095304,225,1
atitlan,2025-07-17,684750.0,1618650.0,0.32487628,24.116941,225,1
atitlan,2025-07-17,685050.0,1618650.0,0.31378052,22.357658,225,1
atitlan,2025-07-17,685350.0,1618650.0,0.331987,23.614035,225,1
atitlan,2025-07-17,685650.0,1618650.0,0.32292914,21.850044,225,1
atitlan,2025-07-17,685950.0,1618650.0,0.33517638,24.549376,225,1
atitlan,2025-07-17,686250.0,1618650.0,0.3159502,20.81401,225,1
atitlan,2025-07-17,686550.0,1618650.0,0.34504902,25.640383,225,1
atitlan,2025-07-17,686850.0,1618650.0,0.31580868,19.98553,225,1
atitlan,2025-07-17,687150.0,1618650.0,0.30363438,17.652334,225,1
atitlan,2025-07-17,687450.0,1618650.0,0.29671085,17.250818,225,1
atitlan,2025-07-17,687750.0,1618650.0,0.32188812,21.4208,225,1
atitlan,2025-07-17,688050.0,1618650.0,0.31229824,19.374891,225,1
atitlan,2025-07-17,688350.0,1618650.0,0.30385226,18.456242,225,1
atitlan,2025-07-17,688650.0,1618650.0,0.16001138,12.487551,225,1
atitlan,2025-07-17,688950.0,1618650.0,-0.008261096,3.8193395,225,0
atitlan,2025-07-17,689250.0,1618650.0,-0.07386178,1.3342829,225,0
atitlan,2025-07-17,689550.0,1618650.0,-0.07756096,1.1268121,225,0
atitlan,2025-07-17,689850.0,1618650.0,-0.079553,1.0030054,225,0
atitlan,2025-07-17,690150.0,1618650.0,0.035994276,4.0922947,225,0
atitlan,2025-07-17,690450.0,1618650.0,0.066621415,5.4517264,225,0
atitlan,2025-07-17,690750.0,1618650.0,0.15639326,11.1945095,225,0
atitlan,2025-07-17,691050.0,1618650.0,0.3138949,19.459421,225,1
atitlan,2025-07-17,691350.0,1618650.0,0.3158506,19.902096,225,1
atitlan,2025-07-17,691650.0,1618650.0,0.32655197,21.948322,225,1
atitlan,2025-07-17,691950.0,1618650.0,0.26392156,15.681591,225,1
atitlan,2025-07-17,692250.0,1618650.0,0.3286723,23.385538,225,1
atitlan,2025-07-17,692550.0,1618650.0,0.29363248,18.821377,225,1
atitlan,2025-07-17,692850.0,1618650.0,0.33840394,24.043016,225,1
atitlan,2025-07-17,693150.0,1618650.0,0.32225564,22.446033,225,1
atitlan,2025-07-17,693450.0,1618650.0,0.3140628,21.108822,225,1
atitlan,2025-07-17,693750.0,1618650.0,0.31247544,22.334776,225,1
atitlan,2025-07-17,694050.0,1618650.0,0.38040584,31.723574,225,1
atitlan,2025-07-17,694350.0,1618650.0,0.3953713,35.58081,225,1
atitlan,2025-07-17,694650.0,1618650.0,0.38333097,33.330196,225,1
atitlan,2025-07-17,694950.0,1618650.0,0.38963845,34.92928,225,1
atitlan,2025-07-17,695250.0,1618650.0,0.4018588,37.480362,225,1
atitlan,2025-07-17,695550.0,1618650.0,0.41050258,39.926,225,1
atitlan,2025-07-17,695850.0,1618650.0,0.41778484,42.215466,225,1
atitlan,2025-07-17,696150.0,1618650.0,0.34456423,28.197166,225,1
atitlan,2025-07-17,696450.0,1618650.0,0.384337,33.88402,225,1
atitlan,2025-07-17,696750.0,1618650.0,0.35052955,27.928915,225,1
atitlan,2025-07-17,697050.0,1618650.0,0.36249915,28.857466,225,1
atitlan,2025-07-17,697350.0,1618650.0,0.35654104,27.565031,225,1
atitlan,2025-07-17,697650.0,1618650.0,0.3464619,25.860285,225,1
atitlan,2025-07-17,697950.0,1618650.0,0.31236196,19.844728,225,1
atitlan,2025-07-17,698250.0,1618650.0,0.29598862,17.54434,225,1
atitlan,2025-07-17,698550.0,1618650.0,0.3184942,20.089603,225,1
atitlan,2025-07-17,698850.0,1618650.0,0.30220398,18.529127,225,1
atitlan,2025-07-17,699150.0,1618650.0,0.2773776,15.602445,225,1
atitlan,2025-07-17,699450.0,1618650.0,0.26205832,16.41669,225,1
atitlan,2025-07-17,699750.0,1618650.0,0.034759194,4.348092,225,0
atitlan,2025-07-17,700050.0,1618650.0,0.05951345,5.05965,225,0
atitlan,2025-07-17,700350.0,1618650.0,0.19589898,12.840205,225,1
atitlan,2025-07-17,700650.0,1618650.0,0.31612477,23.07857,225,1
atitlan,2025-07-17,700950.0,1618650.0,0.36053056,27.629631,225,1
atitlan,2025-07-17,701250.0,1618650.0,0.31293464,21.72536,225,1
atitlan,2025-07-17,701550.0,1618650.0,0.2840526,17.571474,225,1
atitlan,2025-07-17,701850.0,1618650.0,0.24958615,13.900422,225,1
atitlan,2025-07-17,702150.0,1618650.0,0.3226389,22.246872,225,1
atitlan,2025-07-17,702450.0,1618650.0,0.33382928,22.813221,225,1
atitlan,2025-07-17,702750.0,1618650.0,0.32021677,21.046396,225,1
atitlan,2025-07-17,703050.0,1618650.0,0.34565908,25.061901,225,1
atitlan,2025-07-17,703350.0,1618650.0,0.35229313,27.055243,225,1
atitlan,2025-07-17,703650.0,1618650.0,0.30216736,18.255148,225,1
atitlan,2025-07-17,703950.0,1618650.0,0.33039317,23.509323,225,1
atitlan,2025-07-17,704250.0,1618650.0,0.34402886,25.904703,225,1
atitlan,2025-07-17,704550.0,1618650.0,0.35257298,26.80352,225,1
atitlan,2025-07-17,704850.0,1618650.0,0.35140127,26.40631,225,1
atitlan,2025-07-17,705150.0,1618650.0,0.3364838,24.077263,225,1
atitlan,2025-07-17,705450.0,1618650.0,0.29392263,19.250883,225,1
atitlan,2025-07-17,705750.0,1618650.0,0.14308806,7.6239905,225,0
atitlan,2025-07-17,706050.0,1618650.0,0.18407339,9.170346,225,0
atitlan,2025-07-17,706350.0,1618650.0,0.09318064,5.8349986,225,0
atitlan,2025-07-17,706650.0,1618650.0,0.18333063,11.222959,225,0
atitlan,2025-07-17,706950.0,1618650.0,0.3346666,22.370623,225,1
atitlan,2025-07-17,707250.0,1618650.0,0.35342988,26.302956,225,1
atitlan,2025-07-17,707550.0,1618650.0,0.34481415,24.94525,225,1
atitlan,2025-07-17,707850.0,1618650.0,0.34060732,23.180477,45,1
atitlan,2025-07-17,680250.0,1618950.0,0.35153472,25.479889,180,1
atitlan,2025-07-17,680550.0,1618950.0,0.31297183,18.963596,225,1
atitlan,2025-07-17,680850.0,1618950.0,0.31455594,19.09438,225,1
atitlan,2025-07-17,681150.0,1618950.0,0.31424242,19.107405,225,1
atitlan,2025-07-17,681450.0,1618950.0,0.27974078,14.814865,225,1
atitlan,2025-07-17,681750.0,1618950.0,0.2660143,12.97595,225,1
atitlan,2025-07-17,682050.0,1618950.0,0.27934748,14.87431,225,1
atitlan,2025-07-17,682350.0,1618950.0,0.2947217,18.040602,225,1
atitlan,2025-07-17,682650.0,1618950.0,0.4004597,37.642727,225,1
atitlan,2025-07-17,682950.0,1618950.0,0.3992501,36.83094,225,1
atitlan,2025-07-17,683250.0,1618950.0,0.39884236,37.42628,225,1
atitlan,2025-07-17,683550.0,1618950.0,0.40537623,38.57503,225,1
atitlan,2025-07-17,683850.0,1618950.0,0.4018759,37.757904,225,1
atitlan,2025-07-17,684150.0,1618950.0,0.3856042,34.562466,225,1
atitlan,2025-07-17,684450.0,1618950.0,0.3210304,23.58789,225,1
atitlan,2025-07-17,684750.0,1618950.0,0.31713572,23.338715,225,1
atitlan,2025-07-17,685050.0,1618950.0,0.32122284,22.830317,225,1
atitlan,2025-07-17,685350.0,1618950.0,0.2975616,18.62353,225,1
atitlan,2025-07-17,685650.0,1618950.0,0.29100126,18.980888,225,1
atitlan,2025-07-17,685950.0,1618950.0,0.32937098,22.292038,225,1
atitlan,2025-07-17,686250.0,1618950.0,0.31628007,21.127237,225,1
atitlan,2025-07-17,686550.0,1618950.0,0.30591944,19.205002,225,1
atitlan,2025-07-17,686850.0,1618950.0,0.31966543,21.161234,225,1
atitlan,2025-07-17,687150.0,1618950.0,0.31872502,20.641819,225,1
atitlan,2025-07-17,687450.0,1618950.0,0.32459366,22.602047,225,1
atitlan,2025-07-17,687750.0,1618950.0,0.32158193,22.14007,225,1
atitlan,2025-07-17,688050.0,1618950.0,0.32643083,21.66006,225,1
atitlan,2025-07-17,688350.0,1618950.0,0.3172347,20.93681,225,1
atitlan,2025-07-17,688650.0,1618950.0,0.2965508,18.769358,225,1
atitlan,2025-07-17,688950.0,1618950.0,0.24333805,15.805845,225,1
atitlan,2025-07-17,689250.0,1618950.0,-0.060762674,1.9106735,225,0
atitlan,2025-07-17,689550.0,1618950.0,-0.06893371,1.6069844,225,0
atitlan,2025-07-17,689850.0,1618950.0,-0.067781426,1.5931169,225,0
atitlan,2025-07-17,690150.0,1618950.0,0.11197811,7.4006195,225,0
atitlan,2025-07-17,690450.0,1618950.0,0.028845305,4.1765766,225,0
atitlan,2025-07-17,690750.0,1618950.0,0.034501757,4.480694,225,0
atitlan,2025-07-17,691050.0,1618950.0,0.17696369,12.19096,225,1
atitlan,2025-07-17,691350.0,1618950.0,0.30450585,19.64169,225,1
atitlan,2025-07-17,691650.0,1618950.0,0.3365056,22.633211,225,1
atitlan,2025-07-17,691950.0,1618950.0,0.32877693,22.150255,225,1
atitlan,2025-07-17,692250.0,1618950.0,0.32271558,21.626892,225,1
atitlan,2025-07-17,692550.0,1618950.0,0.33391416,22.982534,225,1
atitlan,2025-07-17,692850.0,1618950.0,0.31360453,21.153795,225,1
atitlan,2025-07-17,693150.0,1618950.0,0.30818203,20.152912,225,1
atitlan,2025-07-17,693450.0,1618950.0,0.29175174,18.787844,225,1
atitlan,2025-07-17,693750.0,1618950.0,0.31205463,21.301815,225,1
atitlan,2025-07-17,694050.0,1618950.0,0.35111135,27.688524,225,1
atitlan,2025-07-17,694350.0,1618950.0,0.38141948,32.212143,225,1
atitlan,2025-07-17,694650.0,1618950.0,0.3560742,26.96161,225,1
atitlan,2025-07-17,694950.0,1618950.0,0.3906707,34.51808,225,1
atitlan,2025-07-17,695250.0,1618950.0,0.38420415,33.80872,225,1
atitlan,2025-07-17,695550.0,1618950.0,0.39749515,37.53378,225,1
atitlan,2025-07-17,695850.0,1618950.0,0.39169437,35.14041,225,1
atitlan,2025-07-17,696150.0,1618950.0,0.36356446,30.605268,225,1
atitlan,2025-07-17,696450.0,1618950.0,0.34759396,27.002895,225,1
atitlan,2025-07-17,696750.0,1618950.0,0.3632783,28.851086,225,1
atitlan,2025-07-17,697050.0,1618950.0,0.3563259,27.824131,225,1
atitlan,2025-07-17,697350.0,1618950.0,0.34558606,24.775103,225,1
atitlan,2025-07-17,697650.0,1618950.0,0.31094489,18.688051,225,1
atitlan,2025-07-17,697950.0,1618950.0,0.31247702,18.946749,225,1
atitlan,2025-07-17,698250.0,1618950.0,0.31280485,20.235897,225,1
atitlan,2025-07-17,698550.0,1618950.0,0.30282095,17.7152,225,1
atitlan,2025-07-17,698850.0,1618950.0,0.28416273,17.453604,225,1
atitlan,2025-07-17,699150.0,1618950.0,0.17512293,11.7034025,225,0
atitlan,2025-07-17,699450.0,1618950.0,0.124204434,8.620481,225,0
atitlan,2025-07-17,699750.0,1618950.0,0.06658235,6.6345043,225,0
atitlan,2025-07-17,700050.0,1618950.0,0.059744786,5.201704,225,0
atitlan,2025-07-17,700350.0,1618950.0,0.13131969,8.87127,225,0
atitlan,2025-07-17,700650.0,1618950.0,0.15715751,10.263215,225,0
atitlan,2025-07-17,700950.0,1618950.0,0.28988162,20.760967,225,1
atitlan,2025-07-17,701250.0,1618950.0,0.3147702,20.558077,225,1
atitlan,2025-07-17,701550.0,1618950.0,0.25309062,13.733856,225,1
atitlan,2025-07-17,701850.0,1618950.0,0.21702313,12.137948,225,1
atitlan,2025-07-17,702150.0,1618950.0,0.19654472,11.037228,225,0
atitlan,2025-07-17,702450.0,1618950.0,0.33296767,23.24679,225,1
atitlan,2025-07-17,702750.0,1618950.0,0.33324304,25.140419,225,1
atitlan,2025-07-17,703050.0,1618950.0,0.37287834,30.760855,225,1
atitlan,2025-07-17,703350.0,1618950.0,0.3550974,26.713223,225,1
atitlan,2025-07-17,703650.0,1618950.0,0.31556162,20.466856,225,1
atitlan,2025-07-17,703950.0,1618950.0,0.30709967,20.058105,225,1
atitlan,2025-07-17,704250.0,1618950.0,0.33379784,23.69289,225,1
atitlan,2025-07-17,704550.0,1618950.0,0.3538935,28.187084,225,1
atitlan,2025-07-17,704850.0,1618950.0,0.33396322,23.06288,225,1
atitlan,2025-07-17,705150.0,1618950.0,0.34779805,24.868177,225,1
atitlan,2025-07-17,705450.0,1618950.0,0.3366315,23.191505,225,1
atitlan,2025-07-17,705750.0,1618950.0,0.3625827,28.355175,225,1
atitlan,2025-07-17,706050.0,1618950.0,0.31135157,22.888376,225,1
atitlan,2025-07-17,706350.0,1618950.0,0.27976802,19.264427,225,1
atitlan,2025-07-17,706650.0,1618950.0,0.111263275,6.933779,225,0
atitlan,2025-07-17,706950.0,1618950.0,0.33307356,26.413033,225,1
atitlan,2025-07-17,707250.0,1618950.0,0.3318242,22.321056,225,1
atitlan,2025-07-17,707550.0,1618950.0,0.34086508,27.898973,225,1
atitlan,2025-07-17,707850.0,1618950.0,0.35533255,27.167704,45,1
atitlan,2025-07-17,680250.0,1619250.0,0.34118256,23.74066,180,1
atitlan,2025-07-17,680550.0,1619250.0,0.35718223,26.602875,225,1
atitlan,2025-07-17,680850.0,1619250.0,0.27519205,14.455141,225,1
atitlan,2025-07-17,681150.0,1619250.0,0.28438574,16.051968,225,1
atitlan,2025-07-17,681450.0,1619250.0,0.28473228,15.248553,225,1
atitlan,2025-07-17,681750.0,1619250.0,0.28339157,14.793378,225,1
atitlan,2025-07-17,682050.0,1619250.0,0.27829173,14.209359,225,1
atitlan,2025-07-17,682350.0,1619250.0,0.35960633,27.956562,225,1
atitlan,2025-07-17,682650.0,1619250.0,0.40478116,38.34871,225,1
atitlan,2025-07-17,682950.0,1619250.0,0.39949217,36.859325,225,1
atitlan,2025-07-17,683250.0,1619250.0,0.3753073,32.770866,225,1
atitlan,2025-07-17,683550.0,1619250.0,0.37995663,33.499535,225,1
atitlan,2025-07-17,683850.0,1619250.0,0.3759563,31.849882,225,1
atitlan,2025-07-17,684150.0,1619250.0,0.36401266,28.53621,225,1
atitlan,2025-07-17,684450.0,1619250.0,0.35443163,26.665606,225,1
atitlan,2025-07-17,684750.0,1619250.0,0.38157207,32.65052,225,1
atitlan,2025-07-17,685050.0,1619250.0,0.3606182,28.281363,225,1
atitlan,2025-07-17,685350.0,1619250.0,0.31580368,21.972929,225,1
atitlan,2025-07-17,685650.0,1619250.0,0.3069471,21.008633,225,1
atitlan,2025-07-17,685950.0,1619250.0,0.3167069,22.914604,225,1
atitlan,2025-07-17,686250.0,1619250.0,0.3494974,25.742128,225,1
atitlan,2025-07-17,686550.0,1619250.0,0.32850817,24.135641,225,1
atitlan,2025-07-17,686850.0,1619250.0,0.3252283,22.823807,225,1
atitlan,2025-07-17,687150.0,1619250.0,0.29105148,19.305506,225,1
atitlan,2025-07-17,687450.0,1619250.0,0.32901397,23.973753,225,1
atitlan,2025-07-17,687750.0,1619250.0,0.3228614,21.573368,225,1
atitlan,2025-07-17,688050.0,1619250.0,0.3164998,20.379307,225,1
atitlan,2025-07-17,688350.0,1619250.0,0.30440646,18.644606,225,1
atitlan,2025-07-17,688650.0,1619250.0,0.30743992,20.403166,225,1
atitlan,2025-07-17,688950.0,1619250.0,0.29101342,19.328547,225,1
atitlan,2025-07-17,689250.0,1619250.0,0.13640295,9.955551,225,0
atitlan,2025-07-17,689550.0,1619250.0,0.03984207,5.081964,225,0
atitlan,2025-07-17,689850.0,1619250.0,-0.049241107,2.1848345,225,0
atitlan,2025-07-17,690150.0,1619250.0,0.12614684,7.2127395,225,0
atitlan,2025-07-17,690450.0,1619250.0,0.04453581,4.694121,225,0
atitlan,2025-07-17,690750.0,1619250.0,0.024430059,4.1064167,225,0
atitlan,2025-07-17,691050.0,1619250.0,0.048946638,4.7111025,225,0
atitlan,2025-07-17,691350.0,1619250.0,0.2885622,19.940268,225,1
atitlan,2025-07-17,691650.0,1619250.0,0.33924714,24.01854,225,1
atitlan,2025-07-17,691950.0,1619250.0,0.3433261,24.846626,225,1
atitlan,2025-07-17,692250.0,1619250.0,0.31613523,20.958748,225,1
atitlan,2025-07-17,692550.0,1619250.0,0.3411205,23.690262,225,1
atitlan,2025-07-17,692850.0,1619250.0,0.3209616,21.363775,225,1
atitlan,2025-07-17,693150.0,1619250.0,0.3065815,20.908863,225,1
atitlan,2025-07-17,693450.0,1619250.0,0.29057434,17.55032,225,1
atitlan,2025-07-17,693750.0,1619250.0,0.32273018,23.331602,225,1
atitlan,2025-07-17,694050.0,1619250.0,0.34842825,26.123943,225,1
atitlan,2025-07-17,694350.0,1619250.0,0.3730772,30.722473,225,1
atitlan,2025-07-17,694650.0,1619250.0,0.36344302,28.46248,225,1
atitlan,2025-07-17,694950.0,1619250.0,0.34070927,25.917585,225,1
atitlan,2025-07-17,695250.0,1619250.0,0.3420839,26.304083,225,1
atitlan,2025-07-17,695550.0,1619250.0,0.35251117,27.060736,225,1
atitlan,2025-07-17,695850.0,1619250.0,0.3412956,26.04549,225,1
atitlan,2025-07-17,696150.0,1619250.0,0.33173922,24.09285,225,1
atitlan,2025-07-17,696450.0,1619250.0,0.36099756,29.180796,225,1
atitlan,2025-07-17,696750.0,1619250.0,0.3387894,25.310112,225,1
atitlan,2025-07-17,697050.0,1619250.0,0.33101153,23.564737,225,1
atitlan,2025-07-17,697350.0,1619250.0,0.32934466,22.393555,225,1
atitlan,2025-07-17,697650.0,1619250.0,0.32083824,20.104237,225,1
atitlan,2025-07-17,697950.0,1619250.0,0.32263026,20.981094,225,1
atitlan,2025-07-17,698250.0,1619250.0,0.31227136,19.243114,225,1
atitlan,2025-07-17,698550.0,1619250.0,0.27509397,15.556293,225,1
atitlan,2025-07-17,698850.0,1619250.0,0.29073304,17.255802,225,1
atitlan,2025-07-17,699150.0,1619250.0,0.18126792,11.034431,225,0
atitlan,2025-07-17,699450.0,1619250.0,0.1431157,10.007386,225,0
atitlan,2025-07-17,699750.0,1619250.0,0.18197866,12.21811,225,1
atitlan,2025-07-17,700050.0,1619250.0,0.07007548,7.391555,225,0
atitlan,2025-07-17,700350.0,1619250.0,0.022698177,4.7034926,225,0
atitlan,2025-07-17,700650.0,1619250.0,-0.012069928,3.7451303,225,0
atitlan,2025-07-17,700950.0,1619250.0,0.24257573,17.276901,225,1
atitlan,2025-07-17,701250.0,1619250.0,0.31158316,19.08034,225,1
atitlan,2025-07-17,701550.0,1619250.0,0.27843744,17.392832,225,1
atitlan,2025-07-17,701850.0,1619250.0,0.24068742,13.588153,225,1
atitlan,2025-07-17,702150.0,1619250.0,0.20981605,11.88962,225,0
atitlan,2025-07-17,702450.0,1619250.0,0.25751522,16.463972,225,1
atitlan,2025-07-17,702750.0,1619250.0,0.353436,27.255934,225,1
atitlan,2025-07-17,703050.0,1619250.0,0.28188154,19.004948,225,1
atitlan,2025-07-17,703350.0,1619250.0,0.14753976,7.3788342,225,0
atitlan,2025-07-17,703650.0,1619250.0,0.23869483,14.0838175,225,1
atitlan,2025-07-17,703950.0,1619250.0,0.30472532,19.410446,225,1
atitlan,2025-07-17,704250.0,1619250.0,0.3187975,20.20436,225,1
atitlan,2025-07-17,704550.0,1619250.0,0.34390083,26.001417,225,1
atitlan,2025-07-17,704850.0,1619250.0,0.3297476,21.504131,225,1
atitlan,2025-07-17,705150.0,1619250.0,0.33610195,22.452368,225,1
atitlan,2025-07-17,705450.0,1619250.0,0.36349112,28.275738,225,1
atitlan,2025-07-17,705750.0,1619250.0,0.38380882,32.852566,225,1
atitlan,2025-07-17,706050.0,1619250.0,0.36933142,29.449656,225,1
atitlan,2025-07-17,706350.0,1619250.0,0.37797675,31.688213,225,1
atitlan,2025-07-17,706650.0,1619250.0,0.34255758,27.982834,225,1
atitlan,2025-07-17,706950.0,1619250.0,0.3960737,36.2191,225,1
atitlan,2025-07-17,707250.0,1619250.0,0.3634075,29.623991,225,1
atitlan,2025-07-17,707550.0,1619250.0,0.2575823,20.04311,225,1
atitlan,2025-07-17,707850.0,1619250.0,0.26599407,19.753124,45,1
atitlan,2025-07-17,680250.0,1619550.0,0.36584452,29.16232,180,1
atitlan,2025-07-17,680550.0,1619550.0,0.32928526,21.764303,225,1
atitlan,2025-07-17,680850.0,1619550.0,0.28518775,16.45319,225,1
atitlan,2025-07-17,681150.0,1619550.0,0.33776706,22.725128,225,1
atitlan,2025-07-17,681450.0,1619550.0,0.31348068,18.722256,225,1
atitlan,2025-07-17,681750.0,1619550.0,0.28149945,14.512112,225,1
atitlan,2025-07-17,682050.0,1619550.0,0.289863,15.841036,225,1
atitlan,2025-07-17,682350.0,1619550.0,0.36711127,29.965015,225,1
atitlan,2025-07-17,682650.0,1619550.0,0.39569286,35.966095,225,1
atitlan,2025-07-17,682950.0,1619550.0,0.31573477,21.611786,225,1
atitlan,2025-07-17,683250.0,1619550.0,0.28375125,16.361837,225,1
atitlan,2025-07-17,683550.0,1619550.0,0.3486473,26.603624,225,1
atitlan,2025-07-17,683850.0,1619550.0,0.36146757,29.25546,225,1
atitlan,2025-07-17,684150.0,1619550.0,0.35762075,27.333405,225,1
atitlan,2025-07-17,684450.0,1619550.0,0.38734218,35.085354,225,1
atitlan,2025-07-17,684750.0,1619550.0,0.37232205,31.184269,225,1
atitlan,2025-07-17,685050.0,1619550.0,0.36850142,31.386177,225,1
atitlan,2025-07-17,685350.0,1619550.0,0.38421258,33.94535,225,1
atitlan,2025-07-17,685650.0,1619550.0,0.32593748,23.484434,225,1
atitlan,2025-07-17,685950.0,1619550.0,0.34878594,25.47492,225,1
atitlan,2025-07-17,686250.0,1619550.0,0.35965472,27.895706,225,1
atitlan,2025-07-17,686550.0,1619550.0,0.3200496,23.020573,225,1
atitlan,2025-07-17,686850.0,1619550.0,0.3412155,25.601473,225,1
atitlan,2025-07-17,687150.0,1619550.0,0.3278748,24.544506,225,1
atitlan,2025-07-17,687450.0,1619550.0,0.34218076,24.848362,225,1
atitlan,2025-07-17,687750.0,1619550.0,0.3369568,23.030327,225,1
atitlan,2025-07-17,688050.0,1619550.0,0.28997037,18.04937,225,1
atitlan,2025-07-17,688350.0,1619550.0,0.30172333,19.152956,225,1
atitlan,2025-07-17,688650.0,1619550.0,0.2982671,18.862236,225,1
atitlan,2025-07-17,688950.0,1619550.0,0.31303626,20.180958,225,1
atitlan,2025-07-17,689250.0,1619550.0,0.31011897,19.981447,225,1
atitlan,2025-07-17,689550.0,1619550.0,0.13407059,9.668284,225,0
atitlan,2025-07-17,689850.0,1619550.0,-0.072964184,1.3989543,225,0
atitlan,2025-07-17,690150.0,1619550.0,0.03177376,5.5166874,225,0
atitlan,2025-07-17,690450.0,1619550.0,0.064139776,7.217064,225,0
atitlan,2025-07-17,690750.0,1619550.0,0.09650167,8.377624,225,0
atitlan,2025-07-17,691050.0,1619550.0,0.065088235,5.3018794,225,0
atitlan,2025-07-17,691350.0,1619550.0,0.17271987,11.410167,225,0
atitlan,2025-07-17,691650.0,1619550.0,0.33249518,23.150318,225,1
atitlan,2025-07-17,691950.0,1619550.0,0.3123068,21.075443,225,1
atitlan,2025-07-17,692250.0,1619550.0,0.30147487,18.804127,225,1
atitlan,2025-07-17,692550.0,1619550.0,0.33278924,22.885769,225,1
atitlan,2025-07-17,692850.0,1619550.0,0.3029878,20.14078,225,1
atitlan,2025-07-17,693150.0,1619550.0,0.25706953,14.438623,225,1
atitlan,2025-07-17,693450.0,1619550.0,0.24407305,13.321968,225,1
atitlan,2025-07-17,693750.0,1619550.0,0.30477062,20.756771,225,1
atitlan,2025-07-17,694050.0,1619550.0,0.34151402,25.379766,225,1
atitlan,2025-07-17,694350.0,1619550.0,0.34841016,26.452747,225,1
atitlan,2025-07-17,694650.0,1619550.0,0.2805366,19.538351,225,1
atitlan,2025-07-17,694950.0,1619550.0,0.35029277,26.250586,225,1
atitlan,2025-07-17,695250.0,1619550.0,0.34976393,26.933653,225,1
atitlan,2025-07-17,695550.0,1619550.0,0.33218458,25.01813,225,1
atitlan,2025-07-17,695850.0,1619550.0,0.30048373,20.2541,225,1
atitlan,2025-07-17,696150.0,1619550.0,0.32657987,24.445484,225,1
atitlan,2025-07-17,696450.0,1619550.0,0.34902132,27.779306,225,1
atitlan,2025-07-17,696750.0,1619550.0,0.36121786,28.89355,225,1
atitlan,2025-07-17,697050.0,1619550.0,0.34239823,26.011156,225,1
atitlan,2025-07-17,697350.0,1619550.0,0.33844396,23.856398,225,1
atitlan,2025-07-17,697650.0,1619550.0,0.33793527,23.158974,225,1
atitlan,2025-07-17,697950.0,1619550.0,0.32634357,20.933762,225,1
atitlan,2025-07-17,698250.0,1619550.0,0.31212378,19.859327,225,1
atitlan,2025-07-17,698550.0,1619550.0,0.25264138,12.969721,225,1
atitlan,2025-07-17,698850.0,1619550.0,0.30502123,18.425184,225,1
atitlan,2025-07-17,699150.0,1619550.0,0.2555663,16.141014,225,1
atitlan,2025-07-17,699450.0,1619550.0,0.16252454,11.071788,225,0
atitlan,2025-07-17,699750.0,1619550.0,0.26902598,17.747547,225,1
atitlan,2025-07-17,700050.0,1619550.0,0.16476183,13.2269745,225,1
atitlan,2025-07-17,700350.0,1619550.0,-0.02735884,2.8827372,225,0
atitlan,2025-07-17,700650.0,1619550.0,-0.070291154,1.516535,225,0
atitlan,2025-07-17,700950.0,1619550.0,0.30550885,21.252647,225,1
atitlan,2025-07-17,701250.0,1619550.0,0.31149915,19.253508,225,1
atitlan,2025-07-17,701550.0,1619550.0,0.25986898,14.600119,225,1
atitlan,2025-07-17,701850.0,1619550.0,0.2472107,12.684921,225,1
atitlan,2025-07-17,702150.0,1619550.0,0.28211227,16.70025,225,1
atitlan,2025-07-17,702450.0,1619550.0,0.24897273,15.070808,225,1
atitlan,2025-07-17,702750.0,1619550.0,0.3244341,22.239174,225,1
atitlan,2025-07-17,703050.0,1619550.0,0.34278777,25.009409,225,1
atitlan,2025-07-17,703350.0,1619550.0,0.24795005,13.451123,225,1
atitlan,2025-07-17,703650.0,1619550.0,0.11052609,6.2115364,225,0
atitlan,2025-07-17,703950.0,1619550.0,0.10878101,6.9398417,225,0
atitlan,2025-07-17,704250.0,1619550.0,0.30297244,19.712708,225,1
atitlan,2025-07-17,704550.0,1619550.0,0.28528744,18.540434,225,1
atitlan,2025-07-17,704850.0,1619550.0,0.34236243,24.42862,225,1
atitlan,2025-07-17,705150.0,1619550.0,0.34970576,25.12562,225,1
atitlan,2025-07-17,705450.0,1619550.0,0.3652723,28.692081,225,1
atitlan,2025-07-17,705750.0,1619550.0,0.38592875,33.27855,225,1
atitlan,2025-07-17,706050.0,1619550.0,0.37764198,31.008587,225,1
atitlan,2025-07-17,706350.0,1619550.0,0.40926808,39.82181,225,1
atitlan,2025-07-17,706650.0,1619550.0,0.39205417,35.31979,225,1
atitlan,2025-07-17,706950.0,1619550.0,0.37472653,30.829762,225,1
atitlan,2025-07-17,707250.0,1619550.0,0.3539661,28.501595,225,1
atitlan,2025-07-17,707550.0,1619550.0,0.21175161,14.713394,225,1
atitlan,2025-07-17,707850.0,1619550.0,0.16890846,9.307528,45,0
atitlan,2025-07-17,680250.0,1619850.0,0.35258663,25.699303,180,1
atitlan,2025-07-17,680550.0,1619850.0,0.3383049,23.01489,225,1
atitlan,2025-07-17,680850.0,1619850.0,0.31978753,19.69173,225,1
atitlan,2025-07-17,681150.0,1619850.0,0.2801562,14.901218,225,1
atitlan,2025-07-17,681450.0,1619850.0,0.29004198,15.743989,225,1
atitlan,2025-07-17,681750.0,1619850.0,0.300705,16.927214,225,1
atitlan,2025-07-17,682050.0,1619850.0,0.29559305,17.071857,225,1
atitlan,2025-07-17,682350.0,1619850.0,0.3838713,32.706863,225,1
atitlan,2025-07-17,682650.0,1619850.0,0.35808855,29.08078,225,1
atitlan,2025-07-17,682950.0,1619850.0,0.25277185,11.641785,225,0
atitlan,2025-07-17,683250.0,1619850.0,0.29058662,17.892448,225,1
atitlan,2025-07-17,683550.0,1619850.0,0.33100125,22.970182,225,1
atitlan,2025-07-17,683850.0,1619850.0,0.33903292,24.900013,225,1
atitlan,2025-07-17,684150.0,1619850.0,0.3767267,31.094992,225,1
atitlan,2025-07-17,684450.0,1619850.0,0.39379415,35.91287,225,1
atitlan,2025-07-17,684750.0,1619850.0,0.38792032,34.56973,225,1
atitlan,2025-07-17,685050.0,1619850.0,0.41197178,41.04319,225,1
atitlan,2025-07-17,685350.0,1619850.0,0.39125657,36.35984,225,1
atitlan,2025-07-17,685650.0,1619850.0,0.33892298,28.839281,225,1
atitlan,2025-07-17,685950.0,1619850.0,0.3537299,26.222355,225,1
atitlan,2025-07-17,686250.0,1619850.0,0.35537475,27.390642,225,1
atitlan,2025-07-17,686550.0,1619850.0,0.35434645,26.625446,225,1
atitlan,2025-07-17,686850.0,1619850.0,0.34631208,26.881964,225,1
atitlan,2025-07-17,687150.0,1619850.0,0.3462343,26.315792,225,1
atitlan,2025-07-17,687450.0,1619850.0,0.3475159,25.283207,225,1
atitlan,2025-07-17,687750.0,1619850.0,0.33989972,24.3427,225,1
atitlan,2025-07-17,688050.0,1619850.0,0.32409862,22.531317,225,1
atitlan,2025-07-17,688350.0,1619850.0,0.30493972,19.242647,225,1
atitlan,2025-07-17,688650.0,1619850.0,0.30253765,18.433094,225,1
atitlan,2025-07-17,688950.0,1619850.0,0.31010708,19.66702,225,1
atitlan,2025-07-17,689250.0,1619850.0,0.32529473,22.382385,225,1
atitlan,2025-07-17,689550.0,1619850.0,0.1507105,10.203251,225,0
atitlan,2025-07-17,689850.0,1619850.0,-0.07552479,1.2413716,225,0
atitlan,2025-07-17,690150.0,1619850.0,-0.08146425,0.9022221,225,0
atitlan,2025-07-17,690450.0,1619850.0,-0.07704343,1.1549519,225,0
atitlan,2025-07-17,690750.0,1619850.0,0.11683162,7.4605966,225,0
atitlan,2025-07-17,691050.0,1619850.0,0.1289112,8.118533,225,0
atitlan,2025-07-17,691350.0,1619850.0,0.2204335,13.70821,225,1
atitlan,2025-07-17,691650.0,1619850.0,0.2778438,17.578812,225,1
atitlan,2025-07-17,691950.0,1619850.0,0.30557448,20.219475,225,1
atitlan,2025-07-17,692250.0,1619850.0,0.29500523,18.05256,225,1
atitlan,2025-07-17,692550.0,1619850.0,0.29755077,19.528513,225,1
atitlan,2025-07-17,692850.0,1619850.0,0.2460711,13.289181,225,1
atitlan,2025-07-17,693150.0,1619850.0,0.30268613,18.748505,225,1
atitlan,2025-07-17,693450.0,1619850.0,0.3053788,19.719343,225,1
atitlan,2025-07-17,693750.0,1619850.0,0.33706155,24.76825,225,1
atitlan,2025-07-17,694050.0,1619850.0,0.3438305,25.779028,225,1
atitlan,2025-07-17,694350.0,1619850.0,0.34253833,24.934477,225,1
atitlan,2025-07-17,694650.0,1619850.0,0.35843763,27.532957,225,1
atitlan,2025-07-17,694950.0,1619850.0,0.3348859,23.066063,225,1
atitlan,2025-07-17,695250.0,1619850.0,0.3523132,26.294697,225,1
atitlan,2025-07-17,695550.0,1619850.0,0.30585214,21.355219,225,1
atitlan,2025-07-17,695850.0,1619850.0,0.3406926,24.784542,225,1
atitlan,2025-07-17,696150.0,1619850.0,0.32927024,23.908154,225,1
atitlan,2025-07-17,696450.0,1619850.0,0.34036043,25.520245,225,1
atitlan,2025-07-17,696750.0,1619850.0,0.34469828,25.58249,225,1
atitlan,2025-07-17,697050.0,1619850.0,0.3397673,25.11564,225,1
atitlan,2025-07-17,697350.0,1619850.0,0.34401438,24.5134,225,1
atitlan,2025-07-17,697650.0,1619850.0,0.35090226,26.011408,225,1
atitlan,2025-07-17,697950.0,1619850.0,0.3450997,25.242796,225,1
atitlan,2025-07-17,698250.0,1619850.0,0.31814417,20.209227,225,1
atitlan,2025-07-17,698550.0,1619850.0,0.30422646,18.29633,225,1
atitlan,2025-07-17,698850.0,1619850.0,0.3157456,19.593414,225,1
atitlan,2025-07-17,699150.0,1619850.0,0.27190965,18.284292,225,1
atitlan,2025-07-17,699450.0,1619850.0,0.19998574,14.192959,225,1
atitlan,2025-07-17,699750.0,1619850.0,0.24133174,16.320463,225,1
atitlan,2025-07-17,700050.0,1619850.0,0.28417867,18.081264,225,1
atitlan,2025-07-17,700350.0,1619850.0,0.09302677,8.515723,225,0
atitlan,2025-07-17,700650.0,1619850.0,-0.06789039,1.6459951,225,0
atitlan,2025-07-17,700950.0,1619850.0,0.13332926,12.746197,225,1
atitlan,2025-07-17,701250.0,1619850.0,0.35805333,28.466635,225,1
atitlan,2025-07-17,701550.0,1619850.0,0.32138628,21.202713,225,1
atitlan,2025-07-17,701850.0,1619850.0,0.29265192,16.773623,225,1
atitlan,2025-07-17,702150.0,1619850.0,0.2954571,17.365858,225,1
atitlan,2025-07-17,702450.0,1619850.0,0.2139046,15.412739,225,1
atitlan,2025-07-17,702750.0,1619850.0,0.25281805,16.207642,225,1
atitlan,2025-07-17,703050.0,1619850.0,0.30356106,20.920374,225,1
atitlan,2025-07-17,703350.0,1619850.0,0.33997986,25.41671,225,1
atitlan,2025-07-17,703650.0,1619850.0,0.2797011,17.561792,225,1
atitlan,2025-07-17,703950.0,1619850.0,0.15994766,8.3827505,225,0
atitlan,2025-07-17,704250.0,1619850.0,0.305878,21.689299,225,1
atitlan,2025-07-17,704550.0,1619850.0,0.31439644,21.305256,225,1
atitlan,2025-07-17,704850.0,1619850.0,0.31780562,22.813147,225,1
atitlan,2025-07-17,705150.0,1619850.0,0.34775764,25.782873,225,1
atitlan,2025-07-17,705450.0,1619850.0,0.37919706,31.46467,225,1
atitlan,2025-07-17,705750.0,1619850.0,0.3990377,36.496017,225,1
atitlan,2025-07-17,706050.0,1619850.0,0.3620558,29.862421,225,1
atitlan,2025-07-17,706350.0,1619850.0,0.353337,28.310898,225,1
atitlan,2025-07-17,706650.0,1619850.0,0.36731717,30.113655,225,1
atitlan,2025-07-17,706950.0,1619850.0,0.37618726,32.812695,225,1
atitlan,2025-07-17,707250.0,1619850.0,0.38001823,32.07728,225,1
atitlan,2025-07-17,707550.0,1619850.0,0.24084431,16.995544,225,1
atitlan,2025-07-17,707850.0,1619850.0,0.18554738,13.422456,45,1
atitlan,2025-07-17,680250.0,1620150.0,0.3796572,32.587685,180,1
atitlan,2025-07-17,680550.0,1620150.0,0.37744296,32.443333,225,1
atitlan,2025-07-17,680850.0,1620150.0,0.35116437,25.678633,225,1
atitlan,2025-07-17,681150.0,1620150.0,0.29531354,16.893583,225,1
atitlan,2025-07-17,681450.0,1620150.0,0.28274417,14.981305,225,1
atitlan,2025-07-17,681750.0,1620150.0,0.31607014,19.64355,225,1
atitlan,2025-07-17,682050.0,1620150.0,0.38145605,32.610664,225,1
atitlan,2025-07-17,682350.0,1620150.0,0.39031854,34.19014,225,1
atitlan,2025-07-17,682650.0,1620150.0,0.36058146,29.129751,225,1
atitlan,2025-07-17,682950.0,1620150.0,0.26272467,14.2165,225,1
atitlan,2025-07-17,683250.0,1620150.0,0.29806513,18.964817,225,1
atitlan,2025-07-17,683550.0,1620150.0,0.33189544,23.543705,225,1
atitlan,2025-07-17,683850.0,1620150.0,0.3519001,27.69482,225,1
atitlan,2025-07-17,684150.0,1620150.0,0.38592875,33.773464,225,1
atitlan,2025-07-17,684450.0,1620150.0,0.38291585,33.70185,225,1
atitlan,2025-07-17,684750.0,1620150.0,0.38522264,34.27657,225,1
atitlan,2025-07-17,685050.0,1620150.0,0.39595038,36.088963,225,1
atitlan,2025-07-17,685350.0,1620150.0,0.32438898,22.197538,225,1
atitlan,2025-07-17,685650.0,1620150.0,0.36948517,29.240528,225,1
atitlan,2025-07-17,685950.0,1620150.0,0.3635754,28.058401,225,1
atitlan,2025-07-17,686250.0,1620150.0,0.3707709,29.567179,225,1
atitlan,2025-07-17,686550.0,1620150.0,0.36222932,28.553135,225,1
atitlan,2025-07-17,686850.0,1620150.0,0.34632513,24.581442,225,1
atitlan,2025-07-17,687150.0,1620150.0,0.32977238,21.216667,225,1
atitlan,2025-07-17,687450.0,1620150.0,0.33612075,22.391188,225,1
atitlan,2025-07-17,687750.0,1620150.0,0.3419296,23.576902,225,1
atitlan,2025-07-17,688050.0,1620150.0,0.32748047,22.24665,225,1
atitlan,2025-07-17,688350.0,1620150.0,0.32597202,21.96402,225,1
atitlan,2025-07-17,688650.0,1620150.0,0.31332177,19.439833,225,1
atitlan,2025-07-17,688950.0,1620150.0,0.32387337,21.222063,225,1
atitlan,2025-07-17,689250.0,1620150.0,0.299371,19.401487,225,1
atitlan,2025-07-17,689550.0,1620150.0,0.26034346,17.292597,225,1
atitlan,2025-07-17,689850.0,1620150.0,-0.056891493,1.9916092,225,0
atitlan,2025-07-17,690150.0,1620150.0,-0.075447045,1.2368795,225,0
atitlan,2025-07-17,690450.0,1620150.0,0.079976685,7.0037003,225,0
atitlan,2025-07-17,690750.0,1620150.0,0.173468,10.63137,225,0
atitlan,2025-07-17,691050.0,1620150.0,0.2071069,12.626785,225,1
atitlan,2025-07-17,691350.0,1620150.0,0.26486483,16.701422,225,1
atitlan,2025-07-17,691650.0,1620150.0,0.3077361,19.246035,225,1
atitlan,2025-07-17,691950.0,1620150.0,0.33167464,22.755941,225,1
atitlan,2025-07-17,692250.0,1620150.0,0.31508496,19.682419,225,1
atitlan,2025-07-17,692550.0,1620150.0,0.30219057,19.075052,225,1
atitlan,2025-07-17,692850.0,1620150.0,0.2795114,16.563244,225,1
atitlan,2025-07-17,693150.0,1620150.0,0.30999282,19.695204,225,1
atitlan,2025-07-17,693450.0,1620150.0,0.33511844,23.391418,225,1
atitlan,2025-07-17,693750.0,1620150.0,0.3329541,23.247797,225,1
atitlan,2025-07-17,694050.0,1620150.0,0.31272987,20.565924,225,1
atitlan,2025-07-17,694350.0,1620150.0,0.3296501,22.445498,225,1
atitlan,2025-07-17,694650.0,1620150.0,0.3401939,25.022045,225,1
atitlan,2025-07-17,694950.0,1620150.0,0.35341525,27.166643,225,1
atitlan,2025-07-17,695250.0,1620150.0,0.34220618,24.278017,225,1
atitlan,2025-07-17,695550.0,1620150.0,0.32193714,22.716085,225,1
atitlan,2025-07-17,695850.0,1620150.0,0.34007043,25.25786,225,1
atitlan,2025-07-17,696150.0,1620150.0,0.33892256,23.97829,225,1
atitlan,2025-07-17,696450.0,1620150.0,0.34528014,24.794865,225,1
atitlan,2025-07-17,696750.0,1620150.0,0.32338682,22.765587,225,1
atitlan,2025-07-17,697050.0,1620150.0,0.34694096,25.798323,225,1
atitlan,2025-07-17,697350.0,1620150.0,0.32932532,22.942112,225,1
atitlan,2025-07-17,697650.0,1620150.0,0.33885816,23.671549,225,1
atitlan,2025-07-17,697950.0,1620150.0,0.3340948,23.406181,225,1
atitlan,2025-07-17,698250.0,1620150.0,0.31409657,19.820402,225,1
atitlan,2025-07-17,698550.0,1620150.0,0.29488665,17.855022,225,1
atitlan,2025-07-17,698850.0,1620150.0,0.32514936,22.296633,225,1
atitlan,2025-07-17,699150.0,1620150.0,0.29294538,18.650705,225,1
atitlan,2025-07-17,699450.0,1620150.0,0.2830175,22.344666,225,1
atitlan,2025-07-17,699750.0,1620150.0,0.30019307,22.951017,225,1
atitlan,2025-07-17,700050.0,1620150.0,0.14745589,12.92986,225,1
atitlan,2025-07-17,700350.0,1620150.0,-0.06681672,1.719766,225,0
atitlan,2025-07-17,700650.0,1620150.0,-0.07043208,1.4971917,225,0
atitlan,2025-07-17,700950.0,1620150.0,-0.048656777,2.3090932,225,0
atitlan,2025-07-17,701250.0,1620150.0,0.33034393,23.534184,225,1
atitlan,2025-07-17,701550.0,1620150.0,0.3353946,23.016481,225,1
atitlan,2025-07-17,701850.0,1620150.0,0.31436723,19.994358,225,1
atitlan,2025-07-17,702150.0,1620150.0,0.2997759,17.126455,225,1
atitlan,2025-07-17,702450.0,1620150.0,0.3123839,19.87922,225,1
atitlan,2025-07-17,702750.0,1620150.0,0.23979783,16.221195,225,1
atitlan,2025-07-17,703050.0,1620150.0,0.29489806,20.290133,225,1
atitlan,2025-07-17,703350.0,1620150.0,0.32786462,22.28785,225,1
atitlan,2025-07-17,703650.0,1620150.0,0.32521486,22.507755,225,1
atitlan,2025-07-17,703950.0,1620150.0,0.21094331,14.050678,225,1
atitlan,2025-07-17,704250.0,1620150.0,0.30609453,21.102726,225,1
atitlan,2025-07-17,704550.0,1620150.0,0.33049136,22.856861,225,1
atitlan,2025-07-17,704850.0,1620150.0,0.3334095,24.174732,225,1
atitlan,2025-07-17,705150.0,1620150.0,0.34322014,25.1737,225,1
atitlan,2025-07-17,705450.0,1620150.0,0.3488837,25.000122,225,1
atitlan,2025-07-17,705750.0,1620150.0,0.33614486,23.155073,225,1
atitlan,2025-07-17,706050.0,1620150.0,0.33616954,26.352606,225,1
atitlan,2025-07-17,706350.0,1620150.0,0.373859,31.600937,225,1
atitlan,2025-07-17,706650.0,1620150.0,0.3772809,33.04512,225,1
atitlan,2025-07-17,706950.0,1620150.0,0.34240997,28.541327,225,1
atitlan,2025-07-17,707250.0,1620150.0,0.3710746,31.154398,225,1
atitlan,2025-07-17,707550.0,1620150.0,0.18822049,11.9519205,225,0
atitlan,2025-07-17,707850.0,1620150.0,0.19549304,10.003487,45,0
atitlan,2025-07-17,680250.0,1620450.0,0.38672012,34.25466,180,1
atitlan,2025-07-17,680550.0,1620450.0,0.36713487,29.06526,225,1
atitlan,2025-07-17,680850.0,1620450.0,0.39664257,36.9691,225,1
atitlan,2025-07-17,681150.0,1620450.0,0.39273632,36.58283,225,1
atitlan,2025-07-17,681450.0,1620450.0,0.3482568,25.794855,225,1
atitlan,2025-07-17,681750.0,1620450.0,0.37295362,31.102533,225,1
atitlan,2025-07-17,682050.0,1620450.0,0.35064107,25.70163,225,1
atitlan,2025-07-17,682350.0,1620450.0,0.36515182,28.332598,225,1
atitlan,2025-07-17,682650.0,1620450.0,0.37161013,31.985481,225,1
atitlan,2025-07-17,682950.0,1620450.0,0.27448213,15.938601,225,1
atitlan,2025-07-17,683250.0,1620450.0,0.31978253,22.550192,225,1
atitlan,2025-07-17,683550.0,1620450.0,0.3644277,30.275797,225,1
atitlan,2025-07-17,683850.0,1620450.0,0.37504813,30.791286,225,1
atitlan,2025-07-17,684150.0,1620450.0,0.38552687,33.299377,225,1
atitlan,2025-07-17,684450.0,1620450.0,0.40238807,37.91546,225,1
atitlan,2025-07-17,684750.0,1620450.0,0.3942183,36.99793,225,1
atitlan,2025-07-17,685050.0,1620450.0,0.36705655,30.584188,225,1
atitlan,2025-07-17,685350.0,1620450.0,0.35455036,27.720013,225,1
atitlan,2025-07-17,685650.0,1620450.0,0.36844826,29.2651,225,1
atitlan,2025-07-17,685950.0,1620450.0,0.33425736,22.307676,225,1
atitlan,2025-07-17,686250.0,1620450.0,0.3401216,23.469786,225,1
atitlan,2025-07-17,686550.0,1620450.0,0.35140848,26.081175,225,1
atitlan,2025-07-17,686850.0,1620450.0,0.3344107,22.04525,225,1
atitlan,2025-07-17,687150.0,1620450.0,0.33643925,22.295973,225,1
atitlan,2025-07-17,687450.0,1620450.0,0.32437408,20.265442,225,1
atitlan,2025-07-17,687750.0,1620450.0,0.32236782,20.033464,225,1
atitlan,2025-07-17,688050.0,1620450.0,0.34992838,25.462337,225,1
atitlan,2025-07-17,688350.0,1620450.0,0.33570507,23.26258,225,1
atitlan,2025-07-17,688650.0,1620450.0,0.29197565,16.058144,225,1
atitlan,2025-07-17,688950.0,1620450.0,0.32625353,21.784063,225,1
atitlan,2025-07-17,689250.0,1620450.0,0.30346426,19.28618,225,1
atitlan,2025-07-17,689550.0,1620450.0,0.32347187,21.70322,225,1
atitlan,2025-07-17,689850.0,1620450.0,0.23303583,16.053205,225,1
atitlan,2025-07-17,690150.0,1620450.0,-0.0035544033,4.8078704,225,0
atitlan,2025-07-17,690450.0,1620450.0,-0.0022793098,4.005154,225,0
atitlan,2025-07-17,690750.0,1620450.0,0.20482163,14.534426,225,1
atitlan,2025-07-17,691050.0,1620450.0,0.26142657,17.178125,225,1
atitlan,2025-07-17,691350.0,1620450.0,0.27673814,18.05818,225,1
atitlan,2025-07-17,691650.0,1620450.0,0.32632026,21.40079,225,1
atitlan,2025-07-17,691950.0,1620450.0,0.2915147,18.298756,225,1
atitlan,2025-07-17,692250.0,1620450.0,0.27186036,16.778484,225,1
atitlan,2025-07-17,692550.0,1620450.0,0.27824146,17.216219,225,1
atitlan,2025-07-17,692850.0,1620450.0,0.32938382,22.665922,225,1
atitlan,2025-07-17,693150.0,1620450.0,0.33030626,22.492239,225,1
atitlan,2025-07-17,693450.0,1620450.0,0.33405173,22.690569,225,1
atitlan,2025-07-17,693750.0,1620450.0,0.3415386,24.252855,225,1
atitlan,2025-07-17,694050.0,1620450.0,0.3173597,20.383833,225,1
atitlan,2025-07-17,694350.0,1620450.0,0.31609616,21.118395,225,1
atitlan,2025-07-17,694650.0,1620450.0,0.3231974,22.39135,225,1
atitlan,2025-07-17,694950.0,1620450.0,0.34182617,25.17763,225,1
atitlan,2025-07-17,695250.0,1620450.0,0.35764456,27.257118,225,1
atitlan,2025-07-17,695550.0,1620450.0,0.3392533,24.617249,225,1
atitlan,2025-07-17,695850.0,1620450.0,0.3150787,22.97403,225,1
atitlan,2025-07-17,696150.0,1620450.0,0.3472937,25.340233,225,1
atitlan,2025-07-17,696450.0,1620450.0,0.34388608,25.271503,225,1
atitlan,2025-07-17,696750.0,1620450.0,0.32072258,21.103687,225,1
atitlan,2025-07-17,697050.0,1620450.0,0.32253197,21.71922,225,1
atitlan,2025-07-17,697350.0,1620450.0,0.3251026,22.4867,225,1
atitlan,2025-07-17,697650.0,1620450.0,0.3267179,22.052692,225,1
atitlan,2025-07-17,697950.0,1620450.0,0.347734,25.37478,225,1
atitlan,2025-07-17,698250.0,1620450.0,0.32338846,21.394121,225,1
atitlan,2025-07-17,698550.0,1620450.0,0.3214353,21.444868,225,1
atitlan,2025-07-17,698850.0,1620450.0,0.35492557,26.345682,225,1
atitlan,2025-07-17,699150.0,1620450.0,0.3346181,22.568527,225,1
atitlan,2025-07-17,699450.0,1620450.0,0.31862205,20.955675,225,1
atitlan,2025-07-17,699750.0,1620450.0,0.26734528,20.229284,225,1
atitlan,2025-07-17,700050.0,1620450.0,0.1393423,10.834409,225,0
atitlan,2025-07-17,700350.0,1620450.0,-0.054091945,2.2637484,225,0
atitlan,2025-07-17,700650.0,1620450.0,-0.06447599,1.8040111,225,0
atitlan,2025-07-17,700950.0,1620450.0,0.1544728,13.595752,225,1
atitlan,2025-07-17,701250.0,1620450.0,0.3598195,26.972816,225,1
atitlan,2025-07-17,701550.0,1620450.0,0.30761406,23.919312,225,1
atitlan,2025-07-17,701850.0,1620450.0,0.21398604,15.164238,225,1
atitlan,2025-07-17,702150.0,1620450.0,0.30929917,18.701246,225,1
atitlan,2025-07-17,702450.0,1620450.0,0.30513415,20.298342,225,1
atitlan,2025-07-17,702750.0,1620450.0,0.21746154,14.837778,225,1
atitlan,2025-07-17,703050.0,1620450.0,0.28313047,17.708698,225,1
atitlan,2025-07-17,703350.0,1620450.0,0.29497665,18.469679,225,1
atitlan,2025-07-17,703650.0,1620450.0,0.33019298,23.238089,225,1
atitlan,2025-07-17,703950.0,1620450.0,0.16022664,11.562028,225,0
atitlan,2025-07-17,704250.0,1620450.0,0.25121275,15.866643,225,1
atitlan,2025-07-17,704550.0,1620450.0,0.34368363,25.720526,225,1
atitlan,2025-07-17,704850.0,1620450.0,0.34828356,26.619009,225,1
atitlan,2025-07-17,705150.0,1620450.0,0.33409578,24.256409,225,1
atitlan,2025-07-17,705450.0,1620450.0,0.35244858,25.988754,225,1
atitlan,2025-07-17,705750.0,1620450.0,0.3729251,29.891392,225,1
atitlan,2025-07-17,706050.0,1620450.0,0.3609781,27.566813,225,1
atitlan,2025-07-17,706350.0,1620450.0,0.36650255,29.125488,225,1
atitlan,2025-07-17,706650.0,1620450.0,0.37439144,32.271835,225,1
atitlan,2025-07-17,706950.0,1620450.0,0.382302,33.684216,225,1
atitlan,2025-07-17,707250.0,1620450.0,0.37254113,29.87673,225,1
atitlan,2025-07-17,707550.0,1620450.0,0.33426243,25.772736,225,1
atitlan,2025-07-17,707850.0,1620450.0,0.26410615,20.276962,45,1
atitlan,2025-07-17,680250.0,1620750.0,0.34873134,25.367687,180,1
atitlan,2025-07-17,680550.0,1620750.0,0.37316087,30.915617,225,1
atitlan,2025-07-17,680850.0,1620750.0,0.39747477,36.583313,225,1
atitlan,2025-07-17,681150.0,1620750.0,0.39810398,36.970886,225,1
atitlan,2025-07-17,681450.0,1620750.0,0.39935198,37.272915,225,1
atitlan,2025-07-17,681750.0,1620750.0,0.38184187,35.540863,225,1
atitlan,2025-07-17,682050.0,1620750.0,0.39646217,36.58314,225,1
atitlan,2025-07-17,682350.0,1620750.0,0.37112042,30.478422,225,1
atitlan,2025-07-17,682650.0,1620750.0,0.37816763,31.859592,225,1
atitlan,2025-07-17,682950.0,1620750.0,0.3808347,34.56613,225,1
atitlan,2025-07-17,683250.0,1620750.0,0.32105848,23.476131,225,1
atitlan,2025-07-17,683550.0,1620750.0,0.28093833,16.425508,225,1
atitlan,2025-07-17,683850.0,1620750.0,0.29736418,18.151518,225,1
atitlan,2025-07-17,684150.0,1620750.0,0.36164716,28.49265,225,1
atitlan,2025-07-17,684450.0,1620750.0,0.36474663,30.138905,225,1
atitlan,2025-07-17,684750.0,1620750.0,0.34131387,25.842636,225,1
atitlan,2025-07-17,685050.0,1620750.0,0.37316725,30.124233,225,1
atitlan,2025-07-17,685350.0,1620750.0,0.35810673,26.876503,225,1
atitlan,2025-07-17,685650.0,1620750.0,0.33380845,22.122883,225,1
atitlan,2025-07-17,685950.0,1620750.0,0.3454237,24.298185,225,1
atitlan,2025-07-17,686250.0,1620750.0,0.31916505,19.986406,225,1
atitlan,2025-07-17,686550.0,1620750.0,0.32124937,20.268621,225,1
atitlan,2025-07-17,686850.0,1620750.0,0.31797838,19.586424,225,1
atitlan,2025-07-17,687150.0,1620750.0,0.3233275,20.151022,225,1
atitlan,2025-07-17,687450.0,1620750.0,0.32207507,19.935368,225,1
atitlan,2025-07-17,687750.0,1620750.0,0.3095726,18.158518,225,1
atitlan,2025-07-17,688050.0,1620750.0,0.33074036,21.690414,225,1
atitlan,2025-07-17,688350.0,1620750.0,0.32149687,20.272665,225,1
atitlan,2025-07-17,688650.0,1620750.0,0.3158378,19.868921,225,1
atitlan,2025-07-17,688950.0,1620750.0,0.29339278,17.260485,225,1
atitlan,2025-07-17,689250.0,1620750.0,0.3176113,20.999985,225,1
atitlan,2025-07-17,689550.0,1620750.0,0.34328753,25.122934,225,1
atitlan,2025-07-17,689850.0,1620750.0,0.30729878,21.26333,225,1
atitlan,2025-07-17,690150.0,1620750.0,-0.011077557,4.1961417,225,0
atitlan,2025-07-17,690450.0,1620750.0,-0.034281157,2.8904402,225,0
atitlan,2025-07-17,690750.0,1620750.0,0.12523876,8.173468,225,0
atitlan,2025-07-17,691050.0,1620750.0,0.17795521,8.566208,225,0
atitlan,2025-07-17,691350.0,1620750.0,0.24849367,14.625761,225,1
atitlan,2025-07-17,691650.0,1620750.0,0.29458478,19.168264,225,1
atitlan,2025-07-17,691950.0,1620750.0,0.31528193,21.591555,225,1
atitlan,2025-07-17,692250.0,1620750.0,0.32141796,21.161556,225,1
atitlan,2025-07-17,692550.0,1620750.0,0.28962108,18.397697,225,1
atitlan,2025-07-17,692850.0,1620750.0,0.22354138,13.989521,225,1
atitlan,2025-07-17,693150.0,1620750.0,0.19515581,11.319251,225,0
atitlan,2025-07-17,693450.0,1620750.0,0.27827558,17.176258,225,1
atitlan,2025-07-17,693750.0,1620750.0,0.28486487,17.752665,225,1
atitlan,2025-07-17,694050.0,1620750.0,0.31095746,19.570637,225,1
atitlan,2025-07-17,694350.0,1620750.0,0.32093734,21.41237,225,1
atitlan,2025-07-17,694650.0,1620750.0,0.33384547,23.1112,225,1
atitlan,2025-07-17,694950.0,1620750.0,0.328189,23.498014,225,1
atitlan,2025-07-17,695250.0,1620750.0,0.33798727,24.375097,225,1
atitlan,2025-07-17,695550.0,1620750.0,0.33188576,24.031221,225,1
atitlan,2025-07-17,695850.0,1620750.0,0.32423946,22.711992,225,1
atitlan,2025-07-17,696150.0,1620750.0,0.32937312,23.638142,225,1
atitlan,2025-07-17,696450.0,1620750.0,0.30565363,19.88316,225,1
atitlan,2025-07-17,696750.0,1620750.0,0.3402341,24.280487,225,1
atitlan,2025-07-17,697050.0,1620750.0,0.29731745,19.130543,225,1
atitlan,2025-07-17,697350.0,1620750.0,0.32949367,23.604345,225,1
atitlan,2025-07-17,697650.0,1620750.0,0.33968917,24.235838,225,1
atitlan,2025-07-17,697950.0,1620750.0,0.29443267,18.73498,225,1
atitlan,2025-07-17,698250.0,1620750.0,0.3104396,20.253408,225,1
atitlan,2025-07-17,698550.0,1620750.0,0.31666225,21.518827,225,1
atitlan,2025-07-17,698850.0,1620750.0,0.31050107,20.774729,225,1
atitlan,2025-07-17,699150.0,1620750.0,0.34125733,24.38606,225,1
atitlan,2025-07-17,699450.0,1620750.0,0.26062903,15.881858,225,1
atitlan,2025-07-17,699750.0,1620750.0,0.23375629,15.504625,225,1
atitlan,2025-07-17,700050.0,1620750.0,-0.0044873143,3.9306426,225,0
atitlan,2025-07-17,700350.0,1620750.0,-0.05308152,2.252485,225,0
atitlan,2025-07-17,700650.0,1620750.0,-0.056684773,2.1906512,225,0
atitlan,2025-07-17,700950.0,1620750.0,0.020404693,6.31835,225,0
atitlan,2025-07-17,701250.0,1620750.0,0.23422183,20.63869,225,1
atitlan,2025-07-17,701550.0,1620750.0,0.33665124,26.98875,225,1
atitlan,2025-07-17,701850.0,1620750.0,0.3178264,20.607838,225,1
atitlan,2025-07-17,702150.0,1620750.0,0.2873707,18.138458,225,1
atitlan,2025-07-17,702450.0,1620750.0,0.2389267,13.680963,225,1
atitlan,2025-07-17,702750.0,1620750.0,0.24262571,14.804519,225,1
atitlan,2025-07-17,703050.0,1620750.0,0.26970485,17.93767,225,1
atitlan,2025-07-17,703350.0,1620750.0,0.2886413,20.320017,225,1
atitlan,2025-07-17,703650.0,1620750.0,0.33201754,24.90428,225,1
atitlan,2025-07-17,703950.0,1620750.0,0.24596372,17.359156,225,1
atitlan,2025-07-17,704250.0,1620750.0,0.2632,15.778262,225,1
atitlan,2025-07-17,704550.0,1620750.0,0.28858772,19.197325,225,1
atitlan,2025-07-17,704850.0,1620750.0,0.32442966,21.934713,225,1
atitlan,2025-07-17,705150.0,1620750.0,0.35366592,28.847939,225,1
atitlan,2025-07-17,705450.0,1620750.0,0.31887156,20.483953,225,1
atitlan,2025-07-17,705750.0,1620750.0,0.33912522,23.234661,225,1
atitlan,2025-07-17,706050.0,1620750.0,0.3504332,25.717321,225,1
atitlan,2025-07-17,706350.0,1620750.0,0.3711342,29.78843,225,1
atitlan,2025-07-17,706650.0,1620750.0,0.39436826,35.859917,225,1
atitlan,2025-07-17,706950.0,1620750.0,0.37717432,32.831535,225,1
atitlan,2025-07-17,707250.0,1620750.0,0.37040234,31.172855,225,1
atitlan,2025-07-17,707550.0,1620750.0,0.31702405,23.687698,225,1
atitlan,2025-07-17,707850.0,1620750.0,0.2197902,13.36774,45,1
atitlan,2025-07-17,680250.0,1621050.0,0.38792717,34.11394,180,1
atitlan,2025-07-17,680550.0,1621050.0,0.3946758,36.045723,225,1
atitlan,2025-07-17,680850.0,1621050.0,0.39702162,36.87391,225,1
atitlan,2025-07-17,681150.0,1621050.0,0.40190953,37.482685,225,1
atitlan,2025-07-17,681450.0,1621050.0,0.40788564,39.326496,225,1
atitlan,2025-07-17,681750.0,1621050.0,0.40124416,37.62419,225,1
atitlan,2025-07-17,682050.0,1621050.0,0.39848086,37.95976,225,1
atitlan,2025-07-17,682350.0,1621050.0,0.35269088,27.967857,225,1
atitlan,2025-07-17,682650.0,1621050.0,0.37199888,30.40748,225,1
atitlan,2025-07-17,682950.0,1621050.0,0.39040104,36.029427,225,1
atitlan,2025-07-17,683250.0,1621050.0,0.30346993,18.834736,225,1
atitlan,2025-07-17,683550.0,1621050.0,0.32157624,21.016012,225,1
atitlan,2025-07-17,683850.0,1621050.0,0.27972826,17.137497,225,1
atitlan,2025-07-17,684150.0,1621050.0,0.327371,23.424282,225,1
atitlan,2025-07-17,684450.0,1621050.0,0.34946617,26.655874,225,1
atitlan,2025-07-17,684750.0,1621050.0,0.36546415,28.748825,225,1
atitlan,2025-07-17,685050.0,1621050.0,0.38358012,32.9546,225,1
atitlan,2025-07-17,685350.0,1621050.0,0.37787703,31.323977,225,1
atitlan,2025-07-17,685650.0,1621050.0,0.36778063,29.068583,225,1
atitlan,2025-07-17,685950.0,1621050.0,0.36349908,28.281736,225,1
atitlan,2025-07-17,686250.0,1621050.0,0.31876522,19.801777,225,1
atitlan,2025-07-17,686550.0,1621050.0,0.3575296,27.335073,225,1
atitlan,2025-07-17,686850.0,1621050.0,0.35834324,28.389565,225,1
atitlan,2025-07-17,687150.0,1621050.0,0.32658848,21.04939,225,1
atitlan,2025-07-17,687450.0,1621050.0,0.29266056,16.32913,225,1
atitlan,2025-07-17,687750.0,1621050.0,0.2655883,12.851398,225,1
atitlan,2025-07-17,688050.0,1621050.0,0.31505677,19.510647,225,1
atitlan,2025-07-17,688350.0,1621050.0,0.33270508,22.026363,225,1
atitlan,2025-07-17,688650.0,1621050.0,0.30091658,19.95823,225,1
atitlan,2025-07-17,688950.0,1621050.0,0.26526058,16.142998,225,1
atitlan,2025-07-17,689250.0,1621050.0,0.2509513,13.729253,225,1
atitlan,2025-07-17,689550.0,1621050.0,0.20536114,14.632089,225,1
atitlan,2025-07-17,689850.0,1621050.0,0.016109562,5.294785,225,0
atitlan,2025-07-17,690150.0,1621050.0,-0.069123246,1.5926008,225,0
atitlan,2025-07-17,690450.0,1621050.0,0.084703706,8.74623,225,0
atitlan,2025-07-17,690750.0,1621050.0,0.14049254,9.147147,225,0
atitlan,2025-07-17,691050.0,1621050.0,0.19299448,10.946919,225,0
atitlan,2025-07-17,691350.0,1621050.0,0.22653078,13.579998,225,1
atitlan,2025-07-17,691650.0,1621050.0,0.25429088,15.634321,225,1
atitlan,2025-07-17,691950.0,1621050.0,0.23122558,15.573781,225,1
atitlan,2025-07-17,692250.0,1621050.0,0.21491793,13.091863,225,1
atitlan,2025-07-17,692550.0,1621050.0,0.18793921,11.165301,225,0
atitlan,2025-07-17,692850.0,1621050.0,0.14648442,8.757963,225,0
atitlan,2025-07-17,693150.0,1621050.0,0.19166338,12.324224,225,1
atitlan,2025-07-17,693450.0,1621050.0,0.33350375,23.2468,225,1
atitlan,2025-07-17,693750.0,1621050.0,0.3182082,22.137272,225,1
atitlan,2025-07-17,694050.0,1621050.0,0.32709932,22.829332,225,1
atitlan,2025-07-17,694350.0,1621050.0,0.33835694,24.255697,225,1
atitlan,2025-07-17,694650.0,1621050.0,0.33358553,22.809675,225,1
atitlan,2025-07-17,694950.0,1621050.0,0.34599826,25.481274,225,1
atitlan,2025-07-17,695250.0,1621050.0,0.32992187,23.63821,225,1
atitlan,2025-07-17,695550.0,1621050.0,0.32856515,23.875305,225,1
atitlan,2025-07-17,695850.0,1621050.0,0.32723558,23.268915,225,1
atitlan,2025-07-17,696150.0,1621050.0,0.31053644,20.705687,225,1
atitlan,2025-07-17,696450.0,1621050.0,0.34531853,25.955706,225,1
atitlan,2025-07-17,696750.0,1621050.0,0.33939394,25.007078,225,1
atitlan,2025-07-17,697050.0,1621050.0,0.3380304,24.01634,225,1
atitlan,2025-07-17,697350.0,1621050.0,0.33301392,23.058138,225,1
atitlan,2025-07-17,697650.0,1621050.0,0.3404087,24.09019,225,1
atitlan,2025-07-17,697950.0,1621050.0,0.31401557,20.710785,225,1
atitlan,2025-07-17,698250.0,1621050.0,0.2884078,19.440432,225,1
atitlan,2025-07-17,698550.0,1621050.0,0.30988425,22.092453,225,1
atitlan,2025-07-17,698850.0,1621050.0,0.2705836,19.41274,225,1
atitlan,2025-07-17,699150.0,1621050.0,0.16519612,13.19328,225,1
atitlan,2025-07-17,699450.0,1621050.0,0.06287128,7.3795986,225,0
atitlan,2025-07-17,699750.0,1621050.0,0.014613454,5.008434,225,0
atitlan,2025-07-17,700050.0,1621050.0,-0.05169936,2.4359636,225,0
atitlan,2025-07-17,700350.0,1621050.0,-0.060127385,1.9847552,225,0
atitlan,2025-07-17,700650.0,1621050.0,-0.060495533,2.020809,225,0
atitlan,2025-07-17,700950.0,1621050.0,-0.061012678,1.996193,225,0
atitlan,2025-07-17,701250.0,1621050.0,-0.06685099,1.6909261,225,0
atitlan,2025-07-17,701550.0,1621050.0,0.0319132,6.683233,225,0
atitlan,2025-07-17,701850.0,1621050.0,0.3523129,27.61057,225,1
atitlan,2025-07-17,702150.0,1621050.0,0.29105276,19.379883,225,1
atitlan,2025-07-17,702450.0,1621050.0,0.30292037,21.273022,225,1
atitlan,2025-07-17,702750.0,1621050.0,0.32921296,23.348148,225,1
atitlan,2025-07-17,703050.0,1621050.0,0.2629434,16.641056,225,1
atitlan,2025-07-17,703350.0,1621050.0,0.27448314,18.697208,225,1
atitlan,2025-07-17,703650.0,1621050.0,0.25974357,17.628967,225,1
atitlan,2025-07-17,703950.0,1621050.0,0.28930354,18.522762,225,1
atitlan,2025-07-17,704250.0,1621050.0,0.27900994,16.441092,225,1
atitlan,2025-07-17,704550.0,1621050.0,0.22496693,13.732596,225,1
atitlan,2025-07-17,704850.0,1621050.0,0.26237977,18.491737,225,1
atitlan,2025-07-17,705150.0,1621050.0,0.36966872,31.994461,225,1
atitlan,2025-07-17,705450.0,1621050.0,0.343456,26.7005,225,1
atitlan,2025-07-17,705750.0,1621050.0,0.32545152,20.518385,225,1
atitlan,2025-07-17,706050.0,1621050.0,0.35809913,27.356731,225,1
atitlan,2025-07-17,706350.0,1621050.0,0.3698462,30.575886,225,1
atitlan,2025-07-17,706650.0,1621050.0,0.36367643,28.80574,225,1
atitlan,2025-07-17,706950.0,1621050.0,0.32063308,24.203869,225,1
atitlan,2025-07-17,707250.0,1621050.0,0.27596974,19.168684,225,1
atitlan,2025-07-17,707550.0,1621050.0,0.28879002,19.836794,225,1
atitlan,2025-07-17,707850.0,1621050.0,0.270201,17.305592,45,1
atitlan,2025-07-17,680250.0,1621350.0,0.36860055,29.54235,180,1
atitlan,2025-07-17,680550.0,1621350.0,0.36294577,30.184017,225,1
atitlan,2025-07-17,680850.0,1621350.0,0.3778832,32.909412,225,1
atitlan,2025-07-17,681150.0,1621350.0,0.38514847,33.778954,225,1
atitlan,2025-07-17,681450.0,1621350.0,0.3903491,34.81074,225,1
atitlan,2025-07-17,681750.0,1621350.0,0.3703447,31.225958,225,1
atitlan,2025-07-17,682050.0,1621350.0,0.36832586,30.524748,225,1
atitlan,2025-07-17,682350.0,1621350.0,0.3490331,28.236296,225,1
atitlan,2025-07-17,682650.0,1621350.0,0.37236834,31.396898,225,1
atitlan,2025-07-17,682950.0,1621350.0,0.3822644,32.452633,225,1
atitlan,2025-07-17,683250.0,1621350.0,0.38026258,32.512604,225,1
atitlan,2025-07-17,683550.0,1621350.0,0.37165093,30.203625,225,1
atitlan,2025-07-17,683850.0,1621350.0,0.30662552,20.94248,225,1
atitlan,2025-07-17,684150.0,1621350.0,0.33254763,24.599083,225,1
atitlan,2025-07-17,684450.0,1621350.0,0.3465461,26.736917,225,1
atitlan,2025-07-17,684750.0,1621350.0,0.3825733,33.132336,225,1
atitlan,2025-07-17,685050.0,1621350.0,0.3894462,34.20762,225,1
atitlan,2025-07-17,685350.0,1621350.0,0.36142185,27.713013,225,1
atitlan,2025-07-17,685650.0,1621350.0,0.36946958,29.990469,225,1
atitlan,2025-07-17,685950.0,1621350.0,0.35754895,26.978006,225,1
atitlan,2025-07-17,686250.0,1621350.0,0.34744388,24.629719,225,1
atitlan,2025-07-17,686550.0,1621350.0,0.36321166,28.125195,225,1
atitlan,2025-07-17,686850.0,1621350.0,0.38740194,34.55164,225,1
atitlan,2025-07-17,687150.0,1621350.0,0.36202365,27.778381,225,1
atitlan,2025-07-17,687450.0,1621350.0,0.33313614,22.113562,225,1
atitlan,2025-07-17,687750.0,1621350.0,0.32940626,21.31037,225,1
atitlan,2025-07-17,688050.0,1621350.0,0.32621634,20.518475,225,1
atitlan,2025-07-17,688350.0,1621350.0,0.3355433,22.885605,225,1
atitlan,2025-07-17,688650.0,1621350.0,0.28236958,16.112965,225,1
atitlan,2025-07-17,688950.0,1621350.0,0.2961423,17.237907,225,1
atitlan,2025-07-17,689250.0,1621350.0,0.26559776,15.172155,225,1
atitlan,2025-07-17,689550.0,1621350.0,0.201824,14.714835,225,1
atitlan,2025-07-17,689850.0,1621350.0,-0.07636728,1.2485759,225,0
atitlan,2025-07-17,690150.0,1621350.0,-0.081335194,0.9546553,225,0
atitlan,2025-07-17,690450.0,1621350.0,-0.08517107,0.77872604,225,0
atitlan,2025-07-17,690750.0,1621350.0,-0.056560952,1.7878243,225,0
atitlan,2025-07-17,691050.0,1621350.0,0.21175487,13.958767,225,1
atitlan,2025-07-17,691350.0,1621350.0,0.05064715,4.8080215,225,0
atitlan,2025-07-17,691650.0,1621350.0,0.24545008,14.941046,225,1
atitlan,2025-07-17,691950.0,1621350.0,0.2563919,15.118463,225,1
atitlan,2025-07-17,692250.0,1621350.0,0.1965851,12.402407,225,1
atitlan,2025-07-17,692550.0,1621350.0,0.20442621,14.360016,225,1
atitlan,2025-07-17,692850.0,1621350.0,0.15458018,9.395374,225,0
atitlan,2025-07-17,693150.0,1621350.0,0.28686184,19.002167,225,1
atitlan,2025-07-17,693450.0,1621350.0,0.32674018,22.55494,225,1
atitlan,2025-07-17,693750.0,1621350.0,0.33734936,24.812828,225,1
atitlan,2025-07-17,694050.0,1621350.0,0.31462425,21.602034,225,1
atitlan,2025-07-17,694350.0,1621350.0,0.32397363,22.04413,225,1
atitlan,2025-07-17,694650.0,1621350.0,0.34133694,24.112362,225,1
atitlan,2025-07-17,694950.0,1621350.0,0.30730805,20.972713,225,1
atitlan,2025-07-17,695250.0,1621350.0,0.34999824,26.271135,225,1
atitlan,2025-07-17,695550.0,1621350.0,0.3178093,22.295574,225,1
atitlan,2025-07-17,695850.0,1621350.0,0.32950807,22.954428,225,1
atitlan,2025-07-17,696150.0,1621350.0,0.32796288,23.559813,225,1
atitlan,2025-07-17,696450.0,1621350.0,0.30891907,21.055319,225,1
atitlan,2025-07-17,696750.0,1621350.0,0.32749316,22.489697,225,1
atitlan,2025-07-17,697050.0,1621350.0,0.33695266,24.500582,225,1
atitlan,2025-07-17,697350.0,1621350.0,0.31440842,21.482832,225,1
atitlan,2025-07-17,697650.0,1621350.0,0.26268122,16.783245,225,1
atitlan,2025-07-17,697950.0,1621350.0,0.29521397,21.045483,225,1
atitlan,2025-07-17,698250.0,1621350.0,0.2397874,18.021076,225,1
atitlan,2025-07-17,698550.0,1621350.0,0.26657343,18.444368,225,1
atitlan,2025-07-17,698850.0,1621350.0,0.21118443,12.159441,225,1
atitlan,2025-07-17,699150.0,1621350.0,0.014024233,4.920701,225,0
atitlan,2025-07-17,699450.0,1621350.0,-0.06602218,1.7453117,225,0
atitlan,2025-07-17,699750.0,1621350.0,-0.06467797,1.8066365,225,0
atitlan,2025-07-17,700050.0,1621350.0,-0.06373673,1.8545482,225,0
atitlan,2025-07-17,700350.0,1621350.0,-0.066474825,1.7267189,225,0
atitlan,2025-07-17,700650.0,1621350.0,-0.0666654,1.6876571,225,0
atitlan,2025-07-17,700950.0,1621350.0,-0.066085935,1.7368687,225,0
atitlan,2025-07-17,701250.0,1621350.0,-0.07763541,1.1418668,225,0
atitlan,2025-07-17,701550.0,1621350.0,-0.07723238,1.1736138,225,0
atitlan,2025-07-17,701850.0,1621350.0,0.27188206,19.425,225,1
atitlan,2025-07-17,702150.0,1621350.0,0.3080554,22.086594,225,1
atitlan,2025-07-17,702450.0,1621350.0,0.3737186,31.955994,225,1
atitlan,2025-07-17,702750.0,1621350.0,0.36833662,31.080866,225,1
atitlan,2025-07-17,703050.0,1621350.0,0.35808808,29.111732,225,1
atitlan,2025-07-17,703350.0,1621350.0,0.19520432,14.046103,225,1
atitlan,2025-07-17,703650.0,1621350.0,0.22157915,16.425394,225,1
atitlan,2025-07-17,703950.0,1621350.0,0.2634888,16.557053,225,1
atitlan,2025-07-17,704250.0,1621350.0,0.24304688,15.254404,225,1
atitlan,2025-07-17,704550.0,1621350.0,0.27193165,17.769203,225,1
atitlan,2025-07-17,704850.0,1621350.0,0.31552348,23.551506,225,1
atitlan,2025-07-17,705150.0,1621350.0,0.3598296,29.48394,225,1
atitlan,2025-07-17,705450.0,1621350.0,0.33828735,25.389214,225,1
atitlan,2025-07-17,705750.0,1621350.0,0.33361745,22.09384,225,1
atitlan,2025-07-17,706050.0,1621350.0,0.34024954,24.876635,225,1
atitlan,2025-07-17,706350.0,1621350.0,0.33606863,25.460926,225,1
atitlan,2025-07-17,706650.0,1621350.0,0.24197993,15.395901,225,1
atitlan,2025-07-17,706950.0,1621350.0,0.18469228,11.217329,225,0
atitlan,2025-07-17,707250.0,1621350.0,0.26454812,20.22042,225,1
atitlan,2025-07-17,707550.0,1621350.0,0.3192922,24.007246,225,1
atitlan,2025-07-17,707850.0,1621350.0,0.3652417,28.687813,45,1
atitlan,2025-07-17,680250.0,1621650.0,0.30602297,23.731133,180,1
atitlan,2025-07-17,680550.0,1621650.0,0.32192376,25.937119,225,1
atitlan,2025-07-17,680850.0,1621650.0,0.37619713,32.000465,225,1
atitlan,2025-07-17,681150.0,1621650.0,0.3714566,30.198862,225,1
atitlan,2025-07-17,681450.0,1621650.0,0.39860693,37.163036,225,1
atitlan,2025-07-17,681750.0,1621650.0,0.39984652,37.224445,225,1
atitlan,2025-07-17,682050.0,1621650.0,0.39629507,37.140026,225,1
atitlan,2025-07-17,682350.0,1621650.0,0.31462735,21.696327,225,1
atitlan,2025-07-17,682650.0,1621650.0,0.33166924,24.409742,225,1
atitlan,2025-07-17,682950.0,1621650.0,0.3927576,35.053345,225,1
atitlan,2025-07-17,683250.0,1621650.0,0.38591182,33.65872,225,1
atitlan,2025-07-17,683550.0,1621650.0,0.37013993,29.595423,225,1
atitlan,2025-07-17,683850.0,1621650.0,0.3301217,25.07792,225,1
atitlan,2025-07-17,684150.0,1621650.0,0.2899691,18.96201,225,1
atitlan,2025-07-17,684450.0,1621650.0,0.32373297,23.105545,225,1
atitlan,2025-07-17,684750.0,1621650.0,0.37085646,32.160065,225,1
atitlan,2025-07-17,685050.0,1621650.0,0.35757565,27.565954,225,1
atitlan,2025-07-17,685350.0,1621650.0,0.3747931,30.84804,225,1
atitlan,2025-07-17,685650.0,1621650.0,0.37077758,29.898056,225,1
atitlan,2025-07-17,685950.0,1621650.0,0.38703105,33.70118,225,1
atitlan,2025-07-17,686250.0,1621650.0,0.35192135,25.762777,225,1
atitlan,2025-07-17,686550.0,1621650.0,0.35533667,26.364138,225,1
atitlan,2025-07-17,686850.0,1621650.0,0.38315183,32.935482,225,1
atitlan,2025-07-17,687150.0,1621650.0,0.37854862,31.686974,225,1
atitlan,2025-07-17,687450.0,1621650.0,0.35118416,25.585917,225,1
atitlan,2025-07-17,687750.0,1621650.0,0.3330879,22.169067,225,1
atitlan,2025-07-17,688050.0,1621650.0,0.3274268,20.93728,225,1
atitlan,2025-07-17,688350.0,1621650.0,0.32533923,20.509665,225,1
atitlan,2025-07-17,688650.0,1621650.0,0.30166036,18.281813,225,1
atitlan,2025-07-17,688950.0,1621650.0,0.25011083,15.12407,225,1
atitlan,2025-07-17,689250.0,1621650.0,0.2829145,17.709822,225,1
atitlan,2025-07-17,689550.0,1621650.0,0.29353622,19.619213,225,1
atitlan,2025-07-17,689850.0,1621650.0,-0.0039861216,5.155609,225,0
atitlan,2025-07-17,690150.0,1621650.0,-0.0769288,1.1813293,225,0
atitlan,2025-07-17,690450.0,1621650.0,-0.08059278,1.0055544,225,0
atitlan,2025-07-17,690750.0,1621650.0,-0.06889104,1.4286903,225,0
atitlan,2025-07-17,691050.0,1621650.0,-0.0105711045,4.4720984,225,0
atitlan,2025-07-17,691350.0,1621650.0,-0.07341675,1.3600004,225,0
atitlan,2025-07-17,691650.0,1621650.0,0.16686776,10.879837,225,0
atitlan,2025-07-17,691950.0,1621650.0,0.31923035,22.96708,225,1
atitlan,2025-07-17,692250.0,1621650.0,0.31407765,23.274124,225,1
atitlan,2025-07-17,692550.0,1621650.0,0.30245203,20.84106,225,1
atitlan,2025-07-17,692850.0,1621650.0,0.29250148,20.448595,225,1
atitlan,2025-07-17,693150.0,1621650.0,0.2707531,17.90294,225,1
atitlan,2025-07-17,693450.0,1621650.0,0.32490447,22.949072,225,1
atitlan,2025-07-17,693750.0,1621650.0,0.3118604,21.359137,225,1
atitlan,2025-07-17,694050.0,1621650.0,0.34062487,25.1129,225,1
atitlan,2025-07-17,694350.0,1621650.0,0.32112765,22.671774,225,1
atitlan,2025-07-17,694650.0,1621650.0,0.3193608,21.471714,225,1
atitlan,2025-07-17,694950.0,1621650.0,0.31830227,22.023972,225,1
atitlan,2025-07-17,695250.0,1621650.0,0.31512654,21.692307,225,1
atitlan,2025-07-17,695550.0,1621650.0,0.34151715,25.008902,225,1
atitlan,2025-07-17,695850.0,1621650.0,0.3305441,23.267408,225,1
atitlan,2025-07-17,696150.0,1621650.0,0.29086405,19.805307,225,1
atitlan,2025-07-17,696450.0,1621650.0,0.31123707,21.318192,225,1
atitlan,2025-07-17,696750.0,1621650.0,0.33789787,24.174494,225,1
atitlan,2025-07-17,697050.0,1621650.0,0.30989352,20.775208,225,1
atitlan,2025-07-17,697350.0,1621650.0,0.31448454,21.72226,225,1
atitlan,2025-07-17,697650.0,1621650.0,0.28275535,18.092094,225,1
atitlan,2025-07-17,697950.0,1621650.0,0.14660493,9.948571,225,0
atitlan,2025-07-17,698250.0,1621650.0,0.2159522,15.570533,225,1
atitlan,2025-07-17,698550.0,1621650.0,0.22381309,14.628179,225,1
atitlan,2025-07-17,698850.0,1621650.0,0.18141544,12.084554,225,1
atitlan,2025-07-17,699150.0,1621650.0,-0.0676224,1.6079003,225,0
atitlan,2025-07-17,699450.0,1621650.0,-0.07453748,1.3386543,225,0
atitlan,2025-07-17,699750.0,1621650.0,-0.06826725,1.6272156,225,0
atitlan,2025-07-17,700050.0,1621650.0,-0.0668941,1.7295835,225,0
atitlan,2025-07-17,700350.0,1621650.0,-0.06801394,1.6485268,225,0
atitlan,2025-07-17,700650.0,1621650.0,-0.07387587,1.3616493,225,0
atitlan,2025-07-17,700950.0,1621650.0,-0.06681748,1.7032251,225,0
atitlan,2025-07-17,701250.0,1621650.0,-0.070056245,1.5231944,225,0
atitlan,2025-07-17,701550.0,1621650.0,-0.06469219,1.5814188,225,0
atitlan,2025-07-17,701850.0,1621650.0,0.24262357,18.828587,225,1
atitlan,2025-07-17,702150.0,1621650.0,0.28349212,24.763008,225,1
atitlan,2025-07-17,702450.0,1621650.0,0.12318942,13.087017,225,1
atitlan,2025-07-17,702750.0,1621650.0,0.10458597,10.763334,225,0
atitlan,2025-07-17,703050.0,1621650.0,0.32907397,25.052935,225,1
atitlan,2025-07-17,703350.0,1621650.0,0.28258887,20.873337,225,1
atitlan,2025-07-17,703650.0,1621650.0,0.31965485,26.388641,225,1
atitlan,2025-07-17,703950.0,1621650.0,0.33977088,26.156265,225,1
atitlan,2025-07-17,704250.0,1621650.0,0.2868598,18.124033,225,1
atitlan,2025-07-17,704550.0,1621650.0,0.25139034,17.177296,225,1
atitlan,2025-07-17,704850.0,1621650.0,0.30936053,22.765642,225,1
atitlan,2025-07-17,705150.0,1621650.0,0.33099312,23.257696,225,1
atitlan,2025-07-17,705450.0,1621650.0,0.27839178,18.396946,225,1
atitlan,2025-07-17,705750.0,1621650.0,0.34563833,25.869184,225,1
atitlan,2025-07-17,706050.0,1621650.0,0.34005317,24.454636,225,1
atitlan,2025-07-17,706350.0,1621650.0,0.32911584,22.016348,225,1
atitlan,2025-07-17,706650.0,1621650.0,0.36892092,29.106905,225,1
atitlan,2025-07-17,706950.0,1621650.0,0.30811885,24.979029,225,1
atitlan,2025-07-17,707250.0,1621650.0,0.26419187,18.283485,225,1
atitlan,2025-07-17,707550.0,1621650.0,0.19914109,12.869082,225,1
atitlan,2025-07-17,707850.0,1621650.0,0.24152872,16.485851,45,1
atitlan,2025-07-17,680250.0,1621950.0,0.3089155,25.899332,180,1
atitlan,2025-07-17,680550.0,1621950.0,0.3783149,33.49087,225,1
atitlan,2025-07-17,680850.0,1621950.0,0.32723665,26.506124,225,1
atitlan,2025-07-17,681150.0,1621950.0,0.29993683,20.52791,225,1
atitlan,2025-07-17,681450.0,1621950.0,0.39059502,36.067425,225,1
atitlan,2025-07-17,681750.0,1621950.0,0.37335843,31.125097,225,1
atitlan,2025-07-17,682050.0,1621950.0,0.36031836,30.486458,225,1
atitlan,2025-07-17,682350.0,1621950.0,0.32032913,21.293839,225,1
atitlan,2025-07-17,682650.0,1621950.0,0.38984886,35.36841,225,1
atitlan,2025-07-17,682950.0,1621950.0,0.39961654,36.73305,225,1
atitlan,2025-07-17,683250.0,1621950.0,0.38921434,35.008316,225,1
atitlan,2025-07-17,683550.0,1621950.0,0.3363207,22.952587,225,1
atitlan,2025-07-17,683850.0,1621950.0,0.36052176,28.64449,225,1
atitlan,2025-07-17,684150.0,1621950.0,0.3074994,20.845371,225,1
atitlan,2025-07-17,684450.0,1621950.0,0.2901611,20.29421,225,1
atitlan,2025-07-17,684750.0,1621950.0,0.34012055,24.716217,225,1
atitlan,2025-07-17,685050.0,1621950.0,0.38141713,33.010063,225,1
atitlan,2025-07-17,685350.0,1621950.0,0.34664294,27.495916,225,1
atitlan,2025-07-17,685650.0,1621950.0,0.36802164,30.123825,225,1
atitlan,2025-07-17,685950.0,1621950.0,0.38068372,32.2189,225,1
atitlan,2025-07-17,686250.0,1621950.0,0.3509743,25.993837,225,1
atitlan,2025-07-17,686550.0,1621950.0,0.36894363,29.78883,225,1
atitlan,2025-07-17,686850.0,1621950.0,0.36403674,28.360588,225,1
atitlan,2025-07-17,687150.0,1621950.0,0.3706967,29.540415,225,1
atitlan,2025-07-17,687450.0,1621950.0,0.3568248,26.432055,225,1
atitlan,2025-07-17,687750.0,1621950.0,0.35114372,25.334898,225,1
atitlan,2025-07-17,688050.0,1621950.0,0.32914546,21.120922,225,1
atitlan,2025-07-17,688350.0,1621950.0,0.33387953,21.916725,225,1
atitlan,2025-07-17,688650.0,1621950.0,0.3289405,20.96333,225,1
atitlan,2025-07-17,688950.0,1621950.0,0.31710535,22.171116,225,1
atitlan,2025-07-17,689250.0,1621950.0,0.33474243,25.548162,225,1
atitlan,2025-07-17,689550.0,1621950.0,0.2158246,16.053732,225,1
atitlan,2025-07-17,689850.0,1621950.0,-0.020422483,3.4453425,225,0
atitlan,2025-07-17,690150.0,1621950.0,-0.068068996,1.6412027,225,0
atitlan,2025-07-17,690450.0,1621950.0,-0.070552036,1.5147458,225,0
atitlan,2025-07-17,690750.0,1621950.0,-0.07278405,1.3972144,225,0
atitlan,2025-07-17,691050.0,1621950.0,-0.069231085,1.5735273,225,0
atitlan,2025-07-17,691350.0,1621950.0,-0.06997043,1.3740819,225,0
atitlan,2025-07-17,691650.0,1621950.0,0.05481676,7.462371,225,0
atitlan,2025-07-17,691950.0,1621950.0,0.035286248,5.4082766,225,0
atitlan,2025-07-17,692250.0,1621950.0,0.11050373,9.629586,225,0
atitlan,2025-07-17,692550.0,1621950.0,0.2883871,22.027502,225,1
atitlan,2025-07-17,692850.0,1621950.0,0.0653806,7.425952,225,0
atitlan,2025-07-17,693150.0,1621950.0,0.12262274,8.977852,225,0
atitlan,2025-07-17,693450.0,1621950.0,0.32666922,23.790852,225,1
atitlan,2025-07-17,693750.0,1621950.0,0.2496088,17.397612,225,1
atitlan,2025-07-17,694050.0,1621950.0,0.32492536,23.324177,225,1
atitlan,2025-07-17,694350.0,1621950.0,0.34680283,25.816431,225,1
atitlan,2025-07-17,694650.0,1621950.0,0.3192905,21.62413,225,1
atitlan,2025-07-17,694950.0,1621950.0,0.32845557,23.118563,225,1
atitlan,2025-07-17,695250.0,1621950.0,0.33641428,23.092566,225,1
atitlan,2025-07-17,695550.0,1621950.0,0.34197316,25.265265,225,1
atitlan,2025-07-17,695850.0,1621950.0,0.3311907,23.167645,225,1
atitlan,2025-07-17,696150.0,1621950.0,0.35393018,26.13895,225,1
atitlan,2025-07-17,696450.0,1621950.0,0.3363988,23.816063,225,1
atitlan,2025-07-17,696750.0,1621950.0,0.337276,25.132689,225,1
atitlan,2025-07-17,697050.0,1621950.0,0.32461914,21.851751,225,1
atitlan,2025-07-17,697350.0,1621950.0,0.29026318,18.201897,225,1
atitlan,2025-07-17,697650.0,1621950.0,0.21064426,13.126687,225,1
atitlan,2025-07-17,697950.0,1621950.0,0.19262473,12.835654,225,1
atitlan,2025-07-17,698250.0,1621950.0,0.16554962,11.714437,225,0
atitlan,2025-07-17,698550.0,1621950.0,-0.02570911,3.5704734,225,0
atitlan,2025-07-17,698850.0,1621950.0,0.28537658,20.18363,225,1
atitlan,2025-07-17,699150.0,1621950.0,0.105115086,9.836171,225,0
atitlan,2025-07-17,699450.0,1621950.0,-0.070398524,1.5331391,225,0
atitlan,2025-07-17,699750.0,1621950.0,-0.064924195,1.7704291,225,0
atitlan,2025-07-17,700050.0,1621950.0,-0.063720316,1.8515484,225,0
atitlan,2025-07-17,700350.0,1621950.0,-0.07046902,1.5230333,225,0
atitlan,2025-07-17,700650.0,1621950.0,-0.0742541,1.3010857,225,0
atitlan,2025-07-17,700950.0,1621950.0,-0.060850985,1.9610803,225,0
atitlan,2025-07-17,701250.0,1621950.0,-0.061518528,1.9113601,225,0
atitlan,2025-07-17,701550.0,1621950.0,-0.062560216,1.9398918,225,0
atitlan,2025-07-17,701850.0,1621950.0,-0.058435835,2.0195072,225,0
atitlan,2025-07-17,702150.0,1621950.0,-0.06627188,1.7093158,225,0
atitlan,2025-07-17,702450.0,1621950.0,-0.075729825,1.2540513,225,0
atitlan,2025-07-17,702750.0,1621950.0,-0.027001882,3.2253284,225,0
atitlan,2025-07-17,703050.0,1621950.0,0.31189215,22.570946,225,1
atitlan,2025-07-17,703350.0,1621950.0,0.34968564,26.648191,225,1
atitlan,2025-07-17,703650.0,1621950.0,0.14844619,10.798105,225,0
atitlan,2025-07-17,703950.0,1621950.0,0.16456553,10.966182,225,0
atitlan,2025-07-17,704250.0,1621950.0,0.28212434,19.242178,225,1
atitlan,2025-07-17,704550.0,1621950.0,0.26148644,15.751207,225,1
atitlan,2025-07-17,704850.0,1621950.0,0.27097675,17.161936,225,1
atitlan,2025-07-17,705150.0,1621950.0,0.3243765,21.968136,225,1
atitlan,2025-07-17,705450.0,1621950.0,0.2999302,20.600317,225,1
atitlan,2025-07-17,705750.0,1621950.0,0.32674903,24.656254,225,1
atitlan,2025-07-17,706050.0,1621950.0,0.37566337,30.78336,225,1
atitlan,2025-07-17,706350.0,1621950.0,0.3420407,24.401176,225,1
atitlan,2025-07-17,706650.0,1621950.0,0.36018032,27.905926,225,1
atitlan,2025-07-17,706950.0,1621950.0,0.38082007,31.944952,225,1
atitlan,2025-07-17,707250.0,1621950.0,0.33635223,26.789267,225,1
atitlan,2025-07-17,707550.0,1621950.0,0.2516918,15.297765,225,1
atitlan,2025-07-17,707850.0,1621950.0,0.23543268,11.37052,45,0
atitlan,2025-07-17,680250.0,1622250.0,0.358856,29.06939,180,1
atitlan,2025-07-17,680550.0,1622250.0,0.32248616,24.832722,225,1
atitlan,2025-07-17,680850.0,1622250.0,0.23349224,16.411257,225,1
atitlan,2025-07-17,681150.0,1622250.0,0.17875277,15.087191,225,1
atitlan,2025-07-17,681450.0,1622250.0,0.32311183,25.301353,225,1
atitlan,2025-07-17,681750.0,1622250.0,0.38353887,33.48059,225,1
atitlan,2025-07-17,682050.0,1622250.0,0.3691423,30.286825,225,1
atitlan,2025-07-17,682350.0,1622250.0,0.3532418,27.863092,225,1
atitlan,2025-07-17,682650.0,1622250.0,0.39563105,35.776947,225,1
atitlan,2025-07-17,682950.0,1622250.0,0.37702507,31.932413,225,1
atitlan,2025-07-17,683250.0,1622250.0,0.34348905,25.66908,225,1
atitlan,2025-07-17,683550.0,1622250.0,0.38498017,33.39217,225,1
atitlan,2025-07-17,683850.0,1622250.0,0.3754174,31.584723,225,1
atitlan,2025-07-17,684150.0,1622250.0,0.3412229,26.198603,225,1
atitlan,2025-07-17,684450.0,1622250.0,0.2973659,22.027485,225,1
atitlan,2025-07-17,684750.0,1622250.0,0.34606326,26.213116,225,1
atitlan,2025-07-17,685050.0,1622250.0,0.37773398,32.540844,225,1
atitlan,2025-07-17,685350.0,1622250.0,0.37509567,30.477646,225,1
atitlan,2025-07-17,685650.0,1622250.0,0.36909184,30.413322,225,1
atitlan,2025-07-17,685950.0,1622250.0,0.36852527,29.459908,225,1
atitlan,2025-07-17,686250.0,1622250.0,0.36746293,28.886307,225,1
atitlan,2025-07-17,686550.0,1622250.0,0.38446867,32.867554,225,1
atitlan,2025-07-17,686850.0,1622250.0,0.3655892,28.666777,225,1
atitlan,2025-07-17,687150.0,1622250.0,0.35393426,25.833344,225,1
atitlan,2025-07-17,687450.0,1622250.0,0.35373223,25.783775,225,1
atitlan,2025-07-17,687750.0,1622250.0,0.36147204,27.342617,225,1
atitlan,2025-07-17,688050.0,1622250.0,0.34171367,23.864767,225,1
atitlan,2025-07-17,688350.0,1622250.0,0.32665902,21.033358,225,1
atitlan,2025-07-17,688650.0,1622250.0,0.3181492,20.313114,225,1
atitlan,2025-07-17,688950.0,1622250.0,0.3149701,19.698545,225,1
atitlan,2025-07-17,689250.0,1622250.0,0.31446436,20.079569,225,1
atitlan,2025-07-17,689550.0,1622250.0,0.020188512,6.328769,225,0
atitlan,2025-07-17,689850.0,1622250.0,-0.06899867,1.5616429,225,0
atitlan,2025-07-17,690150.0,1622250.0,-0.072213836,1.437905,225,0
atitlan,2025-07-17,690450.0,1622250.0,-0.07069578,1.5329468,225,0
atitlan,2025-07-17,690750.0,1622250.0,-0.074909635,1.2869735,225,0
atitlan,2025-07-17,691050.0,1622250.0,-0.070191465,1.5300843,225,0
atitlan,2025-07-17,691350.0,1622250.0,-0.06975314,1.5602404,225,0
atitlan,2025-07-17,691650.0,1622250.0,-0.07361081,1.3439718,225,0
atitlan,2025-07-17,691950.0,1622250.0,-0.06760941,1.6764556,225,0
atitlan,2025-07-17,692250.0,1622250.0,-0.0044118506,4.102926,225,0
atitlan,2025-07-17,692550.0,1622250.0,0.03674486,6.8729334,225,0
atitlan,2025-07-17,692850.0,1622250.0,0.09621245,10.493874,225,0
atitlan,2025-07-17,693150.0,1622250.0,0.019640937,6.4373455,225,0
atitlan,2025-07-17,693450.0,1622250.0,-0.021381304,3.6725168,225,0
atitlan,2025-07-17,693750.0,1622250.0,-0.051618304,2.0727985,225,0
atitlan,2025-07-17,694050.0,1622250.0,0.23489225,15.976022,225,1
atitlan,2025-07-17,694350.0,1622250.0,0.33771586,24.86581,225,1
atitlan,2025-07-17,694650.0,1622250.0,0.34316835,24.667904,225,1
atitlan,2025-07-17,694950.0,1622250.0,0.33664602,25.038828,225,1
atitlan,2025-07-17,695250.0,1622250.0,0.32619798,22.286602,225,1
atitlan,2025-07-17,695550.0,1622250.0,0.32368934,22.863111,225,1
atitlan,2025-07-17,695850.0,1622250.0,0.32794058,21.969803,225,1
atitlan,2025-07-17,696150.0,1622250.0,0.35287052,26.061335,225,1
atitlan,2025-07-17,696450.0,1622250.0,0.3637394,28.434237,225,1
atitlan,2025-07-17,696750.0,1622250.0,0.30968565,20.351248,225,1
atitlan,2025-07-17,697050.0,1622250.0,0.28602758,19.368252,225,1
atitlan,2025-07-17,697350.0,1622250.0,0.26180175,17.077469,225,1
atitlan,2025-07-17,697650.0,1622250.0,0.15375964,11.574888,225,0
atitlan,2025-07-17,697950.0,1622250.0,0.10959485,8.666285,225,0
atitlan,2025-07-17,698250.0,1622250.0,-0.0020855013,4.581308,225,0
atitlan,2025-07-17,698550.0,1622250.0,-0.07594769,1.2167135,225,0
atitlan,2025-07-17,698850.0,1622250.0,0.10399665,9.429018,225,0
atitlan,2025-07-17,699150.0,1622250.0,-0.047999483,2.524282,225,0
atitlan,2025-07-17,699450.0,1622250.0,-0.060289472,1.9909984,225,0
atitlan,2025-07-17,699750.0,1622250.0,-0.060641937,1.9885114,225,0
atitlan,2025-07-17,700050.0,1622250.0,-0.067356735,1.6539838,225,0
atitlan,2025-07-17,700350.0,1622250.0,-0.068687245,1.6157638,225,0
atitlan,2025-07-17,700650.0,1622250.0,-0.06301898,1.909898,225,0
atitlan,2025-07-17,700950.0,1622250.0,-0.066117465,1.7713671,225,0
atitlan,2025-07-17,701250.0,1622250.0,-0.059794612,2.049317,225,0
atitlan,2025-07-17,701550.0,1622250.0,-0.055819348,2.2165332,225,0
atitlan,2025-07-17,701850.0,1622250.0,-0.05862162,2.0700915,225,0
atitlan,2025-07-17,702150.0,1622250.0,-0.056613017,2.177076,225,0
atitlan,2025-07-17,702450.0,1622250.0,-0.069610566,1.5572227,225,0
atitlan,2025-07-17,702750.0,1622250.0,-0.03217899,3.0113566,225,0
atitlan,2025-07-17,703050.0,1622250.0,0.34328634,25.736597,225,1
atitlan,2025-07-17,703350.0,1622250.0,0.33863336,23.988953,225,1
atitlan,2025-07-17,703650.0,1622250.0,0.22888266,15.727246,225,1
atitlan,2025-07-17,703950.0,1622250.0,0.19891521,13.957942,225,1
atitlan,2025-07-17,704250.0,1622250.0,0.29436228,19.571047,225,1
atitlan,2025-07-17,704550.0,1622250.0,0.28796363,18.59506,225,1
atitlan,2025-07-17,704850.0,1622250.0,0.20661308,12.186859,225,1
atitlan,2025-07-17,705150.0,1622250.0,0.26535493,17.072458,225,1
atitlan,2025-07-17,705450.0,1622250.0,0.23554982,14.164601,225,1
atitlan,2025-07-17,705750.0,1622250.0,0.3239085,25.689909,225,1
atitlan,2025-07-17,706050.0,1622250.0,0.3304871,25.967579,225,1
atitlan,2025-07-17,706350.0,1622250.0,0.3313356,23.85613,225,1
atitlan,2025-07-17,706650.0,1622250.0,0.3560349,28.3728,225,1
atitlan,2025-07-17,706950.0,1622250.0,0.34824222,28.430159,225,1
atitlan,2025-07-17,707250.0,1622250.0,0.37387893,30.970762,225,1
atitlan,2025-07-17,707550.0,1622250.0,0.33950436,25.440119,225,1
atitlan,2025-07-17,707850.0,1622250.0,0.29187053,19.11488,45,1
atitlan,2025-07-17,680250.0,1622550.0,0.35601172,29.094957,180,1
atitlan,2025-07-17,680550.0,1622550.0,0.35340732,28.36952,225,1
atitlan,2025-07-17,680850.0,1622550.0,0.24564545,20.279125,223,1
atitlan,2025-07-17,681150.0,1622550.0,0.15310976,13.4859915,225,1
atitlan,2025-07-17,681450.0,1622550.0,0.32237172,26.325504,225,1
atitlan,2025-07-17,681750.0,1622550.0,0.37383318,30.721148,225,1
atitlan,2025-07-17,682050.0,1622550.0,0.37302893,30.891682,225,1
atitlan,2025-07-17,682350.0,1622550.0,0.37430033,31.991604,225,1
atitlan,2025-07-17,682650.0,1622550.0,0.40096766,37.096012,225,1
atitlan,2025-07-17,682950.0,1622550.0,0.3713709,30.847483,225,1
atitlan,2025-07-17,683250.0,1622550.0,0.3181177,20.327717,225,1
atitlan,2025-07-17,683550.0,1622550.0,0.35016137,25.942432,225,1
atitlan,2025-07-17,683850.0,1622550.0,0.3318668,24.37153,225,1
atitlan,2025-07-17,684150.0,1622550.0,0.33439535,24.148563,225,1
atitlan,2025-07-17,684450.0,1622550.0,0.29923645,21.18226,225,1
atitlan,2025-07-17,684750.0,1622550.0,0.33852333,25.951614,225,1
atitlan,2025-07-17,685050.0,1622550.0,0.3740375,30.810625,225,1
atitlan,2025-07-17,685350.0,1622550.0,0.34394538,27.66308,225,1
atitlan,2025-07-17,685650.0,1622550.0,0.33890733,26.037462,225,1
atitlan,2025-07-17,685950.0,1622550.0,0.37099007,29.813854,225,1
atitlan,2025-07-17,686250.0,1622550.0,0.36628762,28.580439,225,1
atitlan,2025-07-17,686550.0,1622550.0,0.39340472,34.945396,225,1
atitlan,2025-07-17,686850.0,1622550.0,0.35102844,25.212097,225,1
atitlan,2025-07-17,687150.0,1622550.0,0.33428633,22.41391,225,1
atitlan,2025-07-17,687450.0,1622550.0,0.35696095,26.876297,225,1
atitlan,2025-07-17,687750.0,1622550.0,0.34061196,26.420485,225,1
atitlan,2025-07-17,688050.0,1622550.0,0.33919334,23.637764,225,1
atitlan,2025-07-17,688350.0,1622550.0,0.33247837,22.477682,225,1
atitlan,2025-07-17,688650.0,1622550.0,0.3469795,24.943565,225,1
atitlan,2025-07-17,688950.0,1622550.0,0.3257668,21.944324,225,1
atitlan,2025-07-17,689250.0,1622550.0,0.26014832,19.633963,225,1
atitlan,2025-07-17,689550.0,1622550.0,-0.06702418,1.6819193,225,0
atitlan,2025-07-17,689850.0,1622550.0,-0.071763806,1.4546703,225,0
atitlan,2025-07-17,690150.0,1622550.0,-0.06813056,1.6538674,225,0
atitlan,2025-07-17,690450.0,1622550.0,-0.07264751,1.4131793,225,0
atitlan,2025-07-17,690750.0,1622550.0,-0.072736934,1.3891457,225,0
atitlan,2025-07-17,691050.0,1622550.0,-0.070846386,1.4952155,225,0
atitlan,2025-07-17,691350.0,1622550.0,-0.069122866,1.5843455,225,0
atitlan,2025-07-17,691650.0,1622550.0,-0.07020497,1.533808,225,0
atitlan,2025-07-17,691950.0,1622550.0,-0.06931475,1.5840495,225,0
atitlan,2025-07-17,692250.0,1622550.0,-0.06844681,1.6375045,225,0
atitlan,2025-07-17,692550.0,1622550.0,-0.0722363,1.4230385,225,0
atitlan,2025-07-17,692850.0,1622550.0,-0.07015487,1.537974,225,0
atitlan,2025-07-17,693150.0,1622550.0,-0.079470076,1.0298567,225,0
atitlan,2025-07-17,693450.0,1622550.0,-0.08239283,0.8641433,225,0
atitlan,2025-07-17,693750.0,1622550.0,-0.08232201,0.86991847,225,0
atitlan,2025-07-17,694050.0,1622550.0,0.22409144,15.656135,225,1
atitlan,2025-07-17,694350.0,1622550.0,0.35084283,26.673414,225,1
atitlan,2025-07-17,694650.0,1622550.0,0.34743774,25.445927,225,1
atitlan,2025-07-17,694950.0,1622550.0,0.33765486,25.760935,225,1
atitlan,2025-07-17,695250.0,1622550.0,0.33273694,23.585476,225,1
atitlan,2025-07-17,695550.0,1622550.0,0.3025689,20.21877,225,1
atitlan,2025-07-17,695850.0,1622550.0,0.3146425,21.86101,225,1
atitlan,2025-07-17,696150.0,1622550.0,0.35403147,27.012728,225,1
atitlan,2025-07-17,696450.0,1622550.0,0.34589943,25.338814,225,1
atitlan,2025-07-17,696750.0,1622550.0,0.33737755,25.096281,225,1
atitlan,2025-07-17,697050.0,1622550.0,0.25733137,17.619484,225,1
atitlan,2025-07-17,697350.0,1622550.0,0.17369387,12.483262,225,1
atitlan,2025-07-17,697650.0,1622550.0,0.07472821,8.556174,225,0
atitlan,2025-07-17,697950.0,1622550.0,-0.07195157,1.4265571,225,0
atitlan,2025-07-17,698250.0,1622550.0,-0.07215636,1.4319295,225,0
atitlan,2025-07-17,698550.0,1622550.0,-0.08269065,0.87356454,225,0
atitlan,2025-07-17,698850.0,1622550.0,-0.083922856,0.80447716,225,0
atitlan,2025-07-17,699150.0,1622550.0,-0.070936374,1.4927136,225,0
atitlan,2025-07-17,699450.0,1622550.0,-0.06272098,1.8948941,225,0
atitlan,2025-07-17,699750.0,1622550.0,-0.06207387,1.941808,225,0
atitlan,2025-07-17,700050.0,1622550.0,-0.06710549,1.6886343,225,0
atitlan,2025-07-17,700350.0,1622550.0,-0.065904446,1.7693796,225,0
atitlan,2025-07-17,700650.0,1622550.0,-0.06339305,1.8729733,225,0
atitlan,2025-07-17,700950.0,1622550.0,-0.06632016,1.7714069,225,0
atitlan,2025-07-17,701250.0,1622550.0,-0.06453624,1.8312355,225,0
atitlan,2025-07-17,701550.0,1622550.0,-0.05858348,2.0784314,225,0
atitlan,2025-07-17,701850.0,1622550.0,-0.062923715,1.8958338,225,0
atitlan,2025-07-17,702150.0,1622550.0,-0.051802747,2.4073722,225,0
atitlan,2025-07-17,702450.0,1622550.0,-0.062603205,1.8791876,225,0
atitlan,2025-07-17,702750.0,1622550.0,0.017961789,4.931983,225,0
atitlan,2025-07-17,703050.0,1622550.0,0.3200683,22.234522,225,1
atitlan,2025-07-17,703350.0,1622550.0,0.32994035,24.206385,225,1
atitlan,2025-07-17,703650.0,1622550.0,0.31857133,22.53478,225,1
atitlan,2025-07-17,703950.0,1622550.0,0.2177011,13.8307295,225,1
atitlan,2025-07-17,704250.0,1622550.0,0.26945424,17.066416,225,1
atitlan,2025-07-17,704550.0,1622550.0,0.27213737,18.051285,225,1
atitlan,2025-07-17,704850.0,1622550.0,0.21144354,12.416572,225,1
atitlan,2025-07-17,705150.0,1622550.0,0.22380993,13.546909,225,1
atitlan,2025-07-17,705450.0,1622550.0,0.27176976,17.489574,225,1
atitlan,2025-07-17,705750.0,1622550.0,0.31586516,22.608974,225,1
atitlan,2025-07-17,706050.0,1622550.0,0.33877212,28.155945,225,1
atitlan,2025-07-17,706350.0,1622550.0,0.30313054,21.980894,225,1
atitlan,2025-07-17,706650.0,1622550.0,0.31817782,22.517786,225,1
atitlan,2025-07-17,706950.0,1622550.0,0.34337008,27.070234,225,1
atitlan,2025-07-17,707250.0,1622550.0,0.35127544,28.288206,225,1
atitlan,2025-07-17,707550.0,1622550.0,0.28336528,20.395744,225,1
atitlan,2025-07-17,707850.0,1622550.0,0.20888855,11.995935,45,0
atitlan,2025-07-17,680250.0,1622850.0,0.3627063,28.792967,180,1
atitlan,2025-07-17,680550.0,1622850.0,0.35446826,29.12009,225,1
atitlan,2025-07-17,680850.0,1622850.0,0.3101534,23.197027,225,1
atitlan,2025-07-17,681150.0,1622850.0,0.26248848,20.34352,225,1
atitlan,2025-07-17,681450.0,1622850.0,0.33928144,27.673393,225,1
atitlan,2025-07-17,681750.0,1622850.0,0.30069467,22.162813,225,1
atitlan,2025-07-17,682050.0,1622850.0,0.36087868,29.39351,225,1
atitlan,2025-07-17,682350.0,1622850.0,0.37037092,30.447203,225,1
atitlan,2025-07-17,682650.0,1622850.0,0.39868692,36.400867,225,1
atitlan,2025-07-17,682950.0,1622850.0,0.3633902,28.744585,225,1
atitlan,2025-07-17,683250.0,1622850.0,0.32415846,21.627514,225,1
atitlan,2025-07-17,683550.0,1622850.0,0.32374257,22.097584,225,1
atitlan,2025-07-17,683850.0,1622850.0,0.35463002,26.390358,225,1
atitlan,2025-07-17,684150.0,1622850.0,0.35190675,26.738407,225,1
atitlan,2025-07-17,684450.0,1622850.0,0.3116538,22.809298,225,1
atitlan,2025-07-17,684750.0,1622850.0,0.32998684,27.932167,225,1
atitlan,2025-07-17,685050.0,1622850.0,0.3462156,26.624403,225,1
atitlan,2025-07-17,685350.0,1622850.0,0.35832253,27.675676,225,1
atitlan,2025-07-17,685650.0,1622850.0,0.33356842,25.365915,225,1
atitlan,2025-07-17,685950.0,1622850.0,0.37067494,30.101837,225,1
atitlan,2025-07-17,686250.0,1622850.0,0.37799904,31.248209,225,1
atitlan,2025-07-17,686550.0,1622850.0,0.38200474,32.20768,225,1
atitlan,2025-07-17,686850.0,1622850.0,0.36330923,27.991013,225,1
atitlan,2025-07-17,687150.0,1622850.0,0.352581,26.161915,225,1
atitlan,2025-07-17,687450.0,1622850.0,0.35416117,27.029716,225,1
atitlan,2025-07-17,687750.0,1622850.0,0.34133846,24.575779,225,1
atitlan,2025-07-17,688050.0,1622850.0,0.3153265,21.413092,225,1
atitlan,2025-07-17,688350.0,1622850.0,0.31675664,22.37864,225,1
atitlan,2025-07-17,688650.0,1622850.0,0.33822295,23.512901,225,1
atitlan,2025-07-17,688950.0,1622850.0,0.34406248,25.428133,225,1
atitlan,2025-07-17,689250.0,1622850.0,0.21723054,17.854994,225,1
atitlan,2025-07-17,689550.0,1622850.0,-0.07425999,1.3231287,225,0
atitlan,2025-07-17,689850.0,1622850.0,-0.071466394,1.4620905,225,0
atitlan,2025-07-17,690150.0,1622850.0,-0.07247644,1.4094523,225,0
atitlan,2025-07-17,690450.0,1622850.0,-0.07792958,1.1650035,225,0
atitlan,2025-07-17,690750.0,1622850.0,-0.080852285,0.98945,225,0
atitlan,2025-07-17,691050.0,1622850.0,-0.07474274,1.2937258,225,0
atitlan,2025-07-17,691350.0,1622850.0,-0.07013401,1.5308958,225,0
atitlan,2025-07-17,691650.0,1622850.0,-0.06847805,1.6300483,225,0
atitlan,2025-07-17,691950.0,1622850.0,-0.07277599,1.4034148,225,0
atitlan,2025-07-17,692250.0,1622850.0,-0.07274972,1.3965862,225,0
atitlan,2025-07-17,692550.0,1622850.0,-0.07467766,1.2881029,225,0
atitlan,2025-07-17,692850.0,1622850.0,-0.075175695,1.2570292,225,0
atitlan,2025-07-17,693150.0,1622850.0,-0.074379995,1.307766,225,0
atitlan,2025-07-17,693450.0,1622850.0,-0.07217267,1.4351029,225,0
atitlan,2025-07-17,693750.0,1622850.0,-0.07043968,1.5224862,225,0
atitlan,2025-07-17,694050.0,1622850.0,0.046432436,7.58665,225,0
atitlan,2025-07-17,694350.0,1622850.0,0.14291888,11.706675,225,0
atitlan,2025-07-17,694650.0,1622850.0,0.22068416,17.68622,225,1
atitlan,2025-07-17,694950.0,1622850.0,0.108737044,9.024232,225,0
atitlan,2025-07-17,695250.0,1622850.0,0.25806755,19.255707,225,1
atitlan,2025-07-17,695550.0,1622850.0,0.3041685,21.567774,225,1
atitlan,2025-07-17,695850.0,1622850.0,0.20161414,15.218433,225,1
atitlan,2025-07-17,696150.0,1622850.0,0.24616498,17.74141,225,1
atitlan,2025-07-17,696450.0,1622850.0,0.17204304,11.774458,225,0
atitlan,2025-07-17,696750.0,1622850.0,0.22353461,15.2506275,225,1
atitlan,2025-07-17,697050.0,1622850.0,0.23064591,16.020828,225,1
atitlan,2025-07-17,697350.0,1622850.0,0.16124041,10.5961895,225,0
atitlan,2025-07-17,697650.0,1622850.0,0.11364058,9.538356,225,0
atitlan,2025-07-17,697950.0,1622850.0,-0.07931356,1.0603735,225,0
atitlan,2025-07-17,698250.0,1622850.0,-0.08608504,0.72769517,225,0
atitlan,2025-07-17,698550.0,1622850.0,-0.08382752,0.85034424,225,0
atitlan,2025-07-17,698850.0,1622850.0,-0.079375215,1.1333587,225,0
atitlan,2025-07-17,699150.0,1622850.0,-0.071921736,1.4437925,225,0
atitlan,2025-07-17,699450.0,1622850.0,-0.07752726,1.1799335,225,0
atitlan,2025-07-17,699750.0,1622850.0,-0.0689976,1.5857062,225,0
atitlan,2025-07-17,700050.0,1622850.0,-0.06937955,1.5647006,225,0
atitlan,2025-07-17,700350.0,1622850.0,-0.06974285,1.5629127,225,0
atitlan,2025-07-17,700650.0,1622850.0,-0.06952188,1.566091,225,0
atitlan,2025-07-17,700950.0,1622850.0,-0.07541234,1.2549517,225,0
atitlan,2025-07-17,701250.0,1622850.0,-0.07637259,1.2233664,225,0
atitlan,2025-07-17,701550.0,1622850.0,-0.0775501,1.2067026,225,0
atitlan,2025-07-17,701850.0,1622850.0,-0.07020404,1.5292488,225,0
atitlan,2025-07-17,702150.0,1622850.0,-0.06795334,1.6049153,225,0
atitlan,2025-07-17,702450.0,1622850.0,-0.07609854,1.2411964,225,0
atitlan,2025-07-17,702750.0,1622850.0,0.09279952,9.63813,225,0
atitlan,2025-07-17,703050.0,1622850.0,0.31803003,25.7249,225,1
atitlan,2025-07-17,703350.0,1622850.0,0.3550364,27.10181,225,1
atitlan,2025-07-17,703650.0,1622850.0,0.3412324,24.873693,225,1
atitlan,2025-07-17,703950.0,1622850.0,0.26116988,16.542747,225,1
atitlan,2025-07-17,704250.0,1622850.0,0.24033186,15.294179,225,1
atitlan,2025-07-17,704550.0,1622850.0,0.20294113,12.441264,225,1
atitlan,2025-07-17,704850.0,1622850.0,0.19605178,11.251663,225,0
atitlan,2025-07-17,705150.0,1622850.0,0.2564277,15.865123,225,1
atitlan,2025-07-17,705450.0,1622850.0,0.3178221,21.770338,225,1
atitlan,2025-07-17,705750.0,1622850.0,0.303196,22.599615,225,1
atitlan,2025-07-17,706050.0,1622850.0,0.30844066,23.777325,225,1
atitlan,2025-07-17,706350.0,1622850.0,0.26360664,18.741686,225,1
atitlan,2025-07-17,706650.0,1622850.0,0.2915074,18.504602,225,1
atitlan,2025-07-17,706950.0,1622850.0,0.3192385,21.02758,225,1
atitlan,2025-07-17,707250.0,1622850.0,0.25479493,18.792894,225,1
atitlan,2025-07-17,707550.0,1622850.0,0.30312183,21.96464,225,1
atitlan,2025-07-17,707850.0,1622850.0,0.27161005,18.45076,45,1
atitlan,2025-07-17,680250.0,1623150.0,0.34966463,26.752415,180,1
atitlan,2025-07-17,680550.0,1623150.0,0.33824813,26.064617,225,1
atitlan,2025-07-17,680850.0,1623150.0,0.3345979,26.651728,225,1
atitlan,2025-07-17,681150.0,1623150.0,0.32398316,24.906685,225,1
atitlan,2025-07-17,681450.0,1623150.0,0.23447579,21.118807,225,1
atitlan,2025-07-17,681750.0,1623150.0,0.25002158,20.38751,225,1
atitlan,2025-07-17,682050.0,1623150.0,0.3103027,23.53166,225,1
atitlan,2025-07-17,682350.0,1623150.0,0.33048356,24.553713,225,1
atitlan,2025-07-17,682650.0,1623150.0,0.36705303,30.210564,225,1
atitlan,2025-07-17,682950.0,1623150.0,0.3302262,23.130732,225,1
atitlan,2025-07-17,683250.0,1623150.0,0.32010642,20.750273,225,1
atitlan,2025-07-17,683550.0,1623150.0,0.3319138,21.963093,225,1
atitlan,2025-07-17,683850.0,1623150.0,0.3449191,24.816315,225,1
atitlan,2025-07-17,684150.0,1623150.0,0.36145973,28.085241,225,1
atitlan,2025-07-17,684450.0,1623150.0,0.34578732,24.712038,225,1
atitlan,2025-07-17,684750.0,1623150.0,0.33246243,23.960041,225,1
atitlan,2025-07-17,685050.0,1623150.0,0.34396613,25.763975,225,1
atitlan,2025-07-17,685350.0,1623150.0,0.33233824,24.248201,225,1
atitlan,2025-07-17,685650.0,1623150.0,0.34647152,26.445276,225,1
atitlan,2025-07-17,685950.0,1623150.0,0.36660537,30.854017,225,1
atitlan,2025-07-17,686250.0,1623150.0,0.36456588,29.204126,225,1
atitlan,2025-07-17,686550.0,1623150.0,0.3686357,30.047754,225,1
atitlan,2025-07-17,686850.0,1623150.0,0.3501727,25.550692,225,1
atitlan,2025-07-17,687150.0,1623150.0,0.33795518,23.442755,225,1
atitlan,2025-07-17,687450.0,1623150.0,0.33856717,23.063726,225,1
atitlan,2025-07-17,687750.0,1623150.0,0.33696318,23.693964,225,1
atitlan,2025-07-17,688050.0,1623150.0,0.31611493,22.155176,225,1
atitlan,2025-07-17,688350.0,1623150.0,0.3051141,19.725508,225,1
atitlan,2025-07-17,688650.0,1623150.0,0.31912625,23.136528,225,1
atitlan,2025-07-17,688950.0,1623150.0,0.27116865,22.63151,225,1
atitlan,2025-07-17,689250.0,1623150.0,-0.060647752,1.9349958,225,0
atitlan,2025-07-17,689550.0,1623150.0,-0.08679226,0.698754,225,0
atitlan,2025-07-17,689850.0,1623150.0,-0.08160328,0.93323946,225,0
atitlan,2025-07-17,690150.0,1623150.0,-0.08323318,0.87594634,225,0
atitlan,2025-07-17,690450.0,1623150.0,-0.082508415,0.93718743,225,0
atitlan,2025-07-17,690750.0,1623150.0,-0.083339274,0.8389394,225,0
atitlan,2025-07-17,691050.0,1623150.0,-0.07287378,1.3832283,225,0
atitlan,2025-07-17,691350.0,1623150.0,-0.069500744,1.5868974,225,0
atitlan,2025-07-17,691650.0,1623150.0,-0.06958719,1.5697374,225,0
atitlan,2025-07-17,691950.0,1623150.0,-0.067812644,1.6588418,225,0
atitlan,2025-07-17,692250.0,1623150.0,-0.070840895,1.5020758,225,0
atitlan,2025-07-17,692550.0,1623150.0,-0.069254026,1.6063716,225,0
atitlan,2025-07-17,692850.0,1623150.0,-0.06809585,1.653022,225,0
atitlan,2025-07-17,693150.0,1623150.0,-0.07221843,1.4269949,225,0
atitlan,2025-07-17,693450.0,1623150.0,-0.07144895,1.4724545,225,0
atitlan,2025-07-17,693750.0,1623150.0,-0.07602763,1.2159109,225,0
atitlan,2025-07-17,694050.0,1623150.0,-0.073774375,1.3409532,225,0
atitlan,2025-07-17,694350.0,1623150.0,-0.06864688,1.6213542,225,0
atitlan,2025-07-17,694650.0,1623150.0,-0.07166985,1.4596648,225,0
atitlan,2025-07-17,694950.0,1623150.0,-0.07333009,1.3660798,225,0
atitlan,2025-07-17,695250.0,1623150.0,-0.058187257,1.9478195,225,0
atitlan,2025-07-17,695550.0,1623150.0,0.024177982,5.478684,225,0
atitlan,2025-07-17,695850.0,1623150.0,-0.052772112,2.19216,225,0
atitlan,2025-07-17,696150.0,1623150.0,-0.033503555,2.853591,225,0
atitlan,2025-07-17,696450.0,1623150.0,-0.04414262,2.680215,225,0
atitlan,2025-07-17,696750.0,1623150.0,0.104153425,8.241736,225,0
atitlan,2025-07-17,697050.0,1623150.0,0.13924511,10.466433,225,0
atitlan,2025-07-17,697350.0,1623150.0,0.2184179,14.134838,225,1
atitlan,2025-07-17,697650.0,1623150.0,0.03834738,6.664524,225,0
atitlan,2025-07-17,697950.0,1623150.0,-0.07498938,1.2882038,225,0
atitlan,2025-07-17,698250.0,1623150.0,-0.07042911,1.5092809,225,0
atitlan,2025-07-17,698550.0,1623150.0,-0.059123155,2.0706244,225,0
atitlan,2025-07-17,698850.0,1623150.0,-0.064531334,1.792236,225,0
atitlan,2025-07-17,699150.0,1623150.0,-0.0696824,1.5681912,225,0
atitlan,2025-07-17,699450.0,1623150.0,-0.0746159,1.3180461,225,0
atitlan,2025-07-17,699750.0,1623150.0,-0.07336689,1.3663645,225,0
atitlan,2025-07-17,700050.0,1623150.0,-0.07416357,1.3370572,225,0
atitlan,2025-07-17,700350.0,1623150.0,-0.07524477,1.2686323,225,0
atitlan,2025-07-17,700650.0,1623150.0,-0.07776096,1.1243347,225,0
atitlan,2025-07-17,700950.0,1623150.0,-0.07478143,1.2993537,225,0
atitlan,2025-07-17,701250.0,1623150.0,-0.0783946,1.1208546,225,0
atitlan,2025-07-17,701550.0,1623150.0,-0.08488963,0.91032034,225,0
atitlan,2025-07-17,701850.0,1623150.0,-0.0834961,0.8964549,225,0
atitlan,2025-07-17,702150.0,1623150.0,-0.090595625,0.5355137,225,0
atitlan,2025-07-17,702450.0,1623150.0,-0.0861701,0.6872972,225,0
atitlan,2025-07-17,702750.0,1623150.0,-0.035333853,2.9164848,225,0
atitlan,2025-07-17,703050.0,1623150.0,0.28109238,19.788662,225,1
atitlan,2025-07-17,703350.0,1623150.0,0.33663282,24.676659,225,1
atitlan,2025-07-17,703650.0,1623150.0,0.35067037,26.791632,225,1
atitlan,2025-07-17,703950.0,1623150.0,0.24011922,14.060783,225,1
atitlan,2025-07-17,704250.0,1623150.0,0.23527019,15.70796,225,1
atitlan,2025-07-17,704550.0,1623150.0,0.2049615,12.408883,225,1
atitlan,2025-07-17,704850.0,1623150.0,0.18294615,10.298516,225,0
atitlan,2025-07-17,705150.0,1623150.0,0.22927141,13.371196,225,1
atitlan,2025-07-17,705450.0,1623150.0,0.34195283,26.689789,225,1
atitlan,2025-07-17,705750.0,1623150.0,0.34208038,26.181581,225,1
atitlan,2025-07-17,706050.0,1623150.0,0.32611513,22.412708,225,1
atitlan,2025-07-17,706350.0,1623150.0,0.2995785,20.244793,225,1
atitlan,2025-07-17,706650.0,1623150.0,0.2903022,19.233736,225,1
atitlan,2025-07-17,706950.0,1623150.0,0.34203556,24.094376,225,1
atitlan,2025-07-17,707250.0,1623150.0,0.26015222,17.218372,225,1
atitlan,2025-07-17,707550.0,1623150.0,0.2871015,22.849813,225,1
atitlan,2025-07-17,707850.0,1623150.0,0.33452758,26.68037,45,1
atitlan,2025-07-17,680250.0,1623450.0,0.35462722,27.95022,180,1
atitlan,2025-07-17,680550.0,1623450.0,0.34973454,27.110476,225,1
atitlan,2025-07-17,680850.0,1623450.0,0.36892658,30.170908,225,1
atitlan,2025-07-17,681150.0,1623450.0,0.34998488,27.46295,225,1
atitlan,2025-07-17,681450.0,1623450.0,0.31607,23.959896,225,1
atitlan,2025-07-17,681750.0,1623450.0,0.26302952,19.6264,224,1
atitlan,2025-07-17,682050.0,1623450.0,0.29864872,19.790245,225,1
atitlan,2025-07-17,682350.0,1623450.0,0.35358897,28.455284,225,1
atitlan,2025-07-17,682650.0,1623450.0,0.36339706,28.511864,225,1
atitlan,2025-07-17,682950.0,1623450.0,0.32821777,21.361141,225,1
atitlan,2025-07-17,683250.0,1623450.0,0.33905107,23.586132,225,1
atitlan,2025-07-17,683550.0,1623450.0,0.3036304,18.89058,225,1
atitlan,2025-07-17,683850.0,1623450.0,0.34839487,24.940416,225,1
atitlan,2025-07-17,684150.0,1623450.0,0.34414884,24.86609,225,1
atitlan,2025-07-17,684450.0,1623450.0,0.3468497,25.552198,225,1
atitlan,2025-07-17,684750.0,1623450.0,0.3344626,24.496561,225,1
atitlan,2025-07-17,685050.0,1623450.0,0.35893604,28.73754,225,1
atitlan,2025-07-17,685350.0,1623450.0,0.31774536,23.704254,225,1
atitlan,2025-07-17,685650.0,1623450.0,0.36317065,31.102198,225,1
atitlan,2025-07-17,685950.0,1623450.0,0.35123134,27.742094,225,1
atitlan,2025-07-17,686250.0,1623450.0,0.31029212,22.373552,225,1
atitlan,2025-07-17,686550.0,1623450.0,0.34834364,25.309715,225,1
atitlan,2025-07-17,686850.0,1623450.0,0.3414367,25.397093,225,1
atitlan,2025-07-17,687150.0,1623450.0,0.31120917,21.034763,225,1
atitlan,2025-07-17,687450.0,1623450.0,0.31636137,21.64174,225,1
atitlan,2025-07-17,687750.0,1623450.0,0.31750804,21.123314,225,1
atitlan,2025-07-17,688050.0,1623450.0,0.28343582,19.2517,225,1
atitlan,2025-07-17,688350.0,1623450.0,0.24498627,17.726267,225,1
atitlan,2025-07-17,688650.0,1623450.0,0.098595515,10.063786,225,0
atitlan,2025-07-17,688950.0,1623450.0,-0.047561545,2.4094162,225,0
atitlan,2025-07-17,689250.0,1623450.0,-0.07462718,1.3033643,225,0
atitlan,2025-07-17,689550.0,1623450.0,-0.07310943,1.3823113,225,0
atitlan,2025-07-17,689850.0,1623450.0,-0.07492775,1.2738986,225,0
atitlan,2025-07-17,690150.0,1623450.0,-0.073603354,1.3599546,225,0
atitlan,2025-07-17,690450.0,1623450.0,-0.07549353,1.2511256,225,0
atitlan,2025-07-17,690750.0,1623450.0,-0.06969469,1.5630438,225,0
atitlan,2025-07-17,691050.0,1623450.0,-0.068397045,1.6279881,225,0
atitlan,2025-07-17,691350.0,1623450.0,-0.07200536,1.443664,225,0
atitlan,2025-07-17,691650.0,1623450.0,-0.07075385,1.499036,225,0
atitlan,2025-07-17,691950.0,1623450.0,-0.06946516,1.5715771,225,0
atitlan,2025-07-17,692250.0,1623450.0,-0.070661984,1.5121447,225,0
atitlan,2025-07-17,692550.0,1623450.0,-0.071012594,1.502016,225,0
atitlan,2025-07-17,692850.0,1623450.0,-0.07088239,1.5006264,225,0
atitlan,2025-07-17,693150.0,1623450.0,-0.074245185,1.3242878,225,0
atitlan,2025-07-17,693450.0,1623450.0,-0.071810156,1.4514035,225,0
atitlan,2025-07-17,693750.0,1623450.0,-0.07438495,1.3096045,225,0
atitlan,2025-07-17,694050.0,1623450.0,-0.07330822,1.3715361,225,0
atitlan,2025-07-17,694350.0,1623450.0,-0.07084507,1.4953445,225,0
atitlan,2025-07-17,694650.0,1623450.0,-0.075514905,1.2583084,225,0
atitlan,2025-07-17,694950.0,1623450.0,-0.07840259,1.0784369,225,0
atitlan,2025-07-17,695250.0,1623450.0,-0.08041851,0.9653791,225,0
atitlan,2025-07-17,695550.0,1623450.0,-0.07832757,1.0871171,225,0
atitlan,2025-07-17,695850.0,1623450.0,-0.075998425,1.218951,225,0
atitlan,2025-07-17,696150.0,1623450.0,-0.07492677,1.2662692,225,0
atitlan,2025-07-17,696450.0,1623450.0,-0.075481035,1.2554035,225,0
atitlan,2025-07-17,696750.0,1623450.0,-0.060174536,1.8906277,225,0
atitlan,2025-07-17,697050.0,1623450.0,-0.061987225,1.936546,225,0
atitlan,2025-07-17,697350.0,1623450.0,-0.04238196,2.7400036,225,0
atitlan,2025-07-17,697650.0,1623450.0,-0.0685213,1.5734775,225,0
atitlan,2025-07-17,697950.0,1623450.0,-0.068762645,1.6302146,225,0
atitlan,2025-07-17,698250.0,1623450.0,-0.062169693,1.934918,225,0
atitlan,2025-07-17,698550.0,1623450.0,-0.06554113,1.810329,225,0
atitlan,2025-07-17,698850.0,1623450.0,-0.07177416,1.474063,225,0
atitlan,2025-07-17,699150.0,1623450.0,-0.068693265,1.6236857,225,0
atitlan,2025-07-17,699450.0,1623450.0,-0.07690941,1.1723869,225,0
atitlan,2025-07-17,699750.0,1623450.0,-0.076808885,1.1749392,225,0
atitlan,2025-07-17,700050.0,1623450.0,-0.08420575,0.79620636,225,0
atitlan,2025-07-17,700350.0,1623450.0,-0.07285002,1.3977443,225,0
atitlan,2025-07-17,700650.0,1623450.0,-0.06904466,1.588587,225,0
atitlan,2025-07-17,700950.0,1623450.0,-0.075297505,1.2588813,225,0
atitlan,2025-07-17,701250.0,1623450.0,-0.07514688,1.2933997,225,0
atitlan,2025-07-17,701550.0,1623450.0,-0.07752109,1.1756221,225,0
atitlan,2025-07-17,701850.0,1623450.0,-0.0876099,0.6742129,225,0
atitlan,2025-07-17,702150.0,1623450.0,-0.09028919,0.5383372,225,0
atitlan,2025-07-17,702450.0,1623450.0,-0.08439982,0.78460085,225,0
atitlan,2025-07-17,702750.0,1623450.0,0.15288556,11.46957,225,0
atitlan,2025-07-17,703050.0,1623450.0,0.239428,14.8982,225,1
atitlan,2025-07-17,703350.0,1623450.0,0.34925005,25.308905,225,1
atitlan,2025-07-17,703650.0,1623450.0,0.31411648,22.214544,225,1
atitlan,2025-07-17,703950.0,1623450.0,0.19736193,13.902457,225,1
atitlan,2025-07-17,704250.0,1623450.0,0.23148502,13.928576,225,1
atitlan,2025-07-17,704550.0,1623450.0,0.21577342,13.100978,225,1
atitlan,2025-07-17,704850.0,1623450.0,0.20458786,13.822417,225,1
atitlan,2025-07-17,705150.0,1623450.0,0.2155285,13.694849,225,1
atitlan,2025-07-17,705450.0,1623450.0,0.28180537,19.42934,225,1
atitlan,2025-07-17,705750.0,1623450.0,0.35061526,25.967527,225,1
atitlan,2025-07-17,706050.0,1623450.0,0.34554702,25.594673,225,1
atitlan,2025-07-17,706350.0,1623450.0,0.3077646,20.930376,225,1
atitlan,2025-07-17,706650.0,1623450.0,0.32998672,24.349907,225,1
atitlan,2025-07-17,706950.0,1623450.0,0.27687663,21.172468,225,1
atitlan,2025-07-17,707250.0,1623450.0,0.27094087,19.362303,225,1
atitlan,2025-07-17,707550.0,1623450.0,0.20647505,13.433724,225,1
atitlan,2025-07-17,707850.0,1623450.0,0.20451178,10.476287,45,0
atitlan,2025-07-17,680250.0,1623750.0,0.3566823,27.931128,180,1
atitlan,2025-07-17,680550.0,1623750.0,0.368999,30.378826,225,1
atitlan,2025-07-17,680850.0,1623750.0,0.36981028,31.299334,225,1
atitlan,2025-07-17,681150.0,1623750.0,0.35716054,28.271093,225,1
atitlan,2025-07-17,681450.0,1623750.0,0.33165714,25.712166,225,1
atitlan,2025-07-17,681750.0,1623750.0,0.2893895,20.660578,225,1
atitlan,2025-07-17,682050.0,1623750.0,0.3183356,21.539892,225,1
atitlan,2025-07-17,682350.0,1623750.0,0.31162104,20.450785,225,1
atitlan,2025-07-17,682650.0,1623750.0,0.36158934,29.125141,225,1
atitlan,2025-07-17,682950.0,1623750.0,0.33909982,24.331804,225,1
atitlan,2025-07-17,683250.0,1623750.0,0.3099028,20.49851,225,1
atitlan,2025-07-17,683550.0,1623750.0,0.32713,22.096796,225,1
atitlan,2025-07-17,683850.0,1623750.0,0.31597,20.88907,225,1
atitlan,2025-07-17,684150.0,1623750.0,0.3453434,24.32405,225,1
atitlan,2025-07-17,684450.0,1623750.0,0.34408996,24.666426,225,1
atitlan,2025-07-17,684750.0,1623750.0,0.36266387,29.078388,225,1
atitlan,2025-07-17,685050.0,1623750.0,0.3396887,24.461926,225,1
atitlan,2025-07-17,685350.0,1623750.0,0.32948178,26.041159,225,1
atitlan,2025-07-17,685650.0,1623750.0,0.3319096,28.16698,224,1
atitlan,2025-07-17,685950.0,1623750.0,0.30751348,22.878862,225,1
atitlan,2025-07-17,686250.0,1623750.0,0.31880885,23.288418,225,1
atitlan,2025-07-17,686550.0,1623750.0,0.32488528,23.067333,225,1
atitlan,2025-07-17,686850.0,1623750.0,0.31334782,20.761335,225,1
atitlan,2025-07-17,687150.0,1623750.0,0.3105454,21.028397,225,1
atitlan,2025-07-17,687450.0,1623750.0,0.26348284,19.024256,225,1
atitlan,2025-07-17,687750.0,1623750.0,0.2050282,13.083639,225,1
atitlan,2025-07-17,688050.0,1623750.0,0.006412333,3.9976823,225,0
atitlan,2025-07-17,688350.0,1623750.0,-0.051870152,2.131811,225,0
atitlan,2025-07-17,688650.0,1623750.0,-0.07199606,1.4628536,225,0
atitlan,2025-07-17,688950.0,1623750.0,-0.07089539,1.4922745,225,0
atitlan,2025-07-17,689250.0,1623750.0,-0.06958274,1.5708195,225,0
atitlan,2025-07-17,689550.0,1623750.0,-0.07235739,1.4153917,225,0
atitlan,2025-07-17,689850.0,1623750.0,-0.07508118,1.2993374,225,0
atitlan,2025-07-17,690150.0,1623750.0,-0.07198086,1.4371101,225,0
atitlan,2025-07-17,690450.0,1623750.0,-0.069137715,1.5862819,225,0
atitlan,2025-07-17,690750.0,1623750.0,-0.06800711,1.6483076,225,0
atitlan,2025-07-17,691050.0,1623750.0,-0.06819637,1.6409017,225,0
atitlan,2025-07-17,691350.0,1623750.0,-0.07093734,1.4956952,225,0
atitlan,2025-07-17,691650.0,1623750.0,-0.06982846,1.5592357,225,0
atitlan,2025-07-17,691950.0,1623750.0,-0.07150909,1.4531282,225,0
atitlan,2025-07-17,692250.0,1623750.0,-0.06994375,1.5443157,225,0
atitlan,2025-07-17,692550.0,1623750.0,-0.07186092,1.4408067,225,0
atitlan,2025-07-17,692850.0,1623750.0,-0.07061881,1.5168933,225,0
atitlan,2025-07-17,693150.0,1623750.0,-0.07248487,1.4133633,225,0
atitlan,2025-07-17,693450.0,1623750.0,-0.07077829,1.5052884,225,0
atitlan,2025-07-17,693750.0,1623750.0,-0.07342174,1.3592035,225,0
atitlan,2025-07-17,694050.0,1623750.0,-0.074447945,1.3050302,225,0
atitlan,2025-07-17,694350.0,1623750.0,-0.07028124,1.534044,225,0
atitlan,2025-07-17,694650.0,1623750.0,-0.07400119,1.3331975,225,0
atitlan,2025-07-17,694950.0,1623750.0,-0.076823406,1.160993,225,0
atitlan,2025-07-17,695250.0,1623750.0,-0.080879144,0.9532834,225,0
atitlan,2025-07-17,695550.0,1623750.0,-0.08534732,0.7337269,225,0
atitlan,2025-07-17,695850.0,1623750.0,-0.0847515,0.7926887,225,0
atitlan,2025-07-17,696150.0,1623750.0,-0.08257125,0.8637288,225,0
atitlan,2025-07-17,696450.0,1623750.0,-0.08368449,0.83757627,225,0
atitlan,2025-07-17,696750.0,1623750.0,-0.08193077,0.9161388,225,0
atitlan,2025-07-17,697050.0,1623750.0,-0.08530515,0.7793469,225,0
atitlan,2025-07-17,697350.0,1623750.0,-0.0871317,0.66602343,225,0
atitlan,2025-07-17,697650.0,1623750.0,-0.07795077,1.1331661,225,0
atitlan,2025-07-17,697950.0,1623750.0,-0.07479567,1.272889,225,0
atitlan,2025-07-17,698250.0,1623750.0,-0.065708354,1.780699,225,0
atitlan,2025-07-17,698550.0,1623750.0,-0.0834736,0.9986955,225,0
atitlan,2025-07-17,698850.0,1623750.0,-0.07236384,1.4191148,225,0
atitlan,2025-07-17,699150.0,1623750.0,-0.06677299,1.6862341,225,0
atitlan,2025-07-17,699450.0,1623750.0,-0.067353964,1.7073908,225,0
atitlan,2025-07-17,699750.0,1623750.0,-0.07263751,1.415352,225,0
atitlan,2025-07-17,700050.0,1623750.0,-0.07609485,1.2211715,225,0
atitlan,2025-07-17,700350.0,1623750.0,-0.065433696,1.7553447,225,0
atitlan,2025-07-17,700650.0,1623750.0,-0.064384244,1.8246193,225,0
atitlan,2025-07-17,700950.0,1623750.0,-0.06890042,1.5883052,225,0
atitlan,2025-07-17,701250.0,1623750.0,-0.059010852,2.0671601,225,0
atitlan,2025-07-17,701550.0,1623750.0,-0.0711447,1.5367638,225,0
atitlan,2025-07-17,701850.0,1623750.0,-0.070053495,1.5754035,225,0
atitlan,2025-07-17,702150.0,1623750.0,-0.07642551,1.2422329,225,0
atitlan,2025-07-17,702450.0,1623750.0,-0.08056064,1.005396,225,0
atitlan,2025-07-17,702750.0,1623750.0,0.17497364,11.924904,225,0
atitlan,2025-07-17,703050.0,1623750.0,0.31078544,20.447548,225,1
atitlan,2025-07-17,703350.0,1623750.0,0.3190608,22.287945,225,1
atitlan,2025-07-17,703650.0,1623750.0,0.24198377,15.7214365,225,1
atitlan,2025-07-17,703950.0,1623750.0,0.16685022,9.740302,225,0
atitlan,2025-07-17,704250.0,1623750.0,0.21693069,13.959885,225,1
atitlan,2025-07-17,704550.0,1623750.0,0.19214077,11.872187,225,0
atitlan,2025-07-17,704850.0,1623750.0,0.21570107,13.045412,225,1
atitlan,2025-07-17,705150.0,1623750.0,0.26236057,16.805845,225,1
atitlan,2025-07-17,705450.0,1623750.0,0.22552095,14.415972,225,1
atitlan,2025-07-17,705750.0,1623750.0,0.29173738,19.064236,225,1
atitlan,2025-07-17,706050.0,1623750.0,0.324988,23.549698,225,1
atitlan,2025-07-17,706350.0,1623750.0,0.3352755,23.995209,225,1
atitlan,2025-07-17,706650.0,1623750.0,0.35055465,26.384628,225,1
atitlan,2025-07-17,706950.0,1623750.0,0.26190713,18.974047,225,1
atitlan,2025-07-17,707250.0,1623750.0,0.18446827,11.799727,225,0
atitlan,2025-07-17,707550.0,1623750.0,0.26798585,19.096146,225,1
atitlan,2025-07-17,707850.0,1623750.0,0.33394897,24.504396,45,1
atitlan,2025-07-17,680250.0,1624050.0,0.35834956,28.223326,180,1
atitlan,2025-07-17,680550.0,1624050.0,0.3588719,27.97274,225,1
atitlan,2025-07-17,680850.0,1624050.0,0.33791107,24.962393,225,1
atitlan,2025-07-17,681150.0,1624050.0,0.32940596,25.423819,225,1
atitlan,2025-07-17,681450.0,1624050.0,0.34181625,26.306974,225,1
atitlan,2025-07-17,681750.0,1624050.0,0.25552005,18.519184,225,1
atitlan,2025-07-17,682050.0,1624050.0,0.35519522,29.546768,225,1
atitlan,2025-07-17,682350.0,1624050.0,0.34540305,25.23611,225,1
atitlan,2025-07-17,682650.0,1624050.0,0.3267638,23.26886,225,1
atitlan,2025-07-17,682950.0,1624050.0,0.2870108,19.164341,225,1
atitlan,2025-07-17,683250.0,1624050.0,0.29997638,20.062292,225,1
atitlan,2025-07-17,683550.0,1624050.0,0.32288355,21.894108,225,1
atitlan,2025-07-17,683850.0,1624050.0,0.31683603,20.822025,225,1
atitlan,2025-07-17,684150.0,1624050.0,0.31874213,19.982279,225,1
atitlan,2025-07-17,684450.0,1624050.0,0.33799613,23.498932,225,1
atitlan,2025-07-17,684750.0,1624050.0,0.3419462,24.372665,225,1
atitlan,2025-07-17,685050.0,1624050.0,0.32360244,22.380089,225,1
atitlan,2025-07-17,685350.0,1624050.0,0.32925227,23.738798,225,1
atitlan,2025-07-17,685650.0,1624050.0,0.34108016,25.998892,225,1
atitlan,2025-07-17,685950.0,1624050.0,0.30464968,25.204584,225,1
atitlan,2025-07-17,686250.0,1624050.0,0.3152784,22.849766,225,1
atitlan,2025-07-17,686550.0,1624050.0,0.31423524,23.795536,225,1
atitlan,2025-07-17,686850.0,1624050.0,0.27774903,19.01074,225,1
atitlan,2025-07-17,687150.0,1624050.0,0.258544,17.828943,225,1
atitlan,2025-07-17,687450.0,1624050.0,0.12794389,10.648164,225,0
atitlan,2025-07-17,687750.0,1624050.0,-0.018065415,3.6566205,225,0
atitlan,2025-07-17,688050.0,1624050.0,-0.07072656,1.5216236,225,0
atitlan,2025-07-17,688350.0,1624050.0,-0.0706078,1.522387,225,0
atitlan,2025-07-17,688650.0,1624050.0,-0.07312785,1.3798279,225,0
atitlan,2025-07-17,688950.0,1624050.0,-0.071220785,1.4755073,225,0
atitlan,2025-07-17,689250.0,1624050.0,-0.07056829,1.5125854,225,0
atitlan,2025-07-17,689550.0,1624050.0,-0.07500745,1.282981,225,0
atitlan,2025-07-17,689850.0,1624050.0,-0.07313452,1.3932524,225,0
atitlan,2025-07-17,690150.0,1624050.0,-0.07392805,1.342787,225,0
atitlan,2025-07-17,690450.0,1624050.0,-0.07000109,1.537089,225,0
atitlan,2025-07-17,690750.0,1624050.0,-0.06724467,1.6898768,225,0
atitlan,2025-07-17,691050.0,1624050.0,-0.064756505,1.821624,225,0
atitlan,2025-07-17,691350.0,1624050.0,-0.06829744,1.6285547,225,0
atitlan,2025-07-17,691650.0,1624050.0,-0.0684692,1.6297114,225,0
atitlan,2025-07-17,691950.0,1624050.0,-0.07063424,1.5223625,225,0
atitlan,2025-07-17,692250.0,1624050.0,-0.07003159,1.5454595,225,0
atitlan,2025-07-17,692550.0,1624050.0,-0.07091397,1.4927654,225,0
atitlan,2025-07-17,692850.0,1624050.0,-0.07126027,1.4771545,225,0
atitlan,2025-07-17,693150.0,1624050.0,-0.06908096,1.6003119,225,0
atitlan,2025-07-17,693450.0,1624050.0,-0.0709754,1.5013449,225,0
atitlan,2025-07-17,693750.0,1624050.0,-0.0710887,1.4933048,225,0
atitlan,2025-07-17,694050.0,1624050.0,-0.075042345,1.2663968,225,0
atitlan,2025-07-17,694350.0,1624050.0,-0.077155076,1.1513953,225,0
atitlan,2025-07-17,694650.0,1624050.0,-0.07447901,1.3004218,225,0
atitlan,2025-07-17,694950.0,1624050.0,-0.075991884,1.214762,225,0
atitlan,2025-07-17,695250.0,1624050.0,-0.08079556,0.95878065,225,0
atitlan,2025-07-17,695550.0,1624050.0,-0.08282554,0.844816,225,0
atitlan,2025-07-17,695850.0,1624050.0,-0.08799726,0.63927555,225,0
atitlan,2025-07-17,696150.0,1624050.0,-0.09338198,0.37042522,225,0
atitlan,2025-07-17,696450.0,1624050.0,-0.093071274,0.37016585,225,0
atitlan,2025-07-17,696750.0,1624050.0,-0.09180461,0.42402023,225,0
atitlan,2025-07-17,697050.0,1624050.0,-0.09364996,0.35470405,225,0
atitlan,2025-07-17,697350.0,1624050.0,-0.09442323,0.3473733,225,0
atitlan,2025-07-17,697650.0,1624050.0,-0.09622361,0.29825315,225,0
atitlan,2025-07-17,697950.0,1624050.0,-0.089371964,0.5658134,225,0
atitlan,2025-07-17,698250.0,1624050.0,-0.08929852,0.590649,225,0
atitlan,2025-07-17,698550.0,1624050.0,-0.083841056,0.8685818,225,0
atitlan,2025-07-17,698850.0,1624050.0,-0.068412215,1.6360611,225,0
atitlan,2025-07-17,699150.0,1624050.0,-0.070333436,1.5211284,225,0
atitlan,2025-07-17,699450.0,1624050.0,-0.0626905,1.9056801,225,0
atitlan,2025-07-17,699750.0,1624050.0,-0.060998823,1.9933262,225,0
atitlan,2025-07-17,700050.0,1624050.0,-0.06207656,1.9517086,225,0
atitlan,2025-07-17,700350.0,1624050.0,-0.06100317,2.0052266,225,0
atitlan,2025-07-17,700650.0,1624050.0,-0.061484776,1.9798872,225,0
atitlan,2025-07-17,700950.0,1624050.0,-0.05050549,2.4815965,225,0
atitlan,2025-07-17,701250.0,1624050.0,-0.053723402,2.3397386,225,0
atitlan,2025-07-17,701550.0,1624050.0,-0.048845865,2.5058017,225,0
atitlan,2025-07-17,701850.0,1624050.0,-0.046122897,2.642537,225,0
atitlan,2025-07-17,702150.0,1624050.0,-0.07264825,1.394817,225,0
atitlan,2025-07-17,702450.0,1624050.0,-0.057846975,1.8935115,225,0
atitlan,2025-07-17,702750.0,1624050.0,0.24364927,16.742443,225,1
atitlan,2025-07-17,703050.0,1624050.0,0.33100736,22.457453,225,1
atitlan,2025-07-17,703350.0,1624050.0,0.29152465,18.465631,225,1
atitlan,2025-07-17,703650.0,1624050.0,0.23460746,13.968233,225,1
atitlan,2025-07-17,703950.0,1624050.0,0.18952414,10.882627,225,0
atitlan,2025-07-17,704250.0,1624050.0,0.16816393,7.90951,225,0
atitlan,2025-07-17,704550.0,1624050.0,0.19117779,12.386675,225,1
atitlan,2025-07-17,704850.0,1624050.0,0.2589009,16.548857,225,1
atitlan,2025-07-17,705150.0,1624050.0,0.25504577,15.410161,225,1
atitlan,2025-07-17,705450.0,1624050.0,0.178914,9.501566,225,0
atitlan,2025-07-17,705750.0,1624050.0,0.20969564,11.877646,225,0
atitlan,2025-07-17,706050.0,1624050.0,0.24010935,14.194393,225,1
atitlan,2025-07-17,706350.0,1624050.0,0.30210304,19.820786,225,1
atitlan,2025-07-17,706650.0,1624050.0,0.34682408,25.794565,225,1
atitlan,2025-07-17,706950.0,1624050.0,0.3462932,25.93063,225,1
atitlan,2025-07-17,707250.0,1624050.0,0.31026122,22.589756,225,1
atitlan,2025-07-17,707550.0,1624050.0,0.27087113,18.946564,225,1
atitlan,2025-07-17,707850.0,1624050.0,0.20677088,12.567646,45,1
atitlan,2025-07-17,680250.0,1624350.0,0.35219666,26.90458,180,1
atitlan,2025-07-17,680550.0,1624350.0,0.3497518,27.860167,225,1
atitlan,2025-07-17,680850.0,1624350.0,0.330906,25.508507,225,1
atitlan,2025-07-17,681150.0,1624350.0,0.27886203,24.36545,224,1
atitlan,2025-07-17,681450.0,1624350.0,0.29149053,20.7742,225,1
atitlan,2025-07-17,681750.0,1624350.0,0.22561112,17.736416,224,1
atitlan,2025-07-17,682050.0,1624350.0,0.32538548,22.981413,225,1
atitlan,2025-07-17,682350.0,1624350.0,0.30403262,19.81674,225,1
atitlan,2025-07-17,682650.0,1624350.0,0.30779538,21.415937,225,1
atitlan,2025-07-17,682950.0,1624350.0,0.3693526,31.607021,225,1
atitlan,2025-07-17,683250.0,1624350.0,0.36254695,28.956572,225,1
atitlan,2025-07-17,683550.0,1624350.0,0.3386041,26.624569,225,1
atitlan,2025-07-17,683850.0,1624350.0,0.3343268,23.789946,225,1
atitlan,2025-07-17,684150.0,1624350.0,0.30839783,19.504494,225,1
atitlan,2025-07-17,684450.0,1624350.0,0.33757636,23.714703,225,1
atitlan,2025-07-17,684750.0,1624350.0,0.34373787,24.43733,225,1
atitlan,2025-07-17,685050.0,1624350.0,0.34698057,25.026508,225,1
atitlan,2025-07-17,685350.0,1624350.0,0.3417457,25.269127,225,1
atitlan,2025-07-17,685650.0,1624350.0,0.24712119,19.03747,225,1
atitlan,2025-07-17,685950.0,1624350.0,0.2634012,20.400837,225,1
atitlan,2025-07-17,686250.0,1624350.0,0.31031033,22.568867,225,1
atitlan,2025-07-17,686550.0,1624350.0,0.2544807,19.46625,225,1
atitlan,2025-07-17,686850.0,1624350.0,0.18002819,15.227164,225,1
atitlan,2025-07-17,687150.0,1624350.0,0.08442635,6.7575297,225,0
atitlan,2025-07-17,687450.0,1624350.0,-0.002605817,4.1369233,225,0
atitlan,2025-07-17,687750.0,1624350.0,-0.03530471,3.0440443,225,0
atitlan,2025-07-17,688050.0,1624350.0,-0.07273959,1.3996859,225,0
atitlan,2025-07-17,688350.0,1624350.0,-0.07467065,1.3131388,225,0
atitlan,2025-07-17,688650.0,1624350.0,-0.07180175,1.4598697,225,0
atitlan,2025-07-17,688950.0,1624350.0,-0.06980908,1.5494336,225,0
atitlan,2025-07-17,689250.0,1624350.0,-0.070543215,1.5133749,225,0
atitlan,2025-07-17,689550.0,1624350.0,-0.07644265,1.211907,225,0
atitlan,2025-07-17,689850.0,1624350.0,-0.072965056,1.3867934,225,0
atitlan,2025-07-17,690150.0,1624350.0,-0.07678728,1.200235,225,0
atitlan,2025-07-17,690450.0,1624350.0,-0.07233134,1.4168422,225,0
atitlan,2025-07-17,690750.0,1624350.0,-0.06581573,1.7707399,225,0
atitlan,2025-07-17,691050.0,1624350.0,-0.06300012,1.9163909,225,0
atitlan,2025-07-17,691350.0,1624350.0,-0.06498068,1.7940975,225,0
atitlan,2025-07-17,691650.0,1624350.0,-0.06725259,1.6927733,225,0
atitlan,2025-07-17,691950.0,1624350.0,-0.068476655,1.6256312,225,0
atitlan,2025-07-17,692250.0,1624350.0,-0.069454804,1.5788965,225,0
atitlan,2025-07-17,692550.0,1624350.0,-0.07135432,1.474313,225,0
atitlan,2025-07-17,692850.0,1624350.0,-0.073414,1.3532621,225,0
atitlan,2025-07-17,693150.0,1624350.0,-0.07146607,1.4669663,225,0
atitlan,2025-07-17,693450.0,1624350.0,-0.074795455,1.2874285,225,0
atitlan,2025-07-17,693750.0,1624350.0,-0.07518836,1.2599432,225,0
atitlan,2025-07-17,694050.0,1624350.0,-0.072312914,1.4235258,225,0
atitlan,2025-07-17,694350.0,1624350.0,-0.08577536,0.73873115,225,0
atitlan,2025-07-17,694650.0,1624350.0,-0.08333447,0.83417916,225,0
atitlan,2025-07-17,694950.0,1624350.0,-0.08089837,0.9595293,225,0
atitlan,2025-07-17,695250.0,1624350.0,-0.081209615,0.95038104,225,0
atitlan,2025-07-17,695550.0,1624350.0,-0.08119292,0.95441747,225,0
atitlan,2025-07-17,695850.0,1624350.0,-0.087966256,0.61106527,225,0
atitlan,2025-07-17,696150.0,1624350.0,-0.09038389,0.4999335,225,0
atitlan,2025-07-17,696450.0,1624350.0,-0.09244151,0.38425487,225,0
atitlan,2025-07-17,696750.0,1624350.0,-0.09382591,0.351846,225,0
atitlan,2025-07-17,697050.0,1624350.0,-0.093347415,0.3615316,225,0
atitlan,2025-07-17,697350.0,1624350.0,-0.092372395,0.44355974,225,0
atitlan,2025-07-17,697650.0,1624350.0,-0.09449959,0.34626058,225,0
atitlan,2025-07-17,697950.0,1624350.0,-0.092659555,0.40640864,225,0
atitlan,2025-07-17,698250.0,1624350.0,-0.093178205,0.4227341,225,0
atitlan,2025-07-17,698550.0,1624350.0,-0.09257732,0.5518169,225,0
atitlan,2025-07-17,698850.0,1624350.0,-0.08620151,0.80576396,225,0
atitlan,2025-07-17,699150.0,1624350.0,-0.08162869,0.9528003,225,0
atitlan,2025-07-17,699450.0,1624350.0,-0.064571455,1.7186896,225,0
atitlan,2025-07-17,699750.0,1624350.0,-0.06668911,1.7137581,225,0
atitlan,2025-07-17,700050.0,1624350.0,-0.060935408,1.9996585,225,0
atitlan,2025-07-17,700350.0,1624350.0,-0.058958635,2.0859497,225,0
atitlan,2025-07-17,700650.0,1624350.0,-0.052136075,2.384035,225,0
atitlan,2025-07-17,700950.0,1624350.0,-0.046493657,2.6732237,225,0
atitlan,2025-07-17,701250.0,1624350.0,-0.047565818,2.6045132,225,0
atitlan,2025-07-17,701550.0,1624350.0,-0.04417942,2.7416663,225,0
atitlan,2025-07-17,701850.0,1624350.0,-0.052269652,2.3873863,225,0
atitlan,2025-07-17,702150.0,1624350.0,-0.06758346,1.6663166,225,0
atitlan,2025-07-17,702450.0,1624350.0,-0.030090818,3.0533538,225,0
atitlan,2025-07-17,702750.0,1624350.0,0.2546144,17.72516,225,1
atitlan,2025-07-17,703050.0,1624350.0,0.3304304,22.718542,225,1
atitlan,2025-07-17,703350.0,1624350.0,0.31912446,21.23033,225,1
atitlan,2025-07-17,703650.0,1624350.0,0.2616147,16.995552,225,1
atitlan,2025-07-17,703950.0,1624350.0,0.27989691,17.976017,225,1
atitlan,2025-07-17,704250.0,1624350.0,0.2302303,15.28356,225,1
atitlan,2025-07-17,704550.0,1624350.0,0.25671783,17.781763,225,1
atitlan,2025-07-17,704850.0,1624350.0,0.24225016,16.170366,225,1
atitlan,2025-07-17,705150.0,1624350.0,0.21297033,12.228419,225,1
atitlan,2025-07-17,705450.0,1624350.0,0.2644836,17.117277,225,1
atitlan,2025-07-17,705750.0,1624350.0,0.159913,7.5758657,225,0
atitlan,2025-07-17,706050.0,1624350.0,0.17155889,8.789713,225,0
atitlan,2025-07-17,706350.0,1624350.0,0.1869602,10.222013,225,0
atitlan,2025-07-17,706650.0,1624350.0,0.31115693,20.98669,225,1
atitlan,2025-07-17,706950.0,1624350.0,0.33644632,24.4158,225,1
atitlan,2025-07-17,707250.0,1624350.0,0.32097015,22.21227,225,1
atitlan,2025-07-17,707550.0,1624350.0,0.16461511,10.449006,225,0
atitlan,2025-07-17,707850.0,1624350.0,0.15484086,9.369961,45,0
atitlan,2025-07-17,680250.0,1624650.0,0.3715889,30.843594,180,1
atitlan,2025-07-17,680550.0,1624650.0,0.34902856,30.409243,225,1
atitlan,2025-07-17,680850.0,1624650.0,0.31021264,25.442188,225,1
atitlan,2025-07-17,681150.0,1624650.0,0.29821953,23.332935,225,1
atitlan,2025-07-17,681450.0,1624650.0,0.30171528,23.374487,225,1
atitlan,2025-07-17,681750.0,1624650.0,0.24152292,18.74649,225,1
atitlan,2025-07-17,682050.0,1624650.0,0.31474814,23.479864,225,1
atitlan,2025-07-17,682350.0,1624650.0,0.335752,24.140228,225,1
atitlan,2025-07-17,682650.0,1624650.0,0.3860349,34.890488,225,1
atitlan,2025-07-17,682950.0,1624650.0,0.38543916,33.39364,225,1
atitlan,2025-07-17,683250.0,1624650.0,0.35587573,26.996069,225,1
atitlan,2025-07-17,683550.0,1624650.0,0.32517543,22.850836,225,1
atitlan,2025-07-17,683850.0,1624650.0,0.28845873,24.32527,225,1
atitlan,2025-07-17,684150.0,1624650.0,0.27685344,24.404413,225,1
atitlan,2025-07-17,684450.0,1624650.0,0.2569487,21.341232,225,1
atitlan,2025-07-17,684750.0,1624650.0,0.3307748,21.959198,225,1
atitlan,2025-07-17,685050.0,1624650.0,0.3574259,28.142405,225,1
atitlan,2025-07-17,685350.0,1624650.0,0.29379797,25.552517,225,1
atitlan,2025-07-17,685650.0,1624650.0,0.1538571,15.259794,225,1
atitlan,2025-07-17,685950.0,1624650.0,0.14447075,18.388552,225,1
atitlan,2025-07-17,686250.0,1624650.0,0.081983946,8.987556,225,0
atitlan,2025-07-17,686550.0,1624650.0,0.097879216,11.427467,224,0
atitlan,2025-07-17,686850.0,1624650.0,0.12468173,8.636608,225,0
atitlan,2025-07-17,687150.0,1624650.0,-0.016860504,3.7884347,225,0
atitlan,2025-07-17,687450.0,1624650.0,-0.027681809,3.3782532,225,0
atitlan,2025-07-17,687750.0,1624650.0,-0.036344245,3.0172083,225,0
atitlan,2025-07-17,688050.0,1624650.0,-0.0694867,1.5711955,225,0
atitlan,2025-07-17,688350.0,1624650.0,-0.074520886,1.3160837,225,0
atitlan,2025-07-17,688650.0,1624650.0,-0.07139627,1.4640464,225,0
atitlan,2025-07-17,688950.0,1624650.0,-0.07256571,1.4115059,225,0
atitlan,2025-07-17,689250.0,1624650.0,-0.07125443,1.4882183,225,0
atitlan,2025-07-17,689550.0,1624650.0,-0.07297032,1.3929505,225,0
atitlan,2025-07-17,689850.0,1624650.0,-0.074921906,1.3039731,225,0
atitlan,2025-07-17,690150.0,1624650.0,-0.07628189,1.2074327,225,0
atitlan,2025-07-17,690450.0,1624650.0,-0.073195145,1.3770276,225,0
atitlan,2025-07-17,690750.0,1624650.0,-0.06591235,1.7675998,225,0
atitlan,2025-07-17,691050.0,1624650.0,-0.06504838,1.8071871,225,0
atitlan,2025-07-17,691350.0,1624650.0,-0.066992655,1.7072232,225,0
atitlan,2025-07-17,691650.0,1624650.0,-0.06802185,1.6513222,225,0
atitlan,2025-07-17,691950.0,1624650.0,-0.07267199,1.4105471,225,0
atitlan,2025-07-17,692250.0,1624650.0,-0.06990489,1.5528132,225,0
atitlan,2025-07-17,692550.0,1624650.0,-0.0726001,1.4048425,225,0
atitlan,2025-07-17,692850.0,1624650.0,-0.075803645,1.2342523,225,0
atitlan,2025-07-17,693150.0,1624650.0,-0.074036375,1.3335251,225,0
atitlan,2025-07-17,693450.0,1624650.0,-0.07449105,1.3325987,225,0
atitlan,2025-07-17,693750.0,1624650.0,-0.07833172,1.0974203,225,0
atitlan,2025-07-17,694050.0,1624650.0,-0.074639924,1.2865939,225,0
atitlan,2025-07-17,694350.0,1624650.0,-0.07874057,1.0626677,225,0
atitlan,2025-07-17,694650.0,1624650.0,-0.085310824,0.7465582,225,0
atitlan,2025-07-17,694950.0,1624650.0,-0.08648874,0.6707307,225,0
atitlan,2025-07-17,695250.0,1624650.0,-0.08224541,0.9074756,225,0
atitlan,2025-07-17,695550.0,1624650.0,-0.08262771,0.89472747,225,0
atitlan,2025-07-17,695850.0,1624650.0,-0.089007124,0.5927679,225,0
atitlan,2025-07-17,696150.0,1624650.0,-0.09537377,0.35245717,225,0
atitlan,2025-07-17,696450.0,1624650.0,-0.09332129,0.3711196,225,0
atitlan,2025-07-17,696750.0,1624650.0,-0.09459252,0.31108037,225,0
atitlan,2025-07-17,697050.0,1624650.0,-0.09731652,0.24579474,225,0
atitlan,2025-07-17,697350.0,1624650.0,-0.09725261,0.21534589,225,0
atitlan,2025-07-17,697650.0,1624650.0,-0.1006845,0.15161628,225,0
atitlan,2025-07-17,697950.0,1624650.0,-0.0967969,0.25445348,225,0
atitlan,2025-07-17,698250.0,1624650.0,-0.09518802,0.302483,225,0
atitlan,2025-07-17,698550.0,1624650.0,-0.08788536,0.621172,225,0
atitlan,2025-07-17,698850.0,1624650.0,-0.088118404,0.6082956,225,0
atitlan,2025-07-17,699150.0,1624650.0,-0.08909947,0.57159233,225,0
atitlan,2025-07-17,699450.0,1624650.0,-0.083435655,0.8767406,225,0
atitlan,2025-07-17,699750.0,1624650.0,-0.073961884,1.3286495,225,0
atitlan,2025-07-17,700050.0,1624650.0,-0.058988016,2.0890706,225,0
atitlan,2025-07-17,700350.0,1624650.0,-0.050747406,2.419947,225,0
atitlan,2025-07-17,700650.0,1624650.0,-0.04643212,2.625272,225,0
atitlan,2025-07-17,700950.0,1624650.0,-0.046992417,2.6224527,225,0
atitlan,2025-07-17,701250.0,1624650.0,-0.043506067,2.7765477,225,0
atitlan,2025-07-17,701550.0,1624650.0,-0.046373274,2.6616344,225,0
atitlan,2025-07-17,701850.0,1624650.0,-0.051696446,2.4141905,225,0
atitlan,2025-07-17,702150.0,1624650.0,-0.05652024,2.1856618,225,0
atitlan,2025-07-17,702450.0,1624650.0,-0.039197836,2.808123,225,0
atitlan,2025-07-17,702750.0,1624650.0,0.162742,10.667205,225,0
atitlan,2025-07-17,703050.0,1624650.0,0.3238258,23.511894,225,1
atitlan,2025-07-17,703350.0,1624650.0,0.32786205,23.39029,225,1
atitlan,2025-07-17,703650.0,1624650.0,0.22934246,12.35935,225,1
atitlan,2025-07-17,703950.0,1624650.0,0.24303138,13.822675,225,1
atitlan,2025-07-17,704250.0,1624650.0,0.2906112,19.426977,225,1
atitlan,2025-07-17,704550.0,1624650.0,0.26874608,17.229734,225,1
atitlan,2025-07-17,704850.0,1624650.0,0.30665419,22.49779,225,1
atitlan,2025-07-17,705150.0,1624650.0,0.17823946,11.174991,225,0
atitlan,2025-07-17,705450.0,1624650.0,0.23922247,15.467186,225,1
atitlan,2025-07-17,705750.0,1624650.0,0.23725706,14.25226,225,1
atitlan,2025-07-17,706050.0,1624650.0,0.19413021,11.719244,225,0
atitlan,2025-07-17,706350.0,1624650.0,0.18566552,10.661541,225,0
atitlan,2025-07-17,706650.0,1624650.0,0.33249938,23.64609,225,1
atitlan,2025-07-17,706950.0,1624650.0,0.3132339,20.496513,225,1
atitlan,2025-07-17,707250.0,1624650.0,0.2256593,13.68703,225,1
atitlan,2025-07-17,707550.0,1624650.0,0.20978071,14.066684,225,1
atitlan,2025-07-17,707850.0,1624650.0,0.21689771,13.338741,45,1
atitlan,2025-07-17,680250.0,1624950.0,0.35559306,27.60178,180,1
atitlan,2025-07-17,680550.0,1624950.0,0.27803612,22.608849,225,1
atitlan,2025-07-17,680850.0,1624950.0,0.29213598,21.414764,225,1
atitlan,2025-07-17,681150.0,1624950.0,0.2886401,22.062544,225,1
atitlan,2025-07-17,681450.0,1624950.0,0.3078973,25.150696,225,1
atitlan,2025-07-17,681750.0,1624950.0,0.24690594,18.819874,225,1
atitlan,2025-07-17,682050.0,1624950.0,0.33036715,24.02833,225,1
atitlan,2025-07-17,682350.0,1624950.0,0.34364793,26.85931,225,1
atitlan,2025-07-17,682650.0,1624950.0,0.38857177,34.09255,225,1
atitlan,2025-07-17,682950.0,1624950.0,0.36385337,28.878416,225,1
atitlan,2025-07-17,683250.0,1624950.0,0.33371878,23.501453,225,1
atitlan,2025-07-17,683550.0,1624950.0,0.2851238,19.141783,223,1
atitlan,2025-07-17,683850.0,1624950.0,0.23403317,21.450878,225,1
atitlan,2025-07-17,684150.0,1624950.0,0.14297745,17.540636,225,1
atitlan,2025-07-17,684450.0,1624950.0,0.085153714,9.722719,225,0
atitlan,2025-07-17,684750.0,1624950.0,0.20529293,19.84249,225,1
atitlan,2025-07-17,685050.0,1624950.0,0.32068244,25.601263,225,1
atitlan,2025-07-17,685350.0,1624950.0,0.2708358,23.546944,225,1
atitlan,2025-07-17,685650.0,1624950.0,0.11224696,12.149175,225,1
atitlan,2025-07-17,685950.0,1624950.0,0.035596978,5.118883,225,0
atitlan,2025-07-17,686250.0,1624950.0,0.060375087,7.0037746,225,0
atitlan,2025-07-17,686550.0,1624950.0,0.09285799,7.1137967,225,0
atitlan,2025-07-17,686850.0,1624950.0,-0.0055912132,3.9510365,225,0
atitlan,2025-07-17,687150.0,1624950.0,-0.026865205,3.3964515,225,0
atitlan,2025-07-17,687450.0,1624950.0,-0.027724912,3.3735003,225,0
atitlan,2025-07-17,687750.0,1624950.0,-0.037137594,2.9723432,225,0
atitlan,2025-07-17,688050.0,1624950.0,-0.07045154,1.5130259,225,0
atitlan,2025-07-17,688350.0,1624950.0,-0.07203987,1.4485643,225,0
atitlan,2025-07-17,688650.0,1624950.0,-0.06827843,1.6392894,225,0
atitlan,2025-07-17,688950.0,1624950.0,-0.06930171,1.593897,225,0
atitlan,2025-07-17,689250.0,1624950.0,-0.07229836,1.4329188,225,0
atitlan,2025-07-17,689550.0,1624950.0,-0.075904824,1.2465187,225,0
atitlan,2025-07-17,689850.0,1624950.0,-0.07654995,1.2326206,225,0
atitlan,2025-07-17,690150.0,1624950.0,-0.07550738,1.2404517,225,0
atitlan,2025-07-17,690450.0,1624950.0,-0.069881365,1.5407023,225,0
atitlan,2025-07-17,690750.0,1624950.0,-0.068553045,1.6185745,225,0
atitlan,2025-07-17,691050.0,1624950.0,-0.06708196,1.7054197,225,0
atitlan,2025-07-17,691350.0,1624950.0,-0.0689982,1.6017344,225,0
atitlan,2025-07-17,691650.0,1624950.0,-0.07075572,1.5002532,225,0
atitlan,2025-07-17,691950.0,1624950.0,-0.075725004,1.2335354,225,0
atitlan,2025-07-17,692250.0,1624950.0,-0.07129063,1.4836525,225,0
atitlan,2025-07-17,692550.0,1624950.0,-0.07203672,1.4302359,225,0
atitlan,2025-07-17,692850.0,1624950.0,-0.07155815,1.462635,225,0
atitlan,2025-07-17,693150.0,1624950.0,-0.07349398,1.3538799,225,0
atitlan,2025-07-17,693450.0,1624950.0,-0.07351075,1.3483227,225,0
atitlan,2025-07-17,693750.0,1624950.0,-0.07791901,1.108746,225,0
atitlan,2025-07-17,694050.0,1624950.0,-0.077735595,1.1314803,225,0
atitlan,2025-07-17,694350.0,1624950.0,-0.08327356,0.8314584,225,0
atitlan,2025-07-17,694650.0,1624950.0,-0.087083824,0.6685702,225,0
atitlan,2025-07-17,694950.0,1624950.0,-0.09336677,0.4033575,225,0
atitlan,2025-07-17,695250.0,1624950.0,-0.09785121,0.23060548,225,0
atitlan,2025-07-17,695550.0,1624950.0,-0.095207706,0.331854,225,0
atitlan,2025-07-17,695850.0,1624950.0,-0.09367332,0.40534717,225,0
atitlan,2025-07-17,696150.0,1624950.0,-0.0979311,0.24539952,225,0
atitlan,2025-07-17,696450.0,1624950.0,-0.09957326,0.1948194,225,0
atitlan,2025-07-17,696750.0,1624950.0,-0.09321721,0.3726544,225,0
atitlan,2025-07-17,697050.0,1624950.0,-0.09602341,0.2312434,225,0
atitlan,2025-07-17,697350.0,1624950.0,-0.09435404,0.33050632,225,0
atitlan,2025-07-17,697650.0,1624950.0,-0.095915526,0.3000609,225,0
atitlan,2025-07-17,697950.0,1624950.0,-0.093004905,0.356087,225,0
atitlan,2025-07-17,698250.0,1624950.0,-0.09416791,0.29777348,225,0
atitlan,2025-07-17,698550.0,1624950.0,-0.08882554,0.5872809,225,0
atitlan,2025-07-17,698850.0,1624950.0,-0.08945693,0.53888273,225,0
atitlan,2025-07-17,699150.0,1624950.0,-0.09048074,0.4760881,225,0
atitlan,2025-07-17,699450.0,1624950.0,-0.09352864,0.38898396,225,0
atitlan,2025-07-17,699750.0,1624950.0,-0.09083571,0.503632,225,0
atitlan,2025-07-17,700050.0,1624950.0,-0.06865091,1.5663371,225,0
atitlan,2025-07-17,700350.0,1624950.0,-0.055805925,2.206564,225,0
atitlan,2025-07-17,700650.0,1624950.0,-0.06119064,1.9813361,225,0
atitlan,2025-07-17,700950.0,1624950.0,-0.05276019,2.3524845,225,0
atitlan,2025-07-17,701250.0,1624950.0,-0.04358786,2.74964,225,0
atitlan,2025-07-17,701550.0,1624950.0,-0.038264066,3.0030053,225,0
atitlan,2025-07-17,701850.0,1624950.0,-0.037120525,3.0583653,225,0
atitlan,2025-07-17,702150.0,1624950.0,-0.041821383,2.8439586,225,0
atitlan,2025-07-17,702450.0,1624950.0,-0.0683218,1.7035593,225,0
atitlan,2025-07-17,702750.0,1624950.0,0.08445628,7.593314,225,0
atitlan,2025-07-17,703050.0,1624950.0,0.26150548,16.811739,225,1
atitlan,2025-07-17,703350.0,1624950.0,0.2860642,18.776562,225,1
atitlan,2025-07-17,703650.0,1624950.0,0.23427702,14.223712,225,1
atitlan,2025-07-17,703950.0,1624950.0,0.24321063,14.524625,225,1
atitlan,2025-07-17,704250.0,1624950.0,0.23359856,13.829851,225,1
atitlan,2025-07-17,704550.0,1624950.0,0.20485726,13.556098,225,1
atitlan,2025-07-17,704850.0,1624950.0,0.26550952,16.714457,225,1
atitlan,2025-07-17,705150.0,1624950.0,0.18316793,10.379893,225,0
atitlan,2025-07-17,705450.0,1624950.0,0.23491591,16.414236,225,1
atitlan,2025-07-17,705750.0,1624950.0,0.22807992,15.339103,225,1
atitlan,2025-07-17,706050.0,1624950.0,0.21607462,14.269489,225,1
atitlan,2025-07-17,706350.0,1624950.0,0.27056992,18.131233,225,1
atitlan,2025-07-17,706650.0,1624950.0,0.33792847,25.788237,225,1
atitlan,2025-07-17,706950.0,1624950.0,0.31419423,20.274221,225,1
atitlan,2025-07-17,707250.0,1624950.0,0.21921974,12.290525,225,1
atitlan,2025-07-17,707550.0,1624950.0,0.22056794,14.379318,225,1
atitlan,2025-07-17,707850.0,1624950.0,0.2297144,14.826342,45,1
atitlan,2025-07-17,680250.0,1625250.0,0.33429766,24.589302,180,1
atitlan,2025-07-17,680550.0,1625250.0,0.30766523,25.394852,225,1
atitlan,2025-07-17,680850.0,1625250.0,0.29126453,23.510263,225,1
atitlan,2025-07-17,681150.0,1625250.0,0.33009255,25.688444,225,1
atitlan,2025-07-17,681450.0,1625250.0,0.33431953,26.345417,225,1
atitlan,2025-07-17,681750.0,1625250.0,0.3326195,27.049805,225,1
atitlan,2025-07-17,682050.0,1625250.0,0.32324016,24.67062,225,1
atitlan,2025-07-17,682350.0,1625250.0,0.36379388,30.651268,225,1
atitlan,2025-07-17,682650.0,1625250.0,0.38735798,34.133503,225,1
atitlan,2025-07-17,682950.0,1625250.0,0.33312488,23.68833,225,1
atitlan,2025-07-17,683250.0,1625250.0,0.32907858,22.353392,225,1
atitlan,2025-07-17,683550.0,1625250.0,0.2703993,20.761389,225,1
atitlan,2025-07-17,683850.0,1625250.0,0.14316063,13.527312,225,1
atitlan,2025-07-17,684150.0,1625250.0,0.10538343,9.684955,225,0
atitlan,2025-07-17,684450.0,1625250.0,0.033852797,4.2992234,225,0
atitlan,2025-07-17,684750.0,1625250.0,0.123503104,12.01495,225,1
atitlan,2025-07-17,685050.0,1625250.0,0.18098421,12.654289,225,1
atitlan,2025-07-17,685350.0,1625250.0,0.23298538,17.765913,225,1
atitlan,2025-07-17,685650.0,1625250.0,0.029693352,5.322091,225,0
atitlan,2025-07-17,685950.0,1625250.0,0.061805405,6.158858,225,0
atitlan,2025-07-17,686250.0,1625250.0,0.13566345,12.982565,225,1
atitlan,2025-07-17,686550.0,1625250.0,0.031107867,5.5545306,225,0
atitlan,2025-07-17,686850.0,1625250.0,-0.025879325,3.4211223,225,0
atitlan,2025-07-17,687150.0,1625250.0,-0.027090702,3.3858302,225,0
atitlan,2025-07-17,687450.0,1625250.0,-0.027697233,3.3715827,225,0
atitlan,2025-07-17,687750.0,1625250.0,-0.037954338,2.921981,225,0
atitlan,2025-07-17,688050.0,1625250.0,-0.07022189,1.5264101,225,0
atitlan,2025-07-17,688350.0,1625250.0,-0.072142996,1.4453449,225,0
atitlan,2025-07-17,688650.0,1625250.0,-0.07204889,1.4393432,225,0
atitlan,2025-07-17,688950.0,1625250.0,-0.07228525,1.430974,225,0
atitlan,2025-07-17,689250.0,1625250.0,-0.074800886,1.2827463,225,0
atitlan,2025-07-17,689550.0,1625250.0,-0.07845576,1.12628,225,0
atitlan,2025-07-17,689850.0,1625250.0,-0.07895008,1.1232975,225,0
atitlan,2025-07-17,690150.0,1625250.0,-0.073825724,1.3503983,225,0
atitlan,2025-07-17,690450.0,1625250.0,-0.07213996,1.4413947,225,0
atitlan,2025-07-17,690750.0,1625250.0,-0.0711343,1.4747514,225,0
atitlan,2025-07-17,691050.0,1625250.0,-0.06946852,1.5737052,225,0
atitlan,2025-07-17,691350.0,1625250.0,-0.067538895,1.6733614,225,0
atitlan,2025-07-17,691650.0,1625250.0,-0.06789642,1.653994,225,0
atitlan,2025-07-17,691950.0,1625250.0,-0.069680855,1.5657977,225,0
atitlan,2025-07-17,692250.0,1625250.0,-0.068604544,1.6233897,225,0
atitlan,2025-07-17,692550.0,1625250.0,-0.07021507,1.5488151,225,0
atitlan,2025-07-17,692850.0,1625250.0,-0.07220831,1.4288301,225,0
atitlan,2025-07-17,693150.0,1625250.0,-0.074949384,1.2739255,225,0
atitlan,2025-07-17,693450.0,1625250.0,-0.075402535,1.2559419,225,0
atitlan,2025-07-17,693750.0,1625250.0,-0.080338396,1.00706,225,0
atitlan,2025-07-17,694050.0,1625250.0,-0.0859393,0.68251413,225,0
atitlan,2025-07-17,694350.0,1625250.0,-0.085324526,0.7137514,225,0
atitlan,2025-07-17,694650.0,1625250.0,-0.08159073,0.9121959,225,0
atitlan,2025-07-17,694950.0,1625250.0,-0.08919957,0.5429167,225,0
atitlan,2025-07-17,695250.0,1625250.0,-0.09311069,0.38783637,225,0
atitlan,2025-07-17,695550.0,1625250.0,-0.09457738,0.33841598,225,0
atitlan,2025-07-17,695850.0,1625250.0,-0.093361706,0.39130357,225,0
atitlan,2025-07-17,696150.0,1625250.0,-0.09449442,0.32754353,225,0
atitlan,2025-07-17,696450.0,1625250.0,-0.09077565,0.45886436,225,0
atitlan,2025-07-17,696750.0,1625250.0,-0.09276171,0.37859145,225,0
atitlan,2025-07-17,697050.0,1625250.0,-0.093913354,0.34631377,225,0
atitlan,2025-07-17,697350.0,1625250.0,-0.09285003,0.38436365,225,0
atitlan,2025-07-17,697650.0,1625250.0,-0.0955919,0.2885161,225,0
atitlan,2025-07-17,697950.0,1625250.0,-0.09387363,0.3261871,225,0
atitlan,2025-07-17,698250.0,1625250.0,-0.09045151,0.5187968,225,0
atitlan,2025-07-17,698550.0,1625250.0,-0.08225563,0.9131107,225,0
atitlan,2025-07-17,698850.0,1625250.0,-0.08390414,0.8148527,225,0
atitlan,2025-07-17,699150.0,1625250.0,-0.083297975,0.85525304,225,0
atitlan,2025-07-17,699450.0,1625250.0,-0.0844479,0.80886394,225,0
atitlan,2025-07-17,699750.0,1625250.0,-0.08471127,0.7956302,225,0
atitlan,2025-07-17,700050.0,1625250.0,-0.08287505,0.99224544,225,0
atitlan,2025-07-17,700350.0,1625250.0,-0.0613506,1.9614533,225,0
atitlan,2025-07-17,700650.0,1625250.0,-0.06126819,1.9781666,225,0
atitlan,2025-07-17,700950.0,1625250.0,-0.06077466,2.0007343,225,0
atitlan,2025-07-17,701250.0,1625250.0,-0.052333467,2.3784854,225,0
atitlan,2025-07-17,701550.0,1625250.0,-0.04407886,2.7659073,225,0
atitlan,2025-07-17,701850.0,1625250.0,-0.040206734,2.9331195,225,0
atitlan,2025-07-17,702150.0,1625250.0,-0.048453107,2.5652635,225,0
atitlan,2025-07-17,702450.0,1625250.0,-0.06300952,1.8854092,225,0
atitlan,2025-07-17,702750.0,1625250.0,0.03108204,4.578224,225,0
atitlan,2025-07-17,703050.0,1625250.0,0.23486005,16.738672,225,1
atitlan,2025-07-17,703350.0,1625250.0,0.20978037,12.384213,225,1
atitlan,2025-07-17,703650.0,1625250.0,0.20054533,13.176743,225,1
atitlan,2025-07-17,703950.0,1625250.0,0.1848877,10.500578,225,0
atitlan,2025-07-17,704250.0,1625250.0,0.1846531,11.244872,225,0
atitlan,2025-07-17,704550.0,1625250.0,0.1523994,9.440267,225,0
atitlan,2025-07-17,704850.0,1625250.0,0.31005776,21.384926,225,1
atitlan,2025-07-17,705150.0,1625250.0,0.24087113,14.312388,225,1
atitlan,2025-07-17,705450.0,1625250.0,0.17397615,9.71479,225,0
atitlan,2025-07-17,705750.0,1625250.0,0.2165132,13.245796,225,1
atitlan,2025-07-17,706050.0,1625250.0,0.2245557,15.119358,225,1
atitlan,2025-07-17,706350.0,1625250.0,0.28803453,21.45886,225,1
atitlan,2025-07-17,706650.0,1625250.0,0.3169372,20.959131,225,1
atitlan,2025-07-17,706950.0,1625250.0,0.24605256,15.944345,225,1
atitlan,2025-07-17,707250.0,1625250.0,0.1683828,9.568786,225,0
atitlan,2025-07-17,707550.0,1625250.0,0.20491262,13.663231,225,1
atitlan,2025-07-17,707850.0,1625250.0,0.263365,17.618902,45,1
atitlan,2025-07-17,680250.0,1625550.0,0.33503523,24.99273,180,1
atitlan,2025-07-17,680550.0,1625550.0,0.36863422,30.40771,225,1
atitlan,2025-07-17,680850.0,1625550.0,0.33922943,28.748184,225,1
atitlan,2025-07-17,681150.0,1625550.0,0.3029775,24.836409,225,1
atitlan,2025-07-17,681450.0,1625550.0,0.31795028,24.233133,225,1
atitlan,2025-07-17,681750.0,1625550.0,0.31035373,22.841898,225,1
atitlan,2025-07-17,682050.0,1625550.0,0.34168458,26.535784,225,1
atitlan,2025-07-17,682350.0,1625550.0,0.36022967,30.589544,225,1
atitlan,2025-07-17,682650.0,1625550.0,0.36235762,28.561539,225,1
atitlan,2025-07-17,682950.0,1625550.0,0.36566165,29.20602,225,1
atitlan,2025-07-17,683250.0,1625550.0,0.33306804,22.6878,225,1
atitlan,2025-07-17,683550.0,1625550.0,0.30679956,20.725868,225,1
atitlan,2025-07-17,683850.0,1625550.0,0.23840378,17.07512,225,1
atitlan,2025-07-17,684150.0,1625550.0,0.14349447,12.155447,225,1
atitlan,2025-07-17,684450.0,1625550.0,0.113201745,12.914164,225,1
atitlan,2025-07-17,684750.0,1625550.0,0.13788995,9.8803215,225,0
atitlan,2025-07-17,685050.0,1625550.0,-0.0044788443,4.123325,225,0
atitlan,2025-07-17,685350.0,1625550.0,0.0023526286,5.0496473,225,0
atitlan,2025-07-17,685650.0,1625550.0,-0.027308987,3.3636065,225,0
atitlan,2025-07-17,685950.0,1625550.0,-0.0098299375,3.6023695,225,0
atitlan,2025-07-17,686250.0,1625550.0,0.08701719,8.366437,225,0
atitlan,2025-07-17,686550.0,1625550.0,-0.018881632,3.431858,225,0
atitlan,2025-07-17,686850.0,1625550.0,-0.029694308,3.263785,225,0
atitlan,2025-07-17,687150.0,1625550.0,-0.028514734,3.3116896,225,0
atitlan,2025-07-17,687450.0,1625550.0,-0.03190344,3.1295638,225,0
atitlan,2025-07-17,687750.0,1625550.0,-0.037352923,2.950448,225,0
atitlan,2025-07-17,688050.0,1625550.0,-0.07445122,1.3188604,225,0
atitlan,2025-07-17,688350.0,1625550.0,-0.07549012,1.2787863,225,0
atitlan,2025-07-17,688650.0,1625550.0,-0.07667017,1.1942846,225,0
atitlan,2025-07-17,688950.0,1625550.0,-0.07448755,1.2979975,225,0
atitlan,2025-07-17,689250.0,1625550.0,-0.07394272,1.343031,225,0
atitlan,2025-07-17,689550.0,1625550.0,-0.07873284,1.1563052,225,0
atitlan,2025-07-17,689850.0,1625550.0,-0.07523818,1.2852855,225,0
atitlan,2025-07-17,690150.0,1625550.0,-0.07586096,1.2627125,225,0
atitlan,2025-07-17,690450.0,1625550.0,-0.07190895,1.4512007,225,0
atitlan,2025-07-17,690750.0,1625550.0,-0.07325202,1.3746316,225,0
atitlan,2025-07-17,691050.0,1625550.0,-0.069718815,1.5569717,225,0
atitlan,2025-07-17,691350.0,1625550.0,-0.070306025,1.5099711,225,0
atitlan,2025-07-17,691650.0,1625550.0,-0.07177087,1.4434667,225,0
atitlan,2025-07-17,691950.0,1625550.0,-0.07073747,1.506897,225,0
atitlan,2025-07-17,692250.0,1625550.0,-0.07064497,1.5110105,225,0
atitlan,2025-07-17,692550.0,1625550.0,-0.07118986,1.4823519,225,0
atitlan,2025-07-17,692850.0,1625550.0,-0.0749807,1.2896061,225,0
atitlan,2025-07-17,693150.0,1625550.0,-0.074694715,1.2840328,225,0
atitlan,2025-07-17,693450.0,1625550.0,-0.07590991,1.2166275,225,0
atitlan,2025-07-17,693750.0,1625550.0,-0.078812346,1.0855161,225,0
atitlan,2025-07-17,694050.0,1625550.0,-0.084397204,0.7892062,225,0
atitlan,2025-07-17,694350.0,1625550.0,-0.085382424,0.7228784,225,0
atitlan,2025-07-17,694650.0,1625550.0,-0.08861767,0.5976621,225,0
atitlan,2025-07-17,694950.0,1625550.0,-0.08699464,0.6461699,225,0
atitlan,2025-07-17,695250.0,1625550.0,-0.093539126,0.33907,225,0
atitlan,2025-07-17,695550.0,1625550.0,-0.093791865,0.3591589,225,0
atitlan,2025-07-17,695850.0,1625550.0,-0.09447116,0.3104286,225,0
atitlan,2025-07-17,696150.0,1625550.0,-0.09192932,0.3994831,225,0
atitlan,2025-07-17,696450.0,1625550.0,-0.09244878,0.40254503,225,0
atitlan,2025-07-17,696750.0,1625550.0,-0.09177096,0.43197408,225,0
atitlan,2025-07-17,697050.0,1625550.0,-0.0932028,0.36926273,225,0
atitlan,2025-07-17,697350.0,1625550.0,-0.09224344,0.37634146,225,0
atitlan,2025-07-17,697650.0,1625550.0,-0.09451679,0.302563,225,0
atitlan,2025-07-17,697950.0,1625550.0,-0.09322405,0.37344953,225,0
atitlan,2025-07-17,698250.0,1625550.0,-0.08861096,0.60934055,225,0
atitlan,2025-07-17,698550.0,1625550.0,-0.087325625,0.6416667,225,0
atitlan,2025-07-17,698850.0,1625550.0,-0.08353402,0.8439724,225,0
atitlan,2025-07-17,699150.0,1625550.0,-0.08512507,0.75512904,225,0
atitlan,2025-07-17,699450.0,1625550.0,-0.07978005,1.0260245,225,0
atitlan,2025-07-17,699750.0,1625550.0,-0.07934382,1.049634,225,0
atitlan,2025-07-17,700050.0,1625550.0,-0.07176679,1.4651432,225,0
atitlan,2025-07-17,700350.0,1625550.0,-0.06842613,1.6815231,225,0
atitlan,2025-07-17,700650.0,1625550.0,-0.071009025,1.4901195,225,0
atitlan,2025-07-17,700950.0,1625550.0,-0.06803808,1.6465439,225,0
atitlan,2025-07-17,701250.0,1625550.0,-0.06060883,2.0167012,225,0
atitlan,2025-07-17,701550.0,1625550.0,-0.056775954,2.1828673,225,0
atitlan,2025-07-17,701850.0,1625550.0,-0.046711765,2.5970895,225,0
atitlan,2025-07-17,702150.0,1625550.0,-0.06520721,1.765684,225,0
atitlan,2025-07-17,702450.0,1625550.0,0.015007226,4.781027,225,0
atitlan,2025-07-17,702750.0,1625550.0,0.16157544,10.851368,225,0
atitlan,2025-07-17,703050.0,1625550.0,0.30837876,21.605486,225,1
atitlan,2025-07-17,703350.0,1625550.0,0.26799864,16.731947,225,1
atitlan,2025-07-17,703650.0,1625550.0,0.22378236,16.064037,225,1
atitlan,2025-07-17,703950.0,1625550.0,0.20394713,14.2466,225,1
atitlan,2025-07-17,704250.0,1625550.0,0.14253859,9.3562,225,0
atitlan,2025-07-17,704550.0,1625550.0,0.11748455,7.808902,225,0
atitlan,2025-07-17,704850.0,1625550.0,0.19259228,11.636972,225,0
atitlan,2025-07-17,705150.0,1625550.0,0.20464,11.172976,225,0
atitlan,2025-07-17,705450.0,1625550.0,0.26289454,16.472887,225,1
atitlan,2025-07-17,705750.0,1625550.0,0.24136682,17.653088,225,1
atitlan,2025-07-17,706050.0,1625550.0,0.30933583,24.62897,225,1
atitlan,2025-07-17,706350.0,1625550.0,0.34049445,26.214603,225,1
atitlan,2025-07-17,706650.0,1625550.0,0.3365802,24.114023,225,1
atitlan,2025-07-17,706950.0,1625550.0,0.29711905,21.279596,225,1
atitlan,2025-07-17,707250.0,1625550.0,0.23257805,15.228586,225,1
atitlan,2025-07-17,707550.0,1625550.0,0.15081808,7.454896,225,0
atitlan,2025-07-17,707850.0,1625550.0,0.13284026,6.688838,45,0
atitlan,2025-07-17,680250.0,1625850.0,0.3767177,33.802383,180,1
atitlan,2025-07-17,680550.0,1625850.0,0.32404873,25.022717,225,1
atitlan,2025-07-17,680850.0,1625850.0,0.3501237,29.396687,225,1
atitlan,2025-07-17,681150.0,1625850.0,0.36668274,31.552118,225,1
atitlan,2025-07-17,681450.0,1625850.0,0.29801553,24.448025,225,1
atitlan,2025-07-17,681750.0,1625850.0,0.33007714,25.906633,225,1
atitlan,2025-07-17,682050.0,1625850.0,0.35126436,27.48911,225,1
atitlan,2025-07-17,682350.0,1625850.0,0.344371,27.589226,225,1
atitlan,2025-07-17,682650.0,1625850.0,0.3795665,33.08692,225,1
atitlan,2025-07-17,682950.0,1625850.0,0.38306546,33.7593,225,1
atitlan,2025-07-17,683250.0,1625850.0,0.33382818,22.796272,225,1
atitlan,2025-07-17,683550.0,1625850.0,0.32117054,20.963442,225,1
atitlan,2025-07-17,683850.0,1625850.0,0.32446998,21.540525,225,1
atitlan,2025-07-17,684150.0,1625850.0,0.2579696,18.652592,225,1
atitlan,2025-07-17,684450.0,1625850.0,0.2250033,14.131975,225,1
atitlan,2025-07-17,684750.0,1625850.0,0.068351954,6.775037,225,0
atitlan,2025-07-17,685050.0,1625850.0,-0.024549097,3.2088814,225,0
atitlan,2025-07-17,685350.0,1625850.0,-0.025299257,3.13159,225,0
atitlan,2025-07-17,685650.0,1625850.0,-0.030662838,2.9797006,225,0
atitlan,2025-07-17,685950.0,1625850.0,-0.03165723,2.764455,225,0
atitlan,2025-07-17,686250.0,1625850.0,-0.0307555,2.95131,225,0
atitlan,2025-07-17,686550.0,1625850.0,-0.029758666,3.1284778,225,0
atitlan,2025-07-17,686850.0,1625850.0,-0.027949303,3.2098668,225,0
atitlan,2025-07-17,687150.0,1625850.0,-0.030193115,3.183204,225,0
atitlan,2025-07-17,687450.0,1625850.0,-0.028695311,3.2489593,225,0
atitlan,2025-07-17,687750.0,1625850.0,-0.038516052,2.8244882,225,0
atitlan,2025-07-17,688050.0,1625850.0,-0.09544775,0.2792141,225,0
atitlan,2025-07-17,688350.0,1625850.0,-0.096354105,0.25739405,225,0
atitlan,2025-07-17,688650.0,1625850.0,-0.08761321,0.61248577,225,0
atitlan,2025-07-17,688950.0,1625850.0,-0.08032509,0.9872383,225,0
atitlan,2025-07-17,689250.0,1625850.0,-0.07763695,1.1178656,225,0
atitlan,2025-07-17,689550.0,1625850.0,-0.073155455,1.3679707,225,0
atitlan,2025-07-17,689850.0,1625850.0,-0.079820104,1.087728,225,0
atitlan,2025-07-17,690150.0,1625850.0,-0.08136941,1.0060021,225,0
atitlan,2025-07-17,690450.0,1625850.0,-0.07172135,1.4445152,225,0
atitlan,2025-07-17,690750.0,1625850.0,-0.07683537,1.1966408,225,0
atitlan,2025-07-17,691050.0,1625850.0,-0.073859386,1.3470749,225,0
atitlan,2025-07-17,691350.0,1625850.0,-0.0728454,1.4504128,225,0
atitlan,2025-07-17,691650.0,1625850.0,-0.07164198,1.4516122,225,0
atitlan,2025-07-17,691950.0,1625850.0,-0.072480425,1.4195665,225,0
atitlan,2025-07-17,692250.0,1625850.0,-0.07034712,1.5265521,225,0
atitlan,2025-07-17,692550.0,1625850.0,-0.06977902,1.5580146,225,0
atitlan,2025-07-17,692850.0,1625850.0,-0.07124802,1.4726554,225,0
atitlan,2025-07-17,693150.0,1625850.0,-0.07441771,1.303371,225,0
atitlan,2025-07-17,693450.0,1625850.0,-0.077169456,1.1564733,225,0
atitlan,2025-07-17,693750.0,1625850.0,-0.07938379,1.0164839,225,0
atitlan,2025-07-17,694050.0,1625850.0,-0.08386464,0.8177708,225,0
atitlan,2025-07-17,694350.0,1625850.0,-0.08630045,0.6858348,225,0
atitlan,2025-07-17,694650.0,1625850.0,-0.08957285,0.5272742,225,0
atitlan,2025-07-17,694950.0,1625850.0,-0.09011267,0.4660386,225,0
atitlan,2025-07-17,695250.0,1625850.0,-0.09226795,0.38119355,225,0
atitlan,2025-07-17,695550.0,1625850.0,-0.095020175,0.2837735,225,0
atitlan,2025-07-17,695850.0,1625850.0,-0.09431192,0.31601542,225,0
atitlan,2025-07-17,696150.0,1625850.0,-0.09413861,0.34840566,225,0
atitlan,2025-07-17,696450.0,1625850.0,-0.093732685,0.3481539,225,0
atitlan,2025-07-17,696750.0,1625850.0,-0.09192651,0.40931642,225,0
atitlan,2025-07-17,697050.0,1625850.0,-0.09250694,0.4040446,225,0
atitlan,2025-07-17,697350.0,1625850.0,-0.09188956,0.41826963,225,0
atitlan,2025-07-17,697650.0,1625850.0,-0.09505305,0.28524765,225,0
atitlan,2025-07-17,697950.0,1625850.0,-0.09237607,0.3696264,225,0
atitlan,2025-07-17,698250.0,1625850.0,-0.09190486,0.42644507,225,0
atitlan,2025-07-17,698550.0,1625850.0,-0.085061,0.7316256,225,0
atitlan,2025-07-17,698850.0,1625850.0,-0.079809844,1.0287524,225,0
atitlan,2025-07-17,699150.0,1625850.0,-0.08381323,0.8699959,225,0
atitlan,2025-07-17,699450.0,1625850.0,-0.08184728,0.92738086,225,0
atitlan,2025-07-17,699750.0,1625850.0,-0.07980477,1.0347024,225,0
atitlan,2025-07-17,700050.0,1625850.0,-0.07582178,1.2336489,225,0
atitlan,2025-07-17,700350.0,1625850.0,-0.07684426,1.2023858,225,0
atitlan,2025-07-17,700650.0,1625850.0,-0.089136556,0.5943723,225,0
atitlan,2025-07-17,700950.0,1625850.0,-0.086726256,0.6464715,225,0
atitlan,2025-07-17,701250.0,1625850.0,-0.07942327,1.0517148,225,0
atitlan,2025-07-17,701550.0,1625850.0,-0.06932334,1.5200851,225,0
atitlan,2025-07-17,701850.0,1625850.0,0.008179577,4.76971,225,0
atitlan,2025-07-17,702150.0,1625850.0,0.113718584,9.118269,225,0
atitlan,2025-07-17,702450.0,1625850.0,0.24785207,16.247736,225,1
atitlan,2025-07-17,702750.0,1625850.0,0.31521365,20.577019,225,1
atitlan,2025-07-17,703050.0,1625850.0,0.2836442,18.494982,225,1
atitlan,2025-07-17,703350.0,1625850.0,0.33952656,25.004255,225,1
atitlan,2025-07-17,703650.0,1625850.0,0.284238,21.359072,225,1
atitlan,2025-07-17,703950.0,1625850.0,0.22406963,15.124029,225,1
atitlan,2025-07-17,704250.0,1625850.0,0.24351527,17.06633,225,1
atitlan,2025-07-17,704550.0,1625850.0,0.20431183,12.634042,225,1
atitlan,2025-07-17,704850.0,1625850.0,0.15574959,8.750131,225,0
atitlan,2025-07-17,705150.0,1625850.0,0.20424308,12.71009,225,1
atitlan,2025-07-17,705450.0,1625850.0,0.2464386,13.905201,225,1
atitlan,2025-07-17,705750.0,1625850.0,0.18104222,11.360077,225,0
atitlan,2025-07-17,706050.0,1625850.0,0.18496716,11.447594,225,0
atitlan,2025-07-17,706350.0,1625850.0,0.25198573,15.289626,225,1
atitlan,2025-07-17,706650.0,1625850.0,0.3274323,23.111086,225,1
atitlan,2025-07-17,706950.0,1625850.0,0.30883968,21.235937,225,1
atitlan,2025-07-17,707250.0,1625850.0,0.28957042,21.364862,225,1
atitlan,2025-07-17,707550.0,1625850.0,0.22825302,14.435134,225,1
atitlan,2025-07-17,707850.0,1625850.0,0.1936291,12.271038,45,1
atitlan,2025-07-17,680250.0,1626150.0,0.4044417,39.065067,180,1
atitlan,2025-07-17,680550.0,1626150.0,0.36296767,29.98149,225,1
atitlan,2025-07-17,680850.0,1626150.0,0.33058217,25.42962,225,1
atitlan,2025-07-17,681150.0,1626150.0,0.30868766,28.903542,225,1
atitlan,2025-07-17,681450.0,1626150.0,0.3510121,27.395134,225,1
atitlan,2025-07-17,681750.0,1626150.0,0.30246818,23.601053,225,1
atitlan,2025-07-17,682050.0,1626150.0,0.2882978,18.652348,225,1
atitlan,2025-07-17,682350.0,1626150.0,0.35458282,27.916267,225,1
atitlan,2025-07-17,682650.0,1626150.0,0.34959543,29.357788,225,1
atitlan,2025-07-17,682950.0,1626150.0,0.39913893,36.71904,225,1
atitlan,2025-07-17,683250.0,1626150.0,0.38450518,34.470192,225,1
atitlan,2025-07-17,683550.0,1626150.0,0.35176635,28.285513,225,1
atitlan,2025-07-17,683850.0,1626150.0,0.34071377,24.993711,225,1
atitlan,2025-07-17,684150.0,1626150.0,0.31948137,26.157928,224,1
atitlan,2025-07-17,684450.0,1626150.0,0.16015713,10.693015,225,0
atitlan,2025-07-17,684750.0,1626150.0,-0.026683249,2.882226,225,0
atitlan,2025-07-17,685050.0,1626150.0,-0.023049334,3.063989,225,0
atitlan,2025-07-17,685350.0,1626150.0,-0.06070058,1.8885094,225,0
atitlan,2025-07-17,685650.0,1626150.0,-0.07158131,1.6317364,225,0
atitlan,2025-07-17,685950.0,1626150.0,-0.06033682,1.8640194,225,0
atitlan,2025-07-17,686250.0,1626150.0,-0.053550236,2.1137214,225,0
atitlan,2025-07-17,686550.0,1626150.0,-0.063349865,1.6637481,225,0
atitlan,2025-07-17,686850.0,1626150.0,-0.06001972,2.033769,225,0
atitlan,2025-07-17,687150.0,1626150.0,-0.0661422,1.8094776,225,0
atitlan,2025-07-17,687450.0,1626150.0,-0.0644714,1.8017546,225,0
atitlan,2025-07-17,687750.0,1626150.0,-0.05900916,1.8598621,225,0
atitlan,2025-07-17,688050.0,1626150.0,-0.091127075,0.4768409,225,0
atitlan,2025-07-17,688350.0,1626150.0,-0.09263757,0.36637232,225,0
atitlan,2025-07-17,688650.0,1626150.0,-0.09129313,0.429137,225,0
atitlan,2025-07-17,688950.0,1626150.0,-0.091201715,0.43693784,225,0
atitlan,2025-07-17,689250.0,1626150.0,-0.0888237,0.5679466,225,0
atitlan,2025-07-17,689550.0,1626150.0,-0.08060542,0.96912044,225,0
atitlan,2025-07-17,689850.0,1626150.0,-0.07978403,1.037377,225,0
atitlan,2025-07-17,690150.0,1626150.0,-0.07988565,1.031422,225,0
atitlan,2025-07-17,690450.0,1626150.0,-0.07411576,1.3548226,225,0
atitlan,2025-07-17,690750.0,1626150.0,-0.07468223,1.3034084,225,0
atitlan,2025-07-17,691050.0,1626150.0,-0.072281666,1.4282866,225,0
atitlan,2025-07-17,691350.0,1626150.0,-0.068904966,1.6068103,225,0
atitlan,2025-07-17,691650.0,1626150.0,-0.07119976,1.5034674,225,0
atitlan,2025-07-17,691950.0,1626150.0,-0.0709435,1.4942565,225,0
atitlan,2025-07-17,692250.0,1626150.0,-0.07522872,1.2726511,225,0
atitlan,2025-07-17,692550.0,1626150.0,-0.07445076,1.3199776,225,0
atitlan,2025-07-17,692850.0,1626150.0,-0.07147368,1.4742028,225,0
atitlan,2025-07-17,693150.0,1626150.0,-0.076139644,1.2389642,225,0
atitlan,2025-07-17,693450.0,1626150.0,-0.07845765,1.0856608,225,0
atitlan,2025-07-17,693750.0,1626150.0,-0.08162456,0.9075516,225,0
atitlan,2025-07-17,694050.0,1626150.0,-0.08147186,0.91205114,225,0
atitlan,2025-07-17,694350.0,1626150.0,-0.08433507,0.78072965,225,0
atitlan,2025-07-17,694650.0,1626150.0,-0.08500158,0.7379999,225,0
atitlan,2025-07-17,694950.0,1626150.0,-0.08906679,0.5516133,225,0
atitlan,2025-07-17,695250.0,1626150.0,-0.09194572,0.4336201,225,0
atitlan,2025-07-17,695550.0,1626150.0,-0.09303479,0.34589794,225,0
atitlan,2025-07-17,695850.0,1626150.0,-0.095398664,0.2943156,225,0
atitlan,2025-07-17,696150.0,1626150.0,-0.094575144,0.30461732,225,0
atitlan,2025-07-17,696450.0,1626150.0,-0.09237395,0.40731692,225,0
atitlan,2025-07-17,696750.0,1626150.0,-0.09107654,0.46403968,225,0
atitlan,2025-07-17,697050.0,1626150.0,-0.09101088,0.4763752,225,0
atitlan,2025-07-17,697350.0,1626150.0,-0.09320166,0.38302535,225,0
atitlan,2025-07-17,697650.0,1626150.0,-0.09303372,0.39107636,225,0
atitlan,2025-07-17,697950.0,1626150.0,-0.09455365,0.28911635,225,0
atitlan,2025-07-17,698250.0,1626150.0,-0.093508266,0.34643728,225,0
atitlan,2025-07-17,698550.0,1626150.0,-0.09055648,0.48687857,225,0
atitlan,2025-07-17,698850.0,1626150.0,-0.08771268,0.6335222,225,0
atitlan,2025-07-17,699150.0,1626150.0,-0.09083364,0.5215806,225,0
atitlan,2025-07-17,699450.0,1626150.0,-0.081533454,0.9330597,225,0
atitlan,2025-07-17,699750.0,1626150.0,-0.07816017,1.1016525,225,0
atitlan,2025-07-17,700050.0,1626150.0,-0.075076126,1.277825,225,0
atitlan,2025-07-17,700350.0,1626150.0,-0.08287877,0.90155554,225,0
atitlan,2025-07-17,700650.0,1626150.0,-0.09552271,0.3219877,225,0
atitlan,2025-07-17,700950.0,1626150.0,-0.096378736,0.28590047,225,0
atitlan,2025-07-17,701250.0,1626150.0,-0.062725596,2.0082948,225,0
atitlan,2025-07-17,701550.0,1626150.0,0.054199554,7.3727846,225,0
atitlan,2025-07-17,701850.0,1626150.0,0.27462086,15.226986,225,1
atitlan,2025-07-17,702150.0,1626150.0,0.27491483,15.834291,225,1
atitlan,2025-07-17,702450.0,1626150.0,0.2941233,20.181591,225,1
atitlan,2025-07-17,702750.0,1626150.0,0.32052884,21.066187,225,1
atitlan,2025-07-17,703050.0,1626150.0,0.31556582,21.103159,225,1
atitlan,2025-07-17,703350.0,1626150.0,0.26971173,18.035507,225,1
atitlan,2025-07-17,703650.0,1626150.0,0.24727823,16.04821,225,1
atitlan,2025-07-17,703950.0,1626150.0,0.23827016,14.945629,225,1
atitlan,2025-07-17,704250.0,1626150.0,0.30120504,20.304436,225,1
atitlan,2025-07-17,704550.0,1626150.0,0.21889186,14.124324,225,1
atitlan,2025-07-17,704850.0,1626150.0,0.15303676,11.021922,225,0
atitlan,2025-07-17,705150.0,1626150.0,0.25693718,17.398636,225,1
atitlan,2025-07-17,705450.0,1626150.0,0.20235816,10.211289,225,0
atitlan,2025-07-17,705750.0,1626150.0,0.175895,10.614437,225,0
atitlan,2025-07-17,706050.0,1626150.0,0.17640755,10.042447,225,0
atitlan,2025-07-17,706350.0,1626150.0,0.17139323,9.114664,225,0
atitlan,2025-07-17,706650.0,1626150.0,0.3357495,24.145908,225,1
atitlan,2025-07-17,706950.0,1626150.0,0.29598477,20.462545,225,1
atitlan,2025-07-17,707250.0,1626150.0,0.29956475,21.23303,225,1
atitlan,2025-07-17,707550.0,1626150.0,0.2569167,19.517906,225,1
atitlan,2025-07-17,707850.0,1626150.0,0.17488968,11.244383,45,0
atitlan,2025-07-17,680250.0,1626450.0,0.37759748,31.614752,180,1
atitlan,2025-07-17,680550.0,1626450.0,0.3789119,33.045162,225,1
atitlan,2025-07-17,680850.0,1626450.0,0.33791313,25.9489,225,1
atitlan,2025-07-17,681150.0,1626450.0,0.34461725,25.930134,225,1
atitlan,2025-07-17,681450.0,1626450.0,0.32759184,28.287218,225,1
atitlan,2025-07-17,681750.0,1626450.0,0.34921148,28.222668,225,1
atitlan,2025-07-17,682050.0,1626450.0,0.2988893,20.702318,225,1
atitlan,2025-07-17,682350.0,1626450.0,0.3214607,23.873062,225,1
atitlan,2025-07-17,682650.0,1626450.0,0.36461747,29.993135,225,1
atitlan,2025-07-17,682950.0,1626450.0,0.3680107,30.678942,225,1
atitlan,2025-07-17,683250.0,1626450.0,0.38186297,33.295574,225,1
atitlan,2025-07-17,683550.0,1626450.0,0.38826007,34.895466,225,1
atitlan,2025-07-17,683850.0,1626450.0,0.36623865,30.237389,225,1
atitlan,2025-07-17,684150.0,1626450.0,0.34554556,26.945162,225,1
atitlan,2025-07-17,684450.0,1626450.0,0.12781498,10.710123,225,0
atitlan,2025-07-17,684750.0,1626450.0,-0.06130265,1.9495108,225,0
atitlan,2025-07-17,685050.0,1626450.0,-0.05803371,2.0439408,225,0
atitlan,2025-07-17,685350.0,1626450.0,-0.056979787,2.071642,225,0
atitlan,2025-07-17,685650.0,1626450.0,-0.06441997,1.8555659,225,0
atitlan,2025-07-17,685950.0,1626450.0,-0.0659412,1.7251023,225,0
atitlan,2025-07-17,686250.0,1626450.0,-0.07169401,1.6949961,225,0
atitlan,2025-07-17,686550.0,1626450.0,-0.07341038,1.4223768,225,0
atitlan,2025-07-17,686850.0,1626450.0,-0.074025296,1.5253713,225,0
atitlan,2025-07-17,687150.0,1626450.0,-0.07522718,1.458929,225,0
atitlan,2025-07-17,687450.0,1626450.0,-0.07842072,1.3486259,225,0
atitlan,2025-07-17,687750.0,1626450.0,-0.08334479,1.0372517,225,0
atitlan,2025-07-17,688050.0,1626450.0,-0.094356194,0.29350838,225,0
atitlan,2025-07-17,688350.0,1626450.0,-0.096009836,0.23710443,225,0
atitlan,2025-07-17,688650.0,1626450.0,-0.093747824,0.36163568,225,0
atitlan,2025-07-17,688950.0,1626450.0,-0.08882522,0.5309985,225,0
atitlan,2025-07-17,689250.0,1626450.0,-0.08625922,0.6418482,225,0
atitlan,2025-07-17,689550.0,1626450.0,-0.08595689,0.68501836,225,0
atitlan,2025-07-17,689850.0,1626450.0,-0.08394272,0.78752005,225,0
atitlan,2025-07-17,690150.0,1626450.0,-0.08221085,0.8987253,225,0
atitlan,2025-07-17,690450.0,1626450.0,-0.081612885,0.94257474,225,0
atitlan,2025-07-17,690750.0,1626450.0,-0.07933992,1.0323697,225,0
atitlan,2025-07-17,691050.0,1626450.0,-0.075686984,1.2505645,225,0
atitlan,2025-07-17,691350.0,1626450.0,-0.07171177,1.4707282,225,0
atitlan,2025-07-17,691650.0,1626450.0,-0.07286805,1.3918052,225,0
atitlan,2025-07-17,691950.0,1626450.0,-0.07227222,1.4311812,225,0
atitlan,2025-07-17,692250.0,1626450.0,-0.077548124,1.1647339,225,0
atitlan,2025-07-17,692550.0,1626450.0,-0.0759456,1.2532886,225,0
atitlan,2025-07-17,692850.0,1626450.0,-0.0761348,1.2425786,225,0
atitlan,2025-07-17,693150.0,1626450.0,-0.07461453,1.3109715,225,0
atitlan,2025-07-17,693450.0,1626450.0,-0.07351164,1.35491,225,0
atitlan,2025-07-17,693750.0,1626450.0,-0.07557236,1.240152,225,0
atitlan,2025-07-17,694050.0,1626450.0,-0.074294254,1.3245909,225,0
atitlan,2025-07-17,694350.0,1626450.0,-0.07487597,1.3045624,225,0
atitlan,2025-07-17,694650.0,1626450.0,-0.07860771,1.077318,225,0
atitlan,2025-07-17,694950.0,1626450.0,-0.0822133,0.87827665,225,0
atitlan,2025-07-17,695250.0,1626450.0,-0.09113008,0.47108352,225,0
atitlan,2025-07-17,695550.0,1626450.0,-0.09186982,0.39653158,225,0
atitlan,2025-07-17,695850.0,1626450.0,-0.09337286,0.35590172,225,0
atitlan,2025-07-17,696150.0,1626450.0,-0.0963483,0.24415492,225,0
atitlan,2025-07-17,696450.0,1626450.0,-0.09435149,0.3305266,225,0
atitlan,2025-07-17,696750.0,1626450.0,-0.08892022,0.5805949,225,0
atitlan,2025-07-17,697050.0,1626450.0,-0.0882014,0.6323292,225,0
atitlan,2025-07-17,697350.0,1626450.0,-0.091274634,0.5102898,225,0
atitlan,2025-07-17,697650.0,1626450.0,-0.094605945,0.32246393,225,0
atitlan,2025-07-17,697950.0,1626450.0,-0.09734672,0.23568949,225,0
atitlan,2025-07-17,698250.0,1626450.0,-0.09541974,0.3027024,225,0
atitlan,2025-07-17,698550.0,1626450.0,-0.09537995,0.29858783,225,0
atitlan,2025-07-17,698850.0,1626450.0,-0.09670734,0.28215146,225,0
atitlan,2025-07-17,699150.0,1626450.0,-0.08647555,0.7539907,225,0
atitlan,2025-07-17,699450.0,1626450.0,-0.07921104,1.1229471,225,0
atitlan,2025-07-17,699750.0,1626450.0,-0.078479834,1.090287,225,0
atitlan,2025-07-17,700050.0,1626450.0,-0.07941515,1.0464807,225,0
atitlan,2025-07-17,700350.0,1626450.0,-0.091697134,0.51156807,225,0
atitlan,2025-07-17,700650.0,1626450.0,-0.09572245,0.27747557,225,0
atitlan,2025-07-17,700950.0,1626450.0,-0.09646922,0.30673292,225,0
atitlan,2025-07-17,701250.0,1626450.0,0.09452295,9.302846,225,0
atitlan,2025-07-17,701550.0,1626450.0,0.3144341,20.651226,225,1
atitlan,2025-07-17,701850.0,1626450.0,0.35996032,27.612684,225,1
atitlan,2025-07-17,702150.0,1626450.0,0.31403023,22.850088,225,1
atitlan,2025-07-17,702450.0,1626450.0,0.27489147,17.224934,225,1
atitlan,2025-07-17,702750.0,1626450.0,0.3166274,21.691742,225,1
atitlan,2025-07-17,703050.0,1626450.0,0.24150883,15.510734,225,1
atitlan,2025-07-17,703350.0,1626450.0,0.2536256,15.507623,225,1
atitlan,2025-07-17,703650.0,1626450.0,0.25992697,16.47429,225,1
atitlan,2025-07-17,703950.0,1626450.0,0.23225842,12.7836275,225,1
atitlan,2025-07-17,704250.0,1626450.0,0.2420468,14.571024,225,1
atitlan,2025-07-17,704550.0,1626450.0,0.11891863,8.968477,225,0
atitlan,2025-07-17,704850.0,1626450.0,0.14348087,9.641632,225,0
atitlan,2025-07-17,705150.0,1626450.0,0.16556497,9.810591,225,0
atitlan,2025-07-17,705450.0,1626450.0,0.21314314,12.556446,225,1
atitlan,2025-07-17,705750.0,1626450.0,0.26772317,19.912699,225,1
atitlan,2025-07-17,706050.0,1626450.0,0.26877695,21.264982,225,1
atitlan,2025-07-17,706350.0,1626450.0,0.32679683,24.0556,225,1
atitlan,2025-07-17,706650.0,1626450.0,0.3114146,21.748596,225,1
atitlan,2025-07-17,706950.0,1626450.0,0.25982487,16.831442,225,1
atitlan,2025-07-17,707250.0,1626450.0,0.27311164,18.430271,225,1
atitlan,2025-07-17,707550.0,1626450.0,0.22153759,14.776944,225,1
atitlan,2025-07-17,707850.0,1626450.0,0.26672214,19.238823,45,1
atitlan,2025-07-17,680250.0,1626750.0,0.4001977,37.04143,180,1
atitlan,2025-07-17,680550.0,1626750.0,0.39189878,34.894688,225,1
atitlan,2025-07-17,680850.0,1626750.0,0.37961966,32.36165,225,1
atitlan,2025-07-17,681150.0,1626750.0,0.36208165,29.348906,225,1
atitlan,2025-07-17,681450.0,1626750.0,0.28550985,21.37829,225,1
atitlan,2025-07-17,681750.0,1626750.0,0.32809973,26.495264,225,1
atitlan,2025-07-17,682050.0,1626750.0,0.2753538,20.922562,225,1
atitlan,2025-07-17,682350.0,1626750.0,0.30395097,23.992386,225,1
atitlan,2025-07-17,682650.0,1626750.0,0.33745283,28.86027,225,1
atitlan,2025-07-17,682950.0,1626750.0,0.3374555,25.308857,225,1
atitlan,2025-07-17,683250.0,1626750.0,0.37164426,32.069534,225,1
atitlan,2025-07-17,683550.0,1626750.0,0.4010947,38.593525,225,1
atitlan,2025-07-17,683850.0,1626750.0,0.38362998,34.287434,225,1
atitlan,2025-07-17,684150.0,1626750.0,0.38203594,33.591602,225,1
atitlan,2025-07-17,684450.0,1626750.0,0.32228708,25.107056,225,1
atitlan,2025-07-17,684750.0,1626750.0,0.09404747,11.088491,225,0
atitlan,2025-07-17,685050.0,1626750.0,-0.06305452,1.9061444,225,0
atitlan,2025-07-17,685350.0,1626750.0,-0.06402622,1.7137632,225,0
atitlan,2025-07-17,685650.0,1626750.0,-0.07369907,1.3543208,225,0
atitlan,2025-07-17,685950.0,1626750.0,-0.06842644,1.6769657,225,0
atitlan,2025-07-17,686250.0,1626750.0,-0.0702605,1.5420562,225,0
atitlan,2025-07-17,686550.0,1626750.0,-0.07792249,1.1579514,225,0
atitlan,2025-07-17,686850.0,1626750.0,-0.077866256,1.1271257,225,0
atitlan,2025-07-17,687150.0,1626750.0,-0.07886093,1.0764098,225,0
atitlan,2025-07-17,687450.0,1626750.0,-0.07760695,1.3041806,225,0
atitlan,2025-07-17,687750.0,1626750.0,-0.08063964,1.2554736,225,0
atitlan,2025-07-17,688050.0,1626750.0,-0.09383328,0.32752252,225,0
atitlan,2025-07-17,688350.0,1626750.0,-0.08660555,0.65454286,225,0
atitlan,2025-07-17,688650.0,1626750.0,-0.09131911,0.49644417,225,0
atitlan,2025-07-17,688950.0,1626750.0,-0.08739781,0.5881966,225,0
atitlan,2025-07-17,689250.0,1626750.0,-0.08821898,0.54911834,225,0
atitlan,2025-07-17,689550.0,1626750.0,-0.08751409,0.60869956,225,0
atitlan,2025-07-17,689850.0,1626750.0,-0.08611532,0.6742403,225,0
atitlan,2025-07-17,690150.0,1626750.0,-0.08455545,0.76185423,225,0
atitlan,2025-07-17,690450.0,1626750.0,-0.08633191,0.6691462,225,0
atitlan,2025-07-17,690750.0,1626750.0,-0.084855735,0.797636,225,0
atitlan,2025-07-17,691050.0,1626750.0,-0.07853298,1.0859226,225,0
atitlan,2025-07-17,691350.0,1626750.0,-0.075801775,1.2574515,225,0
atitlan,2025-07-17,691650.0,1626750.0,-0.0758427,1.2521118,225,0
atitlan,2025-07-17,691950.0,1626750.0,-0.0754933,1.2484617,225,0
atitlan,2025-07-17,692250.0,1626750.0,-0.07456393,1.2930455,225,0
atitlan,2025-07-17,692550.0,1626750.0,-0.076695785,1.1965029,225,0
atitlan,2025-07-17,692850.0,1626750.0,-0.074934356,1.3102475,225,0
atitlan,2025-07-17,693150.0,1626750.0,-0.07146624,1.4773526,225,0
atitlan,2025-07-17,693450.0,1626750.0,-0.07108472,1.4869308,225,0
atitlan,2025-07-17,693750.0,1626750.0,-0.072783984,1.3982779,225,0
atitlan,2025-07-17,694050.0,1626750.0,-0.07593584,1.2280915,225,0
atitlan,2025-07-17,694350.0,1626750.0,-0.07577166,1.253647,225,0
atitlan,2025-07-17,694650.0,1626750.0,-0.07862885,1.1171697,225,0
atitlan,2025-07-17,694950.0,1626750.0,-0.080078594,1.008609,225,0
atitlan,2025-07-17,695250.0,1626750.0,-0.077965215,1.1069999,225,0
atitlan,2025-07-17,695550.0,1626750.0,-0.09017704,0.49763015,225,0
atitlan,2025-07-17,695850.0,1626750.0,-0.094589,0.3615122,225,0
atitlan,2025-07-17,696150.0,1626750.0,-0.09708818,0.26519027,225,0
atitlan,2025-07-17,696450.0,1626750.0,-0.09581141,0.2934486,225,0
atitlan,2025-07-17,696750.0,1626750.0,-0.0972308,0.25262758,225,0
atitlan,2025-07-17,697050.0,1626750.0,-0.0780586,1.1241552,225,0
atitlan,2025-07-17,697350.0,1626750.0,-0.087437406,0.72218806,225,0
atitlan,2025-07-17,697650.0,1626750.0,-0.10055946,0.15936269,225,0
atitlan,2025-07-17,697950.0,1626750.0,-0.10169182,0.1478489,225,0
atitlan,2025-07-17,698250.0,1626750.0,-0.10329682,0.10634884,225,0
atitlan,2025-07-17,698550.0,1626750.0,-0.09972005,0.18635231,225,0
atitlan,2025-07-17,698850.0,1626750.0,-0.09464825,0.39257243,225,0
atitlan,2025-07-17,699150.0,1626750.0,-0.08966723,0.5242283,225,0
atitlan,2025-07-17,699450.0,1626750.0,-0.08342622,0.86171514,225,0
atitlan,2025-07-17,699750.0,1626750.0,-0.08156539,0.94867384,225,0
atitlan,2025-07-17,700050.0,1626750.0,-0.0921828,0.44976366,225,0
atitlan,2025-07-17,700350.0,1626750.0,-0.09190773,0.4522971,225,0
atitlan,2025-07-17,700650.0,1626750.0,-0.09530663,0.3372719,225,0
atitlan,2025-07-17,700950.0,1626750.0,-0.091457896,0.45632976,225,0
atitlan,2025-07-17,701250.0,1626750.0,0.064889334,8.616998,225,0
atitlan,2025-07-17,701550.0,1626750.0,0.33600143,22.639338,225,1
atitlan,2025-07-17,701850.0,1626750.0,0.34784886,24.528341,225,1
atitlan,2025-07-17,702150.0,1626750.0,0.34754172,24.914223,225,1
atitlan,2025-07-17,702450.0,1626750.0,0.32298657,22.842972,225,1
atitlan,2025-07-17,702750.0,1626750.0,0.17296344,10.881062,225,0
atitlan,2025-07-17,703050.0,1626750.0,0.2254231,15.024585,225,1
atitlan,2025-07-17,703350.0,1626750.0,0.23784864,13.400557,225,1
atitlan,2025-07-17,703650.0,1626750.0,0.23395467,14.581934,225,1
atitlan,2025-07-17,703950.0,1626750.0,0.21704037,12.047915,225,1
atitlan,2025-07-17,704250.0,1626750.0,0.25519213,13.504915,225,1
atitlan,2025-07-17,704550.0,1626750.0,0.27223244,16.226742,225,1
atitlan,2025-07-17,704850.0,1626750.0,0.22169743,13.588154,225,1
atitlan,2025-07-17,705150.0,1626750.0,0.25009766,17.049658,225,1
atitlan,2025-07-17,705450.0,1626750.0,0.22582081,15.522509,225,1
atitlan,2025-07-17,705750.0,1626750.0,0.32654986,24.328188,225,1
atitlan,2025-07-17,706050.0,1626750.0,0.18823771,11.991019,225,0
atitlan,2025-07-17,706350.0,1626750.0,0.30687448,20.017853,225,1
atitlan,2025-07-17,706650.0,1626750.0,0.31582892,19.757076,225,1
atitlan,2025-07-17,706950.0,1626750.0,0.34204727,24.118153,225,1
atitlan,2025-07-17,707250.0,1626750.0,0.3135119,20.739151,225,1
atitlan,2025-07-17,707550.0,1626750.0,0.30196643,18.62095,225,1
atitlan,2025-07-17,707850.0,1626750.0,0.2161539,13.564043,45,1
atitlan,2025-07-17,680250.0,1627050.0,0.42412648,44.279892,180,1
atitlan,2025-07-17,680550.0,1627050.0,0.38672373,35.988556,225,1
atitlan,2025-07-17,680850.0,1627050.0,0.38212955,34.211285,225,1
atitlan,2025-07-17,681150.0,1627050.0,0.3302866,25.037672,225,1
atitlan,2025-07-17,681450.0,1627050.0,0.28610113,22.158325,225,1
atitlan,2025-07-17,681750.0,1627050.0,0.29656333,22.31903,225,1
atitlan,2025-07-17,682050.0,1627050.0,0.26472163,19.505041,225,1
atitlan,2025-07-17,682350.0,1627050.0,0.30586705,23.839834,225,1
atitlan,2025-07-17,682650.0,1627050.0,0.20722629,18.02269,225,1
atitlan,2025-07-17,682950.0,1627050.0,0.34501785,25.985378,225,1
atitlan,2025-07-17,683250.0,1627050.0,0.33408028,26.131578,225,1
atitlan,2025-07-17,683550.0,1627050.0,0.3757588,34.988625,225,1
atitlan,2025-07-17,683850.0,1627050.0,0.41899633,42.402405,225,1
atitlan,2025-07-17,684150.0,1627050.0,0.39705017,36.409805,225,1
atitlan,2025-07-17,684450.0,1627050.0,0.33934212,26.124474,225,1
atitlan,2025-07-17,684750.0,1627050.0,0.17010275,12.316219,225,1
atitlan,2025-07-17,685050.0,1627050.0,0.005637749,4.150901,225,0
atitlan,2025-07-17,685350.0,1627050.0,-0.033763688,2.6269886,225,0
atitlan,2025-07-17,685650.0,1627050.0,-0.0703583,1.6094105,225,0
atitlan,2025-07-17,685950.0,1627050.0,-0.047817767,2.2189424,225,0
atitlan,2025-07-17,686250.0,1627050.0,-0.07453967,1.5602347,225,0
atitlan,2025-07-17,686550.0,1627050.0,-0.079632565,1.0570016,225,0
atitlan,2025-07-17,686850.0,1627050.0,-0.075196005,1.221858,225,0
atitlan,2025-07-17,687150.0,1627050.0,-0.07704246,1.1659297,225,0
atitlan,2025-07-17,687450.0,1627050.0,-0.072029665,1.5079225,225,0
atitlan,2025-07-17,687750.0,1627050.0,-0.066589884,2.9404237,225,0
atitlan,2025-07-17,688050.0,1627050.0,-0.093466125,0.31824526,225,0
atitlan,2025-07-17,688350.0,1627050.0,-0.094164655,0.3508657,225,0
atitlan,2025-07-17,688650.0,1627050.0,-0.08941541,0.556147,225,0
atitlan,2025-07-17,688950.0,1627050.0,-0.08515449,0.69999236,225,0
atitlan,2025-07-17,689250.0,1627050.0,-0.08660311,0.63345385,225,0
atitlan,2025-07-17,689550.0,1627050.0,-0.08709039,0.6317437,225,0
atitlan,2025-07-17,689850.0,1627050.0,-0.088585496,0.54734445,225,0
atitlan,2025-07-17,690150.0,1627050.0,-0.08903166,0.5375804,225,0
atitlan,2025-07-17,690450.0,1627050.0,-0.0849111,0.7681204,225,0
atitlan,2025-07-17,690750.0,1627050.0,-0.08235457,0.94652444,225,0
atitlan,2025-07-17,691050.0,1627050.0,-0.08505035,0.79881626,225,0
atitlan,2025-07-17,691350.0,1627050.0,-0.080018215,1.0997427,225,0
atitlan,2025-07-17,691650.0,1627050.0,-0.08012592,1.0225357,225,0
atitlan,2025-07-17,691950.0,1627050.0,-0.07993448,1.0403936,225,0
atitlan,2025-07-17,692250.0,1627050.0,-0.08081933,0.98740774,225,0
atitlan,2025-07-17,692550.0,1627050.0,-0.08073609,0.9730991,225,0
atitlan,2025-07-17,692850.0,1627050.0,-0.07375693,1.3510492,225,0
atitlan,2025-07-17,693150.0,1627050.0,-0.07028947,1.5192221,225,0
atitlan,2025-07-17,693450.0,1627050.0,-0.07242073,1.4123267,225,0
atitlan,2025-07-17,693750.0,1627050.0,-0.07232671,1.4220004,225,0
atitlan,2025-07-17,694050.0,1627050.0,-0.076897904,1.1651785,225,0
atitlan,2025-07-17,694350.0,1627050.0,-0.08256712,0.90086985,225,0
atitlan,2025-07-17,694650.0,1627050.0,-0.080791906,1.0003953,225,0
atitlan,2025-07-17,694950.0,1627050.0,-0.083003975,0.8770102,225,0
atitlan,2025-07-17,695250.0,1627050.0,-0.08012681,0.99145967,225,0
atitlan,2025-07-17,695550.0,1627050.0,-0.090708904,0.503746,225,0
atitlan,2025-07-17,695850.0,1627050.0,-0.098516636,0.1994318,225,0
atitlan,2025-07-17,696150.0,1627050.0,-0.09872574,0.20631053,225,0
atitlan,2025-07-17,696450.0,1627050.0,-0.100470945,0.18419716,225,0
atitlan,2025-07-17,696750.0,1627050.0,-0.10248377,0.15424965,225,0
atitlan,2025-07-17,697050.0,1627050.0,-0.09621858,0.30049026,225,0
atitlan,2025-07-17,697350.0,1627050.0,-0.098023,0.2569418,225,0
atitlan,2025-07-17,697650.0,1627050.0,-0.09927083,0.2061046,225,0
atitlan,2025-07-17,697950.0,1627050.0,-0.09737527,0.2834728,225,0
atitlan,2025-07-17,698250.0,1627050.0,-0.10081206,0.16432118,225,0
atitlan,2025-07-17,698550.0,1627050.0,-0.09700548,0.23338482,225,0
atitlan,2025-07-17,698850.0,1627050.0,-0.086131215,0.77312285,225,0
atitlan,2025-07-17,699150.0,1627050.0,-0.08653202,0.7070496,225,0
atitlan,2025-07-17,699450.0,1627050.0,-0.087911844,0.63145906,225,0
atitlan,2025-07-17,699750.0,1627050.0,-0.09379241,0.37742025,225,0
atitlan,2025-07-17,700050.0,1627050.0,-0.09115667,0.44753864,225,0
atitlan,2025-07-17,700350.0,1627050.0,-0.09010489,0.5242181,225,0
atitlan,2025-07-17,700650.0,1627050.0,-0.08918815,0.5016327,225,0
atitlan,2025-07-17,700950.0,1627050.0,-0.088227876,0.5886002,225,0
atitlan,2025-07-17,701250.0,1627050.0,0.13397747,10.035267,225,0
atitlan,2025-07-17,701550.0,1627050.0,0.3351587,22.284575,225,1
atitlan,2025-07-17,701850.0,1627050.0,0.29594943,19.534292,225,1
atitlan,2025-07-17,702150.0,1627050.0,0.32763836,21.257116,225,1
atitlan,2025-07-17,702450.0,1627050.0,0.34358066,24.858496,225,1
atitlan,2025-07-17,702750.0,1627050.0,0.3164788,23.764248,225,1
atitlan,2025-07-17,703050.0,1627050.0,0.29858938,20.733631,225,1
atitlan,2025-07-17,703350.0,1627050.0,0.23223928,14.790367,225,1
atitlan,2025-07-17,703650.0,1627050.0,0.21626845,13.727376,225,1
atitlan,2025-07-17,703950.0,1627050.0,0.15258667,9.634987,225,0
atitlan,2025-07-17,704250.0,1627050.0,0.21058032,12.093185,225,1
atitlan,2025-07-17,704550.0,1627050.0,0.2858932,17.525473,225,1
atitlan,2025-07-17,704850.0,1627050.0,0.27616155,18.397718,225,1
atitlan,2025-07-17,705150.0,1627050.0,0.19388412,13.336118,225,1
atitlan,2025-07-17,705450.0,1627050.0,0.3017694,22.359411,225,1
atitlan,2025-07-17,705750.0,1627050.0,0.2822952,21.20194,225,1
atitlan,2025-07-17,706050.0,1627050.0,0.27546388,19.665636,225,1
atitlan,2025-07-17,706350.0,1627050.0,0.31412357,23.355835,225,1
atitlan,2025-07-17,706650.0,1627050.0,0.31873098,20.878273,225,1
atitlan,2025-07-17,706950.0,1627050.0,0.3104843,20.581924,225,1
atitlan,2025-07-17,707250.0,1627050.0,0.28077745,18.02723,225,1
atitlan,2025-07-17,707550.0,1627050.0,0.30389893,19.353022,225,1
atitlan,2025-07-17,707850.0,1627050.0,0.26530102,18.696165,45,1
atitlan,2025-07-17,680250.0,1627350.0,0.41069058,40.379025,180,1
atitlan,2025-07-17,680550.0,1627350.0,0.39870396,37.284924,225,1
atitlan,2025-07-17,680850.0,1627350.0,0.37075722,31.3609,225,1
atitlan,2025-07-17,681150.0,1627350.0,0.34215572,26.33799,225,1
atitlan,2025-07-17,681450.0,1627350.0,0.34547833,27.569668,225,1
atitlan,2025-07-17,681750.0,1627350.0,0.21602376,16.988367,225,1
atitlan,2025-07-17,682050.0,1627350.0,0.24247,18.972902,224,1
atitlan,2025-07-17,682350.0,1627350.0,0.14147158,11.242765,225,0
atitlan,2025-07-17,682650.0,1627350.0,0.07678876,7.310405,225,0
atitlan,2025-07-17,682950.0,1627350.0,0.23602065,18.101492,225,1
atitlan,2025-07-17,683250.0,1627350.0,0.30262783,21.244074,225,1
atitlan,2025-07-17,683550.0,1627350.0,0.3240811,24.466936,225,1
atitlan,2025-07-17,683850.0,1627350.0,0.4013195,38.10332,225,1
atitlan,2025-07-17,684150.0,1627350.0,0.36956927,30.857069,225,1
atitlan,2025-07-17,684450.0,1627350.0,0.34928748,28.637272,225,1
atitlan,2025-07-17,684750.0,1627350.0,0.31032363,24.680899,225,1
atitlan,2025-07-17,685050.0,1627350.0,0.27025858,20.828548,225,1
atitlan,2025-07-17,685350.0,1627350.0,0.19141585,12.021171,225,1
atitlan,2025-07-17,685650.0,1627350.0,0.17016435,11.206031,225,0
atitlan,2025-07-17,685950.0,1627350.0,0.043462098,5.9429135,225,0
atitlan,2025-07-17,686250.0,1627350.0,-0.06449846,1.9030967,225,0
atitlan,2025-07-17,686550.0,1627350.0,-0.0781852,1.2094989,225,0
atitlan,2025-07-17,686850.0,1627350.0,-0.07359198,1.3590056,225,0
atitlan,2025-07-17,687150.0,1627350.0,-0.07766158,1.138298,225,0
atitlan,2025-07-17,687450.0,1627350.0,-0.061490085,3.5567324,225,0
atitlan,2025-07-17,687750.0,1627350.0,-0.081338406,1.2164295,225,0
atitlan,2025-07-17,688050.0,1627350.0,-0.09499263,0.28352204,225,0
atitlan,2025-07-17,688350.0,1627350.0,-0.09314277,0.36251193,225,0
atitlan,2025-07-17,688650.0,1627350.0,-0.09140004,0.3932633,225,0
atitlan,2025-07-17,688950.0,1627350.0,-0.08817503,0.5596317,225,0
atitlan,2025-07-17,689250.0,1627350.0,-0.08623735,0.6344229,225,0
atitlan,2025-07-17,689550.0,1627350.0,-0.088216245,0.56183916,225,0
atitlan,2025-07-17,689850.0,1627350.0,-0.08999837,0.4733532,225,0
atitlan,2025-07-17,690150.0,1627350.0,-0.0880064,0.5864027,225,0
atitlan,2025-07-17,690450.0,1627350.0,-0.088446565,0.57452697,225,0
atitlan,2025-07-17,690750.0,1627350.0,-0.08206558,0.88827056,225,0
atitlan,2025-07-17,691050.0,1627350.0,-0.08511964,0.7816643,225,0
atitlan,2025-07-17,691350.0,1627350.0,-0.084487066,0.7956872,225,0
atitlan,2025-07-17,691650.0,1627350.0,-0.08148236,0.9608946,225,0
atitlan,2025-07-17,691950.0,1627350.0,-0.08255817,0.9626447,225,0
atitlan,2025-07-17,692250.0,1627350.0,-0.08252839,0.9155169,225,0
atitlan,2025-07-17,692550.0,1627350.0,-0.08512875,0.79075706,225,0
atitlan,2025-07-17,692850.0,1627350.0,-0.07852035,1.0990406,225,0
atitlan,2025-07-17,693150.0,1627350.0,-0.073280774,1.3848972,225,0
atitlan,2025-07-17,693450.0,1627350.0,-0.07317253,1.3900294,225,0
atitlan,2025-07-17,693750.0,1627350.0,-0.07296212,1.3822876,225,0
atitlan,2025-07-17,694050.0,1627350.0,-0.07527235,1.2521842,225,0
atitlan,2025-07-17,694350.0,1627350.0,-0.079952225,1.0181547,225,0
atitlan,2025-07-17,694650.0,1627350.0,-0.08168296,0.94472533,225,0
atitlan,2025-07-17,694950.0,1627350.0,-0.0850088,0.8295535,225,0
atitlan,2025-07-17,695250.0,1627350.0,-0.086054794,0.72034824,225,0
atitlan,2025-07-17,695550.0,1627350.0,-0.09410832,0.37918684,225,0
atitlan,2025-07-17,695850.0,1627350.0,-0.097260706,0.24423957,225,0
atitlan,2025-07-17,696150.0,1627350.0,-0.09915697,0.20551047,225,0
atitlan,2025-07-17,696450.0,1627350.0,-0.09715801,0.23538797,225,0
atitlan,2025-07-17,696750.0,1627350.0,-0.0990615,0.1898192,225,0
atitlan,2025-07-17,697050.0,1627350.0,-0.09628815,0.26075923,225,0
atitlan,2025-07-17,697350.0,1627350.0,-0.09441789,0.32987368,225,0
atitlan,2025-07-17,697650.0,1627350.0,-0.096891075,0.22753902,225,0
atitlan,2025-07-17,697950.0,1627350.0,-0.09456855,0.33905172,225,0
atitlan,2025-07-17,698250.0,1627350.0,-0.09599862,0.2933166,225,0
atitlan,2025-07-17,698550.0,1627350.0,-0.09150363,0.4661319,225,0
atitlan,2025-07-17,698850.0,1627350.0,-0.082648315,0.9256479,225,0
atitlan,2025-07-17,699150.0,1627350.0,-0.08644897,0.7072463,225,0
atitlan,2025-07-17,699450.0,1627350.0,-0.0913988,0.43324623,225,0
atitlan,2025-07-17,699750.0,1627350.0,-0.090875275,0.43108425,225,0
atitlan,2025-07-17,700050.0,1627350.0,-0.09069096,0.41026768,225,0
atitlan,2025-07-17,700350.0,1627350.0,-0.09112474,0.4621935,225,0
atitlan,2025-07-17,700650.0,1627350.0,-0.08840806,0.5696447,225,0
atitlan,2025-07-17,700950.0,1627350.0,-0.084179334,0.77366686,225,0
atitlan,2025-07-17,701250.0,1627350.0,0.19865555,13.190791,225,1
atitlan,2025-07-17,701550.0,1627350.0,0.33714005,22.8274,225,1
atitlan,2025-07-17,701850.0,1627350.0,0.31388,20.589289,225,1
atitlan,2025-07-17,702150.0,1627350.0,0.3314474,22.261194,225,1
atitlan,2025-07-17,702450.0,1627350.0,0.3011234,20.30244,225,1
atitlan,2025-07-17,702750.0,1627350.0,0.26377362,17.922443,225,1
atitlan,2025-07-17,703050.0,1627350.0,0.30386904,21.111969,225,1
atitlan,2025-07-17,703350.0,1627350.0,0.27583924,18.139845,225,1
atitlan,2025-07-17,703650.0,1627350.0,0.20094433,11.987751,225,0
atitlan,2025-07-17,703950.0,1627350.0,0.17376588,11.913488,225,0
atitlan,2025-07-17,704250.0,1627350.0,0.25988096,17.648052,225,1
atitlan,2025-07-17,704550.0,1627350.0,0.17851114,11.026396,225,0
atitlan,2025-07-17,704850.0,1627350.0,0.15222165,9.0703125,225,0
atitlan,2025-07-17,705150.0,1627350.0,0.26985544,18.559572,225,1
atitlan,2025-07-17,705450.0,1627350.0,0.30237874,20.575338,225,1
atitlan,2025-07-17,705750.0,1627350.0,0.31225857,22.118122,225,1
atitlan,2025-07-17,706050.0,1627350.0,0.15316759,7.8329105,225,0
atitlan,2025-07-17,706350.0,1627350.0,0.24280374,14.450318,225,1
atitlan,2025-07-17,706650.0,1627350.0,0.33271813,22.640257,225,1
atitlan,2025-07-17,706950.0,1627350.0,0.31512535,19.664268,225,1
atitlan,2025-07-17,707250.0,1627350.0,0.31693038,19.875088,225,1
atitlan,2025-07-17,707550.0,1627350.0,0.33066648,23.53221,225,1
atitlan,2025-07-17,707850.0,1627350.0,0.3034129,19.05998,45,1
atitlan,2025-07-17,680250.0,1627650.0,0.39151776,34.848194,180,1
atitlan,2025-07-17,680550.0,1627650.0,0.39121443,34.862434,225,1
atitlan,2025-07-17,680850.0,1627650.0,0.36239147,32.136673,225,1
atitlan,2025-07-17,681150.0,1627650.0,0.32389373,26.281553,225,1
atitlan,2025-07-17,681450.0,1627650.0,0.3086821,25.363201,225,1
atitlan,2025-07-17,681750.0,1627650.0,0.28349835,26.604912,225,1
atitlan,2025-07-17,682050.0,1627650.0,0.13023104,11.074345,225,0
atitlan,2025-07-17,682350.0,1627650.0,0.18245466,15.006134,225,1
atitlan,2025-07-17,682650.0,1627650.0,0.12421684,11.564455,225,0
atitlan,2025-07-17,682950.0,1627650.0,0.07843437,7.977792,223,0
atitlan,2025-07-17,683250.0,1627650.0,0.16222358,12.911793,225,1
atitlan,2025-07-17,683550.0,1627650.0,0.27547503,22.851881,225,1
atitlan,2025-07-17,683850.0,1627650.0,0.38190877,39.067455,225,1
atitlan,2025-07-17,684150.0,1627650.0,0.342218,29.778065,225,1
atitlan,2025-07-17,684450.0,1627650.0,0.34373736,28.843563,225,1
atitlan,2025-07-17,684750.0,1627650.0,0.3500354,28.51008,225,1
atitlan,2025-07-17,685050.0,1627650.0,0.30977005,26.101425,225,1
atitlan,2025-07-17,685350.0,1627650.0,0.2923007,23.351805,225,1
atitlan,2025-07-17,685650.0,1627650.0,0.26113832,21.26004,225,1
atitlan,2025-07-17,685950.0,1627650.0,0.25872773,20.624817,225,1
atitlan,2025-07-17,686250.0,1627650.0,0.116721675,10.918535,225,0
atitlan,2025-07-17,686550.0,1627650.0,-0.06475328,1.689314,225,0
atitlan,2025-07-17,686850.0,1627650.0,-0.07488994,1.3312132,225,0
atitlan,2025-07-17,687150.0,1627650.0,-0.075698316,1.2676126,225,0
atitlan,2025-07-17,687450.0,1627650.0,-0.07746987,1.3247206,225,0
atitlan,2025-07-17,687750.0,1627650.0,-0.07406016,1.1692882,225,0
atitlan,2025-07-17,688050.0,1627650.0,-0.09747388,0.18517818,225,0
atitlan,2025-07-17,688350.0,1627650.0,-0.09489748,0.24071981,225,0
atitlan,2025-07-17,688650.0,1627650.0,-0.097565815,0.19410974,225,0
atitlan,2025-07-17,688950.0,1627650.0,-0.08956052,0.5211116,225,0
atitlan,2025-07-17,689250.0,1627650.0,-0.0868473,0.6219637,225,0
atitlan,2025-07-17,689550.0,1627650.0,-0.08699113,0.60561013,225,0
atitlan,2025-07-17,689850.0,1627650.0,-0.086546324,0.6267495,225,0
atitlan,2025-07-17,690150.0,1627650.0,-0.092727736,0.35693303,225,0
atitlan,2025-07-17,690450.0,1627650.0,-0.090551585,0.42998558,225,0
atitlan,2025-07-17,690750.0,1627650.0,-0.087934285,0.5914996,225,0
atitlan,2025-07-17,691050.0,1627650.0,-0.09259355,0.36506757,225,0
atitlan,2025-07-17,691350.0,1627650.0,-0.088042274,0.59834963,225,0
atitlan,2025-07-17,691650.0,1627650.0,-0.090618975,0.5508308,225,0
atitlan,2025-07-17,691950.0,1627650.0,-0.08734428,0.6718141,225,0
atitlan,2025-07-17,692250.0,1627650.0,-0.08554439,0.7443221,225,0
atitlan,2025-07-17,692550.0,1627650.0,-0.08450962,0.8498618,225,0
atitlan,2025-07-17,692850.0,1627650.0,-0.08372959,0.85137284,225,0
atitlan,2025-07-17,693150.0,1627650.0,-0.07282256,1.4166489,225,0
atitlan,2025-07-17,693450.0,1627650.0,-0.06989112,1.541937,225,0
atitlan,2025-07-17,693750.0,1627650.0,-0.073136136,1.3771073,225,0
atitlan,2025-07-17,694050.0,1627650.0,-0.073281676,1.37021,225,0
atitlan,2025-07-17,694350.0,1627650.0,-0.07740623,1.1587275,225,0
atitlan,2025-07-17,694650.0,1627650.0,-0.07962443,1.0250462,225,0
atitlan,2025-07-17,694950.0,1627650.0,-0.084456466,0.8383355,225,0
atitlan,2025-07-17,695250.0,1627650.0,-0.07810506,1.114533,225,0
atitlan,2025-07-17,695550.0,1627650.0,-0.08375138,0.83966374,225,0
atitlan,2025-07-17,695850.0,1627650.0,-0.096588545,0.24037547,225,0
atitlan,2025-07-17,696150.0,1627650.0,-0.09356192,0.37588385,225,0
atitlan,2025-07-17,696450.0,1627650.0,-0.09636705,0.26717564,225,0
atitlan,2025-07-17,696750.0,1627650.0,-0.09416991,0.32509574,225,0
atitlan,2025-07-17,697050.0,1627650.0,-0.09575368,0.2906661,225,0
atitlan,2025-07-17,697350.0,1627650.0,-0.093521126,0.37218598,225,0
atitlan,2025-07-17,697650.0,1627650.0,-0.09592316,0.27623186,225,0
atitlan,2025-07-17,697950.0,1627650.0,-0.09140163,0.47252688,225,0
atitlan,2025-07-17,698250.0,1627650.0,-0.0921984,0.40964428,225,0
atitlan,2025-07-17,698550.0,1627650.0,-0.0885058,0.55634063,225,0
atitlan,2025-07-17,698850.0,1627650.0,-0.08808906,0.60043347,225,0
atitlan,2025-07-17,699150.0,1627650.0,-0.08922751,0.5049839,225,0
atitlan,2025-07-17,699450.0,1627650.0,-0.094897665,0.31173387,225,0
atitlan,2025-07-17,699750.0,1627650.0,-0.09159957,0.44404992,225,0
atitlan,2025-07-17,700050.0,1627650.0,-0.090698875,0.44670942,225,0
atitlan,2025-07-17,700350.0,1627650.0,-0.09175059,0.41652918,225,0
atitlan,2025-07-17,700650.0,1627650.0,-0.09016445,0.5164674,225,0
atitlan,2025-07-17,700950.0,1627650.0,-0.057364132,1.7964909,225,0
atitlan,2025-07-17,701250.0,1627650.0,0.25550637,17.05023,225,1
atitlan,2025-07-17,701550.0,1627650.0,0.33644652,22.521248,225,1
atitlan,2025-07-17,701850.0,1627650.0,0.32831347,23.082628,225,1
atitlan,2025-07-17,702150.0,1627650.0,0.29916558,19.889015,225,1
atitlan,2025-07-17,702450.0,1627650.0,0.30478713,20.92837,225,1
atitlan,2025-07-17,702750.0,1627650.0,0.2667439,17.482021,225,1
atitlan,2025-07-17,703050.0,1627650.0,0.21297096,13.169833,225,1
atitlan,2025-07-17,703350.0,1627650.0,0.23476781,15.049717,225,1
atitlan,2025-07-17,703650.0,1627650.0,0.23030984,14.975655,225,1
atitlan,2025-07-17,703950.0,1627650.0,0.25086552,17.160498,225,1
atitlan,2025-07-17,704250.0,1627650.0,0.17473496,11.15646,225,0
atitlan,2025-07-17,704550.0,1627650.0,0.18853906,11.992701,225,0
atitlan,2025-07-17,704850.0,1627650.0,0.21427037,14.703203,225,1
atitlan,2025-07-17,705150.0,1627650.0,0.2191197,12.429441,225,1
atitlan,2025-07-17,705450.0,1627650.0,0.19620478,13.418411,225,1
atitlan,2025-07-17,705750.0,1627650.0,0.291977,18.648544,225,1
atitlan,2025-07-17,706050.0,1627650.0,0.19698948,11.870044,225,0
atitlan,2025-07-17,706350.0,1627650.0,0.23980047,14.647808,225,1
atitlan,2025-07-17,706650.0,1627650.0,0.31092942,24.244802,225,1
atitlan,2025-07-17,706950.0,1627650.0,0.33148715,23.647388,225,1
atitlan,2025-07-17,707250.0,1627650.0,0.25696036,16.735075,225,1
atitlan,2025-07-17,707550.0,1627650.0,0.3211989,22.323696,225,1
atitlan,2025-07-17,707850.0,1627650.0,0.35522926,27.92145,45,1
atitlan,2025-07-17,680250.0,1627950.0,0.372812,30.06604,180,1
atitlan,2025-07-17,680550.0,1627950.0,0.3720611,32.45791,225,1
atitlan,2025-07-17,680850.0,1627950.0,0.33692393,26.484978,225,1
atitlan,2025-07-17,681150.0,1627950.0,0.34590685,28.177786,225,1
atitlan,2025-07-17,681450.0,1627950.0,0.3448786,28.466415,225,1
atitlan,2025-07-17,681750.0,1627950.0,0.2988954,25.596182,225,1
atitlan,2025-07-17,682050.0,1627950.0,0.18142048,15.605865,225,1
atitlan,2025-07-17,682350.0,1627950.0,0.1577665,13.35292,225,1
atitlan,2025-07-17,682650.0,1627950.0,0.18000183,14.246086,225,1
atitlan,2025-07-17,682950.0,1627950.0,0.18130177,16.105091,225,1
atitlan,2025-07-17,683250.0,1627950.0,0.22949019,20.548748,225,1
atitlan,2025-07-17,683550.0,1627950.0,0.34900033,31.82479,225,1
atitlan,2025-07-17,683850.0,1627950.0,0.40899435,40.23054,225,1
atitlan,2025-07-17,684150.0,1627950.0,0.39224464,36.13479,225,1
atitlan,2025-07-17,684450.0,1627950.0,0.31628054,25.909782,225,1
atitlan,2025-07-17,684750.0,1627950.0,0.3356694,26.125216,225,1
atitlan,2025-07-17,685050.0,1627950.0,0.31794304,22.725283,225,1
atitlan,2025-07-17,685350.0,1627950.0,0.3047283,21.867142,225,1
atitlan,2025-07-17,685650.0,1627950.0,0.3539505,28.531704,225,1
atitlan,2025-07-17,685950.0,1627950.0,0.14865671,13.047487,225,1
atitlan,2025-07-17,686250.0,1627950.0,0.20382373,17.55882,224,1
atitlan,2025-07-17,686550.0,1627950.0,0.08854614,10.274782,225,0
atitlan,2025-07-17,686850.0,1627950.0,-0.0709179,1.5122225,225,0
atitlan,2025-07-17,687150.0,1627950.0,-0.069815695,1.5338699,225,0
atitlan,2025-07-17,687450.0,1627950.0,-0.07280272,1.4389268,225,0
atitlan,2025-07-17,687750.0,1627950.0,-0.07778859,1.1263962,225,0
atitlan,2025-07-17,688050.0,1627950.0,-0.09288458,0.3194985,225,0
atitlan,2025-07-17,688350.0,1627950.0,-0.08916947,0.5009472,225,0
atitlan,2025-07-17,688650.0,1627950.0,-0.09035493,0.46375796,225,0
atitlan,2025-07-17,688950.0,1627950.0,-0.09166532,0.39076093,225,0
atitlan,2025-07-17,689250.0,1627950.0,-0.0881198,0.5498904,225,0
atitlan,2025-07-17,689550.0,1627950.0,-0.09071816,0.44414625,225,0
atitlan,2025-07-17,689850.0,1627950.0,-0.09242785,0.38766637,225,0
atitlan,2025-07-17,690150.0,1627950.0,-0.09385014,0.35269514,225,0
atitlan,2025-07-17,690450.0,1627950.0,-0.09632783,0.23344105,225,0
atitlan,2025-07-17,690750.0,1627950.0,-0.09363606,0.37553167,225,0
atitlan,2025-07-17,691050.0,1627950.0,-0.09266421,0.37056315,225,0
atitlan,2025-07-17,691350.0,1627950.0,-0.091297895,0.505319,225,0
atitlan,2025-07-17,691650.0,1627950.0,-0.0960379,0.3275839,225,0
atitlan,2025-07-17,691950.0,1627950.0,-0.09600549,0.3083493,225,0
atitlan,2025-07-17,692250.0,1627950.0,-0.09223407,0.51964724,225,0
atitlan,2025-07-17,692550.0,1627950.0,-0.07658811,1.2236108,225,0
atitlan,2025-07-17,692850.0,1627950.0,-0.08026844,1.1231822,225,0
atitlan,2025-07-17,693150.0,1627950.0,-0.07133374,1.4593784,225,0
atitlan,2025-07-17,693450.0,1627950.0,-0.07133119,1.4512529,225,0
atitlan,2025-07-17,693750.0,1627950.0,-0.07449254,1.3473905,225,0
atitlan,2025-07-17,694050.0,1627950.0,-0.075781256,1.2719172,225,0
atitlan,2025-07-17,694350.0,1627950.0,-0.080719925,1.0076294,225,0
atitlan,2025-07-17,694650.0,1627950.0,-0.07527653,1.2643099,225,0
atitlan,2025-07-17,694950.0,1627950.0,-0.077176414,1.1712418,225,0
atitlan,2025-07-17,695250.0,1627950.0,-0.074791715,1.3382653,225,0
atitlan,2025-07-17,695550.0,1627950.0,-0.08051575,0.9681195,225,0
atitlan,2025-07-17,695850.0,1627950.0,-0.092293344,0.46893018,225,0
atitlan,2025-07-17,696150.0,1627950.0,-0.09446536,0.32168728,225,0
atitlan,2025-07-17,696450.0,1627950.0,-0.09412236,0.3293058,225,0
atitlan,2025-07-17,696750.0,1627950.0,-0.09249957,0.38652045,225,0
atitlan,2025-07-17,697050.0,1627950.0,-0.09549259,0.32437032,225,0
atitlan,2025-07-17,697350.0,1627950.0,-0.09275775,0.43066877,225,0
atitlan,2025-07-17,697650.0,1627950.0,-0.09425085,0.36090234,225,0
atitlan,2025-07-17,697950.0,1627950.0,-0.088330165,0.6346387,225,0
atitlan,2025-07-17,698250.0,1627950.0,-0.09440483,0.32619086,225,0
atitlan,2025-07-17,698550.0,1627950.0,-0.09147562,0.4465309,225,0
atitlan,2025-07-17,698850.0,1627950.0,-0.08960994,0.50660396,225,0
atitlan,2025-07-17,699150.0,1627950.0,-0.088770404,0.5694756,225,0
atitlan,2025-07-17,699450.0,1627950.0,-0.09119288,0.44922203,225,0
atitlan,2025-07-17,699750.0,1627950.0,-0.08972924,0.49292675,225,0
atitlan,2025-07-17,700050.0,1627950.0,-0.08903436,0.52132034,225,0
atitlan,2025-07-17,700350.0,1627950.0,-0.086245865,0.6789564,225,0
atitlan,2025-07-17,700650.0,1627950.0,-0.08501805,0.7428721,225,0
atitlan,2025-07-17,700950.0,1627950.0,0.049531363,6.0500054,225,0
atitlan,2025-07-17,701250.0,1627950.0,0.28258783,19.210752,225,1
atitlan,2025-07-17,701550.0,1627950.0,0.33096614,22.930836,225,1
atitlan,2025-07-17,701850.0,1627950.0,0.31440505,21.839762,225,1
atitlan,2025-07-17,702150.0,1627950.0,0.24974622,15.795593,225,1
atitlan,2025-07-17,702450.0,1627950.0,0.15390806,8.886713,225,0
atitlan,2025-07-17,702750.0,1627950.0,0.300665,21.052969,225,1
atitlan,2025-07-17,703050.0,1627950.0,0.14881739,8.525031,225,0
atitlan,2025-07-17,703350.0,1627950.0,0.19256996,13.730046,225,1
atitlan,2025-07-17,703650.0,1627950.0,0.13704069,8.687364,225,0
atitlan,2025-07-17,703950.0,1627950.0,0.17264351,10.530515,225,0
atitlan,2025-07-17,704250.0,1627950.0,0.1661795,11.029257,225,0
atitlan,2025-07-17,704550.0,1627950.0,0.1782036,10.91886,225,0
atitlan,2025-07-17,704850.0,1627950.0,0.17516889,12.1066885,225,1
atitlan,2025-07-17,705150.0,1627950.0,0.24167366,15.556679,225,1
atitlan,2025-07-17,705450.0,1627950.0,0.28624433,17.286184,225,1
atitlan,2025-07-17,705750.0,1627950.0,0.28715983,18.113525,225,1
atitlan,2025-07-17,706050.0,1627950.0,0.2591645,17.471325,225,1
atitlan,2025-07-17,706350.0,1627950.0,0.35720804,27.570944,225,1
atitlan,2025-07-17,706650.0,1627950.0,0.3290233,22.145777,225,1
atitlan,2025-07-17,706950.0,1627950.0,0.25084516,12.953772,225,1
atitlan,2025-07-17,707250.0,1627950.0,0.2980665,20.436817,225,1
atitlan,2025-07-17,707550.0,1627950.0,0.31858018,21.12139,225,1
atitlan,2025-07-17,707850.0,1627950.0,0.31720158,20.26002,45,1
atitlan,2025-07-17,680250.0,1628250.0,0.36969876,33.92711,180,1
atitlan,2025-07-17,680550.0,1628250.0,0.35157144,30.228306,225,1
atitlan,2025-07-17,680850.0,1628250.0,0.33433256,25.217249,225,1
atitlan,2025-07-17,681150.0,1628250.0,0.37290946,33.371674,225,1
atitlan,2025-07-17,681450.0,1628250.0,0.37223268,30.85593,225,1
atitlan,2025-07-17,681750.0,1628250.0,0.36161852,29.565125,225,1
atitlan,2025-07-17,682050.0,1628250.0,0.33610758,26.57428,225,1
atitlan,2025-07-17,682350.0,1628250.0,0.26102158,22.74835,225,1
atitlan,2025-07-17,682650.0,1628250.0,0.28163412,20.855377,225,1
atitlan,2025-07-17,682950.0,1628250.0,0.33825898,25.8776,225,1
atitlan,2025-07-17,683250.0,1628250.0,0.3267371,25.842897,225,1
atitlan,2025-07-17,683550.0,1628250.0,0.40202552,38.640858,225,1
atitlan,2025-07-17,683850.0,1628250.0,0.40636277,38.827343,225,1
atitlan,2025-07-17,684150.0,1628250.0,0.37365705,32.257442,225,1
atitlan,2025-07-17,684450.0,1628250.0,0.3593578,28.797039,225,1
atitlan,2025-07-17,684750.0,1628250.0,0.35596067,28.317583,225,1
atitlan,2025-07-17,685050.0,1628250.0,0.34978643,27.310896,225,1
atitlan,2025-07-17,685350.0,1628250.0,0.33083937,24.951424,225,1
atitlan,2025-07-17,685650.0,1628250.0,0.30580503,23.227264,225,1
atitlan,2025-07-17,685950.0,1628250.0,0.05133364,5.60409,225,0
atitlan,2025-07-17,686250.0,1628250.0,0.27547103,24.90681,224,1
atitlan,2025-07-17,686550.0,1628250.0,0.21525718,16.59736,225,1
atitlan,2025-07-17,686850.0,1628250.0,-0.05846935,2.062734,225,0
atitlan,2025-07-17,687150.0,1628250.0,0.07299446,7.917229,225,0
atitlan,2025-07-17,687450.0,1628250.0,0.13675785,15.829643,223,1
atitlan,2025-07-17,687750.0,1628250.0,-0.017489798,4.018567,225,0
atitlan,2025-07-17,688050.0,1628250.0,-0.04692614,2.1535733,225,0
atitlan,2025-07-17,688350.0,1628250.0,0.006887181,4.4563813,225,0
atitlan,2025-07-17,688650.0,1628250.0,-0.016629957,4.642021,225,0
atitlan,2025-07-17,688950.0,1628250.0,-0.08521664,0.73669624,225,0
atitlan,2025-07-17,689250.0,1628250.0,-0.09191875,0.3974342,225,0
atitlan,2025-07-17,689550.0,1628250.0,-0.092562325,0.38843706,225,0
atitlan,2025-07-17,689850.0,1628250.0,-0.09228037,0.38898587,225,0
atitlan,2025-07-17,690150.0,1628250.0,-0.09197363,0.4299236,225,0
atitlan,2025-07-17,690450.0,1628250.0,-0.095387824,0.29611892,225,0
atitlan,2025-07-17,690750.0,1628250.0,-0.09163899,0.44890642,225,0
atitlan,2025-07-17,691050.0,1628250.0,-0.08719006,0.60903454,225,0
atitlan,2025-07-17,691350.0,1628250.0,-0.084008545,0.807009,225,0
atitlan,2025-07-17,691650.0,1628250.0,-0.08704923,0.7110733,225,0
atitlan,2025-07-17,691950.0,1628250.0,-0.09003154,0.5363699,225,0
atitlan,2025-07-17,692250.0,1628250.0,-0.089222975,0.64754415,225,0
atitlan,2025-07-17,692550.0,1628250.0,-0.08695381,0.68572444,225,0
atitlan,2025-07-17,692850.0,1628250.0,-0.07105131,1.4884009,225,0
atitlan,2025-07-17,693150.0,1628250.0,-0.07227893,1.4104228,225,0
atitlan,2025-07-17,693450.0,1628250.0,-0.07364698,1.3472234,225,0
atitlan,2025-07-17,693750.0,1628250.0,-0.074213445,1.3342407,225,0
atitlan,2025-07-17,694050.0,1628250.0,-0.07458475,1.3193351,225,0
atitlan,2025-07-17,694350.0,1628250.0,-0.07628372,1.2027419,225,0
atitlan,2025-07-17,694650.0,1628250.0,-0.07322802,1.3721532,225,0
atitlan,2025-07-17,694950.0,1628250.0,-0.07454305,1.3138044,225,0
atitlan,2025-07-17,695250.0,1628250.0,-0.07118541,1.4896116,225,0
atitlan,2025-07-17,695550.0,1628250.0,-0.07404748,1.3280288,225,0
atitlan,2025-07-17,695850.0,1628250.0,-0.08510934,0.78327507,225,0
atitlan,2025-07-17,696150.0,1628250.0,-0.09315833,0.42943004,225,0
atitlan,2025-07-17,696450.0,1628250.0,-0.09733744,0.25218105,225,0
atitlan,2025-07-17,696750.0,1628250.0,-0.09660972,0.27263135,225,0
atitlan,2025-07-17,697050.0,1628250.0,-0.09420491,0.3164981,225,0
atitlan,2025-07-17,697350.0,1628250.0,-0.092355624,0.39320144,225,0
atitlan,2025-07-17,697650.0,1628250.0,-0.09313285,0.39445266,225,0
atitlan,2025-07-17,697950.0,1628250.0,-0.09271769,0.39946425,225,0
atitlan,2025-07-17,698250.0,1628250.0,-0.089009985,0.5877636,225,0
atitlan,2025-07-17,698550.0,1628250.0,-0.089960545,0.5340332,225,0
atitlan,2025-07-17,698850.0,1628250.0,-0.09143986,0.4376679,225,0
atitlan,2025-07-17,699150.0,1628250.0,-0.09019952,0.47834834,225,0
atitlan,2025-07-17,699450.0,1628250.0,-0.09166068,0.42806426,225,0
atitlan,2025-07-17,699750.0,1628250.0,-0.08952625,0.5246257,225,0
atitlan,2025-07-17,700050.0,1628250.0,-0.08464425,0.7919489,225,0
atitlan,2025-07-17,700350.0,1628250.0,-0.050295033,2.1910613,225,0
atitlan,2025-07-17,700650.0,1628250.0,-0.024278577,2.5971816,225,0
atitlan,2025-07-17,700950.0,1628250.0,0.14259519,9.50824,225,0
atitlan,2025-07-17,701250.0,1628250.0,0.295663,18.375376,225,1
atitlan,2025-07-17,701550.0,1628250.0,0.296196,19.800383,225,1
atitlan,2025-07-17,701850.0,1628250.0,0.30861402,20.701487,225,1
atitlan,2025-07-17,702150.0,1628250.0,0.31819987,21.843153,225,1
atitlan,2025-07-17,702450.0,1628250.0,0.27267593,19.17021,225,1
atitlan,2025-07-17,702750.0,1628250.0,0.310968,20.98531,225,1
atitlan,2025-07-17,703050.0,1628250.0,0.22634184,15.317587,225,1
atitlan,2025-07-17,703350.0,1628250.0,0.13280858,7.2289987,225,0
atitlan,2025-07-17,703650.0,1628250.0,0.21403739,13.825663,225,1
atitlan,2025-07-17,703950.0,1628250.0,0.10422332,7.477492,225,0
atitlan,2025-07-17,704250.0,1628250.0,0.13132507,7.8812966,225,0
atitlan,2025-07-17,704550.0,1628250.0,0.15547645,8.723632,225,0
atitlan,2025-07-17,704850.0,1628250.0,0.1723088,10.881692,225,0
atitlan,2025-07-17,705150.0,1628250.0,0.17225148,9.88224,225,0
atitlan,2025-07-17,705450.0,1628250.0,0.23906153,15.948336,225,1
atitlan,2025-07-17,705750.0,1628250.0,0.30655652,22.07089,225,1
atitlan,2025-07-17,706050.0,1628250.0,0.29550862,21.500893,225,1
atitlan,2025-07-17,706350.0,1628250.0,0.29233992,18.22344,225,1
atitlan,2025-07-17,706650.0,1628250.0,0.30747995,20.12272,225,1
atitlan,2025-07-17,706950.0,1628250.0,0.2674151,14.990541,225,1
atitlan,2025-07-17,707250.0,1628250.0,0.24463892,13.024004,225,1
atitlan,2025-07-17,707550.0,1628250.0,0.3156354,20.224049,225,1
atitlan,2025-07-17,707850.0,1628250.0,0.34034252,23.699638,45,1
atitlan,2025-07-17,680250.0,1628550.0,0.37259403,31.50974,180,1
atitlan,2025-07-17,680550.0,1628550.0,0.3640269,30.499193,225,1
atitlan,2025-07-17,680850.0,1628550.0,0.3661602,30.053968,225,1
atitlan,2025-07-17,681150.0,1628550.0,0.3786131,32.345688,225,1
atitlan,2025-07-17,681450.0,1628550.0,0.3553136,29.662294,225,1
atitlan,2025-07-17,681750.0,1628550.0,0.35835075,33.54324,225,1
atitlan,2025-07-17,682050.0,1628550.0,0.21736851,19.387772,225,1
atitlan,2025-07-17,682350.0,1628550.0,0.3037946,23.698145,225,1
atitlan,2025-07-17,682650.0,1628550.0,0.35601518,28.957472,225,1
atitlan,2025-07-17,682950.0,1628550.0,0.3549667,26.306791,225,1
atitlan,2025-07-17,683250.0,1628550.0,0.37332448,30.681389,225,1
atitlan,2025-07-17,683550.0,1628550.0,0.43193695,46.876488,225,1
atitlan,2025-07-17,683850.0,1628550.0,0.4149073,41.62547,225,1
atitlan,2025-07-17,684150.0,1628550.0,0.3837927,32.959953,225,1
atitlan,2025-07-17,684450.0,1628550.0,0.3606711,29.861603,225,1
atitlan,2025-07-17,684750.0,1628550.0,0.33167964,25.155678,225,1
atitlan,2025-07-17,685050.0,1628550.0,0.34255144,25.350122,225,1
atitlan,2025-07-17,685350.0,1628550.0,0.36311468,30.821424,225,1
atitlan,2025-07-17,685650.0,1628550.0,0.31307954,28.501186,225,1
atitlan,2025-07-17,685950.0,1628550.0,0.2052922,17.598888,225,1
atitlan,2025-07-17,686250.0,1628550.0,0.30466145,19.712326,225,1
atitlan,2025-07-17,686550.0,1628550.0,0.25271058,15.734356,225,1
atitlan,2025-07-17,686850.0,1628550.0,0.20288447,15.260877,225,1
atitlan,2025-07-17,687150.0,1628550.0,0.17292747,13.809193,225,1
atitlan,2025-07-17,687450.0,1628550.0,0.11908189,12.582677,225,1
atitlan,2025-07-17,687750.0,1628550.0,0.19375326,15.280503,225,1
atitlan,2025-07-17,688050.0,1628550.0,0.26074713,18.124758,225,1
atitlan,2025-07-17,688350.0,1628550.0,0.31004384,22.43827,225,1
atitlan,2025-07-17,688650.0,1628550.0,0.2936038,21.580673,225,1
atitlan,2025-07-17,688950.0,1628550.0,0.20814744,14.838026,225,1
atitlan,2025-07-17,689250.0,1628550.0,-0.047324557,2.865507,225,0
atitlan,2025-07-17,689550.0,1628550.0,-0.08274099,0.8399763,225,0
atitlan,2025-07-17,689850.0,1628550.0,-0.08839477,0.5490556,225,0
atitlan,2025-07-17,690150.0,1628550.0,-0.086001255,0.66218877,225,0
atitlan,2025-07-17,690450.0,1628550.0,-0.09319246,0.347877,225,0
atitlan,2025-07-17,690750.0,1628550.0,-0.089049846,0.57014906,225,0
atitlan,2025-07-17,691050.0,1628550.0,-0.084431484,0.7693096,225,0
atitlan,2025-07-17,691350.0,1628550.0,-0.07807771,1.1013775,225,0
atitlan,2025-07-17,691650.0,1628550.0,-0.080129586,1.0237827,225,0
atitlan,2025-07-17,691950.0,1628550.0,-0.08082322,1.0095632,225,0
atitlan,2025-07-17,692250.0,1628550.0,-0.082738996,0.97787124,225,0
atitlan,2025-07-17,692550.0,1628550.0,-0.08992344,0.51722735,225,0
atitlan,2025-07-17,692850.0,1628550.0,-0.08787352,0.6356923,225,0
atitlan,2025-07-17,693150.0,1628550.0,-0.07958041,1.0934995,225,0
atitlan,2025-07-17,693450.0,1628550.0,-0.08680992,0.6976978,225,0
atitlan,2025-07-17,693750.0,1628550.0,-0.07577381,1.2508739,225,0
atitlan,2025-07-17,694050.0,1628550.0,-0.07654256,1.2283179,225,0
atitlan,2025-07-17,694350.0,1628550.0,-0.072871596,1.3945509,225,0
atitlan,2025-07-17,694650.0,1628550.0,-0.074697666,1.3281002,225,0
atitlan,2025-07-17,694950.0,1628550.0,-0.07091916,1.537491,225,0
atitlan,2025-07-17,695250.0,1628550.0,-0.06970878,1.5534705,225,0
atitlan,2025-07-17,695550.0,1628550.0,-0.075200185,1.2588905,225,0
atitlan,2025-07-17,695850.0,1628550.0,-0.082388654,0.8983227,225,0
atitlan,2025-07-17,696150.0,1628550.0,-0.08582907,0.7330995,225,0
atitlan,2025-07-17,696450.0,1628550.0,-0.09253645,0.44712383,225,0
atitlan,2025-07-17,696750.0,1628550.0,-0.09321781,0.36319134,225,0
atitlan,2025-07-17,697050.0,1628550.0,-0.096057475,0.29469094,225,0
atitlan,2025-07-17,697350.0,1628550.0,-0.09456187,0.36479226,225,0
atitlan,2025-07-17,697650.0,1628550.0,-0.092905834,0.3929738,225,0
atitlan,2025-07-17,697950.0,1628550.0,-0.094569854,0.3113098,225,0
atitlan,2025-07-17,698250.0,1628550.0,-0.09214715,0.3719178,225,0
atitlan,2025-07-17,698550.0,1628550.0,-0.09140521,0.42601573,225,0
atitlan,2025-07-17,698850.0,1628550.0,-0.090494044,0.4786547,225,0
atitlan,2025-07-17,699150.0,1628550.0,-0.088095136,0.6337471,225,0
atitlan,2025-07-17,699450.0,1628550.0,-0.08826999,0.58186775,225,0
atitlan,2025-07-17,699750.0,1628550.0,-0.085877344,0.6815297,225,0
atitlan,2025-07-17,700050.0,1628550.0,-0.046046052,2.166531,225,0
atitlan,2025-07-17,700350.0,1628550.0,0.22985032,14.155006,225,1
atitlan,2025-07-17,700650.0,1628550.0,0.1471526,10.276947,225,0
atitlan,2025-07-17,700950.0,1628550.0,0.091977924,6.9663405,225,0
atitlan,2025-07-17,701250.0,1628550.0,0.27286574,18.533789,225,1
atitlan,2025-07-17,701550.0,1628550.0,0.30577704,20.053068,225,1
atitlan,2025-07-17,701850.0,1628550.0,0.27294067,16.177942,225,1
atitlan,2025-07-17,702150.0,1628550.0,0.10780999,6.164267,225,0
atitlan,2025-07-17,702450.0,1628550.0,0.12034367,6.6060915,225,0
atitlan,2025-07-17,702750.0,1628550.0,0.16948843,10.242337,225,0
atitlan,2025-07-17,703050.0,1628550.0,0.1961447,11.90932,225,0
atitlan,2025-07-17,703350.0,1628550.0,0.1587825,9.780603,225,0
atitlan,2025-07-17,703650.0,1628550.0,0.24653502,16.141497,225,1
atitlan,2025-07-17,703950.0,1628550.0,0.16920717,11.560991,225,0
atitlan,2025-07-17,704250.0,1628550.0,0.113078065,6.4126654,225,0
atitlan,2025-07-17,704550.0,1628550.0,0.14838247,7.8965044,225,0
atitlan,2025-07-17,704850.0,1628550.0,0.15405002,9.310162,225,0
atitlan,2025-07-17,705150.0,1628550.0,0.2510003,16.549833,225,1
atitlan,2025-07-17,705450.0,1628550.0,0.23600459,15.775579,225,1
atitlan,2025-07-17,705750.0,1628550.0,0.3605127,28.276499,225,1
atitlan,2025-07-17,706050.0,1628550.0,0.31749856,22.269985,225,1
atitlan,2025-07-17,706350.0,1628550.0,0.31650853,23.860668,225,1
atitlan,2025-07-17,706650.0,1628550.0,0.2950636,17.733507,225,1
atitlan,2025-07-17,706950.0,1628550.0,0.31213617,20.900959,225,1
atitlan,2025-07-17,707250.0,1628550.0,0.30632085,22.508486,225,1
atitlan,2025-07-17,707550.0,1628550.0,0.31401902,21.818409,225,1
atitlan,2025-07-17,707850.0,1628550.0,0.32626775,22.236935,45,1
atitlan,2025-07-17,680250.0,1628850.0,0.36783993,29.68632,180,1
atitlan,2025-07-17,680550.0,1628850.0,0.38443884,33.443565,225,1
atitlan,2025-07-17,680850.0,1628850.0,0.36121765,29.953318,225,1
atitlan,2025-07-17,681150.0,1628850.0,0.38744265,34.60997,225,1
atitlan,2025-07-17,681450.0,1628850.0,0.3523256,26.38458,225,1
atitlan,2025-07-17,681750.0,1628850.0,0.31895584,25.653402,225,1
atitlan,2025-07-17,682050.0,1628850.0,0.29282448,23.357635,225,1
atitlan,2025-07-17,682350.0,1628850.0,0.34240103,29.38589,225,1
atitlan,2025-07-17,682650.0,1628850.0,0.3707487,31.708532,225,1
atitlan,2025-07-17,682950.0,1628850.0,0.379054,31.680882,225,1
atitlan,2025-07-17,683250.0,1628850.0,0.38696426,34.4701,225,1
atitlan,2025-07-17,683550.0,1628850.0,0.40904644,40.818634,225,1
atitlan,2025-07-17,683850.0,1628850.0,0.40856534,39.570873,225,1
atitlan,2025-07-17,684150.0,1628850.0,0.40677547,41.08735,225,1
atitlan,2025-07-17,684450.0,1628850.0,0.3823362,33.819103,225,1
atitlan,2025-07-17,684750.0,1628850.0,0.35674068,28.047548,225,1
atitlan,2025-07-17,685050.0,1628850.0,0.33370152,25.097692,225,1
atitlan,2025-07-17,685350.0,1628850.0,0.36641905,29.838263,225,1
atitlan,2025-07-17,685650.0,1628850.0,0.3572862,31.50269,225,1
atitlan,2025-07-17,685950.0,1628850.0,0.34573266,25.280401,225,1
atitlan,2025-07-17,686250.0,1628850.0,0.2975717,20.05889,225,1
atitlan,2025-07-17,686550.0,1628850.0,0.31374776,21.175142,225,1
atitlan,2025-07-17,686850.0,1628850.0,0.3019022,20.742178,225,1
atitlan,2025-07-17,687150.0,1628850.0,0.26356977,19.880793,225,1
atitlan,2025-07-17,687450.0,1628850.0,0.24855997,17.528824,225,1
atitlan,2025-07-17,687750.0,1628850.0,0.21060792,15.053291,225,1
atitlan,2025-07-17,688050.0,1628850.0,0.33041808,22.19229,225,1
atitlan,2025-07-17,688350.0,1628850.0,0.32897794,24.078173,225,1
atitlan,2025-07-17,688650.0,1628850.0,0.32968485,22.779066,225,1
atitlan,2025-07-17,688950.0,1628850.0,0.2392134,12.927387,225,1
atitlan,2025-07-17,689250.0,1628850.0,-0.027561227,3.83133,222,0
atitlan,2025-07-17,689550.0,1628850.0,-0.082447834,0.86448246,225,0
atitlan,2025-07-17,689850.0,1628850.0,-0.085684605,0.68045384,225,0
atitlan,2025-07-17,690150.0,1628850.0,-0.07526896,1.1224912,225,0
atitlan,2025-07-17,690450.0,1628850.0,-0.08755062,0.6348177,225,0
atitlan,2025-07-17,690750.0,1628850.0,-0.0854447,0.7046543,225,0
atitlan,2025-07-17,691050.0,1628850.0,-0.07924081,1.032895,225,0
atitlan,2025-07-17,691350.0,1628850.0,-0.078597434,1.0846505,225,0
atitlan,2025-07-17,691650.0,1628850.0,-0.07803004,1.115419,225,0
atitlan,2025-07-17,691950.0,1628850.0,-0.08173966,0.91464907,225,0
atitlan,2025-07-17,692250.0,1628850.0,-0.08240378,0.92867243,225,0
atitlan,2025-07-17,692550.0,1628850.0,-0.090740934,0.51164037,225,0
atitlan,2025-07-17,692850.0,1628850.0,-0.09033891,0.49115697,225,0
atitlan,2025-07-17,693150.0,1628850.0,-0.08254422,0.91142833,225,0
atitlan,2025-07-17,693450.0,1628850.0,-0.08816873,0.6769877,225,0
atitlan,2025-07-17,693750.0,1628850.0,-0.07770279,1.2097334,225,0
atitlan,2025-07-17,694050.0,1628850.0,-0.07408776,1.3507365,225,0
atitlan,2025-07-17,694350.0,1628850.0,-0.07181895,1.4659977,225,0
atitlan,2025-07-17,694650.0,1628850.0,-0.064618886,1.8119696,225,0
atitlan,2025-07-17,694950.0,1628850.0,-0.06545307,1.7928194,225,0
atitlan,2025-07-17,695250.0,1628850.0,-0.067804135,1.6641475,225,0
atitlan,2025-07-17,695550.0,1628850.0,-0.07509404,1.2794803,225,0
atitlan,2025-07-17,695850.0,1628850.0,-0.08738034,0.6955287,225,0
atitlan,2025-07-17,696150.0,1628850.0,-0.09072638,0.52248514,225,0
atitlan,2025-07-17,696450.0,1628850.0,-0.08893867,0.593975,225,0
atitlan,2025-07-17,696750.0,1628850.0,-0.09117662,0.46585456,225,0
atitlan,2025-07-17,697050.0,1628850.0,-0.09603201,0.29101858,225,0
atitlan,2025-07-17,697350.0,1628850.0,-0.09348399,0.40746585,225,0
atitlan,2025-07-17,697650.0,1628850.0,-0.09082431,0.49095747,225,0
atitlan,2025-07-17,697950.0,1628850.0,-0.09193144,0.40818563,225,0
atitlan,2025-07-17,698250.0,1628850.0,-0.08711432,0.63278353,225,0
atitlan,2025-07-17,698550.0,1628850.0,-0.079568796,1.0199544,225,0
atitlan,2025-07-17,698850.0,1628850.0,-0.082075775,0.89250493,225,0
atitlan,2025-07-17,699150.0,1628850.0,-0.0846647,0.74090654,225,0
atitlan,2025-07-17,699450.0,1628850.0,-0.084995076,0.73849785,225,0
atitlan,2025-07-17,699750.0,1628850.0,-0.08314927,0.79142123,225,0
atitlan,2025-07-17,700050.0,1628850.0,0.051059604,6.458944,225,0
atitlan,2025-07-17,700350.0,1628850.0,0.265278,15.314241,225,1
atitlan,2025-07-17,700650.0,1628850.0,0.24250564,12.864533,225,1
atitlan,2025-07-17,700950.0,1628850.0,0.3054356,19.840685,225,1
atitlan,2025-07-17,701250.0,1628850.0,0.33545652,23.191517,225,1
atitlan,2025-07-17,701550.0,1628850.0,0.36083245,27.337767,225,1
atitlan,2025-07-17,701850.0,1628850.0,0.2844175,18.237577,225,1
atitlan,2025-07-17,702150.0,1628850.0,0.11797842,5.861948,225,0
atitlan,2025-07-17,702450.0,1628850.0,0.052113112,4.746664,225,0
atitlan,2025-07-17,702750.0,1628850.0,0.03884894,4.560168,225,0
atitlan,2025-07-17,703050.0,1628850.0,0.06399075,4.9176803,225,0
atitlan,2025-07-17,703350.0,1628850.0,0.17432205,10.399703,225,0
atitlan,2025-07-17,703650.0,1628850.0,0.2347534,15.397345,225,1
atitlan,2025-07-17,703950.0,1628850.0,0.1970595,12.219363,225,1
atitlan,2025-07-17,704250.0,1628850.0,0.18879351,11.786004,225,0
atitlan,2025-07-17,704550.0,1628850.0,0.22805825,14.721437,225,1
atitlan,2025-07-17,704850.0,1628850.0,0.2430908,16.883348,225,1
atitlan,2025-07-17,705150.0,1628850.0,0.25162345,16.578743,225,1
atitlan,2025-07-17,705450.0,1628850.0,0.29479292,18.68259,225,1
atitlan,2025-07-17,705750.0,1628850.0,0.32357243,21.592024,225,1
atitlan,2025-07-17,706050.0,1628850.0,0.32202908,23.126034,225,1
atitlan,2025-07-17,706350.0,1628850.0,0.278716,16.694689,225,1
atitlan,2025-07-17,706650.0,1628850.0,0.23980716,15.983255,225,1
atitlan,2025-07-17,706950.0,1628850.0,0.21896543,13.8555975,225,1
atitlan,2025-07-17,707250.0,1628850.0,0.28924337,19.574808,225,1
atitlan,2025-07-17,707550.0,1628850.0,0.2951419,19.365622,225,1
atitlan,2025-07-17,707850.0,1628850.0,0.31700623,24.400545,45,1
atitlan,2025-07-17,680250.0,1629150.0,0.3742975,31.28629,180,1
atitlan,2025-07-17,680550.0,1629150.0,0.36986277,29.803377,225,1
atitlan,2025-07-17,680850.0,1629150.0,0.33982724,25.868479,225,1
atitlan,2025-07-17,681150.0,1629150.0,0.3679763,29.51937,225,1
atitlan,2025-07-17,681450.0,1629150.0,0.34183705,25.366945,225,1
atitlan,2025-07-17,681750.0,1629150.0,0.33711928,26.535555,225,1
atitlan,2025-07-17,682050.0,1629150.0,0.346839,32.699615,225,1
atitlan,2025-07-17,682350.0,1629150.0,0.38546455,34.264446,225,1
atitlan,2025-07-17,682650.0,1629150.0,0.3925814,35.518574,225,1
atitlan,2025-07-17,682950.0,1629150.0,0.37407863,30.829178,225,1
atitlan,2025-07-17,683250.0,1629150.0,0.3699573,29.503254,225,1
atitlan,2025-07-17,683550.0,1629150.0,0.40140113,37.554745,225,1
atitlan,2025-07-17,683850.0,1629150.0,0.41637552,41.63677,225,1
atitlan,2025-07-17,684150.0,1629150.0,0.41077453,40.28611,225,1
atitlan,2025-07-17,684450.0,1629150.0,0.37791538,31.65088,225,1
atitlan,2025-07-17,684750.0,1629150.0,0.3842453,33.703392,225,1
atitlan,2025-07-17,685050.0,1629150.0,0.3711224,32.162395,225,1
atitlan,2025-07-17,685350.0,1629150.0,0.37257096,31.93856,225,1
atitlan,2025-07-17,685650.0,1629150.0,0.3455045,25.96485,225,1
atitlan,2025-07-17,685950.0,1629150.0,0.343381,24.993767,225,1
atitlan,2025-07-17,686250.0,1629150.0,0.329002,22.554329,225,1
atitlan,2025-07-17,686550.0,1629150.0,0.34863657,26.26839,225,1
atitlan,2025-07-17,686850.0,1629150.0,0.3290448,22.495895,225,1
atitlan,2025-07-17,687150.0,1629150.0,0.3403663,26.681883,225,1
atitlan,2025-07-17,687450.0,1629150.0,0.3457137,26.354788,225,1
atitlan,2025-07-17,687750.0,1629150.0,0.3278215,22.360294,225,1
atitlan,2025-07-17,688050.0,1629150.0,0.32020554,19.741522,225,1
atitlan,2025-07-17,688350.0,1629150.0,0.3474115,24.949266,225,1
atitlan,2025-07-17,688650.0,1629150.0,0.31749052,21.825352,225,1
atitlan,2025-07-17,688950.0,1629150.0,0.23029485,14.727596,225,1
atitlan,2025-07-17,689250.0,1629150.0,0.118914746,10.859181,225,0
atitlan,2025-07-17,689550.0,1629150.0,-0.048450563,2.6398814,225,0
atitlan,2025-07-17,689850.0,1629150.0,-0.02773247,3.2961588,225,0
atitlan,2025-07-17,690150.0,1629150.0,0.12576978,8.924471,225,0
atitlan,2025-07-17,690450.0,1629150.0,0.04455512,7.026093,225,0
atitlan,2025-07-17,690750.0,1629150.0,-0.07884248,1.0336376,225,0
atitlan,2025-07-17,691050.0,1629150.0,-0.07869093,1.0689807,225,0
atitlan,2025-07-17,691350.0,1629150.0,-0.0829074,0.8304561,225,0
atitlan,2025-07-17,691650.0,1629150.0,-0.08455022,0.7830908,225,0
atitlan,2025-07-17,691950.0,1629150.0,-0.079840064,1.0379696,225,0
atitlan,2025-07-17,692250.0,1629150.0,-0.07981572,1.0093211,225,0
atitlan,2025-07-17,692550.0,1629150.0,-0.08436361,0.7945068,225,0
atitlan,2025-07-17,692850.0,1629150.0,-0.08272136,0.88391,225,0
atitlan,2025-07-17,693150.0,1629150.0,-0.07470285,1.3308253,225,0
atitlan,2025-07-17,693450.0,1629150.0,-0.07377027,1.3783664,225,0
atitlan,2025-07-17,693750.0,1629150.0,-0.07494046,1.3210751,225,0
atitlan,2025-07-17,694050.0,1629150.0,-0.07340839,1.3663872,225,0
atitlan,2025-07-17,694350.0,1629150.0,-0.07488101,1.321012,225,0
atitlan,2025-07-17,694650.0,1629150.0,-0.06748146,1.6741627,225,0
atitlan,2025-07-17,694950.0,1629150.0,-0.069823906,1.5521228,225,0
atitlan,2025-07-17,695250.0,1629150.0,-0.0680448,1.6479256,225,0
atitlan,2025-07-17,695550.0,1629150.0,-0.07078807,1.5026346,225,0
atitlan,2025-07-17,695850.0,1629150.0,-0.07418338,1.311413,225,0
atitlan,2025-07-17,696150.0,1629150.0,-0.07539868,1.2690182,225,0
atitlan,2025-07-17,696450.0,1629150.0,-0.07482222,1.2820127,225,0
atitlan,2025-07-17,696750.0,1629150.0,-0.088330016,0.5727895,225,0
atitlan,2025-07-17,697050.0,1629150.0,-0.090512305,0.46083406,225,0
atitlan,2025-07-17,697350.0,1629150.0,-0.08504067,0.73203784,225,0
atitlan,2025-07-17,697650.0,1629150.0,-0.082253546,0.90867555,225,0
atitlan,2025-07-17,697950.0,1629150.0,-0.08755641,0.5694256,225,0
atitlan,2025-07-17,698250.0,1629150.0,-0.08069593,0.9817482,225,0
atitlan,2025-07-17,698550.0,1629150.0,-0.08087882,0.9584284,225,0
atitlan,2025-07-17,698850.0,1629150.0,-0.08420801,0.78607804,225,0
atitlan,2025-07-17,699150.0,1629150.0,-0.08541453,0.6974391,225,0
atitlan,2025-07-17,699450.0,1629150.0,-0.08189622,0.94549656,225,0
atitlan,2025-07-17,699750.0,1629150.0,-0.07358144,1.2828661,225,0
atitlan,2025-07-17,700050.0,1629150.0,0.1885434,12.344792,225,1
atitlan,2025-07-17,700350.0,1629150.0,0.35153797,25.85558,225,1
atitlan,2025-07-17,700650.0,1629150.0,0.3082169,19.751305,225,1
atitlan,2025-07-17,700950.0,1629150.0,0.34495732,24.515272,225,1
atitlan,2025-07-17,701250.0,1629150.0,0.33994958,23.705381,225,1
atitlan,2025-07-17,701550.0,1629150.0,0.27963746,18.428488,225,1
atitlan,2025-07-17,701850.0,1629150.0,0.26581535,16.857504,225,1
atitlan,2025-07-17,702150.0,1629150.0,0.17853008,8.261605,225,0
atitlan,2025-07-17,702450.0,1629150.0,0.09357287,5.4103165,225,0
atitlan,2025-07-17,702750.0,1629150.0,0.09054841,5.235607,225,0
atitlan,2025-07-17,703050.0,1629150.0,0.07042831,4.9312596,225,0
atitlan,2025-07-17,703350.0,1629150.0,0.092487045,5.2352376,225,0
atitlan,2025-07-17,703650.0,1629150.0,0.14412075,9.611699,225,0
atitlan,2025-07-17,703950.0,1629150.0,0.17024198,11.3429165,225,0
atitlan,2025-07-17,704250.0,1629150.0,0.2835958,17.62869,225,1
atitlan,2025-07-17,704550.0,1629150.0,0.14666736,8.002307,225,0
atitlan,2025-07-17,704850.0,1629150.0,0.14007185,7.047413,225,0
atitlan,2025-07-17,705150.0,1629150.0,0.17434423,9.349542,225,0
atitlan,2025-07-17,705450.0,1629150.0,0.29878142,18.24858,225,1
atitlan,2025-07-17,705750.0,1629150.0,0.3188068,20.212555,225,1
atitlan,2025-07-17,706050.0,1629150.0,0.29697034,19.619928,225,1
atitlan,2025-07-17,706350.0,1629150.0,0.2695933,18.365204,225,1
atitlan,2025-07-17,706650.0,1629150.0,0.26596278,18.049082,225,1
atitlan,2025-07-17,706950.0,1629150.0,0.15625298,10.567524,225,0
atitlan,2025-07-17,707250.0,1629150.0,0.28947976,18.883015,225,1
atitlan,2025-07-17,707550.0,1629150.0,0.23016779,15.266664,225,1
atitlan,2025-07-17,707850.0,1629150.0,0.24635625,14.016225,45,1
atitlan,2025-07-17,680250.0,1629450.0,0.38202766,33.897655,180,1
atitlan,2025-07-17,680550.0,1629450.0,0.37464505,31.641201,225,1
atitlan,2025-07-17,680850.0,1629450.0,0.349903,27.935953,225,1
atitlan,2025-07-17,681150.0,1629450.0,0.37246946,30.425709,225,1
atitlan,2025-07-17,681450.0,1629450.0,0.37515613,32.20906,225,1
atitlan,2025-07-17,681750.0,1629450.0,0.34509194,30.742325,225,1
atitlan,2025-07-17,682050.0,1629450.0,0.28554052,20.591288,225,1
atitlan,2025-07-17,682350.0,1629450.0,0.34078714,26.004637,225,1
atitlan,2025-07-17,682650.0,1629450.0,0.39609432,35.967236,225,1
atitlan,2025-07-17,682950.0,1629450.0,0.37865925,31.453661,225,1
atitlan,2025-07-17,683250.0,1629450.0,0.37673783,30.930084,225,1
atitlan,2025-07-17,683550.0,1629450.0,0.3897504,34.432602,225,1
atitlan,2025-07-17,683850.0,1629450.0,0.40877303,40.521843,225,1
atitlan,2025-07-17,684150.0,1629450.0,0.38691384,34.449158,225,1
atitlan,2025-07-17,684450.0,1629450.0,0.3719963,31.404198,225,1
atitlan,2025-07-17,684750.0,1629450.0,0.4111823,40.611744,225,1
atitlan,2025-07-17,685050.0,1629450.0,0.3868159,34.957005,225,1
atitlan,2025-07-17,685350.0,1629450.0,0.35763085,30.02215,225,1
atitlan,2025-07-17,685650.0,1629450.0,0.35193133,27.317513,225,1
atitlan,2025-07-17,685950.0,1629450.0,0.3518918,26.567284,225,1
atitlan,2025-07-17,686250.0,1629450.0,0.32894027,22.608644,225,1
atitlan,2025-07-17,686550.0,1629450.0,0.34253123,24.931883,225,1
atitlan,2025-07-17,686850.0,1629450.0,0.34922418,25.431303,225,1
atitlan,2025-07-17,687150.0,1629450.0,0.3443032,26.417631,225,1
atitlan,2025-07-17,687450.0,1629450.0,0.33942467,23.505434,225,1
atitlan,2025-07-17,687750.0,1629450.0,0.3441472,24.845118,225,1
atitlan,2025-07-17,688050.0,1629450.0,0.34883958,25.094532,225,1
atitlan,2025-07-17,688350.0,1629450.0,0.32602787,22.58753,225,1
atitlan,2025-07-17,688650.0,1629450.0,0.25272414,18.700853,225,1
atitlan,2025-07-17,688950.0,1629450.0,0.1817586,12.586835,225,1
atitlan,2025-07-17,689250.0,1629450.0,0.22689202,17.773672,225,1
atitlan,2025-07-17,689550.0,1629450.0,0.27212194,19.399603,225,1
atitlan,2025-07-17,689850.0,1629450.0,0.3038204,19.246855,225,1
atitlan,2025-07-17,690150.0,1629450.0,0.3061771,19.370697,225,1
atitlan,2025-07-17,690450.0,1629450.0,0.28833884,18.883945,225,1
atitlan,2025-07-17,690750.0,1629450.0,0.24955851,15.932868,225,1
atitlan,2025-07-17,691050.0,1629450.0,0.16261517,11.804108,225,0
atitlan,2025-07-17,691350.0,1629450.0,-0.07205866,1.3429947,225,0
atitlan,2025-07-17,691650.0,1629450.0,-0.081259154,0.9201266,225,0
atitlan,2025-07-17,691950.0,1629450.0,-0.08322623,0.8297321,225,0
atitlan,2025-07-17,692250.0,1629450.0,-0.08654479,0.6729944,225,0
atitlan,2025-07-17,692550.0,1629450.0,-0.09037734,0.5430329,225,0
atitlan,2025-07-17,692850.0,1629450.0,-0.07984882,1.0605103,225,0
atitlan,2025-07-17,693150.0,1629450.0,-0.07021921,1.4854234,225,0
atitlan,2025-07-17,693450.0,1629450.0,-0.063338175,1.8512673,225,0
atitlan,2025-07-17,693750.0,1629450.0,-0.06367684,1.8661536,225,0
atitlan,2025-07-17,694050.0,1629450.0,-0.06598465,1.7496003,225,0
atitlan,2025-07-17,694350.0,1629450.0,-0.0645235,1.8344945,225,0
atitlan,2025-07-17,694650.0,1629450.0,-0.06326148,1.9049511,225,0
atitlan,2025-07-17,694950.0,1629450.0,-0.06345425,1.9006106,225,0
atitlan,2025-07-17,695250.0,1629450.0,-0.067196496,1.6895584,225,0
atitlan,2025-07-17,695550.0,1629450.0,-0.06422525,1.8541133,225,0
atitlan,2025-07-17,695850.0,1629450.0,-0.06422353,1.8473222,225,0
atitlan,2025-07-17,696150.0,1629450.0,-0.06494802,1.8174498,225,0
atitlan,2025-07-17,696450.0,1629450.0,-0.06909452,1.5997987,225,0
atitlan,2025-07-17,696750.0,1629450.0,-0.080473155,0.9850136,225,0
atitlan,2025-07-17,697050.0,1629450.0,-0.0898117,0.52248335,225,0
atitlan,2025-07-17,697350.0,1629450.0,-0.087225504,0.6641467,225,0
atitlan,2025-07-17,697650.0,1629450.0,-0.08691745,0.64129096,225,0
atitlan,2025-07-17,697950.0,1629450.0,-0.09028626,0.5222627,225,0
atitlan,2025-07-17,698250.0,1629450.0,-0.08268235,0.8696727,225,0
atitlan,2025-07-17,698550.0,1629450.0,-0.06832972,1.5159619,225,0
atitlan,2025-07-17,698850.0,1629450.0,-0.049651925,2.150815,225,0
atitlan,2025-07-17,699150.0,1629450.0,-0.054150302,1.9485205,225,0
atitlan,2025-07-17,699450.0,1629450.0,0.013643981,5.913583,225,0
atitlan,2025-07-17,699750.0,1629450.0,0.18819085,13.148669,225,1
atitlan,2025-07-17,700050.0,1629450.0,0.28953087,19.11067,225,1
atitlan,2025-07-17,700350.0,1629450.0,0.34471837,24.821161,225,1
atitlan,2025-07-17,700650.0,1629450.0,0.28323013,19.278763,225,1
atitlan,2025-07-17,700950.0,1629450.0,0.3278308,23.9934,225,1
atitlan,2025-07-17,701250.0,1629450.0,0.30536047,21.127836,225,1
atitlan,2025-07-17,701550.0,1629450.0,0.20772554,12.41245,225,1
atitlan,2025-07-17,701850.0,1629450.0,0.22270273,13.359131,225,1
atitlan,2025-07-17,702150.0,1629450.0,0.2287942,13.938014,225,1
atitlan,2025-07-17,702450.0,1629450.0,0.15780783,7.771965,225,0
atitlan,2025-07-17,702750.0,1629450.0,0.07447759,4.9462333,225,0
atitlan,2025-07-17,703050.0,1629450.0,0.14149734,7.444371,225,0
atitlan,2025-07-17,703350.0,1629450.0,0.10773095,5.7851114,225,0
atitlan,2025-07-17,703650.0,1629450.0,0.091164105,5.446847,225,0
atitlan,2025-07-17,703950.0,1629450.0,0.1522222,7.985016,225,0
atitlan,2025-07-17,704250.0,1629450.0,0.20257749,10.506269,225,0
atitlan,2025-07-17,704550.0,1629450.0,0.15864833,8.652497,225,0
atitlan,2025-07-17,704850.0,1629450.0,0.12681383,5.933526,225,0
atitlan,2025-07-17,705150.0,1629450.0,0.2102168,12.924412,225,1
atitlan,2025-07-17,705450.0,1629450.0,0.28213963,17.311924,225,1
atitlan,2025-07-17,705750.0,1629450.0,0.2980441,18.190708,225,1
atitlan,2025-07-17,706050.0,1629450.0,0.30738428,19.47325,225,1
atitlan,2025-07-17,706350.0,1629450.0,0.25741637,16.134575,225,1
atitlan,2025-07-17,706650.0,1629450.0,0.26786238,19.979366,225,1
atitlan,2025-07-17,706950.0,1629450.0,0.27418387,17.382881,225,1
atitlan,2025-07-17,707250.0,1629450.0,0.25895327,14.229261,225,1
atitlan,2025-07-17,707550.0,1629450.0,0.2520795,14.149313,225,1
atitlan,2025-07-17,707850.0,1629450.0,0.26896173,17.411833,45,1
atitlan,2025-07-17,680250.0,1629750.0,0.36975697,31.061436,180,1
atitlan,2025-07-17,680550.0,1629750.0,0.3772318,33.083378,225,1
atitlan,2025-07-17,680850.0,1629750.0,0.34884492,29.51227,225,1
atitlan,2025-07-17,681150.0,1629750.0,0.4067247,40.77299,225,1
atitlan,2025-07-17,681450.0,1629750.0,0.39796743,40.569958,225,1
atitlan,2025-07-17,681750.0,1629750.0,0.37875143,33.885147,225,1
atitlan,2025-07-17,682050.0,1629750.0,0.36589733,32.824257,225,1
atitlan,2025-07-17,682350.0,1629750.0,0.34423563,27.150639,225,1
atitlan,2025-07-17,682650.0,1629750.0,0.38953096,34.28384,225,1
atitlan,2025-07-17,682950.0,1629750.0,0.38360664,32.72998,225,1
atitlan,2025-07-17,683250.0,1629750.0,0.39282244,35.264126,225,1
atitlan,2025-07-17,683550.0,1629750.0,0.39278394,35.26223,225,1
atitlan,2025-07-17,683850.0,1629750.0,0.39586666,36.59113,225,1
atitlan,2025-07-17,684150.0,1629750.0,0.39872617,37.504604,225,1
atitlan,2025-07-17,684450.0,1629750.0,0.39685172,37.753204,225,1
atitlan,2025-07-17,684750.0,1629750.0,0.39139336,35.271935,225,1
atitlan,2025-07-17,685050.0,1629750.0,0.38975036,34.932922,225,1
atitlan,2025-07-17,685350.0,1629750.0,0.38609847,34.663025,225,1
atitlan,2025-07-17,685650.0,1629750.0,0.36872795,29.465202,225,1
atitlan,2025-07-17,685950.0,1629750.0,0.3626423,28.470612,225,1
atitlan,2025-07-17,686250.0,1629750.0,0.38539582,33.68413,225,1
atitlan,2025-07-17,686550.0,1629750.0,0.3897883,35.426697,225,1
atitlan,2025-07-17,686850.0,1629750.0,0.37370703,30.93507,225,1
atitlan,2025-07-17,687150.0,1629750.0,0.34730384,26.249313,225,1
atitlan,2025-07-17,687450.0,1629750.0,0.33289698,22.42385,225,1
atitlan,2025-07-17,687750.0,1629750.0,0.34475517,24.407969,225,1
atitlan,2025-07-17,688050.0,1629750.0,0.3648113,28.858873,225,1
atitlan,2025-07-17,688350.0,1629750.0,0.32468078,24.266582,225,1
atitlan,2025-07-17,688650.0,1629750.0,0.24133146,16.930265,225,1
atitlan,2025-07-17,688950.0,1629750.0,0.27827883,18.903818,225,1
atitlan,2025-07-17,689250.0,1629750.0,0.32832676,22.544254,225,1
atitlan,2025-07-17,689550.0,1629750.0,0.32416606,22.332195,225,1
atitlan,2025-07-17,689850.0,1629750.0,0.30277497,17.883062,225,1
atitlan,2025-07-17,690150.0,1629750.0,0.30032083,18.424364,225,1
atitlan,2025-07-17,690450.0,1629750.0,0.3288695,23.78701,225,1
atitlan,2025-07-17,690750.0,1629750.0,0.3146052,21.117373,225,1
atitlan,2025-07-17,691050.0,1629750.0,0.31812704,22.579344,225,1
atitlan,2025-07-17,691350.0,1629750.0,0.15799783,14.729208,225,1
atitlan,2025-07-17,691650.0,1629750.0,-0.05863141,1.907022,225,0
atitlan,2025-07-17,691950.0,1629750.0,-0.06396365,1.5653539,225,0
atitlan,2025-07-17,692250.0,1629750.0,-0.06912916,1.5069413,225,0
atitlan,2025-07-17,692550.0,1629750.0,-0.077139616,1.1810961,225,0
atitlan,2025-07-17,692850.0,1629750.0,-0.07036093,1.5179067,225,0
atitlan,2025-07-17,693150.0,1629750.0,-0.07379284,1.349858,225,0
atitlan,2025-07-17,693450.0,1629750.0,-0.06728095,1.6656369,225,0
atitlan,2025-07-17,693750.0,1629750.0,-0.059749085,2.0637403,225,0
atitlan,2025-07-17,694050.0,1629750.0,-0.056835577,2.1992218,225,0
atitlan,2025-07-17,694350.0,1629750.0,-0.06167151,1.9836675,225,0
atitlan,2025-07-17,694650.0,1629750.0,-0.060641654,2.0352592,225,0
atitlan,2025-07-17,694950.0,1629750.0,-0.06530449,1.8002479,225,0
atitlan,2025-07-17,695250.0,1629750.0,-0.06715054,1.7091835,225,0
atitlan,2025-07-17,695550.0,1629750.0,-0.065292075,1.8055279,225,0
atitlan,2025-07-17,695850.0,1629750.0,-0.06419333,1.8510079,225,0
atitlan,2025-07-17,696150.0,1629750.0,-0.06068884,2.030481,225,0
atitlan,2025-07-17,696450.0,1629750.0,-0.0700309,1.5450158,225,0
atitlan,2025-07-17,696750.0,1629750.0,-0.07739374,1.1412524,225,0
atitlan,2025-07-17,697050.0,1629750.0,-0.086816095,0.6646723,225,0
atitlan,2025-07-17,697350.0,1629750.0,-0.08539465,0.70060927,225,0
atitlan,2025-07-17,697650.0,1629750.0,-0.08676679,0.6107969,225,0
atitlan,2025-07-17,697950.0,1629750.0,-0.08569351,0.70433307,225,0
atitlan,2025-07-17,698250.0,1629750.0,0.00656771,4.975933,225,0
atitlan,2025-07-17,698550.0,1629750.0,0.1670931,11.430879,225,0
atitlan,2025-07-17,698850.0,1629750.0,0.16748038,11.156029,225,0
atitlan,2025-07-17,699150.0,1629750.0,0.22173457,14.362656,225,1
atitlan,2025-07-17,699450.0,1629750.0,0.27907547,17.159716,225,1
atitlan,2025-07-17,699750.0,1629750.0,0.30799752,17.701624,225,1
atitlan,2025-07-17,700050.0,1629750.0,0.33205932,21.65926,225,1
atitlan,2025-07-17,700350.0,1629750.0,0.3128622,19.741737,225,1
atitlan,2025-07-17,700650.0,1629750.0,0.28918383,19.322922,225,1
atitlan,2025-07-17,700950.0,1629750.0,0.27666587,19.042227,225,1
atitlan,2025-07-17,701250.0,1629750.0,0.2693688,18.599756,225,1
atitlan,2025-07-17,701550.0,1629750.0,0.20799904,14.556689,225,1
atitlan,2025-07-17,701850.0,1629750.0,0.28413066,18.303646,225,1
atitlan,2025-07-17,702150.0,1629750.0,0.27257055,17.582766,225,1
atitlan,2025-07-17,702450.0,1629750.0,0.27134994,16.636002,225,1
atitlan,2025-07-17,702750.0,1629750.0,0.19372131,11.761031,225,0
atitlan,2025-07-17,703050.0,1629750.0,0.19079416,10.09528,225,0
atitlan,2025-07-17,703350.0,1629750.0,0.15311466,8.900301,225,0
atitlan,2025-07-17,703650.0,1629750.0,0.13611192,8.0009365,225,0
atitlan,2025-07-17,703950.0,1629750.0,0.1818411,9.927505,225,0
atitlan,2025-07-17,704250.0,1629750.0,0.1395501,6.6471996,225,0
atitlan,2025-07-17,704550.0,1629750.0,0.16892724,9.7393,225,0
atitlan,2025-07-17,704850.0,1629750.0,0.19581938,11.223412,225,0
atitlan,2025-07-17,705150.0,1629750.0,0.22642578,15.866433,225,1
atitlan,2025-07-17,705450.0,1629750.0,0.26111415,16.719248,225,1
atitlan,2025-07-17,705750.0,1629750.0,0.27257386,17.537807,225,1
atitlan,2025-07-17,706050.0,1629750.0,0.25844103,16.258572,225,1
atitlan,2025-07-17,706350.0,1629750.0,0.29168093,17.331024,225,1
atitlan,2025-07-17,706650.0,1629750.0,0.24729393,16.737036,225,1
atitlan,2025-07-17,706950.0,1629750.0,0.2559392,16.775848,225,1
atitlan,2025-07-17,707250.0,1629750.0,0.26478338,14.524719,225,1
atitlan,2025-07-17,707550.0,1629750.0,0.22996952,13.538234,225,1
atitlan,2025-07-17,707850.0,1629750.0,0.30733544,20.55476,45,1
atitlan,2025-07-17,680250.0,1630050.0,0.36783955,32.744785,180,1
atitlan,2025-07-17,680550.0,1630050.0,0.3748859,33.34193,225,1
atitlan,2025-07-17,680850.0,1630050.0,0.37647223,31.336058,225,1
atitlan,2025-07-17,681150.0,1630050.0,0.37265435,33.729053,225,1
atitlan,2025-07-17,681450.0,1630050.0,0.3581909,29.329117,225,1
atitlan,2025-07-17,681750.0,1630050.0,0.36830473,29.831085,225,1
atitlan,2025-07-17,682050.0,1630050.0,0.38204366,32.50763,225,1
atitlan,2025-07-17,682350.0,1630050.0,0.35701504,32.792015,225,1
atitlan,2025-07-17,682650.0,1630050.0,0.37297073,30.366713,225,1
atitlan,2025-07-17,682950.0,1630050.0,0.39497176,35.939995,225,1
atitlan,2025-07-17,683250.0,1630050.0,0.35356414,26.692652,225,1
atitlan,2025-07-17,683550.0,1630050.0,0.4012667,37.931786,225,1
atitlan,2025-07-17,683850.0,1630050.0,0.38683698,33.742348,225,1
atitlan,2025-07-17,684150.0,1630050.0,0.419591,45.22805,225,1
atitlan,2025-07-17,684450.0,1630050.0,0.42258945,45.40627,225,1
atitlan,2025-07-17,684750.0,1630050.0,0.36240044,29.280577,225,1
atitlan,2025-07-17,685050.0,1630050.0,0.41115293,40.647213,225,1
atitlan,2025-07-17,685350.0,1630050.0,0.40281752,37.93048,225,1
atitlan,2025-07-17,685650.0,1630050.0,0.3857233,33.891533,225,1
atitlan,2025-07-17,685950.0,1630050.0,0.38858223,34.32419,225,1
atitlan,2025-07-17,686250.0,1630050.0,0.3917088,37.096577,225,1
atitlan,2025-07-17,686550.0,1630050.0,0.3853034,33.550205,225,1
atitlan,2025-07-17,686850.0,1630050.0,0.36217323,27.639631,225,1
atitlan,2025-07-17,687150.0,1630050.0,0.34486505,24.309303,225,1
atitlan,2025-07-17,687450.0,1630050.0,0.3372898,23.094347,225,1
atitlan,2025-07-17,687750.0,1630050.0,0.3855507,33.68591,225,1
atitlan,2025-07-17,688050.0,1630050.0,0.3698033,29.923428,225,1
atitlan,2025-07-17,688350.0,1630050.0,0.3008587,23.331938,225,1
atitlan,2025-07-17,688650.0,1630050.0,0.27727106,21.590836,225,1
atitlan,2025-07-17,688950.0,1630050.0,0.33225945,23.241747,225,1
atitlan,2025-07-17,689250.0,1630050.0,0.3196078,20.654505,225,1
atitlan,2025-07-17,689550.0,1630050.0,0.35705,27.38637,225,1
atitlan,2025-07-17,689850.0,1630050.0,0.29001725,19.398224,225,1
atitlan,2025-07-17,690150.0,1630050.0,0.31371686,20.668242,225,1
atitlan,2025-07-17,690450.0,1630050.0,0.31511098,21.609034,225,1
atitlan,2025-07-17,690750.0,1630050.0,0.3407984,25.165564,225,1
atitlan,2025-07-17,691050.0,1630050.0,0.32694346,23.947296,225,1
atitlan,2025-07-17,691350.0,1630050.0,0.32919937,22.890451,225,1
atitlan,2025-07-17,691650.0,1630050.0,0.20208023,14.618074,225,1
atitlan,2025-07-17,691950.0,1630050.0,0.27858654,20.163954,225,1
atitlan,2025-07-17,692250.0,1630050.0,0.25540087,15.024356,225,1
atitlan,2025-07-17,692550.0,1630050.0,0.09183381,12.122689,225,1
atitlan,2025-07-17,692850.0,1630050.0,-0.061374165,1.9932287,225,0
atitlan,2025-07-17,693150.0,1630050.0,-0.06701632,1.71269,225,0
atitlan,2025-07-17,693450.0,1630050.0,-0.062719464,1.9227217,225,0
atitlan,2025-07-17,693750.0,1630050.0,-0.057075594,2.2034767,225,0
atitlan,2025-07-17,694050.0,1630050.0,-0.05804172,2.1433535,225,0
atitlan,2025-07-17,694350.0,1630050.0,-0.052034687,2.3919759,225,0
atitlan,2025-07-17,694650.0,1630050.0,-0.059613112,2.0761442,225,0
atitlan,2025-07-17,694950.0,1630050.0,-0.0688435,1.6108799,225,0
atitlan,2025-07-17,695250.0,1630050.0,-0.06543405,1.7940829,225,0
atitlan,2025-07-17,695550.0,1630050.0,-0.059834022,2.0839195,225,0
atitlan,2025-07-17,695850.0,1630050.0,-0.05840085,2.10515,225,0
atitlan,2025-07-17,696150.0,1630050.0,-0.061806012,1.9673641,225,0
atitlan,2025-07-17,696450.0,1630050.0,-0.07269774,1.3981452,225,0
atitlan,2025-07-17,696750.0,1630050.0,-0.0731785,1.3803508,225,0
atitlan,2025-07-17,697050.0,1630050.0,-0.07495313,1.2738634,225,0
atitlan,2025-07-17,697350.0,1630050.0,-0.0825884,0.8870176,225,0
atitlan,2025-07-17,697650.0,1630050.0,-0.08577321,0.6859103,225,0
atitlan,2025-07-17,697950.0,1630050.0,-0.0081001,3.4262304,225,0
atitlan,2025-07-17,698250.0,1630050.0,0.07352271,5.99325,225,0
atitlan,2025-07-17,698550.0,1630050.0,0.100616895,6.6784515,225,0
atitlan,2025-07-17,698850.0,1630050.0,0.10929463,8.594401,225,0
atitlan,2025-07-17,699150.0,1630050.0,0.12209824,9.190175,225,0
atitlan,2025-07-17,699450.0,1630050.0,0.31562728,20.23334,225,1
atitlan,2025-07-17,699750.0,1630050.0,0.3052141,17.438139,225,1
atitlan,2025-07-17,700050.0,1630050.0,0.2848787,18.849962,225,1
atitlan,2025-07-17,700350.0,1630050.0,0.28334785,20.542194,225,1
atitlan,2025-07-17,700650.0,1630050.0,0.27789506,19.581285,225,1
atitlan,2025-07-17,700950.0,1630050.0,0.2078632,11.545817,225,0
atitlan,2025-07-17,701250.0,1630050.0,0.2372101,14.891356,225,1
atitlan,2025-07-17,701550.0,1630050.0,0.27598205,19.387787,225,1
atitlan,2025-07-17,701850.0,1630050.0,0.23360918,14.042456,225,1
atitlan,2025-07-17,702150.0,1630050.0,0.19443701,10.152752,225,0
atitlan,2025-07-17,702450.0,1630050.0,0.26180694,14.919823,225,1
atitlan,2025-07-17,702750.0,1630050.0,0.19952138,10.44881,225,0
atitlan,2025-07-17,703050.0,1630050.0,0.18230538,9.668005,225,0
atitlan,2025-07-17,703350.0,1630050.0,0.15803911,7.900685,225,0
atitlan,2025-07-17,703650.0,1630050.0,0.14063577,7.0012097,225,0
atitlan,2025-07-17,703950.0,1630050.0,0.13586085,6.472507,225,0
atitlan,2025-07-17,704250.0,1630050.0,0.14766936,8.239601,225,0
atitlan,2025-07-17,704550.0,1630050.0,0.28716052,17.453302,225,1
atitlan,2025-07-17,704850.0,1630050.0,0.32259366,22.417755,225,1
atitlan,2025-07-17,705150.0,1630050.0,0.3239118,22.756422,225,1
atitlan,2025-07-17,705450.0,1630050.0,0.32478622,25.99592,225,1
atitlan,2025-07-17,705750.0,1630050.0,0.2538699,17.188238,225,1
atitlan,2025-07-17,706050.0,1630050.0,0.27496046,16.186354,225,1
atitlan,2025-07-17,706350.0,1630050.0,0.29845583,17.149769,225,1
atitlan,2025-07-17,706650.0,1630050.0,0.3108346,20.088112,225,1
atitlan,2025-07-17,706950.0,1630050.0,0.30800688,19.223387,225,1
atitlan,2025-07-17,707250.0,1630050.0,0.28212273,17.3984,225,1
atitlan,2025-07-17,707550.0,1630050.0,0.21029086,12.8723755,225,1
atitlan,2025-07-17,707850.0,1630050.0,0.2934026,20.630121,45,1
atitlan,2025-07-17,680250.0,1630350.0,0.3787601,34.11956,180,1
atitlan,2025-07-17,680550.0,1630350.0,0.37622362,32.536358,225,1
atitlan,2025-07-17,680850.0,1630350.0,0.34430748,27.306385,225,1
atitlan,2025-07-17,681150.0,1630350.0,0.3568185,30.648989,225,1
atitlan,2025-07-17,681450.0,1630350.0,0.3590533,27.144163,225,1
atitlan,2025-07-17,681750.0,1630350.0,0.37436625,30.467972,225,1
atitlan,2025-07-17,682050.0,1630350.0,0.3924186,35.51542,225,1
atitlan,2025-07-17,682350.0,1630350.0,0.38040882,32.307434,225,1
atitlan,2025-07-17,682650.0,1630350.0,0.38177368,34.52031,225,1
atitlan,2025-07-17,682950.0,1630350.0,0.38083422,32.275692,225,1
atitlan,2025-07-17,683250.0,1630350.0,0.35873634,28.085169,225,1
atitlan,2025-07-17,683550.0,1630350.0,0.3870793,34.30027,225,1
atitlan,2025-07-17,683850.0,1630350.0,0.4068401,39.140602,225,1
atitlan,2025-07-17,684150.0,1630350.0,0.4203498,42.948875,225,1
atitlan,2025-07-17,684450.0,1630350.0,0.38937572,36.524963,225,1
atitlan,2025-07-17,684750.0,1630350.0,0.3634951,30.40463,225,1
atitlan,2025-07-17,685050.0,1630350.0,0.35822454,28.149286,225,1
atitlan,2025-07-17,685350.0,1630350.0,0.39701006,36.827614,225,1
atitlan,2025-07-17,685650.0,1630350.0,0.35853094,28.271946,225,1
atitlan,2025-07-17,685950.0,1630350.0,0.40878785,40.420795,225,1
atitlan,2025-07-17,686250.0,1630350.0,0.41337785,40.89268,225,1
atitlan,2025-07-17,686550.0,1630350.0,0.3780678,31.801548,225,1
atitlan,2025-07-17,686850.0,1630350.0,0.359096,28.11898,225,1
atitlan,2025-07-17,687150.0,1630350.0,0.35387373,26.149382,225,1
atitlan,2025-07-17,687450.0,1630350.0,0.36616623,29.116425,225,1
atitlan,2025-07-17,687750.0,1630350.0,0.361649,28.250214,225,1
atitlan,2025-07-17,688050.0,1630350.0,0.33011323,25.471643,225,1
atitlan,2025-07-17,688350.0,1630350.0,0.31718352,24.89149,225,1
atitlan,2025-07-17,688650.0,1630350.0,0.2973008,21.339684,225,1
atitlan,2025-07-17,688950.0,1630350.0,0.32759798,21.872583,225,1
atitlan,2025-07-17,689250.0,1630350.0,0.32610705,22.812466,225,1
atitlan,2025-07-17,689550.0,1630350.0,0.26582086,18.379047,225,1
atitlan,2025-07-17,689850.0,1630350.0,0.2246382,15.250089,225,1
atitlan,2025-07-17,690150.0,1630350.0,0.2969565,21.9893,225,1
atitlan,2025-07-17,690450.0,1630350.0,0.31531322,22.907019,225,1
atitlan,2025-07-17,690750.0,1630350.0,0.3221841,22.24331,225,1
atitlan,2025-07-17,691050.0,1630350.0,0.3434763,25.715868,225,1
atitlan,2025-07-17,691350.0,1630350.0,0.36102244,28.661617,225,1
atitlan,2025-07-17,691650.0,1630350.0,0.27871338,20.773201,225,1
atitlan,2025-07-17,691950.0,1630350.0,0.33195758,23.685064,225,1
atitlan,2025-07-17,692250.0,1630350.0,0.31134585,19.698442,225,1
atitlan,2025-07-17,692550.0,1630350.0,0.25386524,16.175587,225,1
atitlan,2025-07-17,692850.0,1630350.0,0.06584595,6.7902975,225,0
atitlan,2025-07-17,693150.0,1630350.0,0.09380466,8.722828,225,0
atitlan,2025-07-17,693450.0,1630350.0,0.101671465,10.393668,225,0
atitlan,2025-07-17,693750.0,1630350.0,-0.030271577,3.605033,225,0
atitlan,2025-07-17,694050.0,1630350.0,0.0677677,7.496256,225,0
atitlan,2025-07-17,694350.0,1630350.0,0.25125155,17.209599,225,1
atitlan,2025-07-17,694650.0,1630350.0,-0.054384176,2.2177215,225,0
atitlan,2025-07-17,694950.0,1630350.0,-0.063789874,1.8254781,225,0
atitlan,2025-07-17,695250.0,1630350.0,-0.063833706,1.6839173,225,0
atitlan,2025-07-17,695550.0,1630350.0,0.014662547,4.7854323,225,0
atitlan,2025-07-17,695850.0,1630350.0,0.09142174,8.677186,225,0
atitlan,2025-07-17,696150.0,1630350.0,0.034672763,5.3167176,225,0
atitlan,2025-07-17,696450.0,1630350.0,-0.056037463,2.1354218,225,0
atitlan,2025-07-17,696750.0,1630350.0,-0.0639639,1.8485628,225,0
atitlan,2025-07-17,697050.0,1630350.0,-0.07598467,1.226842,225,0
atitlan,2025-07-17,697350.0,1630350.0,-0.08346372,0.8452728,225,0
atitlan,2025-07-17,697650.0,1630350.0,-0.05189829,1.7898704,225,0
atitlan,2025-07-17,697950.0,1630350.0,0.13216202,9.52465,225,0
atitlan,2025-07-17,698250.0,1630350.0,0.10542222,7.6163435,225,0
atitlan,2025-07-17,698550.0,1630350.0,0.11201675,8.219473,225,0
atitlan,2025-07-17,698850.0,1630350.0,0.11963672,8.246172,225,0
atitlan,2025-07-17,699150.0,1630350.0,0.15739734,11.4727335,225,0
atitlan,2025-07-17,699450.0,1630350.0,0.29320621,17.646832,225,1
atitlan,2025-07-17,699750.0,1630350.0,0.2951635,17.668444,225,1
atitlan,2025-07-17,700050.0,1630350.0,0.22432157,14.433287,225,1
atitlan,2025-07-17,700350.0,1630350.0,0.18703298,11.558831,225,0
atitlan,2025-07-17,700650.0,1630350.0,0.23305772,15.043972,225,1
atitlan,2025-07-17,700950.0,1630350.0,0.14981447,7.77396,225,0
atitlan,2025-07-17,701250.0,1630350.0,0.16259965,10.923191,225,0
atitlan,2025-07-17,701550.0,1630350.0,0.16510284,11.395707,225,0
atitlan,2025-07-17,701850.0,1630350.0,0.1417409,8.849464,225,0
atitlan,2025-07-17,702150.0,1630350.0,0.28488103,17.154118,225,1
atitlan,2025-07-17,702450.0,1630350.0,0.29780784,20.487305,225,1
atitlan,2025-07-17,702750.0,1630350.0,0.17565045,9.916983,225,0
atitlan,2025-07-17,703050.0,1630350.0,0.15052389,7.9970455,225,0
atitlan,2025-07-17,703350.0,1630350.0,0.16878623,8.7632065,225,0
atitlan,2025-07-17,703650.0,1630350.0,0.11287868,5.787873,225,0
atitlan,2025-07-17,703950.0,1630350.0,0.11586117,5.8442855,225,0
atitlan,2025-07-17,704250.0,1630350.0,0.17346065,7.805133,225,0
atitlan,2025-07-17,704550.0,1630350.0,0.21521823,12.343865,225,1
atitlan,2025-07-17,704850.0,1630350.0,0.30718353,20.338085,225,1
atitlan,2025-07-17,705150.0,1630350.0,0.30691475,19.578535,225,1
atitlan,2025-07-17,705450.0,1630350.0,0.2951158,19.264746,225,1
atitlan,2025-07-17,705750.0,1630350.0,0.27293584,17.531055,225,1
atitlan,2025-07-17,706050.0,1630350.0,0.24950461,14.594394,225,1
atitlan,2025-07-17,706350.0,1630350.0,0.32977048,22.09646,225,1
atitlan,2025-07-17,706650.0,1630350.0,0.30538678,19.492096,225,1
atitlan,2025-07-17,706950.0,1630350.0,0.29962116,18.88254,225,1
atitlan,2025-07-17,707250.0,1630350.0,0.29505756,19.923775,225,1
atitlan,2025-07-17,707550.0,1630350.0,0.3182973,22.727425,225,1
atitlan,2025-07-17,707850.0,1630350.0,0.24901049,14.54558,45,1
atitlan,2025-07-17,680250.0,1630650.0,0.38028547,32.26355,180,1
atitlan,2025-07-17,680550.0,1630650.0,0.3795291,31.58806,225,1
atitlan,2025-07-17,680850.0,1630650.0,0.36384735,30.727266,225,1
atitlan,2025-07-17,681150.0,1630650.0,0.3528262,29.991308,225,1
atitlan,2025-07-17,681450.0,1630650.0,0.37557322,31.070765,225,1
atitlan,2025-07-17,681750.0,1630650.0,0.38753116,33.87427,225,1
atitlan,2025-07-17,682050.0,1630650.0,0.3944335,35.905174,225,1
atitlan,2025-07-17,682350.0,1630650.0,0.39493287,35.695393,225,1
atitlan,2025-07-17,682650.0,1630650.0,0.39417833,38.719215,225,1
atitlan,2025-07-17,682950.0,1630650.0,0.38548756,33.52726,225,1
atitlan,2025-07-17,683250.0,1630650.0,0.36390445,28.950554,225,1
atitlan,2025-07-17,683550.0,1630650.0,0.38642707,33.683216,225,1
atitlan,2025-07-17,683850.0,1630650.0,0.39970633,37.154247,225,1
atitlan,2025-07-17,684150.0,1630650.0,0.383985,33.878162,225,1
atitlan,2025-07-17,684450.0,1630650.0,0.3741603,31.826298,225,1
atitlan,2025-07-17,684750.0,1630650.0,0.34639648,25.074251,225,1
atitlan,2025-07-17,685050.0,1630650.0,0.33857995,24.127234,225,1
atitlan,2025-07-17,685350.0,1630650.0,0.3873578,34.594433,225,1
atitlan,2025-07-17,685650.0,1630650.0,0.41109467,40.981995,225,1
atitlan,2025-07-17,685950.0,1630650.0,0.4082757,39.63468,225,1
atitlan,2025-07-17,686250.0,1630650.0,0.3963065,35.922337,225,1
atitlan,2025-07-17,686550.0,1630650.0,0.38251418,32.450302,225,1
atitlan,2025-07-17,686850.0,1630650.0,0.36314735,28.33458,225,1
atitlan,2025-07-17,687150.0,1630650.0,0.3620128,27.932543,225,1
atitlan,2025-07-17,687450.0,1630650.0,0.39981574,36.950912,225,1
atitlan,2025-07-17,687750.0,1630650.0,0.37196106,30.186789,225,1
atitlan,2025-07-17,688050.0,1630650.0,0.34513083,25.517244,225,1
atitlan,2025-07-17,688350.0,1630650.0,0.34013918,24.69209,225,1
atitlan,2025-07-17,688650.0,1630650.0,0.31985047,23.135323,225,1
atitlan,2025-07-17,688950.0,1630650.0,0.3196247,24.134827,225,1
atitlan,2025-07-17,689250.0,1630650.0,0.31612223,22.823654,225,1
atitlan,2025-07-17,689550.0,1630650.0,0.2989917,20.504162,225,1
atitlan,2025-07-17,689850.0,1630650.0,0.24711263,14.631713,225,1
atitlan,2025-07-17,690150.0,1630650.0,0.30451125,22.439007,225,1
atitlan,2025-07-17,690450.0,1630650.0,0.3393368,25.51819,225,1
atitlan,2025-07-17,690750.0,1630650.0,0.32606897,24.203121,225,1
atitlan,2025-07-17,691050.0,1630650.0,0.34045875,24.934763,225,1
atitlan,2025-07-17,691350.0,1630650.0,0.35310903,26.302448,225,1
atitlan,2025-07-17,691650.0,1630650.0,0.3562853,27.396585,225,1
atitlan,2025-07-17,691950.0,1630650.0,0.33599907,23.063412,225,1
atitlan,2025-07-17,692250.0,1630650.0,0.33831125,23.635551,225,1
atitlan,2025-07-17,692550.0,1630650.0,0.319004,22.466825,225,1
atitlan,2025-07-17,692850.0,1630650.0,0.25006798,16.46941,225,1
atitlan,2025-07-17,693150.0,1630650.0,0.21281013,14.370913,225,1
atitlan,2025-07-17,693450.0,1630650.0,0.2881293,19.652365,225,1
atitlan,2025-07-17,693750.0,1630650.0,0.28129742,19.106829,225,1
atitlan,2025-07-17,694050.0,1630650.0,0.3143061,20.171036,225,1
atitlan,2025-07-17,694350.0,1630650.0,0.33221346,23.380661,225,1
atitlan,2025-07-17,694650.0,1630650.0,0.23915917,16.801815,225,1
atitlan,2025-07-17,694950.0,1630650.0,0.21822584,16.38062,225,1
atitlan,2025-07-17,695250.0,1630650.0,0.12610584,11.325725,225,0
atitlan,2025-07-17,695550.0,1630650.0,0.21750784,12.20893,225,1
atitlan,2025-07-17,695850.0,1630650.0,0.27798796,18.515026,225,1
atitlan,2025-07-17,696150.0,1630650.0,0.27028033,17.280018,225,1
atitlan,2025-07-17,696450.0,1630650.0,0.15008968,10.723583,225,0
atitlan,2025-07-17,696750.0,1630650.0,-0.060594227,2.0128062,225,0
atitlan,2025-07-17,697050.0,1630650.0,-0.06817722,1.6458744,225,0
atitlan,2025-07-17,697350.0,1630650.0,-0.074061975,1.3423822,225,0
atitlan,2025-07-17,697650.0,1630650.0,0.07024046,7.1992435,225,0
atitlan,2025-07-17,697950.0,1630650.0,0.15374948,10.619439,225,0
atitlan,2025-07-17,698250.0,1630650.0,0.08155283,6.3113713,225,0
atitlan,2025-07-17,698550.0,1630650.0,0.07581533,6.303236,225,0
atitlan,2025-07-17,698850.0,1630650.0,0.08331833,6.2403493,225,0
atitlan,2025-07-17,699150.0,1630650.0,0.10755978,8.384295,225,0
atitlan,2025-07-17,699450.0,1630650.0,0.27237657,17.445076,225,1
atitlan,2025-07-17,699750.0,1630650.0,0.33160868,24.240692,225,1
atitlan,2025-07-17,700050.0,1630650.0,0.28957218,19.098217,225,1
atitlan,2025-07-17,700350.0,1630650.0,0.26115444,18.416565,225,1
atitlan,2025-07-17,700650.0,1630650.0,0.17028348,11.252718,225,0
atitlan,2025-07-17,700950.0,1630650.0,0.1324276,9.087984,225,0
atitlan,2025-07-17,701250.0,1630650.0,0.1387178,9.9452715,225,0
atitlan,2025-07-17,701550.0,1630650.0,0.26038358,17.957172,225,1
atitlan,2025-07-17,701850.0,1630650.0,0.21264559,14.923286,225,1
atitlan,2025-07-17,702150.0,1630650.0,0.2311555,14.157749,225,1
atitlan,2025-07-17,702450.0,1630650.0,0.25027326,15.056333,225,1
atitlan,2025-07-17,702750.0,1630650.0,0.18596385,10.356257,225,0
atitlan,2025-07-17,703050.0,1630650.0,0.16467765,9.234871,225,0
atitlan,2025-07-17,703350.0,1630650.0,0.13977468,8.076247,225,0
atitlan,2025-07-17,703650.0,1630650.0,0.15417689,8.017367,225,0
atitlan,2025-07-17,703950.0,1630650.0,0.11348072,6.6523514,225,0
atitlan,2025-07-17,704250.0,1630650.0,0.18027043,8.625575,225,0
atitlan,2025-07-17,704550.0,1630650.0,0.245613,13.358745,225,1
atitlan,2025-07-17,704850.0,1630650.0,0.32467446,21.775421,225,1
atitlan,2025-07-17,705150.0,1630650.0,0.27646977,17.449144,225,1
atitlan,2025-07-17,705450.0,1630650.0,0.2953186,17.158642,225,1
atitlan,2025-07-17,705750.0,1630650.0,0.2873008,18.252077,225,1
atitlan,2025-07-17,706050.0,1630650.0,0.28646678,18.500803,225,1
atitlan,2025-07-17,706350.0,1630650.0,0.32853496,22.146856,225,1
atitlan,2025-07-17,706650.0,1630650.0,0.28438115,17.24551,225,1
atitlan,2025-07-17,706950.0,1630650.0,0.1787919,9.662402,225,0
atitlan,2025-07-17,707250.0,1630650.0,0.29664823,19.51018,225,1
atitlan,2025-07-17,707550.0,1630650.0,0.30509004,21.913895,225,1
atitlan,2025-07-17,707850.0,1630650.0,0.33123782,24.561825,45,1
atitlan,2025-07-17,680250.0,1630950.0,0.31373525,23.96713,180,1
atitlan,2025-07-17,680550.0,1630950.0,0.34186512,27.171211,225,1
atitlan,2025-07-17,680850.0,1630950.0,0.36842075,29.70564,225,1
atitlan,2025-07-17,681150.0,1630950.0,0.38590458,34.68485,225,1
atitlan,2025-07-17,681450.0,1630950.0,0.38415948,33.137165,225,1
atitlan,2025-07-17,681750.0,1630950.0,0.37570897,31.003994,225,1
atitlan,2025-07-17,682050.0,1630950.0,0.39628702,36.204338,225,1
atitlan,2025-07-17,682350.0,1630950.0,0.37233606,34.420425,225,1
atitlan,2025-07-17,682650.0,1630950.0,0.3720465,35.591946,225,1
atitlan,2025-07-17,682950.0,1630950.0,0.38084745,32.28756,225,1
atitlan,2025-07-17,683250.0,1630950.0,0.37240702,30.357117,225,1
atitlan,2025-07-17,683550.0,1630950.0,0.35807258,27.29114,225,1
atitlan,2025-07-17,683850.0,1630950.0,0.37284675,31.360472,225,1
atitlan,2025-07-17,684150.0,1630950.0,0.34111592,24.774435,225,1
atitlan,2025-07-17,684450.0,1630950.0,0.38378543,34.56956,225,1
atitlan,2025-07-17,684750.0,1630950.0,0.2860226,17.666004,225,1
atitlan,2025-07-17,685050.0,1630950.0,0.33794165,24.879482,225,1
atitlan,2025-07-17,685350.0,1630950.0,0.39631048,35.863224,225,1
atitlan,2025-07-17,685650.0,1630950.0,0.42317522,43.83707,225,1
atitlan,2025-07-17,685950.0,1630950.0,0.4001815,37.525818,225,1
atitlan,2025-07-17,686250.0,1630950.0,0.4129044,40.798233,225,1
atitlan,2025-07-17,686550.0,1630950.0,0.38644454,33.75264,225,1
atitlan,2025-07-17,686850.0,1630950.0,0.3426868,24.12448,225,1
atitlan,2025-07-17,687150.0,1630950.0,0.34482047,24.44734,225,1
atitlan,2025-07-17,687450.0,1630950.0,0.39620158,36.74917,225,1
atitlan,2025-07-17,687750.0,1630950.0,0.36467794,29.977623,225,1
atitlan,2025-07-17,688050.0,1630950.0,0.34240556,24.663242,225,1
atitlan,2025-07-17,688350.0,1630950.0,0.2946607,20.372124,225,1
atitlan,2025-07-17,688650.0,1630950.0,0.35020235,27.345766,225,1
atitlan,2025-07-17,688950.0,1630950.0,0.3076241,22.186466,225,1
atitlan,2025-07-17,689250.0,1630950.0,0.327318,24.67552,225,1
atitlan,2025-07-17,689550.0,1630950.0,0.312744,21.534193,225,1
atitlan,2025-07-17,689850.0,1630950.0,0.32218933,22.948917,225,1
atitlan,2025-07-17,690150.0,1630950.0,0.32593176,21.903547,225,1
atitlan,2025-07-17,690450.0,1630950.0,0.32380137,23.388596,225,1
atitlan,2025-07-17,690750.0,1630950.0,0.34500834,27.230898,225,1
atitlan,2025-07-17,691050.0,1630950.0,0.36127305,27.82412,225,1
atitlan,2025-07-17,691350.0,1630950.0,0.35401627,26.622139,225,1
atitlan,2025-07-17,691650.0,1630950.0,0.37393072,30.34065,225,1
atitlan,2025-07-17,691950.0,1630950.0,0.36989284,29.597424,225,1
atitlan,2025-07-17,692250.0,1630950.0,0.34178078,26.775774,225,1
atitlan,2025-07-17,692550.0,1630950.0,0.31839487,20.613733,225,1
atitlan,2025-07-17,692850.0,1630950.0,0.244348,16.480938,225,1
atitlan,2025-07-17,693150.0,1630950.0,0.2493353,17.268028,225,1
atitlan,2025-07-17,693450.0,1630950.0,0.23244902,14.370839,225,1
atitlan,2025-07-17,693750.0,1630950.0,0.33093256,22.29809,225,1
atitlan,2025-07-17,694050.0,1630950.0,0.3377792,23.116604,225,1
atitlan,2025-07-17,694350.0,1630950.0,0.3506724,25.516829,225,1
atitlan,2025-07-17,694650.0,1630950.0,0.34735936,25.033966,225,1
atitlan,2025-07-17,694950.0,1630950.0,0.33261356,21.79617,225,1
atitlan,2025-07-17,695250.0,1630950.0,0.34478602,24.86023,225,1
atitlan,2025-07-17,695550.0,1630950.0,0.2501317,18.566349,225,1
atitlan,2025-07-17,695850.0,1630950.0,0.21422553,12.52524,225,1
atitlan,2025-07-17,696150.0,1630950.0,0.29692093,17.643839,225,1
atitlan,2025-07-17,696450.0,1630950.0,0.31335375,19.402514,225,1
atitlan,2025-07-17,696750.0,1630950.0,0.14419068,12.580026,225,1
atitlan,2025-07-17,697050.0,1630950.0,-0.06673632,1.6083148,225,0
atitlan,2025-07-17,697350.0,1630950.0,-0.07818926,1.0918478,225,0
atitlan,2025-07-17,697650.0,1630950.0,0.053192038,6.6128554,225,0
atitlan,2025-07-17,697950.0,1630950.0,0.30874407,18.399408,225,1
atitlan,2025-07-17,698250.0,1630950.0,0.23044084,16.099165,225,1
atitlan,2025-07-17,698550.0,1630950.0,0.08981392,7.693113,225,0
atitlan,2025-07-17,698850.0,1630950.0,0.06365742,5.6885686,225,0
atitlan,2025-07-17,699150.0,1630950.0,0.08790193,6.3022614,225,0
atitlan,2025-07-17,699450.0,1630950.0,0.19759448,13.560714,225,1
atitlan,2025-07-17,699750.0,1630950.0,0.33625075,24.659891,225,1
atitlan,2025-07-17,700050.0,1630950.0,0.30142292,19.237762,225,1
atitlan,2025-07-17,700350.0,1630950.0,0.2523119,15.038168,225,1
atitlan,2025-07-17,700650.0,1630950.0,0.17569289,11.67511,225,0
atitlan,2025-07-17,700950.0,1630950.0,0.08103508,7.458344,225,0
atitlan,2025-07-17,701250.0,1630950.0,0.16195358,10.902941,225,0
atitlan,2025-07-17,701550.0,1630950.0,0.2606922,16.976236,225,1
atitlan,2025-07-17,701850.0,1630950.0,0.23465942,14.523321,225,1
atitlan,2025-07-17,702150.0,1630950.0,0.24587426,15.7885895,225,1
atitlan,2025-07-17,702450.0,1630950.0,0.27232787,16.632023,225,1
atitlan,2025-07-17,702750.0,1630950.0,0.18037784,10.818066,225,0
atitlan,2025-07-17,703050.0,1630950.0,0.13553458,6.8975406,225,0
atitlan,2025-07-17,703350.0,1630950.0,0.12553345,6.640731,225,0
atitlan,2025-07-17,703650.0,1630950.0,0.19548891,11.333496,225,0
atitlan,2025-07-17,703950.0,1630950.0,0.14849184,6.684668,225,0
atitlan,2025-07-17,704250.0,1630950.0,0.15123045,8.605317,225,0
atitlan,2025-07-17,704550.0,1630950.0,0.23809312,14.672962,225,1
atitlan,2025-07-17,704850.0,1630950.0,0.28849554,16.907057,225,1
atitlan,2025-07-17,705150.0,1630950.0,0.26272985,15.907614,225,1
atitlan,2025-07-17,705450.0,1630950.0,0.27504516,16.212385,225,1
atitlan,2025-07-17,705750.0,1630950.0,0.30510738,19.721321,225,1
atitlan,2025-07-17,706050.0,1630950.0,0.31565604,20.338203,225,1
atitlan,2025-07-17,706350.0,1630950.0,0.30033594,20.122343,225,1
atitlan,2025-07-17,706650.0,1630950.0,0.27631775,19.077618,225,1
atitlan,2025-07-17,706950.0,1630950.0,0.24721633,16.275297,225,1
atitlan,2025-07-17,707250.0,1630950.0,0.3306954,23.61352,225,1
atitlan,2025-07-17,707550.0,1630950.0,0.2841284,18.530746,225,1
atitlan,2025-07-17,707850.0,1630950.0,0.25132495,16.072536,45,1
atitlan,2025-07-17,680250.0,1631250.0,0.3655501,31.25348,180,1
atitlan,2025-07-17,680550.0,1631250.0,0.36009932,29.164066,225,1
atitlan,2025-07-17,680850.0,1631250.0,0.38638505,34.499146,225,1
atitlan,2025-07-17,681150.0,1631250.0,0.3701785,31.455744,225,1
atitlan,2025-07-17,681450.0,1631250.0,0.36413825,28.730843,225,1
atitlan,2025-07-17,681750.0,1631250.0,0.37620068,31.004091,225,1
atitlan,2025-07-17,682050.0,1631250.0,0.38174003,32.08794,225,1
atitlan,2025-07-17,682350.0,1631250.0,0.3852576,36.40273,225,1
atitlan,2025-07-17,682650.0,1631250.0,0.39136958,35.012337,225,1
atitlan,2025-07-17,682950.0,1631250.0,0.38261014,32.842518,225,1
atitlan,2025-07-17,683250.0,1631250.0,0.3615277,28.185719,225,1
atitlan,2025-07-17,683550.0,1631250.0,0.33524874,25.266108,225,1
atitlan,2025-07-17,683850.0,1631250.0,0.34133625,24.525137,225,1
atitlan,2025-07-17,684150.0,1631250.0,0.35017624,26.121365,225,1
atitlan,2025-07-17,684450.0,1631250.0,0.41066268,40.571724,225,1
atitlan,2025-07-17,684750.0,1631250.0,0.28003857,17.096611,225,1
atitlan,2025-07-17,685050.0,1631250.0,0.36477774,29.72389,225,1
atitlan,2025-07-17,685350.0,1631250.0,0.3906429,34.712532,225,1
atitlan,2025-07-17,685650.0,1631250.0,0.39900148,37.288975,225,1
atitlan,2025-07-17,685950.0,1631250.0,0.42177784,43.670628,225,1
atitlan,2025-07-17,686250.0,1631250.0,0.37806004,31.88218,225,1
atitlan,2025-07-17,686550.0,1631250.0,0.3400711,24.950342,225,1
atitlan,2025-07-17,686850.0,1631250.0,0.3594414,27.758566,225,1
atitlan,2025-07-17,687150.0,1631250.0,0.33847854,23.505278,225,1
atitlan,2025-07-17,687450.0,1631250.0,0.40255338,39.25065,225,1
atitlan,2025-07-17,687750.0,1631250.0,0.3495929,28.096474,225,1
atitlan,2025-07-17,688050.0,1631250.0,0.3242205,23.690577,225,1
atitlan,2025-07-17,688350.0,1631250.0,0.21456003,14.944281,225,1
atitlan,2025-07-17,688650.0,1631250.0,0.29779342,21.00505,225,1
atitlan,2025-07-17,688950.0,1631250.0,0.3145977,22.903294,225,1
atitlan,2025-07-17,689250.0,1631250.0,0.3618547,28.386292,225,1
atitlan,2025-07-17,689550.0,1631250.0,0.33060548,24.080465,225,1
atitlan,2025-07-17,689850.0,1631250.0,0.33913565,25.148357,225,1
atitlan,2025-07-17,690150.0,1631250.0,0.31666082,23.223644,225,1
atitlan,2025-07-17,690450.0,1631250.0,0.3117218,21.611439,225,1
atitlan,2025-07-17,690750.0,1631250.0,0.3551448,28.467194,225,1
atitlan,2025-07-17,691050.0,1631250.0,0.3623296,28.529646,225,1
atitlan,2025-07-17,691350.0,1631250.0,0.38361743,32.70423,225,1
atitlan,2025-07-17,691650.0,1631250.0,0.36888865,29.127474,225,1
atitlan,2025-07-17,691950.0,1631250.0,0.3720283,30.707033,225,1
atitlan,2025-07-17,692250.0,1631250.0,0.36206797,28.806715,225,1
atitlan,2025-07-17,692550.0,1631250.0,0.3575152,26.678059,225,1
atitlan,2025-07-17,692850.0,1631250.0,0.35166544,26.473974,225,1
atitlan,2025-07-17,693150.0,1631250.0,0.3520433,25.915558,225,1
atitlan,2025-07-17,693450.0,1631250.0,0.30599272,21.938112,225,1
atitlan,2025-07-17,693750.0,1631250.0,0.31274563,21.7279,225,1
atitlan,2025-07-17,694050.0,1631250.0,0.34915254,25.044939,225,1
atitlan,2025-07-17,694350.0,1631250.0,0.35914767,28.758413,225,1
atitlan,2025-07-17,694650.0,1631250.0,0.3532032,26.511627,225,1
atitlan,2025-07-17,694950.0,1631250.0,0.34124142,23.587465,225,1
atitlan,2025-07-17,695250.0,1631250.0,0.34523186,24.004698,225,1
atitlan,2025-07-17,695550.0,1631250.0,0.25711587,18.141846,225,1
atitlan,2025-07-17,695850.0,1631250.0,0.22841091,11.851617,225,0
atitlan,2025-07-17,696150.0,1631250.0,0.30308652,20.655842,225,1
atitlan,2025-07-17,696450.0,1631250.0,0.31774533,20.640726,225,1
atitlan,2025-07-17,696750.0,1631250.0,0.29326978,17.030733,225,1
atitlan,2025-07-17,697050.0,1631250.0,0.14797713,13.099048,225,1
atitlan,2025-07-17,697350.0,1631250.0,0.1644976,12.838481,225,1
atitlan,2025-07-17,697650.0,1631250.0,0.23883624,15.220062,225,1
atitlan,2025-07-17,697950.0,1631250.0,0.3025907,16.825788,225,1
atitlan,2025-07-17,698250.0,1631250.0,0.33954236,22.949057,225,1
atitlan,2025-07-17,698550.0,1631250.0,0.25016335,18.311522,225,1
atitlan,2025-07-17,698850.0,1631250.0,0.1810234,12.547822,225,1
atitlan,2025-07-17,699150.0,1631250.0,0.13321589,10.815577,225,0
atitlan,2025-07-17,699450.0,1631250.0,0.12074259,8.272861,225,0
atitlan,2025-07-17,699750.0,1631250.0,0.29144582,20.056889,225,1
atitlan,2025-07-17,700050.0,1631250.0,0.3354381,23.525623,225,1
atitlan,2025-07-17,700350.0,1631250.0,0.30461985,20.604944,225,1
atitlan,2025-07-17,700650.0,1631250.0,0.20652595,12.825715,225,1
atitlan,2025-07-17,700950.0,1631250.0,0.15695989,11.115155,225,0
atitlan,2025-07-17,701250.0,1631250.0,0.20378979,12.7537,225,1
atitlan,2025-07-17,701550.0,1631250.0,0.29634365,19.279001,225,1
atitlan,2025-07-17,701850.0,1631250.0,0.30278733,18.593775,225,1
atitlan,2025-07-17,702150.0,1631250.0,0.2508405,15.65412,225,1
atitlan,2025-07-17,702450.0,1631250.0,0.25491518,15.886228,225,1
atitlan,2025-07-17,702750.0,1631250.0,0.20791455,12.788122,225,1
atitlan,2025-07-17,703050.0,1631250.0,0.18799987,11.285849,225,0
atitlan,2025-07-17,703350.0,1631250.0,0.1384184,7.2180223,225,0
atitlan,2025-07-17,703650.0,1631250.0,0.19178165,10.321668,225,0
atitlan,2025-07-17,703950.0,1631250.0,0.26148167,14.824163,225,1
atitlan,2025-07-17,704250.0,1631250.0,0.25422835,15.13526,225,1
atitlan,2025-07-17,704550.0,1631250.0,0.27147502,16.376928,225,1
atitlan,2025-07-17,704850.0,1631250.0,0.28975525,18.372274,225,1
atitlan,2025-07-17,705150.0,1631250.0,0.2480392,15.825399,225,1
atitlan,2025-07-17,705450.0,1631250.0,0.24695577,15.182539,225,1
atitlan,2025-07-17,705750.0,1631250.0,0.25957212,16.172855,225,1
atitlan,2025-07-17,706050.0,1631250.0,0.27434105,16.998705,225,1
atitlan,2025-07-17,706350.0,1631250.0,0.26970318,17.076096,225,1
atitlan,2025-07-17,706650.0,1631250.0,0.2998379,19.912647,225,1
atitlan,2025-07-17,706950.0,1631250.0,0.24375571,15.324605,225,1
atitlan,2025-07-17,707250.0,1631250.0,0.30537185,20.20335,225,1
atitlan,2025-07-17,707550.0,1631250.0,0.26107466,17.289585,225,1
atitlan,2025-07-17,707850.0,1631250.0,0.2416291,17.92946,45,1
atitlan,2025-07-17,680250.0,1631550.0,0.36532858,31.45728,168,1
atitlan,2025-07-17,680550.0,1631550.0,0.37346444,31.370115,210,1
atitlan,2025-07-17,680850.0,1631550.0,0.3910372,35.279797,210,1
atitlan,2025-07-17,681150.0,1631550.0,0.35156372,27.587654,210,1
atitlan,2025-07-17,681450.0,1631550.0,0.4002228,37.252934,210,1
atitlan,2025-07-17,681750.0,1631550.0,0.3770845,31.468725,210,1
atitlan,2025-07-17,682050.0,1631550.0,0.35849968,27.334978,210,1
atitlan,2025-07-17,682350.0,1631550.0,0.39186156,35.868576,210,1
atitlan,2025-07-17,682650.0,1631550.0,0.37275225,35.03785,210,1
atitlan,2025-07-17,682950.0,1631550.0,0.36810273,29.292725,210,1
atitlan,2025-07-17,683250.0,1631550.0,0.34128287,27.924454,210,1
atitlan,2025-07-17,683550.0,1631550.0,0.29104263,23.261166,210,1
atitlan,2025-07-17,683850.0,1631550.0,0.33964026,28.548382,210,1
atitlan,2025-07-17,684150.0,1631550.0,0.33004978,25.328875,210,1
atitlan,2025-07-17,684450.0,1631550.0,0.38056803,37.679005,210,1
atitlan,2025-07-17,684750.0,1631550.0,0.32871258,22.847012,210,1
atitlan,2025-07-17,685050.0,1631550.0,0.37731484,31.412281,210,1
atitlan,2025-07-17,685350.0,1631550.0,0.39280772,35.21622,210,1
atitlan,2025-07-17,685650.0,1631550.0,0.38069087,32.26745,210,1
atitlan,2025-07-17,685950.0,1631550.0,0.38775817,34.190426,210,1
atitlan,2025-07-17,686250.0,1631550.0,0.3574081,27.834936,210,1
atitlan,2025-07-17,686550.0,1631550.0,0.34256518,24.772522,210,1
atitlan,2025-07-17,686850.0,1631550.0,0.347458,25.595196,210,1
atitlan,2025-07-17,687150.0,1631550.0,0.36982045,30.646084,210,1
atitlan,2025-07-17,687450.0,1631550.0,0.3936676,38.52462,210,1
atitlan,2025-07-17,687750.0,1631550.0,0.34967682,28.861553,210,1
atitlan,2025-07-17,688050.0,1631550.0,0.3225613,23.996773,210,1
atitlan,2025-07-17,688350.0,1631550.0,0.31762162,22.998919,210,1
atitlan,2025-07-17,688650.0,1631550.0,0.31098285,22.28104,210,1
atitlan,2025-07-17,688950.0,1631550.0,0.3619412,29.615435,210,1
atitlan,2025-07-17,689250.0,1631550.0,0.3748157,32.012436,210,1
atitlan,2025-07-17,689550.0,1631550.0,0.34966373,26.74815,210,1
atitlan,2025-07-17,689850.0,1631550.0,0.3581459,27.4012,210,1
atitlan,2025-07-17,690150.0,1631550.0,0.36737508,29.050613,210,1
atitlan,2025-07-17,690450.0,1631550.0,0.34220374,26.478184,210,1
atitlan,2025-07-17,690750.0,1631550.0,0.35830286,27.525517,210,1
atitlan,2025-07-17,691050.0,1631550.0,0.39166743,35.552727,210,1
atitlan,2025-07-17,691350.0,1631550.0,0.3509997,26.714724,210,1
atitlan,2025-07-17,691650.0,1631550.0,0.36573008,29.327173,210,1
atitlan,2025-07-17,691950.0,1631550.0,0.3964671,36.706135,210,1
atitlan,2025-07-17,692250.0,1631550.0,0.3573662,27.67207,210,1
atitlan,2025-07-17,692550.0,1631550.0,0.36543095,28.39638,210,1
atitlan,2025-07-17,692850.0,1631550.0,0.34542364,24.965548,210,1
atitlan,2025-07-17,693150.0,1631550.0,0.34645712,25.436623,210,1
atitlan,2025-07-17,693450.0,1631550.0,0.33403698,24.090431,210,1
atitlan,2025-07-17,693750.0,1631550.0,0.32374308,25.047089,210,1
atitlan,2025-07-17,694050.0,1631550.0,0.33287624,25.90122,210,1
atitlan,2025-07-17,694350.0,1631550.0,0.26613984,22.18399,210,1
atitlan,2025-07-17,694650.0,1631550.0,0.3442723,25.190758,210,1
atitlan,2025-07-17,694950.0,1631550.0,0.3743963,30.60128,210,1
atitlan,2025-07-17,695250.0,1631550.0,0.3700877,29.632784,210,1
atitlan,2025-07-17,695550.0,1631550.0,0.19981998,13.613535,210,1
atitlan,2025-07-17,695850.0,1631550.0,0.28914574,18.288795,210,1
atitlan,2025-07-17,696150.0,1631550.0,0.32810545,21.205454,210,1
atitlan,2025-07-17,696450.0,1631550.0,0.3272028,22.916925,210,1
atitlan,2025-07-17,696750.0,1631550.0,0.13752674,10.467954,210,0
atitlan,2025-07-17,697050.0,1631550.0,0.32351115,21.733047,210,1
atitlan,2025-07-17,697350.0,1631550.0,0.30781615,21.389458,210,1
atitlan,2025-07-17,697650.0,1631550.0,0.26293787,18.56856,210,1
atitlan,2025-07-17,697950.0,1631550.0,0.313073,18.489326,210,1
atitlan,2025-07-17,698250.0,1631550.0,0.3437636,23.66872,210,1
atitlan,2025-07-17,698550.0,1631550.0,0.35900152,27.192263,210,1
atitlan,2025-07-17,698850.0,1631550.0,0.32564712,20.724422,210,1
atitlan,2025-07-17,699150.0,1631550.0,0.28926602,20.31588,210,1
atitlan,2025-07-17,699450.0,1631550.0,0.12957104,9.61903,210,0
atitlan,2025-07-17,699750.0,1631550.0,0.18312214,12.58761,210,1
atitlan,2025-07-17,700050.0,1631550.0,0.34563267,24.411314,210,1
atitlan,2025-07-17,700350.0,1631550.0,0.34285238,25.91731,210,1
atitlan,2025-07-17,700650.0,1631550.0,0.2919542,20.542067,210,1
atitlan,2025-07-17,700950.0,1631550.0,0.2878133,19.37076,210,1
atitlan,2025-07-17,701250.0,1631550.0,0.29267406,19.517591,210,1
atitlan,2025-07-17,701550.0,1631550.0,0.29695737,17.962744,210,1
atitlan,2025-07-17,701850.0,1631550.0,0.2872707,18.119415,210,1
atitlan,2025-07-17,702150.0,1631550.0,0.28254977,17.962683,210,1
atitlan,2025-07-17,702450.0,1631550.0,0.29793435,17.38489,210,1
atitlan,2025-07-17,702750.0,1631550.0,0.19355547,11.692277,210,0
atitlan,2025-07-17,703050.0,1631550.0,0.14286007,8.649745,210,0
atitlan,2025-07-17,703350.0,1631550.0,0.14864357,9.057027,210,0
atitlan,2025-07-17,703650.0,1631550.0,0.14263836,7.7694354,210,0
atitlan,2025-07-17,703950.0,1631550.0,0.27421725,15.466887,210,1
atitlan,2025-07-17,704250.0,1631550.0,0.29016608,17.502747,210,1
atitlan,2025-07-17,704550.0,1631550.0,0.27009413,16.88575,210,1
atitlan,2025-07-17,704850.0,1631550.0,0.28387165,19.163668,210,1
atitlan,2025-07-17,705150.0,1631550.0,0.29969567,20.813347,210,1
atitlan,2025-07-17,705450.0,1631550.0,0.15038744,9.0655155,210,0
atitlan,2025-07-17,705750.0,1631550.0,0.14108467,8.644407,210,0
atitlan,2025-07-17,706050.0,1631550.0,0.21866864,13.516765,210,1
atitlan,2025-07-17,706350.0,1631550.0,0.3161542,21.42806,210,1
atitlan,2025-07-17,706650.0,1631550.0,0.26996183,16.746181,210,1
atitlan,2025-07-17,706950.0,1631550.0,0.26931986,14.773051,210,1
atitlan,2025-07-17,707250.0,1631550.0,0.27837682,17.776243,210,1
atitlan,2025-07-17,707550.0,1631550.0,0.2763251,18.562986,210,1
atitlan,2025-07-17,707850.0,1631550.0,0.21276018,12.449316,42,1
