lago,fecha,x,y,ndci,chl_a_estimada,pixeles_validos,alta_cianobacteria
atitlan,2025-01-18,680250.0,1614150.0,0.3371352,23.020262,84,1
atitlan,2025-01-18,680550.0,1614150.0,0.3414225,24.857826,105,1
atitlan,2025-01-18,680850.0,1614150.0,0.35885176,27.823606,105,1
atitlan,2025-01-18,681150.0,1614150.0,0.3301042,22.68461,105,1
atitlan,2025-01-18,681450.0,1614150.0,0.33442524,22.718185,105,1
atitlan,2025-01-18,681750.0,1614150.0,0.31534258,19.38231,105,1
atitlan,2025-01-18,682050.0,1614150.0,0.3129675,19.879292,105,1
atitlan,2025-01-18,682350.0,1614150.0,0.35023078,25.465223,105,1
atitlan,2025-01-18,682650.0,1614150.0,0.34973738,25.319815,105,1
atitlan,2025-01-18,682950.0,1614150.0,0.2733744,15.6171465,105,1
atitlan,2025-01-18,683250.0,1614150.0,0.31138432,19.987858,105,1
atitlan,2025-01-18,683550.0,1614150.0,0.2863386,22.986942,105,1
atitlan,2025-01-18,683850.0,1614150.0,0.317964,20.281439,105,1
atitlan,2025-01-18,684150.0,1614150.0,0.28917903,16.998058,105,1
atitlan,2025-01-18,684450.0,1614150.0,0.32677084,21.601183,105,1
atitlan,2025-01-18,684750.0,1614150.0,0.35247615,26.150846,105,1
atitlan,2025-01-18,685050.0,1614150.0,0.3541669,27.040016,105,1
atitlan,2025-01-18,685350.0,1614150.0,0.36862168,29.538843,105,1
atitlan,2025-01-18,685650.0,1614150.0,0.36025012,27.651274,105,1
atitlan,2025-01-18,685950.0,1614150.0,0.34800172,25.42645,105,1
atitlan,2025-01-18,686250.0,1614150.0,0.35149348,25.949913,105,1
atitlan,2025-01-18,686550.0,1614150.0,0.33248416,23.02901,105,1
atitlan,2025-01-18,686850.0,1614150.0,0.34619457,25.026789,105,1
atitlan,2025-01-18,687150.0,1614150.0,0.33465925,23.285213,105,1
atitlan,2025-01-18,687450.0,1614150.0,0.32510293,22.23663,105,1
atitlan,2025-01-18,687750.0,1614150.0,0.35387254,26.291119,105,1
atitlan,2025-01-18,688050.0,1614150.0,0.32284403,21.474907,105,1
atitlan,2025-01-18,688350.0,1614150.0,0.14929079,8.409149,105,0
atitlan,2025-01-18,688650.0,1614150.0,0.22197317,13.649107,105,1
atitlan,2025-01-18,688950.0,1614150.0,0.3406322,25.792492,105,1
atitlan,2025-01-18,689250.0,1614150.0,0.32057035,22.616266,105,1
atitlan,2025-01-18,689550.0,1614150.0,0.33769536,23.633991,105,1
atitlan,2025-01-18,689850.0,1614150.0,0.31920198,21.555868,105,1
atitlan,2025-01-18,690150.0,1614150.0,0.3146246,20.877615,105,1
atitlan,2025-01-18,690450.0,1614150.0,0.30525148,20.187351,105,1
atitlan,2025-01-18,690750.0,1614150.0,0.3052579,19.80527,105,1
atitlan,2025-01-18,691050.0,1614150.0,0.32494524,22.078999,105,1
atitlan,2025-01-18,691350.0,1614150.0,0.30149382,17.524153,105,1
atitlan,2025-01-18,691650.0,1614150.0,0.27344003,13.845174,105,1
atitlan,2025-01-18,691950.0,1614150.0,0.2623381,12.703767,105,1
atitlan,2025-01-18,692250.0,1614150.0,0.27659005,14.834742,105,1
atitlan,2025-01-18,692550.0,1614150.0,0.2649715,12.978554,105,1
atitlan,2025-01-18,692850.0,1614150.0,0.2753051,13.786099,105,1
atitlan,2025-01-18,693150.0,1614150.0,0.28347683,15.126147,105,1
atitlan,2025-01-18,693450.0,1614150.0,0.2808726,14.502134,105,1
atitlan,2025-01-18,693750.0,1614150.0,0.23442236,10.255144,105,0
atitlan,2025-01-18,694050.0,1614150.0,0.24324416,11.600988,105,0
atitlan,2025-01-18,694350.0,1614150.0,0.24856228,12.223979,105,1
atitlan,2025-01-18,694650.0,1614150.0,0.23789088,11.307899,105,0
atitlan,2025-01-18,694950.0,1614150.0,0.2538279,11.884504,105,0
atitlan,2025-01-18,695250.0,1614150.0,0.26961613,13.864736,105,1
atitlan,2025-01-18,695550.0,1614150.0,0.2688588,13.965525,105,1
atitlan,2025-01-18,695850.0,1614150.0,0.24291827,11.387081,105,0
atitlan,2025-01-18,696150.0,1614150.0,0.25563055,12.625644,105,1
atitlan,2025-01-18,696450.0,1614150.0,0.28730348,15.991789,105,1
atitlan,2025-01-18,696750.0,1614150.0,0.30262202,17.753311,105,1
atitlan,2025-01-18,697050.0,1614150.0,0.29909667,18.123253,105,1
atitlan,2025-01-18,697350.0,1614150.0,0.22011249,11.8705225,105,0
atitlan,2025-01-18,697650.0,1614150.0,0.3012397,18.104553,105,1
atitlan,2025-01-18,697950.0,1614150.0,0.29576752,16.866472,105,1
atitlan,2025-01-18,698250.0,1614150.0,0.28609404,16.012497,105,1
atitlan,2025-01-18,698550.0,1614150.0,0.28045884,15.7109585,105,1
atitlan,2025-01-18,698850.0,1614150.0,0.2739667,15.287755,105,1
atitlan,2025-01-18,699150.0,1614150.0,0.27535698,15.124712,105,1
atitlan,2025-01-18,699450.0,1614150.0,0.28463757,15.630162,105,1
atitlan,2025-01-18,699750.0,1614150.0,0.266855,14.6033,105,1
atitlan,2025-01-18,700050.0,1614150.0,0.23694278,13.197462,105,1
atitlan,2025-01-18,700350.0,1614150.0,0.2020511,10.977162,105,0
atitlan,2025-01-18,700650.0,1614150.0,0.12808354,5.7581115,105,0
atitlan,2025-01-18,700950.0,1614150.0,0.15178247,6.4627876,105,0
atitlan,2025-01-18,701250.0,1614150.0,0.20063187,9.525497,105,0
atitlan,2025-01-18,701550.0,1614150.0,0.23119979,10.554112,105,0
atitlan,2025-01-18,701850.0,1614150.0,0.2515432,12.460169,105,1
atitlan,2025-01-18,702150.0,1614150.0,0.3020465,19.582243,105,1
atitlan,2025-01-18,702450.0,1614150.0,0.31816182,20.854397,105,1
atitlan,2025-01-18,702750.0,1614150.0,0.28777438,17.04741,105,1
atitlan,2025-01-18,703050.0,1614150.0,0.29677692,17.23454,105,1
atitlan,2025-01-18,703350.0,1614150.0,0.32717884,21.735405,105,1
atitlan,2025-01-18,703650.0,1614150.0,0.1799359,10.140098,105,0
atitlan,2025-01-18,703950.0,1614150.0,0.33324122,22.578516,105,1
atitlan,2025-01-18,704250.0,1614150.0,0.2920377,19.071623,105,1
atitlan,2025-01-18,704550.0,1614150.0,0.31200552,20.09997,105,1
atitlan,2025-01-18,704850.0,1614150.0,0.25790492,14.026417,105,1
atitlan,2025-01-18,705150.0,1614150.0,0.18830375,8.855682,105,0
atitlan,2025-01-18,705450.0,1614150.0,0.22944751,12.140892,105,1
atitlan,2025-01-18,705750.0,1614150.0,0.23213425,11.582836,105,0
atitlan,2025-01-18,706050.0,1614150.0,0.21074122,10.14647,105,0
atitlan,2025-01-18,706350.0,1614150.0,0.2292557,12.381253,105,1
atitlan,2025-01-18,706650.0,1614150.0,0.31431624,21.737234,105,1
atitlan,2025-01-18,706950.0,1614150.0,0.35494277,28.903131,105,1
atitlan,2025-01-18,707250.0,1614150.0,0.3826126,32.779663,105,1
atitlan,2025-01-18,707550.0,1614150.0,0.38191706,33.039257,105,1
atitlan,2025-01-18,707850.0,1614150.0,0.39158446,36.503822,21,1
atitlan,2025-01-18,680250.0,1614450.0,0.2962858,17.15416,180,1
atitlan,2025-01-18,680550.0,1614450.0,0.3198169,20.495354,225,1
atitlan,2025-01-18,680850.0,1614450.0,0.33683333,23.340252,225,1
atitlan,2025-01-18,681150.0,1614450.0,0.3662779,29.167131,225,1
atitlan,2025-01-18,681450.0,1614450.0,0.3659255,30.090988,225,1
atitlan,2025-01-18,681750.0,1614450.0,0.3124392,19.635145,225,1
atitlan,2025-01-18,682050.0,1614450.0,0.34120867,24.589483,225,1
atitlan,2025-01-18,682350.0,1614450.0,0.31572482,21.042515,225,1
atitlan,2025-01-18,682650.0,1614450.0,0.3473648,24.948788,225,1
atitlan,2025-01-18,682950.0,1614450.0,0.27657035,15.462955,225,1
atitlan,2025-01-18,683250.0,1614450.0,0.34525678,24.35783,225,1
atitlan,2025-01-18,683550.0,1614450.0,0.24530125,16.46703,225,1
atitlan,2025-01-18,683850.0,1614450.0,0.32251117,22.052597,225,1
atitlan,2025-01-18,684150.0,1614450.0,0.2712149,14.759388,225,1
atitlan,2025-01-18,684450.0,1614450.0,0.28274482,16.472147,225,1
atitlan,2025-01-18,684750.0,1614450.0,0.3523328,27.266413,225,1
atitlan,2025-01-18,685050.0,1614450.0,0.32955244,25.126162,225,1
atitlan,2025-01-18,685350.0,1614450.0,0.36536336,29.192924,225,1
atitlan,2025-01-18,685650.0,1614450.0,0.35497403,26.443687,225,1
atitlan,2025-01-18,685950.0,1614450.0,0.356429,27.324783,225,1
atitlan,2025-01-18,686250.0,1614450.0,0.3387419,23.86939,225,1
atitlan,2025-01-18,686550.0,1614450.0,0.3365851,23.453777,225,1
atitlan,2025-01-18,686850.0,1614450.0,0.3523136,26.461979,225,1
atitlan,2025-01-18,687150.0,1614450.0,0.34011567,24.343935,225,1
atitlan,2025-01-18,687450.0,1614450.0,0.2985747,17.833927,225,1
atitlan,2025-01-18,687750.0,1614450.0,0.34175375,24.80244,225,1
atitlan,2025-01-18,688050.0,1614450.0,0.33981502,23.595388,225,1
atitlan,2025-01-18,688350.0,1614450.0,0.3102865,20.036041,225,1
atitlan,2025-01-18,688650.0,1614450.0,0.20495303,9.700312,225,0
atitlan,2025-01-18,688950.0,1614450.0,0.27545366,17.31555,225,1
atitlan,2025-01-18,689250.0,1614450.0,0.33379585,24.551586,225,1
atitlan,2025-01-18,689550.0,1614450.0,0.33928958,25.86687,225,1
atitlan,2025-01-18,689850.0,1614450.0,0.29190478,21.164381,225,1
atitlan,2025-01-18,690150.0,1614450.0,0.3265684,22.584002,225,1
atitlan,2025-01-18,690450.0,1614450.0,0.3458066,25.86516,225,1
atitlan,2025-01-18,690750.0,1614450.0,0.2807002,17.146133,225,1
atitlan,2025-01-18,691050.0,1614450.0,0.26664472,14.355145,225,1
atitlan,2025-01-18,691350.0,1614450.0,0.2893118,15.879837,225,1
atitlan,2025-01-18,691650.0,1614450.0,0.2749774,14.018081,225,1
atitlan,2025-01-18,691950.0,1614450.0,0.24985273,12.38819,225,1
atitlan,2025-01-18,692250.0,1614450.0,0.2628728,13.199646,225,1
atitlan,2025-01-18,692550.0,1614450.0,0.27771792,14.489007,225,1
atitlan,2025-01-18,692850.0,1614450.0,0.27835187,14.3353615,225,1
atitlan,2025-01-18,693150.0,1614450.0,0.2802272,14.320632,225,1
atitlan,2025-01-18,693450.0,1614450.0,0.2798285,14.329942,225,1
atitlan,2025-01-18,693750.0,1614450.0,0.25334257,12.053744,225,1
atitlan,2025-01-18,694050.0,1614450.0,0.23407589,10.194786,225,0
atitlan,2025-01-18,694350.0,1614450.0,0.23561282,10.008647,225,0
atitlan,2025-01-18,694650.0,1614450.0,0.24311365,10.982632,225,0
atitlan,2025-01-18,694950.0,1614450.0,0.2556804,11.859799,225,0
atitlan,2025-01-18,695250.0,1614450.0,0.2543283,11.7558365,225,0
atitlan,2025-01-18,695550.0,1614450.0,0.24690418,11.307529,225,0
atitlan,2025-01-18,695850.0,1614450.0,0.26509416,12.982272,225,1
atitlan,2025-01-18,696150.0,1614450.0,0.29368794,16.339344,225,1
atitlan,2025-01-18,696450.0,1614450.0,0.28310066,15.372879,225,1
atitlan,2025-01-18,696750.0,1614450.0,0.30899373,20.060799,225,1
atitlan,2025-01-18,697050.0,1614450.0,0.28396893,16.227047,225,1
atitlan,2025-01-18,697350.0,1614450.0,0.26389754,14.618635,225,1
atitlan,2025-01-18,697650.0,1614450.0,0.2599732,14.994909,225,1
atitlan,2025-01-18,697950.0,1614450.0,0.28861067,17.159319,225,1
atitlan,2025-01-18,698250.0,1614450.0,0.2724812,14.922251,225,1
atitlan,2025-01-18,698550.0,1614450.0,0.29306808,16.838667,225,1
atitlan,2025-01-18,698850.0,1614450.0,0.27382153,15.260728,225,1
atitlan,2025-01-18,699150.0,1614450.0,0.27832767,15.830441,225,1
atitlan,2025-01-18,699450.0,1614450.0,0.27243525,15.062112,225,1
atitlan,2025-01-18,699750.0,1614450.0,0.2562016,14.538963,225,1
atitlan,2025-01-18,700050.0,1614450.0,0.24225925,15.953576,225,1
atitlan,2025-01-18,700350.0,1614450.0,0.27825823,16.120218,225,1
atitlan,2025-01-18,700650.0,1614450.0,0.24296167,13.406714,225,1
atitlan,2025-01-18,700950.0,1614450.0,0.17758092,9.072,225,0
atitlan,2025-01-18,701250.0,1614450.0,0.24573494,12.837519,225,1
atitlan,2025-01-18,701550.0,1614450.0,0.24261487,12.91473,225,1
atitlan,2025-01-18,701850.0,1614450.0,0.24320775,13.850376,225,1
atitlan,2025-01-18,702150.0,1614450.0,0.26898226,14.174492,225,1
atitlan,2025-01-18,702450.0,1614450.0,0.27721304,14.894983,225,1
atitlan,2025-01-18,702750.0,1614450.0,0.2987654,18.438313,225,1
atitlan,2025-01-18,703050.0,1614450.0,0.31336418,20.104488,225,1
atitlan,2025-01-18,703350.0,1614450.0,0.3069572,18.11888,225,1
atitlan,2025-01-18,703650.0,1614450.0,0.24695897,15.624688,225,1
atitlan,2025-01-18,703950.0,1614450.0,0.24460651,14.316869,225,1
atitlan,2025-01-18,704250.0,1614450.0,0.32278252,21.700844,225,1
atitlan,2025-01-18,704550.0,1614450.0,0.30887407,20.126373,225,1
atitlan,2025-01-18,704850.0,1614450.0,0.21847339,13.105965,225,1
atitlan,2025-01-18,705150.0,1614450.0,0.22343569,12.805106,225,1
atitlan,2025-01-18,705450.0,1614450.0,0.2982508,18.951786,225,1
atitlan,2025-01-18,705750.0,1614450.0,0.3342148,24.075205,225,1
atitlan,2025-01-18,706050.0,1614450.0,0.33710766,25.654062,225,1
atitlan,2025-01-18,706350.0,1614450.0,0.3282611,24.594412,225,1
atitlan,2025-01-18,706650.0,1614450.0,0.28831717,18.89393,225,1
atitlan,2025-01-18,706950.0,1614450.0,0.3481268,26.418211,225,1
atitlan,2025-01-18,707250.0,1614450.0,0.3651374,28.59189,225,1
atitlan,2025-01-18,707550.0,1614450.0,0.37824416,32.239822,225,1
atitlan,2025-01-18,707850.0,1614450.0,0.36836866,29.73986,45,1
atitlan,2025-01-18,680250.0,1614750.0,0.2472357,11.6882925,180,0
atitlan,2025-01-18,680550.0,1614750.0,0.29476517,16.77056,225,1
atitlan,2025-01-18,680850.0,1614750.0,0.33954448,24.490688,225,1
atitlan,2025-01-18,681150.0,1614750.0,0.32633084,22.739899,225,1
atitlan,2025-01-18,681450.0,1614750.0,0.35393262,26.45936,225,1
atitlan,2025-01-18,681750.0,1614750.0,0.32610175,22.26481,225,1
atitlan,2025-01-18,682050.0,1614750.0,0.3534047,26.501717,225,1
atitlan,2025-01-18,682350.0,1614750.0,0.27179635,18.010197,225,1
atitlan,2025-01-18,682650.0,1614750.0,0.35631454,26.946064,225,1
atitlan,2025-01-18,682950.0,1614750.0,0.29034346,17.812828,225,1
atitlan,2025-01-18,683250.0,1614750.0,0.3478802,25.567436,225,1
atitlan,2025-01-18,683550.0,1614750.0,0.3165357,21.27873,225,1
atitlan,2025-01-18,683850.0,1614750.0,0.26459056,16.519457,225,1
atitlan,2025-01-18,684150.0,1614750.0,0.21429488,11.121144,225,0
atitlan,2025-01-18,684450.0,1614750.0,0.19382732,9.701627,225,0
atitlan,2025-01-18,684750.0,1614750.0,0.25118026,12.554458,225,1
atitlan,2025-01-18,685050.0,1614750.0,0.27004656,15.2172785,225,1
atitlan,2025-01-18,685350.0,1614750.0,0.36503506,28.634594,225,1
atitlan,2025-01-18,685650.0,1614750.0,0.37390718,30.9875,225,1
atitlan,2025-01-18,685950.0,1614750.0,0.3591579,27.6653,225,1
atitlan,2025-01-18,686250.0,1614750.0,0.35984007,28.054928,225,1
atitlan,2025-01-18,686550.0,1614750.0,0.33600178,24.276678,225,1
atitlan,2025-01-18,686850.0,1614750.0,0.3529298,26.31565,225,1
atitlan,2025-01-18,687150.0,1614750.0,0.3461734,24.68714,225,1
atitlan,2025-01-18,687450.0,1614750.0,0.30438972,19.138954,225,1
atitlan,2025-01-18,687750.0,1614750.0,0.28684098,16.490173,225,1
atitlan,2025-01-18,688050.0,1614750.0,0.3139023,21.785343,225,1
atitlan,2025-01-18,688350.0,1614750.0,0.34516147,25.200603,225,1
atitlan,2025-01-18,688650.0,1614750.0,0.31017295,20.077103,225,1
atitlan,2025-01-18,688950.0,1614750.0,0.2765225,17.449335,225,1
atitlan,2025-01-18,689250.0,1614750.0,0.248867,14.01185,225,1
atitlan,2025-01-18,689550.0,1614750.0,0.26500595,14.938647,225,1
atitlan,2025-01-18,689850.0,1614750.0,0.26994383,15.591648,225,1
atitlan,2025-01-18,690150.0,1614750.0,0.25201264,14.006102,225,1
atitlan,2025-01-18,690450.0,1614750.0,0.19986598,9.446283,225,0
atitlan,2025-01-18,690750.0,1614750.0,0.21908413,9.952183,225,0
atitlan,2025-01-18,691050.0,1614750.0,0.28551096,16.11283,225,1
atitlan,2025-01-18,691350.0,1614750.0,0.28142774,15.760578,225,1
atitlan,2025-01-18,691650.0,1614750.0,0.29199755,16.675173,225,1
atitlan,2025-01-18,691950.0,1614750.0,0.27507448,14.638301,225,1
atitlan,2025-01-18,692250.0,1614750.0,0.27627605,14.154045,225,1
atitlan,2025-01-18,692550.0,1614750.0,0.27089018,13.403067,225,1
atitlan,2025-01-18,692850.0,1614750.0,0.2787982,14.244556,225,1
atitlan,2025-01-18,693150.0,1614750.0,0.27247253,13.376961,225,1
atitlan,2025-01-18,693450.0,1614750.0,0.28268108,14.846451,225,1
atitlan,2025-01-18,693750.0,1614750.0,0.26559415,13.308225,225,1
atitlan,2025-01-18,694050.0,1614750.0,0.24784303,11.234837,225,0
atitlan,2025-01-18,694350.0,1614750.0,0.24588224,10.938033,225,0
atitlan,2025-01-18,694650.0,1614750.0,0.24980557,11.273548,225,0
atitlan,2025-01-18,694950.0,1614750.0,0.2542155,11.733078,225,0
atitlan,2025-01-18,695250.0,1614750.0,0.26744384,13.0506935,225,1
atitlan,2025-01-18,695550.0,1614750.0,0.26265356,12.489966,225,1
atitlan,2025-01-18,695850.0,1614750.0,0.27176255,13.83899,225,1
atitlan,2025-01-18,696150.0,1614750.0,0.2963753,16.727882,225,1
atitlan,2025-01-18,696450.0,1614750.0,0.3025113,17.15155,225,1
atitlan,2025-01-18,696750.0,1614750.0,0.30830118,18.33138,225,1
atitlan,2025-01-18,697050.0,1614750.0,0.29580474,17.710632,225,1
atitlan,2025-01-18,697350.0,1614750.0,0.27162254,15.698752,225,1
atitlan,2025-01-18,697650.0,1614750.0,0.29158714,17.421358,225,1
atitlan,2025-01-18,697950.0,1614750.0,0.30052388,17.946362,225,1
atitlan,2025-01-18,698250.0,1614750.0,0.29445112,17.382185,225,1
atitlan,2025-01-18,698550.0,1614750.0,0.27986875,15.291769,225,1
atitlan,2025-01-18,698850.0,1614750.0,0.2414696,12.5674305,225,1
atitlan,2025-01-18,699150.0,1614750.0,0.26830807,15.020471,225,1
atitlan,2025-01-18,699450.0,1614750.0,0.2725774,14.7655325,225,1
atitlan,2025-01-18,699750.0,1614750.0,0.2564054,12.845792,225,1
atitlan,2025-01-18,700050.0,1614750.0,0.29168162,16.469109,225,1
atitlan,2025-01-18,700350.0,1614750.0,0.30630463,18.968626,225,1
atitlan,2025-01-18,700650.0,1614750.0,0.2860758,15.746557,225,1
atitlan,2025-01-18,700950.0,1614750.0,0.25915855,14.510489,225,1
atitlan,2025-01-18,701250.0,1614750.0,0.22343475,11.242667,225,0
atitlan,2025-01-18,701550.0,1614750.0,0.11835084,6.7135825,225,0
atitlan,2025-01-18,701850.0,1614750.0,0.11098998,7.0635805,225,0
atitlan,2025-01-18,702150.0,1614750.0,0.23905583,13.028125,225,1
atitlan,2025-01-18,702450.0,1614750.0,0.30751914,18.97844,225,1
atitlan,2025-01-18,702750.0,1614750.0,0.302005,18.026531,225,1
atitlan,2025-01-18,703050.0,1614750.0,0.31939277,20.00231,225,1
atitlan,2025-01-18,703350.0,1614750.0,0.2921642,17.037088,225,1
atitlan,2025-01-18,703650.0,1614750.0,0.2934455,18.6352,225,1
atitlan,2025-01-18,703950.0,1614750.0,0.21497175,13.038364,225,1
atitlan,2025-01-18,704250.0,1614750.0,0.33570537,23.39411,225,1
atitlan,2025-01-18,704550.0,1614750.0,0.32765254,22.879057,225,1
atitlan,2025-01-18,704850.0,1614750.0,0.3173162,21.362946,225,1
atitlan,2025-01-18,705150.0,1614750.0,0.28814977,17.952713,225,1
atitlan,2025-01-18,705450.0,1614750.0,0.2558516,14.459357,225,1
atitlan,2025-01-18,705750.0,1614750.0,0.25060415,16.067816,225,1
atitlan,2025-01-18,706050.0,1614750.0,0.2712599,18.68381,225,1
atitlan,2025-01-18,706350.0,1614750.0,0.30694154,22.336721,225,1
atitlan,2025-01-18,706650.0,1614750.0,0.30868748,21.356195,225,1
atitlan,2025-01-18,706950.0,1614750.0,0.29616603,19.861917,225,1
atitlan,2025-01-18,707250.0,1614750.0,0.38244757,32.944378,225,1
atitlan,2025-01-18,707550.0,1614750.0,0.37025383,30.843933,225,1
atitlan,2025-01-18,707850.0,1614750.0,0.372853,30.691998,45,1
atitlan,2025-01-18,680250.0,1615050.0,0.26934627,13.573859,180,1
atitlan,2025-01-18,680550.0,1615050.0,0.29001638,15.676107,225,1
atitlan,2025-01-18,680850.0,1615050.0,0.3218599,21.1634,225,1
atitlan,2025-01-18,681150.0,1615050.0,0.33107013,22.720057,225,1
atitlan,2025-01-18,681450.0,1615050.0,0.343412,23.793602,225,1
atitlan,2025-01-18,681750.0,1615050.0,0.35064754,25.135698,225,1
atitlan,2025-01-18,682050.0,1615050.0,0.35718364,26.774557,225,1
atitlan,2025-01-18,682350.0,1615050.0,0.32238972,21.705273,225,1
atitlan,2025-01-18,682650.0,1615050.0,0.35818335,27.764503,225,1
atitlan,2025-01-18,682950.0,1615050.0,0.33116296,23.530727,225,1
atitlan,2025-01-18,683250.0,1615050.0,0.33782262,24.127825,225,1
atitlan,2025-01-18,683550.0,1615050.0,0.30884156,20.103264,225,1
atitlan,2025-01-18,683850.0,1615050.0,0.32067463,20.91461,225,1
atitlan,2025-01-18,684150.0,1615050.0,0.3343969,23.103876,225,1
atitlan,2025-01-18,684450.0,1615050.0,0.26852727,16.83127,225,1
atitlan,2025-01-18,684750.0,1615050.0,0.22509195,11.0798025,225,0
atitlan,2025-01-18,685050.0,1615050.0,0.20948364,10.470087,225,0
atitlan,2025-01-18,685350.0,1615050.0,0.34953874,27.492174,225,1
atitlan,2025-01-18,685650.0,1615050.0,0.36663195,29.195559,225,1
atitlan,2025-01-18,685950.0,1615050.0,0.35821235,27.90636,225,1
atitlan,2025-01-18,686250.0,1615050.0,0.3693544,29.980844,225,1
atitlan,2025-01-18,686550.0,1615050.0,0.34206387,24.68496,225,1
atitlan,2025-01-18,686850.0,1615050.0,0.35516042,26.910774,225,1
atitlan,2025-01-18,687150.0,1615050.0,0.35058215,25.68572,225,1
atitlan,2025-01-18,687450.0,1615050.0,0.3275433,21.72486,225,1
atitlan,2025-01-18,687750.0,1615050.0,0.30990952,19.906815,225,1
atitlan,2025-01-18,688050.0,1615050.0,0.28908455,17.520338,225,1
atitlan,2025-01-18,688350.0,1615050.0,0.3099179,19.632055,225,1
atitlan,2025-01-18,688650.0,1615050.0,0.34226006,25.22366,225,1
atitlan,2025-01-18,688950.0,1615050.0,0.32889354,22.395267,225,1
atitlan,2025-01-18,689250.0,1615050.0,0.28661442,17.418673,225,1
atitlan,2025-01-18,689550.0,1615050.0,0.23200771,12.535873,225,1
atitlan,2025-01-18,689850.0,1615050.0,0.24534848,11.9427395,225,0
atitlan,2025-01-18,690150.0,1615050.0,0.2229839,10.795684,225,0
atitlan,2025-01-18,690450.0,1615050.0,0.26427996,14.016658,225,1
atitlan,2025-01-18,690750.0,1615050.0,0.281025,16.173054,225,1
atitlan,2025-01-18,691050.0,1615050.0,0.24457406,14.295541,225,1
atitlan,2025-01-18,691350.0,1615050.0,0.2771312,15.758812,225,1
atitlan,2025-01-18,691650.0,1615050.0,0.27533272,14.516088,225,1
atitlan,2025-01-18,691950.0,1615050.0,0.26787224,13.832257,225,1
atitlan,2025-01-18,692250.0,1615050.0,0.26396063,12.752257,225,1
atitlan,2025-01-18,692550.0,1615050.0,0.27411273,13.763226,225,1
atitlan,2025-01-18,692850.0,1615050.0,0.28197137,14.360902,225,1
atitlan,2025-01-18,693150.0,1615050.0,0.2707323,13.505122,225,1
atitlan,2025-01-18,693450.0,1615050.0,0.29212213,16.032825,225,1
atitlan,2025-01-18,693750.0,1615050.0,0.29175225,15.66922,225,1
atitlan,2025-01-18,694050.0,1615050.0,0.2802413,14.44907,225,1
atitlan,2025-01-18,694350.0,1615050.0,0.2713001,13.724264,225,1
atitlan,2025-01-18,694650.0,1615050.0,0.27560335,14.622972,225,1
atitlan,2025-01-18,694950.0,1615050.0,0.28502092,15.43904,225,1
atitlan,2025-01-18,695250.0,1615050.0,0.30075264,17.46867,225,1
atitlan,2025-01-18,695550.0,1615050.0,0.25288606,13.78308,225,1
atitlan,2025-01-18,695850.0,1615050.0,0.27460456,14.496183,225,1
atitlan,2025-01-18,696150.0,1615050.0,0.3079209,18.35621,225,1
atitlan,2025-01-18,696450.0,1615050.0,0.3086596,18.19171,225,1
atitlan,2025-01-18,696750.0,1615050.0,0.30327666,17.50732,225,1
atitlan,2025-01-18,697050.0,1615050.0,0.30874935,18.392262,225,1
atitlan,2025-01-18,697350.0,1615050.0,0.30176136,17.7494,225,1
atitlan,2025-01-18,697650.0,1615050.0,0.2707301,16.007109,225,1
atitlan,2025-01-18,697950.0,1615050.0,0.29703888,16.91672,225,1
atitlan,2025-01-18,698250.0,1615050.0,0.29218686,16.723734,225,1
atitlan,2025-01-18,698550.0,1615050.0,0.29029894,16.48427,225,1
atitlan,2025-01-18,698850.0,1615050.0,0.28249073,15.735319,225,1
atitlan,2025-01-18,699150.0,1615050.0,0.27305916,14.839292,225,1
atitlan,2025-01-18,699450.0,1615050.0,0.27360728,14.450878,225,1
atitlan,2025-01-18,699750.0,1615050.0,0.27089432,13.955752,225,1
atitlan,2025-01-18,700050.0,1615050.0,0.2621061,13.163662,225,1
atitlan,2025-01-18,700350.0,1615050.0,0.26981872,13.5472,225,1
atitlan,2025-01-18,700650.0,1615050.0,0.22350335,11.886753,225,0
atitlan,2025-01-18,700950.0,1615050.0,0.22068863,12.25682,225,1
atitlan,2025-01-18,701250.0,1615050.0,0.22874711,11.907509,225,0
atitlan,2025-01-18,701550.0,1615050.0,0.27520588,15.398868,225,1
atitlan,2025-01-18,701850.0,1615050.0,0.3111051,18.912308,225,1
atitlan,2025-01-18,702150.0,1615050.0,0.3095357,19.22144,225,1
atitlan,2025-01-18,702450.0,1615050.0,0.30403453,18.151804,225,1
atitlan,2025-01-18,702750.0,1615050.0,0.27642035,14.624921,225,1
atitlan,2025-01-18,703050.0,1615050.0,0.22705406,10.941764,225,0
atitlan,2025-01-18,703350.0,1615050.0,0.2382985,13.273776,225,1
atitlan,2025-01-18,703650.0,1615050.0,0.30849674,19.868608,225,1
atitlan,2025-01-18,703950.0,1615050.0,0.25676307,16.38073,225,1
atitlan,2025-01-18,704250.0,1615050.0,0.32865047,23.687284,225,1
atitlan,2025-01-18,704550.0,1615050.0,0.31653687,22.240345,225,1
atitlan,2025-01-18,704850.0,1615050.0,0.26540282,15.390913,225,1
atitlan,2025-01-18,705150.0,1615050.0,0.27080742,16.253983,225,1
atitlan,2025-01-18,705450.0,1615050.0,0.23347399,12.218891,225,1
atitlan,2025-01-18,705750.0,1615050.0,0.22557645,11.249389,225,0
atitlan,2025-01-18,706050.0,1615050.0,0.17145404,8.501473,225,0
atitlan,2025-01-18,706350.0,1615050.0,0.17413206,8.374656,225,0
atitlan,2025-01-18,706650.0,1615050.0,0.18773831,9.790954,225,0
atitlan,2025-01-18,706950.0,1615050.0,0.13684975,7.8449264,225,0
atitlan,2025-01-18,707250.0,1615050.0,0.31157312,20.796183,225,1
atitlan,2025-01-18,707550.0,1615050.0,0.36164004,27.748928,225,1
atitlan,2025-01-18,707850.0,1615050.0,0.345575,24.490921,45,1
atitlan,2025-01-18,680250.0,1615350.0,0.254634,13.947891,180,1
atitlan,2025-01-18,680550.0,1615350.0,0.32283017,22.423004,225,1
atitlan,2025-01-18,680850.0,1615350.0,0.38432008,35.62719,225,1
atitlan,2025-01-18,681150.0,1615350.0,0.36372814,29.29992,225,1
atitlan,2025-01-18,681450.0,1615350.0,0.34280768,23.811293,225,1
atitlan,2025-01-18,681750.0,1615350.0,0.34764758,24.60022,225,1
atitlan,2025-01-18,682050.0,1615350.0,0.3578233,26.775723,225,1
atitlan,2025-01-18,682350.0,1615350.0,0.3099285,19.28593,225,1
atitlan,2025-01-18,682650.0,1615350.0,0.34694368,24.911814,225,1
atitlan,2025-01-18,682950.0,1615350.0,0.36510855,28.850716,225,1
atitlan,2025-01-18,683250.0,1615350.0,0.35270512,26.56377,225,1
atitlan,2025-01-18,683550.0,1615350.0,0.3400673,25.25186,225,1
atitlan,2025-01-18,683850.0,1615350.0,0.30029103,18.1598,225,1
atitlan,2025-01-18,684150.0,1615350.0,0.35530445,26.741306,225,1
atitlan,2025-01-18,684450.0,1615350.0,0.32837483,22.243954,225,1
atitlan,2025-01-18,684750.0,1615350.0,0.28393862,19.793085,225,1
atitlan,2025-01-18,685050.0,1615350.0,0.21623054,11.158365,225,0
atitlan,2025-01-18,685350.0,1615350.0,0.30982035,19.829803,225,1
atitlan,2025-01-18,685650.0,1615350.0,0.37631103,31.60038,225,1
atitlan,2025-01-18,685950.0,1615350.0,0.38230726,33.13121,225,1
atitlan,2025-01-18,686250.0,1615350.0,0.36022142,28.287035,225,1
atitlan,2025-01-18,686550.0,1615350.0,0.33289748,23.085323,225,1
atitlan,2025-01-18,686850.0,1615350.0,0.3516952,26.054913,225,1
atitlan,2025-01-18,687150.0,1615350.0,0.34704748,25.18497,225,1
atitlan,2025-01-18,687450.0,1615350.0,0.32803723,21.896936,225,1
atitlan,2025-01-18,687750.0,1615350.0,0.33917797,24.092855,225,1
atitlan,2025-01-18,688050.0,1615350.0,0.31943437,22.031593,225,1
atitlan,2025-01-18,688350.0,1615350.0,0.28136185,16.48794,225,1
atitlan,2025-01-18,688650.0,1615350.0,0.25753567,13.779255,225,1
atitlan,2025-01-18,688950.0,1615350.0,0.20949173,10.655952,225,0
atitlan,2025-01-18,689250.0,1615350.0,0.23049346,11.582012,225,0
atitlan,2025-01-18,689550.0,1615350.0,0.25753874,12.790834,225,1
atitlan,2025-01-18,689850.0,1615350.0,0.2827392,15.996108,225,1
atitlan,2025-01-18,690150.0,1615350.0,0.22887029,10.442453,225,0
atitlan,2025-01-18,690450.0,1615350.0,0.2721034,15.189678,225,1
atitlan,2025-01-18,690750.0,1615350.0,0.281571,16.856348,225,1
atitlan,2025-01-18,691050.0,1615350.0,0.29681617,17.16606,225,1
atitlan,2025-01-18,691350.0,1615350.0,0.29264268,16.400112,225,1
atitlan,2025-01-18,691650.0,1615350.0,0.28990397,15.793528,225,1
atitlan,2025-01-18,691950.0,1615350.0,0.26657602,13.264451,225,1
atitlan,2025-01-18,692250.0,1615350.0,0.26326904,12.80259,225,1
atitlan,2025-01-18,692550.0,1615350.0,0.26569209,13.043914,225,1
atitlan,2025-01-18,692850.0,1615350.0,0.2753043,13.869891,225,1
atitlan,2025-01-18,693150.0,1615350.0,0.29301327,15.9437475,225,1
atitlan,2025-01-18,693450.0,1615350.0,0.283578,15.008829,225,1
atitlan,2025-01-18,693750.0,1615350.0,0.3014282,17.772165,225,1
atitlan,2025-01-18,694050.0,1615350.0,0.30338284,18.226788,225,1
atitlan,2025-01-18,694350.0,1615350.0,0.31326163,19.97056,225,1
atitlan,2025-01-18,694650.0,1615350.0,0.3495538,27.050114,225,1
atitlan,2025-01-18,694950.0,1615350.0,0.36359715,29.578068,225,1
atitlan,2025-01-18,695250.0,1615350.0,0.37839404,31.86334,225,1
atitlan,2025-01-18,695550.0,1615350.0,0.3438581,25.768312,225,1
atitlan,2025-01-18,695850.0,1615350.0,0.31853217,21.652422,225,1
atitlan,2025-01-18,696150.0,1615350.0,0.296038,17.583836,225,1
atitlan,2025-01-18,696450.0,1615350.0,0.24583133,15.378922,225,1
atitlan,2025-01-18,696750.0,1615350.0,0.22449073,13.068673,225,1
atitlan,2025-01-18,697050.0,1615350.0,0.26751053,14.668153,225,1
atitlan,2025-01-18,697350.0,1615350.0,0.29192987,16.221195,225,1
atitlan,2025-01-18,697650.0,1615350.0,0.30620822,19.29689,225,1
atitlan,2025-01-18,697950.0,1615350.0,0.30188072,17.676065,225,1
atitlan,2025-01-18,698250.0,1615350.0,0.30314308,18.044586,225,1
atitlan,2025-01-18,698550.0,1615350.0,0.29184183,16.676067,225,1
atitlan,2025-01-18,698850.0,1615350.0,0.2850893,16.465727,225,1
atitlan,2025-01-18,699150.0,1615350.0,0.27257863,15.029455,225,1
atitlan,2025-01-18,699450.0,1615350.0,0.27368364,15.087858,225,1
atitlan,2025-01-18,699750.0,1615350.0,0.27250248,14.785227,225,1
atitlan,2025-01-18,700050.0,1615350.0,0.26323313,13.6555195,225,1
atitlan,2025-01-18,700350.0,1615350.0,0.26595312,14.652353,225,1
atitlan,2025-01-18,700650.0,1615350.0,0.16072296,10.097661,225,0
atitlan,2025-01-18,700950.0,1615350.0,0.14647712,8.364781,225,0
atitlan,2025-01-18,701250.0,1615350.0,0.23170458,12.229308,225,1
atitlan,2025-01-18,701550.0,1615350.0,0.29762664,18.22809,225,1
atitlan,2025-01-18,701850.0,1615350.0,0.33273485,22.470226,225,1
atitlan,2025-01-18,702150.0,1615350.0,0.2697549,14.369874,225,1
atitlan,2025-01-18,702450.0,1615350.0,0.3045079,19.057148,225,1
atitlan,2025-01-18,702750.0,1615350.0,0.2942678,17.172606,225,1
atitlan,2025-01-18,703050.0,1615350.0,0.30910206,19.223291,225,1
atitlan,2025-01-18,703350.0,1615350.0,0.29724237,17.577969,225,1
atitlan,2025-01-18,703650.0,1615350.0,0.30379185,19.879068,225,1
atitlan,2025-01-18,703950.0,1615350.0,0.33688313,23.357021,225,1
atitlan,2025-01-18,704250.0,1615350.0,0.30530566,20.538492,225,1
atitlan,2025-01-18,704550.0,1615350.0,0.3269734,22.664314,225,1
atitlan,2025-01-18,704850.0,1615350.0,0.3044515,19.831013,225,1
atitlan,2025-01-18,705150.0,1615350.0,0.30404934,19.551405,225,1
atitlan,2025-01-18,705450.0,1615350.0,0.3018797,20.282858,225,1
atitlan,2025-01-18,705750.0,1615350.0,0.28967944,17.082977,225,1
atitlan,2025-01-18,706050.0,1615350.0,0.26379424,14.530819,225,1
atitlan,2025-01-18,706350.0,1615350.0,0.14837058,7.2290235,225,0
atitlan,2025-01-18,706650.0,1615350.0,0.2522694,13.792183,225,1
atitlan,2025-01-18,706950.0,1615350.0,0.22734214,11.851061,225,0
atitlan,2025-01-18,707250.0,1615350.0,0.14494766,7.143089,225,0
atitlan,2025-01-18,707550.0,1615350.0,0.11496462,8.044684,225,0
atitlan,2025-01-18,707850.0,1615350.0,0.16987634,12.404857,45,1
atitlan,2025-01-18,680250.0,1615650.0,0.35606483,27.664364,180,1
atitlan,2025-01-18,680550.0,1615650.0,0.32731128,24.149996,225,1
atitlan,2025-01-18,680850.0,1615650.0,0.4210838,45.19771,225,1
atitlan,2025-01-18,681150.0,1615650.0,0.42284492,44.381226,225,1
atitlan,2025-01-18,681450.0,1615650.0,0.3562065,26.94937,225,1
atitlan,2025-01-18,681750.0,1615650.0,0.34569478,24.521343,225,1
atitlan,2025-01-18,682050.0,1615650.0,0.35605064,26.64232,225,1
atitlan,2025-01-18,682350.0,1615650.0,0.32833767,22.52916,225,1
atitlan,2025-01-18,682650.0,1615650.0,0.34764114,25.313818,225,1
atitlan,2025-01-18,682950.0,1615650.0,0.34822628,25.483696,225,1
atitlan,2025-01-18,683250.0,1615650.0,0.3503233,26.186325,225,1
atitlan,2025-01-18,683550.0,1615650.0,0.36113372,28.744492,225,1
atitlan,2025-01-18,683850.0,1615650.0,0.2711871,16.890182,225,1
atitlan,2025-01-18,684150.0,1615650.0,0.27500257,17.417564,225,1
atitlan,2025-01-18,684450.0,1615650.0,0.35888824,28.432524,225,1
atitlan,2025-01-18,684750.0,1615650.0,0.3517936,26.932508,225,1
atitlan,2025-01-18,685050.0,1615650.0,0.34005556,25.794321,225,1
atitlan,2025-01-18,685350.0,1615650.0,0.29674262,17.63945,225,1
atitlan,2025-01-18,685650.0,1615650.0,0.37415296,31.466362,225,1
atitlan,2025-01-18,685950.0,1615650.0,0.3671979,29.787634,225,1
atitlan,2025-01-18,686250.0,1615650.0,0.365464,29.371735,225,1
atitlan,2025-01-18,686550.0,1615650.0,0.34360912,24.983885,225,1
atitlan,2025-01-18,686850.0,1615650.0,0.35978314,27.835287,225,1
atitlan,2025-01-18,687150.0,1615650.0,0.35966197,27.53924,225,1
atitlan,2025-01-18,687450.0,1615650.0,0.3103156,19.2219,225,1
atitlan,2025-01-18,687750.0,1615650.0,0.2869167,16.245872,225,1
atitlan,2025-01-18,688050.0,1615650.0,0.23197979,12.340356,225,1
atitlan,2025-01-18,688350.0,1615650.0,0.23521802,11.616737,225,0
atitlan,2025-01-18,688650.0,1615650.0,0.27801847,16.279606,225,1
atitlan,2025-01-18,688950.0,1615650.0,0.27695766,17.18171,225,1
atitlan,2025-01-18,689250.0,1615650.0,0.22890046,12.174685,225,1
atitlan,2025-01-18,689550.0,1615650.0,0.23091818,11.312076,225,0
atitlan,2025-01-18,689850.0,1615650.0,0.276336,15.138835,225,1
atitlan,2025-01-18,690150.0,1615650.0,0.27345696,15.044791,225,1
atitlan,2025-01-18,690450.0,1615650.0,0.26982206,15.308814,225,1
atitlan,2025-01-18,690750.0,1615650.0,0.27065343,15.271025,225,1
atitlan,2025-01-18,691050.0,1615650.0,0.3144771,19.63337,225,1
atitlan,2025-01-18,691350.0,1615650.0,0.30336624,18.615932,225,1
atitlan,2025-01-18,691650.0,1615650.0,0.26482555,13.22449,225,1
atitlan,2025-01-18,691950.0,1615650.0,0.26187629,13.591952,225,1
atitlan,2025-01-18,692250.0,1615650.0,0.28119773,15.495206,225,1
atitlan,2025-01-18,692550.0,1615650.0,0.2766073,13.954054,225,1
atitlan,2025-01-18,692850.0,1615650.0,0.28855857,15.298649,225,1
atitlan,2025-01-18,693150.0,1615650.0,0.30557993,17.904947,225,1
atitlan,2025-01-18,693450.0,1615650.0,0.33088815,22.23946,225,1
atitlan,2025-01-18,693750.0,1615650.0,0.32642218,22.609753,225,1
atitlan,2025-01-18,694050.0,1615650.0,0.30840975,19.37399,225,1
atitlan,2025-01-18,694350.0,1615650.0,0.31163967,19.768497,225,1
atitlan,2025-01-18,694650.0,1615650.0,0.349232,27.596006,225,1
atitlan,2025-01-18,694950.0,1615650.0,0.37014845,31.520239,225,1
atitlan,2025-01-18,695250.0,1615650.0,0.37261048,30.264622,225,1
atitlan,2025-01-18,695550.0,1615650.0,0.36211842,28.006565,225,1
atitlan,2025-01-18,695850.0,1615650.0,0.355565,26.781807,225,1
atitlan,2025-01-18,696150.0,1615650.0,0.35735488,26.936523,225,1
atitlan,2025-01-18,696450.0,1615650.0,0.34399432,24.109802,225,1
atitlan,2025-01-18,696750.0,1615650.0,0.29597247,17.932833,225,1
atitlan,2025-01-18,697050.0,1615650.0,0.27352515,16.413744,225,1
atitlan,2025-01-18,697350.0,1615650.0,0.27641153,15.921821,225,1
atitlan,2025-01-18,697650.0,1615650.0,0.2686692,15.252529,225,1
atitlan,2025-01-18,697950.0,1615650.0,0.26699433,15.950464,225,1
atitlan,2025-01-18,698250.0,1615650.0,0.29640356,17.067322,225,1
atitlan,2025-01-18,698550.0,1615650.0,0.30117825,18.271542,225,1
atitlan,2025-01-18,698850.0,1615650.0,0.29741868,16.94493,225,1
atitlan,2025-01-18,699150.0,1615650.0,0.27762723,14.696063,225,1
atitlan,2025-01-18,699450.0,1615650.0,0.27484104,14.6999035,225,1
atitlan,2025-01-18,699750.0,1615650.0,0.27368546,14.497377,225,1
atitlan,2025-01-18,700050.0,1615650.0,0.26564303,13.086299,225,1
atitlan,2025-01-18,700350.0,1615650.0,0.2593532,12.400478,225,1
atitlan,2025-01-18,700650.0,1615650.0,0.24000357,11.575206,225,0
atitlan,2025-01-18,700950.0,1615650.0,0.23130111,11.631062,225,0
atitlan,2025-01-18,701250.0,1615650.0,0.25157773,13.718574,225,1
atitlan,2025-01-18,701550.0,1615650.0,0.30426216,19.101402,225,1
atitlan,2025-01-18,701850.0,1615650.0,0.30692732,19.313108,225,1
atitlan,2025-01-18,702150.0,1615650.0,0.33669907,23.504587,225,1
atitlan,2025-01-18,702450.0,1615650.0,0.3213444,20.69895,225,1
atitlan,2025-01-18,702750.0,1615650.0,0.2910466,17.138784,225,1
atitlan,2025-01-18,703050.0,1615650.0,0.2814893,17.122547,225,1
atitlan,2025-01-18,703350.0,1615650.0,0.319702,21.229927,225,1
atitlan,2025-01-18,703650.0,1615650.0,0.21330535,11.998876,225,0
atitlan,2025-01-18,703950.0,1615650.0,0.3288886,21.65849,225,1
atitlan,2025-01-18,704250.0,1615650.0,0.29071242,18.657526,225,1
atitlan,2025-01-18,704550.0,1615650.0,0.3456504,25.215445,225,1
atitlan,2025-01-18,704850.0,1615650.0,0.30373314,19.467564,225,1
atitlan,2025-01-18,705150.0,1615650.0,0.29804644,18.78828,225,1
atitlan,2025-01-18,705450.0,1615650.0,0.33933535,24.08028,225,1
atitlan,2025-01-18,705750.0,1615650.0,0.28754038,18.266548,225,1
atitlan,2025-01-18,706050.0,1615650.0,0.25584352,14.191672,225,1
atitlan,2025-01-18,706350.0,1615650.0,0.24950635,12.564775,225,1
atitlan,2025-01-18,706650.0,1615650.0,0.23044638,11.958578,225,0
atitlan,2025-01-18,706950.0,1615650.0,0.1443878,7.331115,225,0
atitlan,2025-01-18,707250.0,1615650.0,0.14864382,9.329443,225,0
atitlan,2025-01-18,707550.0,1615650.0,0.1627495,9.227666,225,0
atitlan,2025-01-18,707850.0,1615650.0,0.2147316,11.066793,45,0
atitlan,2025-01-18,680250.0,1615950.0,0.4007153,37.87077,180,1
atitlan,2025-01-18,680550.0,1615950.0,0.39233834,35.914467,225,1
atitlan,2025-01-18,680850.0,1615950.0,0.4123128,41.128967,225,1
atitlan,2025-01-18,681150.0,1615950.0,0.44662234,51.681534,225,1
atitlan,2025-01-18,681450.0,1615950.0,0.37699518,31.693949,225,1
atitlan,2025-01-18,681750.0,1615950.0,0.36108884,27.719961,225,1
atitlan,2025-01-18,682050.0,1615950.0,0.36136988,27.844122,225,1
atitlan,2025-01-18,682350.0,1615950.0,0.36214197,28.485435,225,1
atitlan,2025-01-18,682650.0,1615950.0,0.35800177,27.297554,225,1
atitlan,2025-01-18,682950.0,1615950.0,0.36410987,28.56154,225,1
atitlan,2025-01-18,683250.0,1615950.0,0.33925167,24.643564,225,1
atitlan,2025-01-18,683550.0,1615950.0,0.38718733,34.140144,225,1
atitlan,2025-01-18,683850.0,1615950.0,0.37608096,31.490414,225,1
atitlan,2025-01-18,684150.0,1615950.0,0.2651004,19.240261,225,1
atitlan,2025-01-18,684450.0,1615950.0,0.27258188,17.487278,225,1
atitlan,2025-01-18,684750.0,1615950.0,0.37554857,32.320156,225,1
atitlan,2025-01-18,685050.0,1615950.0,0.37576777,31.302021,225,1
atitlan,2025-01-18,685350.0,1615950.0,0.33991736,24.239252,225,1
atitlan,2025-01-18,685650.0,1615950.0,0.351325,26.32852,225,1
atitlan,2025-01-18,685950.0,1615950.0,0.3712217,30.51544,225,1
atitlan,2025-01-18,686250.0,1615950.0,0.37012443,29.9909,225,1
atitlan,2025-01-18,686550.0,1615950.0,0.35250017,26.359015,225,1
atitlan,2025-01-18,686850.0,1615950.0,0.3466228,24.93172,225,1
atitlan,2025-01-18,687150.0,1615950.0,0.35812083,27.225912,225,1
atitlan,2025-01-18,687450.0,1615950.0,0.30892015,19.387756,225,1
atitlan,2025-01-18,687750.0,1615950.0,0.28235674,15.42472,225,1
atitlan,2025-01-18,688050.0,1615950.0,0.2287577,11.79243,225,0
atitlan,2025-01-18,688350.0,1615950.0,0.23584865,12.302528,225,1
atitlan,2025-01-18,688650.0,1615950.0,0.27025944,15.052049,225,1
atitlan,2025-01-18,688950.0,1615950.0,0.25205526,14.152068,225,1
atitlan,2025-01-18,689250.0,1615950.0,0.24941191,12.135997,225,1
atitlan,2025-01-18,689550.0,1615950.0,0.20374571,9.09072,225,0
atitlan,2025-01-18,689850.0,1615950.0,0.26405522,13.337884,225,1
atitlan,2025-01-18,690150.0,1615950.0,0.2717037,14.189865,225,1
atitlan,2025-01-18,690450.0,1615950.0,0.2939928,16.644955,225,1
atitlan,2025-01-18,690750.0,1615950.0,0.29053628,16.658255,225,1
atitlan,2025-01-18,691050.0,1615950.0,0.29039574,16.21332,225,1
atitlan,2025-01-18,691350.0,1615950.0,0.2830264,15.9654665,225,1
atitlan,2025-01-18,691650.0,1615950.0,0.25881255,12.606286,225,1
atitlan,2025-01-18,691950.0,1615950.0,0.24692912,11.935163,225,0
atitlan,2025-01-18,692250.0,1615950.0,0.24458154,11.52293,225,0
atitlan,2025-01-18,692550.0,1615950.0,0.27465922,14.740809,225,1
atitlan,2025-01-18,692850.0,1615950.0,0.30132145,17.22119,225,1
atitlan,2025-01-18,693150.0,1615950.0,0.2926771,16.570389,225,1
atitlan,2025-01-18,693450.0,1615950.0,0.31014794,18.753176,225,1
atitlan,2025-01-18,693750.0,1615950.0,0.32143632,20.536785,225,1
atitlan,2025-01-18,694050.0,1615950.0,0.32329816,21.400846,225,1
atitlan,2025-01-18,694350.0,1615950.0,0.32143396,21.137197,225,1
atitlan,2025-01-18,694650.0,1615950.0,0.29338202,18.257603,225,1
atitlan,2025-01-18,694950.0,1615950.0,0.35785472,27.580568,225,1
atitlan,2025-01-18,695250.0,1615950.0,0.39578938,35.903862,225,1
atitlan,2025-01-18,695550.0,1615950.0,0.38076073,32.05004,225,1
atitlan,2025-01-18,695850.0,1615950.0,0.36701477,29.221573,225,1
atitlan,2025-01-18,696150.0,1615950.0,0.34229,25.080109,225,1
atitlan,2025-01-18,696450.0,1615950.0,0.3337924,23.11241,225,1
atitlan,2025-01-18,696750.0,1615950.0,0.33982408,24.084888,225,1
atitlan,2025-01-18,697050.0,1615950.0,0.29739273,18.932592,225,1
atitlan,2025-01-18,697350.0,1615950.0,0.31276387,20.572247,225,1
atitlan,2025-01-18,697650.0,1615950.0,0.3076119,18.31742,225,1
atitlan,2025-01-18,697950.0,1615950.0,0.28679526,15.648625,225,1
atitlan,2025-01-18,698250.0,1615950.0,0.29112044,16.11523,225,1
atitlan,2025-01-18,698550.0,1615950.0,0.28601223,16.482527,225,1
atitlan,2025-01-18,698850.0,1615950.0,0.2913959,16.90051,225,1
atitlan,2025-01-18,699150.0,1615950.0,0.28370106,15.741527,225,1
atitlan,2025-01-18,699450.0,1615950.0,0.2948579,17.025679,225,1
atitlan,2025-01-18,699750.0,1615950.0,0.29302514,17.131271,225,1
atitlan,2025-01-18,700050.0,1615950.0,0.2836834,15.059526,225,1
atitlan,2025-01-18,700350.0,1615950.0,0.25386804,12.130528,225,1
atitlan,2025-01-18,700650.0,1615950.0,0.1963083,9.087546,225,0
atitlan,2025-01-18,700950.0,1615950.0,0.22565736,9.726179,225,0
atitlan,2025-01-18,701250.0,1615950.0,0.26248005,12.864307,225,1
atitlan,2025-01-18,701550.0,1615950.0,0.26844767,15.45731,225,1
atitlan,2025-01-18,701850.0,1615950.0,0.32441142,20.991035,225,1
atitlan,2025-01-18,702150.0,1615950.0,0.30468127,18.378326,225,1
atitlan,2025-01-18,702450.0,1615950.0,0.32687303,21.430792,225,1
atitlan,2025-01-18,702750.0,1615950.0,0.28356692,16.72062,225,1
atitlan,2025-01-18,703050.0,1615950.0,0.30325875,19.342646,225,1
atitlan,2025-01-18,703350.0,1615950.0,0.32707396,21.515812,225,1
atitlan,2025-01-18,703650.0,1615950.0,0.23010784,13.297327,225,1
atitlan,2025-01-18,703950.0,1615950.0,0.28570157,18.317553,225,1
atitlan,2025-01-18,704250.0,1615950.0,0.2969117,19.629486,225,1
atitlan,2025-01-18,704550.0,1615950.0,0.28450286,16.736954,225,1
atitlan,2025-01-18,704850.0,1615950.0,0.3228737,21.51085,225,1
atitlan,2025-01-18,705150.0,1615950.0,0.3280883,22.221807,225,1
atitlan,2025-01-18,705450.0,1615950.0,0.339858,24.437626,225,1
atitlan,2025-01-18,705750.0,1615950.0,0.339904,24.406351,225,1
atitlan,2025-01-18,706050.0,1615950.0,0.24659689,14.964771,225,1
atitlan,2025-01-18,706350.0,1615950.0,0.25973237,14.640159,225,1
atitlan,2025-01-18,706650.0,1615950.0,0.28660554,16.208475,225,1
atitlan,2025-01-18,706950.0,1615950.0,0.27413335,15.088216,225,1
atitlan,2025-01-18,707250.0,1615950.0,0.21196353,11.704385,225,0
atitlan,2025-01-18,707550.0,1615950.0,0.03830989,4.6470423,225,0
atitlan,2025-01-18,707850.0,1615950.0,0.11470268,6.2913322,45,0
atitlan,2025-01-18,680250.0,1616250.0,0.39222917,36.27878,180,1
atitlan,2025-01-18,680550.0,1616250.0,0.40624928,39.253643,225,1
atitlan,2025-01-18,680850.0,1616250.0,0.39949045,39.32022,225,1
atitlan,2025-01-18,681150.0,1616250.0,0.41423398,41.849133,225,1
atitlan,2025-01-18,681450.0,1616250.0,0.37127545,31.038712,225,1
atitlan,2025-01-18,681750.0,1616250.0,0.35071704,25.63413,225,1
atitlan,2025-01-18,682050.0,1616250.0,0.3497268,26.300486,225,1
atitlan,2025-01-18,682350.0,1616250.0,0.3566446,27.059772,225,1
atitlan,2025-01-18,682650.0,1616250.0,0.36410478,28.62357,225,1
atitlan,2025-01-18,682950.0,1616250.0,0.3882234,34.105194,225,1
atitlan,2025-01-18,683250.0,1616250.0,0.33229306,24.862673,225,1
atitlan,2025-01-18,683550.0,1616250.0,0.35777617,27.721382,225,1
atitlan,2025-01-18,683850.0,1616250.0,0.3881037,34.17602,225,1
atitlan,2025-01-18,684150.0,1616250.0,0.3357472,25.541388,225,1
atitlan,2025-01-18,684450.0,1616250.0,0.32706332,25.083952,225,1
atitlan,2025-01-18,684750.0,1616250.0,0.27447656,16.732695,225,1
atitlan,2025-01-18,685050.0,1616250.0,0.34823883,26.200953,225,1
atitlan,2025-01-18,685350.0,1616250.0,0.3400863,24.24553,225,1
atitlan,2025-01-18,685650.0,1616250.0,0.33406985,23.670477,225,1
atitlan,2025-01-18,685950.0,1616250.0,0.3706443,30.169737,225,1
atitlan,2025-01-18,686250.0,1616250.0,0.36837828,29.326374,225,1
atitlan,2025-01-18,686550.0,1616250.0,0.32503387,21.938505,225,1
atitlan,2025-01-18,686850.0,1616250.0,0.35491574,26.535698,225,1
atitlan,2025-01-18,687150.0,1616250.0,0.35945895,28.39456,225,1
atitlan,2025-01-18,687450.0,1616250.0,0.2952461,17.413807,225,1
atitlan,2025-01-18,687750.0,1616250.0,0.28694028,15.77615,225,1
atitlan,2025-01-18,688050.0,1616250.0,0.108468994,7.8102846,225,0
atitlan,2025-01-18,688350.0,1616250.0,0.1423444,8.1631365,225,0
atitlan,2025-01-18,688650.0,1616250.0,0.24966675,13.878031,225,1
atitlan,2025-01-18,688950.0,1616250.0,0.24826272,13.320705,225,1
atitlan,2025-01-18,689250.0,1616250.0,0.19177979,9.949594,225,0
atitlan,2025-01-18,689550.0,1616250.0,0.23711151,11.9077835,225,0
atitlan,2025-01-18,689850.0,1616250.0,0.2584465,13.524555,225,1
atitlan,2025-01-18,690150.0,1616250.0,0.26500472,13.248373,225,1
atitlan,2025-01-18,690450.0,1616250.0,0.28631637,15.3418665,225,1
atitlan,2025-01-18,690750.0,1616250.0,0.2912149,16.294119,225,1
atitlan,2025-01-18,691050.0,1616250.0,0.27207193,15.108011,225,1
atitlan,2025-01-18,691350.0,1616250.0,0.29669598,17.106758,225,1
atitlan,2025-01-18,691650.0,1616250.0,0.273998,15.67257,225,1
atitlan,2025-01-18,691950.0,1616250.0,0.2996683,18.792936,225,1
atitlan,2025-01-18,692250.0,1616250.0,0.30206174,17.928303,225,1
atitlan,2025-01-18,692550.0,1616250.0,0.28827715,15.538243,225,1
atitlan,2025-01-18,692850.0,1616250.0,0.2711241,13.85547,225,1
atitlan,2025-01-18,693150.0,1616250.0,0.30074278,17.89998,225,1
atitlan,2025-01-18,693450.0,1616250.0,0.2765079,14.743937,225,1
atitlan,2025-01-18,693750.0,1616250.0,0.2817226,15.173061,225,1
atitlan,2025-01-18,694050.0,1616250.0,0.28667274,15.731384,225,1
atitlan,2025-01-18,694350.0,1616250.0,0.25400844,12.4894285,225,1
atitlan,2025-01-18,694650.0,1616250.0,0.2551859,12.349033,225,1
atitlan,2025-01-18,694950.0,1616250.0,0.3012916,18.08199,225,1
atitlan,2025-01-18,695250.0,1616250.0,0.33651933,24.272322,225,1
atitlan,2025-01-18,695550.0,1616250.0,0.35632053,26.86936,225,1
atitlan,2025-01-18,695850.0,1616250.0,0.34411892,25.129559,225,1
atitlan,2025-01-18,696150.0,1616250.0,0.34193644,24.30316,225,1
atitlan,2025-01-18,696450.0,1616250.0,0.32797143,21.619572,225,1
atitlan,2025-01-18,696750.0,1616250.0,0.31579566,20.266478,225,1
atitlan,2025-01-18,697050.0,1616250.0,0.3161847,20.417849,225,1
atitlan,2025-01-18,697350.0,1616250.0,0.3098546,19.712658,225,1
atitlan,2025-01-18,697650.0,1616250.0,0.30940372,20.474457,225,1
atitlan,2025-01-18,697950.0,1616250.0,0.29246393,17.104427,225,1
atitlan,2025-01-18,698250.0,1616250.0,0.28204253,15.344742,225,1
atitlan,2025-01-18,698550.0,1616250.0,0.29247496,16.490784,225,1
atitlan,2025-01-18,698850.0,1616250.0,0.28244135,15.72766,225,1
atitlan,2025-01-18,699150.0,1616250.0,0.28221273,15.68052,225,1
atitlan,2025-01-18,699450.0,1616250.0,0.2689857,13.194586,225,1
atitlan,2025-01-18,699750.0,1616250.0,0.23431663,10.9996805,225,0
atitlan,2025-01-18,700050.0,1616250.0,0.2384892,12.189613,225,1
atitlan,2025-01-18,700350.0,1616250.0,0.19223711,9.148421,225,0
atitlan,2025-01-18,700650.0,1616250.0,0.24272202,11.702509,225,0
atitlan,2025-01-18,700950.0,1616250.0,0.28124905,15.871048,225,1
atitlan,2025-01-18,701250.0,1616250.0,0.297781,17.410048,225,1
atitlan,2025-01-18,701550.0,1616250.0,0.27794176,15.403854,225,1
atitlan,2025-01-18,701850.0,1616250.0,0.32036045,21.663647,225,1
atitlan,2025-01-18,702150.0,1616250.0,0.30642772,17.944986,225,1
atitlan,2025-01-18,702450.0,1616250.0,0.33579078,22.776133,225,1
atitlan,2025-01-18,702750.0,1616250.0,0.31141168,19.15816,225,1
atitlan,2025-01-18,703050.0,1616250.0,0.29923853,17.945923,225,1
atitlan,2025-01-18,703350.0,1616250.0,0.31659296,19.669413,225,1
atitlan,2025-01-18,703650.0,1616250.0,0.31242338,20.555738,225,1
atitlan,2025-01-18,703950.0,1616250.0,0.2603114,15.613938,225,1
atitlan,2025-01-18,704250.0,1616250.0,0.3245825,22.48498,225,1
atitlan,2025-01-18,704550.0,1616250.0,0.28168607,15.50942,225,1
atitlan,2025-01-18,704850.0,1616250.0,0.24895646,12.402557,225,1
atitlan,2025-01-18,705150.0,1616250.0,0.26523206,13.972349,225,1
atitlan,2025-01-18,705450.0,1616250.0,0.2878864,16.098755,225,1
atitlan,2025-01-18,705750.0,1616250.0,0.33731973,24.108522,225,1
atitlan,2025-01-18,706050.0,1616250.0,0.30976245,20.716545,225,1
atitlan,2025-01-18,706350.0,1616250.0,0.2581479,14.127475,225,1
atitlan,2025-01-18,706650.0,1616250.0,0.2790577,15.180748,225,1
atitlan,2025-01-18,706950.0,1616250.0,0.30610043,18.460958,225,1
atitlan,2025-01-18,707250.0,1616250.0,0.3093821,19.698065,225,1
atitlan,2025-01-18,707550.0,1616250.0,0.27902034,16.616768,225,1
atitlan,2025-01-18,707850.0,1616250.0,0.29376504,17.339897,45,1
atitlan,2025-01-18,680250.0,1616550.0,0.38637704,35.854965,180,1
atitlan,2025-01-18,680550.0,1616550.0,0.40160006,39.148285,225,1
atitlan,2025-01-18,680850.0,1616550.0,0.37110612,31.4764,225,1
atitlan,2025-01-18,681150.0,1616550.0,0.3683844,29.662346,225,1
atitlan,2025-01-18,681450.0,1616550.0,0.3769403,31.438278,225,1
atitlan,2025-01-18,681750.0,1616550.0,0.34450015,24.874765,225,1
atitlan,2025-01-18,682050.0,1616550.0,0.35306722,26.63034,225,1
atitlan,2025-01-18,682350.0,1616550.0,0.3511724,26.03916,225,1
atitlan,2025-01-18,682650.0,1616550.0,0.36300027,28.248718,225,1
atitlan,2025-01-18,682950.0,1616550.0,0.3790509,32.105904,225,1
atitlan,2025-01-18,683250.0,1616550.0,0.35991073,27.950705,225,1
atitlan,2025-01-18,683550.0,1616550.0,0.36663768,29.513792,225,1
atitlan,2025-01-18,683850.0,1616550.0,0.38180777,32.550358,225,1
atitlan,2025-01-18,684150.0,1616550.0,0.28874922,22.329365,225,1
atitlan,2025-01-18,684450.0,1616550.0,0.35904673,28.298567,225,1
atitlan,2025-01-18,684750.0,1616550.0,0.33110908,22.889744,225,1
atitlan,2025-01-18,685050.0,1616550.0,0.32338914,20.976688,225,1
atitlan,2025-01-18,685350.0,1616550.0,0.33854827,24.311584,225,1
atitlan,2025-01-18,685650.0,1616550.0,0.32317427,22.587782,225,1
atitlan,2025-01-18,685950.0,1616550.0,0.32455108,23.401117,225,1
atitlan,2025-01-18,686250.0,1616550.0,0.3241048,22.22226,225,1
atitlan,2025-01-18,686550.0,1616550.0,0.3456707,25.083271,225,1
atitlan,2025-01-18,686850.0,1616550.0,0.34769163,25.508726,225,1
atitlan,2025-01-18,687150.0,1616550.0,0.29179773,18.694752,225,1
atitlan,2025-01-18,687450.0,1616550.0,0.28104848,16.42146,225,1
atitlan,2025-01-18,687750.0,1616550.0,0.28986803,16.162987,225,1
atitlan,2025-01-18,688050.0,1616550.0,0.042255588,5.329355,225,0
atitlan,2025-01-18,688350.0,1616550.0,-0.07451253,1.2133389,225,0
atitlan,2025-01-18,688650.0,1616550.0,0.087318376,6.5843587,225,0
atitlan,2025-01-18,688950.0,1616550.0,0.21126121,15.4662285,225,1
atitlan,2025-01-18,689250.0,1616550.0,0.14571841,8.691271,225,0
atitlan,2025-01-18,689550.0,1616550.0,0.1870461,10.05628,225,0
atitlan,2025-01-18,689850.0,1616550.0,0.2230329,12.48022,225,1
atitlan,2025-01-18,690150.0,1616550.0,0.2702129,13.673855,225,1
atitlan,2025-01-18,690450.0,1616550.0,0.261946,13.72026,225,1
atitlan,2025-01-18,690750.0,1616550.0,0.25957382,13.728902,225,1
atitlan,2025-01-18,691050.0,1616550.0,0.25495908,13.057142,225,1
atitlan,2025-01-18,691350.0,1616550.0,0.27495787,14.8666725,225,1
atitlan,2025-01-18,691650.0,1616550.0,0.30885428,19.152803,225,1
atitlan,2025-01-18,691950.0,1616550.0,0.33427203,24.16331,225,1
atitlan,2025-01-18,692250.0,1616550.0,0.25550938,13.454106,225,1
atitlan,2025-01-18,692550.0,1616550.0,0.2776396,15.288756,225,1
atitlan,2025-01-18,692850.0,1616550.0,0.26918948,15.022065,225,1
atitlan,2025-01-18,693150.0,1616550.0,0.30295616,17.548155,225,1
atitlan,2025-01-18,693450.0,1616550.0,0.3052359,18.827194,225,1
atitlan,2025-01-18,693750.0,1616550.0,0.29632562,18.218645,225,1
atitlan,2025-01-18,694050.0,1616550.0,0.25840002,13.272408,225,1
atitlan,2025-01-18,694350.0,1616550.0,0.26078802,12.58174,225,1
atitlan,2025-01-18,694650.0,1616550.0,0.22530688,9.71735,225,0
atitlan,2025-01-18,694950.0,1616550.0,0.24602817,11.656772,225,0
atitlan,2025-01-18,695250.0,1616550.0,0.339152,23.726116,225,1
atitlan,2025-01-18,695550.0,1616550.0,0.35384375,26.668741,225,1
atitlan,2025-01-18,695850.0,1616550.0,0.34088895,23.897682,225,1
atitlan,2025-01-18,696150.0,1616550.0,0.33508283,23.420046,225,1
atitlan,2025-01-18,696450.0,1616550.0,0.3318809,23.389612,225,1
atitlan,2025-01-18,696750.0,1616550.0,0.35093844,25.778645,225,1
atitlan,2025-01-18,697050.0,1616550.0,0.35403076,25.886862,225,1
atitlan,2025-01-18,697350.0,1616550.0,0.3301494,22.158068,225,1
atitlan,2025-01-18,697650.0,1616550.0,0.3075465,18.956839,225,1
atitlan,2025-01-18,697950.0,1616550.0,0.30478293,18.705486,225,1
atitlan,2025-01-18,698250.0,1616550.0,0.27880985,16.944086,225,1
atitlan,2025-01-18,698550.0,1616550.0,0.28390864,15.62267,225,1
atitlan,2025-01-18,698850.0,1616550.0,0.2675115,14.736832,225,1
atitlan,2025-01-18,699150.0,1616550.0,0.24474648,11.788984,225,0
atitlan,2025-01-18,699450.0,1616550.0,0.25558954,12.12843,225,1
atitlan,2025-01-18,699750.0,1616550.0,0.24567933,11.307504,225,0
atitlan,2025-01-18,700050.0,1616550.0,0.27740347,17.595705,225,1
atitlan,2025-01-18,700350.0,1616550.0,0.31284696,20.851553,225,1
atitlan,2025-01-18,700650.0,1616550.0,0.28894293,18.090784,225,1
atitlan,2025-01-18,700950.0,1616550.0,0.27134466,14.578853,225,1
atitlan,2025-01-18,701250.0,1616550.0,0.29563698,17.398916,225,1
atitlan,2025-01-18,701550.0,1616550.0,0.2941299,17.51543,225,1
atitlan,2025-01-18,701850.0,1616550.0,0.2946938,16.873625,225,1
atitlan,2025-01-18,702150.0,1616550.0,0.2959151,17.316936,225,1
atitlan,2025-01-18,702450.0,1616550.0,0.30507612,18.00683,225,1
atitlan,2025-01-18,702750.0,1616550.0,0.2931226,17.028944,225,1
atitlan,2025-01-18,703050.0,1616550.0,0.27041945,13.92079,225,1
atitlan,2025-01-18,703350.0,1616550.0,0.2713357,14.031097,225,1
atitlan,2025-01-18,703650.0,1616550.0,0.29091784,16.976763,225,1
atitlan,2025-01-18,703950.0,1616550.0,0.24389184,13.879455,225,1
atitlan,2025-01-18,704250.0,1616550.0,0.30899408,19.79213,225,1
atitlan,2025-01-18,704550.0,1616550.0,0.29555014,17.623972,225,1
atitlan,2025-01-18,704850.0,1616550.0,0.2902702,16.85562,225,1
atitlan,2025-01-18,705150.0,1616550.0,0.24452057,12.116745,225,1
atitlan,2025-01-18,705450.0,1616550.0,0.25749302,13.126514,225,1
atitlan,2025-01-18,705750.0,1616550.0,0.28236458,16.277119,225,1
atitlan,2025-01-18,706050.0,1616550.0,0.29456532,17.8962,225,1
atitlan,2025-01-18,706350.0,1616550.0,0.28549814,17.27878,225,1
atitlan,2025-01-18,706650.0,1616550.0,0.29662958,18.21592,225,1
atitlan,2025-01-18,706950.0,1616550.0,0.2708036,16.702797,225,1
atitlan,2025-01-18,707250.0,1616550.0,0.30465448,19.610212,225,1
atitlan,2025-01-18,707550.0,1616550.0,0.275936,15.144541,225,1
atitlan,2025-01-18,707850.0,1616550.0,0.2885408,16.077564,45,1
atitlan,2025-01-18,680250.0,1616850.0,0.37158573,31.20472,180,1
atitlan,2025-01-18,680550.0,1616850.0,0.3663689,30.793852,225,1
atitlan,2025-01-18,680850.0,1616850.0,0.34787446,25.65354,225,1
atitlan,2025-01-18,681150.0,1616850.0,0.3372524,22.876438,225,1
atitlan,2025-01-18,681450.0,1616850.0,0.3364868,23.388622,225,1
atitlan,2025-01-18,681750.0,1616850.0,0.33719558,23.29071,225,1
atitlan,2025-01-18,682050.0,1616850.0,0.36559558,29.258741,225,1
atitlan,2025-01-18,682350.0,1616850.0,0.35384783,26.693693,225,1
atitlan,2025-01-18,682650.0,1616850.0,0.36652046,29.088547,225,1
atitlan,2025-01-18,682950.0,1616850.0,0.36933982,29.776089,225,1
atitlan,2025-01-18,683250.0,1616850.0,0.36425012,28.49306,225,1
atitlan,2025-01-18,683550.0,1616850.0,0.35880995,27.233246,225,1
atitlan,2025-01-18,683850.0,1616850.0,0.38461107,33.51333,225,1
atitlan,2025-01-18,684150.0,1616850.0,0.33378345,25.571228,225,1
atitlan,2025-01-18,684450.0,1616850.0,0.3333156,23.360115,225,1
atitlan,2025-01-18,684750.0,1616850.0,0.3353837,24.43194,225,1
atitlan,2025-01-18,685050.0,1616850.0,0.28140584,16.086569,225,1
atitlan,2025-01-18,685350.0,1616850.0,0.31287462,20.538465,225,1
atitlan,2025-01-18,685650.0,1616850.0,0.25091583,12.988712,225,1
atitlan,2025-01-18,685950.0,1616850.0,0.26054844,14.372451,225,1
atitlan,2025-01-18,686250.0,1616850.0,0.24858107,13.000408,225,1
atitlan,2025-01-18,686550.0,1616850.0,0.23687215,11.686459,225,0
atitlan,2025-01-18,686850.0,1616850.0,0.27697596,15.877801,225,1
atitlan,2025-01-18,687150.0,1616850.0,0.29572955,17.77784,225,1
atitlan,2025-01-18,687450.0,1616850.0,0.24414288,12.326155,225,1
atitlan,2025-01-18,687750.0,1616850.0,0.24085923,12.794466,225,1
atitlan,2025-01-18,688050.0,1616850.0,0.09743966,7.62078,225,0
atitlan,2025-01-18,688350.0,1616850.0,-0.08647155,0.6593836,225,0
atitlan,2025-01-18,688650.0,1616850.0,-0.08652548,0.6564211,225,0
atitlan,2025-01-18,688950.0,1616850.0,0.06394038,5.277343,225,0
atitlan,2025-01-18,689250.0,1616850.0,0.18118577,9.239697,225,0
atitlan,2025-01-18,689550.0,1616850.0,0.20690258,11.34068,225,0
atitlan,2025-01-18,689850.0,1616850.0,0.18475199,11.229713,225,0
atitlan,2025-01-18,690150.0,1616850.0,0.16331923,7.9707236,225,0
atitlan,2025-01-18,690450.0,1616850.0,0.14195931,7.0774107,225,0
atitlan,2025-01-18,690750.0,1616850.0,0.27328736,14.756802,225,1
atitlan,2025-01-18,691050.0,1616850.0,0.27799037,14.89587,225,1
atitlan,2025-01-18,691350.0,1616850.0,0.3086651,18.831066,225,1
atitlan,2025-01-18,691650.0,1616850.0,0.31121036,19.701626,225,1
atitlan,2025-01-18,691950.0,1616850.0,0.31311634,20.704462,225,1
atitlan,2025-01-18,692250.0,1616850.0,0.27870998,15.239479,225,1
atitlan,2025-01-18,692550.0,1616850.0,0.2845136,15.534494,225,1
atitlan,2025-01-18,692850.0,1616850.0,0.29021144,15.639623,225,1
atitlan,2025-01-18,693150.0,1616850.0,0.29449728,16.092676,225,1
atitlan,2025-01-18,693450.0,1616850.0,0.30673817,17.851921,225,1
atitlan,2025-01-18,693750.0,1616850.0,0.29870194,17.158789,225,1
atitlan,2025-01-18,694050.0,1616850.0,0.28460628,15.233881,225,1
atitlan,2025-01-18,694350.0,1616850.0,0.26211312,13.495296,225,1
atitlan,2025-01-18,694650.0,1616850.0,0.2297762,10.488621,225,0
atitlan,2025-01-18,694950.0,1616850.0,0.2896695,16.779894,225,1
atitlan,2025-01-18,695250.0,1616850.0,0.33683145,23.583555,225,1
atitlan,2025-01-18,695550.0,1616850.0,0.36690187,29.67628,225,1
atitlan,2025-01-18,695850.0,1616850.0,0.34603608,24.402502,225,1
atitlan,2025-01-18,696150.0,1616850.0,0.35000902,25.350456,225,1
atitlan,2025-01-18,696450.0,1616850.0,0.34312654,23.785912,225,1
atitlan,2025-01-18,696750.0,1616850.0,0.33645973,22.822126,225,1
atitlan,2025-01-18,697050.0,1616850.0,0.31969914,20.29229,225,1
atitlan,2025-01-18,697350.0,1616850.0,0.32187966,20.789835,225,1
atitlan,2025-01-18,697650.0,1616850.0,0.31175166,19.244347,225,1
atitlan,2025-01-18,697950.0,1616850.0,0.29281318,16.717588,225,1
atitlan,2025-01-18,698250.0,1616850.0,0.28459805,15.747183,225,1
atitlan,2025-01-18,698550.0,1616850.0,0.2436047,12.149162,225,1
atitlan,2025-01-18,698850.0,1616850.0,0.2617314,14.550424,225,1
atitlan,2025-01-18,699150.0,1616850.0,0.28411615,17.060083,225,1
atitlan,2025-01-18,699450.0,1616850.0,0.2329429,12.726956,225,1
atitlan,2025-01-18,699750.0,1616850.0,0.2662638,14.125716,225,1
atitlan,2025-01-18,700050.0,1616850.0,0.29200384,18.077955,225,1
atitlan,2025-01-18,700350.0,1616850.0,0.35375553,27.47683,225,1
atitlan,2025-01-18,700650.0,1616850.0,0.3121537,19.954672,225,1
atitlan,2025-01-18,700950.0,1616850.0,0.26482594,14.296255,225,1
atitlan,2025-01-18,701250.0,1616850.0,0.21112925,9.810254,225,0
atitlan,2025-01-18,701550.0,1616850.0,0.25678235,13.927656,225,1
atitlan,2025-01-18,701850.0,1616850.0,0.29651806,17.763323,225,1
atitlan,2025-01-18,702150.0,1616850.0,0.29082274,17.473516,225,1
atitlan,2025-01-18,702450.0,1616850.0,0.28415766,15.835435,225,1
atitlan,2025-01-18,702750.0,1616850.0,0.3133851,19.579752,225,1
atitlan,2025-01-18,703050.0,1616850.0,0.2804971,15.353924,225,1
atitlan,2025-01-18,703350.0,1616850.0,0.23201372,10.693643,225,0
atitlan,2025-01-18,703650.0,1616850.0,0.25649,13.200439,225,1
atitlan,2025-01-18,703950.0,1616850.0,0.27760184,17.181221,225,1
atitlan,2025-01-18,704250.0,1616850.0,0.2636969,15.081131,225,1
atitlan,2025-01-18,704550.0,1616850.0,0.3028707,19.093859,225,1
atitlan,2025-01-18,704850.0,1616850.0,0.3105741,20.658764,225,1
atitlan,2025-01-18,705150.0,1616850.0,0.2915519,18.177794,225,1
atitlan,2025-01-18,705450.0,1616850.0,0.23801176,11.961439,225,0
atitlan,2025-01-18,705750.0,1616850.0,0.23173437,11.594059,225,0
atitlan,2025-01-18,706050.0,1616850.0,0.2635557,12.90077,225,1
atitlan,2025-01-18,706350.0,1616850.0,0.31683946,20.017324,225,1
atitlan,2025-01-18,706650.0,1616850.0,0.32326508,21.162663,225,1
atitlan,2025-01-18,706950.0,1616850.0,0.32074338,22.625183,225,1
atitlan,2025-01-18,707250.0,1616850.0,0.21847129,12.250411,225,1
atitlan,2025-01-18,707550.0,1616850.0,0.27217722,14.677946,225,1
atitlan,2025-01-18,707850.0,1616850.0,0.30004716,16.97521,45,1
atitlan,2025-01-18,680250.0,1617150.0,0.36597925,28.951172,180,1
atitlan,2025-01-18,680550.0,1617150.0,0.35314718,26.485554,225,1
atitlan,2025-01-18,680850.0,1617150.0,0.31878835,19.727139,225,1
atitlan,2025-01-18,681150.0,1617150.0,0.3287347,21.322855,225,1
atitlan,2025-01-18,681450.0,1617150.0,0.33226484,22.047861,225,1
atitlan,2025-01-18,681750.0,1617150.0,0.3200115,20.200768,225,1
atitlan,2025-01-18,682050.0,1617150.0,0.33789963,23.54147,225,1
atitlan,2025-01-18,682350.0,1617150.0,0.35667416,28.034721,225,1
atitlan,2025-01-18,682650.0,1617150.0,0.3928494,35.39068,225,1
atitlan,2025-01-18,682950.0,1617150.0,0.36113057,28.347242,225,1
atitlan,2025-01-18,683250.0,1617150.0,0.3633467,28.631279,225,1
atitlan,2025-01-18,683550.0,1617150.0,0.3596646,27.916878,225,1
atitlan,2025-01-18,683850.0,1617150.0,0.36771765,29.977678,225,1
atitlan,2025-01-18,684150.0,1617150.0,0.35370955,29.198116,225,1
atitlan,2025-01-18,684450.0,1617150.0,0.28576112,18.696264,225,1
atitlan,2025-01-18,684750.0,1617150.0,0.3745644,30.45569,225,1
atitlan,2025-01-18,685050.0,1617150.0,0.33143362,22.370207,225,1
atitlan,2025-01-18,685350.0,1617150.0,0.30118808,18.966433,225,1
atitlan,2025-01-18,685650.0,1617150.0,0.24453726,11.910756,225,0
atitlan,2025-01-18,685950.0,1617150.0,0.25564706,13.505482,225,1
atitlan,2025-01-18,686250.0,1617150.0,0.2691627,14.355649,225,1
atitlan,2025-01-18,686550.0,1617150.0,0.25843927,12.685652,225,1
atitlan,2025-01-18,686850.0,1617150.0,0.26508626,13.284032,225,1
atitlan,2025-01-18,687150.0,1617150.0,0.27374512,14.499419,225,1
atitlan,2025-01-18,687450.0,1617150.0,0.26057893,14.792383,225,1
atitlan,2025-01-18,687750.0,1617150.0,0.28301772,14.6598,225,1
atitlan,2025-01-18,688050.0,1617150.0,0.10771411,8.860624,225,0
atitlan,2025-01-18,688350.0,1617150.0,-0.09161671,0.38561314,225,0
atitlan,2025-01-18,688650.0,1617150.0,-0.09841849,0.18618166,225,0
atitlan,2025-01-18,688950.0,1617150.0,-0.08876467,0.5097023,225,0
atitlan,2025-01-18,689250.0,1617150.0,0.10369059,6.0303493,225,0
atitlan,2025-01-18,689550.0,1617150.0,0.2146118,10.377128,225,0
atitlan,2025-01-18,689850.0,1617150.0,0.1495594,8.18283,225,0
atitlan,2025-01-18,690150.0,1617150.0,0.17492881,9.123709,225,0
atitlan,2025-01-18,690450.0,1617150.0,0.17845708,8.078889,225,0
atitlan,2025-01-18,690750.0,1617150.0,0.25439426,13.686254,225,1
atitlan,2025-01-18,691050.0,1617150.0,0.30014843,17.114954,225,1
atitlan,2025-01-18,691350.0,1617150.0,0.2887731,18.666115,225,1
atitlan,2025-01-18,691650.0,1617150.0,0.32164577,20.630287,225,1
atitlan,2025-01-18,691950.0,1617150.0,0.31155032,19.683968,225,1
atitlan,2025-01-18,692250.0,1617150.0,0.30128545,17.74111,225,1
atitlan,2025-01-18,692550.0,1617150.0,0.2971214,17.371952,225,1
atitlan,2025-01-18,692850.0,1617150.0,0.2778431,15.48109,225,1
atitlan,2025-01-18,693150.0,1617150.0,0.2808535,14.330685,225,1
atitlan,2025-01-18,693450.0,1617150.0,0.26293555,12.611613,225,1
atitlan,2025-01-18,693750.0,1617150.0,0.26093757,12.7973995,225,1
atitlan,2025-01-18,694050.0,1617150.0,0.25937647,12.878922,225,1
atitlan,2025-01-18,694350.0,1617150.0,0.27799082,14.852103,225,1
atitlan,2025-01-18,694650.0,1617150.0,0.2783514,15.151581,225,1
atitlan,2025-01-18,694950.0,1617150.0,0.2690716,13.875611,225,1
atitlan,2025-01-18,695250.0,1617150.0,0.28416264,16.95412,225,1
atitlan,2025-01-18,695550.0,1617150.0,0.32496423,22.256626,225,1
atitlan,2025-01-18,695850.0,1617150.0,0.33370125,22.264595,225,1
atitlan,2025-01-18,696150.0,1617150.0,0.33882362,23.490599,225,1
atitlan,2025-01-18,696450.0,1617150.0,0.32265344,21.398724,225,1
atitlan,2025-01-18,696750.0,1617150.0,0.34035248,23.452473,225,1
atitlan,2025-01-18,697050.0,1617150.0,0.31973246,21.393301,225,1
atitlan,2025-01-18,697350.0,1617150.0,0.3045843,18.985308,225,1
atitlan,2025-01-18,697650.0,1617150.0,0.30153164,18.393417,225,1
atitlan,2025-01-18,697950.0,1617150.0,0.28957787,16.227777,225,1
atitlan,2025-01-18,698250.0,1617150.0,0.2946561,16.568583,225,1
atitlan,2025-01-18,698550.0,1617150.0,0.23400198,13.1698885,225,1
atitlan,2025-01-18,698850.0,1617150.0,0.19875419,10.631151,225,0
atitlan,2025-01-18,699150.0,1617150.0,0.27337742,15.948582,225,1
atitlan,2025-01-18,699450.0,1617150.0,0.20662157,11.55986,225,0
atitlan,2025-01-18,699750.0,1617150.0,0.24458744,15.109415,225,1
atitlan,2025-01-18,700050.0,1617150.0,0.2919187,17.916624,225,1
atitlan,2025-01-18,700350.0,1617150.0,0.29274017,17.963861,225,1
atitlan,2025-01-18,700650.0,1617150.0,0.3303803,23.242985,225,1
atitlan,2025-01-18,700950.0,1617150.0,0.29363,17.372637,225,1
atitlan,2025-01-18,701250.0,1617150.0,0.2846336,17.03079,225,1
atitlan,2025-01-18,701550.0,1617150.0,0.21853136,10.322436,225,0
atitlan,2025-01-18,701850.0,1617150.0,0.32333958,21.799295,225,1
atitlan,2025-01-18,702150.0,1617150.0,0.33605143,23.239365,225,1
atitlan,2025-01-18,702450.0,1617150.0,0.2938289,17.151543,225,1
atitlan,2025-01-18,702750.0,1617150.0,0.2757558,14.095261,225,1
atitlan,2025-01-18,703050.0,1617150.0,0.26054892,12.721985,225,1
atitlan,2025-01-18,703350.0,1617150.0,0.23705652,11.632358,225,0
atitlan,2025-01-18,703650.0,1617150.0,0.23909718,13.077149,225,1
atitlan,2025-01-18,703950.0,1617150.0,0.30545765,18.247602,225,1
atitlan,2025-01-18,704250.0,1617150.0,0.2623504,14.411497,225,1
atitlan,2025-01-18,704550.0,1617150.0,0.29214767,17.998363,225,1
atitlan,2025-01-18,704850.0,1617150.0,0.29029393,18.447906,225,1
atitlan,2025-01-18,705150.0,1617150.0,0.2976764,19.184776,225,1
atitlan,2025-01-18,705450.0,1617150.0,0.29482985,17.879559,225,1
atitlan,2025-01-18,705750.0,1617150.0,0.16879901,9.313626,225,0
atitlan,2025-01-18,706050.0,1617150.0,0.24833128,12.404114,225,1
atitlan,2025-01-18,706350.0,1617150.0,0.2721996,14.827876,225,1
atitlan,2025-01-18,706650.0,1617150.0,0.28710908,16.40716,225,1
atitlan,2025-01-18,706950.0,1617150.0,0.32671428,21.809208,225,1
atitlan,2025-01-18,707250.0,1617150.0,0.30857685,20.27679,225,1
atitlan,2025-01-18,707550.0,1617150.0,0.2362209,13.771794,225,1
atitlan,2025-01-18,707850.0,1617150.0,0.28598934,18.846264,45,1
atitlan,2025-01-18,680250.0,1617450.0,0.34688127,24.882338,180,1
atitlan,2025-01-18,680550.0,1617450.0,0.31979626,20.826387,225,1
atitlan,2025-01-18,680850.0,1617450.0,0.22593912,13.586019,225,1
atitlan,2025-01-18,681150.0,1617450.0,0.1703903,10.650353,225,0
atitlan,2025-01-18,681450.0,1617450.0,0.2566289,15.432106,225,1
atitlan,2025-01-18,681750.0,1617450.0,0.2181832,13.4979925,225,1
atitlan,2025-01-18,682050.0,1617450.0,0.27404848,18.016586,225,1
atitlan,2025-01-18,682350.0,1617450.0,0.34712318,25.422556,225,1
atitlan,2025-01-18,682650.0,1617450.0,0.40833986,39.638515,225,1
atitlan,2025-01-18,682950.0,1617450.0,0.3665789,29.853039,225,1
atitlan,2025-01-18,683250.0,1617450.0,0.38605595,33.302227,225,1
atitlan,2025-01-18,683550.0,1617450.0,0.3612396,27.913103,225,1
atitlan,2025-01-18,683850.0,1617450.0,0.35899043,27.342667,225,1
atitlan,2025-01-18,684150.0,1617450.0,0.36322555,28.790363,225,1
atitlan,2025-01-18,684450.0,1617450.0,0.29968432,18.24757,225,1
atitlan,2025-01-18,684750.0,1617450.0,0.34902138,25.682297,225,1
atitlan,2025-01-18,685050.0,1617450.0,0.31099027,19.57572,225,1
atitlan,2025-01-18,685350.0,1617450.0,0.27533928,15.300065,225,1
atitlan,2025-01-18,685650.0,1617450.0,0.2849811,16.136627,225,1
atitlan,2025-01-18,685950.0,1617450.0,0.29162908,16.95937,225,1
atitlan,2025-01-18,686250.0,1617450.0,0.29675317,17.782467,225,1
atitlan,2025-01-18,686550.0,1617450.0,0.28949103,15.746682,225,1
atitlan,2025-01-18,686850.0,1617450.0,0.2551418,13.124609,225,1
atitlan,2025-01-18,687150.0,1617450.0,0.28527158,16.44231,225,1
atitlan,2025-01-18,687450.0,1617450.0,0.26438323,14.770128,225,1
atitlan,2025-01-18,687750.0,1617450.0,0.2753268,15.344976,225,1
atitlan,2025-01-18,688050.0,1617450.0,0.06970966,6.9420567,225,0
atitlan,2025-01-18,688350.0,1617450.0,-0.09144087,0.37352955,225,0
atitlan,2025-01-18,688650.0,1617450.0,-0.094198786,0.34503743,225,0
atitlan,2025-01-18,688950.0,1617450.0,-0.09254926,0.34779108,225,0
atitlan,2025-01-18,689250.0,1617450.0,-0.038451526,2.0341578,225,0
atitlan,2025-01-18,689550.0,1617450.0,0.16921654,8.189071,225,0
atitlan,2025-01-18,689850.0,1617450.0,0.21943077,11.067108,225,0
atitlan,2025-01-18,690150.0,1617450.0,0.21155916,11.356881,225,0
atitlan,2025-01-18,690450.0,1617450.0,0.17877173,9.278106,225,0
atitlan,2025-01-18,690750.0,1617450.0,0.2771171,14.4718275,225,1
atitlan,2025-01-18,691050.0,1617450.0,0.29672715,17.181541,225,1
atitlan,2025-01-18,691350.0,1617450.0,0.3168924,20.11054,225,1
atitlan,2025-01-18,691650.0,1617450.0,0.28980356,18.51375,225,1
atitlan,2025-01-18,691950.0,1617450.0,0.2877823,16.7208,225,1
atitlan,2025-01-18,692250.0,1617450.0,0.22509998,12.523423,225,1
atitlan,2025-01-18,692550.0,1617450.0,0.19769841,9.999948,225,0
atitlan,2025-01-18,692850.0,1617450.0,0.23106006,11.263837,225,0
atitlan,2025-01-18,693150.0,1617450.0,0.2478604,12.762229,225,1
atitlan,2025-01-18,693450.0,1617450.0,0.25408497,12.175307,225,1
atitlan,2025-01-18,693750.0,1617450.0,0.2248937,10.468188,225,0
atitlan,2025-01-18,694050.0,1617450.0,0.25059366,12.511174,225,1
atitlan,2025-01-18,694350.0,1617450.0,0.24321152,11.967863,225,0
atitlan,2025-01-18,694650.0,1617450.0,0.2554557,12.565718,225,1
atitlan,2025-01-18,694950.0,1617450.0,0.23678444,10.386916,225,0
atitlan,2025-01-18,695250.0,1617450.0,0.24447927,11.405274,225,0
atitlan,2025-01-18,695550.0,1617450.0,0.331309,22.10156,225,1
atitlan,2025-01-18,695850.0,1617450.0,0.33636332,23.048912,225,1
atitlan,2025-01-18,696150.0,1617450.0,0.34027094,23.66658,225,1
atitlan,2025-01-18,696450.0,1617450.0,0.31497324,21.722582,225,1
atitlan,2025-01-18,696750.0,1617450.0,0.23264913,14.197089,225,1
atitlan,2025-01-18,697050.0,1617450.0,0.21768124,12.572042,225,1
atitlan,2025-01-18,697350.0,1617450.0,0.31988898,20.915174,225,1
atitlan,2025-01-18,697650.0,1617450.0,0.33203238,22.74055,225,1
atitlan,2025-01-18,697950.0,1617450.0,0.29754734,18.427937,225,1
atitlan,2025-01-18,698250.0,1617450.0,0.2799852,16.2669,225,1
atitlan,2025-01-18,698550.0,1617450.0,0.2797849,17.667334,225,1
atitlan,2025-01-18,698850.0,1617450.0,0.2920626,18.60933,225,1
atitlan,2025-01-18,699150.0,1617450.0,0.26056844,15.077683,225,1
atitlan,2025-01-18,699450.0,1617450.0,0.19663104,11.1582365,225,0
atitlan,2025-01-18,699750.0,1617450.0,0.14043792,8.432652,225,0
atitlan,2025-01-18,700050.0,1617450.0,0.27662465,18.068048,225,1
atitlan,2025-01-18,700350.0,1617450.0,0.289205,17.26791,225,1
atitlan,2025-01-18,700650.0,1617450.0,0.26069194,16.502617,225,1
atitlan,2025-01-18,700950.0,1617450.0,0.29536664,18.870909,225,1
atitlan,2025-01-18,701250.0,1617450.0,0.29121032,18.606321,225,1
atitlan,2025-01-18,701550.0,1617450.0,0.2764785,17.189196,225,1
atitlan,2025-01-18,701850.0,1617450.0,0.3018127,17.86812,225,1
atitlan,2025-01-18,702150.0,1617450.0,0.31632212,20.315594,225,1
atitlan,2025-01-18,702450.0,1617450.0,0.28804335,15.621006,225,1
atitlan,2025-01-18,702750.0,1617450.0,0.24772803,12.0547905,225,1
atitlan,2025-01-18,703050.0,1617450.0,0.2744822,14.098359,225,1
atitlan,2025-01-18,703350.0,1617450.0,0.26062477,13.531381,225,1
atitlan,2025-01-18,703650.0,1617450.0,0.27673602,15.724355,225,1
atitlan,2025-01-18,703950.0,1617450.0,0.2857169,16.102837,225,1
atitlan,2025-01-18,704250.0,1617450.0,0.25466558,13.0868435,225,1
atitlan,2025-01-18,704550.0,1617450.0,0.28780568,19.097958,225,1
atitlan,2025-01-18,704850.0,1617450.0,0.30754638,20.17095,225,1
atitlan,2025-01-18,705150.0,1617450.0,0.31328452,19.957838,225,1
atitlan,2025-01-18,705450.0,1617450.0,0.32097304,22.282837,225,1
atitlan,2025-01-18,705750.0,1617450.0,0.2890618,18.5597,225,1
atitlan,2025-01-18,706050.0,1617450.0,0.25655416,13.306386,225,1
atitlan,2025-01-18,706350.0,1617450.0,0.24417345,12.014608,225,1
atitlan,2025-01-18,706650.0,1617450.0,0.21949074,9.94932,225,0
atitlan,2025-01-18,706950.0,1617450.0,0.26960588,14.571328,225,1
atitlan,2025-01-18,707250.0,1617450.0,0.28638294,16.798706,225,1
atitlan,2025-01-18,707550.0,1617450.0,0.28606752,16.15835,225,1
atitlan,2025-01-18,707850.0,1617450.0,0.31583354,19.32762,45,1
atitlan,2025-01-18,680250.0,1617750.0,0.27895528,15.008622,180,1
atitlan,2025-01-18,680550.0,1617750.0,0.2621876,14.004948,225,1
atitlan,2025-01-18,680850.0,1617750.0,0.13631071,7.584937,225,0
atitlan,2025-01-18,681150.0,1617750.0,0.08841217,5.996138,225,0
atitlan,2025-01-18,681450.0,1617750.0,0.13794827,7.727918,225,0
atitlan,2025-01-18,681750.0,1617750.0,0.15875997,7.4714065,225,0
atitlan,2025-01-18,682050.0,1617750.0,0.17115562,8.343975,225,0
atitlan,2025-01-18,682350.0,1617750.0,0.36408228,31.030432,225,1
atitlan,2025-01-18,682650.0,1617750.0,0.39834535,36.8755,225,1
atitlan,2025-01-18,682950.0,1617750.0,0.36522993,28.917984,225,1
atitlan,2025-01-18,683250.0,1617750.0,0.37715515,31.643927,225,1
atitlan,2025-01-18,683550.0,1617750.0,0.36656702,29.461224,225,1
atitlan,2025-01-18,683850.0,1617750.0,0.36913195,30.107407,225,1
atitlan,2025-01-18,684150.0,1617750.0,0.38579246,34.145752,225,1
atitlan,2025-01-18,684450.0,1617750.0,0.35490587,27.884256,225,1
atitlan,2025-01-18,684750.0,1617750.0,0.29270706,16.990019,225,1
atitlan,2025-01-18,685050.0,1617750.0,0.29176202,16.895893,225,1
atitlan,2025-01-18,685350.0,1617750.0,0.2932773,17.025503,225,1
atitlan,2025-01-18,685650.0,1617750.0,0.29321897,17.171019,225,1
atitlan,2025-01-18,685950.0,1617750.0,0.27369383,14.555814,225,1
atitlan,2025-01-18,686250.0,1617750.0,0.3014639,17.556421,225,1
atitlan,2025-01-18,686550.0,1617750.0,0.2914501,16.890137,225,1
atitlan,2025-01-18,686850.0,1617750.0,0.27824014,16.161612,225,1
atitlan,2025-01-18,687150.0,1617750.0,0.30208007,18.19423,225,1
atitlan,2025-01-18,687450.0,1617750.0,0.20662734,12.142561,225,1
atitlan,2025-01-18,687750.0,1617750.0,0.1713408,10.179403,225,0
atitlan,2025-01-18,688050.0,1617750.0,0.0041206367,3.4197888,225,0
atitlan,2025-01-18,688350.0,1617750.0,-0.0886583,0.5466212,225,0
atitlan,2025-01-18,688650.0,1617750.0,-0.09077931,0.47809684,225,0
atitlan,2025-01-18,688950.0,1617750.0,-0.091709875,0.417958,225,0
atitlan,2025-01-18,689250.0,1617750.0,-0.08932729,0.55097485,225,0
atitlan,2025-01-18,689550.0,1617750.0,-0.0043413523,3.4662464,225,0
atitlan,2025-01-18,689850.0,1617750.0,0.18669298,9.089362,225,0
atitlan,2025-01-18,690150.0,1617750.0,0.22776814,10.767686,225,0
atitlan,2025-01-18,690450.0,1617750.0,0.13229643,7.943642,225,0
atitlan,2025-01-18,690750.0,1617750.0,0.20689781,11.192368,225,0
atitlan,2025-01-18,691050.0,1617750.0,0.2734025,15.081755,225,1
atitlan,2025-01-18,691350.0,1617750.0,0.3060278,18.748737,225,1
atitlan,2025-01-18,691650.0,1617750.0,0.2918201,19.230463,225,1
atitlan,2025-01-18,691950.0,1617750.0,0.28422365,17.66135,225,1
atitlan,2025-01-18,692250.0,1617750.0,0.22356403,12.34322,225,1
atitlan,2025-01-18,692550.0,1617750.0,0.15730214,8.976243,225,0
atitlan,2025-01-18,692850.0,1617750.0,0.21054715,10.701796,225,0
atitlan,2025-01-18,693150.0,1617750.0,0.20544629,9.208253,225,0
atitlan,2025-01-18,693450.0,1617750.0,0.25038227,12.597153,225,1
atitlan,2025-01-18,693750.0,1617750.0,0.2714867,13.720952,225,1
atitlan,2025-01-18,694050.0,1617750.0,0.25658545,12.23661,225,1
atitlan,2025-01-18,694350.0,1617750.0,0.24337842,12.674529,225,1
atitlan,2025-01-18,694650.0,1617750.0,0.27318078,14.792958,225,1
atitlan,2025-01-18,694950.0,1617750.0,0.26218113,12.845035,225,1
atitlan,2025-01-18,695250.0,1617750.0,0.26482666,12.897469,225,1
atitlan,2025-01-18,695550.0,1617750.0,0.31980583,20.050335,225,1
atitlan,2025-01-18,695850.0,1617750.0,0.3554192,26.899591,225,1
atitlan,2025-01-18,696150.0,1617750.0,0.34968123,25.94965,225,1
atitlan,2025-01-18,696450.0,1617750.0,0.33363312,22.29614,225,1
atitlan,2025-01-18,696750.0,1617750.0,0.3064373,19.207848,225,1
atitlan,2025-01-18,697050.0,1617750.0,0.30002713,19.104418,225,1
atitlan,2025-01-18,697350.0,1617750.0,0.3125352,20.119705,225,1
atitlan,2025-01-18,697650.0,1617750.0,0.31168362,19.9212,225,1
atitlan,2025-01-18,697950.0,1617750.0,0.30830896,19.655176,225,1
atitlan,2025-01-18,698250.0,1617750.0,0.32245395,20.861841,225,1
atitlan,2025-01-18,698550.0,1617750.0,0.33655202,23.104103,225,1
atitlan,2025-01-18,698850.0,1617750.0,0.30360395,19.523314,225,1
atitlan,2025-01-18,699150.0,1617750.0,0.1643683,10.212653,225,0
atitlan,2025-01-18,699450.0,1617750.0,0.19081925,9.898086,225,0
atitlan,2025-01-18,699750.0,1617750.0,0.13665414,7.8843746,225,0
atitlan,2025-01-18,700050.0,1617750.0,0.15104704,7.6138473,225,0
atitlan,2025-01-18,700350.0,1617750.0,0.27440894,15.998699,225,1
atitlan,2025-01-18,700650.0,1617750.0,0.3285706,22.98083,225,1
atitlan,2025-01-18,700950.0,1617750.0,0.2860151,16.961555,225,1
atitlan,2025-01-18,701250.0,1617750.0,0.23806654,13.190856,225,1
atitlan,2025-01-18,701550.0,1617750.0,0.2755486,14.711805,225,1
atitlan,2025-01-18,701850.0,1617750.0,0.27697617,14.636545,225,1
atitlan,2025-01-18,702150.0,1617750.0,0.24611868,12.429898,225,1
atitlan,2025-01-18,702450.0,1617750.0,0.2544107,13.121226,225,1
atitlan,2025-01-18,702750.0,1617750.0,0.27725452,15.401629,225,1
atitlan,2025-01-18,703050.0,1617750.0,0.28755313,14.983937,225,1
atitlan,2025-01-18,703350.0,1617750.0,0.28097528,14.983021,225,1
atitlan,2025-01-18,703650.0,1617750.0,0.21504077,10.6468,225,0
atitlan,2025-01-18,703950.0,1617750.0,0.19223604,11.049646,225,0
atitlan,2025-01-18,704250.0,1617750.0,0.23677038,12.784768,225,1
atitlan,2025-01-18,704550.0,1617750.0,0.2546909,13.384985,225,1
atitlan,2025-01-18,704850.0,1617750.0,0.3248488,22.51599,225,1
atitlan,2025-01-18,705150.0,1617750.0,0.3031125,19.493517,225,1
atitlan,2025-01-18,705450.0,1617750.0,0.272246,14.665348,225,1
atitlan,2025-01-18,705750.0,1617750.0,0.29937193,19.452106,225,1
atitlan,2025-01-18,706050.0,1617750.0,0.29371205,17.729113,225,1
atitlan,2025-01-18,706350.0,1617750.0,0.27585366,14.637316,225,1
atitlan,2025-01-18,706650.0,1617750.0,0.23475717,11.092852,225,0
atitlan,2025-01-18,706950.0,1617750.0,0.25475422,12.870327,225,1
atitlan,2025-01-18,707250.0,1617750.0,0.25903675,13.535702,225,1
atitlan,2025-01-18,707550.0,1617750.0,0.26321334,13.321429,225,1
atitlan,2025-01-18,707850.0,1617750.0,0.3643283,28.072325,45,1
atitlan,2025-01-18,680250.0,1618050.0,0.22623952,10.522877,180,0
atitlan,2025-01-18,680550.0,1618050.0,0.274352,14.599223,225,1
atitlan,2025-01-18,680850.0,1618050.0,0.28060615,17.77407,225,1
atitlan,2025-01-18,681150.0,1618050.0,0.23821586,14.316799,225,1
atitlan,2025-01-18,681450.0,1618050.0,0.25008765,16.06963,225,1
atitlan,2025-01-18,681750.0,1618050.0,0.29169467,17.941359,225,1
atitlan,2025-01-18,682050.0,1618050.0,0.27931395,16.689585,225,1
atitlan,2025-01-18,682350.0,1618050.0,0.27615714,16.593737,225,1
atitlan,2025-01-18,682650.0,1618050.0,0.35996768,27.712893,225,1
atitlan,2025-01-18,682950.0,1618050.0,0.36899546,29.43119,225,1
atitlan,2025-01-18,683250.0,1618050.0,0.36861664,30.287592,225,1
atitlan,2025-01-18,683550.0,1618050.0,0.36807367,30.34582,225,1
atitlan,2025-01-18,683850.0,1618050.0,0.3971399,36.27628,225,1
atitlan,2025-01-18,684150.0,1618050.0,0.3552784,27.815285,225,1
atitlan,2025-01-18,684450.0,1618050.0,0.28510284,17.467049,225,1
atitlan,2025-01-18,684750.0,1618050.0,0.2604236,14.131105,225,1
atitlan,2025-01-18,685050.0,1618050.0,0.2790101,15.142311,225,1
atitlan,2025-01-18,685350.0,1618050.0,0.2887707,16.193192,225,1
atitlan,2025-01-18,685650.0,1618050.0,0.29064974,16.51314,225,1
atitlan,2025-01-18,685950.0,1618050.0,0.29443604,16.77426,225,1
atitlan,2025-01-18,686250.0,1618050.0,0.2823184,16.250338,225,1
atitlan,2025-01-18,686550.0,1618050.0,0.287411,16.331703,225,1
atitlan,2025-01-18,686850.0,1618050.0,0.30096844,17.7729,225,1
atitlan,2025-01-18,687150.0,1618050.0,0.2994202,18.49913,225,1
atitlan,2025-01-18,687450.0,1618050.0,0.28447258,17.328672,225,1
atitlan,2025-01-18,687750.0,1618050.0,0.24025157,12.19187,225,1
atitlan,2025-01-18,688050.0,1618050.0,0.209535,11.958716,225,0
atitlan,2025-01-18,688350.0,1618050.0,0.033378664,4.9126315,225,0
atitlan,2025-01-18,688650.0,1618050.0,-0.088877335,0.5157302,225,0
atitlan,2025-01-18,688950.0,1618050.0,-0.094805315,0.2643184,225,0
atitlan,2025-01-18,689250.0,1618050.0,-0.09504201,0.28655365,225,0
atitlan,2025-01-18,689550.0,1618050.0,-0.09319778,0.3708577,225,0
atitlan,2025-01-18,689850.0,1618050.0,-0.06346049,1.4063678,225,0
atitlan,2025-01-18,690150.0,1618050.0,0.108344294,6.2471375,225,0
atitlan,2025-01-18,690450.0,1618050.0,0.17281665,8.95788,225,0
atitlan,2025-01-18,690750.0,1618050.0,0.21598007,11.297833,225,0
atitlan,2025-01-18,691050.0,1618050.0,0.30564317,18.031805,225,1
atitlan,2025-01-18,691350.0,1618050.0,0.29858044,17.608543,225,1
atitlan,2025-01-18,691650.0,1618050.0,0.26282117,16.602057,225,1
atitlan,2025-01-18,691950.0,1618050.0,0.25214073,15.269758,225,1
atitlan,2025-01-18,692250.0,1618050.0,0.15555449,8.98188,225,0
atitlan,2025-01-18,692550.0,1618050.0,0.2117187,11.052188,225,0
atitlan,2025-01-18,692850.0,1618050.0,0.257869,13.488828,225,1
atitlan,2025-01-18,693150.0,1618050.0,0.26316446,13.240384,225,1
atitlan,2025-01-18,693450.0,1618050.0,0.20440312,9.240718,225,0
atitlan,2025-01-18,693750.0,1618050.0,0.22824986,9.79397,225,0
atitlan,2025-01-18,694050.0,1618050.0,0.22201818,10.081423,225,0
atitlan,2025-01-18,694350.0,1618050.0,0.2414186,11.567155,225,0
atitlan,2025-01-18,694650.0,1618050.0,0.22271936,9.985782,225,0
atitlan,2025-01-18,694950.0,1618050.0,0.25743476,12.896448,225,1
atitlan,2025-01-18,695250.0,1618050.0,0.24194993,11.187026,225,0
atitlan,2025-01-18,695550.0,1618050.0,0.26947328,13.547694,225,1
atitlan,2025-01-18,695850.0,1618050.0,0.30663896,18.473564,225,1
atitlan,2025-01-18,696150.0,1618050.0,0.32826045,21.929184,225,1
atitlan,2025-01-18,696450.0,1618050.0,0.3214751,20.498383,225,1
atitlan,2025-01-18,696750.0,1618050.0,0.3190352,20.0868,225,1
atitlan,2025-01-18,697050.0,1618050.0,0.28326178,16.37522,225,1
atitlan,2025-01-18,697350.0,1618050.0,0.29082596,16.365253,225,1
atitlan,2025-01-18,697650.0,1618050.0,0.29123163,16.776175,225,1
atitlan,2025-01-18,697950.0,1618050.0,0.29384145,17.041784,225,1
atitlan,2025-01-18,698250.0,1618050.0,0.30414408,18.407146,225,1
atitlan,2025-01-18,698550.0,1618050.0,0.28379205,15.833527,225,1
atitlan,2025-01-18,698850.0,1618050.0,0.29149374,16.878437,225,1
atitlan,2025-01-18,699150.0,1618050.0,0.24457136,14.116755,225,1
atitlan,2025-01-18,699450.0,1618050.0,0.23233439,13.371763,225,1
atitlan,2025-01-18,699750.0,1618050.0,0.1042188,6.826994,225,0
atitlan,2025-01-18,700050.0,1618050.0,0.12175011,7.896139,225,0
atitlan,2025-01-18,700350.0,1618050.0,0.20512955,10.060662,225,0
atitlan,2025-01-18,700650.0,1618050.0,0.28855583,17.703085,225,1
atitlan,2025-01-18,700950.0,1618050.0,0.2594429,14.462748,225,1
atitlan,2025-01-18,701250.0,1618050.0,0.23781732,14.357026,225,1
atitlan,2025-01-18,701550.0,1618050.0,0.22842838,11.155245,225,0
atitlan,2025-01-18,701850.0,1618050.0,0.27306962,15.131669,225,1
atitlan,2025-01-18,702150.0,1618050.0,0.3097594,19.128794,225,1
atitlan,2025-01-18,702450.0,1618050.0,0.2351063,11.405424,225,0
atitlan,2025-01-18,702750.0,1618050.0,0.17665863,8.286323,225,0
atitlan,2025-01-18,703050.0,1618050.0,0.26384282,12.865292,225,1
atitlan,2025-01-18,703350.0,1618050.0,0.25925007,12.66721,225,1
atitlan,2025-01-18,703650.0,1618050.0,0.27369213,15.759283,225,1
atitlan,2025-01-18,703950.0,1618050.0,0.27168465,14.728262,225,1
atitlan,2025-01-18,704250.0,1618050.0,0.269282,14.559875,225,1
atitlan,2025-01-18,704550.0,1618050.0,0.21971557,11.790292,225,0
atitlan,2025-01-18,704850.0,1618050.0,0.2961808,19.300676,225,1
atitlan,2025-01-18,705150.0,1618050.0,0.28997892,18.944992,225,1
atitlan,2025-01-18,705450.0,1618050.0,0.27024677,14.13746,225,1
atitlan,2025-01-18,705750.0,1618050.0,0.2707294,15.297558,225,1
atitlan,2025-01-18,706050.0,1618050.0,0.33525658,23.828016,225,1
atitlan,2025-01-18,706350.0,1618050.0,0.2633584,14.331325,225,1
atitlan,2025-01-18,706650.0,1618050.0,0.24333626,12.157985,225,1
atitlan,2025-01-18,706950.0,1618050.0,0.27175477,15.004833,225,1
atitlan,2025-01-18,707250.0,1618050.0,0.2620825,14.456921,225,1
atitlan,2025-01-18,707550.0,1618050.0,0.2648494,13.786418,225,1
atitlan,2025-01-18,707850.0,1618050.0,0.33664128,23.059494,45,1
atitlan,2025-01-18,680250.0,1618350.0,0.2384523,13.036778,180,1
atitlan,2025-01-18,680550.0,1618350.0,0.30780005,21.210276,225,1
atitlan,2025-01-18,680850.0,1618350.0,0.32454035,22.868132,225,1
atitlan,2025-01-18,681150.0,1618350.0,0.26664808,19.56085,225,1
atitlan,2025-01-18,681450.0,1618350.0,0.27006882,19.029154,225,1
atitlan,2025-01-18,681750.0,1618350.0,0.2577687,15.878561,225,1
atitlan,2025-01-18,682050.0,1618350.0,0.18608393,11.621313,225,0
atitlan,2025-01-18,682350.0,1618350.0,0.24814162,16.185974,225,1
atitlan,2025-01-18,682650.0,1618350.0,0.30920798,19.483133,225,1
atitlan,2025-01-18,682950.0,1618350.0,0.32923156,22.178091,225,1
atitlan,2025-01-18,683250.0,1618350.0,0.298193,18.74057,225,1
atitlan,2025-01-18,683550.0,1618350.0,0.22447668,12.580805,225,1
atitlan,2025-01-18,683850.0,1618350.0,0.25425684,15.62618,225,1
atitlan,2025-01-18,684150.0,1618350.0,0.29931784,18.564798,225,1
atitlan,2025-01-18,684450.0,1618350.0,0.2853996,16.6991,225,1
atitlan,2025-01-18,684750.0,1618350.0,0.2652643,14.463283,225,1
atitlan,2025-01-18,685050.0,1618350.0,0.27609116,14.670492,225,1
atitlan,2025-01-18,685350.0,1618350.0,0.28589976,16.436844,225,1
atitlan,2025-01-18,685650.0,1618350.0,0.29043335,17.514273,225,1
atitlan,2025-01-18,685950.0,1618350.0,0.2823787,16.51572,225,1
atitlan,2025-01-18,686250.0,1618350.0,0.28312787,16.59607,225,1
atitlan,2025-01-18,686550.0,1618350.0,0.29867733,17.716846,225,1
atitlan,2025-01-18,686850.0,1618350.0,0.30870858,18.454369,225,1
atitlan,2025-01-18,687150.0,1618350.0,0.30874467,19.172997,225,1
atitlan,2025-01-18,687450.0,1618350.0,0.29659313,17.740625,225,1
atitlan,2025-01-18,687750.0,1618350.0,0.2729248,15.662485,225,1
atitlan,2025-01-18,688050.0,1618350.0,0.27071697,14.612496,225,1
atitlan,2025-01-18,688350.0,1618350.0,0.19907978,10.56788,225,0
atitlan,2025-01-18,688650.0,1618350.0,-0.084857434,0.7474029,225,0
atitlan,2025-01-18,688950.0,1618350.0,-0.094587564,0.27481323,225,0
atitlan,2025-01-18,689250.0,1618350.0,-0.093398124,0.3325452,225,0
atitlan,2025-01-18,689550.0,1618350.0,-0.09726068,0.21018487,225,0
atitlan,2025-01-18,689850.0,1618350.0,-0.09310017,0.3384201,225,0
atitlan,2025-01-18,690150.0,1618350.0,-0.05833284,1.7995706,225,0
atitlan,2025-01-18,690450.0,1618350.0,0.16437232,9.525995,225,0
atitlan,2025-01-18,690750.0,1618350.0,0.20367096,11.426822,225,0
atitlan,2025-01-18,691050.0,1618350.0,0.3040044,17.810083,225,1
atitlan,2025-01-18,691350.0,1618350.0,0.31946465,21.662895,225,1
atitlan,2025-01-18,691650.0,1618350.0,0.28890333,18.050909,225,1
atitlan,2025-01-18,691950.0,1618350.0,0.21538334,13.228022,225,1
atitlan,2025-01-18,692250.0,1618350.0,0.18023136,9.677377,225,0
atitlan,2025-01-18,692550.0,1618350.0,0.2442622,11.987013,225,0
atitlan,2025-01-18,692850.0,1618350.0,0.26286536,13.642256,225,1
atitlan,2025-01-18,693150.0,1618350.0,0.22328065,10.51216,225,0
atitlan,2025-01-18,693450.0,1618350.0,0.23780409,11.749459,225,0
atitlan,2025-01-18,693750.0,1618350.0,0.2360848,11.844206,225,0
atitlan,2025-01-18,694050.0,1618350.0,0.2589367,12.216337,225,1
atitlan,2025-01-18,694350.0,1618350.0,0.22786401,9.941801,225,0
atitlan,2025-01-18,694650.0,1618350.0,0.20838666,9.146263,225,0
atitlan,2025-01-18,694950.0,1618350.0,0.19938788,8.618709,225,0
atitlan,2025-01-18,695250.0,1618350.0,0.19309804,8.606259,225,0
atitlan,2025-01-18,695550.0,1618350.0,0.21836177,9.319601,225,0
atitlan,2025-01-18,695850.0,1618350.0,0.32965934,22.437195,225,1
atitlan,2025-01-18,696150.0,1618350.0,0.2830738,15.640536,225,1
atitlan,2025-01-18,696450.0,1618350.0,0.31557173,20.199198,225,1
atitlan,2025-01-18,696750.0,1618350.0,0.30867082,18.96733,225,1
atitlan,2025-01-18,697050.0,1618350.0,0.26523578,14.736421,225,1
atitlan,2025-01-18,697350.0,1618350.0,0.28694308,16.256567,225,1
atitlan,2025-01-18,697650.0,1618350.0,0.30531192,18.736687,225,1
atitlan,2025-01-18,697950.0,1618350.0,0.30573946,18.3295,225,1
atitlan,2025-01-18,698250.0,1618350.0,0.30334455,18.178095,225,1
atitlan,2025-01-18,698550.0,1618350.0,0.2955266,16.875254,225,1
atitlan,2025-01-18,698850.0,1618350.0,0.30115876,18.273384,225,1
atitlan,2025-01-18,699150.0,1618350.0,0.24817926,13.552506,225,1
atitlan,2025-01-18,699450.0,1618350.0,0.15678185,9.701595,225,0
atitlan,2025-01-18,699750.0,1618350.0,0.07107601,5.196943,225,0
atitlan,2025-01-18,700050.0,1618350.0,0.043000802,4.465299,225,0
atitlan,2025-01-18,700350.0,1618350.0,0.18674089,9.426918,225,0
atitlan,2025-01-18,700650.0,1618350.0,0.1950916,9.431648,225,0
atitlan,2025-01-18,700950.0,1618350.0,0.27441323,15.641651,225,1
atitlan,2025-01-18,701250.0,1618350.0,0.27518964,14.987936,225,1
atitlan,2025-01-18,701550.0,1618350.0,0.21458198,11.36559,225,0
atitlan,2025-01-18,701850.0,1618350.0,0.23240033,11.045022,225,0
atitlan,2025-01-18,702150.0,1618350.0,0.27198985,15.616158,225,1
atitlan,2025-01-18,702450.0,1618350.0,0.25418875,13.093975,225,1
atitlan,2025-01-18,702750.0,1618350.0,0.27367538,14.866072,225,1
atitlan,2025-01-18,703050.0,1618350.0,0.2584642,13.23942,225,1
atitlan,2025-01-18,703350.0,1618350.0,0.29101977,16.727196,225,1
atitlan,2025-01-18,703650.0,1618350.0,0.27443135,16.385004,225,1
atitlan,2025-01-18,703950.0,1618350.0,0.21494468,10.723373,225,0
atitlan,2025-01-18,704250.0,1618350.0,0.2669308,14.700685,225,1
atitlan,2025-01-18,704550.0,1618350.0,0.24646164,12.65,225,1
atitlan,2025-01-18,704850.0,1618350.0,0.1852241,10.394208,225,0
atitlan,2025-01-18,705150.0,1618350.0,0.17677292,9.370168,225,0
atitlan,2025-01-18,705450.0,1618350.0,0.13512303,7.3044977,225,0
atitlan,2025-01-18,705750.0,1618350.0,0.25646806,13.72234,225,1
atitlan,2025-01-18,706050.0,1618350.0,0.2576982,13.476222,225,1
atitlan,2025-01-18,706350.0,1618350.0,0.23613486,11.321323,225,0
atitlan,2025-01-18,706650.0,1618350.0,0.31906858,20.981802,225,1
atitlan,2025-01-18,706950.0,1618350.0,0.29657552,18.306421,225,1
atitlan,2025-01-18,707250.0,1618350.0,0.28251866,15.510627,225,1
atitlan,2025-01-18,707550.0,1618350.0,0.24498478,11.773699,225,0
atitlan,2025-01-18,707850.0,1618350.0,0.30176276,17.761705,45,1
atitlan,2025-01-18,680250.0,1618650.0,0.28074968,18.709951,180,1
atitlan,2025-01-18,680550.0,1618650.0,0.25392276,13.253826,225,1
atitlan,2025-01-18,680850.0,1618650.0,0.22646108,11.828829,225,0
atitlan,2025-01-18,681150.0,1618650.0,0.17767228,10.027339,225,0
atitlan,2025-01-18,681450.0,1618650.0,0.11635871,6.236341,225,0
atitlan,2025-01-18,681750.0,1618650.0,0.06532849,4.9994674,225,0
atitlan,2025-01-18,682050.0,1618650.0,0.06498254,5.0365295,225,0
atitlan,2025-01-18,682350.0,1618650.0,0.1060952,5.6608286,225,0
atitlan,2025-01-18,682650.0,1618650.0,0.24758619,12.915241,225,1
atitlan,2025-01-18,682950.0,1618650.0,0.23687816,12.86872,225,1
atitlan,2025-01-18,683250.0,1618650.0,0.21647944,11.517324,225,0
atitlan,2025-01-18,683550.0,1618650.0,0.25447628,13.578701,225,1
atitlan,2025-01-18,683850.0,1618650.0,0.23434436,11.537745,225,0
atitlan,2025-01-18,684150.0,1618650.0,0.27824038,16.335634,225,1
atitlan,2025-01-18,684450.0,1618650.0,0.256731,14.4264765,225,1
atitlan,2025-01-18,684750.0,1618650.0,0.27568433,15.144013,225,1
atitlan,2025-01-18,685050.0,1618650.0,0.2864242,17.503675,225,1
atitlan,2025-01-18,685350.0,1618650.0,0.3065449,18.587818,225,1
atitlan,2025-01-18,685650.0,1618650.0,0.2957736,17.214508,225,1
atitlan,2025-01-18,685950.0,1618650.0,0.29969364,18.110212,225,1
atitlan,2025-01-18,686250.0,1618650.0,0.3052636,19.188915,225,1
atitlan,2025-01-18,686550.0,1618650.0,0.2803541,16.423485,225,1
atitlan,2025-01-18,686850.0,1618650.0,0.29481503,17.317762,225,1
atitlan,2025-01-18,687150.0,1618650.0,0.3135523,19.86804,225,1
atitlan,2025-01-18,687450.0,1618650.0,0.30395633,18.697657,225,1
atitlan,2025-01-18,687750.0,1618650.0,0.3000862,18.307127,225,1
atitlan,2025-01-18,688050.0,1618650.0,0.2781745,15.104359,225,1
atitlan,2025-01-18,688350.0,1618650.0,0.26133883,13.305867,225,1
atitlan,2025-01-18,688650.0,1618650.0,0.13135244,9.155595,225,0
atitlan,2025-01-18,688950.0,1618650.0,-0.02448916,3.070428,225,0
atitlan,2025-01-18,689250.0,1618650.0,-0.089109525,0.5505906,225,0
atitlan,2025-01-18,689550.0,1618650.0,-0.08944611,0.5149819,225,0
atitlan,2025-01-18,689850.0,1618650.0,-0.08168287,0.8735649,225,0
atitlan,2025-01-18,690150.0,1618650.0,0.033498093,4.073031,225,0
atitlan,2025-01-18,690450.0,1618650.0,0.05555656,4.9995093,225,0
atitlan,2025-01-18,690750.0,1618650.0,0.11051274,7.0765066,225,0
atitlan,2025-01-18,691050.0,1618650.0,0.27836323,14.944542,225,1
atitlan,2025-01-18,691350.0,1618650.0,0.2759265,14.831499,225,1
atitlan,2025-01-18,691650.0,1618650.0,0.27678245,16.271881,225,1
atitlan,2025-01-18,691950.0,1618650.0,0.22876036,13.276161,225,1
atitlan,2025-01-18,692250.0,1618650.0,0.2614844,13.597743,225,1
atitlan,2025-01-18,692550.0,1618650.0,0.25007203,13.140926,225,1
atitlan,2025-01-18,692850.0,1618650.0,0.28734732,15.949079,225,1
atitlan,2025-01-18,693150.0,1618650.0,0.27092445,15.242402,225,1
atitlan,2025-01-18,693450.0,1618650.0,0.22878163,11.108809,225,0
atitlan,2025-01-18,693750.0,1618650.0,0.20845917,9.874841,225,0
atitlan,2025-01-18,694050.0,1618650.0,0.22156206,9.515499,225,0
atitlan,2025-01-18,694350.0,1618650.0,0.2434962,11.101129,225,0
atitlan,2025-01-18,694650.0,1618650.0,0.21136953,9.886441,225,0
atitlan,2025-01-18,694950.0,1618650.0,0.23382182,11.806515,225,0
atitlan,2025-01-18,695250.0,1618650.0,0.21161234,9.7264595,225,0
atitlan,2025-01-18,695550.0,1618650.0,0.22644779,10.184303,225,0
atitlan,2025-01-18,695850.0,1618650.0,0.30229357,17.618702,225,1
atitlan,2025-01-18,696150.0,1618650.0,0.28439993,17.092253,225,1
atitlan,2025-01-18,696450.0,1618650.0,0.28893802,16.44961,225,1
atitlan,2025-01-18,696750.0,1618650.0,0.2661941,14.611491,225,1
atitlan,2025-01-18,697050.0,1618650.0,0.2942968,17.067026,225,1
atitlan,2025-01-18,697350.0,1618650.0,0.29603735,17.009636,225,1
atitlan,2025-01-18,697650.0,1618650.0,0.2928631,17.395674,225,1
atitlan,2025-01-18,697950.0,1618650.0,0.28572416,16.502987,225,1
atitlan,2025-01-18,698250.0,1618650.0,0.2615744,13.373142,225,1
atitlan,2025-01-18,698550.0,1618650.0,0.28934962,16.410204,225,1
atitlan,2025-01-18,698850.0,1618650.0,0.26765594,14.958302,225,1
atitlan,2025-01-18,699150.0,1618650.0,0.25358167,13.411077,225,1
atitlan,2025-01-18,699450.0,1618650.0,0.23354457,12.731557,225,1
atitlan,2025-01-18,699750.0,1618650.0,0.041322798,4.585089,225,0
atitlan,2025-01-18,700050.0,1618650.0,0.070630476,5.3812265,225,0
atitlan,2025-01-18,700350.0,1618650.0,0.157768,8.516321,225,0
atitlan,2025-01-18,700650.0,1618650.0,0.16341755,7.5240154,225,0
atitlan,2025-01-18,700950.0,1618650.0,0.17373638,8.023099,225,0
atitlan,2025-01-18,701250.0,1618650.0,0.26286286,14.585171,225,1
atitlan,2025-01-18,701550.0,1618650.0,0.25391865,13.325507,225,1
atitlan,2025-01-18,701850.0,1618650.0,0.20878531,9.952346,225,0
atitlan,2025-01-18,702150.0,1618650.0,0.25383085,12.556958,225,1
atitlan,2025-01-18,702450.0,1618650.0,0.28661287,16.406075,225,1
atitlan,2025-01-18,702750.0,1618650.0,0.27722347,15.695306,225,1
atitlan,2025-01-18,703050.0,1618650.0,0.2871881,16.749722,225,1
atitlan,2025-01-18,703350.0,1618650.0,0.25390533,12.631911,225,1
atitlan,2025-01-18,703650.0,1618650.0,0.24749394,13.327012,225,1
atitlan,2025-01-18,703950.0,1618650.0,0.24972843,13.417674,225,1
atitlan,2025-01-18,704250.0,1618650.0,0.18513557,9.3722515,225,0
atitlan,2025-01-18,704550.0,1618650.0,0.17455676,10.883075,225,0
atitlan,2025-01-18,704850.0,1618650.0,0.17100434,11.978757,225,0
atitlan,2025-01-18,705150.0,1618650.0,0.1853063,13.115118,225,1
atitlan,2025-01-18,705450.0,1618650.0,0.18689875,12.206756,225,1
atitlan,2025-01-18,705750.0,1618650.0,0.19285151,9.359335,225,0
atitlan,2025-01-18,706050.0,1618650.0,0.25017843,12.538702,225,1
atitlan,2025-01-18,706350.0,1618650.0,0.29150063,16.867798,225,1
atitlan,2025-01-18,706650.0,1618650.0,0.2976155,17.577618,225,1
atitlan,2025-01-18,706950.0,1618650.0,0.3060047,18.03173,225,1
atitlan,2025-01-18,707250.0,1618650.0,0.2549957,12.428417,225,1
atitlan,2025-01-18,707550.0,1618650.0,0.2740463,15.71958,225,1
atitlan,2025-01-18,707850.0,1618650.0,0.27438065,14.045533,45,1
atitlan,2025-01-18,680250.0,1618950.0,0.37004504,30.394442,180,1
atitlan,2025-01-18,680550.0,1618950.0,0.32207587,22.601501,225,1
atitlan,2025-01-18,680850.0,1618950.0,0.3026274,19.164213,225,1
atitlan,2025-01-18,681150.0,1618950.0,0.2729674,16.61366,225,1
atitlan,2025-01-18,681450.0,1618950.0,0.27809283,18.51975,225,1
atitlan,2025-01-18,681750.0,1618950.0,0.2930792,18.59509,225,1
atitlan,2025-01-18,682050.0,1618950.0,0.29900238,18.65417,225,1
atitlan,2025-01-18,682350.0,1618950.0,0.2829404,16.956581,225,1
atitlan,2025-01-18,682650.0,1618950.0,0.21769457,12.094166,225,1
atitlan,2025-01-18,682950.0,1618950.0,0.2427062,14.254038,225,1
atitlan,2025-01-18,683250.0,1618950.0,0.30967757,19.146599,225,1
atitlan,2025-01-18,683550.0,1618950.0,0.29772505,17.262,225,1
atitlan,2025-01-18,683850.0,1618950.0,0.30525675,17.898678,225,1
atitlan,2025-01-18,684150.0,1618950.0,0.31388476,19.276472,225,1
atitlan,2025-01-18,684450.0,1618950.0,0.30155265,19.733477,225,1
atitlan,2025-01-18,684750.0,1618950.0,0.28551105,17.723974,225,1
atitlan,2025-01-18,685050.0,1618950.0,0.3134781,21.370485,225,1
atitlan,2025-01-18,685350.0,1618950.0,0.28855345,18.130314,225,1
atitlan,2025-01-18,685650.0,1618950.0,0.28734508,17.740002,225,1
atitlan,2025-01-18,685950.0,1618950.0,0.31010938,19.47718,225,1
atitlan,2025-01-18,686250.0,1618950.0,0.2888754,17.27587,225,1
atitlan,2025-01-18,686550.0,1618950.0,0.26096967,14.941663,225,1
atitlan,2025-01-18,686850.0,1618950.0,0.3025123,18.7766,225,1
atitlan,2025-01-18,687150.0,1618950.0,0.29173,17.624378,225,1
atitlan,2025-01-18,687450.0,1618950.0,0.2891069,16.757092,225,1
atitlan,2025-01-18,687750.0,1618950.0,0.2916564,17.024223,225,1
atitlan,2025-01-18,688050.0,1618950.0,0.28285518,16.087486,225,1
atitlan,2025-01-18,688350.0,1618950.0,0.26068994,13.39676,225,1
atitlan,2025-01-18,688650.0,1618950.0,0.25070727,13.1006775,225,1
atitlan,2025-01-18,688950.0,1618950.0,0.19926488,10.522965,225,0
atitlan,2025-01-18,689250.0,1618950.0,-0.08008829,0.9335577,225,0
atitlan,2025-01-18,689550.0,1618950.0,-0.088063695,0.60345256,225,0
atitlan,2025-01-18,689850.0,1618950.0,-0.0771358,1.0579284,225,0
atitlan,2025-01-18,690150.0,1618950.0,0.10455582,6.569882,225,0
atitlan,2025-01-18,690450.0,1618950.0,0.033802517,4.251055,225,0
atitlan,2025-01-18,690750.0,1618950.0,0.040917184,4.647413,225,0
atitlan,2025-01-18,691050.0,1618950.0,0.1285975,7.5870442,225,0
atitlan,2025-01-18,691350.0,1618950.0,0.2534126,13.316234,225,1
atitlan,2025-01-18,691650.0,1618950.0,0.25790125,12.892759,225,1
atitlan,2025-01-18,691950.0,1618950.0,0.25044203,11.730813,225,0
atitlan,2025-01-18,692250.0,1618950.0,0.2630487,13.262042,225,1
atitlan,2025-01-18,692550.0,1618950.0,0.2916972,16.760435,225,1
atitlan,2025-01-18,692850.0,1618950.0,0.26112953,14.872802,225,1
atitlan,2025-01-18,693150.0,1618950.0,0.25681794,14.415992,225,1
atitlan,2025-01-18,693450.0,1618950.0,0.21308771,10.513326,225,0
atitlan,2025-01-18,693750.0,1618950.0,0.20372945,9.201125,225,0
atitlan,2025-01-18,694050.0,1618950.0,0.2137473,9.532183,225,0
atitlan,2025-01-18,694350.0,1618950.0,0.25831747,12.53143,225,1
atitlan,2025-01-18,694650.0,1618950.0,0.15435503,6.832186,225,0
atitlan,2025-01-18,694950.0,1618950.0,0.23572533,11.09485,225,0
atitlan,2025-01-18,695250.0,1618950.0,0.26135972,13.958767,225,1
atitlan,2025-01-18,695550.0,1618950.0,0.26618135,13.699355,225,1
atitlan,2025-01-18,695850.0,1618950.0,0.28202122,15.583604,225,1
atitlan,2025-01-18,696150.0,1618950.0,0.2890647,16.72697,225,1
atitlan,2025-01-18,696450.0,1618950.0,0.28150395,15.683731,225,1
atitlan,2025-01-18,696750.0,1618950.0,0.27544814,14.836061,225,1
atitlan,2025-01-18,697050.0,1618950.0,0.26605165,13.884498,225,1
atitlan,2025-01-18,697350.0,1618950.0,0.2897785,16.078257,225,1
atitlan,2025-01-18,697650.0,1618950.0,0.27629313,14.775341,225,1
atitlan,2025-01-18,697950.0,1618950.0,0.27181035,14.376427,225,1
atitlan,2025-01-18,698250.0,1618950.0,0.30330113,18.716312,225,1
atitlan,2025-01-18,698550.0,1618950.0,0.2939667,17.462439,225,1
atitlan,2025-01-18,698850.0,1618950.0,0.2588142,14.384884,225,1
atitlan,2025-01-18,699150.0,1618950.0,0.14964603,9.142305,225,0
atitlan,2025-01-18,699450.0,1618950.0,0.116605304,8.672637,225,0
atitlan,2025-01-18,699750.0,1618950.0,0.07137131,6.3100557,225,0
atitlan,2025-01-18,700050.0,1618950.0,0.06676182,5.569566,225,0
atitlan,2025-01-18,700350.0,1618950.0,0.14658205,8.77819,225,0
atitlan,2025-01-18,700650.0,1618950.0,0.17903627,9.099631,225,0
atitlan,2025-01-18,700950.0,1618950.0,0.13588588,6.5014467,225,0
atitlan,2025-01-18,701250.0,1618950.0,0.23626626,11.758372,225,0
atitlan,2025-01-18,701550.0,1618950.0,0.22903076,12.126229,225,1
atitlan,2025-01-18,701850.0,1618950.0,0.16503118,9.034848,225,0
atitlan,2025-01-18,702150.0,1618950.0,0.19334069,11.587053,225,0
atitlan,2025-01-18,702450.0,1618950.0,0.279725,15.091164,225,1
atitlan,2025-01-18,702750.0,1618950.0,0.2671757,13.466083,225,1
atitlan,2025-01-18,703050.0,1618950.0,0.25709012,12.832631,225,1
atitlan,2025-01-18,703350.0,1618950.0,0.2536206,12.403334,225,1
atitlan,2025-01-18,703650.0,1618950.0,0.2469971,13.019799,225,1
atitlan,2025-01-18,703950.0,1618950.0,0.25882924,14.503481,225,1
atitlan,2025-01-18,704250.0,1618950.0,0.254468,13.12012,225,1
atitlan,2025-01-18,704550.0,1618950.0,0.23882787,12.115764,225,1
atitlan,2025-01-18,704850.0,1618950.0,0.24038698,12.445705,225,1
atitlan,2025-01-18,705150.0,1618950.0,0.16633789,10.46176,225,0
atitlan,2025-01-18,705450.0,1618950.0,0.17166923,12.08716,225,1
atitlan,2025-01-18,705750.0,1618950.0,0.24266039,13.1487255,225,1
atitlan,2025-01-18,706050.0,1618950.0,0.17133006,7.7047315,225,0
atitlan,2025-01-18,706350.0,1618950.0,0.20704255,9.397406,225,0
atitlan,2025-01-18,706650.0,1618950.0,0.22020216,10.614053,225,0
atitlan,2025-01-18,706950.0,1618950.0,0.26282007,13.013304,225,1
atitlan,2025-01-18,707250.0,1618950.0,0.24178767,11.426158,225,0
atitlan,2025-01-18,707550.0,1618950.0,0.28570905,17.339079,225,1
atitlan,2025-01-18,707850.0,1618950.0,0.30238926,20.109602,45,1
atitlan,2025-01-18,680250.0,1619250.0,0.3873227,33.813107,180,1
atitlan,2025-01-18,680550.0,1619250.0,0.3807597,32.461853,225,1
atitlan,2025-01-18,680850.0,1619250.0,0.3301486,24.98683,225,1
atitlan,2025-01-18,681150.0,1619250.0,0.33383375,25.583967,225,1
atitlan,2025-01-18,681450.0,1619250.0,0.30387214,18.752552,225,1
atitlan,2025-01-18,681750.0,1619250.0,0.26523212,13.860542,225,1
atitlan,2025-01-18,682050.0,1619250.0,0.16516298,9.61141,225,0
atitlan,2025-01-18,682350.0,1619250.0,0.2744453,16.87236,225,1
atitlan,2025-01-18,682650.0,1619250.0,0.2884702,17.449583,225,1
atitlan,2025-01-18,682950.0,1619250.0,0.2999475,17.390167,225,1
atitlan,2025-01-18,683250.0,1619250.0,0.278104,17.1356,225,1
atitlan,2025-01-18,683550.0,1619250.0,0.30412546,19.414955,225,1
atitlan,2025-01-18,683850.0,1619250.0,0.31291193,19.594786,225,1
atitlan,2025-01-18,684150.0,1619250.0,0.33361673,22.743765,225,1
atitlan,2025-01-18,684450.0,1619250.0,0.33265778,23.193054,225,1
atitlan,2025-01-18,684750.0,1619250.0,0.35550126,27.29215,225,1
atitlan,2025-01-18,685050.0,1619250.0,0.3425831,24.696753,225,1
atitlan,2025-01-18,685350.0,1619250.0,0.29055962,18.598331,225,1
atitlan,2025-01-18,685650.0,1619250.0,0.2783127,17.07444,225,1
atitlan,2025-01-18,685950.0,1619250.0,0.27735505,16.899305,225,1
atitlan,2025-01-18,686250.0,1619250.0,0.34834033,25.366737,225,1
atitlan,2025-01-18,686550.0,1619250.0,0.3038664,20.48051,225,1
atitlan,2025-01-18,686850.0,1619250.0,0.30547675,19.833185,225,1
atitlan,2025-01-18,687150.0,1619250.0,0.27298507,17.375097,225,1
atitlan,2025-01-18,687450.0,1619250.0,0.30177572,18.546446,225,1
atitlan,2025-01-18,687750.0,1619250.0,0.290239,16.70965,225,1
atitlan,2025-01-18,688050.0,1619250.0,0.28518882,15.740403,225,1
atitlan,2025-01-18,688350.0,1619250.0,0.2818718,16.002295,225,1
atitlan,2025-01-18,688650.0,1619250.0,0.26502186,14.291784,225,1
atitlan,2025-01-18,688950.0,1619250.0,0.23439324,12.057585,225,1
atitlan,2025-01-18,689250.0,1619250.0,0.11621967,8.205076,225,0
atitlan,2025-01-18,689550.0,1619250.0,0.011879814,3.8310375,225,0
atitlan,2025-01-18,689850.0,1619250.0,-0.05903945,1.755144,225,0
atitlan,2025-01-18,690150.0,1619250.0,0.11339557,6.7739196,225,0
atitlan,2025-01-18,690450.0,1619250.0,0.049255334,4.8797727,225,0
atitlan,2025-01-18,690750.0,1619250.0,0.027780835,4.2027526,225,0
atitlan,2025-01-18,691050.0,1619250.0,0.051345866,4.8605247,225,0
atitlan,2025-01-18,691350.0,1619250.0,0.20871279,10.336307,225,0
atitlan,2025-01-18,691650.0,1619250.0,0.25244612,12.5528,225,1
atitlan,2025-01-18,691950.0,1619250.0,0.2564079,12.41306,225,1
atitlan,2025-01-18,692250.0,1619250.0,0.26564956,14.013515,225,1
atitlan,2025-01-18,692550.0,1619250.0,0.2631985,13.296389,225,1
atitlan,2025-01-18,692850.0,1619250.0,0.26048252,13.340063,225,1
atitlan,2025-01-18,693150.0,1619250.0,0.23754893,12.109439,225,1
atitlan,2025-01-18,693450.0,1619250.0,0.22276506,10.214312,225,0
atitlan,2025-01-18,693750.0,1619250.0,0.22020504,10.6810255,225,0
atitlan,2025-01-18,694050.0,1619250.0,0.21781242,9.307365,225,0
atitlan,2025-01-18,694350.0,1619250.0,0.24101093,11.857269,225,0
atitlan,2025-01-18,694650.0,1619250.0,0.20723446,10.465642,225,0
atitlan,2025-01-18,694950.0,1619250.0,0.22043884,9.95421,225,0
atitlan,2025-01-18,695250.0,1619250.0,0.24424875,12.575993,225,1
atitlan,2025-01-18,695550.0,1619250.0,0.20911555,9.6973915,225,0
atitlan,2025-01-18,695850.0,1619250.0,0.23320907,11.616076,225,0
atitlan,2025-01-18,696150.0,1619250.0,0.2483769,12.963899,225,1
atitlan,2025-01-18,696450.0,1619250.0,0.26847026,14.2157345,225,1
atitlan,2025-01-18,696750.0,1619250.0,0.27046448,14.612326,225,1
atitlan,2025-01-18,697050.0,1619250.0,0.26607087,13.840278,225,1
atitlan,2025-01-18,697350.0,1619250.0,0.2772999,14.678104,225,1
atitlan,2025-01-18,697650.0,1619250.0,0.2750625,14.2716875,225,1
atitlan,2025-01-18,697950.0,1619250.0,0.27557638,14.404061,225,1
atitlan,2025-01-18,698250.0,1619250.0,0.27921167,14.919529,225,1
atitlan,2025-01-18,698550.0,1619250.0,0.24898137,12.371725,225,1
atitlan,2025-01-18,698850.0,1619250.0,0.25553828,13.11918,225,1
atitlan,2025-01-18,699150.0,1619250.0,0.14924376,8.256077,225,0
atitlan,2025-01-18,699450.0,1619250.0,0.12652525,8.033747,225,0
atitlan,2025-01-18,699750.0,1619250.0,0.16739374,9.636493,225,0
atitlan,2025-01-18,700050.0,1619250.0,0.04952028,5.845707,225,0
atitlan,2025-01-18,700350.0,1619250.0,0.040162362,5.0333085,225,0
atitlan,2025-01-18,700650.0,1619250.0,-0.004837978,3.4545012,225,0
atitlan,2025-01-18,700950.0,1619250.0,0.1853089,9.3199005,225,0
atitlan,2025-01-18,701250.0,1619250.0,0.22487436,10.211801,225,0
atitlan,2025-01-18,701550.0,1619250.0,0.26864183,15.498608,225,1
atitlan,2025-01-18,701850.0,1619250.0,0.2113268,12.159316,225,1
atitlan,2025-01-18,702150.0,1619250.0,0.20056668,10.782255,225,0
atitlan,2025-01-18,702450.0,1619250.0,0.2337889,13.266766,225,1
atitlan,2025-01-18,702750.0,1619250.0,0.27582714,14.85875,225,1
atitlan,2025-01-18,703050.0,1619250.0,0.27373055,15.018699,225,1
atitlan,2025-01-18,703350.0,1619250.0,0.26921338,14.878629,225,1
atitlan,2025-01-18,703650.0,1619250.0,0.2543636,12.9952965,225,1
atitlan,2025-01-18,703950.0,1619250.0,0.25632197,14.8468895,225,1
atitlan,2025-01-18,704250.0,1619250.0,0.26550803,14.773475,225,1
atitlan,2025-01-18,704550.0,1619250.0,0.25226524,12.723737,225,1
atitlan,2025-01-18,704850.0,1619250.0,0.27342242,14.192968,225,1
atitlan,2025-01-18,705150.0,1619250.0,0.22491279,11.367943,225,0
atitlan,2025-01-18,705450.0,1619250.0,0.26643777,14.671379,225,1
atitlan,2025-01-18,705750.0,1619250.0,0.20002967,9.446541,225,0
atitlan,2025-01-18,706050.0,1619250.0,0.16346478,8.100648,225,0
atitlan,2025-01-18,706350.0,1619250.0,0.17041162,9.885849,225,0
atitlan,2025-01-18,706650.0,1619250.0,0.15677203,8.911955,225,0
atitlan,2025-01-18,706950.0,1619250.0,0.16663341,7.4139295,225,0
atitlan,2025-01-18,707250.0,1619250.0,0.2685667,13.896176,225,1
atitlan,2025-01-18,707550.0,1619250.0,0.23870063,14.537425,225,1
atitlan,2025-01-18,707850.0,1619250.0,0.22867046,14.567882,45,1
atitlan,2025-01-18,680250.0,1619550.0,0.369765,29.298527,180,1
atitlan,2025-01-18,680550.0,1619550.0,0.3546942,27.09406,225,1
atitlan,2025-01-18,680850.0,1619550.0,0.31403023,21.852446,225,1
atitlan,2025-01-18,681150.0,1619550.0,0.34803918,26.256477,225,1
atitlan,2025-01-18,681450.0,1619550.0,0.32298452,23.178032,225,1
atitlan,2025-01-18,681750.0,1619550.0,0.2761931,16.092247,225,1
atitlan,2025-01-18,682050.0,1619550.0,0.24730745,13.9096,225,1
atitlan,2025-01-18,682350.0,1619550.0,0.26637542,15.470164,225,1
atitlan,2025-01-18,682650.0,1619550.0,0.30080095,17.967485,225,1
atitlan,2025-01-18,682950.0,1619550.0,0.17605087,9.590652,225,0
atitlan,2025-01-18,683250.0,1619550.0,0.14896853,8.502919,225,0
atitlan,2025-01-18,683550.0,1619550.0,0.25591153,16.24099,225,1
atitlan,2025-01-18,683850.0,1619550.0,0.2984291,19.183374,225,1
atitlan,2025-01-18,684150.0,1619550.0,0.32575375,21.844048,225,1
atitlan,2025-01-18,684450.0,1619550.0,0.28801206,18.26564,225,1
atitlan,2025-01-18,684750.0,1619550.0,0.3048784,18.664083,225,1
atitlan,2025-01-18,685050.0,1619550.0,0.3154156,22.537962,225,1
atitlan,2025-01-18,685350.0,1619550.0,0.34941813,26.061253,225,1
atitlan,2025-01-18,685650.0,1619550.0,0.31412438,20.813278,225,1
atitlan,2025-01-18,685950.0,1619550.0,0.33666262,23.751747,225,1
atitlan,2025-01-18,686250.0,1619550.0,0.32703742,22.253605,225,1
atitlan,2025-01-18,686550.0,1619550.0,0.28255332,18.1798,225,1
atitlan,2025-01-18,686850.0,1619550.0,0.31732,21.967188,225,1
atitlan,2025-01-18,687150.0,1619550.0,0.2983719,20.301321,225,1
atitlan,2025-01-18,687450.0,1619550.0,0.32555884,21.652061,225,1
atitlan,2025-01-18,687750.0,1619550.0,0.32366005,20.690836,225,1
atitlan,2025-01-18,688050.0,1619550.0,0.27501598,15.523904,225,1
atitlan,2025-01-18,688350.0,1619550.0,0.26201552,13.463598,225,1
atitlan,2025-01-18,688650.0,1619550.0,0.25675428,12.837791,225,1
atitlan,2025-01-18,688950.0,1619550.0,0.25407547,13.181392,225,1
atitlan,2025-01-18,689250.0,1619550.0,0.26874024,14.544829,225,1
atitlan,2025-01-18,689550.0,1619550.0,0.10704141,7.5823436,225,0
atitlan,2025-01-18,689850.0,1619550.0,-0.08056948,0.981373,225,0
atitlan,2025-01-18,690150.0,1619550.0,0.019390838,4.6781254,225,0
atitlan,2025-01-18,690450.0,1619550.0,0.04665827,5.595618,225,0
atitlan,2025-01-18,690750.0,1619550.0,0.09844808,6.584335,225,0
atitlan,2025-01-18,691050.0,1619550.0,0.062893786,5.2261534,225,0
atitlan,2025-01-18,691350.0,1619550.0,0.12659763,7.9495735,225,0
atitlan,2025-01-18,691650.0,1619550.0,0.25431016,12.526655,225,1
atitlan,2025-01-18,691950.0,1619550.0,0.2526619,12.853274,225,1
atitlan,2025-01-18,692250.0,1619550.0,0.24569762,11.934497,225,0
atitlan,2025-01-18,692550.0,1619550.0,0.25484654,12.647124,225,1
atitlan,2025-01-18,692850.0,1619550.0,0.24649452,13.237297,225,1
atitlan,2025-01-18,693150.0,1619550.0,0.18779498,10.44761,225,0
atitlan,2025-01-18,693450.0,1619550.0,0.18819858,9.46291,225,0
atitlan,2025-01-18,693750.0,1619550.0,0.22466609,10.833009,225,0
atitlan,2025-01-18,694050.0,1619550.0,0.24963878,11.682332,225,0
atitlan,2025-01-18,694350.0,1619550.0,0.22912426,10.406587,225,0
atitlan,2025-01-18,694650.0,1619550.0,0.21480495,10.667419,225,0
atitlan,2025-01-18,694950.0,1619550.0,0.23987152,10.841325,225,0
atitlan,2025-01-18,695250.0,1619550.0,0.2549526,12.2280445,225,1
atitlan,2025-01-18,695550.0,1619550.0,0.23115677,11.558279,225,0
atitlan,2025-01-18,695850.0,1619550.0,0.21641341,10.090546,225,0
atitlan,2025-01-18,696150.0,1619550.0,0.23014605,10.834577,225,0
atitlan,2025-01-18,696450.0,1619550.0,0.25865445,13.85524,225,1
atitlan,2025-01-18,696750.0,1619550.0,0.2911825,16.789608,225,1
atitlan,2025-01-18,697050.0,1619550.0,0.25781322,13.741778,225,1
atitlan,2025-01-18,697350.0,1619550.0,0.25741372,12.826633,225,1
atitlan,2025-01-18,697650.0,1619550.0,0.28431267,15.232731,225,1
atitlan,2025-01-18,697950.0,1619550.0,0.27255708,13.785815,225,1
atitlan,2025-01-18,698250.0,1619550.0,0.25908774,12.824335,225,1
atitlan,2025-01-18,698550.0,1619550.0,0.25017595,12.612628,225,1
atitlan,2025-01-18,698850.0,1619550.0,0.26520428,13.657187,225,1
atitlan,2025-01-18,699150.0,1619550.0,0.22296317,11.943271,225,0
atitlan,2025-01-18,699450.0,1619550.0,0.14861104,9.321315,225,0
atitlan,2025-01-18,699750.0,1619550.0,0.24318075,13.517622,225,1
atitlan,2025-01-18,700050.0,1619550.0,0.13606608,9.393104,225,0
atitlan,2025-01-18,700350.0,1619550.0,-0.02376703,3.1451023,225,0
atitlan,2025-01-18,700650.0,1619550.0,-0.073858075,1.3231317,225,0
atitlan,2025-01-18,700950.0,1619550.0,0.19750594,9.05014,225,0
atitlan,2025-01-18,701250.0,1619550.0,0.25120375,12.218725,225,1
atitlan,2025-01-18,701550.0,1619550.0,0.25594762,13.384097,225,1
atitlan,2025-01-18,701850.0,1619550.0,0.25009024,13.096585,225,1
atitlan,2025-01-18,702150.0,1619550.0,0.255328,13.492122,225,1
atitlan,2025-01-18,702450.0,1619550.0,0.24356903,15.464408,225,1
atitlan,2025-01-18,702750.0,1619550.0,0.27492607,15.043143,225,1
atitlan,2025-01-18,703050.0,1619550.0,0.2796544,15.447856,225,1
atitlan,2025-01-18,703350.0,1619550.0,0.28110102,15.056302,225,1
atitlan,2025-01-18,703650.0,1619550.0,0.2553439,14.692244,225,1
atitlan,2025-01-18,703950.0,1619550.0,0.24885823,13.427693,225,1
atitlan,2025-01-18,704250.0,1619550.0,0.24599391,13.821069,225,1
atitlan,2025-01-18,704550.0,1619550.0,0.22334336,12.233622,225,1
atitlan,2025-01-18,704850.0,1619550.0,0.18951096,10.168157,225,0
atitlan,2025-01-18,705150.0,1619550.0,0.2120554,10.325289,225,0
atitlan,2025-01-18,705450.0,1619550.0,0.21938175,10.312967,225,0
atitlan,2025-01-18,705750.0,1619550.0,0.2633543,13.361507,225,1
atitlan,2025-01-18,706050.0,1619550.0,0.24859113,12.738305,225,1
atitlan,2025-01-18,706350.0,1619550.0,0.22911724,11.13385,225,0
atitlan,2025-01-18,706650.0,1619550.0,0.18616422,10.453249,225,0
atitlan,2025-01-18,706950.0,1619550.0,0.17339413,10.254749,225,0
atitlan,2025-01-18,707250.0,1619550.0,0.2476562,13.609854,225,1
atitlan,2025-01-18,707550.0,1619550.0,0.17548497,9.66148,225,0
atitlan,2025-01-18,707850.0,1619550.0,0.1231195,6.937983,45,0
atitlan,2025-01-18,680250.0,1619850.0,0.33272678,23.80087,180,1
atitlan,2025-01-18,680550.0,1619850.0,0.35061312,25.810322,225,1
atitlan,2025-01-18,680850.0,1619850.0,0.3566968,27.92217,225,1
atitlan,2025-01-18,681150.0,1619850.0,0.3271405,24.081512,225,1
atitlan,2025-01-18,681450.0,1619850.0,0.33872515,24.522512,225,1
atitlan,2025-01-18,681750.0,1619850.0,0.3473419,25.637358,225,1
atitlan,2025-01-18,682050.0,1619850.0,0.31524318,20.048172,225,1
atitlan,2025-01-18,682350.0,1619850.0,0.3173601,20.108294,225,1
atitlan,2025-01-18,682650.0,1619850.0,0.24161394,14.329391,225,1
atitlan,2025-01-18,682950.0,1619850.0,0.082233064,5.504217,225,0
atitlan,2025-01-18,683250.0,1619850.0,0.16015054,10.24492,225,0
atitlan,2025-01-18,683550.0,1619850.0,0.24443007,15.73694,225,1
atitlan,2025-01-18,683850.0,1619850.0,0.24235933,14.798637,225,1
atitlan,2025-01-18,684150.0,1619850.0,0.33304405,22.41851,225,1
atitlan,2025-01-18,684450.0,1619850.0,0.3354089,23.604818,225,1
atitlan,2025-01-18,684750.0,1619850.0,0.28554952,16.374027,225,1
atitlan,2025-01-18,685050.0,1619850.0,0.3168681,20.41112,225,1
atitlan,2025-01-18,685350.0,1619850.0,0.3149208,20.613712,225,1
atitlan,2025-01-18,685650.0,1619850.0,0.32324293,23.154787,225,1
atitlan,2025-01-18,685950.0,1619850.0,0.3497042,25.35282,225,1
atitlan,2025-01-18,686250.0,1619850.0,0.33214122,23.139082,225,1
atitlan,2025-01-18,686550.0,1619850.0,0.3580088,27.322697,225,1
atitlan,2025-01-18,686850.0,1619850.0,0.33434963,25.380154,225,1
atitlan,2025-01-18,687150.0,1619850.0,0.34060425,24.370647,225,1
atitlan,2025-01-18,687450.0,1619850.0,0.3360071,22.940874,225,1
atitlan,2025-01-18,687750.0,1619850.0,0.31400663,19.372915,225,1
atitlan,2025-01-18,688050.0,1619850.0,0.28980163,16.444336,225,1
atitlan,2025-01-18,688350.0,1619850.0,0.25810868,13.087577,225,1
atitlan,2025-01-18,688650.0,1619850.0,0.24235138,11.794688,225,0
atitlan,2025-01-18,688950.0,1619850.0,0.2559515,13.248923,225,1
atitlan,2025-01-18,689250.0,1619850.0,0.25601906,12.681863,225,1
atitlan,2025-01-18,689550.0,1619850.0,0.1366824,8.887851,225,0
atitlan,2025-01-18,689850.0,1619850.0,-0.08513111,0.7346993,225,0
atitlan,2025-01-18,690150.0,1619850.0,-0.09054897,0.46530595,225,0
atitlan,2025-01-18,690450.0,1619850.0,-0.08291007,0.83241546,225,0
atitlan,2025-01-18,690750.0,1619850.0,0.092284605,6.352997,225,0
atitlan,2025-01-18,691050.0,1619850.0,0.11936731,6.916306,225,0
atitlan,2025-01-18,691350.0,1619850.0,0.189245,10.460734,225,0
atitlan,2025-01-18,691650.0,1619850.0,0.21844096,11.009015,225,0
atitlan,2025-01-18,691950.0,1619850.0,0.24818814,12.432483,225,1
atitlan,2025-01-18,692250.0,1619850.0,0.24152938,12.129061,225,1
atitlan,2025-01-18,692550.0,1619850.0,0.25071865,13.02644,225,1
atitlan,2025-01-18,692850.0,1619850.0,0.17717724,10.024046,225,0
atitlan,2025-01-18,693150.0,1619850.0,0.21242611,10.779699,225,0
atitlan,2025-01-18,693450.0,1619850.0,0.23514672,11.400115,225,0
atitlan,2025-01-18,693750.0,1619850.0,0.25868464,12.761838,225,1
atitlan,2025-01-18,694050.0,1619850.0,0.25578603,12.809218,225,1
atitlan,2025-01-18,694350.0,1619850.0,0.2552904,12.588883,225,1
atitlan,2025-01-18,694650.0,1619850.0,0.2577511,12.481844,225,1
atitlan,2025-01-18,694950.0,1619850.0,0.23499496,10.476935,225,0
atitlan,2025-01-18,695250.0,1619850.0,0.26084217,12.695714,225,1
atitlan,2025-01-18,695550.0,1619850.0,0.2401518,11.891383,225,0
atitlan,2025-01-18,695850.0,1619850.0,0.2389245,11.161047,225,0
atitlan,2025-01-18,696150.0,1619850.0,0.26726392,14.602406,225,1
atitlan,2025-01-18,696450.0,1619850.0,0.24229406,12.0873375,225,1
atitlan,2025-01-18,696750.0,1619850.0,0.25194815,12.718145,225,1
atitlan,2025-01-18,697050.0,1619850.0,0.25128156,13.7134495,225,1
atitlan,2025-01-18,697350.0,1619850.0,0.25325903,13.389905,225,1
atitlan,2025-01-18,697650.0,1619850.0,0.27852517,14.695176,225,1
atitlan,2025-01-18,697950.0,1619850.0,0.26860714,13.844477,225,1
atitlan,2025-01-18,698250.0,1619850.0,0.24029471,11.379723,225,0
atitlan,2025-01-18,698550.0,1619850.0,0.25578573,12.698059,225,1
atitlan,2025-01-18,698850.0,1619850.0,0.2522,12.101648,225,1
atitlan,2025-01-18,699150.0,1619850.0,0.2259756,12.03967,225,1
atitlan,2025-01-18,699450.0,1619850.0,0.17431787,11.054682,225,0
atitlan,2025-01-18,699750.0,1619850.0,0.20737155,11.1659775,225,0
atitlan,2025-01-18,700050.0,1619850.0,0.22924083,11.511826,225,0
atitlan,2025-01-18,700350.0,1619850.0,0.071278684,7.0448112,225,0
atitlan,2025-01-18,700650.0,1619850.0,-0.0784768,1.0830691,225,0
atitlan,2025-01-18,700950.0,1619850.0,0.009946162,3.1537778,225,0
atitlan,2025-01-18,701250.0,1619850.0,0.15271208,7.621445,225,0
atitlan,2025-01-18,701550.0,1619850.0,0.25579926,12.47196,225,1
atitlan,2025-01-18,701850.0,1619850.0,0.26271066,13.137138,225,1
atitlan,2025-01-18,702150.0,1619850.0,0.24358281,11.97824,225,0
atitlan,2025-01-18,702450.0,1619850.0,0.20369934,14.647385,225,1
atitlan,2025-01-18,702750.0,1619850.0,0.20993064,11.379198,225,0
atitlan,2025-01-18,703050.0,1619850.0,0.2571413,14.005874,225,1
atitlan,2025-01-18,703350.0,1619850.0,0.28006792,15.724551,225,1
atitlan,2025-01-18,703650.0,1619850.0,0.27031177,15.734225,225,1
atitlan,2025-01-18,703950.0,1619850.0,0.2550004,15.712991,225,1
atitlan,2025-01-18,704250.0,1619850.0,0.24932112,14.521676,225,1
atitlan,2025-01-18,704550.0,1619850.0,0.26735815,15.794467,225,1
atitlan,2025-01-18,704850.0,1619850.0,0.2099173,11.079365,225,0
atitlan,2025-01-18,705150.0,1619850.0,0.1971773,9.205982,225,0
atitlan,2025-01-18,705450.0,1619850.0,0.20813002,9.339637,225,0
atitlan,2025-01-18,705750.0,1619850.0,0.23244952,10.735125,225,0
atitlan,2025-01-18,706050.0,1619850.0,0.25524008,13.5125675,225,1
atitlan,2025-01-18,706350.0,1619850.0,0.28704736,16.418816,225,1
atitlan,2025-01-18,706650.0,1619850.0,0.27552417,14.966295,225,1
atitlan,2025-01-18,706950.0,1619850.0,0.25906262,13.067886,225,1
atitlan,2025-01-18,707250.0,1619850.0,0.24634111,11.971148,225,0
atitlan,2025-01-18,707550.0,1619850.0,0.19940129,11.348555,225,0
atitlan,2025-01-18,707850.0,1619850.0,0.14292967,8.532347,45,0
atitlan,2025-01-18,680250.0,1620150.0,0.27559578,14.46719,180,1
atitlan,2025-01-18,680550.0,1620150.0,0.3164523,20.496296,225,1
atitlan,2025-01-18,680850.0,1620150.0,0.3411941,24.222277,225,1
atitlan,2025-01-18,681150.0,1620150.0,0.35357946,26.740206,225,1
atitlan,2025-01-18,681450.0,1620150.0,0.3348121,23.48266,225,1
atitlan,2025-01-18,681750.0,1620150.0,0.32880524,22.082094,225,1
atitlan,2025-01-18,682050.0,1620150.0,0.281196,16.041796,225,1
atitlan,2025-01-18,682350.0,1620150.0,0.30997548,19.233315,225,1
atitlan,2025-01-18,682650.0,1620150.0,0.27399567,15.826276,225,1
atitlan,2025-01-18,682950.0,1620150.0,0.13018508,7.6070113,225,0
atitlan,2025-01-18,683250.0,1620150.0,0.19112448,11.167767,225,0
atitlan,2025-01-18,683550.0,1620150.0,0.24266987,14.257898,225,1
atitlan,2025-01-18,683850.0,1620150.0,0.26021487,15.999006,225,1
atitlan,2025-01-18,684150.0,1620150.0,0.2902195,17.767136,225,1
atitlan,2025-01-18,684450.0,1620150.0,0.3074724,21.306263,225,1
atitlan,2025-01-18,684750.0,1620150.0,0.31569576,21.135536,225,1
atitlan,2025-01-18,685050.0,1620150.0,0.3117899,19.572672,225,1
atitlan,2025-01-18,685350.0,1620150.0,0.18411258,11.639517,225,0
atitlan,2025-01-18,685650.0,1620150.0,0.34294838,23.724281,225,1
atitlan,2025-01-18,685950.0,1620150.0,0.31445804,20.51342,225,1
atitlan,2025-01-18,686250.0,1620150.0,0.34365207,23.940622,225,1
atitlan,2025-01-18,686550.0,1620150.0,0.35232466,25.976028,225,1
atitlan,2025-01-18,686850.0,1620150.0,0.3562642,26.466547,225,1
atitlan,2025-01-18,687150.0,1620150.0,0.3406599,23.282242,225,1
atitlan,2025-01-18,687450.0,1620150.0,0.34290737,23.750051,225,1
atitlan,2025-01-18,687750.0,1620150.0,0.3370815,22.582802,225,1
atitlan,2025-01-18,688050.0,1620150.0,0.29734257,17.226812,225,1
atitlan,2025-01-18,688350.0,1620150.0,0.27294755,13.990334,225,1
atitlan,2025-01-18,688650.0,1620150.0,0.263343,13.078815,225,1
atitlan,2025-01-18,688950.0,1620150.0,0.26869228,14.272537,225,1
atitlan,2025-01-18,689250.0,1620150.0,0.25511396,13.891053,225,1
atitlan,2025-01-18,689550.0,1620150.0,0.22276913,12.779968,225,1
atitlan,2025-01-18,689850.0,1620150.0,-0.07327872,1.0872372,225,0
atitlan,2025-01-18,690150.0,1620150.0,-0.08940908,0.5113121,225,0
atitlan,2025-01-18,690450.0,1620150.0,0.0724138,6.5728436,225,0
atitlan,2025-01-18,690750.0,1620150.0,0.16203333,9.7391205,225,0
atitlan,2025-01-18,691050.0,1620150.0,0.17835261,9.58773,225,0
atitlan,2025-01-18,691350.0,1620150.0,0.21920037,11.1865835,225,0
atitlan,2025-01-18,691650.0,1620150.0,0.26098248,13.14793,225,1
atitlan,2025-01-18,691950.0,1620150.0,0.27033544,14.107721,225,1
atitlan,2025-01-18,692250.0,1620150.0,0.25351134,12.297614,225,1
atitlan,2025-01-18,692550.0,1620150.0,0.2280771,10.830264,225,0
atitlan,2025-01-18,692850.0,1620150.0,0.23598158,12.695938,225,1
atitlan,2025-01-18,693150.0,1620150.0,0.24463743,11.976522,225,0
atitlan,2025-01-18,693450.0,1620150.0,0.24546278,11.5090065,225,0
atitlan,2025-01-18,693750.0,1620150.0,0.25039524,12.0637455,225,1
atitlan,2025-01-18,694050.0,1620150.0,0.21986355,9.794491,225,0
atitlan,2025-01-18,694350.0,1620150.0,0.23414066,10.71321,225,0
atitlan,2025-01-18,694650.0,1620150.0,0.24343336,11.486878,225,0
atitlan,2025-01-18,694950.0,1620150.0,0.2584651,12.514658,225,1
atitlan,2025-01-18,695250.0,1620150.0,0.252447,11.962731,225,0
atitlan,2025-01-18,695550.0,1620150.0,0.25019506,12.07947,225,1
atitlan,2025-01-18,695850.0,1620150.0,0.23237701,11.232016,225,0
atitlan,2025-01-18,696150.0,1620150.0,0.24663639,11.538141,225,0
atitlan,2025-01-18,696450.0,1620150.0,0.27196783,14.40195,225,1
atitlan,2025-01-18,696750.0,1620150.0,0.26645532,13.996031,225,1
atitlan,2025-01-18,697050.0,1620150.0,0.27826175,15.044946,225,1
atitlan,2025-01-18,697350.0,1620150.0,0.28307486,15.533498,225,1
atitlan,2025-01-18,697650.0,1620150.0,0.27986157,14.821173,225,1
atitlan,2025-01-18,697950.0,1620150.0,0.27572626,14.624714,225,1
atitlan,2025-01-18,698250.0,1620150.0,0.26599327,13.823047,225,1
atitlan,2025-01-18,698550.0,1620150.0,0.24558492,12.282321,225,1
atitlan,2025-01-18,698850.0,1620150.0,0.2558655,13.185617,225,1
atitlan,2025-01-18,699150.0,1620150.0,0.22866327,11.046298,225,0
atitlan,2025-01-18,699450.0,1620150.0,0.22686309,11.708889,225,0
atitlan,2025-01-18,699750.0,1620150.0,0.23781244,12.55491,225,1
atitlan,2025-01-18,700050.0,1620150.0,0.11411686,8.367716,225,0
atitlan,2025-01-18,700350.0,1620150.0,-0.07987055,1.0211011,225,0
atitlan,2025-01-18,700650.0,1620150.0,-0.08323282,0.8263986,225,0
atitlan,2025-01-18,700950.0,1620150.0,-0.061068974,1.5545745,225,0
atitlan,2025-01-18,701250.0,1620150.0,0.21085244,9.643066,225,0
atitlan,2025-01-18,701550.0,1620150.0,0.258923,12.933286,225,1
atitlan,2025-01-18,701850.0,1620150.0,0.27894908,14.605235,225,1
atitlan,2025-01-18,702150.0,1620150.0,0.27029324,13.650807,225,1
atitlan,2025-01-18,702450.0,1620150.0,0.28805315,16.507141,225,1
atitlan,2025-01-18,702750.0,1620150.0,0.21492541,12.295277,225,1
atitlan,2025-01-18,703050.0,1620150.0,0.24977937,13.250388,225,1
atitlan,2025-01-18,703350.0,1620150.0,0.29291776,16.418133,225,1
atitlan,2025-01-18,703650.0,1620150.0,0.26886562,14.909523,225,1
atitlan,2025-01-18,703950.0,1620150.0,0.2011923,13.609409,225,1
atitlan,2025-01-18,704250.0,1620150.0,0.24800609,14.660736,225,1
atitlan,2025-01-18,704550.0,1620150.0,0.2534797,13.89129,225,1
atitlan,2025-01-18,704850.0,1620150.0,0.25014964,14.149162,225,1
atitlan,2025-01-18,705150.0,1620150.0,0.22564493,10.741573,225,0
atitlan,2025-01-18,705450.0,1620150.0,0.25305584,12.780764,225,1
atitlan,2025-01-18,705750.0,1620150.0,0.24837862,13.196958,225,1
atitlan,2025-01-18,706050.0,1620150.0,0.2738955,15.603785,225,1
atitlan,2025-01-18,706350.0,1620150.0,0.2521646,13.293127,225,1
atitlan,2025-01-18,706650.0,1620150.0,0.24782056,12.88657,225,1
atitlan,2025-01-18,706950.0,1620150.0,0.24938221,12.3923,225,1
atitlan,2025-01-18,707250.0,1620150.0,0.23696138,11.0438385,225,0
atitlan,2025-01-18,707550.0,1620150.0,0.18511079,8.934766,225,0
atitlan,2025-01-18,707850.0,1620150.0,0.1578451,7.093026,45,0
atitlan,2025-01-18,680250.0,1620450.0,0.24458465,12.522166,180,1
atitlan,2025-01-18,680550.0,1620450.0,0.2081887,9.247585,225,0
atitlan,2025-01-18,680850.0,1620450.0,0.2931209,17.171711,225,1
atitlan,2025-01-18,681150.0,1620450.0,0.33293575,22.744465,225,1
atitlan,2025-01-18,681450.0,1620450.0,0.3211069,21.062645,225,1
atitlan,2025-01-18,681750.0,1620450.0,0.32622084,21.644136,225,1
atitlan,2025-01-18,682050.0,1620450.0,0.34694144,25.313084,225,1
atitlan,2025-01-18,682350.0,1620450.0,0.3435962,24.390858,225,1
atitlan,2025-01-18,682650.0,1620450.0,0.2971201,19.133974,225,1
atitlan,2025-01-18,682950.0,1620450.0,0.15438336,8.471909,225,0
atitlan,2025-01-18,683250.0,1620450.0,0.19751212,11.547344,225,0
atitlan,2025-01-18,683550.0,1620450.0,0.2510497,13.08489,225,1
atitlan,2025-01-18,683850.0,1620450.0,0.24026765,10.821199,225,0
atitlan,2025-01-18,684150.0,1620450.0,0.24689806,11.185739,225,0
atitlan,2025-01-18,684450.0,1620450.0,0.24060535,11.433192,225,0
atitlan,2025-01-18,684750.0,1620450.0,0.28560606,17.005116,225,1
atitlan,2025-01-18,685050.0,1620450.0,0.2732389,16.331137,225,1
atitlan,2025-01-18,685350.0,1620450.0,0.28903496,19.181341,225,1
atitlan,2025-01-18,685650.0,1620450.0,0.33715683,23.634571,225,1
atitlan,2025-01-18,685950.0,1620450.0,0.34631768,24.87058,225,1
atitlan,2025-01-18,686250.0,1620450.0,0.33668405,22.944632,225,1
atitlan,2025-01-18,686550.0,1620450.0,0.34361935,25.034779,225,1
atitlan,2025-01-18,686850.0,1620450.0,0.35461998,26.044151,225,1
atitlan,2025-01-18,687150.0,1620450.0,0.35150576,25.431385,225,1
atitlan,2025-01-18,687450.0,1620450.0,0.3319609,21.72056,225,1
atitlan,2025-01-18,687750.0,1620450.0,0.31526625,19.424368,225,1
atitlan,2025-01-18,688050.0,1620450.0,0.31154647,18.84792,225,1
atitlan,2025-01-18,688350.0,1620450.0,0.28805277,15.58265,225,1
atitlan,2025-01-18,688650.0,1620450.0,0.24738304,11.439304,225,0
atitlan,2025-01-18,688950.0,1620450.0,0.2570911,12.988686,225,1
atitlan,2025-01-18,689250.0,1620450.0,0.2538516,13.046813,225,1
atitlan,2025-01-18,689550.0,1620450.0,0.27616814,15.4456415,225,1
atitlan,2025-01-18,689850.0,1620450.0,0.18493935,9.701111,225,0
atitlan,2025-01-18,690150.0,1620450.0,-0.017234575,3.5634098,225,0
atitlan,2025-01-18,690450.0,1620450.0,-0.016960358,3.3494577,225,0
atitlan,2025-01-18,690750.0,1620450.0,0.16090502,10.195714,225,0
atitlan,2025-01-18,691050.0,1620450.0,0.20719926,10.536466,225,0
atitlan,2025-01-18,691350.0,1620450.0,0.20512646,9.887059,225,0
atitlan,2025-01-18,691650.0,1620450.0,0.25035134,11.859443,225,0
atitlan,2025-01-18,691950.0,1620450.0,0.2404255,11.899266,225,0
atitlan,2025-01-18,692250.0,1620450.0,0.23815142,12.324085,225,1
atitlan,2025-01-18,692550.0,1620450.0,0.2121564,9.75318,225,0
atitlan,2025-01-18,692850.0,1620450.0,0.20610183,8.7863035,225,0
atitlan,2025-01-18,693150.0,1620450.0,0.19197953,7.659041,225,0
atitlan,2025-01-18,693450.0,1620450.0,0.20608398,8.622013,225,0
atitlan,2025-01-18,693750.0,1620450.0,0.21875489,9.220902,225,0
atitlan,2025-01-18,694050.0,1620450.0,0.22110647,9.766597,225,0
atitlan,2025-01-18,694350.0,1620450.0,0.2321478,10.365387,225,0
atitlan,2025-01-18,694650.0,1620450.0,0.23644729,11.093538,225,0
atitlan,2025-01-18,694950.0,1620450.0,0.24989375,12.193746,225,1
atitlan,2025-01-18,695250.0,1620450.0,0.27621216,14.200829,225,1
atitlan,2025-01-18,695550.0,1620450.0,0.25116125,11.883164,225,0
atitlan,2025-01-18,695850.0,1620450.0,0.24288759,12.487802,225,1
atitlan,2025-01-18,696150.0,1620450.0,0.23126183,10.467598,225,0
atitlan,2025-01-18,696450.0,1620450.0,0.22801112,10.726754,225,0
atitlan,2025-01-18,696750.0,1620450.0,0.2416602,11.428449,225,0
atitlan,2025-01-18,697050.0,1620450.0,0.25072667,12.4101715,225,1
atitlan,2025-01-18,697350.0,1620450.0,0.24175076,12.085096,225,1
atitlan,2025-01-18,697650.0,1620450.0,0.24805258,12.39628,225,1
atitlan,2025-01-18,697950.0,1620450.0,0.2692838,14.1070175,225,1
atitlan,2025-01-18,698250.0,1620450.0,0.27232102,14.542323,225,1
atitlan,2025-01-18,698550.0,1620450.0,0.24726653,12.1722,225,1
atitlan,2025-01-18,698850.0,1620450.0,0.2708377,13.6082735,225,1
atitlan,2025-01-18,699150.0,1620450.0,0.26481363,12.944716,225,1
atitlan,2025-01-18,699450.0,1620450.0,0.24767749,11.621992,225,0
atitlan,2025-01-18,699750.0,1620450.0,0.20980367,12.137966,225,1
atitlan,2025-01-18,700050.0,1620450.0,0.11509133,9.654116,225,0
atitlan,2025-01-18,700350.0,1620450.0,-0.08439409,0.7978007,225,0
atitlan,2025-01-18,700650.0,1620450.0,-0.084785536,0.7909694,225,0
atitlan,2025-01-18,700950.0,1620450.0,0.11072899,7.0783134,225,0
atitlan,2025-01-18,701250.0,1620450.0,0.23918642,10.354955,225,0
atitlan,2025-01-18,701550.0,1620450.0,0.25010434,13.914336,225,1
atitlan,2025-01-18,701850.0,1620450.0,0.20280656,12.280999,225,1
atitlan,2025-01-18,702150.0,1620450.0,0.2573538,12.461963,225,1
atitlan,2025-01-18,702450.0,1620450.0,0.2524128,13.304335,225,1
atitlan,2025-01-18,702750.0,1620450.0,0.20312546,13.282181,225,1
atitlan,2025-01-18,703050.0,1620450.0,0.25281063,13.787372,225,1
atitlan,2025-01-18,703350.0,1620450.0,0.2687929,15.153027,225,1
atitlan,2025-01-18,703650.0,1620450.0,0.29103038,16.948982,225,1
atitlan,2025-01-18,703950.0,1620450.0,0.16758518,11.310312,225,0
atitlan,2025-01-18,704250.0,1620450.0,0.24977168,15.408118,225,1
atitlan,2025-01-18,704550.0,1620450.0,0.25678417,13.663092,225,1
atitlan,2025-01-18,704850.0,1620450.0,0.25427672,13.42896,225,1
atitlan,2025-01-18,705150.0,1620450.0,0.2461015,12.28904,225,1
atitlan,2025-01-18,705450.0,1620450.0,0.22549061,11.19636,225,0
atitlan,2025-01-18,705750.0,1620450.0,0.17666599,7.5957785,225,0
atitlan,2025-01-18,706050.0,1620450.0,0.18613008,8.00034,225,0
atitlan,2025-01-18,706350.0,1620450.0,0.24432705,11.709613,225,0
atitlan,2025-01-18,706650.0,1620450.0,0.24530461,12.510063,225,1
atitlan,2025-01-18,706950.0,1620450.0,0.24556139,12.170604,225,1
atitlan,2025-01-18,707250.0,1620450.0,0.21434933,9.27581,225,0
atitlan,2025-01-18,707550.0,1620450.0,0.2136076,10.90913,225,0
atitlan,2025-01-18,707850.0,1620450.0,0.23075175,13.423725,45,1
atitlan,2025-01-18,680250.0,1620750.0,0.25877413,14.126266,180,1
atitlan,2025-01-18,680550.0,1620750.0,0.29333663,18.173597,225,1
atitlan,2025-01-18,680850.0,1620750.0,0.27690807,14.254869,225,1
atitlan,2025-01-18,681150.0,1620750.0,0.28318128,15.3638315,225,1
atitlan,2025-01-18,681450.0,1620750.0,0.25965333,13.596484,225,1
atitlan,2025-01-18,681750.0,1620750.0,0.24848339,13.865759,225,1
atitlan,2025-01-18,682050.0,1620750.0,0.2958601,18.305885,225,1
atitlan,2025-01-18,682350.0,1620750.0,0.33001453,23.043316,225,1
atitlan,2025-01-18,682650.0,1620750.0,0.3231792,22.332737,225,1
atitlan,2025-01-18,682950.0,1620750.0,0.27900687,16.110209,225,1
atitlan,2025-01-18,683250.0,1620750.0,0.19064873,10.639909,225,0
atitlan,2025-01-18,683550.0,1620750.0,0.11607071,6.5161395,225,0
atitlan,2025-01-18,683850.0,1620750.0,0.15550992,8.087708,225,0
atitlan,2025-01-18,684150.0,1620750.0,0.23517297,11.029408,225,0
atitlan,2025-01-18,684450.0,1620750.0,0.25987697,14.361961,225,1
atitlan,2025-01-18,684750.0,1620750.0,0.22900964,14.023975,225,1
atitlan,2025-01-18,685050.0,1620750.0,0.32762885,21.635118,225,1
atitlan,2025-01-18,685350.0,1620750.0,0.3389643,23.540133,225,1
atitlan,2025-01-18,685650.0,1620750.0,0.34809774,25.077347,225,1
atitlan,2025-01-18,685950.0,1620750.0,0.34877047,25.61219,225,1
atitlan,2025-01-18,686250.0,1620750.0,0.3189366,20.135038,225,1
atitlan,2025-01-18,686550.0,1620750.0,0.33394003,22.21177,225,1
atitlan,2025-01-18,686850.0,1620750.0,0.3573784,26.925243,225,1
atitlan,2025-01-18,687150.0,1620750.0,0.3360224,22.5206,225,1
atitlan,2025-01-18,687450.0,1620750.0,0.31744635,19.24822,225,1
atitlan,2025-01-18,687750.0,1620750.0,0.2935732,16.894762,225,1
atitlan,2025-01-18,688050.0,1620750.0,0.31352276,19.423876,225,1
atitlan,2025-01-18,688350.0,1620750.0,0.2775052,15.1450815,225,1
atitlan,2025-01-18,688650.0,1620750.0,0.26585576,13.597194,225,1
atitlan,2025-01-18,688950.0,1620750.0,0.2540959,12.653602,225,1
atitlan,2025-01-18,689250.0,1620750.0,0.24629027,11.653577,225,0
atitlan,2025-01-18,689550.0,1620750.0,0.23973869,11.427608,225,0
atitlan,2025-01-18,689850.0,1620750.0,0.2346873,11.625321,225,0
atitlan,2025-01-18,690150.0,1620750.0,-0.039189,2.2237737,225,0
atitlan,2025-01-18,690450.0,1620750.0,-0.047960535,2.1903641,225,0
atitlan,2025-01-18,690750.0,1620750.0,0.12308206,7.4352903,225,0
atitlan,2025-01-18,691050.0,1620750.0,0.14069332,7.287242,225,0
atitlan,2025-01-18,691350.0,1620750.0,0.20113648,10.065984,225,0
atitlan,2025-01-18,691650.0,1620750.0,0.20485556,9.227298,225,0
atitlan,2025-01-18,691950.0,1620750.0,0.252665,12.936975,225,1
atitlan,2025-01-18,692250.0,1620750.0,0.24483769,11.662516,225,0
atitlan,2025-01-18,692550.0,1620750.0,0.20966029,9.705007,225,0
atitlan,2025-01-18,692850.0,1620750.0,0.19442517,9.904887,225,0
atitlan,2025-01-18,693150.0,1620750.0,0.17101328,8.705832,225,0
atitlan,2025-01-18,693450.0,1620750.0,0.21266396,9.844703,225,0
atitlan,2025-01-18,693750.0,1620750.0,0.21697742,9.856186,225,0
atitlan,2025-01-18,694050.0,1620750.0,0.23453051,10.322165,225,0
atitlan,2025-01-18,694350.0,1620750.0,0.22704299,10.320152,225,0
atitlan,2025-01-18,694650.0,1620750.0,0.2260022,9.866496,225,0
atitlan,2025-01-18,694950.0,1620750.0,0.24478021,11.381975,225,0
atitlan,2025-01-18,695250.0,1620750.0,0.24104664,11.343492,225,0
atitlan,2025-01-18,695550.0,1620750.0,0.24037932,12.176356,225,1
atitlan,2025-01-18,695850.0,1620750.0,0.23050937,11.122692,225,0
atitlan,2025-01-18,696150.0,1620750.0,0.24798205,12.165406,225,1
atitlan,2025-01-18,696450.0,1620750.0,0.22518322,11.788201,225,0
atitlan,2025-01-18,696750.0,1620750.0,0.26141754,13.286509,225,1
atitlan,2025-01-18,697050.0,1620750.0,0.22030999,11.511239,225,0
atitlan,2025-01-18,697350.0,1620750.0,0.24661939,13.160529,225,1
atitlan,2025-01-18,697650.0,1620750.0,0.2652766,13.396533,225,1
atitlan,2025-01-18,697950.0,1620750.0,0.2359074,11.884561,225,0
atitlan,2025-01-18,698250.0,1620750.0,0.2415826,12.115458,225,1
atitlan,2025-01-18,698550.0,1620750.0,0.24646255,12.258107,225,1
atitlan,2025-01-18,698850.0,1620750.0,0.22710298,10.7419815,225,0
atitlan,2025-01-18,699150.0,1620750.0,0.2518465,11.693422,225,0
atitlan,2025-01-18,699450.0,1620750.0,0.20752184,10.06436,225,0
atitlan,2025-01-18,699750.0,1620750.0,0.198526,11.278815,225,0
atitlan,2025-01-18,700050.0,1620750.0,-0.035661303,2.5957975,225,0
atitlan,2025-01-18,700350.0,1620750.0,-0.08275649,0.8660643,225,0
atitlan,2025-01-18,700650.0,1620750.0,-0.08436568,0.7699512,225,0
atitlan,2025-01-18,700950.0,1620750.0,-0.01274795,3.1079078,225,0
atitlan,2025-01-18,701250.0,1620750.0,0.08016686,4.8829517,225,0
atitlan,2025-01-18,701550.0,1620750.0,0.118120186,5.578469,225,0
atitlan,2025-01-18,701850.0,1620750.0,0.22714257,10.547512,225,0
atitlan,2025-01-18,702150.0,1620750.0,0.22101763,10.240142,225,0
atitlan,2025-01-18,702450.0,1620750.0,0.20991635,10.930369,225,0
atitlan,2025-01-18,702750.0,1620750.0,0.21638033,11.5904665,225,0
atitlan,2025-01-18,703050.0,1620750.0,0.21819894,11.079898,225,0
atitlan,2025-01-18,703350.0,1620750.0,0.25073567,14.066398,225,1
atitlan,2025-01-18,703650.0,1620750.0,0.29080757,17.446962,225,1
atitlan,2025-01-18,703950.0,1620750.0,0.24018037,15.803931,225,1
atitlan,2025-01-18,704250.0,1620750.0,0.26936045,15.449045,225,1
atitlan,2025-01-18,704550.0,1620750.0,0.25460005,14.423229,225,1
atitlan,2025-01-18,704850.0,1620750.0,0.22735342,10.925058,225,0
atitlan,2025-01-18,705150.0,1620750.0,0.2319602,11.60842,225,0
atitlan,2025-01-18,705450.0,1620750.0,0.23047677,10.539193,225,0
atitlan,2025-01-18,705750.0,1620750.0,0.26526457,13.864103,225,1
atitlan,2025-01-18,706050.0,1620750.0,0.2317406,11.780058,225,0
atitlan,2025-01-18,706350.0,1620750.0,0.23324342,11.262393,225,0
atitlan,2025-01-18,706650.0,1620750.0,0.2567547,13.135134,225,1
atitlan,2025-01-18,706950.0,1620750.0,0.25257105,13.000456,225,1
atitlan,2025-01-18,707250.0,1620750.0,0.24596389,12.861044,225,1
atitlan,2025-01-18,707550.0,1620750.0,0.2383382,12.67349,225,1
atitlan,2025-01-18,707850.0,1620750.0,0.19765133,8.743097,45,0
atitlan,2025-01-18,680250.0,1621050.0,0.28862604,16.12013,180,1
atitlan,2025-01-18,680550.0,1621050.0,0.27878514,14.627317,225,1
atitlan,2025-01-18,680850.0,1621050.0,0.25744292,12.509639,225,1
atitlan,2025-01-18,681150.0,1621050.0,0.25598893,12.021466,225,1
atitlan,2025-01-18,681450.0,1621050.0,0.26953736,13.845449,225,1
atitlan,2025-01-18,681750.0,1621050.0,0.26981598,13.433221,225,1
atitlan,2025-01-18,682050.0,1621050.0,0.24905583,13.157338,225,1
atitlan,2025-01-18,682350.0,1621050.0,0.20176278,13.457749,225,1
atitlan,2025-01-18,682650.0,1621050.0,0.30826896,22.181032,225,1
atitlan,2025-01-18,682950.0,1621050.0,0.3178309,20.75296,225,1
atitlan,2025-01-18,683250.0,1621050.0,0.17888927,11.179144,225,0
atitlan,2025-01-18,683550.0,1621050.0,0.23697297,14.586891,225,1
atitlan,2025-01-18,683850.0,1621050.0,0.14955336,8.49657,225,0
atitlan,2025-01-18,684150.0,1621050.0,0.21810131,12.231727,225,1
atitlan,2025-01-18,684450.0,1621050.0,0.2803225,16.98846,225,1
atitlan,2025-01-18,684750.0,1621050.0,0.31719336,20.184855,225,1
atitlan,2025-01-18,685050.0,1621050.0,0.32813507,22.526857,225,1
atitlan,2025-01-18,685350.0,1621050.0,0.2906644,17.356869,225,1
atitlan,2025-01-18,685650.0,1621050.0,0.24656911,13.393679,225,1
atitlan,2025-01-18,685950.0,1621050.0,0.24576819,12.808202,225,1
atitlan,2025-01-18,686250.0,1621050.0,0.24813356,12.589975,225,1
atitlan,2025-01-18,686550.0,1621050.0,0.3226321,20.39132,225,1
atitlan,2025-01-18,686850.0,1621050.0,0.30313322,18.176462,225,1
atitlan,2025-01-18,687150.0,1621050.0,0.3079425,18.453548,225,1
atitlan,2025-01-18,687450.0,1621050.0,0.24574785,12.07711,225,1
atitlan,2025-01-18,687750.0,1621050.0,0.20873204,9.049964,225,0
atitlan,2025-01-18,688050.0,1621050.0,0.27760273,15.3778105,225,1
atitlan,2025-01-18,688350.0,1621050.0,0.27926186,14.828758,225,1
atitlan,2025-01-18,688650.0,1621050.0,0.25116697,12.341963,225,1
atitlan,2025-01-18,688950.0,1621050.0,0.22788993,10.711051,225,0
atitlan,2025-01-18,689250.0,1621050.0,0.21399476,10.315379,225,0
atitlan,2025-01-18,689550.0,1621050.0,0.14111876,8.058632,225,0
atitlan,2025-01-18,689850.0,1621050.0,-0.022606175,2.7016737,225,0
atitlan,2025-01-18,690150.0,1621050.0,-0.08299541,0.8520836,225,0
atitlan,2025-01-18,690450.0,1621050.0,0.06919691,6.408863,225,0
atitlan,2025-01-18,690750.0,1621050.0,0.12278682,8.433725,225,0
atitlan,2025-01-18,691050.0,1621050.0,0.1639673,9.079158,225,0
atitlan,2025-01-18,691350.0,1621050.0,0.21456991,11.634391,225,0
atitlan,2025-01-18,691650.0,1621050.0,0.19311415,9.460025,225,0
atitlan,2025-01-18,691950.0,1621050.0,0.1551606,8.124525,225,0
atitlan,2025-01-18,692250.0,1621050.0,0.16811317,8.594196,225,0
atitlan,2025-01-18,692550.0,1621050.0,0.1573638,8.963513,225,0
atitlan,2025-01-18,692850.0,1621050.0,0.13908325,8.026828,225,0
atitlan,2025-01-18,693150.0,1621050.0,0.17159334,9.881604,225,0
atitlan,2025-01-18,693450.0,1621050.0,0.24070348,10.939527,225,0
atitlan,2025-01-18,693750.0,1621050.0,0.23866694,10.8938055,225,0
atitlan,2025-01-18,694050.0,1621050.0,0.226026,9.814716,225,0
atitlan,2025-01-18,694350.0,1621050.0,0.23310208,10.265165,225,0
atitlan,2025-01-18,694650.0,1621050.0,0.2370692,10.407195,225,0
atitlan,2025-01-18,694950.0,1621050.0,0.24188018,11.476775,225,0
atitlan,2025-01-18,695250.0,1621050.0,0.24383402,11.8870325,225,0
atitlan,2025-01-18,695550.0,1621050.0,0.24093738,11.734918,225,0
atitlan,2025-01-18,695850.0,1621050.0,0.23412852,11.825937,225,0
atitlan,2025-01-18,696150.0,1621050.0,0.23542427,11.805213,225,0
atitlan,2025-01-18,696450.0,1621050.0,0.24541382,12.578952,225,1
atitlan,2025-01-18,696750.0,1621050.0,0.2490339,12.559851,225,1
atitlan,2025-01-18,697050.0,1621050.0,0.25724113,13.037195,225,1
atitlan,2025-01-18,697350.0,1621050.0,0.24372816,11.279885,225,0
atitlan,2025-01-18,697650.0,1621050.0,0.2542899,12.23231,225,1
atitlan,2025-01-18,697950.0,1621050.0,0.23585236,11.723636,225,0
atitlan,2025-01-18,698250.0,1621050.0,0.22360425,10.800774,225,0
atitlan,2025-01-18,698550.0,1621050.0,0.22694926,12.2427635,225,1
atitlan,2025-01-18,698850.0,1621050.0,0.22252692,12.981472,225,1
atitlan,2025-01-18,699150.0,1621050.0,0.10651558,7.066513,225,0
atitlan,2025-01-18,699450.0,1621050.0,0.029885886,4.944383,225,0
atitlan,2025-01-18,699750.0,1621050.0,-0.020627698,2.8468325,225,0
atitlan,2025-01-18,700050.0,1621050.0,-0.08699926,0.66236335,225,0
atitlan,2025-01-18,700350.0,1621050.0,-0.0883496,0.57698023,225,0
atitlan,2025-01-18,700650.0,1621050.0,-0.08635374,0.6931431,225,0
atitlan,2025-01-18,700950.0,1621050.0,-0.08744948,0.6625483,225,0
atitlan,2025-01-18,701250.0,1621050.0,-0.083294034,0.84479064,225,0
atitlan,2025-01-18,701550.0,1621050.0,-0.031818792,2.202347,225,0
atitlan,2025-01-18,701850.0,1621050.0,0.13750552,6.5715494,225,0
atitlan,2025-01-18,702150.0,1621050.0,0.20509191,10.30775,225,0
atitlan,2025-01-18,702450.0,1621050.0,0.22339298,11.221138,225,0
atitlan,2025-01-18,702750.0,1621050.0,0.27464634,14.455724,225,1
atitlan,2025-01-18,703050.0,1621050.0,0.23935172,13.588433,225,1
atitlan,2025-01-18,703350.0,1621050.0,0.26111495,15.865875,225,1
atitlan,2025-01-18,703650.0,1621050.0,0.25665668,16.659824,225,1
atitlan,2025-01-18,703950.0,1621050.0,0.2651111,15.263103,225,1
atitlan,2025-01-18,704250.0,1621050.0,0.28435904,16.38774,225,1
atitlan,2025-01-18,704550.0,1621050.0,0.23759314,14.605617,225,1
atitlan,2025-01-18,704850.0,1621050.0,0.20326933,9.944234,225,0
atitlan,2025-01-18,705150.0,1621050.0,0.22220095,9.898293,225,0
atitlan,2025-01-18,705450.0,1621050.0,0.22557506,10.489983,225,0
atitlan,2025-01-18,705750.0,1621050.0,0.23059201,10.433929,225,0
atitlan,2025-01-18,706050.0,1621050.0,0.26650044,13.716164,225,1
atitlan,2025-01-18,706350.0,1621050.0,0.27558845,14.77847,225,1
atitlan,2025-01-18,706650.0,1621050.0,0.30194286,17.387125,225,1
atitlan,2025-01-18,706950.0,1621050.0,0.26274633,14.435029,225,1
atitlan,2025-01-18,707250.0,1621050.0,0.22185163,11.763616,225,0
atitlan,2025-01-18,707550.0,1621050.0,0.2280785,11.9295635,225,0
atitlan,2025-01-18,707850.0,1621050.0,0.18187271,8.965759,45,0
atitlan,2025-01-18,680250.0,1621350.0,0.27509707,14.324891,180,1
atitlan,2025-01-18,680550.0,1621350.0,0.24634808,12.47169,225,1
atitlan,2025-01-18,680850.0,1621350.0,0.24432941,12.099124,225,1
atitlan,2025-01-18,681150.0,1621350.0,0.2784969,15.004793,225,1
atitlan,2025-01-18,681450.0,1621350.0,0.28899354,16.13905,225,1
atitlan,2025-01-18,681750.0,1621350.0,0.24233085,12.839647,225,1
atitlan,2025-01-18,682050.0,1621350.0,0.25303197,13.669607,225,1
atitlan,2025-01-18,682350.0,1621350.0,0.2154023,11.682152,225,0
atitlan,2025-01-18,682650.0,1621350.0,0.27361965,16.412413,225,1
atitlan,2025-01-18,682950.0,1621350.0,0.31477532,20.26644,225,1
atitlan,2025-01-18,683250.0,1621350.0,0.29111415,17.771276,225,1
atitlan,2025-01-18,683550.0,1621350.0,0.3178243,19.68265,225,1
atitlan,2025-01-18,683850.0,1621350.0,0.1885801,10.561861,225,0
atitlan,2025-01-18,684150.0,1621350.0,0.24000832,13.20167,225,1
atitlan,2025-01-18,684450.0,1621350.0,0.2168649,11.218294,225,0
atitlan,2025-01-18,684750.0,1621350.0,0.26563844,13.447859,225,1
atitlan,2025-01-18,685050.0,1621350.0,0.2617971,13.456826,225,1
atitlan,2025-01-18,685350.0,1621350.0,0.25777918,12.878448,225,1
atitlan,2025-01-18,685650.0,1621350.0,0.28683516,15.6357565,225,1
atitlan,2025-01-18,685950.0,1621350.0,0.25766182,12.785782,225,1
atitlan,2025-01-18,686250.0,1621350.0,0.19044401,8.545226,225,0
atitlan,2025-01-18,686550.0,1621350.0,0.20526434,9.777295,225,0
atitlan,2025-01-18,686850.0,1621350.0,0.297285,17.536755,225,1
atitlan,2025-01-18,687150.0,1621350.0,0.26506114,13.278468,225,1
atitlan,2025-01-18,687450.0,1621350.0,0.26427433,13.418992,225,1
atitlan,2025-01-18,687750.0,1621350.0,0.27259254,13.850144,225,1
atitlan,2025-01-18,688050.0,1621350.0,0.29966077,17.019178,225,1
atitlan,2025-01-18,688350.0,1621350.0,0.28491017,15.25274,225,1
atitlan,2025-01-18,688650.0,1621350.0,0.24494833,11.770563,225,0
atitlan,2025-01-18,688950.0,1621350.0,0.24325103,11.689498,225,0
atitlan,2025-01-18,689250.0,1621350.0,0.21778542,9.981317,225,0
atitlan,2025-01-18,689550.0,1621350.0,0.14572763,8.258148,225,0
atitlan,2025-01-18,689850.0,1621350.0,-0.07693081,1.1715137,225,0
atitlan,2025-01-18,690150.0,1621350.0,-0.08228287,0.8485723,225,0
atitlan,2025-01-18,690450.0,1621350.0,-0.08341634,0.81599677,225,0
atitlan,2025-01-18,690750.0,1621350.0,-0.055598035,1.7487643,225,0
atitlan,2025-01-18,691050.0,1621350.0,0.18703283,11.646508,225,0
atitlan,2025-01-18,691350.0,1621350.0,0.040732287,4.4986386,225,0
atitlan,2025-01-18,691650.0,1621350.0,0.22377415,11.941101,225,0
atitlan,2025-01-18,691950.0,1621350.0,0.21731889,11.258815,225,0
atitlan,2025-01-18,692250.0,1621350.0,0.17932366,10.555907,225,0
atitlan,2025-01-18,692550.0,1621350.0,0.18132041,11.9658985,225,0
atitlan,2025-01-18,692850.0,1621350.0,0.13476062,7.1557503,225,0
atitlan,2025-01-18,693150.0,1621350.0,0.21250981,10.002681,225,0
atitlan,2025-01-18,693450.0,1621350.0,0.23469703,10.695484,225,0
atitlan,2025-01-18,693750.0,1621350.0,0.24289015,11.399105,225,0
atitlan,2025-01-18,694050.0,1621350.0,0.23185915,10.72632,225,0
atitlan,2025-01-18,694350.0,1621350.0,0.23678917,10.771661,225,0
atitlan,2025-01-18,694650.0,1621350.0,0.24415614,11.102867,225,0
atitlan,2025-01-18,694950.0,1621350.0,0.23631008,11.105509,225,0
atitlan,2025-01-18,695250.0,1621350.0,0.23164724,10.352695,225,0
atitlan,2025-01-18,695550.0,1621350.0,0.2306612,10.749646,225,0
atitlan,2025-01-18,695850.0,1621350.0,0.23900713,11.592806,225,0
atitlan,2025-01-18,696150.0,1621350.0,0.25104448,12.054066,225,1
atitlan,2025-01-18,696450.0,1621350.0,0.22444256,11.310493,225,0
atitlan,2025-01-18,696750.0,1621350.0,0.23361138,11.327692,225,0
atitlan,2025-01-18,697050.0,1621350.0,0.24266203,11.480692,225,0
atitlan,2025-01-18,697350.0,1621350.0,0.2384865,11.893695,225,0
atitlan,2025-01-18,697650.0,1621350.0,0.20424041,10.15455,225,0
atitlan,2025-01-18,697950.0,1621350.0,0.21489963,10.639556,225,0
atitlan,2025-01-18,698250.0,1621350.0,0.17382094,9.410819,225,0
atitlan,2025-01-18,698550.0,1621350.0,0.2050161,10.604353,225,0
atitlan,2025-01-18,698850.0,1621350.0,0.17747766,9.292527,225,0
atitlan,2025-01-18,699150.0,1621350.0,-0.0072776107,3.6173728,225,0
atitlan,2025-01-18,699450.0,1621350.0,-0.08326761,0.8250091,225,0
atitlan,2025-01-18,699750.0,1621350.0,-0.0833951,0.82413197,225,0
atitlan,2025-01-18,700050.0,1621350.0,-0.084265664,0.7886142,225,0
atitlan,2025-01-18,700350.0,1621350.0,-0.08351785,0.82253146,225,0
atitlan,2025-01-18,700650.0,1621350.0,-0.086362466,0.6800493,225,0
atitlan,2025-01-18,700950.0,1621350.0,-0.08747934,0.671368,225,0
atitlan,2025-01-18,701250.0,1621350.0,-0.087258734,0.66330737,225,0
atitlan,2025-01-18,701550.0,1621350.0,-0.0839519,0.8411354,225,0
atitlan,2025-01-18,701850.0,1621350.0,0.15647374,7.39772,225,0
atitlan,2025-01-18,702150.0,1621350.0,0.19029637,8.595865,225,0
atitlan,2025-01-18,702450.0,1621350.0,0.18766196,7.9400325,225,0
atitlan,2025-01-18,702750.0,1621350.0,0.16284756,6.944374,225,0
atitlan,2025-01-18,703050.0,1621350.0,0.17895941,8.476931,225,0
atitlan,2025-01-18,703350.0,1621350.0,0.17319968,11.484206,225,0
atitlan,2025-01-18,703650.0,1621350.0,0.20955491,14.247992,225,1
atitlan,2025-01-18,703950.0,1621350.0,0.28765738,17.655626,225,1
atitlan,2025-01-18,704250.0,1621350.0,0.2563116,16.051613,225,1
atitlan,2025-01-18,704550.0,1621350.0,0.24278848,14.925594,225,1
atitlan,2025-01-18,704850.0,1621350.0,0.20952876,10.499092,225,0
atitlan,2025-01-18,705150.0,1621350.0,0.23448671,11.585548,225,0
atitlan,2025-01-18,705450.0,1621350.0,0.22163786,10.901953,225,0
atitlan,2025-01-18,705750.0,1621350.0,0.24846227,12.762631,225,1
atitlan,2025-01-18,706050.0,1621350.0,0.274116,15.7236595,225,1
atitlan,2025-01-18,706350.0,1621350.0,0.26673883,14.596163,225,1
atitlan,2025-01-18,706650.0,1621350.0,0.22637172,11.877529,225,0
atitlan,2025-01-18,706950.0,1621350.0,0.1731967,8.409344,225,0
atitlan,2025-01-18,707250.0,1621350.0,0.20361473,11.090267,225,0
atitlan,2025-01-18,707550.0,1621350.0,0.25557324,13.777563,225,1
atitlan,2025-01-18,707850.0,1621350.0,0.29892543,16.933233,45,1
atitlan,2025-01-18,680250.0,1621650.0,0.25586143,17.130074,180,1
atitlan,2025-01-18,680550.0,1621650.0,0.23084109,13.315012,225,1
atitlan,2025-01-18,680850.0,1621650.0,0.2851319,15.628596,225,1
atitlan,2025-01-18,681150.0,1621650.0,0.2971797,17.059942,225,1
atitlan,2025-01-18,681450.0,1621650.0,0.28903055,16.474232,225,1
atitlan,2025-01-18,681750.0,1621650.0,0.2736518,18.255785,225,1
atitlan,2025-01-18,682050.0,1621650.0,0.2777628,16.39542,225,1
atitlan,2025-01-18,682350.0,1621650.0,0.2053432,11.8159275,225,0
atitlan,2025-01-18,682650.0,1621650.0,0.23345098,14.630538,225,1
atitlan,2025-01-18,682950.0,1621650.0,0.30966365,19.054012,225,1
atitlan,2025-01-18,683250.0,1621650.0,0.208848,10.793245,225,0
atitlan,2025-01-18,683550.0,1621650.0,0.28171965,16.49594,225,1
atitlan,2025-01-18,683850.0,1621650.0,0.23570335,13.603809,225,1
atitlan,2025-01-18,684150.0,1621650.0,0.18251714,9.82237,225,0
atitlan,2025-01-18,684450.0,1621650.0,0.18348484,9.780297,225,0
atitlan,2025-01-18,684750.0,1621650.0,0.25996482,14.818555,225,1
atitlan,2025-01-18,685050.0,1621650.0,0.29870602,17.52054,225,1
atitlan,2025-01-18,685350.0,1621650.0,0.28438187,15.099736,225,1
atitlan,2025-01-18,685650.0,1621650.0,0.26561123,13.1788435,225,1
atitlan,2025-01-18,685950.0,1621650.0,0.23789588,10.742532,225,0
atitlan,2025-01-18,686250.0,1621650.0,0.21726124,10.240408,225,0
atitlan,2025-01-18,686550.0,1621650.0,0.2592526,12.99408,225,1
atitlan,2025-01-18,686850.0,1621650.0,0.28598645,15.3968,225,1
atitlan,2025-01-18,687150.0,1621650.0,0.2843659,15.469125,225,1
atitlan,2025-01-18,687450.0,1621650.0,0.27899644,14.923546,225,1
atitlan,2025-01-18,687750.0,1621650.0,0.27667058,14.463522,225,1
atitlan,2025-01-18,688050.0,1621650.0,0.2843919,15.687768,225,1
atitlan,2025-01-18,688350.0,1621650.0,0.30401316,18.145939,225,1
atitlan,2025-01-18,688650.0,1621650.0,0.24720669,13.036557,225,1
atitlan,2025-01-18,688950.0,1621650.0,0.19137718,8.760494,225,0
atitlan,2025-01-18,689250.0,1621650.0,0.20331979,9.320384,225,0
atitlan,2025-01-18,689550.0,1621650.0,0.21139227,10.756053,225,0
atitlan,2025-01-18,689850.0,1621650.0,-0.020365948,3.573735,225,0
atitlan,2025-01-18,690150.0,1621650.0,-0.084355764,0.7448962,225,0
atitlan,2025-01-18,690450.0,1621650.0,-0.08274092,0.83316493,225,0
atitlan,2025-01-18,690750.0,1621650.0,-0.07536814,1.0392201,225,0
atitlan,2025-01-18,691050.0,1621650.0,-0.030965531,3.1109402,225,0
atitlan,2025-01-18,691350.0,1621650.0,-0.081700705,0.92802876,225,0
atitlan,2025-01-18,691650.0,1621650.0,0.1561288,9.363964,225,0
atitlan,2025-01-18,691950.0,1621650.0,0.24146655,11.847845,225,0
atitlan,2025-01-18,692250.0,1621650.0,0.23262541,11.859803,225,0
atitlan,2025-01-18,692550.0,1621650.0,0.2390426,11.822394,225,0
atitlan,2025-01-18,692850.0,1621650.0,0.21790157,11.423477,225,0
atitlan,2025-01-18,693150.0,1621650.0,0.21323714,10.523808,225,0
atitlan,2025-01-18,693450.0,1621650.0,0.23722965,11.5409975,225,0
atitlan,2025-01-18,693750.0,1621650.0,0.2301388,11.383425,225,0
atitlan,2025-01-18,694050.0,1621650.0,0.24308509,11.425283,225,0
atitlan,2025-01-18,694350.0,1621650.0,0.23949778,11.515775,225,0
atitlan,2025-01-18,694650.0,1621650.0,0.2381796,11.150116,225,0
atitlan,2025-01-18,694950.0,1621650.0,0.25013992,12.341891,225,1
atitlan,2025-01-18,695250.0,1621650.0,0.23499577,12.133712,225,1
atitlan,2025-01-18,695550.0,1621650.0,0.24832271,12.113185,225,1
atitlan,2025-01-18,695850.0,1621650.0,0.24558032,11.94813,225,0
atitlan,2025-01-18,696150.0,1621650.0,0.24807636,12.597018,225,1
atitlan,2025-01-18,696450.0,1621650.0,0.24001077,12.552371,225,1
atitlan,2025-01-18,696750.0,1621650.0,0.2547699,12.891583,225,1
atitlan,2025-01-18,697050.0,1621650.0,0.23816632,11.696355,225,0
atitlan,2025-01-18,697350.0,1621650.0,0.22321562,10.493049,225,0
atitlan,2025-01-18,697650.0,1621650.0,0.19884267,9.317344,225,0
atitlan,2025-01-18,697950.0,1621650.0,0.12203824,7.180555,225,0
atitlan,2025-01-18,698250.0,1621650.0,0.18039289,11.978833,225,0
atitlan,2025-01-18,698550.0,1621650.0,0.18525907,10.518187,225,0
atitlan,2025-01-18,698850.0,1621650.0,0.15880892,9.913412,225,0
atitlan,2025-01-18,699150.0,1621650.0,-0.074942306,1.200198,225,0
atitlan,2025-01-18,699450.0,1621650.0,-0.08452188,0.8025395,225,0
atitlan,2025-01-18,699750.0,1621650.0,-0.087077044,0.6331782,225,0
atitlan,2025-01-18,700050.0,1621650.0,-0.08840885,0.5996606,225,0
atitlan,2025-01-18,700350.0,1621650.0,-0.09125075,0.51558745,225,0
atitlan,2025-01-18,700650.0,1621650.0,-0.090638086,0.5172499,225,0
atitlan,2025-01-18,700950.0,1621650.0,-0.08996278,0.5515274,225,0
atitlan,2025-01-18,701250.0,1621650.0,-0.08993047,0.51389045,225,0
atitlan,2025-01-18,701550.0,1621650.0,-0.077721275,0.99056995,225,0
atitlan,2025-01-18,701850.0,1621650.0,0.12342683,6.3702946,225,0
atitlan,2025-01-18,702150.0,1621650.0,0.13903679,6.996565,225,0
atitlan,2025-01-18,702450.0,1621650.0,0.03795568,4.310429,225,0
atitlan,2025-01-18,702750.0,1621650.0,0.03241424,4.1232285,225,0
atitlan,2025-01-18,703050.0,1621650.0,0.15204896,6.4988203,225,0
atitlan,2025-01-18,703350.0,1621650.0,0.17346364,9.501622,225,0
atitlan,2025-01-18,703650.0,1621650.0,0.26821983,17.314747,225,1
atitlan,2025-01-18,703950.0,1621650.0,0.28580475,17.731686,225,1
atitlan,2025-01-18,704250.0,1621650.0,0.2433974,14.455976,225,1
atitlan,2025-01-18,704550.0,1621650.0,0.20291713,11.824671,225,0
atitlan,2025-01-18,704850.0,1621650.0,0.21688509,11.284129,225,0
atitlan,2025-01-18,705150.0,1621650.0,0.24394618,12.63485,225,1
atitlan,2025-01-18,705450.0,1621650.0,0.22736916,12.055498,225,1
atitlan,2025-01-18,705750.0,1621650.0,0.1830886,8.522279,225,0
atitlan,2025-01-18,706050.0,1621650.0,0.22526991,10.828099,225,0
atitlan,2025-01-18,706350.0,1621650.0,0.23471674,11.047581,225,0
atitlan,2025-01-18,706650.0,1621650.0,0.18337274,8.323313,225,0
atitlan,2025-01-18,706950.0,1621650.0,0.20950893,11.594126,225,0
atitlan,2025-01-18,707250.0,1621650.0,0.21250302,11.989582,225,0
atitlan,2025-01-18,707550.0,1621650.0,0.19031759,9.980544,225,0
atitlan,2025-01-18,707850.0,1621650.0,0.19124103,9.253419,45,0
atitlan,2025-01-18,680250.0,1621950.0,0.26774094,17.417036,180,1
atitlan,2025-01-18,680550.0,1621950.0,0.31949478,21.11512,225,1
atitlan,2025-01-18,680850.0,1621950.0,0.2603453,15.6183815,225,1
atitlan,2025-01-18,681150.0,1621950.0,0.21204168,11.788289,225,0
atitlan,2025-01-18,681450.0,1621950.0,0.29173186,18.141483,225,1
atitlan,2025-01-18,681750.0,1621950.0,0.24255502,11.745921,225,0
atitlan,2025-01-18,682050.0,1621950.0,0.26714635,15.006553,225,1
atitlan,2025-01-18,682350.0,1621950.0,0.18522644,9.015742,225,0
atitlan,2025-01-18,682650.0,1621950.0,0.28819835,17.671255,225,1
atitlan,2025-01-18,682950.0,1621950.0,0.30194086,17.873186,225,1
atitlan,2025-01-18,683250.0,1621950.0,0.26946318,14.758922,225,1
atitlan,2025-01-18,683550.0,1621950.0,0.24078786,11.567349,225,0
atitlan,2025-01-18,683850.0,1621950.0,0.28024295,16.407578,225,1
atitlan,2025-01-18,684150.0,1621950.0,0.20588146,11.391355,225,0
atitlan,2025-01-18,684450.0,1621950.0,0.18775249,10.155578,225,0
atitlan,2025-01-18,684750.0,1621950.0,0.25853202,14.477108,225,1
atitlan,2025-01-18,685050.0,1621950.0,0.2864025,15.5537,225,1
atitlan,2025-01-18,685350.0,1621950.0,0.24331328,13.23121,225,1
atitlan,2025-01-18,685650.0,1621950.0,0.26687077,13.706836,225,1
atitlan,2025-01-18,685950.0,1621950.0,0.2753132,14.316077,225,1
atitlan,2025-01-18,686250.0,1621950.0,0.2609631,13.720559,225,1
atitlan,2025-01-18,686550.0,1621950.0,0.24643108,12.003695,225,1
atitlan,2025-01-18,686850.0,1621950.0,0.24665427,11.916833,225,0
atitlan,2025-01-18,687150.0,1621950.0,0.27814293,15.016498,225,1
atitlan,2025-01-18,687450.0,1621950.0,0.28275153,15.536064,225,1
atitlan,2025-01-18,687750.0,1621950.0,0.26548043,14.186654,225,1
atitlan,2025-01-18,688050.0,1621950.0,0.2768479,14.419182,225,1
atitlan,2025-01-18,688350.0,1621950.0,0.27654707,14.368707,225,1
atitlan,2025-01-18,688650.0,1621950.0,0.27454343,13.842981,225,1
atitlan,2025-01-18,688950.0,1621950.0,0.24018298,11.244676,225,0
atitlan,2025-01-18,689250.0,1621950.0,0.23231806,10.332666,225,0
atitlan,2025-01-18,689550.0,1621950.0,0.13673836,7.643887,225,0
atitlan,2025-01-18,689850.0,1621950.0,-0.05578134,1.4463848,225,0
atitlan,2025-01-18,690150.0,1621950.0,-0.09550149,0.3630767,225,0
atitlan,2025-01-18,690450.0,1621950.0,-0.095187485,0.31310123,225,0
atitlan,2025-01-18,690750.0,1621950.0,-0.09718967,0.22603475,225,0
atitlan,2025-01-18,691050.0,1621950.0,-0.094661094,0.34161064,225,0
atitlan,2025-01-18,691350.0,1621950.0,-0.089338325,0.5455021,225,0
atitlan,2025-01-18,691650.0,1621950.0,0.029291999,5.2124944,225,0
atitlan,2025-01-18,691950.0,1621950.0,0.0021625885,3.880142,225,0
atitlan,2025-01-18,692250.0,1621950.0,0.09812098,8.732929,225,0
atitlan,2025-01-18,692550.0,1621950.0,0.2393839,13.761987,225,1
atitlan,2025-01-18,692850.0,1621950.0,0.03714332,5.932193,225,0
atitlan,2025-01-18,693150.0,1621950.0,0.10488191,7.3495474,225,0
atitlan,2025-01-18,693450.0,1621950.0,0.23572409,11.720874,225,0
atitlan,2025-01-18,693750.0,1621950.0,0.18546614,9.585518,225,0
atitlan,2025-01-18,694050.0,1621950.0,0.24559836,12.206215,225,1
atitlan,2025-01-18,694350.0,1621950.0,0.24540283,11.313501,225,0
atitlan,2025-01-18,694650.0,1621950.0,0.23419385,11.210947,225,0
atitlan,2025-01-18,694950.0,1621950.0,0.246171,11.689805,225,0
atitlan,2025-01-18,695250.0,1621950.0,0.24940012,11.739952,225,0
atitlan,2025-01-18,695550.0,1621950.0,0.25075847,12.192514,225,1
atitlan,2025-01-18,695850.0,1621950.0,0.2603198,13.345558,225,1
atitlan,2025-01-18,696150.0,1621950.0,0.26244825,13.159843,225,1
atitlan,2025-01-18,696450.0,1621950.0,0.21119894,9.233359,225,0
atitlan,2025-01-18,696750.0,1621950.0,0.24392454,12.065346,225,1
atitlan,2025-01-18,697050.0,1621950.0,0.25847578,12.671578,225,1
atitlan,2025-01-18,697350.0,1621950.0,0.2275597,10.794719,225,0
atitlan,2025-01-18,697650.0,1621950.0,0.16692328,8.736337,225,0
atitlan,2025-01-18,697950.0,1621950.0,0.18702787,11.724695,225,0
atitlan,2025-01-18,698250.0,1621950.0,0.13615766,8.831469,225,0
atitlan,2025-01-18,698550.0,1621950.0,-0.0398472,2.781103,225,0
atitlan,2025-01-18,698850.0,1621950.0,0.24878326,13.950528,225,1
atitlan,2025-01-18,699150.0,1621950.0,0.06825893,6.161676,225,0
atitlan,2025-01-18,699450.0,1621950.0,-0.083041385,0.86249167,225,0
atitlan,2025-01-18,699750.0,1621950.0,-0.088414095,0.6049612,225,0
atitlan,2025-01-18,700050.0,1621950.0,-0.087505795,0.6588652,225,0
atitlan,2025-01-18,700350.0,1621950.0,-0.08677437,0.6824701,225,0
atitlan,2025-01-18,700650.0,1621950.0,-0.088194065,0.5770158,225,0
atitlan,2025-01-18,700950.0,1621950.0,-0.0878765,0.6230244,225,0
atitlan,2025-01-18,701250.0,1621950.0,-0.08725192,0.63857293,225,0
atitlan,2025-01-18,701550.0,1621950.0,-0.09051468,0.52060145,225,0
atitlan,2025-01-18,701850.0,1621950.0,-0.086637564,0.67968273,225,0
atitlan,2025-01-18,702150.0,1621950.0,-0.085242406,0.7418221,225,0
atitlan,2025-01-18,702450.0,1621950.0,-0.08622644,0.70284927,225,0
atitlan,2025-01-18,702750.0,1621950.0,-0.039745204,2.185512,225,0
atitlan,2025-01-18,703050.0,1621950.0,0.18129863,7.7992797,225,0
atitlan,2025-01-18,703350.0,1621950.0,0.20418558,8.750602,225,0
atitlan,2025-01-18,703650.0,1621950.0,0.13818328,9.457075,225,0
atitlan,2025-01-18,703950.0,1621950.0,0.15479548,9.742193,225,0
atitlan,2025-01-18,704250.0,1621950.0,0.24904235,14.602435,225,1
atitlan,2025-01-18,704550.0,1621950.0,0.23134172,12.051732,225,1
atitlan,2025-01-18,704850.0,1621950.0,0.20657557,10.68602,225,0
atitlan,2025-01-18,705150.0,1621950.0,0.22305374,10.699903,225,0
atitlan,2025-01-18,705450.0,1621950.0,0.21249461,10.832543,225,0
atitlan,2025-01-18,705750.0,1621950.0,0.18975669,8.7821865,225,0
atitlan,2025-01-18,706050.0,1621950.0,0.22771943,10.969032,225,0
atitlan,2025-01-18,706350.0,1621950.0,0.26671922,13.934045,225,1
atitlan,2025-01-18,706650.0,1621950.0,0.2659733,13.328769,225,1
atitlan,2025-01-18,706950.0,1621950.0,0.22260876,10.090025,225,0
atitlan,2025-01-18,707250.0,1621950.0,0.1963608,9.787144,225,0
atitlan,2025-01-18,707550.0,1621950.0,0.18341827,9.000257,225,0
atitlan,2025-01-18,707850.0,1621950.0,0.24707288,12.146086,45,1
atitlan,2025-01-18,680250.0,1622250.0,0.3029523,19.494967,180,1
atitlan,2025-01-18,680550.0,1622250.0,0.2645116,17.29425,225,1
atitlan,2025-01-18,680850.0,1622250.0,0.19235641,10.624543,225,0
atitlan,2025-01-18,681150.0,1622250.0,0.13543725,9.246563,225,0
atitlan,2025-01-18,681450.0,1622250.0,0.2573426,14.727076,225,1
atitlan,2025-01-18,681750.0,1622250.0,0.2690938,14.070765,225,1
atitlan,2025-01-18,682050.0,1622250.0,0.26992422,14.154525,225,1
atitlan,2025-01-18,682350.0,1622250.0,0.22295913,12.511066,225,1
atitlan,2025-01-18,682650.0,1622250.0,0.30308267,18.18462,225,1
atitlan,2025-01-18,682950.0,1622250.0,0.27308583,14.648423,225,1
atitlan,2025-01-18,683250.0,1622250.0,0.2423215,12.693156,225,1
atitlan,2025-01-18,683550.0,1622250.0,0.10747807,5.9894495,225,0
atitlan,2025-01-18,683850.0,1622250.0,0.27496406,15.671113,225,1
atitlan,2025-01-18,684150.0,1622250.0,0.23512897,12.378661,225,1
atitlan,2025-01-18,684450.0,1622250.0,0.20329683,10.759811,225,0
atitlan,2025-01-18,684750.0,1622250.0,0.25106046,13.215417,225,1
atitlan,2025-01-18,685050.0,1622250.0,0.27125627,14.800993,225,1
atitlan,2025-01-18,685350.0,1622250.0,0.2780021,14.166559,225,1
atitlan,2025-01-18,685650.0,1622250.0,0.28191423,14.629423,225,1
atitlan,2025-01-18,685950.0,1622250.0,0.26156646,12.813733,225,1
atitlan,2025-01-18,686250.0,1622250.0,0.21890144,9.044955,225,0
atitlan,2025-01-18,686550.0,1622250.0,0.23099597,10.057853,225,0
atitlan,2025-01-18,686850.0,1622250.0,0.22819184,9.991235,225,0
atitlan,2025-01-18,687150.0,1622250.0,0.25880492,12.816771,225,1
atitlan,2025-01-18,687450.0,1622250.0,0.24278125,11.854797,225,0
atitlan,2025-01-18,687750.0,1622250.0,0.26648927,14.595036,225,1
atitlan,2025-01-18,688050.0,1622250.0,0.2730218,14.844159,225,1
atitlan,2025-01-18,688350.0,1622250.0,0.26898623,13.817641,225,1
atitlan,2025-01-18,688650.0,1622250.0,0.2572669,12.814767,225,1
atitlan,2025-01-18,688950.0,1622250.0,0.23439297,10.557871,225,0
atitlan,2025-01-18,689250.0,1622250.0,0.22702941,9.547079,225,0
atitlan,2025-01-18,689550.0,1622250.0,-0.024673674,2.6612644,225,0
atitlan,2025-01-18,689850.0,1622250.0,-0.08682089,0.7163424,225,0
atitlan,2025-01-18,690150.0,1622250.0,-0.09236561,0.40431952,225,0
atitlan,2025-01-18,690450.0,1622250.0,-0.08990454,0.4820848,225,0
atitlan,2025-01-18,690750.0,1622250.0,-0.086685166,0.6101833,225,0
atitlan,2025-01-18,691050.0,1622250.0,-0.08967798,0.48218146,225,0
atitlan,2025-01-18,691350.0,1622250.0,-0.090433024,0.49324536,225,0
atitlan,2025-01-18,691650.0,1622250.0,-0.08971918,0.53398484,225,0
atitlan,2025-01-18,691950.0,1622250.0,-0.09019754,0.50157976,225,0
atitlan,2025-01-18,692250.0,1622250.0,-0.035527244,2.2382772,225,0
atitlan,2025-01-18,692550.0,1622250.0,-0.009319161,3.2650187,225,0
atitlan,2025-01-18,692850.0,1622250.0,0.04963057,5.5119386,225,0
atitlan,2025-01-18,693150.0,1622250.0,-0.016773675,2.7918637,225,0
atitlan,2025-01-18,693450.0,1622250.0,-0.05874343,1.5083758,225,0
atitlan,2025-01-18,693750.0,1622250.0,-0.06797528,1.3561211,225,0
atitlan,2025-01-18,694050.0,1622250.0,0.20342049,11.669531,225,0
atitlan,2025-01-18,694350.0,1622250.0,0.24512148,11.631497,225,0
atitlan,2025-01-18,694650.0,1622250.0,0.25248846,11.725775,225,0
atitlan,2025-01-18,694950.0,1622250.0,0.257787,12.420979,225,1
atitlan,2025-01-18,695250.0,1622250.0,0.25422445,12.418133,225,1
atitlan,2025-01-18,695550.0,1622250.0,0.23906949,11.598832,225,0
atitlan,2025-01-18,695850.0,1622250.0,0.23845223,10.878142,225,0
atitlan,2025-01-18,696150.0,1622250.0,0.22092336,10.182054,225,0
atitlan,2025-01-18,696450.0,1622250.0,0.2292979,10.591112,225,0
atitlan,2025-01-18,696750.0,1622250.0,0.21812621,9.799677,225,0
atitlan,2025-01-18,697050.0,1622250.0,0.2167097,10.493929,225,0
atitlan,2025-01-18,697350.0,1622250.0,0.20026818,10.263874,225,0
atitlan,2025-01-18,697650.0,1622250.0,0.12061434,7.5494475,225,0
atitlan,2025-01-18,697950.0,1622250.0,0.088783145,7.381863,225,0
atitlan,2025-01-18,698250.0,1622250.0,-0.017414622,3.148087,225,0
atitlan,2025-01-18,698550.0,1622250.0,-0.079923056,0.998556,225,0
atitlan,2025-01-18,698850.0,1622250.0,0.082461074,7.4451914,225,0
atitlan,2025-01-18,699150.0,1622250.0,-0.06896762,1.3634559,225,0
atitlan,2025-01-18,699450.0,1622250.0,-0.083870426,0.83878756,225,0
atitlan,2025-01-18,699750.0,1622250.0,-0.088157974,0.59624946,225,0
atitlan,2025-01-18,700050.0,1622250.0,-0.08918109,0.54954517,225,0
atitlan,2025-01-18,700350.0,1622250.0,-0.090162486,0.5322377,225,0
atitlan,2025-01-18,700650.0,1622250.0,-0.09141016,0.49976888,225,0
atitlan,2025-01-18,700950.0,1622250.0,-0.09126455,0.47485945,225,0
atitlan,2025-01-18,701250.0,1622250.0,-0.0899594,0.56171143,225,0
atitlan,2025-01-18,701550.0,1622250.0,-0.09066041,0.49580228,225,0
atitlan,2025-01-18,701850.0,1622250.0,-0.09065119,0.48313463,225,0
atitlan,2025-01-18,702150.0,1622250.0,-0.08700857,0.68267196,225,0
atitlan,2025-01-18,702450.0,1622250.0,-0.08684359,0.6604131,225,0
atitlan,2025-01-18,702750.0,1622250.0,-0.044163857,2.1570013,225,0
atitlan,2025-01-18,703050.0,1622250.0,0.20855546,9.761394,225,0
atitlan,2025-01-18,703350.0,1622250.0,0.23649892,12.368311,225,1
atitlan,2025-01-18,703650.0,1622250.0,0.19513203,11.388923,225,0
atitlan,2025-01-18,703950.0,1622250.0,0.18026803,11.726266,225,0
atitlan,2025-01-18,704250.0,1622250.0,0.26458645,15.121311,225,1
atitlan,2025-01-18,704550.0,1622250.0,0.252406,14.270066,225,1
atitlan,2025-01-18,704850.0,1622250.0,0.19447656,10.733751,225,0
atitlan,2025-01-18,705150.0,1622250.0,0.20668168,10.58207,225,0
atitlan,2025-01-18,705450.0,1622250.0,0.18529777,9.024508,225,0
atitlan,2025-01-18,705750.0,1622250.0,0.22801635,12.018137,225,1
atitlan,2025-01-18,706050.0,1622250.0,0.22792514,12.405967,225,1
atitlan,2025-01-18,706350.0,1622250.0,0.20738997,11.706363,225,0
atitlan,2025-01-18,706650.0,1622250.0,0.23959179,12.980145,225,1
atitlan,2025-01-18,706950.0,1622250.0,0.22974005,11.135624,225,0
atitlan,2025-01-18,707250.0,1622250.0,0.22936466,10.856324,225,0
atitlan,2025-01-18,707550.0,1622250.0,0.25744587,14.313921,225,1
atitlan,2025-01-18,707850.0,1622250.0,0.24337116,13.283326,45,1
atitlan,2025-01-18,680250.0,1622550.0,0.28153884,16.120495,180,1
atitlan,2025-01-18,680550.0,1622550.0,0.27080667,15.43702,225,1
atitlan,2025-01-18,680850.0,1622550.0,0.21615973,13.298229,225,1
atitlan,2025-01-18,681150.0,1622550.0,0.13930815,9.617819,225,0
atitlan,2025-01-18,681450.0,1622550.0,0.2551511,15.205451,225,1
atitlan,2025-01-18,681750.0,1622550.0,0.2717004,15.672452,225,1
atitlan,2025-01-18,682050.0,1622550.0,0.25419012,12.78905,225,1
atitlan,2025-01-18,682350.0,1622550.0,0.24134296,12.233641,225,1
atitlan,2025-01-18,682650.0,1622550.0,0.301442,17.8195,225,1
atitlan,2025-01-18,682950.0,1622550.0,0.28497896,15.427003,225,1
atitlan,2025-01-18,683250.0,1622550.0,0.26578444,12.825358,225,1
atitlan,2025-01-18,683550.0,1622550.0,0.25084755,11.769798,225,0
atitlan,2025-01-18,683850.0,1622550.0,0.23394734,11.9877,225,0
atitlan,2025-01-18,684150.0,1622550.0,0.24607304,13.344696,225,1
atitlan,2025-01-18,684450.0,1622550.0,0.2079865,11.355222,225,0
atitlan,2025-01-18,684750.0,1622550.0,0.2579221,14.387174,225,1
atitlan,2025-01-18,685050.0,1622550.0,0.2929832,16.372547,225,1
atitlan,2025-01-18,685350.0,1622550.0,0.2834035,15.077651,225,1
atitlan,2025-01-18,685650.0,1622550.0,0.25521824,13.309226,225,1
atitlan,2025-01-18,685950.0,1622550.0,0.25038686,11.78139,225,0
atitlan,2025-01-18,686250.0,1622550.0,0.23737201,10.396647,225,0
atitlan,2025-01-18,686550.0,1622550.0,0.24025553,10.348681,225,0
atitlan,2025-01-18,686850.0,1622550.0,0.24006,11.118558,225,0
atitlan,2025-01-18,687150.0,1622550.0,0.21762985,11.344719,225,0
atitlan,2025-01-18,687450.0,1622550.0,0.27045962,14.8639345,225,1
atitlan,2025-01-18,687750.0,1622550.0,0.2369854,13.067913,225,1
atitlan,2025-01-18,688050.0,1622550.0,0.25568396,12.457442,225,1
atitlan,2025-01-18,688350.0,1622550.0,0.23222944,11.153342,225,0
atitlan,2025-01-18,688650.0,1622550.0,0.2501797,12.453858,225,1
atitlan,2025-01-18,688950.0,1622550.0,0.2324128,10.137505,225,0
atitlan,2025-01-18,689250.0,1622550.0,0.16775782,8.147428,225,0
atitlan,2025-01-18,689550.0,1622550.0,-0.07566025,1.225798,225,0
atitlan,2025-01-18,689850.0,1622550.0,-0.08998489,0.5232663,225,0
atitlan,2025-01-18,690150.0,1622550.0,-0.09737468,0.23127063,225,0
atitlan,2025-01-18,690450.0,1622550.0,-0.09602062,0.29491702,225,0
atitlan,2025-01-18,690750.0,1622550.0,-0.10147417,0.14012116,225,0
atitlan,2025-01-18,691050.0,1622550.0,-0.10056937,0.18653402,225,0
atitlan,2025-01-18,691350.0,1622550.0,-0.09866555,0.20408374,225,0
atitlan,2025-01-18,691650.0,1622550.0,-0.09786489,0.22625081,225,0
atitlan,2025-01-18,691950.0,1622550.0,-0.09682928,0.32523918,225,0
atitlan,2025-01-18,692250.0,1622550.0,-0.09020388,0.53012335,225,0
atitlan,2025-01-18,692550.0,1622550.0,-0.08897305,0.5575099,225,0
atitlan,2025-01-18,692850.0,1622550.0,-0.086044334,0.7146473,225,0
atitlan,2025-01-18,693150.0,1622550.0,-0.08691943,0.6869062,225,0
atitlan,2025-01-18,693450.0,1622550.0,-0.0841911,0.77988774,225,0
atitlan,2025-01-18,693750.0,1622550.0,-0.08324416,0.8693377,225,0
atitlan,2025-01-18,694050.0,1622550.0,0.20213541,11.38394,225,0
atitlan,2025-01-18,694350.0,1622550.0,0.24599384,11.346143,225,0
atitlan,2025-01-18,694650.0,1622550.0,0.25997216,12.782466,225,1
atitlan,2025-01-18,694950.0,1622550.0,0.24080582,11.263291,225,0
atitlan,2025-01-18,695250.0,1622550.0,0.2479451,11.993443,225,0
atitlan,2025-01-18,695550.0,1622550.0,0.23042887,10.898464,225,0
atitlan,2025-01-18,695850.0,1622550.0,0.21386187,9.324807,225,0
atitlan,2025-01-18,696150.0,1622550.0,0.21309829,8.8291235,225,0
atitlan,2025-01-18,696450.0,1622550.0,0.23053262,10.060867,225,0
atitlan,2025-01-18,696750.0,1622550.0,0.2478614,11.872328,225,0
atitlan,2025-01-18,697050.0,1622550.0,0.20656206,10.84687,225,0
atitlan,2025-01-18,697350.0,1622550.0,0.14622593,9.142611,225,0
atitlan,2025-01-18,697650.0,1622550.0,0.04937234,6.157982,225,0
atitlan,2025-01-18,697950.0,1622550.0,-0.07895983,1.0649681,225,0
atitlan,2025-01-18,698250.0,1622550.0,-0.08547388,0.73845,225,0
atitlan,2025-01-18,698550.0,1622550.0,-0.08638776,0.68605524,225,0
atitlan,2025-01-18,698850.0,1622550.0,-0.089605615,0.60292983,225,0
atitlan,2025-01-18,699150.0,1622550.0,-0.08937246,0.5567436,225,0
atitlan,2025-01-18,699450.0,1622550.0,-0.09158748,0.49731258,225,0
atitlan,2025-01-18,699750.0,1622550.0,-0.09300613,0.42310324,225,0
atitlan,2025-01-18,700050.0,1622550.0,-0.089820676,0.5305361,225,0
atitlan,2025-01-18,700350.0,1622550.0,-0.08970684,0.53789675,225,0
atitlan,2025-01-18,700650.0,1622550.0,-0.090408094,0.5328576,225,0
atitlan,2025-01-18,700950.0,1622550.0,-0.09013292,0.5339958,225,0
atitlan,2025-01-18,701250.0,1622550.0,-0.087316826,0.64022404,225,0
atitlan,2025-01-18,701550.0,1622550.0,-0.08708638,0.66710943,225,0
atitlan,2025-01-18,701850.0,1622550.0,-0.0896569,0.5717408,225,0
atitlan,2025-01-18,702150.0,1622550.0,-0.08700102,0.6619887,225,0
atitlan,2025-01-18,702450.0,1622550.0,-0.08569611,0.7506213,225,0
atitlan,2025-01-18,702750.0,1622550.0,-0.00900829,2.7914875,225,0
atitlan,2025-01-18,703050.0,1622550.0,0.1979923,8.9302225,225,0
atitlan,2025-01-18,703350.0,1622550.0,0.23660032,11.399056,225,0
atitlan,2025-01-18,703650.0,1622550.0,0.24083099,11.875596,225,0
atitlan,2025-01-18,703950.0,1622550.0,0.20851865,12.534731,225,1
atitlan,2025-01-18,704250.0,1622550.0,0.24384332,13.8991785,225,1
atitlan,2025-01-18,704550.0,1622550.0,0.23649321,14.239058,225,1
atitlan,2025-01-18,704850.0,1622550.0,0.18426807,8.871512,225,0
atitlan,2025-01-18,705150.0,1622550.0,0.17342466,8.851276,225,0
atitlan,2025-01-18,705450.0,1622550.0,0.2225487,12.091003,225,1
atitlan,2025-01-18,705750.0,1622550.0,0.22056676,11.230466,225,0
atitlan,2025-01-18,706050.0,1622550.0,0.2368074,12.464645,225,1
atitlan,2025-01-18,706350.0,1622550.0,0.23349062,13.462054,225,1
atitlan,2025-01-18,706650.0,1622550.0,0.2502937,15.430994,225,1
atitlan,2025-01-18,706950.0,1622550.0,0.2711965,15.173496,225,1
atitlan,2025-01-18,707250.0,1622550.0,0.25985548,14.212513,225,1
atitlan,2025-01-18,707550.0,1622550.0,0.23145159,12.175868,225,1
atitlan,2025-01-18,707850.0,1622550.0,0.15657072,7.9602094,45,0
atitlan,2025-01-18,680250.0,1622850.0,0.29269773,18.323273,180,1
atitlan,2025-01-18,680550.0,1622850.0,0.27187464,16.21847,225,1
atitlan,2025-01-18,680850.0,1622850.0,0.25499174,15.034864,225,1
atitlan,2025-01-18,681150.0,1622850.0,0.21656115,12.712846,225,1
atitlan,2025-01-18,681450.0,1622850.0,0.25744244,15.521908,225,1
atitlan,2025-01-18,681750.0,1622850.0,0.21138747,11.158465,225,0
atitlan,2025-01-18,682050.0,1622850.0,0.2357715,11.362959,225,0
atitlan,2025-01-18,682350.0,1622850.0,0.22738598,10.567582,225,0
atitlan,2025-01-18,682650.0,1622850.0,0.2695051,14.230892,225,1
atitlan,2025-01-18,682950.0,1622850.0,0.27299008,13.738366,225,1
atitlan,2025-01-18,683250.0,1622850.0,0.26487797,12.738162,225,1
atitlan,2025-01-18,683550.0,1622850.0,0.2615116,13.045455,225,1
atitlan,2025-01-18,683850.0,1622850.0,0.2482918,11.540463,225,0
atitlan,2025-01-18,684150.0,1622850.0,0.28561527,15.14946,225,1
atitlan,2025-01-18,684450.0,1622850.0,0.2539048,13.437455,225,1
atitlan,2025-01-18,684750.0,1622850.0,0.2703309,15.396694,225,1
atitlan,2025-01-18,685050.0,1622850.0,0.28194937,15.889342,225,1
atitlan,2025-01-18,685350.0,1622850.0,0.24626651,12.428738,225,1
atitlan,2025-01-18,685650.0,1622850.0,0.24391863,14.768775,225,1
atitlan,2025-01-18,685950.0,1622850.0,0.27016467,14.157427,225,1
atitlan,2025-01-18,686250.0,1622850.0,0.24032187,10.674555,225,0
atitlan,2025-01-18,686550.0,1622850.0,0.26172143,12.280126,225,1
atitlan,2025-01-18,686850.0,1622850.0,0.20100906,10.235129,225,0
atitlan,2025-01-18,687150.0,1622850.0,0.18986633,9.632793,225,0
atitlan,2025-01-18,687450.0,1622850.0,0.28970385,16.180998,225,1
atitlan,2025-01-18,687750.0,1622850.0,0.24642949,12.186211,225,1
atitlan,2025-01-18,688050.0,1622850.0,0.23256141,11.331951,225,0
atitlan,2025-01-18,688350.0,1622850.0,0.21864381,10.140422,225,0
atitlan,2025-01-18,688650.0,1622850.0,0.23441747,10.5885515,225,0
atitlan,2025-01-18,688950.0,1622850.0,0.24523333,11.169188,225,0
atitlan,2025-01-18,689250.0,1622850.0,0.13024504,7.1787047,225,0
atitlan,2025-01-18,689550.0,1622850.0,-0.08990262,0.53487146,225,0
atitlan,2025-01-18,689850.0,1622850.0,-0.092990935,0.40749696,225,0
atitlan,2025-01-18,690150.0,1622850.0,-0.095514275,0.3402468,225,0
atitlan,2025-01-18,690450.0,1622850.0,-0.09531142,0.32876348,225,0
atitlan,2025-01-18,690750.0,1622850.0,-0.092490084,0.45544955,225,0
atitlan,2025-01-18,691050.0,1622850.0,-0.091175266,0.46378204,225,0
atitlan,2025-01-18,691350.0,1622850.0,-0.09040095,0.54123175,225,0
atitlan,2025-01-18,691650.0,1622850.0,-0.09220946,0.4618021,225,0
atitlan,2025-01-18,691950.0,1622850.0,-0.09578965,0.3305209,225,0
atitlan,2025-01-18,692250.0,1622850.0,-0.09329473,0.39250425,225,0
atitlan,2025-01-18,692550.0,1622850.0,-0.0895943,0.50514024,225,0
atitlan,2025-01-18,692850.0,1622850.0,-0.090082064,0.55362695,225,0
atitlan,2025-01-18,693150.0,1622850.0,-0.09437569,0.36763024,225,0
atitlan,2025-01-18,693450.0,1622850.0,-0.09354771,0.41215205,225,0
atitlan,2025-01-18,693750.0,1622850.0,-0.093750186,0.4195957,225,0
atitlan,2025-01-18,694050.0,1622850.0,0.02346735,5.031361,225,0
atitlan,2025-01-18,694350.0,1622850.0,0.099549875,7.446197,225,0
atitlan,2025-01-18,694650.0,1622850.0,0.15216714,9.151171,225,0
atitlan,2025-01-18,694950.0,1622850.0,0.077344134,6.8242073,225,0
atitlan,2025-01-18,695250.0,1622850.0,0.18584345,10.137821,225,0
atitlan,2025-01-18,695550.0,1622850.0,0.23822872,12.274588,225,1
atitlan,2025-01-18,695850.0,1622850.0,0.15343449,8.7355995,225,0
atitlan,2025-01-18,696150.0,1622850.0,0.18908264,10.214228,225,0
atitlan,2025-01-18,696450.0,1622850.0,0.13864288,8.614,225,0
atitlan,2025-01-18,696750.0,1622850.0,0.18386525,9.86698,225,0
atitlan,2025-01-18,697050.0,1622850.0,0.19408013,10.395679,225,0
atitlan,2025-01-18,697350.0,1622850.0,0.13563564,9.727445,225,0
atitlan,2025-01-18,697650.0,1622850.0,0.095737234,8.607828,225,0
atitlan,2025-01-18,697950.0,1622850.0,-0.084775686,0.7749962,225,0
atitlan,2025-01-18,698250.0,1622850.0,-0.08964163,0.5882481,225,0
atitlan,2025-01-18,698550.0,1622850.0,-0.090658866,0.539781,225,0
atitlan,2025-01-18,698850.0,1622850.0,-0.08639935,0.7105588,225,0
atitlan,2025-01-18,699150.0,1622850.0,-0.08879696,0.61221856,225,0
atitlan,2025-01-18,699450.0,1622850.0,-0.08874037,0.58255905,225,0
atitlan,2025-01-18,699750.0,1622850.0,-0.08797955,0.60470104,225,0
atitlan,2025-01-18,700050.0,1622850.0,-0.08867313,0.61382914,225,0
atitlan,2025-01-18,700350.0,1622850.0,-0.087317646,0.6418592,225,0
atitlan,2025-01-18,700650.0,1622850.0,-0.08639936,0.68494403,225,0
atitlan,2025-01-18,700950.0,1622850.0,-0.08683799,0.68511367,225,0
atitlan,2025-01-18,701250.0,1622850.0,-0.08507445,0.7622572,225,0
atitlan,2025-01-18,701550.0,1622850.0,-0.085736915,0.71228105,225,0
atitlan,2025-01-18,701850.0,1622850.0,-0.08920084,0.5632462,225,0
atitlan,2025-01-18,702150.0,1622850.0,-0.08697129,0.66293037,225,0
atitlan,2025-01-18,702450.0,1622850.0,-0.08545222,0.72208595,225,0
atitlan,2025-01-18,702750.0,1622850.0,0.021103784,3.7226343,225,0
atitlan,2025-01-18,703050.0,1622850.0,0.1907143,8.95228,225,0
atitlan,2025-01-18,703350.0,1622850.0,0.20255317,9.025176,225,0
atitlan,2025-01-18,703650.0,1622850.0,0.2520249,12.027972,225,1
atitlan,2025-01-18,703950.0,1622850.0,0.19258122,10.612811,225,0
atitlan,2025-01-18,704250.0,1622850.0,0.21014847,12.640765,225,1
atitlan,2025-01-18,704550.0,1622850.0,0.211784,11.854316,225,0
atitlan,2025-01-18,704850.0,1622850.0,0.19510983,9.886743,225,0
atitlan,2025-01-18,705150.0,1622850.0,0.19549735,10.494359,225,0
atitlan,2025-01-18,705450.0,1622850.0,0.24385206,12.457241,225,1
atitlan,2025-01-18,705750.0,1622850.0,0.22643743,11.940217,225,0
atitlan,2025-01-18,706050.0,1622850.0,0.23770995,13.205173,225,1
atitlan,2025-01-18,706350.0,1622850.0,0.22520128,12.3784895,225,1
atitlan,2025-01-18,706650.0,1622850.0,0.2505557,13.436782,225,1
atitlan,2025-01-18,706950.0,1622850.0,0.24812038,11.946051,225,0
atitlan,2025-01-18,707250.0,1622850.0,0.2174305,10.678088,225,0
atitlan,2025-01-18,707550.0,1622850.0,0.21463838,10.5015745,225,0
atitlan,2025-01-18,707850.0,1622850.0,0.16967008,9.07072,45,0
atitlan,2025-01-18,680250.0,1623150.0,0.26629996,14.735756,180,1
atitlan,2025-01-18,680550.0,1623150.0,0.26552907,14.738634,225,1
atitlan,2025-01-18,680850.0,1623150.0,0.27005106,17.269026,225,1
atitlan,2025-01-18,681150.0,1623150.0,0.28648058,18.839743,225,1
atitlan,2025-01-18,681450.0,1623150.0,0.19631095,12.37436,225,1
atitlan,2025-01-18,681750.0,1623150.0,0.2095042,13.10763,225,1
atitlan,2025-01-18,682050.0,1623150.0,0.24038233,12.541843,225,1
atitlan,2025-01-18,682350.0,1623150.0,0.25119513,12.511019,225,1
atitlan,2025-01-18,682650.0,1623150.0,0.26851234,13.756701,225,1
atitlan,2025-01-18,682950.0,1623150.0,0.27409112,14.045558,225,1
atitlan,2025-01-18,683250.0,1623150.0,0.26286137,12.626631,225,1
atitlan,2025-01-18,683550.0,1623150.0,0.245532,11.723596,225,0
atitlan,2025-01-18,683850.0,1623150.0,0.2827547,14.908649,225,1
atitlan,2025-01-18,684150.0,1623150.0,0.29269904,16.87698,225,1
atitlan,2025-01-18,684450.0,1623150.0,0.29735756,16.655632,225,1
atitlan,2025-01-18,684750.0,1623150.0,0.28684056,16.922413,225,1
atitlan,2025-01-18,685050.0,1623150.0,0.3031836,18.207182,225,1
atitlan,2025-01-18,685350.0,1623150.0,0.25902277,13.37029,225,1
atitlan,2025-01-18,685650.0,1623150.0,0.2853713,17.224401,225,1
atitlan,2025-01-18,685950.0,1623150.0,0.28720814,17.06257,225,1
atitlan,2025-01-18,686250.0,1623150.0,0.26273075,12.944189,225,1
atitlan,2025-01-18,686550.0,1623150.0,0.25731453,12.569475,225,1
atitlan,2025-01-18,686850.0,1623150.0,0.25847217,13.007223,225,1
atitlan,2025-01-18,687150.0,1623150.0,0.21154384,10.078132,225,0
atitlan,2025-01-18,687450.0,1623150.0,0.2290878,10.357125,225,0
atitlan,2025-01-18,687750.0,1623150.0,0.24586096,11.688198,225,0
atitlan,2025-01-18,688050.0,1623150.0,0.222521,11.92786,225,0
atitlan,2025-01-18,688350.0,1623150.0,0.23093106,11.4260435,225,0
atitlan,2025-01-18,688650.0,1623150.0,0.23315553,11.24002,225,0
atitlan,2025-01-18,688950.0,1623150.0,0.18020374,9.56695,225,0
atitlan,2025-01-18,689250.0,1623150.0,-0.069196254,1.3742676,225,0
atitlan,2025-01-18,689550.0,1623150.0,-0.085383326,0.7364697,225,0
atitlan,2025-01-18,689850.0,1623150.0,-0.08909569,0.57016927,225,0
atitlan,2025-01-18,690150.0,1623150.0,-0.09605506,0.32191125,225,0
atitlan,2025-01-18,690450.0,1623150.0,-0.095393516,0.3448626,225,0
atitlan,2025-01-18,690750.0,1623150.0,-0.092352696,0.4343665,225,0
atitlan,2025-01-18,691050.0,1623150.0,-0.09543872,0.32366744,225,0
atitlan,2025-01-18,691350.0,1623150.0,-0.09464703,0.34299183,225,0
atitlan,2025-01-18,691650.0,1623150.0,-0.10097222,0.16711834,225,0
atitlan,2025-01-18,691950.0,1623150.0,-0.09802257,0.25010812,225,0
atitlan,2025-01-18,692250.0,1623150.0,-0.09898372,0.25736758,225,0
atitlan,2025-01-18,692550.0,1623150.0,-0.091996275,0.4294157,225,0
atitlan,2025-01-18,692850.0,1623150.0,-0.090696186,0.49839678,225,0
atitlan,2025-01-18,693150.0,1623150.0,-0.09137707,0.51488477,225,0
atitlan,2025-01-18,693450.0,1623150.0,-0.08783521,0.59913427,225,0
atitlan,2025-01-18,693750.0,1623150.0,-0.088424705,0.5989499,225,0
atitlan,2025-01-18,694050.0,1623150.0,-0.08791694,0.60932,225,0
atitlan,2025-01-18,694350.0,1623150.0,-0.08745557,0.6496469,225,0
atitlan,2025-01-18,694650.0,1623150.0,-0.088295534,0.6198539,225,0
atitlan,2025-01-18,694950.0,1623150.0,-0.08813768,0.6374192,225,0
atitlan,2025-01-18,695250.0,1623150.0,-0.08259798,0.8405813,225,0
atitlan,2025-01-18,695550.0,1623150.0,-0.0008100222,3.819866,225,0
atitlan,2025-01-18,695850.0,1623150.0,-0.069003396,1.2654138,225,0
atitlan,2025-01-18,696150.0,1623150.0,-0.049189094,1.8660989,225,0
atitlan,2025-01-18,696450.0,1623150.0,-0.06214246,1.6090846,225,0
atitlan,2025-01-18,696750.0,1623150.0,0.084926605,6.162255,225,0
atitlan,2025-01-18,697050.0,1623150.0,0.11785688,7.86174,225,0
atitlan,2025-01-18,697350.0,1623150.0,0.20781593,12.288958,225,1
atitlan,2025-01-18,697650.0,1623150.0,0.013818766,4.566266,225,0
atitlan,2025-01-18,697950.0,1623150.0,-0.08635753,0.6794804,225,0
atitlan,2025-01-18,698250.0,1623150.0,-0.08717536,0.656557,225,0
atitlan,2025-01-18,698550.0,1623150.0,-0.08943999,0.5253497,225,0
atitlan,2025-01-18,698850.0,1623150.0,-0.085464306,0.73724675,225,0
atitlan,2025-01-18,699150.0,1623150.0,-0.08715767,0.6684678,225,0
atitlan,2025-01-18,699450.0,1623150.0,-0.084914975,0.7475469,225,0
atitlan,2025-01-18,699750.0,1623150.0,-0.08739008,0.6182999,225,0
atitlan,2025-01-18,700050.0,1623150.0,-0.087523445,0.59156513,225,0
atitlan,2025-01-18,700350.0,1623150.0,-0.087799855,0.65478015,225,0
atitlan,2025-01-18,700650.0,1623150.0,-0.086899035,0.68498987,225,0
atitlan,2025-01-18,700950.0,1623150.0,-0.09020456,0.53718084,225,0
atitlan,2025-01-18,701250.0,1623150.0,-0.08928617,0.54692245,225,0
atitlan,2025-01-18,701550.0,1623150.0,-0.08945276,0.55485505,225,0
atitlan,2025-01-18,701850.0,1623150.0,-0.08811061,0.5967187,225,0
atitlan,2025-01-18,702150.0,1623150.0,-0.08714502,0.7040129,225,0
atitlan,2025-01-18,702450.0,1623150.0,-0.08332149,0.834193,225,0
atitlan,2025-01-18,702750.0,1623150.0,-0.047768906,1.9657252,225,0
atitlan,2025-01-18,703050.0,1623150.0,0.19569412,9.34512,225,0
atitlan,2025-01-18,703350.0,1623150.0,0.18390325,8.147589,225,0
atitlan,2025-01-18,703650.0,1623150.0,0.24122275,12.44783,225,1
atitlan,2025-01-18,703950.0,1623150.0,0.17906287,9.738483,225,0
atitlan,2025-01-18,704250.0,1623150.0,0.204407,12.778478,225,1
atitlan,2025-01-18,704550.0,1623150.0,0.19495593,11.852058,225,0
atitlan,2025-01-18,704850.0,1623150.0,0.1732203,9.183441,225,0
atitlan,2025-01-18,705150.0,1623150.0,0.19450209,11.748175,225,0
atitlan,2025-01-18,705450.0,1623150.0,0.23784961,12.064437,225,1
atitlan,2025-01-18,705750.0,1623150.0,0.22397965,11.3466015,225,0
atitlan,2025-01-18,706050.0,1623150.0,0.2246387,10.800174,225,0
atitlan,2025-01-18,706350.0,1623150.0,0.23779829,12.173137,225,1
atitlan,2025-01-18,706650.0,1623150.0,0.2585367,14.710929,225,1
atitlan,2025-01-18,706950.0,1623150.0,0.25694883,13.4345875,225,1
atitlan,2025-01-18,707250.0,1623150.0,0.2068698,10.445751,225,0
atitlan,2025-01-18,707550.0,1623150.0,0.22089095,11.158114,225,0
atitlan,2025-01-18,707850.0,1623150.0,0.21357284,10.112327,45,0
atitlan,2025-01-18,680250.0,1623450.0,0.29769996,17.839602,180,1
atitlan,2025-01-18,680550.0,1623450.0,0.28652465,17.219969,225,1
atitlan,2025-01-18,680850.0,1623450.0,0.28668314,16.649307,225,1
atitlan,2025-01-18,681150.0,1623450.0,0.28572726,17.40402,225,1
atitlan,2025-01-18,681450.0,1623450.0,0.2557336,15.256402,225,1
atitlan,2025-01-18,681750.0,1623450.0,0.20848408,11.931623,225,0
atitlan,2025-01-18,682050.0,1623450.0,0.24219902,12.764218,225,1
atitlan,2025-01-18,682350.0,1623450.0,0.27578422,15.735327,225,1
atitlan,2025-01-18,682650.0,1623450.0,0.30068043,17.354614,225,1
atitlan,2025-01-18,682950.0,1623450.0,0.28859863,15.431817,225,1
atitlan,2025-01-18,683250.0,1623450.0,0.2638897,12.7484865,225,1
atitlan,2025-01-18,683550.0,1623450.0,0.23060617,10.326383,225,0
atitlan,2025-01-18,683850.0,1623450.0,0.22227818,10.06643,225,0
atitlan,2025-01-18,684150.0,1623450.0,0.27818197,14.650873,225,1
atitlan,2025-01-18,684450.0,1623450.0,0.28992027,15.748837,225,1
atitlan,2025-01-18,684750.0,1623450.0,0.28762737,15.905494,225,1
atitlan,2025-01-18,685050.0,1623450.0,0.28480822,15.873802,225,1
atitlan,2025-01-18,685350.0,1623450.0,0.2551532,13.689018,225,1
atitlan,2025-01-18,685650.0,1623450.0,0.25137368,12.966814,225,1
atitlan,2025-01-18,685950.0,1623450.0,0.27357835,14.376047,225,1
atitlan,2025-01-18,686250.0,1623450.0,0.23347059,11.579921,225,0
atitlan,2025-01-18,686550.0,1623450.0,0.26382208,13.336665,225,1
atitlan,2025-01-18,686850.0,1623450.0,0.27041876,13.905664,225,1
atitlan,2025-01-18,687150.0,1623450.0,0.23670027,11.171457,225,0
atitlan,2025-01-18,687450.0,1623450.0,0.24890018,12.491756,225,1
atitlan,2025-01-18,687750.0,1623450.0,0.23608014,11.251375,225,0
atitlan,2025-01-18,688050.0,1623450.0,0.222841,11.468394,225,0
atitlan,2025-01-18,688350.0,1623450.0,0.17548993,9.212505,225,0
atitlan,2025-01-18,688650.0,1623450.0,0.054475106,5.447849,225,0
atitlan,2025-01-18,688950.0,1623450.0,-0.069427416,1.2409302,225,0
atitlan,2025-01-18,689250.0,1623450.0,-0.08919843,0.5493775,225,0
atitlan,2025-01-18,689550.0,1623450.0,-0.094911255,0.32690302,225,0
atitlan,2025-01-18,689850.0,1623450.0,-0.09265373,0.41427714,225,0
atitlan,2025-01-18,690150.0,1623450.0,-0.09744588,0.28579295,225,0
atitlan,2025-01-18,690450.0,1623450.0,-0.09997164,0.2372477,225,0
atitlan,2025-01-18,690750.0,1623450.0,-0.09218618,0.47232434,225,0
atitlan,2025-01-18,691050.0,1623450.0,-0.090173244,0.5142795,225,0
atitlan,2025-01-18,691350.0,1623450.0,-0.092521645,0.43390703,225,0
atitlan,2025-01-18,691650.0,1623450.0,-0.09059906,0.51635826,225,0
atitlan,2025-01-18,691950.0,1623450.0,-0.090867825,0.46580327,225,0
atitlan,2025-01-18,692250.0,1623450.0,-0.09236235,0.47781575,225,0
atitlan,2025-01-18,692550.0,1623450.0,-0.09420414,0.34834036,225,0
atitlan,2025-01-18,692850.0,1623450.0,-0.0934374,0.37809595,225,0
atitlan,2025-01-18,693150.0,1623450.0,-0.096683204,0.30963832,225,0
atitlan,2025-01-18,693450.0,1623450.0,-0.090992175,0.45748228,225,0
atitlan,2025-01-18,693750.0,1623450.0,-0.09563777,0.3485546,225,0
atitlan,2025-01-18,694050.0,1623450.0,-0.09322645,0.42743814,225,0
atitlan,2025-01-18,694350.0,1623450.0,-0.09266299,0.40990478,225,0
atitlan,2025-01-18,694650.0,1623450.0,-0.094139725,0.37715417,225,0
atitlan,2025-01-18,694950.0,1623450.0,-0.092842594,0.43032318,225,0
atitlan,2025-01-18,695250.0,1623450.0,-0.090604365,0.52983874,225,0
atitlan,2025-01-18,695550.0,1623450.0,-0.0917426,0.4676322,225,0
atitlan,2025-01-18,695850.0,1623450.0,-0.0895211,0.5585054,225,0
atitlan,2025-01-18,696150.0,1623450.0,-0.083439805,0.82008624,225,0
atitlan,2025-01-18,696450.0,1623450.0,-0.08611403,0.7136663,225,0
atitlan,2025-01-18,696750.0,1623450.0,-0.078605175,1.015042,225,0
atitlan,2025-01-18,697050.0,1623450.0,-0.08090977,0.9677083,225,0
atitlan,2025-01-18,697350.0,1623450.0,-0.06096515,1.7353122,225,0
atitlan,2025-01-18,697650.0,1623450.0,-0.08133961,0.96115303,225,0
atitlan,2025-01-18,697950.0,1623450.0,-0.08605278,0.6887338,225,0
atitlan,2025-01-18,698250.0,1623450.0,-0.087844886,0.65219945,225,0
atitlan,2025-01-18,698550.0,1623450.0,-0.08713989,0.6568124,225,0
atitlan,2025-01-18,698850.0,1623450.0,-0.08797284,0.6371751,225,0
atitlan,2025-01-18,699150.0,1623450.0,-0.089902855,0.52734256,225,0
atitlan,2025-01-18,699450.0,1623450.0,-0.08902253,0.58305764,225,0
atitlan,2025-01-18,699750.0,1623450.0,-0.087606244,0.6087107,225,0
atitlan,2025-01-18,700050.0,1623450.0,-0.08514121,0.737439,225,0
atitlan,2025-01-18,700350.0,1623450.0,-0.09157483,0.46135777,225,0
atitlan,2025-01-18,700650.0,1623450.0,-0.08650169,0.68898904,225,0
atitlan,2025-01-18,700950.0,1623450.0,-0.08976937,0.5455338,225,0
atitlan,2025-01-18,701250.0,1623450.0,-0.08962213,0.55982393,225,0
atitlan,2025-01-18,701550.0,1623450.0,-0.08706115,0.6502446,225,0
atitlan,2025-01-18,701850.0,1623450.0,-0.08747028,0.6520755,225,0
atitlan,2025-01-18,702150.0,1623450.0,-0.08738523,0.6212182,225,0
atitlan,2025-01-18,702450.0,1623450.0,-0.08431164,0.7989853,225,0
atitlan,2025-01-18,702750.0,1623450.0,0.117779806,7.209062,225,0
atitlan,2025-01-18,703050.0,1623450.0,0.17481317,7.7553988,225,0
atitlan,2025-01-18,703350.0,1623450.0,0.20559081,8.690177,225,0
atitlan,2025-01-18,703650.0,1623450.0,0.21552165,10.686983,225,0
atitlan,2025-01-18,703950.0,1623450.0,0.16737072,9.992867,225,0
atitlan,2025-01-18,704250.0,1623450.0,0.20668522,12.351481,225,1
atitlan,2025-01-18,704550.0,1623450.0,0.18798979,11.184555,225,0
atitlan,2025-01-18,704850.0,1623450.0,0.17979446,10.234606,225,0
atitlan,2025-01-18,705150.0,1623450.0,0.19323057,11.409864,225,0
atitlan,2025-01-18,705450.0,1623450.0,0.18346904,9.233137,225,0
atitlan,2025-01-18,705750.0,1623450.0,0.1995958,8.727512,225,0
atitlan,2025-01-18,706050.0,1623450.0,0.20913605,9.664065,225,0
atitlan,2025-01-18,706350.0,1623450.0,0.22756495,10.785887,225,0
atitlan,2025-01-18,706650.0,1623450.0,0.25101906,13.542278,225,1
atitlan,2025-01-18,706950.0,1623450.0,0.22600798,13.435959,225,1
atitlan,2025-01-18,707250.0,1623450.0,0.2169811,11.071902,225,0
atitlan,2025-01-18,707550.0,1623450.0,0.18971272,10.180589,225,0
atitlan,2025-01-18,707850.0,1623450.0,0.16747138,7.6439753,45,0
atitlan,2025-01-18,680250.0,1623750.0,0.29654872,18.76429,180,1
atitlan,2025-01-18,680550.0,1623750.0,0.26062092,13.637215,225,1
atitlan,2025-01-18,680850.0,1623750.0,0.2726542,15.145941,225,1
atitlan,2025-01-18,681150.0,1623750.0,0.27715877,15.696067,225,1
atitlan,2025-01-18,681450.0,1623750.0,0.27181253,15.869265,225,1
atitlan,2025-01-18,681750.0,1623750.0,0.25150108,14.883134,225,1
atitlan,2025-01-18,682050.0,1623750.0,0.24035431,14.090648,225,1
atitlan,2025-01-18,682350.0,1623750.0,0.25823882,13.877432,225,1
atitlan,2025-01-18,682650.0,1623750.0,0.3003145,18.290813,225,1
atitlan,2025-01-18,682950.0,1623750.0,0.30024773,17.657345,225,1
atitlan,2025-01-18,683250.0,1623750.0,0.2714814,13.837908,225,1
atitlan,2025-01-18,683550.0,1623750.0,0.2526984,11.793625,225,0
atitlan,2025-01-18,683850.0,1623750.0,0.23357709,10.675958,225,0
atitlan,2025-01-18,684150.0,1623750.0,0.22026983,9.708806,225,0
atitlan,2025-01-18,684450.0,1623750.0,0.24997349,12.157634,225,1
atitlan,2025-01-18,684750.0,1623750.0,0.2590671,12.240189,225,1
atitlan,2025-01-18,685050.0,1623750.0,0.26455733,13.202567,225,1
atitlan,2025-01-18,685350.0,1623750.0,0.27874753,16.066744,225,1
atitlan,2025-01-18,685650.0,1623750.0,0.26834753,17.186792,225,1
atitlan,2025-01-18,685950.0,1623750.0,0.24721923,13.83164,225,1
atitlan,2025-01-18,686250.0,1623750.0,0.25012192,13.487918,225,1
atitlan,2025-01-18,686550.0,1623750.0,0.2565005,13.053497,225,1
atitlan,2025-01-18,686850.0,1623750.0,0.2595037,13.344843,225,1
atitlan,2025-01-18,687150.0,1623750.0,0.23558098,11.310765,225,0
atitlan,2025-01-18,687450.0,1623750.0,0.22718434,12.780993,225,1
atitlan,2025-01-18,687750.0,1623750.0,0.17631659,10.429687,225,0
atitlan,2025-01-18,688050.0,1623750.0,-0.022352435,2.747683,225,0
atitlan,2025-01-18,688350.0,1623750.0,-0.0765745,0.92290187,225,0
atitlan,2025-01-18,688650.0,1623750.0,-0.09158173,0.35603112,225,0
atitlan,2025-01-18,688950.0,1623750.0,-0.0919924,0.3726824,225,0
atitlan,2025-01-18,689250.0,1623750.0,-0.08850629,0.57820076,225,0
atitlan,2025-01-18,689550.0,1623750.0,-0.09077054,0.50288403,225,0
atitlan,2025-01-18,689850.0,1623750.0,-0.08963683,0.54772407,225,0
atitlan,2025-01-18,690150.0,1623750.0,-0.0914672,0.47489655,225,0
atitlan,2025-01-18,690450.0,1623750.0,-0.092628166,0.47127822,225,0
atitlan,2025-01-18,690750.0,1623750.0,-0.09489479,0.3751971,225,0
atitlan,2025-01-18,691050.0,1623750.0,-0.093353815,0.41307786,225,0
atitlan,2025-01-18,691350.0,1623750.0,-0.09478515,0.3433919,225,0
atitlan,2025-01-18,691650.0,1623750.0,-0.09821065,0.27505854,225,0
atitlan,2025-01-18,691950.0,1623750.0,-0.097046435,0.27986985,225,0
atitlan,2025-01-18,692250.0,1623750.0,-0.10114077,0.17111245,225,0
atitlan,2025-01-18,692550.0,1623750.0,-0.0952645,0.3455694,225,0
atitlan,2025-01-18,692850.0,1623750.0,-0.09089001,0.5391215,225,0
atitlan,2025-01-18,693150.0,1623750.0,-0.096021235,0.3433665,225,0
atitlan,2025-01-18,693450.0,1623750.0,-0.092345245,0.39706418,225,0
atitlan,2025-01-18,693750.0,1623750.0,-0.090775505,0.51777226,225,0
atitlan,2025-01-18,694050.0,1623750.0,-0.09172585,0.47641534,225,0
atitlan,2025-01-18,694350.0,1623750.0,-0.09218123,0.45916772,225,0
atitlan,2025-01-18,694650.0,1623750.0,-0.092061564,0.46829197,225,0
atitlan,2025-01-18,694950.0,1623750.0,-0.08881903,0.576324,225,0
atitlan,2025-01-18,695250.0,1623750.0,-0.08743454,0.6656673,225,0
atitlan,2025-01-18,695550.0,1623750.0,-0.08837775,0.5897637,225,0
atitlan,2025-01-18,695850.0,1623750.0,-0.08704606,0.68841165,225,0
atitlan,2025-01-18,696150.0,1623750.0,-0.088455506,0.60671216,225,0
atitlan,2025-01-18,696450.0,1623750.0,-0.08799697,0.6205987,225,0
atitlan,2025-01-18,696750.0,1623750.0,-0.08804987,0.62272215,225,0
atitlan,2025-01-18,697050.0,1623750.0,-0.08685834,0.67282027,225,0
atitlan,2025-01-18,697350.0,1623750.0,-0.08685265,0.69070625,225,0
atitlan,2025-01-18,697650.0,1623750.0,-0.08826656,0.64315814,225,0
atitlan,2025-01-18,697950.0,1623750.0,-0.089260235,0.56296945,225,0
atitlan,2025-01-18,698250.0,1623750.0,-0.09105828,0.46866962,225,0
atitlan,2025-01-18,698550.0,1623750.0,-0.09030224,0.5230872,225,0
atitlan,2025-01-18,698850.0,1623750.0,-0.08915963,0.58945245,225,0
atitlan,2025-01-18,699150.0,1623750.0,-0.09089924,0.4699567,225,0
atitlan,2025-01-18,699450.0,1623750.0,-0.08692815,0.65852123,225,0
atitlan,2025-01-18,699750.0,1623750.0,-0.08792972,0.6095977,225,0
atitlan,2025-01-18,700050.0,1623750.0,-0.08846204,0.5838983,225,0
atitlan,2025-01-18,700350.0,1623750.0,-0.08968019,0.55869347,225,0
atitlan,2025-01-18,700650.0,1623750.0,-0.08569039,0.7284121,225,0
atitlan,2025-01-18,700950.0,1623750.0,-0.08862121,0.61482596,225,0
atitlan,2025-01-18,701250.0,1623750.0,-0.08962478,0.5650654,225,0
atitlan,2025-01-18,701550.0,1623750.0,-0.08748801,0.61697936,225,0
atitlan,2025-01-18,701850.0,1623750.0,-0.086597994,0.65581095,225,0
atitlan,2025-01-18,702150.0,1623750.0,-0.08557493,0.73959583,225,0
atitlan,2025-01-18,702450.0,1623750.0,-0.07931752,1.0363905,225,0
atitlan,2025-01-18,702750.0,1623750.0,0.13293286,7.3068404,225,0
atitlan,2025-01-18,703050.0,1623750.0,0.19934733,8.163501,225,0
atitlan,2025-01-18,703350.0,1623750.0,0.22154517,10.523257,225,0
atitlan,2025-01-18,703650.0,1623750.0,0.20427671,11.253566,225,0
atitlan,2025-01-18,703950.0,1623750.0,0.13968974,7.2163,225,0
atitlan,2025-01-18,704250.0,1623750.0,0.18695204,10.819249,225,0
atitlan,2025-01-18,704550.0,1623750.0,0.17418756,9.649238,225,0
atitlan,2025-01-18,704850.0,1623750.0,0.1892158,10.209596,225,0
atitlan,2025-01-18,705150.0,1623750.0,0.20718947,12.109835,225,1
atitlan,2025-01-18,705450.0,1623750.0,0.19436547,10.868224,225,0
atitlan,2025-01-18,705750.0,1623750.0,0.20689444,10.364977,225,0
atitlan,2025-01-18,706050.0,1623750.0,0.22407655,11.335265,225,0
atitlan,2025-01-18,706350.0,1623750.0,0.18247543,8.30283,225,0
atitlan,2025-01-18,706650.0,1623750.0,0.21163018,9.547358,225,0
atitlan,2025-01-18,706950.0,1623750.0,0.18586567,8.709298,225,0
atitlan,2025-01-18,707250.0,1623750.0,0.17265747,8.184656,225,0
atitlan,2025-01-18,707550.0,1623750.0,0.1761039,8.202435,225,0
atitlan,2025-01-18,707850.0,1623750.0,0.19528243,9.995478,45,0
atitlan,2025-01-18,680250.0,1624050.0,0.29775444,18.769209,180,1
atitlan,2025-01-18,680550.0,1624050.0,0.29640216,17.317726,225,1
atitlan,2025-01-18,680850.0,1624050.0,0.29290745,18.139753,225,1
atitlan,2025-01-18,681150.0,1624050.0,0.284536,17.716131,225,1
atitlan,2025-01-18,681450.0,1624050.0,0.29297015,18.473211,225,1
atitlan,2025-01-18,681750.0,1624050.0,0.23556048,14.130405,225,1
atitlan,2025-01-18,682050.0,1624050.0,0.27745333,15.752239,225,1
atitlan,2025-01-18,682350.0,1624050.0,0.27957556,14.947825,225,1
atitlan,2025-01-18,682650.0,1624050.0,0.25224596,13.764606,225,1
atitlan,2025-01-18,682950.0,1624050.0,0.30660567,18.920467,225,1
atitlan,2025-01-18,683250.0,1624050.0,0.26791653,14.856272,225,1
atitlan,2025-01-18,683550.0,1624050.0,0.26085776,13.075788,225,1
atitlan,2025-01-18,683850.0,1624050.0,0.26196772,13.211293,225,1
atitlan,2025-01-18,684150.0,1624050.0,0.26027784,12.523452,225,1
atitlan,2025-01-18,684450.0,1624050.0,0.2768241,14.110123,225,1
atitlan,2025-01-18,684750.0,1624050.0,0.29214823,16.250427,225,1
atitlan,2025-01-18,685050.0,1624050.0,0.2769303,15.052209,225,1
atitlan,2025-01-18,685350.0,1624050.0,0.28417674,15.800204,225,1
atitlan,2025-01-18,685650.0,1624050.0,0.26843673,14.39561,225,1
atitlan,2025-01-18,685950.0,1624050.0,0.24229181,15.063833,225,1
atitlan,2025-01-18,686250.0,1624050.0,0.24247898,12.718245,225,1
atitlan,2025-01-18,686550.0,1624050.0,0.2322991,12.935864,225,1
atitlan,2025-01-18,686850.0,1624050.0,0.23133178,12.973072,225,1
atitlan,2025-01-18,687150.0,1624050.0,0.21339382,11.420974,225,0
atitlan,2025-01-18,687450.0,1624050.0,0.11504683,8.535709,225,0
atitlan,2025-01-18,687750.0,1624050.0,-0.062190015,1.4070346,225,0
atitlan,2025-01-18,688050.0,1624050.0,-0.096202455,0.20818923,225,0
atitlan,2025-01-18,688350.0,1624050.0,-0.09525655,0.25135478,225,0
atitlan,2025-01-18,688650.0,1624050.0,-0.09684062,0.2088523,225,0
atitlan,2025-01-18,688950.0,1624050.0,-0.09834149,0.18447658,225,0
atitlan,2025-01-18,689250.0,1624050.0,-0.094170995,0.3785562,225,0
atitlan,2025-01-18,689550.0,1624050.0,-0.096566066,0.29014102,225,0
atitlan,2025-01-18,689850.0,1624050.0,-0.09405734,0.37035877,225,0
atitlan,2025-01-18,690150.0,1624050.0,-0.09550121,0.31716818,225,0
atitlan,2025-01-18,690450.0,1624050.0,-0.09695994,0.24870324,225,0
atitlan,2025-01-18,690750.0,1624050.0,-0.09654013,0.367526,225,0
atitlan,2025-01-18,691050.0,1624050.0,-0.093888134,0.38144913,225,0
atitlan,2025-01-18,691350.0,1624050.0,-0.09462816,0.36475688,225,0
atitlan,2025-01-18,691650.0,1624050.0,-0.09723495,0.27725247,225,0
atitlan,2025-01-18,691950.0,1624050.0,-0.09725554,0.2973459,225,0
atitlan,2025-01-18,692250.0,1624050.0,-0.097610205,0.29225698,225,0
atitlan,2025-01-18,692550.0,1624050.0,-0.0945781,0.35815546,225,0
atitlan,2025-01-18,692850.0,1624050.0,-0.09345456,0.42912734,225,0
atitlan,2025-01-18,693150.0,1624050.0,-0.09016535,0.5488201,225,0
atitlan,2025-01-18,693450.0,1624050.0,-0.09078683,0.51971775,225,0
atitlan,2025-01-18,693750.0,1624050.0,-0.08879894,0.54526144,225,0
atitlan,2025-01-18,694050.0,1624050.0,-0.08785379,0.60303354,225,0
atitlan,2025-01-18,694350.0,1624050.0,-0.089076646,0.5546638,225,0
atitlan,2025-01-18,694650.0,1624050.0,-0.08871335,0.5772376,225,0
atitlan,2025-01-18,694950.0,1624050.0,-0.08907294,0.5781968,225,0
atitlan,2025-01-18,695250.0,1624050.0,-0.08914239,0.55537057,225,0
atitlan,2025-01-18,695550.0,1624050.0,-0.09052509,0.5197789,225,0
atitlan,2025-01-18,695850.0,1624050.0,-0.088588275,0.5596999,225,0
atitlan,2025-01-18,696150.0,1624050.0,-0.09036977,0.5111649,225,0
atitlan,2025-01-18,696450.0,1624050.0,-0.08694242,0.65483993,225,0
atitlan,2025-01-18,696750.0,1624050.0,-0.092900105,0.41063896,225,0
atitlan,2025-01-18,697050.0,1624050.0,-0.08826881,0.61302173,225,0
atitlan,2025-01-18,697350.0,1624050.0,-0.08816036,0.61860454,225,0
atitlan,2025-01-18,697650.0,1624050.0,-0.08982655,0.5684595,225,0
atitlan,2025-01-18,697950.0,1624050.0,-0.08932452,0.575555,225,0
atitlan,2025-01-18,698250.0,1624050.0,-0.09196724,0.42183962,225,0
atitlan,2025-01-18,698550.0,1624050.0,-0.08694582,0.65807426,225,0
atitlan,2025-01-18,698850.0,1624050.0,-0.090078354,0.5443469,225,0
atitlan,2025-01-18,699150.0,1624050.0,-0.08952006,0.53604597,225,0
atitlan,2025-01-18,699450.0,1624050.0,-0.088982426,0.5752604,225,0
atitlan,2025-01-18,699750.0,1624050.0,-0.08756223,0.6424152,225,0
atitlan,2025-01-18,700050.0,1624050.0,-0.088797994,0.56528413,225,0
atitlan,2025-01-18,700350.0,1624050.0,-0.088340454,0.5831755,225,0
atitlan,2025-01-18,700650.0,1624050.0,-0.08868006,0.5626522,225,0
atitlan,2025-01-18,700950.0,1624050.0,-0.0886268,0.61132723,225,0
atitlan,2025-01-18,701250.0,1624050.0,-0.08736956,0.6352567,225,0
atitlan,2025-01-18,701550.0,1624050.0,-0.08780366,0.62883663,225,0
atitlan,2025-01-18,701850.0,1624050.0,-0.085864395,0.7289791,225,0
atitlan,2025-01-18,702150.0,1624050.0,-0.08758569,0.6329465,225,0
atitlan,2025-01-18,702450.0,1624050.0,-0.05997424,1.6061786,225,0
atitlan,2025-01-18,702750.0,1624050.0,0.17543063,8.790562,225,0
atitlan,2025-01-18,703050.0,1624050.0,0.20437191,8.667078,225,0
atitlan,2025-01-18,703350.0,1624050.0,0.22496913,12.208417,225,1
atitlan,2025-01-18,703650.0,1624050.0,0.18308471,9.2682085,225,0
atitlan,2025-01-18,703950.0,1624050.0,0.16909072,8.750481,225,0
atitlan,2025-01-18,704250.0,1624050.0,0.15608612,7.3749623,225,0
atitlan,2025-01-18,704550.0,1624050.0,0.17470586,10.123327,225,0
atitlan,2025-01-18,704850.0,1624050.0,0.21082121,11.2747,225,0
atitlan,2025-01-18,705150.0,1624050.0,0.19425961,9.6704235,225,0
atitlan,2025-01-18,705450.0,1624050.0,0.15772833,7.973641,225,0
atitlan,2025-01-18,705750.0,1624050.0,0.1692589,8.746978,225,0
atitlan,2025-01-18,706050.0,1624050.0,0.20239617,10.823037,225,0
atitlan,2025-01-18,706350.0,1624050.0,0.21751784,10.446127,225,0
atitlan,2025-01-18,706650.0,1624050.0,0.22033699,10.669174,225,0
atitlan,2025-01-18,706950.0,1624050.0,0.13451424,7.3058863,225,0
atitlan,2025-01-18,707250.0,1624050.0,0.21367139,11.020412,225,0
atitlan,2025-01-18,707550.0,1624050.0,0.22766814,12.409789,225,1
atitlan,2025-01-18,707850.0,1624050.0,0.19894925,11.603108,45,0
atitlan,2025-01-18,680250.0,1624350.0,0.30906275,21.107119,180,1
atitlan,2025-01-18,680550.0,1624350.0,0.27599782,16.201462,225,1
atitlan,2025-01-18,680850.0,1624350.0,0.27169624,15.909674,225,1
atitlan,2025-01-18,681150.0,1624350.0,0.23381585,13.878628,225,1
atitlan,2025-01-18,681450.0,1624350.0,0.25558868,14.45471,225,1
atitlan,2025-01-18,681750.0,1624350.0,0.19209823,11.075243,225,0
atitlan,2025-01-18,682050.0,1624350.0,0.28435224,16.771935,225,1
atitlan,2025-01-18,682350.0,1624350.0,0.25459275,14.834449,225,1
atitlan,2025-01-18,682650.0,1624350.0,0.23195502,12.164128,225,1
atitlan,2025-01-18,682950.0,1624350.0,0.29291043,17.357405,225,1
atitlan,2025-01-18,683250.0,1624350.0,0.27756974,15.095243,225,1
atitlan,2025-01-18,683550.0,1624350.0,0.25401816,12.918003,225,1
atitlan,2025-01-18,683850.0,1624350.0,0.25110975,12.623778,225,1
atitlan,2025-01-18,684150.0,1624350.0,0.24786232,11.669545,225,0
atitlan,2025-01-18,684450.0,1624350.0,0.2545541,12.26015,225,1
atitlan,2025-01-18,684750.0,1624350.0,0.27153468,13.9088745,225,1
atitlan,2025-01-18,685050.0,1624350.0,0.28185332,15.29623,225,1
atitlan,2025-01-18,685350.0,1624350.0,0.2623462,13.797645,225,1
atitlan,2025-01-18,685650.0,1624350.0,0.21103287,12.926623,225,1
atitlan,2025-01-18,685950.0,1624350.0,0.19456854,10.643526,224,0
atitlan,2025-01-18,686250.0,1624350.0,0.22695678,11.031494,225,0
atitlan,2025-01-18,686550.0,1624350.0,0.20864175,11.226303,225,0
atitlan,2025-01-18,686850.0,1624350.0,0.16083084,9.797087,225,0
atitlan,2025-01-18,687150.0,1624350.0,0.06901253,5.7475786,225,0
atitlan,2025-01-18,687450.0,1624350.0,-0.059769075,1.4923584,225,0
atitlan,2025-01-18,687750.0,1624350.0,-0.09895985,0.1351331,225,0
atitlan,2025-01-18,688050.0,1624350.0,-0.09963061,0.11408104,225,0
atitlan,2025-01-18,688350.0,1624350.0,-0.09835718,0.141931,225,0
atitlan,2025-01-18,688650.0,1624350.0,-0.10134419,0.08191294,225,0
atitlan,2025-01-18,688950.0,1624350.0,-0.099769786,0.12661435,225,0
atitlan,2025-01-18,689250.0,1624350.0,-0.0930718,0.38948,225,0
atitlan,2025-01-18,689550.0,1624350.0,-0.09754903,0.26317233,225,0
atitlan,2025-01-18,689850.0,1624350.0,-0.09720489,0.2673944,225,0
atitlan,2025-01-18,690150.0,1624350.0,-0.09363254,0.38223457,225,0
atitlan,2025-01-18,690450.0,1624350.0,-0.097445875,0.24871041,225,0
atitlan,2025-01-18,690750.0,1624350.0,-0.09477817,0.36497745,225,0
atitlan,2025-01-18,691050.0,1624350.0,-0.09076106,0.47873384,225,0
atitlan,2025-01-18,691350.0,1624350.0,-0.092370786,0.36961335,225,0
atitlan,2025-01-18,691650.0,1624350.0,-0.09107019,0.48017144,225,0
atitlan,2025-01-18,691950.0,1624350.0,-0.08935972,0.54197353,225,0
atitlan,2025-01-18,692250.0,1624350.0,-0.08829554,0.5958281,225,0
atitlan,2025-01-18,692550.0,1624350.0,-0.08773577,0.65970236,225,0
atitlan,2025-01-18,692850.0,1624350.0,-0.09267505,0.4016091,225,0
atitlan,2025-01-18,693150.0,1624350.0,-0.08972205,0.53327906,225,0
atitlan,2025-01-18,693450.0,1624350.0,-0.09242722,0.43189484,225,0
atitlan,2025-01-18,693750.0,1624350.0,-0.09023755,0.53275514,225,0
atitlan,2025-01-18,694050.0,1624350.0,-0.08799719,0.63525903,225,0
atitlan,2025-01-18,694350.0,1624350.0,-0.091972716,0.45008963,225,0
atitlan,2025-01-18,694650.0,1624350.0,-0.090674005,0.5218362,225,0
atitlan,2025-01-18,694950.0,1624350.0,-0.09034475,0.5082078,225,0
atitlan,2025-01-18,695250.0,1624350.0,-0.08943346,0.53361213,225,0
atitlan,2025-01-18,695550.0,1624350.0,-0.08857162,0.5918916,225,0
atitlan,2025-01-18,695850.0,1624350.0,-0.08831694,0.6026227,225,0
atitlan,2025-01-18,696150.0,1624350.0,-0.09082795,0.49136457,225,0
atitlan,2025-01-18,696450.0,1624350.0,-0.091131665,0.4700547,225,0
atitlan,2025-01-18,696750.0,1624350.0,-0.09035203,0.49818873,225,0
atitlan,2025-01-18,697050.0,1624350.0,-0.088466585,0.58249605,225,0
atitlan,2025-01-18,697350.0,1624350.0,-0.08717246,0.64759535,225,0
atitlan,2025-01-18,697650.0,1624350.0,-0.08797715,0.60814184,225,0
atitlan,2025-01-18,697950.0,1624350.0,-0.08984814,0.54776996,225,0
atitlan,2025-01-18,698250.0,1624350.0,-0.08823827,0.60682786,225,0
atitlan,2025-01-18,698550.0,1624350.0,-0.0889529,0.58374155,225,0
atitlan,2025-01-18,698850.0,1624350.0,-0.08784521,0.6259014,225,0
atitlan,2025-01-18,699150.0,1624350.0,-0.08922671,0.5575632,225,0
atitlan,2025-01-18,699450.0,1624350.0,-0.09087007,0.511388,225,0
atitlan,2025-01-18,699750.0,1624350.0,-0.08613878,0.692434,225,0
atitlan,2025-01-18,700050.0,1624350.0,-0.087550454,0.64736015,225,0
atitlan,2025-01-18,700350.0,1624350.0,-0.08954815,0.55849355,225,0
atitlan,2025-01-18,700650.0,1624350.0,-0.08922273,0.5938464,225,0
atitlan,2025-01-18,700950.0,1624350.0,-0.08692298,0.6782784,225,0
atitlan,2025-01-18,701250.0,1624350.0,-0.09180207,0.4438157,225,0
atitlan,2025-01-18,701550.0,1624350.0,-0.08886804,0.5867062,225,0
atitlan,2025-01-18,701850.0,1624350.0,-0.08725682,0.6490174,225,0
atitlan,2025-01-18,702150.0,1624350.0,-0.08895647,0.5568153,225,0
atitlan,2025-01-18,702450.0,1624350.0,-0.034392875,2.4437475,225,0
atitlan,2025-01-18,702750.0,1624350.0,0.16557553,8.186465,225,0
atitlan,2025-01-18,703050.0,1624350.0,0.19279681,8.245639,225,0
atitlan,2025-01-18,703350.0,1624350.0,0.17687917,8.915632,225,0
atitlan,2025-01-18,703650.0,1624350.0,0.2278264,11.555824,225,0
atitlan,2025-01-18,703950.0,1624350.0,0.24319406,12.334592,225,1
atitlan,2025-01-18,704250.0,1624350.0,0.19841088,10.168069,225,0
atitlan,2025-01-18,704550.0,1624350.0,0.21834815,12.632054,225,1
atitlan,2025-01-18,704850.0,1624350.0,0.20176613,10.360207,225,0
atitlan,2025-01-18,705150.0,1624350.0,0.15494095,7.428247,225,0
atitlan,2025-01-18,705450.0,1624350.0,0.20070179,9.683066,225,0
atitlan,2025-01-18,705750.0,1624350.0,0.14406042,6.565175,225,0
atitlan,2025-01-18,706050.0,1624350.0,0.13101465,6.5138855,225,0
atitlan,2025-01-18,706350.0,1624350.0,0.16029489,8.174876,225,0
atitlan,2025-01-18,706650.0,1624350.0,0.24368766,12.468763,225,1
atitlan,2025-01-18,706950.0,1624350.0,0.23877428,12.250706,225,1
atitlan,2025-01-18,707250.0,1624350.0,0.22205049,10.970726,225,0
atitlan,2025-01-18,707550.0,1624350.0,0.13867456,7.715079,225,0
atitlan,2025-01-18,707850.0,1624350.0,0.15045908,9.467007,45,0
atitlan,2025-01-18,680250.0,1624650.0,0.29187888,17.197681,180,1
atitlan,2025-01-18,680550.0,1624650.0,0.28656104,18.553099,225,1
atitlan,2025-01-18,680850.0,1624650.0,0.2509199,14.858887,225,1
atitlan,2025-01-18,681150.0,1624650.0,0.23176435,13.336291,225,1
atitlan,2025-01-18,681450.0,1624650.0,0.25048068,14.692484,225,1
atitlan,2025-01-18,681750.0,1624650.0,0.2060029,12.7804985,225,1
atitlan,2025-01-18,682050.0,1624650.0,0.26490313,16.15247,225,1
atitlan,2025-01-18,682350.0,1624650.0,0.2596167,14.580262,225,1
atitlan,2025-01-18,682650.0,1624650.0,0.2376551,12.242634,225,1
atitlan,2025-01-18,682950.0,1624650.0,0.23466551,12.645706,225,1
atitlan,2025-01-18,683250.0,1624650.0,0.2415634,11.777896,225,0
atitlan,2025-01-18,683550.0,1624650.0,0.25288936,12.448607,225,1
atitlan,2025-01-18,683850.0,1624650.0,0.20986244,10.520408,225,0
atitlan,2025-01-18,684150.0,1624650.0,0.2059331,9.926316,225,0
atitlan,2025-01-18,684450.0,1624650.0,0.17919002,8.892869,225,0
atitlan,2025-01-18,684750.0,1624650.0,0.22398251,9.815341,225,0
atitlan,2025-01-18,685050.0,1624650.0,0.25395778,12.176571,225,1
atitlan,2025-01-18,685350.0,1624650.0,0.1802433,9.737634,225,0
atitlan,2025-01-18,685650.0,1624650.0,0.12337393,8.346408,225,0
atitlan,2025-01-18,685950.0,1624650.0,0.12291967,8.632603,225,0
atitlan,2025-01-18,686250.0,1624650.0,0.07142735,5.8842745,225,0
atitlan,2025-01-18,686550.0,1624650.0,0.09620894,8.00298,225,0
atitlan,2025-01-18,686850.0,1624650.0,0.13283771,8.906201,225,0
atitlan,2025-01-18,687150.0,1624650.0,-0.07277997,1.0386258,225,0
atitlan,2025-01-18,687450.0,1624650.0,-0.10069264,0.12587677,225,0
atitlan,2025-01-18,687750.0,1624650.0,-0.101550184,0.09227844,225,0
atitlan,2025-01-18,688050.0,1624650.0,-0.100465,0.11803637,225,0
atitlan,2025-01-18,688350.0,1624650.0,-0.097353235,0.17444314,225,0
atitlan,2025-01-18,688650.0,1624650.0,-0.098110735,0.17980124,225,0
atitlan,2025-01-18,688950.0,1624650.0,-0.10220349,0.09783639,225,0
atitlan,2025-01-18,689250.0,1624650.0,-0.09342405,0.3970758,225,0
atitlan,2025-01-18,689550.0,1624650.0,-0.0900319,0.5136072,225,0
atitlan,2025-01-18,689850.0,1624650.0,-0.09073373,0.4786977,225,0
atitlan,2025-01-18,690150.0,1624650.0,-0.09049409,0.49500623,225,0
atitlan,2025-01-18,690450.0,1624650.0,-0.09007181,0.48584643,225,0
atitlan,2025-01-18,690750.0,1624650.0,-0.086846404,0.65225405,225,0
atitlan,2025-01-18,691050.0,1624650.0,-0.08623943,0.67963034,225,0
atitlan,2025-01-18,691350.0,1624650.0,-0.09036913,0.4830851,225,0
atitlan,2025-01-18,691650.0,1624650.0,-0.0904664,0.46946177,225,0
atitlan,2025-01-18,691950.0,1624650.0,-0.089325815,0.5366807,225,0
atitlan,2025-01-18,692250.0,1624650.0,-0.08978824,0.4828481,225,0
atitlan,2025-01-18,692550.0,1624650.0,-0.091706686,0.45323184,225,0
atitlan,2025-01-18,692850.0,1624650.0,-0.09174763,0.4269446,225,0
atitlan,2025-01-18,693150.0,1624650.0,-0.09293518,0.41228032,225,0
atitlan,2025-01-18,693450.0,1624650.0,-0.09010842,0.5104723,225,0
atitlan,2025-01-18,693750.0,1624650.0,-0.09021033,0.4944738,225,0
atitlan,2025-01-18,694050.0,1624650.0,-0.09129655,0.4366448,225,0
atitlan,2025-01-18,694350.0,1624650.0,-0.09096023,0.6096053,225,0
atitlan,2025-01-18,694650.0,1624650.0,-0.08978421,0.5387079,225,0
atitlan,2025-01-18,694950.0,1624650.0,-0.092457265,0.45160282,225,0
atitlan,2025-01-18,695250.0,1624650.0,-0.08992808,0.55133486,225,0
atitlan,2025-01-18,695550.0,1624650.0,-0.08903683,0.5876596,225,0
atitlan,2025-01-18,695850.0,1624650.0,-0.09180973,0.4754444,225,0
atitlan,2025-01-18,696150.0,1624650.0,-0.091868125,0.44634485,225,0
atitlan,2025-01-18,696450.0,1624650.0,-0.089355655,0.5644437,225,0
atitlan,2025-01-18,696750.0,1624650.0,-0.09095457,0.48104835,225,0
atitlan,2025-01-18,697050.0,1624650.0,-0.090641215,0.5289631,225,0
atitlan,2025-01-18,697350.0,1624650.0,-0.090157405,0.51538026,225,0
atitlan,2025-01-18,697650.0,1624650.0,-0.08983151,0.563762,225,0
atitlan,2025-01-18,697950.0,1624650.0,-0.08928002,0.559075,225,0
atitlan,2025-01-18,698250.0,1624650.0,-0.08929521,0.5587186,225,0
atitlan,2025-01-18,698550.0,1624650.0,-0.08860689,0.5767614,225,0
atitlan,2025-01-18,698850.0,1624650.0,-0.088559575,0.57140833,225,0
atitlan,2025-01-18,699150.0,1624650.0,-0.08805282,0.64640504,225,0
atitlan,2025-01-18,699450.0,1624650.0,-0.08818337,0.6239811,225,0
atitlan,2025-01-18,699750.0,1624650.0,-0.09020365,0.53298336,225,0
atitlan,2025-01-18,700050.0,1624650.0,-0.09015861,0.50652623,225,0
atitlan,2025-01-18,700350.0,1624650.0,-0.09080818,0.4792507,225,0
atitlan,2025-01-18,700650.0,1624650.0,-0.09163149,0.45114976,225,0
atitlan,2025-01-18,700950.0,1624650.0,-0.08896933,0.57359576,225,0
atitlan,2025-01-18,701250.0,1624650.0,-0.08827464,0.58833,225,0
atitlan,2025-01-18,701550.0,1624650.0,-0.087526694,0.6302754,225,0
atitlan,2025-01-18,701850.0,1624650.0,-0.08858625,0.5897398,225,0
atitlan,2025-01-18,702150.0,1624650.0,-0.086956024,0.6579884,225,0
atitlan,2025-01-18,702450.0,1624650.0,-0.056930214,1.7284323,225,0
atitlan,2025-01-18,702750.0,1624650.0,0.10617778,6.925438,225,0
atitlan,2025-01-18,703050.0,1624650.0,0.15921462,7.3377576,225,0
atitlan,2025-01-18,703350.0,1624650.0,0.180679,8.046767,225,0
atitlan,2025-01-18,703650.0,1624650.0,0.16539557,7.684409,225,0
atitlan,2025-01-18,703950.0,1624650.0,0.20224634,9.7612095,225,0
atitlan,2025-01-18,704250.0,1624650.0,0.23862012,12.2148905,225,1
atitlan,2025-01-18,704550.0,1624650.0,0.20433655,10.054397,225,0
atitlan,2025-01-18,704850.0,1624650.0,0.20228083,10.373307,225,0
atitlan,2025-01-18,705150.0,1624650.0,0.15919764,8.863819,225,0
atitlan,2025-01-18,705450.0,1624650.0,0.17370963,8.517729,225,0
atitlan,2025-01-18,705750.0,1624650.0,0.16944872,8.131405,225,0
atitlan,2025-01-18,706050.0,1624650.0,0.16704227,7.6287956,225,0
atitlan,2025-01-18,706350.0,1624650.0,0.17284812,8.929387,225,0
atitlan,2025-01-18,706650.0,1624650.0,0.25332385,13.299373,225,1
atitlan,2025-01-18,706950.0,1624650.0,0.24381138,12.289883,225,1
atitlan,2025-01-18,707250.0,1624650.0,0.19077083,9.657039,225,0
atitlan,2025-01-18,707550.0,1624650.0,0.17833781,11.172212,225,0
atitlan,2025-01-18,707850.0,1624650.0,0.19580866,11.578518,45,0
atitlan,2025-01-18,680250.0,1624950.0,0.31197637,21.479609,180,1
atitlan,2025-01-18,680550.0,1624950.0,0.2518117,16.93689,225,1
atitlan,2025-01-18,680850.0,1624950.0,0.24775012,14.284904,225,1
atitlan,2025-01-18,681150.0,1624950.0,0.24854119,15.246891,225,1
atitlan,2025-01-18,681450.0,1624950.0,0.2574329,14.990409,225,1
atitlan,2025-01-18,681750.0,1624950.0,0.21410522,12.658276,225,1
atitlan,2025-01-18,682050.0,1624950.0,0.2347447,11.531836,225,0
atitlan,2025-01-18,682350.0,1624950.0,0.24364652,12.744353,225,1
atitlan,2025-01-18,682650.0,1624950.0,0.29533672,17.08167,225,1
atitlan,2025-01-18,682950.0,1624950.0,0.25750884,13.257846,225,1
atitlan,2025-01-18,683250.0,1624950.0,0.26298064,13.460795,225,1
atitlan,2025-01-18,683550.0,1624950.0,0.23578939,12.163886,225,1
atitlan,2025-01-18,683850.0,1624950.0,0.19518486,12.545641,225,1
atitlan,2025-01-18,684150.0,1624950.0,0.13453159,8.059887,225,0
atitlan,2025-01-18,684450.0,1624950.0,0.07751384,6.3451624,225,0
atitlan,2025-01-18,684750.0,1624950.0,0.14019622,7.999749,225,0
atitlan,2025-01-18,685050.0,1624950.0,0.21819936,11.172626,225,0
atitlan,2025-01-18,685350.0,1624950.0,0.20987467,12.773151,225,1
atitlan,2025-01-18,685650.0,1624950.0,0.08967187,9.245056,224,0
atitlan,2025-01-18,685950.0,1624950.0,0.044751905,5.04574,225,0
atitlan,2025-01-18,686250.0,1624950.0,0.061936278,5.666811,225,0
atitlan,2025-01-18,686550.0,1624950.0,0.09499539,6.0550666,225,0
atitlan,2025-01-18,686850.0,1624950.0,-0.04467064,2.0930676,225,0
atitlan,2025-01-18,687150.0,1624950.0,-0.097720705,0.19649562,225,0
atitlan,2025-01-18,687450.0,1624950.0,-0.10063726,0.10497049,225,0
atitlan,2025-01-18,687750.0,1624950.0,-0.09856689,0.16359808,225,0
atitlan,2025-01-18,688050.0,1624950.0,-0.09968856,0.14624949,225,0
atitlan,2025-01-18,688350.0,1624950.0,-0.09966543,0.1357561,225,0
atitlan,2025-01-18,688650.0,1624950.0,-0.097133674,0.20922422,225,0
atitlan,2025-01-18,688950.0,1624950.0,-0.09944031,0.1811223,225,0
atitlan,2025-01-18,689250.0,1624950.0,-0.095584564,0.28574228,225,0
atitlan,2025-01-18,689550.0,1624950.0,-0.087748416,0.59776217,225,0
atitlan,2025-01-18,689850.0,1624950.0,-0.08961655,0.49988434,225,0
atitlan,2025-01-18,690150.0,1624950.0,-0.0903729,0.4878072,225,0
atitlan,2025-01-18,690450.0,1624950.0,-0.09444059,0.34183764,225,0
atitlan,2025-01-18,690750.0,1624950.0,-0.089511946,0.5383557,225,0
atitlan,2025-01-18,691050.0,1624950.0,-0.09027418,0.5272021,225,0
atitlan,2025-01-18,691350.0,1624950.0,-0.08781008,0.57561797,225,0
atitlan,2025-01-18,691650.0,1624950.0,-0.09219747,0.4176601,225,0
atitlan,2025-01-18,691950.0,1624950.0,-0.089339435,0.51154274,225,0
atitlan,2025-01-18,692250.0,1624950.0,-0.091340706,0.4521561,225,0
atitlan,2025-01-18,692550.0,1624950.0,-0.089236945,0.558333,225,0
atitlan,2025-01-18,692850.0,1624950.0,-0.09153337,0.44828996,225,0
atitlan,2025-01-18,693150.0,1624950.0,-0.09072727,0.49541774,225,0
atitlan,2025-01-18,693450.0,1624950.0,-0.08962309,0.49574247,225,0
atitlan,2025-01-18,693750.0,1624950.0,-0.09263261,0.41776872,225,0
atitlan,2025-01-18,694050.0,1624950.0,-0.0900899,0.50522685,225,0
atitlan,2025-01-18,694350.0,1624950.0,-0.09192896,0.43635803,225,0
atitlan,2025-01-18,694650.0,1624950.0,-0.09076102,0.5017706,225,0
atitlan,2025-01-18,694950.0,1624950.0,-0.09198109,0.44849712,225,0
atitlan,2025-01-18,695250.0,1624950.0,-0.09129048,0.47381246,225,0
atitlan,2025-01-18,695550.0,1624950.0,-0.091940254,0.4486852,225,0
atitlan,2025-01-18,695850.0,1624950.0,-0.09190967,0.47119394,225,0
atitlan,2025-01-18,696150.0,1624950.0,-0.09032069,0.5247386,225,0
atitlan,2025-01-18,696450.0,1624950.0,-0.09142748,0.4556997,225,0
atitlan,2025-01-18,696750.0,1624950.0,-0.0908827,0.4802334,225,0
atitlan,2025-01-18,697050.0,1624950.0,-0.09042131,0.5142959,225,0
atitlan,2025-01-18,697350.0,1624950.0,-0.090839066,0.50355405,225,0
atitlan,2025-01-18,697650.0,1624950.0,-0.08993799,0.54766065,225,0
atitlan,2025-01-18,697950.0,1624950.0,-0.09309358,0.41074255,225,0
atitlan,2025-01-18,698250.0,1624950.0,-0.09067223,0.502949,225,0
atitlan,2025-01-18,698550.0,1624950.0,-0.092057094,0.45370695,225,0
atitlan,2025-01-18,698850.0,1624950.0,-0.089412525,0.5784421,225,0
atitlan,2025-01-18,699150.0,1624950.0,-0.08585316,0.7063881,225,0
atitlan,2025-01-18,699450.0,1624950.0,-0.0890222,0.5723297,225,0
atitlan,2025-01-18,699750.0,1624950.0,-0.08895599,0.5451168,225,0
atitlan,2025-01-18,700050.0,1624950.0,-0.08890936,0.56662434,225,0
atitlan,2025-01-18,700350.0,1624950.0,-0.088498086,0.59682304,225,0
atitlan,2025-01-18,700650.0,1624950.0,-0.09139856,0.4976749,225,0
atitlan,2025-01-18,700950.0,1624950.0,-0.090013154,0.5567342,225,0
atitlan,2025-01-18,701250.0,1624950.0,-0.090266764,0.52204126,225,0
atitlan,2025-01-18,701550.0,1624950.0,-0.09077951,0.5197118,225,0
atitlan,2025-01-18,701850.0,1624950.0,-0.08702314,0.65720683,225,0
atitlan,2025-01-18,702150.0,1624950.0,-0.08622478,0.70771265,225,0
atitlan,2025-01-18,702450.0,1624950.0,-0.080312476,0.98390985,225,0
atitlan,2025-01-18,702750.0,1624950.0,0.06648155,5.505974,225,0
atitlan,2025-01-18,703050.0,1624950.0,0.17470717,8.369062,225,0
atitlan,2025-01-18,703350.0,1624950.0,0.17686535,9.108462,225,0
atitlan,2025-01-18,703650.0,1624950.0,0.16381806,8.225619,225,0
atitlan,2025-01-18,703950.0,1624950.0,0.18421578,9.52007,225,0
atitlan,2025-01-18,704250.0,1624950.0,0.1855167,9.992364,225,0
atitlan,2025-01-18,704550.0,1624950.0,0.164689,8.362634,225,0
atitlan,2025-01-18,704850.0,1624950.0,0.19327709,9.472004,225,0
atitlan,2025-01-18,705150.0,1624950.0,0.16237235,7.4471865,225,0
atitlan,2025-01-18,705450.0,1624950.0,0.25350183,12.815847,225,1
atitlan,2025-01-18,705750.0,1624950.0,0.20348924,10.53472,225,0
atitlan,2025-01-18,706050.0,1624950.0,0.18236662,8.922012,225,0
atitlan,2025-01-18,706350.0,1624950.0,0.20337726,10.31518,225,0
atitlan,2025-01-18,706650.0,1624950.0,0.24914162,13.009878,225,1
atitlan,2025-01-18,706950.0,1624950.0,0.24256092,11.8981695,225,0
atitlan,2025-01-18,707250.0,1624950.0,0.17980278,9.113016,225,0
atitlan,2025-01-18,707550.0,1624950.0,0.18705797,10.041061,225,0
atitlan,2025-01-18,707850.0,1624950.0,0.16733122,7.8517456,45,0
atitlan,2025-01-18,680250.0,1625250.0,0.2666862,16.501354,180,1
atitlan,2025-01-18,680550.0,1625250.0,0.2371809,14.285664,225,1
atitlan,2025-01-18,680850.0,1625250.0,0.26773617,17.987991,225,1
atitlan,2025-01-18,681150.0,1625250.0,0.2972209,20.37736,225,1
atitlan,2025-01-18,681450.0,1625250.0,0.2853329,17.643578,225,1
atitlan,2025-01-18,681750.0,1625250.0,0.24356768,13.445278,225,1
atitlan,2025-01-18,682050.0,1625250.0,0.25031322,13.524533,225,1
atitlan,2025-01-18,682350.0,1625250.0,0.27206475,14.795391,225,1
atitlan,2025-01-18,682650.0,1625250.0,0.27657592,14.938509,225,1
atitlan,2025-01-18,682950.0,1625250.0,0.26179376,13.539321,225,1
atitlan,2025-01-18,683250.0,1625250.0,0.27617046,13.9459505,225,1
atitlan,2025-01-18,683550.0,1625250.0,0.23471993,12.472649,225,1
atitlan,2025-01-18,683850.0,1625250.0,0.122850806,7.2753496,225,0
atitlan,2025-01-18,684150.0,1625250.0,0.1040029,6.96241,225,0
atitlan,2025-01-18,684450.0,1625250.0,0.03845541,4.5758734,225,0
atitlan,2025-01-18,684750.0,1625250.0,0.1126889,7.9076076,225,0
atitlan,2025-01-18,685050.0,1625250.0,0.15184465,10.878729,224,0
atitlan,2025-01-18,685350.0,1625250.0,0.1865217,10.497094,225,0
atitlan,2025-01-18,685650.0,1625250.0,0.0023581032,3.2827373,225,0
atitlan,2025-01-18,685950.0,1625250.0,0.07290697,7.0805464,225,0
atitlan,2025-01-18,686250.0,1625250.0,0.13205771,9.835617,225,0
atitlan,2025-01-18,686550.0,1625250.0,-0.008405996,3.6928735,225,0
atitlan,2025-01-18,686850.0,1625250.0,-0.09534994,0.29843542,225,0
atitlan,2025-01-18,687150.0,1625250.0,-0.098837495,0.17903367,225,0
atitlan,2025-01-18,687450.0,1625250.0,-0.100456044,0.11180823,225,0
atitlan,2025-01-18,687750.0,1625250.0,-0.098608375,0.16881785,225,0
atitlan,2025-01-18,688050.0,1625250.0,-0.09622679,0.27221373,225,0
atitlan,2025-01-18,688350.0,1625250.0,-0.0994289,0.19486344,225,0
atitlan,2025-01-18,688650.0,1625250.0,-0.09478278,0.33344492,225,0
atitlan,2025-01-18,688950.0,1625250.0,-0.09647361,0.28514543,225,0
atitlan,2025-01-18,689250.0,1625250.0,-0.09524362,0.32385424,225,0
atitlan,2025-01-18,689550.0,1625250.0,-0.08886535,0.5363538,225,0
atitlan,2025-01-18,689850.0,1625250.0,-0.08907419,0.5394343,225,0
atitlan,2025-01-18,690150.0,1625250.0,-0.0878059,0.61913925,225,0
atitlan,2025-01-18,690450.0,1625250.0,-0.092931114,0.41809386,225,0
atitlan,2025-01-18,690750.0,1625250.0,-0.08967385,0.5350232,225,0
atitlan,2025-01-18,691050.0,1625250.0,-0.089440554,0.50599444,225,0
atitlan,2025-01-18,691350.0,1625250.0,-0.08944513,0.5576244,225,0
atitlan,2025-01-18,691650.0,1625250.0,-0.090309866,0.47600102,225,0
atitlan,2025-01-18,691950.0,1625250.0,-0.08986338,0.5455261,225,0
atitlan,2025-01-18,692250.0,1625250.0,-0.09015597,0.4976086,225,0
atitlan,2025-01-18,692550.0,1625250.0,-0.088287525,0.6188071,225,0
atitlan,2025-01-18,692850.0,1625250.0,-0.09110001,0.44039696,225,0
atitlan,2025-01-18,693150.0,1625250.0,-0.091473445,0.47195825,225,0
atitlan,2025-01-18,693450.0,1625250.0,-0.0899671,0.5205324,225,0
atitlan,2025-01-18,693750.0,1625250.0,-0.09190473,0.45099807,225,0
atitlan,2025-01-18,694050.0,1625250.0,-0.089852095,0.5149574,225,0
atitlan,2025-01-18,694350.0,1625250.0,-0.091910385,0.44850504,225,0
atitlan,2025-01-18,694650.0,1625250.0,-0.09071229,0.5351889,225,0
atitlan,2025-01-18,694950.0,1625250.0,-0.091357626,0.5231907,225,0
atitlan,2025-01-18,695250.0,1625250.0,-0.091185026,0.5099547,225,0
atitlan,2025-01-18,695550.0,1625250.0,-0.092020765,0.46155035,225,0
atitlan,2025-01-18,695850.0,1625250.0,-0.0932016,0.43962494,225,0
atitlan,2025-01-18,696150.0,1625250.0,-0.0940742,0.3998239,225,0
atitlan,2025-01-18,696450.0,1625250.0,-0.09342482,0.3962751,225,0
atitlan,2025-01-18,696750.0,1625250.0,-0.09113552,0.4870629,225,0
atitlan,2025-01-18,697050.0,1625250.0,-0.09327117,0.41615453,225,0
atitlan,2025-01-18,697350.0,1625250.0,-0.09184314,0.4699821,225,0
atitlan,2025-01-18,697650.0,1625250.0,-0.089335546,0.55620223,225,0
atitlan,2025-01-18,697950.0,1625250.0,-0.08881459,0.5881181,225,0
atitlan,2025-01-18,698250.0,1625250.0,-0.08885609,0.59295225,225,0
atitlan,2025-01-18,698550.0,1625250.0,-0.08908202,0.56947505,225,0
atitlan,2025-01-18,698850.0,1625250.0,-0.08932138,0.57591265,225,0
atitlan,2025-01-18,699150.0,1625250.0,-0.08638843,0.70471686,225,0
atitlan,2025-01-18,699450.0,1625250.0,-0.09044083,0.4986994,225,0
atitlan,2025-01-18,699750.0,1625250.0,-0.089225754,0.56719124,225,0
atitlan,2025-01-18,700050.0,1625250.0,-0.08810881,0.61680204,225,0
atitlan,2025-01-18,700350.0,1625250.0,-0.08774183,0.63801146,225,0
atitlan,2025-01-18,700650.0,1625250.0,-0.08987955,0.52205664,225,0
atitlan,2025-01-18,700950.0,1625250.0,-0.088133246,0.60558134,225,0
atitlan,2025-01-18,701250.0,1625250.0,-0.08949618,0.5381789,225,0
atitlan,2025-01-18,701550.0,1625250.0,-0.08852139,0.5945744,225,0
atitlan,2025-01-18,701850.0,1625250.0,-0.08668882,0.66943425,225,0
atitlan,2025-01-18,702150.0,1625250.0,-0.0841879,0.8076136,225,0
atitlan,2025-01-18,702450.0,1625250.0,-0.0812507,0.95019007,225,0
atitlan,2025-01-18,702750.0,1625250.0,0.031568,4.427746,225,0
atitlan,2025-01-18,703050.0,1625250.0,0.1728982,8.669845,225,0
atitlan,2025-01-18,703350.0,1625250.0,0.15337832,7.027055,225,0
atitlan,2025-01-18,703650.0,1625250.0,0.16433972,8.802087,225,0
atitlan,2025-01-18,703950.0,1625250.0,0.14430226,7.2456284,225,0
atitlan,2025-01-18,704250.0,1625250.0,0.14930925,8.317644,225,0
atitlan,2025-01-18,704550.0,1625250.0,0.1301898,7.4611216,225,0
atitlan,2025-01-18,704850.0,1625250.0,0.24159108,11.752851,225,0
atitlan,2025-01-18,705150.0,1625250.0,0.19819638,9.283539,225,0
atitlan,2025-01-18,705450.0,1625250.0,0.17842948,8.742532,225,0
atitlan,2025-01-18,705750.0,1625250.0,0.16972199,8.94598,225,0
atitlan,2025-01-18,706050.0,1625250.0,0.18444082,9.828392,225,0
atitlan,2025-01-18,706350.0,1625250.0,0.2272096,11.692068,225,0
atitlan,2025-01-18,706650.0,1625250.0,0.24038981,12.085152,225,1
atitlan,2025-01-18,706950.0,1625250.0,0.1869753,9.285313,225,0
atitlan,2025-01-18,707250.0,1625250.0,0.15661275,8.203958,225,0
atitlan,2025-01-18,707550.0,1625250.0,0.1601602,8.451325,225,0
atitlan,2025-01-18,707850.0,1625250.0,0.20132548,9.417689,45,0
atitlan,2025-01-18,680250.0,1625550.0,0.28728846,18.035442,180,1
atitlan,2025-01-18,680550.0,1625550.0,0.29990888,19.807226,225,1
atitlan,2025-01-18,680850.0,1625550.0,0.25094923,13.954423,225,1
atitlan,2025-01-18,681150.0,1625550.0,0.25193223,19.286766,225,1
atitlan,2025-01-18,681450.0,1625550.0,0.27129984,16.83644,225,1
atitlan,2025-01-18,681750.0,1625550.0,0.24900126,13.765035,225,1
atitlan,2025-01-18,682050.0,1625550.0,0.26538187,15.419751,225,1
atitlan,2025-01-18,682350.0,1625550.0,0.23961462,11.890979,225,0
atitlan,2025-01-18,682650.0,1625550.0,0.26795793,14.439574,225,1
atitlan,2025-01-18,682950.0,1625550.0,0.25219598,12.793565,225,1
atitlan,2025-01-18,683250.0,1625550.0,0.28091097,14.930962,225,1
atitlan,2025-01-18,683550.0,1625550.0,0.26791844,14.34545,225,1
atitlan,2025-01-18,683850.0,1625550.0,0.20393437,10.677495,225,0
atitlan,2025-01-18,684150.0,1625550.0,0.12633407,8.701265,225,0
atitlan,2025-01-18,684450.0,1625550.0,0.11264175,7.9017344,225,0
atitlan,2025-01-18,684750.0,1625550.0,0.12277413,9.191798,225,0
atitlan,2025-01-18,685050.0,1625550.0,-0.066000536,1.5227057,225,0
atitlan,2025-01-18,685350.0,1625550.0,-0.050227847,1.9985821,225,0
atitlan,2025-01-18,685650.0,1625550.0,-0.08831797,0.6332124,225,0
atitlan,2025-01-18,685950.0,1625550.0,-0.05393071,1.7785643,225,0
atitlan,2025-01-18,686250.0,1625550.0,0.036521208,6.0532255,225,0
atitlan,2025-01-18,686550.0,1625550.0,-0.086787574,0.6803964,225,0
atitlan,2025-01-18,686850.0,1625550.0,-0.09637173,0.22754239,225,0
atitlan,2025-01-18,687150.0,1625550.0,-0.096504875,0.2746003,225,0
atitlan,2025-01-18,687450.0,1625550.0,-0.0959349,0.2674669,225,0
atitlan,2025-01-18,687750.0,1625550.0,-0.094232485,0.37973893,225,0
atitlan,2025-01-18,688050.0,1625550.0,-0.09474448,0.35777923,225,0
atitlan,2025-01-18,688350.0,1625550.0,-0.09690957,0.27542272,225,0
atitlan,2025-01-18,688650.0,1625550.0,-0.0976291,0.24667554,225,0
atitlan,2025-01-18,688950.0,1625550.0,-0.09656668,0.29202187,225,0
atitlan,2025-01-18,689250.0,1625550.0,-0.097916156,0.2653748,225,0
atitlan,2025-01-18,689550.0,1625550.0,-0.08909848,0.54080975,225,0
atitlan,2025-01-18,689850.0,1625550.0,-0.088197276,0.5928915,225,0
atitlan,2025-01-18,690150.0,1625550.0,-0.08969742,0.51345414,225,0
atitlan,2025-01-18,690450.0,1625550.0,-0.09027775,0.5391821,225,0
atitlan,2025-01-18,690750.0,1625550.0,-0.0911595,0.45641053,225,0
atitlan,2025-01-18,691050.0,1625550.0,-0.090010546,0.519189,225,0
atitlan,2025-01-18,691350.0,1625550.0,-0.088988654,0.5509329,225,0
atitlan,2025-01-18,691650.0,1625550.0,-0.088320166,0.59054995,225,0
atitlan,2025-01-18,691950.0,1625550.0,-0.08909827,0.5496832,225,0
atitlan,2025-01-18,692250.0,1625550.0,-0.09080785,0.44690526,225,0
atitlan,2025-01-18,692550.0,1625550.0,-0.08910722,0.54973817,225,0
atitlan,2025-01-18,692850.0,1625550.0,-0.09031618,0.52016413,225,0
atitlan,2025-01-18,693150.0,1625550.0,-0.09229014,0.4210178,225,0
atitlan,2025-01-18,693450.0,1625550.0,-0.09156413,0.48420742,225,0
atitlan,2025-01-18,693750.0,1625550.0,-0.09286423,0.41371715,225,0
atitlan,2025-01-18,694050.0,1625550.0,-0.09262443,0.471884,225,0
atitlan,2025-01-18,694350.0,1625550.0,-0.095615536,0.35763088,225,0
atitlan,2025-01-18,694650.0,1625550.0,-0.0932512,0.4431325,225,0
atitlan,2025-01-18,694950.0,1625550.0,-0.094906665,0.37791207,225,0
atitlan,2025-01-18,695250.0,1625550.0,-0.09483287,0.36477563,225,0
atitlan,2025-01-18,695550.0,1625550.0,-0.092669524,0.40401858,225,0
atitlan,2025-01-18,695850.0,1625550.0,-0.0928727,0.4166311,225,0
atitlan,2025-01-18,696150.0,1625550.0,-0.09223791,0.44843385,225,0
atitlan,2025-01-18,696450.0,1625550.0,-0.09394718,0.3563614,225,0
atitlan,2025-01-18,696750.0,1625550.0,-0.09352176,0.39057606,225,0
atitlan,2025-01-18,697050.0,1625550.0,-0.09449786,0.34438244,225,0
atitlan,2025-01-18,697350.0,1625550.0,-0.093499914,0.3794949,225,0
atitlan,2025-01-18,697650.0,1625550.0,-0.08933201,0.5628725,225,0
atitlan,2025-01-18,697950.0,1625550.0,-0.0915005,0.49728376,225,0
atitlan,2025-01-18,698250.0,1625550.0,-0.091061935,0.4846053,225,0
atitlan,2025-01-18,698550.0,1625550.0,-0.089766845,0.5236213,225,0
atitlan,2025-01-18,698850.0,1625550.0,-0.09175018,0.47986317,225,0
atitlan,2025-01-18,699150.0,1625550.0,-0.08713116,0.64564866,225,0
atitlan,2025-01-18,699450.0,1625550.0,-0.089272834,0.5415606,225,0
atitlan,2025-01-18,699750.0,1625550.0,-0.0903413,0.5227155,225,0
atitlan,2025-01-18,700050.0,1625550.0,-0.087866545,0.59494656,225,0
atitlan,2025-01-18,700350.0,1625550.0,-0.08876026,0.60860306,225,0
atitlan,2025-01-18,700650.0,1625550.0,-0.088992104,0.5906585,225,0
atitlan,2025-01-18,700950.0,1625550.0,-0.085836574,0.73841846,225,0
atitlan,2025-01-18,701250.0,1625550.0,-0.08643503,0.68767023,225,0
atitlan,2025-01-18,701550.0,1625550.0,-0.0858599,0.71721756,225,0
atitlan,2025-01-18,701850.0,1625550.0,-0.08380286,0.7997231,225,0
atitlan,2025-01-18,702150.0,1625550.0,-0.0787214,1.0735103,225,0
atitlan,2025-01-18,702450.0,1625550.0,0.009599056,4.028595,225,0
atitlan,2025-01-18,702750.0,1625550.0,0.12477194,6.84017,225,0
atitlan,2025-01-18,703050.0,1625550.0,0.196076,8.937686,225,0
atitlan,2025-01-18,703350.0,1625550.0,0.1673789,7.5606046,225,0
atitlan,2025-01-18,703650.0,1625550.0,0.16392809,8.965587,225,0
atitlan,2025-01-18,703950.0,1625550.0,0.14378949,8.508075,225,0
atitlan,2025-01-18,704250.0,1625550.0,0.11516885,6.8412185,225,0
atitlan,2025-01-18,704550.0,1625550.0,0.11183669,7.719127,225,0
atitlan,2025-01-18,704850.0,1625550.0,0.1773086,8.589762,225,0
atitlan,2025-01-18,705150.0,1625550.0,0.1743516,8.511914,225,0
atitlan,2025-01-18,705450.0,1625550.0,0.21162248,11.096825,225,0
atitlan,2025-01-18,705750.0,1625550.0,0.20647706,10.825558,225,0
atitlan,2025-01-18,706050.0,1625550.0,0.21249074,11.344955,225,0
atitlan,2025-01-18,706350.0,1625550.0,0.2590071,14.214347,225,1
atitlan,2025-01-18,706650.0,1625550.0,0.23972788,11.916079,225,0
atitlan,2025-01-18,706950.0,1625550.0,0.19524467,10.05637,225,0
atitlan,2025-01-18,707250.0,1625550.0,0.19722688,10.637734,225,0
atitlan,2025-01-18,707550.0,1625550.0,0.13688768,6.8762426,225,0
atitlan,2025-01-18,707850.0,1625550.0,0.1207098,5.917993,45,0
atitlan,2025-01-18,680250.0,1625850.0,0.31862545,21.303585,180,1
atitlan,2025-01-18,680550.0,1625850.0,0.25945392,15.231949,225,1
atitlan,2025-01-18,680850.0,1625850.0,0.27801493,17.788649,225,1
atitlan,2025-01-18,681150.0,1625850.0,0.26157138,15.51464,225,1
atitlan,2025-01-18,681450.0,1625850.0,0.24658385,14.952532,225,1
atitlan,2025-01-18,681750.0,1625850.0,0.26864016,15.406836,225,1
atitlan,2025-01-18,682050.0,1625850.0,0.25561336,13.808047,225,1
atitlan,2025-01-18,682350.0,1625850.0,0.23664828,12.406583,225,1
atitlan,2025-01-18,682650.0,1625850.0,0.255096,12.711039,225,1
atitlan,2025-01-18,682950.0,1625850.0,0.25540736,13.389762,225,1
atitlan,2025-01-18,683250.0,1625850.0,0.2748772,14.503762,225,1
atitlan,2025-01-18,683550.0,1625850.0,0.27656665,14.713254,225,1
atitlan,2025-01-18,683850.0,1625850.0,0.26683053,13.562572,225,1
atitlan,2025-01-18,684150.0,1625850.0,0.18652704,9.441622,225,0
atitlan,2025-01-18,684450.0,1625850.0,0.20447096,11.215798,225,0
atitlan,2025-01-18,684750.0,1625850.0,0.008330363,4.1976094,225,0
atitlan,2025-01-18,685050.0,1625850.0,-0.08628443,0.66895777,225,0
atitlan,2025-01-18,685350.0,1625850.0,-0.085139535,0.70502555,225,0
atitlan,2025-01-18,685650.0,1625850.0,-0.09157054,0.46844995,225,0
atitlan,2025-01-18,685950.0,1625850.0,-0.09209849,0.49083063,225,0
atitlan,2025-01-18,686250.0,1625850.0,-0.091439255,0.4518151,225,0
atitlan,2025-01-18,686550.0,1625850.0,-0.09317887,0.3880626,225,0
atitlan,2025-01-18,686850.0,1625850.0,-0.09302472,0.38328758,225,0
atitlan,2025-01-18,687150.0,1625850.0,-0.09662561,0.28447583,225,0
atitlan,2025-01-18,687450.0,1625850.0,-0.094561994,0.31738552,225,0
atitlan,2025-01-18,687750.0,1625850.0,-0.096004285,0.2834824,225,0
atitlan,2025-01-18,688050.0,1625850.0,-0.094878264,0.3229111,225,0
atitlan,2025-01-18,688350.0,1625850.0,-0.09247136,0.40995416,225,0
atitlan,2025-01-18,688650.0,1625850.0,-0.096017815,0.28025168,225,0
atitlan,2025-01-18,688950.0,1625850.0,-0.098340355,0.22253066,225,0
atitlan,2025-01-18,689250.0,1625850.0,-0.10073039,0.19727325,225,0
atitlan,2025-01-18,689550.0,1625850.0,-0.08852503,0.58254176,225,0
atitlan,2025-01-18,689850.0,1625850.0,-0.08859903,0.5754938,225,0
atitlan,2025-01-18,690150.0,1625850.0,-0.088002324,0.593023,225,0
atitlan,2025-01-18,690450.0,1625850.0,-0.09010581,0.5190684,225,0
atitlan,2025-01-18,690750.0,1625850.0,-0.09167913,0.4491118,225,0
atitlan,2025-01-18,691050.0,1625850.0,-0.09103828,0.5086102,225,0
atitlan,2025-01-18,691350.0,1625850.0,-0.08777254,0.58349067,225,0
atitlan,2025-01-18,691650.0,1625850.0,-0.090812944,0.4972749,225,0
atitlan,2025-01-18,691950.0,1625850.0,-0.09396468,0.42085183,225,0
atitlan,2025-01-18,692250.0,1625850.0,-0.09328262,0.4534776,225,0
atitlan,2025-01-18,692550.0,1625850.0,-0.09433021,0.38672698,225,0
atitlan,2025-01-18,692850.0,1625850.0,-0.09245996,0.4025581,225,0
atitlan,2025-01-18,693150.0,1625850.0,-0.09277708,0.40553635,225,0
atitlan,2025-01-18,693450.0,1625850.0,-0.09206845,0.45697927,225,0
atitlan,2025-01-18,693750.0,1625850.0,-0.09280461,0.4395312,225,0
atitlan,2025-01-18,694050.0,1625850.0,-0.089253515,0.5293218,225,0
atitlan,2025-01-18,694350.0,1625850.0,-0.09027536,0.5265823,225,0
atitlan,2025-01-18,694650.0,1625850.0,-0.093715236,0.41565365,225,0
atitlan,2025-01-18,694950.0,1625850.0,-0.09322163,0.41253358,225,0
atitlan,2025-01-18,695250.0,1625850.0,-0.09297591,0.41841552,225,0
atitlan,2025-01-18,695550.0,1625850.0,-0.09193915,0.45479962,225,0
atitlan,2025-01-18,695850.0,1625850.0,-0.09470996,0.42502365,225,0
atitlan,2025-01-18,696150.0,1625850.0,-0.09555475,0.3502764,225,0
atitlan,2025-01-18,696450.0,1625850.0,-0.09497107,0.33291927,225,0
atitlan,2025-01-18,696750.0,1625850.0,-0.090427995,0.5115921,225,0
atitlan,2025-01-18,697050.0,1625850.0,-0.09242007,0.4841035,225,0
atitlan,2025-01-18,697350.0,1625850.0,-0.0912494,0.50790864,225,0
atitlan,2025-01-18,697650.0,1625850.0,-0.09173355,0.46998844,225,0
atitlan,2025-01-18,697950.0,1625850.0,-0.0915622,0.47728017,225,0
atitlan,2025-01-18,698250.0,1625850.0,-0.09415872,0.39854425,225,0
atitlan,2025-01-18,698550.0,1625850.0,-0.09090103,0.4913889,225,0
atitlan,2025-01-18,698850.0,1625850.0,-0.09219921,0.4316414,225,0
atitlan,2025-01-18,699150.0,1625850.0,-0.086721234,0.6801328,225,0
atitlan,2025-01-18,699450.0,1625850.0,-0.08843673,0.58280414,225,0
atitlan,2025-01-18,699750.0,1625850.0,-0.08636302,0.71056086,225,0
atitlan,2025-01-18,700050.0,1625850.0,-0.08499434,0.75209224,225,0
atitlan,2025-01-18,700350.0,1625850.0,-0.08518475,0.740567,225,0
atitlan,2025-01-18,700650.0,1625850.0,-0.08931275,0.59019524,225,0
atitlan,2025-01-18,700950.0,1625850.0,-0.08662228,0.69429296,225,0
atitlan,2025-01-18,701250.0,1625850.0,-0.08615699,0.72081643,225,0
atitlan,2025-01-18,701550.0,1625850.0,-0.08084388,0.9704217,225,0
atitlan,2025-01-18,701850.0,1625850.0,-0.0035632001,3.210569,225,0
atitlan,2025-01-18,702150.0,1625850.0,0.077287115,6.223725,225,0
atitlan,2025-01-18,702450.0,1625850.0,0.18431655,10.107162,225,0
atitlan,2025-01-18,702750.0,1625850.0,0.21448725,9.776392,225,0
atitlan,2025-01-18,703050.0,1625850.0,0.20417541,10.039115,225,0
atitlan,2025-01-18,703350.0,1625850.0,0.21850523,10.599941,225,0
atitlan,2025-01-18,703650.0,1625850.0,0.2146741,12.340817,225,1
atitlan,2025-01-18,703950.0,1625850.0,0.1910297,10.7558775,225,0
atitlan,2025-01-18,704250.0,1625850.0,0.1968616,10.046841,225,0
atitlan,2025-01-18,704550.0,1625850.0,0.16454016,8.516015,225,0
atitlan,2025-01-18,704850.0,1625850.0,0.13938892,7.594523,225,0
atitlan,2025-01-18,705150.0,1625850.0,0.17101578,8.798185,225,0
atitlan,2025-01-18,705450.0,1625850.0,0.20398782,10.221427,225,0
atitlan,2025-01-18,705750.0,1625850.0,0.14334533,7.978974,225,0
atitlan,2025-01-18,706050.0,1625850.0,0.13226949,6.963912,225,0
atitlan,2025-01-18,706350.0,1625850.0,0.20225626,10.770884,225,0
atitlan,2025-01-18,706650.0,1625850.0,0.2361636,11.870325,225,0
atitlan,2025-01-18,706950.0,1625850.0,0.23944071,12.551741,225,1
atitlan,2025-01-18,707250.0,1625850.0,0.20101412,9.938979,225,0
atitlan,2025-01-18,707550.0,1625850.0,0.18990168,10.4376135,225,0
atitlan,2025-01-18,707850.0,1625850.0,0.16529988,9.893448,45,0
atitlan,2025-01-18,680250.0,1626150.0,0.31923813,20.98928,180,1
atitlan,2025-01-18,680550.0,1626150.0,0.30308023,19.418188,225,1
atitlan,2025-01-18,680850.0,1626150.0,0.2546433,14.231247,225,1
atitlan,2025-01-18,681150.0,1626150.0,0.24652386,16.399252,225,1
atitlan,2025-01-18,681450.0,1626150.0,0.28662845,16.66807,225,1
atitlan,2025-01-18,681750.0,1626150.0,0.25736246,15.753034,225,1
atitlan,2025-01-18,682050.0,1626150.0,0.2276112,10.930982,225,0
atitlan,2025-01-18,682350.0,1626150.0,0.18470936,7.434022,225,0
atitlan,2025-01-18,682650.0,1626150.0,0.23929347,11.305169,225,0
atitlan,2025-01-18,682950.0,1626150.0,0.25381678,12.911541,225,1
atitlan,2025-01-18,683250.0,1626150.0,0.1948669,9.096077,225,0
atitlan,2025-01-18,683550.0,1626150.0,0.21262482,10.449671,225,0
atitlan,2025-01-18,683850.0,1626150.0,0.26471412,14.139371,225,1
atitlan,2025-01-18,684150.0,1626150.0,0.22702454,11.995581,225,0
atitlan,2025-01-18,684450.0,1626150.0,0.10690824,8.089783,225,0
atitlan,2025-01-18,684750.0,1626150.0,-0.07644119,1.2114503,225,0
atitlan,2025-01-18,685050.0,1626150.0,-0.08842013,0.64542013,225,0
atitlan,2025-01-18,685350.0,1626150.0,-0.08847445,0.56939024,225,0
atitlan,2025-01-18,685650.0,1626150.0,-0.0918449,0.4129676,225,0
atitlan,2025-01-18,685950.0,1626150.0,-0.094390206,0.31415,225,0
atitlan,2025-01-18,686250.0,1626150.0,-0.09389794,0.32989174,225,0
atitlan,2025-01-18,686550.0,1626150.0,-0.09099836,0.48734477,225,0
atitlan,2025-01-18,686850.0,1626150.0,-0.09435174,0.2805601,225,0
atitlan,2025-01-18,687150.0,1626150.0,-0.09490519,0.3454347,225,0
atitlan,2025-01-18,687450.0,1626150.0,-0.09762678,0.18741213,225,0
atitlan,2025-01-18,687750.0,1626150.0,-0.09594433,0.29636285,225,0
atitlan,2025-01-18,688050.0,1626150.0,-0.09691251,0.2479343,225,0
atitlan,2025-01-18,688350.0,1626150.0,-0.09198854,0.41885605,225,0
atitlan,2025-01-18,688650.0,1626150.0,-0.09814146,0.21031131,225,0
atitlan,2025-01-18,688950.0,1626150.0,-0.09497096,0.30832258,225,0
atitlan,2025-01-18,689250.0,1626150.0,-0.0962448,0.33740485,225,0
atitlan,2025-01-18,689550.0,1626150.0,-0.09417608,0.37595764,225,0
atitlan,2025-01-18,689850.0,1626150.0,-0.09135029,0.4629105,225,0
atitlan,2025-01-18,690150.0,1626150.0,-0.09128234,0.50433105,225,0
atitlan,2025-01-18,690450.0,1626150.0,-0.09226757,0.446311,225,0
atitlan,2025-01-18,690750.0,1626150.0,-0.0978175,0.2788382,225,0
atitlan,2025-01-18,691050.0,1626150.0,-0.09587429,0.35368466,225,0
atitlan,2025-01-18,691350.0,1626150.0,-0.09306071,0.4116198,225,0
atitlan,2025-01-18,691650.0,1626150.0,-0.09278477,0.4055188,225,0
atitlan,2025-01-18,691950.0,1626150.0,-0.093753874,0.40811062,225,0
atitlan,2025-01-18,692250.0,1626150.0,-0.08939431,0.5319807,225,0
atitlan,2025-01-18,692550.0,1626150.0,-0.0899683,0.51840484,225,0
atitlan,2025-01-18,692850.0,1626150.0,-0.09081545,0.4858532,225,0
atitlan,2025-01-18,693150.0,1626150.0,-0.09277412,0.43474042,225,0
atitlan,2025-01-18,693450.0,1626150.0,-0.09137463,0.43594974,225,0
atitlan,2025-01-18,693750.0,1626150.0,-0.09277438,0.4139976,225,0
atitlan,2025-01-18,694050.0,1626150.0,-0.09185235,0.4390564,225,0
atitlan,2025-01-18,694350.0,1626150.0,-0.09196939,0.4522962,225,0
atitlan,2025-01-18,694650.0,1626150.0,-0.09419571,0.39957628,225,0
atitlan,2025-01-18,694950.0,1626150.0,-0.0929202,0.43246207,225,0
atitlan,2025-01-18,695250.0,1626150.0,-0.093509495,0.38860965,225,0
atitlan,2025-01-18,695550.0,1626150.0,-0.093560494,0.43781024,225,0
atitlan,2025-01-18,695850.0,1626150.0,-0.09361204,0.4035279,225,0
atitlan,2025-01-18,696150.0,1626150.0,-0.09282582,0.45915854,225,0
atitlan,2025-01-18,696450.0,1626150.0,-0.09495652,0.34723938,225,0
atitlan,2025-01-18,696750.0,1626150.0,-0.09179251,0.47860035,225,0
atitlan,2025-01-18,697050.0,1626150.0,-0.093412414,0.37907702,225,0
atitlan,2025-01-18,697350.0,1626150.0,-0.094438195,0.39185646,225,0
atitlan,2025-01-18,697650.0,1626150.0,-0.089540236,0.55701536,225,0
atitlan,2025-01-18,697950.0,1626150.0,-0.08961153,0.5530468,225,0
atitlan,2025-01-18,698250.0,1626150.0,-0.09067721,0.519941,225,0
atitlan,2025-01-18,698550.0,1626150.0,-0.087253205,0.6633294,225,0
atitlan,2025-01-18,698850.0,1626150.0,-0.0885582,0.58896416,225,0
atitlan,2025-01-18,699150.0,1626150.0,-0.08767005,0.63038534,225,0
atitlan,2025-01-18,699450.0,1626150.0,-0.08640787,0.70849264,225,0
atitlan,2025-01-18,699750.0,1626150.0,-0.0863678,0.6693028,225,0
atitlan,2025-01-18,700050.0,1626150.0,-0.086802475,0.66580474,225,0
atitlan,2025-01-18,700350.0,1626150.0,-0.088384606,0.5867021,225,0
atitlan,2025-01-18,700650.0,1626150.0,-0.08794457,0.6138949,225,0
atitlan,2025-01-18,700950.0,1626150.0,-0.0868058,0.6826483,225,0
atitlan,2025-01-18,701250.0,1626150.0,-0.057497714,1.696122,225,0
atitlan,2025-01-18,701550.0,1626150.0,0.04050409,4.70721,225,0
atitlan,2025-01-18,701850.0,1626150.0,0.18784136,8.007522,225,0
atitlan,2025-01-18,702150.0,1626150.0,0.14584859,6.3761954,225,0
atitlan,2025-01-18,702450.0,1626150.0,0.1722102,7.331849,225,0
atitlan,2025-01-18,702750.0,1626150.0,0.22690065,10.7343025,225,0
atitlan,2025-01-18,703050.0,1626150.0,0.24339208,12.413619,225,1
atitlan,2025-01-18,703350.0,1626150.0,0.20936547,11.922299,225,0
atitlan,2025-01-18,703650.0,1626150.0,0.1997859,11.54293,225,0
atitlan,2025-01-18,703950.0,1626150.0,0.22770314,13.925227,225,1
atitlan,2025-01-18,704250.0,1626150.0,0.25797555,15.0640545,225,1
atitlan,2025-01-18,704550.0,1626150.0,0.15988861,10.171333,225,0
atitlan,2025-01-18,704850.0,1626150.0,0.13858977,9.203387,225,0
atitlan,2025-01-18,705150.0,1626150.0,0.22165668,12.0486965,225,1
atitlan,2025-01-18,705450.0,1626150.0,0.17899382,8.64228,225,0
atitlan,2025-01-18,705750.0,1626150.0,0.12636754,6.9147177,225,0
atitlan,2025-01-18,706050.0,1626150.0,0.1273951,7.2154503,225,0
atitlan,2025-01-18,706350.0,1626150.0,0.12512739,6.5814023,225,0
atitlan,2025-01-18,706650.0,1626150.0,0.2308704,11.7435665,225,0
atitlan,2025-01-18,706950.0,1626150.0,0.22722217,11.55968,225,0
atitlan,2025-01-18,707250.0,1626150.0,0.2328611,11.996111,225,0
atitlan,2025-01-18,707550.0,1626150.0,0.19363362,10.842715,225,0
atitlan,2025-01-18,707850.0,1626150.0,0.16152638,8.985829,45,0
atitlan,2025-01-18,680250.0,1626450.0,0.33626413,23.327091,180,1
atitlan,2025-01-18,680550.0,1626450.0,0.32162964,21.877306,225,1
atitlan,2025-01-18,680850.0,1626450.0,0.283759,17.518465,225,1
atitlan,2025-01-18,681150.0,1626450.0,0.2653662,14.299567,225,1
atitlan,2025-01-18,681450.0,1626450.0,0.2553728,15.437586,225,1
atitlan,2025-01-18,681750.0,1626450.0,0.2800202,16.794243,225,1
atitlan,2025-01-18,682050.0,1626450.0,0.25325432,13.319565,225,1
atitlan,2025-01-18,682350.0,1626450.0,0.24034102,13.263261,225,1
atitlan,2025-01-18,682650.0,1626450.0,0.24581169,11.227776,225,0
atitlan,2025-01-18,682950.0,1626450.0,0.26667315,14.517026,225,1
atitlan,2025-01-18,683250.0,1626450.0,0.24643363,12.795132,225,1
atitlan,2025-01-18,683550.0,1626450.0,0.21875565,10.448572,225,0
atitlan,2025-01-18,683850.0,1626450.0,0.22572662,11.169415,225,0
atitlan,2025-01-18,684150.0,1626450.0,0.21049191,10.353509,225,0
atitlan,2025-01-18,684450.0,1626450.0,0.07996375,6.190623,225,0
atitlan,2025-01-18,684750.0,1626450.0,-0.06973979,1.5029716,225,0
atitlan,2025-01-18,685050.0,1626450.0,-0.08831524,0.5594799,225,0
atitlan,2025-01-18,685350.0,1626450.0,-0.088896036,0.53469074,225,0
atitlan,2025-01-18,685650.0,1626450.0,-0.08921383,0.5501925,225,0
atitlan,2025-01-18,685950.0,1626450.0,-0.094449505,0.34683943,225,0
atitlan,2025-01-18,686250.0,1626450.0,-0.094416626,0.35718393,225,0
atitlan,2025-01-18,686550.0,1626450.0,-0.09240441,0.38986322,225,0
atitlan,2025-01-18,686850.0,1626450.0,-0.093505554,0.37309974,225,0
atitlan,2025-01-18,687150.0,1626450.0,-0.09399182,0.35260966,225,0
atitlan,2025-01-18,687450.0,1626450.0,-0.09451293,0.34283447,225,0
atitlan,2025-01-18,687750.0,1626450.0,-0.09502495,0.34129146,225,0
atitlan,2025-01-18,688050.0,1626450.0,-0.095148824,0.31105304,225,0
atitlan,2025-01-18,688350.0,1626450.0,-0.094331376,0.34714565,225,0
atitlan,2025-01-18,688650.0,1626450.0,-0.10087051,0.15696289,225,0
atitlan,2025-01-18,688950.0,1626450.0,-0.09762141,0.23363276,225,0
atitlan,2025-01-18,689250.0,1626450.0,-0.10076954,0.14954303,225,0
atitlan,2025-01-18,689550.0,1626450.0,-0.10004686,0.23521496,225,0
atitlan,2025-01-18,689850.0,1626450.0,-0.093025446,0.3899116,225,0
atitlan,2025-01-18,690150.0,1626450.0,-0.09065558,0.52676845,225,0
atitlan,2025-01-18,690450.0,1626450.0,-0.08885519,0.58374304,225,0
atitlan,2025-01-18,690750.0,1626450.0,-0.093395494,0.36621988,225,0
atitlan,2025-01-18,691050.0,1626450.0,-0.09225888,0.42035756,225,0
atitlan,2025-01-18,691350.0,1626450.0,-0.089852795,0.53625506,225,0
atitlan,2025-01-18,691650.0,1626450.0,-0.09182362,0.44532558,225,0
atitlan,2025-01-18,691950.0,1626450.0,-0.09247127,0.41655785,225,0
atitlan,2025-01-18,692250.0,1626450.0,-0.091005154,0.4785033,225,0
atitlan,2025-01-18,692550.0,1626450.0,-0.09265202,0.41271284,225,0
atitlan,2025-01-18,692850.0,1626450.0,-0.09398874,0.40051538,225,0
atitlan,2025-01-18,693150.0,1626450.0,-0.09204491,0.4472338,225,0
atitlan,2025-01-18,693450.0,1626450.0,-0.092126496,0.41813013,225,0
atitlan,2025-01-18,693750.0,1626450.0,-0.09466479,0.36913645,225,0
atitlan,2025-01-18,694050.0,1626450.0,-0.091989554,0.4742075,225,0
atitlan,2025-01-18,694350.0,1626450.0,-0.09342723,0.39421195,225,0
atitlan,2025-01-18,694650.0,1626450.0,-0.096595906,0.28939122,225,0
atitlan,2025-01-18,694950.0,1626450.0,-0.095444515,0.31756574,225,0
atitlan,2025-01-18,695250.0,1626450.0,-0.09363625,0.37825465,225,0
atitlan,2025-01-18,695550.0,1626450.0,-0.09437159,0.37340888,225,0
atitlan,2025-01-18,695850.0,1626450.0,-0.09130749,0.48736575,225,0
atitlan,2025-01-18,696150.0,1626450.0,-0.093868114,0.40075937,225,0
atitlan,2025-01-18,696450.0,1626450.0,-0.09193433,0.4377659,225,0
atitlan,2025-01-18,696750.0,1626450.0,-0.09203535,0.44656694,225,0
atitlan,2025-01-18,697050.0,1626450.0,-0.09304863,0.3896138,225,0
atitlan,2025-01-18,697350.0,1626450.0,-0.090813965,0.5136431,225,0
atitlan,2025-01-18,697650.0,1626450.0,-0.087737344,0.61855674,225,0
atitlan,2025-01-18,697950.0,1626450.0,-0.08947164,0.5445755,225,0
atitlan,2025-01-18,698250.0,1626450.0,-0.08841217,0.58421785,225,0
atitlan,2025-01-18,698550.0,1626450.0,-0.09016814,0.5256005,225,0
atitlan,2025-01-18,698850.0,1626450.0,-0.0886475,0.60424197,225,0
atitlan,2025-01-18,699150.0,1626450.0,-0.08758549,0.63602275,225,0
atitlan,2025-01-18,699450.0,1626450.0,-0.08948357,0.5505263,225,0
atitlan,2025-01-18,699750.0,1626450.0,-0.08797228,0.62109554,225,0
atitlan,2025-01-18,700050.0,1626450.0,-0.09220296,0.45422667,225,0
atitlan,2025-01-18,700350.0,1626450.0,-0.08857628,0.55948156,225,0
atitlan,2025-01-18,700650.0,1626450.0,-0.0883736,0.6057795,225,0
atitlan,2025-01-18,700950.0,1626450.0,-0.087334275,0.64767045,225,0
atitlan,2025-01-18,701250.0,1626450.0,0.069676496,6.8767014,225,0
atitlan,2025-01-18,701550.0,1626450.0,0.21758442,10.117958,225,0
atitlan,2025-01-18,701850.0,1626450.0,0.21446508,10.722939,225,0
atitlan,2025-01-18,702150.0,1626450.0,0.15982822,8.135112,225,0
atitlan,2025-01-18,702450.0,1626450.0,0.17765623,8.321005,225,0
atitlan,2025-01-18,702750.0,1626450.0,0.22652212,10.948713,225,0
atitlan,2025-01-18,703050.0,1626450.0,0.18589088,10.304768,225,0
atitlan,2025-01-18,703350.0,1626450.0,0.22198138,12.204453,225,1
atitlan,2025-01-18,703650.0,1626450.0,0.22119413,12.786611,225,1
atitlan,2025-01-18,703950.0,1626450.0,0.25506836,15.694109,225,1
atitlan,2025-01-18,704250.0,1626450.0,0.23791468,13.676842,225,1
atitlan,2025-01-18,704550.0,1626450.0,0.10526886,7.8984156,225,0
atitlan,2025-01-18,704850.0,1626450.0,0.120195806,7.297266,225,0
atitlan,2025-01-18,705150.0,1626450.0,0.14948827,7.982452,225,0
atitlan,2025-01-18,705450.0,1626450.0,0.18857083,9.745282,225,0
atitlan,2025-01-18,705750.0,1626450.0,0.20367965,11.131956,225,0
atitlan,2025-01-18,706050.0,1626450.0,0.18503332,10.436423,225,0
atitlan,2025-01-18,706350.0,1626450.0,0.20525,10.586205,225,0
atitlan,2025-01-18,706650.0,1626450.0,0.22530465,11.338382,225,0
atitlan,2025-01-18,706950.0,1626450.0,0.21332559,11.849583,225,0
atitlan,2025-01-18,707250.0,1626450.0,0.2087486,10.779361,225,0
atitlan,2025-01-18,707550.0,1626450.0,0.18303579,10.207275,225,0
atitlan,2025-01-18,707850.0,1626450.0,0.20693944,8.942947,45,0
atitlan,2025-01-18,680250.0,1626750.0,0.35364488,26.242374,180,1
atitlan,2025-01-18,680550.0,1626750.0,0.31557927,19.99669,225,1
atitlan,2025-01-18,680850.0,1626750.0,0.30046934,18.156385,225,1
atitlan,2025-01-18,681150.0,1626750.0,0.28669226,16.87629,225,1
atitlan,2025-01-18,681450.0,1626750.0,0.2584401,16.335331,225,1
atitlan,2025-01-18,681750.0,1626750.0,0.2891255,19.037786,225,1
atitlan,2025-01-18,682050.0,1626750.0,0.22934477,14.324449,225,1
atitlan,2025-01-18,682350.0,1626750.0,0.25109634,14.913488,225,1
atitlan,2025-01-18,682650.0,1626750.0,0.261872,16.29838,225,1
atitlan,2025-01-18,682950.0,1626750.0,0.25181183,12.981175,225,1
atitlan,2025-01-18,683250.0,1626750.0,0.25662026,13.187799,225,1
atitlan,2025-01-18,683550.0,1626750.0,0.28143197,15.823751,225,1
atitlan,2025-01-18,683850.0,1626750.0,0.27090877,15.10937,225,1
atitlan,2025-01-18,684150.0,1626750.0,0.2496259,12.110472,225,1
atitlan,2025-01-18,684450.0,1626750.0,0.24873437,13.049754,225,1
atitlan,2025-01-18,684750.0,1626750.0,0.07228992,7.0330014,225,0
atitlan,2025-01-18,685050.0,1626750.0,-0.08442362,0.7666778,225,0
atitlan,2025-01-18,685350.0,1626750.0,-0.083101295,0.8275583,225,0
atitlan,2025-01-18,685650.0,1626750.0,-0.08380969,0.79746825,225,0
atitlan,2025-01-18,685950.0,1626750.0,-0.09117996,0.46241522,225,0
atitlan,2025-01-18,686250.0,1626750.0,-0.092111416,0.39935133,225,0
atitlan,2025-01-18,686550.0,1626750.0,-0.09059926,0.48194477,225,0
atitlan,2025-01-18,686850.0,1626750.0,-0.09227309,0.40287137,225,0
atitlan,2025-01-18,687150.0,1626750.0,-0.09608772,0.27975792,225,0
atitlan,2025-01-18,687450.0,1626750.0,-0.096469976,0.2543445,225,0
atitlan,2025-01-18,687750.0,1626750.0,-0.099297374,0.19805762,225,0
atitlan,2025-01-18,688050.0,1626750.0,-0.100133814,0.16075885,225,0
atitlan,2025-01-18,688350.0,1626750.0,-0.0995456,0.16584523,225,0
atitlan,2025-01-18,688650.0,1626750.0,-0.09905182,0.17542613,225,0
atitlan,2025-01-18,688950.0,1626750.0,-0.09736523,0.17928213,225,0
atitlan,2025-01-18,689250.0,1626750.0,-0.09692913,0.21344632,225,0
atitlan,2025-01-18,689550.0,1626750.0,-0.09986612,0.21136123,225,0
atitlan,2025-01-18,689850.0,1626750.0,-0.08722028,0.6508822,225,0
atitlan,2025-01-18,690150.0,1626750.0,-0.088169605,0.59749883,225,0
atitlan,2025-01-18,690450.0,1626750.0,-0.08875738,0.5856121,225,0
atitlan,2025-01-18,690750.0,1626750.0,-0.09312911,0.3876982,225,0
atitlan,2025-01-18,691050.0,1626750.0,-0.09321969,0.39669454,225,0
atitlan,2025-01-18,691350.0,1626750.0,-0.08806602,0.62386805,225,0
atitlan,2025-01-18,691650.0,1626750.0,-0.091624305,0.42476982,225,0
atitlan,2025-01-18,691950.0,1626750.0,-0.09109733,0.46883866,225,0
atitlan,2025-01-18,692250.0,1626750.0,-0.0933074,0.39184713,225,0
atitlan,2025-01-18,692550.0,1626750.0,-0.09510137,0.3396409,225,0
atitlan,2025-01-18,692850.0,1626750.0,-0.09706399,0.27509955,225,0
atitlan,2025-01-18,693150.0,1626750.0,-0.091921605,0.43836305,225,0
atitlan,2025-01-18,693450.0,1626750.0,-0.092423044,0.39580217,225,0
atitlan,2025-01-18,693750.0,1626750.0,-0.09320727,0.41978234,225,0
atitlan,2025-01-18,694050.0,1626750.0,-0.09251551,0.4149317,225,0
atitlan,2025-01-18,694350.0,1626750.0,-0.08959725,0.5169618,225,0
atitlan,2025-01-18,694650.0,1626750.0,-0.09325514,0.42789006,225,0
atitlan,2025-01-18,694950.0,1626750.0,-0.092079915,0.4677394,225,0
atitlan,2025-01-18,695250.0,1626750.0,-0.09099312,0.5004126,225,0
atitlan,2025-01-18,695550.0,1626750.0,-0.09239268,0.45335546,225,0
atitlan,2025-01-18,695850.0,1626750.0,-0.09057826,0.46166793,225,0
atitlan,2025-01-18,696150.0,1626750.0,-0.0932112,0.39199853,225,0
atitlan,2025-01-18,696450.0,1626750.0,-0.09279717,0.46568745,225,0
atitlan,2025-01-18,696750.0,1626750.0,-0.08965187,0.5468849,225,0
atitlan,2025-01-18,697050.0,1626750.0,-0.093598396,0.39645636,225,0
atitlan,2025-01-18,697350.0,1626750.0,-0.091236174,0.5050859,225,0
atitlan,2025-01-18,697650.0,1626750.0,-0.091658786,0.48000553,225,0
atitlan,2025-01-18,697950.0,1626750.0,-0.09095364,0.5123309,225,0
atitlan,2025-01-18,698250.0,1626750.0,-0.09007548,0.48756066,225,0
atitlan,2025-01-18,698550.0,1626750.0,-0.09002912,0.5230779,225,0
atitlan,2025-01-18,698850.0,1626750.0,-0.088302314,0.57744324,225,0
atitlan,2025-01-18,699150.0,1626750.0,-0.09134449,0.49145713,225,0
atitlan,2025-01-18,699450.0,1626750.0,-0.09069171,0.51427513,225,0
atitlan,2025-01-18,699750.0,1626750.0,-0.09198593,0.47229365,225,0
atitlan,2025-01-18,700050.0,1626750.0,-0.094995104,0.36948466,225,0
atitlan,2025-01-18,700350.0,1626750.0,-0.094363846,0.41633093,225,0
atitlan,2025-01-18,700650.0,1626750.0,-0.09256715,0.46006063,225,0
atitlan,2025-01-18,700950.0,1626750.0,-0.086596146,0.6899708,225,0
atitlan,2025-01-18,701250.0,1626750.0,0.018536413,3.625083,225,0
atitlan,2025-01-18,701550.0,1626750.0,0.19962144,8.5980015,225,0
atitlan,2025-01-18,701850.0,1626750.0,0.23827536,11.144253,225,0
atitlan,2025-01-18,702150.0,1626750.0,0.2049737,10.191973,225,0
atitlan,2025-01-18,702450.0,1626750.0,0.22905064,11.09086,225,0
atitlan,2025-01-18,702750.0,1626750.0,0.17917109,9.24476,225,0
atitlan,2025-01-18,703050.0,1626750.0,0.21955796,11.718895,225,0
atitlan,2025-01-18,703350.0,1626750.0,0.21438664,11.418419,225,0
atitlan,2025-01-18,703650.0,1626750.0,0.2133837,12.261631,225,1
atitlan,2025-01-18,703950.0,1626750.0,0.1882265,9.045216,225,0
atitlan,2025-01-18,704250.0,1626750.0,0.27557036,15.386475,225,1
atitlan,2025-01-18,704550.0,1626750.0,0.27211794,17.590092,225,1
atitlan,2025-01-18,704850.0,1626750.0,0.20837314,13.134629,225,1
atitlan,2025-01-18,705150.0,1626750.0,0.20606759,11.668305,225,0
atitlan,2025-01-18,705450.0,1626750.0,0.19049048,9.533492,225,0
atitlan,2025-01-18,705750.0,1626750.0,0.26233512,13.966753,225,1
atitlan,2025-01-18,706050.0,1626750.0,0.14861888,7.8880324,225,0
atitlan,2025-01-18,706350.0,1626750.0,0.24026768,12.774356,225,1
atitlan,2025-01-18,706650.0,1626750.0,0.26064375,13.240209,225,1
atitlan,2025-01-18,706950.0,1626750.0,0.26848647,13.503869,225,1
atitlan,2025-01-18,707250.0,1626750.0,0.23338994,11.629092,225,0
atitlan,2025-01-18,707550.0,1626750.0,0.22002603,10.235364,225,0
atitlan,2025-01-18,707850.0,1626750.0,0.1854862,9.016712,45,0
atitlan,2025-01-18,680250.0,1627050.0,0.3280851,22.809635,180,1
atitlan,2025-01-18,680550.0,1627050.0,0.2968815,19.026333,225,1
atitlan,2025-01-18,680850.0,1627050.0,0.3032924,18.472582,225,1
atitlan,2025-01-18,681150.0,1627050.0,0.26739603,15.866429,225,1
atitlan,2025-01-18,681450.0,1627050.0,0.24043228,13.817273,225,1
atitlan,2025-01-18,681750.0,1627050.0,0.25388235,15.079588,225,1
atitlan,2025-01-18,682050.0,1627050.0,0.22739762,12.936319,225,1
atitlan,2025-01-18,682350.0,1627050.0,0.2487637,17.485054,224,1
atitlan,2025-01-18,682650.0,1627050.0,0.17131454,11.253706,225,0
atitlan,2025-01-18,682950.0,1627050.0,0.26917064,14.887795,225,1
atitlan,2025-01-18,683250.0,1627050.0,0.25760016,13.911482,225,1
atitlan,2025-01-18,683550.0,1627050.0,0.26615745,14.407911,225,1
atitlan,2025-01-18,683850.0,1627050.0,0.2593234,13.056143,225,1
atitlan,2025-01-18,684150.0,1627050.0,0.2681473,13.668439,225,1
atitlan,2025-01-18,684450.0,1627050.0,0.2238279,10.377061,225,0
atitlan,2025-01-18,684750.0,1627050.0,0.12482257,7.5340185,225,0
atitlan,2025-01-18,685050.0,1627050.0,-0.03244391,2.613254,225,0
atitlan,2025-01-18,685350.0,1627050.0,-0.07470432,1.2177219,225,0
atitlan,2025-01-18,685650.0,1627050.0,-0.08030706,0.9909945,225,0
atitlan,2025-01-18,685950.0,1627050.0,-0.08853273,0.5354581,225,0
atitlan,2025-01-18,686250.0,1627050.0,-0.09143927,0.43153498,225,0
atitlan,2025-01-18,686550.0,1627050.0,-0.09067938,0.5191848,225,0
atitlan,2025-01-18,686850.0,1627050.0,-0.09452729,0.346078,225,0
atitlan,2025-01-18,687150.0,1627050.0,-0.09419896,0.26416555,225,0
atitlan,2025-01-18,687450.0,1627050.0,-0.097896986,0.19407222,225,0
atitlan,2025-01-18,687750.0,1627050.0,-0.09774245,0.17703912,225,0
atitlan,2025-01-18,688050.0,1627050.0,-0.098317645,0.18026169,225,0
atitlan,2025-01-18,688350.0,1627050.0,-0.09846824,0.15623122,225,0
atitlan,2025-01-18,688650.0,1627050.0,-0.09727962,0.15356776,225,0
atitlan,2025-01-18,688950.0,1627050.0,-0.095714755,0.22271693,225,0
atitlan,2025-01-18,689250.0,1627050.0,-0.0981967,0.22902891,225,0
atitlan,2025-01-18,689550.0,1627050.0,-0.10739362,0.063630156,225,0
atitlan,2025-01-18,689850.0,1627050.0,-0.09004359,0.49198246,225,0
atitlan,2025-01-18,690150.0,1627050.0,-0.08876954,0.5557469,225,0
atitlan,2025-01-18,690450.0,1627050.0,-0.089634724,0.5542721,225,0
atitlan,2025-01-18,690750.0,1627050.0,-0.09448527,0.37538373,225,0
atitlan,2025-01-18,691050.0,1627050.0,-0.098309614,0.22850381,225,0
atitlan,2025-01-18,691350.0,1627050.0,-0.093451485,0.37428546,225,0
atitlan,2025-01-18,691650.0,1627050.0,-0.0915782,0.43143407,225,0
atitlan,2025-01-18,691950.0,1627050.0,-0.09187545,0.44405717,225,0
atitlan,2025-01-18,692250.0,1627050.0,-0.09251002,0.41840476,225,0
atitlan,2025-01-18,692550.0,1627050.0,-0.09058657,0.5139134,225,0
atitlan,2025-01-18,692850.0,1627050.0,-0.090901464,0.5056225,225,0
atitlan,2025-01-18,693150.0,1627050.0,-0.08970315,0.562507,225,0
atitlan,2025-01-18,693450.0,1627050.0,-0.09239499,0.4188617,225,0
atitlan,2025-01-18,693750.0,1627050.0,-0.09170293,0.4377501,225,0
atitlan,2025-01-18,694050.0,1627050.0,-0.090954736,0.49810565,225,0
atitlan,2025-01-18,694350.0,1627050.0,-0.09124683,0.4382692,225,0
atitlan,2025-01-18,694650.0,1627050.0,-0.090288274,0.50256944,225,0
atitlan,2025-01-18,694950.0,1627050.0,-0.092197746,0.39380258,225,0
atitlan,2025-01-18,695250.0,1627050.0,-0.09309328,0.44737908,225,0
atitlan,2025-01-18,695550.0,1627050.0,-0.091254696,0.5151272,225,0
atitlan,2025-01-18,695850.0,1627050.0,-0.092804335,0.4341995,225,0
atitlan,2025-01-18,696150.0,1627050.0,-0.09317831,0.43698606,225,0
atitlan,2025-01-18,696450.0,1627050.0,-0.09300341,0.42134595,225,0
atitlan,2025-01-18,696750.0,1627050.0,-0.09565878,0.32598513,225,0
atitlan,2025-01-18,697050.0,1627050.0,-0.09278062,0.4097451,225,0
atitlan,2025-01-18,697350.0,1627050.0,-0.09539335,0.32447928,225,0
atitlan,2025-01-18,697650.0,1627050.0,-0.09394765,0.4042476,225,0
atitlan,2025-01-18,697950.0,1627050.0,-0.09463149,0.33056468,225,0
atitlan,2025-01-18,698250.0,1627050.0,-0.09531487,0.36197284,225,0
atitlan,2025-01-18,698550.0,1627050.0,-0.09375061,0.36060876,225,0
atitlan,2025-01-18,698850.0,1627050.0,-0.09167904,0.48010656,225,0
atitlan,2025-01-18,699150.0,1627050.0,-0.09515751,0.33461285,225,0
atitlan,2025-01-18,699450.0,1627050.0,-0.089047946,0.56541544,225,0
atitlan,2025-01-18,699750.0,1627050.0,-0.09162144,0.4680976,225,0
atitlan,2025-01-18,700050.0,1627050.0,-0.09290558,0.4615154,225,0
atitlan,2025-01-18,700350.0,1627050.0,-0.08883157,0.5705749,225,0
atitlan,2025-01-18,700650.0,1627050.0,-0.08756741,0.63762474,225,0
atitlan,2025-01-18,700950.0,1627050.0,-0.087146565,0.64085835,225,0
atitlan,2025-01-18,701250.0,1627050.0,0.10000756,6.0883627,225,0
atitlan,2025-01-18,701550.0,1627050.0,0.20976639,8.846957,225,0
atitlan,2025-01-18,701850.0,1627050.0,0.24666633,13.21879,225,1
atitlan,2025-01-18,702150.0,1627050.0,0.3011398,17.267239,225,1
atitlan,2025-01-18,702450.0,1627050.0,0.27687472,15.609627,225,1
atitlan,2025-01-18,702750.0,1627050.0,0.23355906,11.954527,225,0
atitlan,2025-01-18,703050.0,1627050.0,0.24991968,13.550762,225,1
atitlan,2025-01-18,703350.0,1627050.0,0.22720793,12.623055,225,1
atitlan,2025-01-18,703650.0,1627050.0,0.19933677,11.045838,225,0
atitlan,2025-01-18,703950.0,1627050.0,0.14513731,8.586196,225,0
atitlan,2025-01-18,704250.0,1627050.0,0.21463968,12.001813,225,1
atitlan,2025-01-18,704550.0,1627050.0,0.28227866,16.435646,225,1
atitlan,2025-01-18,704850.0,1627050.0,0.25092518,14.766877,225,1
atitlan,2025-01-18,705150.0,1627050.0,0.19336234,10.110703,225,0
atitlan,2025-01-18,705450.0,1627050.0,0.23504159,12.749876,225,1
atitlan,2025-01-18,705750.0,1627050.0,0.21701938,11.224383,225,0
atitlan,2025-01-18,706050.0,1627050.0,0.20472257,10.598918,225,0
atitlan,2025-01-18,706350.0,1627050.0,0.2377548,12.851382,225,1
atitlan,2025-01-18,706650.0,1627050.0,0.24032874,11.967074,225,0
atitlan,2025-01-18,706950.0,1627050.0,0.20790346,10.41465,225,0
atitlan,2025-01-18,707250.0,1627050.0,0.21864912,11.240139,225,0
atitlan,2025-01-18,707550.0,1627050.0,0.23573296,11.797159,225,0
atitlan,2025-01-18,707850.0,1627050.0,0.20963374,12.836599,45,1
atitlan,2025-01-18,680250.0,1627350.0,0.31579983,21.415705,180,1
atitlan,2025-01-18,680550.0,1627350.0,0.29185736,18.194775,225,1
atitlan,2025-01-18,680850.0,1627350.0,0.31701362,21.143423,225,1
atitlan,2025-01-18,681150.0,1627350.0,0.28222454,17.31497,225,1
atitlan,2025-01-18,681450.0,1627350.0,0.29066056,18.287813,225,1
atitlan,2025-01-18,681750.0,1627350.0,0.19266139,11.671047,225,0
atitlan,2025-01-18,682050.0,1627350.0,0.20880744,12.023903,225,1
atitlan,2025-01-18,682350.0,1627350.0,0.12842488,8.396592,225,0
atitlan,2025-01-18,682650.0,1627350.0,0.06958377,5.625495,225,0
atitlan,2025-01-18,682950.0,1627350.0,0.19722109,12.060788,225,1
atitlan,2025-01-18,683250.0,1627350.0,0.24649568,13.671512,225,1
atitlan,2025-01-18,683550.0,1627350.0,0.24565564,13.6352625,225,1
atitlan,2025-01-18,683850.0,1627350.0,0.2879319,15.783116,225,1
atitlan,2025-01-18,684150.0,1627350.0,0.29245442,16.632719,225,1
atitlan,2025-01-18,684450.0,1627350.0,0.24258578,12.174949,225,1
atitlan,2025-01-18,684750.0,1627350.0,0.20728146,10.565058,225,0
atitlan,2025-01-18,685050.0,1627350.0,0.2277793,12.151139,225,1
atitlan,2025-01-18,685350.0,1627350.0,0.15785716,8.83402,225,0
atitlan,2025-01-18,685650.0,1627350.0,0.14306712,7.9851413,225,0
atitlan,2025-01-18,685950.0,1627350.0,0.015292489,4.1150575,225,0
atitlan,2025-01-18,686250.0,1627350.0,-0.08332658,0.8100657,225,0
atitlan,2025-01-18,686550.0,1627350.0,-0.09006827,0.47930077,225,0
atitlan,2025-01-18,686850.0,1627350.0,-0.09677825,0.19762099,225,0
atitlan,2025-01-18,687150.0,1627350.0,-0.096093014,0.2534188,225,0
atitlan,2025-01-18,687450.0,1627350.0,-0.09729785,0.20268407,225,0
atitlan,2025-01-18,687750.0,1627350.0,-0.095709115,0.23673546,225,0
atitlan,2025-01-18,688050.0,1627350.0,-0.10141203,0.12775241,225,0
atitlan,2025-01-18,688350.0,1627350.0,-0.097097635,0.20252661,225,0
atitlan,2025-01-18,688650.0,1627350.0,-0.09433437,0.2807868,225,0
atitlan,2025-01-18,688950.0,1627350.0,-0.09609611,0.22973822,225,0
atitlan,2025-01-18,689250.0,1627350.0,-0.098179184,0.24846156,225,0
atitlan,2025-01-18,689550.0,1627350.0,-0.09999645,0.1894693,225,0
atitlan,2025-01-18,689850.0,1627350.0,-0.09239119,0.41774744,225,0
atitlan,2025-01-18,690150.0,1627350.0,-0.0880221,0.605613,225,0
atitlan,2025-01-18,690450.0,1627350.0,-0.09101433,0.45574468,225,0
atitlan,2025-01-18,690750.0,1627350.0,-0.089175075,0.517621,225,0
atitlan,2025-01-18,691050.0,1627350.0,-0.09297307,0.40287283,225,0
atitlan,2025-01-18,691350.0,1627350.0,-0.09108268,0.44060934,225,0
atitlan,2025-01-18,691650.0,1627350.0,-0.08932815,0.53655636,225,0
atitlan,2025-01-18,691950.0,1627350.0,-0.09076359,0.48206618,225,0
atitlan,2025-01-18,692250.0,1627350.0,-0.09120359,0.48303986,225,0
atitlan,2025-01-18,692550.0,1627350.0,-0.08901105,0.5656002,225,0
atitlan,2025-01-18,692850.0,1627350.0,-0.08809495,0.60122144,225,0
atitlan,2025-01-18,693150.0,1627350.0,-0.08905282,0.5398857,225,0
atitlan,2025-01-18,693450.0,1627350.0,-0.09182979,0.4443725,225,0
atitlan,2025-01-18,693750.0,1627350.0,-0.091315344,0.4339108,225,0
atitlan,2025-01-18,694050.0,1627350.0,-0.09308781,0.40210685,225,0
atitlan,2025-01-18,694350.0,1627350.0,-0.09122085,0.46940672,225,0
atitlan,2025-01-18,694650.0,1627350.0,-0.09213133,0.46082053,225,0
atitlan,2025-01-18,694950.0,1627350.0,-0.09347283,0.40285072,225,0
atitlan,2025-01-18,695250.0,1627350.0,-0.09439766,0.36328787,225,0
atitlan,2025-01-18,695550.0,1627350.0,-0.096413836,0.2990201,225,0
atitlan,2025-01-18,695850.0,1627350.0,-0.09750937,0.2856146,225,0
atitlan,2025-01-18,696150.0,1627350.0,-0.09788703,0.26863602,225,0
atitlan,2025-01-18,696450.0,1627350.0,-0.09628495,0.29852298,225,0
atitlan,2025-01-18,696750.0,1627350.0,-0.098861456,0.28050825,225,0
atitlan,2025-01-18,697050.0,1627350.0,-0.09695282,0.2735533,225,0
atitlan,2025-01-18,697350.0,1627350.0,-0.097559966,0.29157045,225,0
atitlan,2025-01-18,697650.0,1627350.0,-0.09788703,0.28797126,225,0
atitlan,2025-01-18,697950.0,1627350.0,-0.09321414,0.41375256,225,0
atitlan,2025-01-18,698250.0,1627350.0,-0.09417493,0.3953558,225,0
atitlan,2025-01-18,698550.0,1627350.0,-0.0944655,0.3705354,225,0
atitlan,2025-01-18,698850.0,1627350.0,-0.08808024,0.6376031,225,0
atitlan,2025-01-18,699150.0,1627350.0,-0.08940313,0.55875945,225,0
atitlan,2025-01-18,699450.0,1627350.0,-0.08831957,0.5985103,225,0
atitlan,2025-01-18,699750.0,1627350.0,-0.08641787,0.69534165,225,0
atitlan,2025-01-18,700050.0,1627350.0,-0.08727299,0.64560807,225,0
atitlan,2025-01-18,700350.0,1627350.0,-0.08834068,0.5875279,225,0
atitlan,2025-01-18,700650.0,1627350.0,-0.08917689,0.54188544,225,0
atitlan,2025-01-18,700950.0,1627350.0,-0.08006632,1.000199,225,0
atitlan,2025-01-18,701250.0,1627350.0,0.17377451,9.755865,225,0
atitlan,2025-01-18,701550.0,1627350.0,0.20187116,8.630282,225,0
atitlan,2025-01-18,701850.0,1627350.0,0.25939706,13.5606785,225,1
atitlan,2025-01-18,702150.0,1627350.0,0.29155862,16.794724,225,1
atitlan,2025-01-18,702450.0,1627350.0,0.25537232,14.670168,225,1
atitlan,2025-01-18,702750.0,1627350.0,0.2289549,13.191377,225,1
atitlan,2025-01-18,703050.0,1627350.0,0.24473229,13.291522,225,1
atitlan,2025-01-18,703350.0,1627350.0,0.2493957,13.881623,225,1
atitlan,2025-01-18,703650.0,1627350.0,0.16963622,8.036831,225,0
atitlan,2025-01-18,703950.0,1627350.0,0.16106403,9.569756,225,0
atitlan,2025-01-18,704250.0,1627350.0,0.23970348,13.853138,225,1
atitlan,2025-01-18,704550.0,1627350.0,0.15987691,8.512877,225,0
atitlan,2025-01-18,704850.0,1627350.0,0.15604536,8.505946,225,0
atitlan,2025-01-18,705150.0,1627350.0,0.23335566,13.057449,225,1
atitlan,2025-01-18,705450.0,1627350.0,0.22878459,11.886023,225,0
atitlan,2025-01-18,705750.0,1627350.0,0.2500553,13.89276,225,1
atitlan,2025-01-18,706050.0,1627350.0,0.13321593,6.2586246,225,0
atitlan,2025-01-18,706350.0,1627350.0,0.18258806,8.026805,225,0
atitlan,2025-01-18,706650.0,1627350.0,0.26487565,13.562098,225,1
atitlan,2025-01-18,706950.0,1627350.0,0.24345598,12.139765,225,1
atitlan,2025-01-18,707250.0,1627350.0,0.22140425,9.824053,225,0
atitlan,2025-01-18,707550.0,1627350.0,0.20639163,9.351057,225,0
atitlan,2025-01-18,707850.0,1627350.0,0.20381595,10.763214,45,0
atitlan,2025-01-18,680250.0,1627650.0,0.3314262,23.261835,180,1
atitlan,2025-01-18,680550.0,1627650.0,0.32874528,22.299202,225,1
atitlan,2025-01-18,680850.0,1627650.0,0.29061416,18.869946,225,1
atitlan,2025-01-18,681150.0,1627650.0,0.25857255,15.906129,225,1
atitlan,2025-01-18,681450.0,1627650.0,0.24297139,14.219523,225,1
atitlan,2025-01-18,681750.0,1627650.0,0.22987844,13.736192,225,1
atitlan,2025-01-18,682050.0,1627650.0,0.1147812,7.7843585,225,0
atitlan,2025-01-18,682350.0,1627650.0,0.15127316,10.335345,225,0
atitlan,2025-01-18,682650.0,1627650.0,0.1065362,7.40862,225,0
atitlan,2025-01-18,682950.0,1627650.0,0.083547704,6.694413,225,0
atitlan,2025-01-18,683250.0,1627650.0,0.12439944,7.8655133,225,0
atitlan,2025-01-18,683550.0,1627650.0,0.19437996,11.091638,225,0
atitlan,2025-01-18,683850.0,1627650.0,0.24183804,13.172735,225,1
atitlan,2025-01-18,684150.0,1627650.0,0.25812453,13.880427,225,1
atitlan,2025-01-18,684450.0,1627650.0,0.2624543,14.14367,225,1
atitlan,2025-01-18,684750.0,1627650.0,0.25860623,12.949038,225,1
atitlan,2025-01-18,685050.0,1627650.0,0.23264474,12.615896,225,1
atitlan,2025-01-18,685350.0,1627650.0,0.24482374,14.204927,225,1
atitlan,2025-01-18,685650.0,1627650.0,0.19907367,10.93709,225,0
atitlan,2025-01-18,685950.0,1627650.0,0.21162386,12.237643,225,1
atitlan,2025-01-18,686250.0,1627650.0,0.085335925,6.8219123,225,0
atitlan,2025-01-18,686550.0,1627650.0,-0.07359992,1.1696169,225,0
atitlan,2025-01-18,686850.0,1627650.0,-0.09442002,0.31780922,225,0
atitlan,2025-01-18,687150.0,1627650.0,-0.09224999,0.38644478,225,0
atitlan,2025-01-18,687450.0,1627650.0,-0.097959496,0.16311117,225,0
atitlan,2025-01-18,687750.0,1627650.0,-0.09340203,0.30475616,225,0
atitlan,2025-01-18,688050.0,1627650.0,-0.09591138,0.26956686,225,0
atitlan,2025-01-18,688350.0,1627650.0,-0.09646441,0.2589245,225,0
atitlan,2025-01-18,688650.0,1627650.0,-0.09110363,0.44479015,225,0
atitlan,2025-01-18,688950.0,1627650.0,-0.096499674,0.170087,225,0
atitlan,2025-01-18,689250.0,1627650.0,-0.09263883,0.31875977,225,0
atitlan,2025-01-18,689550.0,1627650.0,-0.09267155,0.41362694,225,0
atitlan,2025-01-18,689850.0,1627650.0,-0.09025831,0.49408644,225,0
atitlan,2025-01-18,690150.0,1627650.0,-0.08620257,0.68218005,225,0
atitlan,2025-01-18,690450.0,1627650.0,-0.08704301,0.62093645,225,0
atitlan,2025-01-18,690750.0,1627650.0,-0.08738843,0.65558875,225,0
atitlan,2025-01-18,691050.0,1627650.0,-0.09111441,0.5003959,225,0
atitlan,2025-01-18,691350.0,1627650.0,-0.090063766,0.5222426,225,0
atitlan,2025-01-18,691650.0,1627650.0,-0.088532686,0.57625943,225,0
atitlan,2025-01-18,691950.0,1627650.0,-0.09169776,0.41721052,225,0
atitlan,2025-01-18,692250.0,1627650.0,-0.09429557,0.38688737,225,0
atitlan,2025-01-18,692550.0,1627650.0,-0.09298493,0.43120158,225,0
atitlan,2025-01-18,692850.0,1627650.0,-0.09415794,0.3658401,225,0
atitlan,2025-01-18,693150.0,1627650.0,-0.09488283,0.32527235,225,0
atitlan,2025-01-18,693450.0,1627650.0,-0.09365542,0.36185065,225,0
atitlan,2025-01-18,693750.0,1627650.0,-0.09379025,0.38736907,225,0
atitlan,2025-01-18,694050.0,1627650.0,-0.09851043,0.2727572,225,0
atitlan,2025-01-18,694350.0,1627650.0,-0.09367951,0.39163452,225,0
atitlan,2025-01-18,694650.0,1627650.0,-0.09963239,0.21694808,225,0
atitlan,2025-01-18,694950.0,1627650.0,-0.0960938,0.28593034,225,0
atitlan,2025-01-18,695250.0,1627650.0,-0.10021076,0.2344034,225,0
atitlan,2025-01-18,695550.0,1627650.0,-0.099396035,0.22709692,225,0
atitlan,2025-01-18,695850.0,1627650.0,-0.098932415,0.26175526,225,0
atitlan,2025-01-18,696150.0,1627650.0,-0.09556164,0.33558595,225,0
atitlan,2025-01-18,696450.0,1627650.0,-0.09586474,0.35234493,225,0
atitlan,2025-01-18,696750.0,1627650.0,-0.09703321,0.30299345,225,0
atitlan,2025-01-18,697050.0,1627650.0,-0.092331566,0.44775754,225,0
atitlan,2025-01-18,697350.0,1627650.0,-0.09265224,0.424265,225,0
atitlan,2025-01-18,697650.0,1627650.0,-0.093803704,0.36145288,225,0
atitlan,2025-01-18,697950.0,1627650.0,-0.09192326,0.4664808,225,0
atitlan,2025-01-18,698250.0,1627650.0,-0.08832107,0.62326825,225,0
atitlan,2025-01-18,698550.0,1627650.0,-0.092650086,0.4284702,225,0
atitlan,2025-01-18,698850.0,1627650.0,-0.08807117,0.63215506,225,0
atitlan,2025-01-18,699150.0,1627650.0,-0.09012622,0.53024495,225,0
atitlan,2025-01-18,699450.0,1627650.0,-0.089250736,0.5673165,225,0
atitlan,2025-01-18,699750.0,1627650.0,-0.08764456,0.63255495,225,0
atitlan,2025-01-18,700050.0,1627650.0,-0.08564099,0.71384484,225,0
atitlan,2025-01-18,700350.0,1627650.0,-0.089182146,0.543987,225,0
atitlan,2025-01-18,700650.0,1627650.0,-0.08945197,0.5147991,225,0
atitlan,2025-01-18,700950.0,1627650.0,-0.05153841,2.1229236,225,0
atitlan,2025-01-18,701250.0,1627650.0,0.20218815,10.677054,225,0
atitlan,2025-01-18,701550.0,1627650.0,0.21604334,9.662057,225,0
atitlan,2025-01-18,701850.0,1627650.0,0.2325693,11.311755,225,0
atitlan,2025-01-18,702150.0,1627650.0,0.24711108,14.215307,225,1
atitlan,2025-01-18,702450.0,1627650.0,0.24262336,13.41601,225,1
atitlan,2025-01-18,702750.0,1627650.0,0.21495491,11.478902,225,0
atitlan,2025-01-18,703050.0,1627650.0,0.19184202,9.280476,225,0
atitlan,2025-01-18,703350.0,1627650.0,0.22299258,11.990717,225,0
atitlan,2025-01-18,703650.0,1627650.0,0.1913491,10.037049,225,0
atitlan,2025-01-18,703950.0,1627650.0,0.23651114,13.7246895,225,1
atitlan,2025-01-18,704250.0,1627650.0,0.15953235,8.964564,225,0
atitlan,2025-01-18,704550.0,1627650.0,0.16368851,9.384698,225,0
atitlan,2025-01-18,704850.0,1627650.0,0.19954427,10.333242,225,0
atitlan,2025-01-18,705150.0,1627650.0,0.17688575,8.978558,225,0
atitlan,2025-01-18,705450.0,1627650.0,0.1836356,10.365009,225,0
atitlan,2025-01-18,705750.0,1627650.0,0.2116104,10.821253,225,0
atitlan,2025-01-18,706050.0,1627650.0,0.17996971,9.022523,225,0
atitlan,2025-01-18,706350.0,1627650.0,0.19328985,10.182252,225,0
atitlan,2025-01-18,706650.0,1627650.0,0.24253447,12.519729,225,1
atitlan,2025-01-18,706950.0,1627650.0,0.2468384,12.548762,225,1
atitlan,2025-01-18,707250.0,1627650.0,0.21773332,10.530862,225,0
atitlan,2025-01-18,707550.0,1627650.0,0.209857,9.411888,225,0
atitlan,2025-01-18,707850.0,1627650.0,0.18465766,8.362873,45,0
atitlan,2025-01-18,680250.0,1627950.0,0.3218752,21.822712,180,1
atitlan,2025-01-18,680550.0,1627950.0,0.32201234,22.583738,225,1
atitlan,2025-01-18,680850.0,1627950.0,0.28455216,17.685608,225,1
atitlan,2025-01-18,681150.0,1627950.0,0.31454325,21.091171,225,1
atitlan,2025-01-18,681450.0,1627950.0,0.28554353,17.495136,225,1
atitlan,2025-01-18,681750.0,1627950.0,0.24627389,14.77781,225,1
atitlan,2025-01-18,682050.0,1627950.0,0.1520828,9.360585,225,0
atitlan,2025-01-18,682350.0,1627950.0,0.13381918,7.772055,225,0
atitlan,2025-01-18,682650.0,1627950.0,0.14980596,9.200145,225,0
atitlan,2025-01-18,682950.0,1627950.0,0.16273034,11.490218,225,0
atitlan,2025-01-18,683250.0,1627950.0,0.1847943,11.311481,225,0
atitlan,2025-01-18,683550.0,1627950.0,0.26059246,15.657907,225,1
atitlan,2025-01-18,683850.0,1627950.0,0.28521806,15.433655,225,1
atitlan,2025-01-18,684150.0,1627950.0,0.27211604,14.312735,225,1
atitlan,2025-01-18,684450.0,1627950.0,0.2489946,13.733238,225,1
atitlan,2025-01-18,684750.0,1627950.0,0.2696237,14.650794,225,1
atitlan,2025-01-18,685050.0,1627950.0,0.24924104,12.791888,225,1
atitlan,2025-01-18,685350.0,1627950.0,0.23964147,12.65844,225,1
atitlan,2025-01-18,685650.0,1627950.0,0.24781927,12.024421,225,1
atitlan,2025-01-18,685950.0,1627950.0,0.12473087,8.075659,225,0
atitlan,2025-01-18,686250.0,1627950.0,0.17089316,9.702922,225,0
atitlan,2025-01-18,686550.0,1627950.0,0.054692186,5.5760937,225,0
atitlan,2025-01-18,686850.0,1627950.0,-0.08497974,0.7399094,225,0
atitlan,2025-01-18,687150.0,1627950.0,-0.08006546,0.8470527,225,0
atitlan,2025-01-18,687450.0,1627950.0,-0.08606099,0.6431013,225,0
atitlan,2025-01-18,687750.0,1627950.0,-0.09035722,0.46215892,225,0
atitlan,2025-01-18,688050.0,1627950.0,-0.0902067,0.46216604,225,0
atitlan,2025-01-18,688350.0,1627950.0,-0.09152061,0.4527474,225,0
atitlan,2025-01-18,688650.0,1627950.0,-0.09293588,0.3395535,225,0
atitlan,2025-01-18,688950.0,1627950.0,-0.09756895,0.17579538,225,0
atitlan,2025-01-18,689250.0,1627950.0,-0.09574229,0.25146517,225,0
atitlan,2025-01-18,689550.0,1627950.0,-0.09675474,0.18104315,225,0
atitlan,2025-01-18,689850.0,1627950.0,-0.09309127,0.33795682,225,0
atitlan,2025-01-18,690150.0,1627950.0,-0.08383814,0.77979505,225,0
atitlan,2025-01-18,690450.0,1627950.0,-0.089149155,0.52813405,225,0
atitlan,2025-01-18,690750.0,1627950.0,-0.088489585,0.5836223,225,0
atitlan,2025-01-18,691050.0,1627950.0,-0.09201555,0.4702282,225,0
atitlan,2025-01-18,691350.0,1627950.0,-0.09293726,0.39053932,225,0
atitlan,2025-01-18,691650.0,1627950.0,-0.09127288,0.4870302,225,0
atitlan,2025-01-18,691950.0,1627950.0,-0.09290742,0.39930823,225,0
atitlan,2025-01-18,692250.0,1627950.0,-0.09659221,0.2711088,225,0
atitlan,2025-01-18,692550.0,1627950.0,-0.09688647,0.3082819,225,0
atitlan,2025-01-18,692850.0,1627950.0,-0.09885363,0.1954134,225,0
atitlan,2025-01-18,693150.0,1627950.0,-0.09817407,0.27923337,225,0
atitlan,2025-01-18,693450.0,1627950.0,-0.09722616,0.29418233,225,0
atitlan,2025-01-18,693750.0,1627950.0,-0.095696434,0.33836403,225,0
atitlan,2025-01-18,694050.0,1627950.0,-0.098894164,0.20251672,225,0
atitlan,2025-01-18,694350.0,1627950.0,-0.09310513,0.43194407,225,0
atitlan,2025-01-18,694650.0,1627950.0,-0.0959922,0.33986777,225,0
atitlan,2025-01-18,694950.0,1627950.0,-0.094166934,0.41105056,225,0
atitlan,2025-01-18,695250.0,1627950.0,-0.09486196,0.37854603,225,0
atitlan,2025-01-18,695550.0,1627950.0,-0.09306182,0.4059139,225,0
atitlan,2025-01-18,695850.0,1627950.0,-0.09288394,0.45218447,225,0
atitlan,2025-01-18,696150.0,1627950.0,-0.09225508,0.4531745,225,0
atitlan,2025-01-18,696450.0,1627950.0,-0.09567351,0.33546463,225,0
atitlan,2025-01-18,696750.0,1627950.0,-0.0933098,0.41959578,225,0
atitlan,2025-01-18,697050.0,1627950.0,-0.09409153,0.40389594,225,0
atitlan,2025-01-18,697350.0,1627950.0,-0.09171983,0.4540684,225,0
atitlan,2025-01-18,697650.0,1627950.0,-0.094177745,0.39083022,225,0
atitlan,2025-01-18,697950.0,1627950.0,-0.093642384,0.40740097,225,0
atitlan,2025-01-18,698250.0,1627950.0,-0.08930659,0.5657072,225,0
atitlan,2025-01-18,698550.0,1627950.0,-0.09359864,0.40118137,225,0
atitlan,2025-01-18,698850.0,1627950.0,-0.092935994,0.4528829,225,0
atitlan,2025-01-18,699150.0,1627950.0,-0.09220318,0.47077852,225,0
atitlan,2025-01-18,699450.0,1627950.0,-0.09391564,0.38216543,225,0
atitlan,2025-01-18,699750.0,1627950.0,-0.08952868,0.55156285,225,0
atitlan,2025-01-18,700050.0,1627950.0,-0.091182545,0.532003,225,0
atitlan,2025-01-18,700350.0,1627950.0,-0.08781261,0.6356397,225,0
atitlan,2025-01-18,700650.0,1627950.0,-0.08260461,0.88394177,225,0
atitlan,2025-01-18,700950.0,1627950.0,0.043767627,5.0051737,225,0
atitlan,2025-01-18,701250.0,1627950.0,0.18578865,8.761409,225,0
atitlan,2025-01-18,701550.0,1627950.0,0.19725996,8.592357,225,0
atitlan,2025-01-18,701850.0,1627950.0,0.23163305,11.471984,225,0
atitlan,2025-01-18,702150.0,1627950.0,0.2129969,11.457977,225,0
atitlan,2025-01-18,702450.0,1627950.0,0.13663776,7.1816177,225,0
atitlan,2025-01-18,702750.0,1627950.0,0.23760028,11.627064,225,0
atitlan,2025-01-18,703050.0,1627950.0,0.16081622,7.74343,225,0
atitlan,2025-01-18,703350.0,1627950.0,0.17043218,10.214858,225,0
atitlan,2025-01-18,703650.0,1627950.0,0.116760574,6.4236455,225,0
atitlan,2025-01-18,703950.0,1627950.0,0.15745273,9.511806,225,0
atitlan,2025-01-18,704250.0,1627950.0,0.15589172,8.706248,225,0
atitlan,2025-01-18,704550.0,1627950.0,0.16767196,9.037508,225,0
atitlan,2025-01-18,704850.0,1627950.0,0.17808823,10.220722,225,0
atitlan,2025-01-18,705150.0,1627950.0,0.21870606,12.008924,225,1
atitlan,2025-01-18,705450.0,1627950.0,0.24149372,12.853294,225,1
atitlan,2025-01-18,705750.0,1627950.0,0.24350919,13.013597,225,1
atitlan,2025-01-18,706050.0,1627950.0,0.21375568,11.377356,225,0
atitlan,2025-01-18,706350.0,1627950.0,0.2338281,10.801748,225,0
atitlan,2025-01-18,706650.0,1627950.0,0.2507581,12.137357,225,1
atitlan,2025-01-18,706950.0,1627950.0,0.22659299,10.32638,225,0
atitlan,2025-01-18,707250.0,1627950.0,0.23755741,11.447586,225,0
atitlan,2025-01-18,707550.0,1627950.0,0.20329534,10.230298,225,0
atitlan,2025-01-18,707850.0,1627950.0,0.2279127,11.449309,45,0
atitlan,2025-01-18,680250.0,1628250.0,0.32039052,22.80127,180,1
atitlan,2025-01-18,680550.0,1628250.0,0.32446355,24.037838,225,1
atitlan,2025-01-18,680850.0,1628250.0,0.2656948,14.892036,225,1
atitlan,2025-01-18,681150.0,1628250.0,0.29484096,17.924267,225,1
atitlan,2025-01-18,681450.0,1628250.0,0.31775478,20.816544,225,1
atitlan,2025-01-18,681750.0,1628250.0,0.30302483,18.422823,225,1
atitlan,2025-01-18,682050.0,1628250.0,0.25613678,14.054581,225,1
atitlan,2025-01-18,682350.0,1628250.0,0.20720443,11.778069,224,0
atitlan,2025-01-18,682650.0,1628250.0,0.21872942,12.279235,225,1
atitlan,2025-01-18,682950.0,1628250.0,0.28303605,16.544216,225,1
atitlan,2025-01-18,683250.0,1628250.0,0.2841508,17.305546,225,1
atitlan,2025-01-18,683550.0,1628250.0,0.30295783,18.728262,225,1
atitlan,2025-01-18,683850.0,1628250.0,0.2866959,16.029184,225,1
atitlan,2025-01-18,684150.0,1628250.0,0.29811248,17.81481,225,1
atitlan,2025-01-18,684450.0,1628250.0,0.2984221,17.502504,225,1
atitlan,2025-01-18,684750.0,1628250.0,0.27891397,15.436848,225,1
atitlan,2025-01-18,685050.0,1628250.0,0.2729143,14.376312,225,1
atitlan,2025-01-18,685350.0,1628250.0,0.256621,13.532597,225,1
atitlan,2025-01-18,685650.0,1628250.0,0.23394816,12.244467,225,1
atitlan,2025-01-18,685950.0,1628250.0,0.049773186,4.643979,225,0
atitlan,2025-01-18,686250.0,1628250.0,0.19707656,10.430107,225,0
atitlan,2025-01-18,686550.0,1628250.0,0.15419856,9.40511,225,0
atitlan,2025-01-18,686850.0,1628250.0,-0.073589124,1.3081392,225,0
atitlan,2025-01-18,687150.0,1628250.0,0.05207283,4.969912,225,0
atitlan,2025-01-18,687450.0,1628250.0,0.109136075,8.491845,225,0
atitlan,2025-01-18,687750.0,1628250.0,-0.049417026,1.9579018,225,0
atitlan,2025-01-18,688050.0,1628250.0,-0.048510343,1.7922225,225,0
atitlan,2025-01-18,688350.0,1628250.0,-0.0015059715,3.5346694,225,0
atitlan,2025-01-18,688650.0,1628250.0,-0.0139049785,4.4168057,225,0
atitlan,2025-01-18,688950.0,1628250.0,-0.08417679,0.77945095,225,0
atitlan,2025-01-18,689250.0,1628250.0,-0.09118603,0.54015255,225,0
atitlan,2025-01-18,689550.0,1628250.0,-0.09460204,0.30680925,225,0
atitlan,2025-01-18,689850.0,1628250.0,-0.09961204,0.14037198,225,0
atitlan,2025-01-18,690150.0,1628250.0,-0.08982355,0.4980319,225,0
atitlan,2025-01-18,690450.0,1628250.0,-0.09530598,0.32505754,225,0
atitlan,2025-01-18,690750.0,1628250.0,-0.09207446,0.45165431,225,0
atitlan,2025-01-18,691050.0,1628250.0,-0.09402556,0.41001478,225,0
atitlan,2025-01-18,691350.0,1628250.0,-0.09697672,0.27251107,225,0
atitlan,2025-01-18,691650.0,1628250.0,-0.09713665,0.2633862,225,0
atitlan,2025-01-18,691950.0,1628250.0,-0.09607778,0.3195375,225,0
atitlan,2025-01-18,692250.0,1628250.0,-0.09570871,0.3252346,225,0
atitlan,2025-01-18,692550.0,1628250.0,-0.0965047,0.2871936,225,0
atitlan,2025-01-18,692850.0,1628250.0,-0.09434682,0.3680177,225,0
atitlan,2025-01-18,693150.0,1628250.0,-0.09688132,0.32463735,225,0
atitlan,2025-01-18,693450.0,1628250.0,-0.09375472,0.3851887,225,0
atitlan,2025-01-18,693750.0,1628250.0,-0.09218362,0.42100284,225,0
atitlan,2025-01-18,694050.0,1628250.0,-0.09112725,0.4556423,225,0
atitlan,2025-01-18,694350.0,1628250.0,-0.09173445,0.41061527,225,0
atitlan,2025-01-18,694650.0,1628250.0,-0.09217638,0.43524665,225,0
atitlan,2025-01-18,694950.0,1628250.0,-0.09652855,0.30358827,225,0
atitlan,2025-01-18,695250.0,1628250.0,-0.093945146,0.41228122,225,0
atitlan,2025-01-18,695550.0,1628250.0,-0.09791651,0.26043573,225,0
atitlan,2025-01-18,695850.0,1628250.0,-0.098287165,0.26709753,225,0
atitlan,2025-01-18,696150.0,1628250.0,-0.096001714,0.3243037,225,0
atitlan,2025-01-18,696450.0,1628250.0,-0.095735066,0.33401278,225,0
atitlan,2025-01-18,696750.0,1628250.0,-0.09739665,0.25626305,225,0
atitlan,2025-01-18,697050.0,1628250.0,-0.0961698,0.31861153,225,0
atitlan,2025-01-18,697350.0,1628250.0,-0.09792545,0.30465248,225,0
atitlan,2025-01-18,697650.0,1628250.0,-0.09613064,0.33463764,225,0
atitlan,2025-01-18,697950.0,1628250.0,-0.09722072,0.29623678,225,0
atitlan,2025-01-18,698250.0,1628250.0,-0.09147184,0.44573146,225,0
atitlan,2025-01-18,698550.0,1628250.0,-0.098522656,0.2679004,225,0
atitlan,2025-01-18,698850.0,1628250.0,-0.09170661,0.42214072,225,0
atitlan,2025-01-18,699150.0,1628250.0,-0.089305595,0.5681764,225,0
atitlan,2025-01-18,699450.0,1628250.0,-0.090726234,0.5023012,225,0
atitlan,2025-01-18,699750.0,1628250.0,-0.08524944,0.73994493,225,0
atitlan,2025-01-18,700050.0,1628250.0,-0.08531404,0.7425888,225,0
atitlan,2025-01-18,700350.0,1628250.0,-0.049396943,1.9812386,225,0
atitlan,2025-01-18,700650.0,1628250.0,-0.02198356,2.8335984,225,0
atitlan,2025-01-18,700950.0,1628250.0,0.13776776,8.944962,225,0
atitlan,2025-01-18,701250.0,1628250.0,0.19996554,9.214712,225,0
atitlan,2025-01-18,701550.0,1628250.0,0.19161348,9.365991,225,0
atitlan,2025-01-18,701850.0,1628250.0,0.2167168,10.1685295,225,0
atitlan,2025-01-18,702150.0,1628250.0,0.23949757,12.242048,225,1
atitlan,2025-01-18,702450.0,1628250.0,0.23509796,13.007221,225,1
atitlan,2025-01-18,702750.0,1628250.0,0.27250513,14.79965,225,1
atitlan,2025-01-18,703050.0,1628250.0,0.20161545,11.167552,225,0
atitlan,2025-01-18,703350.0,1628250.0,0.11709933,6.5417094,225,0
atitlan,2025-01-18,703650.0,1628250.0,0.18560793,10.495631,225,0
atitlan,2025-01-18,703950.0,1628250.0,0.10021402,6.196637,225,0
atitlan,2025-01-18,704250.0,1628250.0,0.12569094,6.661603,225,0
atitlan,2025-01-18,704550.0,1628250.0,0.13643134,7.9001102,225,0
atitlan,2025-01-18,704850.0,1628250.0,0.16851428,9.846013,225,0
atitlan,2025-01-18,705150.0,1628250.0,0.16634578,9.517912,225,0
atitlan,2025-01-18,705450.0,1628250.0,0.20761217,11.42665,225,0
atitlan,2025-01-18,705750.0,1628250.0,0.21856861,11.086198,225,0
atitlan,2025-01-18,706050.0,1628250.0,0.21694022,10.729184,225,0
atitlan,2025-01-18,706350.0,1628250.0,0.22409037,10.779674,225,0
atitlan,2025-01-18,706650.0,1628250.0,0.23220983,10.877536,225,0
atitlan,2025-01-18,706950.0,1628250.0,0.22618644,10.706464,225,0
atitlan,2025-01-18,707250.0,1628250.0,0.24161741,12.113481,225,1
atitlan,2025-01-18,707550.0,1628250.0,0.23238929,11.561125,225,0
atitlan,2025-01-18,707850.0,1628250.0,0.20035402,8.77936,45,0
atitlan,2025-01-18,680250.0,1628550.0,0.3600043,28.026514,180,1
atitlan,2025-01-18,680550.0,1628550.0,0.35677803,27.134382,225,1
atitlan,2025-01-18,680850.0,1628550.0,0.31096184,19.579575,225,1
atitlan,2025-01-18,681150.0,1628550.0,0.30691138,19.310184,225,1
atitlan,2025-01-18,681450.0,1628550.0,0.3288151,22.808165,225,1
atitlan,2025-01-18,681750.0,1628550.0,0.28721383,18.211252,225,1
atitlan,2025-01-18,682050.0,1628550.0,0.1827511,13.238618,225,1
atitlan,2025-01-18,682350.0,1628550.0,0.26122102,15.948107,225,1
atitlan,2025-01-18,682650.0,1628550.0,0.2793528,17.16731,225,1
atitlan,2025-01-18,682950.0,1628550.0,0.3008627,17.587973,225,1
atitlan,2025-01-18,683250.0,1628550.0,0.33578488,23.02294,225,1
atitlan,2025-01-18,683550.0,1628550.0,0.29949784,18.332201,225,1
atitlan,2025-01-18,683850.0,1628550.0,0.30148217,18.640306,225,1
atitlan,2025-01-18,684150.0,1628550.0,0.3041554,18.01584,225,1
atitlan,2025-01-18,684450.0,1628550.0,0.27920488,15.742642,225,1
atitlan,2025-01-18,684750.0,1628550.0,0.27390087,15.1097555,225,1
atitlan,2025-01-18,685050.0,1628550.0,0.27696875,14.990225,225,1
atitlan,2025-01-18,685350.0,1628550.0,0.26437142,13.699431,225,1
atitlan,2025-01-18,685650.0,1628550.0,0.23552847,13.907967,225,1
atitlan,2025-01-18,685950.0,1628550.0,0.18007812,10.871592,225,0
atitlan,2025-01-18,686250.0,1628550.0,0.2618301,14.459704,225,1
atitlan,2025-01-18,686550.0,1628550.0,0.157444,7.4026065,225,0
atitlan,2025-01-18,686850.0,1628550.0,0.1471155,9.320725,225,0
atitlan,2025-01-18,687150.0,1628550.0,0.14591208,9.017234,225,0
atitlan,2025-01-18,687450.0,1628550.0,0.123890616,9.109746,225,0
atitlan,2025-01-18,687750.0,1628550.0,0.17624232,10.997384,225,0
atitlan,2025-01-18,688050.0,1628550.0,0.20948382,11.499777,225,0
atitlan,2025-01-18,688350.0,1628550.0,0.2007735,9.551939,225,0
atitlan,2025-01-18,688650.0,1628550.0,0.22818857,12.187153,225,1
atitlan,2025-01-18,688950.0,1628550.0,0.16635501,10.97332,225,0
atitlan,2025-01-18,689250.0,1628550.0,-0.05646346,1.9558779,225,0
atitlan,2025-01-18,689550.0,1628550.0,-0.09115544,0.40277985,225,0
atitlan,2025-01-18,689850.0,1628550.0,-0.092634365,0.28635326,225,0
atitlan,2025-01-18,690150.0,1628550.0,-0.09349576,0.38407987,225,0
atitlan,2025-01-18,690450.0,1628550.0,-0.0935791,0.40856406,225,0
atitlan,2025-01-18,690750.0,1628550.0,-0.09395156,0.36374336,225,0
atitlan,2025-01-18,691050.0,1628550.0,-0.0899495,0.5340824,225,0
atitlan,2025-01-18,691350.0,1628550.0,-0.09517111,0.34562433,225,0
atitlan,2025-01-18,691650.0,1628550.0,-0.091314666,0.47186098,225,0
atitlan,2025-01-18,691950.0,1628550.0,-0.08531684,0.73509854,225,0
atitlan,2025-01-18,692250.0,1628550.0,-0.090214595,0.51533544,225,0
atitlan,2025-01-18,692550.0,1628550.0,-0.09311352,0.38559076,225,0
atitlan,2025-01-18,692850.0,1628550.0,-0.091674544,0.4459048,225,0
atitlan,2025-01-18,693150.0,1628550.0,-0.09616144,0.3401234,225,0
atitlan,2025-01-18,693450.0,1628550.0,-0.09314532,0.38525853,225,0
atitlan,2025-01-18,693750.0,1628550.0,-0.093133315,0.39045033,225,0
atitlan,2025-01-18,694050.0,1628550.0,-0.094793975,0.3593162,225,0
atitlan,2025-01-18,694350.0,1628550.0,-0.09595958,0.3133507,225,0
atitlan,2025-01-18,694650.0,1628550.0,-0.09227695,0.4760854,225,0
atitlan,2025-01-18,694950.0,1628550.0,-0.09286159,0.57102764,225,0
atitlan,2025-01-18,695250.0,1628550.0,-0.09683458,0.30605692,225,0
atitlan,2025-01-18,695550.0,1628550.0,-0.09904533,0.239925,225,0
atitlan,2025-01-18,695850.0,1628550.0,-0.10044842,0.1909948,225,0
atitlan,2025-01-18,696150.0,1628550.0,-0.098283276,0.24294242,225,0
atitlan,2025-01-18,696450.0,1628550.0,-0.09744593,0.30117252,225,0
atitlan,2025-01-18,696750.0,1628550.0,-0.09698986,0.33021405,225,0
atitlan,2025-01-18,697050.0,1628550.0,-0.095820434,0.3280881,225,0
atitlan,2025-01-18,697350.0,1628550.0,-0.09385957,0.42033672,225,0
atitlan,2025-01-18,697650.0,1628550.0,-0.0951107,0.36912903,225,0
atitlan,2025-01-18,697950.0,1628550.0,-0.092111394,0.4330204,225,0
atitlan,2025-01-18,698250.0,1628550.0,-0.0901276,0.5408686,225,0
atitlan,2025-01-18,698550.0,1628550.0,-0.09020964,0.51660216,225,0
atitlan,2025-01-18,698850.0,1628550.0,-0.08707201,0.67491555,225,0
atitlan,2025-01-18,699150.0,1628550.0,-0.08831903,0.6287451,225,0
atitlan,2025-01-18,699450.0,1628550.0,-0.090152204,0.53754735,225,0
atitlan,2025-01-18,699750.0,1628550.0,-0.083909124,0.78851545,225,0
atitlan,2025-01-18,700050.0,1628550.0,-0.045131374,2.049704,225,0
atitlan,2025-01-18,700350.0,1628550.0,0.17836343,9.445824,225,0
atitlan,2025-01-18,700650.0,1628550.0,0.13945371,9.056314,225,0
atitlan,2025-01-18,700950.0,1628550.0,0.08128367,5.5575185,225,0
atitlan,2025-01-18,701250.0,1628550.0,0.17850038,8.7057495,225,0
atitlan,2025-01-18,701550.0,1628550.0,0.19126096,9.649051,225,0
atitlan,2025-01-18,701850.0,1628550.0,0.2065591,10.995619,225,0
atitlan,2025-01-18,702150.0,1628550.0,0.23685268,12.586898,225,1
atitlan,2025-01-18,702450.0,1628550.0,0.20755601,10.375796,225,0
atitlan,2025-01-18,702750.0,1628550.0,0.2626248,14.2089,225,1
atitlan,2025-01-18,703050.0,1628550.0,0.21779226,12.191746,225,1
atitlan,2025-01-18,703350.0,1628550.0,0.14693792,8.150403,225,0
atitlan,2025-01-18,703650.0,1628550.0,0.24644347,13.606458,225,1
atitlan,2025-01-18,703950.0,1628550.0,0.15172222,9.490495,225,0
atitlan,2025-01-18,704250.0,1628550.0,0.115306154,6.5484176,225,0
atitlan,2025-01-18,704550.0,1628550.0,0.148408,7.3998947,225,0
atitlan,2025-01-18,704850.0,1628550.0,0.16419332,9.039232,225,0
atitlan,2025-01-18,705150.0,1628550.0,0.22033381,12.252141,225,1
atitlan,2025-01-18,705450.0,1628550.0,0.19757798,11.62956,225,0
atitlan,2025-01-18,705750.0,1628550.0,0.2501384,12.729392,225,1
atitlan,2025-01-18,706050.0,1628550.0,0.21502301,9.991337,225,0
atitlan,2025-01-18,706350.0,1628550.0,0.21950002,10.673749,225,0
atitlan,2025-01-18,706650.0,1628550.0,0.2513296,12.641469,225,1
atitlan,2025-01-18,706950.0,1628550.0,0.22909544,10.762829,225,0
atitlan,2025-01-18,707250.0,1628550.0,0.20782463,11.439042,225,0
atitlan,2025-01-18,707550.0,1628550.0,0.23716232,13.026778,225,1
atitlan,2025-01-18,707850.0,1628550.0,0.2665314,15.34323,45,1
atitlan,2025-01-18,680250.0,1628850.0,0.36433822,29.362015,180,1
atitlan,2025-01-18,680550.0,1628850.0,0.35825202,28.243343,225,1
atitlan,2025-01-18,680850.0,1628850.0,0.32500473,22.467737,225,1
atitlan,2025-01-18,681150.0,1628850.0,0.30154908,18.140968,225,1
atitlan,2025-01-18,681450.0,1628850.0,0.3143739,20.002989,225,1
atitlan,2025-01-18,681750.0,1628850.0,0.2773124,15.911434,225,1
atitlan,2025-01-18,682050.0,1628850.0,0.2276167,11.967389,225,0
atitlan,2025-01-18,682350.0,1628850.0,0.28012702,16.926266,225,1
atitlan,2025-01-18,682650.0,1628850.0,0.27953085,16.044218,225,1
atitlan,2025-01-18,682950.0,1628850.0,0.23056215,11.590109,225,0
atitlan,2025-01-18,683250.0,1628850.0,0.28229943,16.124834,225,1
atitlan,2025-01-18,683550.0,1628850.0,0.27890265,17.065346,225,1
atitlan,2025-01-18,683850.0,1628850.0,0.3123656,19.147041,225,1
atitlan,2025-01-18,684150.0,1628850.0,0.30360883,18.185617,225,1
atitlan,2025-01-18,684450.0,1628850.0,0.29883313,17.484724,225,1
atitlan,2025-01-18,684750.0,1628850.0,0.28793645,16.701004,225,1
atitlan,2025-01-18,685050.0,1628850.0,0.27823946,16.020174,225,1
atitlan,2025-01-18,685350.0,1628850.0,0.2834356,15.688309,225,1
atitlan,2025-01-18,685650.0,1628850.0,0.25720674,14.088979,225,1
atitlan,2025-01-18,685950.0,1628850.0,0.28526825,15.8169155,225,1
atitlan,2025-01-18,686250.0,1628850.0,0.24920556,13.393174,225,1
atitlan,2025-01-18,686550.0,1628850.0,0.16864341,8.316686,225,0
atitlan,2025-01-18,686850.0,1628850.0,0.2168252,11.84598,225,0
atitlan,2025-01-18,687150.0,1628850.0,0.22189611,12.310574,225,1
atitlan,2025-01-18,687450.0,1628850.0,0.21775003,12.876545,225,1
atitlan,2025-01-18,687750.0,1628850.0,0.19675288,11.982863,225,0
atitlan,2025-01-18,688050.0,1628850.0,0.2840968,15.873291,225,1
atitlan,2025-01-18,688350.0,1628850.0,0.20622027,10.704422,225,0
atitlan,2025-01-18,688650.0,1628850.0,0.19859564,9.380165,225,0
atitlan,2025-01-18,688950.0,1628850.0,0.16772251,8.059954,225,0
atitlan,2025-01-18,689250.0,1628850.0,-0.03763386,2.4647744,225,0
atitlan,2025-01-18,689550.0,1628850.0,-0.09105983,0.4111114,225,0
atitlan,2025-01-18,689850.0,1628850.0,-0.091673635,0.39664334,225,0
atitlan,2025-01-18,690150.0,1628850.0,-0.07536709,1.1344717,225,0
atitlan,2025-01-18,690450.0,1628850.0,-0.07967436,1.0562304,225,0
atitlan,2025-01-18,690750.0,1628850.0,-0.0879387,0.61453265,225,0
atitlan,2025-01-18,691050.0,1628850.0,-0.086942546,0.6607037,225,0
atitlan,2025-01-18,691350.0,1628850.0,-0.094837114,0.3191689,225,0
atitlan,2025-01-18,691650.0,1628850.0,-0.09415603,0.40650094,225,0
atitlan,2025-01-18,691950.0,1628850.0,-0.084062405,0.8262441,225,0
atitlan,2025-01-18,692250.0,1628850.0,-0.09219211,0.46300566,225,0
atitlan,2025-01-18,692550.0,1628850.0,-0.08990896,0.544034,225,0
atitlan,2025-01-18,692850.0,1628850.0,-0.09823604,0.22526044,225,0
atitlan,2025-01-18,693150.0,1628850.0,-0.09566549,0.33061197,225,0
atitlan,2025-01-18,693450.0,1628850.0,-0.09719408,0.2800884,225,0
atitlan,2025-01-18,693750.0,1628850.0,-0.09236817,0.3861751,225,0
atitlan,2025-01-18,694050.0,1628850.0,-0.09725656,0.26543123,225,0
atitlan,2025-01-18,694350.0,1628850.0,-0.09680491,0.30957177,225,0
atitlan,2025-01-18,694650.0,1628850.0,-0.09695355,0.27909452,225,0
atitlan,2025-01-18,694950.0,1628850.0,-0.09852955,0.25176424,225,0
atitlan,2025-01-18,695250.0,1628850.0,-0.09632628,0.3405276,225,0
atitlan,2025-01-18,695550.0,1628850.0,-0.09530672,0.3371581,225,0
atitlan,2025-01-18,695850.0,1628850.0,-0.096741684,0.31243223,225,0
atitlan,2025-01-18,696150.0,1628850.0,-0.09341245,0.42993417,225,0
atitlan,2025-01-18,696450.0,1628850.0,-0.09403876,0.38085082,225,0
atitlan,2025-01-18,696750.0,1628850.0,-0.09553478,0.33664992,225,0
atitlan,2025-01-18,697050.0,1628850.0,-0.094244346,0.3999787,225,0
atitlan,2025-01-18,697350.0,1628850.0,-0.0941698,0.39512044,225,0
atitlan,2025-01-18,697650.0,1628850.0,-0.094829544,0.36159092,225,0
atitlan,2025-01-18,697950.0,1628850.0,-0.093779236,0.42319563,225,0
atitlan,2025-01-18,698250.0,1628850.0,-0.09083491,0.50985295,225,0
atitlan,2025-01-18,698550.0,1628850.0,-0.0901709,0.5304335,225,0
atitlan,2025-01-18,698850.0,1628850.0,-0.09144179,0.48151994,225,0
atitlan,2025-01-18,699150.0,1628850.0,-0.08543152,0.71073097,225,0
atitlan,2025-01-18,699450.0,1628850.0,-0.08968651,0.54611105,225,0
atitlan,2025-01-18,699750.0,1628850.0,-0.081489615,0.9270697,225,0
atitlan,2025-01-18,700050.0,1628850.0,0.03192335,4.3885484,225,0
atitlan,2025-01-18,700350.0,1628850.0,0.17886141,8.940783,225,0
atitlan,2025-01-18,700650.0,1628850.0,0.16521299,7.200833,225,0
atitlan,2025-01-18,700950.0,1628850.0,0.22388215,11.355114,225,0
atitlan,2025-01-18,701250.0,1628850.0,0.24749206,12.139962,225,1
atitlan,2025-01-18,701550.0,1628850.0,0.25565544,12.271816,225,1
atitlan,2025-01-18,701850.0,1628850.0,0.24442723,13.403667,225,1
atitlan,2025-01-18,702150.0,1628850.0,0.22960861,11.984041,225,0
atitlan,2025-01-18,702450.0,1628850.0,0.24354088,13.129155,225,1
atitlan,2025-01-18,702750.0,1628850.0,0.18755159,10.34311,225,0
atitlan,2025-01-18,703050.0,1628850.0,0.21528251,13.435935,225,1
atitlan,2025-01-18,703350.0,1628850.0,0.15853208,8.016178,225,0
atitlan,2025-01-18,703650.0,1628850.0,0.19178674,9.903227,225,0
atitlan,2025-01-18,703950.0,1628850.0,0.18444318,12.024018,225,1
atitlan,2025-01-18,704250.0,1628850.0,0.16431302,8.867021,225,0
atitlan,2025-01-18,704550.0,1628850.0,0.21215877,11.753608,225,0
atitlan,2025-01-18,704850.0,1628850.0,0.21465719,12.3183975,225,1
atitlan,2025-01-18,705150.0,1628850.0,0.22175598,12.771904,225,1
atitlan,2025-01-18,705450.0,1628850.0,0.2410534,13.110796,225,1
atitlan,2025-01-18,705750.0,1628850.0,0.2669447,14.516044,225,1
atitlan,2025-01-18,706050.0,1628850.0,0.27170894,14.190068,225,1
atitlan,2025-01-18,706350.0,1628850.0,0.21408011,9.791152,225,0
atitlan,2025-01-18,706650.0,1628850.0,0.20717329,10.014918,225,0
atitlan,2025-01-18,706950.0,1628850.0,0.19557747,11.223667,225,0
atitlan,2025-01-18,707250.0,1628850.0,0.23749079,13.221331,225,1
atitlan,2025-01-18,707550.0,1628850.0,0.2054585,9.945184,225,0
atitlan,2025-01-18,707850.0,1628850.0,0.20907609,9.642068,45,0
atitlan,2025-01-18,680250.0,1629150.0,0.3518838,26.470139,180,1
atitlan,2025-01-18,680550.0,1629150.0,0.35543117,27.313046,225,1
atitlan,2025-01-18,680850.0,1629150.0,0.30106756,19.270723,225,1
atitlan,2025-01-18,681150.0,1629150.0,0.31323913,19.588108,225,1
atitlan,2025-01-18,681450.0,1629150.0,0.29936928,18.003138,225,1
atitlan,2025-01-18,681750.0,1629150.0,0.3240348,22.297613,225,1
atitlan,2025-01-18,682050.0,1629150.0,0.27698508,17.261873,225,1
atitlan,2025-01-18,682350.0,1629150.0,0.33540386,23.225574,225,1
atitlan,2025-01-18,682650.0,1629150.0,0.31888685,20.610903,225,1
atitlan,2025-01-18,682950.0,1629150.0,0.280886,16.328577,225,1
atitlan,2025-01-18,683250.0,1629150.0,0.25740603,14.1554365,225,1
atitlan,2025-01-18,683550.0,1629150.0,0.30648184,18.769361,225,1
atitlan,2025-01-18,683850.0,1629150.0,0.2876613,16.555462,225,1
atitlan,2025-01-18,684150.0,1629150.0,0.31812227,19.824968,225,1
atitlan,2025-01-18,684450.0,1629150.0,0.31927043,20.414051,225,1
atitlan,2025-01-18,684750.0,1629150.0,0.2990324,17.741781,225,1
atitlan,2025-01-18,685050.0,1629150.0,0.2763782,15.895768,225,1
atitlan,2025-01-18,685350.0,1629150.0,0.2970788,17.745169,225,1
atitlan,2025-01-18,685650.0,1629150.0,0.2823881,15.873014,225,1
atitlan,2025-01-18,685950.0,1629150.0,0.28789023,15.989974,225,1
atitlan,2025-01-18,686250.0,1629150.0,0.2701276,13.779814,225,1
atitlan,2025-01-18,686550.0,1629150.0,0.27294573,15.131049,225,1
atitlan,2025-01-18,686850.0,1629150.0,0.26503187,13.714459,225,1
atitlan,2025-01-18,687150.0,1629150.0,0.25584197,13.610676,225,1
atitlan,2025-01-18,687450.0,1629150.0,0.26197338,14.272871,225,1
atitlan,2025-01-18,687750.0,1629150.0,0.2671855,14.096761,225,1
atitlan,2025-01-18,688050.0,1629150.0,0.29631087,16.802795,225,1
atitlan,2025-01-18,688350.0,1629150.0,0.26457894,13.973738,225,1
atitlan,2025-01-18,688650.0,1629150.0,0.23419541,12.2803545,225,1
atitlan,2025-01-18,688950.0,1629150.0,0.17778797,9.83629,225,0
atitlan,2025-01-18,689250.0,1629150.0,0.09367187,7.5873575,225,0
atitlan,2025-01-18,689550.0,1629150.0,-0.05036719,2.4259493,225,0
atitlan,2025-01-18,689850.0,1629150.0,-0.023081532,3.5849845,225,0
atitlan,2025-01-18,690150.0,1629150.0,0.111942954,7.497251,225,0
atitlan,2025-01-18,690450.0,1629150.0,0.029222922,5.400729,225,0
atitlan,2025-01-18,690750.0,1629150.0,-0.07942106,1.0160676,225,0
atitlan,2025-01-18,691050.0,1629150.0,-0.08234823,0.9250814,225,0
atitlan,2025-01-18,691350.0,1629150.0,-0.09235024,0.42832994,225,0
atitlan,2025-01-18,691650.0,1629150.0,-0.09716563,0.29246044,225,0
atitlan,2025-01-18,691950.0,1629150.0,-0.09373721,0.3730796,225,0
atitlan,2025-01-18,692250.0,1629150.0,-0.097044304,0.2715804,225,0
atitlan,2025-01-18,692550.0,1629150.0,-0.09839888,0.28940502,225,0
atitlan,2025-01-18,692850.0,1629150.0,-0.09878581,0.23187652,225,0
atitlan,2025-01-18,693150.0,1629150.0,-0.09395314,0.3813346,225,0
atitlan,2025-01-18,693450.0,1629150.0,-0.0959527,0.2923116,225,0
atitlan,2025-01-18,693750.0,1629150.0,-0.08997441,0.5301043,225,0
atitlan,2025-01-18,694050.0,1629150.0,-0.09090243,0.4691853,225,0
atitlan,2025-01-18,694350.0,1629150.0,-0.09332608,0.42632174,225,0
atitlan,2025-01-18,694650.0,1629150.0,-0.088076726,0.5953753,225,0
atitlan,2025-01-18,694950.0,1629150.0,-0.0898484,0.5690868,225,0
atitlan,2025-01-18,695250.0,1629150.0,-0.09294164,0.45696995,225,0
atitlan,2025-01-18,695550.0,1629150.0,-0.09377871,0.40067375,225,0
atitlan,2025-01-18,695850.0,1629150.0,-0.09490468,0.372016,225,0
atitlan,2025-01-18,696150.0,1629150.0,-0.09570673,0.34188282,225,0
atitlan,2025-01-18,696450.0,1629150.0,-0.09388944,0.36296722,225,0
atitlan,2025-01-18,696750.0,1629150.0,-0.09497155,0.34054938,225,0
atitlan,2025-01-18,697050.0,1629150.0,-0.095196225,0.3751563,225,0
atitlan,2025-01-18,697350.0,1629150.0,-0.091752455,0.45238683,225,0
atitlan,2025-01-18,697650.0,1629150.0,-0.09158515,0.45275828,225,0
atitlan,2025-01-18,697950.0,1629150.0,-0.09467136,0.35426298,225,0
atitlan,2025-01-18,698250.0,1629150.0,-0.09221498,0.4174346,225,0
atitlan,2025-01-18,698550.0,1629150.0,-0.08996976,0.5390267,225,0
atitlan,2025-01-18,698850.0,1629150.0,-0.09157666,0.4515826,225,0
atitlan,2025-01-18,699150.0,1629150.0,-0.08722432,0.6679271,225,0
atitlan,2025-01-18,699450.0,1629150.0,-0.08633864,0.7204813,225,0
atitlan,2025-01-18,699750.0,1629150.0,-0.073212616,1.281163,225,0
atitlan,2025-01-18,700050.0,1629150.0,0.16030462,9.335756,225,0
atitlan,2025-01-18,700350.0,1629150.0,0.21795659,10.140006,225,0
atitlan,2025-01-18,700650.0,1629150.0,0.20088518,9.1258335,225,0
atitlan,2025-01-18,700950.0,1629150.0,0.22230129,9.904179,225,0
atitlan,2025-01-18,701250.0,1629150.0,0.23402329,11.3247795,225,0
atitlan,2025-01-18,701550.0,1629150.0,0.2373575,13.755422,225,1
atitlan,2025-01-18,701850.0,1629150.0,0.23154218,12.443074,225,1
atitlan,2025-01-18,702150.0,1629150.0,0.21738023,11.5610895,225,0
atitlan,2025-01-18,702450.0,1629150.0,0.23928793,10.801009,225,0
atitlan,2025-01-18,702750.0,1629150.0,0.22104391,10.808981,225,0
atitlan,2025-01-18,703050.0,1629150.0,0.1824615,9.507606,225,0
atitlan,2025-01-18,703350.0,1629150.0,0.14903621,7.731151,225,0
atitlan,2025-01-18,703650.0,1629150.0,0.14160503,8.082615,225,0
atitlan,2025-01-18,703950.0,1629150.0,0.1527092,9.231901,225,0
atitlan,2025-01-18,704250.0,1629150.0,0.2475206,14.711849,225,1
atitlan,2025-01-18,704550.0,1629150.0,0.13633567,7.3432465,225,0
atitlan,2025-01-18,704850.0,1629150.0,0.13631058,6.517681,225,0
atitlan,2025-01-18,705150.0,1629150.0,0.16642633,8.005112,225,0
atitlan,2025-01-18,705450.0,1629150.0,0.26156643,15.529708,225,1
atitlan,2025-01-18,705750.0,1629150.0,0.25313535,14.065731,225,1
atitlan,2025-01-18,706050.0,1629150.0,0.25311676,13.385862,225,1
atitlan,2025-01-18,706350.0,1629150.0,0.21094713,10.650496,225,0
atitlan,2025-01-18,706650.0,1629150.0,0.20146878,10.007959,225,0
atitlan,2025-01-18,706950.0,1629150.0,0.14735992,8.93541,225,0
atitlan,2025-01-18,707250.0,1629150.0,0.24919432,12.811986,225,1
atitlan,2025-01-18,707550.0,1629150.0,0.1830842,9.809214,225,0
atitlan,2025-01-18,707850.0,1629150.0,0.22035058,9.652249,45,0
atitlan,2025-01-18,680250.0,1629450.0,0.35123715,26.585539,180,1
atitlan,2025-01-18,680550.0,1629450.0,0.33784968,23.873192,225,1
atitlan,2025-01-18,680850.0,1629450.0,0.30154786,18.517721,225,1
atitlan,2025-01-18,681150.0,1629450.0,0.3143877,19.438696,225,1
atitlan,2025-01-18,681450.0,1629450.0,0.31916258,21.006533,225,1
atitlan,2025-01-18,681750.0,1629450.0,0.26707673,15.674433,225,1
atitlan,2025-01-18,682050.0,1629450.0,0.24568686,12.838078,225,1
atitlan,2025-01-18,682350.0,1629450.0,0.25307006,13.976509,225,1
atitlan,2025-01-18,682650.0,1629450.0,0.34289438,24.573309,225,1
atitlan,2025-01-18,682950.0,1629450.0,0.34087527,23.557981,225,1
atitlan,2025-01-18,683250.0,1629450.0,0.30019486,18.824402,225,1
atitlan,2025-01-18,683550.0,1629450.0,0.3022914,18.234148,225,1
atitlan,2025-01-18,683850.0,1629450.0,0.2773556,16.838596,225,1
atitlan,2025-01-18,684150.0,1629450.0,0.31629303,20.233192,225,1
atitlan,2025-01-18,684450.0,1629450.0,0.29036817,17.247923,225,1
atitlan,2025-01-18,684750.0,1629450.0,0.28555647,15.65727,225,1
atitlan,2025-01-18,685050.0,1629450.0,0.27141574,15.042696,225,1
atitlan,2025-01-18,685350.0,1629450.0,0.27844068,15.798724,225,1
atitlan,2025-01-18,685650.0,1629450.0,0.29379526,17.868391,225,1
atitlan,2025-01-18,685950.0,1629450.0,0.29188326,16.811142,225,1
atitlan,2025-01-18,686250.0,1629450.0,0.28870338,16.333,225,1
atitlan,2025-01-18,686550.0,1629450.0,0.27231914,14.294946,225,1
atitlan,2025-01-18,686850.0,1629450.0,0.28218687,15.356097,225,1
atitlan,2025-01-18,687150.0,1629450.0,0.2502492,12.848266,225,1
atitlan,2025-01-18,687450.0,1629450.0,0.27998307,15.693304,225,1
atitlan,2025-01-18,687750.0,1629450.0,0.2521731,12.720954,225,1
atitlan,2025-01-18,688050.0,1629450.0,0.27770016,15.212615,225,1
atitlan,2025-01-18,688350.0,1629450.0,0.25696015,13.322318,225,1
atitlan,2025-01-18,688650.0,1629450.0,0.21016093,12.231313,225,1
atitlan,2025-01-18,688950.0,1629450.0,0.1594868,9.193838,225,0
atitlan,2025-01-18,689250.0,1629450.0,0.18398368,11.206751,225,0
atitlan,2025-01-18,689550.0,1629450.0,0.2258144,13.089083,225,1
atitlan,2025-01-18,689850.0,1629450.0,0.23037441,11.70403,225,0
atitlan,2025-01-18,690150.0,1629450.0,0.19226778,9.036229,225,0
atitlan,2025-01-18,690450.0,1629450.0,0.21740983,10.981189,225,0
atitlan,2025-01-18,690750.0,1629450.0,0.17505407,8.743364,225,0
atitlan,2025-01-18,691050.0,1629450.0,0.0869062,5.842553,225,0
atitlan,2025-01-18,691350.0,1629450.0,-0.08272897,0.8677945,225,0
atitlan,2025-01-18,691650.0,1629450.0,-0.09118618,0.4688926,225,0
atitlan,2025-01-18,691950.0,1629450.0,-0.09250829,0.4599302,225,0
atitlan,2025-01-18,692250.0,1629450.0,-0.08794359,0.63023996,225,0
atitlan,2025-01-18,692550.0,1629450.0,-0.09121111,0.46512398,225,0
atitlan,2025-01-18,692850.0,1629450.0,-0.09081689,0.519046,225,0
atitlan,2025-01-18,693150.0,1629450.0,-0.09110943,0.48151982,225,0
atitlan,2025-01-18,693450.0,1629450.0,-0.09355287,0.36481187,225,0
atitlan,2025-01-18,693750.0,1629450.0,-0.09207307,0.454384,225,0
atitlan,2025-01-18,694050.0,1629450.0,-0.088929504,0.5867789,225,0
atitlan,2025-01-18,694350.0,1629450.0,-0.09288672,0.43778297,225,0
atitlan,2025-01-18,694650.0,1629450.0,-0.0890013,0.5923788,225,0
atitlan,2025-01-18,694950.0,1629450.0,-0.09348154,0.4118729,225,0
atitlan,2025-01-18,695250.0,1629450.0,-0.09373086,0.3995814,225,0
atitlan,2025-01-18,695550.0,1629450.0,-0.09158686,0.47617117,225,0
atitlan,2025-01-18,695850.0,1629450.0,-0.09418469,0.40119186,225,0
atitlan,2025-01-18,696150.0,1629450.0,-0.097175434,0.22597641,225,0
atitlan,2025-01-18,696450.0,1629450.0,-0.09622911,0.32053316,225,0
atitlan,2025-01-18,696750.0,1629450.0,-0.09754691,0.27951956,225,0
atitlan,2025-01-18,697050.0,1629450.0,-0.097116925,0.32414767,225,0
atitlan,2025-01-18,697350.0,1629450.0,-0.09327844,0.42813143,225,0
atitlan,2025-01-18,697650.0,1629450.0,-0.09636047,0.24270713,225,0
atitlan,2025-01-18,697950.0,1629450.0,-0.089797124,0.5511862,225,0
atitlan,2025-01-18,698250.0,1629450.0,-0.08898023,0.6114208,225,0
atitlan,2025-01-18,698550.0,1629450.0,-0.07151997,1.2652824,225,0
atitlan,2025-01-18,698850.0,1629450.0,-0.052460324,2.1593227,225,0
atitlan,2025-01-18,699150.0,1629450.0,-0.055130746,1.8923173,225,0
atitlan,2025-01-18,699450.0,1629450.0,0.0125349825,5.541901,225,0
atitlan,2025-01-18,699750.0,1629450.0,0.16950129,10.814928,225,0
atitlan,2025-01-18,700050.0,1629450.0,0.22021316,11.003098,225,0
atitlan,2025-01-18,700350.0,1629450.0,0.2529017,12.308325,225,1
atitlan,2025-01-18,700650.0,1629450.0,0.21282747,11.472024,225,0
atitlan,2025-01-18,700950.0,1629450.0,0.26115435,14.198949,225,1
atitlan,2025-01-18,701250.0,1629450.0,0.2544284,13.861611,225,1
atitlan,2025-01-18,701550.0,1629450.0,0.17536281,10.634043,225,0
atitlan,2025-01-18,701850.0,1629450.0,0.19749402,9.926874,225,0
atitlan,2025-01-18,702150.0,1629450.0,0.20180635,10.5638,225,0
atitlan,2025-01-18,702450.0,1629450.0,0.23248024,11.740859,225,0
atitlan,2025-01-18,702750.0,1629450.0,0.19256492,8.8344345,225,0
atitlan,2025-01-18,703050.0,1629450.0,0.21188922,10.667398,225,0
atitlan,2025-01-18,703350.0,1629450.0,0.16554493,8.855427,225,0
atitlan,2025-01-18,703650.0,1629450.0,0.109760515,6.01693,225,0
atitlan,2025-01-18,703950.0,1629450.0,0.14562038,7.59723,225,0
atitlan,2025-01-18,704250.0,1629450.0,0.18821163,10.120662,225,0
atitlan,2025-01-18,704550.0,1629450.0,0.1433462,6.6227407,225,0
atitlan,2025-01-18,704850.0,1629450.0,0.12564611,5.9741416,225,0
atitlan,2025-01-18,705150.0,1629450.0,0.1961188,11.341824,225,0
atitlan,2025-01-18,705450.0,1629450.0,0.20930089,13.354886,225,1
atitlan,2025-01-18,705750.0,1629450.0,0.23252909,11.63048,225,0
atitlan,2025-01-18,706050.0,1629450.0,0.238829,12.330423,225,1
atitlan,2025-01-18,706350.0,1629450.0,0.21650952,11.224962,225,0
atitlan,2025-01-18,706650.0,1629450.0,0.20671369,10.998454,225,0
atitlan,2025-01-18,706950.0,1629450.0,0.22233246,10.674536,225,0
atitlan,2025-01-18,707250.0,1629450.0,0.23798983,11.864764,225,0
atitlan,2025-01-18,707550.0,1629450.0,0.21668306,11.0183525,225,0
atitlan,2025-01-18,707850.0,1629450.0,0.24033846,12.441372,45,1
atitlan,2025-01-18,680250.0,1629750.0,0.35160202,26.323923,180,1
atitlan,2025-01-18,680550.0,1629750.0,0.31873265,21.509092,225,1
atitlan,2025-01-18,680850.0,1629750.0,0.2810035,18.361063,225,1
atitlan,2025-01-18,681150.0,1629750.0,0.32835832,23.028791,225,1
atitlan,2025-01-18,681450.0,1629750.0,0.31295064,21.352272,225,1
atitlan,2025-01-18,681750.0,1629750.0,0.33503756,23.719452,225,1
atitlan,2025-01-18,682050.0,1629750.0,0.3053606,20.235067,225,1
atitlan,2025-01-18,682350.0,1629750.0,0.25682047,13.695262,225,1
atitlan,2025-01-18,682650.0,1629750.0,0.24371599,13.887238,225,1
atitlan,2025-01-18,682950.0,1629750.0,0.31169397,21.420658,225,1
atitlan,2025-01-18,683250.0,1629750.0,0.3399693,23.498503,225,1
atitlan,2025-01-18,683550.0,1629750.0,0.34371233,24.739601,225,1
atitlan,2025-01-18,683850.0,1629750.0,0.30585906,19.63745,225,1
atitlan,2025-01-18,684150.0,1629750.0,0.32190448,20.879482,225,1
atitlan,2025-01-18,684450.0,1629750.0,0.31299248,19.96302,225,1
atitlan,2025-01-18,684750.0,1629750.0,0.31802192,21.07805,225,1
atitlan,2025-01-18,685050.0,1629750.0,0.2578043,14.088978,225,1
atitlan,2025-01-18,685350.0,1629750.0,0.32092798,21.541136,225,1
atitlan,2025-01-18,685650.0,1629750.0,0.33504617,23.472366,225,1
atitlan,2025-01-18,685950.0,1629750.0,0.30894122,19.473166,225,1
atitlan,2025-01-18,686250.0,1629750.0,0.31054935,19.79192,225,1
atitlan,2025-01-18,686550.0,1629750.0,0.2971521,17.537287,225,1
atitlan,2025-01-18,686850.0,1629750.0,0.2949437,16.569199,225,1
atitlan,2025-01-18,687150.0,1629750.0,0.28945452,16.247087,225,1
atitlan,2025-01-18,687450.0,1629750.0,0.2741911,14.567941,225,1
atitlan,2025-01-18,687750.0,1629750.0,0.29334435,16.88712,225,1
atitlan,2025-01-18,688050.0,1629750.0,0.28337628,15.936301,225,1
atitlan,2025-01-18,688350.0,1629750.0,0.25151873,12.877778,225,1
atitlan,2025-01-18,688650.0,1629750.0,0.20224872,11.644605,225,0
atitlan,2025-01-18,688950.0,1629750.0,0.23755749,13.593319,225,1
atitlan,2025-01-18,689250.0,1629750.0,0.24651703,11.882046,225,0
atitlan,2025-01-18,689550.0,1629750.0,0.24303855,12.299988,225,1
atitlan,2025-01-18,689850.0,1629750.0,0.2557527,13.135844,225,1
atitlan,2025-01-18,690150.0,1629750.0,0.21531582,10.613445,225,0
atitlan,2025-01-18,690450.0,1629750.0,0.24727713,12.820541,225,1
atitlan,2025-01-18,690750.0,1629750.0,0.21026489,9.524753,225,0
atitlan,2025-01-18,691050.0,1629750.0,0.18557125,8.550736,225,0
atitlan,2025-01-18,691350.0,1629750.0,0.1139141,9.879539,225,0
atitlan,2025-01-18,691650.0,1629750.0,-0.0666541,1.6650589,225,0
atitlan,2025-01-18,691950.0,1629750.0,-0.06719364,1.4216536,225,0
atitlan,2025-01-18,692250.0,1629750.0,-0.07387395,1.2090952,225,0
atitlan,2025-01-18,692550.0,1629750.0,-0.08385913,0.83136904,225,0
atitlan,2025-01-18,692850.0,1629750.0,-0.09076771,0.47258562,225,0
atitlan,2025-01-18,693150.0,1629750.0,-0.0918718,0.44347915,225,0
atitlan,2025-01-18,693450.0,1629750.0,-0.092949055,0.3734111,225,0
atitlan,2025-01-18,693750.0,1629750.0,-0.09126908,0.45926276,225,0
atitlan,2025-01-18,694050.0,1629750.0,-0.08835099,0.59528816,225,0
atitlan,2025-01-18,694350.0,1629750.0,-0.09118603,0.46573895,225,0
atitlan,2025-01-18,694650.0,1629750.0,-0.092448,0.4065728,225,0
atitlan,2025-01-18,694950.0,1629750.0,-0.09164529,0.48964295,225,0
atitlan,2025-01-18,695250.0,1629750.0,-0.09388557,0.40936643,225,0
atitlan,2025-01-18,695550.0,1629750.0,-0.091697745,0.44960806,225,0
atitlan,2025-01-18,695850.0,1629750.0,-0.09492732,0.36909762,225,0
atitlan,2025-01-18,696150.0,1629750.0,-0.09680908,0.28202307,225,0
atitlan,2025-01-18,696450.0,1629750.0,-0.09194608,0.45584556,225,0
atitlan,2025-01-18,696750.0,1629750.0,-0.09384428,0.38133016,225,0
atitlan,2025-01-18,697050.0,1629750.0,-0.09268766,0.39239803,225,0
atitlan,2025-01-18,697350.0,1629750.0,-0.088899374,0.5682795,225,0
atitlan,2025-01-18,697650.0,1629750.0,-0.087243006,0.6265885,225,0
atitlan,2025-01-18,697950.0,1629750.0,-0.085683264,0.6748836,225,0
atitlan,2025-01-18,698250.0,1629750.0,0.0060516447,5.228307,225,0
atitlan,2025-01-18,698550.0,1629750.0,0.15061302,11.023459,225,0
atitlan,2025-01-18,698850.0,1629750.0,0.16518228,10.812976,225,0
atitlan,2025-01-18,699150.0,1629750.0,0.21664561,12.963063,225,1
atitlan,2025-01-18,699450.0,1629750.0,0.2268133,11.588846,225,0
atitlan,2025-01-18,699750.0,1629750.0,0.23119338,10.985526,225,0
atitlan,2025-01-18,700050.0,1629750.0,0.23500475,11.098218,225,0
atitlan,2025-01-18,700350.0,1629750.0,0.24620341,11.871867,225,0
atitlan,2025-01-18,700650.0,1629750.0,0.23867431,13.694423,225,1
atitlan,2025-01-18,700950.0,1629750.0,0.2618362,15.604776,225,1
atitlan,2025-01-18,701250.0,1629750.0,0.20589152,12.471048,225,1
atitlan,2025-01-18,701550.0,1629750.0,0.18724512,11.094886,225,0
atitlan,2025-01-18,701850.0,1629750.0,0.24439476,13.023956,225,1
atitlan,2025-01-18,702150.0,1629750.0,0.22322547,11.901766,225,0
atitlan,2025-01-18,702450.0,1629750.0,0.24250878,13.40777,225,1
atitlan,2025-01-18,702750.0,1629750.0,0.25142783,14.581628,225,1
atitlan,2025-01-18,703050.0,1629750.0,0.19729134,12.07346,225,1
atitlan,2025-01-18,703350.0,1629750.0,0.15184902,8.605078,225,0
atitlan,2025-01-18,703650.0,1629750.0,0.13429737,7.2773256,225,0
atitlan,2025-01-18,703950.0,1629750.0,0.17809725,8.910774,225,0
atitlan,2025-01-18,704250.0,1629750.0,0.12109035,6.1798425,225,0
atitlan,2025-01-18,704550.0,1629750.0,0.14797288,7.423455,225,0
atitlan,2025-01-18,704850.0,1629750.0,0.16958664,9.175476,225,0
atitlan,2025-01-18,705150.0,1629750.0,0.20070584,11.422232,225,0
atitlan,2025-01-18,705450.0,1629750.0,0.21994035,14.141728,225,1
atitlan,2025-01-18,705750.0,1629750.0,0.22783925,12.201701,225,1
atitlan,2025-01-18,706050.0,1629750.0,0.23682624,13.400451,225,1
atitlan,2025-01-18,706350.0,1629750.0,0.26968136,14.9683075,225,1
atitlan,2025-01-18,706650.0,1629750.0,0.2287787,11.824512,225,0
atitlan,2025-01-18,706950.0,1629750.0,0.24703698,13.956022,225,1
atitlan,2025-01-18,707250.0,1629750.0,0.23551288,11.617887,225,0
atitlan,2025-01-18,707550.0,1629750.0,0.18365574,9.381258,225,0
atitlan,2025-01-18,707850.0,1629750.0,0.2345038,11.4010515,45,0
atitlan,2025-01-18,680250.0,1630050.0,0.31654537,22.55451,180,1
atitlan,2025-01-18,680550.0,1630050.0,0.30171445,18.887007,225,1
atitlan,2025-01-18,680850.0,1630050.0,0.33911142,23.73247,225,1
atitlan,2025-01-18,681150.0,1630050.0,0.32776123,22.676811,225,1
atitlan,2025-01-18,681450.0,1630050.0,0.27663538,16.490435,225,1
atitlan,2025-01-18,681750.0,1630050.0,0.31521147,20.347134,225,1
atitlan,2025-01-18,682050.0,1630050.0,0.33409393,22.880491,225,1
atitlan,2025-01-18,682350.0,1630050.0,0.32993805,26.530813,225,1
atitlan,2025-01-18,682650.0,1630050.0,0.2731852,15.16755,225,1
atitlan,2025-01-18,682950.0,1630050.0,0.26027724,15.27947,225,1
atitlan,2025-01-18,683250.0,1630050.0,0.29258868,18.317038,225,1
atitlan,2025-01-18,683550.0,1630050.0,0.35032094,25.510592,225,1
atitlan,2025-01-18,683850.0,1630050.0,0.3174298,20.54038,225,1
atitlan,2025-01-18,684150.0,1630050.0,0.3189032,21.480652,225,1
atitlan,2025-01-18,684450.0,1630050.0,0.3627151,28.715046,225,1
atitlan,2025-01-18,684750.0,1630050.0,0.31022075,20.273846,225,1
atitlan,2025-01-18,685050.0,1630050.0,0.26023442,13.722992,225,1
atitlan,2025-01-18,685350.0,1630050.0,0.32131195,21.651701,225,1
atitlan,2025-01-18,685650.0,1630050.0,0.31634316,22.147604,225,1
atitlan,2025-01-18,685950.0,1630050.0,0.31054753,20.151161,225,1
atitlan,2025-01-18,686250.0,1630050.0,0.28300306,17.914515,225,1
atitlan,2025-01-18,686550.0,1630050.0,0.29892406,17.706068,225,1
atitlan,2025-01-18,686850.0,1630050.0,0.3127247,18.792933,225,1
atitlan,2025-01-18,687150.0,1630050.0,0.29583204,17.316357,225,1
atitlan,2025-01-18,687450.0,1630050.0,0.26604053,14.125191,225,1
atitlan,2025-01-18,687750.0,1630050.0,0.29672062,17.44978,225,1
atitlan,2025-01-18,688050.0,1630050.0,0.26905704,14.381159,225,1
atitlan,2025-01-18,688350.0,1630050.0,0.24458665,15.018315,225,1
atitlan,2025-01-18,688650.0,1630050.0,0.22340041,12.708119,225,1
atitlan,2025-01-18,688950.0,1630050.0,0.2876951,17.175144,225,1
atitlan,2025-01-18,689250.0,1630050.0,0.26054296,13.271035,225,1
atitlan,2025-01-18,689550.0,1630050.0,0.26584828,14.250221,225,1
atitlan,2025-01-18,689850.0,1630050.0,0.23198576,13.232989,225,1
atitlan,2025-01-18,690150.0,1630050.0,0.23239566,12.438932,225,1
atitlan,2025-01-18,690450.0,1630050.0,0.21524945,10.865192,225,0
atitlan,2025-01-18,690750.0,1630050.0,0.22282863,10.695389,225,0
atitlan,2025-01-18,691050.0,1630050.0,0.22581723,10.873487,225,0
atitlan,2025-01-18,691350.0,1630050.0,0.23316307,11.470575,225,0
atitlan,2025-01-18,691650.0,1630050.0,0.1599283,10.187066,225,0
atitlan,2025-01-18,691950.0,1630050.0,0.21384741,12.585883,225,1
atitlan,2025-01-18,692250.0,1630050.0,0.16171525,7.2534533,225,0
atitlan,2025-01-18,692550.0,1630050.0,0.058303166,6.585807,225,0
atitlan,2025-01-18,692850.0,1630050.0,-0.08351822,0.85839313,225,0
atitlan,2025-01-18,693150.0,1630050.0,-0.08850653,0.5776344,225,0
atitlan,2025-01-18,693450.0,1630050.0,-0.08850797,0.58212376,225,0
atitlan,2025-01-18,693750.0,1630050.0,-0.09093701,0.49941885,225,0
atitlan,2025-01-18,694050.0,1630050.0,-0.086233266,0.70782614,225,0
atitlan,2025-01-18,694350.0,1630050.0,-0.087268576,0.67639124,225,0
atitlan,2025-01-18,694650.0,1630050.0,-0.09212232,0.43328568,225,0
atitlan,2025-01-18,694950.0,1630050.0,-0.088700324,0.56025016,225,0
atitlan,2025-01-18,695250.0,1630050.0,-0.08710259,0.6839437,225,0
atitlan,2025-01-18,695550.0,1630050.0,-0.08430627,0.786615,225,0
atitlan,2025-01-18,695850.0,1630050.0,-0.08585895,0.6996185,225,0
atitlan,2025-01-18,696150.0,1630050.0,-0.08616025,0.6773918,225,0
atitlan,2025-01-18,696450.0,1630050.0,-0.09041797,0.48341632,225,0
atitlan,2025-01-18,696750.0,1630050.0,-0.08552534,0.6714035,225,0
atitlan,2025-01-18,697050.0,1630050.0,-0.08956043,0.4550043,225,0
atitlan,2025-01-18,697350.0,1630050.0,-0.0874697,0.573154,225,0
atitlan,2025-01-18,697650.0,1630050.0,-0.084948815,0.73894477,225,0
atitlan,2025-01-18,697950.0,1630050.0,-0.005103574,3.618712,225,0
atitlan,2025-01-18,698250.0,1630050.0,0.08127729,6.4917393,225,0
atitlan,2025-01-18,698550.0,1630050.0,0.07862826,5.782309,225,0
atitlan,2025-01-18,698850.0,1630050.0,0.1053447,7.8722067,225,0
atitlan,2025-01-18,699150.0,1630050.0,0.11988174,8.164416,225,0
atitlan,2025-01-18,699450.0,1630050.0,0.25632688,12.986512,225,1
atitlan,2025-01-18,699750.0,1630050.0,0.2697408,13.460227,225,1
atitlan,2025-01-18,700050.0,1630050.0,0.20031789,9.78056,225,0
atitlan,2025-01-18,700350.0,1630050.0,0.1905009,10.009169,225,0
atitlan,2025-01-18,700650.0,1630050.0,0.24250625,14.022094,225,1
atitlan,2025-01-18,700950.0,1630050.0,0.21224168,10.379111,225,0
atitlan,2025-01-18,701250.0,1630050.0,0.17934291,9.830512,225,0
atitlan,2025-01-18,701550.0,1630050.0,0.22083986,12.3834505,225,1
atitlan,2025-01-18,701850.0,1630050.0,0.18976541,10.189807,225,0
atitlan,2025-01-18,702150.0,1630050.0,0.18455064,9.325201,225,0
atitlan,2025-01-18,702450.0,1630050.0,0.25720227,14.274722,225,1
atitlan,2025-01-18,702750.0,1630050.0,0.17224482,9.116136,225,0
atitlan,2025-01-18,703050.0,1630050.0,0.15303056,8.171608,225,0
atitlan,2025-01-18,703350.0,1630050.0,0.14155525,7.4780993,225,0
atitlan,2025-01-18,703650.0,1630050.0,0.13858216,6.730887,225,0
atitlan,2025-01-18,703950.0,1630050.0,0.13373236,6.1453,225,0
atitlan,2025-01-18,704250.0,1630050.0,0.14707752,7.3127527,225,0
atitlan,2025-01-18,704550.0,1630050.0,0.24755311,13.149854,225,1
atitlan,2025-01-18,704850.0,1630050.0,0.20662878,10.566653,225,0
atitlan,2025-01-18,705150.0,1630050.0,0.22670263,11.889316,225,0
atitlan,2025-01-18,705450.0,1630050.0,0.23350637,13.1362705,225,1
atitlan,2025-01-18,705750.0,1630050.0,0.2221782,11.891743,225,0
atitlan,2025-01-18,706050.0,1630050.0,0.2560353,14.160804,225,1
atitlan,2025-01-18,706350.0,1630050.0,0.3054571,19.140139,225,1
atitlan,2025-01-18,706650.0,1630050.0,0.2937126,17.831573,225,1
atitlan,2025-01-18,706950.0,1630050.0,0.28996927,16.58462,225,1
atitlan,2025-01-18,707250.0,1630050.0,0.23492971,11.6043005,225,0
atitlan,2025-01-18,707550.0,1630050.0,0.19363953,9.509747,225,0
atitlan,2025-01-18,707850.0,1630050.0,0.20519869,9.771887,45,0
atitlan,2025-01-18,680250.0,1630350.0,0.3270923,22.694004,180,1
atitlan,2025-01-18,680550.0,1630350.0,0.32608047,22.787418,225,1
atitlan,2025-01-18,680850.0,1630350.0,0.30079642,19.499159,225,1
atitlan,2025-01-18,681150.0,1630350.0,0.28085655,16.687687,225,1
atitlan,2025-01-18,681450.0,1630350.0,0.30844477,19.146631,225,1
atitlan,2025-01-18,681750.0,1630350.0,0.29316476,17.66582,225,1
atitlan,2025-01-18,682050.0,1630350.0,0.32447863,21.933834,225,1
atitlan,2025-01-18,682350.0,1630350.0,0.34405622,24.836967,225,1
atitlan,2025-01-18,682650.0,1630350.0,0.3341059,26.375587,225,1
atitlan,2025-01-18,682950.0,1630350.0,0.3088851,19.280132,225,1
atitlan,2025-01-18,683250.0,1630350.0,0.278014,16.266275,225,1
atitlan,2025-01-18,683550.0,1630350.0,0.34915507,26.523771,225,1
atitlan,2025-01-18,683850.0,1630350.0,0.32714984,22.380402,225,1
atitlan,2025-01-18,684150.0,1630350.0,0.3557264,27.205673,225,1
atitlan,2025-01-18,684450.0,1630350.0,0.35321167,27.937601,225,1
atitlan,2025-01-18,684750.0,1630350.0,0.32220525,21.805958,225,1
atitlan,2025-01-18,685050.0,1630350.0,0.30152485,18.595095,225,1
atitlan,2025-01-18,685350.0,1630350.0,0.2761248,16.529446,225,1
atitlan,2025-01-18,685650.0,1630350.0,0.2851424,17.058378,225,1
atitlan,2025-01-18,685950.0,1630350.0,0.27204633,16.146587,225,1
atitlan,2025-01-18,686250.0,1630350.0,0.29791808,17.894001,225,1
atitlan,2025-01-18,686550.0,1630350.0,0.31337443,19.363892,225,1
atitlan,2025-01-18,686850.0,1630350.0,0.32365182,22.078098,225,1
atitlan,2025-01-18,687150.0,1630350.0,0.32385024,21.198946,225,1
atitlan,2025-01-18,687450.0,1630350.0,0.32831895,21.454397,225,1
atitlan,2025-01-18,687750.0,1630350.0,0.30889985,18.83789,225,1
atitlan,2025-01-18,688050.0,1630350.0,0.29044914,18.023943,225,1
atitlan,2025-01-18,688350.0,1630350.0,0.2686287,17.11402,225,1
atitlan,2025-01-18,688650.0,1630350.0,0.22844142,13.601075,225,1
atitlan,2025-01-18,688950.0,1630350.0,0.23818633,12.469968,225,1
atitlan,2025-01-18,689250.0,1630350.0,0.2555189,13.976025,225,1
atitlan,2025-01-18,689550.0,1630350.0,0.24334198,14.542758,225,1
atitlan,2025-01-18,689850.0,1630350.0,0.18809374,11.104073,225,0
atitlan,2025-01-18,690150.0,1630350.0,0.23840158,14.898881,225,1
atitlan,2025-01-18,690450.0,1630350.0,0.23647544,13.3672285,225,1
atitlan,2025-01-18,690750.0,1630350.0,0.24872501,14.058175,225,1
atitlan,2025-01-18,691050.0,1630350.0,0.22657773,11.136054,225,0
atitlan,2025-01-18,691350.0,1630350.0,0.24647887,12.426434,225,1
atitlan,2025-01-18,691650.0,1630350.0,0.21796112,12.60508,225,1
atitlan,2025-01-18,691950.0,1630350.0,0.24801658,12.561257,225,1
atitlan,2025-01-18,692250.0,1630350.0,0.23752184,11.714853,225,0
atitlan,2025-01-18,692550.0,1630350.0,0.21501,11.857246,225,0
atitlan,2025-01-18,692850.0,1630350.0,0.060531836,7.0219736,225,0
atitlan,2025-01-18,693150.0,1630350.0,0.078080885,7.5188584,225,0
atitlan,2025-01-18,693450.0,1630350.0,0.078311965,7.6729,225,0
atitlan,2025-01-18,693750.0,1630350.0,-0.04543388,2.9380498,225,0
atitlan,2025-01-18,694050.0,1630350.0,0.053666826,5.5964303,225,0
atitlan,2025-01-18,694350.0,1630350.0,0.1637531,8.871566,225,0
atitlan,2025-01-18,694650.0,1630350.0,-0.07529849,1.1963414,225,0
atitlan,2025-01-18,694950.0,1630350.0,-0.07860539,1.0704111,225,0
atitlan,2025-01-18,695250.0,1630350.0,-0.068747275,1.4186635,225,0
atitlan,2025-01-18,695550.0,1630350.0,0.01362389,4.5415325,225,0
atitlan,2025-01-18,695850.0,1630350.0,0.04809633,5.333956,225,0
atitlan,2025-01-18,696150.0,1630350.0,-0.010408533,3.0189168,225,0
atitlan,2025-01-18,696450.0,1630350.0,-0.07768632,1.0292103,225,0
atitlan,2025-01-18,696750.0,1630350.0,-0.0890806,0.49883544,225,0
atitlan,2025-01-18,697050.0,1630350.0,-0.089052424,0.5596904,225,0
atitlan,2025-01-18,697350.0,1630350.0,-0.09279429,0.37214556,225,0
atitlan,2025-01-18,697650.0,1630350.0,-0.04401942,2.1991944,225,0
atitlan,2025-01-18,697950.0,1630350.0,0.1351989,9.70508,225,0
atitlan,2025-01-18,698250.0,1630350.0,0.10006916,7.1569777,225,0
atitlan,2025-01-18,698550.0,1630350.0,0.10672794,7.752621,225,0
atitlan,2025-01-18,698850.0,1630350.0,0.09558378,6.8597345,225,0
atitlan,2025-01-18,699150.0,1630350.0,0.14241385,9.661102,225,0
atitlan,2025-01-18,699450.0,1630350.0,0.21096015,9.776817,225,0
atitlan,2025-01-18,699750.0,1630350.0,0.23718114,11.882996,225,0
atitlan,2025-01-18,700050.0,1630350.0,0.18907265,12.132702,225,1
atitlan,2025-01-18,700350.0,1630350.0,0.16163918,9.204125,225,0
atitlan,2025-01-18,700650.0,1630350.0,0.19120768,9.871031,225,0
atitlan,2025-01-18,700950.0,1630350.0,0.17252623,9.155281,225,0
atitlan,2025-01-18,701250.0,1630350.0,0.1506899,9.9827795,225,0
atitlan,2025-01-18,701550.0,1630350.0,0.14577842,9.218922,225,0
atitlan,2025-01-18,701850.0,1630350.0,0.12724443,7.7332926,225,0
atitlan,2025-01-18,702150.0,1630350.0,0.22323997,10.673661,225,0
atitlan,2025-01-18,702450.0,1630350.0,0.23404908,11.856839,225,0
atitlan,2025-01-18,702750.0,1630350.0,0.17146805,9.044853,225,0
atitlan,2025-01-18,703050.0,1630350.0,0.15499648,8.257934,225,0
atitlan,2025-01-18,703350.0,1630350.0,0.13722381,6.687307,225,0
atitlan,2025-01-18,703650.0,1630350.0,0.1427783,7.488985,225,0
atitlan,2025-01-18,703950.0,1630350.0,0.15197055,7.5075912,225,0
atitlan,2025-01-18,704250.0,1630350.0,0.22575253,12.106207,225,1
atitlan,2025-01-18,704550.0,1630350.0,0.24561492,13.21181,225,1
atitlan,2025-01-18,704850.0,1630350.0,0.25911435,14.199705,225,1
atitlan,2025-01-18,705150.0,1630350.0,0.27903306,16.236437,225,1
atitlan,2025-01-18,705450.0,1630350.0,0.27312255,15.863911,225,1
atitlan,2025-01-18,705750.0,1630350.0,0.2636004,16.202374,225,1
atitlan,2025-01-18,706050.0,1630350.0,0.23648672,12.646513,225,1
atitlan,2025-01-18,706350.0,1630350.0,0.2582642,13.028334,225,1
atitlan,2025-01-18,706650.0,1630350.0,0.27484852,16.16291,225,1
atitlan,2025-01-18,706950.0,1630350.0,0.2774202,15.635023,225,1
atitlan,2025-01-18,707250.0,1630350.0,0.25351465,13.484605,225,1
atitlan,2025-01-18,707550.0,1630350.0,0.26629597,14.894855,225,1
atitlan,2025-01-18,707850.0,1630350.0,0.21126066,11.480174,45,0
atitlan,2025-01-18,680250.0,1630650.0,0.30582288,19.024963,180,1
atitlan,2025-01-18,680550.0,1630650.0,0.3053491,19.285898,225,1
atitlan,2025-01-18,680850.0,1630650.0,0.25604093,13.204084,225,1
atitlan,2025-01-18,681150.0,1630650.0,0.29339206,17.800968,225,1
atitlan,2025-01-18,681450.0,1630650.0,0.30268067,20.142849,225,1
atitlan,2025-01-18,681750.0,1630650.0,0.22183084,13.194719,225,1
atitlan,2025-01-18,682050.0,1630650.0,0.23375718,11.866376,225,0
atitlan,2025-01-18,682350.0,1630650.0,0.31840795,20.340105,225,1
atitlan,2025-01-18,682650.0,1630650.0,0.33107543,24.546787,225,1
atitlan,2025-01-18,682950.0,1630650.0,0.3317282,23.448406,225,1
atitlan,2025-01-18,683250.0,1630650.0,0.26789045,15.103963,225,1
atitlan,2025-01-18,683550.0,1630650.0,0.2628647,16.044247,225,1
atitlan,2025-01-18,683850.0,1630650.0,0.31014746,20.12709,225,1
atitlan,2025-01-18,684150.0,1630650.0,0.35817823,27.930866,225,1
atitlan,2025-01-18,684450.0,1630650.0,0.34741983,26.679674,225,1
atitlan,2025-01-18,684750.0,1630650.0,0.23238078,13.254035,225,1
atitlan,2025-01-18,685050.0,1630650.0,0.30160517,19.472902,225,1
atitlan,2025-01-18,685350.0,1630650.0,0.27308354,15.572513,225,1
atitlan,2025-01-18,685650.0,1630650.0,0.30209646,18.012827,225,1
atitlan,2025-01-18,685950.0,1630650.0,0.30006,19.280434,225,1
atitlan,2025-01-18,686250.0,1630650.0,0.31633168,20.61965,225,1
atitlan,2025-01-18,686550.0,1630650.0,0.30982667,19.266323,225,1
atitlan,2025-01-18,686850.0,1630650.0,0.3322497,23.269053,225,1
atitlan,2025-01-18,687150.0,1630650.0,0.31525165,19.923779,225,1
atitlan,2025-01-18,687450.0,1630650.0,0.30146992,18.989332,225,1
atitlan,2025-01-18,687750.0,1630650.0,0.29024982,17.063042,225,1
atitlan,2025-01-18,688050.0,1630650.0,0.31087077,20.286863,225,1
atitlan,2025-01-18,688350.0,1630650.0,0.2846177,16.52447,225,1
atitlan,2025-01-18,688650.0,1630650.0,0.23427756,12.616354,225,1
atitlan,2025-01-18,688950.0,1630650.0,0.22668052,12.222831,225,1
atitlan,2025-01-18,689250.0,1630650.0,0.26458257,15.514444,225,1
atitlan,2025-01-18,689550.0,1630650.0,0.25329983,14.833878,225,1
atitlan,2025-01-18,689850.0,1630650.0,0.26764596,15.715917,225,1
atitlan,2025-01-18,690150.0,1630650.0,0.26195216,15.8619175,225,1
atitlan,2025-01-18,690450.0,1630650.0,0.26029533,14.566697,225,1
atitlan,2025-01-18,690750.0,1630650.0,0.2196157,12.381876,225,1
atitlan,2025-01-18,691050.0,1630650.0,0.23106739,11.703642,225,0
atitlan,2025-01-18,691350.0,1630650.0,0.26276907,13.93468,225,1
atitlan,2025-01-18,691650.0,1630650.0,0.26226035,13.0325575,225,1
atitlan,2025-01-18,691950.0,1630650.0,0.27364042,14.92463,225,1
atitlan,2025-01-18,692250.0,1630650.0,0.26736972,13.446082,225,1
atitlan,2025-01-18,692550.0,1630650.0,0.26257694,14.122678,225,1
atitlan,2025-01-18,692850.0,1630650.0,0.21152978,12.559734,225,1
atitlan,2025-01-18,693150.0,1630650.0,0.19064415,11.480027,225,0
atitlan,2025-01-18,693450.0,1630650.0,0.25048855,14.800405,225,1
atitlan,2025-01-18,693750.0,1630650.0,0.23852658,13.668711,225,1
atitlan,2025-01-18,694050.0,1630650.0,0.2823961,16.190742,225,1
atitlan,2025-01-18,694350.0,1630650.0,0.26757962,14.642703,225,1
atitlan,2025-01-18,694650.0,1630650.0,0.20385815,12.820059,225,1
atitlan,2025-01-18,694950.0,1630650.0,0.16008244,9.893394,225,0
atitlan,2025-01-18,695250.0,1630650.0,0.100419976,7.153375,225,0
atitlan,2025-01-18,695550.0,1630650.0,0.16228174,7.6973004,225,0
atitlan,2025-01-18,695850.0,1630650.0,0.19436744,9.147896,225,0
atitlan,2025-01-18,696150.0,1630650.0,0.14827657,6.876715,225,0
atitlan,2025-01-18,696450.0,1630650.0,0.08884776,6.896786,225,0
atitlan,2025-01-18,696750.0,1630650.0,-0.08199382,0.9034998,225,0
atitlan,2025-01-18,697050.0,1630650.0,-0.09079795,0.47494805,225,0
atitlan,2025-01-18,697350.0,1630650.0,-0.088557236,0.5428181,225,0
atitlan,2025-01-18,697650.0,1630650.0,0.0572477,6.0875587,225,0
atitlan,2025-01-18,697950.0,1630650.0,0.12825389,7.9245877,225,0
atitlan,2025-01-18,698250.0,1630650.0,0.0906637,8.450655,225,0
atitlan,2025-01-18,698550.0,1630650.0,0.08592518,7.755165,225,0
atitlan,2025-01-18,698850.0,1630650.0,0.07611505,5.979383,225,0
atitlan,2025-01-18,699150.0,1630650.0,0.09892776,7.1108594,225,0
atitlan,2025-01-18,699450.0,1630650.0,0.19894195,9.619772,225,0
atitlan,2025-01-18,699750.0,1630650.0,0.19313872,9.104005,225,0
atitlan,2025-01-18,700050.0,1630650.0,0.24801598,13.385923,225,1
atitlan,2025-01-18,700350.0,1630650.0,0.22034632,12.41425,225,1
atitlan,2025-01-18,700650.0,1630650.0,0.1345123,7.945802,225,0
atitlan,2025-01-18,700950.0,1630650.0,0.116816096,7.538689,225,0
atitlan,2025-01-18,701250.0,1630650.0,0.12264399,7.3517504,225,0
atitlan,2025-01-18,701550.0,1630650.0,0.21466328,12.354773,225,1
atitlan,2025-01-18,701850.0,1630650.0,0.18410993,11.347694,225,0
atitlan,2025-01-18,702150.0,1630650.0,0.17599045,9.3678665,225,0
atitlan,2025-01-18,702450.0,1630650.0,0.22627182,12.224437,225,1
atitlan,2025-01-18,702750.0,1630650.0,0.16613977,8.632382,225,0
atitlan,2025-01-18,703050.0,1630650.0,0.13546301,7.068703,225,0
atitlan,2025-01-18,703350.0,1630650.0,0.12884106,6.9545226,225,0
atitlan,2025-01-18,703650.0,1630650.0,0.15748625,7.947835,225,0
atitlan,2025-01-18,703950.0,1630650.0,0.22485472,12.852373,225,1
atitlan,2025-01-18,704250.0,1630650.0,0.22564082,11.17038,225,0
atitlan,2025-01-18,704550.0,1630650.0,0.22351211,11.608698,225,0
atitlan,2025-01-18,704850.0,1630650.0,0.29279473,17.059572,225,1
atitlan,2025-01-18,705150.0,1630650.0,0.25996938,16.222612,225,1
atitlan,2025-01-18,705450.0,1630650.0,0.28695846,16.99782,225,1
atitlan,2025-01-18,705750.0,1630650.0,0.2928014,18.6176,225,1
atitlan,2025-01-18,706050.0,1630650.0,0.28414527,17.190163,225,1
atitlan,2025-01-18,706350.0,1630650.0,0.25312254,13.476084,225,1
atitlan,2025-01-18,706650.0,1630650.0,0.21932377,11.298688,225,0
atitlan,2025-01-18,706950.0,1630650.0,0.19305338,10.579647,225,0
atitlan,2025-01-18,707250.0,1630650.0,0.26489496,15.146009,225,1
atitlan,2025-01-18,707550.0,1630650.0,0.2166887,10.535427,225,0
atitlan,2025-01-18,707850.0,1630650.0,0.2556368,12.82542,45,1
atitlan,2025-01-18,680250.0,1630950.0,0.27381113,16.074564,180,1
atitlan,2025-01-18,680550.0,1630950.0,0.28396156,17.46212,225,1
atitlan,2025-01-18,680850.0,1630950.0,0.31148857,19.47159,225,1
atitlan,2025-01-18,681150.0,1630950.0,0.31205037,20.049673,225,1
atitlan,2025-01-18,681450.0,1630950.0,0.30734196,20.282564,225,1
atitlan,2025-01-18,681750.0,1630950.0,0.33758572,24.195253,225,1
atitlan,2025-01-18,682050.0,1630950.0,0.346181,25.234278,225,1
atitlan,2025-01-18,682350.0,1630950.0,0.31825557,22.227238,225,1
atitlan,2025-01-18,682650.0,1630950.0,0.3296861,24.495243,225,1
atitlan,2025-01-18,682950.0,1630950.0,0.30903187,20.224848,225,1
atitlan,2025-01-18,683250.0,1630950.0,0.3118772,20.600101,225,1
atitlan,2025-01-18,683550.0,1630950.0,0.31172034,20.91325,225,1
atitlan,2025-01-18,683850.0,1630950.0,0.33591625,24.086737,225,1
atitlan,2025-01-18,684150.0,1630950.0,0.3355145,24.457176,225,1
atitlan,2025-01-18,684450.0,1630950.0,0.3447132,25.332113,225,1
atitlan,2025-01-18,684750.0,1630950.0,0.29576772,19.52876,225,1
atitlan,2025-01-18,685050.0,1630950.0,0.30734706,19.172487,225,1
atitlan,2025-01-18,685350.0,1630950.0,0.33255425,22.73356,225,1
atitlan,2025-01-18,685650.0,1630950.0,0.3574866,27.403204,225,1
atitlan,2025-01-18,685950.0,1630950.0,0.31919226,21.43991,225,1
atitlan,2025-01-18,686250.0,1630950.0,0.33324528,23.077679,225,1
atitlan,2025-01-18,686550.0,1630950.0,0.34995833,25.702868,225,1
atitlan,2025-01-18,686850.0,1630950.0,0.30173427,19.006926,225,1
atitlan,2025-01-18,687150.0,1630950.0,0.29535246,18.82007,225,1
atitlan,2025-01-18,687450.0,1630950.0,0.29099023,18.865307,225,1
atitlan,2025-01-18,687750.0,1630950.0,0.27650565,17.056543,225,1
atitlan,2025-01-18,688050.0,1630950.0,0.289477,16.946451,225,1
atitlan,2025-01-18,688350.0,1630950.0,0.28171393,18.331081,225,1
atitlan,2025-01-18,688650.0,1630950.0,0.2666709,15.6787,225,1
atitlan,2025-01-18,688950.0,1630950.0,0.23684475,12.908437,225,1
atitlan,2025-01-18,689250.0,1630950.0,0.27722323,16.129469,225,1
atitlan,2025-01-18,689550.0,1630950.0,0.26573554,15.198482,225,1
atitlan,2025-01-18,689850.0,1630950.0,0.29616758,18.074318,225,1
atitlan,2025-01-18,690150.0,1630950.0,0.30356082,18.822638,225,1
atitlan,2025-01-18,690450.0,1630950.0,0.24167748,12.806264,225,1
atitlan,2025-01-18,690750.0,1630950.0,0.22528693,11.817616,225,0
atitlan,2025-01-18,691050.0,1630950.0,0.23712806,11.972822,225,0
atitlan,2025-01-18,691350.0,1630950.0,0.26449168,13.842972,225,1
atitlan,2025-01-18,691650.0,1630950.0,0.2777258,14.906033,225,1
atitlan,2025-01-18,691950.0,1630950.0,0.27700174,14.806311,225,1
atitlan,2025-01-18,692250.0,1630950.0,0.23864019,12.899555,225,1
atitlan,2025-01-18,692550.0,1630950.0,0.22169128,10.751537,225,0
atitlan,2025-01-18,692850.0,1630950.0,0.1910127,10.230129,225,0
atitlan,2025-01-18,693150.0,1630950.0,0.2239875,13.522438,225,1
atitlan,2025-01-18,693450.0,1630950.0,0.20492771,11.901165,225,0
atitlan,2025-01-18,693750.0,1630950.0,0.25519845,13.491023,225,1
atitlan,2025-01-18,694050.0,1630950.0,0.2763481,15.268538,225,1
atitlan,2025-01-18,694350.0,1630950.0,0.27234676,14.675002,225,1
atitlan,2025-01-18,694650.0,1630950.0,0.28937083,16.45505,225,1
atitlan,2025-01-18,694950.0,1630950.0,0.31611124,19.271471,225,1
atitlan,2025-01-18,695250.0,1630950.0,0.2627429,13.597914,225,1
atitlan,2025-01-18,695550.0,1630950.0,0.19296122,10.791648,225,0
atitlan,2025-01-18,695850.0,1630950.0,0.15963304,7.307838,225,0
atitlan,2025-01-18,696150.0,1630950.0,0.20636506,9.008917,225,0
atitlan,2025-01-18,696450.0,1630950.0,0.21935166,11.672109,225,0
atitlan,2025-01-18,696750.0,1630950.0,0.05934381,4.8204803,225,0
atitlan,2025-01-18,697050.0,1630950.0,-0.08529596,0.71372944,225,0
atitlan,2025-01-18,697350.0,1630950.0,-0.08257763,0.8814396,225,0
atitlan,2025-01-18,697650.0,1630950.0,0.038183313,4.6929374,225,0
atitlan,2025-01-18,697950.0,1630950.0,0.235843,11.739856,225,0
atitlan,2025-01-18,698250.0,1630950.0,0.18345754,10.654699,225,0
atitlan,2025-01-18,698550.0,1630950.0,0.09285135,8.07393,224,0
atitlan,2025-01-18,698850.0,1630950.0,0.06883432,5.4680333,225,0
atitlan,2025-01-18,699150.0,1630950.0,0.074799635,5.273953,225,0
atitlan,2025-01-18,699450.0,1630950.0,0.12701605,7.2144938,225,0
atitlan,2025-01-18,699750.0,1630950.0,0.22283752,10.444433,225,0
atitlan,2025-01-18,700050.0,1630950.0,0.2447758,12.426101,225,1
atitlan,2025-01-18,700350.0,1630950.0,0.23414806,13.7203,225,1
atitlan,2025-01-18,700650.0,1630950.0,0.16747428,11.575148,225,0
atitlan,2025-01-18,700950.0,1630950.0,0.077616885,6.5203557,225,0
atitlan,2025-01-18,701250.0,1630950.0,0.12325303,7.21433,225,0
atitlan,2025-01-18,701550.0,1630950.0,0.1863366,11.385374,225,0
atitlan,2025-01-18,701850.0,1630950.0,0.20010954,11.662416,225,0
atitlan,2025-01-18,702150.0,1630950.0,0.19293234,9.94663,225,0
atitlan,2025-01-18,702450.0,1630950.0,0.21804598,11.1827135,225,0
atitlan,2025-01-18,702750.0,1630950.0,0.17630485,9.7906,225,0
atitlan,2025-01-18,703050.0,1630950.0,0.13590854,6.4244194,225,0
atitlan,2025-01-18,703350.0,1630950.0,0.12369833,6.2218304,225,0
atitlan,2025-01-18,703650.0,1630950.0,0.1993564,11.077344,225,0
atitlan,2025-01-18,703950.0,1630950.0,0.2675953,15.040963,225,1
atitlan,2025-01-18,704250.0,1630950.0,0.27323887,16.150171,225,1
atitlan,2025-01-18,704550.0,1630950.0,0.24386618,12.714516,225,1
atitlan,2025-01-18,704850.0,1630950.0,0.2714978,14.440589,225,1
atitlan,2025-01-18,705150.0,1630950.0,0.24233721,14.526082,225,1
atitlan,2025-01-18,705450.0,1630950.0,0.26382482,15.353602,225,1
atitlan,2025-01-18,705750.0,1630950.0,0.29288933,18.040632,225,1
atitlan,2025-01-18,706050.0,1630950.0,0.29618472,18.033194,225,1
atitlan,2025-01-18,706350.0,1630950.0,0.26830313,14.553373,225,1
atitlan,2025-01-18,706650.0,1630950.0,0.22235855,12.262307,225,1
atitlan,2025-01-18,706950.0,1630950.0,0.23598635,14.371045,225,1
atitlan,2025-01-18,707250.0,1630950.0,0.29091346,17.416452,225,1
atitlan,2025-01-18,707550.0,1630950.0,0.23088613,12.144277,225,1
atitlan,2025-01-18,707850.0,1630950.0,0.1994633,10.301555,45,0
atitlan,2025-01-18,680250.0,1631250.0,0.3084869,19.375462,180,1
atitlan,2025-01-18,680550.0,1631250.0,0.30216214,19.126543,225,1
atitlan,2025-01-18,680850.0,1631250.0,0.3176894,20.383015,225,1
atitlan,2025-01-18,681150.0,1631250.0,0.30168554,18.856508,225,1
atitlan,2025-01-18,681450.0,1631250.0,0.2992119,18.11057,225,1
atitlan,2025-01-18,681750.0,1631250.0,0.29183316,17.586273,225,1
atitlan,2025-01-18,682050.0,1631250.0,0.26774973,13.908897,225,1
atitlan,2025-01-18,682350.0,1631250.0,0.3240106,23.123999,225,1
atitlan,2025-01-18,682650.0,1631250.0,0.3468517,24.831291,225,1
atitlan,2025-01-18,682950.0,1631250.0,0.35467872,27.858522,225,1
atitlan,2025-01-18,683250.0,1631250.0,0.3479445,27.18515,225,1
atitlan,2025-01-18,683550.0,1631250.0,0.30054772,19.749153,225,1
atitlan,2025-01-18,683850.0,1631250.0,0.32793236,22.283422,225,1
atitlan,2025-01-18,684150.0,1631250.0,0.33219802,22.88623,225,1
atitlan,2025-01-18,684450.0,1631250.0,0.33636615,24.582254,225,1
atitlan,2025-01-18,684750.0,1631250.0,0.26790887,18.745506,225,1
atitlan,2025-01-18,685050.0,1631250.0,0.32015902,20.808187,225,1
atitlan,2025-01-18,685350.0,1631250.0,0.34622982,25.063604,225,1
atitlan,2025-01-18,685650.0,1631250.0,0.3504029,25.762728,225,1
atitlan,2025-01-18,685950.0,1631250.0,0.34346995,24.200338,225,1
atitlan,2025-01-18,686250.0,1631250.0,0.34133288,24.694399,225,1
atitlan,2025-01-18,686550.0,1631250.0,0.30826592,20.925282,225,1
atitlan,2025-01-18,686850.0,1631250.0,0.3214149,22.080036,225,1
atitlan,2025-01-18,687150.0,1631250.0,0.295383,18.18204,225,1
atitlan,2025-01-18,687450.0,1631250.0,0.32134798,21.45396,225,1
atitlan,2025-01-18,687750.0,1631250.0,0.30140248,19.941727,225,1
atitlan,2025-01-18,688050.0,1631250.0,0.28343728,17.539846,225,1
atitlan,2025-01-18,688350.0,1631250.0,0.2032878,12.883912,225,1
atitlan,2025-01-18,688650.0,1631250.0,0.25820032,15.675311,225,1
atitlan,2025-01-18,688950.0,1631250.0,0.25223726,14.760336,225,1
atitlan,2025-01-18,689250.0,1631250.0,0.25900367,12.954088,225,1
atitlan,2025-01-18,689550.0,1631250.0,0.26815543,14.403988,225,1
atitlan,2025-01-18,689850.0,1631250.0,0.2978537,17.804193,225,1
atitlan,2025-01-18,690150.0,1631250.0,0.273724,17.329817,225,1
atitlan,2025-01-18,690450.0,1631250.0,0.25299945,13.88938,225,1
atitlan,2025-01-18,690750.0,1631250.0,0.25434634,14.230297,225,1
atitlan,2025-01-18,691050.0,1631250.0,0.25029978,12.346504,225,1
atitlan,2025-01-18,691350.0,1631250.0,0.27682304,14.723885,225,1
atitlan,2025-01-18,691650.0,1631250.0,0.27991182,15.301169,225,1
atitlan,2025-01-18,691950.0,1631250.0,0.25915524,13.294346,225,1
atitlan,2025-01-18,692250.0,1631250.0,0.27092412,14.909131,225,1
atitlan,2025-01-18,692550.0,1631250.0,0.28959173,17.134523,225,1
atitlan,2025-01-18,692850.0,1631250.0,0.25294283,13.259229,225,1
atitlan,2025-01-18,693150.0,1631250.0,0.27408868,15.701929,225,1
atitlan,2025-01-18,693450.0,1631250.0,0.23642951,12.859633,225,1
atitlan,2025-01-18,693750.0,1631250.0,0.27864337,16.88611,225,1
atitlan,2025-01-18,694050.0,1631250.0,0.27208915,14.5592785,225,1
atitlan,2025-01-18,694350.0,1631250.0,0.28286967,16.140692,225,1
atitlan,2025-01-18,694650.0,1631250.0,0.31325355,19.503464,225,1
atitlan,2025-01-18,694950.0,1631250.0,0.2916719,16.840597,225,1
atitlan,2025-01-18,695250.0,1631250.0,0.29788682,16.642498,225,1
atitlan,2025-01-18,695550.0,1631250.0,0.20966512,11.807838,225,0
atitlan,2025-01-18,695850.0,1631250.0,0.15469569,6.652538,225,0
atitlan,2025-01-18,696150.0,1631250.0,0.25871113,14.175621,225,1
atitlan,2025-01-18,696450.0,1631250.0,0.25362265,12.858551,225,1
atitlan,2025-01-18,696750.0,1631250.0,0.19691838,10.108919,225,0
atitlan,2025-01-18,697050.0,1631250.0,0.11071476,8.28542,225,0
atitlan,2025-01-18,697350.0,1631250.0,0.16107681,12.728288,225,1
atitlan,2025-01-18,697650.0,1631250.0,0.20877045,11.218606,225,0
atitlan,2025-01-18,697950.0,1631250.0,0.25348568,12.549225,225,1
atitlan,2025-01-18,698250.0,1631250.0,0.24322204,12.137517,225,1
atitlan,2025-01-18,698550.0,1631250.0,0.18040444,10.4852085,225,0
atitlan,2025-01-18,698850.0,1631250.0,0.1588633,9.261225,225,0
atitlan,2025-01-18,699150.0,1631250.0,0.11307058,8.080588,225,0
atitlan,2025-01-18,699450.0,1631250.0,0.0947476,7.9579477,225,0
atitlan,2025-01-18,699750.0,1631250.0,0.18836702,9.37877,225,0
atitlan,2025-01-18,700050.0,1631250.0,0.21653049,11.363648,225,0
atitlan,2025-01-18,700350.0,1631250.0,0.24620499,13.749498,225,1
atitlan,2025-01-18,700650.0,1631250.0,0.17816514,10.4117565,225,0
atitlan,2025-01-18,700950.0,1631250.0,0.12060052,7.483052,225,0
atitlan,2025-01-18,701250.0,1631250.0,0.110550135,6.4881744,225,0
atitlan,2025-01-18,701550.0,1631250.0,0.22332025,11.5446825,225,0
atitlan,2025-01-18,701850.0,1631250.0,0.28059408,16.504013,225,1
atitlan,2025-01-18,702150.0,1631250.0,0.22778603,12.444831,225,1
atitlan,2025-01-18,702450.0,1631250.0,0.22036071,11.526511,225,0
atitlan,2025-01-18,702750.0,1631250.0,0.18429492,9.48753,225,0
atitlan,2025-01-18,703050.0,1631250.0,0.17661643,9.6671,225,0
atitlan,2025-01-18,703350.0,1631250.0,0.12876914,6.297918,225,0
atitlan,2025-01-18,703650.0,1631250.0,0.17736973,9.654656,225,0
atitlan,2025-01-18,703950.0,1631250.0,0.22661611,12.811532,225,1
atitlan,2025-01-18,704250.0,1631250.0,0.24051741,13.199106,225,1
atitlan,2025-01-18,704550.0,1631250.0,0.26103914,13.7163,225,1
atitlan,2025-01-18,704850.0,1631250.0,0.25764722,13.611435,225,1
atitlan,2025-01-18,705150.0,1631250.0,0.23650412,13.483267,225,1
atitlan,2025-01-18,705450.0,1631250.0,0.23822792,13.697685,225,1
atitlan,2025-01-18,705750.0,1631250.0,0.2573991,16.283144,225,1
atitlan,2025-01-18,706050.0,1631250.0,0.27061144,16.896736,225,1
atitlan,2025-01-18,706350.0,1631250.0,0.25103897,16.388596,225,1
atitlan,2025-01-18,706650.0,1631250.0,0.2403345,15.25477,225,1
atitlan,2025-01-18,706950.0,1631250.0,0.21881792,12.008278,225,1
atitlan,2025-01-18,707250.0,1631250.0,0.26035422,14.069073,225,1
atitlan,2025-01-18,707550.0,1631250.0,0.23081191,12.949828,225,1
atitlan,2025-01-18,707850.0,1631250.0,0.17232366,9.140275,45,0
atitlan,2025-01-18,680250.0,1631550.0,0.3030481,20.180227,168,1
atitlan,2025-01-18,680550.0,1631550.0,0.32226035,21.669361,210,1
atitlan,2025-01-18,680850.0,1631550.0,0.32058612,20.362549,210,1
atitlan,2025-01-18,681150.0,1631550.0,0.2773866,15.9514265,210,1
atitlan,2025-01-18,681450.0,1631550.0,0.2701359,14.611624,210,1
atitlan,2025-01-18,681750.0,1631550.0,0.28822872,16.439213,210,1
atitlan,2025-01-18,682050.0,1631550.0,0.26628053,17.061148,210,1
atitlan,2025-01-18,682350.0,1631550.0,0.30526772,18.576717,210,1
atitlan,2025-01-18,682650.0,1631550.0,0.313344,22.865433,210,1
atitlan,2025-01-18,682950.0,1631550.0,0.35223192,26.703018,210,1
atitlan,2025-01-18,683250.0,1631550.0,0.28947464,19.049686,210,1
atitlan,2025-01-18,683550.0,1631550.0,0.21689346,12.478101,210,1
atitlan,2025-01-18,683850.0,1631550.0,0.2504096,13.749991,210,1
atitlan,2025-01-18,684150.0,1631550.0,0.24962762,12.726941,210,1
atitlan,2025-01-18,684450.0,1631550.0,0.34183055,25.77085,210,1
atitlan,2025-01-18,684750.0,1631550.0,0.3234898,21.685694,210,1
atitlan,2025-01-18,685050.0,1631550.0,0.33993825,23.979876,210,1
atitlan,2025-01-18,685350.0,1631550.0,0.34553263,24.471151,210,1
atitlan,2025-01-18,685650.0,1631550.0,0.3418902,23.840181,210,1
atitlan,2025-01-18,685950.0,1631550.0,0.37535423,31.359606,210,1
atitlan,2025-01-18,686250.0,1631550.0,0.3627013,28.980736,210,1
atitlan,2025-01-18,686550.0,1631550.0,0.32537743,22.23929,210,1
atitlan,2025-01-18,686850.0,1631550.0,0.3068921,19.354113,210,1
atitlan,2025-01-18,687150.0,1631550.0,0.29698583,18.549295,210,1
atitlan,2025-01-18,687450.0,1631550.0,0.29701427,19.324387,210,1
atitlan,2025-01-18,687750.0,1631550.0,0.30571103,19.748203,210,1
atitlan,2025-01-18,688050.0,1631550.0,0.29651904,19.13445,210,1
atitlan,2025-01-18,688350.0,1631550.0,0.29491845,18.361862,210,1
atitlan,2025-01-18,688650.0,1631550.0,0.2854221,16.222198,210,1
atitlan,2025-01-18,688950.0,1631550.0,0.27598307,16.089743,210,1
atitlan,2025-01-18,689250.0,1631550.0,0.28347328,15.968681,210,1
atitlan,2025-01-18,689550.0,1631550.0,0.2900866,17.258144,210,1
atitlan,2025-01-18,689850.0,1631550.0,0.32114497,20.676188,210,1
atitlan,2025-01-18,690150.0,1631550.0,0.32325473,20.68993,210,1
atitlan,2025-01-18,690450.0,1631550.0,0.31443202,19.85267,210,1
atitlan,2025-01-18,690750.0,1631550.0,0.30301306,18.652012,210,1
atitlan,2025-01-18,691050.0,1631550.0,0.27264473,14.95996,210,1
atitlan,2025-01-18,691350.0,1631550.0,0.22274749,10.510801,210,0
atitlan,2025-01-18,691650.0,1631550.0,0.27104652,14.436163,210,1
atitlan,2025-01-18,691950.0,1631550.0,0.287441,16.394127,210,1
atitlan,2025-01-18,692250.0,1631550.0,0.27458736,17.662977,210,1
atitlan,2025-01-18,692550.0,1631550.0,0.24966693,13.221069,210,1
atitlan,2025-01-18,692850.0,1631550.0,0.26102203,14.66706,210,1
atitlan,2025-01-18,693150.0,1631550.0,0.24948652,12.820048,210,1
atitlan,2025-01-18,693450.0,1631550.0,0.23790447,12.448984,210,1
atitlan,2025-01-18,693750.0,1631550.0,0.2393712,14.637478,210,1
atitlan,2025-01-18,694050.0,1631550.0,0.27081975,16.823193,210,1
atitlan,2025-01-18,694350.0,1631550.0,0.21673524,12.510497,210,1
atitlan,2025-01-18,694650.0,1631550.0,0.25356448,12.579833,210,1
atitlan,2025-01-18,694950.0,1631550.0,0.26157075,12.549971,210,1
atitlan,2025-01-18,695250.0,1631550.0,0.26879522,13.295342,210,1
atitlan,2025-01-18,695550.0,1631550.0,0.1359562,7.455201,210,0
atitlan,2025-01-18,695850.0,1631550.0,0.19698165,9.336371,210,0
atitlan,2025-01-18,696150.0,1631550.0,0.28851178,16.100779,210,1
atitlan,2025-01-18,696450.0,1631550.0,0.26788533,16.204353,210,1
atitlan,2025-01-18,696750.0,1631550.0,0.10050057,6.73693,210,0
atitlan,2025-01-18,697050.0,1631550.0,0.23836686,12.1078005,210,1
atitlan,2025-01-18,697350.0,1631550.0,0.28343686,18.231888,210,1
atitlan,2025-01-18,697650.0,1631550.0,0.22301583,13.149774,210,1
atitlan,2025-01-18,697950.0,1631550.0,0.2479653,11.362463,210,0
atitlan,2025-01-18,698250.0,1631550.0,0.2919504,16.078686,210,1
atitlan,2025-01-18,698550.0,1631550.0,0.25138536,11.91426,210,0
atitlan,2025-01-18,698850.0,1631550.0,0.26365602,13.533311,210,1
atitlan,2025-01-18,699150.0,1631550.0,0.22878315,12.800279,210,1
atitlan,2025-01-18,699450.0,1631550.0,0.11331584,7.8417764,210,0
atitlan,2025-01-18,699750.0,1631550.0,0.14558926,8.129074,210,0
atitlan,2025-01-18,700050.0,1631550.0,0.16475224,7.686842,210,0
atitlan,2025-01-18,700350.0,1631550.0,0.23025982,11.51914,210,0
atitlan,2025-01-18,700650.0,1631550.0,0.21833846,11.48141,210,0
atitlan,2025-01-18,700950.0,1631550.0,0.2130193,11.712555,210,0
atitlan,2025-01-18,701250.0,1631550.0,0.19090289,11.060738,210,0
atitlan,2025-01-18,701550.0,1631550.0,0.22158435,11.473278,210,0
atitlan,2025-01-18,701850.0,1631550.0,0.22529136,12.858264,210,1
atitlan,2025-01-18,702150.0,1631550.0,0.25649184,13.181015,210,1
atitlan,2025-01-18,702450.0,1631550.0,0.26680222,13.877517,210,1
atitlan,2025-01-18,702750.0,1631550.0,0.18584783,9.062879,210,0
atitlan,2025-01-18,703050.0,1631550.0,0.13789141,7.9610624,210,0
atitlan,2025-01-18,703350.0,1631550.0,0.14605974,7.8738008,210,0
atitlan,2025-01-18,703650.0,1631550.0,0.16155908,8.482808,210,0
atitlan,2025-01-18,703950.0,1631550.0,0.27692825,15.65278,210,1
atitlan,2025-01-18,704250.0,1631550.0,0.27566507,15.965559,210,1
atitlan,2025-01-18,704550.0,1631550.0,0.23202011,12.185957,210,1
atitlan,2025-01-18,704850.0,1631550.0,0.23331997,12.2601595,210,1
atitlan,2025-01-18,705150.0,1631550.0,0.23194274,12.58397,210,1
atitlan,2025-01-18,705450.0,1631550.0,0.14906113,8.351566,210,0
atitlan,2025-01-18,705750.0,1631550.0,0.13325842,8.119227,210,0
atitlan,2025-01-18,706050.0,1631550.0,0.22806294,14.265831,210,1
atitlan,2025-01-18,706350.0,1631550.0,0.2871014,19.781685,210,1
atitlan,2025-01-18,706650.0,1631550.0,0.2669987,18.586214,210,1
atitlan,2025-01-18,706950.0,1631550.0,0.2270036,11.471521,210,0
atitlan,2025-01-18,707250.0,1631550.0,0.22518003,11.911409,210,0
atitlan,2025-01-18,707550.0,1631550.0,0.23986946,13.704637,210,1
atitlan,2025-01-18,707850.0,1631550.0,0.22875999,12.422998,42,1
