lago,fecha,x,y,ndci,chl_a_estimada,pixeles_validos,alta_cianobacteria
atitlan,2026-03-24,680250.0,1614150.0,0.1302435,6.9061956,84,0
atitlan,2026-03-24,680550.0,1614150.0,0.27534184,13.773616,105,1
atitlan,2026-03-24,680850.0,1614150.0,0.29093334,15.427889,105,1
atitlan,2026-03-24,681150.0,1614150.0,0.27104762,13.157504,105,1
atitlan,2026-03-24,681450.0,1614150.0,0.2728536,13.513192,105,1
atitlan,2026-03-24,681750.0,1614150.0,0.25307742,11.580747,105,0
atitlan,2026-03-24,682050.0,1614150.0,0.2489432,11.817629,105,0
atitlan,2026-03-24,682350.0,1614150.0,0.29566628,16.062603,105,1
atitlan,2026-03-24,682650.0,1614150.0,0.29765058,16.302523,105,1
atitlan,2026-03-24,682950.0,1614150.0,0.25979605,12.483323,105,1
atitlan,2026-03-24,683250.0,1614150.0,0.2618158,12.351129,105,1
atitlan,2026-03-24,683550.0,1614150.0,0.26559204,14.039242,105,1
atitlan,2026-03-24,683850.0,1614150.0,0.29032025,15.331799,105,1
atitlan,2026-03-24,684150.0,1614150.0,0.27393413,13.52451,105,1
atitlan,2026-03-24,684450.0,1614150.0,0.2935267,15.679853,105,1
atitlan,2026-03-24,684750.0,1614150.0,0.22483829,10.851234,105,0
atitlan,2026-03-24,685050.0,1614150.0,0.19802539,8.572311,105,0
atitlan,2026-03-24,685350.0,1614150.0,0.08295408,5.5803604,105,0
atitlan,2026-03-24,685650.0,1614150.0,0.14838427,7.7514777,105,0
atitlan,2026-03-24,685950.0,1614150.0,0.296464,16.149715,105,1
atitlan,2026-03-24,686250.0,1614150.0,0.29004622,15.400979,105,1
atitlan,2026-03-24,686550.0,1614150.0,0.2977142,16.19861,105,1
atitlan,2026-03-24,686850.0,1614150.0,0.2931972,15.779028,105,1
atitlan,2026-03-24,687150.0,1614150.0,0.29193676,15.473159,105,1
atitlan,2026-03-24,687450.0,1614150.0,0.2975546,16.400488,105,1
atitlan,2026-03-24,687750.0,1614150.0,0.2629793,13.243218,105,1
atitlan,2026-03-24,688050.0,1614150.0,0.068924576,5.1285577,105,0
atitlan,2026-03-24,688350.0,1614150.0,0.06698498,4.8615904,105,0
atitlan,2026-03-24,688650.0,1614150.0,0.07444304,5.069097,105,0
atitlan,2026-03-24,688950.0,1614150.0,0.17184326,9.949257,105,0
atitlan,2026-03-24,689250.0,1614150.0,0.27724022,15.487256,105,1
atitlan,2026-03-24,689550.0,1614150.0,0.29831934,16.815363,105,1
atitlan,2026-03-24,689850.0,1614150.0,0.27665588,14.266976,105,1
atitlan,2026-03-24,690150.0,1614150.0,0.23674972,11.062773,105,0
atitlan,2026-03-24,690450.0,1614150.0,0.23481669,12.3482275,105,1
atitlan,2026-03-24,690750.0,1614150.0,0.25356406,12.4755335,105,1
atitlan,2026-03-24,691050.0,1614150.0,0.2836709,15.766914,105,1
atitlan,2026-03-24,691350.0,1614150.0,0.24428909,12.628785,105,1
atitlan,2026-03-24,691650.0,1614150.0,0.23559318,11.0165205,105,0
atitlan,2026-03-24,691950.0,1614150.0,0.26418832,12.506327,105,1
atitlan,2026-03-24,692250.0,1614150.0,0.2729431,13.590605,105,1
atitlan,2026-03-24,692550.0,1614150.0,0.25217628,11.623805,105,0
atitlan,2026-03-24,692850.0,1614150.0,0.19742222,8.713573,105,0
atitlan,2026-03-24,693150.0,1614150.0,0.080016665,4.96659,105,0
atitlan,2026-03-24,693450.0,1614150.0,0.06038031,4.987949,105,0
atitlan,2026-03-24,693750.0,1614150.0,0.08563239,5.45234,105,0
atitlan,2026-03-24,694050.0,1614150.0,0.22671185,11.357946,105,0
atitlan,2026-03-24,694350.0,1614150.0,0.30445966,18.491879,105,1
atitlan,2026-03-24,694650.0,1614150.0,0.32675076,21.332697,105,1
atitlan,2026-03-24,694950.0,1614150.0,0.3476425,24.496466,105,1
atitlan,2026-03-24,695250.0,1614150.0,0.34952664,24.8553,105,1
atitlan,2026-03-24,695550.0,1614150.0,0.35101026,25.193403,105,1
atitlan,2026-03-24,695850.0,1614150.0,0.3395265,23.16599,105,1
atitlan,2026-03-24,696150.0,1614150.0,0.31162906,18.558279,105,1
atitlan,2026-03-24,696450.0,1614150.0,0.30860353,18.213339,105,1
atitlan,2026-03-24,696750.0,1614150.0,0.28695548,15.519201,105,1
atitlan,2026-03-24,697050.0,1614150.0,0.223499,9.925345,105,0
atitlan,2026-03-24,697350.0,1614150.0,0.15200266,6.805552,105,0
atitlan,2026-03-24,697650.0,1614150.0,0.25373465,12.6529,105,1
atitlan,2026-03-24,697950.0,1614150.0,0.282026,15.549864,105,1
atitlan,2026-03-24,698250.0,1614150.0,0.25286496,12.320217,105,1
atitlan,2026-03-24,698550.0,1614150.0,0.24264579,11.973339,105,0
atitlan,2026-03-24,698850.0,1614150.0,0.25297144,12.521855,105,1
atitlan,2026-03-24,699150.0,1614150.0,0.2582389,13.147954,105,1
atitlan,2026-03-24,699450.0,1614150.0,0.23910397,10.988179,105,0
atitlan,2026-03-24,699750.0,1614150.0,0.2219843,9.802876,105,0
atitlan,2026-03-24,700050.0,1614150.0,0.212359,11.22514,105,0
atitlan,2026-03-24,700350.0,1614150.0,0.12941267,6.9983597,105,0
atitlan,2026-03-24,700650.0,1614150.0,0.07052018,4.822407,105,0
atitlan,2026-03-24,700950.0,1614150.0,0.07706368,4.9270716,105,0
atitlan,2026-03-24,701250.0,1614150.0,0.12813455,6.003325,105,0
atitlan,2026-03-24,701550.0,1614150.0,0.12702726,5.574184,105,0
atitlan,2026-03-24,701850.0,1614150.0,0.16939595,7.129928,105,0
atitlan,2026-03-24,702150.0,1614150.0,0.24604507,12.575674,105,1
atitlan,2026-03-24,702450.0,1614150.0,0.28549564,15.083466,105,1
atitlan,2026-03-24,702750.0,1614150.0,0.26337275,12.989469,105,1
atitlan,2026-03-24,703050.0,1614150.0,0.26762128,13.392034,105,1
atitlan,2026-03-24,703350.0,1614150.0,0.2877269,15.483177,105,1
atitlan,2026-03-24,703650.0,1614150.0,0.2369845,11.557459,105,0
atitlan,2026-03-24,703950.0,1614150.0,0.30057877,17.072342,105,1
atitlan,2026-03-24,704250.0,1614150.0,0.27555892,14.760428,105,1
atitlan,2026-03-24,704550.0,1614150.0,0.2852097,15.428917,105,1
atitlan,2026-03-24,704850.0,1614150.0,0.27516353,13.694834,105,1
atitlan,2026-03-24,705150.0,1614150.0,0.27682167,14.095464,105,1
atitlan,2026-03-24,705450.0,1614150.0,0.28382257,15.810415,105,1
atitlan,2026-03-24,705750.0,1614150.0,0.30863342,18.179373,105,1
atitlan,2026-03-24,706050.0,1614150.0,0.29523957,16.238586,105,1
atitlan,2026-03-24,706350.0,1614150.0,0.2919343,16.35823,105,1
atitlan,2026-03-24,706650.0,1614150.0,0.3117493,18.87264,105,1
atitlan,2026-03-24,706950.0,1614150.0,0.33247757,22.356117,105,1
atitlan,2026-03-24,707250.0,1614150.0,0.34126875,23.30086,105,1
atitlan,2026-03-24,707550.0,1614150.0,0.34373438,23.830011,105,1
atitlan,2026-03-24,707850.0,1614150.0,0.3301515,21.473446,21,1
atitlan,2026-03-24,680250.0,1614450.0,0.20941336,9.907033,180,0
atitlan,2026-03-24,680550.0,1614450.0,0.26195252,12.261391,225,1
atitlan,2026-03-24,680850.0,1614450.0,0.28114167,14.238966,225,1
atitlan,2026-03-24,681150.0,1614450.0,0.2872668,15.032945,225,1
atitlan,2026-03-24,681450.0,1614450.0,0.29963103,16.567625,225,1
atitlan,2026-03-24,681750.0,1614450.0,0.26849172,13.006799,225,1
atitlan,2026-03-24,682050.0,1614450.0,0.28865454,15.318581,225,1
atitlan,2026-03-24,682350.0,1614450.0,0.27758327,14.324408,225,1
atitlan,2026-03-24,682650.0,1614450.0,0.2899039,15.559915,225,1
atitlan,2026-03-24,682950.0,1614450.0,0.25015318,11.595622,225,0
atitlan,2026-03-24,683250.0,1614450.0,0.28907976,15.339456,225,1
atitlan,2026-03-24,683550.0,1614450.0,0.26173702,13.202323,225,1
atitlan,2026-03-24,683850.0,1614450.0,0.29806918,16.552956,225,1
atitlan,2026-03-24,684150.0,1614450.0,0.27480507,13.579807,225,1
atitlan,2026-03-24,684450.0,1614450.0,0.2818043,14.433118,225,1
atitlan,2026-03-24,684750.0,1614450.0,0.29390997,17.067177,225,1
atitlan,2026-03-24,685050.0,1614450.0,0.20579389,9.865045,225,0
atitlan,2026-03-24,685350.0,1614450.0,0.10879442,6.3172345,225,0
atitlan,2026-03-24,685650.0,1614450.0,0.18409684,8.986808,225,0
atitlan,2026-03-24,685950.0,1614450.0,0.29302347,15.966186,225,1
atitlan,2026-03-24,686250.0,1614450.0,0.2960058,16.078669,225,1
atitlan,2026-03-24,686550.0,1614450.0,0.28722242,14.97152,225,1
atitlan,2026-03-24,686850.0,1614450.0,0.2929425,15.819089,225,1
atitlan,2026-03-24,687150.0,1614450.0,0.3007263,16.835411,225,1
atitlan,2026-03-24,687450.0,1614450.0,0.2840932,14.818355,225,1
atitlan,2026-03-24,687750.0,1614450.0,0.23947828,12.043998,225,1
atitlan,2026-03-24,688050.0,1614450.0,0.15723394,7.0781736,225,0
atitlan,2026-03-24,688350.0,1614450.0,0.11258232,5.580821,225,0
atitlan,2026-03-24,688650.0,1614450.0,0.072511844,4.9379463,225,0
atitlan,2026-03-24,688950.0,1614450.0,0.16855931,9.9677725,225,0
atitlan,2026-03-24,689250.0,1614450.0,0.2561613,13.676873,225,1
atitlan,2026-03-24,689550.0,1614450.0,0.24430346,12.922439,225,1
atitlan,2026-03-24,689850.0,1614450.0,0.096249916,5.7925935,225,0
atitlan,2026-03-24,690150.0,1614450.0,0.08458933,5.452764,225,0
atitlan,2026-03-24,690450.0,1614450.0,0.20953266,11.865161,225,0
atitlan,2026-03-24,690750.0,1614450.0,0.19463858,9.778252,225,0
atitlan,2026-03-24,691050.0,1614450.0,0.2865543,15.603451,225,1
atitlan,2026-03-24,691350.0,1614450.0,0.28147197,14.745802,225,1
atitlan,2026-03-24,691650.0,1614450.0,0.2869341,15.235618,225,1
atitlan,2026-03-24,691950.0,1614450.0,0.27282462,13.993699,225,1
atitlan,2026-03-24,692250.0,1614450.0,0.28042835,14.383615,225,1
atitlan,2026-03-24,692550.0,1614450.0,0.26540372,12.848286,225,1
atitlan,2026-03-24,692850.0,1614450.0,0.2637994,13.670143,225,1
atitlan,2026-03-24,693150.0,1614450.0,0.1413224,7.1232657,225,0
atitlan,2026-03-24,693450.0,1614450.0,0.22201492,10.947021,225,0
atitlan,2026-03-24,693750.0,1614450.0,0.18864384,8.214814,225,0
atitlan,2026-03-24,694050.0,1614450.0,0.14320435,7.238116,225,0
atitlan,2026-03-24,694350.0,1614450.0,0.29897183,17.818361,225,1
atitlan,2026-03-24,694650.0,1614450.0,0.33881384,22.83473,225,1
atitlan,2026-03-24,694950.0,1614450.0,0.34065711,23.326126,225,1
atitlan,2026-03-24,695250.0,1614450.0,0.35097727,25.076376,225,1
atitlan,2026-03-24,695550.0,1614450.0,0.34568712,24.229008,225,1
atitlan,2026-03-24,695850.0,1614450.0,0.3300245,21.335854,225,1
atitlan,2026-03-24,696150.0,1614450.0,0.31912142,19.53599,225,1
atitlan,2026-03-24,696450.0,1614450.0,0.3134033,18.813156,225,1
atitlan,2026-03-24,696750.0,1614450.0,0.31866854,20.611086,225,1
atitlan,2026-03-24,697050.0,1614450.0,0.25268486,12.532891,225,1
atitlan,2026-03-24,697350.0,1614450.0,0.21142714,9.638753,225,0
atitlan,2026-03-24,697650.0,1614450.0,0.21865043,10.058421,225,0
atitlan,2026-03-24,697950.0,1614450.0,0.25705367,13.055618,225,1
atitlan,2026-03-24,698250.0,1614450.0,0.24189806,11.31332,225,0
atitlan,2026-03-24,698550.0,1614450.0,0.24804002,11.82925,225,0
atitlan,2026-03-24,698850.0,1614450.0,0.23355934,10.755113,225,0
atitlan,2026-03-24,699150.0,1614450.0,0.2317767,10.705188,225,0
atitlan,2026-03-24,699450.0,1614450.0,0.21862693,9.682588,225,0
atitlan,2026-03-24,699750.0,1614450.0,0.20568265,9.432218,225,0
atitlan,2026-03-24,700050.0,1614450.0,0.18215206,9.048408,225,0
atitlan,2026-03-24,700350.0,1614450.0,0.20821685,9.174302,225,0
atitlan,2026-03-24,700650.0,1614450.0,0.1634864,8.02468,225,0
atitlan,2026-03-24,700950.0,1614450.0,0.1055206,6.1323404,225,0
atitlan,2026-03-24,701250.0,1614450.0,0.21520361,10.91585,225,0
atitlan,2026-03-24,701550.0,1614450.0,0.19398057,9.017915,225,0
atitlan,2026-03-24,701850.0,1614450.0,0.16091761,8.407522,225,0
atitlan,2026-03-24,702150.0,1614450.0,0.12965044,6.9493775,225,0
atitlan,2026-03-24,702450.0,1614450.0,0.22865626,10.634755,225,0
atitlan,2026-03-24,702750.0,1614450.0,0.2661098,13.384193,225,1
atitlan,2026-03-24,703050.0,1614450.0,0.2732205,13.9783945,225,1
atitlan,2026-03-24,703350.0,1614450.0,0.24112122,10.785548,225,0
atitlan,2026-03-24,703650.0,1614450.0,0.24983457,12.607876,225,1
atitlan,2026-03-24,703950.0,1614450.0,0.25317156,12.3847685,225,1
atitlan,2026-03-24,704250.0,1614450.0,0.29677793,16.601791,225,1
atitlan,2026-03-24,704550.0,1614450.0,0.2966252,16.676826,225,1
atitlan,2026-03-24,704850.0,1614450.0,0.27450535,14.30505,225,1
atitlan,2026-03-24,705150.0,1614450.0,0.27912113,14.658417,225,1
atitlan,2026-03-24,705450.0,1614450.0,0.30098364,16.923388,225,1
atitlan,2026-03-24,705750.0,1614450.0,0.30612108,17.993671,225,1
atitlan,2026-03-24,706050.0,1614450.0,0.32293895,20.650991,225,1
atitlan,2026-03-24,706350.0,1614450.0,0.3055574,18.198025,225,1
atitlan,2026-03-24,706650.0,1614450.0,0.2915612,16.744106,225,1
atitlan,2026-03-24,706950.0,1614450.0,0.33641297,22.441154,225,1
atitlan,2026-03-24,707250.0,1614450.0,0.34672517,24.13004,225,1
atitlan,2026-03-24,707550.0,1614450.0,0.34450635,23.939936,225,1
atitlan,2026-03-24,707850.0,1614450.0,0.33092767,21.558388,45,1
atitlan,2026-03-24,680250.0,1614750.0,0.22797595,9.287704,180,0
atitlan,2026-03-24,680550.0,1614750.0,0.25913602,11.908899,225,0
atitlan,2026-03-24,680850.0,1614750.0,0.30005392,16.644875,225,1
atitlan,2026-03-24,681150.0,1614750.0,0.28346074,14.649877,225,1
atitlan,2026-03-24,681450.0,1614750.0,0.25867262,12.668363,225,1
atitlan,2026-03-24,681750.0,1614750.0,0.29580432,16.09765,225,1
atitlan,2026-03-24,682050.0,1614750.0,0.30553266,17.462843,225,1
atitlan,2026-03-24,682350.0,1614750.0,0.2639747,12.739267,225,1
atitlan,2026-03-24,682650.0,1614750.0,0.26606387,14.598759,225,1
atitlan,2026-03-24,682950.0,1614750.0,0.24215202,10.933373,225,0
atitlan,2026-03-24,683250.0,1614750.0,0.24896568,12.795041,225,1
atitlan,2026-03-24,683550.0,1614750.0,0.27667886,14.098767,225,1
atitlan,2026-03-24,683850.0,1614750.0,0.27397636,13.60996,225,1
atitlan,2026-03-24,684150.0,1614750.0,0.26133588,12.265234,225,1
atitlan,2026-03-24,684450.0,1614750.0,0.20042941,9.460687,225,0
atitlan,2026-03-24,684750.0,1614750.0,0.079959124,5.517583,225,0
atitlan,2026-03-24,685050.0,1614750.0,0.05589932,4.713601,225,0
atitlan,2026-03-24,685350.0,1614750.0,0.04936745,5.001064,225,0
atitlan,2026-03-24,685650.0,1614750.0,0.16151978,8.081344,225,0
atitlan,2026-03-24,685950.0,1614750.0,0.24745873,12.394371,225,1
atitlan,2026-03-24,686250.0,1614750.0,0.2587031,13.084412,225,1
atitlan,2026-03-24,686550.0,1614750.0,0.28374964,14.790146,225,1
atitlan,2026-03-24,686850.0,1614750.0,0.29275814,15.588977,225,1
atitlan,2026-03-24,687150.0,1614750.0,0.29683647,16.0766,225,1
atitlan,2026-03-24,687450.0,1614750.0,0.2924765,15.982046,225,1
atitlan,2026-03-24,687750.0,1614750.0,0.24846081,12.84875,225,1
atitlan,2026-03-24,688050.0,1614750.0,0.1242374,6.4057064,225,0
atitlan,2026-03-24,688350.0,1614750.0,0.026505474,4.4100037,225,0
atitlan,2026-03-24,688650.0,1614750.0,0.05623841,4.8420525,225,0
atitlan,2026-03-24,688950.0,1614750.0,0.107137255,5.9968367,225,0
atitlan,2026-03-24,689250.0,1614750.0,0.23473597,11.492193,225,0
atitlan,2026-03-24,689550.0,1614750.0,0.26457277,14.218221,225,1
atitlan,2026-03-24,689850.0,1614750.0,0.15878516,7.370116,225,0
atitlan,2026-03-24,690150.0,1614750.0,0.07171933,5.0358458,225,0
atitlan,2026-03-24,690450.0,1614750.0,0.09231153,5.463278,225,0
atitlan,2026-03-24,690750.0,1614750.0,0.1358476,6.933232,225,0
atitlan,2026-03-24,691050.0,1614750.0,0.27009687,14.424238,225,1
atitlan,2026-03-24,691350.0,1614750.0,0.2925665,16.934715,225,1
atitlan,2026-03-24,691650.0,1614750.0,0.2847164,15.505407,225,1
atitlan,2026-03-24,691950.0,1614750.0,0.25455508,12.77825,225,1
atitlan,2026-03-24,692250.0,1614750.0,0.27499813,14.366219,225,1
atitlan,2026-03-24,692550.0,1614750.0,0.20172805,9.609881,225,0
atitlan,2026-03-24,692850.0,1614750.0,0.29941753,16.583328,225,1
atitlan,2026-03-24,693150.0,1614750.0,0.28280905,14.601749,225,1
atitlan,2026-03-24,693450.0,1614750.0,0.27351484,14.726993,225,1
atitlan,2026-03-24,693750.0,1614750.0,0.20892595,9.684698,225,0
atitlan,2026-03-24,694050.0,1614750.0,0.23709828,11.431981,225,0
atitlan,2026-03-24,694350.0,1614750.0,0.30028516,16.959888,225,1
atitlan,2026-03-24,694650.0,1614750.0,0.32657653,20.6808,225,1
atitlan,2026-03-24,694950.0,1614750.0,0.3314947,21.547064,225,1
atitlan,2026-03-24,695250.0,1614750.0,0.34181368,23.344206,225,1
atitlan,2026-03-24,695550.0,1614750.0,0.33778325,22.64611,225,1
atitlan,2026-03-24,695850.0,1614750.0,0.33826023,22.834274,225,1
atitlan,2026-03-24,696150.0,1614750.0,0.32103315,20.014969,225,1
atitlan,2026-03-24,696450.0,1614750.0,0.29791886,16.41749,225,1
atitlan,2026-03-24,696750.0,1614750.0,0.30234388,17.467997,225,1
atitlan,2026-03-24,697050.0,1614750.0,0.25717887,12.492297,225,1
atitlan,2026-03-24,697350.0,1614750.0,0.24568187,12.827572,225,1
atitlan,2026-03-24,697650.0,1614750.0,0.2728224,14.663967,225,1
atitlan,2026-03-24,697950.0,1614750.0,0.26082063,13.047468,225,1
atitlan,2026-03-24,698250.0,1614750.0,0.2616888,12.818425,225,1
atitlan,2026-03-24,698550.0,1614750.0,0.25602397,12.23203,225,1
atitlan,2026-03-24,698850.0,1614750.0,0.21035376,9.499664,225,0
atitlan,2026-03-24,699150.0,1614750.0,0.22900389,10.768266,225,0
atitlan,2026-03-24,699450.0,1614750.0,0.21714233,9.553776,225,0
atitlan,2026-03-24,699750.0,1614750.0,0.20638812,8.56951,225,0
atitlan,2026-03-24,700050.0,1614750.0,0.2188547,9.167411,225,0
atitlan,2026-03-24,700350.0,1614750.0,0.24172848,10.741307,225,0
atitlan,2026-03-24,700650.0,1614750.0,0.23656996,10.54054,225,0
atitlan,2026-03-24,700950.0,1614750.0,0.1976693,8.653786,225,0
atitlan,2026-03-24,701250.0,1614750.0,0.16234277,7.1005807,225,0
atitlan,2026-03-24,701550.0,1614750.0,0.08929174,5.3560834,225,0
atitlan,2026-03-24,701850.0,1614750.0,0.08815055,6.1429524,225,0
atitlan,2026-03-24,702150.0,1614750.0,0.17936714,9.074212,225,0
atitlan,2026-03-24,702450.0,1614750.0,0.27442518,14.243095,225,1
atitlan,2026-03-24,702750.0,1614750.0,0.26929682,13.692989,225,1
atitlan,2026-03-24,703050.0,1614750.0,0.27841443,14.580528,225,1
atitlan,2026-03-24,703350.0,1614750.0,0.23475908,10.523699,225,0
atitlan,2026-03-24,703650.0,1614750.0,0.26390088,13.504475,225,1
atitlan,2026-03-24,703950.0,1614750.0,0.2541219,12.655386,225,1
atitlan,2026-03-24,704250.0,1614750.0,0.30480826,17.347618,225,1
atitlan,2026-03-24,704550.0,1614750.0,0.31061843,18.552073,225,1
atitlan,2026-03-24,704850.0,1614750.0,0.2867244,15.537068,225,1
atitlan,2026-03-24,705150.0,1614750.0,0.27847317,14.665306,225,1
atitlan,2026-03-24,705450.0,1614750.0,0.27720222,14.104415,225,1
atitlan,2026-03-24,705750.0,1614750.0,0.29024872,15.823649,225,1
atitlan,2026-03-24,706050.0,1614750.0,0.30708653,18.199884,225,1
atitlan,2026-03-24,706350.0,1614750.0,0.29975933,17.403954,225,1
atitlan,2026-03-24,706650.0,1614750.0,0.31069902,18.348183,225,1
atitlan,2026-03-24,706950.0,1614750.0,0.31775644,19.553364,225,1
atitlan,2026-03-24,707250.0,1614750.0,0.33968276,23.057041,225,1
atitlan,2026-03-24,707550.0,1614750.0,0.32297042,20.344572,225,1
atitlan,2026-03-24,707850.0,1614750.0,0.32551777,20.5577,45,1
atitlan,2026-03-24,680250.0,1615050.0,0.20035328,8.264068,180,0
atitlan,2026-03-24,680550.0,1615050.0,0.2318988,9.6369095,225,0
atitlan,2026-03-24,680850.0,1615050.0,0.25298253,12.064431,225,1
atitlan,2026-03-24,681150.0,1615050.0,0.26640582,12.908749,225,1
atitlan,2026-03-24,681450.0,1615050.0,0.21791446,10.217711,225,0
atitlan,2026-03-24,681750.0,1615050.0,0.26814985,13.260372,225,1
atitlan,2026-03-24,682050.0,1615050.0,0.30032864,16.633366,225,1
atitlan,2026-03-24,682350.0,1615050.0,0.28467533,15.268758,225,1
atitlan,2026-03-24,682650.0,1615050.0,0.13408078,6.9790473,225,0
atitlan,2026-03-24,682950.0,1615050.0,0.096323155,5.712252,225,0
atitlan,2026-03-24,683250.0,1615050.0,0.14668816,7.1141763,225,0
atitlan,2026-03-24,683550.0,1615050.0,0.16848496,7.7597547,225,0
atitlan,2026-03-24,683850.0,1615050.0,0.27370897,13.708318,225,1
atitlan,2026-03-24,684150.0,1615050.0,0.26487467,13.656302,225,1
atitlan,2026-03-24,684450.0,1615050.0,0.13895594,7.2111535,225,0
atitlan,2026-03-24,684750.0,1615050.0,0.075709194,5.413643,225,0
atitlan,2026-03-24,685050.0,1615050.0,0.059472147,4.8261986,225,0
atitlan,2026-03-24,685350.0,1615050.0,0.07054057,5.1868334,225,0
atitlan,2026-03-24,685650.0,1615050.0,0.06497649,5.107699,225,0
atitlan,2026-03-24,685950.0,1615050.0,0.11300673,6.550667,225,0
atitlan,2026-03-24,686250.0,1615050.0,0.12969513,7.732899,225,0
atitlan,2026-03-24,686550.0,1615050.0,0.27956632,14.179795,225,1
atitlan,2026-03-24,686850.0,1615050.0,0.29689914,16.174744,225,1
atitlan,2026-03-24,687150.0,1615050.0,0.30607665,17.495773,225,1
atitlan,2026-03-24,687450.0,1615050.0,0.29922107,16.704947,225,1
atitlan,2026-03-24,687750.0,1615050.0,0.25757265,13.704571,225,1
atitlan,2026-03-24,688050.0,1615050.0,0.100158036,5.637047,225,0
atitlan,2026-03-24,688350.0,1615050.0,0.043948013,4.8475523,225,0
atitlan,2026-03-24,688650.0,1615050.0,0.06447503,5.053023,225,0
atitlan,2026-03-24,688950.0,1615050.0,0.22856759,12.259995,225,1
atitlan,2026-03-24,689250.0,1615050.0,0.29989028,17.082485,225,1
atitlan,2026-03-24,689550.0,1615050.0,0.15881355,7.942965,225,0
atitlan,2026-03-24,689850.0,1615050.0,0.1241997,6.372749,225,0
atitlan,2026-03-24,690150.0,1615050.0,0.14039975,6.5321345,225,0
atitlan,2026-03-24,690450.0,1615050.0,0.20108901,9.027647,225,0
atitlan,2026-03-24,690750.0,1615050.0,0.25086284,12.395849,225,1
atitlan,2026-03-24,691050.0,1615050.0,0.24395747,13.491331,225,1
atitlan,2026-03-24,691350.0,1615050.0,0.20144925,10.208784,225,0
atitlan,2026-03-24,691650.0,1615050.0,0.2664531,14.393624,225,1
atitlan,2026-03-24,691950.0,1615050.0,0.19654514,8.596332,225,0
atitlan,2026-03-24,692250.0,1615050.0,0.18361036,7.982973,225,0
atitlan,2026-03-24,692550.0,1615050.0,0.25207418,13.363762,225,1
atitlan,2026-03-24,692850.0,1615050.0,0.28981885,15.430538,225,1
atitlan,2026-03-24,693150.0,1615050.0,0.2715754,13.461902,225,1
atitlan,2026-03-24,693450.0,1615050.0,0.12164147,7.013789,225,0
atitlan,2026-03-24,693750.0,1615050.0,0.04803571,4.807411,225,0
atitlan,2026-03-24,694050.0,1615050.0,0.2293769,11.99846,225,0
atitlan,2026-03-24,694350.0,1615050.0,0.2938983,16.707085,225,1
atitlan,2026-03-24,694650.0,1615050.0,0.31255004,18.545626,225,1
atitlan,2026-03-24,694950.0,1615050.0,0.32708132,20.714422,225,1
atitlan,2026-03-24,695250.0,1615050.0,0.34455997,24.253775,225,1
atitlan,2026-03-24,695550.0,1615050.0,0.28268796,19.107733,225,1
atitlan,2026-03-24,695850.0,1615050.0,0.32505178,21.579851,225,1
atitlan,2026-03-24,696150.0,1615050.0,0.3038559,17.881292,225,1
atitlan,2026-03-24,696450.0,1615050.0,0.29586563,16.401762,225,1
atitlan,2026-03-24,696750.0,1615050.0,0.30468744,18.520987,225,1
atitlan,2026-03-24,697050.0,1615050.0,0.26515806,13.374916,225,1
atitlan,2026-03-24,697350.0,1615050.0,0.25713402,12.944128,225,1
atitlan,2026-03-24,697650.0,1615050.0,0.25573567,15.452871,225,1
atitlan,2026-03-24,697950.0,1615050.0,0.28003827,15.438596,225,1
atitlan,2026-03-24,698250.0,1615050.0,0.25887078,13.408684,225,1
atitlan,2026-03-24,698550.0,1615050.0,0.26893502,14.014182,225,1
atitlan,2026-03-24,698850.0,1615050.0,0.25897348,12.516691,225,1
atitlan,2026-03-24,699150.0,1615050.0,0.24252993,11.31801,225,0
atitlan,2026-03-24,699450.0,1615050.0,0.2409652,10.836554,225,0
atitlan,2026-03-24,699750.0,1615050.0,0.23248798,10.243954,225,0
atitlan,2026-03-24,700050.0,1615050.0,0.2046333,8.56244,225,0
atitlan,2026-03-24,700350.0,1615050.0,0.20052616,7.9937983,225,0
atitlan,2026-03-24,700650.0,1615050.0,0.17772934,8.031643,225,0
atitlan,2026-03-24,700950.0,1615050.0,0.16638823,7.5267997,225,0
atitlan,2026-03-24,701250.0,1615050.0,0.17127255,7.4491806,225,0
atitlan,2026-03-24,701550.0,1615050.0,0.21471593,9.458616,225,0
atitlan,2026-03-24,701850.0,1615050.0,0.26659948,13.006989,225,1
atitlan,2026-03-24,702150.0,1615050.0,0.24004921,11.408534,225,0
atitlan,2026-03-24,702450.0,1615050.0,0.27480492,14.159897,225,1
atitlan,2026-03-24,702750.0,1615050.0,0.27880993,14.454561,225,1
atitlan,2026-03-24,703050.0,1615050.0,0.257914,12.070515,225,1
atitlan,2026-03-24,703350.0,1615050.0,0.24350372,11.21893,225,0
atitlan,2026-03-24,703650.0,1615050.0,0.2760588,14.397697,225,1
atitlan,2026-03-24,703950.0,1615050.0,0.26079664,12.889406,225,1
atitlan,2026-03-24,704250.0,1615050.0,0.3010602,17.557697,225,1
atitlan,2026-03-24,704550.0,1615050.0,0.3027275,17.941833,225,1
atitlan,2026-03-24,704850.0,1615050.0,0.25899133,13.367499,225,1
atitlan,2026-03-24,705150.0,1615050.0,0.26606312,13.927105,225,1
atitlan,2026-03-24,705450.0,1615050.0,0.28328383,15.169827,225,1
atitlan,2026-03-24,705750.0,1615050.0,0.28570062,14.999733,225,1
atitlan,2026-03-24,706050.0,1615050.0,0.27215496,13.431307,225,1
atitlan,2026-03-24,706350.0,1615050.0,0.2649986,12.8998785,225,1
atitlan,2026-03-24,706650.0,1615050.0,0.3082349,18.545351,225,1
atitlan,2026-03-24,706950.0,1615050.0,0.2586611,12.491097,225,1
atitlan,2026-03-24,707250.0,1615050.0,0.30434296,17.615414,225,1
atitlan,2026-03-24,707550.0,1615050.0,0.33588037,22.20688,225,1
atitlan,2026-03-24,707850.0,1615050.0,0.32633704,20.63157,45,1
atitlan,2026-03-24,680250.0,1615350.0,0.14326863,6.5714,180,0
atitlan,2026-03-24,680550.0,1615350.0,0.13251962,7.2268896,225,0
atitlan,2026-03-24,680850.0,1615350.0,0.2112284,10.635498,225,0
atitlan,2026-03-24,681150.0,1615350.0,0.19090463,9.664792,225,0
atitlan,2026-03-24,681450.0,1615350.0,0.089757234,5.9067583,225,0
atitlan,2026-03-24,681750.0,1615350.0,0.17011139,8.619057,225,0
atitlan,2026-03-24,682050.0,1615350.0,0.27389973,14.127362,225,1
atitlan,2026-03-24,682350.0,1615350.0,0.1951806,9.899121,225,0
atitlan,2026-03-24,682650.0,1615350.0,0.10701569,5.9628825,225,0
atitlan,2026-03-24,682950.0,1615350.0,0.056672934,4.8516846,225,0
atitlan,2026-03-24,683250.0,1615350.0,0.11444927,6.2560196,225,0
atitlan,2026-03-24,683550.0,1615350.0,0.115939155,6.684201,225,0
atitlan,2026-03-24,683850.0,1615350.0,0.24854386,11.534147,225,0
atitlan,2026-03-24,684150.0,1615350.0,0.3084509,17.845415,225,1
atitlan,2026-03-24,684450.0,1615350.0,0.26606992,14.994571,225,1
atitlan,2026-03-24,684750.0,1615350.0,0.20184015,10.466356,225,0
atitlan,2026-03-24,685050.0,1615350.0,0.1791897,8.269012,225,0
atitlan,2026-03-24,685350.0,1615350.0,0.08780524,5.392585,225,0
atitlan,2026-03-24,685650.0,1615350.0,0.091953665,6.3657594,225,0
atitlan,2026-03-24,685950.0,1615350.0,0.10193495,5.5182934,225,0
atitlan,2026-03-24,686250.0,1615350.0,0.03050207,4.455801,225,0
atitlan,2026-03-24,686550.0,1615350.0,0.22335654,11.303271,225,0
atitlan,2026-03-24,686850.0,1615350.0,0.30053446,16.71739,225,1
atitlan,2026-03-24,687150.0,1615350.0,0.3053246,17.370836,225,1
atitlan,2026-03-24,687450.0,1615350.0,0.30098626,16.836224,225,1
atitlan,2026-03-24,687750.0,1615350.0,0.3029692,17.581532,225,1
atitlan,2026-03-24,688050.0,1615350.0,0.23776588,13.838939,225,1
atitlan,2026-03-24,688350.0,1615350.0,0.21998611,11.180836,225,0
atitlan,2026-03-24,688650.0,1615350.0,0.2549517,12.9805,225,1
atitlan,2026-03-24,688950.0,1615350.0,0.2690617,13.581872,225,1
atitlan,2026-03-24,689250.0,1615350.0,0.2284697,11.001867,225,0
atitlan,2026-03-24,689550.0,1615350.0,0.23265034,11.159876,225,0
atitlan,2026-03-24,689850.0,1615350.0,0.24162802,11.59019,225,0
atitlan,2026-03-24,690150.0,1615350.0,0.21836632,9.436919,225,0
atitlan,2026-03-24,690450.0,1615350.0,0.24240331,11.627341,225,0
atitlan,2026-03-24,690750.0,1615350.0,0.21867718,10.969709,225,0
atitlan,2026-03-24,691050.0,1615350.0,0.19133608,9.084719,225,0
atitlan,2026-03-24,691350.0,1615350.0,0.10085882,5.6089826,225,0
atitlan,2026-03-24,691650.0,1615350.0,0.24975552,13.442396,225,1
atitlan,2026-03-24,691950.0,1615350.0,0.26259694,13.354986,225,1
atitlan,2026-03-24,692250.0,1615350.0,0.27208188,13.958883,225,1
atitlan,2026-03-24,692550.0,1615350.0,0.28427574,14.9927225,225,1
atitlan,2026-03-24,692850.0,1615350.0,0.29636323,16.46228,225,1
atitlan,2026-03-24,693150.0,1615350.0,0.14730196,6.461146,225,0
atitlan,2026-03-24,693450.0,1615350.0,0.089524165,5.376237,225,0
atitlan,2026-03-24,693750.0,1615350.0,0.060734283,5.05454,225,0
atitlan,2026-03-24,694050.0,1615350.0,0.15141912,8.323548,225,0
atitlan,2026-03-24,694350.0,1615350.0,0.21453929,10.510264,225,0
atitlan,2026-03-24,694650.0,1615350.0,0.25999406,13.397098,225,1
atitlan,2026-03-24,694950.0,1615350.0,0.31232372,19.58238,225,1
atitlan,2026-03-24,695250.0,1615350.0,0.3272313,22.892698,225,1
atitlan,2026-03-24,695550.0,1615350.0,0.32213882,22.292809,225,1
atitlan,2026-03-24,695850.0,1615350.0,0.31599033,21.28263,225,1
atitlan,2026-03-24,696150.0,1615350.0,0.30677152,18.904585,225,1
atitlan,2026-03-24,696450.0,1615350.0,0.23273985,13.536909,225,1
atitlan,2026-03-24,696750.0,1615350.0,0.18964633,10.039536,225,0
atitlan,2026-03-24,697050.0,1615350.0,0.24430943,12.233164,225,1
atitlan,2026-03-24,697350.0,1615350.0,0.27589303,14.789855,225,1
atitlan,2026-03-24,697650.0,1615350.0,0.2760755,15.825126,225,1
atitlan,2026-03-24,697950.0,1615350.0,0.28649685,15.8268585,225,1
atitlan,2026-03-24,698250.0,1615350.0,0.2790889,14.794046,225,1
atitlan,2026-03-24,698550.0,1615350.0,0.28126448,15.32451,225,1
atitlan,2026-03-24,698850.0,1615350.0,0.24847712,11.967902,225,0
atitlan,2026-03-24,699150.0,1615350.0,0.2363905,10.999465,225,0
atitlan,2026-03-24,699450.0,1615350.0,0.23094825,10.498676,225,0
atitlan,2026-03-24,699750.0,1615350.0,0.22114007,9.56922,225,0
atitlan,2026-03-24,700050.0,1615350.0,0.21118027,8.776948,225,0
atitlan,2026-03-24,700350.0,1615350.0,0.22277871,9.978703,225,0
atitlan,2026-03-24,700650.0,1615350.0,0.13167927,7.098979,225,0
atitlan,2026-03-24,700950.0,1615350.0,0.10779424,5.9782414,225,0
atitlan,2026-03-24,701250.0,1615350.0,0.17002562,7.6080074,225,0
atitlan,2026-03-24,701550.0,1615350.0,0.23656325,11.08739,225,0
atitlan,2026-03-24,701850.0,1615350.0,0.27019978,13.717807,225,1
atitlan,2026-03-24,702150.0,1615350.0,0.26438406,12.983787,225,1
atitlan,2026-03-24,702450.0,1615350.0,0.29551035,16.624006,225,1
atitlan,2026-03-24,702750.0,1615350.0,0.30379066,17.330841,225,1
atitlan,2026-03-24,703050.0,1615350.0,0.27389747,14.244566,225,1
atitlan,2026-03-24,703350.0,1615350.0,0.26461303,12.999401,225,1
atitlan,2026-03-24,703650.0,1615350.0,0.2770444,14.588408,225,1
atitlan,2026-03-24,703950.0,1615350.0,0.2923723,16.190907,225,1
atitlan,2026-03-24,704250.0,1615350.0,0.2978176,17.47727,225,1
atitlan,2026-03-24,704550.0,1615350.0,0.31074664,18.672148,225,1
atitlan,2026-03-24,704850.0,1615350.0,0.26824427,14.024199,225,1
atitlan,2026-03-24,705150.0,1615350.0,0.28531277,15.906913,225,1
atitlan,2026-03-24,705450.0,1615350.0,0.2895433,16.43213,225,1
atitlan,2026-03-24,705750.0,1615350.0,0.25866163,12.7782345,225,1
atitlan,2026-03-24,706050.0,1615350.0,0.2793651,14.630695,225,1
atitlan,2026-03-24,706350.0,1615350.0,0.28188184,14.525783,225,1
atitlan,2026-03-24,706650.0,1615350.0,0.30773628,18.062317,225,1
atitlan,2026-03-24,706950.0,1615350.0,0.27438924,13.862887,225,1
atitlan,2026-03-24,707250.0,1615350.0,0.2793602,14.353405,225,1
atitlan,2026-03-24,707550.0,1615350.0,0.26377165,12.954986,225,1
atitlan,2026-03-24,707850.0,1615350.0,0.26562086,13.880352,45,1
atitlan,2026-03-24,680250.0,1615650.0,0.111144595,6.148931,180,0
atitlan,2026-03-24,680550.0,1615650.0,0.0973754,5.5547266,225,0
atitlan,2026-03-24,680850.0,1615650.0,0.07979969,5.6416473,225,0
atitlan,2026-03-24,681150.0,1615650.0,0.075900376,5.5758886,225,0
atitlan,2026-03-24,681450.0,1615650.0,0.014372067,4.2527046,225,0
atitlan,2026-03-24,681750.0,1615650.0,0.015596807,4.29023,225,0
atitlan,2026-03-24,682050.0,1615650.0,0.031782094,4.5615053,225,0
atitlan,2026-03-24,682350.0,1615650.0,0.081704296,5.7472634,225,0
atitlan,2026-03-24,682650.0,1615650.0,0.20956121,9.697124,225,0
atitlan,2026-03-24,682950.0,1615650.0,0.11068505,6.068564,225,0
atitlan,2026-03-24,683250.0,1615650.0,0.24984148,12.404121,225,1
atitlan,2026-03-24,683550.0,1615650.0,0.23949927,11.603584,225,0
atitlan,2026-03-24,683850.0,1615650.0,0.20633075,10.018204,225,0
atitlan,2026-03-24,684150.0,1615650.0,0.26404935,13.571032,225,1
atitlan,2026-03-24,684450.0,1615650.0,0.28768975,16.55378,225,1
atitlan,2026-03-24,684750.0,1615650.0,0.23153251,11.279451,225,0
atitlan,2026-03-24,685050.0,1615650.0,0.18050338,8.569256,225,0
atitlan,2026-03-24,685350.0,1615650.0,0.21891597,10.2754755,225,0
atitlan,2026-03-24,685650.0,1615650.0,0.20746408,11.089024,225,0
atitlan,2026-03-24,685950.0,1615650.0,0.18261313,8.589298,225,0
atitlan,2026-03-24,686250.0,1615650.0,0.19012071,10.479365,225,0
atitlan,2026-03-24,686550.0,1615650.0,0.27724573,15.397612,225,1
atitlan,2026-03-24,686850.0,1615650.0,0.307025,17.723639,225,1
atitlan,2026-03-24,687150.0,1615650.0,0.30214185,17.135817,225,1
atitlan,2026-03-24,687450.0,1615650.0,0.2964298,16.168705,225,1
atitlan,2026-03-24,687750.0,1615650.0,0.28734824,15.852831,225,1
atitlan,2026-03-24,688050.0,1615650.0,0.28811997,15.725423,225,1
atitlan,2026-03-24,688350.0,1615650.0,0.25868824,12.612517,225,1
atitlan,2026-03-24,688650.0,1615650.0,0.26062116,13.850801,225,1
atitlan,2026-03-24,688950.0,1615650.0,0.24367177,12.930024,225,1
atitlan,2026-03-24,689250.0,1615650.0,0.19486666,9.781249,225,0
atitlan,2026-03-24,689550.0,1615650.0,0.20479739,9.573658,225,0
atitlan,2026-03-24,689850.0,1615650.0,0.24871737,12.583827,225,1
atitlan,2026-03-24,690150.0,1615650.0,0.24521534,12.165573,225,1
atitlan,2026-03-24,690450.0,1615650.0,0.24193466,11.793707,225,0
atitlan,2026-03-24,690750.0,1615650.0,0.22197974,11.0340805,225,0
atitlan,2026-03-24,691050.0,1615650.0,0.26007262,13.399085,225,1
atitlan,2026-03-24,691350.0,1615650.0,0.24050492,12.030667,225,1
atitlan,2026-03-24,691650.0,1615650.0,0.25325978,12.068053,225,1
atitlan,2026-03-24,691950.0,1615650.0,0.26257083,13.409454,225,1
atitlan,2026-03-24,692250.0,1615650.0,0.278373,14.885729,225,1
atitlan,2026-03-24,692550.0,1615650.0,0.286549,15.128356,225,1
atitlan,2026-03-24,692850.0,1615650.0,0.29227245,15.755723,225,1
atitlan,2026-03-24,693150.0,1615650.0,0.10284516,5.6939764,225,0
atitlan,2026-03-24,693450.0,1615650.0,0.029771203,4.3745804,225,0
atitlan,2026-03-24,693750.0,1615650.0,0.15719558,8.147055,225,0
atitlan,2026-03-24,694050.0,1615650.0,0.13942625,7.489548,225,0
atitlan,2026-03-24,694350.0,1615650.0,0.068571664,4.8829117,225,0
atitlan,2026-03-24,694650.0,1615650.0,0.15031166,8.923923,225,0
atitlan,2026-03-24,694950.0,1615650.0,0.27438822,14.840897,225,1
atitlan,2026-03-24,695250.0,1615650.0,0.17447144,8.841987,225,0
atitlan,2026-03-24,695550.0,1615650.0,0.226492,13.141371,225,1
atitlan,2026-03-24,695850.0,1615650.0,0.26401404,15.027211,225,1
atitlan,2026-03-24,696150.0,1615650.0,0.32210377,20.408993,225,1
atitlan,2026-03-24,696450.0,1615650.0,0.32087877,20.171034,225,1
atitlan,2026-03-24,696750.0,1615650.0,0.27736327,15.652757,225,1
atitlan,2026-03-24,697050.0,1615650.0,0.25271934,13.268961,225,1
atitlan,2026-03-24,697350.0,1615650.0,0.27113485,15.115835,225,1
atitlan,2026-03-24,697650.0,1615650.0,0.24806364,13.06316,225,1
atitlan,2026-03-24,697950.0,1615650.0,0.282307,16.627207,225,1
atitlan,2026-03-24,698250.0,1615650.0,0.29846102,16.968582,225,1
atitlan,2026-03-24,698550.0,1615650.0,0.2899389,16.494827,225,1
atitlan,2026-03-24,698850.0,1615650.0,0.28191704,14.8785095,225,1
atitlan,2026-03-24,699150.0,1615650.0,0.2363798,10.508535,225,0
atitlan,2026-03-24,699450.0,1615650.0,0.2423707,11.192518,225,0
atitlan,2026-03-24,699750.0,1615650.0,0.25210598,12.023241,225,1
atitlan,2026-03-24,700050.0,1615650.0,0.21857429,9.130581,225,0
atitlan,2026-03-24,700350.0,1615650.0,0.19697495,7.8463807,225,0
atitlan,2026-03-24,700650.0,1615650.0,0.1924534,8.105614,225,0
atitlan,2026-03-24,700950.0,1615650.0,0.1740073,7.67655,225,0
atitlan,2026-03-24,701250.0,1615650.0,0.22384359,10.284655,225,0
atitlan,2026-03-24,701550.0,1615650.0,0.27705258,14.406756,225,1
atitlan,2026-03-24,701850.0,1615650.0,0.28640777,16.05556,225,1
atitlan,2026-03-24,702150.0,1615650.0,0.29582143,17.085417,225,1
atitlan,2026-03-24,702450.0,1615650.0,0.28150356,15.018714,225,1
atitlan,2026-03-24,702750.0,1615650.0,0.26706722,13.381877,225,1
atitlan,2026-03-24,703050.0,1615650.0,0.26663473,14.112069,225,1
atitlan,2026-03-24,703350.0,1615650.0,0.2884979,15.709281,225,1
atitlan,2026-03-24,703650.0,1615650.0,0.23834006,11.658809,225,0
atitlan,2026-03-24,703950.0,1615650.0,0.29647824,16.278551,225,1
atitlan,2026-03-24,704250.0,1615650.0,0.28601518,15.774503,225,1
atitlan,2026-03-24,704550.0,1615650.0,0.301194,17.219988,225,1
atitlan,2026-03-24,704850.0,1615650.0,0.28062156,14.870684,225,1
atitlan,2026-03-24,705150.0,1615650.0,0.28636864,16.164406,225,1
atitlan,2026-03-24,705450.0,1615650.0,0.30424616,17.809769,225,1
atitlan,2026-03-24,705750.0,1615650.0,0.29639235,17.386236,225,1
atitlan,2026-03-24,706050.0,1615650.0,0.2973125,17.353096,225,1
atitlan,2026-03-24,706350.0,1615650.0,0.3192548,20.663916,225,1
atitlan,2026-03-24,706650.0,1615650.0,0.30727214,18.512774,225,1
atitlan,2026-03-24,706950.0,1615650.0,0.2898726,15.7371645,225,1
atitlan,2026-03-24,707250.0,1615650.0,0.29061067,15.68366,225,1
atitlan,2026-03-24,707550.0,1615650.0,0.2665364,13.065192,225,1
atitlan,2026-03-24,707850.0,1615650.0,0.2769702,13.80721,45,1
atitlan,2026-03-24,680250.0,1615950.0,0.12969269,6.2199864,180,0
atitlan,2026-03-24,680550.0,1615950.0,0.030901007,4.4750857,225,0
atitlan,2026-03-24,680850.0,1615950.0,0.014873246,4.258,225,0
atitlan,2026-03-24,681150.0,1615950.0,0.012037221,4.1903033,225,0
atitlan,2026-03-24,681450.0,1615950.0,0.0070466003,4.1746063,225,0
atitlan,2026-03-24,681750.0,1615950.0,0.0035966535,4.1100497,225,0
atitlan,2026-03-24,682050.0,1615950.0,0.018942531,4.2426534,225,0
atitlan,2026-03-24,682350.0,1615950.0,0.04014517,4.53449,225,0
atitlan,2026-03-24,682650.0,1615950.0,0.10984192,6.5722623,225,0
atitlan,2026-03-24,682950.0,1615950.0,0.1369802,6.6736984,225,0
atitlan,2026-03-24,683250.0,1615950.0,0.083197616,6.660012,225,0
atitlan,2026-03-24,683550.0,1615950.0,0.10730693,6.740829,225,0
atitlan,2026-03-24,683850.0,1615950.0,0.27261993,13.977365,225,1
atitlan,2026-03-24,684150.0,1615950.0,0.12442036,7.0840316,225,0
atitlan,2026-03-24,684450.0,1615950.0,0.14750141,8.892891,225,0
atitlan,2026-03-24,684750.0,1615950.0,0.17735544,9.948132,225,0
atitlan,2026-03-24,685050.0,1615950.0,0.19829229,10.160784,225,0
atitlan,2026-03-24,685350.0,1615950.0,0.16072635,8.564305,225,0
atitlan,2026-03-24,685650.0,1615950.0,0.052595068,4.819647,225,0
atitlan,2026-03-24,685950.0,1615950.0,0.101488404,6.3535247,225,0
atitlan,2026-03-24,686250.0,1615950.0,0.29515496,16.749489,225,1
atitlan,2026-03-24,686550.0,1615950.0,0.2783215,14.860625,225,1
atitlan,2026-03-24,686850.0,1615950.0,0.26701412,15.268347,225,1
atitlan,2026-03-24,687150.0,1615950.0,0.31640622,19.097473,225,1
atitlan,2026-03-24,687450.0,1615950.0,0.27970105,15.109193,225,1
atitlan,2026-03-24,687750.0,1615950.0,0.2650498,13.227191,225,1
atitlan,2026-03-24,688050.0,1615950.0,0.19950876,9.153772,225,0
atitlan,2026-03-24,688350.0,1615950.0,0.20377177,8.704564,225,0
atitlan,2026-03-24,688650.0,1615950.0,0.2364183,11.324982,225,0
atitlan,2026-03-24,688950.0,1615950.0,0.19856435,9.355907,225,0
atitlan,2026-03-24,689250.0,1615950.0,0.22443542,10.522745,225,0
atitlan,2026-03-24,689550.0,1615950.0,0.16825543,7.984225,225,0
atitlan,2026-03-24,689850.0,1615950.0,0.24702342,11.878856,225,0
atitlan,2026-03-24,690150.0,1615950.0,0.23637946,10.898863,225,0
atitlan,2026-03-24,690450.0,1615950.0,0.25124392,11.704313,225,0
atitlan,2026-03-24,690750.0,1615950.0,0.25066668,12.332032,225,1
atitlan,2026-03-24,691050.0,1615950.0,0.25012082,12.541552,225,1
atitlan,2026-03-24,691350.0,1615950.0,0.24456853,11.713574,225,0
atitlan,2026-03-24,691650.0,1615950.0,0.22568366,10.230161,225,0
atitlan,2026-03-24,691950.0,1615950.0,0.26368544,13.606233,225,1
atitlan,2026-03-24,692250.0,1615950.0,0.2677875,13.41759,225,1
atitlan,2026-03-24,692550.0,1615950.0,0.25921905,12.790617,225,1
atitlan,2026-03-24,692850.0,1615950.0,0.23317246,11.547852,225,0
atitlan,2026-03-24,693150.0,1615950.0,0.08130411,5.2020574,225,0
atitlan,2026-03-24,693450.0,1615950.0,0.037249215,4.6022453,225,0
atitlan,2026-03-24,693750.0,1615950.0,0.20718911,11.076799,225,0
atitlan,2026-03-24,694050.0,1615950.0,0.14590564,8.379238,225,0
atitlan,2026-03-24,694350.0,1615950.0,0.07460138,5.411073,225,0
atitlan,2026-03-24,694650.0,1615950.0,0.11606985,7.7350616,225,0
atitlan,2026-03-24,694950.0,1615950.0,0.32864907,21.260885,225,1
atitlan,2026-03-24,695250.0,1615950.0,0.2908801,17.810623,225,1
atitlan,2026-03-24,695550.0,1615950.0,0.17542133,9.615047,225,0
atitlan,2026-03-24,695850.0,1615950.0,0.062886424,5.0975966,225,0
atitlan,2026-03-24,696150.0,1615950.0,0.25639883,15.26597,225,1
atitlan,2026-03-24,696450.0,1615950.0,0.29662204,17.320696,225,1
atitlan,2026-03-24,696750.0,1615950.0,0.29343104,16.246464,225,1
atitlan,2026-03-24,697050.0,1615950.0,0.29532617,16.948935,225,1
atitlan,2026-03-24,697350.0,1615950.0,0.30774108,19.993164,225,1
atitlan,2026-03-24,697650.0,1615950.0,0.3053095,18.357277,225,1
atitlan,2026-03-24,697950.0,1615950.0,0.28324717,15.22243,225,1
atitlan,2026-03-24,698250.0,1615950.0,0.3091989,18.542433,225,1
atitlan,2026-03-24,698550.0,1615950.0,0.27622792,15.301966,225,1
atitlan,2026-03-24,698850.0,1615950.0,0.27705172,14.722517,225,1
atitlan,2026-03-24,699150.0,1615950.0,0.25379282,11.763592,225,0
atitlan,2026-03-24,699450.0,1615950.0,0.25190902,11.97718,225,0
atitlan,2026-03-24,699750.0,1615950.0,0.1990927,8.515489,225,0
atitlan,2026-03-24,700050.0,1615950.0,0.24318095,10.706251,225,0
atitlan,2026-03-24,700350.0,1615950.0,0.21131822,8.734767,225,0
atitlan,2026-03-24,700650.0,1615950.0,0.19794112,7.9926715,225,0
atitlan,2026-03-24,700950.0,1615950.0,0.16319372,6.3599973,225,0
atitlan,2026-03-24,701250.0,1615950.0,0.25668088,12.182774,225,1
atitlan,2026-03-24,701550.0,1615950.0,0.26222637,12.97328,225,1
atitlan,2026-03-24,701850.0,1615950.0,0.30125153,17.463291,225,1
atitlan,2026-03-24,702150.0,1615950.0,0.29535413,16.348516,225,1
atitlan,2026-03-24,702450.0,1615950.0,0.2892305,15.62138,225,1
atitlan,2026-03-24,702750.0,1615950.0,0.2627406,13.34745,225,1
atitlan,2026-03-24,703050.0,1615950.0,0.2750204,14.552041,225,1
atitlan,2026-03-24,703350.0,1615950.0,0.2681836,13.493345,225,1
atitlan,2026-03-24,703650.0,1615950.0,0.25698552,12.811084,225,1
atitlan,2026-03-24,703950.0,1615950.0,0.2709788,14.41547,225,1
atitlan,2026-03-24,704250.0,1615950.0,0.2785434,15.450192,225,1
atitlan,2026-03-24,704550.0,1615950.0,0.2727506,13.869448,225,1
atitlan,2026-03-24,704850.0,1615950.0,0.2851665,15.247332,225,1
atitlan,2026-03-24,705150.0,1615950.0,0.27396512,14.694208,225,1
atitlan,2026-03-24,705450.0,1615950.0,0.29269978,17.18677,225,1
atitlan,2026-03-24,705750.0,1615950.0,0.29324088,17.255098,225,1
atitlan,2026-03-24,706050.0,1615950.0,0.2781682,16.183716,225,1
atitlan,2026-03-24,706350.0,1615950.0,0.32233,22.350061,225,1
atitlan,2026-03-24,706650.0,1615950.0,0.35460526,27.88569,225,1
atitlan,2026-03-24,706950.0,1615950.0,0.3399562,24.287397,225,1
atitlan,2026-03-24,707250.0,1615950.0,0.30972,18.94544,225,1
atitlan,2026-03-24,707550.0,1615950.0,0.23938325,11.512248,225,0
atitlan,2026-03-24,707850.0,1615950.0,0.25901356,11.933686,45,0
atitlan,2026-03-24,680250.0,1616250.0,0.01627376,4.115229,180,0
atitlan,2026-03-24,680550.0,1616250.0,0.016288977,4.2208323,225,0
atitlan,2026-03-24,680850.0,1616250.0,0.013354394,4.2146444,225,0
atitlan,2026-03-24,681150.0,1616250.0,0.010993621,4.2336545,225,0
atitlan,2026-03-24,681450.0,1616250.0,0.0071570976,4.179569,225,0
atitlan,2026-03-24,681750.0,1616250.0,0.0067841425,4.1660137,225,0
atitlan,2026-03-24,682050.0,1616250.0,-0.003803588,3.8695517,225,0
atitlan,2026-03-24,682350.0,1616250.0,0.015223321,4.093652,225,0
atitlan,2026-03-24,682650.0,1616250.0,0.0066916696,4.1365275,225,0
atitlan,2026-03-24,682950.0,1616250.0,0.038915385,4.6718593,225,0
atitlan,2026-03-24,683250.0,1616250.0,0.015030522,4.350863,225,0
atitlan,2026-03-24,683550.0,1616250.0,0.15062591,8.617472,225,0
atitlan,2026-03-24,683850.0,1616250.0,0.19832902,9.52222,225,0
atitlan,2026-03-24,684150.0,1616250.0,0.065170154,4.8622684,225,0
atitlan,2026-03-24,684450.0,1616250.0,0.021905351,4.3250527,225,0
atitlan,2026-03-24,684750.0,1616250.0,0.014538916,4.266451,225,0
atitlan,2026-03-24,685050.0,1616250.0,0.007974589,4.079779,225,0
atitlan,2026-03-24,685350.0,1616250.0,0.046660025,4.579656,225,0
atitlan,2026-03-24,685650.0,1616250.0,0.045709867,4.891256,225,0
atitlan,2026-03-24,685950.0,1616250.0,0.03419466,4.478156,225,0
atitlan,2026-03-24,686250.0,1616250.0,0.20222367,10.772141,225,0
atitlan,2026-03-24,686550.0,1616250.0,0.25839642,12.967507,225,1
atitlan,2026-03-24,686850.0,1616250.0,0.29043072,16.641953,225,1
atitlan,2026-03-24,687150.0,1616250.0,0.32500538,20.680933,225,1
atitlan,2026-03-24,687450.0,1616250.0,0.2625258,13.188522,225,1
atitlan,2026-03-24,687750.0,1616250.0,0.23674347,10.673095,225,0
atitlan,2026-03-24,688050.0,1616250.0,0.104107104,6.744478,225,0
atitlan,2026-03-24,688350.0,1616250.0,0.10342449,6.1112537,225,0
atitlan,2026-03-24,688650.0,1616250.0,0.20233521,10.192639,225,0
atitlan,2026-03-24,688950.0,1616250.0,0.20244569,9.404218,225,0
atitlan,2026-03-24,689250.0,1616250.0,0.16157952,7.6982594,225,0
atitlan,2026-03-24,689550.0,1616250.0,0.23762318,11.751258,225,0
atitlan,2026-03-24,689850.0,1616250.0,0.23058133,11.168117,225,0
atitlan,2026-03-24,690150.0,1616250.0,0.23243962,10.429104,225,0
atitlan,2026-03-24,690450.0,1616250.0,0.24935755,11.571231,225,0
atitlan,2026-03-24,690750.0,1616250.0,0.24420801,11.611616,225,0
atitlan,2026-03-24,691050.0,1616250.0,0.22561009,10.703982,225,0
atitlan,2026-03-24,691350.0,1616250.0,0.2614326,13.155787,225,1
atitlan,2026-03-24,691650.0,1616250.0,0.24311857,12.449556,225,1
atitlan,2026-03-24,691950.0,1616250.0,0.28961655,17.246672,225,1
atitlan,2026-03-24,692250.0,1616250.0,0.2807118,14.830893,225,1
atitlan,2026-03-24,692550.0,1616250.0,0.26867297,13.898259,225,1
atitlan,2026-03-24,692850.0,1616250.0,0.20681182,10.016389,225,0
atitlan,2026-03-24,693150.0,1616250.0,0.08835977,5.4153476,225,0
atitlan,2026-03-24,693450.0,1616250.0,0.07111014,5.0948086,225,0
atitlan,2026-03-24,693750.0,1616250.0,0.069490135,5.0081577,225,0
atitlan,2026-03-24,694050.0,1616250.0,0.12782082,8.001057,225,0
atitlan,2026-03-24,694350.0,1616250.0,0.25420576,12.25033,225,1
atitlan,2026-03-24,694650.0,1616250.0,0.25640965,13.078435,225,1
atitlan,2026-03-24,694950.0,1616250.0,0.28968206,17.051476,225,1
atitlan,2026-03-24,695250.0,1616250.0,0.2761336,15.952276,225,1
atitlan,2026-03-24,695550.0,1616250.0,0.29618782,19.543928,225,1
atitlan,2026-03-24,695850.0,1616250.0,0.15874183,9.128297,225,0
atitlan,2026-03-24,696150.0,1616250.0,0.18456112,8.956867,225,0
atitlan,2026-03-24,696450.0,1616250.0,0.29036418,16.896902,225,1
atitlan,2026-03-24,696750.0,1616250.0,0.3135961,18.76945,225,1
atitlan,2026-03-24,697050.0,1616250.0,0.31795433,20.640652,225,1
atitlan,2026-03-24,697350.0,1616250.0,0.3034028,19.587132,225,1
atitlan,2026-03-24,697650.0,1616250.0,0.2940628,18.281742,225,1
atitlan,2026-03-24,697950.0,1616250.0,0.30165866,18.550772,225,1
atitlan,2026-03-24,698250.0,1616250.0,0.26653442,14.121311,225,1
atitlan,2026-03-24,698550.0,1616250.0,0.29547098,16.926044,225,1
atitlan,2026-03-24,698850.0,1616250.0,0.29071411,16.279007,225,1
atitlan,2026-03-24,699150.0,1616250.0,0.2702798,13.952055,225,1
atitlan,2026-03-24,699450.0,1616250.0,0.25741234,11.820425,225,0
atitlan,2026-03-24,699750.0,1616250.0,0.22848856,9.758089,225,0
atitlan,2026-03-24,700050.0,1616250.0,0.2222872,10.051283,225,0
atitlan,2026-03-24,700350.0,1616250.0,0.18612543,8.681757,225,0
atitlan,2026-03-24,700650.0,1616250.0,0.21443959,9.461787,225,0
atitlan,2026-03-24,700950.0,1616250.0,0.23290679,10.225402,225,0
atitlan,2026-03-24,701250.0,1616250.0,0.24875051,11.266224,225,0
atitlan,2026-03-24,701550.0,1616250.0,0.25307447,12.158798,225,1
atitlan,2026-03-24,701850.0,1616250.0,0.27825552,15.558301,225,1
atitlan,2026-03-24,702150.0,1616250.0,0.24082458,11.135072,225,0
atitlan,2026-03-24,702450.0,1616250.0,0.28325257,15.003999,225,1
atitlan,2026-03-24,702750.0,1616250.0,0.25808698,13.134327,225,1
atitlan,2026-03-24,703050.0,1616250.0,0.23020305,10.6917925,225,0
atitlan,2026-03-24,703350.0,1616250.0,0.25158414,12.457732,225,1
atitlan,2026-03-24,703650.0,1616250.0,0.28384382,15.5290165,225,1
atitlan,2026-03-24,703950.0,1616250.0,0.25197807,12.370399,225,1
atitlan,2026-03-24,704250.0,1616250.0,0.28997236,16.253725,225,1
atitlan,2026-03-24,704550.0,1616250.0,0.27073196,13.354605,225,1
atitlan,2026-03-24,704850.0,1616250.0,0.2804705,14.354661,225,1
atitlan,2026-03-24,705150.0,1616250.0,0.23866841,10.757686,225,0
atitlan,2026-03-24,705450.0,1616250.0,0.22990422,10.342666,225,0
atitlan,2026-03-24,705750.0,1616250.0,0.29632056,17.666288,225,1
atitlan,2026-03-24,706050.0,1616250.0,0.28672102,16.251997,225,1
atitlan,2026-03-24,706350.0,1616250.0,0.32691962,23.831558,225,1
atitlan,2026-03-24,706650.0,1616250.0,0.35976198,28.407494,225,1
atitlan,2026-03-24,706950.0,1616250.0,0.33275378,22.662046,225,1
atitlan,2026-03-24,707250.0,1616250.0,0.31842622,19.605333,225,1
atitlan,2026-03-24,707550.0,1616250.0,0.29696712,16.675217,225,1
atitlan,2026-03-24,707850.0,1616250.0,0.30813825,18.071203,45,1
atitlan,2026-03-24,680250.0,1616550.0,0.014126658,4.259766,180,0
atitlan,2026-03-24,680550.0,1616550.0,0.002061579,4.02865,225,0
atitlan,2026-03-24,680850.0,1616550.0,0.002796659,3.9391122,225,0
atitlan,2026-03-24,681150.0,1616550.0,0.01248851,4.1916285,225,0
atitlan,2026-03-24,681450.0,1616550.0,0.009710197,4.207164,225,0
atitlan,2026-03-24,681750.0,1616550.0,0.0046168673,4.1314535,225,0
atitlan,2026-03-24,682050.0,1616550.0,0.004905066,4.128438,225,0
atitlan,2026-03-24,682350.0,1616550.0,0.0036760096,4.1028943,225,0
atitlan,2026-03-24,682650.0,1616550.0,0.009707754,4.205569,225,0
atitlan,2026-03-24,682950.0,1616550.0,0.00444858,4.111821,225,0
atitlan,2026-03-24,683250.0,1616550.0,0.043557607,4.5459146,225,0
atitlan,2026-03-24,683550.0,1616550.0,0.17824233,8.891407,225,0
atitlan,2026-03-24,683850.0,1616550.0,0.11732503,7.2266536,225,0
atitlan,2026-03-24,684150.0,1616550.0,0.08773731,5.2391763,225,0
atitlan,2026-03-24,684450.0,1616550.0,0.078825794,5.232185,225,0
atitlan,2026-03-24,684750.0,1616550.0,0.037796285,4.61153,225,0
atitlan,2026-03-24,685050.0,1616550.0,0.020389529,4.367949,225,0
atitlan,2026-03-24,685350.0,1616550.0,0.21669336,11.427417,225,0
atitlan,2026-03-24,685650.0,1616550.0,0.15569957,8.143703,225,0
atitlan,2026-03-24,685950.0,1616550.0,0.11315243,6.74592,225,0
atitlan,2026-03-24,686250.0,1616550.0,0.23626362,13.28925,225,1
atitlan,2026-03-24,686550.0,1616550.0,0.33259147,21.657768,225,1
atitlan,2026-03-24,686850.0,1616550.0,0.3390548,23.00681,225,1
atitlan,2026-03-24,687150.0,1616550.0,0.3059617,17.864656,225,1
atitlan,2026-03-24,687450.0,1616550.0,0.26732895,14.053056,225,1
atitlan,2026-03-24,687750.0,1616550.0,0.23109213,10.467865,225,0
atitlan,2026-03-24,688050.0,1616550.0,0.03786867,4.4396977,225,0
atitlan,2026-03-24,688350.0,1616550.0,-0.052031867,2.4258091,225,0
atitlan,2026-03-24,688650.0,1616550.0,0.05911452,5.0336113,225,0
atitlan,2026-03-24,688950.0,1616550.0,0.17128527,8.207994,225,0
atitlan,2026-03-24,689250.0,1616550.0,0.11950136,6.6510696,225,0
atitlan,2026-03-24,689550.0,1616550.0,0.16904512,8.413693,225,0
atitlan,2026-03-24,689850.0,1616550.0,0.19940983,10.132143,225,0
atitlan,2026-03-24,690150.0,1616550.0,0.23725444,11.107163,225,0
atitlan,2026-03-24,690450.0,1616550.0,0.21831368,9.944035,225,0
atitlan,2026-03-24,690750.0,1616550.0,0.21576975,9.805129,225,0
atitlan,2026-03-24,691050.0,1616550.0,0.21261795,9.674945,225,0
atitlan,2026-03-24,691350.0,1616550.0,0.23163657,11.017559,225,0
atitlan,2026-03-24,691650.0,1616550.0,0.28095123,14.874699,225,1
atitlan,2026-03-24,691950.0,1616550.0,0.2925513,16.926653,225,1
atitlan,2026-03-24,692250.0,1616550.0,0.2334393,11.0226755,225,0
atitlan,2026-03-24,692550.0,1616550.0,0.20312175,9.267195,225,0
atitlan,2026-03-24,692850.0,1616550.0,0.19638792,8.812777,225,0
atitlan,2026-03-24,693150.0,1616550.0,0.19295314,8.616112,225,0
atitlan,2026-03-24,693450.0,1616550.0,0.1285052,6.55424,225,0
atitlan,2026-03-24,693750.0,1616550.0,0.042964615,4.576325,225,0
atitlan,2026-03-24,694050.0,1616550.0,0.14731102,7.6060867,225,0
atitlan,2026-03-24,694350.0,1616550.0,0.29012376,15.429524,225,1
atitlan,2026-03-24,694650.0,1616550.0,0.29882976,16.39685,225,1
atitlan,2026-03-24,694950.0,1616550.0,0.31316113,18.56228,225,1
atitlan,2026-03-24,695250.0,1616550.0,0.34635574,24.494297,225,1
atitlan,2026-03-24,695550.0,1616550.0,0.30753443,20.915253,225,1
atitlan,2026-03-24,695850.0,1616550.0,0.280867,15.84526,225,1
atitlan,2026-03-24,696150.0,1616550.0,0.29793736,16.826283,225,1
atitlan,2026-03-24,696450.0,1616550.0,0.3186341,19.830208,225,1
atitlan,2026-03-24,696750.0,1616550.0,0.3267681,21.150948,225,1
atitlan,2026-03-24,697050.0,1616550.0,0.31623006,19.212933,225,1
atitlan,2026-03-24,697350.0,1616550.0,0.320785,21.138357,225,1
atitlan,2026-03-24,697650.0,1616550.0,0.3331407,23.179712,225,1
atitlan,2026-03-24,697950.0,1616550.0,0.32397833,21.235182,225,1
atitlan,2026-03-24,698250.0,1616550.0,0.26706302,15.199081,225,1
atitlan,2026-03-24,698550.0,1616550.0,0.2801668,14.993398,225,1
atitlan,2026-03-24,698850.0,1616550.0,0.252167,13.307476,225,1
atitlan,2026-03-24,699150.0,1616550.0,0.21757479,9.22409,225,0
atitlan,2026-03-24,699450.0,1616550.0,0.22173643,9.010098,225,0
atitlan,2026-03-24,699750.0,1616550.0,0.21903646,8.869831,225,0
atitlan,2026-03-24,700050.0,1616550.0,0.26136366,13.89799,225,1
atitlan,2026-03-24,700350.0,1616550.0,0.30026558,17.567696,225,1
atitlan,2026-03-24,700650.0,1616550.0,0.22613207,10.546215,225,0
atitlan,2026-03-24,700950.0,1616550.0,0.22744147,9.763856,225,0
atitlan,2026-03-24,701250.0,1616550.0,0.25104675,11.976454,225,0
atitlan,2026-03-24,701550.0,1616550.0,0.24941081,12.057383,225,1
atitlan,2026-03-24,701850.0,1616550.0,0.245674,11.653233,225,0
atitlan,2026-03-24,702150.0,1616550.0,0.23729227,10.8553095,225,0
atitlan,2026-03-24,702450.0,1616550.0,0.22509642,9.943123,225,0
atitlan,2026-03-24,702750.0,1616550.0,0.21234785,9.267855,225,0
atitlan,2026-03-24,703050.0,1616550.0,0.17283188,6.8288236,225,0
atitlan,2026-03-24,703350.0,1616550.0,0.18919654,7.7576466,225,0
atitlan,2026-03-24,703650.0,1616550.0,0.2442656,12.456227,225,1
atitlan,2026-03-24,703950.0,1616550.0,0.2519217,12.183522,225,1
atitlan,2026-03-24,704250.0,1616550.0,0.27250436,14.35192,225,1
atitlan,2026-03-24,704550.0,1616550.0,0.2928823,16.118483,225,1
atitlan,2026-03-24,704850.0,1616550.0,0.3117987,18.446598,225,1
atitlan,2026-03-24,705150.0,1616550.0,0.303182,17.425194,225,1
atitlan,2026-03-24,705450.0,1616550.0,0.24412085,11.559343,225,0
atitlan,2026-03-24,705750.0,1616550.0,0.2240085,10.605476,225,0
atitlan,2026-03-24,706050.0,1616550.0,0.25473598,13.507343,225,1
atitlan,2026-03-24,706350.0,1616550.0,0.25632787,13.424286,225,1
atitlan,2026-03-24,706650.0,1616550.0,0.26961094,13.869817,225,1
atitlan,2026-03-24,706950.0,1616550.0,0.291102,16.804071,225,1
atitlan,2026-03-24,707250.0,1616550.0,0.31102377,18.584452,225,1
atitlan,2026-03-24,707550.0,1616550.0,0.31469584,18.826897,225,1
atitlan,2026-03-24,707850.0,1616550.0,0.31452748,19.01535,45,1
atitlan,2026-03-24,680250.0,1616850.0,0.024673034,4.376141,180,0
atitlan,2026-03-24,680550.0,1616850.0,0.013078844,4.262462,225,0
atitlan,2026-03-24,680850.0,1616850.0,0.001709697,4.077045,225,0
atitlan,2026-03-24,681150.0,1616850.0,0.0022756841,3.996742,225,0
atitlan,2026-03-24,681450.0,1616850.0,0.011026814,4.229235,225,0
atitlan,2026-03-24,681750.0,1616850.0,0.005257811,4.137551,225,0
atitlan,2026-03-24,682050.0,1616850.0,0.00777197,4.0857596,225,0
atitlan,2026-03-24,682350.0,1616850.0,0.010302774,4.2065563,225,0
atitlan,2026-03-24,682650.0,1616850.0,0.001873227,4.08858,225,0
atitlan,2026-03-24,682950.0,1616850.0,0.0030589395,4.1107206,225,0
atitlan,2026-03-24,683250.0,1616850.0,0.019228753,4.101978,225,0
atitlan,2026-03-24,683550.0,1616850.0,0.02278417,4.2499604,225,0
atitlan,2026-03-24,683850.0,1616850.0,0.041202515,4.7983594,225,0
atitlan,2026-03-24,684150.0,1616850.0,0.104661815,5.720602,225,0
atitlan,2026-03-24,684450.0,1616850.0,0.22413988,10.638553,225,0
atitlan,2026-03-24,684750.0,1616850.0,0.1884981,9.759957,225,0
atitlan,2026-03-24,685050.0,1616850.0,0.057223037,4.8037105,225,0
atitlan,2026-03-24,685350.0,1616850.0,0.24937367,13.695221,225,1
atitlan,2026-03-24,685650.0,1616850.0,0.2696826,14.134406,225,1
atitlan,2026-03-24,685950.0,1616850.0,0.2883525,16.066618,225,1
atitlan,2026-03-24,686250.0,1616850.0,0.27210945,13.535653,225,1
atitlan,2026-03-24,686550.0,1616850.0,0.27983287,14.697505,225,1
atitlan,2026-03-24,686850.0,1616850.0,0.27089715,14.243927,225,1
atitlan,2026-03-24,687150.0,1616850.0,0.2642703,13.324095,225,1
atitlan,2026-03-24,687450.0,1616850.0,0.22857174,10.584485,225,0
atitlan,2026-03-24,687750.0,1616850.0,0.24059808,11.9645605,225,0
atitlan,2026-03-24,688050.0,1616850.0,0.07811756,6.311366,225,0
atitlan,2026-03-24,688350.0,1616850.0,-0.056621794,2.2496839,225,0
atitlan,2026-03-24,688650.0,1616850.0,-0.054413524,2.3454337,225,0
atitlan,2026-03-24,688950.0,1616850.0,0.06415018,5.1941915,225,0
atitlan,2026-03-24,689250.0,1616850.0,0.13813964,6.7797117,225,0
atitlan,2026-03-24,689550.0,1616850.0,0.18493113,9.140641,225,0
atitlan,2026-03-24,689850.0,1616850.0,0.15825325,8.804181,225,0
atitlan,2026-03-24,690150.0,1616850.0,0.12866446,7.3245697,225,0
atitlan,2026-03-24,690450.0,1616850.0,0.0970528,5.9476266,225,0
atitlan,2026-03-24,690750.0,1616850.0,0.23048878,10.796479,225,0
atitlan,2026-03-24,691050.0,1616850.0,0.2279886,10.636806,225,0
atitlan,2026-03-24,691350.0,1616850.0,0.27048415,13.926309,225,1
atitlan,2026-03-24,691650.0,1616850.0,0.28155947,15.25272,225,1
atitlan,2026-03-24,691950.0,1616850.0,0.27181983,14.455859,225,1
atitlan,2026-03-24,692250.0,1616850.0,0.24022986,11.168523,225,0
atitlan,2026-03-24,692550.0,1616850.0,0.24595666,11.691161,225,0
atitlan,2026-03-24,692850.0,1616850.0,0.24322298,10.988349,225,0
atitlan,2026-03-24,693150.0,1616850.0,0.25902188,12.185536,225,1
atitlan,2026-03-24,693450.0,1616850.0,0.16083634,7.544206,225,0
atitlan,2026-03-24,693750.0,1616850.0,0.1231028,7.1565185,225,0
atitlan,2026-03-24,694050.0,1616850.0,0.21565199,12.028886,225,1
atitlan,2026-03-24,694350.0,1616850.0,0.31530243,19.07526,225,1
atitlan,2026-03-24,694650.0,1616850.0,0.31993988,19.808372,225,1
atitlan,2026-03-24,694950.0,1616850.0,0.34696007,24.646727,225,1
atitlan,2026-03-24,695250.0,1616850.0,0.3568624,27.031559,225,1
atitlan,2026-03-24,695550.0,1616850.0,0.3291588,23.323893,225,1
atitlan,2026-03-24,695850.0,1616850.0,0.3451113,24.21951,225,1
atitlan,2026-03-24,696150.0,1616850.0,0.33554354,22.487936,225,1
atitlan,2026-03-24,696450.0,1616850.0,0.32582015,20.77961,225,1
atitlan,2026-03-24,696750.0,1616850.0,0.31529143,19.05819,225,1
atitlan,2026-03-24,697050.0,1616850.0,0.32141998,19.989426,225,1
atitlan,2026-03-24,697350.0,1616850.0,0.2922412,16.156973,225,1
atitlan,2026-03-24,697650.0,1616850.0,0.32897845,22.61501,225,1
atitlan,2026-03-24,697950.0,1616850.0,0.306068,18.53776,225,1
atitlan,2026-03-24,698250.0,1616850.0,0.30086523,17.562449,225,1
atitlan,2026-03-24,698550.0,1616850.0,0.24358971,11.764078,225,0
atitlan,2026-03-24,698850.0,1616850.0,0.24307176,12.558768,225,1
atitlan,2026-03-24,699150.0,1616850.0,0.25267798,12.739358,225,1
atitlan,2026-03-24,699450.0,1616850.0,0.21488367,10.085121,225,0
atitlan,2026-03-24,699750.0,1616850.0,0.23933658,10.852117,225,0
atitlan,2026-03-24,700050.0,1616850.0,0.28113663,15.213797,225,1
atitlan,2026-03-24,700350.0,1616850.0,0.32306343,20.977518,225,1
atitlan,2026-03-24,700650.0,1616850.0,0.24849135,12.476229,225,1
atitlan,2026-03-24,700950.0,1616850.0,0.22083831,9.559159,225,0
atitlan,2026-03-24,701250.0,1616850.0,0.2439231,11.09357,225,0
atitlan,2026-03-24,701550.0,1616850.0,0.23454674,10.399157,225,0
atitlan,2026-03-24,701850.0,1616850.0,0.24182059,11.776763,225,0
atitlan,2026-03-24,702150.0,1616850.0,0.21526666,9.456734,225,0
atitlan,2026-03-24,702450.0,1616850.0,0.20651804,8.897618,225,0
atitlan,2026-03-24,702750.0,1616850.0,0.22538711,9.95945,225,0
atitlan,2026-03-24,703050.0,1616850.0,0.17290317,7.5033507,225,0
atitlan,2026-03-24,703350.0,1616850.0,0.132628,5.5714784,225,0
atitlan,2026-03-24,703650.0,1616850.0,0.18349773,8.130227,225,0
atitlan,2026-03-24,703950.0,1616850.0,0.26057407,13.221933,225,1
atitlan,2026-03-24,704250.0,1616850.0,0.21515466,9.861094,225,0
atitlan,2026-03-24,704550.0,1616850.0,0.26366404,13.902678,225,1
atitlan,2026-03-24,704850.0,1616850.0,0.30583993,18.114605,225,1
atitlan,2026-03-24,705150.0,1616850.0,0.29968727,18.298834,225,1
atitlan,2026-03-24,705450.0,1616850.0,0.26706576,13.416423,225,1
atitlan,2026-03-24,705750.0,1616850.0,0.22143526,9.495804,225,0
atitlan,2026-03-24,706050.0,1616850.0,0.18229125,7.201706,225,0
atitlan,2026-03-24,706350.0,1616850.0,0.25885406,12.936238,225,1
atitlan,2026-03-24,706650.0,1616850.0,0.27863654,15.009512,225,1
atitlan,2026-03-24,706950.0,1616850.0,0.29746598,18.111023,225,1
atitlan,2026-03-24,707250.0,1616850.0,0.2845393,15.545591,225,1
atitlan,2026-03-24,707550.0,1616850.0,0.28585488,15.766012,225,1
atitlan,2026-03-24,707850.0,1616850.0,0.31808028,19.397581,45,1
atitlan,2026-03-24,680250.0,1617150.0,0.010369887,4.166347,180,0
atitlan,2026-03-24,680550.0,1617150.0,0.010025978,4.144383,225,0
atitlan,2026-03-24,680850.0,1617150.0,0.0038661624,4.113635,225,0
atitlan,2026-03-24,681150.0,1617150.0,0.0044005793,4.1195216,225,0
atitlan,2026-03-24,681450.0,1617150.0,0.008441227,4.1737943,225,0
atitlan,2026-03-24,681750.0,1617150.0,0.009555518,4.211653,225,0
atitlan,2026-03-24,682050.0,1617150.0,0.005171536,4.1007767,225,0
atitlan,2026-03-24,682350.0,1617150.0,0.010611789,4.2150908,225,0
atitlan,2026-03-24,682650.0,1617150.0,0.008030253,4.2026043,225,0
atitlan,2026-03-24,682950.0,1617150.0,0.0053238855,4.1492615,225,0
atitlan,2026-03-24,683250.0,1617150.0,0.004634365,4.10374,225,0
atitlan,2026-03-24,683550.0,1617150.0,0.00883746,4.177629,225,0
atitlan,2026-03-24,683850.0,1617150.0,0.13418345,8.343944,225,0
atitlan,2026-03-24,684150.0,1617150.0,0.24122313,11.690122,225,0
atitlan,2026-03-24,684450.0,1617150.0,0.078776635,5.2001514,225,0
atitlan,2026-03-24,684750.0,1617150.0,0.2540313,14.981515,225,1
atitlan,2026-03-24,685050.0,1617150.0,0.21787205,12.339213,225,1
atitlan,2026-03-24,685350.0,1617150.0,0.24685107,14.04737,225,1
atitlan,2026-03-24,685650.0,1617150.0,0.2736585,15.084033,225,1
atitlan,2026-03-24,685950.0,1617150.0,0.30156085,17.609835,225,1
atitlan,2026-03-24,686250.0,1617150.0,0.2403064,11.34931,225,0
atitlan,2026-03-24,686550.0,1617150.0,0.27043283,13.533532,225,1
atitlan,2026-03-24,686850.0,1617150.0,0.23972192,10.792581,225,0
atitlan,2026-03-24,687150.0,1617150.0,0.23990032,10.677556,225,0
atitlan,2026-03-24,687450.0,1617150.0,0.22291274,10.2971,225,0
atitlan,2026-03-24,687750.0,1617150.0,0.2646952,13.334842,225,1
atitlan,2026-03-24,688050.0,1617150.0,0.10892173,7.59108,225,0
atitlan,2026-03-24,688350.0,1617150.0,-0.060493067,2.0660684,225,0
atitlan,2026-03-24,688650.0,1617150.0,-0.06645265,1.769165,225,0
atitlan,2026-03-24,688950.0,1617150.0,-0.061443403,1.998186,225,0
atitlan,2026-03-24,689250.0,1617150.0,0.08365291,5.3649364,225,0
atitlan,2026-03-24,689550.0,1617150.0,0.16438778,7.9580584,225,0
atitlan,2026-03-24,689850.0,1617150.0,0.12034388,6.4166856,225,0
atitlan,2026-03-24,690150.0,1617150.0,0.124914706,6.897664,225,0
atitlan,2026-03-24,690450.0,1617150.0,0.1145183,5.731441,225,0
atitlan,2026-03-24,690750.0,1617150.0,0.20315538,9.710271,225,0
atitlan,2026-03-24,691050.0,1617150.0,0.26955554,13.414943,225,1
atitlan,2026-03-24,691350.0,1617150.0,0.24904686,13.23844,225,1
atitlan,2026-03-24,691650.0,1617150.0,0.28638294,15.677306,225,1
atitlan,2026-03-24,691950.0,1617150.0,0.27484775,14.2913685,225,1
atitlan,2026-03-24,692250.0,1617150.0,0.26043457,12.4331455,225,1
atitlan,2026-03-24,692550.0,1617150.0,0.23974818,11.006676,225,0
atitlan,2026-03-24,692850.0,1617150.0,0.22952104,10.444062,225,0
atitlan,2026-03-24,693150.0,1617150.0,0.2633017,12.480169,225,1
atitlan,2026-03-24,693450.0,1617150.0,0.2701834,13.251959,225,1
atitlan,2026-03-24,693750.0,1617150.0,0.29067114,15.856832,225,1
atitlan,2026-03-24,694050.0,1617150.0,0.31080568,18.220055,225,1
atitlan,2026-03-24,694350.0,1617150.0,0.3223197,20.100765,225,1
atitlan,2026-03-24,694650.0,1617150.0,0.30626693,18.08855,225,1
atitlan,2026-03-24,694950.0,1617150.0,0.32036623,19.992867,225,1
atitlan,2026-03-24,695250.0,1617150.0,0.28327563,17.845633,225,1
atitlan,2026-03-24,695550.0,1617150.0,0.31975058,21.841198,225,1
atitlan,2026-03-24,695850.0,1617150.0,0.34970996,24.967512,225,1
atitlan,2026-03-24,696150.0,1617150.0,0.3327154,21.857466,225,1
atitlan,2026-03-24,696450.0,1617150.0,0.3090459,18.751179,225,1
atitlan,2026-03-24,696750.0,1617150.0,0.2977091,16.453922,225,1
atitlan,2026-03-24,697050.0,1617150.0,0.28003377,14.9937,225,1
atitlan,2026-03-24,697350.0,1617150.0,0.2772272,15.178963,225,1
atitlan,2026-03-24,697650.0,1617150.0,0.30317813,19.349455,225,1
atitlan,2026-03-24,697950.0,1617150.0,0.302299,18.300764,225,1
atitlan,2026-03-24,698250.0,1617150.0,0.29129943,16.40569,225,1
atitlan,2026-03-24,698550.0,1617150.0,0.22530085,12.029106,225,1
atitlan,2026-03-24,698850.0,1617150.0,0.17441438,9.306218,225,0
atitlan,2026-03-24,699150.0,1617150.0,0.22894116,11.594376,225,0
atitlan,2026-03-24,699450.0,1617150.0,0.20821394,11.899538,225,0
atitlan,2026-03-24,699750.0,1617150.0,0.22411615,12.263125,225,1
atitlan,2026-03-24,700050.0,1617150.0,0.29438698,17.498905,225,1
atitlan,2026-03-24,700350.0,1617150.0,0.31740445,20.618477,225,1
atitlan,2026-03-24,700650.0,1617150.0,0.29885465,17.50607,225,1
atitlan,2026-03-24,700950.0,1617150.0,0.24701418,12.607341,225,1
atitlan,2026-03-24,701250.0,1617150.0,0.27091396,14.829965,225,1
atitlan,2026-03-24,701550.0,1617150.0,0.2286058,10.029617,225,0
atitlan,2026-03-24,701850.0,1617150.0,0.30453008,17.996416,225,1
atitlan,2026-03-24,702150.0,1617150.0,0.28968713,16.394337,225,1
atitlan,2026-03-24,702450.0,1617150.0,0.25153852,12.12688,225,1
atitlan,2026-03-24,702750.0,1617150.0,0.21065596,8.728872,225,0
atitlan,2026-03-24,703050.0,1617150.0,0.20272835,9.310028,225,0
atitlan,2026-03-24,703350.0,1617150.0,0.15417407,6.2815027,225,0
atitlan,2026-03-24,703650.0,1617150.0,0.17655559,7.842186,225,0
atitlan,2026-03-24,703950.0,1617150.0,0.2226705,9.838775,225,0
atitlan,2026-03-24,704250.0,1617150.0,0.18751344,7.7054553,225,0
atitlan,2026-03-24,704550.0,1617150.0,0.23663892,11.916368,225,0
atitlan,2026-03-24,704850.0,1617150.0,0.252981,13.464138,225,1
atitlan,2026-03-24,705150.0,1617150.0,0.27137563,15.402413,225,1
atitlan,2026-03-24,705450.0,1617150.0,0.30642155,17.88541,225,1
atitlan,2026-03-24,705750.0,1617150.0,0.26644987,13.232484,225,1
atitlan,2026-03-24,706050.0,1617150.0,0.20522636,9.028458,225,0
atitlan,2026-03-24,706350.0,1617150.0,0.20312695,8.909007,225,0
atitlan,2026-03-24,706650.0,1617150.0,0.22562498,10.614613,225,0
atitlan,2026-03-24,706950.0,1617150.0,0.28535494,16.013155,225,1
atitlan,2026-03-24,707250.0,1617150.0,0.27834943,15.055429,225,1
atitlan,2026-03-24,707550.0,1617150.0,0.20666064,9.881538,225,0
atitlan,2026-03-24,707850.0,1617150.0,0.26122648,14.640571,45,1
atitlan,2026-03-24,680250.0,1617450.0,0.011476635,4.1601686,180,0
atitlan,2026-03-24,680550.0,1617450.0,0.010305648,4.1715183,225,0
atitlan,2026-03-24,680850.0,1617450.0,0.0137370555,4.255112,225,0
atitlan,2026-03-24,681150.0,1617450.0,0.009006672,4.1640887,225,0
atitlan,2026-03-24,681450.0,1617450.0,0.013586109,4.2565985,225,0
atitlan,2026-03-24,681750.0,1617450.0,0.023118969,4.291885,225,0
atitlan,2026-03-24,682050.0,1617450.0,0.008703667,4.185836,225,0
atitlan,2026-03-24,682350.0,1617450.0,0.006812803,4.1716576,225,0
atitlan,2026-03-24,682650.0,1617450.0,0.0067812465,4.1664214,225,0
atitlan,2026-03-24,682950.0,1617450.0,0.015422963,4.28072,225,0
atitlan,2026-03-24,683250.0,1617450.0,0.015412087,4.2704463,225,0
atitlan,2026-03-24,683550.0,1617450.0,0.13695358,8.235327,225,0
atitlan,2026-03-24,683850.0,1617450.0,0.19368571,9.920053,225,0
atitlan,2026-03-24,684150.0,1617450.0,0.15883611,8.363798,225,0
atitlan,2026-03-24,684450.0,1617450.0,0.020063791,4.35529,225,0
atitlan,2026-03-24,684750.0,1617450.0,0.1756157,10.786229,225,0
atitlan,2026-03-24,685050.0,1617450.0,0.30983552,18.537657,225,1
atitlan,2026-03-24,685350.0,1617450.0,0.2932737,17.75291,225,1
atitlan,2026-03-24,685650.0,1617450.0,0.31319922,20.844322,225,1
atitlan,2026-03-24,685950.0,1617450.0,0.30597463,18.34829,225,1
atitlan,2026-03-24,686250.0,1617450.0,0.25867334,13.586633,225,1
atitlan,2026-03-24,686550.0,1617450.0,0.22118708,10.063139,225,0
atitlan,2026-03-24,686850.0,1617450.0,0.22611564,10.165948,225,0
atitlan,2026-03-24,687150.0,1617450.0,0.22909999,10.398459,225,0
atitlan,2026-03-24,687450.0,1617450.0,0.20842317,10.014557,225,0
atitlan,2026-03-24,687750.0,1617450.0,0.21990451,11.762969,225,0
atitlan,2026-03-24,688050.0,1617450.0,0.07387138,6.1588106,225,0
atitlan,2026-03-24,688350.0,1617450.0,-0.06296908,1.9436767,225,0
atitlan,2026-03-24,688650.0,1617450.0,-0.06566813,1.8120697,225,0
atitlan,2026-03-24,688950.0,1617450.0,-0.06349011,1.918057,225,0
atitlan,2026-03-24,689250.0,1617450.0,-0.03797617,2.6956053,225,0
atitlan,2026-03-24,689550.0,1617450.0,0.11729437,5.9698844,225,0
atitlan,2026-03-24,689850.0,1617450.0,0.1727111,8.310666,225,0
atitlan,2026-03-24,690150.0,1617450.0,0.17622721,8.865771,225,0
atitlan,2026-03-24,690450.0,1617450.0,0.13114059,6.5479956,225,0
atitlan,2026-03-24,690750.0,1617450.0,0.24096511,11.236892,225,0
atitlan,2026-03-24,691050.0,1617450.0,0.26486656,13.180426,225,1
atitlan,2026-03-24,691350.0,1617450.0,0.26427832,13.603453,225,1
atitlan,2026-03-24,691650.0,1617450.0,0.22755527,11.581409,225,0
atitlan,2026-03-24,691950.0,1617450.0,0.23979868,11.707596,225,0
atitlan,2026-03-24,692250.0,1617450.0,0.19566074,9.7001505,225,0
atitlan,2026-03-24,692550.0,1617450.0,0.18622692,9.584648,225,0
atitlan,2026-03-24,692850.0,1617450.0,0.22356425,10.538568,225,0
atitlan,2026-03-24,693150.0,1617450.0,0.22147362,10.502056,225,0
atitlan,2026-03-24,693450.0,1617450.0,0.26623905,13.16127,225,1
atitlan,2026-03-24,693750.0,1617450.0,0.2710296,13.922929,225,1
atitlan,2026-03-24,694050.0,1617450.0,0.23764852,12.084576,225,1
atitlan,2026-03-24,694350.0,1617450.0,0.2832228,14.933261,225,1
atitlan,2026-03-24,694650.0,1617450.0,0.29778504,16.754873,225,1
atitlan,2026-03-24,694950.0,1617450.0,0.3133767,18.63998,225,1
atitlan,2026-03-24,695250.0,1617450.0,0.32102746,19.740736,225,1
atitlan,2026-03-24,695550.0,1617450.0,0.35678768,26.406435,225,1
atitlan,2026-03-24,695850.0,1617450.0,0.35443413,26.207115,225,1
atitlan,2026-03-24,696150.0,1617450.0,0.34993947,25.082355,225,1
atitlan,2026-03-24,696450.0,1617450.0,0.28875205,17.749655,225,1
atitlan,2026-03-24,696750.0,1617450.0,0.19156097,9.686717,225,0
atitlan,2026-03-24,697050.0,1617450.0,0.16225176,7.948182,225,0
atitlan,2026-03-24,697350.0,1617450.0,0.28824756,16.646927,225,1
atitlan,2026-03-24,697650.0,1617450.0,0.29085717,16.74328,225,1
atitlan,2026-03-24,697950.0,1617450.0,0.2892108,17.703924,225,1
atitlan,2026-03-24,698250.0,1617450.0,0.2946859,17.54963,225,1
atitlan,2026-03-24,698550.0,1617450.0,0.25235727,13.78688,225,1
atitlan,2026-03-24,698850.0,1617450.0,0.26254264,14.61582,225,1
atitlan,2026-03-24,699150.0,1617450.0,0.24141222,12.701203,225,1
atitlan,2026-03-24,699450.0,1617450.0,0.17587598,9.180801,225,0
atitlan,2026-03-24,699750.0,1617450.0,0.12614359,7.119426,225,0
atitlan,2026-03-24,700050.0,1617450.0,0.2661696,14.779943,225,1
atitlan,2026-03-24,700350.0,1617450.0,0.30152917,18.401678,225,1
atitlan,2026-03-24,700650.0,1617450.0,0.2609637,15.426452,225,1
atitlan,2026-03-24,700950.0,1617450.0,0.28562418,16.589643,225,1
atitlan,2026-03-24,701250.0,1617450.0,0.25713933,13.58614,225,1
atitlan,2026-03-24,701550.0,1617450.0,0.26106536,13.29908,225,1
atitlan,2026-03-24,701850.0,1617450.0,0.3159688,19.331541,225,1
atitlan,2026-03-24,702150.0,1617450.0,0.32199287,21.328913,225,1
atitlan,2026-03-24,702450.0,1617450.0,0.23048767,10.481579,225,0
atitlan,2026-03-24,702750.0,1617450.0,0.20076533,8.358729,225,0
atitlan,2026-03-24,703050.0,1617450.0,0.21564777,9.369535,225,0
atitlan,2026-03-24,703350.0,1617450.0,0.19792818,8.958425,225,0
atitlan,2026-03-24,703650.0,1617450.0,0.2321642,11.407603,225,0
atitlan,2026-03-24,703950.0,1617450.0,0.19767885,8.22569,225,0
atitlan,2026-03-24,704250.0,1617450.0,0.20468155,9.062383,225,0
atitlan,2026-03-24,704550.0,1617450.0,0.25051242,13.570081,225,1
atitlan,2026-03-24,704850.0,1617450.0,0.27858484,14.83548,225,1
atitlan,2026-03-24,705150.0,1617450.0,0.26221833,13.618835,225,1
atitlan,2026-03-24,705450.0,1617450.0,0.2842069,16.728813,225,1
atitlan,2026-03-24,705750.0,1617450.0,0.30369878,17.662548,225,1
atitlan,2026-03-24,706050.0,1617450.0,0.27795967,14.175066,225,1
atitlan,2026-03-24,706350.0,1617450.0,0.19798374,8.88004,225,0
atitlan,2026-03-24,706650.0,1617450.0,0.16101332,6.457558,225,0
atitlan,2026-03-24,706950.0,1617450.0,0.23035817,10.560859,225,0
atitlan,2026-03-24,707250.0,1617450.0,0.23380764,10.746084,225,0
atitlan,2026-03-24,707550.0,1617450.0,0.24190363,10.971149,225,0
atitlan,2026-03-24,707850.0,1617450.0,0.27564338,14.034077,45,1
atitlan,2026-03-24,680250.0,1617750.0,0.044060405,4.744278,180,0
atitlan,2026-03-24,680550.0,1617750.0,0.031660274,4.4636955,225,0
atitlan,2026-03-24,680850.0,1617750.0,0.06658649,4.8111596,225,0
atitlan,2026-03-24,681150.0,1617750.0,0.072911546,5.0732217,225,0
atitlan,2026-03-24,681450.0,1617750.0,0.0602017,4.733856,225,0
atitlan,2026-03-24,681750.0,1617750.0,0.04894571,4.646243,225,0
atitlan,2026-03-24,682050.0,1617750.0,0.016652199,4.2882333,225,0
atitlan,2026-03-24,682350.0,1617750.0,0.013682627,4.2593155,225,0
atitlan,2026-03-24,682650.0,1617750.0,0.01556424,4.298468,225,0
atitlan,2026-03-24,682950.0,1617750.0,0.036570217,4.5854397,225,0
atitlan,2026-03-24,683250.0,1617750.0,0.037564177,4.6103544,225,0
atitlan,2026-03-24,683550.0,1617750.0,0.08940461,6.28101,225,0
atitlan,2026-03-24,683850.0,1617750.0,0.22459878,12.599316,225,1
atitlan,2026-03-24,684150.0,1617750.0,0.26103824,16.385836,225,1
atitlan,2026-03-24,684450.0,1617750.0,0.16291326,9.688064,225,0
atitlan,2026-03-24,684750.0,1617750.0,0.19829747,9.963272,225,0
atitlan,2026-03-24,685050.0,1617750.0,0.2771931,15.244256,225,1
atitlan,2026-03-24,685350.0,1617750.0,0.32209563,20.950583,225,1
atitlan,2026-03-24,685650.0,1617750.0,0.31825826,21.14453,225,1
atitlan,2026-03-24,685950.0,1617750.0,0.30891326,19.213247,225,1
atitlan,2026-03-24,686250.0,1617750.0,0.28475708,15.975215,225,1
atitlan,2026-03-24,686550.0,1617750.0,0.22371152,10.762565,225,0
atitlan,2026-03-24,686850.0,1617750.0,0.22068788,10.1327095,225,0
atitlan,2026-03-24,687150.0,1617750.0,0.23954155,11.067167,225,0
atitlan,2026-03-24,687450.0,1617750.0,0.15303528,7.387049,225,0
atitlan,2026-03-24,687750.0,1617750.0,0.13994074,7.297213,225,0
atitlan,2026-03-24,688050.0,1617750.0,0.006323358,3.7329507,225,0
atitlan,2026-03-24,688350.0,1617750.0,-0.061502177,2.0165205,225,0
atitlan,2026-03-24,688650.0,1617750.0,-0.06596899,1.7902182,225,0
atitlan,2026-03-24,688950.0,1617750.0,-0.06548122,1.8197005,225,0
atitlan,2026-03-24,689250.0,1617750.0,-0.064008646,1.8905622,225,0
atitlan,2026-03-24,689550.0,1617750.0,-0.0017645188,3.653156,225,0
atitlan,2026-03-24,689850.0,1617750.0,0.14253661,6.9539714,225,0
atitlan,2026-03-24,690150.0,1617750.0,0.19168234,8.539307,225,0
atitlan,2026-03-24,690450.0,1617750.0,0.107461795,6.3566084,225,0
atitlan,2026-03-24,690750.0,1617750.0,0.167754,8.6844635,225,0
atitlan,2026-03-24,691050.0,1617750.0,0.23190433,11.447468,225,0
atitlan,2026-03-24,691350.0,1617750.0,0.26524842,13.4098835,225,1
atitlan,2026-03-24,691650.0,1617750.0,0.25122142,14.068393,225,1
atitlan,2026-03-24,691950.0,1617750.0,0.26584998,14.64945,225,1
atitlan,2026-03-24,692250.0,1617750.0,0.19328186,10.0748825,225,0
atitlan,2026-03-24,692550.0,1617750.0,0.14782223,8.49488,225,0
atitlan,2026-03-24,692850.0,1617750.0,0.20251042,10.285151,225,0
atitlan,2026-03-24,693150.0,1617750.0,0.20660582,8.677791,225,0
atitlan,2026-03-24,693450.0,1617750.0,0.24763492,11.392414,225,0
atitlan,2026-03-24,693750.0,1617750.0,0.20594023,8.827598,225,0
atitlan,2026-03-24,694050.0,1617750.0,0.18273388,8.611507,225,0
atitlan,2026-03-24,694350.0,1617750.0,0.2944682,16.799074,225,1
atitlan,2026-03-24,694650.0,1617750.0,0.3085124,18.637583,225,1
atitlan,2026-03-24,694950.0,1617750.0,0.31789663,19.477938,225,1
atitlan,2026-03-24,695250.0,1617750.0,0.33097732,21.535257,225,1
atitlan,2026-03-24,695550.0,1617750.0,0.35519338,26.10054,225,1
atitlan,2026-03-24,695850.0,1617750.0,0.36752358,28.845213,225,1
atitlan,2026-03-24,696150.0,1617750.0,0.36017635,27.836248,225,1
atitlan,2026-03-24,696450.0,1617750.0,0.33386174,22.444237,225,1
atitlan,2026-03-24,696750.0,1617750.0,0.27899998,15.182225,225,1
atitlan,2026-03-24,697050.0,1617750.0,0.2737287,15.214579,225,1
atitlan,2026-03-24,697350.0,1617750.0,0.30136707,18.591864,225,1
atitlan,2026-03-24,697650.0,1617750.0,0.27773118,15.788616,225,1
atitlan,2026-03-24,697950.0,1617750.0,0.28953704,17.992624,225,1
atitlan,2026-03-24,698250.0,1617750.0,0.32050776,20.482393,225,1
atitlan,2026-03-24,698550.0,1617750.0,0.32165548,20.552792,225,1
atitlan,2026-03-24,698850.0,1617750.0,0.29445943,17.951136,225,1
atitlan,2026-03-24,699150.0,1617750.0,0.15098819,9.1015,225,0
atitlan,2026-03-24,699450.0,1617750.0,0.1715276,8.675632,225,0
atitlan,2026-03-24,699750.0,1617750.0,0.11447385,6.7191396,225,0
atitlan,2026-03-24,700050.0,1617750.0,0.16238195,7.4841757,225,0
atitlan,2026-03-24,700350.0,1617750.0,0.28573096,17.007406,225,1
atitlan,2026-03-24,700650.0,1617750.0,0.32941398,22.288265,225,1
atitlan,2026-03-24,700950.0,1617750.0,0.29534447,17.884468,225,1
atitlan,2026-03-24,701250.0,1617750.0,0.24158147,14.029831,225,1
atitlan,2026-03-24,701550.0,1617750.0,0.30454898,17.45248,225,1
atitlan,2026-03-24,701850.0,1617750.0,0.27249384,14.770469,225,1
atitlan,2026-03-24,702150.0,1617750.0,0.29223368,16.910164,225,1
atitlan,2026-03-24,702450.0,1617750.0,0.21750289,9.538087,225,0
atitlan,2026-03-24,702750.0,1617750.0,0.20973751,9.6762905,225,0
atitlan,2026-03-24,703050.0,1617750.0,0.16025099,6.3864193,225,0
atitlan,2026-03-24,703350.0,1617750.0,0.17934912,7.438113,225,0
atitlan,2026-03-24,703650.0,1617750.0,0.20724255,8.976013,225,0
atitlan,2026-03-24,703950.0,1617750.0,0.21428165,9.396543,225,0
atitlan,2026-03-24,704250.0,1617750.0,0.21905039,10.310305,225,0
atitlan,2026-03-24,704550.0,1617750.0,0.2097403,9.367499,225,0
atitlan,2026-03-24,704850.0,1617750.0,0.29407188,16.910822,225,1
atitlan,2026-03-24,705150.0,1617750.0,0.28243434,15.421142,225,1
atitlan,2026-03-24,705450.0,1617750.0,0.22875836,10.256182,225,0
atitlan,2026-03-24,705750.0,1617750.0,0.27230898,15.392213,225,1
atitlan,2026-03-24,706050.0,1617750.0,0.28426233,15.1392975,225,1
atitlan,2026-03-24,706350.0,1617750.0,0.25486946,12.840264,225,1
atitlan,2026-03-24,706650.0,1617750.0,0.17103107,7.1238155,225,0
atitlan,2026-03-24,706950.0,1617750.0,0.21367721,9.214334,225,0
atitlan,2026-03-24,707250.0,1617750.0,0.21939321,9.94295,225,0
atitlan,2026-03-24,707550.0,1617750.0,0.22313495,10.148421,225,0
atitlan,2026-03-24,707850.0,1617750.0,0.31244808,18.719912,45,1
atitlan,2026-03-24,680250.0,1618050.0,0.06566169,5.169286,180,0
atitlan,2026-03-24,680550.0,1618050.0,0.20695154,9.839151,225,0
atitlan,2026-03-24,680850.0,1618050.0,0.2030001,9.541598,225,0
atitlan,2026-03-24,681150.0,1618050.0,0.08877984,5.349512,225,0
atitlan,2026-03-24,681450.0,1618050.0,0.03206123,4.2558007,225,0
atitlan,2026-03-24,681750.0,1618050.0,0.049500067,5.0100093,225,0
atitlan,2026-03-24,682050.0,1618050.0,0.07114989,4.9813833,225,0
atitlan,2026-03-24,682350.0,1618050.0,0.10198853,5.9860983,225,0
atitlan,2026-03-24,682650.0,1618050.0,0.10083532,6.176448,225,0
atitlan,2026-03-24,682950.0,1618050.0,0.23619305,13.39078,225,1
atitlan,2026-03-24,683250.0,1618050.0,0.101407096,5.8336678,225,0
atitlan,2026-03-24,683550.0,1618050.0,0.20774043,13.861022,225,1
atitlan,2026-03-24,683850.0,1618050.0,0.3671372,28.519386,225,1
atitlan,2026-03-24,684150.0,1618050.0,0.3511726,25.797123,225,1
atitlan,2026-03-24,684450.0,1618050.0,0.27863675,15.919473,225,1
atitlan,2026-03-24,684750.0,1618050.0,0.25516692,13.759157,225,1
atitlan,2026-03-24,685050.0,1618050.0,0.30151495,18.489803,225,1
atitlan,2026-03-24,685350.0,1618050.0,0.29414082,17.406103,225,1
atitlan,2026-03-24,685650.0,1618050.0,0.28173396,15.903988,225,1
atitlan,2026-03-24,685950.0,1618050.0,0.29870278,17.41901,225,1
atitlan,2026-03-24,686250.0,1618050.0,0.27815598,16.075779,225,1
atitlan,2026-03-24,686550.0,1618050.0,0.24139397,12.026637,225,1
atitlan,2026-03-24,686850.0,1618050.0,0.24561256,11.569761,225,0
atitlan,2026-03-24,687150.0,1618050.0,0.24869683,12.769662,225,1
atitlan,2026-03-24,687450.0,1618050.0,0.21053596,9.743342,225,0
atitlan,2026-03-24,687750.0,1618050.0,0.16494,7.11268,225,0
atitlan,2026-03-24,688050.0,1618050.0,0.1528323,7.4603596,225,0
atitlan,2026-03-24,688350.0,1618050.0,0.026671544,4.344174,225,0
atitlan,2026-03-24,688650.0,1618050.0,-0.06197899,1.9933348,225,0
atitlan,2026-03-24,688950.0,1618050.0,-0.06442921,1.8769393,225,0
atitlan,2026-03-24,689250.0,1618050.0,-0.063382246,1.9241568,225,0
atitlan,2026-03-24,689550.0,1618050.0,-0.05993518,2.0998204,225,0
atitlan,2026-03-24,689850.0,1618050.0,-0.03597017,2.8774939,225,0
atitlan,2026-03-24,690150.0,1618050.0,0.08240377,5.517401,225,0
atitlan,2026-03-24,690450.0,1618050.0,0.124965586,6.3033376,225,0
atitlan,2026-03-24,690750.0,1618050.0,0.15899687,7.4046392,225,0
atitlan,2026-03-24,691050.0,1618050.0,0.2586828,12.273081,225,1
atitlan,2026-03-24,691350.0,1618050.0,0.25114486,12.611241,225,1
atitlan,2026-03-24,691650.0,1618050.0,0.23371251,13.207045,225,1
atitlan,2026-03-24,691950.0,1618050.0,0.20484982,10.620485,225,0
atitlan,2026-03-24,692250.0,1618050.0,0.14280048,8.360211,225,0
atitlan,2026-03-24,692550.0,1618050.0,0.19252777,10.240047,225,0
atitlan,2026-03-24,692850.0,1618050.0,0.2548564,14.021045,225,1
atitlan,2026-03-24,693150.0,1618050.0,0.2530092,12.344023,225,1
atitlan,2026-03-24,693450.0,1618050.0,0.22407413,9.9867525,225,0
atitlan,2026-03-24,693750.0,1618050.0,0.15218525,7.0162916,225,0
atitlan,2026-03-24,694050.0,1618050.0,0.115332626,6.7118607,225,0
atitlan,2026-03-24,694350.0,1618050.0,0.25077885,12.35983,225,1
atitlan,2026-03-24,694650.0,1618050.0,0.29057607,16.158232,225,1
atitlan,2026-03-24,694950.0,1618050.0,0.31292623,18.762598,225,1
atitlan,2026-03-24,695250.0,1618050.0,0.31695744,19.231064,225,1
atitlan,2026-03-24,695550.0,1618050.0,0.33932412,23.297659,225,1
atitlan,2026-03-24,695850.0,1618050.0,0.3611179,27.73166,225,1
atitlan,2026-03-24,696150.0,1618050.0,0.35954192,27.571749,225,1
atitlan,2026-03-24,696450.0,1618050.0,0.32625464,20.917076,225,1
atitlan,2026-03-24,696750.0,1618050.0,0.28939238,15.534649,225,1
atitlan,2026-03-24,697050.0,1618050.0,0.27822042,15.166471,225,1
atitlan,2026-03-24,697350.0,1618050.0,0.29455507,17.482502,225,1
atitlan,2026-03-24,697650.0,1618050.0,0.28006595,15.562738,225,1
atitlan,2026-03-24,697950.0,1618050.0,0.3018744,17.635847,225,1
atitlan,2026-03-24,698250.0,1618050.0,0.30121955,18.580593,225,1
atitlan,2026-03-24,698550.0,1618050.0,0.29822093,17.91176,225,1
atitlan,2026-03-24,698850.0,1618050.0,0.2915937,17.458448,225,1
atitlan,2026-03-24,699150.0,1618050.0,0.2173313,11.7074,225,0
atitlan,2026-03-24,699450.0,1618050.0,0.21393524,11.140237,225,0
atitlan,2026-03-24,699750.0,1618050.0,0.09738365,6.2909007,225,0
atitlan,2026-03-24,700050.0,1618050.0,0.12276356,7.8952446,225,0
atitlan,2026-03-24,700350.0,1618050.0,0.23453653,11.298693,225,0
atitlan,2026-03-24,700650.0,1618050.0,0.28650942,17.560286,225,1
atitlan,2026-03-24,700950.0,1618050.0,0.27299023,16.979149,225,1
atitlan,2026-03-24,701250.0,1618050.0,0.25946373,17.005848,225,1
atitlan,2026-03-24,701550.0,1618050.0,0.30494937,18.197214,225,1
atitlan,2026-03-24,701850.0,1618050.0,0.3043426,18.94071,225,1
atitlan,2026-03-24,702150.0,1618050.0,0.26246578,14.771243,225,1
atitlan,2026-03-24,702450.0,1618050.0,0.18118376,7.5394354,225,0
atitlan,2026-03-24,702750.0,1618050.0,0.21252845,9.162525,225,0
atitlan,2026-03-24,703050.0,1618050.0,0.18034178,7.2581778,225,0
atitlan,2026-03-24,703350.0,1618050.0,0.17417467,7.2564225,225,0
atitlan,2026-03-24,703650.0,1618050.0,0.20458905,9.079612,225,0
atitlan,2026-03-24,703950.0,1618050.0,0.24612108,11.642348,225,0
atitlan,2026-03-24,704250.0,1618050.0,0.25439727,12.750753,225,1
atitlan,2026-03-24,704550.0,1618050.0,0.22081834,9.930756,225,0
atitlan,2026-03-24,704850.0,1618050.0,0.25103053,12.498254,225,1
atitlan,2026-03-24,705150.0,1618050.0,0.2770634,14.461581,225,1
atitlan,2026-03-24,705450.0,1618050.0,0.2510555,11.74073,225,0
atitlan,2026-03-24,705750.0,1618050.0,0.22827658,10.914915,225,0
atitlan,2026-03-24,706050.0,1618050.0,0.29678202,17.135334,225,1
atitlan,2026-03-24,706350.0,1618050.0,0.25676537,12.619509,225,1
atitlan,2026-03-24,706650.0,1618050.0,0.19445613,8.541231,225,0
atitlan,2026-03-24,706950.0,1618050.0,0.23575887,11.174255,225,0
atitlan,2026-03-24,707250.0,1618050.0,0.21641673,10.042801,225,0
atitlan,2026-03-24,707550.0,1618050.0,0.2209779,9.80472,225,0
atitlan,2026-03-24,707850.0,1618050.0,0.30009428,17.061615,45,1
atitlan,2026-03-24,680250.0,1618350.0,0.262986,13.451811,180,1
atitlan,2026-03-24,680550.0,1618350.0,0.27689704,14.495358,225,1
atitlan,2026-03-24,680850.0,1618350.0,0.14699163,6.75362,225,0
atitlan,2026-03-24,681150.0,1618350.0,0.06315216,4.930327,225,0
atitlan,2026-03-24,681450.0,1618350.0,0.02019938,4.3364244,225,0
atitlan,2026-03-24,681750.0,1618350.0,0.016243761,4.236115,225,0
atitlan,2026-03-24,682050.0,1618350.0,0.057855133,4.9983287,225,0
atitlan,2026-03-24,682350.0,1618350.0,0.22896187,11.291383,225,0
atitlan,2026-03-24,682650.0,1618350.0,0.31170785,18.71892,225,1
atitlan,2026-03-24,682950.0,1618350.0,0.32800642,22.224434,225,1
atitlan,2026-03-24,683250.0,1618350.0,0.19895235,10.185496,225,0
atitlan,2026-03-24,683550.0,1618350.0,0.27052003,16.390612,225,1
atitlan,2026-03-24,683850.0,1618350.0,0.32830498,21.788076,225,1
atitlan,2026-03-24,684150.0,1618350.0,0.30324292,17.612791,225,1
atitlan,2026-03-24,684450.0,1618350.0,0.28551906,16.41399,225,1
atitlan,2026-03-24,684750.0,1618350.0,0.2788012,16.463243,225,1
atitlan,2026-03-24,685050.0,1618350.0,0.30632222,18.950935,225,1
atitlan,2026-03-24,685350.0,1618350.0,0.27998787,15.664881,225,1
atitlan,2026-03-24,685650.0,1618350.0,0.2685236,14.911766,225,1
atitlan,2026-03-24,685950.0,1618350.0,0.24954754,13.174121,225,1
atitlan,2026-03-24,686250.0,1618350.0,0.24299932,12.497045,225,1
atitlan,2026-03-24,686550.0,1618350.0,0.23637466,11.389978,225,0
atitlan,2026-03-24,686850.0,1618350.0,0.25768703,12.839196,225,1
atitlan,2026-03-24,687150.0,1618350.0,0.26012266,12.846743,225,1
atitlan,2026-03-24,687450.0,1618350.0,0.2526701,12.638346,225,1
atitlan,2026-03-24,687750.0,1618350.0,0.18541436,8.54434,225,0
atitlan,2026-03-24,688050.0,1618350.0,0.19571541,8.806056,225,0
atitlan,2026-03-24,688350.0,1618350.0,0.14102852,6.90141,225,0
atitlan,2026-03-24,688650.0,1618350.0,-0.05291311,2.3581312,225,0
atitlan,2026-03-24,688950.0,1618350.0,-0.05979802,2.101877,225,0
atitlan,2026-03-24,689250.0,1618350.0,-0.0616318,2.0141077,225,0
atitlan,2026-03-24,689550.0,1618350.0,-0.060781043,2.0588098,225,0
atitlan,2026-03-24,689850.0,1618350.0,-0.06060376,2.0652018,225,0
atitlan,2026-03-24,690150.0,1618350.0,-0.0390463,2.8137627,225,0
atitlan,2026-03-24,690450.0,1618350.0,0.13442862,7.269341,225,0
atitlan,2026-03-24,690750.0,1618350.0,0.1586826,7.9936013,225,0
atitlan,2026-03-24,691050.0,1618350.0,0.2605259,12.408779,225,1
atitlan,2026-03-24,691350.0,1618350.0,0.2709931,14.951977,225,1
atitlan,2026-03-24,691650.0,1618350.0,0.2408877,12.078529,225,1
atitlan,2026-03-24,691950.0,1618350.0,0.1990477,11.903941,225,0
atitlan,2026-03-24,692250.0,1618350.0,0.1574327,8.91899,225,0
atitlan,2026-03-24,692550.0,1618350.0,0.24285418,12.469286,225,1
atitlan,2026-03-24,692850.0,1618350.0,0.25375164,13.429108,225,1
atitlan,2026-03-24,693150.0,1618350.0,0.21446368,10.321507,225,0
atitlan,2026-03-24,693450.0,1618350.0,0.1984024,8.932249,225,0
atitlan,2026-03-24,693750.0,1618350.0,0.12693152,5.9393816,225,0
atitlan,2026-03-24,694050.0,1618350.0,0.10383426,5.706546,225,0
atitlan,2026-03-24,694350.0,1618350.0,0.19215585,10.57252,225,0
atitlan,2026-03-24,694650.0,1618350.0,0.2899075,15.7617655,225,1
atitlan,2026-03-24,694950.0,1618350.0,0.29493192,16.626446,225,1
atitlan,2026-03-24,695250.0,1618350.0,0.30886248,18.267756,225,1
atitlan,2026-03-24,695550.0,1618350.0,0.31583512,19.149239,225,1
atitlan,2026-03-24,695850.0,1618350.0,0.37543076,31.191252,225,1
atitlan,2026-03-24,696150.0,1618350.0,0.33713078,23.297943,225,1
atitlan,2026-03-24,696450.0,1618350.0,0.3092999,18.277401,225,1
atitlan,2026-03-24,696750.0,1618350.0,0.2669261,13.351648,225,1
atitlan,2026-03-24,697050.0,1618350.0,0.25425228,13.32259,225,1
atitlan,2026-03-24,697350.0,1618350.0,0.30715588,19.760868,225,1
atitlan,2026-03-24,697650.0,1618350.0,0.31529367,20.536669,225,1
atitlan,2026-03-24,697950.0,1618350.0,0.31383997,19.672653,225,1
atitlan,2026-03-24,698250.0,1618350.0,0.31115276,19.718508,225,1
atitlan,2026-03-24,698550.0,1618350.0,0.29873142,17.555992,225,1
atitlan,2026-03-24,698850.0,1618350.0,0.28695336,16.501926,225,1
atitlan,2026-03-24,699150.0,1618350.0,0.24238756,12.722428,225,1
atitlan,2026-03-24,699450.0,1618350.0,0.13758963,7.793284,225,0
atitlan,2026-03-24,699750.0,1618350.0,0.06434756,4.9313245,225,0
atitlan,2026-03-24,700050.0,1618350.0,0.03779886,4.31988,225,0
atitlan,2026-03-24,700350.0,1618350.0,0.1808892,8.843425,225,0
atitlan,2026-03-24,700650.0,1618350.0,0.23200783,11.353556,225,0
atitlan,2026-03-24,700950.0,1618350.0,0.28953075,17.389029,225,1
atitlan,2026-03-24,701250.0,1618350.0,0.3132884,21.424807,225,1
atitlan,2026-03-24,701550.0,1618350.0,0.25955334,17.05769,225,1
atitlan,2026-03-24,701850.0,1618350.0,0.29656288,18.670794,225,1
atitlan,2026-03-24,702150.0,1618350.0,0.27371532,16.16886,225,1
atitlan,2026-03-24,702450.0,1618350.0,0.20752668,9.637631,225,0
atitlan,2026-03-24,702750.0,1618350.0,0.21180812,9.399283,225,0
atitlan,2026-03-24,703050.0,1618350.0,0.1927875,8.212331,225,0
atitlan,2026-03-24,703350.0,1618350.0,0.19311823,8.8721285,225,0
atitlan,2026-03-24,703650.0,1618350.0,0.21703434,10.219407,225,0
atitlan,2026-03-24,703950.0,1618350.0,0.16293752,6.8509707,225,0
atitlan,2026-03-24,704250.0,1618350.0,0.19304721,8.318365,225,0
atitlan,2026-03-24,704550.0,1618350.0,0.22467794,10.115878,225,0
atitlan,2026-03-24,704850.0,1618350.0,0.2713575,13.672322,225,1
atitlan,2026-03-24,705150.0,1618350.0,0.25464398,12.148249,225,1
atitlan,2026-03-24,705450.0,1618350.0,0.26338106,12.851356,225,1
atitlan,2026-03-24,705750.0,1618350.0,0.26705042,13.725631,225,1
atitlan,2026-03-24,706050.0,1618350.0,0.22932427,10.441845,225,0
atitlan,2026-03-24,706350.0,1618350.0,0.21322344,9.405572,225,0
atitlan,2026-03-24,706650.0,1618350.0,0.27953735,15.055482,225,1
atitlan,2026-03-24,706950.0,1618350.0,0.26610124,13.881559,225,1
atitlan,2026-03-24,707250.0,1618350.0,0.23083444,10.659827,225,0
atitlan,2026-03-24,707550.0,1618350.0,0.1746638,7.0251865,225,0
atitlan,2026-03-24,707850.0,1618350.0,0.24797401,12.43953,45,1
atitlan,2026-03-24,680250.0,1618650.0,0.30335715,17.606483,180,1
atitlan,2026-03-24,680550.0,1618650.0,0.29150155,15.638909,225,1
atitlan,2026-03-24,680850.0,1618650.0,0.21638703,10.558705,225,0
atitlan,2026-03-24,681150.0,1618650.0,0.08428518,5.139853,225,0
atitlan,2026-03-24,681450.0,1618650.0,0.08477024,5.524489,225,0
atitlan,2026-03-24,681750.0,1618650.0,0.084137954,5.1333795,225,0
atitlan,2026-03-24,682050.0,1618650.0,0.084823504,5.1488223,225,0
atitlan,2026-03-24,682350.0,1618650.0,0.15224868,6.7286735,225,0
atitlan,2026-03-24,682650.0,1618650.0,0.28842556,15.539099,225,1
atitlan,2026-03-24,682950.0,1618650.0,0.2857689,15.445702,225,1
atitlan,2026-03-24,683250.0,1618650.0,0.28309172,14.862463,225,1
atitlan,2026-03-24,683550.0,1618650.0,0.30823436,18.22929,225,1
atitlan,2026-03-24,683850.0,1618650.0,0.31192023,18.63247,225,1
atitlan,2026-03-24,684150.0,1618650.0,0.2869869,16.35065,225,1
atitlan,2026-03-24,684450.0,1618650.0,0.255948,14.319964,225,1
atitlan,2026-03-24,684750.0,1618650.0,0.26533738,14.779132,225,1
atitlan,2026-03-24,685050.0,1618650.0,0.281878,16.808737,225,1
atitlan,2026-03-24,685350.0,1618650.0,0.28913802,16.404087,225,1
atitlan,2026-03-24,685650.0,1618650.0,0.2823695,15.468347,225,1
atitlan,2026-03-24,685950.0,1618650.0,0.21983375,9.526181,225,0
atitlan,2026-03-24,686250.0,1618650.0,0.23356932,11.037912,225,0
atitlan,2026-03-24,686550.0,1618650.0,0.19384621,8.402652,225,0
atitlan,2026-03-24,686850.0,1618650.0,0.25531566,13.346454,225,1
atitlan,2026-03-24,687150.0,1618650.0,0.26917183,14.107071,225,1
atitlan,2026-03-24,687450.0,1618650.0,0.2434283,12.333273,225,1
atitlan,2026-03-24,687750.0,1618650.0,0.23189905,10.755156,225,0
atitlan,2026-03-24,688050.0,1618650.0,0.18455575,7.771861,225,0
atitlan,2026-03-24,688350.0,1618650.0,0.15884793,6.7846637,225,0
atitlan,2026-03-24,688650.0,1618650.0,0.09509155,6.493708,225,0
atitlan,2026-03-24,688950.0,1618650.0,-0.012888317,3.3999717,225,0
atitlan,2026-03-24,689250.0,1618650.0,-0.06276265,1.9552723,225,0
atitlan,2026-03-24,689550.0,1618650.0,-0.06316546,1.9365995,225,0
atitlan,2026-03-24,689850.0,1618650.0,-0.060528535,2.060372,225,0
atitlan,2026-03-24,690150.0,1618650.0,0.023183716,3.9137566,225,0
atitlan,2026-03-24,690450.0,1618650.0,0.045747586,4.5743127,225,0
atitlan,2026-03-24,690750.0,1618650.0,0.09921266,5.792015,225,0
atitlan,2026-03-24,691050.0,1618650.0,0.24012561,11.142011,225,0
atitlan,2026-03-24,691350.0,1618650.0,0.2677219,13.550188,225,1
atitlan,2026-03-24,691650.0,1618650.0,0.25565615,13.01793,225,1
atitlan,2026-03-24,691950.0,1618650.0,0.20608006,11.513646,225,0
atitlan,2026-03-24,692250.0,1618650.0,0.24582233,13.611973,225,1
atitlan,2026-03-24,692550.0,1618650.0,0.23589158,12.728509,225,1
atitlan,2026-03-24,692850.0,1618650.0,0.25417975,12.757038,225,1
atitlan,2026-03-24,693150.0,1618650.0,0.23316401,12.500231,225,1
atitlan,2026-03-24,693450.0,1618650.0,0.16573225,7.676579,225,0
atitlan,2026-03-24,693750.0,1618650.0,0.15783656,7.7171702,225,0
atitlan,2026-03-24,694050.0,1618650.0,0.24052605,10.558646,225,0
atitlan,2026-03-24,694350.0,1618650.0,0.29609025,16.36046,225,1
atitlan,2026-03-24,694650.0,1618650.0,0.30079937,17.426573,225,1
atitlan,2026-03-24,694950.0,1618650.0,0.31993753,20.25484,225,1
atitlan,2026-03-24,695250.0,1618650.0,0.31379616,19.126396,225,1
atitlan,2026-03-24,695550.0,1618650.0,0.33141991,21.985086,225,1
atitlan,2026-03-24,695850.0,1618650.0,0.3638047,28.672073,225,1
atitlan,2026-03-24,696150.0,1618650.0,0.27168638,15.553948,225,1
atitlan,2026-03-24,696450.0,1618650.0,0.28932604,16.44832,225,1
atitlan,2026-03-24,696750.0,1618650.0,0.26303393,13.613067,225,1
atitlan,2026-03-24,697050.0,1618650.0,0.2684287,14.155882,225,1
atitlan,2026-03-24,697350.0,1618650.0,0.32921746,22.499075,225,1
atitlan,2026-03-24,697650.0,1618650.0,0.32830524,22.862526,225,1
atitlan,2026-03-24,697950.0,1618650.0,0.3127929,19.741426,225,1
atitlan,2026-03-24,698250.0,1618650.0,0.2775611,15.084935,225,1
atitlan,2026-03-24,698550.0,1618650.0,0.29468077,17.16186,225,1
atitlan,2026-03-24,698850.0,1618650.0,0.25704235,13.353382,225,1
atitlan,2026-03-24,699150.0,1618650.0,0.23908149,12.32172,225,1
atitlan,2026-03-24,699450.0,1618650.0,0.21658021,11.500538,225,0
atitlan,2026-03-24,699750.0,1618650.0,0.035211284,4.3349733,225,0
atitlan,2026-03-24,700050.0,1618650.0,0.057478808,5.0480757,225,0
atitlan,2026-03-24,700350.0,1618650.0,0.14976953,7.605244,225,0
atitlan,2026-03-24,700650.0,1618650.0,0.19199446,8.2752,225,0
atitlan,2026-03-24,700950.0,1618650.0,0.21208063,9.440334,225,0
atitlan,2026-03-24,701250.0,1618650.0,0.29531458,20.063826,225,1
atitlan,2026-03-24,701550.0,1618650.0,0.27470234,17.134668,225,1
atitlan,2026-03-24,701850.0,1618650.0,0.21650769,12.449173,225,1
atitlan,2026-03-24,702150.0,1618650.0,0.2877713,17.058773,225,1
atitlan,2026-03-24,702450.0,1618650.0,0.26893562,14.395301,225,1
atitlan,2026-03-24,702750.0,1618650.0,0.22749583,10.759981,225,0
atitlan,2026-03-24,703050.0,1618650.0,0.21951099,9.85012,225,0
atitlan,2026-03-24,703350.0,1618650.0,0.1427018,6.0431986,225,0
atitlan,2026-03-24,703650.0,1618650.0,0.19243097,8.903202,225,0
atitlan,2026-03-24,703950.0,1618650.0,0.1801757,7.9148893,225,0
atitlan,2026-03-24,704250.0,1618650.0,0.18137997,7.548445,225,0
atitlan,2026-03-24,704550.0,1618650.0,0.19823332,8.542753,225,0
atitlan,2026-03-24,704850.0,1618650.0,0.23658916,11.335393,225,0
atitlan,2026-03-24,705150.0,1618650.0,0.2577712,13.443983,225,1
atitlan,2026-03-24,705450.0,1618650.0,0.25553364,13.081961,225,1
atitlan,2026-03-24,705750.0,1618650.0,0.2701137,13.507658,225,1
atitlan,2026-03-24,706050.0,1618650.0,0.28545707,16.012281,225,1
atitlan,2026-03-24,706350.0,1618650.0,0.2682666,14.442235,225,1
atitlan,2026-03-24,706650.0,1618650.0,0.28999197,16.257046,225,1
atitlan,2026-03-24,706950.0,1618650.0,0.28240627,14.957695,225,1
atitlan,2026-03-24,707250.0,1618650.0,0.20752086,8.420734,225,0
atitlan,2026-03-24,707550.0,1618650.0,0.21210541,9.477749,225,0
atitlan,2026-03-24,707850.0,1618650.0,0.20274638,8.010303,45,0
atitlan,2026-03-24,680250.0,1618950.0,0.2955735,16.842052,180,1
atitlan,2026-03-24,680550.0,1618950.0,0.30434978,17.836021,225,1
atitlan,2026-03-24,680850.0,1618950.0,0.30573574,17.461168,225,1
atitlan,2026-03-24,681150.0,1618950.0,0.24549447,12.124981,225,1
atitlan,2026-03-24,681450.0,1618950.0,0.19270347,8.991847,225,0
atitlan,2026-03-24,681750.0,1618950.0,0.10400133,5.835134,225,0
atitlan,2026-03-24,682050.0,1618950.0,0.14123385,7.083544,225,0
atitlan,2026-03-24,682350.0,1618950.0,0.1976699,8.982719,225,0
atitlan,2026-03-24,682650.0,1618950.0,0.2743678,14.043419,225,1
atitlan,2026-03-24,682950.0,1618950.0,0.2956849,16.868656,225,1
atitlan,2026-03-24,683250.0,1618950.0,0.3130539,19.099922,225,1
atitlan,2026-03-24,683550.0,1618950.0,0.3171205,19.454596,225,1
atitlan,2026-03-24,683850.0,1618950.0,0.30635172,18.032291,225,1
atitlan,2026-03-24,684150.0,1618950.0,0.30364543,18.18532,225,1
atitlan,2026-03-24,684450.0,1618950.0,0.2510359,12.90528,225,1
atitlan,2026-03-24,684750.0,1618950.0,0.21619684,9.709688,225,0
atitlan,2026-03-24,685050.0,1618950.0,0.2634207,14.371918,225,1
atitlan,2026-03-24,685350.0,1618950.0,0.22741404,11.138545,225,0
atitlan,2026-03-24,685650.0,1618950.0,0.23955391,11.617229,225,0
atitlan,2026-03-24,685950.0,1618950.0,0.24540755,11.509005,225,0
atitlan,2026-03-24,686250.0,1618950.0,0.22215968,10.254192,225,0
atitlan,2026-03-24,686550.0,1618950.0,0.19114503,8.414863,225,0
atitlan,2026-03-24,686850.0,1618950.0,0.24485026,11.814543,225,0
atitlan,2026-03-24,687150.0,1618950.0,0.23235632,11.602389,225,0
atitlan,2026-03-24,687450.0,1618950.0,0.22589405,10.815508,225,0
atitlan,2026-03-24,687750.0,1618950.0,0.21945138,10.150889,225,0
atitlan,2026-03-24,688050.0,1618950.0,0.22659956,10.774089,225,0
atitlan,2026-03-24,688350.0,1618950.0,0.17683397,7.655404,225,0
atitlan,2026-03-24,688650.0,1618950.0,0.1538373,6.6506724,225,0
atitlan,2026-03-24,688950.0,1618950.0,0.14451358,6.9214883,225,0
atitlan,2026-03-24,689250.0,1618950.0,-0.050359245,2.4602706,225,0
atitlan,2026-03-24,689550.0,1618950.0,-0.062386088,1.9795712,225,0
atitlan,2026-03-24,689850.0,1618950.0,-0.05287774,2.3185656,225,0
atitlan,2026-03-24,690150.0,1618950.0,0.077528186,5.297974,225,0
atitlan,2026-03-24,690450.0,1618950.0,0.025254821,4.109578,225,0
atitlan,2026-03-24,690750.0,1618950.0,0.030040482,4.362933,225,0
atitlan,2026-03-24,691050.0,1618950.0,0.11243827,6.281678,225,0
atitlan,2026-03-24,691350.0,1618950.0,0.21298201,9.799439,225,0
atitlan,2026-03-24,691650.0,1618950.0,0.26382607,13.166841,225,1
atitlan,2026-03-24,691950.0,1618950.0,0.23325004,10.921702,225,0
atitlan,2026-03-24,692250.0,1618950.0,0.2479458,12.330453,225,1
atitlan,2026-03-24,692550.0,1618950.0,0.26255912,13.405053,225,1
atitlan,2026-03-24,692850.0,1618950.0,0.2153798,11.634362,225,0
atitlan,2026-03-24,693150.0,1618950.0,0.2251789,12.11594,225,1
atitlan,2026-03-24,693450.0,1618950.0,0.14503291,7.550099,225,0
atitlan,2026-03-24,693750.0,1618950.0,0.16064692,8.21546,225,0
atitlan,2026-03-24,694050.0,1618950.0,0.21961156,9.296926,225,0
atitlan,2026-03-24,694350.0,1618950.0,0.25730065,12.477069,225,1
atitlan,2026-03-24,694650.0,1618950.0,0.27989805,14.359435,225,1
atitlan,2026-03-24,694950.0,1618950.0,0.3101432,18.951197,225,1
atitlan,2026-03-24,695250.0,1618950.0,0.29550618,16.943539,225,1
atitlan,2026-03-24,695550.0,1618950.0,0.32573095,21.83441,225,1
atitlan,2026-03-24,695850.0,1618950.0,0.32085916,21.186892,225,1
atitlan,2026-03-24,696150.0,1618950.0,0.2838963,16.392534,225,1
atitlan,2026-03-24,696450.0,1618950.0,0.26838014,13.88887,225,1
atitlan,2026-03-24,696750.0,1618950.0,0.27376696,14.301132,225,1
atitlan,2026-03-24,697050.0,1618950.0,0.32366896,21.26484,225,1
atitlan,2026-03-24,697350.0,1618950.0,0.32120466,21.073038,225,1
atitlan,2026-03-24,697650.0,1618950.0,0.3099162,19.213274,225,1
atitlan,2026-03-24,697950.0,1618950.0,0.3149817,19.90929,225,1
atitlan,2026-03-24,698250.0,1618950.0,0.27031428,14.543267,225,1
atitlan,2026-03-24,698550.0,1618950.0,0.27436355,14.835935,225,1
atitlan,2026-03-24,698850.0,1618950.0,0.23034939,11.415962,225,0
atitlan,2026-03-24,699150.0,1618950.0,0.12693512,7.293587,225,0
atitlan,2026-03-24,699450.0,1618950.0,0.10803457,7.2609415,225,0
atitlan,2026-03-24,699750.0,1618950.0,0.05360258,4.98056,225,0
atitlan,2026-03-24,700050.0,1618950.0,0.05856272,5.186881,225,0
atitlan,2026-03-24,700350.0,1618950.0,0.121193215,6.883118,225,0
atitlan,2026-03-24,700650.0,1618950.0,0.1291689,6.786305,225,0
atitlan,2026-03-24,700950.0,1618950.0,0.15253404,6.6241193,225,0
atitlan,2026-03-24,701250.0,1618950.0,0.2501512,13.691457,225,1
atitlan,2026-03-24,701550.0,1618950.0,0.23452352,12.483047,225,1
atitlan,2026-03-24,701850.0,1618950.0,0.12521712,7.7324314,225,0
atitlan,2026-03-24,702150.0,1618950.0,0.18157358,10.651078,225,0
atitlan,2026-03-24,702450.0,1618950.0,0.22557877,10.515537,225,0
atitlan,2026-03-24,702750.0,1618950.0,0.18596399,7.868843,225,0
atitlan,2026-03-24,703050.0,1618950.0,0.15800695,6.539628,225,0
atitlan,2026-03-24,703350.0,1618950.0,0.14292875,5.974985,225,0
atitlan,2026-03-24,703650.0,1618950.0,0.17849374,7.841838,225,0
atitlan,2026-03-24,703950.0,1618950.0,0.19128911,8.487252,225,0
atitlan,2026-03-24,704250.0,1618950.0,0.16585265,6.9798293,225,0
atitlan,2026-03-24,704550.0,1618950.0,0.17087899,7.741993,225,0
atitlan,2026-03-24,704850.0,1618950.0,0.24058264,11.409508,225,0
atitlan,2026-03-24,705150.0,1618950.0,0.21427482,9.937668,225,0
atitlan,2026-03-24,705450.0,1618950.0,0.23941787,12.188337,225,1
atitlan,2026-03-24,705750.0,1618950.0,0.29817402,16.626879,225,1
atitlan,2026-03-24,706050.0,1618950.0,0.3035028,17.474201,225,1
atitlan,2026-03-24,706350.0,1618950.0,0.3146262,19.421146,225,1
atitlan,2026-03-24,706650.0,1618950.0,0.29831722,16.97089,225,1
atitlan,2026-03-24,706950.0,1618950.0,0.28866464,15.809544,225,1
atitlan,2026-03-24,707250.0,1618950.0,0.19669756,8.153428,225,0
atitlan,2026-03-24,707550.0,1618950.0,0.23991483,12.441857,225,1
atitlan,2026-03-24,707850.0,1618950.0,0.25086653,12.257211,45,1
atitlan,2026-03-24,680250.0,1619250.0,0.14420636,8.671067,180,0
atitlan,2026-03-24,680550.0,1619250.0,0.30361137,17.085558,225,1
atitlan,2026-03-24,680850.0,1619250.0,0.27518713,14.126987,225,1
atitlan,2026-03-24,681150.0,1619250.0,0.2779319,14.838544,225,1
atitlan,2026-03-24,681450.0,1619250.0,0.12794109,6.3053126,225,0
atitlan,2026-03-24,681750.0,1619250.0,0.046766836,4.7839584,225,0
atitlan,2026-03-24,682050.0,1619250.0,0.05224246,4.6591744,225,0
atitlan,2026-03-24,682350.0,1619250.0,0.26011643,14.086798,225,1
atitlan,2026-03-24,682650.0,1619250.0,0.29872274,16.65389,225,1
atitlan,2026-03-24,682950.0,1619250.0,0.30062503,16.911934,225,1
atitlan,2026-03-24,683250.0,1619250.0,0.2679614,16.246138,225,1
atitlan,2026-03-24,683550.0,1619250.0,0.303308,18.44768,225,1
atitlan,2026-03-24,683850.0,1619250.0,0.31467652,19.275103,225,1
atitlan,2026-03-24,684150.0,1619250.0,0.31156793,18.864498,225,1
atitlan,2026-03-24,684450.0,1619250.0,0.27917868,14.384198,225,1
atitlan,2026-03-24,684750.0,1619250.0,0.28735176,15.620813,225,1
atitlan,2026-03-24,685050.0,1619250.0,0.26128045,12.52472,225,1
atitlan,2026-03-24,685350.0,1619250.0,0.24988128,12.251282,225,1
atitlan,2026-03-24,685650.0,1619250.0,0.22447373,10.453297,225,0
atitlan,2026-03-24,685950.0,1619250.0,0.24148792,11.8387165,225,0
atitlan,2026-03-24,686250.0,1619250.0,0.26821068,13.444487,225,1
atitlan,2026-03-24,686550.0,1619250.0,0.2330145,11.123706,225,0
atitlan,2026-03-24,686850.0,1619250.0,0.2435874,12.102289,225,1
atitlan,2026-03-24,687150.0,1619250.0,0.22741406,11.061695,225,0
atitlan,2026-03-24,687450.0,1619250.0,0.22315896,9.993587,225,0
atitlan,2026-03-24,687750.0,1619250.0,0.20757413,9.020897,225,0
atitlan,2026-03-24,688050.0,1619250.0,0.19522965,8.39864,225,0
atitlan,2026-03-24,688350.0,1619250.0,0.20338984,8.710549,225,0
atitlan,2026-03-24,688650.0,1619250.0,0.16983059,7.3531084,225,0
atitlan,2026-03-24,688950.0,1619250.0,0.15737337,7.032618,225,0
atitlan,2026-03-24,689250.0,1619250.0,0.08286772,5.7345624,225,0
atitlan,2026-03-24,689550.0,1619250.0,0.0012911916,3.6520004,225,0
atitlan,2026-03-24,689850.0,1619250.0,-0.041012086,2.6390395,225,0
atitlan,2026-03-24,690150.0,1619250.0,0.08645284,5.2382092,225,0
atitlan,2026-03-24,690450.0,1619250.0,0.038579874,4.5733485,225,0
atitlan,2026-03-24,690750.0,1619250.0,0.0233896,4.068397,225,0
atitlan,2026-03-24,691050.0,1619250.0,0.038438626,4.3285007,225,0
atitlan,2026-03-24,691350.0,1619250.0,0.14140575,6.531086,225,0
atitlan,2026-03-24,691650.0,1619250.0,0.19604717,8.668942,225,0
atitlan,2026-03-24,691950.0,1619250.0,0.21607721,9.26645,225,0
atitlan,2026-03-24,692250.0,1619250.0,0.23722677,11.616118,225,0
atitlan,2026-03-24,692550.0,1619250.0,0.24809933,11.875167,225,0
atitlan,2026-03-24,692850.0,1619250.0,0.24754311,12.427004,225,1
atitlan,2026-03-24,693150.0,1619250.0,0.18291633,9.535103,225,0
atitlan,2026-03-24,693450.0,1619250.0,0.17472859,8.224322,225,0
atitlan,2026-03-24,693750.0,1619250.0,0.19663209,9.664073,225,0
atitlan,2026-03-24,694050.0,1619250.0,0.23131724,11.012586,225,0
atitlan,2026-03-24,694350.0,1619250.0,0.2442608,12.509311,225,1
atitlan,2026-03-24,694650.0,1619250.0,0.24530153,11.464138,225,0
atitlan,2026-03-24,694950.0,1619250.0,0.2513168,12.58305,225,1
atitlan,2026-03-24,695250.0,1619250.0,0.21783608,9.777415,225,0
atitlan,2026-03-24,695550.0,1619250.0,0.25208572,12.048965,225,1
atitlan,2026-03-24,695850.0,1619250.0,0.2460383,12.888015,225,1
atitlan,2026-03-24,696150.0,1619250.0,0.23338847,12.849863,225,1
atitlan,2026-03-24,696450.0,1619250.0,0.27145,15.182359,225,1
atitlan,2026-03-24,696750.0,1619250.0,0.27861914,15.894525,225,1
atitlan,2026-03-24,697050.0,1619250.0,0.30307153,18.148268,225,1
atitlan,2026-03-24,697350.0,1619250.0,0.31849557,20.926142,225,1
atitlan,2026-03-24,697650.0,1619250.0,0.30234188,17.907278,225,1
atitlan,2026-03-24,697950.0,1619250.0,0.31399453,19.805494,225,1
atitlan,2026-03-24,698250.0,1619250.0,0.28924716,16.339853,225,1
atitlan,2026-03-24,698550.0,1619250.0,0.23403713,11.710761,225,0
atitlan,2026-03-24,698850.0,1619250.0,0.24626553,12.443569,225,1
atitlan,2026-03-24,699150.0,1619250.0,0.1198327,6.364115,225,0
atitlan,2026-03-24,699450.0,1619250.0,0.10630526,6.400383,225,0
atitlan,2026-03-24,699750.0,1619250.0,0.14417487,8.056501,225,0
atitlan,2026-03-24,700050.0,1619250.0,0.04859127,5.185224,225,0
atitlan,2026-03-24,700350.0,1619250.0,0.025244733,4.545072,225,0
atitlan,2026-03-24,700650.0,1619250.0,-0.013037908,3.510599,225,0
atitlan,2026-03-24,700950.0,1619250.0,0.14277798,6.6370463,225,0
atitlan,2026-03-24,701250.0,1619250.0,0.2061017,9.784154,225,0
atitlan,2026-03-24,701550.0,1619250.0,0.25348154,13.630969,225,1
atitlan,2026-03-24,701850.0,1619250.0,0.20285365,11.3336,225,0
atitlan,2026-03-24,702150.0,1619250.0,0.18275386,9.601684,225,0
atitlan,2026-03-24,702450.0,1619250.0,0.20690848,11.472429,225,0
atitlan,2026-03-24,702750.0,1619250.0,0.17376927,7.7173996,225,0
atitlan,2026-03-24,703050.0,1619250.0,0.1856407,8.427019,225,0
atitlan,2026-03-24,703350.0,1619250.0,0.18850572,8.460803,225,0
atitlan,2026-03-24,703650.0,1619250.0,0.17760257,7.5293794,225,0
atitlan,2026-03-24,703950.0,1619250.0,0.14907147,6.6807265,225,0
atitlan,2026-03-24,704250.0,1619250.0,0.19140159,8.769278,225,0
atitlan,2026-03-24,704550.0,1619250.0,0.16607332,7.3105226,225,0
atitlan,2026-03-24,704850.0,1619250.0,0.18654466,7.539252,225,0
atitlan,2026-03-24,705150.0,1619250.0,0.20658024,8.622078,225,0
atitlan,2026-03-24,705450.0,1619250.0,0.2758203,14.303926,225,1
atitlan,2026-03-24,705750.0,1619250.0,0.27447435,14.226814,225,1
atitlan,2026-03-24,706050.0,1619250.0,0.2689832,13.963488,225,1
atitlan,2026-03-24,706350.0,1619250.0,0.28590247,15.38846,225,1
atitlan,2026-03-24,706650.0,1619250.0,0.25915936,12.446281,225,1
atitlan,2026-03-24,706950.0,1619250.0,0.2619106,12.945394,225,1
atitlan,2026-03-24,707250.0,1619250.0,0.24784644,12.045621,225,1
atitlan,2026-03-24,707550.0,1619250.0,0.18658637,11.342979,225,0
atitlan,2026-03-24,707850.0,1619250.0,0.19261028,10.176963,45,0
atitlan,2026-03-24,680250.0,1619550.0,0.026752679,4.4780126,180,0
atitlan,2026-03-24,680550.0,1619550.0,0.26686466,13.159408,225,1
atitlan,2026-03-24,680850.0,1619550.0,0.25781628,12.293497,225,1
atitlan,2026-03-24,681150.0,1619550.0,0.2118517,12.028266,225,1
atitlan,2026-03-24,681450.0,1619550.0,0.15972151,7.9861836,225,0
atitlan,2026-03-24,681750.0,1619550.0,0.10151467,5.6332307,225,0
atitlan,2026-03-24,682050.0,1619550.0,0.057286326,5.16398,225,0
atitlan,2026-03-24,682350.0,1619550.0,0.24621749,12.640971,225,1
atitlan,2026-03-24,682650.0,1619550.0,0.2923347,16.042042,225,1
atitlan,2026-03-24,682950.0,1619550.0,0.1795697,10.394831,225,0
atitlan,2026-03-24,683250.0,1619550.0,0.122991644,7.5150642,225,0
atitlan,2026-03-24,683550.0,1619550.0,0.25041208,14.269915,225,1
atitlan,2026-03-24,683850.0,1619550.0,0.2897082,17.227718,225,1
atitlan,2026-03-24,684150.0,1619550.0,0.32342303,20.97472,225,1
atitlan,2026-03-24,684450.0,1619550.0,0.29558203,18.30524,225,1
atitlan,2026-03-24,684750.0,1619550.0,0.31544548,19.386045,225,1
atitlan,2026-03-24,685050.0,1619550.0,0.28378746,16.782923,225,1
atitlan,2026-03-24,685350.0,1619550.0,0.26302359,12.6647215,225,1
atitlan,2026-03-24,685650.0,1619550.0,0.26399043,13.798883,225,1
atitlan,2026-03-24,685950.0,1619550.0,0.28506455,15.347185,225,1
atitlan,2026-03-24,686250.0,1619550.0,0.2831504,14.687357,225,1
atitlan,2026-03-24,686550.0,1619550.0,0.22995757,10.540458,225,0
atitlan,2026-03-24,686850.0,1619550.0,0.2359912,10.687517,225,0
atitlan,2026-03-24,687150.0,1619550.0,0.22593734,10.231038,225,0
atitlan,2026-03-24,687450.0,1619550.0,0.223837,9.807774,225,0
atitlan,2026-03-24,687750.0,1619550.0,0.18607268,7.507983,225,0
atitlan,2026-03-24,688050.0,1619550.0,0.18309277,8.36767,225,0
atitlan,2026-03-24,688350.0,1619550.0,0.19091685,8.3316,225,0
atitlan,2026-03-24,688650.0,1619550.0,0.15695927,6.6678185,225,0
atitlan,2026-03-24,688950.0,1619550.0,0.16596715,7.1644917,225,0
atitlan,2026-03-24,689250.0,1619550.0,0.19330126,8.160813,225,0
atitlan,2026-03-24,689550.0,1619550.0,0.08641801,6.064429,225,0
atitlan,2026-03-24,689850.0,1619550.0,-0.05906258,2.1424751,225,0
atitlan,2026-03-24,690150.0,1619550.0,0.019541355,4.2475033,225,0
atitlan,2026-03-24,690450.0,1619550.0,0.041060384,4.735694,225,0
atitlan,2026-03-24,690750.0,1619550.0,0.076535605,6.1222157,225,0
atitlan,2026-03-24,691050.0,1619550.0,0.051224727,4.707058,225,0
atitlan,2026-03-24,691350.0,1619550.0,0.097658604,5.6363816,225,0
atitlan,2026-03-24,691650.0,1619550.0,0.20759839,8.554264,225,0
atitlan,2026-03-24,691950.0,1619550.0,0.21023513,9.2494955,225,0
atitlan,2026-03-24,692250.0,1619550.0,0.22514822,10.63091,225,0
atitlan,2026-03-24,692550.0,1619550.0,0.21592881,10.041538,225,0
atitlan,2026-03-24,692850.0,1619550.0,0.2027718,9.528735,225,0
atitlan,2026-03-24,693150.0,1619550.0,0.16109222,8.6762705,225,0
atitlan,2026-03-24,693450.0,1619550.0,0.1652645,9.117946,225,0
atitlan,2026-03-24,693750.0,1619550.0,0.19602266,10.398384,225,0
atitlan,2026-03-24,694050.0,1619550.0,0.23344353,11.387536,225,0
atitlan,2026-03-24,694350.0,1619550.0,0.24392192,12.4882345,225,1
atitlan,2026-03-24,694650.0,1619550.0,0.20012175,10.430698,225,0
atitlan,2026-03-24,694950.0,1619550.0,0.26676884,13.96242,225,1
atitlan,2026-03-24,695250.0,1619550.0,0.25706744,13.339379,225,1
atitlan,2026-03-24,695550.0,1619550.0,0.24670324,14.10605,225,1
atitlan,2026-03-24,695850.0,1619550.0,0.2460054,15.107425,225,1
atitlan,2026-03-24,696150.0,1619550.0,0.25608823,15.471322,225,1
atitlan,2026-03-24,696450.0,1619550.0,0.28374928,16.96439,225,1
atitlan,2026-03-24,696750.0,1619550.0,0.28661832,16.675858,225,1
atitlan,2026-03-24,697050.0,1619550.0,0.25413597,13.604407,225,1
atitlan,2026-03-24,697350.0,1619550.0,0.29523787,17.724506,225,1
atitlan,2026-03-24,697650.0,1619550.0,0.29527083,17.137238,225,1
atitlan,2026-03-24,697950.0,1619550.0,0.29515892,17.584572,225,1
atitlan,2026-03-24,698250.0,1619550.0,0.26231307,13.1299925,225,1
atitlan,2026-03-24,698550.0,1619550.0,0.23259303,10.963615,225,0
atitlan,2026-03-24,698850.0,1619550.0,0.25984457,13.678371,225,1
atitlan,2026-03-24,699150.0,1619550.0,0.18023801,8.423134,225,0
atitlan,2026-03-24,699450.0,1619550.0,0.116207965,6.8357754,225,0
atitlan,2026-03-24,699750.0,1619550.0,0.19047567,9.390461,225,0
atitlan,2026-03-24,700050.0,1619550.0,0.11446619,7.3635144,225,0
atitlan,2026-03-24,700350.0,1619550.0,-0.009748913,3.4531643,225,0
atitlan,2026-03-24,700650.0,1619550.0,-0.05308711,2.388667,225,0
atitlan,2026-03-24,700950.0,1619550.0,0.14105381,6.198588,225,0
atitlan,2026-03-24,701250.0,1619550.0,0.23702711,11.555373,225,0
atitlan,2026-03-24,701550.0,1619550.0,0.25287303,13.336646,225,1
atitlan,2026-03-24,701850.0,1619550.0,0.24928914,13.707175,225,1
atitlan,2026-03-24,702150.0,1619550.0,0.23030795,11.836226,225,0
atitlan,2026-03-24,702450.0,1619550.0,0.2260846,12.786556,225,1
atitlan,2026-03-24,702750.0,1619550.0,0.19382672,9.1699505,225,0
atitlan,2026-03-24,703050.0,1619550.0,0.19845152,8.990431,225,0
atitlan,2026-03-24,703350.0,1619550.0,0.20419571,9.533504,225,0
atitlan,2026-03-24,703650.0,1619550.0,0.16207878,7.3355026,225,0
atitlan,2026-03-24,703950.0,1619550.0,0.15859531,7.010689,225,0
atitlan,2026-03-24,704250.0,1619550.0,0.1503455,6.9163313,225,0
atitlan,2026-03-24,704550.0,1619550.0,0.17105092,7.917932,225,0
atitlan,2026-03-24,704850.0,1619550.0,0.18872757,7.9125385,225,0
atitlan,2026-03-24,705150.0,1619550.0,0.18462859,7.56687,225,0
atitlan,2026-03-24,705450.0,1619550.0,0.21347816,8.9689455,225,0
atitlan,2026-03-24,705750.0,1619550.0,0.2555212,13.043701,225,1
atitlan,2026-03-24,706050.0,1619550.0,0.268338,13.507004,225,1
atitlan,2026-03-24,706350.0,1619550.0,0.25043988,11.621038,225,0
atitlan,2026-03-24,706650.0,1619550.0,0.27016613,13.620251,225,1
atitlan,2026-03-24,706950.0,1619550.0,0.25002176,11.924232,225,0
atitlan,2026-03-24,707250.0,1619550.0,0.277306,15.856413,225,1
atitlan,2026-03-24,707550.0,1619550.0,0.1122708,6.7829514,225,0
atitlan,2026-03-24,707850.0,1619550.0,0.066131786,5.2601337,45,0
atitlan,2026-03-24,680250.0,1619850.0,0.004453764,4.10297,180,0
atitlan,2026-03-24,680550.0,1619850.0,0.06435577,5.308133,225,0
atitlan,2026-03-24,680850.0,1619850.0,0.06720228,5.31691,225,0
atitlan,2026-03-24,681150.0,1619850.0,0.008289881,4.1773868,225,0
atitlan,2026-03-24,681450.0,1619850.0,0.0038433936,4.067125,225,0
atitlan,2026-03-24,681750.0,1619850.0,0.03272174,4.4269524,225,0
atitlan,2026-03-24,682050.0,1619850.0,0.1580444,8.688529,225,0
atitlan,2026-03-24,682350.0,1619850.0,0.26852098,13.446492,225,1
atitlan,2026-03-24,682650.0,1619850.0,0.23429254,13.240956,225,1
atitlan,2026-03-24,682950.0,1619850.0,0.060315065,4.915781,225,0
atitlan,2026-03-24,683250.0,1619850.0,0.15258348,8.833513,225,0
atitlan,2026-03-24,683550.0,1619850.0,0.22860734,12.797984,225,1
atitlan,2026-03-24,683850.0,1619850.0,0.24871717,14.153873,225,1
atitlan,2026-03-24,684150.0,1619850.0,0.32655784,20.993118,225,1
atitlan,2026-03-24,684450.0,1619850.0,0.34538987,25.430449,225,1
atitlan,2026-03-24,684750.0,1619850.0,0.32287923,20.76578,225,1
atitlan,2026-03-24,685050.0,1619850.0,0.31850463,19.648073,225,1
atitlan,2026-03-24,685350.0,1619850.0,0.28224486,15.543125,225,1
atitlan,2026-03-24,685650.0,1619850.0,0.26249307,14.35571,225,1
atitlan,2026-03-24,685950.0,1619850.0,0.28192067,14.384265,225,1
atitlan,2026-03-24,686250.0,1619850.0,0.26276818,12.798335,225,1
atitlan,2026-03-24,686550.0,1619850.0,0.26548755,12.866035,225,1
atitlan,2026-03-24,686850.0,1619850.0,0.26529464,13.405231,225,1
atitlan,2026-03-24,687150.0,1619850.0,0.26832277,13.471916,225,1
atitlan,2026-03-24,687450.0,1619850.0,0.2620852,12.555867,225,1
atitlan,2026-03-24,687750.0,1619850.0,0.20333415,8.685863,225,0
atitlan,2026-03-24,688050.0,1619850.0,0.15397373,6.351977,225,0
atitlan,2026-03-24,688350.0,1619850.0,0.13689347,6.0056024,225,0
atitlan,2026-03-24,688650.0,1619850.0,0.13143559,5.8295436,225,0
atitlan,2026-03-24,688950.0,1619850.0,0.16648646,7.2030396,225,0
atitlan,2026-03-24,689250.0,1619850.0,0.15873943,6.832527,225,0
atitlan,2026-03-24,689550.0,1619850.0,0.10336769,6.2518206,225,0
atitlan,2026-03-24,689850.0,1619850.0,-0.061391026,2.0299277,225,0
atitlan,2026-03-24,690150.0,1619850.0,-0.06356859,1.918924,225,0
atitlan,2026-03-24,690450.0,1619850.0,-0.05525976,2.321895,225,0
atitlan,2026-03-24,690750.0,1619850.0,0.07880372,5.3387327,225,0
atitlan,2026-03-24,691050.0,1619850.0,0.087090105,5.3787007,225,0
atitlan,2026-03-24,691350.0,1619850.0,0.1367135,6.9414744,225,0
atitlan,2026-03-24,691650.0,1619850.0,0.16359322,9.949977,225,0
atitlan,2026-03-24,691950.0,1619850.0,0.18692575,8.038032,225,0
atitlan,2026-03-24,692250.0,1619850.0,0.18587671,8.155409,225,0
atitlan,2026-03-24,692550.0,1619850.0,0.17559136,7.7690053,225,0
atitlan,2026-03-24,692850.0,1619850.0,0.14374003,7.8531656,225,0
atitlan,2026-03-24,693150.0,1619850.0,0.1915097,9.710155,225,0
atitlan,2026-03-24,693450.0,1619850.0,0.19577152,9.031378,225,0
atitlan,2026-03-24,693750.0,1619850.0,0.2146732,10.216868,225,0
atitlan,2026-03-24,694050.0,1619850.0,0.23182888,11.8751135,225,0
atitlan,2026-03-24,694350.0,1619850.0,0.29392815,17.751587,225,1
atitlan,2026-03-24,694650.0,1619850.0,0.2599351,14.779009,225,1
atitlan,2026-03-24,694950.0,1619850.0,0.24774338,13.015447,225,1
atitlan,2026-03-24,695250.0,1619850.0,0.24173498,11.180018,225,0
atitlan,2026-03-24,695550.0,1619850.0,0.22099988,10.92083,225,0
atitlan,2026-03-24,695850.0,1619850.0,0.24839969,12.59973,225,1
atitlan,2026-03-24,696150.0,1619850.0,0.2420897,13.239445,225,1
atitlan,2026-03-24,696450.0,1619850.0,0.2600172,15.399556,225,1
atitlan,2026-03-24,696750.0,1619850.0,0.26892957,15.569381,225,1
atitlan,2026-03-24,697050.0,1619850.0,0.23086439,12.531629,225,1
atitlan,2026-03-24,697350.0,1619850.0,0.2764033,16.086334,225,1
atitlan,2026-03-24,697650.0,1619850.0,0.2574472,13.205496,225,1
atitlan,2026-03-24,697950.0,1619850.0,0.22228687,9.679166,225,0
atitlan,2026-03-24,698250.0,1619850.0,0.22578423,11.491676,225,0
atitlan,2026-03-24,698550.0,1619850.0,0.24382676,11.917157,225,0
atitlan,2026-03-24,698850.0,1619850.0,0.2221909,10.099089,225,0
atitlan,2026-03-24,699150.0,1619850.0,0.18300386,8.5752125,225,0
atitlan,2026-03-24,699450.0,1619850.0,0.14939941,8.470618,225,0
atitlan,2026-03-24,699750.0,1619850.0,0.16882524,8.807522,225,0
atitlan,2026-03-24,700050.0,1619850.0,0.18409766,8.305628,225,0
atitlan,2026-03-24,700350.0,1619850.0,0.06274042,5.6030893,225,0
atitlan,2026-03-24,700650.0,1619850.0,-0.05883015,2.1333408,225,0
atitlan,2026-03-24,700950.0,1619850.0,0.03768137,4.0192757,225,0
atitlan,2026-03-24,701250.0,1619850.0,0.15685077,6.704472,225,0
atitlan,2026-03-24,701550.0,1619850.0,0.24591775,11.861235,225,0
atitlan,2026-03-24,701850.0,1619850.0,0.2870661,16.524118,225,1
atitlan,2026-03-24,702150.0,1619850.0,0.25476342,13.058004,225,1
atitlan,2026-03-24,702450.0,1619850.0,0.18215053,11.620472,225,0
atitlan,2026-03-24,702750.0,1619850.0,0.16768028,8.713949,225,0
atitlan,2026-03-24,703050.0,1619850.0,0.17589173,8.725572,225,0
atitlan,2026-03-24,703350.0,1619850.0,0.19106346,8.676393,225,0
atitlan,2026-03-24,703650.0,1619850.0,0.21179467,10.11835,225,0
atitlan,2026-03-24,703950.0,1619850.0,0.18044935,8.597889,225,0
atitlan,2026-03-24,704250.0,1619850.0,0.16105261,7.4971466,225,0
atitlan,2026-03-24,704550.0,1619850.0,0.1745681,7.924923,225,0
atitlan,2026-03-24,704850.0,1619850.0,0.1769856,7.856268,225,0
atitlan,2026-03-24,705150.0,1619850.0,0.1864201,7.6481643,225,0
atitlan,2026-03-24,705450.0,1619850.0,0.22567384,10.019515,225,0
atitlan,2026-03-24,705750.0,1619850.0,0.23907997,10.929088,225,0
atitlan,2026-03-24,706050.0,1619850.0,0.24549726,12.138655,225,1
atitlan,2026-03-24,706350.0,1619850.0,0.25166175,12.417088,225,1
atitlan,2026-03-24,706650.0,1619850.0,0.25535414,13.006932,225,1
atitlan,2026-03-24,706950.0,1619850.0,0.27132154,14.819004,225,1
atitlan,2026-03-24,707250.0,1619850.0,0.27219352,14.177443,225,1
atitlan,2026-03-24,707550.0,1619850.0,0.13646244,8.519882,225,0
atitlan,2026-03-24,707850.0,1619850.0,0.09439302,5.767678,45,0
atitlan,2026-03-24,680250.0,1620150.0,0.0051649963,4.146978,180,0
atitlan,2026-03-24,680550.0,1620150.0,-0.00029000238,4.0127907,225,0
atitlan,2026-03-24,680850.0,1620150.0,0.035465926,4.7888584,225,0
atitlan,2026-03-24,681150.0,1620150.0,0.12495943,6.9438257,225,0
atitlan,2026-03-24,681450.0,1620150.0,0.10428408,5.9324627,225,0
atitlan,2026-03-24,681750.0,1620150.0,0.12911047,7.4571137,225,0
atitlan,2026-03-24,682050.0,1620150.0,0.2627945,13.0475235,225,1
atitlan,2026-03-24,682350.0,1620150.0,0.29345283,16.413555,225,1
atitlan,2026-03-24,682650.0,1620150.0,0.2577975,13.813989,225,1
atitlan,2026-03-24,682950.0,1620150.0,0.09584291,6.304148,225,0
atitlan,2026-03-24,683250.0,1620150.0,0.18831752,10.200118,225,0
atitlan,2026-03-24,683550.0,1620150.0,0.24549465,13.614263,225,1
atitlan,2026-03-24,683850.0,1620150.0,0.2606759,15.5656595,225,1
atitlan,2026-03-24,684150.0,1620150.0,0.32065675,20.428345,225,1
atitlan,2026-03-24,684450.0,1620150.0,0.29570937,18.183577,225,1
atitlan,2026-03-24,684750.0,1620150.0,0.29818463,18.095173,225,1
atitlan,2026-03-24,685050.0,1620150.0,0.30980766,18.612436,225,1
atitlan,2026-03-24,685350.0,1620150.0,0.16511905,9.619815,225,0
atitlan,2026-03-24,685650.0,1620150.0,0.30616292,17.412973,225,1
atitlan,2026-03-24,685950.0,1620150.0,0.28029948,14.092897,225,1
atitlan,2026-03-24,686250.0,1620150.0,0.2863733,14.697276,225,1
atitlan,2026-03-24,686550.0,1620150.0,0.29419702,16.022594,225,1
atitlan,2026-03-24,686850.0,1620150.0,0.2831612,14.476438,225,1
atitlan,2026-03-24,687150.0,1620150.0,0.27719626,13.73142,225,1
atitlan,2026-03-24,687450.0,1620150.0,0.26192763,12.322971,225,1
atitlan,2026-03-24,687750.0,1620150.0,0.21776518,9.593602,225,0
atitlan,2026-03-24,688050.0,1620150.0,0.16647154,6.7255926,225,0
atitlan,2026-03-24,688350.0,1620150.0,0.14163135,5.947901,225,0
atitlan,2026-03-24,688650.0,1620150.0,0.11976138,5.440994,225,0
atitlan,2026-03-24,688950.0,1620150.0,0.16746913,7.1209574,225,0
atitlan,2026-03-24,689250.0,1620150.0,0.16291437,7.3344398,225,0
atitlan,2026-03-24,689550.0,1620150.0,0.14837894,7.079456,225,0
atitlan,2026-03-24,689850.0,1620150.0,-0.04959983,2.4485824,225,0
atitlan,2026-03-24,690150.0,1620150.0,-0.06371224,1.9122946,225,0
atitlan,2026-03-24,690450.0,1620150.0,0.05647932,5.057949,225,0
atitlan,2026-03-24,690750.0,1620150.0,0.12515315,7.9616795,225,0
atitlan,2026-03-24,691050.0,1620150.0,0.12164526,5.974445,225,0
atitlan,2026-03-24,691350.0,1620150.0,0.15050282,7.2364902,225,0
atitlan,2026-03-24,691650.0,1620150.0,0.18849,7.6419716,225,0
atitlan,2026-03-24,691950.0,1620150.0,0.19410929,8.129009,225,0
atitlan,2026-03-24,692250.0,1620150.0,0.20569721,8.446157,225,0
atitlan,2026-03-24,692550.0,1620150.0,0.18343575,7.847798,225,0
atitlan,2026-03-24,692850.0,1620150.0,0.19610643,9.417954,225,0
atitlan,2026-03-24,693150.0,1620150.0,0.21583447,9.885317,225,0
atitlan,2026-03-24,693450.0,1620150.0,0.19322267,8.212962,225,0
atitlan,2026-03-24,693750.0,1620150.0,0.19873938,8.919534,225,0
atitlan,2026-03-24,694050.0,1620150.0,0.20931801,9.148322,225,0
atitlan,2026-03-24,694350.0,1620150.0,0.24074565,11.870471,225,0
atitlan,2026-03-24,694650.0,1620150.0,0.2545248,15.230582,225,1
atitlan,2026-03-24,694950.0,1620150.0,0.23077391,12.695639,225,1
atitlan,2026-03-24,695250.0,1620150.0,0.27799538,15.794018,225,1
atitlan,2026-03-24,695550.0,1620150.0,0.23186496,11.149886,225,0
atitlan,2026-03-24,695850.0,1620150.0,0.24418564,12.411855,225,1
atitlan,2026-03-24,696150.0,1620150.0,0.30283326,19.040049,225,1
atitlan,2026-03-24,696450.0,1620150.0,0.27730703,15.295325,225,1
atitlan,2026-03-24,696750.0,1620150.0,0.27207768,15.530445,225,1
atitlan,2026-03-24,697050.0,1620150.0,0.27876115,15.1841135,225,1
atitlan,2026-03-24,697350.0,1620150.0,0.2558241,12.484799,225,1
atitlan,2026-03-24,697650.0,1620150.0,0.24311806,11.252614,225,0
atitlan,2026-03-24,697950.0,1620150.0,0.20926028,9.024307,225,0
atitlan,2026-03-24,698250.0,1620150.0,0.18932106,8.143323,225,0
atitlan,2026-03-24,698550.0,1620150.0,0.20120506,8.927223,225,0
atitlan,2026-03-24,698850.0,1620150.0,0.17974287,7.92127,225,0
atitlan,2026-03-24,699150.0,1620150.0,0.20573266,9.668051,225,0
atitlan,2026-03-24,699450.0,1620150.0,0.18580121,8.851844,225,0
atitlan,2026-03-24,699750.0,1620150.0,0.1877025,9.257404,225,0
atitlan,2026-03-24,700050.0,1620150.0,0.090103246,6.2407517,225,0
atitlan,2026-03-24,700350.0,1620150.0,-0.061853036,2.0017538,225,0
atitlan,2026-03-24,700650.0,1620150.0,-0.06625525,1.7753338,225,0
atitlan,2026-03-24,700950.0,1620150.0,-0.049216136,2.2870111,225,0
atitlan,2026-03-24,701250.0,1620150.0,0.12473838,5.5301757,225,0
atitlan,2026-03-24,701550.0,1620150.0,0.21231018,9.877335,225,0
atitlan,2026-03-24,701850.0,1620150.0,0.26286203,13.386358,225,1
atitlan,2026-03-24,702150.0,1620150.0,0.23194863,11.269587,225,0
atitlan,2026-03-24,702450.0,1620150.0,0.2371837,12.252552,225,1
atitlan,2026-03-24,702750.0,1620150.0,0.17268102,9.161319,225,0
atitlan,2026-03-24,703050.0,1620150.0,0.2194066,11.55361,225,0
atitlan,2026-03-24,703350.0,1620150.0,0.24286228,12.011535,225,1
atitlan,2026-03-24,703650.0,1620150.0,0.24992956,12.4779825,225,1
atitlan,2026-03-24,703950.0,1620150.0,0.1682071,10.08468,225,0
atitlan,2026-03-24,704250.0,1620150.0,0.14632414,6.551814,225,0
atitlan,2026-03-24,704550.0,1620150.0,0.14218685,6.18786,225,0
atitlan,2026-03-24,704850.0,1620150.0,0.15147945,6.719912,225,0
atitlan,2026-03-24,705150.0,1620150.0,0.22063093,10.007561,225,0
atitlan,2026-03-24,705450.0,1620150.0,0.18750738,7.6872573,225,0
atitlan,2026-03-24,705750.0,1620150.0,0.19209917,8.086592,225,0
atitlan,2026-03-24,706050.0,1620150.0,0.22708288,11.151716,225,0
atitlan,2026-03-24,706350.0,1620150.0,0.23075107,10.51792,225,0
atitlan,2026-03-24,706650.0,1620150.0,0.25408158,12.717355,225,1
atitlan,2026-03-24,706950.0,1620150.0,0.2274517,10.934339,225,0
atitlan,2026-03-24,707250.0,1620150.0,0.23907039,11.322141,225,0
atitlan,2026-03-24,707550.0,1620150.0,0.110459305,7.006399,225,0
atitlan,2026-03-24,707850.0,1620150.0,0.07506162,5.1508474,45,0
atitlan,2026-03-24,680250.0,1620450.0,0.039834153,4.745779,180,0
atitlan,2026-03-24,680550.0,1620450.0,0.0310194,4.5073466,225,0
atitlan,2026-03-24,680850.0,1620450.0,0.060901467,5.280254,225,0
atitlan,2026-03-24,681150.0,1620450.0,0.12439538,7.069046,225,0
atitlan,2026-03-24,681450.0,1620450.0,0.15958197,7.80204,225,0
atitlan,2026-03-24,681750.0,1620450.0,0.16983294,8.817527,225,0
atitlan,2026-03-24,682050.0,1620450.0,0.2642165,13.018812,225,1
atitlan,2026-03-24,682350.0,1620450.0,0.2755147,14.013813,225,1
atitlan,2026-03-24,682650.0,1620450.0,0.25555217,13.907832,225,1
atitlan,2026-03-24,682950.0,1620450.0,0.11546112,6.6654224,225,0
atitlan,2026-03-24,683250.0,1620450.0,0.18775497,11.380439,225,0
atitlan,2026-03-24,683550.0,1620450.0,0.27041465,14.853458,225,1
atitlan,2026-03-24,683850.0,1620450.0,0.2821631,14.804051,225,1
atitlan,2026-03-24,684150.0,1620450.0,0.3071789,17.756384,225,1
atitlan,2026-03-24,684450.0,1620450.0,0.31167126,18.53694,225,1
atitlan,2026-03-24,684750.0,1620450.0,0.28094363,16.233599,225,1
atitlan,2026-03-24,685050.0,1620450.0,0.2595774,15.193929,225,1
atitlan,2026-03-24,685350.0,1620450.0,0.2580828,14.804539,225,1
atitlan,2026-03-24,685650.0,1620450.0,0.30403605,17.50615,225,1
atitlan,2026-03-24,685950.0,1620450.0,0.21081617,10.52158,225,0
atitlan,2026-03-24,686250.0,1620450.0,0.23944423,11.424297,225,0
atitlan,2026-03-24,686550.0,1620450.0,0.2751523,14.700064,225,1
atitlan,2026-03-24,686850.0,1620450.0,0.2882127,15.158068,225,1
atitlan,2026-03-24,687150.0,1620450.0,0.28103545,14.075048,225,1
atitlan,2026-03-24,687450.0,1620450.0,0.26623347,12.599406,225,1
atitlan,2026-03-24,687750.0,1620450.0,0.22091489,9.156634,225,0
atitlan,2026-03-24,688050.0,1620450.0,0.18281169,7.3766775,225,0
atitlan,2026-03-24,688350.0,1620450.0,0.15138225,6.0917583,225,0
atitlan,2026-03-24,688650.0,1620450.0,0.13330543,5.6785784,225,0
atitlan,2026-03-24,688950.0,1620450.0,0.15505607,6.64625,225,0
atitlan,2026-03-24,689250.0,1620450.0,0.15556026,6.711876,225,0
atitlan,2026-03-24,689550.0,1620450.0,0.19144706,8.195018,225,0
atitlan,2026-03-24,689850.0,1620450.0,0.10298485,5.4022713,225,0
atitlan,2026-03-24,690150.0,1620450.0,-0.016353026,3.1522353,225,0
atitlan,2026-03-24,690450.0,1620450.0,-0.0073484955,3.4594293,225,0
atitlan,2026-03-24,690750.0,1620450.0,0.1389072,7.717315,225,0
atitlan,2026-03-24,691050.0,1620450.0,0.16471899,7.4314775,225,0
atitlan,2026-03-24,691350.0,1620450.0,0.14833933,6.4655333,225,0
atitlan,2026-03-24,691650.0,1620450.0,0.18191619,7.3025246,225,0
atitlan,2026-03-24,691950.0,1620450.0,0.17512378,7.4448214,225,0
atitlan,2026-03-24,692250.0,1620450.0,0.18203363,8.158162,225,0
atitlan,2026-03-24,692550.0,1620450.0,0.16756825,7.2677937,225,0
atitlan,2026-03-24,692850.0,1620450.0,0.1599756,6.536944,225,0
atitlan,2026-03-24,693150.0,1620450.0,0.16854271,6.7116156,225,0
atitlan,2026-03-24,693450.0,1620450.0,0.19285953,7.8842416,225,0
atitlan,2026-03-24,693750.0,1620450.0,0.19743961,8.217621,225,0
atitlan,2026-03-24,694050.0,1620450.0,0.19841024,8.35408,225,0
atitlan,2026-03-24,694350.0,1620450.0,0.21322234,9.50514,225,0
atitlan,2026-03-24,694650.0,1620450.0,0.20597886,9.972047,225,0
atitlan,2026-03-24,694950.0,1620450.0,0.19952072,9.135774,225,0
atitlan,2026-03-24,695250.0,1620450.0,0.24156138,11.7832365,225,0
atitlan,2026-03-24,695550.0,1620450.0,0.2058126,9.484291,225,0
atitlan,2026-03-24,695850.0,1620450.0,0.22154407,10.710548,225,0
atitlan,2026-03-24,696150.0,1620450.0,0.2594104,13.3265705,225,1
atitlan,2026-03-24,696450.0,1620450.0,0.24543521,12.310404,225,1
atitlan,2026-03-24,696750.0,1620450.0,0.24478893,12.199395,225,1
atitlan,2026-03-24,697050.0,1620450.0,0.24222988,11.811642,225,0
atitlan,2026-03-24,697350.0,1620450.0,0.23633747,11.363478,225,0
atitlan,2026-03-24,697650.0,1620450.0,0.22834963,10.604266,225,0
atitlan,2026-03-24,697950.0,1620450.0,0.20620428,8.707076,225,0
atitlan,2026-03-24,698250.0,1620450.0,0.20837443,8.73969,225,0
atitlan,2026-03-24,698550.0,1620450.0,0.20924325,9.035695,225,0
atitlan,2026-03-24,698850.0,1620450.0,0.17466456,7.7200866,225,0
atitlan,2026-03-24,699150.0,1620450.0,0.20583962,8.976733,225,0
atitlan,2026-03-24,699450.0,1620450.0,0.2215356,9.819696,225,0
atitlan,2026-03-24,699750.0,1620450.0,0.17558865,9.102743,225,0
atitlan,2026-03-24,700050.0,1620450.0,0.10545412,7.2445073,225,0
atitlan,2026-03-24,700350.0,1620450.0,-0.06552254,1.811248,225,0
atitlan,2026-03-24,700650.0,1620450.0,-0.06567874,1.8058691,225,0
atitlan,2026-03-24,700950.0,1620450.0,0.06633883,4.970916,225,0
atitlan,2026-03-24,701250.0,1620450.0,0.16604955,6.666558,225,0
atitlan,2026-03-24,701550.0,1620450.0,0.2072632,10.831549,225,0
atitlan,2026-03-24,701850.0,1620450.0,0.17832905,10.519127,225,0
atitlan,2026-03-24,702150.0,1620450.0,0.21496692,10.327946,225,0
atitlan,2026-03-24,702450.0,1620450.0,0.19308978,10.200381,225,0
atitlan,2026-03-24,702750.0,1620450.0,0.15702318,9.552462,225,0
atitlan,2026-03-24,703050.0,1620450.0,0.2109105,10.259905,225,0
atitlan,2026-03-24,703350.0,1620450.0,0.2355926,11.721987,225,0
atitlan,2026-03-24,703650.0,1620450.0,0.24070108,11.562957,225,0
atitlan,2026-03-24,703950.0,1620450.0,0.14052428,10.176969,225,0
atitlan,2026-03-24,704250.0,1620450.0,0.21210884,11.727489,225,0
atitlan,2026-03-24,704550.0,1620450.0,0.14859912,7.2000012,225,0
atitlan,2026-03-24,704850.0,1620450.0,0.14363034,6.447698,225,0
atitlan,2026-03-24,705150.0,1620450.0,0.17955767,7.5766006,225,0
atitlan,2026-03-24,705450.0,1620450.0,0.21384315,9.316187,225,0
atitlan,2026-03-24,705750.0,1620450.0,0.19706373,7.9875207,225,0
atitlan,2026-03-24,706050.0,1620450.0,0.20513065,8.374695,225,0
atitlan,2026-03-24,706350.0,1620450.0,0.21962784,9.86319,225,0
atitlan,2026-03-24,706650.0,1620450.0,0.24863654,11.922847,225,0
atitlan,2026-03-24,706950.0,1620450.0,0.25734752,12.660511,225,1
atitlan,2026-03-24,707250.0,1620450.0,0.24545246,11.3272295,225,0
atitlan,2026-03-24,707550.0,1620450.0,0.25334394,13.631252,225,1
atitlan,2026-03-24,707850.0,1620450.0,0.17481276,11.252398,45,0
atitlan,2026-03-24,680250.0,1620750.0,0.09168268,5.1298237,180,0
atitlan,2026-03-24,680550.0,1620750.0,0.10153671,5.7546096,225,0
atitlan,2026-03-24,680850.0,1620750.0,0.080747396,5.484071,225,0
atitlan,2026-03-24,681150.0,1620750.0,0.055386595,4.7876663,225,0
atitlan,2026-03-24,681450.0,1620750.0,0.045402408,4.6113343,225,0
atitlan,2026-03-24,681750.0,1620750.0,0.03319691,4.5039964,225,0
atitlan,2026-03-24,682050.0,1620750.0,0.12742053,8.299735,225,0
atitlan,2026-03-24,682350.0,1620750.0,0.21856879,10.306465,225,0
atitlan,2026-03-24,682650.0,1620750.0,0.24629237,11.816622,225,0
atitlan,2026-03-24,682950.0,1620750.0,0.26788002,14.865212,225,1
atitlan,2026-03-24,683250.0,1620750.0,0.19745295,11.035529,225,0
atitlan,2026-03-24,683550.0,1620750.0,0.106415056,6.698662,225,0
atitlan,2026-03-24,683850.0,1620750.0,0.16572297,9.524558,225,0
atitlan,2026-03-24,684150.0,1620750.0,0.28290263,16.037748,225,1
atitlan,2026-03-24,684450.0,1620750.0,0.27497193,15.937551,225,1
atitlan,2026-03-24,684750.0,1620750.0,0.23006296,14.698779,225,1
atitlan,2026-03-24,685050.0,1620750.0,0.31919992,19.825935,225,1
atitlan,2026-03-24,685350.0,1620750.0,0.30679914,17.67566,225,1
atitlan,2026-03-24,685650.0,1620750.0,0.257687,13.204077,225,1
atitlan,2026-03-24,685950.0,1620750.0,0.2790619,15.9654,225,1
atitlan,2026-03-24,686250.0,1620750.0,0.25245023,12.319369,225,1
atitlan,2026-03-24,686550.0,1620750.0,0.282332,15.981045,225,1
atitlan,2026-03-24,686850.0,1620750.0,0.30643192,17.606894,225,1
atitlan,2026-03-24,687150.0,1620750.0,0.2777538,13.83666,225,1
atitlan,2026-03-24,687450.0,1620750.0,0.28000578,14.113657,225,1
atitlan,2026-03-24,687750.0,1620750.0,0.23608115,10.03462,225,0
atitlan,2026-03-24,688050.0,1620750.0,0.19603442,7.9728165,225,0
atitlan,2026-03-24,688350.0,1620750.0,0.16688873,6.524925,225,0
atitlan,2026-03-24,688650.0,1620750.0,0.16261448,6.721641,225,0
atitlan,2026-03-24,688950.0,1620750.0,0.13741642,5.954392,225,0
atitlan,2026-03-24,689250.0,1620750.0,0.12046077,5.578396,225,0
atitlan,2026-03-24,689550.0,1620750.0,0.18660653,7.96553,225,0
atitlan,2026-03-24,689850.0,1620750.0,0.1447722,6.361394,225,0
atitlan,2026-03-24,690150.0,1620750.0,-0.021208473,3.1000578,225,0
atitlan,2026-03-24,690450.0,1620750.0,-0.023555832,3.206496,225,0
atitlan,2026-03-24,690750.0,1620750.0,0.08880616,5.9035773,225,0
atitlan,2026-03-24,691050.0,1620750.0,0.08359318,5.301021,225,0
atitlan,2026-03-24,691350.0,1620750.0,0.1396787,6.9324055,225,0
atitlan,2026-03-24,691650.0,1620750.0,0.15016384,6.3095236,225,0
atitlan,2026-03-24,691950.0,1620750.0,0.16946188,7.2977242,225,0
atitlan,2026-03-24,692250.0,1620750.0,0.17516015,7.190809,225,0
atitlan,2026-03-24,692550.0,1620750.0,0.14369944,6.3764873,225,0
atitlan,2026-03-24,692850.0,1620750.0,0.1248197,6.258771,225,0
atitlan,2026-03-24,693150.0,1620750.0,0.11807332,6.038555,225,0
atitlan,2026-03-24,693450.0,1620750.0,0.17505945,7.7781625,225,0
atitlan,2026-03-24,693750.0,1620750.0,0.16675304,7.382404,225,0
atitlan,2026-03-24,694050.0,1620750.0,0.16762546,6.7495875,225,0
atitlan,2026-03-24,694350.0,1620750.0,0.16873612,7.101375,225,0
atitlan,2026-03-24,694650.0,1620750.0,0.19349883,8.408812,225,0
atitlan,2026-03-24,694950.0,1620750.0,0.1883849,8.440259,225,0
atitlan,2026-03-24,695250.0,1620750.0,0.21815744,9.985297,225,0
atitlan,2026-03-24,695550.0,1620750.0,0.1866677,8.335182,225,0
atitlan,2026-03-24,695850.0,1620750.0,0.18703684,8.349521,225,0
atitlan,2026-03-24,696150.0,1620750.0,0.22858867,10.914839,225,0
atitlan,2026-03-24,696450.0,1620750.0,0.20763975,10.756053,225,0
atitlan,2026-03-24,696750.0,1620750.0,0.25041595,12.583646,225,1
atitlan,2026-03-24,697050.0,1620750.0,0.18237191,8.612048,225,0
atitlan,2026-03-24,697350.0,1620750.0,0.1979544,9.256062,225,0
atitlan,2026-03-24,697650.0,1620750.0,0.23996592,10.967732,225,0
atitlan,2026-03-24,697950.0,1620750.0,0.1745679,8.128616,225,0
atitlan,2026-03-24,698250.0,1620750.0,0.18037929,7.862705,225,0
atitlan,2026-03-24,698550.0,1620750.0,0.2176808,10.695447,225,0
atitlan,2026-03-24,698850.0,1620750.0,0.21370037,9.6953335,225,0
atitlan,2026-03-24,699150.0,1620750.0,0.17971802,7.204837,225,0
atitlan,2026-03-24,699450.0,1620750.0,0.19032021,8.307744,225,0
atitlan,2026-03-24,699750.0,1620750.0,0.16235447,8.108681,225,0
atitlan,2026-03-24,700050.0,1620750.0,-0.021860415,3.1963773,225,0
atitlan,2026-03-24,700350.0,1620750.0,-0.07022688,1.5607914,225,0
atitlan,2026-03-24,700650.0,1620750.0,-0.07022779,1.5570722,225,0
atitlan,2026-03-24,700950.0,1620750.0,0.0031421643,3.7408502,225,0
atitlan,2026-03-24,701250.0,1620750.0,0.08171137,4.7486334,225,0
atitlan,2026-03-24,701550.0,1620750.0,0.121245615,5.456583,225,0
atitlan,2026-03-24,701850.0,1620750.0,0.20845369,9.44988,225,0
atitlan,2026-03-24,702150.0,1620750.0,0.17287768,8.37398,225,0
atitlan,2026-03-24,702450.0,1620750.0,0.17210071,9.719939,225,0
atitlan,2026-03-24,702750.0,1620750.0,0.19838595,10.832365,225,0
atitlan,2026-03-24,703050.0,1620750.0,0.22142722,11.797133,225,0
atitlan,2026-03-24,703350.0,1620750.0,0.18068033,8.727862,225,0
atitlan,2026-03-24,703650.0,1620750.0,0.25392637,13.253929,225,1
atitlan,2026-03-24,703950.0,1620750.0,0.21715267,13.297135,225,1
atitlan,2026-03-24,704250.0,1620750.0,0.21060286,12.651959,225,1
atitlan,2026-03-24,704550.0,1620750.0,0.18768764,9.8982315,225,0
atitlan,2026-03-24,704850.0,1620750.0,0.10719619,5.249714,225,0
atitlan,2026-03-24,705150.0,1620750.0,0.15011586,6.51585,225,0
atitlan,2026-03-24,705450.0,1620750.0,0.21470252,10.00438,225,0
atitlan,2026-03-24,705750.0,1620750.0,0.18395193,7.7320633,225,0
atitlan,2026-03-24,706050.0,1620750.0,0.18321759,7.721761,225,0
atitlan,2026-03-24,706350.0,1620750.0,0.19446968,8.199167,225,0
atitlan,2026-03-24,706650.0,1620750.0,0.23294672,10.630791,225,0
atitlan,2026-03-24,706950.0,1620750.0,0.24107671,11.528263,225,0
atitlan,2026-03-24,707250.0,1620750.0,0.23088795,10.579193,225,0
atitlan,2026-03-24,707550.0,1620750.0,0.19961515,9.587843,225,0
atitlan,2026-03-24,707850.0,1620750.0,0.1100241,6.0079107,45,0
atitlan,2026-03-24,680250.0,1621050.0,0.17126745,7.667795,180,0
atitlan,2026-03-24,680550.0,1621050.0,0.16068386,8.195239,225,0
atitlan,2026-03-24,680850.0,1621050.0,0.19692956,8.5153265,225,0
atitlan,2026-03-24,681150.0,1621050.0,0.12840705,6.2595544,225,0
atitlan,2026-03-24,681450.0,1621050.0,0.10047172,5.4788747,225,0
atitlan,2026-03-24,681750.0,1621050.0,0.07773919,5.8147793,225,0
atitlan,2026-03-24,682050.0,1621050.0,0.052887596,4.8323965,225,0
atitlan,2026-03-24,682350.0,1621050.0,0.06526285,5.24428,225,0
atitlan,2026-03-24,682650.0,1621050.0,0.21547973,9.702803,225,0
atitlan,2026-03-24,682950.0,1621050.0,0.2555354,12.759857,225,1
atitlan,2026-03-24,683250.0,1621050.0,0.1502201,9.042056,225,0
atitlan,2026-03-24,683550.0,1621050.0,0.1905683,9.654084,225,0
atitlan,2026-03-24,683850.0,1621050.0,0.12831745,7.2325244,225,0
atitlan,2026-03-24,684150.0,1621050.0,0.22680596,14.359107,225,1
atitlan,2026-03-24,684450.0,1621050.0,0.29211372,18.521736,225,1
atitlan,2026-03-24,684750.0,1621050.0,0.32597944,21.578789,225,1
atitlan,2026-03-24,685050.0,1621050.0,0.3225677,20.290873,225,1
atitlan,2026-03-24,685350.0,1621050.0,0.32456914,20.643637,225,1
atitlan,2026-03-24,685650.0,1621050.0,0.3105176,18.364416,225,1
atitlan,2026-03-24,685950.0,1621050.0,0.30934882,18.30873,225,1
atitlan,2026-03-24,686250.0,1621050.0,0.27649006,14.014907,225,1
atitlan,2026-03-24,686550.0,1621050.0,0.33199343,21.86295,225,1
atitlan,2026-03-24,686850.0,1621050.0,0.32207793,20.58356,225,1
atitlan,2026-03-24,687150.0,1621050.0,0.29291144,16.023355,225,1
atitlan,2026-03-24,687450.0,1621050.0,0.26877013,13.108622,225,1
atitlan,2026-03-24,687750.0,1621050.0,0.22417945,9.441429,225,0
atitlan,2026-03-24,688050.0,1621050.0,0.2115266,9.006787,225,0
atitlan,2026-03-24,688350.0,1621050.0,0.16110471,6.4742317,225,0
atitlan,2026-03-24,688650.0,1621050.0,0.1596347,6.997784,225,0
atitlan,2026-03-24,688950.0,1621050.0,0.11714544,5.5013657,225,0
atitlan,2026-03-24,689250.0,1621050.0,0.119382575,5.8228035,225,0
atitlan,2026-03-24,689550.0,1621050.0,0.10798081,6.0464363,225,0
atitlan,2026-03-24,689850.0,1621050.0,-0.006174995,3.373369,225,0
atitlan,2026-03-24,690150.0,1621050.0,-0.060919307,2.0367072,225,0
atitlan,2026-03-24,690450.0,1621050.0,0.058806714,5.017239,225,0
atitlan,2026-03-24,690750.0,1621050.0,0.111101024,6.333688,225,0
atitlan,2026-03-24,691050.0,1621050.0,0.101858914,5.9636245,225,0
atitlan,2026-03-24,691350.0,1621050.0,0.17180833,7.957863,225,0
atitlan,2026-03-24,691650.0,1621050.0,0.13103586,6.0725694,225,0
atitlan,2026-03-24,691950.0,1621050.0,0.11037691,5.7617254,225,0
atitlan,2026-03-24,692250.0,1621050.0,0.12545605,6.2925076,225,0
atitlan,2026-03-24,692550.0,1621050.0,0.114085175,6.1990175,225,0
atitlan,2026-03-24,692850.0,1621050.0,0.09433961,5.707435,225,0
atitlan,2026-03-24,693150.0,1621050.0,0.109046035,5.85727,225,0
atitlan,2026-03-24,693450.0,1621050.0,0.1649459,6.612518,225,0
atitlan,2026-03-24,693750.0,1621050.0,0.1684337,6.8316526,225,0
atitlan,2026-03-24,694050.0,1621050.0,0.16462916,6.6193066,225,0
atitlan,2026-03-24,694350.0,1621050.0,0.18678908,7.612643,225,0
atitlan,2026-03-24,694650.0,1621050.0,0.19264801,8.432848,225,0
atitlan,2026-03-24,694950.0,1621050.0,0.16077518,7.226993,225,0
atitlan,2026-03-24,695250.0,1621050.0,0.19455521,8.205257,225,0
atitlan,2026-03-24,695550.0,1621050.0,0.18527356,8.264347,225,0
atitlan,2026-03-24,695850.0,1621050.0,0.18371467,8.093052,225,0
atitlan,2026-03-24,696150.0,1621050.0,0.20033924,8.957824,225,0
atitlan,2026-03-24,696450.0,1621050.0,0.2081642,9.604994,225,0
atitlan,2026-03-24,696750.0,1621050.0,0.22235921,10.15606,225,0
atitlan,2026-03-24,697050.0,1621050.0,0.21804793,9.74898,225,0
atitlan,2026-03-24,697350.0,1621050.0,0.20542721,8.511862,225,0
atitlan,2026-03-24,697650.0,1621050.0,0.21146464,8.9215975,225,0
atitlan,2026-03-24,697950.0,1621050.0,0.16893648,7.519018,225,0
atitlan,2026-03-24,698250.0,1621050.0,0.16157733,6.9812517,225,0
atitlan,2026-03-24,698550.0,1621050.0,0.15428513,7.033471,225,0
atitlan,2026-03-24,698850.0,1621050.0,0.18774776,9.753964,225,0
atitlan,2026-03-24,699150.0,1621050.0,0.091945775,6.0071683,225,0
atitlan,2026-03-24,699450.0,1621050.0,0.042249322,4.9696956,225,0
atitlan,2026-03-24,699750.0,1621050.0,-0.0037200793,3.53906,225,0
atitlan,2026-03-24,700050.0,1621050.0,-0.06800139,1.6709821,225,0
atitlan,2026-03-24,700350.0,1621050.0,-0.07303538,1.4023272,225,0
atitlan,2026-03-24,700650.0,1621050.0,-0.07112292,1.4993935,225,0
atitlan,2026-03-24,700950.0,1621050.0,-0.06828699,1.6612608,225,0
atitlan,2026-03-24,701250.0,1621050.0,-0.062160566,1.981977,225,0
atitlan,2026-03-24,701550.0,1621050.0,-0.011223629,3.091081,225,0
atitlan,2026-03-24,701850.0,1621050.0,0.117497966,5.4786525,225,0
atitlan,2026-03-24,702150.0,1621050.0,0.14968695,7.414962,225,0
atitlan,2026-03-24,702450.0,1621050.0,0.15625283,7.336114,225,0
atitlan,2026-03-24,702750.0,1621050.0,0.23286319,10.966598,225,0
atitlan,2026-03-24,703050.0,1621050.0,0.21580394,11.06873,225,0
atitlan,2026-03-24,703350.0,1621050.0,0.23074587,12.729148,225,1
atitlan,2026-03-24,703650.0,1621050.0,0.22376174,12.803891,225,1
atitlan,2026-03-24,703950.0,1621050.0,0.23334877,12.4023695,225,1
atitlan,2026-03-24,704250.0,1621050.0,0.27004412,15.907742,225,1
atitlan,2026-03-24,704550.0,1621050.0,0.20462237,12.648604,225,1
atitlan,2026-03-24,704850.0,1621050.0,0.11023778,5.613629,225,0
atitlan,2026-03-24,705150.0,1621050.0,0.10650781,5.2012787,225,0
atitlan,2026-03-24,705450.0,1621050.0,0.14101511,6.1233597,225,0
atitlan,2026-03-24,705750.0,1621050.0,0.15728419,6.405889,225,0
atitlan,2026-03-24,706050.0,1621050.0,0.171443,7.4128165,225,0
atitlan,2026-03-24,706350.0,1621050.0,0.18075982,7.391559,225,0
atitlan,2026-03-24,706650.0,1621050.0,0.2012144,8.291386,225,0
atitlan,2026-03-24,706950.0,1621050.0,0.18933897,8.428682,225,0
atitlan,2026-03-24,707250.0,1621050.0,0.15203464,7.572901,225,0
atitlan,2026-03-24,707550.0,1621050.0,0.18159436,9.017718,225,0
atitlan,2026-03-24,707850.0,1621050.0,0.14064765,8.252755,45,0
atitlan,2026-03-24,680250.0,1621350.0,0.25967568,12.796919,180,1
atitlan,2026-03-24,680550.0,1621350.0,0.25715977,12.97146,225,1
atitlan,2026-03-24,680850.0,1621350.0,0.23636052,11.179407,225,0
atitlan,2026-03-24,681150.0,1621350.0,0.25880355,13.421834,225,1
atitlan,2026-03-24,681450.0,1621350.0,0.24698709,12.692018,225,1
atitlan,2026-03-24,681750.0,1621350.0,0.14124621,7.2871885,225,0
atitlan,2026-03-24,682050.0,1621350.0,0.058847215,4.7941275,225,0
atitlan,2026-03-24,682350.0,1621350.0,0.15535037,7.777234,225,0
atitlan,2026-03-24,682650.0,1621350.0,0.21786575,11.569189,225,0
atitlan,2026-03-24,682950.0,1621350.0,0.25495908,11.861469,225,0
atitlan,2026-03-24,683250.0,1621350.0,0.31338122,19.02505,225,1
atitlan,2026-03-24,683550.0,1621350.0,0.28182352,15.336306,225,1
atitlan,2026-03-24,683850.0,1621350.0,0.18254007,10.013495,225,0
atitlan,2026-03-24,684150.0,1621350.0,0.24700016,14.366281,225,1
atitlan,2026-03-24,684450.0,1621350.0,0.22041166,11.834043,225,0
atitlan,2026-03-24,684750.0,1621350.0,0.29857227,16.539326,225,1
atitlan,2026-03-24,685050.0,1621350.0,0.30873135,18.693836,225,1
atitlan,2026-03-24,685350.0,1621350.0,0.3257539,20.83275,225,1
atitlan,2026-03-24,685650.0,1621350.0,0.32224932,20.342121,225,1
atitlan,2026-03-24,685950.0,1621350.0,0.3123068,18.85643,225,1
atitlan,2026-03-24,686250.0,1621350.0,0.2752516,13.966097,225,1
atitlan,2026-03-24,686550.0,1621350.0,0.31248456,18.723537,225,1
atitlan,2026-03-24,686850.0,1621350.0,0.34009618,23.363724,225,1
atitlan,2026-03-24,687150.0,1621350.0,0.31014326,18.522778,225,1
atitlan,2026-03-24,687450.0,1621350.0,0.28555638,14.948972,225,1
atitlan,2026-03-24,687750.0,1621350.0,0.26055062,12.202645,225,1
atitlan,2026-03-24,688050.0,1621350.0,0.21668537,8.927999,225,0
atitlan,2026-03-24,688350.0,1621350.0,0.17605132,7.109084,225,0
atitlan,2026-03-24,688650.0,1621350.0,0.117828235,5.50785,225,0
atitlan,2026-03-24,688950.0,1621350.0,0.124296494,5.7606597,225,0
atitlan,2026-03-24,689250.0,1621350.0,0.12088579,5.5386014,225,0
atitlan,2026-03-24,689550.0,1621350.0,0.08055931,4.9089103,225,0
atitlan,2026-03-24,689850.0,1621350.0,-0.058569457,2.179445,225,0
atitlan,2026-03-24,690150.0,1621350.0,-0.06284823,1.944658,225,0
atitlan,2026-03-24,690450.0,1621350.0,-0.065988615,1.7886355,225,0
atitlan,2026-03-24,690750.0,1621350.0,-0.043193046,2.4492311,225,0
atitlan,2026-03-24,691050.0,1621350.0,0.13826846,7.230289,225,0
atitlan,2026-03-24,691350.0,1621350.0,0.032943662,4.328773,225,0
atitlan,2026-03-24,691650.0,1621350.0,0.16660133,7.5804143,225,0
atitlan,2026-03-24,691950.0,1621350.0,0.14708796,6.9376984,225,0
atitlan,2026-03-24,692250.0,1621350.0,0.113551244,6.046799,225,0
atitlan,2026-03-24,692550.0,1621350.0,0.12448853,6.3312426,225,0
atitlan,2026-03-24,692850.0,1621350.0,0.08900014,5.2247105,225,0
atitlan,2026-03-24,693150.0,1621350.0,0.12886277,5.8889065,225,0
atitlan,2026-03-24,693450.0,1621350.0,0.1736929,7.1563196,225,0
atitlan,2026-03-24,693750.0,1621350.0,0.16774684,6.789239,225,0
atitlan,2026-03-24,694050.0,1621350.0,0.17247814,7.471817,225,0
atitlan,2026-03-24,694350.0,1621350.0,0.15626788,6.4660974,225,0
atitlan,2026-03-24,694650.0,1621350.0,0.18697335,7.6785355,225,0
atitlan,2026-03-24,694950.0,1621350.0,0.14444269,6.248287,225,0
atitlan,2026-03-24,695250.0,1621350.0,0.1977988,8.291367,225,0
atitlan,2026-03-24,695550.0,1621350.0,0.17375545,7.4418316,225,0
atitlan,2026-03-24,695850.0,1621350.0,0.19882107,8.392054,225,0
atitlan,2026-03-24,696150.0,1621350.0,0.21678737,9.629591,225,0
atitlan,2026-03-24,696450.0,1621350.0,0.18066981,8.469248,225,0
atitlan,2026-03-24,696750.0,1621350.0,0.21459095,9.740975,225,0
atitlan,2026-03-24,697050.0,1621350.0,0.19990465,8.720651,225,0
atitlan,2026-03-24,697350.0,1621350.0,0.18513453,7.970204,225,0
atitlan,2026-03-24,697650.0,1621350.0,0.14534758,6.9531355,225,0
atitlan,2026-03-24,697950.0,1621350.0,0.14459366,6.629305,225,0
atitlan,2026-03-24,698250.0,1621350.0,0.13259293,6.429224,225,0
atitlan,2026-03-24,698550.0,1621350.0,0.15266004,7.436204,225,0
atitlan,2026-03-24,698850.0,1621350.0,0.1276564,7.0250506,225,0
atitlan,2026-03-24,699150.0,1621350.0,0.0024710675,3.7969484,225,0
atitlan,2026-03-24,699450.0,1621350.0,-0.06274742,1.9538121,225,0
atitlan,2026-03-24,699750.0,1621350.0,-0.068991564,1.6199204,225,0
atitlan,2026-03-24,700050.0,1621350.0,-0.07133336,1.4864281,225,0
atitlan,2026-03-24,700350.0,1621350.0,-0.07288736,1.4001484,225,0
atitlan,2026-03-24,700650.0,1621350.0,-0.072107114,1.438122,225,0
atitlan,2026-03-24,700950.0,1621350.0,-0.071920045,1.4553885,225,0
atitlan,2026-03-24,701250.0,1621350.0,-0.06735724,1.7109216,225,0
atitlan,2026-03-24,701550.0,1621350.0,-0.06179027,1.9874395,225,0
atitlan,2026-03-24,701850.0,1621350.0,0.08856215,4.916263,225,0
atitlan,2026-03-24,702150.0,1621350.0,0.12299897,5.711947,225,0
atitlan,2026-03-24,702450.0,1621350.0,0.12887934,5.5400853,225,0
atitlan,2026-03-24,702750.0,1621350.0,0.16220663,6.65392,225,0
atitlan,2026-03-24,703050.0,1621350.0,0.17124395,6.995499,225,0
atitlan,2026-03-24,703350.0,1621350.0,0.15149736,8.906413,225,0
atitlan,2026-03-24,703650.0,1621350.0,0.17307481,9.969663,225,0
atitlan,2026-03-24,703950.0,1621350.0,0.23956081,13.162899,225,1
atitlan,2026-03-24,704250.0,1621350.0,0.22362798,13.956643,225,1
atitlan,2026-03-24,704550.0,1621350.0,0.19964913,11.054386,225,0
atitlan,2026-03-24,704850.0,1621350.0,0.12790783,6.3757033,225,0
atitlan,2026-03-24,705150.0,1621350.0,0.13028395,5.9118834,225,0
atitlan,2026-03-24,705450.0,1621350.0,0.15678406,6.751693,225,0
atitlan,2026-03-24,705750.0,1621350.0,0.18544126,7.8995504,225,0
atitlan,2026-03-24,706050.0,1621350.0,0.23361398,11.4180975,225,0
atitlan,2026-03-24,706350.0,1621350.0,0.23777589,11.417715,225,0
atitlan,2026-03-24,706650.0,1621350.0,0.14543845,6.97133,225,0
atitlan,2026-03-24,706950.0,1621350.0,0.105296806,5.761291,225,0
atitlan,2026-03-24,707250.0,1621350.0,0.16696045,8.137981,225,0
atitlan,2026-03-24,707550.0,1621350.0,0.20769906,10.534803,225,0
atitlan,2026-03-24,707850.0,1621350.0,0.23653087,10.2310915,45,0
atitlan,2026-03-24,680250.0,1621650.0,0.23700467,12.474019,180,1
atitlan,2026-03-24,680550.0,1621650.0,0.20561767,10.502555,225,0
atitlan,2026-03-24,680850.0,1621650.0,0.28013816,14.813029,225,1
atitlan,2026-03-24,681150.0,1621650.0,0.2957744,16.447739,225,1
atitlan,2026-03-24,681450.0,1621650.0,0.27702546,14.609929,225,1
atitlan,2026-03-24,681750.0,1621650.0,0.13309412,6.600271,225,0
atitlan,2026-03-24,682050.0,1621650.0,0.17469266,8.455876,225,0
atitlan,2026-03-24,682350.0,1621650.0,0.07373363,5.6027274,225,0
atitlan,2026-03-24,682650.0,1621650.0,0.14031136,8.043298,225,0
atitlan,2026-03-24,682950.0,1621650.0,0.23319902,10.514689,225,0
atitlan,2026-03-24,683250.0,1621650.0,0.2997297,17.010515,225,1
atitlan,2026-03-24,683550.0,1621650.0,0.26502693,13.7748,225,1
atitlan,2026-03-24,683850.0,1621650.0,0.21739127,11.749526,225,0
atitlan,2026-03-24,684150.0,1621650.0,0.1787117,9.715615,225,0
atitlan,2026-03-24,684450.0,1621650.0,0.1970699,10.815442,225,0
atitlan,2026-03-24,684750.0,1621650.0,0.26838034,15.759925,225,1
atitlan,2026-03-24,685050.0,1621650.0,0.29984334,17.778473,225,1
atitlan,2026-03-24,685350.0,1621650.0,0.29218954,15.782911,225,1
atitlan,2026-03-24,685650.0,1621650.0,0.3061317,17.827768,225,1
atitlan,2026-03-24,685950.0,1621650.0,0.3051052,17.380293,225,1
atitlan,2026-03-24,686250.0,1621650.0,0.31754223,19.788872,225,1
atitlan,2026-03-24,686550.0,1621650.0,0.33627594,22.582136,225,1
atitlan,2026-03-24,686850.0,1621650.0,0.34939474,24.878065,225,1
atitlan,2026-03-24,687150.0,1621650.0,0.32119927,20.3636,225,1
atitlan,2026-03-24,687450.0,1621650.0,0.28010353,14.428215,225,1
atitlan,2026-03-24,687750.0,1621650.0,0.25556335,12.136655,225,1
atitlan,2026-03-24,688050.0,1621650.0,0.2171695,9.051542,225,0
atitlan,2026-03-24,688350.0,1621650.0,0.14677614,6.0513434,225,0
atitlan,2026-03-24,688650.0,1621650.0,0.10879941,5.2930784,225,0
atitlan,2026-03-24,688950.0,1621650.0,0.11117647,5.490432,225,0
atitlan,2026-03-24,689250.0,1621650.0,0.11754327,5.568104,225,0
atitlan,2026-03-24,689550.0,1621650.0,0.127786,5.906068,225,0
atitlan,2026-03-24,689850.0,1621650.0,-0.014939734,3.2237053,225,0
atitlan,2026-03-24,690150.0,1621650.0,-0.0681896,1.6610938,225,0
atitlan,2026-03-24,690450.0,1621650.0,-0.07187177,1.4753273,225,0
atitlan,2026-03-24,690750.0,1621650.0,-0.063140705,1.781378,225,0
atitlan,2026-03-24,691050.0,1621650.0,-0.021703862,3.1528244,225,0
atitlan,2026-03-24,691350.0,1621650.0,-0.0645,1.8621776,225,0
atitlan,2026-03-24,691650.0,1621650.0,0.11229077,6.30662,225,0
atitlan,2026-03-24,691950.0,1621650.0,0.15135032,6.4032054,225,0
atitlan,2026-03-24,692250.0,1621650.0,0.15215039,6.601373,225,0
atitlan,2026-03-24,692550.0,1621650.0,0.15729403,6.898667,225,0
atitlan,2026-03-24,692850.0,1621650.0,0.16591129,7.7852855,225,0
atitlan,2026-03-24,693150.0,1621650.0,0.17667347,8.03278,225,0
atitlan,2026-03-24,693450.0,1621650.0,0.15917377,6.842972,225,0
atitlan,2026-03-24,693750.0,1621650.0,0.15977697,6.7083817,225,0
atitlan,2026-03-24,694050.0,1621650.0,0.15381642,6.353866,225,0
atitlan,2026-03-24,694350.0,1621650.0,0.16470218,6.836722,225,0
atitlan,2026-03-24,694650.0,1621650.0,0.18335392,7.5968566,225,0
atitlan,2026-03-24,694950.0,1621650.0,0.17430249,7.2721977,225,0
atitlan,2026-03-24,695250.0,1621650.0,0.15870929,6.870968,225,0
atitlan,2026-03-24,695550.0,1621650.0,0.19572552,8.481635,225,0
atitlan,2026-03-24,695850.0,1621650.0,0.20020114,9.022911,225,0
atitlan,2026-03-24,696150.0,1621650.0,0.18942866,8.732571,225,0
atitlan,2026-03-24,696450.0,1621650.0,0.19660474,8.951201,225,0
atitlan,2026-03-24,696750.0,1621650.0,0.20885144,9.403924,225,0
atitlan,2026-03-24,697050.0,1621650.0,0.16311,7.1542506,225,0
atitlan,2026-03-24,697350.0,1621650.0,0.1797884,7.740636,225,0
atitlan,2026-03-24,697650.0,1621650.0,0.15918623,6.859072,225,0
atitlan,2026-03-24,697950.0,1621650.0,0.10514708,6.6301517,225,0
atitlan,2026-03-24,698250.0,1621650.0,0.16583033,9.209107,225,0
atitlan,2026-03-24,698550.0,1621650.0,0.15630461,7.9972563,225,0
atitlan,2026-03-24,698850.0,1621650.0,0.12972686,7.4775033,225,0
atitlan,2026-03-24,699150.0,1621650.0,-0.055630498,2.1915722,225,0
atitlan,2026-03-24,699450.0,1621650.0,-0.06791306,1.6690918,225,0
atitlan,2026-03-24,699750.0,1621650.0,-0.074062,1.3327185,225,0
atitlan,2026-03-24,700050.0,1621650.0,-0.0735729,1.3727292,225,0
atitlan,2026-03-24,700350.0,1621650.0,-0.07596201,1.2223411,225,0
atitlan,2026-03-24,700650.0,1621650.0,-0.07567817,1.242963,225,0
atitlan,2026-03-24,700950.0,1621650.0,-0.07357872,1.354352,225,0
atitlan,2026-03-24,701250.0,1621650.0,-0.06984704,1.5720286,225,0
atitlan,2026-03-24,701550.0,1621650.0,-0.060905665,1.8628961,225,0
atitlan,2026-03-24,701850.0,1621650.0,0.08062804,4.8480587,225,0
atitlan,2026-03-24,702150.0,1621650.0,0.092323594,4.9586344,225,0
atitlan,2026-03-24,702450.0,1621650.0,0.024289876,3.7761538,225,0
atitlan,2026-03-24,702750.0,1621650.0,0.054936618,4.872186,225,0
atitlan,2026-03-24,703050.0,1621650.0,0.1344943,5.8390555,225,0
atitlan,2026-03-24,703350.0,1621650.0,0.14308438,7.305616,225,0
atitlan,2026-03-24,703650.0,1621650.0,0.22475052,12.267211,225,1
atitlan,2026-03-24,703950.0,1621650.0,0.25062245,12.998541,225,1
atitlan,2026-03-24,704250.0,1621650.0,0.24117197,14.006193,225,1
atitlan,2026-03-24,704550.0,1621650.0,0.17351578,9.092284,225,0
atitlan,2026-03-24,704850.0,1621650.0,0.12695606,6.277241,225,0
atitlan,2026-03-24,705150.0,1621650.0,0.1469766,7.0805798,225,0
atitlan,2026-03-24,705450.0,1621650.0,0.15459427,7.229409,225,0
atitlan,2026-03-24,705750.0,1621650.0,0.15295708,6.5377035,225,0
atitlan,2026-03-24,706050.0,1621650.0,0.21664798,10.181042,225,0
atitlan,2026-03-24,706350.0,1621650.0,0.24787077,12.073838,225,1
atitlan,2026-03-24,706650.0,1621650.0,0.23626271,10.31406,225,0
atitlan,2026-03-24,706950.0,1621650.0,0.19414225,9.191679,225,0
atitlan,2026-03-24,707250.0,1621650.0,0.16321413,8.362834,225,0
atitlan,2026-03-24,707550.0,1621650.0,0.117040895,6.2937417,225,0
atitlan,2026-03-24,707850.0,1621650.0,0.14856443,7.8880553,45,0
atitlan,2026-03-24,680250.0,1621950.0,0.2065247,10.338319,180,0
atitlan,2026-03-24,680550.0,1621950.0,0.29172614,16.80958,225,1
atitlan,2026-03-24,680850.0,1621950.0,0.23138689,11.961482,225,0
atitlan,2026-03-24,681150.0,1621950.0,0.18894011,9.33942,225,0
atitlan,2026-03-24,681450.0,1621950.0,0.20463634,9.361189,225,0
atitlan,2026-03-24,681750.0,1621950.0,0.17924082,8.349021,225,0
atitlan,2026-03-24,682050.0,1621950.0,0.10427624,5.7886486,225,0
atitlan,2026-03-24,682350.0,1621950.0,0.0343371,4.5211844,225,0
atitlan,2026-03-24,682650.0,1621950.0,0.18862493,9.342362,225,0
atitlan,2026-03-24,682950.0,1621950.0,0.22963694,10.431106,225,0
atitlan,2026-03-24,683250.0,1621950.0,0.31077206,18.628817,225,1
atitlan,2026-03-24,683550.0,1621950.0,0.2532775,11.856942,225,0
atitlan,2026-03-24,683850.0,1621950.0,0.26753035,15.801741,225,1
atitlan,2026-03-24,684150.0,1621950.0,0.19386345,10.951698,225,0
atitlan,2026-03-24,684450.0,1621950.0,0.17847012,10.4297085,225,0
atitlan,2026-03-24,684750.0,1621950.0,0.25788832,14.134776,225,1
atitlan,2026-03-24,685050.0,1621950.0,0.28247446,14.929792,225,1
atitlan,2026-03-24,685350.0,1621950.0,0.23701245,12.703512,225,1
atitlan,2026-03-24,685650.0,1621950.0,0.2764186,14.843531,225,1
atitlan,2026-03-24,685950.0,1621950.0,0.3184721,19.658585,225,1
atitlan,2026-03-24,686250.0,1621950.0,0.3203241,20.506083,225,1
atitlan,2026-03-24,686550.0,1621950.0,0.32747978,21.721884,225,1
atitlan,2026-03-24,686850.0,1621950.0,0.32937312,21.932579,225,1
atitlan,2026-03-24,687150.0,1621950.0,0.3077092,17.962898,225,1
atitlan,2026-03-24,687450.0,1621950.0,0.2765008,13.789363,225,1
atitlan,2026-03-24,687750.0,1621950.0,0.2475073,11.431977,225,0
atitlan,2026-03-24,688050.0,1621950.0,0.21065831,8.6678095,225,0
atitlan,2026-03-24,688350.0,1621950.0,0.17050026,6.7830153,225,0
atitlan,2026-03-24,688650.0,1621950.0,0.12793423,5.4729905,225,0
atitlan,2026-03-24,688950.0,1621950.0,0.11993463,5.4630833,225,0
atitlan,2026-03-24,689250.0,1621950.0,0.12724762,5.622349,225,0
atitlan,2026-03-24,689550.0,1621950.0,0.07706705,4.912402,225,0
atitlan,2026-03-24,689850.0,1621950.0,-0.039639715,2.3638778,225,0
atitlan,2026-03-24,690150.0,1621950.0,-0.0740316,1.3432384,225,0
atitlan,2026-03-24,690450.0,1621950.0,-0.07254088,1.4340774,225,0
atitlan,2026-03-24,690750.0,1621950.0,-0.07378338,1.3590277,225,0
atitlan,2026-03-24,691050.0,1621950.0,-0.072640836,1.4269943,225,0
atitlan,2026-03-24,691350.0,1621950.0,-0.06789539,1.4982891,225,0
atitlan,2026-03-24,691650.0,1621950.0,0.029714376,4.4170303,225,0
atitlan,2026-03-24,691950.0,1621950.0,0.01354738,3.858592,225,0
atitlan,2026-03-24,692250.0,1621950.0,0.08498488,7.0890737,225,0
atitlan,2026-03-24,692550.0,1621950.0,0.1862312,9.078311,225,0
atitlan,2026-03-24,692850.0,1621950.0,0.032602854,4.651628,225,0
atitlan,2026-03-24,693150.0,1621950.0,0.09254285,6.319344,225,0
atitlan,2026-03-24,693450.0,1621950.0,0.18237804,7.9887986,225,0
atitlan,2026-03-24,693750.0,1621950.0,0.13594413,6.8151765,225,0
atitlan,2026-03-24,694050.0,1621950.0,0.19512656,8.402121,225,0
atitlan,2026-03-24,694350.0,1621950.0,0.17752936,7.1114225,225,0
atitlan,2026-03-24,694650.0,1621950.0,0.16425714,6.9004664,225,0
atitlan,2026-03-24,694950.0,1621950.0,0.1789476,7.54773,225,0
atitlan,2026-03-24,695250.0,1621950.0,0.2070679,8.850051,225,0
atitlan,2026-03-24,695550.0,1621950.0,0.20004633,8.545705,225,0
atitlan,2026-03-24,695850.0,1621950.0,0.19748905,8.498522,225,0
atitlan,2026-03-24,696150.0,1621950.0,0.15169758,7.150569,225,0
atitlan,2026-03-24,696450.0,1621950.0,0.09355427,5.507756,225,0
atitlan,2026-03-24,696750.0,1621950.0,0.17893073,7.9763784,225,0
atitlan,2026-03-24,697050.0,1621950.0,0.19186881,8.020699,225,0
atitlan,2026-03-24,697350.0,1621950.0,0.15003991,6.5100646,225,0
atitlan,2026-03-24,697650.0,1621950.0,0.13279155,6.627913,225,0
atitlan,2026-03-24,697950.0,1621950.0,0.15662481,8.566948,225,0
atitlan,2026-03-24,698250.0,1621950.0,0.13170834,7.6302395,225,0
atitlan,2026-03-24,698550.0,1621950.0,-0.021781858,3.3326058,225,0
atitlan,2026-03-24,698850.0,1621950.0,0.17918672,8.574665,225,0
atitlan,2026-03-24,699150.0,1621950.0,0.04940021,4.6885395,225,0
atitlan,2026-03-24,699450.0,1621950.0,-0.07152494,1.4445765,225,0
atitlan,2026-03-24,699750.0,1621950.0,-0.07768169,1.1267406,225,0
atitlan,2026-03-24,700050.0,1621950.0,-0.077730566,1.1106254,225,0
atitlan,2026-03-24,700350.0,1621950.0,-0.07795194,1.1057229,225,0
atitlan,2026-03-24,700650.0,1621950.0,-0.07842439,1.0769176,225,0
atitlan,2026-03-24,700950.0,1621950.0,-0.07788215,1.1025665,225,0
atitlan,2026-03-24,701250.0,1621950.0,-0.07393197,1.3418331,225,0
atitlan,2026-03-24,701550.0,1621950.0,-0.07211892,1.4466193,225,0
atitlan,2026-03-24,701850.0,1621950.0,-0.06818884,1.6584606,225,0
atitlan,2026-03-24,702150.0,1621950.0,-0.06686599,1.7337832,225,0
atitlan,2026-03-24,702450.0,1621950.0,-0.06555363,1.8087587,225,0
atitlan,2026-03-24,702750.0,1621950.0,-0.023364117,3.0221202,225,0
atitlan,2026-03-24,703050.0,1621950.0,0.1437134,6.1834245,225,0
atitlan,2026-03-24,703350.0,1621950.0,0.15579733,6.330678,225,0
atitlan,2026-03-24,703650.0,1621950.0,0.12650286,8.506645,225,0
atitlan,2026-03-24,703950.0,1621950.0,0.1335425,8.572799,225,0
atitlan,2026-03-24,704250.0,1621950.0,0.23570679,13.359159,225,1
atitlan,2026-03-24,704550.0,1621950.0,0.18632594,9.72457,225,0
atitlan,2026-03-24,704850.0,1621950.0,0.13031982,7.2343554,225,0
atitlan,2026-03-24,705150.0,1621950.0,0.10966762,5.416395,225,0
atitlan,2026-03-24,705450.0,1621950.0,0.11890625,6.1768446,225,0
atitlan,2026-03-24,705750.0,1621950.0,0.14851807,6.187259,225,0
atitlan,2026-03-24,706050.0,1621950.0,0.19427814,8.409133,225,0
atitlan,2026-03-24,706350.0,1621950.0,0.24506676,11.379684,225,0
atitlan,2026-03-24,706650.0,1621950.0,0.2313255,10.259256,225,0
atitlan,2026-03-24,706950.0,1621950.0,0.22572666,9.513302,225,0
atitlan,2026-03-24,707250.0,1621950.0,0.20165108,9.652606,225,0
atitlan,2026-03-24,707550.0,1621950.0,0.16133164,8.33817,225,0
atitlan,2026-03-24,707850.0,1621950.0,0.22976378,11.295762,45,0
atitlan,2026-03-24,680250.0,1622250.0,0.27586147,14.912841,180,1
atitlan,2026-03-24,680550.0,1622250.0,0.23719284,12.6340275,225,1
atitlan,2026-03-24,680850.0,1622250.0,0.15761787,7.7676053,225,0
atitlan,2026-03-24,681150.0,1622250.0,0.1078658,6.6760807,225,0
atitlan,2026-03-24,681450.0,1622250.0,0.23618427,12.288203,225,1
atitlan,2026-03-24,681750.0,1622250.0,0.21770665,10.679099,225,0
atitlan,2026-03-24,682050.0,1622250.0,0.1485384,7.342342,225,0
atitlan,2026-03-24,682350.0,1622250.0,0.086501464,5.9046,225,0
atitlan,2026-03-24,682650.0,1622250.0,0.21108302,8.981462,225,0
atitlan,2026-03-24,682950.0,1622250.0,0.22726305,10.952843,225,0
atitlan,2026-03-24,683250.0,1622250.0,0.28104836,15.465054,225,1
atitlan,2026-03-24,683550.0,1622250.0,0.27169248,13.563861,225,1
atitlan,2026-03-24,683850.0,1622250.0,0.2711711,15.814155,225,1
atitlan,2026-03-24,684150.0,1622250.0,0.24478972,13.340577,225,1
atitlan,2026-03-24,684450.0,1622250.0,0.21146117,12.340443,225,1
atitlan,2026-03-24,684750.0,1622250.0,0.25377762,13.233491,225,1
atitlan,2026-03-24,685050.0,1622250.0,0.2810594,15.525669,225,1
atitlan,2026-03-24,685350.0,1622250.0,0.2865938,15.125241,225,1
atitlan,2026-03-24,685650.0,1622250.0,0.28991824,16.0814,225,1
atitlan,2026-03-24,685950.0,1622250.0,0.29104966,15.843797,225,1
atitlan,2026-03-24,686250.0,1622250.0,0.2832771,14.66434,225,1
atitlan,2026-03-24,686550.0,1622250.0,0.2989023,16.623703,225,1
atitlan,2026-03-24,686850.0,1622250.0,0.29699117,16.390844,225,1
atitlan,2026-03-24,687150.0,1622250.0,0.2865087,15.919142,225,1
atitlan,2026-03-24,687450.0,1622250.0,0.2422296,10.87989,225,0
atitlan,2026-03-24,687750.0,1622250.0,0.21450347,9.33942,225,0
atitlan,2026-03-24,688050.0,1622250.0,0.1900642,7.881635,225,0
atitlan,2026-03-24,688350.0,1622250.0,0.18206494,7.4890976,225,0
atitlan,2026-03-24,688650.0,1622250.0,0.12954186,5.836742,225,0
atitlan,2026-03-24,688950.0,1622250.0,0.119799204,5.4438744,225,0
atitlan,2026-03-24,689250.0,1622250.0,0.11493091,5.290394,225,0
atitlan,2026-03-24,689550.0,1622250.0,-0.029417895,2.649652,225,0
atitlan,2026-03-24,689850.0,1622250.0,-0.070577234,1.5423974,225,0
atitlan,2026-03-24,690150.0,1622250.0,-0.07319605,1.3888756,225,0
atitlan,2026-03-24,690450.0,1622250.0,-0.07267656,1.4233599,225,0
atitlan,2026-03-24,690750.0,1622250.0,-0.07555552,1.2507356,225,0
atitlan,2026-03-24,691050.0,1622250.0,-0.07509034,1.2793814,225,0
atitlan,2026-03-24,691350.0,1622250.0,-0.077296086,1.1517994,225,0
atitlan,2026-03-24,691650.0,1622250.0,-0.07443989,1.317045,225,0
atitlan,2026-03-24,691950.0,1622250.0,-0.07107327,1.5063125,225,0
atitlan,2026-03-24,692250.0,1622250.0,-0.0180795,3.1010852,225,0
atitlan,2026-03-24,692550.0,1622250.0,-5.582796e-05,3.3167367,225,0
atitlan,2026-03-24,692850.0,1622250.0,0.04482502,4.781405,225,0
atitlan,2026-03-24,693150.0,1622250.0,-0.012207746,2.9672594,225,0
atitlan,2026-03-24,693450.0,1622250.0,-0.03324689,2.6070142,225,0
atitlan,2026-03-24,693750.0,1622250.0,-0.044394206,2.501174,225,0
atitlan,2026-03-24,694050.0,1622250.0,0.18132633,9.252792,225,0
atitlan,2026-03-24,694350.0,1622250.0,0.17572498,7.095342,225,0
atitlan,2026-03-24,694650.0,1622250.0,0.1789039,6.9943533,225,0
atitlan,2026-03-24,694950.0,1622250.0,0.17661214,7.386475,225,0
atitlan,2026-03-24,695250.0,1622250.0,0.19739775,8.382992,225,0
atitlan,2026-03-24,695550.0,1622250.0,0.1845177,7.797868,225,0
atitlan,2026-03-24,695850.0,1622250.0,0.20843016,9.002787,225,0
atitlan,2026-03-24,696150.0,1622250.0,0.1778963,7.631595,225,0
atitlan,2026-03-24,696450.0,1622250.0,0.186692,8.196353,225,0
atitlan,2026-03-24,696750.0,1622250.0,0.13283388,6.1937327,225,0
atitlan,2026-03-24,697050.0,1622250.0,0.1538552,6.719321,225,0
atitlan,2026-03-24,697350.0,1622250.0,0.13370119,6.188631,225,0
atitlan,2026-03-24,697650.0,1622250.0,0.09739203,6.0029607,225,0
atitlan,2026-03-24,697950.0,1622250.0,0.07956399,5.984555,225,0
atitlan,2026-03-24,698250.0,1622250.0,-0.012300187,3.406806,225,0
atitlan,2026-03-24,698550.0,1622250.0,-0.07131655,1.4361207,225,0
atitlan,2026-03-24,698850.0,1622250.0,0.075537205,6.161982,225,0
atitlan,2026-03-24,699150.0,1622250.0,-0.056972563,1.9567786,225,0
atitlan,2026-03-24,699450.0,1622250.0,-0.079403035,1.0289103,225,0
atitlan,2026-03-24,699750.0,1622250.0,-0.08064818,0.94242954,225,0
atitlan,2026-03-24,700050.0,1622250.0,-0.08254291,0.84064806,225,0
atitlan,2026-03-24,700350.0,1622250.0,-0.07973301,0.9984969,225,0
atitlan,2026-03-24,700650.0,1622250.0,-0.078886874,1.0490369,225,0
atitlan,2026-03-24,700950.0,1622250.0,-0.07728369,1.1464672,225,0
atitlan,2026-03-24,701250.0,1622250.0,-0.075408824,1.2519207,225,0
atitlan,2026-03-24,701550.0,1622250.0,-0.07249855,1.4200788,225,0
atitlan,2026-03-24,701850.0,1622250.0,-0.07249151,1.4232435,225,0
atitlan,2026-03-24,702150.0,1622250.0,-0.072413534,1.4210162,225,0
atitlan,2026-03-24,702450.0,1622250.0,-0.06826725,1.6521612,225,0
atitlan,2026-03-24,702750.0,1622250.0,-0.033292606,2.6565177,225,0
atitlan,2026-03-24,703050.0,1622250.0,0.121411785,5.4261985,225,0
atitlan,2026-03-24,703350.0,1622250.0,0.16972032,6.9953847,225,0
atitlan,2026-03-24,703650.0,1622250.0,0.16659819,9.041062,225,0
atitlan,2026-03-24,703950.0,1622250.0,0.15853183,9.868068,225,0
atitlan,2026-03-24,704250.0,1622250.0,0.24463293,13.301228,225,1
atitlan,2026-03-24,704550.0,1622250.0,0.21700509,11.663281,225,0
atitlan,2026-03-24,704850.0,1622250.0,0.13543133,7.8809013,225,0
atitlan,2026-03-24,705150.0,1622250.0,0.10992561,5.565443,225,0
atitlan,2026-03-24,705450.0,1622250.0,0.10054735,5.4501505,225,0
atitlan,2026-03-24,705750.0,1622250.0,0.13853765,6.4138803,225,0
atitlan,2026-03-24,706050.0,1622250.0,0.16597414,7.386968,225,0
atitlan,2026-03-24,706350.0,1622250.0,0.19211711,8.378303,225,0
atitlan,2026-03-24,706650.0,1622250.0,0.18563624,8.226478,225,0
atitlan,2026-03-24,706950.0,1622250.0,0.22485906,10.352283,225,0
atitlan,2026-03-24,707250.0,1622250.0,0.24375735,11.463805,225,0
atitlan,2026-03-24,707550.0,1622250.0,0.23424876,11.443584,225,0
atitlan,2026-03-24,707850.0,1622250.0,0.2007979,9.38475,45,0
atitlan,2026-03-24,680250.0,1622550.0,0.2631603,14.039313,180,1
atitlan,2026-03-24,680550.0,1622550.0,0.23606117,12.023738,225,1
atitlan,2026-03-24,680850.0,1622550.0,0.18736376,10.302304,225,0
atitlan,2026-03-24,681150.0,1622550.0,0.11457341,7.5658183,225,0
atitlan,2026-03-24,681450.0,1622550.0,0.23815815,12.364927,225,1
atitlan,2026-03-24,681750.0,1622550.0,0.21360733,10.668147,225,0
atitlan,2026-03-24,682050.0,1622550.0,0.11916086,6.2005825,225,0
atitlan,2026-03-24,682350.0,1622550.0,0.117578894,6.714597,225,0
atitlan,2026-03-24,682650.0,1622550.0,0.19693974,8.222863,225,0
atitlan,2026-03-24,682950.0,1622550.0,0.2218446,10.725028,225,0
atitlan,2026-03-24,683250.0,1622550.0,0.30844796,18.579643,225,1
atitlan,2026-03-24,683550.0,1622550.0,0.28546602,15.900451,225,1
atitlan,2026-03-24,683850.0,1622550.0,0.22623128,11.710912,225,0
atitlan,2026-03-24,684150.0,1622550.0,0.27086428,16.221481,225,1
atitlan,2026-03-24,684450.0,1622550.0,0.2023741,11.78733,225,0
atitlan,2026-03-24,684750.0,1622550.0,0.26735893,16.332232,225,1
atitlan,2026-03-24,685050.0,1622550.0,0.30388787,17.959446,225,1
atitlan,2026-03-24,685350.0,1622550.0,0.25627366,13.085601,225,1
atitlan,2026-03-24,685650.0,1622550.0,0.24880561,12.496182,225,1
atitlan,2026-03-24,685950.0,1622550.0,0.28550526,14.989871,225,1
atitlan,2026-03-24,686250.0,1622550.0,0.27150244,13.141147,225,1
atitlan,2026-03-24,686550.0,1622550.0,0.28082612,14.419621,225,1
atitlan,2026-03-24,686850.0,1622550.0,0.2716929,14.16362,225,1
atitlan,2026-03-24,687150.0,1622550.0,0.23884098,11.073691,225,0
atitlan,2026-03-24,687450.0,1622550.0,0.19240901,8.376014,225,0
atitlan,2026-03-24,687750.0,1622550.0,0.19656266,8.950722,225,0
atitlan,2026-03-24,688050.0,1622550.0,0.18676259,7.780717,225,0
atitlan,2026-03-24,688350.0,1622550.0,0.14506228,6.160185,225,0
atitlan,2026-03-24,688650.0,1622550.0,0.1563066,6.4669137,225,0
atitlan,2026-03-24,688950.0,1622550.0,0.12142708,5.4434314,225,0
atitlan,2026-03-24,689250.0,1622550.0,0.08893673,4.9762764,225,0
atitlan,2026-03-24,689550.0,1622550.0,-0.06588734,1.7724591,225,0
atitlan,2026-03-24,689850.0,1622550.0,-0.07409209,1.3426827,225,0
atitlan,2026-03-24,690150.0,1622550.0,-0.07462541,1.3128595,225,0
atitlan,2026-03-24,690450.0,1622550.0,-0.07628999,1.2102504,225,0
atitlan,2026-03-24,690750.0,1622550.0,-0.07607033,1.2221516,225,0
atitlan,2026-03-24,691050.0,1622550.0,-0.07624156,1.2125247,225,0
atitlan,2026-03-24,691350.0,1622550.0,-0.07767603,1.1243504,225,0
atitlan,2026-03-24,691650.0,1622550.0,-0.07731142,1.1446503,225,0
atitlan,2026-03-24,691950.0,1622550.0,-0.07372225,1.3565593,225,0
atitlan,2026-03-24,692250.0,1622550.0,-0.070019335,1.5616192,225,0
atitlan,2026-03-24,692550.0,1622550.0,-0.070729315,1.5258759,225,0
atitlan,2026-03-24,692850.0,1622550.0,-0.066028826,1.7774155,225,0
atitlan,2026-03-24,693150.0,1622550.0,-0.070442125,1.5354731,225,0
atitlan,2026-03-24,693450.0,1622550.0,-0.06942204,1.5893337,225,0
atitlan,2026-03-24,693750.0,1622550.0,-0.06491725,1.8282467,225,0
atitlan,2026-03-24,694050.0,1622550.0,0.14926875,7.815773,225,0
atitlan,2026-03-24,694350.0,1622550.0,0.18340169,7.1756325,225,0
atitlan,2026-03-24,694650.0,1622550.0,0.1966659,8.016601,225,0
atitlan,2026-03-24,694950.0,1622550.0,0.18053974,7.622571,225,0
atitlan,2026-03-24,695250.0,1622550.0,0.18532664,7.759335,225,0
atitlan,2026-03-24,695550.0,1622550.0,0.15656586,6.867538,225,0
atitlan,2026-03-24,695850.0,1622550.0,0.17992651,7.708237,225,0
atitlan,2026-03-24,696150.0,1622550.0,0.1929798,7.8405194,225,0
atitlan,2026-03-24,696450.0,1622550.0,0.19404268,7.9570065,225,0
atitlan,2026-03-24,696750.0,1622550.0,0.17817353,7.4528484,225,0
atitlan,2026-03-24,697050.0,1622550.0,0.13751864,6.567134,225,0
atitlan,2026-03-24,697350.0,1622550.0,0.10515691,5.977117,225,0
atitlan,2026-03-24,697650.0,1622550.0,0.047030333,5.4464006,225,0
atitlan,2026-03-24,697950.0,1622550.0,-0.070438854,1.5354874,225,0
atitlan,2026-03-24,698250.0,1622550.0,-0.073867865,1.3416197,225,0
atitlan,2026-03-24,698550.0,1622550.0,-0.07916174,1.0307455,225,0
atitlan,2026-03-24,698850.0,1622550.0,-0.07855802,1.0712721,225,0
atitlan,2026-03-24,699150.0,1622550.0,-0.077044986,1.1618133,225,0
atitlan,2026-03-24,699450.0,1622550.0,-0.07852464,1.0680159,225,0
atitlan,2026-03-24,699750.0,1622550.0,-0.079598725,1.0169126,225,0
atitlan,2026-03-24,700050.0,1622550.0,-0.08205091,0.85755694,225,0
atitlan,2026-03-24,700350.0,1622550.0,-0.08026281,0.9719156,225,0
atitlan,2026-03-24,700650.0,1622550.0,-0.07972413,0.99795526,225,0
atitlan,2026-03-24,700950.0,1622550.0,-0.077638686,1.1225199,225,0
atitlan,2026-03-24,701250.0,1622550.0,-0.07617791,1.2037966,225,0
atitlan,2026-03-24,701550.0,1622550.0,-0.076506056,1.1838952,225,0
atitlan,2026-03-24,701850.0,1622550.0,-0.07160074,1.4720163,225,0
atitlan,2026-03-24,702150.0,1622550.0,-0.071239404,1.4949685,225,0
atitlan,2026-03-24,702450.0,1622550.0,-0.07017134,1.5497237,225,0
atitlan,2026-03-24,702750.0,1622550.0,-0.014521175,3.0096738,225,0
atitlan,2026-03-24,703050.0,1622550.0,0.10887437,5.404336,225,0
atitlan,2026-03-24,703350.0,1622550.0,0.1784921,7.883821,225,0
atitlan,2026-03-24,703650.0,1622550.0,0.20025273,9.305411,225,0
atitlan,2026-03-24,703950.0,1622550.0,0.175712,9.998099,225,0
atitlan,2026-03-24,704250.0,1622550.0,0.22763617,12.617381,225,1
atitlan,2026-03-24,704550.0,1622550.0,0.19568779,10.645225,225,0
atitlan,2026-03-24,704850.0,1622550.0,0.115739636,6.6118574,225,0
atitlan,2026-03-24,705150.0,1622550.0,0.10672405,5.6341043,225,0
atitlan,2026-03-24,705450.0,1622550.0,0.13866459,6.859407,225,0
atitlan,2026-03-24,705750.0,1622550.0,0.15575153,7.0032234,225,0
atitlan,2026-03-24,706050.0,1622550.0,0.1897478,8.203791,225,0
atitlan,2026-03-24,706350.0,1622550.0,0.20551637,10.063714,225,0
atitlan,2026-03-24,706650.0,1622550.0,0.22327831,10.400632,225,0
atitlan,2026-03-24,706950.0,1622550.0,0.22231117,10.156007,225,0
atitlan,2026-03-24,707250.0,1622550.0,0.21247669,9.469303,225,0
atitlan,2026-03-24,707550.0,1622550.0,0.18364398,9.044905,225,0
atitlan,2026-03-24,707850.0,1622550.0,0.14098221,7.6077137,45,0
atitlan,2026-03-24,680250.0,1622850.0,0.27852246,15.094683,180,1
atitlan,2026-03-24,680550.0,1622850.0,0.25693673,13.476843,225,1
atitlan,2026-03-24,680850.0,1622850.0,0.22163345,11.651701,225,0
atitlan,2026-03-24,681150.0,1622850.0,0.19822723,11.111817,225,0
atitlan,2026-03-24,681450.0,1622850.0,0.23790585,12.298589,225,1
atitlan,2026-03-24,681750.0,1622850.0,0.16364515,7.791961,225,0
atitlan,2026-03-24,682050.0,1622850.0,0.15561835,7.682581,225,0
atitlan,2026-03-24,682350.0,1622850.0,0.21437551,10.019428,225,0
atitlan,2026-03-24,682650.0,1622850.0,0.19885379,8.48673,225,0
atitlan,2026-03-24,682950.0,1622850.0,0.2512615,13.65599,225,1
atitlan,2026-03-24,683250.0,1622850.0,0.3017723,18.504837,225,1
atitlan,2026-03-24,683550.0,1622850.0,0.26990357,15.232215,225,1
atitlan,2026-03-24,683850.0,1622850.0,0.27644414,14.233219,225,1
atitlan,2026-03-24,684150.0,1622850.0,0.3087871,19.330822,225,1
atitlan,2026-03-24,684450.0,1622850.0,0.27345958,16.775373,225,1
atitlan,2026-03-24,684750.0,1622850.0,0.28727174,17.72338,225,1
atitlan,2026-03-24,685050.0,1622850.0,0.2944318,18.09675,225,1
atitlan,2026-03-24,685350.0,1622850.0,0.2669233,14.692221,225,1
atitlan,2026-03-24,685650.0,1622850.0,0.21981706,12.182002,225,1
atitlan,2026-03-24,685950.0,1622850.0,0.26747465,13.610613,225,1
atitlan,2026-03-24,686250.0,1622850.0,0.2812324,14.768386,225,1
atitlan,2026-03-24,686550.0,1622850.0,0.25981313,12.503493,225,1
atitlan,2026-03-24,686850.0,1622850.0,0.21756564,9.658457,225,0
atitlan,2026-03-24,687150.0,1622850.0,0.23147963,10.041134,225,0
atitlan,2026-03-24,687450.0,1622850.0,0.21719925,10.092506,225,0
atitlan,2026-03-24,687750.0,1622850.0,0.15708038,6.820562,225,0
atitlan,2026-03-24,688050.0,1622850.0,0.16113731,6.758675,225,0
atitlan,2026-03-24,688350.0,1622850.0,0.13249245,6.0435176,225,0
atitlan,2026-03-24,688650.0,1622850.0,0.1483649,6.021516,225,0
atitlan,2026-03-24,688950.0,1622850.0,0.14142375,5.866192,225,0
atitlan,2026-03-24,689250.0,1622850.0,0.08065345,4.7384195,225,0
atitlan,2026-03-24,689550.0,1622850.0,-0.06905361,1.6251763,225,0
atitlan,2026-03-24,689850.0,1622850.0,-0.07435146,1.3178535,225,0
atitlan,2026-03-24,690150.0,1622850.0,-0.07397733,1.3392587,225,0
atitlan,2026-03-24,690450.0,1622850.0,-0.07527398,1.2650855,225,0
atitlan,2026-03-24,690750.0,1622850.0,-0.07552994,1.2398969,225,0
atitlan,2026-03-24,691050.0,1622850.0,-0.076223224,1.2072718,225,0
atitlan,2026-03-24,691350.0,1622850.0,-0.07487863,1.2834358,225,0
atitlan,2026-03-24,691650.0,1622850.0,-0.07256433,1.4151285,225,0
atitlan,2026-03-24,691950.0,1622850.0,-0.074467756,1.3092934,225,0
atitlan,2026-03-24,692250.0,1622850.0,-0.07346005,1.3654727,225,0
atitlan,2026-03-24,692550.0,1622850.0,-0.07492113,1.2846347,225,0
atitlan,2026-03-24,692850.0,1622850.0,-0.074918784,1.2816371,225,0
atitlan,2026-03-24,693150.0,1622850.0,-0.07481175,1.2895997,225,0
atitlan,2026-03-24,693450.0,1622850.0,-0.07509397,1.2740347,225,0
atitlan,2026-03-24,693750.0,1622850.0,-0.0747053,1.2928364,225,0
atitlan,2026-03-24,694050.0,1622850.0,0.027417926,5.3570414,225,0
atitlan,2026-03-24,694350.0,1622850.0,0.09903305,6.3801823,225,0
atitlan,2026-03-24,694650.0,1622850.0,0.14175142,7.45973,225,0
atitlan,2026-03-24,694950.0,1622850.0,0.07766876,5.905384,225,0
atitlan,2026-03-24,695250.0,1622850.0,0.15300946,7.293946,225,0
atitlan,2026-03-24,695550.0,1622850.0,0.1789405,7.96958,225,0
atitlan,2026-03-24,695850.0,1622850.0,0.12301241,6.7340574,225,0
atitlan,2026-03-24,696150.0,1622850.0,0.15420441,7.6550097,225,0
atitlan,2026-03-24,696450.0,1622850.0,0.113528885,6.522557,225,0
atitlan,2026-03-24,696750.0,1622850.0,0.1408126,7.060003,225,0
atitlan,2026-03-24,697050.0,1622850.0,0.14017205,6.6452436,225,0
atitlan,2026-03-24,697350.0,1622850.0,0.10122066,5.786559,225,0
atitlan,2026-03-24,697650.0,1622850.0,0.08299034,6.507028,225,0
atitlan,2026-03-24,697950.0,1622850.0,-0.07379698,1.3463693,225,0
atitlan,2026-03-24,698250.0,1622850.0,-0.075882815,1.2239982,225,0
atitlan,2026-03-24,698550.0,1622850.0,-0.07977319,0.99790937,225,0
atitlan,2026-03-24,698850.0,1622850.0,-0.08274599,0.8252371,225,0
atitlan,2026-03-24,699150.0,1622850.0,-0.0804806,0.9548637,225,0
atitlan,2026-03-24,699450.0,1622850.0,-0.08059598,0.94940984,225,0
atitlan,2026-03-24,699750.0,1622850.0,-0.08039437,0.9603149,225,0
atitlan,2026-03-24,700050.0,1622850.0,-0.08117564,0.9218741,225,0
atitlan,2026-03-24,700350.0,1622850.0,-0.07893401,1.045795,225,0
atitlan,2026-03-24,700650.0,1622850.0,-0.07750252,1.1365561,225,0
atitlan,2026-03-24,700950.0,1622850.0,-0.07707681,1.1628114,225,0
atitlan,2026-03-24,701250.0,1622850.0,-0.07612451,1.2110918,225,0
atitlan,2026-03-24,701550.0,1622850.0,-0.07897584,1.043191,225,0
atitlan,2026-03-24,701850.0,1622850.0,-0.07610236,1.2065089,225,0
atitlan,2026-03-24,702150.0,1622850.0,-0.07673735,1.1738697,225,0
atitlan,2026-03-24,702450.0,1622850.0,-0.072653234,1.4066535,225,0
atitlan,2026-03-24,702750.0,1622850.0,0.014759103,3.503028,225,0
atitlan,2026-03-24,703050.0,1622850.0,0.12591477,5.8269806,225,0
atitlan,2026-03-24,703350.0,1622850.0,0.1523709,6.5116086,225,0
atitlan,2026-03-24,703650.0,1622850.0,0.2168368,9.290242,225,0
atitlan,2026-03-24,703950.0,1622850.0,0.16874471,7.769105,225,0
atitlan,2026-03-24,704250.0,1622850.0,0.17525016,10.113738,225,0
atitlan,2026-03-24,704550.0,1622850.0,0.15118158,8.995568,225,0
atitlan,2026-03-24,704850.0,1622850.0,0.1338284,7.16065,225,0
atitlan,2026-03-24,705150.0,1622850.0,0.13542672,7.779765,225,0
atitlan,2026-03-24,705450.0,1622850.0,0.15081392,6.7737064,225,0
atitlan,2026-03-24,705750.0,1622850.0,0.1461902,6.7165504,225,0
atitlan,2026-03-24,706050.0,1622850.0,0.2096922,10.550221,225,0
atitlan,2026-03-24,706350.0,1622850.0,0.21728183,12.13166,225,1
atitlan,2026-03-24,706650.0,1622850.0,0.2321265,11.471788,225,0
atitlan,2026-03-24,706950.0,1622850.0,0.20813791,9.4387,225,0
atitlan,2026-03-24,707250.0,1622850.0,0.1579461,7.7663016,225,0
atitlan,2026-03-24,707550.0,1622850.0,0.1779877,8.732322,225,0
atitlan,2026-03-24,707850.0,1622850.0,0.13137248,6.8403783,45,0
atitlan,2026-03-24,680250.0,1623150.0,0.26576877,13.659652,180,1
atitlan,2026-03-24,680550.0,1623150.0,0.2521077,12.38123,225,1
atitlan,2026-03-24,680850.0,1623150.0,0.25384894,13.421719,225,1
atitlan,2026-03-24,681150.0,1623150.0,0.252574,13.331085,225,1
atitlan,2026-03-24,681450.0,1623150.0,0.1592604,8.650179,225,0
atitlan,2026-03-24,681750.0,1623150.0,0.18210156,10.3553295,225,0
atitlan,2026-03-24,682050.0,1623150.0,0.22234114,11.296067,225,0
atitlan,2026-03-24,682350.0,1623150.0,0.21248205,10.129783,225,0
atitlan,2026-03-24,682650.0,1623150.0,0.21755467,10.033068,225,0
atitlan,2026-03-24,682950.0,1623150.0,0.28224185,15.77405,225,1
atitlan,2026-03-24,683250.0,1623150.0,0.28176984,16.250957,225,1
atitlan,2026-03-24,683550.0,1623150.0,0.27695546,14.6644535,225,1
atitlan,2026-03-24,683850.0,1623150.0,0.28237468,15.302255,225,1
atitlan,2026-03-24,684150.0,1623150.0,0.31988943,20.932404,225,1
atitlan,2026-03-24,684450.0,1623150.0,0.31304872,19.493483,225,1
atitlan,2026-03-24,684750.0,1623150.0,0.28601792,17.426556,225,1
atitlan,2026-03-24,685050.0,1623150.0,0.2834317,16.523952,225,1
atitlan,2026-03-24,685350.0,1623150.0,0.27727342,15.320061,225,1
atitlan,2026-03-24,685650.0,1623150.0,0.2724071,15.856826,225,1
atitlan,2026-03-24,685950.0,1623150.0,0.2163149,10.259137,225,0
atitlan,2026-03-24,686250.0,1623150.0,0.2722226,14.918687,225,1
atitlan,2026-03-24,686550.0,1623150.0,0.21099071,9.163571,225,0
atitlan,2026-03-24,686850.0,1623150.0,0.18092997,7.9645996,225,0
atitlan,2026-03-24,687150.0,1623150.0,0.19318493,8.352676,225,0
atitlan,2026-03-24,687450.0,1623150.0,0.1783447,8.064698,225,0
atitlan,2026-03-24,687750.0,1623150.0,0.15427792,6.4245086,225,0
atitlan,2026-03-24,688050.0,1623150.0,0.15625508,7.185063,225,0
atitlan,2026-03-24,688350.0,1623150.0,0.1434243,6.492185,225,0
atitlan,2026-03-24,688650.0,1623150.0,0.123131804,5.761156,225,0
atitlan,2026-03-24,688950.0,1623150.0,0.10426791,5.3312364,225,0
atitlan,2026-03-24,689250.0,1623150.0,-0.053218946,2.174743,225,0
atitlan,2026-03-24,689550.0,1623150.0,-0.07155428,1.480307,225,0
atitlan,2026-03-24,689850.0,1623150.0,-0.07365542,1.3560383,225,0
atitlan,2026-03-24,690150.0,1623150.0,-0.076358505,1.1974419,225,0
atitlan,2026-03-24,690450.0,1623150.0,-0.076405376,1.1938505,225,0
atitlan,2026-03-24,690750.0,1623150.0,-0.07636672,1.2018446,225,0
atitlan,2026-03-24,691050.0,1623150.0,-0.076718956,1.1767427,225,0
atitlan,2026-03-24,691350.0,1623150.0,-0.07769384,1.1266237,225,0
atitlan,2026-03-24,691650.0,1623150.0,-0.07817117,1.0921553,225,0
atitlan,2026-03-24,691950.0,1623150.0,-0.07895287,1.0548543,225,0
atitlan,2026-03-24,692250.0,1623150.0,-0.078825586,1.0577008,225,0
atitlan,2026-03-24,692550.0,1623150.0,-0.07881206,1.0475603,225,0
atitlan,2026-03-24,692850.0,1623150.0,-0.077233106,1.1517124,225,0
atitlan,2026-03-24,693150.0,1623150.0,-0.078702435,1.0549682,225,0
atitlan,2026-03-24,693450.0,1623150.0,-0.07838362,1.0952958,225,0
atitlan,2026-03-24,693750.0,1623150.0,-0.0805228,0.9677662,225,0
atitlan,2026-03-24,694050.0,1623150.0,-0.07874964,1.0533183,225,0
atitlan,2026-03-24,694350.0,1623150.0,-0.07397789,1.3281108,225,0
atitlan,2026-03-24,694650.0,1623150.0,-0.07185713,1.4529272,225,0
atitlan,2026-03-24,694950.0,1623150.0,-0.072905675,1.3952836,225,0
atitlan,2026-03-24,695250.0,1623150.0,-0.06289754,1.7131991,225,0
atitlan,2026-03-24,695550.0,1623150.0,0.0073096748,3.9068036,225,0
atitlan,2026-03-24,695850.0,1623150.0,-0.053726714,2.1720805,225,0
atitlan,2026-03-24,696150.0,1623150.0,-0.0393414,2.4236631,225,0
atitlan,2026-03-24,696450.0,1623150.0,-0.04851075,2.1723194,225,0
atitlan,2026-03-24,696750.0,1623150.0,0.087064154,6.3737545,225,0
atitlan,2026-03-24,697050.0,1623150.0,0.100494765,6.5874457,225,0
atitlan,2026-03-24,697350.0,1623150.0,0.14474458,7.7152715,225,0
atitlan,2026-03-24,697650.0,1623150.0,0.012544468,3.8800344,225,0
atitlan,2026-03-24,697950.0,1623150.0,-0.07452395,1.3066537,225,0
atitlan,2026-03-24,698250.0,1623150.0,-0.08013542,0.9852403,225,0
atitlan,2026-03-24,698550.0,1623150.0,-0.07866396,1.0683892,225,0
atitlan,2026-03-24,698850.0,1623150.0,-0.08036482,0.96401227,225,0
atitlan,2026-03-24,699150.0,1623150.0,-0.080188304,0.9760406,225,0
atitlan,2026-03-24,699450.0,1623150.0,-0.08152205,0.9009699,225,0
atitlan,2026-03-24,699750.0,1623150.0,-0.08269125,0.8233529,225,0
atitlan,2026-03-24,700050.0,1623150.0,-0.08206765,0.8701255,225,0
atitlan,2026-03-24,700350.0,1623150.0,-0.08221086,0.85414225,225,0
atitlan,2026-03-24,700650.0,1623150.0,-0.0806781,0.9410094,225,0
atitlan,2026-03-24,700950.0,1623150.0,-0.08045138,0.9595063,225,0
atitlan,2026-03-24,701250.0,1623150.0,-0.077667825,1.1170449,225,0
atitlan,2026-03-24,701550.0,1623150.0,-0.076543935,1.1895398,225,0
atitlan,2026-03-24,701850.0,1623150.0,-0.07477361,1.290784,225,0
atitlan,2026-03-24,702150.0,1623150.0,-0.07205114,1.4484062,225,0
atitlan,2026-03-24,702450.0,1623150.0,-0.0683139,1.6608965,225,0
atitlan,2026-03-24,702750.0,1623150.0,-0.04253182,2.5250807,225,0
atitlan,2026-03-24,703050.0,1623150.0,0.12655021,6.144548,225,0
atitlan,2026-03-24,703350.0,1623150.0,0.107511096,5.2636533,225,0
atitlan,2026-03-24,703650.0,1623150.0,0.14268064,6.3627505,225,0
atitlan,2026-03-24,703950.0,1623150.0,0.14848077,7.2437286,225,0
atitlan,2026-03-24,704250.0,1623150.0,0.16848963,9.644687,225,0
atitlan,2026-03-24,704550.0,1623150.0,0.15702502,9.486936,225,0
atitlan,2026-03-24,704850.0,1623150.0,0.14064969,7.856499,225,0
atitlan,2026-03-24,705150.0,1623150.0,0.13709858,7.676079,225,0
atitlan,2026-03-24,705450.0,1623150.0,0.12933293,6.2449007,225,0
atitlan,2026-03-24,705750.0,1623150.0,0.1530562,7.075891,225,0
atitlan,2026-03-24,706050.0,1623150.0,0.20667614,9.266687,225,0
atitlan,2026-03-24,706350.0,1623150.0,0.21074446,10.161233,225,0
atitlan,2026-03-24,706650.0,1623150.0,0.22267628,10.675839,225,0
atitlan,2026-03-24,706950.0,1623150.0,0.23775253,10.721411,225,0
atitlan,2026-03-24,707250.0,1623150.0,0.14800803,7.8353753,225,0
atitlan,2026-03-24,707550.0,1623150.0,0.16851339,7.9941516,225,0
atitlan,2026-03-24,707850.0,1623150.0,0.1956632,8.410911,45,0
atitlan,2026-03-24,680250.0,1623450.0,0.27284807,14.479325,180,1
atitlan,2026-03-24,680550.0,1623450.0,0.24957746,12.128557,225,1
atitlan,2026-03-24,680850.0,1623450.0,0.25550118,12.538445,225,1
atitlan,2026-03-24,681150.0,1623450.0,0.25026327,12.279636,225,1
atitlan,2026-03-24,681450.0,1623450.0,0.21825628,11.437983,225,0
atitlan,2026-03-24,681750.0,1623450.0,0.18104456,9.879284,225,0
atitlan,2026-03-24,682050.0,1623450.0,0.18728967,9.484225,225,0
atitlan,2026-03-24,682350.0,1623450.0,0.20607667,9.915993,225,0
atitlan,2026-03-24,682650.0,1623450.0,0.20838425,9.297275,225,0
atitlan,2026-03-24,682950.0,1623450.0,0.2838005,15.622989,225,1
atitlan,2026-03-24,683250.0,1623450.0,0.29233864,16.998213,225,1
atitlan,2026-03-24,683550.0,1623450.0,0.28226876,16.16984,225,1
atitlan,2026-03-24,683850.0,1623450.0,0.30179444,17.528797,225,1
atitlan,2026-03-24,684150.0,1623450.0,0.3229326,21.320019,225,1
atitlan,2026-03-24,684450.0,1623450.0,0.32735375,22.063927,225,1
atitlan,2026-03-24,684750.0,1623450.0,0.29205823,17.238733,225,1
atitlan,2026-03-24,685050.0,1623450.0,0.24130695,11.815058,225,0
atitlan,2026-03-24,685350.0,1623450.0,0.24923615,13.968822,225,1
atitlan,2026-03-24,685650.0,1623450.0,0.26332965,13.9052,225,1
atitlan,2026-03-24,685950.0,1623450.0,0.19210345,8.068522,225,0
atitlan,2026-03-24,686250.0,1623450.0,0.16421841,7.5625668,225,0
atitlan,2026-03-24,686550.0,1623450.0,0.20105474,8.480392,225,0
atitlan,2026-03-24,686850.0,1623450.0,0.17924565,7.544258,225,0
atitlan,2026-03-24,687150.0,1623450.0,0.15806882,6.6251893,225,0
atitlan,2026-03-24,687450.0,1623450.0,0.16458842,7.0036054,225,0
atitlan,2026-03-24,687750.0,1623450.0,0.17737731,7.345871,225,0
atitlan,2026-03-24,688050.0,1623450.0,0.13822828,6.247418,225,0
atitlan,2026-03-24,688350.0,1623450.0,0.1214178,6.360419,225,0
atitlan,2026-03-24,688650.0,1623450.0,0.03740252,4.0758986,225,0
atitlan,2026-03-24,688950.0,1623450.0,-0.04896761,2.1235397,225,0
atitlan,2026-03-24,689250.0,1623450.0,-0.070415616,1.5384008,225,0
atitlan,2026-03-24,689550.0,1623450.0,-0.0751232,1.2779348,225,0
atitlan,2026-03-24,689850.0,1623450.0,-0.07727493,1.1511631,225,0
atitlan,2026-03-24,690150.0,1623450.0,-0.078506365,1.0693616,225,0
atitlan,2026-03-24,690450.0,1623450.0,-0.08050609,0.95162225,225,0
atitlan,2026-03-24,690750.0,1623450.0,-0.07744022,1.1372576,225,0
atitlan,2026-03-24,691050.0,1623450.0,-0.07829849,1.0888447,225,0
atitlan,2026-03-24,691350.0,1623450.0,-0.080677934,0.94269645,225,0
atitlan,2026-03-24,691650.0,1623450.0,-0.082133815,0.8643148,225,0
atitlan,2026-03-24,691950.0,1623450.0,-0.08025329,0.971778,225,0
atitlan,2026-03-24,692250.0,1623450.0,-0.0783369,1.0857383,225,0
atitlan,2026-03-24,692550.0,1623450.0,-0.08175332,0.88730097,225,0
atitlan,2026-03-24,692850.0,1623450.0,-0.0798391,0.9883936,225,0
atitlan,2026-03-24,693150.0,1623450.0,-0.082464166,0.838312,225,0
atitlan,2026-03-24,693450.0,1623450.0,-0.08003266,0.98777425,225,0
atitlan,2026-03-24,693750.0,1623450.0,-0.078933045,1.0511968,225,0
atitlan,2026-03-24,694050.0,1623450.0,-0.07892506,1.0514909,225,0
atitlan,2026-03-24,694350.0,1623450.0,-0.079305574,1.0317765,225,0
atitlan,2026-03-24,694650.0,1623450.0,-0.079616524,1.0048019,225,0
atitlan,2026-03-24,694950.0,1623450.0,-0.078333594,1.0805594,225,0
atitlan,2026-03-24,695250.0,1623450.0,-0.079810746,0.9963025,225,0
atitlan,2026-03-24,695550.0,1623450.0,-0.079126775,1.0446595,225,0
atitlan,2026-03-24,695850.0,1623450.0,-0.0785091,1.069468,225,0
atitlan,2026-03-24,696150.0,1623450.0,-0.07784118,1.1068428,225,0
atitlan,2026-03-24,696450.0,1623450.0,-0.07840157,1.0751154,225,0
atitlan,2026-03-24,696750.0,1623450.0,-0.06485801,1.7709044,225,0
atitlan,2026-03-24,697050.0,1623450.0,-0.07328136,1.3671737,225,0
atitlan,2026-03-24,697350.0,1623450.0,-0.05033078,2.3454063,225,0
atitlan,2026-03-24,697650.0,1623450.0,-0.07579346,1.1971993,225,0
atitlan,2026-03-24,697950.0,1623450.0,-0.08029058,0.97198457,225,0
atitlan,2026-03-24,698250.0,1623450.0,-0.08237172,0.8385474,225,0
atitlan,2026-03-24,698550.0,1623450.0,-0.08309219,0.79248554,225,0
atitlan,2026-03-24,698850.0,1623450.0,-0.084081896,0.7575521,225,0
atitlan,2026-03-24,699150.0,1623450.0,-0.08135357,0.9201964,225,0
atitlan,2026-03-24,699450.0,1623450.0,-0.08114943,0.9165958,225,0
atitlan,2026-03-24,699750.0,1623450.0,-0.08010673,0.9804359,225,0
atitlan,2026-03-24,700050.0,1623450.0,-0.07873478,1.0594003,225,0
atitlan,2026-03-24,700350.0,1623450.0,-0.076953694,1.1652181,225,0
atitlan,2026-03-24,700650.0,1623450.0,-0.07685347,1.1665238,225,0
atitlan,2026-03-24,700950.0,1623450.0,-0.076625325,1.1864598,225,0
atitlan,2026-03-24,701250.0,1623450.0,-0.075293824,1.2656735,225,0
atitlan,2026-03-24,701550.0,1623450.0,-0.07578825,1.237724,225,0
atitlan,2026-03-24,701850.0,1623450.0,-0.07607972,1.2140653,225,0
atitlan,2026-03-24,702150.0,1623450.0,-0.07251497,1.4181521,225,0
atitlan,2026-03-24,702450.0,1623450.0,-0.070703276,1.5240647,225,0
atitlan,2026-03-24,702750.0,1623450.0,0.07121619,5.1589937,225,0
atitlan,2026-03-24,703050.0,1623450.0,0.072487615,4.783531,225,0
atitlan,2026-03-24,703350.0,1623450.0,0.100183465,5.1035953,225,0
atitlan,2026-03-24,703650.0,1623450.0,0.15069178,7.1258965,225,0
atitlan,2026-03-24,703950.0,1623450.0,0.13750313,8.296406,225,0
atitlan,2026-03-24,704250.0,1623450.0,0.15428554,8.671088,225,0
atitlan,2026-03-24,704550.0,1623450.0,0.1620819,8.62396,225,0
atitlan,2026-03-24,704850.0,1623450.0,0.15969121,8.722209,225,0
atitlan,2026-03-24,705150.0,1623450.0,0.16643992,9.741846,225,0
atitlan,2026-03-24,705450.0,1623450.0,0.12246306,6.5779505,225,0
atitlan,2026-03-24,705750.0,1623450.0,0.11549018,5.3788743,225,0
atitlan,2026-03-24,706050.0,1623450.0,0.14817117,6.4487057,225,0
atitlan,2026-03-24,706350.0,1623450.0,0.18845235,7.8548737,225,0
atitlan,2026-03-24,706650.0,1623450.0,0.1931402,8.344385,225,0
atitlan,2026-03-24,706950.0,1623450.0,0.16478963,7.7894216,225,0
atitlan,2026-03-24,707250.0,1623450.0,0.16138874,7.8266926,225,0
atitlan,2026-03-24,707550.0,1623450.0,0.118816435,6.737295,225,0
atitlan,2026-03-24,707850.0,1623450.0,0.09386522,5.530017,45,0
atitlan,2026-03-24,680250.0,1623750.0,0.28523117,16.178482,180,1
atitlan,2026-03-24,680550.0,1623750.0,0.27955535,15.022318,225,1
atitlan,2026-03-24,680850.0,1623750.0,0.28923583,16.151861,225,1
atitlan,2026-03-24,681150.0,1623750.0,0.27575725,14.983617,225,1
atitlan,2026-03-24,681450.0,1623750.0,0.25607446,14.120461,225,1
atitlan,2026-03-24,681750.0,1623750.0,0.24102889,13.902382,225,1
atitlan,2026-03-24,682050.0,1623750.0,0.21452136,11.711972,225,0
atitlan,2026-03-24,682350.0,1623750.0,0.22150198,11.348741,225,0
atitlan,2026-03-24,682650.0,1623750.0,0.16534789,7.0634837,225,0
atitlan,2026-03-24,682950.0,1623750.0,0.16998453,7.3207264,225,0
atitlan,2026-03-24,683250.0,1623750.0,0.22105913,10.5048685,225,0
atitlan,2026-03-24,683550.0,1623750.0,0.28215787,15.880126,225,1
atitlan,2026-03-24,683850.0,1623750.0,0.28242105,16.321602,225,1
atitlan,2026-03-24,684150.0,1623750.0,0.29256535,16.132526,225,1
atitlan,2026-03-24,684450.0,1623750.0,0.29695934,17.586393,225,1
atitlan,2026-03-24,684750.0,1623750.0,0.26757792,13.976036,225,1
atitlan,2026-03-24,685050.0,1623750.0,0.26340717,13.494557,225,1
atitlan,2026-03-24,685350.0,1623750.0,0.22177768,10.325819,225,0
atitlan,2026-03-24,685650.0,1623750.0,0.1911469,8.431642,225,0
atitlan,2026-03-24,685950.0,1623750.0,0.18691798,8.358723,225,0
atitlan,2026-03-24,686250.0,1623750.0,0.15919876,7.057109,225,0
atitlan,2026-03-24,686550.0,1623750.0,0.19177774,8.21065,225,0
atitlan,2026-03-24,686850.0,1623750.0,0.17552258,7.388389,225,0
atitlan,2026-03-24,687150.0,1623750.0,0.15739426,6.6352277,225,0
atitlan,2026-03-24,687450.0,1623750.0,0.14829783,6.795582,225,0
atitlan,2026-03-24,687750.0,1623750.0,0.11502418,5.977903,225,0
atitlan,2026-03-24,688050.0,1623750.0,-0.011189013,3.1859748,225,0
atitlan,2026-03-24,688350.0,1623750.0,-0.05291809,2.099327,225,0
atitlan,2026-03-24,688650.0,1623750.0,-0.069708355,1.5845262,225,0
atitlan,2026-03-24,688950.0,1623750.0,-0.0745473,1.3024757,225,0
atitlan,2026-03-24,689250.0,1623750.0,-0.074939705,1.2828665,225,0
atitlan,2026-03-24,689550.0,1623750.0,-0.078181274,1.0893757,225,0
atitlan,2026-03-24,689850.0,1623750.0,-0.08066103,0.95933145,225,0
atitlan,2026-03-24,690150.0,1623750.0,-0.0798827,1.0017046,225,0
atitlan,2026-03-24,690450.0,1623750.0,-0.08136207,0.9084722,225,0
atitlan,2026-03-24,690750.0,1623750.0,-0.07911675,1.0367306,225,0
atitlan,2026-03-24,691050.0,1623750.0,-0.07832111,1.0819498,225,0
atitlan,2026-03-24,691350.0,1623750.0,-0.08011752,0.97707224,225,0
atitlan,2026-03-24,691650.0,1623750.0,-0.082023144,0.8610433,225,0
atitlan,2026-03-24,691950.0,1623750.0,-0.07990247,0.99054146,225,0
atitlan,2026-03-24,692250.0,1623750.0,-0.08042069,0.96528417,225,0
atitlan,2026-03-24,692550.0,1623750.0,-0.08109892,0.9156971,225,0
atitlan,2026-03-24,692850.0,1623750.0,-0.08027488,0.97288126,225,0
atitlan,2026-03-24,693150.0,1623750.0,-0.08094316,0.93106556,225,0
atitlan,2026-03-24,693450.0,1623750.0,-0.08007555,0.9867055,225,0
atitlan,2026-03-24,693750.0,1623750.0,-0.08123607,0.90556216,225,0
atitlan,2026-03-24,694050.0,1623750.0,-0.081535354,0.90222526,225,0
atitlan,2026-03-24,694350.0,1623750.0,-0.08116194,0.921737,225,0
atitlan,2026-03-24,694650.0,1623750.0,-0.07970872,1.0011274,225,0
atitlan,2026-03-24,694950.0,1623750.0,-0.08002266,0.9842382,225,0
atitlan,2026-03-24,695250.0,1623750.0,-0.08014761,0.9800663,225,0
atitlan,2026-03-24,695550.0,1623750.0,-0.07967494,1.0023378,225,0
atitlan,2026-03-24,695850.0,1623750.0,-0.08160909,0.89211625,225,0
atitlan,2026-03-24,696150.0,1623750.0,-0.08237049,0.84032357,225,0
atitlan,2026-03-24,696450.0,1623750.0,-0.08257238,0.83189195,225,0
atitlan,2026-03-24,696750.0,1623750.0,-0.08267723,0.8295996,225,0
atitlan,2026-03-24,697050.0,1623750.0,-0.08129546,0.90452015,225,0
atitlan,2026-03-24,697350.0,1623750.0,-0.08211135,0.8747383,225,0
atitlan,2026-03-24,697650.0,1623750.0,-0.08092189,0.9224559,225,0
atitlan,2026-03-24,697950.0,1623750.0,-0.08132506,0.90295637,225,0
atitlan,2026-03-24,698250.0,1623750.0,-0.080600716,0.94814575,225,0
atitlan,2026-03-24,698550.0,1623750.0,-0.0807322,0.95221853,225,0
atitlan,2026-03-24,698850.0,1623750.0,-0.07775647,1.116072,225,0
atitlan,2026-03-24,699150.0,1623750.0,-0.07868922,1.0691487,225,0
atitlan,2026-03-24,699450.0,1623750.0,-0.077699654,1.1193677,225,0
atitlan,2026-03-24,699750.0,1623750.0,-0.07683079,1.1777096,225,0
atitlan,2026-03-24,700050.0,1623750.0,-0.07688159,1.1661133,225,0
atitlan,2026-03-24,700350.0,1623750.0,-0.0784188,1.0783123,225,0
atitlan,2026-03-24,700650.0,1623750.0,-0.0797471,0.9979803,225,0
atitlan,2026-03-24,700950.0,1623750.0,-0.077109486,1.1575983,225,0
atitlan,2026-03-24,701250.0,1623750.0,-0.078054056,1.0959175,225,0
atitlan,2026-03-24,701550.0,1623750.0,-0.07532102,1.2561353,225,0
atitlan,2026-03-24,701850.0,1623750.0,-0.074698225,1.2934104,225,0
atitlan,2026-03-24,702150.0,1623750.0,-0.07199136,1.4536622,225,0
atitlan,2026-03-24,702450.0,1623750.0,-0.065638095,1.7888942,225,0
atitlan,2026-03-24,702750.0,1623750.0,0.077672295,5.0581975,225,0
atitlan,2026-03-24,703050.0,1623750.0,0.087510504,5.004856,225,0
atitlan,2026-03-24,703350.0,1623750.0,0.1336092,6.130614,225,0
atitlan,2026-03-24,703650.0,1623750.0,0.1718842,8.8792925,225,0
atitlan,2026-03-24,703950.0,1623750.0,0.08792913,5.5997305,225,0
atitlan,2026-03-24,704250.0,1623750.0,0.16037305,9.189358,225,0
atitlan,2026-03-24,704550.0,1623750.0,0.13514844,7.6023774,225,0
atitlan,2026-03-24,704850.0,1623750.0,0.17164004,9.006301,225,0
atitlan,2026-03-24,705150.0,1623750.0,0.18058622,9.386609,225,0
atitlan,2026-03-24,705450.0,1623750.0,0.16026218,9.04529,225,0
atitlan,2026-03-24,705750.0,1623750.0,0.13841325,6.668458,225,0
atitlan,2026-03-24,706050.0,1623750.0,0.1596433,7.149459,225,0
atitlan,2026-03-24,706350.0,1623750.0,0.1541642,6.597463,225,0
atitlan,2026-03-24,706650.0,1623750.0,0.19610095,7.984753,225,0
atitlan,2026-03-24,706950.0,1623750.0,0.13849743,6.642662,225,0
atitlan,2026-03-24,707250.0,1623750.0,0.110098705,6.126717,225,0
atitlan,2026-03-24,707550.0,1623750.0,0.1697538,7.734148,225,0
atitlan,2026-03-24,707850.0,1623750.0,0.23888172,10.457215,45,0
atitlan,2026-03-24,680250.0,1624050.0,0.29343802,16.81266,180,1
atitlan,2026-03-24,680550.0,1624050.0,0.27129894,13.674312,225,1
atitlan,2026-03-24,680850.0,1624050.0,0.25176224,12.73804,225,1
atitlan,2026-03-24,681150.0,1624050.0,0.24052301,11.622006,225,0
atitlan,2026-03-24,681450.0,1624050.0,0.2639158,14.153872,225,1
atitlan,2026-03-24,681750.0,1624050.0,0.21909307,12.29229,225,1
atitlan,2026-03-24,682050.0,1624050.0,0.27699253,15.596334,225,1
atitlan,2026-03-24,682350.0,1624050.0,0.27339923,14.225444,225,1
atitlan,2026-03-24,682650.0,1624050.0,0.16674511,7.7613273,225,0
atitlan,2026-03-24,682950.0,1624050.0,0.1550356,6.2951427,225,0
atitlan,2026-03-24,683250.0,1624050.0,0.18356426,7.85874,225,0
atitlan,2026-03-24,683550.0,1624050.0,0.23938568,12.2595215,225,1
atitlan,2026-03-24,683850.0,1624050.0,0.27348003,15.09456,225,1
atitlan,2026-03-24,684150.0,1624050.0,0.2886305,16.461233,225,1
atitlan,2026-03-24,684450.0,1624050.0,0.27049485,14.091137,225,1
atitlan,2026-03-24,684750.0,1624050.0,0.27368703,14.627255,225,1
atitlan,2026-03-24,685050.0,1624050.0,0.263365,13.923629,225,1
atitlan,2026-03-24,685350.0,1624050.0,0.22543316,10.22096,225,0
atitlan,2026-03-24,685650.0,1624050.0,0.18198374,7.6860147,225,0
atitlan,2026-03-24,685950.0,1624050.0,0.17278278,8.468208,225,0
atitlan,2026-03-24,686250.0,1624050.0,0.14919975,6.9233403,225,0
atitlan,2026-03-24,686550.0,1624050.0,0.1509169,7.130874,225,0
atitlan,2026-03-24,686850.0,1624050.0,0.15878095,7.371341,225,0
atitlan,2026-03-24,687150.0,1624050.0,0.13618611,6.310498,225,0
atitlan,2026-03-24,687450.0,1624050.0,0.072432265,5.5937743,225,0
atitlan,2026-03-24,687750.0,1624050.0,-0.043123927,2.444064,225,0
atitlan,2026-03-24,688050.0,1624050.0,-0.07162098,1.4705999,225,0
atitlan,2026-03-24,688350.0,1624050.0,-0.07344066,1.3665171,225,0
atitlan,2026-03-24,688650.0,1624050.0,-0.073539615,1.3587172,225,0
atitlan,2026-03-24,688950.0,1624050.0,-0.07748908,1.13144,225,0
atitlan,2026-03-24,689250.0,1624050.0,-0.07647045,1.1863554,225,0
atitlan,2026-03-24,689550.0,1624050.0,-0.07700198,1.1620474,225,0
atitlan,2026-03-24,689850.0,1624050.0,-0.079202704,1.0320549,225,0
atitlan,2026-03-24,690150.0,1624050.0,-0.079413265,1.0191088,225,0
atitlan,2026-03-24,690450.0,1624050.0,-0.0799025,0.98923093,225,0
atitlan,2026-03-24,690750.0,1624050.0,-0.079868354,0.98230624,225,0
atitlan,2026-03-24,691050.0,1624050.0,-0.07985886,0.9921315,225,0
atitlan,2026-03-24,691350.0,1624050.0,-0.07792194,1.1115159,225,0
atitlan,2026-03-24,691650.0,1624050.0,-0.08199134,0.86814684,225,0
atitlan,2026-03-24,691950.0,1624050.0,-0.080220684,0.9755671,225,0
atitlan,2026-03-24,692250.0,1624050.0,-0.080798835,0.9316849,225,0
atitlan,2026-03-24,692550.0,1624050.0,-0.08008052,0.98142165,225,0
atitlan,2026-03-24,692850.0,1624050.0,-0.08194798,0.8619591,225,0
atitlan,2026-03-24,693150.0,1624050.0,-0.07981459,0.99393743,225,0
atitlan,2026-03-24,693450.0,1624050.0,-0.07965002,1.0148997,225,0
atitlan,2026-03-24,693750.0,1624050.0,-0.081035554,0.93647826,225,0
atitlan,2026-03-24,694050.0,1624050.0,-0.08189845,0.87859803,225,0
atitlan,2026-03-24,694350.0,1624050.0,-0.08252224,0.8389273,225,0
atitlan,2026-03-24,694650.0,1624050.0,-0.082281366,0.8562849,225,0
atitlan,2026-03-24,694950.0,1624050.0,-0.08224839,0.8525667,225,0
atitlan,2026-03-24,695250.0,1624050.0,-0.081694104,0.8939161,225,0
atitlan,2026-03-24,695550.0,1624050.0,-0.08039534,0.95997834,225,0
atitlan,2026-03-24,695850.0,1624050.0,-0.08138674,0.9036451,225,0
atitlan,2026-03-24,696150.0,1624050.0,-0.08010996,0.9755659,225,0
atitlan,2026-03-24,696450.0,1624050.0,-0.07882686,1.0592304,225,0
atitlan,2026-03-24,696750.0,1624050.0,-0.079606965,1.0130866,225,0
atitlan,2026-03-24,697050.0,1624050.0,-0.07887234,1.052422,225,0
atitlan,2026-03-24,697350.0,1624050.0,-0.07865351,1.06012,225,0
atitlan,2026-03-24,697650.0,1624050.0,-0.07856909,1.067206,225,0
atitlan,2026-03-24,697950.0,1624050.0,-0.080324486,0.9665551,225,0
atitlan,2026-03-24,698250.0,1624050.0,-0.07922167,1.03672,225,0
atitlan,2026-03-24,698550.0,1624050.0,-0.08053098,0.94946253,225,0
atitlan,2026-03-24,698850.0,1624050.0,-0.078709,1.0672005,225,0
atitlan,2026-03-24,699150.0,1624050.0,-0.079013065,1.0463915,225,0
atitlan,2026-03-24,699450.0,1624050.0,-0.078374125,1.0786555,225,0
atitlan,2026-03-24,699750.0,1624050.0,-0.077873625,1.1087347,225,0
atitlan,2026-03-24,700050.0,1624050.0,-0.07699929,1.1636037,225,0
atitlan,2026-03-24,700350.0,1624050.0,-0.07799932,1.0998656,225,0
atitlan,2026-03-24,700650.0,1624050.0,-0.07880081,1.0585475,225,0
atitlan,2026-03-24,700950.0,1624050.0,-0.07574253,1.2413445,225,0
atitlan,2026-03-24,701250.0,1624050.0,-0.07660239,1.1920096,225,0
atitlan,2026-03-24,701550.0,1624050.0,-0.075685695,1.2358434,225,0
atitlan,2026-03-24,701850.0,1624050.0,-0.075009175,1.2729052,225,0
atitlan,2026-03-24,702150.0,1624050.0,-0.072473034,1.4276131,225,0
atitlan,2026-03-24,702450.0,1624050.0,-0.051059026,2.1656413,225,0
atitlan,2026-03-24,702750.0,1624050.0,0.08543493,5.191091,225,0
atitlan,2026-03-24,703050.0,1624050.0,0.10177399,5.226036,225,0
atitlan,2026-03-24,703350.0,1624050.0,0.14894788,7.1220775,225,0
atitlan,2026-03-24,703650.0,1624050.0,0.15844883,8.096677,225,0
atitlan,2026-03-24,703950.0,1624050.0,0.1172969,6.734108,225,0
atitlan,2026-03-24,704250.0,1624050.0,0.11980648,6.5246983,225,0
atitlan,2026-03-24,704550.0,1624050.0,0.12916434,7.1948433,225,0
atitlan,2026-03-24,704850.0,1624050.0,0.16013877,8.267117,225,0
atitlan,2026-03-24,705150.0,1624050.0,0.124672756,6.041496,225,0
atitlan,2026-03-24,705450.0,1624050.0,0.11853324,6.4394345,225,0
atitlan,2026-03-24,705750.0,1624050.0,0.13839272,7.5791945,225,0
atitlan,2026-03-24,706050.0,1624050.0,0.13009779,6.497074,225,0
atitlan,2026-03-24,706350.0,1624050.0,0.12578821,5.863341,225,0
atitlan,2026-03-24,706650.0,1624050.0,0.1462311,6.2993608,225,0
atitlan,2026-03-24,706950.0,1624050.0,0.19329731,8.227304,225,0
atitlan,2026-03-24,707250.0,1624050.0,0.1823936,8.100759,225,0
atitlan,2026-03-24,707550.0,1624050.0,0.18011712,9.122822,225,0
atitlan,2026-03-24,707850.0,1624050.0,0.15511313,7.928411,45,0
atitlan,2026-03-24,680250.0,1624350.0,0.27172107,14.30455,180,1
atitlan,2026-03-24,680550.0,1624350.0,0.25031298,12.127165,225,1
atitlan,2026-03-24,680850.0,1624350.0,0.24959359,13.0569,225,1
atitlan,2026-03-24,681150.0,1624350.0,0.22416914,12.4768305,225,1
atitlan,2026-03-24,681450.0,1624350.0,0.26100728,16.335316,225,1
atitlan,2026-03-24,681750.0,1624350.0,0.15907219,8.70586,225,0
atitlan,2026-03-24,682050.0,1624350.0,0.25832385,14.042306,225,1
atitlan,2026-03-24,682350.0,1624350.0,0.21918847,11.644645,225,0
atitlan,2026-03-24,682650.0,1624350.0,0.18868203,9.533242,225,0
atitlan,2026-03-24,682950.0,1624350.0,0.18638304,8.062346,225,0
atitlan,2026-03-24,683250.0,1624350.0,0.17735854,7.477138,225,0
atitlan,2026-03-24,683550.0,1624350.0,0.1803448,7.7452855,225,0
atitlan,2026-03-24,683850.0,1624350.0,0.22948976,10.827114,225,0
atitlan,2026-03-24,684150.0,1624350.0,0.25004518,12.121404,225,1
atitlan,2026-03-24,684450.0,1624350.0,0.25729117,12.442161,225,1
atitlan,2026-03-24,684750.0,1624350.0,0.25065815,12.041255,225,1
atitlan,2026-03-24,685050.0,1624350.0,0.20032431,8.756742,225,0
atitlan,2026-03-24,685350.0,1624350.0,0.19991182,8.557657,225,0
atitlan,2026-03-24,685650.0,1624350.0,0.1417098,7.132899,225,0
atitlan,2026-03-24,685950.0,1624350.0,0.16145197,7.9343414,225,0
atitlan,2026-03-24,686250.0,1624350.0,0.15109497,6.697329,225,0
atitlan,2026-03-24,686550.0,1624350.0,0.13426797,6.4507117,225,0
atitlan,2026-03-24,686850.0,1624350.0,0.1143735,6.567035,225,0
atitlan,2026-03-24,687150.0,1624350.0,0.053859506,4.6887274,225,0
atitlan,2026-03-24,687450.0,1624350.0,-0.03678479,2.5122528,225,0
atitlan,2026-03-24,687750.0,1624350.0,-0.07110357,1.5126789,225,0
atitlan,2026-03-24,688050.0,1624350.0,-0.07461802,1.3080378,225,0
atitlan,2026-03-24,688350.0,1624350.0,-0.07607134,1.2159956,225,0
atitlan,2026-03-24,688650.0,1624350.0,-0.075781524,1.2351907,225,0
atitlan,2026-03-24,688950.0,1624350.0,-0.07708715,1.1574707,225,0
atitlan,2026-03-24,689250.0,1624350.0,-0.07702544,1.158648,225,0
atitlan,2026-03-24,689550.0,1624350.0,-0.077445574,1.142854,225,0
atitlan,2026-03-24,689850.0,1624350.0,-0.08040305,0.9691582,225,0
atitlan,2026-03-24,690150.0,1624350.0,-0.08008226,0.98604167,225,0
atitlan,2026-03-24,690450.0,1624350.0,-0.08085556,0.9362631,225,0
atitlan,2026-03-24,690750.0,1624350.0,-0.07942628,1.0150701,225,0
atitlan,2026-03-24,691050.0,1624350.0,-0.07976543,0.9905503,225,0
atitlan,2026-03-24,691350.0,1624350.0,-0.08058707,0.94831467,225,0
atitlan,2026-03-24,691650.0,1624350.0,-0.079553284,1.0104094,225,0
atitlan,2026-03-24,691950.0,1624350.0,-0.078113064,1.099902,225,0
atitlan,2026-03-24,692250.0,1624350.0,-0.08188708,0.8759163,225,0
atitlan,2026-03-24,692550.0,1624350.0,-0.081125975,0.9220996,225,0
atitlan,2026-03-24,692850.0,1624350.0,-0.08329894,0.7951875,225,0
atitlan,2026-03-24,693150.0,1624350.0,-0.08029685,0.9598881,225,0
atitlan,2026-03-24,693450.0,1624350.0,-0.082065396,0.86438185,225,0
atitlan,2026-03-24,693750.0,1624350.0,-0.08285601,0.82526606,225,0
atitlan,2026-03-24,694050.0,1624350.0,-0.08080229,0.9463173,225,0
atitlan,2026-03-24,694350.0,1624350.0,-0.07969419,1.0092483,225,0
atitlan,2026-03-24,694650.0,1624350.0,-0.07866708,1.0676574,225,0
atitlan,2026-03-24,694950.0,1624350.0,-0.079435326,1.0185165,225,0
atitlan,2026-03-24,695250.0,1624350.0,-0.07749255,1.1283822,225,0
atitlan,2026-03-24,695550.0,1624350.0,-0.07667733,1.1776726,225,0
atitlan,2026-03-24,695850.0,1624350.0,-0.077890515,1.1062372,225,0
atitlan,2026-03-24,696150.0,1624350.0,-0.07966757,1.0065795,225,0
atitlan,2026-03-24,696450.0,1624350.0,-0.081035614,0.9323318,225,0
atitlan,2026-03-24,696750.0,1624350.0,-0.08182011,0.8790248,225,0
atitlan,2026-03-24,697050.0,1624350.0,-0.08106,0.9332329,225,0
atitlan,2026-03-24,697350.0,1624350.0,-0.081415705,0.88970673,225,0
atitlan,2026-03-24,697650.0,1624350.0,-0.08091275,0.9323155,225,0
atitlan,2026-03-24,697950.0,1624350.0,-0.08049001,0.96015835,225,0
atitlan,2026-03-24,698250.0,1624350.0,-0.07666295,1.1783682,225,0
atitlan,2026-03-24,698550.0,1624350.0,-0.07914902,1.0350507,225,0
atitlan,2026-03-24,698850.0,1624350.0,-0.077432446,1.1336725,225,0
atitlan,2026-03-24,699150.0,1624350.0,-0.078903325,1.0385107,225,0
atitlan,2026-03-24,699450.0,1624350.0,-0.07801228,1.0997413,225,0
atitlan,2026-03-24,699750.0,1624350.0,-0.07800375,1.1066571,225,0
atitlan,2026-03-24,700050.0,1624350.0,-0.076479346,1.1908118,225,0
atitlan,2026-03-24,700350.0,1624350.0,-0.078067034,1.0917094,225,0
atitlan,2026-03-24,700650.0,1624350.0,-0.078167886,1.093484,225,0
atitlan,2026-03-24,700950.0,1624350.0,-0.077715315,1.1226473,225,0
atitlan,2026-03-24,701250.0,1624350.0,-0.07867002,1.0532761,225,0
atitlan,2026-03-24,701550.0,1624350.0,-0.07798256,1.0996264,225,0
atitlan,2026-03-24,701850.0,1624350.0,-0.077153906,1.1521845,225,0
atitlan,2026-03-24,702150.0,1624350.0,-0.0727798,1.4008832,225,0
atitlan,2026-03-24,702450.0,1624350.0,-0.02797582,2.8259196,225,0
atitlan,2026-03-24,702750.0,1624350.0,0.095201634,5.6766896,225,0
atitlan,2026-03-24,703050.0,1624350.0,0.096961975,5.0886755,225,0
atitlan,2026-03-24,703350.0,1624350.0,0.13042457,6.2768955,225,0
atitlan,2026-03-24,703650.0,1624350.0,0.18621379,9.305099,225,0
atitlan,2026-03-24,703950.0,1624350.0,0.20023417,8.99288,225,0
atitlan,2026-03-24,704250.0,1624350.0,0.14311439,7.3151417,225,0
atitlan,2026-03-24,704550.0,1624350.0,0.16497925,8.295332,225,0
atitlan,2026-03-24,704850.0,1624350.0,0.1370036,6.739788,225,0
atitlan,2026-03-24,705150.0,1624350.0,0.096346006,5.6815734,225,0
atitlan,2026-03-24,705450.0,1624350.0,0.13663104,6.5165033,225,0
atitlan,2026-03-24,705750.0,1624350.0,0.08280849,5.2937694,225,0
atitlan,2026-03-24,706050.0,1624350.0,0.09083786,5.423455,225,0
atitlan,2026-03-24,706350.0,1624350.0,0.09712691,5.7087407,225,0
atitlan,2026-03-24,706650.0,1624350.0,0.14378493,6.1524158,225,0
atitlan,2026-03-24,706950.0,1624350.0,0.17594083,7.188997,225,0
atitlan,2026-03-24,707250.0,1624350.0,0.17731453,7.243322,225,0
atitlan,2026-03-24,707550.0,1624350.0,0.10448727,7.1188836,225,0
atitlan,2026-03-24,707850.0,1624350.0,0.10303241,5.891304,45,0
atitlan,2026-03-24,680250.0,1624650.0,0.29891223,17.109356,180,1
atitlan,2026-03-24,680550.0,1624650.0,0.254713,13.389374,225,1
atitlan,2026-03-24,680850.0,1624650.0,0.23507312,11.779304,225,0
atitlan,2026-03-24,681150.0,1624650.0,0.20977744,10.622634,225,0
atitlan,2026-03-24,681450.0,1624650.0,0.23452748,12.378261,225,1
atitlan,2026-03-24,681750.0,1624650.0,0.18779321,10.941681,225,0
atitlan,2026-03-24,682050.0,1624650.0,0.23201166,12.246428,225,1
atitlan,2026-03-24,682350.0,1624650.0,0.22499825,12.347734,225,1
atitlan,2026-03-24,682650.0,1624650.0,0.18875353,7.9843826,225,0
atitlan,2026-03-24,682950.0,1624650.0,0.19765542,8.503923,225,0
atitlan,2026-03-24,683250.0,1624650.0,0.1968451,8.291735,225,0
atitlan,2026-03-24,683550.0,1624650.0,0.20790385,8.95531,225,0
atitlan,2026-03-24,683850.0,1624650.0,0.17466955,8.52392,225,0
atitlan,2026-03-24,684150.0,1624650.0,0.17808877,8.017816,225,0
atitlan,2026-03-24,684450.0,1624650.0,0.17859086,9.068437,225,0
atitlan,2026-03-24,684750.0,1624650.0,0.21600117,9.066468,225,0
atitlan,2026-03-24,685050.0,1624650.0,0.17117639,7.0440755,225,0
atitlan,2026-03-24,685350.0,1624650.0,0.14969908,7.101072,225,0
atitlan,2026-03-24,685650.0,1624650.0,0.09762234,6.1840496,225,0
atitlan,2026-03-24,685950.0,1624650.0,0.092827335,5.8243318,225,0
atitlan,2026-03-24,686250.0,1624650.0,0.055315427,4.761938,225,0
atitlan,2026-03-24,686550.0,1624650.0,0.074049965,6.1681013,225,0
atitlan,2026-03-24,686850.0,1624650.0,0.09745629,5.9827347,225,0
atitlan,2026-03-24,687150.0,1624650.0,-0.04757388,2.3004684,225,0
atitlan,2026-03-24,687450.0,1624650.0,-0.072114505,1.450645,225,0
atitlan,2026-03-24,687750.0,1624650.0,-0.07349347,1.3790224,225,0
atitlan,2026-03-24,688050.0,1624650.0,-0.077627294,1.132304,225,0
atitlan,2026-03-24,688350.0,1624650.0,-0.07773117,1.1168395,225,0
atitlan,2026-03-24,688650.0,1624650.0,-0.07897509,1.0424376,225,0
atitlan,2026-03-24,688950.0,1624650.0,-0.079671025,1.0039527,225,0
atitlan,2026-03-24,689250.0,1624650.0,-0.07879394,1.055374,225,0
atitlan,2026-03-24,689550.0,1624650.0,-0.07952732,1.0102447,225,0
atitlan,2026-03-24,689850.0,1624650.0,-0.08149807,0.90114516,225,0
atitlan,2026-03-24,690150.0,1624650.0,-0.080987066,0.9256129,225,0
atitlan,2026-03-24,690450.0,1624650.0,-0.08144367,0.90267944,225,0
atitlan,2026-03-24,690750.0,1624650.0,-0.081151895,0.9211071,225,0
atitlan,2026-03-24,691050.0,1624650.0,-0.08192123,0.86605227,225,0
atitlan,2026-03-24,691350.0,1624650.0,-0.08447467,0.722039,225,0
atitlan,2026-03-24,691650.0,1624650.0,-0.08308589,0.8193015,225,0
atitlan,2026-03-24,691950.0,1624650.0,-0.07911928,1.0338514,225,0
atitlan,2026-03-24,692250.0,1624650.0,-0.0802366,0.96166366,225,0
atitlan,2026-03-24,692550.0,1624650.0,-0.081226125,0.90579087,225,0
atitlan,2026-03-24,692850.0,1624650.0,-0.077565804,1.1378508,225,0
atitlan,2026-03-24,693150.0,1624650.0,-0.07800289,1.1040708,225,0
atitlan,2026-03-24,693450.0,1624650.0,-0.07655229,1.1851975,225,0
atitlan,2026-03-24,693750.0,1624650.0,-0.07730448,1.1404014,225,0
atitlan,2026-03-24,694050.0,1624650.0,-0.07642653,1.193466,225,0
atitlan,2026-03-24,694350.0,1624650.0,-0.0755639,1.2486151,225,0
atitlan,2026-03-24,694650.0,1624650.0,-0.07666658,1.1766837,225,0
atitlan,2026-03-24,694950.0,1624650.0,-0.0772314,1.1493912,225,0
atitlan,2026-03-24,695250.0,1624650.0,-0.07654938,1.1851141,225,0
atitlan,2026-03-24,695550.0,1624650.0,-0.07827979,1.089571,225,0
atitlan,2026-03-24,695850.0,1624650.0,-0.079352446,1.0213854,225,0
atitlan,2026-03-24,696150.0,1624650.0,-0.08084723,0.9429876,225,0
atitlan,2026-03-24,696450.0,1624650.0,-0.078750074,1.0610528,225,0
atitlan,2026-03-24,696750.0,1624650.0,-0.07904347,1.047966,225,0
atitlan,2026-03-24,697050.0,1624650.0,-0.083217375,0.7867423,225,0
atitlan,2026-03-24,697350.0,1624650.0,-0.07987701,0.99078435,225,0
atitlan,2026-03-24,697650.0,1624650.0,-0.08221025,0.8628731,225,0
atitlan,2026-03-24,697950.0,1624650.0,-0.080748886,0.9434288,225,0
atitlan,2026-03-24,698250.0,1624650.0,-0.07855325,1.085615,225,0
atitlan,2026-03-24,698550.0,1624650.0,-0.0816739,0.88002634,225,0
atitlan,2026-03-24,698850.0,1624650.0,-0.08114629,0.92555773,225,0
atitlan,2026-03-24,699150.0,1624650.0,-0.079782404,0.9984459,225,0
atitlan,2026-03-24,699450.0,1624650.0,-0.0801516,0.976512,225,0
atitlan,2026-03-24,699750.0,1624650.0,-0.08189088,0.8902836,225,0
atitlan,2026-03-24,700050.0,1624650.0,-0.08136354,0.89989537,225,0
atitlan,2026-03-24,700350.0,1624650.0,-0.08064701,0.95113903,225,0
atitlan,2026-03-24,700650.0,1624650.0,-0.079299964,1.0191694,225,0
atitlan,2026-03-24,700950.0,1624650.0,-0.07788836,1.1006298,225,0
atitlan,2026-03-24,701250.0,1624650.0,-0.07441688,1.3137542,225,0
atitlan,2026-03-24,701550.0,1624650.0,-0.07313896,1.3839337,225,0
atitlan,2026-03-24,701850.0,1624650.0,-0.0714677,1.4769441,225,0
atitlan,2026-03-24,702150.0,1624650.0,-0.070627265,1.5246989,225,0
atitlan,2026-03-24,702450.0,1624650.0,-0.0401074,2.5703669,225,0
atitlan,2026-03-24,702750.0,1624650.0,0.091272235,6.1319714,225,0
atitlan,2026-03-24,703050.0,1624650.0,0.12818702,5.8132176,225,0
atitlan,2026-03-24,703350.0,1624650.0,0.1446856,6.1228213,225,0
atitlan,2026-03-24,703650.0,1624650.0,0.15205851,6.999481,225,0
atitlan,2026-03-24,703950.0,1624650.0,0.17082584,7.951631,225,0
atitlan,2026-03-24,704250.0,1624650.0,0.20930542,9.900083,225,0
atitlan,2026-03-24,704550.0,1624650.0,0.1927688,9.387645,225,0
atitlan,2026-03-24,704850.0,1624650.0,0.19150507,9.029172,225,0
atitlan,2026-03-24,705150.0,1624650.0,0.123469055,8.78615,225,0
atitlan,2026-03-24,705450.0,1624650.0,0.11340863,6.0972114,225,0
atitlan,2026-03-24,705750.0,1624650.0,0.10904774,5.786456,225,0
atitlan,2026-03-24,706050.0,1624650.0,0.09241509,5.197513,225,0
atitlan,2026-03-24,706350.0,1624650.0,0.0969631,5.8469114,225,0
atitlan,2026-03-24,706650.0,1624650.0,0.15301728,6.3414025,225,0
atitlan,2026-03-24,706950.0,1624650.0,0.18850856,7.655229,225,0
atitlan,2026-03-24,707250.0,1624650.0,0.13381477,6.7965155,225,0
atitlan,2026-03-24,707550.0,1624650.0,0.13282509,7.3305717,225,0
atitlan,2026-03-24,707850.0,1624650.0,0.13928914,7.1642423,45,0
atitlan,2026-03-24,680250.0,1624950.0,0.2841041,16.432169,180,1
atitlan,2026-03-24,680550.0,1624950.0,0.22146279,13.03996,225,1
atitlan,2026-03-24,680850.0,1624950.0,0.22875081,11.906332,225,0
atitlan,2026-03-24,681150.0,1624950.0,0.23700644,13.737588,225,1
atitlan,2026-03-24,681450.0,1624950.0,0.2314278,12.065838,225,1
atitlan,2026-03-24,681750.0,1624950.0,0.19192769,10.919972,225,0
atitlan,2026-03-24,682050.0,1624950.0,0.21271184,10.453535,225,0
atitlan,2026-03-24,682350.0,1624950.0,0.16328475,7.5764275,225,0
atitlan,2026-03-24,682650.0,1624950.0,0.19583198,8.245031,225,0
atitlan,2026-03-24,682950.0,1624950.0,0.21620727,9.835352,225,0
atitlan,2026-03-24,683250.0,1624950.0,0.1973143,8.180944,225,0
atitlan,2026-03-24,683550.0,1624950.0,0.17966068,7.8467636,225,0
atitlan,2026-03-24,683850.0,1624950.0,0.14479733,7.171319,224,0
atitlan,2026-03-24,684150.0,1624950.0,0.10080924,7.5287323,225,0
atitlan,2026-03-24,684450.0,1624950.0,0.062241677,4.9325356,225,0
atitlan,2026-03-24,684750.0,1624950.0,0.12523249,6.632269,225,0
atitlan,2026-03-24,685050.0,1624950.0,0.18145134,7.9841805,225,0
atitlan,2026-03-24,685350.0,1624950.0,0.15422586,7.479713,225,0
atitlan,2026-03-24,685650.0,1624950.0,0.077609345,5.870938,225,0
atitlan,2026-03-24,685950.0,1624950.0,0.03542512,4.3593655,225,0
atitlan,2026-03-24,686250.0,1624950.0,0.04148391,4.416255,225,0
atitlan,2026-03-24,686550.0,1624950.0,0.07637837,5.095816,225,0
atitlan,2026-03-24,686850.0,1624950.0,-0.029727645,2.732668,225,0
atitlan,2026-03-24,687150.0,1624950.0,-0.070628546,1.5384086,225,0
atitlan,2026-03-24,687450.0,1624950.0,-0.075116426,1.2832077,225,0
atitlan,2026-03-24,687750.0,1624950.0,-0.075964086,1.232525,225,0
atitlan,2026-03-24,688050.0,1624950.0,-0.07940195,1.0259125,225,0
atitlan,2026-03-24,688350.0,1624950.0,-0.079244435,1.0308527,225,0
atitlan,2026-03-24,688650.0,1624950.0,-0.080469444,0.95868975,225,0
atitlan,2026-03-24,688950.0,1624950.0,-0.08128557,0.9141111,225,0
atitlan,2026-03-24,689250.0,1624950.0,-0.08156273,0.8903365,225,0
atitlan,2026-03-24,689550.0,1624950.0,-0.080726914,0.9409695,225,0
atitlan,2026-03-24,689850.0,1624950.0,-0.081325606,0.90258056,225,0
atitlan,2026-03-24,690150.0,1624950.0,-0.0807652,0.94358927,225,0
atitlan,2026-03-24,690450.0,1624950.0,-0.08062667,0.9527268,225,0
atitlan,2026-03-24,690750.0,1624950.0,-0.07944351,1.0124502,225,0
atitlan,2026-03-24,691050.0,1624950.0,-0.080190144,0.9804227,225,0
atitlan,2026-03-24,691350.0,1624950.0,-0.07992572,0.985297,225,0
atitlan,2026-03-24,691650.0,1624950.0,-0.07874992,1.0518953,225,0
atitlan,2026-03-24,691950.0,1624950.0,-0.07880215,1.0494201,225,0
atitlan,2026-03-24,692250.0,1624950.0,-0.07698992,1.1593723,225,0
atitlan,2026-03-24,692550.0,1624950.0,-0.079411045,1.0169705,225,0
atitlan,2026-03-24,692850.0,1624950.0,-0.07667869,1.1813618,225,0
atitlan,2026-03-24,693150.0,1624950.0,-0.07803009,1.1021177,225,0
atitlan,2026-03-24,693450.0,1624950.0,-0.07699055,1.1614627,225,0
atitlan,2026-03-24,693750.0,1624950.0,-0.07718183,1.148759,225,0
atitlan,2026-03-24,694050.0,1624950.0,-0.07633386,1.2075868,225,0
atitlan,2026-03-24,694350.0,1624950.0,-0.0778569,1.1085407,225,0
atitlan,2026-03-24,694650.0,1624950.0,-0.07631923,1.2011092,225,0
atitlan,2026-03-24,694950.0,1624950.0,-0.07540673,1.2504803,225,0
atitlan,2026-03-24,695250.0,1624950.0,-0.07851215,1.0684375,225,0
atitlan,2026-03-24,695550.0,1624950.0,-0.0782,1.0875623,225,0
atitlan,2026-03-24,695850.0,1624950.0,-0.078893796,1.052088,225,0
atitlan,2026-03-24,696150.0,1624950.0,-0.081808865,0.88572925,225,0
atitlan,2026-03-24,696450.0,1624950.0,-0.08224051,0.84893554,225,0
atitlan,2026-03-24,696750.0,1624950.0,-0.08117696,0.91038936,225,0
atitlan,2026-03-24,697050.0,1624950.0,-0.083904594,0.7550238,225,0
atitlan,2026-03-24,697350.0,1624950.0,-0.081769936,0.8900891,225,0
atitlan,2026-03-24,697650.0,1624950.0,-0.08269331,0.83332497,225,0
atitlan,2026-03-24,697950.0,1624950.0,-0.08376145,0.78505236,225,0
atitlan,2026-03-24,698250.0,1624950.0,-0.08176549,0.88716984,225,0
atitlan,2026-03-24,698550.0,1624950.0,-0.084115,0.7568807,225,0
atitlan,2026-03-24,698850.0,1624950.0,-0.08103705,0.9267716,225,0
atitlan,2026-03-24,699150.0,1624950.0,-0.079202525,1.043561,225,0
atitlan,2026-03-24,699450.0,1624950.0,-0.07911804,1.0362123,225,0
atitlan,2026-03-24,699750.0,1624950.0,-0.078986876,1.0441866,225,0
atitlan,2026-03-24,700050.0,1624950.0,-0.07682938,1.172025,225,0
atitlan,2026-03-24,700350.0,1624950.0,-0.07850334,1.0752195,225,0
atitlan,2026-03-24,700650.0,1624950.0,-0.07580626,1.2314559,225,0
atitlan,2026-03-24,700950.0,1624950.0,-0.077056885,1.15866,225,0
atitlan,2026-03-24,701250.0,1624950.0,-0.07727051,1.1472188,225,0
atitlan,2026-03-24,701550.0,1624950.0,-0.07634879,1.2005928,225,0
atitlan,2026-03-24,701850.0,1624950.0,-0.07452478,1.3061002,225,0
atitlan,2026-03-24,702150.0,1624950.0,-0.070148736,1.556162,225,0
atitlan,2026-03-24,702450.0,1624950.0,-0.06557383,1.7943193,225,0
atitlan,2026-03-24,702750.0,1624950.0,0.05438933,4.9159646,225,0
atitlan,2026-03-24,703050.0,1624950.0,0.114334054,5.597962,225,0
atitlan,2026-03-24,703350.0,1624950.0,0.12494255,5.806597,225,0
atitlan,2026-03-24,703650.0,1624950.0,0.12621796,6.190856,225,0
atitlan,2026-03-24,703950.0,1624950.0,0.14274487,7.2968636,225,0
atitlan,2026-03-24,704250.0,1624950.0,0.143676,7.444579,225,0
atitlan,2026-03-24,704550.0,1624950.0,0.12948349,6.742316,225,0
atitlan,2026-03-24,704850.0,1624950.0,0.14079781,6.8819823,225,0
atitlan,2026-03-24,705150.0,1624950.0,0.09738861,5.68448,225,0
atitlan,2026-03-24,705450.0,1624950.0,0.15221967,7.497077,225,0
atitlan,2026-03-24,705750.0,1624950.0,0.12352459,6.750941,225,0
atitlan,2026-03-24,706050.0,1624950.0,0.12339032,6.2600465,225,0
atitlan,2026-03-24,706350.0,1624950.0,0.13750942,6.5531993,225,0
atitlan,2026-03-24,706650.0,1624950.0,0.16831064,7.2953043,225,0
atitlan,2026-03-24,706950.0,1624950.0,0.18642169,7.631868,225,0
atitlan,2026-03-24,707250.0,1624950.0,0.14163755,6.6761365,225,0
atitlan,2026-03-24,707550.0,1624950.0,0.13396117,6.9852242,225,0
atitlan,2026-03-24,707850.0,1624950.0,0.1462675,6.9158306,45,0
atitlan,2026-03-24,680250.0,1625250.0,0.25968507,13.693591,180,1
atitlan,2026-03-24,680550.0,1625250.0,0.25317073,15.257539,225,1
atitlan,2026-03-24,680850.0,1625250.0,0.23468229,13.297004,225,1
atitlan,2026-03-24,681150.0,1625250.0,0.26444742,14.856598,225,1
atitlan,2026-03-24,681450.0,1625250.0,0.24671763,12.954254,225,1
atitlan,2026-03-24,681750.0,1625250.0,0.21740976,10.780716,225,0
atitlan,2026-03-24,682050.0,1625250.0,0.2460557,12.927342,225,1
atitlan,2026-03-24,682350.0,1625250.0,0.23108837,12.064343,225,1
atitlan,2026-03-24,682650.0,1625250.0,0.17799477,7.568735,225,0
atitlan,2026-03-24,682950.0,1625250.0,0.21965158,9.998077,225,0
atitlan,2026-03-24,683250.0,1625250.0,0.22240217,9.404439,225,0
atitlan,2026-03-24,683550.0,1625250.0,0.16423534,7.392058,225,0
atitlan,2026-03-24,683850.0,1625250.0,0.093040206,5.783887,225,0
atitlan,2026-03-24,684150.0,1625250.0,0.0782952,5.8105283,225,0
atitlan,2026-03-24,684450.0,1625250.0,0.027965521,4.1735497,225,0
atitlan,2026-03-24,684750.0,1625250.0,0.08055995,5.4297767,225,0
atitlan,2026-03-24,685050.0,1625250.0,0.1326805,7.0898924,225,0
atitlan,2026-03-24,685350.0,1625250.0,0.13252693,6.661586,225,0
atitlan,2026-03-24,685650.0,1625250.0,0.012423067,3.9721353,225,0
atitlan,2026-03-24,685950.0,1625250.0,0.05948081,4.986014,225,0
atitlan,2026-03-24,686250.0,1625250.0,0.10513895,6.714226,225,0
atitlan,2026-03-24,686550.0,1625250.0,-0.0017035509,3.6620169,225,0
atitlan,2026-03-24,686850.0,1625250.0,-0.072129644,1.4484814,225,0
atitlan,2026-03-24,687150.0,1625250.0,-0.07459637,1.3114593,225,0
atitlan,2026-03-24,687450.0,1625250.0,-0.074947216,1.2904173,225,0
atitlan,2026-03-24,687750.0,1625250.0,-0.077866904,1.117579,225,0
atitlan,2026-03-24,688050.0,1625250.0,-0.07800261,1.1112838,225,0
atitlan,2026-03-24,688350.0,1625250.0,-0.07873722,1.059265,225,0
atitlan,2026-03-24,688650.0,1625250.0,-0.078885406,1.0412706,225,0
atitlan,2026-03-24,688950.0,1625250.0,-0.07926793,1.0309962,225,0
atitlan,2026-03-24,689250.0,1625250.0,-0.07877928,1.0547746,225,0
atitlan,2026-03-24,689550.0,1625250.0,-0.07873322,1.0535707,225,0
atitlan,2026-03-24,689850.0,1625250.0,-0.07603848,1.2150633,225,0
atitlan,2026-03-24,690150.0,1625250.0,-0.075923204,1.2222759,225,0
atitlan,2026-03-24,690450.0,1625250.0,-0.07513628,1.2707038,225,0
atitlan,2026-03-24,690750.0,1625250.0,-0.07525119,1.2616211,225,0
atitlan,2026-03-24,691050.0,1625250.0,-0.076058805,1.2136773,225,0
atitlan,2026-03-24,691350.0,1625250.0,-0.078882605,1.056909,225,0
atitlan,2026-03-24,691650.0,1625250.0,-0.07846107,1.0828158,225,0
atitlan,2026-03-24,691950.0,1625250.0,-0.07790362,1.1045471,225,0
atitlan,2026-03-24,692250.0,1625250.0,-0.07712379,1.150542,225,0
atitlan,2026-03-24,692550.0,1625250.0,-0.07867249,1.0699981,225,0
atitlan,2026-03-24,692850.0,1625250.0,-0.07660716,1.1862743,225,0
atitlan,2026-03-24,693150.0,1625250.0,-0.07621212,1.2037027,225,0
atitlan,2026-03-24,693450.0,1625250.0,-0.076412424,1.1977592,225,0
atitlan,2026-03-24,693750.0,1625250.0,-0.077749394,1.1216024,225,0
atitlan,2026-03-24,694050.0,1625250.0,-0.07860963,1.0715917,225,0
atitlan,2026-03-24,694350.0,1625250.0,-0.07714827,1.1602802,225,0
atitlan,2026-03-24,694650.0,1625250.0,-0.07620575,1.2047123,225,0
atitlan,2026-03-24,694950.0,1625250.0,-0.07618996,1.2028698,225,0
atitlan,2026-03-24,695250.0,1625250.0,-0.07743904,1.1299288,225,0
atitlan,2026-03-24,695550.0,1625250.0,-0.07882908,1.0543326,225,0
atitlan,2026-03-24,695850.0,1625250.0,-0.08101542,0.9223757,225,0
atitlan,2026-03-24,696150.0,1625250.0,-0.08363998,0.7753627,225,0
atitlan,2026-03-24,696450.0,1625250.0,-0.08419725,0.74482536,225,0
atitlan,2026-03-24,696750.0,1625250.0,-0.086440295,0.636994,225,0
atitlan,2026-03-24,697050.0,1625250.0,-0.08387129,0.76744777,225,0
atitlan,2026-03-24,697350.0,1625250.0,-0.08166503,0.8930186,225,0
atitlan,2026-03-24,697650.0,1625250.0,-0.08004728,0.9858139,225,0
atitlan,2026-03-24,697950.0,1625250.0,-0.07915443,1.032318,225,0
atitlan,2026-03-24,698250.0,1625250.0,-0.07843942,1.0715088,225,0
atitlan,2026-03-24,698550.0,1625250.0,-0.07721666,1.1485565,225,0
atitlan,2026-03-24,698850.0,1625250.0,-0.07923088,1.0324845,225,0
atitlan,2026-03-24,699150.0,1625250.0,-0.07828212,1.0941131,225,0
atitlan,2026-03-24,699450.0,1625250.0,-0.078988664,1.037686,225,0
atitlan,2026-03-24,699750.0,1625250.0,-0.080544084,0.9559299,225,0
atitlan,2026-03-24,700050.0,1625250.0,-0.079935305,0.98466647,225,0
atitlan,2026-03-24,700350.0,1625250.0,-0.07915501,1.0343268,225,0
atitlan,2026-03-24,700650.0,1625250.0,-0.081408836,0.9052641,225,0
atitlan,2026-03-24,700950.0,1625250.0,-0.08054899,0.9468383,225,0
atitlan,2026-03-24,701250.0,1625250.0,-0.07804563,1.0968081,225,0
atitlan,2026-03-24,701550.0,1625250.0,-0.07502224,1.274428,225,0
atitlan,2026-03-24,701850.0,1625250.0,-0.074155755,1.323809,225,0
atitlan,2026-03-24,702150.0,1625250.0,-0.07014611,1.5458634,225,0
atitlan,2026-03-24,702450.0,1625250.0,-0.062744744,1.9475248,225,0
atitlan,2026-03-24,702750.0,1625250.0,0.028154032,4.3324203,225,0
atitlan,2026-03-24,703050.0,1625250.0,0.10083318,5.514543,225,0
atitlan,2026-03-24,703350.0,1625250.0,0.0859229,5.1250973,225,0
atitlan,2026-03-24,703650.0,1625250.0,0.11014465,6.1370244,225,0
atitlan,2026-03-24,703950.0,1625250.0,0.11024673,6.4471736,225,0
atitlan,2026-03-24,704250.0,1625250.0,0.120691694,6.9074473,225,0
atitlan,2026-03-24,704550.0,1625250.0,0.1067759,6.6395545,225,0
atitlan,2026-03-24,704850.0,1625250.0,0.16856085,7.7348065,225,0
atitlan,2026-03-24,705150.0,1625250.0,0.13008234,6.1803718,225,0
atitlan,2026-03-24,705450.0,1625250.0,0.095480725,5.8149285,225,0
atitlan,2026-03-24,705750.0,1625250.0,0.10640947,6.3788795,225,0
atitlan,2026-03-24,706050.0,1625250.0,0.13368215,7.0046506,225,0
atitlan,2026-03-24,706350.0,1625250.0,0.16998413,7.981116,225,0
atitlan,2026-03-24,706650.0,1625250.0,0.18104738,7.671725,225,0
atitlan,2026-03-24,706950.0,1625250.0,0.14531878,6.810807,225,0
atitlan,2026-03-24,707250.0,1625250.0,0.12546594,6.6288376,225,0
atitlan,2026-03-24,707550.0,1625250.0,0.13683066,7.432996,225,0
atitlan,2026-03-24,707850.0,1625250.0,0.17060612,8.084478,45,0
atitlan,2026-03-24,680250.0,1625550.0,0.23479302,11.7985325,180,0
atitlan,2026-03-24,680550.0,1625550.0,0.28500834,15.941113,225,1
atitlan,2026-03-24,680850.0,1625550.0,0.2670481,15.17593,225,1
atitlan,2026-03-24,681150.0,1625550.0,0.23962148,13.680504,225,1
atitlan,2026-03-24,681450.0,1625550.0,0.22370042,12.64701,225,1
atitlan,2026-03-24,681750.0,1625550.0,0.2151654,11.790198,225,0
atitlan,2026-03-24,682050.0,1625550.0,0.21030249,10.789533,225,0
atitlan,2026-03-24,682350.0,1625550.0,0.16107363,7.1394963,225,0
atitlan,2026-03-24,682650.0,1625550.0,0.13647471,6.097311,225,0
atitlan,2026-03-24,682950.0,1625550.0,0.16829991,7.146375,225,0
atitlan,2026-03-24,683250.0,1625550.0,0.22069462,9.805473,225,0
atitlan,2026-03-24,683550.0,1625550.0,0.20296825,9.116902,225,0
atitlan,2026-03-24,683850.0,1625550.0,0.15238446,7.202066,225,0
atitlan,2026-03-24,684150.0,1625550.0,0.097564474,6.218675,225,0
atitlan,2026-03-24,684450.0,1625550.0,0.082222946,5.7098274,225,0
atitlan,2026-03-24,684750.0,1625550.0,0.09981399,6.2012086,225,0
atitlan,2026-03-24,685050.0,1625550.0,-0.044811353,2.579624,225,0
atitlan,2026-03-24,685350.0,1625550.0,-0.029778698,2.7169738,225,0
atitlan,2026-03-24,685650.0,1625550.0,-0.06548371,1.7714267,225,0
atitlan,2026-03-24,685950.0,1625550.0,-0.034049947,2.5884156,225,0
atitlan,2026-03-24,686250.0,1625550.0,0.037861522,4.434309,225,0
atitlan,2026-03-24,686550.0,1625550.0,-0.06893713,1.6001903,225,0
atitlan,2026-03-24,686850.0,1625550.0,-0.07504835,1.2867103,225,0
atitlan,2026-03-24,687150.0,1625550.0,-0.075749,1.2429227,225,0
atitlan,2026-03-24,687450.0,1625550.0,-0.07731131,1.1494099,225,0
atitlan,2026-03-24,687750.0,1625550.0,-0.079919524,0.99390996,225,0
atitlan,2026-03-24,688050.0,1625550.0,-0.078422695,1.0790964,225,0
atitlan,2026-03-24,688350.0,1625550.0,-0.0762324,1.2013186,225,0
atitlan,2026-03-24,688650.0,1625550.0,-0.07514517,1.2730662,225,0
atitlan,2026-03-24,688950.0,1625550.0,-0.07561004,1.2437074,225,0
atitlan,2026-03-24,689250.0,1625550.0,-0.07821907,1.0908818,225,0
atitlan,2026-03-24,689550.0,1625550.0,-0.078304715,1.0900486,225,0
atitlan,2026-03-24,689850.0,1625550.0,-0.07917237,1.0357305,225,0
atitlan,2026-03-24,690150.0,1625550.0,-0.07731216,1.1436596,225,0
atitlan,2026-03-24,690450.0,1625550.0,-0.074394174,1.3168306,225,0
atitlan,2026-03-24,690750.0,1625550.0,-0.07529057,1.2537934,225,0
atitlan,2026-03-24,691050.0,1625550.0,-0.07385877,1.3438714,225,0
atitlan,2026-03-24,691350.0,1625550.0,-0.07600259,1.216589,225,0
atitlan,2026-03-24,691650.0,1625550.0,-0.07738927,1.1420724,225,0
atitlan,2026-03-24,691950.0,1625550.0,-0.07699655,1.1636307,225,0
atitlan,2026-03-24,692250.0,1625550.0,-0.076836675,1.1704242,225,0
atitlan,2026-03-24,692550.0,1625550.0,-0.0783297,1.0828053,225,0
atitlan,2026-03-24,692850.0,1625550.0,-0.07703033,1.1635658,225,0
atitlan,2026-03-24,693150.0,1625550.0,-0.075942606,1.224709,225,0
atitlan,2026-03-24,693450.0,1625550.0,-0.07869037,1.0585297,225,0
atitlan,2026-03-24,693750.0,1625550.0,-0.07821537,1.0891997,225,0
atitlan,2026-03-24,694050.0,1625550.0,-0.081199646,0.9284309,225,0
atitlan,2026-03-24,694350.0,1625550.0,-0.081855945,0.8799278,225,0
atitlan,2026-03-24,694650.0,1625550.0,-0.08041259,0.96863675,225,0
atitlan,2026-03-24,694950.0,1625550.0,-0.08124783,0.91703796,225,0
atitlan,2026-03-24,695250.0,1625550.0,-0.07931935,1.0335325,225,0
atitlan,2026-03-24,695550.0,1625550.0,-0.07661082,1.1784337,225,0
atitlan,2026-03-24,695850.0,1625550.0,-0.07717153,1.151972,225,0
atitlan,2026-03-24,696150.0,1625550.0,-0.078747414,1.0639942,225,0
atitlan,2026-03-24,696450.0,1625550.0,-0.078572445,1.0604255,225,0
atitlan,2026-03-24,696750.0,1625550.0,-0.081133306,0.9172682,225,0
atitlan,2026-03-24,697050.0,1625550.0,-0.08083405,0.9398021,225,0
atitlan,2026-03-24,697350.0,1625550.0,-0.08212118,0.87594986,225,0
atitlan,2026-03-24,697650.0,1625550.0,-0.08300675,0.8102359,225,0
atitlan,2026-03-24,697950.0,1625550.0,-0.08485827,0.7345338,225,0
atitlan,2026-03-24,698250.0,1625550.0,-0.08739411,0.5752872,225,0
atitlan,2026-03-24,698550.0,1625550.0,-0.08402283,0.7478811,225,0
atitlan,2026-03-24,698850.0,1625550.0,-0.0811107,0.9249441,225,0
atitlan,2026-03-24,699150.0,1625550.0,-0.084578976,0.73151,225,0
atitlan,2026-03-24,699450.0,1625550.0,-0.08452895,0.7157159,225,0
atitlan,2026-03-24,699750.0,1625550.0,-0.08287483,0.82407475,225,0
atitlan,2026-03-24,700050.0,1625550.0,-0.08216164,0.87103033,225,0
atitlan,2026-03-24,700350.0,1625550.0,-0.07970183,1.0163459,225,0
atitlan,2026-03-24,700650.0,1625550.0,-0.07713651,1.1516855,225,0
atitlan,2026-03-24,700950.0,1625550.0,-0.07688836,1.1641155,225,0
atitlan,2026-03-24,701250.0,1625550.0,-0.07712399,1.150504,225,0
atitlan,2026-03-24,701550.0,1625550.0,-0.07353821,1.362951,225,0
atitlan,2026-03-24,701850.0,1625550.0,-0.0712472,1.4911194,225,0
atitlan,2026-03-24,702150.0,1625550.0,-0.064598314,1.855451,225,0
atitlan,2026-03-24,702450.0,1625550.0,0.0010233202,3.621983,225,0
atitlan,2026-03-24,702750.0,1625550.0,0.08157579,5.065941,225,0
atitlan,2026-03-24,703050.0,1625550.0,0.120626576,5.6558204,225,0
atitlan,2026-03-24,703350.0,1625550.0,0.10637918,5.4319363,225,0
atitlan,2026-03-24,703650.0,1625550.0,0.115145095,5.8756433,225,0
atitlan,2026-03-24,703950.0,1625550.0,0.110899076,6.429708,225,0
atitlan,2026-03-24,704250.0,1625550.0,0.08208714,5.582489,225,0
atitlan,2026-03-24,704550.0,1625550.0,0.08697414,5.6435194,225,0
atitlan,2026-03-24,704850.0,1625550.0,0.11799315,7.0190716,225,0
atitlan,2026-03-24,705150.0,1625550.0,0.106979914,6.991195,225,0
atitlan,2026-03-24,705450.0,1625550.0,0.12575813,6.369605,225,0
atitlan,2026-03-24,705750.0,1625550.0,0.14275363,7.2763524,225,0
atitlan,2026-03-24,706050.0,1625550.0,0.12414712,6.405351,225,0
atitlan,2026-03-24,706350.0,1625550.0,0.18963228,8.182536,225,0
atitlan,2026-03-24,706650.0,1625550.0,0.18298166,7.653168,225,0
atitlan,2026-03-24,706950.0,1625550.0,0.18076806,8.419947,225,0
atitlan,2026-03-24,707250.0,1625550.0,0.15692183,8.320556,225,0
atitlan,2026-03-24,707550.0,1625550.0,0.08728614,5.3723583,225,0
atitlan,2026-03-24,707850.0,1625550.0,0.07098477,4.8894315,45,0
atitlan,2026-03-24,680250.0,1625850.0,0.25281814,12.304196,180,1
atitlan,2026-03-24,680550.0,1625850.0,0.21862876,10.785096,225,0
atitlan,2026-03-24,680850.0,1625850.0,0.24506375,12.740704,225,1
atitlan,2026-03-24,681150.0,1625850.0,0.2681738,14.828415,225,1
atitlan,2026-03-24,681450.0,1625850.0,0.22298002,12.9362335,225,1
atitlan,2026-03-24,681750.0,1625850.0,0.23866194,14.395752,225,1
atitlan,2026-03-24,682050.0,1625850.0,0.21604201,11.077722,225,0
atitlan,2026-03-24,682350.0,1625850.0,0.18816352,8.591098,225,0
atitlan,2026-03-24,682650.0,1625850.0,0.15397397,6.4191194,225,0
atitlan,2026-03-24,682950.0,1625850.0,0.19272615,8.527387,225,0
atitlan,2026-03-24,683250.0,1625850.0,0.21251321,8.953383,225,0
atitlan,2026-03-24,683550.0,1625850.0,0.21009573,8.780051,225,0
atitlan,2026-03-24,683850.0,1625850.0,0.1981021,8.100906,225,0
atitlan,2026-03-24,684150.0,1625850.0,0.12732647,6.1992936,225,0
atitlan,2026-03-24,684450.0,1625850.0,0.14568013,7.1653547,225,0
atitlan,2026-03-24,684750.0,1625850.0,0.008113381,3.7468452,225,0
atitlan,2026-03-24,685050.0,1625850.0,-0.063391715,1.924911,225,0
atitlan,2026-03-24,685350.0,1625850.0,-0.06615011,1.782591,225,0
atitlan,2026-03-24,685650.0,1625850.0,-0.06967407,1.5900085,225,0
atitlan,2026-03-24,685950.0,1625850.0,-0.07127615,1.5068876,225,0
atitlan,2026-03-24,686250.0,1625850.0,-0.072220266,1.442163,225,0
atitlan,2026-03-24,686550.0,1625850.0,-0.07404255,1.344473,225,0
atitlan,2026-03-24,686850.0,1625850.0,-0.07561696,1.2511092,225,0
atitlan,2026-03-24,687150.0,1625850.0,-0.078172676,1.096501,225,0
atitlan,2026-03-24,687450.0,1625850.0,-0.07814893,1.1012008,225,0
atitlan,2026-03-24,687750.0,1625850.0,-0.080388226,0.95824444,225,0
atitlan,2026-03-24,688050.0,1625850.0,-0.08086045,0.93179953,225,0
atitlan,2026-03-24,688350.0,1625850.0,-0.078944564,1.0398394,225,0
atitlan,2026-03-24,688650.0,1625850.0,-0.07503259,1.2751935,225,0
atitlan,2026-03-24,688950.0,1625850.0,-0.07371594,1.3529782,225,0
atitlan,2026-03-24,689250.0,1625850.0,-0.076671906,1.1832474,225,0
atitlan,2026-03-24,689550.0,1625850.0,-0.07667854,1.1809816,225,0
atitlan,2026-03-24,689850.0,1625850.0,-0.07813007,1.09817,225,0
atitlan,2026-03-24,690150.0,1625850.0,-0.07533448,1.2593414,225,0
atitlan,2026-03-24,690450.0,1625850.0,-0.07558042,1.2440027,225,0
atitlan,2026-03-24,690750.0,1625850.0,-0.07526228,1.2665906,225,0
atitlan,2026-03-24,691050.0,1625850.0,-0.07624138,1.204351,225,0
atitlan,2026-03-24,691350.0,1625850.0,-0.076354936,1.1982737,225,0
atitlan,2026-03-24,691650.0,1625850.0,-0.07920438,1.0258337,225,0
atitlan,2026-03-24,691950.0,1625850.0,-0.0783007,1.0873162,225,0
atitlan,2026-03-24,692250.0,1625850.0,-0.07560452,1.2399834,225,0
atitlan,2026-03-24,692550.0,1625850.0,-0.07865063,1.0627245,225,0
atitlan,2026-03-24,692850.0,1625850.0,-0.08051977,0.961305,225,0
atitlan,2026-03-24,693150.0,1625850.0,-0.07972408,0.99669826,225,0
atitlan,2026-03-24,693450.0,1625850.0,-0.078529485,1.0694667,225,0
atitlan,2026-03-24,693750.0,1625850.0,-0.0770749,1.1585366,225,0
atitlan,2026-03-24,694050.0,1625850.0,-0.07733234,1.1404006,225,0
atitlan,2026-03-24,694350.0,1625850.0,-0.0770257,1.1598355,225,0
atitlan,2026-03-24,694650.0,1625850.0,-0.07460852,1.2938893,225,0
atitlan,2026-03-24,694950.0,1625850.0,-0.07732502,1.1381434,225,0
atitlan,2026-03-24,695250.0,1625850.0,-0.07685908,1.1742477,225,0
atitlan,2026-03-24,695550.0,1625850.0,-0.07840014,1.0803692,225,0
atitlan,2026-03-24,695850.0,1625850.0,-0.07933775,1.0338379,225,0
atitlan,2026-03-24,696150.0,1625850.0,-0.0820341,0.87369794,225,0
atitlan,2026-03-24,696450.0,1625850.0,-0.083872035,0.7692717,225,0
atitlan,2026-03-24,696750.0,1625850.0,-0.087442935,0.58724916,225,0
atitlan,2026-03-24,697050.0,1625850.0,-0.086512394,0.6184885,225,0
atitlan,2026-03-24,697350.0,1625850.0,-0.08811614,0.5536152,225,0
atitlan,2026-03-24,697650.0,1625850.0,-0.08565972,0.6672178,225,0
atitlan,2026-03-24,697950.0,1625850.0,-0.0848282,0.70772743,225,0
atitlan,2026-03-24,698250.0,1625850.0,-0.08623585,0.63542974,225,0
atitlan,2026-03-24,698550.0,1625850.0,-0.083666645,0.7827647,225,0
atitlan,2026-03-24,698850.0,1625850.0,-0.08074255,0.945352,225,0
atitlan,2026-03-24,699150.0,1625850.0,-0.08055276,0.9527992,225,0
atitlan,2026-03-24,699450.0,1625850.0,-0.07707289,1.1636817,225,0
atitlan,2026-03-24,699750.0,1625850.0,-0.078161344,1.0934644,225,0
atitlan,2026-03-24,700050.0,1625850.0,-0.07678805,1.1735829,225,0
atitlan,2026-03-24,700350.0,1625850.0,-0.07756696,1.127745,225,0
atitlan,2026-03-24,700650.0,1625850.0,-0.07677117,1.1758327,225,0
atitlan,2026-03-24,700950.0,1625850.0,-0.07591644,1.2243716,225,0
atitlan,2026-03-24,701250.0,1625850.0,-0.07644604,1.1937705,225,0
atitlan,2026-03-24,701550.0,1625850.0,-0.071081094,1.4970002,225,0
atitlan,2026-03-24,701850.0,1625850.0,-0.019958476,2.7349577,225,0
atitlan,2026-03-24,702150.0,1625850.0,0.04440766,4.4483833,225,0
atitlan,2026-03-24,702450.0,1625850.0,0.107180946,5.7475195,225,0
atitlan,2026-03-24,702750.0,1625850.0,0.107704915,5.431905,225,0
atitlan,2026-03-24,703050.0,1625850.0,0.11488079,5.675591,225,0
atitlan,2026-03-24,703350.0,1625850.0,0.119570166,5.55246,225,0
atitlan,2026-03-24,703650.0,1625850.0,0.13376449,6.851625,225,0
atitlan,2026-03-24,703950.0,1625850.0,0.13012545,7.174264,225,0
atitlan,2026-03-24,704250.0,1625850.0,0.12741585,6.584761,225,0
atitlan,2026-03-24,704550.0,1625850.0,0.12528871,6.7413335,225,0
atitlan,2026-03-24,704850.0,1625850.0,0.077802956,5.700569,225,0
atitlan,2026-03-24,705150.0,1625850.0,0.11226828,6.2842946,225,0
atitlan,2026-03-24,705450.0,1625850.0,0.13404097,6.575432,225,0
atitlan,2026-03-24,705750.0,1625850.0,0.09873165,6.1660123,225,0
atitlan,2026-03-24,706050.0,1625850.0,0.08895054,5.634561,225,0
atitlan,2026-03-24,706350.0,1625850.0,0.13815539,6.549221,225,0
atitlan,2026-03-24,706650.0,1625850.0,0.1418456,6.164634,225,0
atitlan,2026-03-24,706950.0,1625850.0,0.1695705,7.4638147,225,0
atitlan,2026-03-24,707250.0,1625850.0,0.16149296,7.2801394,225,0
atitlan,2026-03-24,707550.0,1625850.0,0.15250887,7.471165,225,0
atitlan,2026-03-24,707850.0,1625850.0,0.13358925,7.007503,45,0
atitlan,2026-03-24,680250.0,1626150.0,0.2482695,12.039024,180,1
atitlan,2026-03-24,680550.0,1626150.0,0.2374705,11.174495,225,0
atitlan,2026-03-24,680850.0,1626150.0,0.26470545,14.296299,225,1
atitlan,2026-03-24,681150.0,1626150.0,0.23426303,13.412232,225,1
atitlan,2026-03-24,681450.0,1626150.0,0.2699792,14.32211,225,1
atitlan,2026-03-24,681750.0,1626150.0,0.23343883,12.974855,225,1
atitlan,2026-03-24,682050.0,1626150.0,0.19295512,8.627059,225,0
atitlan,2026-03-24,682350.0,1626150.0,0.17329821,6.778529,225,0
atitlan,2026-03-24,682650.0,1626150.0,0.15157212,6.294115,225,0
atitlan,2026-03-24,682950.0,1626150.0,0.14308661,6.5093184,225,0
atitlan,2026-03-24,683250.0,1626150.0,0.118272826,5.5683746,225,0
atitlan,2026-03-24,683550.0,1626150.0,0.13884352,6.0288267,225,0
atitlan,2026-03-24,683850.0,1626150.0,0.17983493,7.4097366,225,0
atitlan,2026-03-24,684150.0,1626150.0,0.15272246,6.888071,225,0
atitlan,2026-03-24,684450.0,1626150.0,0.07582609,5.4101906,225,0
atitlan,2026-03-24,684750.0,1626150.0,-0.05746759,2.2103944,225,0
atitlan,2026-03-24,685050.0,1626150.0,-0.0678644,1.6911035,225,0
atitlan,2026-03-24,685350.0,1626150.0,-0.06818033,1.6753541,225,0
atitlan,2026-03-24,685650.0,1626150.0,-0.071990944,1.4615576,225,0
atitlan,2026-03-24,685950.0,1626150.0,-0.071743086,1.4688836,225,0
atitlan,2026-03-24,686250.0,1626150.0,-0.07419388,1.3309051,225,0
atitlan,2026-03-24,686550.0,1626150.0,-0.07467767,1.3035499,225,0
atitlan,2026-03-24,686850.0,1626150.0,-0.07843204,1.0829931,225,0
atitlan,2026-03-24,687150.0,1626150.0,-0.0780885,1.1029743,225,0
atitlan,2026-03-24,687450.0,1626150.0,-0.07734681,1.1489182,225,0
atitlan,2026-03-24,687750.0,1626150.0,-0.07741658,1.1371658,225,0
atitlan,2026-03-24,688050.0,1626150.0,-0.07825238,1.0898569,225,0
atitlan,2026-03-24,688350.0,1626150.0,-0.07963421,1.007262,225,0
atitlan,2026-03-24,688650.0,1626150.0,-0.07404732,1.3376456,225,0
atitlan,2026-03-24,688950.0,1626150.0,-0.072476804,1.4272382,225,0
atitlan,2026-03-24,689250.0,1626150.0,-0.0766145,1.1791804,225,0
atitlan,2026-03-24,689550.0,1626150.0,-0.076570444,1.1847193,225,0
atitlan,2026-03-24,689850.0,1626150.0,-0.079860464,0.9881464,225,0
atitlan,2026-03-24,690150.0,1626150.0,-0.07847017,1.0722002,225,0
atitlan,2026-03-24,690450.0,1626150.0,-0.078537256,1.0694273,225,0
atitlan,2026-03-24,690750.0,1626150.0,-0.07940528,1.0122911,225,0
atitlan,2026-03-24,691050.0,1626150.0,-0.07942787,1.0189399,225,0
atitlan,2026-03-24,691350.0,1626150.0,-0.07970972,1.0012935,225,0
atitlan,2026-03-24,691650.0,1626150.0,-0.08003811,0.9786201,225,0
atitlan,2026-03-24,691950.0,1626150.0,-0.076767065,1.17299,225,0
atitlan,2026-03-24,692250.0,1626150.0,-0.075538695,1.2485785,225,0
atitlan,2026-03-24,692550.0,1626150.0,-0.075537354,1.2448461,225,0
atitlan,2026-03-24,692850.0,1626150.0,-0.07656713,1.1867183,225,0
atitlan,2026-03-24,693150.0,1626150.0,-0.07706936,1.1582363,225,0
atitlan,2026-03-24,693450.0,1626150.0,-0.07633119,1.1997099,225,0
atitlan,2026-03-24,693750.0,1626150.0,-0.07818777,1.093997,225,0
atitlan,2026-03-24,694050.0,1626150.0,-0.07906712,1.0429457,225,0
atitlan,2026-03-24,694350.0,1626150.0,-0.08280944,0.8268761,225,0
atitlan,2026-03-24,694650.0,1626150.0,-0.08130872,0.9183452,225,0
atitlan,2026-03-24,694950.0,1626150.0,-0.08461345,0.7145112,225,0
atitlan,2026-03-24,695250.0,1626150.0,-0.08276737,0.8200695,225,0
atitlan,2026-03-24,695550.0,1626150.0,-0.08259239,0.83201885,225,0
atitlan,2026-03-24,695850.0,1626150.0,-0.08377954,0.76770204,225,0
atitlan,2026-03-24,696150.0,1626150.0,-0.0854605,0.6846345,225,0
atitlan,2026-03-24,696450.0,1626150.0,-0.084265284,0.74727523,225,0
atitlan,2026-03-24,696750.0,1626150.0,-0.08423612,0.75515145,225,0
atitlan,2026-03-24,697050.0,1626150.0,-0.08409468,0.7471535,225,0
atitlan,2026-03-24,697350.0,1626150.0,-0.081584975,0.8886344,225,0
atitlan,2026-03-24,697650.0,1626150.0,-0.08056231,0.96265554,225,0
atitlan,2026-03-24,697950.0,1626150.0,-0.07871998,1.057539,225,0
atitlan,2026-03-24,698250.0,1626150.0,-0.08086971,0.94706666,225,0
atitlan,2026-03-24,698550.0,1626150.0,-0.08157415,0.8902324,225,0
atitlan,2026-03-24,698850.0,1626150.0,-0.08287166,0.83575743,225,0
atitlan,2026-03-24,699150.0,1626150.0,-0.08146041,0.9070915,225,0
atitlan,2026-03-24,699450.0,1626150.0,-0.07775423,1.1189493,225,0
atitlan,2026-03-24,699750.0,1626150.0,-0.07883006,1.0522418,225,0
atitlan,2026-03-24,700050.0,1626150.0,-0.07673118,1.1751903,225,0
atitlan,2026-03-24,700350.0,1626150.0,-0.077860914,1.111667,225,0
atitlan,2026-03-24,700650.0,1626150.0,-0.076497525,1.1872157,225,0
atitlan,2026-03-24,700950.0,1626150.0,-0.07467075,1.2935135,225,0
atitlan,2026-03-24,701250.0,1626150.0,-0.05836257,1.7419126,225,0
atitlan,2026-03-24,701550.0,1626150.0,0.020557132,3.9867508,225,0
atitlan,2026-03-24,701850.0,1626150.0,0.09471754,5.149134,225,0
atitlan,2026-03-24,702150.0,1626150.0,0.07644443,4.8952394,225,0
atitlan,2026-03-24,702450.0,1626150.0,0.085500896,5.006506,225,0
atitlan,2026-03-24,702750.0,1626150.0,0.11708166,5.4264283,225,0
atitlan,2026-03-24,703050.0,1626150.0,0.14265548,6.2450185,225,0
atitlan,2026-03-24,703350.0,1626150.0,0.12708935,6.125007,225,0
atitlan,2026-03-24,703650.0,1626150.0,0.14334454,7.406551,225,0
atitlan,2026-03-24,703950.0,1626150.0,0.15073109,7.4660425,225,0
atitlan,2026-03-24,704250.0,1626150.0,0.18921633,9.143508,225,0
atitlan,2026-03-24,704550.0,1626150.0,0.14927207,7.851481,225,0
atitlan,2026-03-24,704850.0,1626150.0,0.111168355,6.8539476,225,0
atitlan,2026-03-24,705150.0,1626150.0,0.16230437,7.726329,225,0
atitlan,2026-03-24,705450.0,1626150.0,0.12518367,6.0590324,225,0
atitlan,2026-03-24,705750.0,1626150.0,0.08373028,5.722429,225,0
atitlan,2026-03-24,706050.0,1626150.0,0.087136336,5.71625,225,0
atitlan,2026-03-24,706350.0,1626150.0,0.068619385,5.127317,225,0
atitlan,2026-03-24,706650.0,1626150.0,0.15798767,6.809973,225,0
atitlan,2026-03-24,706950.0,1626150.0,0.14778009,6.4283524,225,0
atitlan,2026-03-24,707250.0,1626150.0,0.1903397,9.408812,225,0
atitlan,2026-03-24,707550.0,1626150.0,0.15446709,7.9222584,225,0
atitlan,2026-03-24,707850.0,1626150.0,0.12509367,6.9540105,45,0
atitlan,2026-03-24,680250.0,1626450.0,0.254193,12.640622,180,1
atitlan,2026-03-24,680550.0,1626450.0,0.25799116,13.125179,225,1
atitlan,2026-03-24,680850.0,1626450.0,0.22557661,10.530032,225,0
atitlan,2026-03-24,681150.0,1626450.0,0.25561246,12.648326,225,1
atitlan,2026-03-24,681450.0,1626450.0,0.24293134,14.015924,225,1
atitlan,2026-03-24,681750.0,1626450.0,0.2416467,12.909313,225,1
atitlan,2026-03-24,682050.0,1626450.0,0.20721927,9.983114,225,0
atitlan,2026-03-24,682350.0,1626450.0,0.20819485,9.289982,225,0
atitlan,2026-03-24,682650.0,1626450.0,0.16976534,6.6458,225,0
atitlan,2026-03-24,682950.0,1626450.0,0.16566439,7.284443,225,0
atitlan,2026-03-24,683250.0,1626450.0,0.14683954,6.5905137,225,0
atitlan,2026-03-24,683550.0,1626450.0,0.12808152,5.8327103,225,0
atitlan,2026-03-24,683850.0,1626450.0,0.12297801,5.7930565,225,0
atitlan,2026-03-24,684150.0,1626450.0,0.123503946,5.708613,225,0
atitlan,2026-03-24,684450.0,1626450.0,0.035531975,4.414468,225,0
atitlan,2026-03-24,684750.0,1626450.0,-0.057266366,2.2108562,225,0
atitlan,2026-03-24,685050.0,1626450.0,-0.064728886,1.8592646,225,0
atitlan,2026-03-24,685350.0,1626450.0,-0.068087846,1.6770519,225,0
atitlan,2026-03-24,685650.0,1626450.0,-0.07290514,1.4118011,225,0
atitlan,2026-03-24,685950.0,1626450.0,-0.072176665,1.4508008,225,0
atitlan,2026-03-24,686250.0,1626450.0,-0.07532292,1.273701,225,0
atitlan,2026-03-24,686550.0,1626450.0,-0.075033545,1.2866588,225,0
atitlan,2026-03-24,686850.0,1626450.0,-0.07731911,1.149906,225,0
atitlan,2026-03-24,687150.0,1626450.0,-0.07788844,1.1174387,225,0
atitlan,2026-03-24,687450.0,1626450.0,-0.07661038,1.1933464,225,0
atitlan,2026-03-24,687750.0,1626450.0,-0.078264445,1.092723,225,0
atitlan,2026-03-24,688050.0,1626450.0,-0.082152486,0.85313666,225,0
atitlan,2026-03-24,688350.0,1626450.0,-0.079142734,1.0386502,225,0
atitlan,2026-03-24,688650.0,1626450.0,-0.07500502,1.2546124,225,0
atitlan,2026-03-24,688950.0,1626450.0,-0.078947105,1.0474652,225,0
atitlan,2026-03-24,689250.0,1626450.0,-0.081104524,0.91204065,225,0
atitlan,2026-03-24,689550.0,1626450.0,-0.07900931,1.0406202,225,0
atitlan,2026-03-24,689850.0,1626450.0,-0.08137699,0.8971333,225,0
atitlan,2026-03-24,690150.0,1626450.0,-0.0775066,1.1213684,225,0
atitlan,2026-03-24,690450.0,1626450.0,-0.07633474,1.226926,225,0
atitlan,2026-03-24,690750.0,1626450.0,-0.07286737,1.4013098,225,0
atitlan,2026-03-24,691050.0,1626450.0,-0.073694885,1.3568187,225,0
atitlan,2026-03-24,691350.0,1626450.0,-0.073420316,1.3668635,225,0
atitlan,2026-03-24,691650.0,1626450.0,-0.075845435,1.2275152,225,0
atitlan,2026-03-24,691950.0,1626450.0,-0.07806903,1.1023656,225,0
atitlan,2026-03-24,692250.0,1626450.0,-0.08101156,0.9304544,225,0
atitlan,2026-03-24,692550.0,1626450.0,-0.08097316,0.92678356,225,0
atitlan,2026-03-24,692850.0,1626450.0,-0.083001986,0.80724496,225,0
atitlan,2026-03-24,693150.0,1626450.0,-0.08474962,0.70653725,225,0
atitlan,2026-03-24,693450.0,1626450.0,-0.08324028,0.78996783,225,0
atitlan,2026-03-24,693750.0,1626450.0,-0.08509589,0.70260704,225,0
atitlan,2026-03-24,694050.0,1626450.0,-0.08383467,0.7668732,225,0
atitlan,2026-03-24,694350.0,1626450.0,-0.08296538,0.81205255,225,0
atitlan,2026-03-24,694650.0,1626450.0,-0.08334962,0.79404813,225,0
atitlan,2026-03-24,694950.0,1626450.0,-0.082809694,0.82674146,225,0
atitlan,2026-03-24,695250.0,1626450.0,-0.079997286,0.9851391,225,0
atitlan,2026-03-24,695550.0,1626450.0,-0.07804589,1.0993503,225,0
atitlan,2026-03-24,695850.0,1626450.0,-0.07740229,1.140682,225,0
atitlan,2026-03-24,696150.0,1626450.0,-0.07933627,1.023993,225,0
atitlan,2026-03-24,696450.0,1626450.0,-0.08020269,0.97849166,225,0
atitlan,2026-03-24,696750.0,1626450.0,-0.08055384,0.95835,225,0
atitlan,2026-03-24,697050.0,1626450.0,-0.083363734,0.77715576,225,0
atitlan,2026-03-24,697350.0,1626450.0,-0.082766026,0.8202447,225,0
atitlan,2026-03-24,697650.0,1626450.0,-0.08209981,0.8623323,225,0
atitlan,2026-03-24,697950.0,1626450.0,-0.080678165,0.95532036,225,0
atitlan,2026-03-24,698250.0,1626450.0,-0.08371253,0.78060025,225,0
atitlan,2026-03-24,698550.0,1626450.0,-0.08350469,0.7919968,225,0
atitlan,2026-03-24,698850.0,1626450.0,-0.079298936,1.0310442,225,0
atitlan,2026-03-24,699150.0,1626450.0,-0.07847856,1.0785825,225,0
atitlan,2026-03-24,699450.0,1626450.0,-0.07988035,0.99180657,225,0
atitlan,2026-03-24,699750.0,1626450.0,-0.076164946,1.2089874,225,0
atitlan,2026-03-24,700050.0,1626450.0,-0.075056545,1.2723513,225,0
atitlan,2026-03-24,700350.0,1626450.0,-0.07532348,1.2631682,225,0
atitlan,2026-03-24,700650.0,1626450.0,-0.07405078,1.3356242,225,0
atitlan,2026-03-24,700950.0,1626450.0,-0.07502595,1.2737682,225,0
atitlan,2026-03-24,701250.0,1626450.0,0.049294785,4.9034014,225,0
atitlan,2026-03-24,701550.0,1626450.0,0.11033158,5.50338,225,0
atitlan,2026-03-24,701850.0,1626450.0,0.11119139,5.275956,225,0
atitlan,2026-03-24,702150.0,1626450.0,0.09630442,5.339892,225,0
atitlan,2026-03-24,702450.0,1626450.0,0.08912215,5.224113,225,0
atitlan,2026-03-24,702750.0,1626450.0,0.11937952,5.599987,225,0
atitlan,2026-03-24,703050.0,1626450.0,0.11384513,5.842352,225,0
atitlan,2026-03-24,703350.0,1626450.0,0.14649075,6.9072075,225,0
atitlan,2026-03-24,703650.0,1626450.0,0.14534314,7.1369205,225,0
atitlan,2026-03-24,703950.0,1626450.0,0.14124812,7.4798117,225,0
atitlan,2026-03-24,704250.0,1626450.0,0.15702891,7.3359766,225,0
atitlan,2026-03-24,704550.0,1626450.0,0.083541244,6.3826275,225,0
atitlan,2026-03-24,704850.0,1626450.0,0.08752208,5.6957736,225,0
atitlan,2026-03-24,705150.0,1626450.0,0.09316791,5.4365387,225,0
atitlan,2026-03-24,705450.0,1626450.0,0.14038311,6.5914245,225,0
atitlan,2026-03-24,705750.0,1626450.0,0.15271392,7.2209916,225,0
atitlan,2026-03-24,706050.0,1626450.0,0.15600336,8.011028,225,0
atitlan,2026-03-24,706350.0,1626450.0,0.17264396,7.426552,225,0
atitlan,2026-03-24,706650.0,1626450.0,0.1680049,7.079356,225,0
atitlan,2026-03-24,706950.0,1626450.0,0.15973593,7.5033994,225,0
atitlan,2026-03-24,707250.0,1626450.0,0.1903144,9.199274,225,0
atitlan,2026-03-24,707550.0,1626450.0,0.14566064,7.3384037,225,0
atitlan,2026-03-24,707850.0,1626450.0,0.1091115,5.2403016,45,0
atitlan,2026-03-24,680250.0,1626750.0,0.25846237,12.546468,180,1
atitlan,2026-03-24,680550.0,1626750.0,0.20651726,8.615485,225,0
atitlan,2026-03-24,680850.0,1626750.0,0.2231514,10.136025,225,0
atitlan,2026-03-24,681150.0,1626750.0,0.2532525,12.367031,225,1
atitlan,2026-03-24,681450.0,1626750.0,0.23833129,13.04802,225,1
atitlan,2026-03-24,681750.0,1626750.0,0.2590261,14.699242,225,1
atitlan,2026-03-24,682050.0,1626750.0,0.20040695,11.1869,225,0
atitlan,2026-03-24,682350.0,1626750.0,0.22862318,12.412745,225,1
atitlan,2026-03-24,682650.0,1626750.0,0.23698318,12.464007,225,1
atitlan,2026-03-24,682950.0,1626750.0,0.25069064,13.615838,225,1
atitlan,2026-03-24,683250.0,1626750.0,0.27915013,16.137487,225,1
atitlan,2026-03-24,683550.0,1626750.0,0.21550407,10.82445,225,0
atitlan,2026-03-24,683850.0,1626750.0,0.17077093,8.037347,225,0
atitlan,2026-03-24,684150.0,1626750.0,0.14222887,6.2036777,225,0
atitlan,2026-03-24,684450.0,1626750.0,0.16360632,6.9808674,225,0
atitlan,2026-03-24,684750.0,1626750.0,0.052263193,5.118488,225,0
atitlan,2026-03-24,685050.0,1626750.0,-0.060774673,2.0565815,225,0
atitlan,2026-03-24,685350.0,1626750.0,-0.06683905,1.747174,225,0
atitlan,2026-03-24,685650.0,1626750.0,-0.070469365,1.5511816,225,0
atitlan,2026-03-24,685950.0,1626750.0,-0.073717624,1.3655473,225,0
atitlan,2026-03-24,686250.0,1626750.0,-0.07308516,1.4005532,225,0
atitlan,2026-03-24,686550.0,1626750.0,-0.077008486,1.1697165,225,0
atitlan,2026-03-24,686850.0,1626750.0,-0.07831564,1.0911382,225,0
atitlan,2026-03-24,687150.0,1626750.0,-0.07846378,1.0827985,225,0
atitlan,2026-03-24,687450.0,1626750.0,-0.07590321,1.2377687,225,0
atitlan,2026-03-24,687750.0,1626750.0,-0.07444886,1.3193765,225,0
atitlan,2026-03-24,688050.0,1626750.0,-0.07777822,1.1171143,225,0
atitlan,2026-03-24,688350.0,1626750.0,-0.076372154,1.2039497,225,0
atitlan,2026-03-24,688650.0,1626750.0,-0.07346627,1.3711859,225,0
atitlan,2026-03-24,688950.0,1626750.0,-0.07273096,1.4065446,225,0
atitlan,2026-03-24,689250.0,1626750.0,-0.07304868,1.3904876,225,0
atitlan,2026-03-24,689550.0,1626750.0,-0.07634021,1.2035284,225,0
atitlan,2026-03-24,689850.0,1626750.0,-0.077718385,1.1164414,225,0
atitlan,2026-03-24,690150.0,1626750.0,-0.077140294,1.1533146,225,0
atitlan,2026-03-24,690450.0,1626750.0,-0.07940978,1.0244886,225,0
atitlan,2026-03-24,690750.0,1626750.0,-0.079971,0.97745335,225,0
atitlan,2026-03-24,691050.0,1626750.0,-0.08216617,0.8645439,225,0
atitlan,2026-03-24,691350.0,1626750.0,-0.08124386,0.91618407,225,0
atitlan,2026-03-24,691650.0,1626750.0,-0.080652714,0.93743455,225,0
atitlan,2026-03-24,691950.0,1626750.0,-0.083552405,0.7814622,225,0
atitlan,2026-03-24,692250.0,1626750.0,-0.08848998,0.523735,225,0
atitlan,2026-03-24,692550.0,1626750.0,-0.08740175,0.58471006,225,0
atitlan,2026-03-24,692850.0,1626750.0,-0.08244157,0.85203236,225,0
atitlan,2026-03-24,693150.0,1626750.0,-0.082275614,0.8542014,225,0
atitlan,2026-03-24,693450.0,1626750.0,-0.07991558,0.9917323,225,0
atitlan,2026-03-24,693750.0,1626750.0,-0.07687393,1.1677597,225,0
atitlan,2026-03-24,694050.0,1626750.0,-0.07763352,1.134084,225,0
atitlan,2026-03-24,694350.0,1626750.0,-0.078196295,1.0918974,225,0
atitlan,2026-03-24,694650.0,1626750.0,-0.080131575,0.9755894,225,0
atitlan,2026-03-24,694950.0,1626750.0,-0.07859511,1.0702162,225,0
atitlan,2026-03-24,695250.0,1626750.0,-0.07929616,1.0253713,225,0
atitlan,2026-03-24,695550.0,1626750.0,-0.0800072,0.98544174,225,0
atitlan,2026-03-24,695850.0,1626750.0,-0.08169769,0.8899171,225,0
atitlan,2026-03-24,696150.0,1626750.0,-0.08398849,0.754125,225,0
atitlan,2026-03-24,696450.0,1626750.0,-0.08259336,0.8336011,225,0
atitlan,2026-03-24,696750.0,1626750.0,-0.08502928,0.70144516,225,0
atitlan,2026-03-24,697050.0,1626750.0,-0.08373889,0.7837221,225,0
atitlan,2026-03-24,697350.0,1626750.0,-0.08213463,0.85479605,225,0
atitlan,2026-03-24,697650.0,1626750.0,-0.08164488,0.89350456,225,0
atitlan,2026-03-24,697950.0,1626750.0,-0.08013524,0.9858532,225,0
atitlan,2026-03-24,698250.0,1626750.0,-0.08074643,0.9429169,225,0
atitlan,2026-03-24,698550.0,1626750.0,-0.080467,0.9519108,225,0
atitlan,2026-03-24,698850.0,1626750.0,-0.08003657,0.99076027,225,0
atitlan,2026-03-24,699150.0,1626750.0,-0.08005429,0.98373175,225,0
atitlan,2026-03-24,699450.0,1626750.0,-0.07899043,1.0425613,225,0
atitlan,2026-03-24,699750.0,1626750.0,-0.07688662,1.1694721,225,0
atitlan,2026-03-24,700050.0,1626750.0,-0.07456588,1.3104697,225,0
atitlan,2026-03-24,700350.0,1626750.0,-0.07395266,1.3367332,225,0
atitlan,2026-03-24,700650.0,1626750.0,-0.07369566,1.348956,225,0
atitlan,2026-03-24,700950.0,1626750.0,-0.073963925,1.3349395,225,0
atitlan,2026-03-24,701250.0,1626750.0,0.00447121,3.2569199,225,0
atitlan,2026-03-24,701550.0,1626750.0,0.10999225,5.2935176,225,0
atitlan,2026-03-24,701850.0,1626750.0,0.110549286,5.275956,225,0
atitlan,2026-03-24,702150.0,1626750.0,0.12784703,5.733973,225,0
atitlan,2026-03-24,702450.0,1626750.0,0.15614933,6.5633006,225,0
atitlan,2026-03-24,702750.0,1626750.0,0.12559022,6.419923,225,0
atitlan,2026-03-24,703050.0,1626750.0,0.14356874,7.3775115,225,0
atitlan,2026-03-24,703350.0,1626750.0,0.1283455,6.30192,225,0
atitlan,2026-03-24,703650.0,1626750.0,0.12330801,6.125555,225,0
atitlan,2026-03-24,703950.0,1626750.0,0.1256378,6.4968405,225,0
atitlan,2026-03-24,704250.0,1626750.0,0.15551865,6.9257665,225,0
atitlan,2026-03-24,704550.0,1626750.0,0.17973797,8.615125,225,0
atitlan,2026-03-24,704850.0,1626750.0,0.1396027,7.688578,225,0
atitlan,2026-03-24,705150.0,1626750.0,0.13985746,7.0173273,225,0
atitlan,2026-03-24,705450.0,1626750.0,0.11343125,5.6198006,225,0
atitlan,2026-03-24,705750.0,1626750.0,0.16302629,7.0627375,225,0
atitlan,2026-03-24,706050.0,1626750.0,0.11412276,6.4278893,225,0
atitlan,2026-03-24,706350.0,1626750.0,0.1863503,8.36752,225,0
atitlan,2026-03-24,706650.0,1626750.0,0.19474275,8.228963,225,0
atitlan,2026-03-24,706950.0,1626750.0,0.22168075,9.348405,225,0
atitlan,2026-03-24,707250.0,1626750.0,0.18520676,8.190245,225,0
atitlan,2026-03-24,707550.0,1626750.0,0.16535631,6.8873363,225,0
atitlan,2026-03-24,707850.0,1626750.0,0.15260933,7.5158916,45,0
atitlan,2026-03-24,680250.0,1627050.0,0.29250896,15.962245,180,1
atitlan,2026-03-24,680550.0,1627050.0,0.26104388,13.994472,225,1
atitlan,2026-03-24,680850.0,1627050.0,0.24963704,12.278743,225,1
atitlan,2026-03-24,681150.0,1627050.0,0.26696283,14.605872,225,1
atitlan,2026-03-24,681450.0,1627050.0,0.23018365,13.663808,225,1
atitlan,2026-03-24,681750.0,1627050.0,0.22575076,12.864801,225,1
atitlan,2026-03-24,682050.0,1627050.0,0.20185576,11.167418,225,0
atitlan,2026-03-24,682350.0,1627050.0,0.21500757,11.87799,225,0
atitlan,2026-03-24,682650.0,1627050.0,0.14609592,8.899606,225,0
atitlan,2026-03-24,682950.0,1627050.0,0.2699359,14.481297,225,1
atitlan,2026-03-24,683250.0,1627050.0,0.24704273,14.019481,225,1
atitlan,2026-03-24,683550.0,1627050.0,0.21033122,10.5786495,225,0
atitlan,2026-03-24,683850.0,1627050.0,0.19905263,8.886822,225,0
atitlan,2026-03-24,684150.0,1627050.0,0.1690897,6.9152107,225,0
atitlan,2026-03-24,684450.0,1627050.0,0.13333951,6.0464973,225,0
atitlan,2026-03-24,684750.0,1627050.0,0.069390975,5.109988,225,0
atitlan,2026-03-24,685050.0,1627050.0,-0.022120556,3.0652852,225,0
atitlan,2026-03-24,685350.0,1627050.0,-0.058626935,2.100787,225,0
atitlan,2026-03-24,685650.0,1627050.0,-0.062064163,1.9917041,225,0
atitlan,2026-03-24,685950.0,1627050.0,-0.06512441,1.8348651,225,0
atitlan,2026-03-24,686250.0,1627050.0,-0.06937993,1.6105798,225,0
atitlan,2026-03-24,686550.0,1627050.0,-0.07025153,1.5653943,225,0
atitlan,2026-03-24,686850.0,1627050.0,-0.072482035,1.4370944,225,0
atitlan,2026-03-24,687150.0,1627050.0,-0.074500784,1.3190597,225,0
atitlan,2026-03-24,687450.0,1627050.0,-0.076102346,1.2264405,225,0
atitlan,2026-03-24,687750.0,1627050.0,-0.075623624,1.2506542,225,0
atitlan,2026-03-24,688050.0,1627050.0,-0.077425994,1.138962,225,0
atitlan,2026-03-24,688350.0,1627050.0,-0.07541614,1.2661765,225,0
atitlan,2026-03-24,688650.0,1627050.0,-0.07621075,1.2165091,225,0
atitlan,2026-03-24,688950.0,1627050.0,-0.07702034,1.1556752,225,0
atitlan,2026-03-24,689250.0,1627050.0,-0.08017917,0.97319376,225,0
atitlan,2026-03-24,689550.0,1627050.0,-0.08322769,0.80073184,225,0
atitlan,2026-03-24,689850.0,1627050.0,-0.08243079,0.8366845,225,0
atitlan,2026-03-24,690150.0,1627050.0,-0.080793805,0.93415225,225,0
atitlan,2026-03-24,690450.0,1627050.0,-0.083236486,0.79113656,225,0
atitlan,2026-03-24,690750.0,1627050.0,-0.08133647,0.8993414,225,0
atitlan,2026-03-24,691050.0,1627050.0,-0.08154159,0.8887595,225,0
atitlan,2026-03-24,691350.0,1627050.0,-0.07712861,1.1571642,225,0
atitlan,2026-03-24,691650.0,1627050.0,-0.07743995,1.1255692,225,0
atitlan,2026-03-24,691950.0,1627050.0,-0.07988648,0.9859624,225,0
atitlan,2026-03-24,692250.0,1627050.0,-0.07853652,1.0717392,225,0
atitlan,2026-03-24,692550.0,1627050.0,-0.077682786,1.1250237,225,0
atitlan,2026-03-24,692850.0,1627050.0,-0.07880638,1.0555634,225,0
atitlan,2026-03-24,693150.0,1627050.0,-0.07857249,1.0692297,225,0
atitlan,2026-03-24,693450.0,1627050.0,-0.07916561,1.0243319,225,0
atitlan,2026-03-24,693750.0,1627050.0,-0.08047032,0.9627792,225,0
atitlan,2026-03-24,694050.0,1627050.0,-0.07967273,1.0062398,225,0
atitlan,2026-03-24,694350.0,1627050.0,-0.08238351,0.84895235,225,0
atitlan,2026-03-24,694650.0,1627050.0,-0.08178449,0.8772419,225,0
atitlan,2026-03-24,694950.0,1627050.0,-0.082183324,0.8579382,225,0
atitlan,2026-03-24,695250.0,1627050.0,-0.080797374,0.9334802,225,0
atitlan,2026-03-24,695550.0,1627050.0,-0.082227156,0.8527889,225,0
atitlan,2026-03-24,695850.0,1627050.0,-0.0802725,0.97590494,225,0
atitlan,2026-03-24,696150.0,1627050.0,-0.08299077,0.8166808,225,0
atitlan,2026-03-24,696450.0,1627050.0,-0.084776945,0.72599083,225,0
atitlan,2026-03-24,696750.0,1627050.0,-0.08339894,0.7794675,225,0
atitlan,2026-03-24,697050.0,1627050.0,-0.082618855,0.83443624,225,0
atitlan,2026-03-24,697350.0,1627050.0,-0.08269533,0.8265563,225,0
atitlan,2026-03-24,697650.0,1627050.0,-0.079511866,1.0114254,225,0
atitlan,2026-03-24,697950.0,1627050.0,-0.07714719,1.1498189,225,0
atitlan,2026-03-24,698250.0,1627050.0,-0.08028405,0.9669321,225,0
atitlan,2026-03-24,698550.0,1627050.0,-0.081044696,0.93189704,225,0
atitlan,2026-03-24,698850.0,1627050.0,-0.08065606,0.94438225,225,0
atitlan,2026-03-24,699150.0,1627050.0,-0.08085868,0.9383146,225,0
atitlan,2026-03-24,699450.0,1627050.0,-0.08345804,0.7874868,225,0
atitlan,2026-03-24,699750.0,1627050.0,-0.07994596,0.996143,225,0
atitlan,2026-03-24,700050.0,1627050.0,-0.07702052,1.1630125,225,0
atitlan,2026-03-24,700350.0,1627050.0,-0.07681671,1.1746203,225,0
atitlan,2026-03-24,700650.0,1627050.0,-0.07279643,1.4038128,225,0
atitlan,2026-03-24,700950.0,1627050.0,-0.07122116,1.498041,225,0
atitlan,2026-03-24,701250.0,1627050.0,0.06764321,4.8161306,225,0
atitlan,2026-03-24,701550.0,1627050.0,0.108790435,5.23727,225,0
atitlan,2026-03-24,701850.0,1627050.0,0.1589909,7.0411954,225,0
atitlan,2026-03-24,702150.0,1627050.0,0.23534729,10.992315,225,0
atitlan,2026-03-24,702450.0,1627050.0,0.18596578,8.166505,225,0
atitlan,2026-03-24,702750.0,1627050.0,0.16809168,7.546586,225,0
atitlan,2026-03-24,703050.0,1627050.0,0.19996186,9.793102,225,0
atitlan,2026-03-24,703350.0,1627050.0,0.15368491,7.686893,225,0
atitlan,2026-03-24,703650.0,1627050.0,0.114106834,6.193565,225,0
atitlan,2026-03-24,703950.0,1627050.0,0.08991531,6.343576,225,0
atitlan,2026-03-24,704250.0,1627050.0,0.14027554,7.1910524,225,0
atitlan,2026-03-24,704550.0,1627050.0,0.20223947,8.997965,225,0
atitlan,2026-03-24,704850.0,1627050.0,0.19266035,9.116005,225,0
atitlan,2026-03-24,705150.0,1627050.0,0.13001478,6.7927237,225,0
atitlan,2026-03-24,705450.0,1627050.0,0.14533482,6.4352894,225,0
atitlan,2026-03-24,705750.0,1627050.0,0.13751283,6.76249,225,0
atitlan,2026-03-24,706050.0,1627050.0,0.14928001,7.0094166,225,0
atitlan,2026-03-24,706350.0,1627050.0,0.17466018,7.66858,225,0
atitlan,2026-03-24,706650.0,1627050.0,0.18293455,7.7878695,225,0
atitlan,2026-03-24,706950.0,1627050.0,0.19308116,8.659099,225,0
atitlan,2026-03-24,707250.0,1627050.0,0.18585846,9.8504,225,0
atitlan,2026-03-24,707550.0,1627050.0,0.17248112,7.193928,225,0
atitlan,2026-03-24,707850.0,1627050.0,0.17597325,8.465311,45,0
atitlan,2026-03-24,680250.0,1627350.0,0.3114292,19.405209,180,1
atitlan,2026-03-24,680550.0,1627350.0,0.31924233,20.220068,225,1
atitlan,2026-03-24,680850.0,1627350.0,0.28074986,15.379771,225,1
atitlan,2026-03-24,681150.0,1627350.0,0.28120154,15.847264,225,1
atitlan,2026-03-24,681450.0,1627350.0,0.29761598,18.733587,225,1
atitlan,2026-03-24,681750.0,1627350.0,0.17568713,10.724644,225,0
atitlan,2026-03-24,682050.0,1627350.0,0.18430567,10.28737,225,0
atitlan,2026-03-24,682350.0,1627350.0,0.11265361,7.270154,225,0
atitlan,2026-03-24,682650.0,1627350.0,0.056684457,4.998321,225,0
atitlan,2026-03-24,682950.0,1627350.0,0.1756423,10.121404,225,0
atitlan,2026-03-24,683250.0,1627350.0,0.21419497,11.198045,225,0
atitlan,2026-03-24,683550.0,1627350.0,0.19833325,10.786439,225,0
atitlan,2026-03-24,683850.0,1627350.0,0.18992183,8.109472,225,0
atitlan,2026-03-24,684150.0,1627350.0,0.20112793,8.566592,225,0
atitlan,2026-03-24,684450.0,1627350.0,0.13841823,5.975445,225,0
atitlan,2026-03-24,684750.0,1627350.0,0.12721409,6.0003715,225,0
atitlan,2026-03-24,685050.0,1627350.0,0.1648971,7.442872,225,0
atitlan,2026-03-24,685350.0,1627350.0,0.1080925,5.7720757,225,0
atitlan,2026-03-24,685650.0,1627350.0,0.10309797,5.878134,225,0
atitlan,2026-03-24,685950.0,1627350.0,0.01907513,3.8584726,225,0
atitlan,2026-03-24,686250.0,1627350.0,-0.06116033,2.0291066,225,0
atitlan,2026-03-24,686550.0,1627350.0,-0.06917842,1.6184504,225,0
atitlan,2026-03-24,686850.0,1627350.0,-0.07278585,1.4180899,225,0
atitlan,2026-03-24,687150.0,1627350.0,-0.07424005,1.3300118,225,0
atitlan,2026-03-24,687450.0,1627350.0,-0.074023515,1.3507199,225,0
atitlan,2026-03-24,687750.0,1627350.0,-0.07416609,1.3387953,225,0
atitlan,2026-03-24,688050.0,1627350.0,-0.07364887,1.3648415,225,0
atitlan,2026-03-24,688350.0,1627350.0,-0.07675554,1.1842121,225,0
atitlan,2026-03-24,688650.0,1627350.0,-0.07722325,1.1544683,225,0
atitlan,2026-03-24,688950.0,1627350.0,-0.07940862,1.0198154,225,0
atitlan,2026-03-24,689250.0,1627350.0,-0.07888074,1.0472883,225,0
atitlan,2026-03-24,689550.0,1627350.0,-0.07853623,1.061745,225,0
atitlan,2026-03-24,689850.0,1627350.0,-0.07755817,1.127644,225,0
atitlan,2026-03-24,690150.0,1627350.0,-0.077130616,1.1530015,225,0
atitlan,2026-03-24,690450.0,1627350.0,-0.07514631,1.2701267,225,0
atitlan,2026-03-24,690750.0,1627350.0,-0.07302122,1.3939809,225,0
atitlan,2026-03-24,691050.0,1627350.0,-0.076281376,1.19886,225,0
atitlan,2026-03-24,691350.0,1627350.0,-0.07743331,1.1312983,225,0
atitlan,2026-03-24,691650.0,1627350.0,-0.07449326,1.3029093,225,0
atitlan,2026-03-24,691950.0,1627350.0,-0.080730364,0.95520025,225,0
atitlan,2026-03-24,692250.0,1627350.0,-0.08224038,0.8561614,225,0
atitlan,2026-03-24,692550.0,1627350.0,-0.082796074,0.8264844,225,0
atitlan,2026-03-24,692850.0,1627350.0,-0.08284509,0.8313781,225,0
atitlan,2026-03-24,693150.0,1627350.0,-0.08231931,0.84622985,225,0
atitlan,2026-03-24,693450.0,1627350.0,-0.08190333,0.8678577,225,0
atitlan,2026-03-24,693750.0,1627350.0,-0.08157441,0.8929227,225,0
atitlan,2026-03-24,694050.0,1627350.0,-0.07955732,1.0116317,225,0
atitlan,2026-03-24,694350.0,1627350.0,-0.081657395,0.90250844,225,0
atitlan,2026-03-24,694650.0,1627350.0,-0.08102873,0.93170017,225,0
atitlan,2026-03-24,694950.0,1627350.0,-0.07937457,1.0151898,225,0
atitlan,2026-03-24,695250.0,1627350.0,-0.08112478,0.922287,225,0
atitlan,2026-03-24,695550.0,1627350.0,-0.08237409,0.8453999,225,0
atitlan,2026-03-24,695850.0,1627350.0,-0.080671705,0.94939333,225,0
atitlan,2026-03-24,696150.0,1627350.0,-0.08231581,0.8528229,225,0
atitlan,2026-03-24,696450.0,1627350.0,-0.08183444,0.8764627,225,0
atitlan,2026-03-24,696750.0,1627350.0,-0.08353668,0.7769328,225,0
atitlan,2026-03-24,697050.0,1627350.0,-0.083481535,0.7963996,225,0
atitlan,2026-03-24,697350.0,1627350.0,-0.08150951,0.9011783,225,0
atitlan,2026-03-24,697650.0,1627350.0,-0.081372656,0.9048931,225,0
atitlan,2026-03-24,697950.0,1627350.0,-0.080502436,0.9620805,225,0
atitlan,2026-03-24,698250.0,1627350.0,-0.080785125,0.94068813,225,0
atitlan,2026-03-24,698550.0,1627350.0,-0.083123684,0.8262835,225,0
atitlan,2026-03-24,698850.0,1627350.0,-0.081648305,0.8960646,225,0
atitlan,2026-03-24,699150.0,1627350.0,-0.08028763,0.9763695,225,0
atitlan,2026-03-24,699450.0,1627350.0,-0.07954672,1.0123477,225,0
atitlan,2026-03-24,699750.0,1627350.0,-0.078169584,1.0934043,225,0
atitlan,2026-03-24,700050.0,1627350.0,-0.07519272,1.2654899,225,0
atitlan,2026-03-24,700350.0,1627350.0,-0.07485112,1.2880217,225,0
atitlan,2026-03-24,700650.0,1627350.0,-0.07196179,1.4502999,225,0
atitlan,2026-03-24,700950.0,1627350.0,-0.06764195,1.6855937,225,0
atitlan,2026-03-24,701250.0,1627350.0,0.11620765,6.2899137,225,0
atitlan,2026-03-24,701550.0,1627350.0,0.10660052,5.283392,225,0
atitlan,2026-03-24,701850.0,1627350.0,0.17323779,7.2745476,225,0
atitlan,2026-03-24,702150.0,1627350.0,0.2011839,8.547701,225,0
atitlan,2026-03-24,702450.0,1627350.0,0.18024865,8.683819,225,0
atitlan,2026-03-24,702750.0,1627350.0,0.1548062,7.610088,225,0
atitlan,2026-03-24,703050.0,1627350.0,0.1882547,8.931508,225,0
atitlan,2026-03-24,703350.0,1627350.0,0.20708713,10.73408,225,0
atitlan,2026-03-24,703650.0,1627350.0,0.12719737,6.1369033,225,0
atitlan,2026-03-24,703950.0,1627350.0,0.11826628,6.677578,225,0
atitlan,2026-03-24,704250.0,1627350.0,0.17692997,8.802768,225,0
atitlan,2026-03-24,704550.0,1627350.0,0.11801223,6.467172,225,0
atitlan,2026-03-24,704850.0,1627350.0,0.090483,6.214879,225,0
atitlan,2026-03-24,705150.0,1627350.0,0.17210267,8.10134,225,0
atitlan,2026-03-24,705450.0,1627350.0,0.1539014,6.854386,225,0
atitlan,2026-03-24,705750.0,1627350.0,0.17656879,7.949616,225,0
atitlan,2026-03-24,706050.0,1627350.0,0.07716617,5.0281363,225,0
atitlan,2026-03-24,706350.0,1627350.0,0.09729191,5.1835637,225,0
atitlan,2026-03-24,706650.0,1627350.0,0.15396371,6.2385364,225,0
atitlan,2026-03-24,706950.0,1627350.0,0.18842214,8.139966,225,0
atitlan,2026-03-24,707250.0,1627350.0,0.19532768,7.9967484,225,0
atitlan,2026-03-24,707550.0,1627350.0,0.19457097,8.1491375,225,0
atitlan,2026-03-24,707850.0,1627350.0,0.16401081,6.8023157,45,0
atitlan,2026-03-24,680250.0,1627650.0,0.3239385,20.4259,180,1
atitlan,2026-03-24,680550.0,1627650.0,0.32105854,20.093174,225,1
atitlan,2026-03-24,680850.0,1627650.0,0.2762066,15.833732,225,1
atitlan,2026-03-24,681150.0,1627650.0,0.2631956,15.35156,225,1
atitlan,2026-03-24,681450.0,1627650.0,0.2653567,16.064667,225,1
atitlan,2026-03-24,681750.0,1627650.0,0.22903495,13.172738,225,1
atitlan,2026-03-24,682050.0,1627650.0,0.10513762,7.224679,225,0
atitlan,2026-03-24,682350.0,1627650.0,0.14198744,8.680846,225,0
atitlan,2026-03-24,682650.0,1627650.0,0.09483368,6.444469,225,0
atitlan,2026-03-24,682950.0,1627650.0,0.057336133,4.751466,225,0
atitlan,2026-03-24,683250.0,1627650.0,0.09431905,5.897009,225,0
atitlan,2026-03-24,683550.0,1627650.0,0.15773626,8.073787,225,0
atitlan,2026-03-24,683850.0,1627650.0,0.20353296,9.432132,225,0
atitlan,2026-03-24,684150.0,1627650.0,0.22326756,10.629046,225,0
atitlan,2026-03-24,684450.0,1627650.0,0.1729631,7.259847,225,0
atitlan,2026-03-24,684750.0,1627650.0,0.16094491,6.640937,225,0
atitlan,2026-03-24,685050.0,1627650.0,0.15763111,7.0122056,225,0
atitlan,2026-03-24,685350.0,1627650.0,0.17768486,8.290571,225,0
atitlan,2026-03-24,685650.0,1627650.0,0.14695916,7.086726,225,0
atitlan,2026-03-24,685950.0,1627650.0,0.15960191,7.7049747,225,0
atitlan,2026-03-24,686250.0,1627650.0,0.05545848,4.799965,225,0
atitlan,2026-03-24,686550.0,1627650.0,-0.058405325,2.0497618,225,0
atitlan,2026-03-24,686850.0,1627650.0,-0.0711599,1.50697,225,0
atitlan,2026-03-24,687150.0,1627650.0,-0.07305194,1.40145,225,0
atitlan,2026-03-24,687450.0,1627650.0,-0.07444647,1.3250697,225,0
atitlan,2026-03-24,687750.0,1627650.0,-0.075212985,1.2756042,225,0
atitlan,2026-03-24,688050.0,1627650.0,-0.07730474,1.1539106,225,0
atitlan,2026-03-24,688350.0,1627650.0,-0.07838931,1.0859922,225,0
atitlan,2026-03-24,688650.0,1627650.0,-0.080666654,0.94290507,225,0
atitlan,2026-03-24,688950.0,1627650.0,-0.07039267,1.5456514,225,0
atitlan,2026-03-24,689250.0,1627650.0,-0.07206211,1.4437121,225,0
atitlan,2026-03-24,689550.0,1627650.0,-0.07498333,1.281899,225,0
atitlan,2026-03-24,689850.0,1627650.0,-0.07687078,1.1544012,225,0
atitlan,2026-03-24,690150.0,1627650.0,-0.07759991,1.1250945,225,0
atitlan,2026-03-24,690450.0,1627650.0,-0.07995846,0.99266726,225,0
atitlan,2026-03-24,690750.0,1627650.0,-0.08081608,0.93373865,225,0
atitlan,2026-03-24,691050.0,1627650.0,-0.07983353,0.9927615,225,0
atitlan,2026-03-24,691350.0,1627650.0,-0.0801741,0.97070855,225,0
atitlan,2026-03-24,691650.0,1627650.0,-0.0762775,1.2020811,225,0
atitlan,2026-03-24,691950.0,1627650.0,-0.079768084,1.000392,225,0
atitlan,2026-03-24,692250.0,1627650.0,-0.08239437,0.84747314,225,0
atitlan,2026-03-24,692550.0,1627650.0,-0.07936504,1.0274705,225,0
atitlan,2026-03-24,692850.0,1627650.0,-0.08083201,0.94592977,225,0
atitlan,2026-03-24,693150.0,1627650.0,-0.07961925,1.0002313,225,0
atitlan,2026-03-24,693450.0,1627650.0,-0.08208415,0.8713152,225,0
atitlan,2026-03-24,693750.0,1627650.0,-0.08218701,0.86203516,225,0
atitlan,2026-03-24,694050.0,1627650.0,-0.07931118,1.0341094,225,0
atitlan,2026-03-24,694350.0,1627650.0,-0.07820672,1.090625,225,0
atitlan,2026-03-24,694650.0,1627650.0,-0.080841966,0.945219,225,0
atitlan,2026-03-24,694950.0,1627650.0,-0.08005923,0.9798565,225,0
atitlan,2026-03-24,695250.0,1627650.0,-0.081569955,0.89600194,225,0
atitlan,2026-03-24,695550.0,1627650.0,-0.080547325,0.9639101,225,0
atitlan,2026-03-24,695850.0,1627650.0,-0.08264338,0.8374496,225,0
atitlan,2026-03-24,696150.0,1627650.0,-0.08402929,0.74723285,225,0
atitlan,2026-03-24,696450.0,1627650.0,-0.08450452,0.72234225,225,0
atitlan,2026-03-24,696750.0,1627650.0,-0.08489965,0.71792275,225,0
atitlan,2026-03-24,697050.0,1627650.0,-0.085291296,0.6846025,225,0
atitlan,2026-03-24,697350.0,1627650.0,-0.08289706,0.8305107,225,0
atitlan,2026-03-24,697650.0,1627650.0,-0.08064393,0.95050114,225,0
atitlan,2026-03-24,697950.0,1627650.0,-0.07968551,1.0109704,225,0
atitlan,2026-03-24,698250.0,1627650.0,-0.07873143,1.0658993,225,0
atitlan,2026-03-24,698550.0,1627650.0,-0.08069815,0.95148265,225,0
atitlan,2026-03-24,698850.0,1627650.0,-0.08219547,0.86181,225,0
atitlan,2026-03-24,699150.0,1627650.0,-0.08015834,0.97249883,225,0
atitlan,2026-03-24,699450.0,1627650.0,-0.0801715,0.9874532,225,0
atitlan,2026-03-24,699750.0,1627650.0,-0.079120584,1.0457518,225,0
atitlan,2026-03-24,700050.0,1627650.0,-0.07594582,1.2180252,225,0
atitlan,2026-03-24,700350.0,1627650.0,-0.076325156,1.1990128,225,0
atitlan,2026-03-24,700650.0,1627650.0,-0.07321922,1.3820041,225,0
atitlan,2026-03-24,700950.0,1627650.0,-0.04223149,2.4460435,225,0
atitlan,2026-03-24,701250.0,1627650.0,0.13165694,6.287448,225,0
atitlan,2026-03-24,701550.0,1627650.0,0.106514655,5.1970677,225,0
atitlan,2026-03-24,701850.0,1627650.0,0.13878752,6.143748,225,0
atitlan,2026-03-24,702150.0,1627650.0,0.17842545,8.092916,225,0
atitlan,2026-03-24,702450.0,1627650.0,0.19082373,8.586448,225,0
atitlan,2026-03-24,702750.0,1627650.0,0.14958125,7.4666224,225,0
atitlan,2026-03-24,703050.0,1627650.0,0.1252946,6.233276,225,0
atitlan,2026-03-24,703350.0,1627650.0,0.17685986,9.316255,225,0
atitlan,2026-03-24,703650.0,1627650.0,0.15996327,7.996934,225,0
atitlan,2026-03-24,703950.0,1627650.0,0.17665327,8.661691,225,0
atitlan,2026-03-24,704250.0,1627650.0,0.112144075,6.4836345,225,0
atitlan,2026-03-24,704550.0,1627650.0,0.10888575,6.643822,225,0
atitlan,2026-03-24,704850.0,1627650.0,0.12984304,6.735469,225,0
atitlan,2026-03-24,705150.0,1627650.0,0.122933716,6.2413874,225,0
atitlan,2026-03-24,705450.0,1627650.0,0.11178548,6.096249,225,0
atitlan,2026-03-24,705750.0,1627650.0,0.16407213,7.278379,225,0
atitlan,2026-03-24,706050.0,1627650.0,0.107868575,5.833146,225,0
atitlan,2026-03-24,706350.0,1627650.0,0.12825261,6.3595247,225,0
atitlan,2026-03-24,706650.0,1627650.0,0.14125268,6.2964983,225,0
atitlan,2026-03-24,706950.0,1627650.0,0.18811138,7.7900167,225,0
atitlan,2026-03-24,707250.0,1627650.0,0.14162785,6.6585417,225,0
atitlan,2026-03-24,707550.0,1627650.0,0.16089092,6.8515205,225,0
atitlan,2026-03-24,707850.0,1627650.0,0.17754842,7.5178895,45,0
atitlan,2026-03-24,680250.0,1627950.0,0.3329582,21.85147,180,1
atitlan,2026-03-24,680550.0,1627950.0,0.30887336,19.367317,225,1
atitlan,2026-03-24,680850.0,1627950.0,0.27516696,16.038073,225,1
atitlan,2026-03-24,681150.0,1627950.0,0.26985645,14.96233,225,1
atitlan,2026-03-24,681450.0,1627950.0,0.2791968,15.85011,225,1
atitlan,2026-03-24,681750.0,1627950.0,0.23704438,14.153396,225,1
atitlan,2026-03-24,682050.0,1627950.0,0.14166053,9.457856,225,0
atitlan,2026-03-24,682350.0,1627950.0,0.106321655,6.7133484,225,0
atitlan,2026-03-24,682650.0,1627950.0,0.12404315,7.1467404,225,0
atitlan,2026-03-24,682950.0,1627950.0,0.12577394,7.4598236,225,0
atitlan,2026-03-24,683250.0,1627950.0,0.1432859,8.312739,225,0
atitlan,2026-03-24,683550.0,1627950.0,0.20374118,9.654508,225,0
atitlan,2026-03-24,683850.0,1627950.0,0.19717185,8.699574,225,0
atitlan,2026-03-24,684150.0,1627950.0,0.21039726,9.457031,225,0
atitlan,2026-03-24,684450.0,1627950.0,0.18302904,8.219539,225,0
atitlan,2026-03-24,684750.0,1627950.0,0.2011016,8.67484,225,0
atitlan,2026-03-24,685050.0,1627950.0,0.17336054,7.2615914,225,0
atitlan,2026-03-24,685350.0,1627950.0,0.17290495,7.7894855,225,0
atitlan,2026-03-24,685650.0,1627950.0,0.17547727,7.1047535,225,0
atitlan,2026-03-24,685950.0,1627950.0,0.09785507,6.0381575,225,0
atitlan,2026-03-24,686250.0,1627950.0,0.11731001,6.2976236,225,0
atitlan,2026-03-24,686550.0,1627950.0,0.039272532,4.5533767,225,0
atitlan,2026-03-24,686850.0,1627950.0,-0.06656011,1.7615463,225,0
atitlan,2026-03-24,687150.0,1627950.0,-0.06636282,1.6778454,225,0
atitlan,2026-03-24,687450.0,1627950.0,-0.0663014,1.716805,225,0
atitlan,2026-03-24,687750.0,1627950.0,-0.07025053,1.5558373,225,0
atitlan,2026-03-24,688050.0,1627950.0,-0.07120851,1.5089383,225,0
atitlan,2026-03-24,688350.0,1627950.0,-0.07268049,1.4231409,225,0
atitlan,2026-03-24,688650.0,1627950.0,-0.07369208,1.3697937,225,0
atitlan,2026-03-24,688950.0,1627950.0,-0.07321957,1.3851347,225,0
atitlan,2026-03-24,689250.0,1627950.0,-0.07667115,1.1832552,225,0
atitlan,2026-03-24,689550.0,1627950.0,-0.07591488,1.2231144,225,0
atitlan,2026-03-24,689850.0,1627950.0,-0.07610913,1.2097692,225,0
atitlan,2026-03-24,690150.0,1627950.0,-0.076410994,1.1974198,225,0
atitlan,2026-03-24,690450.0,1627950.0,-0.077412955,1.1331843,225,0
atitlan,2026-03-24,690750.0,1627950.0,-0.077829584,1.1136501,225,0
atitlan,2026-03-24,691050.0,1627950.0,-0.074703015,1.28832,225,0
atitlan,2026-03-24,691350.0,1627950.0,-0.0789856,1.0531135,225,0
atitlan,2026-03-24,691650.0,1627950.0,-0.07633722,1.1975918,225,0
atitlan,2026-03-24,691950.0,1627950.0,-0.07829863,1.0921092,225,0
atitlan,2026-03-24,692250.0,1627950.0,-0.08116427,0.9271611,225,0
atitlan,2026-03-24,692550.0,1627950.0,-0.07963329,1.0137032,225,0
atitlan,2026-03-24,692850.0,1627950.0,-0.08056348,0.9650497,225,0
atitlan,2026-03-24,693150.0,1627950.0,-0.08093455,0.938961,225,0
atitlan,2026-03-24,693450.0,1627950.0,-0.081611685,0.91818905,225,0
atitlan,2026-03-24,693750.0,1627950.0,-0.08086501,0.9347289,225,0
atitlan,2026-03-24,694050.0,1627950.0,-0.07997551,0.99248016,225,0
atitlan,2026-03-24,694350.0,1627950.0,-0.07974429,1.001264,225,0
atitlan,2026-03-24,694650.0,1627950.0,-0.08241306,0.8604508,225,0
atitlan,2026-03-24,694950.0,1627950.0,-0.082376994,0.8465891,225,0
atitlan,2026-03-24,695250.0,1627950.0,-0.08321244,0.80123323,225,0
atitlan,2026-03-24,695550.0,1627950.0,-0.08053552,0.9447355,225,0
atitlan,2026-03-24,695850.0,1627950.0,-0.083420366,0.79381007,225,0
atitlan,2026-03-24,696150.0,1627950.0,-0.08414258,0.73498327,225,0
atitlan,2026-03-24,696450.0,1627950.0,-0.08538162,0.6701003,225,0
atitlan,2026-03-24,696750.0,1627950.0,-0.084387794,0.76162297,225,0
atitlan,2026-03-24,697050.0,1627950.0,-0.083293416,0.7936433,225,0
atitlan,2026-03-24,697350.0,1627950.0,-0.0813499,0.8967498,225,0
atitlan,2026-03-24,697650.0,1627950.0,-0.08084447,0.9311568,225,0
atitlan,2026-03-24,697950.0,1627950.0,-0.080163024,0.9757882,225,0
atitlan,2026-03-24,698250.0,1627950.0,-0.081425406,0.8961407,225,0
atitlan,2026-03-24,698550.0,1627950.0,-0.083092034,0.81534094,225,0
atitlan,2026-03-24,698850.0,1627950.0,-0.08273193,0.83347064,225,0
atitlan,2026-03-24,699150.0,1627950.0,-0.07995154,0.99617636,225,0
atitlan,2026-03-24,699450.0,1627950.0,-0.07947481,1.0049746,225,0
atitlan,2026-03-24,699750.0,1627950.0,-0.07798623,1.1023307,225,0
atitlan,2026-03-24,700050.0,1627950.0,-0.074096374,1.3294996,225,0
atitlan,2026-03-24,700350.0,1627950.0,-0.06945717,1.588672,225,0
atitlan,2026-03-24,700650.0,1627950.0,-0.06748922,1.7001884,225,0
atitlan,2026-03-24,700950.0,1627950.0,0.038936943,4.803413,225,0
atitlan,2026-03-24,701250.0,1627950.0,0.11414897,5.7462287,225,0
atitlan,2026-03-24,701550.0,1627950.0,0.12158019,5.764231,225,0
atitlan,2026-03-24,701850.0,1627950.0,0.18034522,7.9686036,225,0
atitlan,2026-03-24,702150.0,1627950.0,0.17924625,9.158492,225,0
atitlan,2026-03-24,702450.0,1627950.0,0.10364592,6.553289,225,0
atitlan,2026-03-24,702750.0,1627950.0,0.21281658,10.0535345,225,0
atitlan,2026-03-24,703050.0,1627950.0,0.09621528,7.076281,225,0
atitlan,2026-03-24,703350.0,1627950.0,0.12801947,7.8463717,225,0
atitlan,2026-03-24,703650.0,1627950.0,0.09259369,5.5426955,225,0
atitlan,2026-03-24,703950.0,1627950.0,0.11869989,6.5402136,225,0
atitlan,2026-03-24,704250.0,1627950.0,0.1238355,7.1124263,225,0
atitlan,2026-03-24,704550.0,1627950.0,0.1130705,6.7021337,225,0
atitlan,2026-03-24,704850.0,1627950.0,0.118686184,7.0154924,225,0
atitlan,2026-03-24,705150.0,1627950.0,0.1663583,8.054825,225,0
atitlan,2026-03-24,705450.0,1627950.0,0.18846163,8.196384,225,0
atitlan,2026-03-24,705750.0,1627950.0,0.15518793,6.7543087,225,0
atitlan,2026-03-24,706050.0,1627950.0,0.13672112,6.4912853,225,0
atitlan,2026-03-24,706350.0,1627950.0,0.20069152,7.9698763,225,0
atitlan,2026-03-24,706650.0,1627950.0,0.18299538,7.68756,225,0
atitlan,2026-03-24,706950.0,1627950.0,0.12393323,5.6855927,225,0
atitlan,2026-03-24,707250.0,1627950.0,0.17555629,7.5939126,225,0
atitlan,2026-03-24,707550.0,1627950.0,0.18060416,7.513049,225,0
atitlan,2026-03-24,707850.0,1627950.0,0.16749324,6.957091,45,0
atitlan,2026-03-24,680250.0,1628250.0,0.30829757,21.240025,180,1
atitlan,2026-03-24,680550.0,1628250.0,0.31336734,21.405642,225,1
atitlan,2026-03-24,680850.0,1628250.0,0.24947138,13.459604,225,1
atitlan,2026-03-24,681150.0,1628250.0,0.2882324,17.704565,225,1
atitlan,2026-03-24,681450.0,1628250.0,0.28641188,16.514978,225,1
atitlan,2026-03-24,681750.0,1628250.0,0.2936485,16.995926,225,1
atitlan,2026-03-24,682050.0,1628250.0,0.24446106,12.974644,225,1
atitlan,2026-03-24,682350.0,1628250.0,0.20091806,11.481726,225,0
atitlan,2026-03-24,682650.0,1628250.0,0.1813556,9.949454,225,0
atitlan,2026-03-24,682950.0,1628250.0,0.25789756,13.8547125,225,1
atitlan,2026-03-24,683250.0,1628250.0,0.24064836,13.513963,225,1
atitlan,2026-03-24,683550.0,1628250.0,0.226643,11.481121,225,0
atitlan,2026-03-24,683850.0,1628250.0,0.1782153,7.377808,225,0
atitlan,2026-03-24,684150.0,1628250.0,0.22394706,10.203032,225,0
atitlan,2026-03-24,684450.0,1628250.0,0.21787815,9.302207,225,0
atitlan,2026-03-24,684750.0,1628250.0,0.20354316,8.568243,225,0
atitlan,2026-03-24,685050.0,1628250.0,0.19556732,8.247777,225,0
atitlan,2026-03-24,685350.0,1628250.0,0.16481124,6.871527,225,0
atitlan,2026-03-24,685650.0,1628250.0,0.16967236,7.4041996,225,0
atitlan,2026-03-24,685950.0,1628250.0,0.03773947,4.4872026,225,0
atitlan,2026-03-24,686250.0,1628250.0,0.13009943,6.4351068,225,0
atitlan,2026-03-24,686550.0,1628250.0,0.1135449,6.455259,225,0
atitlan,2026-03-24,686850.0,1628250.0,-0.052445803,2.4001698,225,0
atitlan,2026-03-24,687150.0,1628250.0,0.021449218,3.7284443,225,0
atitlan,2026-03-24,687450.0,1628250.0,0.08778878,6.1605635,225,0
atitlan,2026-03-24,687750.0,1628250.0,-0.032565,2.7899952,225,0
atitlan,2026-03-24,688050.0,1628250.0,-0.036323376,2.628249,225,0
atitlan,2026-03-24,688350.0,1628250.0,-0.006750737,3.307524,225,0
atitlan,2026-03-24,688650.0,1628250.0,-0.013830777,3.5047,225,0
atitlan,2026-03-24,688950.0,1628250.0,-0.06529773,1.7954128,225,0
atitlan,2026-03-24,689250.0,1628250.0,-0.07096556,1.5125264,225,0
atitlan,2026-03-24,689550.0,1628250.0,-0.07324799,1.3800904,225,0
atitlan,2026-03-24,689850.0,1628250.0,-0.07404218,1.307648,225,0
atitlan,2026-03-24,690150.0,1628250.0,-0.076106645,1.2102165,225,0
atitlan,2026-03-24,690450.0,1628250.0,-0.07765574,1.1229504,225,0
atitlan,2026-03-24,690750.0,1628250.0,-0.079542026,1.0107358,225,0
atitlan,2026-03-24,691050.0,1628250.0,-0.07648671,1.1863992,225,0
atitlan,2026-03-24,691350.0,1628250.0,-0.07900914,1.0406389,225,0
atitlan,2026-03-24,691650.0,1628250.0,-0.07710472,1.1598042,225,0
atitlan,2026-03-24,691950.0,1628250.0,-0.07910408,1.0268539,225,0
atitlan,2026-03-24,692250.0,1628250.0,-0.080279805,0.9687365,225,0
atitlan,2026-03-24,692550.0,1628250.0,-0.081964634,0.87979275,225,0
atitlan,2026-03-24,692850.0,1628250.0,-0.083391674,0.78464276,225,0
atitlan,2026-03-24,693150.0,1628250.0,-0.081493326,0.91878223,225,0
atitlan,2026-03-24,693450.0,1628250.0,-0.08304992,0.80851793,225,0
atitlan,2026-03-24,693750.0,1628250.0,-0.08156649,0.9015081,225,0
atitlan,2026-03-24,694050.0,1628250.0,-0.079483144,1.0267607,225,0
atitlan,2026-03-24,694350.0,1628250.0,-0.0798546,0.9916843,225,0
atitlan,2026-03-24,694650.0,1628250.0,-0.08051334,0.94665134,225,0
atitlan,2026-03-24,694950.0,1628250.0,-0.080227755,0.97196734,225,0
atitlan,2026-03-24,695250.0,1628250.0,-0.08162349,0.90578,225,0
atitlan,2026-03-24,695550.0,1628250.0,-0.081479,0.89670223,225,0
atitlan,2026-03-24,695850.0,1628250.0,-0.08501687,0.7217051,225,0
atitlan,2026-03-24,696150.0,1628250.0,-0.08717077,0.6096198,225,0
atitlan,2026-03-24,696450.0,1628250.0,-0.0881509,0.553834,225,0
atitlan,2026-03-24,696750.0,1628250.0,-0.086962685,0.5846835,225,0
atitlan,2026-03-24,697050.0,1628250.0,-0.08437408,0.73241633,225,0
atitlan,2026-03-24,697350.0,1628250.0,-0.08246955,0.8393523,225,0
atitlan,2026-03-24,697650.0,1628250.0,-0.07988346,0.9947013,225,0
atitlan,2026-03-24,697950.0,1628250.0,-0.07777635,1.1200784,225,0
atitlan,2026-03-24,698250.0,1628250.0,-0.077685185,1.1211401,225,0
atitlan,2026-03-24,698550.0,1628250.0,-0.078213595,1.0877337,225,0
atitlan,2026-03-24,698850.0,1628250.0,-0.077708974,1.1141077,225,0
atitlan,2026-03-24,699150.0,1628250.0,-0.07819091,1.0913291,225,0
atitlan,2026-03-24,699450.0,1628250.0,-0.07768094,1.1272795,225,0
atitlan,2026-03-24,699750.0,1628250.0,-0.0766932,1.1893764,225,0
atitlan,2026-03-24,700050.0,1628250.0,-0.07341835,1.3699802,225,0
atitlan,2026-03-24,700350.0,1628250.0,-0.046140455,2.2929168,225,0
atitlan,2026-03-24,700650.0,1628250.0,-0.021303482,2.9219773,225,0
atitlan,2026-03-24,700950.0,1628250.0,0.10611776,6.7864356,225,0
atitlan,2026-03-24,701250.0,1628250.0,0.13700591,6.2721286,225,0
atitlan,2026-03-24,701550.0,1628250.0,0.13692166,6.22178,225,0
atitlan,2026-03-24,701850.0,1628250.0,0.1692226,7.301207,225,0
atitlan,2026-03-24,702150.0,1628250.0,0.20661072,9.286648,225,0
atitlan,2026-03-24,702450.0,1628250.0,0.1807589,8.939896,225,0
atitlan,2026-03-24,702750.0,1628250.0,0.23472357,10.896344,225,0
atitlan,2026-03-24,703050.0,1628250.0,0.17265932,9.929404,225,0
atitlan,2026-03-24,703350.0,1628250.0,0.075975604,5.2312837,225,0
atitlan,2026-03-24,703650.0,1628250.0,0.13622384,7.35652,225,0
atitlan,2026-03-24,703950.0,1628250.0,0.07716481,5.281062,225,0
atitlan,2026-03-24,704250.0,1628250.0,0.094191186,5.552825,225,0
atitlan,2026-03-24,704550.0,1628250.0,0.09293958,5.92008,225,0
atitlan,2026-03-24,704850.0,1628250.0,0.11740323,6.8964725,225,0
atitlan,2026-03-24,705150.0,1628250.0,0.10187997,6.1807733,225,0
atitlan,2026-03-24,705450.0,1628250.0,0.14362183,7.1208386,225,0
atitlan,2026-03-24,705750.0,1628250.0,0.12762153,5.888022,225,0
atitlan,2026-03-24,706050.0,1628250.0,0.16397066,7.2844462,225,0
atitlan,2026-03-24,706350.0,1628250.0,0.15756918,7.1633377,225,0
atitlan,2026-03-24,706650.0,1628250.0,0.15311284,6.7208934,225,0
atitlan,2026-03-24,706950.0,1628250.0,0.16398475,7.014573,225,0
atitlan,2026-03-24,707250.0,1628250.0,0.13626014,6.1394076,225,0
atitlan,2026-03-24,707550.0,1628250.0,0.17934233,7.250133,225,0
atitlan,2026-03-24,707850.0,1628250.0,0.2000924,8.076252,45,0
atitlan,2026-03-24,680250.0,1628550.0,0.34349233,24.391182,180,1
atitlan,2026-03-24,680550.0,1628550.0,0.32127512,21.491165,225,1
atitlan,2026-03-24,680850.0,1628550.0,0.29178873,16.93936,225,1
atitlan,2026-03-24,681150.0,1628550.0,0.31198856,19.135912,225,1
atitlan,2026-03-24,681450.0,1628550.0,0.26607892,14.679489,225,1
atitlan,2026-03-24,681750.0,1628550.0,0.24716271,13.670816,225,1
atitlan,2026-03-24,682050.0,1628550.0,0.17311329,10.982279,225,0
atitlan,2026-03-24,682350.0,1628550.0,0.2464126,13.995022,225,1
atitlan,2026-03-24,682650.0,1628550.0,0.25845942,13.514099,225,1
atitlan,2026-03-24,682950.0,1628550.0,0.27960774,14.27015,225,1
atitlan,2026-03-24,683250.0,1628550.0,0.28474325,14.860201,225,1
atitlan,2026-03-24,683550.0,1628550.0,0.2181479,10.316697,225,0
atitlan,2026-03-24,683850.0,1628550.0,0.23886426,11.763114,225,0
atitlan,2026-03-24,684150.0,1628550.0,0.20379564,8.955975,225,0
atitlan,2026-03-24,684450.0,1628550.0,0.17191711,7.192992,225,0
atitlan,2026-03-24,684750.0,1628550.0,0.20228498,8.999644,225,0
atitlan,2026-03-24,685050.0,1628550.0,0.18349507,7.3322787,225,0
atitlan,2026-03-24,685350.0,1628550.0,0.16870189,6.9412518,225,0
atitlan,2026-03-24,685650.0,1628550.0,0.17722642,8.369953,225,0
atitlan,2026-03-24,685950.0,1628550.0,0.13716036,7.0531783,225,0
atitlan,2026-03-24,686250.0,1628550.0,0.18674555,8.389069,225,0
atitlan,2026-03-24,686550.0,1628550.0,0.102736264,5.3916473,225,0
atitlan,2026-03-24,686850.0,1628550.0,0.107860886,6.266892,225,0
atitlan,2026-03-24,687150.0,1628550.0,0.11421885,7.3252397,225,0
atitlan,2026-03-24,687450.0,1628550.0,0.09244525,6.1734104,225,0
atitlan,2026-03-24,687750.0,1628550.0,0.12720978,6.942754,225,0
atitlan,2026-03-24,688050.0,1628550.0,0.13353857,6.2442904,225,0
atitlan,2026-03-24,688350.0,1628550.0,0.13469018,6.0683246,225,0
atitlan,2026-03-24,688650.0,1628550.0,0.1574447,7.075263,225,0
atitlan,2026-03-24,688950.0,1628550.0,0.11300428,6.6682134,223,0
atitlan,2026-03-24,689250.0,1628550.0,-0.040371705,2.5488281,225,0
atitlan,2026-03-24,689550.0,1628550.0,-0.07018028,1.5568308,225,0
atitlan,2026-03-24,689850.0,1628550.0,-0.07375133,1.3565428,225,0
atitlan,2026-03-24,690150.0,1628550.0,-0.07441367,1.3116698,225,0
atitlan,2026-03-24,690450.0,1628550.0,-0.076493256,1.1944076,225,0
atitlan,2026-03-24,690750.0,1628550.0,-0.07936025,1.023522,225,0
atitlan,2026-03-24,691050.0,1628550.0,-0.07863765,1.0607171,225,0
atitlan,2026-03-24,691350.0,1628550.0,-0.07789103,1.106973,225,0
atitlan,2026-03-24,691650.0,1628550.0,-0.07713277,1.1453662,225,0
atitlan,2026-03-24,691950.0,1628550.0,-0.077319875,1.1442218,225,0
atitlan,2026-03-24,692250.0,1628550.0,-0.07757736,1.1192284,225,0
atitlan,2026-03-24,692550.0,1628550.0,-0.07954938,1.0068228,225,0
atitlan,2026-03-24,692850.0,1628550.0,-0.080204815,0.97352964,225,0
atitlan,2026-03-24,693150.0,1628550.0,-0.080364175,0.9594317,225,0
atitlan,2026-03-24,693450.0,1628550.0,-0.08025965,0.9811229,225,0
atitlan,2026-03-24,693750.0,1628550.0,-0.08173534,0.88816607,225,0
atitlan,2026-03-24,694050.0,1628550.0,-0.08298125,0.8182142,225,0
atitlan,2026-03-24,694350.0,1628550.0,-0.08118923,0.9253394,225,0
atitlan,2026-03-24,694650.0,1628550.0,-0.08073218,0.9484764,225,0
atitlan,2026-03-24,694950.0,1628550.0,-0.0827289,0.8299778,225,0
atitlan,2026-03-24,695250.0,1628550.0,-0.08292101,0.815496,225,0
atitlan,2026-03-24,695550.0,1628550.0,-0.082331434,0.84789515,225,0
atitlan,2026-03-24,695850.0,1628550.0,-0.083127744,0.81873924,225,0
atitlan,2026-03-24,696150.0,1628550.0,-0.08311177,0.81420165,225,0
atitlan,2026-03-24,696450.0,1628550.0,-0.08257988,0.8390645,225,0
atitlan,2026-03-24,696750.0,1628550.0,-0.082337394,0.85688245,225,0
atitlan,2026-03-24,697050.0,1628550.0,-0.0816456,0.8894871,225,0
atitlan,2026-03-24,697350.0,1628550.0,-0.0783974,1.0819901,225,0
atitlan,2026-03-24,697650.0,1628550.0,-0.079260565,1.0343058,225,0
atitlan,2026-03-24,697950.0,1628550.0,-0.08057903,0.95809114,225,0
atitlan,2026-03-24,698250.0,1628550.0,-0.07784264,1.1102047,225,0
atitlan,2026-03-24,698550.0,1628550.0,-0.07774492,1.11935,225,0
atitlan,2026-03-24,698850.0,1628550.0,-0.08036754,0.96642333,225,0
atitlan,2026-03-24,699150.0,1628550.0,-0.079800256,0.9956326,225,0
atitlan,2026-03-24,699450.0,1628550.0,-0.07705011,1.15798,225,0
atitlan,2026-03-24,699750.0,1628550.0,-0.07741145,1.1428971,225,0
atitlan,2026-03-24,700050.0,1628550.0,-0.048092153,2.0370412,225,0
atitlan,2026-03-24,700350.0,1628550.0,0.10033588,5.648061,225,0
atitlan,2026-03-24,700650.0,1628550.0,0.11496899,7.0646863,225,0
atitlan,2026-03-24,700950.0,1628550.0,0.061266657,4.846005,225,0
atitlan,2026-03-24,701250.0,1628550.0,0.1281434,6.083366,225,0
atitlan,2026-03-24,701550.0,1628550.0,0.1338278,6.4195666,225,0
atitlan,2026-03-24,701850.0,1628550.0,0.14715098,7.0455413,225,0
atitlan,2026-03-24,702150.0,1628550.0,0.18886383,8.986255,225,0
atitlan,2026-03-24,702450.0,1628550.0,0.12778674,6.542219,225,0
atitlan,2026-03-24,702750.0,1628550.0,0.21896856,10.310481,225,0
atitlan,2026-03-24,703050.0,1628550.0,0.16259664,9.006315,225,0
atitlan,2026-03-24,703350.0,1628550.0,0.110570066,6.307154,225,0
atitlan,2026-03-24,703650.0,1628550.0,0.17727216,8.496509,225,0
atitlan,2026-03-24,703950.0,1628550.0,0.1119654,6.634656,225,0
atitlan,2026-03-24,704250.0,1628550.0,0.07088752,5.076464,225,0
atitlan,2026-03-24,704550.0,1628550.0,0.08911773,5.535007,225,0
atitlan,2026-03-24,704850.0,1628550.0,0.10409023,6.231712,225,0
atitlan,2026-03-24,705150.0,1628550.0,0.17050393,8.490016,225,0
atitlan,2026-03-24,705450.0,1628550.0,0.14293452,7.064414,225,0
atitlan,2026-03-24,705750.0,1628550.0,0.15833795,6.5336294,225,0
atitlan,2026-03-24,706050.0,1628550.0,0.13441047,5.89957,225,0
atitlan,2026-03-24,706350.0,1628550.0,0.17792888,7.817013,225,0
atitlan,2026-03-24,706650.0,1628550.0,0.158738,6.8111467,225,0
atitlan,2026-03-24,706950.0,1628550.0,0.17898585,7.34125,225,0
atitlan,2026-03-24,707250.0,1628550.0,0.18731432,8.557612,225,0
atitlan,2026-03-24,707550.0,1628550.0,0.17009161,7.4776964,225,0
atitlan,2026-03-24,707850.0,1628550.0,0.19851781,8.747184,45,0
atitlan,2026-03-24,680250.0,1628850.0,0.33861676,23.364122,180,1
atitlan,2026-03-24,680550.0,1628850.0,0.343752,24.23404,225,1
atitlan,2026-03-24,680850.0,1628850.0,0.29306957,17.51022,225,1
atitlan,2026-03-24,681150.0,1628850.0,0.30262882,17.27894,225,1
atitlan,2026-03-24,681450.0,1628850.0,0.31714362,20.949284,225,1
atitlan,2026-03-24,681750.0,1628850.0,0.23111835,12.576274,225,1
atitlan,2026-03-24,682050.0,1628850.0,0.20412686,10.941586,225,0
atitlan,2026-03-24,682350.0,1628850.0,0.25389746,13.874951,225,1
atitlan,2026-03-24,682650.0,1628850.0,0.28207937,15.401799,225,1
atitlan,2026-03-24,682950.0,1628850.0,0.28850502,15.31781,225,1
atitlan,2026-03-24,683250.0,1628850.0,0.30055884,17.399334,225,1
atitlan,2026-03-24,683550.0,1628850.0,0.19917089,9.277421,225,0
atitlan,2026-03-24,683850.0,1628850.0,0.22382504,9.865215,225,0
atitlan,2026-03-24,684150.0,1628850.0,0.26321673,14.017524,225,1
atitlan,2026-03-24,684450.0,1628850.0,0.24146126,11.248588,225,0
atitlan,2026-03-24,684750.0,1628850.0,0.21208411,9.046635,225,0
atitlan,2026-03-24,685050.0,1628850.0,0.21336916,9.491968,225,0
atitlan,2026-03-24,685350.0,1628850.0,0.20717253,8.9143715,225,0
atitlan,2026-03-24,685650.0,1628850.0,0.20799807,9.042902,225,0
atitlan,2026-03-24,685950.0,1628850.0,0.24663459,11.659233,225,0
atitlan,2026-03-24,686250.0,1628850.0,0.17223383,7.142646,225,0
atitlan,2026-03-24,686550.0,1628850.0,0.10829399,5.586785,225,0
atitlan,2026-03-24,686850.0,1628850.0,0.15908109,7.484353,225,0
atitlan,2026-03-24,687150.0,1628850.0,0.16228828,7.355533,225,0
atitlan,2026-03-24,687450.0,1628850.0,0.1681455,8.07392,225,0
atitlan,2026-03-24,687750.0,1628850.0,0.14108159,7.573952,225,0
atitlan,2026-03-24,688050.0,1628850.0,0.18734172,7.761017,225,0
atitlan,2026-03-24,688350.0,1628850.0,0.12842803,5.871057,225,0
atitlan,2026-03-24,688650.0,1628850.0,0.118339114,5.434064,225,0
atitlan,2026-03-24,688950.0,1628850.0,0.11275,5.6750555,225,0
atitlan,2026-03-24,689250.0,1628850.0,-0.026513357,2.945249,225,0
atitlan,2026-03-24,689550.0,1628850.0,-0.067342095,1.709867,225,0
atitlan,2026-03-24,689850.0,1628850.0,-0.0711004,1.5015525,225,0
atitlan,2026-03-24,690150.0,1628850.0,-0.06497458,1.7091494,225,0
atitlan,2026-03-24,690450.0,1628850.0,-0.070603974,1.5512636,225,0
atitlan,2026-03-24,690750.0,1628850.0,-0.07573987,1.2373006,225,0
atitlan,2026-03-24,691050.0,1628850.0,-0.07449368,1.3171762,225,0
atitlan,2026-03-24,691350.0,1628850.0,-0.077141166,1.1611878,225,0
atitlan,2026-03-24,691650.0,1628850.0,-0.0750791,1.2705326,225,0
atitlan,2026-03-24,691950.0,1628850.0,-0.076775685,1.169023,225,0
atitlan,2026-03-24,692250.0,1628850.0,-0.07797602,1.1034073,225,0
atitlan,2026-03-24,692550.0,1628850.0,-0.08110247,0.90648365,225,0
atitlan,2026-03-24,692850.0,1628850.0,-0.08273346,0.8220067,225,0
atitlan,2026-03-24,693150.0,1628850.0,-0.08149564,0.90746665,225,0
atitlan,2026-03-24,693450.0,1628850.0,-0.07865039,1.0589082,225,0
atitlan,2026-03-24,693750.0,1628850.0,-0.08137574,0.9068076,225,0
atitlan,2026-03-24,694050.0,1628850.0,-0.080214456,0.97293353,225,0
atitlan,2026-03-24,694350.0,1628850.0,-0.077479646,1.1324592,225,0
atitlan,2026-03-24,694650.0,1628850.0,-0.07793531,1.1055331,225,0
atitlan,2026-03-24,694950.0,1628850.0,-0.07852376,1.0686812,225,0
atitlan,2026-03-24,695250.0,1628850.0,-0.07895615,1.0514995,225,0
atitlan,2026-03-24,695550.0,1628850.0,-0.0782395,1.0811244,225,0
atitlan,2026-03-24,695850.0,1628850.0,-0.080435544,0.9630082,225,0
atitlan,2026-03-24,696150.0,1628850.0,-0.08192033,0.8756959,225,0
atitlan,2026-03-24,696450.0,1628850.0,-0.0842577,0.7438644,225,0
atitlan,2026-03-24,696750.0,1628850.0,-0.08118895,0.9235331,225,0
atitlan,2026-03-24,697050.0,1628850.0,-0.081054404,0.93159735,225,0
atitlan,2026-03-24,697350.0,1628850.0,-0.08066289,0.9474543,225,0
atitlan,2026-03-24,697650.0,1628850.0,-0.08044677,0.9583032,225,0
atitlan,2026-03-24,697950.0,1628850.0,-0.078775324,1.0491134,225,0
atitlan,2026-03-24,698250.0,1628850.0,-0.08057811,0.95299983,225,0
atitlan,2026-03-24,698550.0,1628850.0,-0.07718142,1.1497736,225,0
atitlan,2026-03-24,698850.0,1628850.0,-0.078720346,1.0640423,225,0
atitlan,2026-03-24,699150.0,1628850.0,-0.079092175,1.0322794,225,0
atitlan,2026-03-24,699450.0,1628850.0,-0.0742356,1.323373,225,0
atitlan,2026-03-24,699750.0,1628850.0,-0.0749719,1.273065,225,0
atitlan,2026-03-24,700050.0,1628850.0,0.00774435,3.4546206,225,0
atitlan,2026-03-24,700350.0,1628850.0,0.0744487,4.996904,225,0
atitlan,2026-03-24,700650.0,1628850.0,0.09126582,5.200838,225,0
atitlan,2026-03-24,700950.0,1628850.0,0.1413108,6.1780143,225,0
atitlan,2026-03-24,701250.0,1628850.0,0.1487955,6.1352,225,0
atitlan,2026-03-24,701550.0,1628850.0,0.17722763,7.0832615,225,0
atitlan,2026-03-24,701850.0,1628850.0,0.18596026,8.119605,225,0
atitlan,2026-03-24,702150.0,1628850.0,0.18990779,9.070913,225,0
atitlan,2026-03-24,702450.0,1628850.0,0.21370007,10.093745,225,0
atitlan,2026-03-24,702750.0,1628850.0,0.15519129,9.525242,225,0
atitlan,2026-03-24,703050.0,1628850.0,0.17167433,10.173364,225,0
atitlan,2026-03-24,703350.0,1628850.0,0.12324705,6.5236945,225,0
atitlan,2026-03-24,703650.0,1628850.0,0.16423954,8.429447,225,0
atitlan,2026-03-24,703950.0,1628850.0,0.14076345,8.0773535,225,0
atitlan,2026-03-24,704250.0,1628850.0,0.12767145,6.696782,225,0
atitlan,2026-03-24,704550.0,1628850.0,0.1541703,7.583548,225,0
atitlan,2026-03-24,704850.0,1628850.0,0.15150462,7.6734962,225,0
atitlan,2026-03-24,705150.0,1628850.0,0.16712004,8.374215,225,0
atitlan,2026-03-24,705450.0,1628850.0,0.15968566,6.715776,225,0
atitlan,2026-03-24,705750.0,1628850.0,0.16688946,6.756536,225,0
atitlan,2026-03-24,706050.0,1628850.0,0.17185473,7.258197,225,0
atitlan,2026-03-24,706350.0,1628850.0,0.16623975,7.3207912,225,0
atitlan,2026-03-24,706650.0,1628850.0,0.15813962,7.4989896,225,0
atitlan,2026-03-24,706950.0,1628850.0,0.13651128,6.9747744,225,0
atitlan,2026-03-24,707250.0,1628850.0,0.19289622,8.895652,225,0
atitlan,2026-03-24,707550.0,1628850.0,0.20097703,8.915086,225,0
atitlan,2026-03-24,707850.0,1628850.0,0.21119389,10.193037,45,0
atitlan,2026-03-24,680250.0,1629150.0,0.33658165,22.651468,180,1
atitlan,2026-03-24,680550.0,1629150.0,0.33987403,23.27116,225,1
atitlan,2026-03-24,680850.0,1629150.0,0.27581525,15.944481,225,1
atitlan,2026-03-24,681150.0,1629150.0,0.30017555,17.281103,225,1
atitlan,2026-03-24,681450.0,1629150.0,0.2981006,17.622164,225,1
atitlan,2026-03-24,681750.0,1629150.0,0.23359185,12.485092,225,1
atitlan,2026-03-24,682050.0,1629150.0,0.22210622,11.152991,225,0
atitlan,2026-03-24,682350.0,1629150.0,0.30194443,17.828526,225,1
atitlan,2026-03-24,682650.0,1629150.0,0.29607642,16.656185,225,1
atitlan,2026-03-24,682950.0,1629150.0,0.29944375,16.961948,225,1
atitlan,2026-03-24,683250.0,1629150.0,0.300019,16.938309,225,1
atitlan,2026-03-24,683550.0,1629150.0,0.23668145,11.455286,225,0
atitlan,2026-03-24,683850.0,1629150.0,0.20115903,8.985007,225,0
atitlan,2026-03-24,684150.0,1629150.0,0.22528026,10.521759,225,0
atitlan,2026-03-24,684450.0,1629150.0,0.2527395,12.90205,225,1
atitlan,2026-03-24,684750.0,1629150.0,0.21026543,9.288922,225,0
atitlan,2026-03-24,685050.0,1629150.0,0.21209139,9.980582,225,0
atitlan,2026-03-24,685350.0,1629150.0,0.2257531,10.102025,225,0
atitlan,2026-03-24,685650.0,1629150.0,0.23248821,10.900381,225,0
atitlan,2026-03-24,685950.0,1629150.0,0.26713252,14.247237,225,1
atitlan,2026-03-24,686250.0,1629150.0,0.25281468,11.980618,225,0
atitlan,2026-03-24,686550.0,1629150.0,0.17932478,7.900843,225,0
atitlan,2026-03-24,686850.0,1629150.0,0.2091279,9.067842,225,0
atitlan,2026-03-24,687150.0,1629150.0,0.19613521,8.726863,225,0
atitlan,2026-03-24,687450.0,1629150.0,0.19126575,8.097435,225,0
atitlan,2026-03-24,687750.0,1629150.0,0.18731011,7.8112087,225,0
atitlan,2026-03-24,688050.0,1629150.0,0.22263049,9.47634,225,0
atitlan,2026-03-24,688350.0,1629150.0,0.208508,8.922379,225,0
atitlan,2026-03-24,688650.0,1629150.0,0.17733361,7.518372,225,0
atitlan,2026-03-24,688950.0,1629150.0,0.1291782,6.579869,225,0
atitlan,2026-03-24,689250.0,1629150.0,0.07645098,5.5365534,225,0
atitlan,2026-03-24,689550.0,1629150.0,-0.042256773,2.699576,225,0
atitlan,2026-03-24,689850.0,1629150.0,-0.024896916,3.0981126,225,0
atitlan,2026-03-24,690150.0,1629150.0,0.0696069,5.22515,225,0
atitlan,2026-03-24,690450.0,1629150.0,0.004086561,3.6581738,225,0
atitlan,2026-03-24,690750.0,1629150.0,-0.06585734,1.761674,225,0
atitlan,2026-03-24,691050.0,1629150.0,-0.07109372,1.4948436,225,0
atitlan,2026-03-24,691350.0,1629150.0,-0.07182944,1.4596735,225,0
atitlan,2026-03-24,691650.0,1629150.0,-0.07569995,1.2360433,225,0
atitlan,2026-03-24,691950.0,1629150.0,-0.07502236,1.2796725,225,0
atitlan,2026-03-24,692250.0,1629150.0,-0.07569383,1.2388257,225,0
atitlan,2026-03-24,692550.0,1629150.0,-0.07638765,1.1933271,225,0
atitlan,2026-03-24,692850.0,1629150.0,-0.07515612,1.2648643,225,0
atitlan,2026-03-24,693150.0,1629150.0,-0.07533752,1.2605702,225,0
atitlan,2026-03-24,693450.0,1629150.0,-0.074550286,1.3048147,225,0
atitlan,2026-03-24,693750.0,1629150.0,-0.07673992,1.1809212,225,0
atitlan,2026-03-24,694050.0,1629150.0,-0.0782347,1.0894945,225,0
atitlan,2026-03-24,694350.0,1629150.0,-0.0747776,1.290796,225,0
atitlan,2026-03-24,694650.0,1629150.0,-0.077287324,1.1423672,225,0
atitlan,2026-03-24,694950.0,1629150.0,-0.08098709,0.9316272,225,0
atitlan,2026-03-24,695250.0,1629150.0,-0.08200057,0.8696628,225,0
atitlan,2026-03-24,695550.0,1629150.0,-0.08344724,0.7848432,225,0
atitlan,2026-03-24,695850.0,1629150.0,-0.08343068,0.785896,225,0
atitlan,2026-03-24,696150.0,1629150.0,-0.08586071,0.66516936,225,0
atitlan,2026-03-24,696450.0,1629150.0,-0.08488536,0.70907205,225,0
atitlan,2026-03-24,696750.0,1629150.0,-0.08225482,0.8500251,225,0
atitlan,2026-03-24,697050.0,1629150.0,-0.08155706,0.9075726,225,0
atitlan,2026-03-24,697350.0,1629150.0,-0.080772825,0.9437294,225,0
atitlan,2026-03-24,697650.0,1629150.0,-0.079022855,1.0413156,225,0
atitlan,2026-03-24,697950.0,1629150.0,-0.07880445,1.0566634,225,0
atitlan,2026-03-24,698250.0,1629150.0,-0.078701004,1.0616516,225,0
atitlan,2026-03-24,698550.0,1629150.0,-0.077584766,1.1305561,225,0
atitlan,2026-03-24,698850.0,1629150.0,-0.07662127,1.1771948,225,0
atitlan,2026-03-24,699150.0,1629150.0,-0.076679975,1.1868159,225,0
atitlan,2026-03-24,699450.0,1629150.0,-0.07046024,1.5371084,225,0
atitlan,2026-03-24,699750.0,1629150.0,-0.063389435,1.8416944,225,0
atitlan,2026-03-24,700050.0,1629150.0,0.1046973,6.324366,225,0
atitlan,2026-03-24,700350.0,1629150.0,0.078925855,4.95371,225,0
atitlan,2026-03-24,700650.0,1629150.0,0.083916895,5.127931,225,0
atitlan,2026-03-24,700950.0,1629150.0,0.11440825,5.387913,225,0
atitlan,2026-03-24,701250.0,1629150.0,0.14243709,6.2757473,225,0
atitlan,2026-03-24,701550.0,1629150.0,0.19090614,9.743917,225,0
atitlan,2026-03-24,701850.0,1629150.0,0.19396336,9.729739,225,0
atitlan,2026-03-24,702150.0,1629150.0,0.19267787,11.044875,225,0
atitlan,2026-03-24,702450.0,1629150.0,0.25214964,12.151138,225,1
atitlan,2026-03-24,702750.0,1629150.0,0.25241637,13.109527,225,1
atitlan,2026-03-24,703050.0,1629150.0,0.14332093,8.144804,225,0
atitlan,2026-03-24,703350.0,1629150.0,0.101080544,6.631348,225,0
atitlan,2026-03-24,703650.0,1629150.0,0.109000936,6.9016814,225,0
atitlan,2026-03-24,703950.0,1629150.0,0.10396519,6.6599193,225,0
atitlan,2026-03-24,704250.0,1629150.0,0.19515277,9.102702,225,0
atitlan,2026-03-24,704550.0,1629150.0,0.08926582,5.6863623,225,0
atitlan,2026-03-24,704850.0,1629150.0,0.08190893,5.0981283,225,0
atitlan,2026-03-24,705150.0,1629150.0,0.10705709,6.0917363,225,0
atitlan,2026-03-24,705450.0,1629150.0,0.1903235,8.067671,225,0
atitlan,2026-03-24,705750.0,1629150.0,0.16761428,6.9364266,225,0
atitlan,2026-03-24,706050.0,1629150.0,0.16492772,7.0998654,225,0
atitlan,2026-03-24,706350.0,1629150.0,0.15632437,7.7074265,225,0
atitlan,2026-03-24,706650.0,1629150.0,0.15850112,7.4102125,225,0
atitlan,2026-03-24,706950.0,1629150.0,0.11704998,6.7649956,225,0
atitlan,2026-03-24,707250.0,1629150.0,0.18429391,8.580518,225,0
atitlan,2026-03-24,707550.0,1629150.0,0.13756578,7.1037083,225,0
atitlan,2026-03-24,707850.0,1629150.0,0.16150051,7.691104,45,0
atitlan,2026-03-24,680250.0,1629450.0,0.33228782,23.21884,180,1
atitlan,2026-03-24,680550.0,1629450.0,0.3254745,21.52534,225,1
atitlan,2026-03-24,680850.0,1629450.0,0.2633669,13.724497,225,1
atitlan,2026-03-24,681150.0,1629450.0,0.29546335,16.37602,225,1
atitlan,2026-03-24,681450.0,1629450.0,0.30728415,18.098589,225,1
atitlan,2026-03-24,681750.0,1629450.0,0.27816984,16.373203,225,1
atitlan,2026-03-24,682050.0,1629450.0,0.21135965,11.348744,225,0
atitlan,2026-03-24,682350.0,1629450.0,0.25095302,12.782189,225,1
atitlan,2026-03-24,682650.0,1629450.0,0.26924646,13.680491,225,1
atitlan,2026-03-24,682950.0,1629450.0,0.29803228,16.72025,225,1
atitlan,2026-03-24,683250.0,1629450.0,0.31910455,19.53742,225,1
atitlan,2026-03-24,683550.0,1629450.0,0.31947002,20.646847,225,1
atitlan,2026-03-24,683850.0,1629450.0,0.20341454,9.859252,225,0
atitlan,2026-03-24,684150.0,1629450.0,0.24983679,12.265518,225,1
atitlan,2026-03-24,684450.0,1629450.0,0.27431095,15.764868,225,1
atitlan,2026-03-24,684750.0,1629450.0,0.2680013,14.376662,225,1
atitlan,2026-03-24,685050.0,1629450.0,0.24667974,12.939647,225,1
atitlan,2026-03-24,685350.0,1629450.0,0.22703852,11.187453,225,0
atitlan,2026-03-24,685650.0,1629450.0,0.24714948,12.0886135,225,1
atitlan,2026-03-24,685950.0,1629450.0,0.24579671,12.009351,225,1
atitlan,2026-03-24,686250.0,1629450.0,0.26376718,13.350237,225,1
atitlan,2026-03-24,686550.0,1629450.0,0.20689999,9.103245,225,0
atitlan,2026-03-24,686850.0,1629450.0,0.23152965,10.626604,225,0
atitlan,2026-03-24,687150.0,1629450.0,0.1977892,9.030244,225,0
atitlan,2026-03-24,687450.0,1629450.0,0.21438278,9.661943,225,0
atitlan,2026-03-24,687750.0,1629450.0,0.17975473,7.2838926,225,0
atitlan,2026-03-24,688050.0,1629450.0,0.22567971,10.387585,225,0
atitlan,2026-03-24,688350.0,1629450.0,0.16793922,6.7225137,225,0
atitlan,2026-03-24,688650.0,1629450.0,0.15798508,7.682143,225,0
atitlan,2026-03-24,688950.0,1629450.0,0.12787537,6.576022,225,0
atitlan,2026-03-24,689250.0,1629450.0,0.13945036,6.874121,225,0
atitlan,2026-03-24,689550.0,1629450.0,0.1674155,8.056879,225,0
atitlan,2026-03-24,689850.0,1629450.0,0.15243801,6.9292197,225,0
atitlan,2026-03-24,690150.0,1629450.0,0.10366979,5.2346673,225,0
atitlan,2026-03-24,690450.0,1629450.0,0.14321727,6.6016254,225,0
atitlan,2026-03-24,690750.0,1629450.0,0.10524117,5.580118,225,0
atitlan,2026-03-24,691050.0,1629450.0,0.049370036,4.444096,225,0
atitlan,2026-03-24,691350.0,1629450.0,-0.061444726,1.9758301,225,0
atitlan,2026-03-24,691650.0,1629450.0,-0.06973096,1.5785544,225,0
atitlan,2026-03-24,691950.0,1629450.0,-0.07331924,1.3795747,225,0
atitlan,2026-03-24,692250.0,1629450.0,-0.07264509,1.4176426,225,0
atitlan,2026-03-24,692550.0,1629450.0,-0.076101996,1.2137321,225,0
atitlan,2026-03-24,692850.0,1629450.0,-0.07619192,1.2112381,225,0
atitlan,2026-03-24,693150.0,1629450.0,-0.0794109,1.0205088,225,0
atitlan,2026-03-24,693450.0,1629450.0,-0.077012196,1.1592779,225,0
atitlan,2026-03-24,693750.0,1629450.0,-0.079802446,0.9900632,225,0
atitlan,2026-03-24,694050.0,1629450.0,-0.079600416,1.0159539,225,0
atitlan,2026-03-24,694350.0,1629450.0,-0.07872179,1.0567758,225,0
atitlan,2026-03-24,694650.0,1629450.0,-0.08247378,0.8464494,225,0
atitlan,2026-03-24,694950.0,1629450.0,-0.083947174,0.7508046,225,0
atitlan,2026-03-24,695250.0,1629450.0,-0.08273958,0.82850736,225,0
atitlan,2026-03-24,695550.0,1629450.0,-0.08423247,0.7383579,225,0
atitlan,2026-03-24,695850.0,1629450.0,-0.0828195,0.82117385,225,0
atitlan,2026-03-24,696150.0,1629450.0,-0.086127184,0.6263944,225,0
atitlan,2026-03-24,696450.0,1629450.0,-0.08525914,0.67174834,225,0
atitlan,2026-03-24,696750.0,1629450.0,-0.08346593,0.8036805,225,0
atitlan,2026-03-24,697050.0,1629450.0,-0.08469035,0.7127536,225,0
atitlan,2026-03-24,697350.0,1629450.0,-0.08123498,0.9062164,225,0
atitlan,2026-03-24,697650.0,1629450.0,-0.078160316,1.0961779,225,0
atitlan,2026-03-24,697950.0,1629450.0,-0.07730188,1.1416711,225,0
atitlan,2026-03-24,698250.0,1629450.0,-0.08095845,0.92076355,225,0
atitlan,2026-03-24,698550.0,1629450.0,-0.06449771,1.7100434,225,0
atitlan,2026-03-24,698850.0,1629450.0,-0.046221867,2.361926,225,0
atitlan,2026-03-24,699150.0,1629450.0,-0.052858934,2.0598607,225,0
atitlan,2026-03-24,699450.0,1629450.0,0.0015435087,3.9435797,225,0
atitlan,2026-03-24,699750.0,1629450.0,0.111259855,6.510692,225,0
atitlan,2026-03-24,700050.0,1629450.0,0.13749467,6.121295,225,0
atitlan,2026-03-24,700350.0,1629450.0,0.14785095,6.2780337,225,0
atitlan,2026-03-24,700650.0,1629450.0,0.13982296,6.645198,225,0
atitlan,2026-03-24,700950.0,1629450.0,0.18477093,9.04257,225,0
atitlan,2026-03-24,701250.0,1629450.0,0.18848227,9.24571,225,0
atitlan,2026-03-24,701550.0,1629450.0,0.145875,8.70534,225,0
atitlan,2026-03-24,701850.0,1629450.0,0.14964423,7.30141,225,0
atitlan,2026-03-24,702150.0,1629450.0,0.15555309,8.286832,225,0
atitlan,2026-03-24,702450.0,1629450.0,0.17458102,8.36153,225,0
atitlan,2026-03-24,702750.0,1629450.0,0.18364327,8.618083,225,0
atitlan,2026-03-24,703050.0,1629450.0,0.1508532,8.219009,225,0
atitlan,2026-03-24,703350.0,1629450.0,0.1361791,7.6961775,225,0
atitlan,2026-03-24,703650.0,1629450.0,0.068573065,5.142904,225,0
atitlan,2026-03-24,703950.0,1629450.0,0.07966348,5.6476827,225,0
atitlan,2026-03-24,704250.0,1629450.0,0.1252934,6.469086,225,0
atitlan,2026-03-24,704550.0,1629450.0,0.085801415,5.3544416,225,0
atitlan,2026-03-24,704850.0,1629450.0,0.06595504,4.8282557,225,0
atitlan,2026-03-24,705150.0,1629450.0,0.14418657,7.1430316,225,0
atitlan,2026-03-24,705450.0,1629450.0,0.16991857,7.766526,225,0
atitlan,2026-03-24,705750.0,1629450.0,0.16225967,6.8572564,225,0
atitlan,2026-03-24,706050.0,1629450.0,0.17347641,7.434003,225,0
atitlan,2026-03-24,706350.0,1629450.0,0.15392438,7.6915464,225,0
atitlan,2026-03-24,706650.0,1629450.0,0.15367961,7.4965115,225,0
atitlan,2026-03-24,706950.0,1629450.0,0.16259347,7.6134276,225,0
atitlan,2026-03-24,707250.0,1629450.0,0.16503085,7.2523065,225,0
atitlan,2026-03-24,707550.0,1629450.0,0.15660381,7.772775,225,0
atitlan,2026-03-24,707850.0,1629450.0,0.18500708,8.900462,45,0
atitlan,2026-03-24,680250.0,1629750.0,0.3047138,18.237677,180,1
atitlan,2026-03-24,680550.0,1629750.0,0.29586166,17.859701,225,1
atitlan,2026-03-24,680850.0,1629750.0,0.26339227,15.222237,225,1
atitlan,2026-03-24,681150.0,1629750.0,0.3096961,18.918566,225,1
atitlan,2026-03-24,681450.0,1629750.0,0.31049135,19.345598,225,1
atitlan,2026-03-24,681750.0,1629750.0,0.31998402,20.771072,225,1
atitlan,2026-03-24,682050.0,1629750.0,0.2913154,17.314547,225,1
atitlan,2026-03-24,682350.0,1629750.0,0.27273092,15.299661,225,1
atitlan,2026-03-24,682650.0,1629750.0,0.3005996,17.03627,225,1
atitlan,2026-03-24,682950.0,1629750.0,0.28456154,15.191003,225,1
atitlan,2026-03-24,683250.0,1629750.0,0.2412295,10.9583235,225,0
atitlan,2026-03-24,683550.0,1629750.0,0.31709975,19.854328,225,1
atitlan,2026-03-24,683850.0,1629750.0,0.23850237,12.342413,225,1
atitlan,2026-03-24,684150.0,1629750.0,0.2558286,12.639955,225,1
atitlan,2026-03-24,684450.0,1629750.0,0.28776976,18.342243,225,1
atitlan,2026-03-24,684750.0,1629750.0,0.269289,14.500432,225,1
atitlan,2026-03-24,685050.0,1629750.0,0.17861478,7.611845,225,0
atitlan,2026-03-24,685350.0,1629750.0,0.2429024,11.857149,225,0
atitlan,2026-03-24,685650.0,1629750.0,0.29474306,16.879684,225,1
atitlan,2026-03-24,685950.0,1629750.0,0.2596598,13.014968,225,1
atitlan,2026-03-24,686250.0,1629750.0,0.23590453,10.996317,225,0
atitlan,2026-03-24,686550.0,1629750.0,0.2001492,8.806887,225,0
atitlan,2026-03-24,686850.0,1629750.0,0.25404003,12.125336,225,1
atitlan,2026-03-24,687150.0,1629750.0,0.25198013,12.591091,225,1
atitlan,2026-03-24,687450.0,1629750.0,0.2306244,10.53879,225,0
atitlan,2026-03-24,687750.0,1629750.0,0.20266524,8.510227,225,0
atitlan,2026-03-24,688050.0,1629750.0,0.18924172,7.926296,225,0
atitlan,2026-03-24,688350.0,1629750.0,0.18710122,7.6037745,225,0
atitlan,2026-03-24,688650.0,1629750.0,0.15813781,7.609376,225,0
atitlan,2026-03-24,688950.0,1629750.0,0.17963678,8.034757,225,0
atitlan,2026-03-24,689250.0,1629750.0,0.16497992,6.528966,225,0
atitlan,2026-03-24,689550.0,1629750.0,0.15581411,6.441455,225,0
atitlan,2026-03-24,689850.0,1629750.0,0.12971446,5.5974975,225,0
atitlan,2026-03-24,690150.0,1629750.0,0.11516073,5.560347,225,0
atitlan,2026-03-24,690450.0,1629750.0,0.14317495,6.1409388,225,0
atitlan,2026-03-24,690750.0,1629750.0,0.1336825,5.703778,225,0
atitlan,2026-03-24,691050.0,1629750.0,0.112946,5.4744234,225,0
atitlan,2026-03-24,691350.0,1629750.0,0.0837405,6.342675,225,0
atitlan,2026-03-24,691650.0,1629750.0,-0.052788198,2.289884,225,0
atitlan,2026-03-24,691950.0,1629750.0,-0.05680025,2.1104715,225,0
atitlan,2026-03-24,692250.0,1629750.0,-0.06428404,1.8316388,225,0
atitlan,2026-03-24,692550.0,1629750.0,-0.071387954,1.4865723,225,0
atitlan,2026-03-24,692850.0,1629750.0,-0.075837426,1.2300186,225,0
atitlan,2026-03-24,693150.0,1629750.0,-0.07779772,1.1114756,225,0
atitlan,2026-03-24,693450.0,1629750.0,-0.07684262,1.1744946,225,0
atitlan,2026-03-24,693750.0,1629750.0,-0.07688224,1.1696104,225,0
atitlan,2026-03-24,694050.0,1629750.0,-0.07615097,1.2067496,225,0
atitlan,2026-03-24,694350.0,1629750.0,-0.076900795,1.1717582,225,0
atitlan,2026-03-24,694650.0,1629750.0,-0.08207332,0.8588694,225,0
atitlan,2026-03-24,694950.0,1629750.0,-0.084238805,0.7330531,225,0
atitlan,2026-03-24,695250.0,1629750.0,-0.08315795,0.79446864,225,0
atitlan,2026-03-24,695550.0,1629750.0,-0.08212808,0.8539826,225,0
atitlan,2026-03-24,695850.0,1629750.0,-0.08346788,0.77741873,225,0
atitlan,2026-03-24,696150.0,1629750.0,-0.083887875,0.7660494,225,0
atitlan,2026-03-24,696450.0,1629750.0,-0.08674368,0.5834431,225,0
atitlan,2026-03-24,696750.0,1629750.0,-0.0821233,0.86105686,225,0
atitlan,2026-03-24,697050.0,1629750.0,-0.08457666,0.70830816,225,0
atitlan,2026-03-24,697350.0,1629750.0,-0.080859385,0.9311365,225,0
atitlan,2026-03-24,697650.0,1629750.0,-0.07906263,1.0465287,225,0
atitlan,2026-03-24,697950.0,1629750.0,-0.07731679,1.1526222,225,0
atitlan,2026-03-24,698250.0,1629750.0,-0.0067505157,3.7514007,225,0
atitlan,2026-03-24,698550.0,1629750.0,0.12087432,7.657136,225,0
atitlan,2026-03-24,698850.0,1629750.0,0.1361801,7.949395,225,0
atitlan,2026-03-24,699150.0,1629750.0,0.17083634,8.924081,225,0
atitlan,2026-03-24,699450.0,1629750.0,0.140713,6.8333435,225,0
atitlan,2026-03-24,699750.0,1629750.0,0.1155072,5.449673,225,0
atitlan,2026-03-24,700050.0,1629750.0,0.12949044,5.66463,225,0
atitlan,2026-03-24,700350.0,1629750.0,0.15725403,6.405271,225,0
atitlan,2026-03-24,700650.0,1629750.0,0.17986573,8.640678,225,0
atitlan,2026-03-24,700950.0,1629750.0,0.2007842,10.498299,225,0
atitlan,2026-03-24,701250.0,1629750.0,0.16740447,9.150438,225,0
atitlan,2026-03-24,701550.0,1629750.0,0.1461476,7.7075005,225,0
atitlan,2026-03-24,701850.0,1629750.0,0.20720366,9.841592,225,0
atitlan,2026-03-24,702150.0,1629750.0,0.19699298,10.35722,225,0
atitlan,2026-03-24,702450.0,1629750.0,0.18566298,9.029386,225,0
atitlan,2026-03-24,702750.0,1629750.0,0.18584363,9.306678,225,0
atitlan,2026-03-24,703050.0,1629750.0,0.12822068,7.2873325,225,0
atitlan,2026-03-24,703350.0,1629750.0,0.09804086,6.778794,225,0
atitlan,2026-03-24,703650.0,1629750.0,0.09261617,5.8393335,225,0
atitlan,2026-03-24,703950.0,1629750.0,0.10884465,6.3116264,225,0
atitlan,2026-03-24,704250.0,1629750.0,0.07082137,4.969031,225,0
atitlan,2026-03-24,704550.0,1629750.0,0.10552857,5.9771094,225,0
atitlan,2026-03-24,704850.0,1629750.0,0.12299502,6.510852,225,0
atitlan,2026-03-24,705150.0,1629750.0,0.1501117,7.853478,225,0
atitlan,2026-03-24,705450.0,1629750.0,0.15096316,7.0058026,225,0
atitlan,2026-03-24,705750.0,1629750.0,0.16209453,7.0957565,225,0
atitlan,2026-03-24,706050.0,1629750.0,0.15660258,7.5695333,225,0
atitlan,2026-03-24,706350.0,1629750.0,0.18310606,7.715458,225,0
atitlan,2026-03-24,706650.0,1629750.0,0.15361734,7.441342,225,0
atitlan,2026-03-24,706950.0,1629750.0,0.16460857,7.660941,225,0
atitlan,2026-03-24,707250.0,1629750.0,0.17041954,7.2223597,225,0
atitlan,2026-03-24,707550.0,1629750.0,0.12678082,6.8673124,225,0
atitlan,2026-03-24,707850.0,1629750.0,0.22783898,10.905798,45,0
atitlan,2026-03-24,680250.0,1630050.0,0.27926612,15.687716,180,1
atitlan,2026-03-24,680550.0,1630050.0,0.29092145,17.024916,225,1
atitlan,2026-03-24,680850.0,1630050.0,0.31995696,19.838316,225,1
atitlan,2026-03-24,681150.0,1630050.0,0.283495,16.485674,225,1
atitlan,2026-03-24,681450.0,1630050.0,0.24879818,12.490566,225,1
atitlan,2026-03-24,681750.0,1630050.0,0.2917876,16.040953,225,1
atitlan,2026-03-24,682050.0,1630050.0,0.2805243,15.452797,225,1
atitlan,2026-03-24,682350.0,1630050.0,0.3083925,21.276049,225,1
atitlan,2026-03-24,682650.0,1630050.0,0.30749357,17.966627,225,1
atitlan,2026-03-24,682950.0,1630050.0,0.31759268,19.518864,225,1
atitlan,2026-03-24,683250.0,1630050.0,0.2921007,16.273262,225,1
atitlan,2026-03-24,683550.0,1630050.0,0.30555606,18.202324,225,1
atitlan,2026-03-24,683850.0,1630050.0,0.27472898,15.457503,225,1
atitlan,2026-03-24,684150.0,1630050.0,0.24663164,11.807467,225,0
atitlan,2026-03-24,684450.0,1630050.0,0.33075327,22.204805,225,1
atitlan,2026-03-24,684750.0,1630050.0,0.2483778,12.889232,225,1
atitlan,2026-03-24,685050.0,1630050.0,0.17459688,7.153345,225,0
atitlan,2026-03-24,685350.0,1630050.0,0.24406339,12.17379,225,1
atitlan,2026-03-24,685650.0,1630050.0,0.25309783,13.485935,225,1
atitlan,2026-03-24,685950.0,1630050.0,0.23312865,10.806785,225,0
atitlan,2026-03-24,686250.0,1630050.0,0.2109032,10.03233,225,0
atitlan,2026-03-24,686550.0,1630050.0,0.24166799,12.12799,225,1
atitlan,2026-03-24,686850.0,1630050.0,0.26433185,13.278839,225,1
atitlan,2026-03-24,687150.0,1630050.0,0.2343928,10.777673,225,0
atitlan,2026-03-24,687450.0,1630050.0,0.19054931,8.233151,225,0
atitlan,2026-03-24,687750.0,1630050.0,0.2536686,12.977137,225,1
atitlan,2026-03-24,688050.0,1630050.0,0.19499812,8.15029,225,0
atitlan,2026-03-24,688350.0,1630050.0,0.19171144,9.028049,225,0
atitlan,2026-03-24,688650.0,1630050.0,0.16323353,7.5503206,225,0
atitlan,2026-03-24,688950.0,1630050.0,0.22540778,10.817778,225,0
atitlan,2026-03-24,689250.0,1630050.0,0.18375352,7.6611943,225,0
atitlan,2026-03-24,689550.0,1630050.0,0.16454454,6.918989,225,0
atitlan,2026-03-24,689850.0,1630050.0,0.19724184,10.291457,225,0
atitlan,2026-03-24,690150.0,1630050.0,0.15967974,7.6684656,225,0
atitlan,2026-03-24,690450.0,1630050.0,0.13119185,5.826058,225,0
atitlan,2026-03-24,690750.0,1630050.0,0.14034455,5.91956,225,0
atitlan,2026-03-24,691050.0,1630050.0,0.14121525,6.021111,225,0
atitlan,2026-03-24,691350.0,1630050.0,0.1533342,6.4721646,225,0
atitlan,2026-03-24,691650.0,1630050.0,0.124671854,6.9823737,225,0
atitlan,2026-03-24,691950.0,1630050.0,0.15613817,7.499828,225,0
atitlan,2026-03-24,692250.0,1630050.0,0.08768044,4.991879,225,0
atitlan,2026-03-24,692550.0,1630050.0,0.034220416,4.9020076,225,0
atitlan,2026-03-24,692850.0,1630050.0,-0.067167364,1.7054363,225,0
atitlan,2026-03-24,693150.0,1630050.0,-0.073314674,1.37186,225,0
atitlan,2026-03-24,693450.0,1630050.0,-0.070921004,1.4891797,225,0
atitlan,2026-03-24,693750.0,1630050.0,-0.07538157,1.2841866,225,0
atitlan,2026-03-24,694050.0,1630050.0,-0.07286703,1.3991001,225,0
atitlan,2026-03-24,694350.0,1630050.0,-0.07539848,1.2634856,225,0
atitlan,2026-03-24,694650.0,1630050.0,-0.080727644,0.9365199,225,0
atitlan,2026-03-24,694950.0,1630050.0,-0.083655134,0.76470953,225,0
atitlan,2026-03-24,695250.0,1630050.0,-0.080066554,0.9816893,225,0
atitlan,2026-03-24,695550.0,1630050.0,-0.079869546,0.9918516,225,0
atitlan,2026-03-24,695850.0,1630050.0,-0.08078268,0.93181556,225,0
atitlan,2026-03-24,696150.0,1630050.0,-0.08456222,0.6955284,225,0
atitlan,2026-03-24,696450.0,1630050.0,-0.08373727,0.74839526,225,0
atitlan,2026-03-24,696750.0,1630050.0,-0.08240989,0.84925514,225,0
atitlan,2026-03-24,697050.0,1630050.0,-0.081944816,0.8607887,225,0
atitlan,2026-03-24,697350.0,1630050.0,-0.07896349,1.0461088,225,0
atitlan,2026-03-24,697650.0,1630050.0,-0.079357944,1.024832,225,0
atitlan,2026-03-24,697950.0,1630050.0,-0.0132596325,3.1449795,225,0
atitlan,2026-03-24,698250.0,1630050.0,0.065490685,5.348555,225,0
atitlan,2026-03-24,698550.0,1630050.0,0.06892614,5.128944,225,0
atitlan,2026-03-24,698850.0,1630050.0,0.09114775,6.280231,225,0
atitlan,2026-03-24,699150.0,1630050.0,0.09833982,6.6328354,225,0
atitlan,2026-03-24,699450.0,1630050.0,0.16016635,6.7419643,225,0
atitlan,2026-03-24,699750.0,1630050.0,0.15902707,6.223559,225,0
atitlan,2026-03-24,700050.0,1630050.0,0.12429169,5.8519964,225,0
atitlan,2026-03-24,700350.0,1630050.0,0.13730209,6.7419763,225,0
atitlan,2026-03-24,700650.0,1630050.0,0.18971783,9.234042,225,0
atitlan,2026-03-24,700950.0,1630050.0,0.15514922,7.9329205,225,0
atitlan,2026-03-24,701250.0,1630050.0,0.15112805,8.1231985,225,0
atitlan,2026-03-24,701550.0,1630050.0,0.19093867,9.245906,225,0
atitlan,2026-03-24,701850.0,1630050.0,0.15130307,7.9399767,225,0
atitlan,2026-03-24,702150.0,1630050.0,0.13640061,7.0559354,225,0
atitlan,2026-03-24,702450.0,1630050.0,0.2060115,10.291047,225,0
atitlan,2026-03-24,702750.0,1630050.0,0.11416622,6.986355,225,0
atitlan,2026-03-24,703050.0,1630050.0,0.096082866,6.39326,225,0
atitlan,2026-03-24,703350.0,1630050.0,0.07950977,5.5232377,225,0
atitlan,2026-03-24,703650.0,1630050.0,0.07676264,5.23794,225,0
atitlan,2026-03-24,703950.0,1630050.0,0.07493596,5.0337477,225,0
atitlan,2026-03-24,704250.0,1630050.0,0.094249375,6.300667,225,0
atitlan,2026-03-24,704550.0,1630050.0,0.19774714,8.73744,225,0
atitlan,2026-03-24,704850.0,1630050.0,0.20320475,8.647872,225,0
atitlan,2026-03-24,705150.0,1630050.0,0.19582297,8.382907,225,0
atitlan,2026-03-24,705450.0,1630050.0,0.20280212,9.738287,225,0
atitlan,2026-03-24,705750.0,1630050.0,0.15088448,6.925786,225,0
atitlan,2026-03-24,706050.0,1630050.0,0.1766246,7.663435,225,0
atitlan,2026-03-24,706350.0,1630050.0,0.21092196,9.279476,225,0
atitlan,2026-03-24,706650.0,1630050.0,0.21948577,10.057283,225,0
atitlan,2026-03-24,706950.0,1630050.0,0.24225587,11.335534,225,0
atitlan,2026-03-24,707250.0,1630050.0,0.18338422,8.16282,225,0
atitlan,2026-03-24,707550.0,1630050.0,0.112360395,6.3234496,225,0
atitlan,2026-03-24,707850.0,1630050.0,0.15643834,7.1267166,45,0
atitlan,2026-03-24,680250.0,1630350.0,0.30127883,18.236574,180,1
atitlan,2026-03-24,680550.0,1630350.0,0.29312974,17.339523,225,1
atitlan,2026-03-24,680850.0,1630350.0,0.25158465,13.154601,225,1
atitlan,2026-03-24,681150.0,1630350.0,0.26933783,15.672164,225,1
atitlan,2026-03-24,681450.0,1630350.0,0.2938661,16.129358,225,1
atitlan,2026-03-24,681750.0,1630350.0,0.26352304,12.684838,225,1
atitlan,2026-03-24,682050.0,1630350.0,0.27308953,14.4234085,225,1
atitlan,2026-03-24,682350.0,1630350.0,0.27397567,14.314336,225,1
atitlan,2026-03-24,682650.0,1630350.0,0.3058055,18.979015,225,1
atitlan,2026-03-24,682950.0,1630350.0,0.26303586,14.113111,225,1
atitlan,2026-03-24,683250.0,1630350.0,0.31188923,18.868568,225,1
atitlan,2026-03-24,683550.0,1630350.0,0.2922156,15.952618,225,1
atitlan,2026-03-24,683850.0,1630350.0,0.2700245,13.844726,225,1
atitlan,2026-03-24,684150.0,1630350.0,0.325934,22.570782,225,1
atitlan,2026-03-24,684450.0,1630350.0,0.32547268,23.016193,225,1
atitlan,2026-03-24,684750.0,1630350.0,0.27988702,14.960996,225,1
atitlan,2026-03-24,685050.0,1630350.0,0.21846718,9.455848,225,0
atitlan,2026-03-24,685350.0,1630350.0,0.21451212,10.379525,225,0
atitlan,2026-03-24,685650.0,1630350.0,0.22885993,10.275652,225,0
atitlan,2026-03-24,685950.0,1630350.0,0.21449775,9.710937,225,0
atitlan,2026-03-24,686250.0,1630350.0,0.26344857,14.11511,225,1
atitlan,2026-03-24,686550.0,1630350.0,0.28308585,15.584761,225,1
atitlan,2026-03-24,686850.0,1630350.0,0.26935586,13.892224,225,1
atitlan,2026-03-24,687150.0,1630350.0,0.24404928,11.193279,225,0
atitlan,2026-03-24,687450.0,1630350.0,0.28699467,15.886254,225,1
atitlan,2026-03-24,687750.0,1630350.0,0.27258715,15.134114,225,1
atitlan,2026-03-24,688050.0,1630350.0,0.23563689,11.672424,225,0
atitlan,2026-03-24,688350.0,1630350.0,0.21417297,10.678333,225,0
atitlan,2026-03-24,688650.0,1630350.0,0.15185153,7.031677,225,0
atitlan,2026-03-24,688950.0,1630350.0,0.18157518,8.277018,225,0
atitlan,2026-03-24,689250.0,1630350.0,0.22467513,10.04854,225,0
atitlan,2026-03-24,689550.0,1630350.0,0.2205006,12.19239,225,1
atitlan,2026-03-24,689850.0,1630350.0,0.18146206,9.765459,225,0
atitlan,2026-03-24,690150.0,1630350.0,0.18514395,9.229241,225,0
atitlan,2026-03-24,690450.0,1630350.0,0.16278926,7.0558515,225,0
atitlan,2026-03-24,690750.0,1630350.0,0.15812108,6.9337277,225,0
atitlan,2026-03-24,691050.0,1630350.0,0.1458003,6.129791,225,0
atitlan,2026-03-24,691350.0,1630350.0,0.17667374,7.3716555,225,0
atitlan,2026-03-24,691650.0,1630350.0,0.14912412,7.1451344,225,0
atitlan,2026-03-24,691950.0,1630350.0,0.20300288,8.957575,225,0
atitlan,2026-03-24,692250.0,1630350.0,0.14771263,6.2998405,225,0
atitlan,2026-03-24,692550.0,1630350.0,0.15009885,7.052661,225,0
atitlan,2026-03-24,692850.0,1630350.0,0.046935875,5.081224,225,0
atitlan,2026-03-24,693150.0,1630350.0,0.061992668,5.3143625,225,0
atitlan,2026-03-24,693450.0,1630350.0,0.06338911,5.8419304,225,0
atitlan,2026-03-24,693750.0,1630350.0,-0.042777132,2.8070855,225,0
atitlan,2026-03-24,694050.0,1630350.0,0.017853046,3.7007198,225,0
atitlan,2026-03-24,694350.0,1630350.0,0.082307875,4.8747673,225,0
atitlan,2026-03-24,694650.0,1630350.0,-0.071729355,1.4120547,225,0
atitlan,2026-03-24,694950.0,1630350.0,-0.07559459,1.2471224,225,0
atitlan,2026-03-24,695250.0,1630350.0,-0.06924175,1.4449962,225,0
atitlan,2026-03-24,695550.0,1630350.0,-0.023675455,2.580017,225,0
atitlan,2026-03-24,695850.0,1630350.0,-9.7036e-05,3.3016708,225,0
atitlan,2026-03-24,696150.0,1630350.0,-0.02847519,2.8839204,225,0
atitlan,2026-03-24,696450.0,1630350.0,-0.075855,1.2028488,225,0
atitlan,2026-03-24,696750.0,1630350.0,-0.0814854,0.8953352,225,0
atitlan,2026-03-24,697050.0,1630350.0,-0.08033961,0.9584984,225,0
atitlan,2026-03-24,697350.0,1630350.0,-0.077004164,1.1548082,225,0
atitlan,2026-03-24,697650.0,1630350.0,-0.043971024,2.194294,225,0
atitlan,2026-03-24,697950.0,1630350.0,0.11628578,7.1872582,225,0
atitlan,2026-03-24,698250.0,1630350.0,0.082998075,5.7267666,225,0
atitlan,2026-03-24,698550.0,1630350.0,0.08097722,5.659798,225,0
atitlan,2026-03-24,698850.0,1630350.0,0.08266324,5.7772484,225,0
atitlan,2026-03-24,699150.0,1630350.0,0.10518793,6.4933577,225,0
atitlan,2026-03-24,699450.0,1630350.0,0.15851124,6.705846,225,0
atitlan,2026-03-24,699750.0,1630350.0,0.17417349,7.29969,225,0
atitlan,2026-03-24,700050.0,1630350.0,0.122676,6.6001296,225,0
atitlan,2026-03-24,700350.0,1630350.0,0.11476927,6.4070764,225,0
atitlan,2026-03-24,700650.0,1630350.0,0.13998309,7.112471,225,0
atitlan,2026-03-24,700950.0,1630350.0,0.10540483,6.2190332,225,0
atitlan,2026-03-24,701250.0,1630350.0,0.12378832,7.642621,225,0
atitlan,2026-03-24,701550.0,1630350.0,0.10907297,6.3236523,225,0
atitlan,2026-03-24,701850.0,1630350.0,0.10637082,6.4312067,225,0
atitlan,2026-03-24,702150.0,1630350.0,0.21789382,9.909431,225,0
atitlan,2026-03-24,702450.0,1630350.0,0.217545,11.244592,225,0
atitlan,2026-03-24,702750.0,1630350.0,0.10506595,6.7612195,225,0
atitlan,2026-03-24,703050.0,1630350.0,0.09589486,6.1665587,225,0
atitlan,2026-03-24,703350.0,1630350.0,0.07344467,5.09338,225,0
atitlan,2026-03-24,703650.0,1630350.0,0.08391419,5.496089,225,0
atitlan,2026-03-24,703950.0,1630350.0,0.100117326,5.659268,225,0
atitlan,2026-03-24,704250.0,1630350.0,0.19504157,8.663488,225,0
atitlan,2026-03-24,704550.0,1630350.0,0.1844347,7.794805,225,0
atitlan,2026-03-24,704850.0,1630350.0,0.20485562,9.286508,225,0
atitlan,2026-03-24,705150.0,1630350.0,0.18685861,7.9921465,225,0
atitlan,2026-03-24,705450.0,1630350.0,0.18398647,7.945259,225,0
atitlan,2026-03-24,705750.0,1630350.0,0.17420094,7.5712285,225,0
atitlan,2026-03-24,706050.0,1630350.0,0.16861168,7.3946,225,0
atitlan,2026-03-24,706350.0,1630350.0,0.23508194,10.214432,225,0
atitlan,2026-03-24,706650.0,1630350.0,0.20782949,9.225119,225,0
atitlan,2026-03-24,706950.0,1630350.0,0.20018408,8.655391,225,0
atitlan,2026-03-24,707250.0,1630350.0,0.16241124,7.334214,225,0
atitlan,2026-03-24,707550.0,1630350.0,0.16550949,7.580779,225,0
atitlan,2026-03-24,707850.0,1630350.0,0.15285373,7.8440466,45,0
atitlan,2026-03-24,680250.0,1630650.0,0.32273462,20.284666,180,1
atitlan,2026-03-24,680550.0,1630650.0,0.33366004,22.015078,225,1
atitlan,2026-03-24,680850.0,1630650.0,0.2829674,16.22764,225,1
atitlan,2026-03-24,681150.0,1630650.0,0.2856409,17.717161,225,1
atitlan,2026-03-24,681450.0,1630650.0,0.31944615,19.812109,225,1
atitlan,2026-03-24,681750.0,1630650.0,0.30352718,17.48817,225,1
atitlan,2026-03-24,682050.0,1630650.0,0.3023212,17.206516,225,1
atitlan,2026-03-24,682350.0,1630650.0,0.33411336,22.28069,225,1
atitlan,2026-03-24,682650.0,1630650.0,0.30194673,19.172062,225,1
atitlan,2026-03-24,682950.0,1630650.0,0.31685096,19.270845,225,1
atitlan,2026-03-24,683250.0,1630650.0,0.31177604,18.562038,225,1
atitlan,2026-03-24,683550.0,1630650.0,0.3112162,19.352747,225,1
atitlan,2026-03-24,683850.0,1630650.0,0.27858338,15.879726,225,1
atitlan,2026-03-24,684150.0,1630650.0,0.34433952,25.286974,225,1
atitlan,2026-03-24,684450.0,1630650.0,0.2910964,17.417603,225,1
atitlan,2026-03-24,684750.0,1630650.0,0.29057363,16.253681,225,1
atitlan,2026-03-24,685050.0,1630650.0,0.27791858,14.609517,225,1
atitlan,2026-03-24,685350.0,1630650.0,0.2521129,13.907622,225,1
atitlan,2026-03-24,685650.0,1630650.0,0.2545925,12.590378,225,1
atitlan,2026-03-24,685950.0,1630650.0,0.2554755,13.343708,225,1
atitlan,2026-03-24,686250.0,1630650.0,0.24507342,11.925317,225,0
atitlan,2026-03-24,686550.0,1630650.0,0.24003303,11.427444,225,0
atitlan,2026-03-24,686850.0,1630650.0,0.27549458,14.715152,225,1
atitlan,2026-03-24,687150.0,1630650.0,0.24548279,11.255794,225,0
atitlan,2026-03-24,687450.0,1630650.0,0.2684532,13.909252,225,1
atitlan,2026-03-24,687750.0,1630650.0,0.22613613,10.499568,225,0
atitlan,2026-03-24,688050.0,1630650.0,0.274304,15.207626,225,1
atitlan,2026-03-24,688350.0,1630650.0,0.23111297,10.782736,225,0
atitlan,2026-03-24,688650.0,1630650.0,0.18875782,8.520675,225,0
atitlan,2026-03-24,688950.0,1630650.0,0.18132615,8.327163,225,0
atitlan,2026-03-24,689250.0,1630650.0,0.20520166,9.564047,225,0
atitlan,2026-03-24,689550.0,1630650.0,0.23481816,11.994643,225,0
atitlan,2026-03-24,689850.0,1630650.0,0.23584062,11.905438,225,0
atitlan,2026-03-24,690150.0,1630650.0,0.22749779,11.853119,225,0
atitlan,2026-03-24,690450.0,1630650.0,0.18136273,7.787684,225,0
atitlan,2026-03-24,690750.0,1630650.0,0.152689,6.947184,225,0
atitlan,2026-03-24,691050.0,1630650.0,0.13433288,5.891408,225,0
atitlan,2026-03-24,691350.0,1630650.0,0.16888134,6.911615,225,0
atitlan,2026-03-24,691650.0,1630650.0,0.17184384,7.0595183,225,0
atitlan,2026-03-24,691950.0,1630650.0,0.19354314,7.980294,225,0
atitlan,2026-03-24,692250.0,1630650.0,0.17171882,6.644232,225,0
atitlan,2026-03-24,692550.0,1630650.0,0.18622334,8.100797,225,0
atitlan,2026-03-24,692850.0,1630650.0,0.1553694,7.6164093,225,0
atitlan,2026-03-24,693150.0,1630650.0,0.14328459,7.352503,225,0
atitlan,2026-03-24,693450.0,1630650.0,0.19359443,9.383668,225,0
atitlan,2026-03-24,693750.0,1630650.0,0.17615683,8.882325,225,0
atitlan,2026-03-24,694050.0,1630650.0,0.18946448,7.849921,225,0
atitlan,2026-03-24,694350.0,1630650.0,0.15048958,6.2702208,225,0
atitlan,2026-03-24,694650.0,1630650.0,0.13839082,7.497693,225,0
atitlan,2026-03-24,694950.0,1630650.0,0.060714085,4.246378,225,0
atitlan,2026-03-24,695250.0,1630650.0,0.055721644,4.7196994,225,0
atitlan,2026-03-24,695550.0,1630650.0,0.08051347,5.198544,225,0
atitlan,2026-03-24,695850.0,1630650.0,0.1085224,5.425526,225,0
atitlan,2026-03-24,696150.0,1630650.0,0.07309879,4.9310036,225,0
atitlan,2026-03-24,696450.0,1630650.0,0.04193427,4.324788,225,0
atitlan,2026-03-24,696750.0,1630650.0,-0.07533125,1.2820936,225,0
atitlan,2026-03-24,697050.0,1630650.0,-0.08092405,0.92762166,225,0
atitlan,2026-03-24,697350.0,1630650.0,-0.07932584,1.0282372,225,0
atitlan,2026-03-24,697650.0,1630650.0,0.04333792,4.8955173,225,0
atitlan,2026-03-24,697950.0,1630650.0,0.10411626,6.1232386,225,0
atitlan,2026-03-24,698250.0,1630650.0,0.06810303,5.142271,225,0
atitlan,2026-03-24,698550.0,1630650.0,0.06311397,5.3288884,225,0
atitlan,2026-03-24,698850.0,1630650.0,0.06449485,5.1552076,225,0
atitlan,2026-03-24,699150.0,1630650.0,0.076314546,5.4533153,225,0
atitlan,2026-03-24,699450.0,1630650.0,0.17481412,7.596942,225,0
atitlan,2026-03-24,699750.0,1630650.0,0.20328861,8.573785,225,0
atitlan,2026-03-24,700050.0,1630650.0,0.20967034,9.75812,225,0
atitlan,2026-03-24,700350.0,1630650.0,0.18969274,10.233589,225,0
atitlan,2026-03-24,700650.0,1630650.0,0.09938472,6.4839625,225,0
atitlan,2026-03-24,700950.0,1630650.0,0.096784346,6.0062413,225,0
atitlan,2026-03-24,701250.0,1630650.0,0.08551002,5.400479,225,0
atitlan,2026-03-24,701550.0,1630650.0,0.15958084,8.201028,225,0
atitlan,2026-03-24,701850.0,1630650.0,0.14400831,8.223878,225,0
atitlan,2026-03-24,702150.0,1630650.0,0.13967669,7.444506,225,0
atitlan,2026-03-24,702450.0,1630650.0,0.1666913,8.33154,225,0
atitlan,2026-03-24,702750.0,1630650.0,0.108268626,6.445768,225,0
atitlan,2026-03-24,703050.0,1630650.0,0.07604266,5.670701,225,0
atitlan,2026-03-24,703350.0,1630650.0,0.07258946,5.2737446,225,0
atitlan,2026-03-24,703650.0,1630650.0,0.09133448,5.7127466,225,0
atitlan,2026-03-24,703950.0,1630650.0,0.18042104,8.241575,225,0
atitlan,2026-03-24,704250.0,1630650.0,0.20664196,9.0108385,225,0
atitlan,2026-03-24,704550.0,1630650.0,0.20405202,8.570698,225,0
atitlan,2026-03-24,704850.0,1630650.0,0.22826695,10.502636,225,0
atitlan,2026-03-24,705150.0,1630650.0,0.18501927,9.038577,225,0
atitlan,2026-03-24,705450.0,1630650.0,0.20861045,9.059458,225,0
atitlan,2026-03-24,705750.0,1630650.0,0.20042533,8.86765,225,0
atitlan,2026-03-24,706050.0,1630650.0,0.2043791,9.253744,225,0
atitlan,2026-03-24,706350.0,1630650.0,0.22792454,9.851418,225,0
atitlan,2026-03-24,706650.0,1630650.0,0.20620625,8.624158,225,0
atitlan,2026-03-24,706950.0,1630650.0,0.111714825,6.2731566,225,0
atitlan,2026-03-24,707250.0,1630650.0,0.16894664,7.708088,225,0
atitlan,2026-03-24,707550.0,1630650.0,0.15491715,7.25806,225,0
atitlan,2026-03-24,707850.0,1630650.0,0.22746567,10.05384,45,0
atitlan,2026-03-24,680250.0,1630950.0,0.23711586,13.145832,180,1
atitlan,2026-03-24,680550.0,1630950.0,0.2754947,16.546373,225,1
atitlan,2026-03-24,680850.0,1630950.0,0.31478873,19.22545,225,1
atitlan,2026-03-24,681150.0,1630950.0,0.31394017,19.323706,225,1
atitlan,2026-03-24,681450.0,1630950.0,0.29339632,16.185005,225,1
atitlan,2026-03-24,681750.0,1630950.0,0.29756653,16.596573,225,1
atitlan,2026-03-24,682050.0,1630950.0,0.30798957,18.086048,225,1
atitlan,2026-03-24,682350.0,1630950.0,0.32512257,22.916437,225,1
atitlan,2026-03-24,682650.0,1630950.0,0.30213824,20.341574,225,1
atitlan,2026-03-24,682950.0,1630950.0,0.34605488,24.36176,225,1
atitlan,2026-03-24,683250.0,1630950.0,0.3556758,26.343542,225,1
atitlan,2026-03-24,683550.0,1630950.0,0.3279839,21.571514,225,1
atitlan,2026-03-24,683850.0,1630950.0,0.29210126,16.922047,225,1
atitlan,2026-03-24,684150.0,1630950.0,0.28364238,15.44343,225,1
atitlan,2026-03-24,684450.0,1630950.0,0.29071364,16.678518,225,1
atitlan,2026-03-24,684750.0,1630950.0,0.27482575,15.246708,225,1
atitlan,2026-03-24,685050.0,1630950.0,0.26456806,12.980286,225,1
atitlan,2026-03-24,685350.0,1630950.0,0.36262175,28.643143,225,1
atitlan,2026-03-24,685650.0,1630950.0,0.31295672,20.469585,225,1
atitlan,2026-03-24,685950.0,1630950.0,0.25266805,12.636412,225,1
atitlan,2026-03-24,686250.0,1630950.0,0.24997783,12.794577,225,1
atitlan,2026-03-24,686550.0,1630950.0,0.28955537,16.093422,225,1
atitlan,2026-03-24,686850.0,1630950.0,0.27646497,15.059615,225,1
atitlan,2026-03-24,687150.0,1630950.0,0.23348258,10.586885,225,0
atitlan,2026-03-24,687450.0,1630950.0,0.21354476,9.881613,225,0
atitlan,2026-03-24,687750.0,1630950.0,0.2349966,11.835103,225,0
atitlan,2026-03-24,688050.0,1630950.0,0.24792786,11.706015,225,0
atitlan,2026-03-24,688350.0,1630950.0,0.246001,13.493114,225,1
atitlan,2026-03-24,688650.0,1630950.0,0.25893456,13.553133,225,1
atitlan,2026-03-24,688950.0,1630950.0,0.22681125,11.493675,225,0
atitlan,2026-03-24,689250.0,1630950.0,0.25048622,12.56673,225,1
atitlan,2026-03-24,689550.0,1630950.0,0.24206406,12.060161,225,1
atitlan,2026-03-24,689850.0,1630950.0,0.27140957,14.357101,225,1
atitlan,2026-03-24,690150.0,1630950.0,0.2495677,12.50627,225,1
atitlan,2026-03-24,690450.0,1630950.0,0.1573534,7.1401696,225,0
atitlan,2026-03-24,690750.0,1630950.0,0.16306654,7.067035,225,0
atitlan,2026-03-24,691050.0,1630950.0,0.14552976,6.077713,225,0
atitlan,2026-03-24,691350.0,1630950.0,0.14434972,6.056959,225,0
atitlan,2026-03-24,691650.0,1630950.0,0.17785119,7.1071434,225,0
atitlan,2026-03-24,691950.0,1630950.0,0.18378684,7.8436236,225,0
atitlan,2026-03-24,692250.0,1630950.0,0.14650023,6.3061786,225,0
atitlan,2026-03-24,692550.0,1630950.0,0.14679304,6.311267,225,0
atitlan,2026-03-24,692850.0,1630950.0,0.13702217,6.704853,225,0
atitlan,2026-03-24,693150.0,1630950.0,0.15867907,8.083423,225,0
atitlan,2026-03-24,693450.0,1630950.0,0.12967567,6.4657764,225,0
atitlan,2026-03-24,693750.0,1630950.0,0.14742893,6.1312337,225,0
atitlan,2026-03-24,694050.0,1630950.0,0.16908118,6.8705177,225,0
atitlan,2026-03-24,694350.0,1630950.0,0.16601516,6.6272373,225,0
atitlan,2026-03-24,694650.0,1630950.0,0.19121617,7.8132663,225,0
atitlan,2026-03-24,694950.0,1630950.0,0.17154953,7.026991,225,0
atitlan,2026-03-24,695250.0,1630950.0,0.13610135,5.8108683,225,0
atitlan,2026-03-24,695550.0,1630950.0,0.097028784,5.359178,225,0
atitlan,2026-03-24,695850.0,1630950.0,0.07194948,4.9751225,225,0
atitlan,2026-03-24,696150.0,1630950.0,0.094788395,5.233385,225,0
atitlan,2026-03-24,696450.0,1630950.0,0.13723397,6.1254096,225,0
atitlan,2026-03-24,696750.0,1630950.0,0.0114439,3.4634361,225,0
atitlan,2026-03-24,697050.0,1630950.0,-0.07335917,1.3793507,225,0
atitlan,2026-03-24,697350.0,1630950.0,-0.070656136,1.5320325,225,0
atitlan,2026-03-24,697650.0,1630950.0,0.010622045,3.5615444,225,0
atitlan,2026-03-24,697950.0,1630950.0,0.13596366,6.09908,225,0
atitlan,2026-03-24,698250.0,1630950.0,0.1093251,6.2574215,225,0
atitlan,2026-03-24,698550.0,1630950.0,0.07082725,5.4286613,225,0
atitlan,2026-03-24,698850.0,1630950.0,0.0525921,4.7039747,225,0
atitlan,2026-03-24,699150.0,1630950.0,0.053267308,4.653354,225,0
atitlan,2026-03-24,699450.0,1630950.0,0.1119121,5.9272175,225,0
atitlan,2026-03-24,699750.0,1630950.0,0.201149,8.294195,225,0
atitlan,2026-03-24,700050.0,1630950.0,0.22578594,10.479164,225,0
atitlan,2026-03-24,700350.0,1630950.0,0.20675634,10.315261,225,0
atitlan,2026-03-24,700650.0,1630950.0,0.1349171,8.00249,225,0
atitlan,2026-03-24,700950.0,1630950.0,0.063390814,5.4294577,225,0
atitlan,2026-03-24,701250.0,1630950.0,0.09816174,6.037503,225,0
atitlan,2026-03-24,701550.0,1630950.0,0.15915778,7.996015,225,0
atitlan,2026-03-24,701850.0,1630950.0,0.14855157,7.5115128,225,0
atitlan,2026-03-24,702150.0,1630950.0,0.15358633,7.8899603,225,0
atitlan,2026-03-24,702450.0,1630950.0,0.17824084,8.3675785,225,0
atitlan,2026-03-24,702750.0,1630950.0,0.1205139,6.7526383,225,0
atitlan,2026-03-24,703050.0,1630950.0,0.06792184,4.990748,225,0
atitlan,2026-03-24,703350.0,1630950.0,0.077450514,5.1843143,225,0
atitlan,2026-03-24,703650.0,1630950.0,0.15920606,8.151339,225,0
atitlan,2026-03-24,703950.0,1630950.0,0.21971871,9.546889,225,0
atitlan,2026-03-24,704250.0,1630950.0,0.2125895,8.953565,225,0
atitlan,2026-03-24,704550.0,1630950.0,0.172921,8.181592,225,0
atitlan,2026-03-24,704850.0,1630950.0,0.2047027,9.125833,225,0
atitlan,2026-03-24,705150.0,1630950.0,0.19413924,9.163136,225,0
atitlan,2026-03-24,705450.0,1630950.0,0.19198187,8.404827,225,0
atitlan,2026-03-24,705750.0,1630950.0,0.22176512,9.866445,225,0
atitlan,2026-03-24,706050.0,1630950.0,0.22388963,9.905444,225,0
atitlan,2026-03-24,706350.0,1630950.0,0.197557,8.479215,225,0
atitlan,2026-03-24,706650.0,1630950.0,0.15454264,7.279223,225,0
atitlan,2026-03-24,706950.0,1630950.0,0.1681869,7.9173126,225,0
atitlan,2026-03-24,707250.0,1630950.0,0.20172264,8.417095,225,0
atitlan,2026-03-24,707550.0,1630950.0,0.14825325,6.738747,225,0
atitlan,2026-03-24,707850.0,1630950.0,0.12535673,7.041137,45,0
atitlan,2026-03-24,680250.0,1631250.0,0.28946698,17.001406,180,1
atitlan,2026-03-24,680550.0,1631250.0,0.26698208,14.089247,225,1
atitlan,2026-03-24,680850.0,1631250.0,0.3040361,17.763441,225,1
atitlan,2026-03-24,681150.0,1631250.0,0.30945134,19.615639,225,1
atitlan,2026-03-24,681450.0,1631250.0,0.28293556,14.879921,225,1
atitlan,2026-03-24,681750.0,1631250.0,0.30861735,17.964748,225,1
atitlan,2026-03-24,682050.0,1631250.0,0.2978555,16.317892,225,1
atitlan,2026-03-24,682350.0,1631250.0,0.32551432,22.529259,225,1
atitlan,2026-03-24,682650.0,1631250.0,0.31776756,19.77337,225,1
atitlan,2026-03-24,682950.0,1631250.0,0.33876243,23.189125,225,1
atitlan,2026-03-24,683250.0,1631250.0,0.33562866,22.852869,225,1
atitlan,2026-03-24,683550.0,1631250.0,0.28955922,17.231447,225,1
atitlan,2026-03-24,683850.0,1631250.0,0.2974794,16.999784,225,1
atitlan,2026-03-24,684150.0,1631250.0,0.2809776,14.989252,225,1
atitlan,2026-03-24,684450.0,1631250.0,0.28338394,15.980631,225,1
atitlan,2026-03-24,684750.0,1631250.0,0.26888543,15.283753,225,1
atitlan,2026-03-24,685050.0,1631250.0,0.2859396,15.660201,225,1
atitlan,2026-03-24,685350.0,1631250.0,0.3581182,27.549738,225,1
atitlan,2026-03-24,685650.0,1631250.0,0.3085239,19.398678,225,1
atitlan,2026-03-24,685950.0,1631250.0,0.27730206,14.844204,225,1
atitlan,2026-03-24,686250.0,1631250.0,0.28814054,16.018469,225,1
atitlan,2026-03-24,686550.0,1631250.0,0.2506372,13.364898,225,1
atitlan,2026-03-24,686850.0,1631250.0,0.2665846,14.333577,225,1
atitlan,2026-03-24,687150.0,1631250.0,0.25058165,12.019742,225,1
atitlan,2026-03-24,687450.0,1631250.0,0.24246797,11.262213,225,0
atitlan,2026-03-24,687750.0,1631250.0,0.26751658,13.934407,225,1
atitlan,2026-03-24,688050.0,1631250.0,0.26502204,14.061649,225,1
atitlan,2026-03-24,688350.0,1631250.0,0.17829087,9.842103,225,0
atitlan,2026-03-24,688650.0,1631250.0,0.2442867,13.018689,225,1
atitlan,2026-03-24,688950.0,1631250.0,0.23564783,12.268317,225,1
atitlan,2026-03-24,689250.0,1631250.0,0.22639833,9.726553,225,0
atitlan,2026-03-24,689550.0,1631250.0,0.25730658,12.570859,225,1
atitlan,2026-03-24,689850.0,1631250.0,0.26487136,13.95148,225,1
atitlan,2026-03-24,690150.0,1631250.0,0.24015625,13.156027,225,1
atitlan,2026-03-24,690450.0,1631250.0,0.17563704,8.651535,225,0
atitlan,2026-03-24,690750.0,1631250.0,0.18756844,8.368628,225,0
atitlan,2026-03-24,691050.0,1631250.0,0.15890908,6.503886,225,0
atitlan,2026-03-24,691350.0,1631250.0,0.16982697,7.1179075,225,0
atitlan,2026-03-24,691650.0,1631250.0,0.19667815,8.059581,225,0
atitlan,2026-03-24,691950.0,1631250.0,0.16216919,6.7005377,225,0
atitlan,2026-03-24,692250.0,1631250.0,0.19474348,8.585813,225,0
atitlan,2026-03-24,692550.0,1631250.0,0.19735461,7.992519,225,0
atitlan,2026-03-24,692850.0,1631250.0,0.17665933,7.273083,225,0
atitlan,2026-03-24,693150.0,1631250.0,0.19018039,8.168368,225,0
atitlan,2026-03-24,693450.0,1631250.0,0.17278634,8.106265,225,0
atitlan,2026-03-24,693750.0,1631250.0,0.1847582,8.490951,225,0
atitlan,2026-03-24,694050.0,1631250.0,0.19805214,8.404949,225,0
atitlan,2026-03-24,694350.0,1631250.0,0.17840266,7.5298705,225,0
atitlan,2026-03-24,694650.0,1631250.0,0.21250248,9.66318,225,0
atitlan,2026-03-24,694950.0,1631250.0,0.19550686,8.068769,225,0
atitlan,2026-03-24,695250.0,1631250.0,0.1789231,7.1370707,225,0
atitlan,2026-03-24,695550.0,1631250.0,0.14827092,7.65088,225,0
atitlan,2026-03-24,695850.0,1631250.0,0.06785446,4.842265,225,0
atitlan,2026-03-24,696150.0,1631250.0,0.16117832,7.7068944,225,0
atitlan,2026-03-24,696450.0,1631250.0,0.18903093,7.9219437,225,0
atitlan,2026-03-24,696750.0,1631250.0,0.0957758,5.210143,225,0
atitlan,2026-03-24,697050.0,1631250.0,0.061471626,5.370356,225,0
atitlan,2026-03-24,697350.0,1631250.0,0.14130698,9.40087,225,0
atitlan,2026-03-24,697650.0,1631250.0,0.1613116,8.130992,225,0
atitlan,2026-03-24,697950.0,1631250.0,0.14934048,6.0658793,225,0
atitlan,2026-03-24,698250.0,1631250.0,0.11134309,5.297483,225,0
atitlan,2026-03-24,698550.0,1631250.0,0.11836136,6.3204255,225,0
atitlan,2026-03-24,698850.0,1631250.0,0.11490176,6.613963,225,0
atitlan,2026-03-24,699150.0,1631250.0,0.080696926,5.4758787,225,0
atitlan,2026-03-24,699450.0,1631250.0,0.0792465,5.3392525,225,0
atitlan,2026-03-24,699750.0,1631250.0,0.18045293,8.058568,225,0
atitlan,2026-03-24,700050.0,1631250.0,0.20298111,9.397967,225,0
atitlan,2026-03-24,700350.0,1631250.0,0.21885149,10.949549,225,0
atitlan,2026-03-24,700650.0,1631250.0,0.14614914,8.040943,225,0
atitlan,2026-03-24,700950.0,1631250.0,0.091569014,5.9868913,225,0
atitlan,2026-03-24,701250.0,1631250.0,0.083901435,5.2887344,225,0
atitlan,2026-03-24,701550.0,1631250.0,0.16515712,7.6383185,225,0
atitlan,2026-03-24,701850.0,1631250.0,0.21769476,10.041787,225,0
atitlan,2026-03-24,702150.0,1631250.0,0.18099372,8.787421,225,0
atitlan,2026-03-24,702450.0,1631250.0,0.1931848,9.659676,225,0
atitlan,2026-03-24,702750.0,1631250.0,0.1409691,7.34844,225,0
atitlan,2026-03-24,703050.0,1631250.0,0.12803943,7.1694207,225,0
atitlan,2026-03-24,703350.0,1631250.0,0.06965953,4.9607596,225,0
atitlan,2026-03-24,703650.0,1631250.0,0.13168116,6.9698844,225,0
atitlan,2026-03-24,703950.0,1631250.0,0.17296353,7.6392,225,0
atitlan,2026-03-24,704250.0,1631250.0,0.19014114,8.256443,225,0
atitlan,2026-03-24,704550.0,1631250.0,0.19491382,8.371158,225,0
atitlan,2026-03-24,704850.0,1631250.0,0.20378153,8.950834,225,0
atitlan,2026-03-24,705150.0,1631250.0,0.18153204,8.773249,225,0
atitlan,2026-03-24,705450.0,1631250.0,0.17922865,8.606916,225,0
atitlan,2026-03-24,705750.0,1631250.0,0.17361385,8.124276,225,0
atitlan,2026-03-24,706050.0,1631250.0,0.1708322,7.604454,225,0
atitlan,2026-03-24,706350.0,1631250.0,0.19383572,8.861429,225,0
atitlan,2026-03-24,706650.0,1631250.0,0.20499535,9.600268,225,0
atitlan,2026-03-24,706950.0,1631250.0,0.161216,7.53121,225,0
atitlan,2026-03-24,707250.0,1631250.0,0.18342888,7.7773185,225,0
atitlan,2026-03-24,707550.0,1631250.0,0.16898249,8.055564,225,0
atitlan,2026-03-24,707850.0,1631250.0,0.112205856,6.611286,45,0
atitlan,2026-03-24,680250.0,1631550.0,0.24995627,14.174094,168,1
atitlan,2026-03-24,680550.0,1631550.0,0.30522218,18.088774,210,1
atitlan,2026-03-24,680850.0,1631550.0,0.30699205,18.358692,210,1
atitlan,2026-03-24,681150.0,1631550.0,0.28912005,17.14,210,1
atitlan,2026-03-24,681450.0,1631550.0,0.29964304,17.441935,210,1
atitlan,2026-03-24,681750.0,1631550.0,0.32852405,21.300594,210,1
atitlan,2026-03-24,682050.0,1631550.0,0.3316556,22.066538,210,1
atitlan,2026-03-24,682350.0,1631550.0,0.33178365,21.805359,210,1
atitlan,2026-03-24,682650.0,1631550.0,0.3029442,19.174429,210,1
atitlan,2026-03-24,682950.0,1631550.0,0.32279024,20.412188,210,1
atitlan,2026-03-24,683250.0,1631550.0,0.24320686,14.08565,210,1
atitlan,2026-03-24,683550.0,1631550.0,0.18889885,10.7866745,210,0
atitlan,2026-03-24,683850.0,1631550.0,0.26308417,14.54055,210,1
atitlan,2026-03-24,684150.0,1631550.0,0.26374736,15.01788,210,1
atitlan,2026-03-24,684450.0,1631550.0,0.28488305,16.183968,210,1
atitlan,2026-03-24,684750.0,1631550.0,0.29837784,16.657066,210,1
atitlan,2026-03-24,685050.0,1631550.0,0.3043399,17.821642,210,1
atitlan,2026-03-24,685350.0,1631550.0,0.33843744,22.71877,210,1
atitlan,2026-03-24,685650.0,1631550.0,0.3410257,23.320862,210,1
atitlan,2026-03-24,685950.0,1631550.0,0.34260473,24.518982,210,1
atitlan,2026-03-24,686250.0,1631550.0,0.33227575,22.70281,210,1
atitlan,2026-03-24,686550.0,1631550.0,0.28625044,16.047113,210,1
atitlan,2026-03-24,686850.0,1631550.0,0.24702774,12.226322,210,1
atitlan,2026-03-24,687150.0,1631550.0,0.25003174,12.329196,210,1
atitlan,2026-03-24,687450.0,1631550.0,0.24457806,12.555494,210,1
atitlan,2026-03-24,687750.0,1631550.0,0.27510577,15.423391,210,1
atitlan,2026-03-24,688050.0,1631550.0,0.25057435,12.847197,210,1
atitlan,2026-03-24,688350.0,1631550.0,0.25536442,14.621779,210,1
atitlan,2026-03-24,688650.0,1631550.0,0.21730813,9.787935,210,0
atitlan,2026-03-24,688950.0,1631550.0,0.23305318,11.805439,210,0
atitlan,2026-03-24,689250.0,1631550.0,0.22810009,9.788032,210,0
atitlan,2026-03-24,689550.0,1631550.0,0.26109076,12.823343,210,1
atitlan,2026-03-24,689850.0,1631550.0,0.29746693,16.598198,210,1
atitlan,2026-03-24,690150.0,1631550.0,0.31054267,18.81639,210,1
atitlan,2026-03-24,690450.0,1631550.0,0.28018346,15.510127,210,1
atitlan,2026-03-24,690750.0,1631550.0,0.25486696,13.241694,210,1
atitlan,2026-03-24,691050.0,1631550.0,0.20588093,8.968849,210,0
atitlan,2026-03-24,691350.0,1631550.0,0.1638318,7.0786247,210,0
atitlan,2026-03-24,691650.0,1631550.0,0.19133992,7.9954996,210,0
atitlan,2026-03-24,691950.0,1631550.0,0.19713247,8.446041,210,0
atitlan,2026-03-24,692250.0,1631550.0,0.2244615,10.637389,210,0
atitlan,2026-03-24,692550.0,1631550.0,0.16254799,6.9667435,210,0
atitlan,2026-03-24,692850.0,1631550.0,0.17931812,7.5828614,210,0
atitlan,2026-03-24,693150.0,1631550.0,0.17377372,7.2486196,210,0
atitlan,2026-03-24,693450.0,1631550.0,0.17036074,7.0977783,210,0
atitlan,2026-03-24,693750.0,1631550.0,0.17928582,8.310962,210,0
atitlan,2026-03-24,694050.0,1631550.0,0.19649042,8.922922,210,0
atitlan,2026-03-24,694350.0,1631550.0,0.16167337,7.8885956,210,0
atitlan,2026-03-24,694650.0,1631550.0,0.20337313,8.580454,210,0
atitlan,2026-03-24,694950.0,1631550.0,0.23942633,11.110621,210,0
atitlan,2026-03-24,695250.0,1631550.0,0.21357197,8.946176,210,0
atitlan,2026-03-24,695550.0,1631550.0,0.08724007,5.717683,210,0
atitlan,2026-03-24,695850.0,1631550.0,0.1019627,5.912497,210,0
atitlan,2026-03-24,696150.0,1631550.0,0.16424808,6.605281,210,0
atitlan,2026-03-24,696450.0,1631550.0,0.18231016,7.6710134,210,0
atitlan,2026-03-24,696750.0,1631550.0,0.06553503,5.177726,210,0
atitlan,2026-03-24,697050.0,1631550.0,0.12399137,6.05659,210,0
atitlan,2026-03-24,697350.0,1631550.0,0.19627541,10.264491,210,0
atitlan,2026-03-24,697650.0,1631550.0,0.17445166,9.282047,210,0
atitlan,2026-03-24,697950.0,1631550.0,0.19923232,8.087573,210,0
atitlan,2026-03-24,698250.0,1631550.0,0.17785025,7.013343,210,0
atitlan,2026-03-24,698550.0,1631550.0,0.13002115,5.5616226,210,0
atitlan,2026-03-24,698850.0,1631550.0,0.17048995,6.8428874,210,0
atitlan,2026-03-24,699150.0,1631550.0,0.13657154,6.9188957,210,0
atitlan,2026-03-24,699450.0,1631550.0,0.088251375,6.2365413,210,0
atitlan,2026-03-24,699750.0,1631550.0,0.12528734,6.878518,210,0
atitlan,2026-03-24,700050.0,1631550.0,0.18947,7.886695,210,0
atitlan,2026-03-24,700350.0,1631550.0,0.21963702,10.063206,210,0
atitlan,2026-03-24,700650.0,1631550.0,0.19238055,8.889325,210,0
atitlan,2026-03-24,700950.0,1631550.0,0.1695104,8.38754,210,0
atitlan,2026-03-24,701250.0,1631550.0,0.15831539,7.3291965,210,0
atitlan,2026-03-24,701550.0,1631550.0,0.2037439,9.332859,210,0
atitlan,2026-03-24,701850.0,1631550.0,0.18808569,9.456133,210,0
atitlan,2026-03-24,702150.0,1631550.0,0.23042062,10.834725,210,0
atitlan,2026-03-24,702450.0,1631550.0,0.25111747,11.715217,210,0
atitlan,2026-03-24,702750.0,1631550.0,0.11864129,6.719987,210,0
atitlan,2026-03-24,703050.0,1631550.0,0.09632096,6.3062377,210,0
atitlan,2026-03-24,703350.0,1631550.0,0.09920739,6.3563013,210,0
atitlan,2026-03-24,703650.0,1631550.0,0.09833182,6.030261,210,0
atitlan,2026-03-24,703950.0,1631550.0,0.21026136,8.877766,210,0
atitlan,2026-03-24,704250.0,1631550.0,0.20568341,9.008183,210,0
atitlan,2026-03-24,704550.0,1631550.0,0.19412358,8.595478,210,0
atitlan,2026-03-24,704850.0,1631550.0,0.18957779,8.821247,210,0
atitlan,2026-03-24,705150.0,1631550.0,0.2186789,10.665922,210,0
atitlan,2026-03-24,705450.0,1631550.0,0.107533894,6.8266,210,0
atitlan,2026-03-24,705750.0,1631550.0,0.09201505,6.118758,210,0
atitlan,2026-03-24,706050.0,1631550.0,0.15722649,8.144371,210,0
atitlan,2026-03-24,706350.0,1631550.0,0.21739656,9.734692,210,0
atitlan,2026-03-24,706650.0,1631550.0,0.17748642,8.229057,210,0
atitlan,2026-03-24,706950.0,1631550.0,0.17487882,7.0495634,210,0
atitlan,2026-03-24,707250.0,1631550.0,0.1605389,6.8576503,210,0
atitlan,2026-03-24,707550.0,1631550.0,0.1796987,8.813805,210,0
atitlan,2026-03-24,707850.0,1631550.0,0.15566123,8.2429,42,0
