lago,fecha,x,y,ndci,chl_a_estimada,pixeles_validos,alta_cianobacteria
atitlan,2026-04-28,680250.0,1614150.0,0.06195844,4.725129,84,0
atitlan,2026-04-28,680550.0,1614150.0,0.10972491,5.7379365,105,0
atitlan,2026-04-28,680850.0,1614150.0,0.011702443,4.2026443,105,0
atitlan,2026-04-28,681150.0,1614150.0,-0.0011945217,3.9928563,105,0
atitlan,2026-04-28,681450.0,1614150.0,0.021452866,4.2804184,105,0
atitlan,2026-04-28,681750.0,1614150.0,0.009544436,4.203037,105,0
atitlan,2026-04-28,682050.0,1614150.0,0.00020470445,4.0583863,105,0
atitlan,2026-04-28,682350.0,1614150.0,0.009043486,4.207125,105,0
atitlan,2026-04-28,682650.0,1614150.0,0.011641895,4.2480426,105,0
atitlan,2026-04-28,682950.0,1614150.0,0.006278326,4.1757,105,0
atitlan,2026-04-28,683250.0,1614150.0,0.02027241,4.327469,105,0
atitlan,2026-04-28,683550.0,1614150.0,0.006112866,4.166063,105,0
atitlan,2026-04-28,683850.0,1614150.0,0.0044097397,4.1413074,105,0
atitlan,2026-04-28,684150.0,1614150.0,0.009791103,4.222165,105,0
atitlan,2026-04-28,684450.0,1614150.0,0.012444567,4.2249756,105,0
atitlan,2026-04-28,684750.0,1614150.0,0.116078444,6.0069785,105,0
atitlan,2026-04-28,685050.0,1614150.0,0.21981533,9.748752,105,0
atitlan,2026-04-28,685350.0,1614150.0,0.21993682,10.846703,105,0
atitlan,2026-04-28,685650.0,1614150.0,0.079486646,5.2649517,105,0
atitlan,2026-04-28,685950.0,1614150.0,0.13708064,6.8106256,105,0
atitlan,2026-04-28,686250.0,1614150.0,0.2584939,13.1181965,105,1
atitlan,2026-04-28,686550.0,1614150.0,0.08495742,5.271798,105,0
atitlan,2026-04-28,686850.0,1614150.0,0.009612717,4.2251945,105,0
atitlan,2026-04-28,687150.0,1614150.0,0.012353463,4.1578884,105,0
atitlan,2026-04-28,687450.0,1614150.0,0.06316827,5.1141925,105,0
atitlan,2026-04-28,687750.0,1614150.0,0.1095072,5.836356,105,0
atitlan,2026-04-28,688050.0,1614150.0,0.093578696,5.407282,105,0
atitlan,2026-04-28,688350.0,1614150.0,0.05903813,5.3897805,105,0
atitlan,2026-04-28,688650.0,1614150.0,0.005726194,4.166343,105,0
atitlan,2026-04-28,688950.0,1614150.0,0.0011519092,4.072865,105,0
atitlan,2026-04-28,689250.0,1614150.0,0.045171984,4.537609,105,0
atitlan,2026-04-28,689550.0,1614150.0,0.061969016,5.086041,105,0
atitlan,2026-04-28,689850.0,1614150.0,0.0074211895,4.186029,105,0
atitlan,2026-04-28,690150.0,1614150.0,0.12836263,10.064662,105,0
atitlan,2026-04-28,690450.0,1614150.0,0.15693231,7.7193127,105,0
atitlan,2026-04-28,690750.0,1614150.0,0.13270968,7.4273415,105,0
atitlan,2026-04-28,691050.0,1614150.0,0.3408641,24.016356,105,1
atitlan,2026-04-28,691350.0,1614150.0,0.3311681,21.723577,105,1
atitlan,2026-04-28,691650.0,1614150.0,0.22822244,11.440051,105,0
atitlan,2026-04-28,691950.0,1614150.0,0.12911609,6.172142,105,0
atitlan,2026-04-28,692250.0,1614150.0,0.33863714,26.421108,105,1
atitlan,2026-04-28,692550.0,1614150.0,0.31036234,22.77328,105,1
atitlan,2026-04-28,692850.0,1614150.0,0.15650992,7.340538,105,0
atitlan,2026-04-28,693150.0,1614150.0,0.3651895,30.660198,105,1
atitlan,2026-04-28,693450.0,1614150.0,0.4101884,39.772694,105,1
atitlan,2026-04-28,693750.0,1614150.0,0.3999401,37.271145,105,1
atitlan,2026-04-28,694050.0,1614150.0,0.40795428,39.162144,105,1
atitlan,2026-04-28,694350.0,1614150.0,0.42731503,45.16703,105,1
atitlan,2026-04-28,694650.0,1614150.0,0.41414696,41.201496,105,1
atitlan,2026-04-28,694950.0,1614150.0,0.4288055,45.386417,105,1
atitlan,2026-04-28,695250.0,1614150.0,0.41685995,41.594658,105,1
atitlan,2026-04-28,695550.0,1614150.0,0.4254558,44.337845,105,1
atitlan,2026-04-28,695850.0,1614150.0,0.42936563,45.69824,105,1
atitlan,2026-04-28,696150.0,1614150.0,0.40812853,39.780445,105,1
atitlan,2026-04-28,696450.0,1614150.0,0.39894322,37.134983,105,1
atitlan,2026-04-28,696750.0,1614150.0,0.40430382,38.5343,105,1
atitlan,2026-04-28,697050.0,1614150.0,0.35380238,29.747654,105,1
atitlan,2026-04-28,697350.0,1614150.0,0.23124644,12.795878,105,1
atitlan,2026-04-28,697650.0,1614150.0,0.23345043,11.675121,105,0
atitlan,2026-04-28,697950.0,1614150.0,0.31373549,20.134264,105,1
atitlan,2026-04-28,698250.0,1614150.0,0.29111183,17.434261,105,1
atitlan,2026-04-28,698550.0,1614150.0,0.27779236,16.858309,105,1
atitlan,2026-04-28,698850.0,1614150.0,0.23940566,12.530198,105,1
atitlan,2026-04-28,699150.0,1614150.0,0.20607518,9.813455,105,0
atitlan,2026-04-28,699450.0,1614150.0,0.22249967,10.845432,105,0
atitlan,2026-04-28,699750.0,1614150.0,0.25104946,12.199749,105,1
atitlan,2026-04-28,700050.0,1614150.0,0.2269612,11.531032,105,0
atitlan,2026-04-28,700350.0,1614150.0,0.14584672,7.3910475,105,0
atitlan,2026-04-28,700650.0,1614150.0,0.069779046,4.8248696,105,0
atitlan,2026-04-28,700950.0,1614150.0,0.061057262,4.758794,105,0
atitlan,2026-04-28,701250.0,1614150.0,0.11485119,5.670174,105,0
atitlan,2026-04-28,701550.0,1614150.0,0.08033816,4.9653497,105,0
atitlan,2026-04-28,701850.0,1614150.0,0.04007825,4.56467,105,0
atitlan,2026-04-28,702150.0,1614150.0,0.04409588,4.5958276,105,0
atitlan,2026-04-28,702450.0,1614150.0,0.035027158,4.507219,105,0
atitlan,2026-04-28,702750.0,1614150.0,0.105910145,5.7614803,105,0
atitlan,2026-04-28,703050.0,1614150.0,0.28776172,15.573312,105,1
atitlan,2026-04-28,703350.0,1614150.0,0.30514959,17.241804,105,1
atitlan,2026-04-28,703650.0,1614150.0,0.29409742,16.68673,105,1
atitlan,2026-04-28,703950.0,1614150.0,0.33386895,22.01109,105,1
atitlan,2026-04-28,704250.0,1614150.0,0.31123787,19.146362,105,1
atitlan,2026-04-28,704550.0,1614150.0,0.30081975,17.098255,105,1
atitlan,2026-04-28,704850.0,1614150.0,0.2998587,16.447405,105,1
atitlan,2026-04-28,705150.0,1614150.0,0.26166618,14.608674,105,1
atitlan,2026-04-28,705450.0,1614150.0,0.107448645,5.5361786,105,0
atitlan,2026-04-28,705750.0,1614150.0,0.059877846,4.8044033,105,0
atitlan,2026-04-28,706050.0,1614150.0,0.21062313,10.24616,105,0
atitlan,2026-04-28,706350.0,1614150.0,0.31689733,19.32696,105,1
atitlan,2026-04-28,706650.0,1614150.0,0.3587629,26.844566,105,1
atitlan,2026-04-28,706950.0,1614150.0,0.37796086,31.313807,105,1
atitlan,2026-04-28,707250.0,1614150.0,0.37654996,30.618767,105,1
atitlan,2026-04-28,707550.0,1614150.0,0.22310168,12.413039,105,1
atitlan,2026-04-28,707850.0,1614150.0,0.114629835,5.8303485,21,0
atitlan,2026-04-28,680250.0,1614450.0,0.04978007,4.569426,180,0
atitlan,2026-04-28,680550.0,1614450.0,0.009636951,4.0412993,225,0
atitlan,2026-04-28,680850.0,1614450.0,0.0026510293,4.0696645,225,0
atitlan,2026-04-28,681150.0,1614450.0,0.0021422023,4.08921,225,0
atitlan,2026-04-28,681450.0,1614450.0,-0.004648301,3.8753881,225,0
atitlan,2026-04-28,681750.0,1614450.0,0.0061600837,4.1334934,225,0
atitlan,2026-04-28,682050.0,1614450.0,0.003242658,4.1208305,225,0
atitlan,2026-04-28,682350.0,1614450.0,0.003643646,4.073729,225,0
atitlan,2026-04-28,682650.0,1614450.0,0.0035014204,4.086689,225,0
atitlan,2026-04-28,682950.0,1614450.0,0.0052936226,4.104912,225,0
atitlan,2026-04-28,683250.0,1614450.0,0.016733399,4.175229,225,0
atitlan,2026-04-28,683550.0,1614450.0,0.009110683,4.202265,225,0
atitlan,2026-04-28,683850.0,1614450.0,0.01000922,4.2302356,225,0
atitlan,2026-04-28,684150.0,1614450.0,0.0075946907,4.140091,225,0
atitlan,2026-04-28,684450.0,1614450.0,0.015817177,4.2704444,225,0
atitlan,2026-04-28,684750.0,1614450.0,0.014511507,4.196387,225,0
atitlan,2026-04-28,685050.0,1614450.0,0.1101981,5.9295845,225,0
atitlan,2026-04-28,685350.0,1614450.0,0.19890282,10.230734,225,0
atitlan,2026-04-28,685650.0,1614450.0,0.17753685,8.193496,225,0
atitlan,2026-04-28,685950.0,1614450.0,0.12070826,6.33106,225,0
atitlan,2026-04-28,686250.0,1614450.0,0.14766085,7.42855,225,0
atitlan,2026-04-28,686550.0,1614450.0,0.10055341,5.6902566,225,0
atitlan,2026-04-28,686850.0,1614450.0,0.044412408,4.947964,225,0
atitlan,2026-04-28,687150.0,1614450.0,0.0075662932,4.194614,225,0
atitlan,2026-04-28,687450.0,1614450.0,0.0092092315,4.1265993,225,0
atitlan,2026-04-28,687750.0,1614450.0,0.06983854,4.9318485,225,0
atitlan,2026-04-28,688050.0,1614450.0,0.08622329,5.3088303,225,0
atitlan,2026-04-28,688350.0,1614450.0,0.04523757,4.820325,225,0
atitlan,2026-04-28,688650.0,1614450.0,0.006367625,4.1778708,225,0
atitlan,2026-04-28,688950.0,1614450.0,0.0030086713,4.1092353,225,0
atitlan,2026-04-28,689250.0,1614450.0,0.027247343,4.5709777,225,0
atitlan,2026-04-28,689550.0,1614450.0,0.061218806,4.855691,225,0
atitlan,2026-04-28,689850.0,1614450.0,0.035072565,4.5823393,225,0
atitlan,2026-04-28,690150.0,1614450.0,0.14301772,11.115366,225,0
atitlan,2026-04-28,690450.0,1614450.0,0.34518573,25.279976,225,1
atitlan,2026-04-28,690750.0,1614450.0,0.2990312,19.738361,225,1
atitlan,2026-04-28,691050.0,1614450.0,0.30293167,19.933048,225,1
atitlan,2026-04-28,691350.0,1614450.0,0.3370183,23.325657,225,1
atitlan,2026-04-28,691650.0,1614450.0,0.30605045,19.127964,225,1
atitlan,2026-04-28,691950.0,1614450.0,0.22376804,12.041821,225,1
atitlan,2026-04-28,692250.0,1614450.0,0.36485985,30.291468,225,1
atitlan,2026-04-28,692550.0,1614450.0,0.3813526,32.21701,225,1
atitlan,2026-04-28,692850.0,1614450.0,0.3250838,23.853376,225,1
atitlan,2026-04-28,693150.0,1614450.0,0.4008481,37.059956,225,1
atitlan,2026-04-28,693450.0,1614450.0,0.42243174,43.483994,225,1
atitlan,2026-04-28,693750.0,1614450.0,0.40711066,39.019905,225,1
atitlan,2026-04-28,694050.0,1614450.0,0.39825553,36.63781,225,1
atitlan,2026-04-28,694350.0,1614450.0,0.42024648,42.64639,225,1
atitlan,2026-04-28,694650.0,1614450.0,0.43271837,46.54874,225,1
atitlan,2026-04-28,694950.0,1614450.0,0.43288893,46.74829,225,1
atitlan,2026-04-28,695250.0,1614450.0,0.425877,44.302174,225,1
atitlan,2026-04-28,695550.0,1614450.0,0.42554253,44.3933,225,1
atitlan,2026-04-28,695850.0,1614450.0,0.4139269,40.97093,225,1
atitlan,2026-04-28,696150.0,1614450.0,0.43820393,49.283768,225,1
atitlan,2026-04-28,696450.0,1614450.0,0.40467337,38.45716,225,1
atitlan,2026-04-28,696750.0,1614450.0,0.39868563,39.034595,225,1
atitlan,2026-04-28,697050.0,1614450.0,0.35402903,30.638823,225,1
atitlan,2026-04-28,697350.0,1614450.0,0.29499325,20.624058,225,1
atitlan,2026-04-28,697650.0,1614450.0,0.28424397,18.136745,225,1
atitlan,2026-04-28,697950.0,1614450.0,0.33427766,23.852917,225,1
atitlan,2026-04-28,698250.0,1614450.0,0.29606724,17.53179,225,1
atitlan,2026-04-28,698550.0,1614450.0,0.28708073,15.69735,225,1
atitlan,2026-04-28,698850.0,1614450.0,0.24542668,11.716778,225,0
atitlan,2026-04-28,699150.0,1614450.0,0.13544023,6.488243,225,0
atitlan,2026-04-28,699450.0,1614450.0,0.09029812,5.878734,225,0
atitlan,2026-04-28,699750.0,1614450.0,0.22590648,10.792037,225,0
atitlan,2026-04-28,700050.0,1614450.0,0.19809546,9.783922,225,0
atitlan,2026-04-28,700350.0,1614450.0,0.2171931,9.355307,225,0
atitlan,2026-04-28,700650.0,1614450.0,0.15718289,7.839606,225,0
atitlan,2026-04-28,700950.0,1614450.0,0.089141496,5.378999,225,0
atitlan,2026-04-28,701250.0,1614450.0,0.1845021,8.2176695,225,0
atitlan,2026-04-28,701550.0,1614450.0,0.09201969,5.3139505,225,0
atitlan,2026-04-28,701850.0,1614450.0,0.027751481,4.4450755,225,0
atitlan,2026-04-28,702150.0,1614450.0,0.023414202,4.3899965,225,0
atitlan,2026-04-28,702450.0,1614450.0,0.051055904,4.671446,225,0
atitlan,2026-04-28,702750.0,1614450.0,0.19696455,8.999292,225,0
atitlan,2026-04-28,703050.0,1614450.0,0.28017643,14.344594,225,1
atitlan,2026-04-28,703350.0,1614450.0,0.29594284,16.330204,225,1
atitlan,2026-04-28,703650.0,1614450.0,0.30096442,17.78586,225,1
atitlan,2026-04-28,703950.0,1614450.0,0.31187928,18.671234,225,1
atitlan,2026-04-28,704250.0,1614450.0,0.32809463,21.069033,225,1
atitlan,2026-04-28,704550.0,1614450.0,0.3136046,18.687979,225,1
atitlan,2026-04-28,704850.0,1614450.0,0.30759993,17.918081,225,1
atitlan,2026-04-28,705150.0,1614450.0,0.25735012,13.138929,225,1
atitlan,2026-04-28,705450.0,1614450.0,0.18517193,8.558733,225,0
atitlan,2026-04-28,705750.0,1614450.0,0.17787406,7.8882275,225,0
atitlan,2026-04-28,706050.0,1614450.0,0.24281901,12.266991,225,1
atitlan,2026-04-28,706350.0,1614450.0,0.3284695,21.183104,225,1
atitlan,2026-04-28,706650.0,1614450.0,0.3445646,24.423717,225,1
atitlan,2026-04-28,706950.0,1614450.0,0.3745535,30.248629,225,1
atitlan,2026-04-28,707250.0,1614450.0,0.38278306,32.03639,225,1
atitlan,2026-04-28,707550.0,1614450.0,0.35382938,27.028559,225,1
atitlan,2026-04-28,707850.0,1614450.0,0.29124668,17.822351,45,1
atitlan,2026-04-28,680250.0,1614750.0,0.0061968095,4.076304,180,0
atitlan,2026-04-28,680550.0,1614750.0,0.0022205687,4.086243,225,0
atitlan,2026-04-28,680850.0,1614750.0,0.0030020154,4.080806,225,0
atitlan,2026-04-28,681150.0,1614750.0,0.004027639,4.1156354,225,0
atitlan,2026-04-28,681450.0,1614750.0,0.0010887763,4.0796695,225,0
atitlan,2026-04-28,681750.0,1614750.0,-0.001091488,4.0332184,225,0
atitlan,2026-04-28,682050.0,1614750.0,0.00026130525,4.048611,225,0
atitlan,2026-04-28,682350.0,1614750.0,0.0012582114,4.069819,225,0
atitlan,2026-04-28,682650.0,1614750.0,0.002128129,4.103553,225,0
atitlan,2026-04-28,682950.0,1614750.0,0.0041984697,4.0872135,225,0
atitlan,2026-04-28,683250.0,1614750.0,0.010314634,4.2141814,225,0
atitlan,2026-04-28,683550.0,1614750.0,0.009120557,4.1998205,225,0
atitlan,2026-04-28,683850.0,1614750.0,0.025613708,4.331174,225,0
atitlan,2026-04-28,684150.0,1614750.0,0.023420509,4.387222,225,0
atitlan,2026-04-28,684450.0,1614750.0,0.009943053,4.2122197,225,0
atitlan,2026-04-28,684750.0,1614750.0,0.008592404,4.1919017,225,0
atitlan,2026-04-28,685050.0,1614750.0,0.0032397488,4.12225,225,0
atitlan,2026-04-28,685350.0,1614750.0,0.010544218,4.15488,225,0
atitlan,2026-04-28,685650.0,1614750.0,0.019083971,4.3470554,225,0
atitlan,2026-04-28,685950.0,1614750.0,0.017490504,4.364111,225,0
atitlan,2026-04-28,686250.0,1614750.0,0.04439371,4.650203,225,0
atitlan,2026-04-28,686550.0,1614750.0,0.024119267,4.3824825,225,0
atitlan,2026-04-28,686850.0,1614750.0,0.019947896,4.3553634,225,0
atitlan,2026-04-28,687150.0,1614750.0,0.009110233,4.1825376,225,0
atitlan,2026-04-28,687450.0,1614750.0,0.0062132753,4.162104,225,0
atitlan,2026-04-28,687750.0,1614750.0,0.02866334,4.4661293,225,0
atitlan,2026-04-28,688050.0,1614750.0,0.1659847,7.128746,225,0
atitlan,2026-04-28,688350.0,1614750.0,0.05907367,4.99412,225,0
atitlan,2026-04-28,688650.0,1614750.0,0.01096748,4.246381,225,0
atitlan,2026-04-28,688950.0,1614750.0,0.004042364,4.136974,225,0
atitlan,2026-04-28,689250.0,1614750.0,0.027332861,4.3859253,225,0
atitlan,2026-04-28,689550.0,1614750.0,0.047163304,4.746132,225,0
atitlan,2026-04-28,689850.0,1614750.0,0.20908931,12.631998,225,1
atitlan,2026-04-28,690150.0,1614750.0,0.30006137,19.213942,225,1
atitlan,2026-04-28,690450.0,1614750.0,0.3216102,21.21029,225,1
atitlan,2026-04-28,690750.0,1614750.0,0.30056626,18.393566,225,1
atitlan,2026-04-28,691050.0,1614750.0,0.3430553,25.765581,225,1
atitlan,2026-04-28,691350.0,1614750.0,0.35492834,27.523972,225,1
atitlan,2026-04-28,691650.0,1614750.0,0.35632285,27.056433,225,1
atitlan,2026-04-28,691950.0,1614750.0,0.3259547,23.461252,225,1
atitlan,2026-04-28,692250.0,1614750.0,0.36653426,29.484442,225,1
atitlan,2026-04-28,692550.0,1614750.0,0.3888338,33.979218,225,1
atitlan,2026-04-28,692850.0,1614750.0,0.38684988,33.202026,225,1
atitlan,2026-04-28,693150.0,1614750.0,0.39310965,35.094463,225,1
atitlan,2026-04-28,693450.0,1614750.0,0.38471878,35.195595,225,1
atitlan,2026-04-28,693750.0,1614750.0,0.39912826,36.935127,225,1
atitlan,2026-04-28,694050.0,1614750.0,0.39865276,36.483894,225,1
atitlan,2026-04-28,694350.0,1614750.0,0.3969636,37.127342,225,1
atitlan,2026-04-28,694650.0,1614750.0,0.4233573,43.490242,225,1
atitlan,2026-04-28,694950.0,1614750.0,0.4221946,43.298557,225,1
atitlan,2026-04-28,695250.0,1614750.0,0.42396626,43.64267,225,1
atitlan,2026-04-28,695550.0,1614750.0,0.41934606,42.442307,225,1
atitlan,2026-04-28,695850.0,1614750.0,0.4222442,43.455112,225,1
atitlan,2026-04-28,696150.0,1614750.0,0.42774934,45.368576,225,1
atitlan,2026-04-28,696450.0,1614750.0,0.4113936,40.455467,225,1
atitlan,2026-04-28,696750.0,1614750.0,0.4123376,41.59372,225,1
atitlan,2026-04-28,697050.0,1614750.0,0.35726967,30.566933,225,1
atitlan,2026-04-28,697350.0,1614750.0,0.22365196,12.595947,225,1
atitlan,2026-04-28,697650.0,1614750.0,0.32018495,22.999262,225,1
atitlan,2026-04-28,697950.0,1614750.0,0.3449308,25.621113,225,1
atitlan,2026-04-28,698250.0,1614750.0,0.33875233,23.7827,225,1
atitlan,2026-04-28,698550.0,1614750.0,0.30780688,18.64442,225,1
atitlan,2026-04-28,698850.0,1614750.0,0.25438967,13.832292,225,1
atitlan,2026-04-28,699150.0,1614750.0,0.12848932,6.364579,225,0
atitlan,2026-04-28,699450.0,1614750.0,0.10167404,5.9281173,225,0
atitlan,2026-04-28,699750.0,1614750.0,0.23610905,10.498343,225,0
atitlan,2026-04-28,700050.0,1614750.0,0.2585299,12.182474,225,1
atitlan,2026-04-28,700350.0,1614750.0,0.28452927,15.039323,225,1
atitlan,2026-04-28,700650.0,1614750.0,0.2611123,12.676301,225,1
atitlan,2026-04-28,700950.0,1614750.0,0.16299517,7.12346,225,0
atitlan,2026-04-28,701250.0,1614750.0,0.073243685,4.9544272,225,0
atitlan,2026-04-28,701550.0,1614750.0,0.06361286,4.773764,225,0
atitlan,2026-04-28,701850.0,1614750.0,0.06335828,4.944126,225,0
atitlan,2026-04-28,702150.0,1614750.0,0.09177116,5.6199627,225,0
atitlan,2026-04-28,702450.0,1614750.0,0.119240545,6.672795,225,0
atitlan,2026-04-28,702750.0,1614750.0,0.28423008,14.95322,225,1
atitlan,2026-04-28,703050.0,1614750.0,0.29670754,16.228632,225,1
atitlan,2026-04-28,703350.0,1614750.0,0.30510288,18.034933,225,1
atitlan,2026-04-28,703650.0,1614750.0,0.29643318,16.76506,225,1
atitlan,2026-04-28,703950.0,1614750.0,0.30799735,18.355564,225,1
atitlan,2026-04-28,704250.0,1614750.0,0.32767627,20.68657,225,1
atitlan,2026-04-28,704550.0,1614750.0,0.32544386,20.560226,225,1
atitlan,2026-04-28,704850.0,1614750.0,0.29833287,16.659294,225,1
atitlan,2026-04-28,705150.0,1614750.0,0.27733937,14.911221,225,1
atitlan,2026-04-28,705450.0,1614750.0,0.23209815,11.688028,225,0
atitlan,2026-04-28,705750.0,1614750.0,0.28526753,16.41217,225,1
atitlan,2026-04-28,706050.0,1614750.0,0.24208423,13.911237,225,1
atitlan,2026-04-28,706350.0,1614750.0,0.29765475,19.150017,225,1
atitlan,2026-04-28,706650.0,1614750.0,0.36000723,26.95831,225,1
atitlan,2026-04-28,706950.0,1614750.0,0.37678444,30.774345,225,1
atitlan,2026-04-28,707250.0,1614750.0,0.36509067,28.0886,225,1
atitlan,2026-04-28,707550.0,1614750.0,0.34715632,24.357998,225,1
atitlan,2026-04-28,707850.0,1614750.0,0.3484393,24.534449,45,1
atitlan,2026-04-28,680250.0,1615050.0,0.014946642,4.2301006,180,0
atitlan,2026-04-28,680550.0,1615050.0,0.0055959853,4.1382785,225,0
atitlan,2026-04-28,680850.0,1615050.0,0.0007364076,4.066702,225,0
atitlan,2026-04-28,681150.0,1615050.0,0.0012395798,4.0762105,225,0
atitlan,2026-04-28,681450.0,1615050.0,0.0015322495,4.089085,225,0
atitlan,2026-04-28,681750.0,1615050.0,-0.00026487286,4.0510445,225,0
atitlan,2026-04-28,682050.0,1615050.0,-0.00017897309,4.056317,225,0
atitlan,2026-04-28,682350.0,1615050.0,4.145218e-05,4.0513053,225,0
atitlan,2026-04-28,682650.0,1615050.0,0.00065781316,4.0689917,225,0
atitlan,2026-04-28,682950.0,1615050.0,0.0008385801,4.073416,225,0
atitlan,2026-04-28,683250.0,1615050.0,0.00113407,3.999607,225,0
atitlan,2026-04-28,683550.0,1615050.0,0.016607812,4.2581215,225,0
atitlan,2026-04-28,683850.0,1615050.0,0.0018095206,4.0698314,225,0
atitlan,2026-04-28,684150.0,1615050.0,0.014867964,4.117094,225,0
atitlan,2026-04-28,684450.0,1615050.0,0.022260115,4.3453517,225,0
atitlan,2026-04-28,684750.0,1615050.0,0.007460647,4.1723676,225,0
atitlan,2026-04-28,685050.0,1615050.0,0.017673504,4.3148384,225,0
atitlan,2026-04-28,685350.0,1615050.0,0.0085679265,4.2092695,225,0
atitlan,2026-04-28,685650.0,1615050.0,0.04946523,5.1628885,225,0
atitlan,2026-04-28,685950.0,1615050.0,0.105857976,5.9615397,225,0
atitlan,2026-04-28,686250.0,1615050.0,0.11533325,6.2482944,225,0
atitlan,2026-04-28,686550.0,1615050.0,0.06687288,4.932135,225,0
atitlan,2026-04-28,686850.0,1615050.0,0.032491308,4.520254,225,0
atitlan,2026-04-28,687150.0,1615050.0,0.0075703277,4.187784,225,0
atitlan,2026-04-28,687450.0,1615050.0,0.0023571623,4.098789,225,0
atitlan,2026-04-28,687750.0,1615050.0,0.014634914,4.262698,225,0
atitlan,2026-04-28,688050.0,1615050.0,0.13344388,6.1170564,225,0
atitlan,2026-04-28,688350.0,1615050.0,0.07815306,5.3849335,225,0
atitlan,2026-04-28,688650.0,1615050.0,0.021734355,4.3818226,225,0
atitlan,2026-04-28,688950.0,1615050.0,0.0077815484,4.1975775,225,0
atitlan,2026-04-28,689250.0,1615050.0,0.041866478,4.8218756,225,0
atitlan,2026-04-28,689550.0,1615050.0,0.13057229,6.7906713,225,0
atitlan,2026-04-28,689850.0,1615050.0,0.2890561,19.432188,225,1
atitlan,2026-04-28,690150.0,1615050.0,0.25445962,14.219449,225,1
atitlan,2026-04-28,690450.0,1615050.0,0.3477687,25.663725,225,1
atitlan,2026-04-28,690750.0,1615050.0,0.35869592,27.362064,225,1
atitlan,2026-04-28,691050.0,1615050.0,0.31089315,22.583775,225,1
atitlan,2026-04-28,691350.0,1615050.0,0.31623155,22.316029,225,1
atitlan,2026-04-28,691650.0,1615050.0,0.33468065,24.860474,225,1
atitlan,2026-04-28,691950.0,1615050.0,0.36131638,28.268883,225,1
atitlan,2026-04-28,692250.0,1615050.0,0.37366578,30.361103,225,1
atitlan,2026-04-28,692550.0,1615050.0,0.35088855,26.162003,225,1
atitlan,2026-04-28,692850.0,1615050.0,0.3066333,19.133211,225,1
atitlan,2026-04-28,693150.0,1615050.0,0.25047487,15.150528,225,1
atitlan,2026-04-28,693450.0,1615050.0,0.31742987,24.157032,225,1
atitlan,2026-04-28,693750.0,1615050.0,0.37539324,31.98816,225,1
atitlan,2026-04-28,694050.0,1615050.0,0.38989544,36.639343,225,1
atitlan,2026-04-28,694350.0,1615050.0,0.41512486,41.808434,225,1
atitlan,2026-04-28,694650.0,1615050.0,0.42050803,42.815205,225,1
atitlan,2026-04-28,694950.0,1615050.0,0.39507398,37.677517,225,1
atitlan,2026-04-28,695250.0,1615050.0,0.34763435,30.818537,225,1
atitlan,2026-04-28,695550.0,1615050.0,0.3503569,33.740196,225,1
atitlan,2026-04-28,695850.0,1615050.0,0.39204603,38.900387,225,1
atitlan,2026-04-28,696150.0,1615050.0,0.42157075,44.146477,225,1
atitlan,2026-04-28,696450.0,1615050.0,0.42391402,44.064934,225,1
atitlan,2026-04-28,696750.0,1615050.0,0.41972712,43.10125,225,1
atitlan,2026-04-28,697050.0,1615050.0,0.38157842,33.740757,225,1
atitlan,2026-04-28,697350.0,1615050.0,0.3509088,26.431332,225,1
atitlan,2026-04-28,697650.0,1615050.0,0.32559884,25.625088,225,1
atitlan,2026-04-28,697950.0,1615050.0,0.34904867,26.0542,225,1
atitlan,2026-04-28,698250.0,1615050.0,0.3067123,21.167137,225,1
atitlan,2026-04-28,698550.0,1615050.0,0.29592595,17.805536,225,1
atitlan,2026-04-28,698850.0,1615050.0,0.3105131,18.964346,225,1
atitlan,2026-04-28,699150.0,1615050.0,0.15598197,7.682284,225,0
atitlan,2026-04-28,699450.0,1615050.0,0.13879022,8.10291,225,0
atitlan,2026-04-28,699750.0,1615050.0,0.2639742,12.743701,225,1
atitlan,2026-04-28,700050.0,1615050.0,0.24428506,11.812672,225,0
atitlan,2026-04-28,700350.0,1615050.0,0.24216118,10.727918,225,0
atitlan,2026-04-28,700650.0,1615050.0,0.20722295,9.962229,225,0
atitlan,2026-04-28,700950.0,1615050.0,0.16265988,7.4616976,225,0
atitlan,2026-04-28,701250.0,1615050.0,0.0989791,5.4194493,225,0
atitlan,2026-04-28,701550.0,1615050.0,0.11411859,5.596449,225,0
atitlan,2026-04-28,701850.0,1615050.0,0.101714954,5.43791,225,0
atitlan,2026-04-28,702150.0,1615050.0,0.15570556,7.2165303,225,0
atitlan,2026-04-28,702450.0,1615050.0,0.2044588,9.56009,225,0
atitlan,2026-04-28,702750.0,1615050.0,0.2949249,17.365208,225,1
atitlan,2026-04-28,703050.0,1615050.0,0.33055508,21.628696,225,1
atitlan,2026-04-28,703350.0,1615050.0,0.3014734,17.417757,225,1
atitlan,2026-04-28,703650.0,1615050.0,0.3036447,17.347229,225,1
atitlan,2026-04-28,703950.0,1615050.0,0.29632306,16.18126,225,1
atitlan,2026-04-28,704250.0,1615050.0,0.33487186,22.380299,225,1
atitlan,2026-04-28,704550.0,1615050.0,0.32891816,21.50465,225,1
atitlan,2026-04-28,704850.0,1615050.0,0.28737196,16.093992,225,1
atitlan,2026-04-28,705150.0,1615050.0,0.3003364,18.077301,225,1
atitlan,2026-04-28,705450.0,1615050.0,0.32129058,20.06834,225,1
atitlan,2026-04-28,705750.0,1615050.0,0.3218592,19.889265,225,1
atitlan,2026-04-28,706050.0,1615050.0,0.3251593,20.252485,225,1
atitlan,2026-04-28,706350.0,1615050.0,0.32850507,21.005747,225,1
atitlan,2026-04-28,706650.0,1615050.0,0.3730082,30.25902,225,1
atitlan,2026-04-28,706950.0,1615050.0,0.32755503,21.327244,225,1
atitlan,2026-04-28,707250.0,1615050.0,0.27483556,16.397427,225,1
atitlan,2026-04-28,707550.0,1615050.0,0.2832305,18.195568,225,1
atitlan,2026-04-28,707850.0,1615050.0,0.3222398,20.561583,45,1
atitlan,2026-04-28,680250.0,1615350.0,0.005442915,4.0319667,180,0
atitlan,2026-04-28,680550.0,1615350.0,0.009678443,4.2122164,225,0
atitlan,2026-04-28,680850.0,1615350.0,0.0029360573,4.1090307,225,0
atitlan,2026-04-28,681150.0,1615350.0,0.00069056876,4.0710387,225,0
atitlan,2026-04-28,681450.0,1615350.0,0.0022993246,4.1015306,225,0
atitlan,2026-04-28,681750.0,1615350.0,-0.0017458751,4.0141,225,0
atitlan,2026-04-28,682050.0,1615350.0,0.0013569538,4.0668507,225,0
atitlan,2026-04-28,682350.0,1615350.0,0.0005761178,4.064408,225,0
atitlan,2026-04-28,682650.0,1615350.0,0.0013695781,4.0704484,225,0
atitlan,2026-04-28,682950.0,1615350.0,0.004755612,4.135508,225,0
atitlan,2026-04-28,683250.0,1615350.0,0.0067709046,4.1628385,225,0
atitlan,2026-04-28,683550.0,1615350.0,0.008316211,4.1896853,225,0
atitlan,2026-04-28,683850.0,1615350.0,0.006385826,4.17598,225,0
atitlan,2026-04-28,684150.0,1615350.0,0.0071650366,4.1598516,225,0
atitlan,2026-04-28,684450.0,1615350.0,0.011562548,4.186057,225,0
atitlan,2026-04-28,684750.0,1615350.0,0.02423271,4.298628,225,0
atitlan,2026-04-28,685050.0,1615350.0,0.029194474,4.4102683,225,0
atitlan,2026-04-28,685350.0,1615350.0,0.035356812,4.601424,225,0
atitlan,2026-04-28,685650.0,1615350.0,0.20711793,10.677039,225,0
atitlan,2026-04-28,685950.0,1615350.0,0.06227819,5.061377,225,0
atitlan,2026-04-28,686250.0,1615350.0,0.028178658,4.4386,225,0
atitlan,2026-04-28,686550.0,1615350.0,0.04003776,4.8602676,225,0
atitlan,2026-04-28,686850.0,1615350.0,0.17819855,9.77145,225,0
atitlan,2026-04-28,687150.0,1615350.0,0.056054484,5.0961757,225,0
atitlan,2026-04-28,687450.0,1615350.0,0.014212041,4.2887893,225,0
atitlan,2026-04-28,687750.0,1615350.0,0.0098863365,4.212703,225,0
atitlan,2026-04-28,688050.0,1615350.0,0.083649166,5.539569,225,0
atitlan,2026-04-28,688350.0,1615350.0,0.21423674,11.220081,225,0
atitlan,2026-04-28,688650.0,1615350.0,0.15482356,9.41044,225,0
atitlan,2026-04-28,688950.0,1615350.0,0.10270439,6.4649687,225,0
atitlan,2026-04-28,689250.0,1615350.0,0.13792522,8.434915,225,0
atitlan,2026-04-28,689550.0,1615350.0,0.2506434,14.390132,225,1
atitlan,2026-04-28,689850.0,1615350.0,0.29069367,17.393496,225,1
atitlan,2026-04-28,690150.0,1615350.0,0.30183733,18.708609,225,1
atitlan,2026-04-28,690450.0,1615350.0,0.33840293,24.748142,225,1
atitlan,2026-04-28,690750.0,1615350.0,0.3264554,22.991411,225,1
atitlan,2026-04-28,691050.0,1615350.0,0.35094628,26.947916,225,1
atitlan,2026-04-28,691350.0,1615350.0,0.36795688,30.356873,225,1
atitlan,2026-04-28,691650.0,1615350.0,0.37746274,31.580849,225,1
atitlan,2026-04-28,691950.0,1615350.0,0.36614308,29.532759,225,1
atitlan,2026-04-28,692250.0,1615350.0,0.38038218,32.176964,225,1
atitlan,2026-04-28,692550.0,1615350.0,0.3501983,26.379366,225,1
atitlan,2026-04-28,692850.0,1615350.0,0.33228162,24.137379,225,1
atitlan,2026-04-28,693150.0,1615350.0,0.25599435,16.410278,225,1
atitlan,2026-04-28,693450.0,1615350.0,0.35260814,27.805328,225,1
atitlan,2026-04-28,693750.0,1615350.0,0.32544693,25.078753,225,1
atitlan,2026-04-28,694050.0,1615350.0,0.34611213,25.513168,225,1
atitlan,2026-04-28,694350.0,1615350.0,0.33118707,25.906607,225,1
atitlan,2026-04-28,694650.0,1615350.0,0.4069378,39.024097,225,1
atitlan,2026-04-28,694950.0,1615350.0,0.3678284,31.121098,225,1
atitlan,2026-04-28,695250.0,1615350.0,0.15399171,10.054112,225,0
atitlan,2026-04-28,695550.0,1615350.0,0.15135491,7.7485833,225,0
atitlan,2026-04-28,695850.0,1615350.0,0.33043596,28.695183,225,1
atitlan,2026-04-28,696150.0,1615350.0,0.39425305,38.82403,225,1
atitlan,2026-04-28,696450.0,1615350.0,0.32365987,28.508598,225,1
atitlan,2026-04-28,696750.0,1615350.0,0.26563066,21.005987,225,1
atitlan,2026-04-28,697050.0,1615350.0,0.31181043,21.921213,225,1
atitlan,2026-04-28,697350.0,1615350.0,0.32932228,22.15178,225,1
atitlan,2026-04-28,697650.0,1615350.0,0.33894303,25.45513,225,1
atitlan,2026-04-28,697950.0,1615350.0,0.34719068,25.095516,225,1
atitlan,2026-04-28,698250.0,1615350.0,0.36015362,27.719477,225,1
atitlan,2026-04-28,698550.0,1615350.0,0.33815613,23.73422,225,1
atitlan,2026-04-28,698850.0,1615350.0,0.2955125,17.378975,225,1
atitlan,2026-04-28,699150.0,1615350.0,0.22685206,10.848065,225,0
atitlan,2026-04-28,699450.0,1615350.0,0.2240762,11.398652,225,0
atitlan,2026-04-28,699750.0,1615350.0,0.25920343,12.892845,225,1
atitlan,2026-04-28,700050.0,1615350.0,0.25690746,12.418795,225,1
atitlan,2026-04-28,700350.0,1615350.0,0.2514951,12.323038,225,1
atitlan,2026-04-28,700650.0,1615350.0,0.15256369,7.8980355,225,0
atitlan,2026-04-28,700950.0,1615350.0,0.12913527,6.548276,225,0
atitlan,2026-04-28,701250.0,1615350.0,0.17131118,7.879321,225,0
atitlan,2026-04-28,701550.0,1615350.0,0.124833986,6.1507406,225,0
atitlan,2026-04-28,701850.0,1615350.0,0.055490322,4.8191733,225,0
atitlan,2026-04-28,702150.0,1615350.0,0.08226319,5.145704,225,0
atitlan,2026-04-28,702450.0,1615350.0,0.12192844,7.076866,225,0
atitlan,2026-04-28,702750.0,1615350.0,0.31615457,19.379328,225,1
atitlan,2026-04-28,703050.0,1615350.0,0.29236937,16.132124,225,1
atitlan,2026-04-28,703350.0,1615350.0,0.29053843,15.843939,225,1
atitlan,2026-04-28,703650.0,1615350.0,0.3042595,17.685787,225,1
atitlan,2026-04-28,703950.0,1615350.0,0.31917924,19.643087,225,1
atitlan,2026-04-28,704250.0,1615350.0,0.33381227,22.562418,225,1
atitlan,2026-04-28,704550.0,1615350.0,0.325637,20.693693,225,1
atitlan,2026-04-28,704850.0,1615350.0,0.2869838,16.284618,225,1
atitlan,2026-04-28,705150.0,1615350.0,0.3126982,19.418997,225,1
atitlan,2026-04-28,705450.0,1615350.0,0.32567397,20.965069,225,1
atitlan,2026-04-28,705750.0,1615350.0,0.3058871,17.79981,225,1
atitlan,2026-04-28,706050.0,1615350.0,0.32922485,21.50198,225,1
atitlan,2026-04-28,706350.0,1615350.0,0.34372556,23.708012,225,1
atitlan,2026-04-28,706650.0,1615350.0,0.32730728,23.211946,225,1
atitlan,2026-04-28,706950.0,1615350.0,0.13906601,6.6686234,225,0
atitlan,2026-04-28,707250.0,1615350.0,0.03135271,4.463089,225,0
atitlan,2026-04-28,707550.0,1615350.0,0.020898048,4.3582654,225,0
atitlan,2026-04-28,707850.0,1615350.0,0.05736956,5.4828625,45,0
atitlan,2026-04-28,680250.0,1615650.0,0.0064392732,4.1541233,180,0
atitlan,2026-04-28,680550.0,1615650.0,0.0030736243,4.093222,225,0
atitlan,2026-04-28,680850.0,1615650.0,0.0010863367,4.064747,225,0
atitlan,2026-04-28,681150.0,1615650.0,0.0009093365,4.071973,225,0
atitlan,2026-04-28,681450.0,1615650.0,0.00022824985,4.05529,225,0
atitlan,2026-04-28,681750.0,1615650.0,-0.0041613183,3.9639244,225,0
atitlan,2026-04-28,682050.0,1615650.0,0.0018750418,4.084286,225,0
atitlan,2026-04-28,682350.0,1615650.0,0.0005134483,4.0599318,225,0
atitlan,2026-04-28,682650.0,1615650.0,-0.0013917915,4.032417,225,0
atitlan,2026-04-28,682950.0,1615650.0,-0.0021766,3.9658456,225,0
atitlan,2026-04-28,683250.0,1615650.0,0.00029677924,4.023633,225,0
atitlan,2026-04-28,683550.0,1615650.0,0.005612015,4.1213517,225,0
atitlan,2026-04-28,683850.0,1615650.0,0.011594519,4.2055116,225,0
atitlan,2026-04-28,684150.0,1615650.0,0.0126672415,4.2382436,225,0
atitlan,2026-04-28,684450.0,1615650.0,0.011545444,4.2074447,225,0
atitlan,2026-04-28,684750.0,1615650.0,0.011289424,4.135065,225,0
atitlan,2026-04-28,685050.0,1615650.0,0.019712538,4.2929864,225,0
atitlan,2026-04-28,685350.0,1615650.0,0.06283849,4.9428406,225,0
atitlan,2026-04-28,685650.0,1615650.0,0.29282928,16.638117,225,1
atitlan,2026-04-28,685950.0,1615650.0,0.12643358,6.746784,225,0
atitlan,2026-04-28,686250.0,1615650.0,0.08778075,6.1933312,225,0
atitlan,2026-04-28,686550.0,1615650.0,0.10021273,6.3064957,225,0
atitlan,2026-04-28,686850.0,1615650.0,0.24707791,15.324416,225,1
atitlan,2026-04-28,687150.0,1615650.0,0.21755032,11.020745,225,0
atitlan,2026-04-28,687450.0,1615650.0,0.07059666,4.968661,225,0
atitlan,2026-04-28,687750.0,1615650.0,0.012284019,4.2705326,225,0
atitlan,2026-04-28,688050.0,1615650.0,0.15193583,10.031385,225,0
atitlan,2026-04-28,688350.0,1615650.0,0.18786119,9.792413,225,0
atitlan,2026-04-28,688650.0,1615650.0,0.27919468,16.558674,225,1
atitlan,2026-04-28,688950.0,1615650.0,0.2868657,17.161503,225,1
atitlan,2026-04-28,689250.0,1615650.0,0.25890887,14.722702,225,1
atitlan,2026-04-28,689550.0,1615650.0,0.28144127,16.243961,225,1
atitlan,2026-04-28,689850.0,1615650.0,0.29671386,18.193502,225,1
atitlan,2026-04-28,690150.0,1615650.0,0.3091084,19.330423,225,1
atitlan,2026-04-28,690450.0,1615650.0,0.30586496,19.111786,225,1
atitlan,2026-04-28,690750.0,1615650.0,0.2853005,17.60426,225,1
atitlan,2026-04-28,691050.0,1615650.0,0.35450667,27.09875,225,1
atitlan,2026-04-28,691350.0,1615650.0,0.34179974,25.627787,225,1
atitlan,2026-04-28,691650.0,1615650.0,0.36337033,29.010267,225,1
atitlan,2026-04-28,691950.0,1615650.0,0.34586695,27.011057,225,1
atitlan,2026-04-28,692250.0,1615650.0,0.37068295,31.845358,225,1
atitlan,2026-04-28,692550.0,1615650.0,0.37541956,30.746046,225,1
atitlan,2026-04-28,692850.0,1615650.0,0.3926242,34.708656,225,1
atitlan,2026-04-28,693150.0,1615650.0,0.38329375,32.941124,225,1
atitlan,2026-04-28,693450.0,1615650.0,0.3773705,31.634857,225,1
atitlan,2026-04-28,693750.0,1615650.0,0.24970938,15.20796,225,1
atitlan,2026-04-28,694050.0,1615650.0,0.14547673,7.7134156,225,0
atitlan,2026-04-28,694350.0,1615650.0,0.28611168,17.985552,225,1
atitlan,2026-04-28,694650.0,1615650.0,0.39447632,35.91026,225,1
atitlan,2026-04-28,694950.0,1615650.0,0.3778452,32.501194,225,1
atitlan,2026-04-28,695250.0,1615650.0,0.21310301,14.634299,225,1
atitlan,2026-04-28,695550.0,1615650.0,0.14033562,8.918656,225,0
atitlan,2026-04-28,695850.0,1615650.0,0.08042754,5.613014,225,0
atitlan,2026-04-28,696150.0,1615650.0,0.0916212,7.122788,225,0
atitlan,2026-04-28,696450.0,1615650.0,0.1939288,14.322196,225,1
atitlan,2026-04-28,696750.0,1615650.0,0.25648868,18.018637,225,1
atitlan,2026-04-28,697050.0,1615650.0,0.2943905,20.381968,225,1
atitlan,2026-04-28,697350.0,1615650.0,0.31841594,22.177572,225,1
atitlan,2026-04-28,697650.0,1615650.0,0.30420506,19.744928,225,1
atitlan,2026-04-28,697950.0,1615650.0,0.32279864,22.521608,225,1
atitlan,2026-04-28,698250.0,1615650.0,0.32153565,20.656178,225,1
atitlan,2026-04-28,698550.0,1615650.0,0.26827133,14.55746,225,1
atitlan,2026-04-28,698850.0,1615650.0,0.29540443,16.53173,225,1
atitlan,2026-04-28,699150.0,1615650.0,0.24863322,11.50418,225,0
atitlan,2026-04-28,699450.0,1615650.0,0.25214514,12.482656,225,1
atitlan,2026-04-28,699750.0,1615650.0,0.25346482,12.837486,225,1
atitlan,2026-04-28,700050.0,1615650.0,0.22938767,11.071103,225,0
atitlan,2026-04-28,700350.0,1615650.0,0.25434417,11.679578,225,0
atitlan,2026-04-28,700650.0,1615650.0,0.23695815,11.220747,225,0
atitlan,2026-04-28,700950.0,1615650.0,0.20423254,9.886412,225,0
atitlan,2026-04-28,701250.0,1615650.0,0.25996616,13.299643,225,1
atitlan,2026-04-28,701550.0,1615650.0,0.24837534,12.114877,225,1
atitlan,2026-04-28,701850.0,1615650.0,0.14113197,7.2203593,225,0
atitlan,2026-04-28,702150.0,1615650.0,0.115107514,6.6176724,225,0
atitlan,2026-04-28,702450.0,1615650.0,0.1002128,6.2605205,225,0
atitlan,2026-04-28,702750.0,1615650.0,0.15318027,7.9333196,225,0
atitlan,2026-04-28,703050.0,1615650.0,0.27030718,14.894034,225,1
atitlan,2026-04-28,703350.0,1615650.0,0.31037182,18.397127,225,1
atitlan,2026-04-28,703650.0,1615650.0,0.28738642,16.133608,225,1
atitlan,2026-04-28,703950.0,1615650.0,0.3328037,21.806063,225,1
atitlan,2026-04-28,704250.0,1615650.0,0.32347307,20.87681,225,1
atitlan,2026-04-28,704550.0,1615650.0,0.3182482,19.39892,225,1
atitlan,2026-04-28,704850.0,1615650.0,0.31920004,19.603016,225,1
atitlan,2026-04-28,705150.0,1615650.0,0.32566768,20.824814,225,1
atitlan,2026-04-28,705450.0,1615650.0,0.34253353,23.614035,225,1
atitlan,2026-04-28,705750.0,1615650.0,0.3236588,20.771166,225,1
atitlan,2026-04-28,706050.0,1615650.0,0.2969788,16.886906,225,1
atitlan,2026-04-28,706350.0,1615650.0,0.30763227,18.271746,225,1
atitlan,2026-04-28,706650.0,1615650.0,0.29954308,17.150345,225,1
atitlan,2026-04-28,706950.0,1615650.0,0.14764296,7.1149983,225,0
atitlan,2026-04-28,707250.0,1615650.0,0.04063882,4.5726643,225,0
atitlan,2026-04-28,707550.0,1615650.0,0.02970086,4.482219,225,0
atitlan,2026-04-28,707850.0,1615650.0,0.026655793,4.441811,45,0
atitlan,2026-04-28,680250.0,1615950.0,0.005703815,4.152291,180,0
atitlan,2026-04-28,680550.0,1615950.0,0.0007151308,4.06443,225,0
atitlan,2026-04-28,680850.0,1615950.0,0.0024385562,4.101198,225,0
atitlan,2026-04-28,681150.0,1615950.0,-0.0029139936,3.9981787,225,0
atitlan,2026-04-28,681450.0,1615950.0,0.0012744464,4.0845246,225,0
atitlan,2026-04-28,681750.0,1615950.0,0.00023243492,4.059247,225,0
atitlan,2026-04-28,682050.0,1615950.0,-5.7590216e-05,4.050619,225,0
atitlan,2026-04-28,682350.0,1615950.0,-0.0007903009,4.037455,225,0
atitlan,2026-04-28,682650.0,1615950.0,-0.00033736587,4.0439954,225,0
atitlan,2026-04-28,682950.0,1615950.0,0.0011605903,4.080102,225,0
atitlan,2026-04-28,683250.0,1615950.0,0.0018952896,4.09818,225,0
atitlan,2026-04-28,683550.0,1615950.0,0.0038192114,4.122138,225,0
atitlan,2026-04-28,683850.0,1615950.0,0.0133070685,4.212992,225,0
atitlan,2026-04-28,684150.0,1615950.0,0.01418947,4.221938,225,0
atitlan,2026-04-28,684450.0,1615950.0,-0.00040201287,4.035549,225,0
atitlan,2026-04-28,684750.0,1615950.0,-0.0021017224,4.0083613,225,0
atitlan,2026-04-28,685050.0,1615950.0,0.004218354,4.1311245,225,0
atitlan,2026-04-28,685350.0,1615950.0,0.030842474,4.5206614,225,0
atitlan,2026-04-28,685650.0,1615950.0,0.19177592,10.723462,225,0
atitlan,2026-04-28,685950.0,1615950.0,0.08926731,5.998876,225,0
atitlan,2026-04-28,686250.0,1615950.0,0.10465665,7.5274196,225,0
atitlan,2026-04-28,686550.0,1615950.0,0.30643398,17.877235,225,1
atitlan,2026-04-28,686850.0,1615950.0,0.31026432,20.73301,225,1
atitlan,2026-04-28,687150.0,1615950.0,0.3019266,18.442026,225,1
atitlan,2026-04-28,687450.0,1615950.0,0.1189771,6.820251,225,0
atitlan,2026-04-28,687750.0,1615950.0,0.021680709,4.383465,225,0
atitlan,2026-04-28,688050.0,1615950.0,0.07874722,5.598344,225,0
atitlan,2026-04-28,688350.0,1615950.0,0.26183006,14.206624,225,1
atitlan,2026-04-28,688650.0,1615950.0,0.30571944,18.70649,225,1
atitlan,2026-04-28,688950.0,1615950.0,0.2825493,16.372578,225,1
atitlan,2026-04-28,689250.0,1615950.0,0.28202105,15.339598,225,1
atitlan,2026-04-28,689550.0,1615950.0,0.24696028,12.255882,225,1
atitlan,2026-04-28,689850.0,1615950.0,0.3067635,18.80566,225,1
atitlan,2026-04-28,690150.0,1615950.0,0.29350176,16.800932,225,1
atitlan,2026-04-28,690450.0,1615950.0,0.31355414,19.436026,225,1
atitlan,2026-04-28,690750.0,1615950.0,0.3019426,18.205372,225,1
atitlan,2026-04-28,691050.0,1615950.0,0.320945,21.460041,225,1
atitlan,2026-04-28,691350.0,1615950.0,0.3108099,19.610197,225,1
atitlan,2026-04-28,691650.0,1615950.0,0.33396032,23.587511,225,1
atitlan,2026-04-28,691950.0,1615950.0,0.35942724,29.074219,225,1
atitlan,2026-04-28,692250.0,1615950.0,0.37235448,31.170692,225,1
atitlan,2026-04-28,692550.0,1615950.0,0.36063433,29.078468,225,1
atitlan,2026-04-28,692850.0,1615950.0,0.38353783,32.772724,225,1
atitlan,2026-04-28,693150.0,1615950.0,0.34260315,25.362074,225,1
atitlan,2026-04-28,693450.0,1615950.0,0.29492503,20.34867,225,1
atitlan,2026-04-28,693750.0,1615950.0,0.3921379,34.807148,225,1
atitlan,2026-04-28,694050.0,1615950.0,0.3383684,25.058798,225,1
atitlan,2026-04-28,694350.0,1615950.0,0.275441,17.77693,225,1
atitlan,2026-04-28,694650.0,1615950.0,0.1535632,10.144084,225,0
atitlan,2026-04-28,694950.0,1615950.0,0.3114486,26.11847,225,1
atitlan,2026-04-28,695250.0,1615950.0,0.17201774,14.717318,225,1
atitlan,2026-04-28,695550.0,1615950.0,0.02071687,4.3514667,225,0
atitlan,2026-04-28,695850.0,1615950.0,0.06155175,4.842849,225,0
atitlan,2026-04-28,696150.0,1615950.0,0.013105454,4.246772,225,0
atitlan,2026-04-28,696450.0,1615950.0,0.027912796,4.547287,225,0
atitlan,2026-04-28,696750.0,1615950.0,0.09536945,7.1656227,225,0
atitlan,2026-04-28,697050.0,1615950.0,0.20429723,14.2200775,225,1
atitlan,2026-04-28,697350.0,1615950.0,0.35459408,27.13939,225,1
atitlan,2026-04-28,697650.0,1615950.0,0.3489458,25.948814,225,1
atitlan,2026-04-28,697950.0,1615950.0,0.33499265,22.891844,225,1
atitlan,2026-04-28,698250.0,1615950.0,0.3219131,20.270699,225,1
atitlan,2026-04-28,698550.0,1615950.0,0.24574137,12.627349,225,1
atitlan,2026-04-28,698850.0,1615950.0,0.23620081,13.085412,225,1
atitlan,2026-04-28,699150.0,1615950.0,0.14455757,7.1213374,225,0
atitlan,2026-04-28,699450.0,1615950.0,0.24499153,12.196192,225,1
atitlan,2026-04-28,699750.0,1615950.0,0.20244463,8.974453,225,0
atitlan,2026-04-28,700050.0,1615950.0,0.26495758,14.019262,225,1
atitlan,2026-04-28,700350.0,1615950.0,0.24546471,11.7402725,225,0
atitlan,2026-04-28,700650.0,1615950.0,0.21610391,9.473142,225,0
atitlan,2026-04-28,700950.0,1615950.0,0.15668738,6.277096,225,0
atitlan,2026-04-28,701250.0,1615950.0,0.26646143,13.5392,225,1
atitlan,2026-04-28,701550.0,1615950.0,0.2582184,12.531803,225,1
atitlan,2026-04-28,701850.0,1615950.0,0.12273547,7.099339,225,0
atitlan,2026-04-28,702150.0,1615950.0,0.045964405,4.73797,225,0
atitlan,2026-04-28,702450.0,1615950.0,0.035432618,4.5075145,225,0
atitlan,2026-04-28,702750.0,1615950.0,0.02852785,4.4166884,225,0
atitlan,2026-04-28,703050.0,1615950.0,0.11284518,7.746436,225,0
atitlan,2026-04-28,703350.0,1615950.0,0.27585855,14.151304,225,1
atitlan,2026-04-28,703650.0,1615950.0,0.28859022,15.448918,225,1
atitlan,2026-04-28,703950.0,1615950.0,0.33435518,22.480803,225,1
atitlan,2026-04-28,704250.0,1615950.0,0.31754825,20.054075,225,1
atitlan,2026-04-28,704550.0,1615950.0,0.31393868,18.676212,225,1
atitlan,2026-04-28,704850.0,1615950.0,0.32855898,21.008835,225,1
atitlan,2026-04-28,705150.0,1615950.0,0.33936143,23.012598,225,1
atitlan,2026-04-28,705450.0,1615950.0,0.3306484,22.204952,225,1
atitlan,2026-04-28,705750.0,1615950.0,0.32055607,20.603485,225,1
atitlan,2026-04-28,706050.0,1615950.0,0.3050527,18.724096,225,1
atitlan,2026-04-28,706350.0,1615950.0,0.2901909,16.630743,225,1
atitlan,2026-04-28,706650.0,1615950.0,0.30888948,19.082012,225,1
atitlan,2026-04-28,706950.0,1615950.0,0.32206962,22.014986,225,1
atitlan,2026-04-28,707250.0,1615950.0,0.24485928,14.472248,225,1
atitlan,2026-04-28,707550.0,1615950.0,0.21231277,11.564327,225,0
atitlan,2026-04-28,707850.0,1615950.0,0.19157594,9.627556,45,0
atitlan,2026-04-28,680250.0,1616250.0,0.031915423,4.4275813,180,0
atitlan,2026-04-28,680550.0,1616250.0,0.009213477,4.1999016,225,0
atitlan,2026-04-28,680850.0,1616250.0,0.00027679003,4.063675,225,0
atitlan,2026-04-28,681150.0,1616250.0,0.0033181675,4.1153264,225,0
atitlan,2026-04-28,681450.0,1616250.0,0.0013097031,4.0808873,225,0
atitlan,2026-04-28,681750.0,1616250.0,-0.0007957819,4.0341473,225,0
atitlan,2026-04-28,682050.0,1616250.0,0.001894962,4.0826154,225,0
atitlan,2026-04-28,682350.0,1616250.0,-3.488981e-05,4.052669,225,0
atitlan,2026-04-28,682650.0,1616250.0,0.0008955832,4.0710154,225,0
atitlan,2026-04-28,682950.0,1616250.0,0.00014112642,4.0559616,225,0
atitlan,2026-04-28,683250.0,1616250.0,0.000691501,4.0670943,225,0
atitlan,2026-04-28,683550.0,1616250.0,0.0026494856,4.1082444,225,0
atitlan,2026-04-28,683850.0,1616250.0,0.0019361274,4.02257,225,0
atitlan,2026-04-28,684150.0,1616250.0,0.018913513,4.225068,225,0
atitlan,2026-04-28,684450.0,1616250.0,0.008724268,4.185026,225,0
atitlan,2026-04-28,684750.0,1616250.0,0.006684145,4.170315,225,0
atitlan,2026-04-28,685050.0,1616250.0,0.006266562,4.171539,225,0
atitlan,2026-04-28,685350.0,1616250.0,0.08530791,5.918799,225,0
atitlan,2026-04-28,685650.0,1616250.0,0.21173058,10.952852,225,0
atitlan,2026-04-28,685950.0,1616250.0,0.04237943,4.850747,225,0
atitlan,2026-04-28,686250.0,1616250.0,0.012768914,4.233709,225,0
atitlan,2026-04-28,686550.0,1616250.0,0.23276033,15.281319,225,1
atitlan,2026-04-28,686850.0,1616250.0,0.32073116,23.877655,225,1
atitlan,2026-04-28,687150.0,1616250.0,0.37088162,29.482014,225,1
atitlan,2026-04-28,687450.0,1616250.0,0.33809656,25.404703,225,1
atitlan,2026-04-28,687750.0,1616250.0,0.25126275,16.485771,225,1
atitlan,2026-04-28,688050.0,1616250.0,0.14287789,8.350999,225,0
atitlan,2026-04-28,688350.0,1616250.0,0.1556301,8.989361,225,0
atitlan,2026-04-28,688650.0,1616250.0,0.28002325,18.75236,225,1
atitlan,2026-04-28,688950.0,1616250.0,0.26384223,14.7343855,225,1
atitlan,2026-04-28,689250.0,1616250.0,0.2078029,10.763314,225,0
atitlan,2026-04-28,689550.0,1616250.0,0.28681362,17.22955,225,1
atitlan,2026-04-28,689850.0,1616250.0,0.27506733,15.277267,225,1
atitlan,2026-04-28,690150.0,1616250.0,0.27379027,14.137269,225,1
atitlan,2026-04-28,690450.0,1616250.0,0.30250475,17.402922,225,1
atitlan,2026-04-28,690750.0,1616250.0,0.2937205,17.380873,225,1
atitlan,2026-04-28,691050.0,1616250.0,0.2825764,16.471123,225,1
atitlan,2026-04-28,691350.0,1616250.0,0.3221719,21.314993,225,1
atitlan,2026-04-28,691650.0,1616250.0,0.32385665,22.832256,225,1
atitlan,2026-04-28,691950.0,1616250.0,0.3462022,25.845709,225,1
atitlan,2026-04-28,692250.0,1616250.0,0.3467445,25.230984,225,1
atitlan,2026-04-28,692550.0,1616250.0,0.36624515,29.385881,225,1
atitlan,2026-04-28,692850.0,1616250.0,0.38521764,34.031113,225,1
atitlan,2026-04-28,693150.0,1616250.0,0.3679374,29.45097,225,1
atitlan,2026-04-28,693450.0,1616250.0,0.35874623,27.219156,225,1
atitlan,2026-04-28,693750.0,1616250.0,0.39476267,35.31566,225,1
atitlan,2026-04-28,694050.0,1616250.0,0.37538862,30.679413,225,1
atitlan,2026-04-28,694350.0,1616250.0,0.32854494,23.40808,225,1
atitlan,2026-04-28,694650.0,1616250.0,0.26392904,17.610205,225,1
atitlan,2026-04-28,694950.0,1616250.0,0.30140004,21.220964,225,1
atitlan,2026-04-28,695250.0,1616250.0,0.11733909,8.184561,225,0
atitlan,2026-04-28,695550.0,1616250.0,0.01980498,4.365503,225,0
atitlan,2026-04-28,695850.0,1616250.0,0.07146287,5.891716,225,0
atitlan,2026-04-28,696150.0,1616250.0,0.019613452,4.35259,225,0
atitlan,2026-04-28,696450.0,1616250.0,0.043457378,4.6968327,225,0
atitlan,2026-04-28,696750.0,1616250.0,0.028076522,4.433967,225,0
atitlan,2026-04-28,697050.0,1616250.0,0.070286565,5.1818404,225,0
atitlan,2026-04-28,697350.0,1616250.0,0.25877073,15.714254,225,1
atitlan,2026-04-28,697650.0,1616250.0,0.33113444,23.807114,225,1
atitlan,2026-04-28,697950.0,1616250.0,0.35386953,26.460068,225,1
atitlan,2026-04-28,698250.0,1616250.0,0.30163166,18.190596,225,1
atitlan,2026-04-28,698550.0,1616250.0,0.28412306,16.155178,225,1
atitlan,2026-04-28,698850.0,1616250.0,0.118938036,6.515406,225,0
atitlan,2026-04-28,699150.0,1616250.0,0.061364684,4.8959227,225,0
atitlan,2026-04-28,699450.0,1616250.0,0.18325341,8.342684,225,0
atitlan,2026-04-28,699750.0,1616250.0,0.20996624,9.006835,225,0
atitlan,2026-04-28,700050.0,1616250.0,0.25492242,12.841508,225,1
atitlan,2026-04-28,700350.0,1616250.0,0.1824368,8.41587,225,0
atitlan,2026-04-28,700650.0,1616250.0,0.21938005,10.288699,225,0
atitlan,2026-04-28,700950.0,1616250.0,0.23341218,10.565236,225,0
atitlan,2026-04-28,701250.0,1616250.0,0.27381557,13.6541,225,1
atitlan,2026-04-28,701550.0,1616250.0,0.28763467,15.24922,225,1
atitlan,2026-04-28,701850.0,1616250.0,0.29608706,17.767176,225,1
atitlan,2026-04-28,702150.0,1616250.0,0.2644617,13.637354,225,1
atitlan,2026-04-28,702450.0,1616250.0,0.2253566,11.1977,225,0
atitlan,2026-04-28,702750.0,1616250.0,0.07957446,5.1099353,225,0
atitlan,2026-04-28,703050.0,1616250.0,0.020708406,4.34789,225,0
atitlan,2026-04-28,703350.0,1616250.0,0.273591,15.466484,225,1
atitlan,2026-04-28,703650.0,1616250.0,0.3056705,17.825811,225,1
atitlan,2026-04-28,703950.0,1616250.0,0.3291628,21.898552,225,1
atitlan,2026-04-28,704250.0,1616250.0,0.33744264,23.142532,225,1
atitlan,2026-04-28,704550.0,1616250.0,0.31641096,19.037334,225,1
atitlan,2026-04-28,704850.0,1616250.0,0.337639,22.707254,225,1
atitlan,2026-04-28,705150.0,1616250.0,0.32581937,20.646042,225,1
atitlan,2026-04-28,705450.0,1616250.0,0.32982364,21.519361,225,1
atitlan,2026-04-28,705750.0,1616250.0,0.30935767,19.709936,225,1
atitlan,2026-04-28,706050.0,1616250.0,0.33129928,22.048702,225,1
atitlan,2026-04-28,706350.0,1616250.0,0.30670798,18.617712,225,1
atitlan,2026-04-28,706650.0,1616250.0,0.32761818,21.32546,225,1
atitlan,2026-04-28,706950.0,1616250.0,0.35091606,25.18041,225,1
atitlan,2026-04-28,707250.0,1616250.0,0.3503558,25.146107,225,1
atitlan,2026-04-28,707550.0,1616250.0,0.3110672,18.696877,225,1
atitlan,2026-04-28,707850.0,1616250.0,0.33751506,22.496063,45,1
atitlan,2026-04-28,680250.0,1616550.0,0.021537624,4.1700163,180,0
atitlan,2026-04-28,680550.0,1616550.0,0.012097766,4.203345,225,0
atitlan,2026-04-28,680850.0,1616550.0,0.007253158,4.170822,225,0
atitlan,2026-04-28,681150.0,1616550.0,0.00084173697,4.076951,225,0
atitlan,2026-04-28,681450.0,1616550.0,0.0015970059,4.087339,225,0
atitlan,2026-04-28,681750.0,1616550.0,0.0010485258,4.0741053,225,0
atitlan,2026-04-28,682050.0,1616550.0,0.0032444915,4.0951014,225,0
atitlan,2026-04-28,682350.0,1616550.0,0.0012892159,4.075302,225,0
atitlan,2026-04-28,682650.0,1616550.0,-0.0025078661,4.001121,225,0
atitlan,2026-04-28,682950.0,1616550.0,0.006107689,4.1423187,225,0
atitlan,2026-04-28,683250.0,1616550.0,0.007867251,4.184187,225,0
atitlan,2026-04-28,683550.0,1616550.0,0.0044692243,4.1393356,225,0
atitlan,2026-04-28,683850.0,1616550.0,0.0037420022,4.0892463,225,0
atitlan,2026-04-28,684150.0,1616550.0,-0.002800278,3.9886205,225,0
atitlan,2026-04-28,684450.0,1616550.0,0.0009904262,4.0330667,225,0
atitlan,2026-04-28,684750.0,1616550.0,0.0022697833,4.1005597,225,0
atitlan,2026-04-28,685050.0,1616550.0,0.017361525,4.3174796,225,0
atitlan,2026-04-28,685350.0,1616550.0,0.15413791,8.7060375,225,0
atitlan,2026-04-28,685650.0,1616550.0,0.18969698,10.984673,225,0
atitlan,2026-04-28,685950.0,1616550.0,0.05824788,4.969979,225,0
atitlan,2026-04-28,686250.0,1616550.0,0.08223082,7.226141,225,0
atitlan,2026-04-28,686550.0,1616550.0,0.37714493,36.799774,225,1
atitlan,2026-04-28,686850.0,1616550.0,0.41363803,40.73082,225,1
atitlan,2026-04-28,687150.0,1616550.0,0.4039139,37.768173,225,1
atitlan,2026-04-28,687450.0,1616550.0,0.38837856,34.16664,225,1
atitlan,2026-04-28,687750.0,1616550.0,0.3529365,26.09216,225,1
atitlan,2026-04-28,688050.0,1616550.0,0.10345953,9.559757,225,0
atitlan,2026-04-28,688350.0,1616550.0,-0.029263057,3.2515876,225,0
atitlan,2026-04-28,688650.0,1616550.0,0.09818808,6.7067146,225,0
atitlan,2026-04-28,688950.0,1616550.0,0.2387785,12.648013,225,1
atitlan,2026-04-28,689250.0,1616550.0,0.15373684,8.426631,225,0
atitlan,2026-04-28,689550.0,1616550.0,0.2003034,10.247331,225,0
atitlan,2026-04-28,689850.0,1616550.0,0.23377736,12.360729,225,1
atitlan,2026-04-28,690150.0,1616550.0,0.26232624,13.01461,225,1
atitlan,2026-04-28,690450.0,1616550.0,0.25455296,13.042731,225,1
atitlan,2026-04-28,690750.0,1616550.0,0.27636376,15.16375,225,1
atitlan,2026-04-28,691050.0,1616550.0,0.27021456,14.819154,225,1
atitlan,2026-04-28,691350.0,1616550.0,0.30550197,19.340548,225,1
atitlan,2026-04-28,691650.0,1616550.0,0.33960155,23.77699,225,1
atitlan,2026-04-28,691950.0,1616550.0,0.3373753,24.14754,225,1
atitlan,2026-04-28,692250.0,1616550.0,0.31509084,21.387665,225,1
atitlan,2026-04-28,692550.0,1616550.0,0.33903793,24.89762,225,1
atitlan,2026-04-28,692850.0,1616550.0,0.3414817,26.520145,225,1
atitlan,2026-04-28,693150.0,1616550.0,0.36992547,29.259752,225,1
atitlan,2026-04-28,693450.0,1616550.0,0.38853216,33.767532,225,1
atitlan,2026-04-28,693750.0,1616550.0,0.38818923,33.854282,225,1
atitlan,2026-04-28,694050.0,1616550.0,0.38261142,32.34721,225,1
atitlan,2026-04-28,694350.0,1616550.0,0.39314124,35.035507,225,1
atitlan,2026-04-28,694650.0,1616550.0,0.38541684,33.012493,225,1
atitlan,2026-04-28,694950.0,1616550.0,0.38614014,33.2775,225,1
atitlan,2026-04-28,695250.0,1616550.0,0.23294525,17.285543,225,1
atitlan,2026-04-28,695550.0,1616550.0,0.048665226,4.752809,225,0
atitlan,2026-04-28,695850.0,1616550.0,0.05572714,5.257897,225,0
atitlan,2026-04-28,696150.0,1616550.0,0.027598182,4.4985275,225,0
atitlan,2026-04-28,696450.0,1616550.0,0.06699595,5.165694,225,0
atitlan,2026-04-28,696750.0,1616550.0,0.089290746,5.369309,225,0
atitlan,2026-04-28,697050.0,1616550.0,0.09415453,5.6493645,225,0
atitlan,2026-04-28,697350.0,1616550.0,0.19448154,9.626086,225,0
atitlan,2026-04-28,697650.0,1616550.0,0.35459873,26.661232,225,1
atitlan,2026-04-28,697950.0,1616550.0,0.3532074,26.224762,225,1
atitlan,2026-04-28,698250.0,1616550.0,0.31807014,20.875767,225,1
atitlan,2026-04-28,698550.0,1616550.0,0.32074055,20.404722,225,1
atitlan,2026-04-28,698850.0,1616550.0,0.2462815,12.938085,225,1
atitlan,2026-04-28,699150.0,1616550.0,0.177184,7.595212,225,0
atitlan,2026-04-28,699450.0,1616550.0,0.15370871,6.6216655,225,0
atitlan,2026-04-28,699750.0,1616550.0,0.1600769,7.601034,225,0
atitlan,2026-04-28,700050.0,1616550.0,0.30508816,18.608849,225,1
atitlan,2026-04-28,700350.0,1616550.0,0.3263074,21.43941,225,1
atitlan,2026-04-28,700650.0,1616550.0,0.23349467,11.796776,225,0
atitlan,2026-04-28,700950.0,1616550.0,0.2127495,9.646214,225,0
atitlan,2026-04-28,701250.0,1616550.0,0.22959305,12.08975,225,1
atitlan,2026-04-28,701550.0,1616550.0,0.20592403,10.523585,225,0
atitlan,2026-04-28,701850.0,1616550.0,0.20353124,11.87008,225,0
atitlan,2026-04-28,702150.0,1616550.0,0.26141804,13.114383,225,1
atitlan,2026-04-28,702450.0,1616550.0,0.25088122,12.067374,225,1
atitlan,2026-04-28,702750.0,1616550.0,0.15355276,6.512034,225,0
atitlan,2026-04-28,703050.0,1616550.0,0.11932968,6.027494,225,0
atitlan,2026-04-28,703350.0,1616550.0,0.22885287,10.851087,225,0
atitlan,2026-04-28,703650.0,1616550.0,0.29297337,16.779795,225,1
atitlan,2026-04-28,703950.0,1616550.0,0.3338296,22.40012,225,1
atitlan,2026-04-28,704250.0,1616550.0,0.33886695,23.703238,225,1
atitlan,2026-04-28,704550.0,1616550.0,0.34021768,23.159992,225,1
atitlan,2026-04-28,704850.0,1616550.0,0.36183637,27.422184,225,1
atitlan,2026-04-28,705150.0,1616550.0,0.3611566,27.409643,225,1
atitlan,2026-04-28,705450.0,1616550.0,0.3136087,19.128084,225,1
atitlan,2026-04-28,705750.0,1616550.0,0.28931677,15.589579,225,1
atitlan,2026-04-28,706050.0,1616550.0,0.2943641,16.720158,225,1
atitlan,2026-04-28,706350.0,1616550.0,0.3077307,18.72255,225,1
atitlan,2026-04-28,706650.0,1616550.0,0.31609914,19.56942,225,1
atitlan,2026-04-28,706950.0,1616550.0,0.34099638,24.059992,225,1
atitlan,2026-04-28,707250.0,1616550.0,0.3540569,25.741652,225,1
atitlan,2026-04-28,707550.0,1616550.0,0.3528651,25.479671,225,1
atitlan,2026-04-28,707850.0,1616550.0,0.34519318,24.221455,45,1
atitlan,2026-04-28,680250.0,1616850.0,0.0063689277,4.1647296,180,0
atitlan,2026-04-28,680550.0,1616850.0,0.00012636547,4.060565,225,0
atitlan,2026-04-28,680850.0,1616850.0,-0.0011535536,4.009875,225,0
atitlan,2026-04-28,681150.0,1616850.0,-0.0028182594,3.975193,225,0
atitlan,2026-04-28,681450.0,1616850.0,0.00036848086,4.0627437,225,0
atitlan,2026-04-28,681750.0,1616850.0,0.00092672877,4.074872,225,0
atitlan,2026-04-28,682050.0,1616850.0,0.00083317026,4.067763,225,0
atitlan,2026-04-28,682350.0,1616850.0,0.007828391,4.175385,225,0
atitlan,2026-04-28,682650.0,1616850.0,0.0040119123,4.1348386,225,0
atitlan,2026-04-28,682950.0,1616850.0,0.0014131838,4.0709124,225,0
atitlan,2026-04-28,683250.0,1616850.0,0.0109649,4.1841393,225,0
atitlan,2026-04-28,683550.0,1616850.0,0.004844637,4.125186,225,0
atitlan,2026-04-28,683850.0,1616850.0,0.0016118548,4.0838985,225,0
atitlan,2026-04-28,684150.0,1616850.0,0.00045351885,4.066599,225,0
atitlan,2026-04-28,684450.0,1616850.0,0.0022219336,4.0958433,225,0
atitlan,2026-04-28,684750.0,1616850.0,0.0050177313,4.1517153,225,0
atitlan,2026-04-28,685050.0,1616850.0,0.009753032,4.2228556,225,0
atitlan,2026-04-28,685350.0,1616850.0,0.17285387,12.2698765,225,1
atitlan,2026-04-28,685650.0,1616850.0,0.34343126,26.10005,225,1
atitlan,2026-04-28,685950.0,1616850.0,0.26826718,19.289557,225,1
atitlan,2026-04-28,686250.0,1616850.0,0.38586032,35.235527,225,1
atitlan,2026-04-28,686550.0,1616850.0,0.40678072,39.145153,225,1
atitlan,2026-04-28,686850.0,1616850.0,0.41173896,40.15167,225,1
atitlan,2026-04-28,687150.0,1616850.0,0.39597598,36.312435,225,1
atitlan,2026-04-28,687450.0,1616850.0,0.35639992,27.989767,225,1
atitlan,2026-04-28,687750.0,1616850.0,0.32885408,23.487719,225,1
atitlan,2026-04-28,688050.0,1616850.0,0.14438215,12.276539,225,1
atitlan,2026-04-28,688350.0,1616850.0,-0.042725105,2.8541956,225,0
atitlan,2026-04-28,688650.0,1616850.0,-0.035742432,3.0903265,225,0
atitlan,2026-04-28,688950.0,1616850.0,0.09789729,6.3524146,225,0
atitlan,2026-04-28,689250.0,1616850.0,0.19094118,9.42903,225,0
atitlan,2026-04-28,689550.0,1616850.0,0.21159367,11.045594,225,0
atitlan,2026-04-28,689850.0,1616850.0,0.17621784,8.574596,225,0
atitlan,2026-04-28,690150.0,1616850.0,0.15933798,8.258088,225,0
atitlan,2026-04-28,690450.0,1616850.0,0.13121243,6.6126175,225,0
atitlan,2026-04-28,690750.0,1616850.0,0.2766779,15.295514,225,1
atitlan,2026-04-28,691050.0,1616850.0,0.3029278,18.133251,225,1
atitlan,2026-04-28,691350.0,1616850.0,0.3327751,22.525486,225,1
atitlan,2026-04-28,691650.0,1616850.0,0.33141798,22.494095,225,1
atitlan,2026-04-28,691950.0,1616850.0,0.33474708,23.790068,225,1
atitlan,2026-04-28,692250.0,1616850.0,0.3397962,24.831966,225,1
atitlan,2026-04-28,692550.0,1616850.0,0.3629948,28.647886,225,1
atitlan,2026-04-28,692850.0,1616850.0,0.38074434,32.221107,225,1
atitlan,2026-04-28,693150.0,1616850.0,0.37083098,29.789713,225,1
atitlan,2026-04-28,693450.0,1616850.0,0.35655728,27.594963,225,1
atitlan,2026-04-28,693750.0,1616850.0,0.2684756,18.589876,225,1
atitlan,2026-04-28,694050.0,1616850.0,0.38982505,36.547764,225,1
atitlan,2026-04-28,694350.0,1616850.0,0.36526176,30.76887,225,1
atitlan,2026-04-28,694650.0,1616850.0,0.32522872,25.694788,225,1
atitlan,2026-04-28,694950.0,1616850.0,0.3921241,37.45165,225,1
atitlan,2026-04-28,695250.0,1616850.0,0.37466922,33.107143,225,1
atitlan,2026-04-28,695550.0,1616850.0,0.31269395,25.673832,225,1
atitlan,2026-04-28,695850.0,1616850.0,0.31179368,27.442842,225,1
atitlan,2026-04-28,696150.0,1616850.0,0.08393181,7.00002,225,0
atitlan,2026-04-28,696450.0,1616850.0,0.0110108955,4.233541,225,0
atitlan,2026-04-28,696750.0,1616850.0,0.04558946,4.6218357,225,0
atitlan,2026-04-28,697050.0,1616850.0,0.10260763,6.0280175,225,0
atitlan,2026-04-28,697350.0,1616850.0,0.094850704,5.967127,225,0
atitlan,2026-04-28,697650.0,1616850.0,0.22527313,14.358671,225,1
atitlan,2026-04-28,697950.0,1616850.0,0.33995706,23.663578,225,1
atitlan,2026-04-28,698250.0,1616850.0,0.33758444,23.226727,225,1
atitlan,2026-04-28,698550.0,1616850.0,0.22502938,12.063565,225,1
atitlan,2026-04-28,698850.0,1616850.0,0.14367451,7.568857,225,0
atitlan,2026-04-28,699150.0,1616850.0,0.1724032,7.284444,225,0
atitlan,2026-04-28,699450.0,1616850.0,0.15712136,7.7525,225,0
atitlan,2026-04-28,699750.0,1616850.0,0.28829834,16.072666,225,1
atitlan,2026-04-28,700050.0,1616850.0,0.3302539,21.744923,225,1
atitlan,2026-04-28,700350.0,1616850.0,0.36549523,28.44684,225,1
atitlan,2026-04-28,700650.0,1616850.0,0.26557103,16.78301,225,1
atitlan,2026-04-28,700950.0,1616850.0,0.09755531,5.6638117,225,0
atitlan,2026-04-28,701250.0,1616850.0,0.022409873,4.405041,225,0
atitlan,2026-04-28,701550.0,1616850.0,0.0239228,4.36481,225,0
atitlan,2026-04-28,701850.0,1616850.0,0.05532824,4.7470536,225,0
atitlan,2026-04-28,702150.0,1616850.0,0.098088294,5.6168127,225,0
atitlan,2026-04-28,702450.0,1616850.0,0.13608389,6.1562138,225,0
atitlan,2026-04-28,702750.0,1616850.0,0.13611606,6.4165483,225,0
atitlan,2026-04-28,703050.0,1616850.0,0.10788914,5.640193,225,0
atitlan,2026-04-28,703350.0,1616850.0,0.2152943,10.364414,225,0
atitlan,2026-04-28,703650.0,1616850.0,0.27466235,14.231288,225,1
atitlan,2026-04-28,703950.0,1616850.0,0.34742287,25.341343,225,1
atitlan,2026-04-28,704250.0,1616850.0,0.2603338,14.279451,225,1
atitlan,2026-04-28,704550.0,1616850.0,0.29727522,18.119926,225,1
atitlan,2026-04-28,704850.0,1616850.0,0.34192216,24.436457,225,1
atitlan,2026-04-28,705150.0,1616850.0,0.3326663,23.776236,225,1
atitlan,2026-04-28,705450.0,1616850.0,0.3227083,20.200275,225,1
atitlan,2026-04-28,705750.0,1616850.0,0.28340116,14.935341,225,1
atitlan,2026-04-28,706050.0,1616850.0,0.27614912,14.614371,225,1
atitlan,2026-04-28,706350.0,1616850.0,0.29039904,15.767832,225,1
atitlan,2026-04-28,706650.0,1616850.0,0.31427878,19.432304,225,1
atitlan,2026-04-28,706950.0,1616850.0,0.33271486,22.820744,225,1
atitlan,2026-04-28,707250.0,1616850.0,0.3374526,23.207838,225,1
atitlan,2026-04-28,707550.0,1616850.0,0.34455842,24.593372,225,1
atitlan,2026-04-28,707850.0,1616850.0,0.36035028,26.990292,45,1
atitlan,2026-04-28,680250.0,1617150.0,0.011814891,4.2456565,180,0
atitlan,2026-04-28,680550.0,1617150.0,0.002673616,4.108819,225,0
atitlan,2026-04-28,680850.0,1617150.0,0.0031851113,4.090936,225,0
atitlan,2026-04-28,681150.0,1617150.0,0.0008450103,4.0693583,225,0
atitlan,2026-04-28,681450.0,1617150.0,0.00014987579,4.047008,225,0
atitlan,2026-04-28,681750.0,1617150.0,0.007230012,4.1444354,225,0
atitlan,2026-04-28,682050.0,1617150.0,0.0043730508,4.133576,225,0
atitlan,2026-04-28,682350.0,1617150.0,0.002886482,4.0675926,225,0
atitlan,2026-04-28,682650.0,1617150.0,0.0042076134,4.1270046,225,0
atitlan,2026-04-28,682950.0,1617150.0,0.015559697,4.250746,225,0
atitlan,2026-04-28,683250.0,1617150.0,0.0068994737,4.121252,225,0
atitlan,2026-04-28,683550.0,1617150.0,0.0064337663,4.164867,225,0
atitlan,2026-04-28,683850.0,1617150.0,0.00861599,4.192015,225,0
atitlan,2026-04-28,684150.0,1617150.0,0.009005309,4.2026935,225,0
atitlan,2026-04-28,684450.0,1617150.0,0.009570852,4.211344,225,0
atitlan,2026-04-28,684750.0,1617150.0,0.010848822,4.2410283,225,0
atitlan,2026-04-28,685050.0,1617150.0,0.03479103,4.504863,225,0
atitlan,2026-04-28,685350.0,1617150.0,0.27252275,20.550886,225,1
atitlan,2026-04-28,685650.0,1617150.0,0.3455189,27.558542,225,1
atitlan,2026-04-28,685950.0,1617150.0,0.3742579,32.392536,225,1
atitlan,2026-04-28,686250.0,1617150.0,0.4015981,38.519333,225,1
atitlan,2026-04-28,686550.0,1617150.0,0.38320768,33.235073,225,1
atitlan,2026-04-28,686850.0,1617150.0,0.4037788,38.767197,225,1
atitlan,2026-04-28,687150.0,1617150.0,0.3186992,20.41948,225,1
atitlan,2026-04-28,687450.0,1617150.0,0.28549296,16.746403,225,1
atitlan,2026-04-28,687750.0,1617150.0,0.314098,19.93555,225,1
atitlan,2026-04-28,688050.0,1617150.0,0.17114863,14.412449,225,1
atitlan,2026-04-28,688350.0,1617150.0,-0.042375628,2.8680832,225,0
atitlan,2026-04-28,688650.0,1617150.0,-0.043887507,2.8058808,225,0
atitlan,2026-04-28,688950.0,1617150.0,-0.038826026,2.9462223,225,0
atitlan,2026-04-28,689250.0,1617150.0,0.13283768,6.7942276,225,0
atitlan,2026-04-28,689550.0,1617150.0,0.23455934,11.206802,225,0
atitlan,2026-04-28,689850.0,1617150.0,0.15910791,7.972592,225,0
atitlan,2026-04-28,690150.0,1617150.0,0.16454501,7.668497,225,0
atitlan,2026-04-28,690450.0,1617150.0,0.1569851,6.8542547,225,0
atitlan,2026-04-28,690750.0,1617150.0,0.2576789,13.709504,225,1
atitlan,2026-04-28,691050.0,1617150.0,0.3193512,19.712816,225,1
atitlan,2026-04-28,691350.0,1617150.0,0.28942603,18.480408,225,1
atitlan,2026-04-28,691650.0,1617150.0,0.33638084,23.300797,225,1
atitlan,2026-04-28,691950.0,1617150.0,0.3463539,24.851954,225,1
atitlan,2026-04-28,692250.0,1617150.0,0.34410018,24.520605,225,1
atitlan,2026-04-28,692550.0,1617150.0,0.3439529,24.986048,225,1
atitlan,2026-04-28,692850.0,1617150.0,0.35558265,28.292515,225,1
atitlan,2026-04-28,693150.0,1617150.0,0.39039755,34.466557,225,1
atitlan,2026-04-28,693450.0,1617150.0,0.39580172,35.76993,225,1
atitlan,2026-04-28,693750.0,1617150.0,0.40137973,38.613594,225,1
atitlan,2026-04-28,694050.0,1617150.0,0.41324463,41.6648,225,1
atitlan,2026-04-28,694350.0,1617150.0,0.36593857,32.097504,225,1
atitlan,2026-04-28,694650.0,1617150.0,0.22362147,14.466795,225,1
atitlan,2026-04-28,694950.0,1617150.0,0.33065867,27.55733,225,1
atitlan,2026-04-28,695250.0,1617150.0,0.33655205,27.568424,225,1
atitlan,2026-04-28,695550.0,1617150.0,0.3789416,34.58671,225,1
atitlan,2026-04-28,695850.0,1617150.0,0.4084958,39.701397,225,1
atitlan,2026-04-28,696150.0,1617150.0,0.097727306,7.803778,225,0
atitlan,2026-04-28,696450.0,1617150.0,0.016017597,4.2956247,225,0
atitlan,2026-04-28,696750.0,1617150.0,0.06417218,5.2569675,225,0
atitlan,2026-04-28,697050.0,1617150.0,0.22132283,14.1690855,225,1
atitlan,2026-04-28,697350.0,1617150.0,0.04351293,4.686382,225,0
atitlan,2026-04-28,697650.0,1617150.0,0.06866776,5.9189863,225,0
atitlan,2026-04-28,697950.0,1617150.0,0.32617083,21.607222,225,1
atitlan,2026-04-28,698250.0,1617150.0,0.33686167,23.079878,225,1
atitlan,2026-04-28,698550.0,1617150.0,0.24164622,14.034439,225,1
atitlan,2026-04-28,698850.0,1617150.0,0.13195975,7.3424673,225,0
atitlan,2026-04-28,699150.0,1617150.0,0.2484631,13.7788925,225,1
atitlan,2026-04-28,699450.0,1617150.0,0.2312117,13.327904,225,1
atitlan,2026-04-28,699750.0,1617150.0,0.27939713,18.057604,225,1
atitlan,2026-04-28,700050.0,1617150.0,0.35364407,26.725176,225,1
atitlan,2026-04-28,700350.0,1617150.0,0.34402323,25.116447,225,1
atitlan,2026-04-28,700650.0,1617150.0,0.35029152,25.863945,225,1
atitlan,2026-04-28,700950.0,1617150.0,0.28928295,17.192791,225,1
atitlan,2026-04-28,701250.0,1617150.0,0.20010146,11.323946,225,0
atitlan,2026-04-28,701550.0,1617150.0,0.11878759,6.5416427,225,0
atitlan,2026-04-28,701850.0,1617150.0,0.14511493,8.261631,225,0
atitlan,2026-04-28,702150.0,1617150.0,0.14225975,7.6308875,225,0
atitlan,2026-04-28,702450.0,1617150.0,0.24978602,12.988291,225,1
atitlan,2026-04-28,702750.0,1617150.0,0.23723216,11.608264,225,0
atitlan,2026-04-28,703050.0,1617150.0,0.1944889,8.681989,225,0
atitlan,2026-04-28,703350.0,1617150.0,0.23586386,10.910445,225,0
atitlan,2026-04-28,703650.0,1617150.0,0.2706794,14.201178,225,1
atitlan,2026-04-28,703950.0,1617150.0,0.35916665,27.915377,225,1
atitlan,2026-04-28,704250.0,1617150.0,0.33190694,24.882818,225,1
atitlan,2026-04-28,704550.0,1617150.0,0.276071,16.24186,225,1
atitlan,2026-04-28,704850.0,1617150.0,0.28347597,16.597918,225,1
atitlan,2026-04-28,705150.0,1617150.0,0.30281976,19.101595,225,1
atitlan,2026-04-28,705450.0,1617150.0,0.29169264,18.145031,225,1
atitlan,2026-04-28,705750.0,1617150.0,0.19881545,11.200258,225,0
atitlan,2026-04-28,706050.0,1617150.0,0.19119288,9.369529,225,0
atitlan,2026-04-28,706350.0,1617150.0,0.23546042,11.414886,225,0
atitlan,2026-04-28,706650.0,1617150.0,0.2706154,14.104164,225,1
atitlan,2026-04-28,706950.0,1617150.0,0.31844488,20.22028,225,1
atitlan,2026-04-28,707250.0,1617150.0,0.30993488,19.006748,225,1
atitlan,2026-04-28,707550.0,1617150.0,0.26305446,13.981153,225,1
atitlan,2026-04-28,707850.0,1617150.0,0.28907737,17.044678,45,1
atitlan,2026-04-28,680250.0,1617450.0,0.010637922,4.2199054,180,0
atitlan,2026-04-28,680550.0,1617450.0,0.002766545,4.1116123,225,0
atitlan,2026-04-28,680850.0,1617450.0,-0.0017473071,3.9687512,225,0
atitlan,2026-04-28,681150.0,1617450.0,0.012972088,4.2208123,225,0
atitlan,2026-04-28,681450.0,1617450.0,0.015230283,4.2798963,225,0
atitlan,2026-04-28,681750.0,1617450.0,0.038637634,4.5483084,225,0
atitlan,2026-04-28,682050.0,1617450.0,0.014242441,4.237459,225,0
atitlan,2026-04-28,682350.0,1617450.0,0.008606339,4.1926203,225,0
atitlan,2026-04-28,682650.0,1617450.0,0.005175386,4.152972,225,0
atitlan,2026-04-28,682950.0,1617450.0,0.007107606,4.1696186,225,0
atitlan,2026-04-28,683250.0,1617450.0,0.02265318,4.3848395,225,0
atitlan,2026-04-28,683550.0,1617450.0,0.011799815,4.2373667,225,0
atitlan,2026-04-28,683850.0,1617450.0,0.008338274,4.1763344,225,0
atitlan,2026-04-28,684150.0,1617450.0,0.011528583,4.227541,225,0
atitlan,2026-04-28,684450.0,1617450.0,0.036038794,4.5183954,225,0
atitlan,2026-04-28,684750.0,1617450.0,0.13334322,8.658872,225,0
atitlan,2026-04-28,685050.0,1617450.0,0.28697968,21.442324,225,1
atitlan,2026-04-28,685350.0,1617450.0,0.35795942,29.560146,225,1
atitlan,2026-04-28,685650.0,1617450.0,0.36239102,30.242046,225,1
atitlan,2026-04-28,685950.0,1617450.0,0.37427294,32.09082,225,1
atitlan,2026-04-28,686250.0,1617450.0,0.40288645,39.184696,225,1
atitlan,2026-04-28,686550.0,1617450.0,0.35541308,27.831705,225,1
atitlan,2026-04-28,686850.0,1617450.0,0.2925373,17.082079,225,1
atitlan,2026-04-28,687150.0,1617450.0,0.30270585,18.223408,225,1
atitlan,2026-04-28,687450.0,1617450.0,0.26188836,16.183058,225,1
atitlan,2026-04-28,687750.0,1617450.0,0.27075732,17.443436,225,1
atitlan,2026-04-28,688050.0,1617450.0,0.12438046,10.749005,225,0
atitlan,2026-04-28,688350.0,1617450.0,-0.044966307,2.7514226,225,0
atitlan,2026-04-28,688650.0,1617450.0,-0.049886484,2.5620968,225,0
atitlan,2026-04-28,688950.0,1617450.0,-0.04805604,2.639609,225,0
atitlan,2026-04-28,689250.0,1617450.0,-0.014787204,3.512607,225,0
atitlan,2026-04-28,689550.0,1617450.0,0.1729527,7.849543,225,0
atitlan,2026-04-28,689850.0,1617450.0,0.22177997,10.742603,225,0
atitlan,2026-04-28,690150.0,1617450.0,0.21366863,10.697444,225,0
atitlan,2026-04-28,690450.0,1617450.0,0.1762052,8.766262,225,0
atitlan,2026-04-28,690750.0,1617450.0,0.2908492,16.11879,225,1
atitlan,2026-04-28,691050.0,1617450.0,0.30792356,18.268639,225,1
atitlan,2026-04-28,691350.0,1617450.0,0.31194016,19.643337,225,1
atitlan,2026-04-28,691650.0,1617450.0,0.28366962,17.109879,225,1
atitlan,2026-04-28,691950.0,1617450.0,0.30661404,20.038544,225,1
atitlan,2026-04-28,692250.0,1617450.0,0.23695338,13.209575,225,1
atitlan,2026-04-28,692550.0,1617450.0,0.25691825,15.832889,225,1
atitlan,2026-04-28,692850.0,1617450.0,0.31443912,22.302624,225,1
atitlan,2026-04-28,693150.0,1617450.0,0.33671707,25.430218,225,1
atitlan,2026-04-28,693450.0,1617450.0,0.40169704,38.539547,225,1
atitlan,2026-04-28,693750.0,1617450.0,0.40462378,38.72588,225,1
atitlan,2026-04-28,694050.0,1617450.0,0.39677006,36.87409,225,1
atitlan,2026-04-28,694350.0,1617450.0,0.38118404,32.218018,225,1
atitlan,2026-04-28,694650.0,1617450.0,0.3596497,27.3945,225,1
atitlan,2026-04-28,694950.0,1617450.0,0.37970963,31.61487,225,1
atitlan,2026-04-28,695250.0,1617450.0,0.39674613,35.878414,225,1
atitlan,2026-04-28,695550.0,1617450.0,0.4245055,44.087288,225,1
atitlan,2026-04-28,695850.0,1617450.0,0.42221633,43.856644,225,1
atitlan,2026-04-28,696150.0,1617450.0,0.28016803,23.484514,225,1
atitlan,2026-04-28,696450.0,1617450.0,0.060247976,5.3375177,225,0
atitlan,2026-04-28,696750.0,1617450.0,0.06878538,5.6849036,225,0
atitlan,2026-04-28,697050.0,1617450.0,0.14364001,7.541619,225,0
atitlan,2026-04-28,697350.0,1617450.0,0.06615246,4.8554125,225,0
atitlan,2026-04-28,697650.0,1617450.0,0.20163089,11.019233,225,0
atitlan,2026-04-28,697950.0,1617450.0,0.30805108,20.137884,225,1
atitlan,2026-04-28,698250.0,1617450.0,0.32508957,21.918367,225,1
atitlan,2026-04-28,698550.0,1617450.0,0.2725088,16.145624,225,1
atitlan,2026-04-28,698850.0,1617450.0,0.27596822,16.30896,225,1
atitlan,2026-04-28,699150.0,1617450.0,0.27671048,16.221024,225,1
atitlan,2026-04-28,699450.0,1617450.0,0.19979872,10.830883,225,0
atitlan,2026-04-28,699750.0,1617450.0,0.15613763,9.11215,225,0
atitlan,2026-04-28,700050.0,1617450.0,0.32727364,22.408688,225,1
atitlan,2026-04-28,700350.0,1617450.0,0.32299912,21.373058,225,1
atitlan,2026-04-28,700650.0,1617450.0,0.30565202,21.568632,225,1
atitlan,2026-04-28,700950.0,1617450.0,0.32060346,21.587507,225,1
atitlan,2026-04-28,701250.0,1617450.0,0.31434178,19.991228,225,1
atitlan,2026-04-28,701550.0,1617450.0,0.2586893,13.852137,225,1
atitlan,2026-04-28,701850.0,1617450.0,0.290924,19.15742,225,1
atitlan,2026-04-28,702150.0,1617450.0,0.32475093,24.127068,225,1
atitlan,2026-04-28,702450.0,1617450.0,0.2654792,13.484895,225,1
atitlan,2026-04-28,702750.0,1617450.0,0.22404186,9.979852,225,0
atitlan,2026-04-28,703050.0,1617450.0,0.23830725,11.08847,225,0
atitlan,2026-04-28,703350.0,1617450.0,0.23964626,11.989644,225,0
atitlan,2026-04-28,703650.0,1617450.0,0.29557648,17.69968,225,1
atitlan,2026-04-28,703950.0,1617450.0,0.3942747,36.114986,225,1
atitlan,2026-04-28,704250.0,1617450.0,0.28163305,17.081911,225,1
atitlan,2026-04-28,704550.0,1617450.0,0.2711738,16.019964,225,1
atitlan,2026-04-28,704850.0,1617450.0,0.2998444,17.59357,225,1
atitlan,2026-04-28,705150.0,1617450.0,0.30232903,17.840614,225,1
atitlan,2026-04-28,705450.0,1617450.0,0.23145813,11.334407,225,0
atitlan,2026-04-28,705750.0,1617450.0,0.10657963,5.863852,225,0
atitlan,2026-04-28,706050.0,1617450.0,0.12858137,7.710004,225,0
atitlan,2026-04-28,706350.0,1617450.0,0.12833807,7.1907635,225,0
atitlan,2026-04-28,706650.0,1617450.0,0.1850348,7.7337885,225,0
atitlan,2026-04-28,706950.0,1617450.0,0.26749656,13.403068,225,1
atitlan,2026-04-28,707250.0,1617450.0,0.26440164,13.088796,225,1
atitlan,2026-04-28,707550.0,1617450.0,0.28900495,15.6010065,225,1
atitlan,2026-04-28,707850.0,1617450.0,0.3234182,20.41591,45,1
atitlan,2026-04-28,680250.0,1617750.0,0.014419311,4.2733173,180,0
atitlan,2026-04-28,680550.0,1617750.0,0.004989315,4.1452904,225,0
atitlan,2026-04-28,680850.0,1617750.0,0.0070126033,4.0984373,225,0
atitlan,2026-04-28,681150.0,1617750.0,0.029755162,4.389639,225,0
atitlan,2026-04-28,681450.0,1617750.0,0.008830527,4.0416427,225,0
atitlan,2026-04-28,681750.0,1617750.0,0.032422073,4.3422856,225,0
atitlan,2026-04-28,682050.0,1617750.0,0.042405203,4.6315637,225,0
atitlan,2026-04-28,682350.0,1617750.0,0.032661352,4.4722657,225,0
atitlan,2026-04-28,682650.0,1617750.0,0.012048442,4.2445884,225,0
atitlan,2026-04-28,682950.0,1617750.0,0.022690333,4.6218305,225,0
atitlan,2026-04-28,683250.0,1617750.0,0.099199615,6.287254,225,0
atitlan,2026-04-28,683550.0,1617750.0,0.016309783,4.2969747,225,0
atitlan,2026-04-28,683850.0,1617750.0,0.047898218,5.410765,225,0
atitlan,2026-04-28,684150.0,1617750.0,0.08771408,5.781741,225,0
atitlan,2026-04-28,684450.0,1617750.0,0.09284688,6.033868,225,0
atitlan,2026-04-28,684750.0,1617750.0,0.32031837,23.449654,225,1
atitlan,2026-04-28,685050.0,1617750.0,0.3475602,25.916203,225,1
atitlan,2026-04-28,685350.0,1617750.0,0.36655548,29.995857,225,1
atitlan,2026-04-28,685650.0,1617750.0,0.3670261,31.02567,225,1
atitlan,2026-04-28,685950.0,1617750.0,0.36135986,29.537672,225,1
atitlan,2026-04-28,686250.0,1617750.0,0.3645085,29.362764,225,1
atitlan,2026-04-28,686550.0,1617750.0,0.376183,33.372925,225,1
atitlan,2026-04-28,686850.0,1617750.0,0.31494483,20.72689,225,1
atitlan,2026-04-28,687150.0,1617750.0,0.31398314,20.061052,225,1
atitlan,2026-04-28,687450.0,1617750.0,0.21189848,11.836038,225,0
atitlan,2026-04-28,687750.0,1617750.0,0.1929378,11.246355,225,0
atitlan,2026-04-28,688050.0,1617750.0,0.042369653,4.8913703,225,0
atitlan,2026-04-28,688350.0,1617750.0,-0.0401349,2.9524164,225,0
atitlan,2026-04-28,688650.0,1617750.0,-0.048716962,2.6088667,225,0
atitlan,2026-04-28,688950.0,1617750.0,-0.049603276,2.5749764,225,0
atitlan,2026-04-28,689250.0,1617750.0,-0.048198637,2.628924,225,0
atitlan,2026-04-28,689550.0,1617750.0,0.02840315,4.737361,225,0
atitlan,2026-04-28,689850.0,1617750.0,0.20577167,9.971054,225,0
atitlan,2026-04-28,690150.0,1617750.0,0.24096678,11.9424925,225,0
atitlan,2026-04-28,690450.0,1617750.0,0.13446197,7.665009,225,0
atitlan,2026-04-28,690750.0,1617750.0,0.20144664,10.695834,225,0
atitlan,2026-04-28,691050.0,1617750.0,0.26668125,14.979448,225,1
atitlan,2026-04-28,691350.0,1617750.0,0.31242725,19.266415,225,1
atitlan,2026-04-28,691650.0,1617750.0,0.28914863,18.278069,225,1
atitlan,2026-04-28,691950.0,1617750.0,0.31362596,20.871773,225,1
atitlan,2026-04-28,692250.0,1617750.0,0.254344,15.281131,225,1
atitlan,2026-04-28,692550.0,1617750.0,0.21758053,13.404749,225,1
atitlan,2026-04-28,692850.0,1617750.0,0.29473433,21.132875,225,1
atitlan,2026-04-28,693150.0,1617750.0,0.3703173,33.815857,225,1
atitlan,2026-04-28,693450.0,1617750.0,0.37218574,31.079893,225,1
atitlan,2026-04-28,693750.0,1617750.0,0.38868216,33.707687,225,1
atitlan,2026-04-28,694050.0,1617750.0,0.39486253,35.466553,225,1
atitlan,2026-04-28,694350.0,1617750.0,0.3969385,36.502193,225,1
atitlan,2026-04-28,694650.0,1617750.0,0.38131675,32.73078,225,1
atitlan,2026-04-28,694950.0,1617750.0,0.3854887,33.19858,225,1
atitlan,2026-04-28,695250.0,1617750.0,0.40167117,37.46091,225,1
atitlan,2026-04-28,695550.0,1617750.0,0.42111033,43.15692,225,1
atitlan,2026-04-28,695850.0,1617750.0,0.43709987,48.470573,225,1
atitlan,2026-04-28,696150.0,1617750.0,0.45337188,54.48819,225,1
atitlan,2026-04-28,696450.0,1617750.0,0.3018675,28.047657,225,1
atitlan,2026-04-28,696750.0,1617750.0,0.09199634,6.2364974,225,0
atitlan,2026-04-28,697050.0,1617750.0,0.113639645,6.9708843,225,0
atitlan,2026-04-28,697350.0,1617750.0,0.25024208,14.960442,225,1
atitlan,2026-04-28,697650.0,1617750.0,0.32728794,22.2598,225,1
atitlan,2026-04-28,697950.0,1617750.0,0.32187638,22.462103,225,1
atitlan,2026-04-28,698250.0,1617750.0,0.35161242,26.103273,225,1
atitlan,2026-04-28,698550.0,1617750.0,0.34814817,25.148783,225,1
atitlan,2026-04-28,698850.0,1617750.0,0.3179047,21.004236,225,1
atitlan,2026-04-28,699150.0,1617750.0,0.17853689,11.205078,225,0
atitlan,2026-04-28,699450.0,1617750.0,0.20606156,11.313743,225,0
atitlan,2026-04-28,699750.0,1617750.0,0.14303519,8.012244,225,0
atitlan,2026-04-28,700050.0,1617750.0,0.23779233,14.595008,225,1
atitlan,2026-04-28,700350.0,1617750.0,0.3413601,24.840897,225,1
atitlan,2026-04-28,700650.0,1617750.0,0.36318997,28.831705,225,1
atitlan,2026-04-28,700950.0,1617750.0,0.34073463,25.229828,225,1
atitlan,2026-04-28,701250.0,1617750.0,0.29846796,21.211565,225,1
atitlan,2026-04-28,701550.0,1617750.0,0.31568563,21.63436,225,1
atitlan,2026-04-28,701850.0,1617750.0,0.2546781,15.272924,225,1
atitlan,2026-04-28,702150.0,1617750.0,0.3625234,28.628399,225,1
atitlan,2026-04-28,702450.0,1617750.0,0.31913832,21.268812,225,1
atitlan,2026-04-28,702750.0,1617750.0,0.26335332,15.470068,225,1
atitlan,2026-04-28,703050.0,1617750.0,0.1695181,6.827049,225,0
atitlan,2026-04-28,703350.0,1617750.0,0.20706694,8.813437,225,0
atitlan,2026-04-28,703650.0,1617750.0,0.2724557,14.687215,225,1
atitlan,2026-04-28,703950.0,1617750.0,0.3442258,24.863602,225,1
atitlan,2026-04-28,704250.0,1617750.0,0.2922498,18.009785,225,1
atitlan,2026-04-28,704550.0,1617750.0,0.23216163,10.989775,225,0
atitlan,2026-04-28,704850.0,1617750.0,0.32164583,21.069931,225,1
atitlan,2026-04-28,705150.0,1617750.0,0.31344265,19.354155,225,1
atitlan,2026-04-28,705450.0,1617750.0,0.24806264,11.881379,225,0
atitlan,2026-04-28,705750.0,1617750.0,0.2286365,11.327738,225,0
atitlan,2026-04-28,706050.0,1617750.0,0.2881771,15.545858,225,1
atitlan,2026-04-28,706350.0,1617750.0,0.2742156,15.027589,225,1
atitlan,2026-04-28,706650.0,1617750.0,0.21211386,9.3511915,225,0
atitlan,2026-04-28,706950.0,1617750.0,0.25886518,12.672208,225,1
atitlan,2026-04-28,707250.0,1617750.0,0.2536616,12.3677225,225,1
atitlan,2026-04-28,707550.0,1617750.0,0.2825101,16.12344,225,1
atitlan,2026-04-28,707850.0,1617750.0,0.36546004,28.426418,45,1
atitlan,2026-04-28,680250.0,1618050.0,0.06685022,5.9411125,180,0
atitlan,2026-04-28,680550.0,1618050.0,0.050548,4.7621365,225,0
atitlan,2026-04-28,680850.0,1618050.0,0.091189265,5.685286,225,0
atitlan,2026-04-28,681150.0,1618050.0,0.013928551,4.204721,225,0
atitlan,2026-04-28,681450.0,1618050.0,0.0020680695,4.092378,225,0
atitlan,2026-04-28,681750.0,1618050.0,0.00020543291,4.0356464,225,0
atitlan,2026-04-28,682050.0,1618050.0,0.001474643,4.048307,225,0
atitlan,2026-04-28,682350.0,1618050.0,0.044105493,4.6469374,225,0
atitlan,2026-04-28,682650.0,1618050.0,0.103978574,5.9022627,225,0
atitlan,2026-04-28,682950.0,1618050.0,0.29485872,22.939373,225,1
atitlan,2026-04-28,683250.0,1618050.0,0.24409187,16.288122,225,1
atitlan,2026-04-28,683550.0,1618050.0,0.1764823,10.936545,225,0
atitlan,2026-04-28,683850.0,1618050.0,0.21327913,15.316673,225,1
atitlan,2026-04-28,684150.0,1618050.0,0.29596514,28.829845,225,1
atitlan,2026-04-28,684450.0,1618050.0,0.34503424,28.734001,225,1
atitlan,2026-04-28,684750.0,1618050.0,0.35249254,28.567575,225,1
atitlan,2026-04-28,685050.0,1618050.0,0.33987382,25.308348,225,1
atitlan,2026-04-28,685350.0,1618050.0,0.37075412,31.232424,225,1
atitlan,2026-04-28,685650.0,1618050.0,0.3534515,28.717768,225,1
atitlan,2026-04-28,685950.0,1618050.0,0.35721055,28.348776,225,1
atitlan,2026-04-28,686250.0,1618050.0,0.3431118,27.684206,225,1
atitlan,2026-04-28,686550.0,1618050.0,0.3460344,26.727903,225,1
atitlan,2026-04-28,686850.0,1618050.0,0.32641906,22.069523,225,1
atitlan,2026-04-28,687150.0,1618050.0,0.3156603,20.996773,225,1
atitlan,2026-04-28,687450.0,1618050.0,0.28210288,17.07906,225,1
atitlan,2026-04-28,687750.0,1618050.0,0.25255483,13.114331,225,1
atitlan,2026-04-28,688050.0,1618050.0,0.21730529,12.072747,225,1
atitlan,2026-04-28,688350.0,1618050.0,0.065574124,6.410831,225,0
atitlan,2026-04-28,688650.0,1618050.0,-0.044894923,2.7662463,225,0
atitlan,2026-04-28,688950.0,1618050.0,-0.050879396,2.5222595,225,0
atitlan,2026-04-28,689250.0,1618050.0,-0.050469097,2.5373476,225,0
atitlan,2026-04-28,689550.0,1618050.0,-0.04955148,2.5740101,225,0
atitlan,2026-04-28,689850.0,1618050.0,-0.01881367,3.5222192,225,0
atitlan,2026-04-28,690150.0,1618050.0,0.14232579,7.3842235,225,0
atitlan,2026-04-28,690450.0,1618050.0,0.17542858,8.516484,225,0
atitlan,2026-04-28,690750.0,1618050.0,0.21664543,10.518847,225,0
atitlan,2026-04-28,691050.0,1618050.0,0.30574095,17.626122,225,1
atitlan,2026-04-28,691350.0,1618050.0,0.3038587,18.171165,225,1
atitlan,2026-04-28,691650.0,1618050.0,0.26871955,16.298794,225,1
atitlan,2026-04-28,691950.0,1618050.0,0.26197183,15.228997,225,1
atitlan,2026-04-28,692250.0,1618050.0,0.21329989,12.128853,225,1
atitlan,2026-04-28,692550.0,1618050.0,0.265786,17.351318,225,1
atitlan,2026-04-28,692850.0,1618050.0,0.31734434,22.273155,225,1
atitlan,2026-04-28,693150.0,1618050.0,0.34857628,26.12563,225,1
atitlan,2026-04-28,693450.0,1618050.0,0.330004,23.763042,225,1
atitlan,2026-04-28,693750.0,1618050.0,0.3796821,31.572933,225,1
atitlan,2026-04-28,694050.0,1618050.0,0.37902084,31.326246,225,1
atitlan,2026-04-28,694350.0,1618050.0,0.37636375,31.09101,225,1
atitlan,2026-04-28,694650.0,1618050.0,0.37937734,32.474304,225,1
atitlan,2026-04-28,694950.0,1618050.0,0.38926902,34.273552,225,1
atitlan,2026-04-28,695250.0,1618050.0,0.39191616,34.948128,225,1
atitlan,2026-04-28,695550.0,1618050.0,0.41715336,42.235607,225,1
atitlan,2026-04-28,695850.0,1618050.0,0.43964636,49.696735,225,1
atitlan,2026-04-28,696150.0,1618050.0,0.45679626,55.890663,225,1
atitlan,2026-04-28,696450.0,1618050.0,0.3930844,39.02937,225,1
atitlan,2026-04-28,696750.0,1618050.0,0.20459445,11.4311,225,0
atitlan,2026-04-28,697050.0,1618050.0,0.25709236,16.648277,225,1
atitlan,2026-04-28,697350.0,1618050.0,0.32574683,22.382748,225,1
atitlan,2026-04-28,697650.0,1618050.0,0.31290665,20.393764,225,1
atitlan,2026-04-28,697950.0,1618050.0,0.32945922,21.951612,225,1
atitlan,2026-04-28,698250.0,1618050.0,0.3309255,22.947048,225,1
atitlan,2026-04-28,698550.0,1618050.0,0.3303431,22.115393,225,1
atitlan,2026-04-28,698850.0,1618050.0,0.31665066,20.843454,225,1
atitlan,2026-04-28,699150.0,1618050.0,0.24820073,14.419749,225,1
atitlan,2026-04-28,699450.0,1618050.0,0.25313622,15.579442,225,1
atitlan,2026-04-28,699750.0,1618050.0,0.11489145,7.1636553,225,0
atitlan,2026-04-28,700050.0,1618050.0,0.15237917,9.973317,225,0
atitlan,2026-04-28,700350.0,1618050.0,0.3178841,20.35348,225,1
atitlan,2026-04-28,700650.0,1618050.0,0.34425965,24.760084,225,1
atitlan,2026-04-28,700950.0,1618050.0,0.3123723,23.115675,225,1
atitlan,2026-04-28,701250.0,1618050.0,0.30430782,23.297909,225,1
atitlan,2026-04-28,701550.0,1618050.0,0.3689875,30.020924,225,1
atitlan,2026-04-28,701850.0,1618050.0,0.35089692,27.807343,225,1
atitlan,2026-04-28,702150.0,1618050.0,0.30582312,20.053715,225,1
atitlan,2026-04-28,702450.0,1618050.0,0.24741909,12.444727,225,1
atitlan,2026-04-28,702750.0,1618050.0,0.26627335,14.615397,225,1
atitlan,2026-04-28,703050.0,1618050.0,0.17749617,7.612121,225,0
atitlan,2026-04-28,703350.0,1618050.0,0.19189116,8.352256,225,0
atitlan,2026-04-28,703650.0,1618050.0,0.23581319,11.262195,225,0
atitlan,2026-04-28,703950.0,1618050.0,0.2896649,16.77801,225,1
atitlan,2026-04-28,704250.0,1618050.0,0.31929985,20.632362,225,1
atitlan,2026-04-28,704550.0,1618050.0,0.2737689,14.351634,225,1
atitlan,2026-04-28,704850.0,1618050.0,0.28938717,16.022385,225,1
atitlan,2026-04-28,705150.0,1618050.0,0.31760728,19.815496,225,1
atitlan,2026-04-28,705450.0,1618050.0,0.29435882,16.2219,225,1
atitlan,2026-04-28,705750.0,1618050.0,0.21850471,10.035356,225,0
atitlan,2026-04-28,706050.0,1618050.0,0.1784848,9.49233,225,0
atitlan,2026-04-28,706350.0,1618050.0,0.26918194,14.456914,225,1
atitlan,2026-04-28,706650.0,1618050.0,0.23769133,10.940055,225,0
atitlan,2026-04-28,706950.0,1618050.0,0.27274463,14.108175,225,1
atitlan,2026-04-28,707250.0,1618050.0,0.26499563,13.953307,225,1
atitlan,2026-04-28,707550.0,1618050.0,0.27458718,14.974319,225,1
atitlan,2026-04-28,707850.0,1618050.0,0.34778878,24.737078,45,1
atitlan,2026-04-28,680250.0,1618350.0,0.29875532,16.459902,180,1
atitlan,2026-04-28,680550.0,1618350.0,0.2514836,12.29017,225,1
atitlan,2026-04-28,680850.0,1618350.0,0.14152375,7.7453413,225,0
atitlan,2026-04-28,681150.0,1618350.0,0.037226267,4.8753266,225,0
atitlan,2026-04-28,681450.0,1618350.0,0.0069325455,4.1823635,225,0
atitlan,2026-04-28,681750.0,1618350.0,0.0026434741,4.1067195,225,0
atitlan,2026-04-28,682050.0,1618350.0,0.0074042273,4.182089,225,0
atitlan,2026-04-28,682350.0,1618350.0,0.15589008,9.078163,225,0
atitlan,2026-04-28,682650.0,1618350.0,0.34856313,26.124832,225,1
atitlan,2026-04-28,682950.0,1618350.0,0.40395832,38.02612,225,1
atitlan,2026-04-28,683250.0,1618350.0,0.4152773,41.675255,225,1
atitlan,2026-04-28,683550.0,1618350.0,0.4197634,43.199394,225,1
atitlan,2026-04-28,683850.0,1618350.0,0.42243743,44.089718,225,1
atitlan,2026-04-28,684150.0,1618350.0,0.39999908,37.744007,225,1
atitlan,2026-04-28,684450.0,1618350.0,0.3696388,32.78592,225,1
atitlan,2026-04-28,684750.0,1618350.0,0.32863596,24.647238,225,1
atitlan,2026-04-28,685050.0,1618350.0,0.35027876,26.360432,225,1
atitlan,2026-04-28,685350.0,1618350.0,0.34970707,27.963583,225,1
atitlan,2026-04-28,685650.0,1618350.0,0.32838765,24.53801,225,1
atitlan,2026-04-28,685950.0,1618350.0,0.34503603,27.80774,225,1
atitlan,2026-04-28,686250.0,1618350.0,0.33549175,25.64147,225,1
atitlan,2026-04-28,686550.0,1618350.0,0.35732377,28.669735,225,1
atitlan,2026-04-28,686850.0,1618350.0,0.3499756,26.055721,225,1
atitlan,2026-04-28,687150.0,1618350.0,0.32134348,20.65013,225,1
atitlan,2026-04-28,687450.0,1618350.0,0.32374153,21.420683,225,1
atitlan,2026-04-28,687750.0,1618350.0,0.2691244,15.284864,225,1
atitlan,2026-04-28,688050.0,1618350.0,0.27948427,16.349686,225,1
atitlan,2026-04-28,688350.0,1618350.0,0.22635514,12.717275,225,1
atitlan,2026-04-28,688650.0,1618350.0,-0.030877057,3.2733917,225,0
atitlan,2026-04-28,688950.0,1618350.0,-0.045470394,2.7446325,225,0
atitlan,2026-04-28,689250.0,1618350.0,-0.04778952,2.651761,225,0
atitlan,2026-04-28,689550.0,1618350.0,-0.04884556,2.6094608,225,0
atitlan,2026-04-28,689850.0,1618350.0,-0.04604851,2.7128217,225,0
atitlan,2026-04-28,690150.0,1618350.0,-0.019651208,3.5399222,225,0
atitlan,2026-04-28,690450.0,1618350.0,0.17587444,9.360908,225,0
atitlan,2026-04-28,690750.0,1618350.0,0.20577943,11.348722,225,0
atitlan,2026-04-28,691050.0,1618350.0,0.30949625,18.210484,225,1
atitlan,2026-04-28,691350.0,1618350.0,0.3055758,19.187202,225,1
atitlan,2026-04-28,691650.0,1618350.0,0.28589803,16.778732,225,1
atitlan,2026-04-28,691950.0,1618350.0,0.23295161,13.897661,225,1
atitlan,2026-04-28,692250.0,1618350.0,0.2070077,11.657644,225,0
atitlan,2026-04-28,692550.0,1618350.0,0.32451972,23.395506,225,1
atitlan,2026-04-28,692850.0,1618350.0,0.31604964,21.655325,225,1
atitlan,2026-04-28,693150.0,1618350.0,0.29540798,19.680637,225,1
atitlan,2026-04-28,693450.0,1618350.0,0.30152172,20.151472,225,1
atitlan,2026-04-28,693750.0,1618350.0,0.29608765,19.213219,225,1
atitlan,2026-04-28,694050.0,1618350.0,0.36296788,27.82268,225,1
atitlan,2026-04-28,694350.0,1618350.0,0.36149296,27.800743,225,1
atitlan,2026-04-28,694650.0,1618350.0,0.35395047,26.802967,225,1
atitlan,2026-04-28,694950.0,1618350.0,0.38137457,33.069775,225,1
atitlan,2026-04-28,695250.0,1618350.0,0.40054792,37.367096,225,1
atitlan,2026-04-28,695550.0,1618350.0,0.41383386,41.220867,225,1
atitlan,2026-04-28,695850.0,1618350.0,0.4575988,56.173416,225,1
atitlan,2026-04-28,696150.0,1618350.0,0.4348245,48.113758,225,1
atitlan,2026-04-28,696450.0,1618350.0,0.4203816,43.440773,225,1
atitlan,2026-04-28,696750.0,1618350.0,0.36434346,29.173208,225,1
atitlan,2026-04-28,697050.0,1618350.0,0.30572748,20.633131,225,1
atitlan,2026-04-28,697350.0,1618350.0,0.3486756,26.624855,225,1
atitlan,2026-04-28,697650.0,1618350.0,0.3395088,24.705498,225,1
atitlan,2026-04-28,697950.0,1618350.0,0.3365739,23.374178,225,1
atitlan,2026-04-28,698250.0,1618350.0,0.33455753,23.484846,225,1
atitlan,2026-04-28,698550.0,1618350.0,0.3366259,23.163858,225,1
atitlan,2026-04-28,698850.0,1618350.0,0.32180637,21.0627,225,1
atitlan,2026-04-28,699150.0,1618350.0,0.2750672,15.742953,225,1
atitlan,2026-04-28,699450.0,1618350.0,0.16627276,10.415663,225,0
atitlan,2026-04-28,699750.0,1618350.0,0.073198974,5.135903,225,0
atitlan,2026-04-28,700050.0,1618350.0,0.041406777,4.416163,225,0
atitlan,2026-04-28,700350.0,1618350.0,0.23851568,14.129149,225,1
atitlan,2026-04-28,700650.0,1618350.0,0.32653564,21.454336,225,1
atitlan,2026-04-28,700950.0,1618350.0,0.32932708,23.620966,225,1
atitlan,2026-04-28,701250.0,1618350.0,0.33135894,24.23919,225,1
atitlan,2026-04-28,701550.0,1618350.0,0.2911529,22.016514,225,1
atitlan,2026-04-28,701850.0,1618350.0,0.34132898,26.280937,225,1
atitlan,2026-04-28,702150.0,1618350.0,0.30345833,20.65094,225,1
atitlan,2026-04-28,702450.0,1618350.0,0.21972226,10.204128,225,0
atitlan,2026-04-28,702750.0,1618350.0,0.24175365,11.789048,225,0
atitlan,2026-04-28,703050.0,1618350.0,0.21375729,9.3854475,225,0
atitlan,2026-04-28,703350.0,1618350.0,0.21243556,10.22361,225,0
atitlan,2026-04-28,703650.0,1618350.0,0.24975847,12.851247,225,1
atitlan,2026-04-28,703950.0,1618350.0,0.22565228,10.350686,225,0
atitlan,2026-04-28,704250.0,1618350.0,0.25685567,13.196752,225,1
atitlan,2026-04-28,704550.0,1618350.0,0.2945483,17.248886,225,1
atitlan,2026-04-28,704850.0,1618350.0,0.3382677,23.063005,225,1
atitlan,2026-04-28,705150.0,1618350.0,0.32778025,21.368515,225,1
atitlan,2026-04-28,705450.0,1618350.0,0.34064338,23.474573,225,1
atitlan,2026-04-28,705750.0,1618350.0,0.26514757,15.3933,225,1
atitlan,2026-04-28,706050.0,1618350.0,0.1025094,5.6493936,225,0
atitlan,2026-04-28,706350.0,1618350.0,0.23799425,11.193944,225,0
atitlan,2026-04-28,706650.0,1618350.0,0.29139176,16.176786,225,1
atitlan,2026-04-28,706950.0,1618350.0,0.27115598,14.296906,225,1
atitlan,2026-04-28,707250.0,1618350.0,0.2807948,15.316404,225,1
atitlan,2026-04-28,707550.0,1618350.0,0.25655007,12.695872,225,1
atitlan,2026-04-28,707850.0,1618350.0,0.31815067,20.7545,45,1
atitlan,2026-04-28,680250.0,1618650.0,0.3142183,19.285425,180,1
atitlan,2026-04-28,680550.0,1618650.0,0.31451997,18.728567,225,1
atitlan,2026-04-28,680850.0,1618650.0,0.27794713,15.290902,225,1
atitlan,2026-04-28,681150.0,1618650.0,0.10692653,6.273832,225,0
atitlan,2026-04-28,681450.0,1618650.0,0.031569425,4.4606457,225,0
atitlan,2026-04-28,681750.0,1618650.0,0.025408557,4.3670564,225,0
atitlan,2026-04-28,682050.0,1618650.0,0.024146775,4.310028,225,0
atitlan,2026-04-28,682350.0,1618650.0,0.02409772,4.456526,225,0
atitlan,2026-04-28,682650.0,1618650.0,0.33775657,27.643993,225,1
atitlan,2026-04-28,682950.0,1618650.0,0.38077968,32.370647,225,1
atitlan,2026-04-28,683250.0,1618650.0,0.39029106,35.02434,225,1
atitlan,2026-04-28,683550.0,1618650.0,0.40937304,40.09267,225,1
atitlan,2026-04-28,683850.0,1618650.0,0.41995856,42.981068,225,1
atitlan,2026-04-28,684150.0,1618650.0,0.36995456,31.644682,225,1
atitlan,2026-04-28,684450.0,1618650.0,0.32230642,23.898249,225,1
atitlan,2026-04-28,684750.0,1618650.0,0.3184969,22.786081,225,1
atitlan,2026-04-28,685050.0,1618650.0,0.31943074,22.441574,225,1
atitlan,2026-04-28,685350.0,1618650.0,0.34592628,26.048315,225,1
atitlan,2026-04-28,685650.0,1618650.0,0.35193095,27.022537,225,1
atitlan,2026-04-28,685950.0,1618650.0,0.36575845,30.41624,225,1
atitlan,2026-04-28,686250.0,1618650.0,0.35483265,30.1163,225,1
atitlan,2026-04-28,686550.0,1618650.0,0.34213808,25.83989,225,1
atitlan,2026-04-28,686850.0,1618650.0,0.3442571,25.177494,225,1
atitlan,2026-04-28,687150.0,1618650.0,0.33446094,22.830627,225,1
atitlan,2026-04-28,687450.0,1618650.0,0.33755735,24.13502,225,1
atitlan,2026-04-28,687750.0,1618650.0,0.32590634,21.900833,225,1
atitlan,2026-04-28,688050.0,1618650.0,0.30891126,19.474659,225,1
atitlan,2026-04-28,688350.0,1618650.0,0.28266954,16.25476,225,1
atitlan,2026-04-28,688650.0,1618650.0,0.16150355,11.549901,225,0
atitlan,2026-04-28,688950.0,1618650.0,0.015931843,4.931333,225,0
atitlan,2026-04-28,689250.0,1618650.0,-0.043639705,2.820705,225,0
atitlan,2026-04-28,689550.0,1618650.0,-0.047646336,2.657513,225,0
atitlan,2026-04-28,689850.0,1618650.0,-0.04679076,2.6691813,225,0
atitlan,2026-04-28,690150.0,1618650.0,0.04546004,4.599797,225,0
atitlan,2026-04-28,690450.0,1618650.0,0.06541964,5.1188874,225,0
atitlan,2026-04-28,690750.0,1618650.0,0.14563268,9.047653,225,0
atitlan,2026-04-28,691050.0,1618650.0,0.29776123,17.310291,225,1
atitlan,2026-04-28,691350.0,1618650.0,0.3212724,20.635336,225,1
atitlan,2026-04-28,691650.0,1618650.0,0.321381,21.582018,225,1
atitlan,2026-04-28,691950.0,1618650.0,0.25195357,15.70764,225,1
atitlan,2026-04-28,692250.0,1618650.0,0.3045792,20.052782,225,1
atitlan,2026-04-28,692550.0,1618650.0,0.2732285,16.959852,225,1
atitlan,2026-04-28,692850.0,1618650.0,0.31627655,20.255861,225,1
atitlan,2026-04-28,693150.0,1618650.0,0.29188368,18.391207,225,1
atitlan,2026-04-28,693450.0,1618650.0,0.25743797,14.446758,225,1
atitlan,2026-04-28,693750.0,1618650.0,0.29081774,21.302086,225,1
atitlan,2026-04-28,694050.0,1618650.0,0.38115662,31.882078,225,1
atitlan,2026-04-28,694350.0,1618650.0,0.3889358,34.23267,225,1
atitlan,2026-04-28,694650.0,1618650.0,0.3605672,29.87292,225,1
atitlan,2026-04-28,694950.0,1618650.0,0.40599892,39.00957,225,1
atitlan,2026-04-28,695250.0,1618650.0,0.4091345,39.587894,225,1
atitlan,2026-04-28,695550.0,1618650.0,0.43344155,47.29365,225,1
atitlan,2026-04-28,695850.0,1618650.0,0.44842917,52.555927,225,1
atitlan,2026-04-28,696150.0,1618650.0,0.37620568,34.788986,225,1
atitlan,2026-04-28,696450.0,1618650.0,0.39881796,38.568535,225,1
atitlan,2026-04-28,696750.0,1618650.0,0.35033986,28.287134,225,1
atitlan,2026-04-28,697050.0,1618650.0,0.33375484,24.745808,225,1
atitlan,2026-04-28,697350.0,1618650.0,0.36437318,28.933899,225,1
atitlan,2026-04-28,697650.0,1618650.0,0.36073968,29.194813,225,1
atitlan,2026-04-28,697950.0,1618650.0,0.3411611,24.96476,225,1
atitlan,2026-04-28,698250.0,1618650.0,0.3138666,19.97721,225,1
atitlan,2026-04-28,698550.0,1618650.0,0.33188313,22.515465,225,1
atitlan,2026-04-28,698850.0,1618650.0,0.29517186,17.252594,225,1
atitlan,2026-04-28,699150.0,1618650.0,0.27006787,14.837022,225,1
atitlan,2026-04-28,699450.0,1618650.0,0.25336128,15.001432,225,1
atitlan,2026-04-28,699750.0,1618650.0,0.043575205,4.599388,225,0
atitlan,2026-04-28,700050.0,1618650.0,0.06287909,4.9473677,225,0
atitlan,2026-04-28,700350.0,1618650.0,0.19021554,10.640613,225,0
atitlan,2026-04-28,700650.0,1618650.0,0.27309716,15.555283,225,1
atitlan,2026-04-28,700950.0,1618650.0,0.30000174,16.99845,225,1
atitlan,2026-04-28,701250.0,1618650.0,0.3233504,23.78126,225,1
atitlan,2026-04-28,701550.0,1618650.0,0.2968549,19.645401,225,1
atitlan,2026-04-28,701850.0,1618650.0,0.23135932,13.721596,225,1
atitlan,2026-04-28,702150.0,1618650.0,0.3043201,19.353716,225,1
atitlan,2026-04-28,702450.0,1618650.0,0.2875459,16.507118,225,1
atitlan,2026-04-28,702750.0,1618650.0,0.26428926,13.901672,225,1
atitlan,2026-04-28,703050.0,1618650.0,0.26607713,13.897806,225,1
atitlan,2026-04-28,703350.0,1618650.0,0.17197163,7.1104083,225,0
atitlan,2026-04-28,703650.0,1618650.0,0.24555013,12.56615,225,1
atitlan,2026-04-28,703950.0,1618650.0,0.20988996,9.226493,225,0
atitlan,2026-04-28,704250.0,1618650.0,0.21165922,9.031188,225,0
atitlan,2026-04-28,704550.0,1618650.0,0.25715935,13.225605,225,1
atitlan,2026-04-28,704850.0,1618650.0,0.2988338,17.397552,225,1
atitlan,2026-04-28,705150.0,1618650.0,0.33149013,23.048212,225,1
atitlan,2026-04-28,705450.0,1618650.0,0.3175822,20.17381,225,1
atitlan,2026-04-28,705750.0,1618650.0,0.29796222,17.491611,225,1
atitlan,2026-04-28,706050.0,1618650.0,0.26718193,15.848523,225,1
atitlan,2026-04-28,706350.0,1618650.0,0.1443217,7.4296966,225,0
atitlan,2026-04-28,706650.0,1618650.0,0.15994205,8.956563,225,0
atitlan,2026-04-28,706950.0,1618650.0,0.23989645,13.27322,225,1
atitlan,2026-04-28,707250.0,1618650.0,0.2567116,12.398597,225,1
atitlan,2026-04-28,707550.0,1618650.0,0.27605775,15.345619,225,1
atitlan,2026-04-28,707850.0,1618650.0,0.25316724,12.300146,45,1
atitlan,2026-04-28,680250.0,1618950.0,0.13346367,8.206272,180,0
atitlan,2026-04-28,680550.0,1618950.0,0.2961851,17.03403,225,1
atitlan,2026-04-28,680850.0,1618950.0,0.3121658,18.203629,225,1
atitlan,2026-04-28,681150.0,1618950.0,0.24917145,12.055666,225,1
atitlan,2026-04-28,681450.0,1618950.0,0.08769327,5.3168797,225,0
atitlan,2026-04-28,681750.0,1618950.0,0.01399918,4.1141024,225,0
atitlan,2026-04-28,682050.0,1618950.0,0.009343529,4.104196,225,0
atitlan,2026-04-28,682350.0,1618950.0,0.104394466,8.43744,225,0
atitlan,2026-04-28,682650.0,1618950.0,0.37290755,30.710909,225,1
atitlan,2026-04-28,682950.0,1618950.0,0.40474883,38.70283,225,1
atitlan,2026-04-28,683250.0,1618950.0,0.40985322,40.580116,225,1
atitlan,2026-04-28,683550.0,1618950.0,0.41168392,40.609337,225,1
atitlan,2026-04-28,683850.0,1618950.0,0.40098888,38.078148,225,1
atitlan,2026-04-28,684150.0,1618950.0,0.38569346,34.983032,225,1
atitlan,2026-04-28,684450.0,1618950.0,0.31716913,21.797523,225,1
atitlan,2026-04-28,684750.0,1618950.0,0.29424122,18.167341,225,1
atitlan,2026-04-28,685050.0,1618950.0,0.33255526,23.82867,225,1
atitlan,2026-04-28,685350.0,1618950.0,0.31491983,21.918146,225,1
atitlan,2026-04-28,685650.0,1618950.0,0.31174573,22.045483,225,1
atitlan,2026-04-28,685950.0,1618950.0,0.361541,30.66412,225,1
atitlan,2026-04-28,686250.0,1618950.0,0.33661798,26.031754,225,1
atitlan,2026-04-28,686550.0,1618950.0,0.3252479,22.502708,225,1
atitlan,2026-04-28,686850.0,1618950.0,0.3265225,22.228945,225,1
atitlan,2026-04-28,687150.0,1618950.0,0.33441162,23.421402,225,1
atitlan,2026-04-28,687450.0,1618950.0,0.34597304,27.14679,225,1
atitlan,2026-04-28,687750.0,1618950.0,0.33161455,24.403881,225,1
atitlan,2026-04-28,688050.0,1618950.0,0.36303768,30.121733,225,1
atitlan,2026-04-28,688350.0,1618950.0,0.31702808,22.424723,225,1
atitlan,2026-04-28,688650.0,1618950.0,0.27475122,16.517363,225,1
atitlan,2026-04-28,688950.0,1618950.0,0.22215427,12.117932,225,1
atitlan,2026-04-28,689250.0,1618950.0,-0.029971974,3.225801,225,0
atitlan,2026-04-28,689550.0,1618950.0,-0.04351446,2.8255608,225,0
atitlan,2026-04-28,689850.0,1618950.0,-0.03846258,2.9239151,225,0
atitlan,2026-04-28,690150.0,1618950.0,0.09515306,5.8324046,225,0
atitlan,2026-04-28,690450.0,1618950.0,0.030329471,4.243034,225,0
atitlan,2026-04-28,690750.0,1618950.0,0.036141146,4.4208755,225,0
atitlan,2026-04-28,691050.0,1618950.0,0.1625919,9.763406,225,0
atitlan,2026-04-28,691350.0,1618950.0,0.27943882,16.03735,225,1
atitlan,2026-04-28,691650.0,1618950.0,0.3322,22.464897,225,1
atitlan,2026-04-28,691950.0,1618950.0,0.3224178,21.149464,225,1
atitlan,2026-04-28,692250.0,1618950.0,0.29584017,17.800924,225,1
atitlan,2026-04-28,692550.0,1618950.0,0.31061804,19.35936,225,1
atitlan,2026-04-28,692850.0,1618950.0,0.27750316,17.163376,225,1
atitlan,2026-04-28,693150.0,1618950.0,0.28080586,17.386913,225,1
atitlan,2026-04-28,693450.0,1618950.0,0.26201713,15.531765,225,1
atitlan,2026-04-28,693750.0,1618950.0,0.28875595,19.461441,225,1
atitlan,2026-04-28,694050.0,1618950.0,0.35198584,27.213062,225,1
atitlan,2026-04-28,694350.0,1618950.0,0.3823769,32.69687,225,1
atitlan,2026-04-28,694650.0,1618950.0,0.38228145,32.21704,225,1
atitlan,2026-04-28,694950.0,1618950.0,0.39550182,36.13142,225,1
atitlan,2026-04-28,695250.0,1618950.0,0.38414693,33.937267,225,1
atitlan,2026-04-28,695550.0,1618950.0,0.4159193,42.592278,225,1
atitlan,2026-04-28,695850.0,1618950.0,0.41347036,42.288887,225,1
atitlan,2026-04-28,696150.0,1618950.0,0.36762983,31.83557,225,1
atitlan,2026-04-28,696450.0,1618950.0,0.364442,30.454048,225,1
atitlan,2026-04-28,696750.0,1618950.0,0.3709868,30.781109,225,1
atitlan,2026-04-28,697050.0,1618950.0,0.3832591,33.34877,225,1
atitlan,2026-04-28,697350.0,1618950.0,0.35312834,26.635805,225,1
atitlan,2026-04-28,697650.0,1618950.0,0.3404866,23.707539,225,1
atitlan,2026-04-28,697950.0,1618950.0,0.34197724,24.185913,225,1
atitlan,2026-04-28,698250.0,1618950.0,0.3048851,18.95921,225,1
atitlan,2026-04-28,698550.0,1618950.0,0.31203848,19.386292,225,1
atitlan,2026-04-28,698850.0,1618950.0,0.26986772,15.49388,225,1
atitlan,2026-04-28,699150.0,1618950.0,0.15683776,8.8796215,225,0
atitlan,2026-04-28,699450.0,1618950.0,0.12474337,7.985048,225,0
atitlan,2026-04-28,699750.0,1618950.0,0.06575196,5.4223046,225,0
atitlan,2026-04-28,700050.0,1618950.0,0.06334873,5.054308,225,0
atitlan,2026-04-28,700350.0,1618950.0,0.14123407,8.155181,225,0
atitlan,2026-04-28,700650.0,1618950.0,0.13554876,7.5847883,225,0
atitlan,2026-04-28,700950.0,1618950.0,0.25201866,13.212788,225,1
atitlan,2026-04-28,701250.0,1618950.0,0.29225808,16.980072,225,1
atitlan,2026-04-28,701550.0,1618950.0,0.24166255,12.9110775,225,1
atitlan,2026-04-28,701850.0,1618950.0,0.14127144,8.230978,225,0
atitlan,2026-04-28,702150.0,1618950.0,0.197305,11.994505,225,0
atitlan,2026-04-28,702450.0,1618950.0,0.24021223,11.755959,225,0
atitlan,2026-04-28,702750.0,1618950.0,0.21149959,9.744209,225,0
atitlan,2026-04-28,703050.0,1618950.0,0.18683326,7.6830654,225,0
atitlan,2026-04-28,703350.0,1618950.0,0.18047589,7.2579184,225,0
atitlan,2026-04-28,703650.0,1618950.0,0.23045172,10.847997,225,0
atitlan,2026-04-28,703950.0,1618950.0,0.22018892,10.307727,225,0
atitlan,2026-04-28,704250.0,1618950.0,0.18441162,7.585102,225,0
atitlan,2026-04-28,704550.0,1618950.0,0.1966001,9.234853,225,0
atitlan,2026-04-28,704850.0,1618950.0,0.28019485,15.73667,225,1
atitlan,2026-04-28,705150.0,1618950.0,0.2714988,14.651145,225,1
atitlan,2026-04-28,705450.0,1618950.0,0.29448134,17.121653,225,1
atitlan,2026-04-28,705750.0,1618950.0,0.24969332,15.592556,225,1
atitlan,2026-04-28,706050.0,1618950.0,0.33716688,25.902124,225,1
atitlan,2026-04-28,706350.0,1618950.0,0.28813106,23.78178,225,1
atitlan,2026-04-28,706650.0,1618950.0,0.32488063,26.407509,225,1
atitlan,2026-04-28,706950.0,1618950.0,0.3577277,28.449142,225,1
atitlan,2026-04-28,707250.0,1618950.0,0.23933846,12.054788,225,1
atitlan,2026-04-28,707550.0,1618950.0,0.28783977,19.756779,225,1
atitlan,2026-04-28,707850.0,1618950.0,0.29393643,17.890116,45,1
atitlan,2026-04-28,680250.0,1619250.0,0.005362964,4.0923653,180,0
atitlan,2026-04-28,680550.0,1619250.0,0.14529774,9.355131,225,0
atitlan,2026-04-28,680850.0,1619250.0,0.17855689,8.816549,225,0
atitlan,2026-04-28,681150.0,1619250.0,0.12431355,6.354394,225,0
atitlan,2026-04-28,681450.0,1619250.0,0.09312849,5.4404736,225,0
atitlan,2026-04-28,681750.0,1619250.0,0.032227777,4.4536448,225,0
atitlan,2026-04-28,682050.0,1619250.0,0.008529399,4.2004995,225,0
atitlan,2026-04-28,682350.0,1619250.0,0.17969878,14.400378,225,1
atitlan,2026-04-28,682650.0,1619250.0,0.38321412,33.13732,225,1
atitlan,2026-04-28,682950.0,1619250.0,0.39527938,36.043278,225,1
atitlan,2026-04-28,683250.0,1619250.0,0.35848317,33.779552,225,1
atitlan,2026-04-28,683550.0,1619250.0,0.39521497,37.898003,225,1
atitlan,2026-04-28,683850.0,1619250.0,0.39836016,37.238396,225,1
atitlan,2026-04-28,684150.0,1619250.0,0.3883348,34.165855,225,1
atitlan,2026-04-28,684450.0,1619250.0,0.3493476,26.321466,225,1
atitlan,2026-04-28,684750.0,1619250.0,0.3651974,29.47272,225,1
atitlan,2026-04-28,685050.0,1619250.0,0.34127098,24.61364,225,1
atitlan,2026-04-28,685350.0,1619250.0,0.31352746,20.592205,225,1
atitlan,2026-04-28,685650.0,1619250.0,0.30521783,21.564276,225,1
atitlan,2026-04-28,685950.0,1619250.0,0.31994596,23.477066,225,1
atitlan,2026-04-28,686250.0,1619250.0,0.37777713,31.861696,225,1
atitlan,2026-04-28,686550.0,1619250.0,0.33127028,24.763071,225,1
atitlan,2026-04-28,686850.0,1619250.0,0.25440273,15.416596,225,1
atitlan,2026-04-28,687150.0,1619250.0,0.2781744,18.347485,225,1
atitlan,2026-04-28,687450.0,1619250.0,0.33939844,25.68207,225,1
atitlan,2026-04-28,687750.0,1619250.0,0.34989715,28.151493,225,1
atitlan,2026-04-28,688050.0,1619250.0,0.34331957,26.241385,225,1
atitlan,2026-04-28,688350.0,1619250.0,0.29318178,16.98672,225,1
atitlan,2026-04-28,688650.0,1619250.0,0.28036296,16.346474,225,1
atitlan,2026-04-28,688950.0,1619250.0,0.26487476,14.924009,225,1
atitlan,2026-04-28,689250.0,1619250.0,0.12986928,8.377285,225,0
atitlan,2026-04-28,689550.0,1619250.0,0.028453473,4.5722294,225,0
atitlan,2026-04-28,689850.0,1619250.0,-0.024253251,3.3554273,225,0
atitlan,2026-04-28,690150.0,1619250.0,0.111072056,5.9257703,225,0
atitlan,2026-04-28,690450.0,1619250.0,0.04300126,4.6043625,225,0
atitlan,2026-04-28,690750.0,1619250.0,0.027896045,4.230054,225,0
atitlan,2026-04-28,691050.0,1619250.0,0.0508821,4.6504054,225,0
atitlan,2026-04-28,691350.0,1619250.0,0.23802781,12.910994,225,1
atitlan,2026-04-28,691650.0,1619250.0,0.31166527,20.066772,225,1
atitlan,2026-04-28,691950.0,1619250.0,0.3155759,19.940151,225,1
atitlan,2026-04-28,692250.0,1619250.0,0.28378806,16.44106,225,1
atitlan,2026-04-28,692550.0,1619250.0,0.30944854,18.840647,225,1
atitlan,2026-04-28,692850.0,1619250.0,0.2994658,18.459957,225,1
atitlan,2026-04-28,693150.0,1619250.0,0.27666262,17.134287,225,1
atitlan,2026-04-28,693450.0,1619250.0,0.263875,14.8248415,225,1
atitlan,2026-04-28,693750.0,1619250.0,0.2998297,21.40974,225,1
atitlan,2026-04-28,694050.0,1619250.0,0.32835773,22.687033,225,1
atitlan,2026-04-28,694350.0,1619250.0,0.38491198,34.166115,225,1
atitlan,2026-04-28,694650.0,1619250.0,0.37771648,31.950144,225,1
atitlan,2026-04-28,694950.0,1619250.0,0.32616493,23.579939,225,1
atitlan,2026-04-28,695250.0,1619250.0,0.31128624,21.138536,225,1
atitlan,2026-04-28,695550.0,1619250.0,0.35686472,28.729084,225,1
atitlan,2026-04-28,695850.0,1619250.0,0.33336887,27.220798,225,1
atitlan,2026-04-28,696150.0,1619250.0,0.31287825,24.414255,225,1
atitlan,2026-04-28,696450.0,1619250.0,0.35192746,27.768454,225,1
atitlan,2026-04-28,696750.0,1619250.0,0.3397212,25.530024,225,1
atitlan,2026-04-28,697050.0,1619250.0,0.3580526,28.78383,225,1
atitlan,2026-04-28,697350.0,1619250.0,0.34612525,25.449707,225,1
atitlan,2026-04-28,697650.0,1619250.0,0.33521092,22.910072,225,1
atitlan,2026-04-28,697950.0,1619250.0,0.3501041,25.96013,225,1
atitlan,2026-04-28,698250.0,1619250.0,0.33112657,22.506737,225,1
atitlan,2026-04-28,698550.0,1619250.0,0.2676643,15.397499,225,1
atitlan,2026-04-28,698850.0,1619250.0,0.27601212,15.177024,225,1
atitlan,2026-04-28,699150.0,1619250.0,0.15284327,7.8026824,225,0
atitlan,2026-04-28,699450.0,1619250.0,0.13320947,7.6181192,225,0
atitlan,2026-04-28,699750.0,1619250.0,0.17848225,10.944917,225,0
atitlan,2026-04-28,700050.0,1619250.0,0.06938068,5.7914305,225,0
atitlan,2026-04-28,700350.0,1619250.0,0.045681886,5.314942,225,0
atitlan,2026-04-28,700650.0,1619250.0,0.011560687,4.330249,225,0
atitlan,2026-04-28,700950.0,1619250.0,0.22075903,11.316919,225,0
atitlan,2026-04-28,701250.0,1619250.0,0.27799234,14.67319,225,1
atitlan,2026-04-28,701550.0,1619250.0,0.26790738,15.501615,225,1
atitlan,2026-04-28,701850.0,1619250.0,0.2138604,12.149078,225,1
atitlan,2026-04-28,702150.0,1619250.0,0.19895718,10.980569,225,0
atitlan,2026-04-28,702450.0,1619250.0,0.22486784,12.415033,225,1
atitlan,2026-04-28,702750.0,1619250.0,0.20331271,9.162275,225,0
atitlan,2026-04-28,703050.0,1619250.0,0.19887988,9.321567,225,0
atitlan,2026-04-28,703350.0,1619250.0,0.19903353,8.815845,225,0
atitlan,2026-04-28,703650.0,1619250.0,0.21429202,9.586591,225,0
atitlan,2026-04-28,703950.0,1619250.0,0.21750632,10.3311,225,0
atitlan,2026-04-28,704250.0,1619250.0,0.22101606,10.123107,225,0
atitlan,2026-04-28,704550.0,1619250.0,0.19311339,8.441198,225,0
atitlan,2026-04-28,704850.0,1619250.0,0.21518134,9.115724,225,0
atitlan,2026-04-28,705150.0,1619250.0,0.26082054,13.102187,225,1
atitlan,2026-04-28,705450.0,1619250.0,0.33942237,23.92494,225,1
atitlan,2026-04-28,705750.0,1619250.0,0.36262703,28.668936,225,1
atitlan,2026-04-28,706050.0,1619250.0,0.35351542,26.65477,225,1
atitlan,2026-04-28,706350.0,1619250.0,0.36238152,28.26785,225,1
atitlan,2026-04-28,706650.0,1619250.0,0.33988357,24.03435,225,1
atitlan,2026-04-28,706950.0,1619250.0,0.3451843,25.443357,225,1
atitlan,2026-04-28,707250.0,1619250.0,0.2945244,19.013435,225,1
atitlan,2026-04-28,707550.0,1619250.0,0.21019405,14.644458,225,1
atitlan,2026-04-28,707850.0,1619250.0,0.2177392,12.8598385,45,1
atitlan,2026-04-28,680250.0,1619550.0,0.0006408142,4.059573,180,0
atitlan,2026-04-28,680550.0,1619550.0,0.0024313137,4.015083,225,0
atitlan,2026-04-28,680850.0,1619550.0,0.0032394452,4.04329,225,0
atitlan,2026-04-28,681150.0,1619550.0,0.0027799283,4.053064,225,0
atitlan,2026-04-28,681450.0,1619550.0,0.014194703,4.1038256,225,0
atitlan,2026-04-28,681750.0,1619550.0,0.009220777,4.18409,225,0
atitlan,2026-04-28,682050.0,1619550.0,0.007718881,4.1869926,225,0
atitlan,2026-04-28,682350.0,1619550.0,0.2581458,20.717762,225,1
atitlan,2026-04-28,682650.0,1619550.0,0.38288945,33.115013,225,1
atitlan,2026-04-28,682950.0,1619550.0,0.2599717,19.506475,225,1
atitlan,2026-04-28,683250.0,1619550.0,0.18233159,12.103328,225,1
atitlan,2026-04-28,683550.0,1619550.0,0.33238214,29.279192,225,1
atitlan,2026-04-28,683850.0,1619550.0,0.3754202,35.405018,225,1
atitlan,2026-04-28,684150.0,1619550.0,0.40863216,39.725586,225,1
atitlan,2026-04-28,684450.0,1619550.0,0.37568083,35.941177,225,1
atitlan,2026-04-28,684750.0,1619550.0,0.3936817,36.503788,225,1
atitlan,2026-04-28,685050.0,1619550.0,0.3527792,30.658909,225,1
atitlan,2026-04-28,685350.0,1619550.0,0.36375841,29.017792,225,1
atitlan,2026-04-28,685650.0,1619550.0,0.3386222,25.980219,225,1
atitlan,2026-04-28,685950.0,1619550.0,0.32931405,23.073563,225,1
atitlan,2026-04-28,686250.0,1619550.0,0.35104215,27.45035,225,1
atitlan,2026-04-28,686550.0,1619550.0,0.29627115,19.011375,225,1
atitlan,2026-04-28,686850.0,1619550.0,0.2833588,17.97156,225,1
atitlan,2026-04-28,687150.0,1619550.0,0.321357,23.084059,225,1
atitlan,2026-04-28,687450.0,1619550.0,0.36829048,30.5822,225,1
atitlan,2026-04-28,687750.0,1619550.0,0.41376418,43.24223,225,1
atitlan,2026-04-28,688050.0,1619550.0,0.30278823,20.748772,225,1
atitlan,2026-04-28,688350.0,1619550.0,0.31453657,21.775791,225,1
atitlan,2026-04-28,688650.0,1619550.0,0.30078474,20.182589,225,1
atitlan,2026-04-28,688950.0,1619550.0,0.2532632,12.999936,225,1
atitlan,2026-04-28,689250.0,1619550.0,0.27189758,14.40412,225,1
atitlan,2026-04-28,689550.0,1619550.0,0.13445264,8.858156,225,0
atitlan,2026-04-28,689850.0,1619550.0,-0.045078646,2.7625825,225,0
atitlan,2026-04-28,690150.0,1619550.0,0.040252015,5.177109,225,0
atitlan,2026-04-28,690450.0,1619550.0,0.06402312,5.6538486,225,0
atitlan,2026-04-28,690750.0,1619550.0,0.094057426,6.511494,225,0
atitlan,2026-04-28,691050.0,1619550.0,0.06326781,4.886714,225,0
atitlan,2026-04-28,691350.0,1619550.0,0.15754256,9.377888,225,0
atitlan,2026-04-28,691650.0,1619550.0,0.28164545,15.308332,225,1
atitlan,2026-04-28,691950.0,1619550.0,0.26692018,14.476077,225,1
atitlan,2026-04-28,692250.0,1619550.0,0.2778407,15.419553,225,1
atitlan,2026-04-28,692550.0,1619550.0,0.3017894,18.244152,225,1
atitlan,2026-04-28,692850.0,1619550.0,0.26223794,14.999109,225,1
atitlan,2026-04-28,693150.0,1619550.0,0.209596,11.813426,225,0
atitlan,2026-04-28,693450.0,1619550.0,0.20624939,11.1545725,225,0
atitlan,2026-04-28,693750.0,1619550.0,0.2610366,15.943106,225,1
atitlan,2026-04-28,694050.0,1619550.0,0.29807413,18.071844,225,1
atitlan,2026-04-28,694350.0,1619550.0,0.2848725,17.497643,225,1
atitlan,2026-04-28,694650.0,1619550.0,0.2726927,18.27586,225,1
atitlan,2026-04-28,694950.0,1619550.0,0.3350624,23.324535,225,1
atitlan,2026-04-28,695250.0,1619550.0,0.34045327,24.665783,225,1
atitlan,2026-04-28,695550.0,1619550.0,0.30414656,20.968164,225,1
atitlan,2026-04-28,695850.0,1619550.0,0.28673136,19.74516,225,1
atitlan,2026-04-28,696150.0,1619550.0,0.31753188,24.106459,225,1
atitlan,2026-04-28,696450.0,1619550.0,0.34043226,26.212992,225,1
atitlan,2026-04-28,696750.0,1619550.0,0.3480672,26.308552,225,1
atitlan,2026-04-28,697050.0,1619550.0,0.32714164,24.029839,225,1
atitlan,2026-04-28,697350.0,1619550.0,0.34308565,24.966255,225,1
atitlan,2026-04-28,697650.0,1619550.0,0.33567613,22.743248,225,1
atitlan,2026-04-28,697950.0,1619550.0,0.3256237,21.846453,225,1
atitlan,2026-04-28,698250.0,1619550.0,0.3155202,20.138927,225,1
atitlan,2026-04-28,698550.0,1619550.0,0.27628836,15.225438,225,1
atitlan,2026-04-28,698850.0,1619550.0,0.30128273,18.696262,225,1
atitlan,2026-04-28,699150.0,1619550.0,0.22317863,11.807978,225,0
atitlan,2026-04-28,699450.0,1619550.0,0.15011527,8.833983,225,0
atitlan,2026-04-28,699750.0,1619550.0,0.2607353,16.284178,225,1
atitlan,2026-04-28,700050.0,1619550.0,0.15610698,10.78414,225,0
atitlan,2026-04-28,700350.0,1619550.0,0.0053982325,4.2635393,225,0
atitlan,2026-04-28,700650.0,1619550.0,-0.03270172,3.195322,225,0
atitlan,2026-04-28,700950.0,1619550.0,0.23339632,11.314168,225,0
atitlan,2026-04-28,701250.0,1619550.0,0.2895302,16.352087,225,1
atitlan,2026-04-28,701550.0,1619550.0,0.27161065,15.731145,225,1
atitlan,2026-04-28,701850.0,1619550.0,0.2691773,16.016079,225,1
atitlan,2026-04-28,702150.0,1619550.0,0.25941262,14.354594,225,1
atitlan,2026-04-28,702450.0,1619550.0,0.26093683,16.780182,225,1
atitlan,2026-04-28,702750.0,1619550.0,0.214272,10.909941,225,0
atitlan,2026-04-28,703050.0,1619550.0,0.2207096,10.249268,225,0
atitlan,2026-04-28,703350.0,1619550.0,0.21132109,10.0942745,225,0
atitlan,2026-04-28,703650.0,1619550.0,0.21562454,9.902501,225,0
atitlan,2026-04-28,703950.0,1619550.0,0.24414197,11.92266,225,0
atitlan,2026-04-28,704250.0,1619550.0,0.20909987,10.204302,225,0
atitlan,2026-04-28,704550.0,1619550.0,0.19714296,9.580432,225,0
atitlan,2026-04-28,704850.0,1619550.0,0.23077582,10.427959,225,0
atitlan,2026-04-28,705150.0,1619550.0,0.23749219,11.104097,225,0
atitlan,2026-04-28,705450.0,1619550.0,0.25433052,12.494642,225,1
atitlan,2026-04-28,705750.0,1619550.0,0.2980421,19.454027,225,1
atitlan,2026-04-28,706050.0,1619550.0,0.332092,23.196457,225,1
atitlan,2026-04-28,706350.0,1619550.0,0.29310307,17.162285,225,1
atitlan,2026-04-28,706650.0,1619550.0,0.32751077,21.965595,225,1
atitlan,2026-04-28,706950.0,1619550.0,0.32098442,20.765816,225,1
atitlan,2026-04-28,707250.0,1619550.0,0.34379575,28.665302,225,1
atitlan,2026-04-28,707550.0,1619550.0,0.11598669,7.3333793,225,0
atitlan,2026-04-28,707850.0,1619550.0,0.06978883,5.335012,45,0
atitlan,2026-04-28,680250.0,1619850.0,0.0051524392,4.1450706,180,0
atitlan,2026-04-28,680550.0,1619850.0,0.0007012278,4.06659,225,0
atitlan,2026-04-28,680850.0,1619850.0,0.0037059202,4.114847,225,0
atitlan,2026-04-28,681150.0,1619850.0,0.0043255794,4.141977,225,0
atitlan,2026-04-28,681450.0,1619850.0,0.0023722646,4.065551,225,0
atitlan,2026-04-28,681750.0,1619850.0,0.0073734373,4.1898956,225,0
atitlan,2026-04-28,682050.0,1619850.0,0.06518099,7.3841834,225,0
atitlan,2026-04-28,682350.0,1619850.0,0.34995756,26.366756,225,1
atitlan,2026-04-28,682650.0,1619850.0,0.32028466,25.841051,225,1
atitlan,2026-04-28,682950.0,1619850.0,0.117080756,6.1433067,225,0
atitlan,2026-04-28,683250.0,1619850.0,0.2177095,16.913124,225,1
atitlan,2026-04-28,683550.0,1619850.0,0.3058577,26.001701,225,1
atitlan,2026-04-28,683850.0,1619850.0,0.32665694,29.215137,225,1
atitlan,2026-04-28,684150.0,1619850.0,0.41249824,40.810364,225,1
atitlan,2026-04-28,684450.0,1619850.0,0.4145338,43.57011,225,1
atitlan,2026-04-28,684750.0,1619850.0,0.35198835,29.818707,225,1
atitlan,2026-04-28,685050.0,1619850.0,0.3381488,27.820047,225,1
atitlan,2026-04-28,685350.0,1619850.0,0.3532273,28.595236,225,1
atitlan,2026-04-28,685650.0,1619850.0,0.2786758,18.973734,225,1
atitlan,2026-04-28,685950.0,1619850.0,0.17552169,9.557507,225,0
atitlan,2026-04-28,686250.0,1619850.0,0.16360605,10.955378,225,0
atitlan,2026-04-28,686550.0,1619850.0,0.34164283,25.034925,225,1
atitlan,2026-04-28,686850.0,1619850.0,0.35475832,27.97483,225,1
atitlan,2026-04-28,687150.0,1619850.0,0.3569196,27.933582,225,1
atitlan,2026-04-28,687450.0,1619850.0,0.36429736,28.79982,225,1
atitlan,2026-04-28,687750.0,1619850.0,0.39771494,39.356182,225,1
atitlan,2026-04-28,688050.0,1619850.0,0.39775145,42.209175,225,1
atitlan,2026-04-28,688350.0,1619850.0,0.35337943,29.51641,225,1
atitlan,2026-04-28,688650.0,1619850.0,0.3195004,24.062235,225,1
atitlan,2026-04-28,688950.0,1619850.0,0.2853955,16.98117,225,1
atitlan,2026-04-28,689250.0,1619850.0,0.28274733,16.742262,225,1
atitlan,2026-04-28,689550.0,1619850.0,0.14593291,8.76786,225,0
atitlan,2026-04-28,689850.0,1619850.0,-0.043272626,2.8284013,225,0
atitlan,2026-04-28,690150.0,1619850.0,-0.048214287,2.6327019,225,0
atitlan,2026-04-28,690450.0,1619850.0,-0.039726235,2.9577165,225,0
atitlan,2026-04-28,690750.0,1619850.0,0.10942643,6.2983723,225,0
atitlan,2026-04-28,691050.0,1619850.0,0.11688286,6.826364,225,0
atitlan,2026-04-28,691350.0,1619850.0,0.18230368,9.060422,225,0
atitlan,2026-04-28,691650.0,1619850.0,0.21895191,10.820032,225,0
atitlan,2026-04-28,691950.0,1619850.0,0.25529918,13.568405,225,1
atitlan,2026-04-28,692250.0,1619850.0,0.254502,13.463862,225,1
atitlan,2026-04-28,692550.0,1619850.0,0.25029412,13.215086,225,1
atitlan,2026-04-28,692850.0,1619850.0,0.19159666,9.632361,225,0
atitlan,2026-04-28,693150.0,1619850.0,0.24852556,14.034107,225,1
atitlan,2026-04-28,693450.0,1619850.0,0.24755292,13.577755,225,1
atitlan,2026-04-28,693750.0,1619850.0,0.28750595,17.026958,225,1
atitlan,2026-04-28,694050.0,1619850.0,0.31144735,20.606462,225,1
atitlan,2026-04-28,694350.0,1619850.0,0.3185611,21.024117,225,1
atitlan,2026-04-28,694650.0,1619850.0,0.33741283,23.764978,225,1
atitlan,2026-04-28,694950.0,1619850.0,0.32930604,23.215452,225,1
atitlan,2026-04-28,695250.0,1619850.0,0.35287327,26.905375,225,1
atitlan,2026-04-28,695550.0,1619850.0,0.29667157,19.568043,225,1
atitlan,2026-04-28,695850.0,1619850.0,0.31737453,21.722656,225,1
atitlan,2026-04-28,696150.0,1619850.0,0.30311206,20.52778,225,1
atitlan,2026-04-28,696450.0,1619850.0,0.311293,22.408459,225,1
atitlan,2026-04-28,696750.0,1619850.0,0.3212987,22.747997,225,1
atitlan,2026-04-28,697050.0,1619850.0,0.27521846,17.258612,225,1
atitlan,2026-04-28,697350.0,1619850.0,0.32537562,22.908875,225,1
atitlan,2026-04-28,697650.0,1619850.0,0.3101299,18.930998,225,1
atitlan,2026-04-28,697950.0,1619850.0,0.30003962,18.330006,225,1
atitlan,2026-04-28,698250.0,1619850.0,0.305585,20.150805,225,1
atitlan,2026-04-28,698550.0,1619850.0,0.3078797,19.3649,225,1
atitlan,2026-04-28,698850.0,1619850.0,0.28784746,16.528095,225,1
atitlan,2026-04-28,699150.0,1619850.0,0.24362925,13.716764,225,1
atitlan,2026-04-28,699450.0,1619850.0,0.19043118,11.344004,225,0
atitlan,2026-04-28,699750.0,1619850.0,0.21538877,12.053134,225,1
atitlan,2026-04-28,700050.0,1619850.0,0.24579835,12.967587,225,1
atitlan,2026-04-28,700350.0,1619850.0,0.09060273,7.39257,225,0
atitlan,2026-04-28,700650.0,1619850.0,-0.03641136,3.0788472,225,0
atitlan,2026-04-28,700950.0,1619850.0,0.11450365,8.1092825,225,0
atitlan,2026-04-28,701250.0,1619850.0,0.2930241,17.421585,225,1
atitlan,2026-04-28,701550.0,1619850.0,0.3038864,18.545477,225,1
atitlan,2026-04-28,701850.0,1619850.0,0.32055753,21.465746,225,1
atitlan,2026-04-28,702150.0,1619850.0,0.2930928,17.807764,225,1
atitlan,2026-04-28,702450.0,1619850.0,0.20517647,13.670581,225,1
atitlan,2026-04-28,702750.0,1619850.0,0.18789937,10.810595,225,0
atitlan,2026-04-28,703050.0,1619850.0,0.18796448,9.394533,225,0
atitlan,2026-04-28,703350.0,1619850.0,0.20255041,9.38926,225,0
atitlan,2026-04-28,703650.0,1619850.0,0.24999297,13.391037,225,1
atitlan,2026-04-28,703950.0,1619850.0,0.22477624,11.457778,225,0
atitlan,2026-04-28,704250.0,1619850.0,0.20324911,9.561681,225,0
atitlan,2026-04-28,704550.0,1619850.0,0.21673924,10.54628,225,0
atitlan,2026-04-28,704850.0,1619850.0,0.20958254,9.363217,225,0
atitlan,2026-04-28,705150.0,1619850.0,0.21169886,9.397321,225,0
atitlan,2026-04-28,705450.0,1619850.0,0.2762151,15.099592,225,1
atitlan,2026-04-28,705750.0,1619850.0,0.28578565,15.98636,225,1
atitlan,2026-04-28,706050.0,1619850.0,0.29227713,17.994604,225,1
atitlan,2026-04-28,706350.0,1619850.0,0.29716316,18.658817,225,1
atitlan,2026-04-28,706650.0,1619850.0,0.3145784,21.331427,225,1
atitlan,2026-04-28,706950.0,1619850.0,0.34494027,27.53824,225,1
atitlan,2026-04-28,707250.0,1619850.0,0.34509835,25.965643,225,1
atitlan,2026-04-28,707550.0,1619850.0,0.15650812,12.071712,225,1
atitlan,2026-04-28,707850.0,1619850.0,0.10449013,6.80122,45,0
atitlan,2026-04-28,680250.0,1620150.0,0.008057714,4.1991854,180,0
atitlan,2026-04-28,680550.0,1620150.0,0.008426701,4.186871,225,0
atitlan,2026-04-28,680850.0,1620150.0,0.021131229,4.3541274,225,0
atitlan,2026-04-28,681150.0,1620150.0,0.006531847,4.172034,225,0
atitlan,2026-04-28,681450.0,1620150.0,0.006673246,4.1762004,225,0
atitlan,2026-04-28,681750.0,1620150.0,0.09934938,8.443636,225,0
atitlan,2026-04-28,682050.0,1620150.0,0.33796203,27.161722,225,1
atitlan,2026-04-28,682350.0,1620150.0,0.3921242,35.23991,225,1
atitlan,2026-04-28,682650.0,1620150.0,0.34093934,28.074783,225,1
atitlan,2026-04-28,682950.0,1620150.0,0.1539647,10.19644,225,0
atitlan,2026-04-28,683250.0,1620150.0,0.25607517,20.763958,225,1
atitlan,2026-04-28,683550.0,1620150.0,0.32178292,28.428965,225,1
atitlan,2026-04-28,683850.0,1620150.0,0.3342857,31.512642,225,1
atitlan,2026-04-28,684150.0,1620150.0,0.41144466,40.771507,225,1
atitlan,2026-04-28,684450.0,1620150.0,0.3734434,34.96352,225,1
atitlan,2026-04-28,684750.0,1620150.0,0.40438345,43.672653,225,1
atitlan,2026-04-28,685050.0,1620150.0,0.4211079,45.3263,225,1
atitlan,2026-04-28,685350.0,1620150.0,0.2352445,18.993622,225,1
atitlan,2026-04-28,685650.0,1620150.0,0.31097707,23.480396,225,1
atitlan,2026-04-28,685950.0,1620150.0,0.103754744,6.0225444,225,0
atitlan,2026-04-28,686250.0,1620150.0,0.042826552,5.1252527,225,0
atitlan,2026-04-28,686550.0,1620150.0,0.2223678,15.901264,225,1
atitlan,2026-04-28,686850.0,1620150.0,0.34908238,26.937872,225,1
atitlan,2026-04-28,687150.0,1620150.0,0.32503068,22.551994,225,1
atitlan,2026-04-28,687450.0,1620150.0,0.35693103,26.868813,225,1
atitlan,2026-04-28,687750.0,1620150.0,0.40350962,38.971794,225,1
atitlan,2026-04-28,688050.0,1620150.0,0.3817852,35.379784,225,1
atitlan,2026-04-28,688350.0,1620150.0,0.37364048,32.20287,225,1
atitlan,2026-04-28,688650.0,1620150.0,0.35681635,30.317688,225,1
atitlan,2026-04-28,688950.0,1620150.0,0.28966698,16.664974,225,1
atitlan,2026-04-28,689250.0,1620150.0,0.234593,12.369885,225,1
atitlan,2026-04-28,689550.0,1620150.0,0.19431062,9.6218195,225,0
atitlan,2026-04-28,689850.0,1620150.0,-0.031225506,3.170538,225,0
atitlan,2026-04-28,690150.0,1620150.0,-0.048438996,2.6242986,225,0
atitlan,2026-04-28,690450.0,1620150.0,0.08280849,6.615156,225,0
atitlan,2026-04-28,690750.0,1620150.0,0.1580788,8.223064,225,0
atitlan,2026-04-28,691050.0,1620150.0,0.16844584,8.103171,225,0
atitlan,2026-04-28,691350.0,1620150.0,0.21446486,10.752551,225,0
atitlan,2026-04-28,691650.0,1620150.0,0.26405412,13.377062,225,1
atitlan,2026-04-28,691950.0,1620150.0,0.27508137,15.3104925,225,1
atitlan,2026-04-28,692250.0,1620150.0,0.27635774,14.706904,225,1
atitlan,2026-04-28,692550.0,1620150.0,0.27013254,15.473027,225,1
atitlan,2026-04-28,692850.0,1620150.0,0.24311653,12.946614,225,1
atitlan,2026-04-28,693150.0,1620150.0,0.28015792,15.784789,225,1
atitlan,2026-04-28,693450.0,1620150.0,0.28402936,15.735391,225,1
atitlan,2026-04-28,693750.0,1620150.0,0.2831969,15.929368,225,1
atitlan,2026-04-28,694050.0,1620150.0,0.27755338,15.426779,225,1
atitlan,2026-04-28,694350.0,1620150.0,0.31919968,21.288801,225,1
atitlan,2026-04-28,694650.0,1620150.0,0.3294397,23.888996,225,1
atitlan,2026-04-28,694950.0,1620150.0,0.31910267,21.417336,225,1
atitlan,2026-04-28,695250.0,1620150.0,0.33903214,24.014627,225,1
atitlan,2026-04-28,695550.0,1620150.0,0.3073733,19.590439,225,1
atitlan,2026-04-28,695850.0,1620150.0,0.3066205,20.119097,225,1
atitlan,2026-04-28,696150.0,1620150.0,0.34056053,25.131323,225,1
atitlan,2026-04-28,696450.0,1620150.0,0.34180787,24.635448,225,1
atitlan,2026-04-28,696750.0,1620150.0,0.314526,21.412182,225,1
atitlan,2026-04-28,697050.0,1620150.0,0.33728284,23.81129,225,1
atitlan,2026-04-28,697350.0,1620150.0,0.3081657,18.64026,225,1
atitlan,2026-04-28,697650.0,1620150.0,0.30167347,17.726316,225,1
atitlan,2026-04-28,697950.0,1620150.0,0.2854493,15.962431,225,1
atitlan,2026-04-28,698250.0,1620150.0,0.26854986,15.146721,225,1
atitlan,2026-04-28,698550.0,1620150.0,0.27208427,15.495593,225,1
atitlan,2026-04-28,698850.0,1620150.0,0.2518556,14.147333,225,1
atitlan,2026-04-28,699150.0,1620150.0,0.26619038,15.419467,225,1
atitlan,2026-04-28,699450.0,1620150.0,0.24338508,13.6679325,225,1
atitlan,2026-04-28,699750.0,1620150.0,0.26596874,15.953074,225,1
atitlan,2026-04-28,700050.0,1620150.0,0.14118905,10.054163,225,0
atitlan,2026-04-28,700350.0,1620150.0,-0.039628267,2.956334,225,0
atitlan,2026-04-28,700650.0,1620150.0,-0.041971877,2.8860064,225,0
atitlan,2026-04-28,700950.0,1620150.0,-0.014504733,3.635482,225,0
atitlan,2026-04-28,701250.0,1620150.0,0.25901443,12.953888,225,1
atitlan,2026-04-28,701550.0,1620150.0,0.2831994,16.135834,225,1
atitlan,2026-04-28,701850.0,1620150.0,0.31099966,19.093645,225,1
atitlan,2026-04-28,702150.0,1620150.0,0.27381054,15.15073,225,1
atitlan,2026-04-28,702450.0,1620150.0,0.27147463,15.7314625,225,1
atitlan,2026-04-28,702750.0,1620150.0,0.19689612,11.343479,225,0
atitlan,2026-04-28,703050.0,1620150.0,0.24112067,14.491857,225,1
atitlan,2026-04-28,703350.0,1620150.0,0.25987974,14.12327,225,1
atitlan,2026-04-28,703650.0,1620150.0,0.2774193,15.443223,225,1
atitlan,2026-04-28,703950.0,1620150.0,0.17131372,9.902776,225,0
atitlan,2026-04-28,704250.0,1620150.0,0.18513148,8.182865,225,0
atitlan,2026-04-28,704550.0,1620150.0,0.19138768,8.0949955,225,0
atitlan,2026-04-28,704850.0,1620150.0,0.19692641,8.834607,225,0
atitlan,2026-04-28,705150.0,1620150.0,0.27148867,14.745599,225,1
atitlan,2026-04-28,705450.0,1620150.0,0.2614176,13.35199,225,1
atitlan,2026-04-28,705750.0,1620150.0,0.26034403,13.352515,225,1
atitlan,2026-04-28,706050.0,1620150.0,0.25637004,14.511135,225,1
atitlan,2026-04-28,706350.0,1620150.0,0.26908076,14.716114,225,1
atitlan,2026-04-28,706650.0,1620150.0,0.300986,19.080368,225,1
atitlan,2026-04-28,706950.0,1620150.0,0.267207,16.282902,225,1
atitlan,2026-04-28,707250.0,1620150.0,0.2894078,18.166187,225,1
atitlan,2026-04-28,707550.0,1620150.0,0.11583492,8.449256,225,0
atitlan,2026-04-28,707850.0,1620150.0,0.07448464,5.39355,45,0
atitlan,2026-04-28,680250.0,1620450.0,0.022498729,4.3871107,180,0
atitlan,2026-04-28,680550.0,1620450.0,0.016180916,4.314391,225,0
atitlan,2026-04-28,680850.0,1620450.0,0.012372079,4.232628,225,0
atitlan,2026-04-28,681150.0,1620450.0,0.015304355,4.269846,225,0
atitlan,2026-04-28,681450.0,1620450.0,0.034508776,5.215306,225,0
atitlan,2026-04-28,681750.0,1620450.0,0.24262421,16.080332,225,1
atitlan,2026-04-28,682050.0,1620450.0,0.3317573,22.431074,225,1
atitlan,2026-04-28,682350.0,1620450.0,0.35237998,26.351482,225,1
atitlan,2026-04-28,682650.0,1620450.0,0.34188086,28.185167,225,1
atitlan,2026-04-28,682950.0,1620450.0,0.17218703,10.859958,225,0
atitlan,2026-04-28,683250.0,1620450.0,0.25810564,23.254349,225,1
atitlan,2026-04-28,683550.0,1620450.0,0.37092447,35.694298,225,1
atitlan,2026-04-28,683850.0,1620450.0,0.3937799,36.12377,225,1
atitlan,2026-04-28,684150.0,1620450.0,0.4101562,39.792824,225,1
atitlan,2026-04-28,684450.0,1620450.0,0.41845822,42.725315,225,1
atitlan,2026-04-28,684750.0,1620450.0,0.38623506,38.964138,225,1
atitlan,2026-04-28,685050.0,1620450.0,0.35880074,34.404865,225,1
atitlan,2026-04-28,685350.0,1620450.0,0.34325486,29.618137,225,1
atitlan,2026-04-28,685650.0,1620450.0,0.3667379,29.63127,225,1
atitlan,2026-04-28,685950.0,1620450.0,0.14062329,8.169403,225,0
atitlan,2026-04-28,686250.0,1620450.0,0.070052505,5.864277,225,0
atitlan,2026-04-28,686550.0,1620450.0,0.06992196,6.1941414,225,0
atitlan,2026-04-28,686850.0,1620450.0,0.3284492,22.259989,225,1
atitlan,2026-04-28,687150.0,1620450.0,0.2879115,19.06557,225,1
atitlan,2026-04-28,687450.0,1620450.0,0.3470331,24.729124,225,1
atitlan,2026-04-28,687750.0,1620450.0,0.36121738,28.152925,225,1
atitlan,2026-04-28,688050.0,1620450.0,0.38724512,34.77624,225,1
atitlan,2026-04-28,688350.0,1620450.0,0.3491781,27.450893,225,1
atitlan,2026-04-28,688650.0,1620450.0,0.32043895,23.085058,225,1
atitlan,2026-04-28,688950.0,1620450.0,0.28096706,15.932535,225,1
atitlan,2026-04-28,689250.0,1620450.0,0.2381298,12.144269,225,1
atitlan,2026-04-28,689550.0,1620450.0,0.25260603,12.131898,225,1
atitlan,2026-04-28,689850.0,1620450.0,0.16142078,7.4996195,225,0
atitlan,2026-04-28,690150.0,1620450.0,0.0066035395,4.2297664,225,0
atitlan,2026-04-28,690450.0,1620450.0,0.010818597,4.2397294,225,0
atitlan,2026-04-28,690750.0,1620450.0,0.18830551,11.765982,225,0
atitlan,2026-04-28,691050.0,1620450.0,0.23417181,13.707087,225,1
atitlan,2026-04-28,691350.0,1620450.0,0.23149304,12.396746,225,1
atitlan,2026-04-28,691650.0,1620450.0,0.27975053,14.8088,225,1
atitlan,2026-04-28,691950.0,1620450.0,0.23480654,11.47772,225,0
atitlan,2026-04-28,692250.0,1620450.0,0.23161758,11.868438,225,0
atitlan,2026-04-28,692550.0,1620450.0,0.24179508,12.627111,225,1
atitlan,2026-04-28,692850.0,1620450.0,0.28238553,15.7481165,225,1
atitlan,2026-04-28,693150.0,1620450.0,0.2755132,15.204067,225,1
atitlan,2026-04-28,693450.0,1620450.0,0.2828873,15.215679,225,1
atitlan,2026-04-28,693750.0,1620450.0,0.28481513,15.461401,225,1
atitlan,2026-04-28,694050.0,1620450.0,0.26535842,13.535766,225,1
atitlan,2026-04-28,694350.0,1620450.0,0.2747678,14.7689,225,1
atitlan,2026-04-28,694650.0,1620450.0,0.28914568,17.001389,225,1
atitlan,2026-04-28,694950.0,1620450.0,0.2868952,16.906364,225,1
atitlan,2026-04-28,695250.0,1620450.0,0.3172218,20.508478,225,1
atitlan,2026-04-28,695550.0,1620450.0,0.2876051,16.217825,225,1
atitlan,2026-04-28,695850.0,1620450.0,0.2667039,14.6992035,225,1
atitlan,2026-04-28,696150.0,1620450.0,0.3181158,20.308907,225,1
atitlan,2026-04-28,696450.0,1620450.0,0.315589,20.813051,225,1
atitlan,2026-04-28,696750.0,1620450.0,0.3184042,20.606884,225,1
atitlan,2026-04-28,697050.0,1620450.0,0.2995227,17.695404,225,1
atitlan,2026-04-28,697350.0,1620450.0,0.29588363,18.16867,225,1
atitlan,2026-04-28,697650.0,1620450.0,0.27979398,15.594878,225,1
atitlan,2026-04-28,697950.0,1620450.0,0.28134963,15.81169,225,1
atitlan,2026-04-28,698250.0,1620450.0,0.26525795,13.445669,225,1
atitlan,2026-04-28,698550.0,1620450.0,0.29414585,17.377886,225,1
atitlan,2026-04-28,698850.0,1620450.0,0.25082076,13.716251,225,1
atitlan,2026-04-28,699150.0,1620450.0,0.2784876,15.388314,225,1
atitlan,2026-04-28,699450.0,1620450.0,0.28510576,16.15279,225,1
atitlan,2026-04-28,699750.0,1620450.0,0.24990918,16.302748,225,1
atitlan,2026-04-28,700050.0,1620450.0,0.13781872,9.13963,225,0
atitlan,2026-04-28,700350.0,1620450.0,-0.04198268,2.87432,225,0
atitlan,2026-04-28,700650.0,1620450.0,-0.043311954,2.8314037,225,0
atitlan,2026-04-28,700950.0,1620450.0,0.12140324,7.4705315,225,0
atitlan,2026-04-28,701250.0,1620450.0,0.2512966,11.36233,225,0
atitlan,2026-04-28,701550.0,1620450.0,0.2718987,18.127476,225,1
atitlan,2026-04-28,701850.0,1620450.0,0.20347759,13.7631235,225,1
atitlan,2026-04-28,702150.0,1620450.0,0.2575008,13.396994,225,1
atitlan,2026-04-28,702450.0,1620450.0,0.21355495,12.092451,225,1
atitlan,2026-04-28,702750.0,1620450.0,0.17173472,10.857181,225,0
atitlan,2026-04-28,703050.0,1620450.0,0.23751207,12.882222,225,1
atitlan,2026-04-28,703350.0,1620450.0,0.26358214,14.403577,225,1
atitlan,2026-04-28,703650.0,1620450.0,0.27754048,15.699052,225,1
atitlan,2026-04-28,703950.0,1620450.0,0.1504491,10.290451,225,0
atitlan,2026-04-28,704250.0,1620450.0,0.2245423,12.912317,225,1
atitlan,2026-04-28,704550.0,1620450.0,0.18766724,8.349466,225,0
atitlan,2026-04-28,704850.0,1620450.0,0.21534447,10.250261,225,0
atitlan,2026-04-28,705150.0,1620450.0,0.2336699,11.011894,225,0
atitlan,2026-04-28,705450.0,1620450.0,0.26205444,13.609561,225,1
atitlan,2026-04-28,705750.0,1620450.0,0.24514459,11.478777,225,0
atitlan,2026-04-28,706050.0,1620450.0,0.25682503,12.319074,225,1
atitlan,2026-04-28,706350.0,1620450.0,0.26790524,14.582907,225,1
atitlan,2026-04-28,706650.0,1620450.0,0.30475587,19.107595,225,1
atitlan,2026-04-28,706950.0,1620450.0,0.3189362,20.998135,225,1
atitlan,2026-04-28,707250.0,1620450.0,0.30033833,17.682116,225,1
atitlan,2026-04-28,707550.0,1620450.0,0.3117137,22.68293,225,1
atitlan,2026-04-28,707850.0,1620450.0,0.20831789,16.93375,45,1
atitlan,2026-04-28,680250.0,1620750.0,0.08507335,5.096896,180,0
atitlan,2026-04-28,680550.0,1620750.0,0.12525982,7.283497,225,0
atitlan,2026-04-28,680850.0,1620750.0,0.04406433,4.961826,225,0
atitlan,2026-04-28,681150.0,1620750.0,0.17219774,11.23963,225,0
atitlan,2026-04-28,681450.0,1620750.0,0.33341593,28.129095,225,1
atitlan,2026-04-28,681750.0,1620750.0,0.29615885,23.538418,225,1
atitlan,2026-04-28,682050.0,1620750.0,0.256142,16.511635,225,1
atitlan,2026-04-28,682350.0,1620750.0,0.31477538,21.906347,225,1
atitlan,2026-04-28,682650.0,1620750.0,0.3498623,26.465313,225,1
atitlan,2026-04-28,682950.0,1620750.0,0.37022614,33.693882,225,1
atitlan,2026-04-28,683250.0,1620750.0,0.27672324,23.608828,225,1
atitlan,2026-04-28,683550.0,1620750.0,0.16765718,11.213129,225,0
atitlan,2026-04-28,683850.0,1620750.0,0.2191944,17.05739,225,1
atitlan,2026-04-28,684150.0,1620750.0,0.373865,34.49708,225,1
atitlan,2026-04-28,684450.0,1620750.0,0.35673127,32.353466,225,1
atitlan,2026-04-28,684750.0,1620750.0,0.29887384,28.820642,225,1
atitlan,2026-04-28,685050.0,1620750.0,0.4096603,39.889214,225,1
atitlan,2026-04-28,685350.0,1620750.0,0.3914867,34.63949,225,1
atitlan,2026-04-28,685650.0,1620750.0,0.36728007,28.82431,225,1
atitlan,2026-04-28,685950.0,1620750.0,0.31979987,25.333195,225,1
atitlan,2026-04-28,686250.0,1620750.0,0.18863505,10.789619,225,0
atitlan,2026-04-28,686550.0,1620750.0,0.103986785,7.6260285,225,0
atitlan,2026-04-28,686850.0,1620750.0,0.32704565,22.615547,225,1
atitlan,2026-04-28,687150.0,1620750.0,0.294038,19.373459,225,1
atitlan,2026-04-28,687450.0,1620750.0,0.35831705,27.156994,225,1
atitlan,2026-04-28,687750.0,1620750.0,0.32492295,20.776278,225,1
atitlan,2026-04-28,688050.0,1620750.0,0.3309181,22.367235,225,1
atitlan,2026-04-28,688350.0,1620750.0,0.34195787,25.439732,225,1
atitlan,2026-04-28,688650.0,1620750.0,0.34653553,27.304754,225,1
atitlan,2026-04-28,688950.0,1620750.0,0.3004311,19.688702,225,1
atitlan,2026-04-28,689250.0,1620750.0,0.26442564,15.555643,225,1
atitlan,2026-04-28,689550.0,1620750.0,0.27779254,15.279085,225,1
atitlan,2026-04-28,689850.0,1620750.0,0.20878808,9.972526,225,0
atitlan,2026-04-28,690150.0,1620750.0,-0.0055360524,3.7907872,225,0
atitlan,2026-04-28,690450.0,1620750.0,-0.005305177,4.13572,225,0
atitlan,2026-04-28,690750.0,1620750.0,0.1168514,7.2370353,225,0
atitlan,2026-04-28,691050.0,1620750.0,0.14003454,6.7467813,225,0
atitlan,2026-04-28,691350.0,1620750.0,0.2029481,9.720843,225,0
atitlan,2026-04-28,691650.0,1620750.0,0.24774131,12.261143,225,1
atitlan,2026-04-28,691950.0,1620750.0,0.25082776,12.473476,225,1
atitlan,2026-04-28,692250.0,1620750.0,0.2590607,12.628518,225,1
atitlan,2026-04-28,692550.0,1620750.0,0.22810088,10.920038,225,0
atitlan,2026-04-28,692850.0,1620750.0,0.18379547,9.438869,225,0
atitlan,2026-04-28,693150.0,1620750.0,0.15599777,7.384568,225,0
atitlan,2026-04-28,693450.0,1620750.0,0.23169294,11.34627,225,0
atitlan,2026-04-28,693750.0,1620750.0,0.22490075,11.136677,225,0
atitlan,2026-04-28,694050.0,1620750.0,0.23043174,10.148409,225,0
atitlan,2026-04-28,694350.0,1620750.0,0.23768458,11.241375,225,0
atitlan,2026-04-28,694650.0,1620750.0,0.2777605,14.695547,225,1
atitlan,2026-04-28,694950.0,1620750.0,0.26861218,14.310892,225,1
atitlan,2026-04-28,695250.0,1620750.0,0.29230174,16.647598,225,1
atitlan,2026-04-28,695550.0,1620750.0,0.24985096,12.905792,225,1
atitlan,2026-04-28,695850.0,1620750.0,0.24557924,12.417837,225,1
atitlan,2026-04-28,696150.0,1620750.0,0.26643822,14.321284,225,1
atitlan,2026-04-28,696450.0,1620750.0,0.23734489,13.195557,225,1
atitlan,2026-04-28,696750.0,1620750.0,0.29440483,17.685322,225,1
atitlan,2026-04-28,697050.0,1620750.0,0.21465866,10.5927725,225,0
atitlan,2026-04-28,697350.0,1620750.0,0.25060686,12.937662,225,1
atitlan,2026-04-28,697650.0,1620750.0,0.29039717,16.437742,225,1
atitlan,2026-04-28,697950.0,1620750.0,0.23504797,12.427712,225,1
atitlan,2026-04-28,698250.0,1620750.0,0.2623559,14.547652,225,1
atitlan,2026-04-28,698550.0,1620750.0,0.30978143,20.009012,225,1
atitlan,2026-04-28,698850.0,1620750.0,0.3001308,18.395136,225,1
atitlan,2026-04-28,699150.0,1620750.0,0.29044852,16.16518,225,1
atitlan,2026-04-28,699450.0,1620750.0,0.25873938,13.634358,225,1
atitlan,2026-04-28,699750.0,1620750.0,0.22341341,13.518631,225,1
atitlan,2026-04-28,700050.0,1620750.0,-0.0025133376,3.972075,225,0
atitlan,2026-04-28,700350.0,1620750.0,-0.047819126,2.646333,225,0
atitlan,2026-04-28,700650.0,1620750.0,-0.047879916,2.6460767,225,0
atitlan,2026-04-28,700950.0,1620750.0,0.027622128,4.6999288,225,0
atitlan,2026-04-28,701250.0,1620750.0,0.1463746,7.4589562,225,0
atitlan,2026-04-28,701550.0,1620750.0,0.23314093,11.22059,225,0
atitlan,2026-04-28,701850.0,1620750.0,0.24942438,12.347584,225,1
atitlan,2026-04-28,702150.0,1620750.0,0.20880423,10.3232565,225,0
atitlan,2026-04-28,702450.0,1620750.0,0.18131454,10.999784,225,0
atitlan,2026-04-28,702750.0,1620750.0,0.22175659,13.529391,225,1
atitlan,2026-04-28,703050.0,1620750.0,0.25497383,16.09098,225,1
atitlan,2026-04-28,703350.0,1620750.0,0.2007283,10.453309,225,0
atitlan,2026-04-28,703650.0,1620750.0,0.2836228,16.961153,225,1
atitlan,2026-04-28,703950.0,1620750.0,0.2311307,15.070441,225,1
atitlan,2026-04-28,704250.0,1620750.0,0.23172835,15.264002,225,1
atitlan,2026-04-28,704550.0,1620750.0,0.21182726,11.390399,225,0
atitlan,2026-04-28,704850.0,1620750.0,0.16997665,7.1940136,225,0
atitlan,2026-04-28,705150.0,1620750.0,0.20284778,9.4788685,225,0
atitlan,2026-04-28,705450.0,1620750.0,0.26167643,13.750537,225,1
atitlan,2026-04-28,705750.0,1620750.0,0.22232597,9.834944,225,0
atitlan,2026-04-28,706050.0,1620750.0,0.23242165,11.159922,225,0
atitlan,2026-04-28,706350.0,1620750.0,0.24517654,11.927795,225,0
atitlan,2026-04-28,706650.0,1620750.0,0.2853524,16.935284,225,1
atitlan,2026-04-28,706950.0,1620750.0,0.30233815,18.836048,225,1
atitlan,2026-04-28,707250.0,1620750.0,0.28851104,16.850172,225,1
atitlan,2026-04-28,707550.0,1620750.0,0.23471344,13.9504385,225,1
atitlan,2026-04-28,707850.0,1620750.0,0.11979942,6.737136,45,0
atitlan,2026-04-28,680250.0,1621050.0,0.14355312,7.3865223,180,0
atitlan,2026-04-28,680550.0,1621050.0,0.06845113,5.127239,225,0
atitlan,2026-04-28,680850.0,1621050.0,0.110381775,6.3847117,225,0
atitlan,2026-04-28,681150.0,1621050.0,0.12922652,7.589351,225,0
atitlan,2026-04-28,681450.0,1621050.0,0.2671666,17.490145,225,1
atitlan,2026-04-28,681750.0,1621050.0,0.20399526,12.345126,225,1
atitlan,2026-04-28,682050.0,1621050.0,0.06927738,5.877452,225,0
atitlan,2026-04-28,682350.0,1621050.0,0.03876108,4.597134,225,0
atitlan,2026-04-28,682650.0,1621050.0,0.308352,22.305933,225,1
atitlan,2026-04-28,682950.0,1621050.0,0.36837137,31.124939,225,1
atitlan,2026-04-28,683250.0,1621050.0,0.21858144,16.56397,225,1
atitlan,2026-04-28,683550.0,1621050.0,0.27273497,20.998371,225,1
atitlan,2026-04-28,683850.0,1621050.0,0.18461101,12.102985,225,1
atitlan,2026-04-28,684150.0,1621050.0,0.2857249,25.2462,225,1
atitlan,2026-04-28,684450.0,1621050.0,0.3592386,33.180763,225,1
atitlan,2026-04-28,684750.0,1621050.0,0.40013227,38.63596,225,1
atitlan,2026-04-28,685050.0,1621050.0,0.40404242,38.19533,225,1
atitlan,2026-04-28,685350.0,1621050.0,0.4082853,39.304317,225,1
atitlan,2026-04-28,685650.0,1621050.0,0.40533265,38.59489,225,1
atitlan,2026-04-28,685950.0,1621050.0,0.4008033,37.543285,225,1
atitlan,2026-04-28,686250.0,1621050.0,0.35138586,25.910906,225,1
atitlan,2026-04-28,686550.0,1621050.0,0.3802792,32.38654,225,1
atitlan,2026-04-28,686850.0,1621050.0,0.3844844,33.98504,225,1
atitlan,2026-04-28,687150.0,1621050.0,0.3561112,27.029348,225,1
atitlan,2026-04-28,687450.0,1621050.0,0.3525755,26.061876,225,1
atitlan,2026-04-28,687750.0,1621050.0,0.33505028,22.914644,225,1
atitlan,2026-04-28,688050.0,1621050.0,0.33189416,22.870306,225,1
atitlan,2026-04-28,688350.0,1621050.0,0.33078077,22.810843,225,1
atitlan,2026-04-28,688650.0,1621050.0,0.308995,23.558607,225,1
atitlan,2026-04-28,688950.0,1621050.0,0.2613747,16.735935,225,1
atitlan,2026-04-28,689250.0,1621050.0,0.19371131,9.297455,225,0
atitlan,2026-04-28,689550.0,1621050.0,0.18116096,10.9468975,225,0
atitlan,2026-04-28,689850.0,1621050.0,0.021107107,4.6688657,225,0
atitlan,2026-04-28,690150.0,1621050.0,-0.04553177,2.736928,225,0
atitlan,2026-04-28,690450.0,1621050.0,0.09694485,7.746637,225,0
atitlan,2026-04-28,690750.0,1621050.0,0.14450972,8.231406,225,0
atitlan,2026-04-28,691050.0,1621050.0,0.1523042,7.768509,225,0
atitlan,2026-04-28,691350.0,1621050.0,0.22319737,11.440374,225,0
atitlan,2026-04-28,691650.0,1621050.0,0.20891353,10.2506695,225,0
atitlan,2026-04-28,691950.0,1621050.0,0.1939004,10.696843,225,0
atitlan,2026-04-28,692250.0,1621050.0,0.17139857,8.648908,225,0
atitlan,2026-04-28,692550.0,1621050.0,0.14993016,7.4372873,225,0
atitlan,2026-04-28,692850.0,1621050.0,0.12592094,7.0027075,225,0
atitlan,2026-04-28,693150.0,1621050.0,0.15432681,7.8631353,225,0
atitlan,2026-04-28,693450.0,1621050.0,0.24543324,11.884239,225,0
atitlan,2026-04-28,693750.0,1621050.0,0.24974391,12.337049,225,1
atitlan,2026-04-28,694050.0,1621050.0,0.23469982,10.687512,225,0
atitlan,2026-04-28,694350.0,1621050.0,0.25276965,11.781792,225,0
atitlan,2026-04-28,694650.0,1621050.0,0.25114885,12.168184,225,1
atitlan,2026-04-28,694950.0,1621050.0,0.2622977,13.39378,225,1
atitlan,2026-04-28,695250.0,1621050.0,0.26591548,13.516764,225,1
atitlan,2026-04-28,695550.0,1621050.0,0.23252675,11.390838,225,0
atitlan,2026-04-28,695850.0,1621050.0,0.22535817,11.343099,225,0
atitlan,2026-04-28,696150.0,1621050.0,0.251184,12.681938,225,1
atitlan,2026-04-28,696450.0,1621050.0,0.26874036,14.902806,225,1
atitlan,2026-04-28,696750.0,1621050.0,0.28855523,16.568014,225,1
atitlan,2026-04-28,697050.0,1621050.0,0.29022464,16.448303,225,1
atitlan,2026-04-28,697350.0,1621050.0,0.28590536,15.375975,225,1
atitlan,2026-04-28,697650.0,1621050.0,0.28978482,15.956222,225,1
atitlan,2026-04-28,697950.0,1621050.0,0.23163508,11.982723,225,0
atitlan,2026-04-28,698250.0,1621050.0,0.24316822,12.616399,225,1
atitlan,2026-04-28,698550.0,1621050.0,0.28758237,18.993595,225,1
atitlan,2026-04-28,698850.0,1621050.0,0.24881485,15.041046,225,1
atitlan,2026-04-28,699150.0,1621050.0,0.15453777,9.70324,225,0
atitlan,2026-04-28,699450.0,1621050.0,0.07641425,7.2901006,225,0
atitlan,2026-04-28,699750.0,1621050.0,0.020345517,4.9431953,225,0
atitlan,2026-04-28,700050.0,1621050.0,-0.04819146,2.614123,225,0
atitlan,2026-04-28,700350.0,1621050.0,-0.05260069,2.4436002,225,0
atitlan,2026-04-28,700650.0,1621050.0,-0.05005529,2.5585182,225,0
atitlan,2026-04-28,700950.0,1621050.0,-0.04891918,2.6040556,225,0
atitlan,2026-04-28,701250.0,1621050.0,-0.04115323,2.9004698,225,0
atitlan,2026-04-28,701550.0,1621050.0,0.031600963,4.7334266,225,0
atitlan,2026-04-28,701850.0,1621050.0,0.22724974,10.220633,225,0
atitlan,2026-04-28,702150.0,1621050.0,0.19371697,9.986603,225,0
atitlan,2026-04-28,702450.0,1621050.0,0.1995693,9.755244,225,0
atitlan,2026-04-28,702750.0,1621050.0,0.2774673,15.716291,225,1
atitlan,2026-04-28,703050.0,1621050.0,0.24705848,14.338712,225,1
atitlan,2026-04-28,703350.0,1621050.0,0.2518245,15.411658,225,1
atitlan,2026-04-28,703650.0,1621050.0,0.24741735,16.172144,225,1
atitlan,2026-04-28,703950.0,1621050.0,0.2544918,14.398929,225,1
atitlan,2026-04-28,704250.0,1621050.0,0.28499195,18.26523,225,1
atitlan,2026-04-28,704550.0,1621050.0,0.2214806,14.87668,225,1
atitlan,2026-04-28,704850.0,1621050.0,0.13425621,6.388309,225,0
atitlan,2026-04-28,705150.0,1621050.0,0.12771931,5.6880813,225,0
atitlan,2026-04-28,705450.0,1621050.0,0.18409623,7.6288114,225,0
atitlan,2026-04-28,705750.0,1621050.0,0.20253713,8.535675,225,0
atitlan,2026-04-28,706050.0,1621050.0,0.2005735,8.741705,225,0
atitlan,2026-04-28,706350.0,1621050.0,0.20989047,9.171526,225,0
atitlan,2026-04-28,706650.0,1621050.0,0.23795627,11.169143,225,0
atitlan,2026-04-28,706950.0,1621050.0,0.23667565,12.552872,225,1
atitlan,2026-04-28,707250.0,1621050.0,0.18145639,9.811477,225,0
atitlan,2026-04-28,707550.0,1621050.0,0.22492526,14.266523,225,1
atitlan,2026-04-28,707850.0,1621050.0,0.16790077,13.06453,45,1
atitlan,2026-04-28,680250.0,1621350.0,0.26596212,18.576185,180,1
atitlan,2026-04-28,680550.0,1621350.0,0.14179309,9.546352,225,0
atitlan,2026-04-28,680850.0,1621350.0,0.24393257,17.408257,225,1
atitlan,2026-04-28,681150.0,1621350.0,0.17490582,11.1598625,225,0
atitlan,2026-04-28,681450.0,1621350.0,0.2639894,17.753962,225,1
atitlan,2026-04-28,681750.0,1621350.0,0.09325065,6.2851477,225,0
atitlan,2026-04-28,682050.0,1621350.0,0.016946957,4.333129,225,0
atitlan,2026-04-28,682350.0,1621350.0,0.032529544,4.5420847,225,0
atitlan,2026-04-28,682650.0,1621350.0,0.26469326,18.109924,225,1
atitlan,2026-04-28,682950.0,1621350.0,0.37804472,32.21847,225,1
atitlan,2026-04-28,683250.0,1621350.0,0.41615763,42.220615,225,1
atitlan,2026-04-28,683550.0,1621350.0,0.39433125,36.04673,225,1
atitlan,2026-04-28,683850.0,1621350.0,0.24394305,18.80541,225,1
atitlan,2026-04-28,684150.0,1621350.0,0.31669515,27.433878,225,1
atitlan,2026-04-28,684450.0,1621350.0,0.2951919,25.413908,225,1
atitlan,2026-04-28,684750.0,1621350.0,0.40213963,38.034523,225,1
atitlan,2026-04-28,685050.0,1621350.0,0.41376665,40.979065,225,1
atitlan,2026-04-28,685350.0,1621350.0,0.41307494,40.731422,225,1
atitlan,2026-04-28,685650.0,1621350.0,0.41271687,40.991055,225,1
atitlan,2026-04-28,685950.0,1621350.0,0.40612414,39.02866,225,1
atitlan,2026-04-28,686250.0,1621350.0,0.3755612,31.067657,225,1
atitlan,2026-04-28,686550.0,1621350.0,0.3971569,36.187748,225,1
atitlan,2026-04-28,686850.0,1621350.0,0.41391382,41.44359,225,1
atitlan,2026-04-28,687150.0,1621350.0,0.39480802,35.913647,225,1
atitlan,2026-04-28,687450.0,1621350.0,0.3844311,33.316208,225,1
atitlan,2026-04-28,687750.0,1621350.0,0.38028362,32.62713,225,1
atitlan,2026-04-28,688050.0,1621350.0,0.35612127,26.717148,225,1
atitlan,2026-04-28,688350.0,1621350.0,0.3567527,29.953863,225,1
atitlan,2026-04-28,688650.0,1621350.0,0.25324702,14.395634,225,1
atitlan,2026-04-28,688950.0,1621350.0,0.29697162,20.1559,225,1
atitlan,2026-04-28,689250.0,1621350.0,0.2213333,12.388358,225,1
atitlan,2026-04-28,689550.0,1621350.0,0.1599098,9.756386,225,0
atitlan,2026-04-28,689850.0,1621350.0,-0.046656083,2.676925,225,0
atitlan,2026-04-28,690150.0,1621350.0,-0.051455934,2.4878414,225,0
atitlan,2026-04-28,690450.0,1621350.0,-0.04950378,2.5789974,225,0
atitlan,2026-04-28,690750.0,1621350.0,-0.022931794,3.2576084,225,0
atitlan,2026-04-28,691050.0,1621350.0,0.19039075,11.036411,225,0
atitlan,2026-04-28,691350.0,1621350.0,0.06255051,5.328044,225,0
atitlan,2026-04-28,691650.0,1621350.0,0.23141372,12.357745,225,1
atitlan,2026-04-28,691950.0,1621350.0,0.2348678,12.524467,225,1
atitlan,2026-04-28,692250.0,1621350.0,0.16227648,8.476541,225,0
atitlan,2026-04-28,692550.0,1621350.0,0.16890045,8.929834,225,0
atitlan,2026-04-28,692850.0,1621350.0,0.1237983,6.3304625,225,0
atitlan,2026-04-28,693150.0,1621350.0,0.19958949,9.673421,225,0
atitlan,2026-04-28,693450.0,1621350.0,0.25391868,12.774759,225,1
atitlan,2026-04-28,693750.0,1621350.0,0.25591913,12.755287,225,1
atitlan,2026-04-28,694050.0,1621350.0,0.22772397,10.500271,225,0
atitlan,2026-04-28,694350.0,1621350.0,0.23305713,10.7214575,225,0
atitlan,2026-04-28,694650.0,1621350.0,0.25366953,11.882468,225,0
atitlan,2026-04-28,694950.0,1621350.0,0.22512525,10.699355,225,0
atitlan,2026-04-28,695250.0,1621350.0,0.26138481,12.905234,225,1
atitlan,2026-04-28,695550.0,1621350.0,0.24525426,12.04886,225,1
atitlan,2026-04-28,695850.0,1621350.0,0.26302028,13.551317,225,1
atitlan,2026-04-28,696150.0,1621350.0,0.27147692,14.030784,225,1
atitlan,2026-04-28,696450.0,1621350.0,0.22901118,11.777094,225,0
atitlan,2026-04-28,696750.0,1621350.0,0.27575934,15.172663,225,1
atitlan,2026-04-28,697050.0,1621350.0,0.2949404,17.521755,225,1
atitlan,2026-04-28,697350.0,1621350.0,0.275597,15.928512,225,1
atitlan,2026-04-28,697650.0,1621350.0,0.21530272,11.016646,225,0
atitlan,2026-04-28,697950.0,1621350.0,0.2303467,12.241165,225,1
atitlan,2026-04-28,698250.0,1621350.0,0.21123596,12.248338,225,1
atitlan,2026-04-28,698550.0,1621350.0,0.22857718,14.133409,225,1
atitlan,2026-04-28,698850.0,1621350.0,0.16654307,9.289146,225,0
atitlan,2026-04-28,699150.0,1621350.0,0.021788243,4.5502467,225,0
atitlan,2026-04-28,699450.0,1621350.0,-0.047095258,2.6658998,225,0
atitlan,2026-04-28,699750.0,1621350.0,-0.051544283,2.4803276,225,0
atitlan,2026-04-28,700050.0,1621350.0,-0.051086858,2.5062473,225,0
atitlan,2026-04-28,700350.0,1621350.0,-0.054985326,2.3345604,225,0
atitlan,2026-04-28,700650.0,1621350.0,-0.053782314,2.3953052,225,0
atitlan,2026-04-28,700950.0,1621350.0,-0.054718383,2.351281,225,0
atitlan,2026-04-28,701250.0,1621350.0,-0.051747702,2.4758046,225,0
atitlan,2026-04-28,701550.0,1621350.0,-0.04022887,2.9238503,225,0
atitlan,2026-04-28,701850.0,1621350.0,0.15642756,6.7388473,225,0
atitlan,2026-04-28,702150.0,1621350.0,0.17857723,7.6478395,225,0
atitlan,2026-04-28,702450.0,1621350.0,0.20648177,8.452381,225,0
atitlan,2026-04-28,702750.0,1621350.0,0.23566595,10.739342,225,0
atitlan,2026-04-28,703050.0,1621350.0,0.22970751,10.0924225,225,0
atitlan,2026-04-28,703350.0,1621350.0,0.16429177,9.634886,225,0
atitlan,2026-04-28,703650.0,1621350.0,0.1920796,11.656314,225,0
atitlan,2026-04-28,703950.0,1621350.0,0.26263326,15.844965,225,1
atitlan,2026-04-28,704250.0,1621350.0,0.23911333,16.218967,225,1
atitlan,2026-04-28,704550.0,1621350.0,0.21839005,12.823901,225,1
atitlan,2026-04-28,704850.0,1621350.0,0.1472214,7.00506,225,0
atitlan,2026-04-28,705150.0,1621350.0,0.1737058,7.5685134,225,0
atitlan,2026-04-28,705450.0,1621350.0,0.21498595,9.549453,225,0
atitlan,2026-04-28,705750.0,1621350.0,0.24790154,12.292905,225,1
atitlan,2026-04-28,706050.0,1621350.0,0.2813069,16.117685,225,1
atitlan,2026-04-28,706350.0,1621350.0,0.2914504,17.43436,225,1
atitlan,2026-04-28,706650.0,1621350.0,0.18918853,9.7926235,225,0
atitlan,2026-04-28,706950.0,1621350.0,0.12613717,6.825368,225,0
atitlan,2026-04-28,707250.0,1621350.0,0.20128438,11.309682,225,0
atitlan,2026-04-28,707550.0,1621350.0,0.2690776,18.952072,225,1
atitlan,2026-04-28,707850.0,1621350.0,0.31620157,19.883636,45,1
atitlan,2026-04-28,680250.0,1621650.0,0.30618694,23.34311,180,1
atitlan,2026-04-28,680550.0,1621650.0,0.2947677,21.282854,225,1
atitlan,2026-04-28,680850.0,1621650.0,0.36682838,30.103603,225,1
atitlan,2026-04-28,681150.0,1621650.0,0.35466442,27.458502,225,1
atitlan,2026-04-28,681450.0,1621650.0,0.2956082,20.237934,225,1
atitlan,2026-04-28,681750.0,1621650.0,0.081918575,5.4968867,225,0
atitlan,2026-04-28,682050.0,1621650.0,0.021246532,4.3602815,225,0
atitlan,2026-04-28,682350.0,1621650.0,0.020446574,4.3451,225,0
atitlan,2026-04-28,682650.0,1621650.0,0.20779988,16.04468,225,1
atitlan,2026-04-28,682950.0,1621650.0,0.3914155,35.68692,225,1
atitlan,2026-04-28,683250.0,1621650.0,0.42077488,43.110264,225,1
atitlan,2026-04-28,683550.0,1621650.0,0.40113434,38.105206,225,1
atitlan,2026-04-28,683850.0,1621650.0,0.28332368,23.169405,225,1
atitlan,2026-04-28,684150.0,1621650.0,0.23485358,17.214048,225,1
atitlan,2026-04-28,684450.0,1621650.0,0.25599754,20.644552,225,1
atitlan,2026-04-28,684750.0,1621650.0,0.35095304,32.15061,225,1
atitlan,2026-04-28,685050.0,1621650.0,0.38514224,35.028755,225,1
atitlan,2026-04-28,685350.0,1621650.0,0.39985892,36.982296,225,1
atitlan,2026-04-28,685650.0,1621650.0,0.4161138,41.6091,225,1
atitlan,2026-04-28,685950.0,1621650.0,0.42531645,44.501385,225,1
atitlan,2026-04-28,686250.0,1621650.0,0.41261813,40.825478,225,1
atitlan,2026-04-28,686550.0,1621650.0,0.4257625,44.570953,225,1
atitlan,2026-04-28,686850.0,1621650.0,0.43374872,47.275486,225,1
atitlan,2026-04-28,687150.0,1621650.0,0.40862727,39.939125,225,1
atitlan,2026-04-28,687450.0,1621650.0,0.38343546,33.107708,225,1
atitlan,2026-04-28,687750.0,1621650.0,0.3711881,31.35827,225,1
atitlan,2026-04-28,688050.0,1621650.0,0.38179076,33.086487,225,1
atitlan,2026-04-28,688350.0,1621650.0,0.42639977,45.801315,225,1
atitlan,2026-04-28,688650.0,1621650.0,0.35950643,30.630724,225,1
atitlan,2026-04-28,688950.0,1621650.0,0.2192776,12.213507,225,1
atitlan,2026-04-28,689250.0,1621650.0,0.23812966,14.717447,225,1
atitlan,2026-04-28,689550.0,1621650.0,0.21475501,11.051096,225,0
atitlan,2026-04-28,689850.0,1621650.0,0.007203702,4.598258,225,0
atitlan,2026-04-28,690150.0,1621650.0,-0.05119364,2.503262,225,0
atitlan,2026-04-28,690450.0,1621650.0,-0.05252424,2.4479325,225,0
atitlan,2026-04-28,690750.0,1621650.0,-0.043201532,2.72333,225,0
atitlan,2026-04-28,691050.0,1621650.0,0.00091232586,4.7664704,225,0
atitlan,2026-04-28,691350.0,1621650.0,-0.0455189,2.7256377,225,0
atitlan,2026-04-28,691650.0,1621650.0,0.15656543,9.452431,225,0
atitlan,2026-04-28,691950.0,1621650.0,0.26145858,14.035533,225,1
atitlan,2026-04-28,692250.0,1621650.0,0.27491876,17.641142,225,1
atitlan,2026-04-28,692550.0,1621650.0,0.24808954,14.248158,225,1
atitlan,2026-04-28,692850.0,1621650.0,0.25686345,15.000987,225,1
atitlan,2026-04-28,693150.0,1621650.0,0.24317701,13.120529,225,1
atitlan,2026-04-28,693450.0,1621650.0,0.23883651,12.222555,225,1
atitlan,2026-04-28,693750.0,1621650.0,0.22566484,10.288343,225,0
atitlan,2026-04-28,694050.0,1621650.0,0.23402281,11.068392,225,0
atitlan,2026-04-28,694350.0,1621650.0,0.22948027,10.6879015,225,0
atitlan,2026-04-28,694650.0,1621650.0,0.2382164,10.875312,225,0
atitlan,2026-04-28,694950.0,1621650.0,0.2512855,12.082378,225,1
atitlan,2026-04-28,695250.0,1621650.0,0.21175997,9.391493,225,0
atitlan,2026-04-28,695550.0,1621650.0,0.26643607,13.889399,225,1
atitlan,2026-04-28,695850.0,1621650.0,0.2608879,13.760112,225,1
atitlan,2026-04-28,696150.0,1621650.0,0.24988702,12.723504,225,1
atitlan,2026-04-28,696450.0,1621650.0,0.24550748,12.862539,225,1
atitlan,2026-04-28,696750.0,1621650.0,0.26784337,14.50518,225,1
atitlan,2026-04-28,697050.0,1621650.0,0.24702816,12.62287,225,1
atitlan,2026-04-28,697350.0,1621650.0,0.27143615,15.3677845,225,1
atitlan,2026-04-28,697650.0,1621650.0,0.25396818,14.38472,225,1
atitlan,2026-04-28,697950.0,1621650.0,0.14103605,8.706642,225,0
atitlan,2026-04-28,698250.0,1621650.0,0.21957926,14.303397,225,1
atitlan,2026-04-28,698550.0,1621650.0,0.20883119,12.143688,225,1
atitlan,2026-04-28,698850.0,1621650.0,0.175966,10.309035,225,0
atitlan,2026-04-28,699150.0,1621650.0,-0.036480814,2.9928427,225,0
atitlan,2026-04-28,699450.0,1621650.0,-0.051212166,2.504071,225,0
atitlan,2026-04-28,699750.0,1621650.0,-0.05477772,2.3462696,225,0
atitlan,2026-04-28,700050.0,1621650.0,-0.056089904,2.283402,225,0
atitlan,2026-04-28,700350.0,1621650.0,-0.058504462,2.1702056,225,0
atitlan,2026-04-28,700650.0,1621650.0,-0.057934895,2.2026165,225,0
atitlan,2026-04-28,700950.0,1621650.0,-0.056385875,2.2716434,225,0
atitlan,2026-04-28,701250.0,1621650.0,-0.054265365,2.3682883,225,0
atitlan,2026-04-28,701550.0,1621650.0,-0.03963122,2.8241432,225,0
atitlan,2026-04-28,701850.0,1621650.0,0.1296031,6.1503916,225,0
atitlan,2026-04-28,702150.0,1621650.0,0.15793659,7.499764,225,0
atitlan,2026-04-28,702450.0,1621650.0,0.05989188,4.9392614,225,0
atitlan,2026-04-28,702750.0,1621650.0,0.09029679,6.50139,225,0
atitlan,2026-04-28,703050.0,1621650.0,0.19810574,8.587281,225,0
atitlan,2026-04-28,703350.0,1621650.0,0.18487196,8.949006,225,0
atitlan,2026-04-28,703650.0,1621650.0,0.25766525,15.755973,225,1
atitlan,2026-04-28,703950.0,1621650.0,0.2862354,17.198246,225,1
atitlan,2026-04-28,704250.0,1621650.0,0.26897866,16.83925,225,1
atitlan,2026-04-28,704550.0,1621650.0,0.19664422,10.54431,225,0
atitlan,2026-04-28,704850.0,1621650.0,0.17680688,7.963415,225,0
atitlan,2026-04-28,705150.0,1621650.0,0.22078572,11.603274,225,0
atitlan,2026-04-28,705450.0,1621650.0,0.22528012,10.860597,225,0
atitlan,2026-04-28,705750.0,1621650.0,0.2185235,9.632137,225,0
atitlan,2026-04-28,706050.0,1621650.0,0.27319086,15.489386,225,1
atitlan,2026-04-28,706350.0,1621650.0,0.31967837,21.567183,225,1
atitlan,2026-04-28,706650.0,1621650.0,0.3165067,19.842697,225,1
atitlan,2026-04-28,706950.0,1621650.0,0.2431774,14.183727,225,1
atitlan,2026-04-28,707250.0,1621650.0,0.19343175,11.223635,225,0
atitlan,2026-04-28,707550.0,1621650.0,0.13400581,7.8703065,225,0
atitlan,2026-04-28,707850.0,1621650.0,0.18919387,13.619603,45,1
atitlan,2026-04-28,680250.0,1621950.0,0.30352882,23.163784,180,1
atitlan,2026-04-28,680550.0,1621950.0,0.37320375,31.595715,225,1
atitlan,2026-04-28,680850.0,1621950.0,0.30650946,23.052977,225,1
atitlan,2026-04-28,681150.0,1621950.0,0.22918355,15.1451435,225,1
atitlan,2026-04-28,681450.0,1621950.0,0.36408624,31.524467,225,1
atitlan,2026-04-28,681750.0,1621950.0,0.2938512,19.547216,225,1
atitlan,2026-04-28,682050.0,1621950.0,0.07472185,5.3474345,225,0
atitlan,2026-04-28,682350.0,1621950.0,0.052653056,5.20866,225,0
atitlan,2026-04-28,682650.0,1621950.0,0.34582257,29.424194,225,1
atitlan,2026-04-28,682950.0,1621950.0,0.44213656,50.826065,225,1
atitlan,2026-04-28,683250.0,1621950.0,0.40830845,39.74219,225,1
atitlan,2026-04-28,683550.0,1621950.0,0.3854505,33.619984,225,1
atitlan,2026-04-28,683850.0,1621950.0,0.38418722,36.23067,225,1
atitlan,2026-04-28,684150.0,1621950.0,0.24730562,19.424408,225,1
atitlan,2026-04-28,684450.0,1621950.0,0.23186539,16.920675,225,1
atitlan,2026-04-28,684750.0,1621950.0,0.32638618,26.16204,225,1
atitlan,2026-04-28,685050.0,1621950.0,0.38951373,34.92105,225,1
atitlan,2026-04-28,685350.0,1621950.0,0.32580942,28.833448,225,1
atitlan,2026-04-28,685650.0,1621950.0,0.38463667,36.637375,225,1
atitlan,2026-04-28,685950.0,1621950.0,0.42722717,44.858753,225,1
atitlan,2026-04-28,686250.0,1621950.0,0.41451126,41.521854,225,1
atitlan,2026-04-28,686550.0,1621950.0,0.42476806,44.989098,225,1
atitlan,2026-04-28,686850.0,1621950.0,0.42689338,45.480824,225,1
atitlan,2026-04-28,687150.0,1621950.0,0.4134708,41.22811,225,1
atitlan,2026-04-28,687450.0,1621950.0,0.39217788,35.75245,225,1
atitlan,2026-04-28,687750.0,1621950.0,0.38351184,33.352146,225,1
atitlan,2026-04-28,688050.0,1621950.0,0.386292,33.626625,225,1
atitlan,2026-04-28,688350.0,1621950.0,0.42639238,45.408245,225,1
atitlan,2026-04-28,688650.0,1621950.0,0.42156914,44.147934,225,1
atitlan,2026-04-28,688950.0,1621950.0,0.28105035,16.594965,225,1
atitlan,2026-04-28,689250.0,1621950.0,0.2674706,15.423624,225,1
atitlan,2026-04-28,689550.0,1621950.0,0.17308328,11.60244,225,0
atitlan,2026-04-28,689850.0,1621950.0,-0.010769708,3.6840591,225,0
atitlan,2026-04-28,690150.0,1621950.0,-0.051537856,2.4930215,225,0
atitlan,2026-04-28,690450.0,1621950.0,-0.052596044,2.445489,225,0
atitlan,2026-04-28,690750.0,1621950.0,-0.049947567,2.5447352,225,0
atitlan,2026-04-28,691050.0,1621950.0,-0.053301577,2.3952534,225,0
atitlan,2026-04-28,691350.0,1621950.0,-0.045717344,2.6265419,225,0
atitlan,2026-04-28,691650.0,1621950.0,0.0620308,6.8652964,225,0
atitlan,2026-04-28,691950.0,1621950.0,0.051736433,6.177486,225,0
atitlan,2026-04-28,692250.0,1621950.0,0.12787277,10.471153,225,0
atitlan,2026-04-28,692550.0,1621950.0,0.2791231,18.765862,225,1
atitlan,2026-04-28,692850.0,1621950.0,0.06759735,6.681457,225,0
atitlan,2026-04-28,693150.0,1621950.0,0.13307187,8.602091,225,0
atitlan,2026-04-28,693450.0,1621950.0,0.29089102,18.104664,225,1
atitlan,2026-04-28,693750.0,1621950.0,0.2119314,11.154069,225,0
atitlan,2026-04-28,694050.0,1621950.0,0.26939166,14.575992,225,1
atitlan,2026-04-28,694350.0,1621950.0,0.24568361,11.132868,225,0
atitlan,2026-04-28,694650.0,1621950.0,0.23251404,10.727549,225,0
atitlan,2026-04-28,694950.0,1621950.0,0.24543273,11.5153675,225,0
atitlan,2026-04-28,695250.0,1621950.0,0.2598546,13.005744,225,1
atitlan,2026-04-28,695550.0,1621950.0,0.26500896,14.109283,225,1
atitlan,2026-04-28,695850.0,1621950.0,0.26681578,13.592568,225,1
atitlan,2026-04-28,696150.0,1621950.0,0.25099364,12.69943,225,1
atitlan,2026-04-28,696450.0,1621950.0,0.18567349,9.399301,225,0
atitlan,2026-04-28,696750.0,1621950.0,0.27451298,14.620286,225,1
atitlan,2026-04-28,697050.0,1621950.0,0.28076032,15.270394,225,1
atitlan,2026-04-28,697350.0,1621950.0,0.26013574,13.483455,225,1
atitlan,2026-04-28,697650.0,1621950.0,0.19808921,10.689249,225,0
atitlan,2026-04-28,697950.0,1621950.0,0.19833899,11.4896345,225,0
atitlan,2026-04-28,698250.0,1621950.0,0.17332955,11.427322,225,0
atitlan,2026-04-28,698550.0,1621950.0,-0.00031031595,4.011842,225,0
atitlan,2026-04-28,698850.0,1621950.0,0.2699627,16.475368,225,1
atitlan,2026-04-28,699150.0,1621950.0,0.109235995,8.736323,225,0
atitlan,2026-04-28,699450.0,1621950.0,-0.050743945,2.491925,225,0
atitlan,2026-04-28,699750.0,1621950.0,-0.057166893,2.2348382,225,0
atitlan,2026-04-28,700050.0,1621950.0,-0.05687817,2.24991,225,0
atitlan,2026-04-28,700350.0,1621950.0,-0.059616838,2.1175544,225,0
atitlan,2026-04-28,700650.0,1621950.0,-0.05830377,2.1813357,225,0
atitlan,2026-04-28,700950.0,1621950.0,-0.055505842,2.3105452,225,0
atitlan,2026-04-28,701250.0,1621950.0,-0.054000046,2.3805606,225,0
atitlan,2026-04-28,701550.0,1621950.0,-0.050970074,2.4974124,225,0
atitlan,2026-04-28,701850.0,1621950.0,-0.03446387,3.1302242,225,0
atitlan,2026-04-28,702150.0,1621950.0,-0.03941284,2.9562325,225,0
atitlan,2026-04-28,702450.0,1621950.0,-0.049617972,2.5593455,225,0
atitlan,2026-04-28,702750.0,1621950.0,-0.008764293,3.6288953,225,0
atitlan,2026-04-28,703050.0,1621950.0,0.18834586,8.220228,225,0
atitlan,2026-04-28,703350.0,1621950.0,0.2133727,9.151501,225,0
atitlan,2026-04-28,703650.0,1621950.0,0.14191158,9.72575,225,0
atitlan,2026-04-28,703950.0,1621950.0,0.15176211,9.701505,225,0
atitlan,2026-04-28,704250.0,1621950.0,0.25082174,15.294034,225,1
atitlan,2026-04-28,704550.0,1621950.0,0.19998948,11.105694,225,0
atitlan,2026-04-28,704850.0,1621950.0,0.15215605,7.721962,225,0
atitlan,2026-04-28,705150.0,1621950.0,0.1941661,8.617605,225,0
atitlan,2026-04-28,705450.0,1621950.0,0.16030766,7.743226,225,0
atitlan,2026-04-28,705750.0,1621950.0,0.22529617,10.199067,225,0
atitlan,2026-04-28,706050.0,1621950.0,0.2586923,13.184059,225,1
atitlan,2026-04-28,706350.0,1621950.0,0.31185943,19.695574,225,1
atitlan,2026-04-28,706650.0,1621950.0,0.30373812,18.244537,225,1
atitlan,2026-04-28,706950.0,1621950.0,0.30428466,18.008383,225,1
atitlan,2026-04-28,707250.0,1621950.0,0.25377652,15.59083,225,1
atitlan,2026-04-28,707550.0,1621950.0,0.18098956,12.698948,225,1
atitlan,2026-04-28,707850.0,1621950.0,0.30212805,23.138166,45,1
atitlan,2026-04-28,680250.0,1622250.0,0.3539513,27.236237,180,1
atitlan,2026-04-28,680550.0,1622250.0,0.31523284,22.987482,225,1
atitlan,2026-04-28,680850.0,1622250.0,0.17430031,9.566782,225,0
atitlan,2026-04-28,681150.0,1622250.0,0.08386446,5.1031766,225,0
atitlan,2026-04-28,681450.0,1622250.0,0.31544808,25.456053,225,1
atitlan,2026-04-28,681750.0,1622250.0,0.3464478,27.562191,225,1
atitlan,2026-04-28,682050.0,1622250.0,0.3053786,20.800692,225,1
atitlan,2026-04-28,682350.0,1622250.0,0.17528613,9.624126,225,0
atitlan,2026-04-28,682650.0,1622250.0,0.40637946,41.04397,225,1
atitlan,2026-04-28,682950.0,1622250.0,0.3997245,40.526432,225,1
atitlan,2026-04-28,683250.0,1622250.0,0.35838583,28.22801,225,1
atitlan,2026-04-28,683550.0,1622250.0,0.4008671,37.185867,225,1
atitlan,2026-04-28,683850.0,1622250.0,0.41395292,43.102486,225,1
atitlan,2026-04-28,684150.0,1622250.0,0.3179994,26.557886,225,1
atitlan,2026-04-28,684450.0,1622250.0,0.28259036,23.682932,225,1
atitlan,2026-04-28,684750.0,1622250.0,0.33889392,28.999516,225,1
atitlan,2026-04-28,685050.0,1622250.0,0.36789876,32.384212,225,1
atitlan,2026-04-28,685350.0,1622250.0,0.39154416,35.234074,225,1
atitlan,2026-04-28,685650.0,1622250.0,0.40588567,39.903496,225,1
atitlan,2026-04-28,685950.0,1622250.0,0.40121233,37.792286,225,1
atitlan,2026-04-28,686250.0,1622250.0,0.39993584,37.032204,225,1
atitlan,2026-04-28,686550.0,1622250.0,0.425707,44.36061,225,1
atitlan,2026-04-28,686850.0,1622250.0,0.41753554,41.984722,225,1
atitlan,2026-04-28,687150.0,1622250.0,0.39692912,37.31788,225,1
atitlan,2026-04-28,687450.0,1622250.0,0.38798973,34.294914,225,1
atitlan,2026-04-28,687750.0,1622250.0,0.4071459,39.446236,225,1
atitlan,2026-04-28,688050.0,1622250.0,0.3982926,37.81015,225,1
atitlan,2026-04-28,688350.0,1622250.0,0.40216535,38.432102,225,1
atitlan,2026-04-28,688650.0,1622250.0,0.34730574,29.603355,225,1
atitlan,2026-04-28,688950.0,1622250.0,0.2794503,16.321218,225,1
atitlan,2026-04-28,689250.0,1622250.0,0.2535281,13.373205,225,1
atitlan,2026-04-28,689550.0,1622250.0,0.024746262,5.9832373,225,0
atitlan,2026-04-28,689850.0,1622250.0,-0.049008857,2.5934508,225,0
atitlan,2026-04-28,690150.0,1622250.0,-0.054596458,2.3576503,225,0
atitlan,2026-04-28,690450.0,1622250.0,-0.054125957,2.3744032,225,0
atitlan,2026-04-28,690750.0,1622250.0,-0.054479353,2.3587148,225,0
atitlan,2026-04-28,691050.0,1622250.0,-0.05343997,2.394689,225,0
atitlan,2026-04-28,691350.0,1622250.0,-0.05369582,2.3886218,225,0
atitlan,2026-04-28,691650.0,1622250.0,-0.051029082,2.4717216,225,0
atitlan,2026-04-28,691950.0,1622250.0,-0.04699586,2.5957346,225,0
atitlan,2026-04-28,692250.0,1622250.0,0.010464468,4.721593,225,0
atitlan,2026-04-28,692550.0,1622250.0,0.04164427,5.668838,225,0
atitlan,2026-04-28,692850.0,1622250.0,0.09038285,8.120076,225,0
atitlan,2026-04-28,693150.0,1622250.0,0.024074567,4.9428916,225,0
atitlan,2026-04-28,693450.0,1622250.0,-0.009643543,3.70741,225,0
atitlan,2026-04-28,693750.0,1622250.0,-0.024820156,3.2794552,225,0
atitlan,2026-04-28,694050.0,1622250.0,0.22441842,12.680011,225,1
atitlan,2026-04-28,694350.0,1622250.0,0.25012213,11.925,225,0
atitlan,2026-04-28,694650.0,1622250.0,0.2552348,11.95449,225,0
atitlan,2026-04-28,694950.0,1622250.0,0.2593963,13.76669,225,1
atitlan,2026-04-28,695250.0,1622250.0,0.26168838,13.6047945,225,1
atitlan,2026-04-28,695550.0,1622250.0,0.24796213,12.104099,225,1
atitlan,2026-04-28,695850.0,1622250.0,0.28131503,14.834772,225,1
atitlan,2026-04-28,696150.0,1622250.0,0.30399397,17.455507,225,1
atitlan,2026-04-28,696450.0,1622250.0,0.28547055,15.742227,225,1
atitlan,2026-04-28,696750.0,1622250.0,0.23511949,11.222011,225,0
atitlan,2026-04-28,697050.0,1622250.0,0.23547564,11.768956,225,0
atitlan,2026-04-28,697350.0,1622250.0,0.21031345,11.002417,225,0
atitlan,2026-04-28,697650.0,1622250.0,0.14727709,9.07539,225,0
atitlan,2026-04-28,697950.0,1622250.0,0.116732486,8.529473,225,0
atitlan,2026-04-28,698250.0,1622250.0,0.015087291,4.890169,225,0
atitlan,2026-04-28,698550.0,1622250.0,-0.04497924,2.6986885,225,0
atitlan,2026-04-28,698850.0,1622250.0,0.117728576,9.796717,225,0
atitlan,2026-04-28,699150.0,1622250.0,-0.03427862,3.0244482,225,0
atitlan,2026-04-28,699450.0,1622250.0,-0.054515105,2.358005,225,0
atitlan,2026-04-28,699750.0,1622250.0,-0.057299547,2.2290144,225,0
atitlan,2026-04-28,700050.0,1622250.0,-0.057341307,2.2246857,225,0
atitlan,2026-04-28,700350.0,1622250.0,-0.05848611,2.1767309,225,0
atitlan,2026-04-28,700650.0,1622250.0,-0.057983927,2.2009654,225,0
atitlan,2026-04-28,700950.0,1622250.0,-0.05665649,2.2546341,225,0
atitlan,2026-04-28,701250.0,1622250.0,-0.058302384,2.172882,225,0
atitlan,2026-04-28,701550.0,1622250.0,-0.05099199,2.492345,225,0
atitlan,2026-04-28,701850.0,1622250.0,-0.045126483,2.730441,225,0
atitlan,2026-04-28,702150.0,1622250.0,-0.047690865,2.6404734,225,0
atitlan,2026-04-28,702450.0,1622250.0,-0.053961806,2.3820221,225,0
atitlan,2026-04-28,702750.0,1622250.0,-0.018766236,3.271957,225,0
atitlan,2026-04-28,703050.0,1622250.0,0.16314836,6.588176,225,0
atitlan,2026-04-28,703350.0,1622250.0,0.21643668,9.386096,225,0
atitlan,2026-04-28,703650.0,1622250.0,0.18626913,10.382326,225,0
atitlan,2026-04-28,703950.0,1622250.0,0.17718978,10.867808,225,0
atitlan,2026-04-28,704250.0,1622250.0,0.272171,16.59756,225,1
atitlan,2026-04-28,704550.0,1622250.0,0.22656581,12.668733,225,1
atitlan,2026-04-28,704850.0,1622250.0,0.14556213,8.884101,225,0
atitlan,2026-04-28,705150.0,1622250.0,0.1401544,6.3809037,225,0
atitlan,2026-04-28,705450.0,1622250.0,0.121646695,5.855441,225,0
atitlan,2026-04-28,705750.0,1622250.0,0.19172105,8.689357,225,0
atitlan,2026-04-28,706050.0,1622250.0,0.22483316,11.224313,225,0
atitlan,2026-04-28,706350.0,1622250.0,0.25132534,12.481939,225,1
atitlan,2026-04-28,706650.0,1622250.0,0.23298235,11.530496,225,0
atitlan,2026-04-28,706950.0,1622250.0,0.27729788,16.35421,225,1
atitlan,2026-04-28,707250.0,1622250.0,0.3219024,21.267403,225,1
atitlan,2026-04-28,707550.0,1622250.0,0.29836732,19.370033,225,1
atitlan,2026-04-28,707850.0,1622250.0,0.2671793,16.378756,45,1
atitlan,2026-04-28,680250.0,1622550.0,0.34260827,27.304905,180,1
atitlan,2026-04-28,680550.0,1622550.0,0.31825927,24.44137,225,1
atitlan,2026-04-28,680850.0,1622550.0,0.2358598,16.34639,225,1
atitlan,2026-04-28,681150.0,1622550.0,0.11332809,7.09879,225,0
atitlan,2026-04-28,681450.0,1622550.0,0.30843788,23.056108,225,1
atitlan,2026-04-28,681750.0,1622550.0,0.36012924,31.250809,225,1
atitlan,2026-04-28,682050.0,1622550.0,0.32816884,25.561632,225,1
atitlan,2026-04-28,682350.0,1622550.0,0.34168658,31.186022,225,1
atitlan,2026-04-28,682650.0,1622550.0,0.4291919,46.925793,225,1
atitlan,2026-04-28,682950.0,1622550.0,0.38683698,36.15664,225,1
atitlan,2026-04-28,683250.0,1622550.0,0.37248874,30.777496,225,1
atitlan,2026-04-28,683550.0,1622550.0,0.3841038,33.43796,225,1
atitlan,2026-04-28,683850.0,1622550.0,0.32741404,27.930079,225,1
atitlan,2026-04-28,684150.0,1622550.0,0.33654377,29.253874,225,1
atitlan,2026-04-28,684450.0,1622550.0,0.24218737,17.588343,225,1
atitlan,2026-04-28,684750.0,1622550.0,0.32164755,26.894043,225,1
atitlan,2026-04-28,685050.0,1622550.0,0.37168637,30.9665,225,1
atitlan,2026-04-28,685350.0,1622550.0,0.34300005,28.205935,225,1
atitlan,2026-04-28,685650.0,1622550.0,0.33485374,27.518007,225,1
atitlan,2026-04-28,685950.0,1622550.0,0.39024743,34.643982,225,1
atitlan,2026-04-28,686250.0,1622550.0,0.39210856,34.948086,225,1
atitlan,2026-04-28,686550.0,1622550.0,0.41295642,40.37603,225,1
atitlan,2026-04-28,686850.0,1622550.0,0.40525982,39.044327,225,1
atitlan,2026-04-28,687150.0,1622550.0,0.38281184,33.048603,225,1
atitlan,2026-04-28,687450.0,1622550.0,0.36250174,29.718044,225,1
atitlan,2026-04-28,687750.0,1622550.0,0.3475105,28.740328,225,1
atitlan,2026-04-28,688050.0,1622550.0,0.33697206,24.996246,225,1
atitlan,2026-04-28,688350.0,1622550.0,0.35157275,28.008787,225,1
atitlan,2026-04-28,688650.0,1622550.0,0.39688465,37.807877,225,1
atitlan,2026-04-28,688950.0,1622550.0,0.2786647,16.637993,225,1
atitlan,2026-04-28,689250.0,1622550.0,0.23186341,17.069149,225,1
atitlan,2026-04-28,689550.0,1622550.0,-0.042121988,2.853837,225,0
atitlan,2026-04-28,689850.0,1622550.0,-0.050944734,2.5130029,225,0
atitlan,2026-04-28,690150.0,1622550.0,-0.056789078,2.256662,225,0
atitlan,2026-04-28,690450.0,1622550.0,-0.056464445,2.2633243,225,0
atitlan,2026-04-28,690750.0,1622550.0,-0.05513596,2.3323662,225,0
atitlan,2026-04-28,691050.0,1622550.0,-0.05471577,2.3451471,225,0
atitlan,2026-04-28,691350.0,1622550.0,-0.055866506,2.2914968,225,0
atitlan,2026-04-28,691650.0,1622550.0,-0.056276903,2.2651393,225,0
atitlan,2026-04-28,691950.0,1622550.0,-0.05330314,2.3966277,225,0
atitlan,2026-04-28,692250.0,1622550.0,-0.054553248,2.3340695,225,0
atitlan,2026-04-28,692550.0,1622550.0,-0.049084667,2.5720408,225,0
atitlan,2026-04-28,692850.0,1622550.0,-0.042462923,2.8273418,225,0
atitlan,2026-04-28,693150.0,1622550.0,-0.05196357,2.3910518,225,0
atitlan,2026-04-28,693450.0,1622550.0,-0.0535774,2.3417423,225,0
atitlan,2026-04-28,693750.0,1622550.0,-0.053971514,2.327931,225,0
atitlan,2026-04-28,694050.0,1622550.0,0.19869061,11.4813595,225,0
atitlan,2026-04-28,694350.0,1622550.0,0.2688443,13.49818,225,1
atitlan,2026-04-28,694650.0,1622550.0,0.27788636,14.960263,225,1
atitlan,2026-04-28,694950.0,1622550.0,0.28122824,16.076685,225,1
atitlan,2026-04-28,695250.0,1622550.0,0.27319413,14.6940365,225,1
atitlan,2026-04-28,695550.0,1622550.0,0.22972071,11.249113,225,0
atitlan,2026-04-28,695850.0,1622550.0,0.2580512,13.681329,225,1
atitlan,2026-04-28,696150.0,1622550.0,0.3079798,18.3354,225,1
atitlan,2026-04-28,696450.0,1622550.0,0.29652917,17.094305,225,1
atitlan,2026-04-28,696750.0,1622550.0,0.2770465,15.179818,225,1
atitlan,2026-04-28,697050.0,1622550.0,0.21549287,11.493478,225,0
atitlan,2026-04-28,697350.0,1622550.0,0.15756959,9.014703,225,0
atitlan,2026-04-28,697650.0,1622550.0,0.07800519,7.506169,225,0
atitlan,2026-04-28,697950.0,1622550.0,-0.051183075,2.4779243,225,0
atitlan,2026-04-28,698250.0,1622550.0,-0.049814,2.5618787,225,0
atitlan,2026-04-28,698550.0,1622550.0,-0.052421633,2.439121,225,0
atitlan,2026-04-28,698850.0,1622550.0,-0.05206058,2.4425974,225,0
atitlan,2026-04-28,699150.0,1622550.0,-0.05245057,2.446171,225,0
atitlan,2026-04-28,699450.0,1622550.0,-0.055829506,2.2932754,225,0
atitlan,2026-04-28,699750.0,1622550.0,-0.057856414,2.2027252,225,0
atitlan,2026-04-28,700050.0,1622550.0,-0.056072194,2.2858095,225,0
atitlan,2026-04-28,700350.0,1622550.0,-0.057648312,2.2112231,225,0
atitlan,2026-04-28,700650.0,1622550.0,-0.057745636,2.210809,225,0
atitlan,2026-04-28,700950.0,1622550.0,-0.057213016,2.236103,225,0
atitlan,2026-04-28,701250.0,1622550.0,-0.057708956,2.2067807,225,0
atitlan,2026-04-28,701550.0,1622550.0,-0.053820666,2.3709326,225,0
atitlan,2026-04-28,701850.0,1622550.0,-0.049320653,2.5628934,225,0
atitlan,2026-04-28,702150.0,1622550.0,-0.0516785,2.468458,225,0
atitlan,2026-04-28,702450.0,1622550.0,-0.053496134,2.3704808,225,0
atitlan,2026-04-28,702750.0,1622550.0,0.007264518,3.677306,225,0
atitlan,2026-04-28,703050.0,1622550.0,0.15635261,6.606616,225,0
atitlan,2026-04-28,703350.0,1622550.0,0.2255893,12.150911,225,1
atitlan,2026-04-28,703650.0,1622550.0,0.23492855,12.568574,225,1
atitlan,2026-04-28,703950.0,1622550.0,0.196737,12.030778,225,1
atitlan,2026-04-28,704250.0,1622550.0,0.25279897,15.94222,225,1
atitlan,2026-04-28,704550.0,1622550.0,0.2112263,12.121115,225,1
atitlan,2026-04-28,704850.0,1622550.0,0.117318735,6.979615,225,0
atitlan,2026-04-28,705150.0,1622550.0,0.13332824,6.64476,225,0
atitlan,2026-04-28,705450.0,1622550.0,0.17832163,8.685523,225,0
atitlan,2026-04-28,705750.0,1622550.0,0.21347608,10.622336,225,0
atitlan,2026-04-28,706050.0,1622550.0,0.24539866,12.526936,225,1
atitlan,2026-04-28,706350.0,1622550.0,0.2537087,14.39707,225,1
atitlan,2026-04-28,706650.0,1622550.0,0.272549,15.168026,225,1
atitlan,2026-04-28,706950.0,1622550.0,0.28160542,15.728926,225,1
atitlan,2026-04-28,707250.0,1622550.0,0.27844197,16.716866,225,1
atitlan,2026-04-28,707550.0,1622550.0,0.22850764,14.203645,225,1
atitlan,2026-04-28,707850.0,1622550.0,0.16801693,13.0895605,45,1
atitlan,2026-04-28,680250.0,1622850.0,0.3544639,28.198221,180,1
atitlan,2026-04-28,680550.0,1622850.0,0.34552142,28.334078,225,1
atitlan,2026-04-28,680850.0,1622850.0,0.28214216,21.859735,225,1
atitlan,2026-04-28,681150.0,1622850.0,0.2494001,18.314995,225,1
atitlan,2026-04-28,681450.0,1622850.0,0.32321483,25.134895,225,1
atitlan,2026-04-28,681750.0,1622850.0,0.29464024,22.261322,225,1
atitlan,2026-04-28,682050.0,1622850.0,0.3219822,24.85139,225,1
atitlan,2026-04-28,682350.0,1622850.0,0.34444073,30.984234,225,1
atitlan,2026-04-28,682650.0,1622850.0,0.4346658,48.86855,225,1
atitlan,2026-04-28,682950.0,1622850.0,0.3810411,34.240448,225,1
atitlan,2026-04-28,683250.0,1622850.0,0.3494343,27.60395,225,1
atitlan,2026-04-28,683550.0,1622850.0,0.33303863,25.612371,225,1
atitlan,2026-04-28,683850.0,1622850.0,0.3745442,30.998451,225,1
atitlan,2026-04-28,684150.0,1622850.0,0.3734877,32.216084,225,1
atitlan,2026-04-28,684450.0,1622850.0,0.33492288,27.92794,225,1
atitlan,2026-04-28,684750.0,1622850.0,0.32819396,26.441088,225,1
atitlan,2026-04-28,685050.0,1622850.0,0.35244274,28.959991,225,1
atitlan,2026-04-28,685350.0,1622850.0,0.34697872,28.626722,225,1
atitlan,2026-04-28,685650.0,1622850.0,0.27696377,21.993132,225,1
atitlan,2026-04-28,685950.0,1622850.0,0.3817921,33.503708,225,1
atitlan,2026-04-28,686250.0,1622850.0,0.3765922,31.512465,225,1
atitlan,2026-04-28,686550.0,1622850.0,0.40670902,39.103176,225,1
atitlan,2026-04-28,686850.0,1622850.0,0.3744242,31.345873,225,1
atitlan,2026-04-28,687150.0,1622850.0,0.36380413,29.186367,225,1
atitlan,2026-04-28,687450.0,1622850.0,0.32017773,21.772459,225,1
atitlan,2026-04-28,687750.0,1622850.0,0.32228583,22.440254,225,1
atitlan,2026-04-28,688050.0,1622850.0,0.29519612,18.336342,225,1
atitlan,2026-04-28,688350.0,1622850.0,0.26317325,16.513145,225,1
atitlan,2026-04-28,688650.0,1622850.0,0.3579767,28.479836,225,1
atitlan,2026-04-28,688950.0,1622850.0,0.32905623,25.270319,225,1
atitlan,2026-04-28,689250.0,1622850.0,0.19894627,15.527552,225,1
atitlan,2026-04-28,689550.0,1622850.0,-0.047060817,2.671009,225,0
atitlan,2026-04-28,689850.0,1622850.0,-0.052874967,2.4312077,225,0
atitlan,2026-04-28,690150.0,1622850.0,-0.05732089,2.2293894,225,0
atitlan,2026-04-28,690450.0,1622850.0,-0.05806715,2.1913211,225,0
atitlan,2026-04-28,690750.0,1622850.0,-0.057392437,2.2230194,225,0
atitlan,2026-04-28,691050.0,1622850.0,-0.057637602,2.210208,225,0
atitlan,2026-04-28,691350.0,1622850.0,-0.05512862,2.324737,225,0
atitlan,2026-04-28,691650.0,1622850.0,-0.055956736,2.2874172,225,0
atitlan,2026-04-28,691950.0,1622850.0,-0.05625488,2.2688909,225,0
atitlan,2026-04-28,692250.0,1622850.0,-0.054916777,2.3317678,225,0
atitlan,2026-04-28,692550.0,1622850.0,-0.051296715,2.493403,225,0
atitlan,2026-04-28,692850.0,1622850.0,-0.047793977,2.6467738,225,0
atitlan,2026-04-28,693150.0,1622850.0,-0.04745964,2.635084,225,0
atitlan,2026-04-28,693450.0,1622850.0,-0.05364243,2.3369443,225,0
atitlan,2026-04-28,693750.0,1622850.0,-0.062393896,1.9403198,225,0
atitlan,2026-04-28,694050.0,1622850.0,0.054959353,7.291684,225,0
atitlan,2026-04-28,694350.0,1622850.0,0.14704986,10.6387825,225,0
atitlan,2026-04-28,694650.0,1622850.0,0.22195077,16.338882,225,1
atitlan,2026-04-28,694950.0,1622850.0,0.11940612,8.702108,225,0
atitlan,2026-04-28,695250.0,1622850.0,0.23743661,14.287526,225,1
atitlan,2026-04-28,695550.0,1622850.0,0.27193215,15.662364,225,1
atitlan,2026-04-28,695850.0,1622850.0,0.1862655,11.122779,225,0
atitlan,2026-04-28,696150.0,1622850.0,0.21857958,12.046218,225,1
atitlan,2026-04-28,696450.0,1622850.0,0.16867031,10.185328,225,0
atitlan,2026-04-28,696750.0,1622850.0,0.20122576,11.740008,225,0
atitlan,2026-04-28,697050.0,1622850.0,0.21915329,12.967665,225,1
atitlan,2026-04-28,697350.0,1622850.0,0.14757158,7.8451047,225,0
atitlan,2026-04-28,697650.0,1622850.0,0.11957025,8.833064,225,0
atitlan,2026-04-28,697950.0,1622850.0,-0.049404196,2.569572,225,0
atitlan,2026-04-28,698250.0,1622850.0,-0.05189933,2.4713857,225,0
atitlan,2026-04-28,698550.0,1622850.0,-0.054993764,2.3243039,225,0
atitlan,2026-04-28,698850.0,1622850.0,-0.054413803,2.3546357,225,0
atitlan,2026-04-28,699150.0,1622850.0,-0.055306293,2.3210943,225,0
atitlan,2026-04-28,699450.0,1622850.0,-0.057234067,2.230779,225,0
atitlan,2026-04-28,699750.0,1622850.0,-0.057656597,2.2105463,225,0
atitlan,2026-04-28,700050.0,1622850.0,-0.058873117,2.1495848,225,0
atitlan,2026-04-28,700350.0,1622850.0,-0.05740479,2.222258,225,0
atitlan,2026-04-28,700650.0,1622850.0,-0.057423327,2.2216792,225,0
atitlan,2026-04-28,700950.0,1622850.0,-0.05676372,2.2544596,225,0
atitlan,2026-04-28,701250.0,1622850.0,-0.05870705,2.1622534,225,0
atitlan,2026-04-28,701550.0,1622850.0,-0.05508545,2.3210769,225,0
atitlan,2026-04-28,701850.0,1622850.0,-0.05114893,2.4936066,225,0
atitlan,2026-04-28,702150.0,1622850.0,-0.05234002,2.4265397,225,0
atitlan,2026-04-28,702450.0,1622850.0,-0.052907564,2.4077137,225,0
atitlan,2026-04-28,702750.0,1622850.0,0.055694293,4.821873,225,0
atitlan,2026-04-28,703050.0,1622850.0,0.1817759,7.9120393,225,0
atitlan,2026-04-28,703350.0,1622850.0,0.22610712,10.160898,225,0
atitlan,2026-04-28,703650.0,1622850.0,0.28179622,15.475075,225,1
atitlan,2026-04-28,703950.0,1622850.0,0.20240916,10.130345,225,0
atitlan,2026-04-28,704250.0,1622850.0,0.19169538,11.68929,225,0
atitlan,2026-04-28,704550.0,1622850.0,0.15997896,9.73701,225,0
atitlan,2026-04-28,704850.0,1622850.0,0.14482933,8.082833,225,0
atitlan,2026-04-28,705150.0,1622850.0,0.19023265,10.028249,225,0
atitlan,2026-04-28,705450.0,1622850.0,0.25048855,13.43538,225,1
atitlan,2026-04-28,705750.0,1622850.0,0.20736648,9.948461,225,0
atitlan,2026-04-28,706050.0,1622850.0,0.24961488,14.078834,225,1
atitlan,2026-04-28,706350.0,1622850.0,0.24777356,15.094578,225,1
atitlan,2026-04-28,706650.0,1622850.0,0.25369012,13.736415,225,1
atitlan,2026-04-28,706950.0,1622850.0,0.2576603,13.401999,225,1
atitlan,2026-04-28,707250.0,1622850.0,0.19373854,10.921749,225,0
atitlan,2026-04-28,707550.0,1622850.0,0.22859281,13.403535,225,1
atitlan,2026-04-28,707850.0,1622850.0,0.14988318,8.14453,45,0
atitlan,2026-04-28,680250.0,1623150.0,0.35639724,28.413364,180,1
atitlan,2026-04-28,680550.0,1623150.0,0.34565824,26.596342,225,1
atitlan,2026-04-28,680850.0,1623150.0,0.33951905,27.209078,225,1
atitlan,2026-04-28,681150.0,1623150.0,0.33113176,25.504917,225,1
atitlan,2026-04-28,681450.0,1623150.0,0.20555483,13.245002,225,1
atitlan,2026-04-28,681750.0,1623150.0,0.24402626,17.649593,225,1
atitlan,2026-04-28,682050.0,1623150.0,0.31062964,24.139616,225,1
atitlan,2026-04-28,682350.0,1623150.0,0.32540637,27.059414,225,1
atitlan,2026-04-28,682650.0,1623150.0,0.40958217,42.539436,225,1
atitlan,2026-04-28,682950.0,1623150.0,0.33540463,25.10139,225,1
atitlan,2026-04-28,683250.0,1623150.0,0.34388152,26.078966,225,1
atitlan,2026-04-28,683550.0,1623150.0,0.35470358,26.988789,225,1
atitlan,2026-04-28,683850.0,1623150.0,0.37206274,31.213915,225,1
atitlan,2026-04-28,684150.0,1623150.0,0.37103397,32.151043,225,1
atitlan,2026-04-28,684450.0,1623150.0,0.3648822,29.282446,225,1
atitlan,2026-04-28,684750.0,1623150.0,0.32200688,24.394817,225,1
atitlan,2026-04-28,685050.0,1623150.0,0.32141656,23.055288,225,1
atitlan,2026-04-28,685350.0,1623150.0,0.3460023,26.284473,225,1
atitlan,2026-04-28,685650.0,1623150.0,0.32017162,23.272417,225,1
atitlan,2026-04-28,685950.0,1623150.0,0.31685916,22.13207,225,1
atitlan,2026-04-28,686250.0,1623150.0,0.36152166,29.62732,225,1
atitlan,2026-04-28,686550.0,1623150.0,0.35970345,28.838232,225,1
atitlan,2026-04-28,686850.0,1623150.0,0.33806384,24.731512,225,1
atitlan,2026-04-28,687150.0,1623150.0,0.37142187,32.828117,225,1
atitlan,2026-04-28,687450.0,1623150.0,0.3566381,29.917461,225,1
atitlan,2026-04-28,687750.0,1623150.0,0.28815737,17.257645,225,1
atitlan,2026-04-28,688050.0,1623150.0,0.2787369,18.141933,225,1
atitlan,2026-04-28,688350.0,1623150.0,0.22634865,11.850924,225,0
atitlan,2026-04-28,688650.0,1623150.0,0.27277738,19.553553,225,1
atitlan,2026-04-28,688950.0,1623150.0,0.23524041,16.833681,225,1
atitlan,2026-04-28,689250.0,1623150.0,-0.028948203,3.50643,225,0
atitlan,2026-04-28,689550.0,1623150.0,-0.051176503,2.5053306,225,0
atitlan,2026-04-28,689850.0,1623150.0,-0.055794198,2.2979956,225,0
atitlan,2026-04-28,690150.0,1623150.0,-0.057924435,2.1990771,225,0
atitlan,2026-04-28,690450.0,1623150.0,-0.05734858,2.22675,225,0
atitlan,2026-04-28,690750.0,1623150.0,-0.058155354,2.1873546,225,0
atitlan,2026-04-28,691050.0,1623150.0,-0.058019344,2.1899388,225,0
atitlan,2026-04-28,691350.0,1623150.0,-0.057173148,2.2347813,225,0
atitlan,2026-04-28,691650.0,1623150.0,-0.05849834,2.1594036,225,0
atitlan,2026-04-28,691950.0,1623150.0,-0.053613264,2.3945038,225,0
atitlan,2026-04-28,692250.0,1623150.0,-0.05516339,2.3179793,225,0
atitlan,2026-04-28,692550.0,1623150.0,-0.054085433,2.3698008,225,0
atitlan,2026-04-28,692850.0,1623150.0,-0.049598537,2.5724566,225,0
atitlan,2026-04-28,693150.0,1623150.0,-0.049836464,2.552011,225,0
atitlan,2026-04-28,693450.0,1623150.0,-0.055033047,2.2847164,225,0
atitlan,2026-04-28,693750.0,1623150.0,-0.0684964,1.6001492,225,0
atitlan,2026-04-28,694050.0,1623150.0,-0.07073043,1.5172297,225,0
atitlan,2026-04-28,694350.0,1623150.0,-0.064348854,1.856463,225,0
atitlan,2026-04-28,694650.0,1623150.0,-0.05719838,2.1885448,225,0
atitlan,2026-04-28,694950.0,1623150.0,-0.059249148,2.1131117,225,0
atitlan,2026-04-28,695250.0,1623150.0,-0.04622988,2.4942884,225,0
atitlan,2026-04-28,695550.0,1623150.0,0.031121083,5.4326286,225,0
atitlan,2026-04-28,695850.0,1623150.0,-0.03830731,2.8038106,225,0
atitlan,2026-04-28,696150.0,1623150.0,-0.019446798,3.3197746,225,0
atitlan,2026-04-28,696450.0,1623150.0,-0.027838856,3.227742,225,0
atitlan,2026-04-28,696750.0,1623150.0,0.11430819,7.66184,225,0
atitlan,2026-04-28,697050.0,1623150.0,0.14954415,10.530579,225,0
atitlan,2026-04-28,697350.0,1623150.0,0.18513247,10.18279,225,0
atitlan,2026-04-28,697650.0,1623150.0,0.04054773,5.712142,225,0
atitlan,2026-04-28,697950.0,1623150.0,-0.0538757,2.3720498,225,0
atitlan,2026-04-28,698250.0,1623150.0,-0.053017434,2.419679,225,0
atitlan,2026-04-28,698550.0,1623150.0,-0.057193622,2.2267072,225,0
atitlan,2026-04-28,698850.0,1623150.0,-0.05638379,2.2684207,225,0
atitlan,2026-04-28,699150.0,1623150.0,-0.0573337,2.2298896,225,0
atitlan,2026-04-28,699450.0,1623150.0,-0.059634242,2.1156933,225,0
atitlan,2026-04-28,699750.0,1623150.0,-0.059680488,2.1103761,225,0
atitlan,2026-04-28,700050.0,1623150.0,-0.0575811,2.2161345,225,0
atitlan,2026-04-28,700350.0,1623150.0,-0.05777538,2.2080605,225,0
atitlan,2026-04-28,700650.0,1623150.0,-0.057906087,2.2003453,225,0
atitlan,2026-04-28,700950.0,1623150.0,-0.05806896,2.1980093,225,0
atitlan,2026-04-28,701250.0,1623150.0,-0.056865126,2.252171,225,0
atitlan,2026-04-28,701550.0,1623150.0,-0.055483174,2.3059916,225,0
atitlan,2026-04-28,701850.0,1623150.0,-0.056226104,2.2675378,225,0
atitlan,2026-04-28,702150.0,1623150.0,-0.053173006,2.366165,225,0
atitlan,2026-04-28,702450.0,1623150.0,-0.056430973,2.2399936,225,0
atitlan,2026-04-28,702750.0,1623150.0,-0.025167968,3.1103625,225,0
atitlan,2026-04-28,703050.0,1623150.0,0.17273392,8.33993,225,0
atitlan,2026-04-28,703350.0,1623150.0,0.17050184,6.945946,225,0
atitlan,2026-04-28,703650.0,1623150.0,0.19045305,7.937096,225,0
atitlan,2026-04-28,703950.0,1623150.0,0.17933778,8.761308,225,0
atitlan,2026-04-28,704250.0,1623150.0,0.18734208,11.73053,225,0
atitlan,2026-04-28,704550.0,1623150.0,0.1693752,10.759637,225,0
atitlan,2026-04-28,704850.0,1623150.0,0.16407396,9.139198,225,0
atitlan,2026-04-28,705150.0,1623150.0,0.17441303,9.671022,225,0
atitlan,2026-04-28,705450.0,1623150.0,0.25472876,14.717419,225,1
atitlan,2026-04-28,705750.0,1623150.0,0.22889207,11.599978,225,0
atitlan,2026-04-28,706050.0,1623150.0,0.2619451,13.6747675,225,1
atitlan,2026-04-28,706350.0,1623150.0,0.25079203,13.18693,225,1
atitlan,2026-04-28,706650.0,1623150.0,0.2534567,13.722619,225,1
atitlan,2026-04-28,706950.0,1623150.0,0.28035566,14.940123,225,1
atitlan,2026-04-28,707250.0,1623150.0,0.17233063,10.065795,225,0
atitlan,2026-04-28,707550.0,1623150.0,0.22066464,11.736578,225,0
atitlan,2026-04-28,707850.0,1623150.0,0.2748225,15.431287,45,1
atitlan,2026-04-28,680250.0,1623450.0,0.35766372,27.903673,180,1
atitlan,2026-04-28,680550.0,1623450.0,0.35466224,27.151997,225,1
atitlan,2026-04-28,680850.0,1623450.0,0.3543116,27.46566,225,1
atitlan,2026-04-28,681150.0,1623450.0,0.34244782,25.906319,225,1
atitlan,2026-04-28,681450.0,1623450.0,0.29795498,22.025568,225,1
atitlan,2026-04-28,681750.0,1623450.0,0.2419458,16.234581,225,1
atitlan,2026-04-28,682050.0,1623450.0,0.2515915,17.232576,225,1
atitlan,2026-04-28,682350.0,1623450.0,0.34202006,29.51714,225,1
atitlan,2026-04-28,682650.0,1623450.0,0.3714424,32.67507,225,1
atitlan,2026-04-28,682950.0,1623450.0,0.34886912,25.69542,225,1
atitlan,2026-04-28,683250.0,1623450.0,0.35408407,27.12254,225,1
atitlan,2026-04-28,683550.0,1623450.0,0.33142972,24.81069,225,1
atitlan,2026-04-28,683850.0,1623450.0,0.36896375,29.826324,225,1
atitlan,2026-04-28,684150.0,1623450.0,0.37156773,31.028696,225,1
atitlan,2026-04-28,684450.0,1623450.0,0.37088588,30.691826,225,1
atitlan,2026-04-28,684750.0,1623450.0,0.34564105,25.90023,225,1
atitlan,2026-04-28,685050.0,1623450.0,0.30789495,20.206207,225,1
atitlan,2026-04-28,685350.0,1623450.0,0.31005886,22.994469,225,1
atitlan,2026-04-28,685650.0,1623450.0,0.30897722,20.495287,225,1
atitlan,2026-04-28,685950.0,1623450.0,0.2574795,13.273452,225,1
atitlan,2026-04-28,686250.0,1623450.0,0.27140236,17.871668,225,1
atitlan,2026-04-28,686550.0,1623450.0,0.27370527,14.540286,225,1
atitlan,2026-04-28,686850.0,1623450.0,0.2851427,17.885319,225,1
atitlan,2026-04-28,687150.0,1623450.0,0.2781459,18.140291,225,1
atitlan,2026-04-28,687450.0,1623450.0,0.25920543,15.645052,225,1
atitlan,2026-04-28,687750.0,1623450.0,0.26471457,14.641475,225,1
atitlan,2026-04-28,688050.0,1623450.0,0.21967909,11.20323,225,0
atitlan,2026-04-28,688350.0,1623450.0,0.21141924,14.072164,225,1
atitlan,2026-04-28,688650.0,1623450.0,0.08982931,7.4625034,225,0
atitlan,2026-04-28,688950.0,1623450.0,-0.021884765,3.3312292,225,0
atitlan,2026-04-28,689250.0,1623450.0,-0.04973042,2.5662131,225,0
atitlan,2026-04-28,689550.0,1623450.0,-0.053668402,2.3946686,225,0
atitlan,2026-04-28,689850.0,1623450.0,-0.055816807,2.2905612,225,0
atitlan,2026-04-28,690150.0,1623450.0,-0.056670967,2.2596645,225,0
atitlan,2026-04-28,690450.0,1623450.0,-0.056791995,2.2543755,225,0
atitlan,2026-04-28,690750.0,1623450.0,-0.057026893,2.242305,225,0
atitlan,2026-04-28,691050.0,1623450.0,-0.057250645,2.2294326,225,0
atitlan,2026-04-28,691350.0,1623450.0,-0.05949254,2.1234512,225,0
atitlan,2026-04-28,691650.0,1623450.0,-0.05511381,2.3287728,225,0
atitlan,2026-04-28,691950.0,1623450.0,-0.052363046,2.4555147,225,0
atitlan,2026-04-28,692250.0,1623450.0,-0.05265958,2.4393542,225,0
atitlan,2026-04-28,692550.0,1623450.0,-0.052421827,2.452682,225,0
atitlan,2026-04-28,692850.0,1623450.0,-0.05143269,2.4925325,225,0
atitlan,2026-04-28,693150.0,1623450.0,-0.053637553,2.3882246,225,0
atitlan,2026-04-28,693450.0,1623450.0,-0.05459804,2.3140373,225,0
atitlan,2026-04-28,693750.0,1623450.0,-0.07044971,1.5030271,225,0
atitlan,2026-04-28,694050.0,1623450.0,-0.076851234,1.1696882,225,0
atitlan,2026-04-28,694350.0,1623450.0,-0.07319566,1.3793045,225,0
atitlan,2026-04-28,694650.0,1623450.0,-0.06979142,1.5607126,225,0
atitlan,2026-04-28,694950.0,1623450.0,-0.0687826,1.6282271,225,0
atitlan,2026-04-28,695250.0,1623450.0,-0.06921512,1.6058095,225,0
atitlan,2026-04-28,695550.0,1623450.0,-0.0674976,1.6987815,225,0
atitlan,2026-04-28,695850.0,1623450.0,-0.06807474,1.6766315,225,0
atitlan,2026-04-28,696150.0,1623450.0,-0.06793971,1.6842809,225,0
atitlan,2026-04-28,696450.0,1623450.0,-0.06787838,1.688342,225,0
atitlan,2026-04-28,696750.0,1623450.0,-0.054359276,2.318326,225,0
atitlan,2026-04-28,697050.0,1623450.0,-0.05807691,2.168916,225,0
atitlan,2026-04-28,697350.0,1623450.0,-0.034034938,3.0618265,225,0
atitlan,2026-04-28,697650.0,1623450.0,-0.055309974,2.2911558,225,0
atitlan,2026-04-28,697950.0,1623450.0,-0.05702246,2.2356286,225,0
atitlan,2026-04-28,698250.0,1623450.0,-0.05583397,2.2784278,225,0
atitlan,2026-04-28,698550.0,1623450.0,-0.05810036,2.188122,225,0
atitlan,2026-04-28,698850.0,1623450.0,-0.057625033,2.2120416,225,0
atitlan,2026-04-28,699150.0,1623450.0,-0.058626186,2.164023,225,0
atitlan,2026-04-28,699450.0,1623450.0,-0.057848305,2.2024846,225,0
atitlan,2026-04-28,699750.0,1623450.0,-0.058496017,2.1721642,225,0
atitlan,2026-04-28,700050.0,1623450.0,-0.057439864,2.2247882,225,0
atitlan,2026-04-28,700350.0,1623450.0,-0.05753833,2.217675,225,0
atitlan,2026-04-28,700650.0,1623450.0,-0.05784403,2.2040632,225,0
atitlan,2026-04-28,700950.0,1623450.0,-0.056098375,2.2860641,225,0
atitlan,2026-04-28,701250.0,1623450.0,-0.05699552,2.2441764,225,0
atitlan,2026-04-28,701550.0,1623450.0,-0.05820755,2.176062,225,0
atitlan,2026-04-28,701850.0,1623450.0,-0.05614982,2.2607517,225,0
atitlan,2026-04-28,702150.0,1623450.0,-0.05531678,2.276889,225,0
atitlan,2026-04-28,702450.0,1623450.0,-0.05887469,2.131243,225,0
atitlan,2026-04-28,702750.0,1623450.0,0.10236536,6.173932,225,0
atitlan,2026-04-28,703050.0,1623450.0,0.099280745,5.2295074,225,0
atitlan,2026-04-28,703350.0,1623450.0,0.14809506,5.9646497,225,0
atitlan,2026-04-28,703650.0,1623450.0,0.19554713,8.832504,225,0
atitlan,2026-04-28,703950.0,1623450.0,0.15444136,8.976165,225,0
atitlan,2026-04-28,704250.0,1623450.0,0.16991584,9.712471,225,0
atitlan,2026-04-28,704550.0,1623450.0,0.1769318,9.396959,225,0
atitlan,2026-04-28,704850.0,1623450.0,0.1833347,10.38245,225,0
atitlan,2026-04-28,705150.0,1623450.0,0.18871687,11.212571,225,0
atitlan,2026-04-28,705450.0,1623450.0,0.1643052,8.240327,225,0
atitlan,2026-04-28,705750.0,1623450.0,0.19428445,8.411048,225,0
atitlan,2026-04-28,706050.0,1623450.0,0.2097012,9.566746,225,0
atitlan,2026-04-28,706350.0,1623450.0,0.25008425,13.005146,225,1
atitlan,2026-04-28,706650.0,1623450.0,0.28127128,17.190117,225,1
atitlan,2026-04-28,706950.0,1623450.0,0.22665623,13.551614,225,1
atitlan,2026-04-28,707250.0,1623450.0,0.19260406,10.25538,225,0
atitlan,2026-04-28,707550.0,1623450.0,0.13976945,8.322942,225,0
atitlan,2026-04-28,707850.0,1623450.0,0.11482498,6.8052015,45,0
atitlan,2026-04-28,680250.0,1623750.0,0.3591724,28.171276,180,1
atitlan,2026-04-28,680550.0,1623750.0,0.37030026,30.26068,225,1
atitlan,2026-04-28,680850.0,1623750.0,0.37893918,32.682667,225,1
atitlan,2026-04-28,681150.0,1623750.0,0.36616746,30.463144,225,1
atitlan,2026-04-28,681450.0,1623750.0,0.32634124,25.988007,225,1
atitlan,2026-04-28,681750.0,1623750.0,0.29067388,21.231539,225,1
atitlan,2026-04-28,682050.0,1623750.0,0.2780005,20.851383,225,1
atitlan,2026-04-28,682350.0,1623750.0,0.30673265,23.958723,225,1
atitlan,2026-04-28,682650.0,1623750.0,0.37903634,39.234505,225,1
atitlan,2026-04-28,682950.0,1623750.0,0.341873,26.74987,225,1
atitlan,2026-04-28,683250.0,1623750.0,0.29249766,18.115393,225,1
atitlan,2026-04-28,683550.0,1623750.0,0.34907722,26.795774,225,1
atitlan,2026-04-28,683850.0,1623750.0,0.3403144,25.874464,225,1
atitlan,2026-04-28,684150.0,1623750.0,0.34883508,25.566923,225,1
atitlan,2026-04-28,684450.0,1623750.0,0.34443507,25.921549,225,1
atitlan,2026-04-28,684750.0,1623750.0,0.32501194,21.719694,225,1
atitlan,2026-04-28,685050.0,1623750.0,0.30859134,20.03267,225,1
atitlan,2026-04-28,685350.0,1623750.0,0.269656,15.88389,225,1
atitlan,2026-04-28,685650.0,1623750.0,0.24763016,13.309967,225,1
atitlan,2026-04-28,685950.0,1623750.0,0.23590124,12.73386,225,1
atitlan,2026-04-28,686250.0,1623750.0,0.2682369,17.297737,225,1
atitlan,2026-04-28,686550.0,1623750.0,0.266521,15.169468,225,1
atitlan,2026-04-28,686850.0,1623750.0,0.2630238,15.123443,225,1
atitlan,2026-04-28,687150.0,1623750.0,0.2570009,14.200907,225,1
atitlan,2026-04-28,687450.0,1623750.0,0.20620309,12.199437,225,1
atitlan,2026-04-28,687750.0,1623750.0,0.16351786,8.617335,225,0
atitlan,2026-04-28,688050.0,1623750.0,0.013509744,4.199751,225,0
atitlan,2026-04-28,688350.0,1623750.0,-0.030029327,3.0510056,225,0
atitlan,2026-04-28,688650.0,1623750.0,-0.043318477,2.7797308,225,0
atitlan,2026-04-28,688950.0,1623750.0,-0.050405964,2.4700804,225,0
atitlan,2026-04-28,689250.0,1623750.0,-0.051674977,2.4827406,225,0
atitlan,2026-04-28,689550.0,1623750.0,-0.053571444,2.4014997,225,0
atitlan,2026-04-28,689850.0,1623750.0,-0.056318432,2.2709289,225,0
atitlan,2026-04-28,690150.0,1623750.0,-0.05763388,2.2110355,225,0
atitlan,2026-04-28,690450.0,1623750.0,-0.056615755,2.2585964,225,0
atitlan,2026-04-28,690750.0,1623750.0,-0.057860076,2.2047894,225,0
atitlan,2026-04-28,691050.0,1623750.0,-0.057469495,2.2245593,225,0
atitlan,2026-04-28,691350.0,1623750.0,-0.058320794,2.1803021,225,0
atitlan,2026-04-28,691650.0,1623750.0,-0.055250905,2.3253732,225,0
atitlan,2026-04-28,691950.0,1623750.0,-0.053426094,2.404446,225,0
atitlan,2026-04-28,692250.0,1623750.0,-0.052507173,2.448089,225,0
atitlan,2026-04-28,692550.0,1623750.0,-0.05531677,2.3067274,225,0
atitlan,2026-04-28,692850.0,1623750.0,-0.054332707,2.358795,225,0
atitlan,2026-04-28,693150.0,1623750.0,-0.053511437,2.3919103,225,0
atitlan,2026-04-28,693450.0,1623750.0,-0.05557621,2.2676237,225,0
atitlan,2026-04-28,693750.0,1623750.0,-0.06636629,1.7221924,225,0
atitlan,2026-04-28,694050.0,1623750.0,-0.07740841,1.1335142,225,0
atitlan,2026-04-28,694350.0,1623750.0,-0.07685165,1.1723065,225,0
atitlan,2026-04-28,694650.0,1623750.0,-0.074183114,1.3183676,225,0
atitlan,2026-04-28,694950.0,1623750.0,-0.07600515,1.2253066,225,0
atitlan,2026-04-28,695250.0,1623750.0,-0.073355496,1.3751842,225,0
atitlan,2026-04-28,695550.0,1623750.0,-0.07332297,1.3813328,225,0
atitlan,2026-04-28,695850.0,1623750.0,-0.07325965,1.3899546,225,0
atitlan,2026-04-28,696150.0,1623750.0,-0.07479448,1.2950437,225,0
atitlan,2026-04-28,696450.0,1623750.0,-0.072651304,1.4222431,225,0
atitlan,2026-04-28,696750.0,1623750.0,-0.072528236,1.4272536,225,0
atitlan,2026-04-28,697050.0,1623750.0,-0.071653344,1.4769335,225,0
atitlan,2026-04-28,697350.0,1623750.0,-0.07015741,1.5611669,225,0
atitlan,2026-04-28,697650.0,1623750.0,-0.06492159,1.8365825,225,0
atitlan,2026-04-28,697950.0,1623750.0,-0.06238844,1.9706128,225,0
atitlan,2026-04-28,698250.0,1623750.0,-0.05649092,2.255247,225,0
atitlan,2026-04-28,698550.0,1623750.0,-0.05614031,2.2826772,225,0
atitlan,2026-04-28,698850.0,1623750.0,-0.05661989,2.2602046,225,0
atitlan,2026-04-28,699150.0,1623750.0,-0.057654895,2.2133126,225,0
atitlan,2026-04-28,699450.0,1623750.0,-0.057351917,2.2258565,225,0
atitlan,2026-04-28,699750.0,1623750.0,-0.059022438,2.1463902,225,0
atitlan,2026-04-28,700050.0,1623750.0,-0.058104925,2.1880586,225,0
atitlan,2026-04-28,700350.0,1623750.0,-0.057785876,2.2053378,225,0
atitlan,2026-04-28,700650.0,1623750.0,-0.058633022,2.1685238,225,0
atitlan,2026-04-28,700950.0,1623750.0,-0.058130752,2.189155,225,0
atitlan,2026-04-28,701250.0,1623750.0,-0.057450097,2.2236063,225,0
atitlan,2026-04-28,701550.0,1623750.0,-0.06009741,2.0893645,225,0
atitlan,2026-04-28,701850.0,1623750.0,-0.059063148,2.1320124,225,0
atitlan,2026-04-28,702150.0,1623750.0,-0.060780443,2.0206382,225,0
atitlan,2026-04-28,702450.0,1623750.0,-0.058655612,2.1393883,225,0
atitlan,2026-04-28,702750.0,1623750.0,0.11161251,6.044522,225,0
atitlan,2026-04-28,703050.0,1623750.0,0.1385331,5.716738,225,0
atitlan,2026-04-28,703350.0,1623750.0,0.17719097,7.3287315,225,0
atitlan,2026-04-28,703650.0,1623750.0,0.18912257,9.650913,225,0
atitlan,2026-04-28,703950.0,1623750.0,0.100889884,5.9617453,225,0
atitlan,2026-04-28,704250.0,1623750.0,0.19630738,12.744312,225,1
atitlan,2026-04-28,704550.0,1623750.0,0.15447164,8.972391,225,0
atitlan,2026-04-28,704850.0,1623750.0,0.20277476,11.005811,225,0
atitlan,2026-04-28,705150.0,1623750.0,0.21176574,12.014981,225,1
atitlan,2026-04-28,705450.0,1623750.0,0.173315,10.184425,225,0
atitlan,2026-04-28,705750.0,1623750.0,0.18819755,9.515662,225,0
atitlan,2026-04-28,706050.0,1623750.0,0.22187622,10.834841,225,0
atitlan,2026-04-28,706350.0,1623750.0,0.25937158,14.489479,225,1
atitlan,2026-04-28,706650.0,1623750.0,0.312899,20.325495,225,1
atitlan,2026-04-28,706950.0,1623750.0,0.19477658,12.543206,225,1
atitlan,2026-04-28,707250.0,1623750.0,0.121791855,7.3819547,225,0
atitlan,2026-04-28,707550.0,1623750.0,0.21822575,12.236773,225,1
atitlan,2026-04-28,707850.0,1623750.0,0.3159567,19.948095,45,1
atitlan,2026-04-28,680250.0,1624050.0,0.3521549,27.31822,180,1
atitlan,2026-04-28,680550.0,1624050.0,0.34810016,25.075636,225,1
atitlan,2026-04-28,680850.0,1624050.0,0.3247108,22.892078,225,1
atitlan,2026-04-28,681150.0,1624050.0,0.3120734,22.710743,225,1
atitlan,2026-04-28,681450.0,1624050.0,0.34217584,26.663593,225,1
atitlan,2026-04-28,681750.0,1624050.0,0.26125696,17.83372,225,1
atitlan,2026-04-28,682050.0,1624050.0,0.36775374,32.23066,225,1
atitlan,2026-04-28,682350.0,1624050.0,0.37481052,32.95055,225,1
atitlan,2026-04-28,682650.0,1624050.0,0.28592774,22.976713,225,1
atitlan,2026-04-28,682950.0,1624050.0,0.32070044,23.383595,225,1
atitlan,2026-04-28,683250.0,1624050.0,0.24659199,12.740768,225,1
atitlan,2026-04-28,683550.0,1624050.0,0.30846006,20.431528,225,1
atitlan,2026-04-28,683850.0,1624050.0,0.31634134,22.300148,225,1
atitlan,2026-04-28,684150.0,1624050.0,0.33625826,24.037973,225,1
atitlan,2026-04-28,684450.0,1624050.0,0.3196529,20.712448,225,1
atitlan,2026-04-28,684750.0,1624050.0,0.3099947,19.380434,225,1
atitlan,2026-04-28,685050.0,1624050.0,0.30638915,19.369541,225,1
atitlan,2026-04-28,685350.0,1624050.0,0.2737933,15.986007,225,1
atitlan,2026-04-28,685650.0,1624050.0,0.2686622,14.793112,225,1
atitlan,2026-04-28,685950.0,1624050.0,0.23583418,13.101317,225,1
atitlan,2026-04-28,686250.0,1624050.0,0.24640383,14.425631,225,1
atitlan,2026-04-28,686550.0,1624050.0,0.2444256,16.304977,225,1
atitlan,2026-04-28,686850.0,1624050.0,0.22461863,12.582894,225,1
atitlan,2026-04-28,687150.0,1624050.0,0.18577388,9.109823,225,0
atitlan,2026-04-28,687450.0,1624050.0,0.09947831,6.477787,225,0
atitlan,2026-04-28,687750.0,1624050.0,-0.023020148,3.2488883,225,0
atitlan,2026-04-28,688050.0,1624050.0,-0.04940347,2.5638788,225,0
atitlan,2026-04-28,688350.0,1624050.0,-0.060817927,1.9953932,225,0
atitlan,2026-04-28,688650.0,1624050.0,-0.06264818,1.9149468,225,0
atitlan,2026-04-28,688950.0,1624050.0,-0.05777281,2.1674783,225,0
atitlan,2026-04-28,689250.0,1624050.0,-0.054585744,2.3508086,225,0
atitlan,2026-04-28,689550.0,1624050.0,-0.056983486,2.240628,225,0
atitlan,2026-04-28,689850.0,1624050.0,-0.05995408,2.096745,225,0
atitlan,2026-04-28,690150.0,1624050.0,-0.0586385,2.163672,225,0
atitlan,2026-04-28,690450.0,1624050.0,-0.057968624,2.1930172,225,0
atitlan,2026-04-28,690750.0,1624050.0,-0.056299977,2.2687922,225,0
atitlan,2026-04-28,691050.0,1624050.0,-0.056283046,2.2761467,225,0
atitlan,2026-04-28,691350.0,1624050.0,-0.055309106,2.3222167,225,0
atitlan,2026-04-28,691650.0,1624050.0,-0.054520477,2.3610075,225,0
atitlan,2026-04-28,691950.0,1624050.0,-0.055014722,2.333325,225,0
atitlan,2026-04-28,692250.0,1624050.0,-0.053606454,2.3937128,225,0
atitlan,2026-04-28,692550.0,1624050.0,-0.056767784,2.2445443,225,0
atitlan,2026-04-28,692850.0,1624050.0,-0.055779528,2.2781227,225,0
atitlan,2026-04-28,693150.0,1624050.0,-0.053973973,2.3714607,225,0
atitlan,2026-04-28,693450.0,1624050.0,-0.0552467,2.2995481,225,0
atitlan,2026-04-28,693750.0,1624050.0,-0.06622803,1.7383842,225,0
atitlan,2026-04-28,694050.0,1624050.0,-0.07741578,1.1272507,225,0
atitlan,2026-04-28,694350.0,1624050.0,-0.07848856,1.0734147,225,0
atitlan,2026-04-28,694650.0,1624050.0,-0.077281885,1.1440649,225,0
atitlan,2026-04-28,694950.0,1624050.0,-0.07653636,1.1928487,225,0
atitlan,2026-04-28,695250.0,1624050.0,-0.075443015,1.2597251,225,0
atitlan,2026-04-28,695550.0,1624050.0,-0.07496352,1.291632,225,0
atitlan,2026-04-28,695850.0,1624050.0,-0.076388046,1.2034422,225,0
atitlan,2026-04-28,696150.0,1624050.0,-0.076349206,1.2026112,225,0
atitlan,2026-04-28,696450.0,1624050.0,-0.07412397,1.3379695,225,0
atitlan,2026-04-28,696750.0,1624050.0,-0.074531116,1.3144238,225,0
atitlan,2026-04-28,697050.0,1624050.0,-0.07663302,1.1835452,225,0
atitlan,2026-04-28,697350.0,1624050.0,-0.073617,1.3550249,225,0
atitlan,2026-04-28,697650.0,1624050.0,-0.07024881,1.536104,225,0
atitlan,2026-04-28,697950.0,1624050.0,-0.06284474,1.9331845,225,0
atitlan,2026-04-28,698250.0,1624050.0,-0.060024235,2.0880795,225,0
atitlan,2026-04-28,698550.0,1624050.0,-0.056572296,2.2611346,225,0
atitlan,2026-04-28,698850.0,1624050.0,-0.058470752,2.1721709,225,0
atitlan,2026-04-28,699150.0,1624050.0,-0.05910473,2.1412997,225,0
atitlan,2026-04-28,699450.0,1624050.0,-0.058912635,2.1503937,225,0
atitlan,2026-04-28,699750.0,1624050.0,-0.05874081,2.1599095,225,0
atitlan,2026-04-28,700050.0,1624050.0,-0.06076542,2.0570593,225,0
atitlan,2026-04-28,700350.0,1624050.0,-0.057941753,2.2001445,225,0
atitlan,2026-04-28,700650.0,1624050.0,-0.058132168,2.191776,225,0
atitlan,2026-04-28,700950.0,1624050.0,-0.05810121,2.1917129,225,0
atitlan,2026-04-28,701250.0,1624050.0,-0.059730124,2.1101959,225,0
atitlan,2026-04-28,701550.0,1624050.0,-0.061151754,2.0376816,225,0
atitlan,2026-04-28,701850.0,1624050.0,-0.0594901,2.118871,225,0
atitlan,2026-04-28,702150.0,1624050.0,-0.05987076,2.0867186,225,0
atitlan,2026-04-28,702450.0,1624050.0,-0.039831385,2.6518595,225,0
atitlan,2026-04-28,702750.0,1624050.0,0.1328324,6.296521,225,0
atitlan,2026-04-28,703050.0,1624050.0,0.15791953,6.3085,225,0
atitlan,2026-04-28,703350.0,1624050.0,0.18432152,8.317121,225,0
atitlan,2026-04-28,703650.0,1624050.0,0.18775834,9.618028,225,0
atitlan,2026-04-28,703950.0,1624050.0,0.13505048,7.807959,225,0
atitlan,2026-04-28,704250.0,1624050.0,0.1458893,7.762206,225,0
atitlan,2026-04-28,704550.0,1624050.0,0.15555008,9.261032,225,0
atitlan,2026-04-28,704850.0,1624050.0,0.21044815,11.244288,225,0
atitlan,2026-04-28,705150.0,1624050.0,0.17104976,7.923947,225,0
atitlan,2026-04-28,705450.0,1624050.0,0.13684805,7.1816926,225,0
atitlan,2026-04-28,705750.0,1624050.0,0.14982447,8.617641,225,0
atitlan,2026-04-28,706050.0,1624050.0,0.1780004,9.212995,225,0
atitlan,2026-04-28,706350.0,1624050.0,0.23919311,13.708064,225,1
atitlan,2026-04-28,706650.0,1624050.0,0.28798997,18.16406,225,1
atitlan,2026-04-28,706950.0,1624050.0,0.2894603,17.253271,225,1
atitlan,2026-04-28,707250.0,1624050.0,0.23743376,12.905776,225,1
atitlan,2026-04-28,707550.0,1624050.0,0.23301569,14.497564,225,1
atitlan,2026-04-28,707850.0,1624050.0,0.17939864,10.133581,45,0
atitlan,2026-04-28,680250.0,1624350.0,0.3309036,23.331846,180,1
atitlan,2026-04-28,680550.0,1624350.0,0.33691013,24.049488,225,1
atitlan,2026-04-28,680850.0,1624350.0,0.31581888,22.452766,225,1
atitlan,2026-04-28,681150.0,1624350.0,0.27000216,19.852179,225,1
atitlan,2026-04-28,681450.0,1624350.0,0.31552878,25.183798,225,1
atitlan,2026-04-28,681750.0,1624350.0,0.20596549,13.55673,225,1
atitlan,2026-04-28,682050.0,1624350.0,0.3380253,26.552746,225,1
atitlan,2026-04-28,682350.0,1624350.0,0.28740522,21.698145,225,1
atitlan,2026-04-28,682650.0,1624350.0,0.24133961,17.200365,225,1
atitlan,2026-04-28,682950.0,1624350.0,0.36061782,31.674759,225,1
atitlan,2026-04-28,683250.0,1624350.0,0.27773833,15.59061,225,1
atitlan,2026-04-28,683550.0,1624350.0,0.26806962,15.21644,225,1
atitlan,2026-04-28,683850.0,1624350.0,0.29799977,20.126495,225,1
atitlan,2026-04-28,684150.0,1624350.0,0.3034055,18.804401,225,1
atitlan,2026-04-28,684450.0,1624350.0,0.30933267,19.125044,225,1
atitlan,2026-04-28,684750.0,1624350.0,0.30121008,17.857819,225,1
atitlan,2026-04-28,685050.0,1624350.0,0.2872545,16.16979,225,1
atitlan,2026-04-28,685350.0,1624350.0,0.253995,13.44717,225,1
atitlan,2026-04-28,685650.0,1624350.0,0.1858342,10.451136,225,0
atitlan,2026-04-28,685950.0,1624350.0,0.21976463,13.135967,225,1
atitlan,2026-04-28,686250.0,1624350.0,0.24367768,13.68136,225,1
atitlan,2026-04-28,686550.0,1624350.0,0.2100695,12.725845,225,1
atitlan,2026-04-28,686850.0,1624350.0,0.14610831,9.013235,225,0
atitlan,2026-04-28,687150.0,1624350.0,0.07143956,5.371553,225,0
atitlan,2026-04-28,687450.0,1624350.0,-0.030446548,2.8264124,225,0
atitlan,2026-04-28,687750.0,1624350.0,-0.065835275,1.7616491,225,0
atitlan,2026-04-28,688050.0,1624350.0,-0.06599001,1.7315942,225,0
atitlan,2026-04-28,688350.0,1624350.0,-0.076005,1.2085152,225,0
atitlan,2026-04-28,688650.0,1624350.0,-0.07354743,1.3547117,225,0
atitlan,2026-04-28,688950.0,1624350.0,-0.061314,2.0111756,225,0
atitlan,2026-04-28,689250.0,1624350.0,-0.056663178,2.255368,225,0
atitlan,2026-04-28,689550.0,1624350.0,-0.055641018,2.3010733,225,0
atitlan,2026-04-28,689850.0,1624350.0,-0.05569982,2.3008132,225,0
atitlan,2026-04-28,690150.0,1624350.0,-0.057703327,2.2088833,225,0
atitlan,2026-04-28,690450.0,1624350.0,-0.056192387,2.2803004,225,0
atitlan,2026-04-28,690750.0,1624350.0,-0.054975394,2.3378587,225,0
atitlan,2026-04-28,691050.0,1624350.0,-0.05535683,2.3221567,225,0
atitlan,2026-04-28,691350.0,1624350.0,-0.056163628,2.2809787,225,0
atitlan,2026-04-28,691650.0,1624350.0,-0.05712263,2.2354743,225,0
atitlan,2026-04-28,691950.0,1624350.0,-0.05673382,2.2509587,225,0
atitlan,2026-04-28,692250.0,1624350.0,-0.05440108,2.3598576,225,0
atitlan,2026-04-28,692550.0,1624350.0,-0.054889027,2.3289826,225,0
atitlan,2026-04-28,692850.0,1624350.0,-0.0569016,2.23323,225,0
atitlan,2026-04-28,693150.0,1624350.0,-0.056050245,2.2677615,225,0
atitlan,2026-04-28,693450.0,1624350.0,-0.053963423,2.360477,225,0
atitlan,2026-04-28,693750.0,1624350.0,-0.06557924,1.7854801,225,0
atitlan,2026-04-28,694050.0,1624350.0,-0.073793046,1.3264325,225,0
atitlan,2026-04-28,694350.0,1624350.0,-0.07922056,1.0348927,225,0
atitlan,2026-04-28,694650.0,1624350.0,-0.07785956,1.1125177,225,0
atitlan,2026-04-28,694950.0,1624350.0,-0.07821219,1.0883905,225,0
atitlan,2026-04-28,695250.0,1624350.0,-0.07633546,1.2049451,225,0
atitlan,2026-04-28,695550.0,1624350.0,-0.076016836,1.2223406,225,0
atitlan,2026-04-28,695850.0,1624350.0,-0.076625556,1.1902488,225,0
atitlan,2026-04-28,696150.0,1624350.0,-0.07685888,1.1745243,225,0
atitlan,2026-04-28,696450.0,1624350.0,-0.07694118,1.1679081,225,0
atitlan,2026-04-28,696750.0,1624350.0,-0.07672269,1.1829572,225,0
atitlan,2026-04-28,697050.0,1624350.0,-0.07750829,1.1332986,225,0
atitlan,2026-04-28,697350.0,1624350.0,-0.07660856,1.1868709,225,0
atitlan,2026-04-28,697650.0,1624350.0,-0.07380839,1.3419455,225,0
atitlan,2026-04-28,697950.0,1624350.0,-0.06610522,1.7586088,225,0
atitlan,2026-04-28,698250.0,1624350.0,-0.058822416,2.148894,225,0
atitlan,2026-04-28,698550.0,1624350.0,-0.060868744,2.0480783,225,0
atitlan,2026-04-28,698850.0,1624350.0,-0.05982554,2.103551,225,0
atitlan,2026-04-28,699150.0,1624350.0,-0.061544675,2.0175374,225,0
atitlan,2026-04-28,699450.0,1624350.0,-0.059427526,2.1258876,225,0
atitlan,2026-04-28,699750.0,1624350.0,-0.058773097,2.1567552,225,0
atitlan,2026-04-28,700050.0,1624350.0,-0.062277857,1.9804493,225,0
atitlan,2026-04-28,700350.0,1624350.0,-0.059227422,2.1336458,225,0
atitlan,2026-04-28,700650.0,1624350.0,-0.058086947,2.1924117,225,0
atitlan,2026-04-28,700950.0,1624350.0,-0.058424037,2.1735132,225,0
atitlan,2026-04-28,701250.0,1624350.0,-0.061179996,2.0350869,225,0
atitlan,2026-04-28,701550.0,1624350.0,-0.06056116,2.0670745,225,0
atitlan,2026-04-28,701850.0,1624350.0,-0.058820695,2.1539664,225,0
atitlan,2026-04-28,702150.0,1624350.0,-0.05825938,2.166698,225,0
atitlan,2026-04-28,702450.0,1624350.0,-0.015156629,3.3377783,225,0
atitlan,2026-04-28,702750.0,1624350.0,0.13068965,6.2173834,225,0
atitlan,2026-04-28,703050.0,1624350.0,0.1548977,6.260104,225,0
atitlan,2026-04-28,703350.0,1624350.0,0.19704823,8.542733,225,0
atitlan,2026-04-28,703650.0,1624350.0,0.2268664,12.977765,225,1
atitlan,2026-04-28,703950.0,1624350.0,0.2568907,15.163419,225,1
atitlan,2026-04-28,704250.0,1624350.0,0.17843492,10.88916,225,0
atitlan,2026-04-28,704550.0,1624350.0,0.21655475,13.356771,225,1
atitlan,2026-04-28,704850.0,1624350.0,0.18668447,11.895287,225,0
atitlan,2026-04-28,705150.0,1624350.0,0.114492625,6.269008,225,0
atitlan,2026-04-28,705450.0,1624350.0,0.1636407,7.5921125,225,0
atitlan,2026-04-28,705750.0,1624350.0,0.09464028,5.5133963,225,0
atitlan,2026-04-28,706050.0,1624350.0,0.10443607,5.871997,225,0
atitlan,2026-04-28,706350.0,1624350.0,0.12835313,7.863768,225,0
atitlan,2026-04-28,706650.0,1624350.0,0.32291487,25.085106,225,1
atitlan,2026-04-28,706950.0,1624350.0,0.27650678,15.824043,225,1
atitlan,2026-04-28,707250.0,1624350.0,0.24468039,11.848769,225,0
atitlan,2026-04-28,707550.0,1624350.0,0.11924394,7.3825455,225,0
atitlan,2026-04-28,707850.0,1624350.0,0.11749448,6.678545,45,0
atitlan,2026-04-28,680250.0,1624650.0,0.39301422,35.789047,180,1
atitlan,2026-04-28,680550.0,1624650.0,0.333516,25.49236,225,1
atitlan,2026-04-28,680850.0,1624650.0,0.29386333,20.197937,225,1
atitlan,2026-04-28,681150.0,1624650.0,0.27541482,18.767324,225,1
atitlan,2026-04-28,681450.0,1624650.0,0.28977853,20.693443,225,1
atitlan,2026-04-28,681750.0,1624650.0,0.23133673,16.985292,225,1
atitlan,2026-04-28,682050.0,1624650.0,0.29735434,20.608631,225,1
atitlan,2026-04-28,682350.0,1624650.0,0.31783706,25.09435,225,1
atitlan,2026-04-28,682650.0,1624650.0,0.3328228,25.286982,225,1
atitlan,2026-04-28,682950.0,1624650.0,0.40422896,40.239155,225,1
atitlan,2026-04-28,683250.0,1624650.0,0.2934078,18.322704,225,1
atitlan,2026-04-28,683550.0,1624650.0,0.26849422,14.304387,225,1
atitlan,2026-04-28,683850.0,1624650.0,0.22942886,13.580878,225,1
atitlan,2026-04-28,684150.0,1624650.0,0.229989,13.140761,225,1
atitlan,2026-04-28,684450.0,1624650.0,0.21618037,12.270419,225,1
atitlan,2026-04-28,684750.0,1624650.0,0.2854792,15.438533,225,1
atitlan,2026-04-28,685050.0,1624650.0,0.25057918,12.148894,225,1
atitlan,2026-04-28,685350.0,1624650.0,0.23769657,15.096045,225,1
atitlan,2026-04-28,685650.0,1624650.0,0.12000597,8.04564,225,0
atitlan,2026-04-28,685950.0,1624650.0,0.11342876,7.5914555,225,0
atitlan,2026-04-28,686250.0,1624650.0,0.06482998,5.1838474,225,0
atitlan,2026-04-28,686550.0,1624650.0,0.0842551,6.764394,225,0
atitlan,2026-04-28,686850.0,1624650.0,0.124987185,7.3430595,225,0
atitlan,2026-04-28,687150.0,1624650.0,-0.0402556,2.6161063,225,0
atitlan,2026-04-28,687450.0,1624650.0,-0.06112921,2.0135427,225,0
atitlan,2026-04-28,687750.0,1624650.0,-0.06974019,1.5674648,225,0
atitlan,2026-04-28,688050.0,1624650.0,-0.07195052,1.4409809,225,0
atitlan,2026-04-28,688350.0,1624650.0,-0.07313975,1.3837055,225,0
atitlan,2026-04-28,688650.0,1624650.0,-0.06738897,1.6840287,225,0
atitlan,2026-04-28,688950.0,1624650.0,-0.057811525,2.1940389,225,0
atitlan,2026-04-28,689250.0,1624650.0,-0.054187655,2.3692386,225,0
atitlan,2026-04-28,689550.0,1624650.0,-0.055128485,2.3276215,225,0
atitlan,2026-04-28,689850.0,1624650.0,-0.054949995,2.3359008,225,0
atitlan,2026-04-28,690150.0,1624650.0,-0.056049988,2.2886734,225,0
atitlan,2026-04-28,690450.0,1624650.0,-0.054527197,2.3578944,225,0
atitlan,2026-04-28,690750.0,1624650.0,-0.056056105,2.2900805,225,0
atitlan,2026-04-28,691050.0,1624650.0,-0.056396738,2.2706559,225,0
atitlan,2026-04-28,691350.0,1624650.0,-0.058621217,2.1653948,225,0
atitlan,2026-04-28,691650.0,1624650.0,-0.059195638,2.1342797,225,0
atitlan,2026-04-28,691950.0,1624650.0,-0.057431556,2.2168522,225,0
atitlan,2026-04-28,692250.0,1624650.0,-0.054179348,2.372376,225,0
atitlan,2026-04-28,692550.0,1624650.0,-0.057630565,2.1974845,225,0
atitlan,2026-04-28,692850.0,1624650.0,-0.058499433,2.1357524,225,0
atitlan,2026-04-28,693150.0,1624650.0,-0.058545396,2.1239488,225,0
atitlan,2026-04-28,693450.0,1624650.0,-0.058287457,2.1434014,225,0
atitlan,2026-04-28,693750.0,1624650.0,-0.06790642,1.6572253,225,0
atitlan,2026-04-28,694050.0,1624650.0,-0.067645855,1.6706582,225,0
atitlan,2026-04-28,694350.0,1624650.0,-0.07756539,1.1337534,225,0
atitlan,2026-04-28,694650.0,1624650.0,-0.07627885,1.2048506,225,0
atitlan,2026-04-28,694950.0,1624650.0,-0.075850874,1.231223,225,0
atitlan,2026-04-28,695250.0,1624650.0,-0.07478624,1.298711,225,0
atitlan,2026-04-28,695550.0,1624650.0,-0.074018605,1.3395318,225,0
atitlan,2026-04-28,695850.0,1624650.0,-0.075353205,1.2661728,225,0
atitlan,2026-04-28,696150.0,1624650.0,-0.07724743,1.155671,225,0
atitlan,2026-04-28,696450.0,1624650.0,-0.07870916,1.0608685,225,0
atitlan,2026-04-28,696750.0,1624650.0,-0.077978484,1.106267,225,0
atitlan,2026-04-28,697050.0,1624650.0,-0.07861751,1.0678848,225,0
atitlan,2026-04-28,697350.0,1624650.0,-0.07665892,1.1877762,225,0
atitlan,2026-04-28,697650.0,1624650.0,-0.074809164,1.2913443,225,0
atitlan,2026-04-28,697950.0,1624650.0,-0.06925496,1.5825225,225,0
atitlan,2026-04-28,698250.0,1624650.0,-0.05806139,2.1735253,225,0
atitlan,2026-04-28,698550.0,1624650.0,-0.060124524,2.0775094,225,0
atitlan,2026-04-28,698850.0,1624650.0,-0.060680415,2.0604572,225,0
atitlan,2026-04-28,699150.0,1624650.0,-0.060142975,2.087596,225,0
atitlan,2026-04-28,699450.0,1624650.0,-0.05798164,2.1879895,225,0
atitlan,2026-04-28,699750.0,1624650.0,-0.062060874,1.9884088,225,0
atitlan,2026-04-28,700050.0,1624650.0,-0.0600826,2.0893695,225,0
atitlan,2026-04-28,700350.0,1624650.0,-0.06071191,2.0628097,225,0
atitlan,2026-04-28,700650.0,1624650.0,-0.060093332,2.0884984,225,0
atitlan,2026-04-28,700950.0,1624650.0,-0.060816552,2.0561302,225,0
atitlan,2026-04-28,701250.0,1624650.0,-0.06012121,2.0906546,225,0
atitlan,2026-04-28,701550.0,1624650.0,-0.060538147,2.070167,225,0
atitlan,2026-04-28,701850.0,1624650.0,-0.059974212,2.09467,225,0
atitlan,2026-04-28,702150.0,1624650.0,-0.06406069,1.8890663,225,0
atitlan,2026-04-28,702450.0,1624650.0,-0.027632467,3.1291595,225,0
atitlan,2026-04-28,702750.0,1624650.0,0.122065626,6.415362,225,0
atitlan,2026-04-28,703050.0,1624650.0,0.19479074,8.085,225,0
atitlan,2026-04-28,703350.0,1624650.0,0.21440643,9.070298,225,0
atitlan,2026-04-28,703650.0,1624650.0,0.20409942,10.4765625,225,0
atitlan,2026-04-28,703950.0,1624650.0,0.24548551,14.715472,225,1
atitlan,2026-04-28,704250.0,1624650.0,0.28264618,18.273943,225,1
atitlan,2026-04-28,704550.0,1624650.0,0.26672012,17.933092,225,1
atitlan,2026-04-28,704850.0,1624650.0,0.2933123,21.731703,225,1
atitlan,2026-04-28,705150.0,1624650.0,0.14964727,12.460753,225,1
atitlan,2026-04-28,705450.0,1624650.0,0.13677987,7.4578223,225,0
atitlan,2026-04-28,705750.0,1624650.0,0.12430985,6.382758,225,0
atitlan,2026-04-28,706050.0,1624650.0,0.10884301,5.5512347,225,0
atitlan,2026-04-28,706350.0,1624650.0,0.11879313,7.6724825,225,0
atitlan,2026-04-28,706650.0,1624650.0,0.3262402,24.292553,225,1
atitlan,2026-04-28,706950.0,1624650.0,0.28510416,16.270945,225,1
atitlan,2026-04-28,707250.0,1624650.0,0.18143809,10.20312,225,0
atitlan,2026-04-28,707550.0,1624650.0,0.15548532,9.057143,225,0
atitlan,2026-04-28,707850.0,1624650.0,0.16965972,9.952719,45,0
atitlan,2026-04-28,680250.0,1624950.0,0.3591866,29.177713,180,1
atitlan,2026-04-28,680550.0,1624950.0,0.2665433,19.008886,225,1
atitlan,2026-04-28,680850.0,1624950.0,0.2821111,18.991127,225,1
atitlan,2026-04-28,681150.0,1624950.0,0.2789647,20.4834,225,1
atitlan,2026-04-28,681450.0,1624950.0,0.29273078,21.475582,225,1
atitlan,2026-04-28,681750.0,1624950.0,0.24214704,17.112974,225,1
atitlan,2026-04-28,682050.0,1624950.0,0.3040618,22.425274,225,1
atitlan,2026-04-28,682350.0,1624950.0,0.27347347,21.043732,225,1
atitlan,2026-04-28,682650.0,1624950.0,0.33183244,23.774841,225,1
atitlan,2026-04-28,682950.0,1624950.0,0.3087161,19.848057,225,1
atitlan,2026-04-28,683250.0,1624950.0,0.2549112,12.437862,225,1
atitlan,2026-04-28,683550.0,1624950.0,0.2391786,12.41475,225,1
atitlan,2026-04-28,683850.0,1624950.0,0.17959683,9.4179735,225,0
atitlan,2026-04-28,684150.0,1624950.0,0.1150994,7.0030966,225,0
atitlan,2026-04-28,684450.0,1624950.0,0.07364816,5.5132585,225,0
atitlan,2026-04-28,684750.0,1624950.0,0.16051039,9.344987,225,0
atitlan,2026-04-28,685050.0,1624950.0,0.2464704,13.446408,225,1
atitlan,2026-04-28,685350.0,1624950.0,0.21394694,13.181032,225,1
atitlan,2026-04-28,685650.0,1624950.0,0.08889856,7.1358867,225,0
atitlan,2026-04-28,685950.0,1624950.0,0.03354192,4.3725443,225,0
atitlan,2026-04-28,686250.0,1624950.0,0.049659517,4.845858,225,0
atitlan,2026-04-28,686550.0,1624950.0,0.09438528,5.944949,225,0
atitlan,2026-04-28,686850.0,1624950.0,-0.019523747,3.0959973,225,0
atitlan,2026-04-28,687150.0,1624950.0,-0.061510358,1.9995747,225,0
atitlan,2026-04-28,687450.0,1624950.0,-0.06506206,1.8118598,225,0
atitlan,2026-04-28,687750.0,1624950.0,-0.06385928,1.8706795,225,0
atitlan,2026-04-28,688050.0,1624950.0,-0.06853952,1.6182075,225,0
atitlan,2026-04-28,688350.0,1624950.0,-0.06998503,1.5453421,225,0
atitlan,2026-04-28,688650.0,1624950.0,-0.06846384,1.6382749,225,0
atitlan,2026-04-28,688950.0,1624950.0,-0.05682416,2.2311728,225,0
atitlan,2026-04-28,689250.0,1624950.0,-0.057134632,2.2298806,225,0
atitlan,2026-04-28,689550.0,1624950.0,-0.05651862,2.258645,225,0
atitlan,2026-04-28,689850.0,1624950.0,-0.05532625,2.319622,225,0
atitlan,2026-04-28,690150.0,1624950.0,-0.056812525,2.2499168,225,0
atitlan,2026-04-28,690450.0,1624950.0,-0.056579776,2.2621732,225,0
atitlan,2026-04-28,690750.0,1624950.0,-0.05815986,2.183397,225,0
atitlan,2026-04-28,691050.0,1624950.0,-0.057109043,2.2367501,225,0
atitlan,2026-04-28,691350.0,1624950.0,-0.057431515,2.219944,225,0
atitlan,2026-04-28,691650.0,1624950.0,-0.05837433,2.1756938,225,0
atitlan,2026-04-28,691950.0,1624950.0,-0.05595708,2.2864523,225,0
atitlan,2026-04-28,692250.0,1624950.0,-0.05778578,2.202388,225,0
atitlan,2026-04-28,692550.0,1624950.0,-0.057033975,2.2248666,225,0
atitlan,2026-04-28,692850.0,1624950.0,-0.0603466,2.0305836,225,0
atitlan,2026-04-28,693150.0,1624950.0,-0.070059486,1.5386094,225,0
atitlan,2026-04-28,693450.0,1624950.0,-0.07185614,1.4503114,225,0
atitlan,2026-04-28,693750.0,1624950.0,-0.06940411,1.57059,225,0
atitlan,2026-04-28,694050.0,1624950.0,-0.069374904,1.5821081,225,0
atitlan,2026-04-28,694350.0,1624950.0,-0.074992746,1.279746,225,0
atitlan,2026-04-28,694650.0,1624950.0,-0.07848175,1.0781754,225,0
atitlan,2026-04-28,694950.0,1624950.0,-0.078002706,1.1041418,225,0
atitlan,2026-04-28,695250.0,1624950.0,-0.07747295,1.1374824,225,0
atitlan,2026-04-28,695550.0,1624950.0,-0.07578617,1.2396064,225,0
atitlan,2026-04-28,695850.0,1624950.0,-0.07644825,1.2012157,225,0
atitlan,2026-04-28,696150.0,1624950.0,-0.075997435,1.2250395,225,0
atitlan,2026-04-28,696450.0,1624950.0,-0.075679585,1.2433193,225,0
atitlan,2026-04-28,696750.0,1624950.0,-0.07787712,1.1120973,225,0
atitlan,2026-04-28,697050.0,1624950.0,-0.07755474,1.1329588,225,0
atitlan,2026-04-28,697350.0,1624950.0,-0.07685183,1.1747935,225,0
atitlan,2026-04-28,697650.0,1624950.0,-0.076620296,1.1880641,225,0
atitlan,2026-04-28,697950.0,1624950.0,-0.07558606,1.2375724,225,0
atitlan,2026-04-28,698250.0,1624950.0,-0.072404005,1.4141722,225,0
atitlan,2026-04-28,698550.0,1624950.0,-0.061325345,1.9992702,225,0
atitlan,2026-04-28,698850.0,1624950.0,-0.06120044,2.0419636,225,0
atitlan,2026-04-28,699150.0,1624950.0,-0.06159198,2.0117042,225,0
atitlan,2026-04-28,699450.0,1624950.0,-0.061088268,2.0298858,225,0
atitlan,2026-04-28,699750.0,1624950.0,-0.06334556,1.9217118,225,0
atitlan,2026-04-28,700050.0,1624950.0,-0.06186461,1.9986093,225,0
atitlan,2026-04-28,700350.0,1624950.0,-0.06313741,1.9360181,225,0
atitlan,2026-04-28,700650.0,1624950.0,-0.0636029,1.8987935,225,0
atitlan,2026-04-28,700950.0,1624950.0,-0.061168183,2.0392873,225,0
atitlan,2026-04-28,701250.0,1624950.0,-0.060564585,2.069588,225,0
atitlan,2026-04-28,701550.0,1624950.0,-0.06316138,1.9361197,225,0
atitlan,2026-04-28,701850.0,1624950.0,-0.06261815,1.9576148,225,0
atitlan,2026-04-28,702150.0,1624950.0,-0.06503122,1.8400044,225,0
atitlan,2026-04-28,702450.0,1624950.0,-0.053816266,2.355562,225,0
atitlan,2026-04-28,702750.0,1624950.0,0.066867255,5.2238455,225,0
atitlan,2026-04-28,703050.0,1624950.0,0.1637979,7.0462165,225,0
atitlan,2026-04-28,703350.0,1624950.0,0.18459116,8.055058,225,0
atitlan,2026-04-28,703650.0,1624950.0,0.17232731,8.714939,225,0
atitlan,2026-04-28,703950.0,1624950.0,0.1980014,11.193096,225,0
atitlan,2026-04-28,704250.0,1624950.0,0.18277818,10.874572,225,0
atitlan,2026-04-28,704550.0,1624950.0,0.16916336,10.936156,225,0
atitlan,2026-04-28,704850.0,1624950.0,0.20552671,12.427753,225,1
atitlan,2026-04-28,705150.0,1624950.0,0.1379241,7.530877,225,0
atitlan,2026-04-28,705450.0,1624950.0,0.19532226,11.4852085,225,0
atitlan,2026-04-28,705750.0,1624950.0,0.15125851,9.21904,225,0
atitlan,2026-04-28,706050.0,1624950.0,0.14876945,8.147823,225,0
atitlan,2026-04-28,706350.0,1624950.0,0.21551579,13.244347,225,1
atitlan,2026-04-28,706650.0,1624950.0,0.2973819,21.2371,225,1
atitlan,2026-04-28,706950.0,1624950.0,0.26858944,14.850187,225,1
atitlan,2026-04-28,707250.0,1624950.0,0.19150978,10.207629,225,0
atitlan,2026-04-28,707550.0,1624950.0,0.17785999,10.446927,225,0
atitlan,2026-04-28,707850.0,1624950.0,0.18805322,10.721957,45,0
atitlan,2026-04-28,680250.0,1625250.0,0.33909568,25.555933,180,1
atitlan,2026-04-28,680550.0,1625250.0,0.30811283,25.410316,225,1
atitlan,2026-04-28,680850.0,1625250.0,0.28073537,18.973143,225,1
atitlan,2026-04-28,681150.0,1625250.0,0.32432473,23.98574,225,1
atitlan,2026-04-28,681450.0,1625250.0,0.31507772,23.62182,225,1
atitlan,2026-04-28,681750.0,1625250.0,0.30274996,22.539787,225,1
atitlan,2026-04-28,682050.0,1625250.0,0.33299974,27.156673,225,1
atitlan,2026-04-28,682350.0,1625250.0,0.3695044,35.160995,225,1
atitlan,2026-04-28,682650.0,1625250.0,0.3359984,24.842287,225,1
atitlan,2026-04-28,682950.0,1625250.0,0.29314688,16.8423,225,1
atitlan,2026-04-28,683250.0,1625250.0,0.280509,15.145265,225,1
atitlan,2026-04-28,683550.0,1625250.0,0.20679888,10.528943,225,0
atitlan,2026-04-28,683850.0,1625250.0,0.113921,6.992361,225,0
atitlan,2026-04-28,684150.0,1625250.0,0.088814475,6.322638,225,0
atitlan,2026-04-28,684450.0,1625250.0,0.032257337,4.2657714,225,0
atitlan,2026-04-28,684750.0,1625250.0,0.09122896,6.0919785,225,0
atitlan,2026-04-28,685050.0,1625250.0,0.17218149,9.745552,225,0
atitlan,2026-04-28,685350.0,1625250.0,0.18581651,10.226587,225,0
atitlan,2026-04-28,685650.0,1625250.0,0.022509193,4.335806,225,0
atitlan,2026-04-28,685950.0,1625250.0,0.06584988,5.4041023,225,0
atitlan,2026-04-28,686250.0,1625250.0,0.12218232,8.09108,225,0
atitlan,2026-04-28,686550.0,1625250.0,0.01723305,4.9857683,225,0
atitlan,2026-04-28,686850.0,1625250.0,-0.0652597,1.8163041,225,0
atitlan,2026-04-28,687150.0,1625250.0,-0.06817895,1.6559644,225,0
atitlan,2026-04-28,687450.0,1625250.0,-0.06571159,1.7828381,225,0
atitlan,2026-04-28,687750.0,1625250.0,-0.063692346,1.8762915,225,0
atitlan,2026-04-28,688050.0,1625250.0,-0.06667753,1.7133015,225,0
atitlan,2026-04-28,688350.0,1625250.0,-0.06745565,1.6874019,225,0
atitlan,2026-04-28,688650.0,1625250.0,-0.06686994,1.7179663,225,0
atitlan,2026-04-28,688950.0,1625250.0,-0.06154866,2.0071907,225,0
atitlan,2026-04-28,689250.0,1625250.0,-0.055727024,2.2994673,225,0
atitlan,2026-04-28,689550.0,1625250.0,-0.05687542,2.2393303,225,0
atitlan,2026-04-28,689850.0,1625250.0,-0.056717947,2.2545414,225,0
atitlan,2026-04-28,690150.0,1625250.0,-0.056215923,2.2799156,225,0
atitlan,2026-04-28,690450.0,1625250.0,-0.056581076,2.260154,225,0
atitlan,2026-04-28,690750.0,1625250.0,-0.05624387,2.2780128,225,0
atitlan,2026-04-28,691050.0,1625250.0,-0.05570234,2.304654,225,0
atitlan,2026-04-28,691350.0,1625250.0,-0.057306565,2.2270792,225,0
atitlan,2026-04-28,691650.0,1625250.0,-0.05685224,2.2492044,225,0
atitlan,2026-04-28,691950.0,1625250.0,-0.056981914,2.2371123,225,0
atitlan,2026-04-28,692250.0,1625250.0,-0.061392717,2.018859,225,0
atitlan,2026-04-28,692550.0,1625250.0,-0.06694006,1.7070363,225,0
atitlan,2026-04-28,692850.0,1625250.0,-0.071554504,1.4572607,225,0
atitlan,2026-04-28,693150.0,1625250.0,-0.07640231,1.1969506,225,0
atitlan,2026-04-28,693450.0,1625250.0,-0.07237669,1.4034135,225,0
atitlan,2026-04-28,693750.0,1625250.0,-0.06563071,1.7900821,225,0
atitlan,2026-04-28,694050.0,1625250.0,-0.07487442,1.2876359,225,0
atitlan,2026-04-28,694350.0,1625250.0,-0.07709562,1.1619687,225,0
atitlan,2026-04-28,694650.0,1625250.0,-0.077947594,1.1083211,225,0
atitlan,2026-04-28,694950.0,1625250.0,-0.078444995,1.0806923,225,0
atitlan,2026-04-28,695250.0,1625250.0,-0.07954591,1.0089538,225,0
atitlan,2026-04-28,695550.0,1625250.0,-0.080147095,0.97752523,225,0
atitlan,2026-04-28,695850.0,1625250.0,-0.07873578,1.0613043,225,0
atitlan,2026-04-28,696150.0,1625250.0,-0.07924054,1.0299044,225,0
atitlan,2026-04-28,696450.0,1625250.0,-0.077769555,1.1186873,225,0
atitlan,2026-04-28,696750.0,1625250.0,-0.07692707,1.1686094,225,0
atitlan,2026-04-28,697050.0,1625250.0,-0.07742389,1.1392475,225,0
atitlan,2026-04-28,697350.0,1625250.0,-0.07733903,1.1418735,225,0
atitlan,2026-04-28,697650.0,1625250.0,-0.07618842,1.2191749,225,0
atitlan,2026-04-28,697950.0,1625250.0,-0.076396585,1.2039009,225,0
atitlan,2026-04-28,698250.0,1625250.0,-0.0722002,1.4213815,225,0
atitlan,2026-04-28,698550.0,1625250.0,-0.06278012,1.9338976,225,0
atitlan,2026-04-28,698850.0,1625250.0,-0.06365043,1.9097898,225,0
atitlan,2026-04-28,699150.0,1625250.0,-0.06289362,1.9480441,225,0
atitlan,2026-04-28,699450.0,1625250.0,-0.064304285,1.8681536,225,0
atitlan,2026-04-28,699750.0,1625250.0,-0.06848586,1.6451166,225,0
atitlan,2026-04-28,700050.0,1625250.0,-0.06856792,1.641333,225,0
atitlan,2026-04-28,700350.0,1625250.0,-0.06532744,1.8244426,225,0
atitlan,2026-04-28,700650.0,1625250.0,-0.06392261,1.8939294,225,0
atitlan,2026-04-28,700950.0,1625250.0,-0.06274516,1.9580568,225,0
atitlan,2026-04-28,701250.0,1625250.0,-0.06263871,1.9591162,225,0
atitlan,2026-04-28,701550.0,1625250.0,-0.064111166,1.886111,225,0
atitlan,2026-04-28,701850.0,1625250.0,-0.065539435,1.8067961,225,0
atitlan,2026-04-28,702150.0,1625250.0,-0.06476384,1.8604724,225,0
atitlan,2026-04-28,702450.0,1625250.0,-0.056369267,2.2702396,225,0
atitlan,2026-04-28,702750.0,1625250.0,0.0367494,4.527347,225,0
atitlan,2026-04-28,703050.0,1625250.0,0.1314867,6.22828,225,0
atitlan,2026-04-28,703350.0,1625250.0,0.10899248,5.693862,225,0
atitlan,2026-04-28,703650.0,1625250.0,0.1423192,7.880398,225,0
atitlan,2026-04-28,703950.0,1625250.0,0.14897992,8.454969,225,0
atitlan,2026-04-28,704250.0,1625250.0,0.16069905,9.348599,225,0
atitlan,2026-04-28,704550.0,1625250.0,0.14424834,8.9604,225,0
atitlan,2026-04-28,704850.0,1625250.0,0.25525552,14.593788,225,1
atitlan,2026-04-28,705150.0,1625250.0,0.18459447,9.048217,225,0
atitlan,2026-04-28,705450.0,1625250.0,0.12585048,7.6749783,225,0
atitlan,2026-04-28,705750.0,1625250.0,0.13289112,9.092425,225,0
atitlan,2026-04-28,706050.0,1625250.0,0.16569941,9.856924,225,0
atitlan,2026-04-28,706350.0,1625250.0,0.26295313,17.811228,225,1
atitlan,2026-04-28,706650.0,1625250.0,0.29108378,18.53887,225,1
atitlan,2026-04-28,706950.0,1625250.0,0.2017034,11.098126,225,0
atitlan,2026-04-28,707250.0,1625250.0,0.15340142,8.89491,225,0
atitlan,2026-04-28,707550.0,1625250.0,0.18750724,11.738251,225,0
atitlan,2026-04-28,707850.0,1625250.0,0.24172501,15.884123,45,1
atitlan,2026-04-28,680250.0,1625550.0,0.30124667,19.852013,180,1
atitlan,2026-04-28,680550.0,1625550.0,0.35871562,28.559801,225,1
atitlan,2026-04-28,680850.0,1625550.0,0.33073968,26.15425,225,1
atitlan,2026-04-28,681150.0,1625550.0,0.29077396,22.602097,225,1
atitlan,2026-04-28,681450.0,1625550.0,0.272231,19.645166,225,1
atitlan,2026-04-28,681750.0,1625550.0,0.2610796,17.269382,225,1
atitlan,2026-04-28,682050.0,1625550.0,0.30672973,22.394241,225,1
atitlan,2026-04-28,682350.0,1625550.0,0.2938545,21.046736,225,1
atitlan,2026-04-28,682650.0,1625550.0,0.34216347,29.187073,225,1
atitlan,2026-04-28,682950.0,1625550.0,0.27069676,14.508542,225,1
atitlan,2026-04-28,683250.0,1625550.0,0.2739524,14.534855,225,1
atitlan,2026-04-28,683550.0,1625550.0,0.26063317,14.140159,225,1
atitlan,2026-04-28,683850.0,1625550.0,0.19843072,10.3128195,225,0
atitlan,2026-04-28,684150.0,1625550.0,0.11503546,7.299267,225,0
atitlan,2026-04-28,684450.0,1625550.0,0.096034266,6.228722,225,0
atitlan,2026-04-28,684750.0,1625550.0,0.12233426,7.731301,225,0
atitlan,2026-04-28,685050.0,1625550.0,-0.022498474,3.2536378,225,0
atitlan,2026-04-28,685350.0,1625550.0,-0.008655302,3.673562,225,0
atitlan,2026-04-28,685650.0,1625550.0,-0.06605017,1.7237425,225,0
atitlan,2026-04-28,685950.0,1625550.0,-0.026850037,3.0426176,225,0
atitlan,2026-04-28,686250.0,1625550.0,0.063574366,6.2193666,225,0
atitlan,2026-04-28,686550.0,1625550.0,-0.06342335,1.859476,225,0
atitlan,2026-04-28,686850.0,1625550.0,-0.071556665,1.4746195,225,0
atitlan,2026-04-28,687150.0,1625550.0,-0.0683277,1.6468949,225,0
atitlan,2026-04-28,687450.0,1625550.0,-0.06716024,1.7073767,225,0
atitlan,2026-04-28,687750.0,1625550.0,-0.06484006,1.8258693,225,0
atitlan,2026-04-28,688050.0,1625550.0,-0.06549348,1.7834121,225,0
atitlan,2026-04-28,688350.0,1625550.0,-0.06373891,1.8822803,225,0
atitlan,2026-04-28,688650.0,1625550.0,-0.06334615,1.9112433,225,0
atitlan,2026-04-28,688950.0,1625550.0,-0.06023594,2.07513,225,0
atitlan,2026-04-28,689250.0,1625550.0,-0.056327377,2.2693706,225,0
atitlan,2026-04-28,689550.0,1625550.0,-0.05666857,2.2529657,225,0
atitlan,2026-04-28,689850.0,1625550.0,-0.058170803,2.1832979,225,0
atitlan,2026-04-28,690150.0,1625550.0,-0.05645989,2.2656095,225,0
atitlan,2026-04-28,690450.0,1625550.0,-0.058014628,2.1919825,225,0
atitlan,2026-04-28,690750.0,1625550.0,-0.05643686,2.2690418,225,0
atitlan,2026-04-28,691050.0,1625550.0,-0.057571817,2.2134137,225,0
atitlan,2026-04-28,691350.0,1625550.0,-0.056427266,2.267104,225,0
atitlan,2026-04-28,691650.0,1625550.0,-0.05930606,2.1251569,225,0
atitlan,2026-04-28,691950.0,1625550.0,-0.06320533,1.9235675,225,0
atitlan,2026-04-28,692250.0,1625550.0,-0.06244316,1.9563087,225,0
atitlan,2026-04-28,692550.0,1625550.0,-0.06490449,1.8152604,225,0
atitlan,2026-04-28,692850.0,1625550.0,-0.07653213,1.1981026,225,0
atitlan,2026-04-28,693150.0,1625550.0,-0.077841036,1.1078413,225,0
atitlan,2026-04-28,693450.0,1625550.0,-0.072944246,1.3595513,225,0
atitlan,2026-04-28,693750.0,1625550.0,-0.07434647,1.3109896,225,0
atitlan,2026-04-28,694050.0,1625550.0,-0.07923454,1.0317303,225,0
atitlan,2026-04-28,694350.0,1625550.0,-0.08057791,0.95412153,225,0
atitlan,2026-04-28,694650.0,1625550.0,-0.080182284,0.97458243,225,0
atitlan,2026-04-28,694950.0,1625550.0,-0.081132926,0.916552,225,0
atitlan,2026-04-28,695250.0,1625550.0,-0.08031846,0.96491534,225,0
atitlan,2026-04-28,695550.0,1625550.0,-0.07951089,1.011599,225,0
atitlan,2026-04-28,695850.0,1625550.0,-0.08004912,0.97616386,225,0
atitlan,2026-04-28,696150.0,1625550.0,-0.08025099,0.96374786,225,0
atitlan,2026-04-28,696450.0,1625550.0,-0.08091397,0.93016243,225,0
atitlan,2026-04-28,696750.0,1625550.0,-0.07855531,1.0714405,225,0
atitlan,2026-04-28,697050.0,1625550.0,-0.0782077,1.0920205,225,0
atitlan,2026-04-28,697350.0,1625550.0,-0.077576526,1.1289753,225,0
atitlan,2026-04-28,697650.0,1625550.0,-0.07925571,1.0309879,225,0
atitlan,2026-04-28,697950.0,1625550.0,-0.074118376,1.3216697,225,0
atitlan,2026-04-28,698250.0,1625550.0,-0.07495487,1.2747616,225,0
atitlan,2026-04-28,698550.0,1625550.0,-0.064808905,1.8334314,225,0
atitlan,2026-04-28,698850.0,1625550.0,-0.06518914,1.8296099,225,0
atitlan,2026-04-28,699150.0,1625550.0,-0.06497153,1.8410071,225,0
atitlan,2026-04-28,699450.0,1625550.0,-0.06416984,1.8780499,225,0
atitlan,2026-04-28,699750.0,1625550.0,-0.07154621,1.4642049,225,0
atitlan,2026-04-28,700050.0,1625550.0,-0.06989626,1.5667696,225,0
atitlan,2026-04-28,700350.0,1625550.0,-0.066952944,1.7374579,225,0
atitlan,2026-04-28,700650.0,1625550.0,-0.06503953,1.8432854,225,0
atitlan,2026-04-28,700950.0,1625550.0,-0.063537985,1.9164736,225,0
atitlan,2026-04-28,701250.0,1625550.0,-0.06257015,1.9640722,225,0
atitlan,2026-04-28,701550.0,1625550.0,-0.061666097,2.0083094,225,0
atitlan,2026-04-28,701850.0,1625550.0,-0.061847594,1.9844047,225,0
atitlan,2026-04-28,702150.0,1625550.0,-0.05834432,2.1696095,225,0
atitlan,2026-04-28,702450.0,1625550.0,0.019390294,4.308352,225,0
atitlan,2026-04-28,702750.0,1625550.0,0.10689365,5.8568826,225,0
atitlan,2026-04-28,703050.0,1625550.0,0.16467468,7.053911,225,0
atitlan,2026-04-28,703350.0,1625550.0,0.15949565,7.3659353,225,0
atitlan,2026-04-28,703650.0,1625550.0,0.16086052,8.269469,225,0
atitlan,2026-04-28,703950.0,1625550.0,0.1609374,9.487133,225,0
atitlan,2026-04-28,704250.0,1625550.0,0.10826213,7.020244,225,0
atitlan,2026-04-28,704550.0,1625550.0,0.11611217,6.9123325,225,0
atitlan,2026-04-28,704850.0,1625550.0,0.15962556,10.563403,225,0
atitlan,2026-04-28,705150.0,1625550.0,0.14419465,10.29523,225,0
atitlan,2026-04-28,705450.0,1625550.0,0.19472432,11.66164,225,0
atitlan,2026-04-28,705750.0,1625550.0,0.19647057,14.020586,225,1
atitlan,2026-04-28,706050.0,1625550.0,0.18189104,12.162249,225,1
atitlan,2026-04-28,706350.0,1625550.0,0.29973608,20.239277,225,1
atitlan,2026-04-28,706650.0,1625550.0,0.315334,21.197968,225,1
atitlan,2026-04-28,706950.0,1625550.0,0.2990247,21.166014,225,1
atitlan,2026-04-28,707250.0,1625550.0,0.2228179,14.213972,225,1
atitlan,2026-04-28,707550.0,1625550.0,0.11355061,6.3477864,225,0
atitlan,2026-04-28,707850.0,1625550.0,0.12703098,6.112162,45,0
atitlan,2026-04-28,680250.0,1625850.0,0.35427076,27.412823,180,1
atitlan,2026-04-28,680550.0,1625850.0,0.28306016,18.886332,225,1
atitlan,2026-04-28,680850.0,1625850.0,0.3112039,22.069796,225,1
atitlan,2026-04-28,681150.0,1625850.0,0.34691888,28.132875,225,1
atitlan,2026-04-28,681450.0,1625850.0,0.26871562,19.709631,225,1
atitlan,2026-04-28,681750.0,1625850.0,0.29729113,23.456888,225,1
atitlan,2026-04-28,682050.0,1625850.0,0.2929466,20.95269,225,1
atitlan,2026-04-28,682350.0,1625850.0,0.2897837,19.327436,225,1
atitlan,2026-04-28,682650.0,1625850.0,0.3177151,22.219429,225,1
atitlan,2026-04-28,682950.0,1625850.0,0.32481194,22.053963,225,1
atitlan,2026-04-28,683250.0,1625850.0,0.27636304,14.438696,225,1
atitlan,2026-04-28,683550.0,1625850.0,0.27002048,13.7908945,225,1
atitlan,2026-04-28,683850.0,1625850.0,0.2565479,12.479918,225,1
atitlan,2026-04-28,684150.0,1625850.0,0.17233215,8.733931,225,0
atitlan,2026-04-28,684450.0,1625850.0,0.18080495,10.273318,225,0
atitlan,2026-04-28,684750.0,1625850.0,0.029019231,4.638342,225,0
atitlan,2026-04-28,685050.0,1625850.0,-0.051042043,2.5003204,225,0
atitlan,2026-04-28,685350.0,1625850.0,-0.05549305,2.2641404,225,0
atitlan,2026-04-28,685650.0,1625850.0,-0.06762581,1.6906089,225,0
atitlan,2026-04-28,685950.0,1625850.0,-0.0682455,1.651117,225,0
atitlan,2026-04-28,686250.0,1625850.0,-0.06465259,1.7995614,225,0
atitlan,2026-04-28,686550.0,1625850.0,-0.06502567,1.798084,225,0
atitlan,2026-04-28,686850.0,1625850.0,-0.07043543,1.5144808,225,0
atitlan,2026-04-28,687150.0,1625850.0,-0.0703671,1.5336813,225,0
atitlan,2026-04-28,687450.0,1625850.0,-0.06885288,1.6172119,225,0
atitlan,2026-04-28,687750.0,1625850.0,-0.06628384,1.7450225,225,0
atitlan,2026-04-28,688050.0,1625850.0,-0.06349663,1.869039,225,0
atitlan,2026-04-28,688350.0,1625850.0,-0.06397631,1.8627225,225,0
atitlan,2026-04-28,688650.0,1625850.0,-0.060249932,2.0768654,225,0
atitlan,2026-04-28,688950.0,1625850.0,-0.060298685,2.0707808,225,0
atitlan,2026-04-28,689250.0,1625850.0,-0.05712747,2.2299662,225,0
atitlan,2026-04-28,689550.0,1625850.0,-0.05836434,2.1692212,225,0
atitlan,2026-04-28,689850.0,1625850.0,-0.058467597,2.1682162,225,0
atitlan,2026-04-28,690150.0,1625850.0,-0.057969864,2.1921031,225,0
atitlan,2026-04-28,690450.0,1625850.0,-0.0588235,2.150781,225,0
atitlan,2026-04-28,690750.0,1625850.0,-0.058311142,2.1801775,225,0
atitlan,2026-04-28,691050.0,1625850.0,-0.0579646,2.1977282,225,0
atitlan,2026-04-28,691350.0,1625850.0,-0.05923968,2.13273,225,0
atitlan,2026-04-28,691650.0,1625850.0,-0.06340527,1.918276,225,0
atitlan,2026-04-28,691950.0,1625850.0,-0.06619614,1.7664039,225,0
atitlan,2026-04-28,692250.0,1625850.0,-0.060639657,2.0512052,225,0
atitlan,2026-04-28,692550.0,1625850.0,-0.068806805,1.6025648,225,0
atitlan,2026-04-28,692850.0,1625850.0,-0.07791911,1.1086895,225,0
atitlan,2026-04-28,693150.0,1625850.0,-0.07859796,1.0711721,225,0
atitlan,2026-04-28,693450.0,1625850.0,-0.076202504,1.2170621,225,0
atitlan,2026-04-28,693750.0,1625850.0,-0.07898333,1.0456637,225,0
atitlan,2026-04-28,694050.0,1625850.0,-0.08111085,0.91541976,225,0
atitlan,2026-04-28,694350.0,1625850.0,-0.080898106,0.92725307,225,0
atitlan,2026-04-28,694650.0,1625850.0,-0.08152708,0.88863564,225,0
atitlan,2026-04-28,694950.0,1625850.0,-0.08212427,0.85218334,225,0
atitlan,2026-04-28,695250.0,1625850.0,-0.08020907,0.9713336,225,0
atitlan,2026-04-28,695550.0,1625850.0,-0.08064492,0.9430179,225,0
atitlan,2026-04-28,695850.0,1625850.0,-0.08153136,0.885535,225,0
atitlan,2026-04-28,696150.0,1625850.0,-0.08060901,0.94968176,225,0
atitlan,2026-04-28,696450.0,1625850.0,-0.08163065,0.88737005,225,0
atitlan,2026-04-28,696750.0,1625850.0,-0.080479756,0.95492506,225,0
atitlan,2026-04-28,697050.0,1625850.0,-0.07965763,1.0093385,225,0
atitlan,2026-04-28,697350.0,1625850.0,-0.080378376,0.96322316,225,0
atitlan,2026-04-28,697650.0,1625850.0,-0.08187231,0.8655773,225,0
atitlan,2026-04-28,697950.0,1625850.0,-0.07910379,1.0300661,225,0
atitlan,2026-04-28,698250.0,1625850.0,-0.07583159,1.230577,225,0
atitlan,2026-04-28,698550.0,1625850.0,-0.066907324,1.7359874,225,0
atitlan,2026-04-28,698850.0,1625850.0,-0.06567876,1.8088046,225,0
atitlan,2026-04-28,699150.0,1625850.0,-0.068386436,1.6565976,225,0
atitlan,2026-04-28,699450.0,1625850.0,-0.06856952,1.6465714,225,0
atitlan,2026-04-28,699750.0,1625850.0,-0.06518294,1.8124673,225,0
atitlan,2026-04-28,700050.0,1625850.0,-0.06429111,1.8769828,225,0
atitlan,2026-04-28,700350.0,1625850.0,-0.065899335,1.79702,225,0
atitlan,2026-04-28,700650.0,1625850.0,-0.0631855,1.9296676,225,0
atitlan,2026-04-28,700950.0,1625850.0,-0.06338638,1.9268152,225,0
atitlan,2026-04-28,701250.0,1625850.0,-0.061149288,2.0352685,225,0
atitlan,2026-04-28,701550.0,1625850.0,-0.056641802,2.2387097,225,0
atitlan,2026-04-28,701850.0,1625850.0,0.0058483286,3.9090838,225,0
atitlan,2026-04-28,702150.0,1625850.0,0.07264144,5.488524,225,0
atitlan,2026-04-28,702450.0,1625850.0,0.144707,6.9385076,225,0
atitlan,2026-04-28,702750.0,1625850.0,0.15870003,6.552692,225,0
atitlan,2026-04-28,703050.0,1625850.0,0.17033488,7.792292,225,0
atitlan,2026-04-28,703350.0,1625850.0,0.18819055,7.8659635,225,0
atitlan,2026-04-28,703650.0,1625850.0,0.18919937,9.800032,225,0
atitlan,2026-04-28,703950.0,1625850.0,0.1674085,10.152659,225,0
atitlan,2026-04-28,704250.0,1625850.0,0.18381828,10.290914,225,0
atitlan,2026-04-28,704550.0,1625850.0,0.17353666,9.999731,225,0
atitlan,2026-04-28,704850.0,1625850.0,0.0998378,7.0862846,225,0
atitlan,2026-04-28,705150.0,1625850.0,0.17177343,12.396387,225,1
atitlan,2026-04-28,705450.0,1625850.0,0.21233375,12.576841,225,1
atitlan,2026-04-28,705750.0,1625850.0,0.12964568,9.009469,225,0
atitlan,2026-04-28,706050.0,1625850.0,0.11075673,6.537487,225,0
atitlan,2026-04-28,706350.0,1625850.0,0.21650758,12.596399,225,1
atitlan,2026-04-28,706650.0,1625850.0,0.35501808,32.27636,225,1
atitlan,2026-04-28,706950.0,1625850.0,0.35168907,32.07824,225,1
atitlan,2026-04-28,707250.0,1625850.0,0.28935528,20.59123,225,1
atitlan,2026-04-28,707550.0,1625850.0,0.20063005,12.166021,225,1
atitlan,2026-04-28,707850.0,1625850.0,0.1692481,9.016331,45,0
atitlan,2026-04-28,680250.0,1626150.0,0.3445287,25.194195,180,1
atitlan,2026-04-28,680550.0,1626150.0,0.31278524,21.041565,225,1
atitlan,2026-04-28,680850.0,1626150.0,0.33845893,26.520924,225,1
atitlan,2026-04-28,681150.0,1626150.0,0.29692602,22.515089,225,1
atitlan,2026-04-28,681450.0,1626150.0,0.361204,28.999075,225,1
atitlan,2026-04-28,681750.0,1626150.0,0.28985295,21.277212,225,1
atitlan,2026-04-28,682050.0,1626150.0,0.24813175,14.083551,225,1
atitlan,2026-04-28,682350.0,1626150.0,0.28177974,15.725126,225,1
atitlan,2026-04-28,682650.0,1626150.0,0.28360808,17.352314,225,1
atitlan,2026-04-28,682950.0,1626150.0,0.33291537,23.001612,225,1
atitlan,2026-04-28,683250.0,1626150.0,0.26696494,15.236887,225,1
atitlan,2026-04-28,683550.0,1626150.0,0.24234356,11.99152,225,0
atitlan,2026-04-28,683850.0,1626150.0,0.24188991,11.244797,225,0
atitlan,2026-04-28,684150.0,1626150.0,0.20154588,9.346442,225,0
atitlan,2026-04-28,684450.0,1626150.0,0.10349054,6.66022,225,0
atitlan,2026-04-28,684750.0,1626150.0,-0.044151634,2.7334588,225,0
atitlan,2026-04-28,685050.0,1626150.0,-0.05394189,2.3529284,225,0
atitlan,2026-04-28,685350.0,1626150.0,-0.058109272,2.13305,225,0
atitlan,2026-04-28,685650.0,1626150.0,-0.06931564,1.5847199,225,0
atitlan,2026-04-28,685950.0,1626150.0,-0.07332843,1.3637798,225,0
atitlan,2026-04-28,686250.0,1626150.0,-0.07028545,1.5300374,225,0
atitlan,2026-04-28,686550.0,1626150.0,-0.067400955,1.6901522,225,0
atitlan,2026-04-28,686850.0,1626150.0,-0.068881854,1.59923,225,0
atitlan,2026-04-28,687150.0,1626150.0,-0.07094613,1.4985361,225,0
atitlan,2026-04-28,687450.0,1626150.0,-0.06819601,1.6408517,225,0
atitlan,2026-04-28,687750.0,1626150.0,-0.07167854,1.4596153,225,0
atitlan,2026-04-28,688050.0,1626150.0,-0.06526096,1.7891246,225,0
atitlan,2026-04-28,688350.0,1626150.0,-0.06327153,1.8831198,225,0
atitlan,2026-04-28,688650.0,1626150.0,-0.05897107,2.138033,225,0
atitlan,2026-04-28,688950.0,1626150.0,-0.059065595,2.1335838,225,0
atitlan,2026-04-28,689250.0,1626150.0,-0.056708768,2.2510993,225,0
atitlan,2026-04-28,689550.0,1626150.0,-0.057367947,2.215933,225,0
atitlan,2026-04-28,689850.0,1626150.0,-0.0593293,2.1237013,225,0
atitlan,2026-04-28,690150.0,1626150.0,-0.060133904,2.0819178,225,0
atitlan,2026-04-28,690450.0,1626150.0,-0.05988808,2.1035542,225,0
atitlan,2026-04-28,690750.0,1626150.0,-0.059931427,2.0870683,225,0
atitlan,2026-04-28,691050.0,1626150.0,-0.061755553,2.007843,225,0
atitlan,2026-04-28,691350.0,1626150.0,-0.06211017,1.9849699,225,0
atitlan,2026-04-28,691650.0,1626150.0,-0.060519118,2.0651832,225,0
atitlan,2026-04-28,691950.0,1626150.0,-0.06556845,1.7982867,225,0
atitlan,2026-04-28,692250.0,1626150.0,-0.06474979,1.8246663,225,0
atitlan,2026-04-28,692550.0,1626150.0,-0.06914436,1.5899354,225,0
atitlan,2026-04-28,692850.0,1626150.0,-0.07898247,1.042453,225,0
atitlan,2026-04-28,693150.0,1626150.0,-0.07783297,1.1136147,225,0
atitlan,2026-04-28,693450.0,1626150.0,-0.07807445,1.1089858,225,0
atitlan,2026-04-28,693750.0,1626150.0,-0.07944146,1.0226728,225,0
atitlan,2026-04-28,694050.0,1626150.0,-0.08070658,0.9408199,225,0
atitlan,2026-04-28,694350.0,1626150.0,-0.08289545,0.80244446,225,0
atitlan,2026-04-28,694650.0,1626150.0,-0.0834673,0.7721225,225,0
atitlan,2026-04-28,694950.0,1626150.0,-0.08217287,0.8504539,225,0
atitlan,2026-04-28,695250.0,1626150.0,-0.083276406,0.7790645,225,0
atitlan,2026-04-28,695550.0,1626150.0,-0.08286515,0.806185,225,0
atitlan,2026-04-28,695850.0,1626150.0,-0.082327954,0.84229463,225,0
atitlan,2026-04-28,696150.0,1626150.0,-0.0811409,0.9134603,225,0
atitlan,2026-04-28,696450.0,1626150.0,-0.08249515,0.8341406,225,0
atitlan,2026-04-28,696750.0,1626150.0,-0.08065304,0.94329095,225,0
atitlan,2026-04-28,697050.0,1626150.0,-0.07985009,0.9908319,225,0
atitlan,2026-04-28,697350.0,1626150.0,-0.07980144,0.9930867,225,0
atitlan,2026-04-28,697650.0,1626150.0,-0.07975504,0.99871373,225,0
atitlan,2026-04-28,697950.0,1626150.0,-0.08124783,0.9073748,225,0
atitlan,2026-04-28,698250.0,1626150.0,-0.07879314,1.0530121,225,0
atitlan,2026-04-28,698550.0,1626150.0,-0.06755997,1.6869115,225,0
atitlan,2026-04-28,698850.0,1626150.0,-0.066531464,1.7571566,225,0
atitlan,2026-04-28,699150.0,1626150.0,-0.06971823,1.5764248,225,0
atitlan,2026-04-28,699450.0,1626150.0,-0.07275422,1.4055202,225,0
atitlan,2026-04-28,699750.0,1626150.0,-0.07073627,1.5141288,225,0
atitlan,2026-04-28,700050.0,1626150.0,-0.06539784,1.8148314,225,0
atitlan,2026-04-28,700350.0,1626150.0,-0.0668455,1.7341253,225,0
atitlan,2026-04-28,700650.0,1626150.0,-0.06604588,1.7779608,225,0
atitlan,2026-04-28,700950.0,1626150.0,-0.06253066,1.9686037,225,0
atitlan,2026-04-28,701250.0,1626150.0,-0.028963791,3.6025536,225,0
atitlan,2026-04-28,701550.0,1626150.0,0.068907216,6.5738297,225,0
atitlan,2026-04-28,701850.0,1626150.0,0.16622835,6.724167,225,0
atitlan,2026-04-28,702150.0,1626150.0,0.1215625,5.4538608,225,0
atitlan,2026-04-28,702450.0,1626150.0,0.1334929,5.7981205,225,0
atitlan,2026-04-28,702750.0,1626150.0,0.21302958,10.30527,225,0
atitlan,2026-04-28,703050.0,1626150.0,0.22364104,10.825894,225,0
atitlan,2026-04-28,703350.0,1626150.0,0.18367216,9.780279,225,0
atitlan,2026-04-28,703650.0,1626150.0,0.18293267,10.548773,225,0
atitlan,2026-04-28,703950.0,1626150.0,0.19116887,10.061763,225,0
atitlan,2026-04-28,704250.0,1626150.0,0.26316357,15.756187,225,1
atitlan,2026-04-28,704550.0,1626150.0,0.21166094,13.542583,225,1
atitlan,2026-04-28,704850.0,1626150.0,0.16246381,12.514019,225,1
atitlan,2026-04-28,705150.0,1626150.0,0.26013345,19.324522,225,1
atitlan,2026-04-28,705450.0,1626150.0,0.17225742,9.643067,225,0
atitlan,2026-04-28,705750.0,1626150.0,0.113738015,8.733875,225,0
atitlan,2026-04-28,706050.0,1626150.0,0.10629963,7.803404,225,0
atitlan,2026-04-28,706350.0,1626150.0,0.09294628,7.118843,225,0
atitlan,2026-04-28,706650.0,1626150.0,0.37808853,35.460464,225,1
atitlan,2026-04-28,706950.0,1626150.0,0.3524647,32.666927,225,1
atitlan,2026-04-28,707250.0,1626150.0,0.3390047,29.661606,225,1
atitlan,2026-04-28,707550.0,1626150.0,0.24741289,16.903055,225,1
atitlan,2026-04-28,707850.0,1626150.0,0.17784846,10.41592,45,0
atitlan,2026-04-28,680250.0,1626450.0,0.3373949,23.061775,180,1
atitlan,2026-04-28,680550.0,1626450.0,0.34214857,24.360016,225,1
atitlan,2026-04-28,680850.0,1626450.0,0.30618206,20.232742,225,1
atitlan,2026-04-28,681150.0,1626450.0,0.33100235,23.399813,225,1
atitlan,2026-04-28,681450.0,1626450.0,0.3128805,23.26747,225,1
atitlan,2026-04-28,681750.0,1626450.0,0.31418988,23.44162,225,1
atitlan,2026-04-28,682050.0,1626450.0,0.28474152,18.287268,225,1
atitlan,2026-04-28,682350.0,1626450.0,0.28414872,16.383492,225,1
atitlan,2026-04-28,682650.0,1626450.0,0.30407026,18.584574,225,1
atitlan,2026-04-28,682950.0,1626450.0,0.29665002,17.581345,225,1
atitlan,2026-04-28,683250.0,1626450.0,0.30022702,18.686718,225,1
atitlan,2026-04-28,683550.0,1626450.0,0.27965143,16.000904,225,1
atitlan,2026-04-28,683850.0,1626450.0,0.2415914,12.974539,225,1
atitlan,2026-04-28,684150.0,1626450.0,0.1927113,8.866292,225,0
atitlan,2026-04-28,684450.0,1626450.0,0.062137697,5.643783,225,0
atitlan,2026-04-28,684750.0,1626450.0,-0.043721374,2.7269273,225,0
atitlan,2026-04-28,685050.0,1626450.0,-0.057085454,2.1588042,225,0
atitlan,2026-04-28,685350.0,1626450.0,-0.059521526,2.08206,225,0
atitlan,2026-04-28,685650.0,1626450.0,-0.06615215,1.7407908,225,0
atitlan,2026-04-28,685950.0,1626450.0,-0.07056093,1.5294831,225,0
atitlan,2026-04-28,686250.0,1626450.0,-0.07002004,1.5416305,225,0
atitlan,2026-04-28,686550.0,1626450.0,-0.070227064,1.5427265,225,0
atitlan,2026-04-28,686850.0,1626450.0,-0.071103565,1.4981682,225,0
atitlan,2026-04-28,687150.0,1626450.0,-0.072598614,1.4145396,225,0
atitlan,2026-04-28,687450.0,1626450.0,-0.06841413,1.6242079,225,0
atitlan,2026-04-28,687750.0,1626450.0,-0.06891058,1.5818899,225,0
atitlan,2026-04-28,688050.0,1626450.0,-0.065325156,1.7502205,225,0
atitlan,2026-04-28,688350.0,1626450.0,-0.064105466,1.8298228,225,0
atitlan,2026-04-28,688650.0,1626450.0,-0.060716003,2.038987,225,0
atitlan,2026-04-28,688950.0,1626450.0,-0.059114948,2.1314054,225,0
atitlan,2026-04-28,689250.0,1626450.0,-0.05926711,2.127237,225,0
atitlan,2026-04-28,689550.0,1626450.0,-0.0577032,2.2001772,225,0
atitlan,2026-04-28,689850.0,1626450.0,-0.05849692,2.16418,225,0
atitlan,2026-04-28,690150.0,1626450.0,-0.059135444,2.1365104,225,0
atitlan,2026-04-28,690450.0,1626450.0,-0.06014581,2.081928,225,0
atitlan,2026-04-28,690750.0,1626450.0,-0.060028713,2.0929525,225,0
atitlan,2026-04-28,691050.0,1626450.0,-0.059985645,2.0984597,225,0
atitlan,2026-04-28,691350.0,1626450.0,-0.059800953,2.1011658,225,0
atitlan,2026-04-28,691650.0,1626450.0,-0.060848452,2.054102,225,0
atitlan,2026-04-28,691950.0,1626450.0,-0.063980415,1.8862933,225,0
atitlan,2026-04-28,692250.0,1626450.0,-0.06718265,1.705403,225,0
atitlan,2026-04-28,692550.0,1626450.0,-0.07285736,1.3941303,225,0
atitlan,2026-04-28,692850.0,1626450.0,-0.07753431,1.1298608,225,0
atitlan,2026-04-28,693150.0,1626450.0,-0.07678869,1.1739966,225,0
atitlan,2026-04-28,693450.0,1626450.0,-0.07868312,1.0684941,225,0
atitlan,2026-04-28,693750.0,1626450.0,-0.08166596,0.8846782,225,0
atitlan,2026-04-28,694050.0,1626450.0,-0.08051255,0.9505484,225,0
atitlan,2026-04-28,694350.0,1626450.0,-0.083999105,0.73976314,225,0
atitlan,2026-04-28,694650.0,1626450.0,-0.08485298,0.7041233,225,0
atitlan,2026-04-28,694950.0,1626450.0,-0.08277969,0.8175004,225,0
atitlan,2026-04-28,695250.0,1626450.0,-0.08335469,0.78165376,225,0
atitlan,2026-04-28,695550.0,1626450.0,-0.0833477,0.77668333,225,0
atitlan,2026-04-28,695850.0,1626450.0,-0.083035074,0.795265,225,0
atitlan,2026-04-28,696150.0,1626450.0,-0.0821431,0.85919917,225,0
atitlan,2026-04-28,696450.0,1626450.0,-0.08376322,0.754581,225,0
atitlan,2026-04-28,696750.0,1626450.0,-0.08262323,0.8260566,225,0
atitlan,2026-04-28,697050.0,1626450.0,-0.08107648,0.9194943,225,0
atitlan,2026-04-28,697350.0,1626450.0,-0.08156751,0.8872615,225,0
atitlan,2026-04-28,697650.0,1626450.0,-0.079621,1.0095863,225,0
atitlan,2026-04-28,697950.0,1626450.0,-0.08189125,0.87015766,225,0
atitlan,2026-04-28,698250.0,1626450.0,-0.08004035,0.97990143,225,0
atitlan,2026-04-28,698550.0,1626450.0,-0.07415833,1.3252631,225,0
atitlan,2026-04-28,698850.0,1626450.0,-0.07057319,1.5344648,225,0
atitlan,2026-04-28,699150.0,1626450.0,-0.07401447,1.3352091,225,0
atitlan,2026-04-28,699450.0,1626450.0,-0.07670704,1.1832188,225,0
atitlan,2026-04-28,699750.0,1626450.0,-0.07565845,1.2449548,225,0
atitlan,2026-04-28,700050.0,1626450.0,-0.07391936,1.347228,225,0
atitlan,2026-04-28,700350.0,1626450.0,-0.069793195,1.5744442,225,0
atitlan,2026-04-28,700650.0,1626450.0,-0.06687299,1.7348803,225,0
atitlan,2026-04-28,700950.0,1626450.0,-0.060439736,2.0747664,225,0
atitlan,2026-04-28,701250.0,1626450.0,0.10934754,9.2035055,225,0
atitlan,2026-04-28,701550.0,1626450.0,0.24994487,12.934534,225,1
atitlan,2026-04-28,701850.0,1626450.0,0.2700614,14.290546,225,1
atitlan,2026-04-28,702150.0,1626450.0,0.19039425,8.904497,225,0
atitlan,2026-04-28,702450.0,1626450.0,0.13930073,6.426111,225,0
atitlan,2026-04-28,702750.0,1626450.0,0.1973636,8.35493,225,0
atitlan,2026-04-28,703050.0,1626450.0,0.15515336,7.578646,225,0
atitlan,2026-04-28,703350.0,1626450.0,0.20760547,10.724071,225,0
atitlan,2026-04-28,703650.0,1626450.0,0.19272739,9.975213,225,0
atitlan,2026-04-28,703950.0,1626450.0,0.1811528,9.540537,225,0
atitlan,2026-04-28,704250.0,1626450.0,0.22538422,12.014459,225,1
atitlan,2026-04-28,704550.0,1626450.0,0.11103156,8.453688,225,0
atitlan,2026-04-28,704850.0,1626450.0,0.14153104,10.237559,225,0
atitlan,2026-04-28,705150.0,1626450.0,0.15961628,9.003742,225,0
atitlan,2026-04-28,705450.0,1626450.0,0.21382801,12.849844,225,1
atitlan,2026-04-28,705750.0,1626450.0,0.26127225,18.544392,225,1
atitlan,2026-04-28,706050.0,1626450.0,0.24498038,17.94731,225,1
atitlan,2026-04-28,706350.0,1626450.0,0.30161512,21.852676,225,1
atitlan,2026-04-28,706650.0,1626450.0,0.33717635,28.153101,225,1
atitlan,2026-04-28,706950.0,1626450.0,0.2891736,23.17487,225,1
atitlan,2026-04-28,707250.0,1626450.0,0.35623637,35.754555,225,1
atitlan,2026-04-28,707550.0,1626450.0,0.25960448,21.282356,225,1
atitlan,2026-04-28,707850.0,1626450.0,0.30960882,27.056288,45,1
atitlan,2026-04-28,680250.0,1626750.0,0.35046303,25.282837,180,1
atitlan,2026-04-28,680550.0,1626750.0,0.3437229,24.111109,225,1
atitlan,2026-04-28,680850.0,1626750.0,0.33381927,23.276857,225,1
atitlan,2026-04-28,681150.0,1626750.0,0.348855,25.705217,225,1
atitlan,2026-04-28,681450.0,1626750.0,0.29757068,21.638178,225,1
atitlan,2026-04-28,681750.0,1626750.0,0.33059135,25.43519,225,1
atitlan,2026-04-28,682050.0,1626750.0,0.24420016,17.82983,225,1
atitlan,2026-04-28,682350.0,1626750.0,0.29759124,22.992859,225,1
atitlan,2026-04-28,682650.0,1626750.0,0.32387862,25.455807,225,1
atitlan,2026-04-28,682950.0,1626750.0,0.33423877,27.34322,225,1
atitlan,2026-04-28,683250.0,1626750.0,0.3851998,35.611553,225,1
atitlan,2026-04-28,683550.0,1626750.0,0.33319283,25.200563,225,1
atitlan,2026-04-28,683850.0,1626750.0,0.31559554,22.75564,225,1
atitlan,2026-04-28,684150.0,1626750.0,0.23402561,10.964128,225,0
atitlan,2026-04-28,684450.0,1626750.0,0.22016683,10.880537,225,0
atitlan,2026-04-28,684750.0,1626750.0,0.08066351,6.9169874,225,0
atitlan,2026-04-28,685050.0,1626750.0,-0.047602557,2.5974529,225,0
atitlan,2026-04-28,685350.0,1626750.0,-0.051721606,2.452426,225,0
atitlan,2026-04-28,685650.0,1626750.0,-0.057635248,2.185744,225,0
atitlan,2026-04-28,685950.0,1626750.0,-0.062432535,1.9236236,225,0
atitlan,2026-04-28,686250.0,1626750.0,-0.06780275,1.6111666,225,0
atitlan,2026-04-28,686550.0,1626750.0,-0.070001565,1.5371106,225,0
atitlan,2026-04-28,686850.0,1626750.0,-0.0686917,1.6186955,225,0
atitlan,2026-04-28,687150.0,1626750.0,-0.06859834,1.6327629,225,0
atitlan,2026-04-28,687450.0,1626750.0,-0.069287285,1.5801635,225,0
atitlan,2026-04-28,687750.0,1626750.0,-0.069152154,1.5796204,225,0
atitlan,2026-04-28,688050.0,1626750.0,-0.065905645,1.7195318,225,0
atitlan,2026-04-28,688350.0,1626750.0,-0.065317914,1.7807225,225,0
atitlan,2026-04-28,688650.0,1626750.0,-0.0636559,1.8782562,225,0
atitlan,2026-04-28,688950.0,1626750.0,-0.06136163,2.0094137,225,0
atitlan,2026-04-28,689250.0,1626750.0,-0.06273034,1.9529859,225,0
atitlan,2026-04-28,689550.0,1626750.0,-0.059919447,2.088462,225,0
atitlan,2026-04-28,689850.0,1626750.0,-0.060424894,2.0699277,225,0
atitlan,2026-04-28,690150.0,1626750.0,-0.060516376,2.0709462,225,0
atitlan,2026-04-28,690450.0,1626750.0,-0.062337082,1.9658183,225,0
atitlan,2026-04-28,690750.0,1626750.0,-0.06128295,2.0164182,225,0
atitlan,2026-04-28,691050.0,1626750.0,-0.060416542,2.0703907,225,0
atitlan,2026-04-28,691350.0,1626750.0,-0.061790463,1.9987891,225,0
atitlan,2026-04-28,691650.0,1626750.0,-0.065910324,1.7834165,225,0
atitlan,2026-04-28,691950.0,1626750.0,-0.0694518,1.5881147,225,0
atitlan,2026-04-28,692250.0,1626750.0,-0.07420593,1.3258107,225,0
atitlan,2026-04-28,692550.0,1626750.0,-0.0749553,1.2695413,225,0
atitlan,2026-04-28,692850.0,1626750.0,-0.07435727,1.311233,225,0
atitlan,2026-04-28,693150.0,1626750.0,-0.07967313,1.0151393,225,0
atitlan,2026-04-28,693450.0,1626750.0,-0.08169952,0.8789797,225,0
atitlan,2026-04-28,693750.0,1626750.0,-0.082826465,0.8063075,225,0
atitlan,2026-04-28,694050.0,1626750.0,-0.081999786,0.8682803,225,0
atitlan,2026-04-28,694350.0,1626750.0,-0.082624085,0.821961,225,0
atitlan,2026-04-28,694650.0,1626750.0,-0.08353506,0.76663053,225,0
atitlan,2026-04-28,694950.0,1626750.0,-0.0828266,0.8146534,225,0
atitlan,2026-04-28,695250.0,1626750.0,-0.08226057,0.8437656,225,0
atitlan,2026-04-28,695550.0,1626750.0,-0.08394136,0.754437,225,0
atitlan,2026-04-28,695850.0,1626750.0,-0.08455542,0.70399183,225,0
atitlan,2026-04-28,696150.0,1626750.0,-0.08361034,0.7598986,225,0
atitlan,2026-04-28,696450.0,1626750.0,-0.08364056,0.7577194,225,0
atitlan,2026-04-28,696750.0,1626750.0,-0.08317382,0.78684664,225,0
atitlan,2026-04-28,697050.0,1626750.0,-0.081738025,0.8770515,225,0
atitlan,2026-04-28,697350.0,1626750.0,-0.081165984,0.9134996,225,0
atitlan,2026-04-28,697650.0,1626750.0,-0.080545716,0.94867367,225,0
atitlan,2026-04-28,697950.0,1626750.0,-0.08053923,0.94897604,225,0
atitlan,2026-04-28,698250.0,1626750.0,-0.07834698,1.083323,225,0
atitlan,2026-04-28,698550.0,1626750.0,-0.07780951,1.1150355,225,0
atitlan,2026-04-28,698850.0,1626750.0,-0.07368456,1.3528086,225,0
atitlan,2026-04-28,699150.0,1626750.0,-0.07608578,1.2219266,225,0
atitlan,2026-04-28,699450.0,1626750.0,-0.076024815,1.2207265,225,0
atitlan,2026-04-28,699750.0,1626750.0,-0.0734266,1.374256,225,0
atitlan,2026-04-28,700050.0,1626750.0,-0.07376135,1.3563583,225,0
atitlan,2026-04-28,700350.0,1626750.0,-0.071903184,1.4620397,225,0
atitlan,2026-04-28,700650.0,1626750.0,-0.06576314,1.7939343,225,0
atitlan,2026-04-28,700950.0,1626750.0,-0.059469476,2.1205108,225,0
atitlan,2026-04-28,701250.0,1626750.0,0.08923184,9.402844,225,0
atitlan,2026-04-28,701550.0,1626750.0,0.29712194,16.866087,225,1
atitlan,2026-04-28,701850.0,1626750.0,0.2902428,17.356155,225,1
atitlan,2026-04-28,702150.0,1626750.0,0.30268154,19.479628,225,1
atitlan,2026-04-28,702450.0,1626750.0,0.2985582,19.29301,225,1
atitlan,2026-04-28,702750.0,1626750.0,0.18981266,10.649493,225,0
atitlan,2026-04-28,703050.0,1626750.0,0.19460423,11.87311,225,0
atitlan,2026-04-28,703350.0,1626750.0,0.16482766,7.9714174,225,0
atitlan,2026-04-28,703650.0,1626750.0,0.1610523,8.080462,225,0
atitlan,2026-04-28,703950.0,1626750.0,0.1628075,8.873178,225,0
atitlan,2026-04-28,704250.0,1626750.0,0.21439868,10.25753,225,0
atitlan,2026-04-28,704550.0,1626750.0,0.2397442,13.549794,225,1
atitlan,2026-04-28,704850.0,1626750.0,0.18669654,11.84922,225,0
atitlan,2026-04-28,705150.0,1626750.0,0.21078163,12.288591,225,1
atitlan,2026-04-28,705450.0,1626750.0,0.20082656,11.426256,225,0
atitlan,2026-04-28,705750.0,1626750.0,0.2896406,21.799818,225,1
atitlan,2026-04-28,706050.0,1626750.0,0.18859735,11.383538,225,0
atitlan,2026-04-28,706350.0,1626750.0,0.32058445,24.29428,225,1
atitlan,2026-04-28,706650.0,1626750.0,0.3764741,33.05736,225,1
atitlan,2026-04-28,706950.0,1626750.0,0.39720988,37.259796,225,1
atitlan,2026-04-28,707250.0,1626750.0,0.3522141,30.691397,225,1
atitlan,2026-04-28,707550.0,1626750.0,0.3482852,30.469023,225,1
atitlan,2026-04-28,707850.0,1626750.0,0.25229186,17.255083,45,1
atitlan,2026-04-28,680250.0,1627050.0,0.33181083,26.199272,180,1
atitlan,2026-04-28,680550.0,1627050.0,0.3700085,31.574694,225,1
atitlan,2026-04-28,680850.0,1627050.0,0.35085958,26.537804,225,1
atitlan,2026-04-28,681150.0,1627050.0,0.34898713,28.455381,225,1
atitlan,2026-04-28,681450.0,1627050.0,0.2926785,22.871372,225,1
atitlan,2026-04-28,681750.0,1627050.0,0.2944287,21.178694,225,1
atitlan,2026-04-28,682050.0,1627050.0,0.2401263,17.673992,225,1
atitlan,2026-04-28,682350.0,1627050.0,0.27658075,19.976841,225,1
atitlan,2026-04-28,682650.0,1627050.0,0.18871632,14.677645,225,1
atitlan,2026-04-28,682950.0,1627050.0,0.35746914,29.670803,225,1
atitlan,2026-04-28,683250.0,1627050.0,0.3302386,28.84991,225,1
atitlan,2026-04-28,683550.0,1627050.0,0.32197684,24.642796,225,1
atitlan,2026-04-28,683850.0,1627050.0,0.32926622,22.451662,225,1
atitlan,2026-04-28,684150.0,1627050.0,0.27166167,14.135786,225,1
atitlan,2026-04-28,684450.0,1627050.0,0.21878017,11.350813,225,0
atitlan,2026-04-28,684750.0,1627050.0,0.0860529,7.3467736,224,0
atitlan,2026-04-28,685050.0,1627050.0,0.0017227973,4.084938,225,0
atitlan,2026-04-28,685350.0,1627050.0,-0.034067836,3.0845373,225,0
atitlan,2026-04-28,685650.0,1627050.0,-0.0425998,2.8447733,225,0
atitlan,2026-04-28,685950.0,1627050.0,-0.053211767,2.3500197,225,0
atitlan,2026-04-28,686250.0,1627050.0,-0.057182055,2.1832995,225,0
atitlan,2026-04-28,686550.0,1627050.0,-0.068515606,1.6132398,225,0
atitlan,2026-04-28,686850.0,1627050.0,-0.06667064,1.6756878,225,0
atitlan,2026-04-28,687150.0,1627050.0,-0.07118025,1.4847592,225,0
atitlan,2026-04-28,687450.0,1627050.0,-0.07030922,1.5597514,225,0
atitlan,2026-04-28,687750.0,1627050.0,-0.067415796,1.6843967,225,0
atitlan,2026-04-28,688050.0,1627050.0,-0.06686748,1.6938434,225,0
atitlan,2026-04-28,688350.0,1627050.0,-0.066443704,1.7116636,225,0
atitlan,2026-04-28,688650.0,1627050.0,-0.061724097,1.9713492,225,0
atitlan,2026-04-28,688950.0,1627050.0,-0.06307712,1.9009433,225,0
atitlan,2026-04-28,689250.0,1627050.0,-0.062712446,1.9257864,225,0
atitlan,2026-04-28,689550.0,1627050.0,-0.05962408,2.106371,225,0
atitlan,2026-04-28,689850.0,1627050.0,-0.061450407,2.022054,225,0
atitlan,2026-04-28,690150.0,1627050.0,-0.061678614,2.0043871,225,0
atitlan,2026-04-28,690450.0,1627050.0,-0.062000554,1.9844893,225,0
atitlan,2026-04-28,690750.0,1627050.0,-0.066708356,1.74652,225,0
atitlan,2026-04-28,691050.0,1627050.0,-0.06759432,1.6916349,225,0
atitlan,2026-04-28,691350.0,1627050.0,-0.066787854,1.7401667,225,0
atitlan,2026-04-28,691650.0,1627050.0,-0.06896999,1.6220562,225,0
atitlan,2026-04-28,691950.0,1627050.0,-0.07360196,1.3515247,225,0
atitlan,2026-04-28,692250.0,1627050.0,-0.07756556,1.134624,225,0
atitlan,2026-04-28,692550.0,1627050.0,-0.077764995,1.1108254,225,0
atitlan,2026-04-28,692850.0,1627050.0,-0.07986913,0.9939717,225,0
atitlan,2026-04-28,693150.0,1627050.0,-0.07913385,1.0349448,225,0
atitlan,2026-04-28,693450.0,1627050.0,-0.07791699,1.1121203,225,0
atitlan,2026-04-28,693750.0,1627050.0,-0.08085529,0.9379724,225,0
atitlan,2026-04-28,694050.0,1627050.0,-0.08250251,0.83517575,225,0
atitlan,2026-04-28,694350.0,1627050.0,-0.08339941,0.7797564,225,0
atitlan,2026-04-28,694650.0,1627050.0,-0.08344996,0.78085405,225,0
atitlan,2026-04-28,694950.0,1627050.0,-0.08282606,0.80986327,225,0
atitlan,2026-04-28,695250.0,1627050.0,-0.08315839,0.7978406,225,0
atitlan,2026-04-28,695550.0,1627050.0,-0.08382869,0.75119334,225,0
atitlan,2026-04-28,695850.0,1627050.0,-0.08492872,0.6977888,225,0
atitlan,2026-04-28,696150.0,1627050.0,-0.08293303,0.8090577,225,0
atitlan,2026-04-28,696450.0,1627050.0,-0.08295478,0.80936474,225,0
atitlan,2026-04-28,696750.0,1627050.0,-0.08459958,0.7054501,225,0
atitlan,2026-04-28,697050.0,1627050.0,-0.08226732,0.8430517,225,0
atitlan,2026-04-28,697350.0,1627050.0,-0.08041238,0.9561417,225,0
atitlan,2026-04-28,697650.0,1627050.0,-0.07928702,1.0287857,225,0
atitlan,2026-04-28,697950.0,1627050.0,-0.07300879,1.3789734,225,0
atitlan,2026-04-28,698250.0,1627050.0,-0.07701479,1.159567,225,0
atitlan,2026-04-28,698550.0,1627050.0,-0.07898236,1.0473304,225,0
atitlan,2026-04-28,698850.0,1627050.0,-0.07831548,1.082403,225,0
atitlan,2026-04-28,699150.0,1627050.0,-0.07569588,1.2444372,225,0
atitlan,2026-04-28,699450.0,1627050.0,-0.07584657,1.2351297,225,0
atitlan,2026-04-28,699750.0,1627050.0,-0.074160546,1.3301215,225,0
atitlan,2026-04-28,700050.0,1627050.0,-0.07288252,1.4091551,225,0
atitlan,2026-04-28,700350.0,1627050.0,-0.07019515,1.554544,225,0
atitlan,2026-04-28,700650.0,1627050.0,-0.064442456,1.8598887,225,0
atitlan,2026-04-28,700950.0,1627050.0,-0.056677397,2.2534282,225,0
atitlan,2026-04-28,701250.0,1627050.0,0.14974412,10.156219,225,0
atitlan,2026-04-28,701550.0,1627050.0,0.31984273,20.14925,225,1
atitlan,2026-04-28,701850.0,1627050.0,0.2987559,20.552895,225,1
atitlan,2026-04-28,702150.0,1627050.0,0.3375669,24.485071,225,1
atitlan,2026-04-28,702450.0,1627050.0,0.30270883,18.777842,225,1
atitlan,2026-04-28,702750.0,1627050.0,0.2682888,16.150488,225,1
atitlan,2026-04-28,703050.0,1627050.0,0.28320703,18.481009,225,1
atitlan,2026-04-28,703350.0,1627050.0,0.20361906,12.881378,225,1
atitlan,2026-04-28,703650.0,1627050.0,0.15254426,8.772112,225,0
atitlan,2026-04-28,703950.0,1627050.0,0.11021658,8.110585,225,0
atitlan,2026-04-28,704250.0,1627050.0,0.17647284,10.60071,225,0
atitlan,2026-04-28,704550.0,1627050.0,0.25890836,14.925767,225,1
atitlan,2026-04-28,704850.0,1627050.0,0.25141093,15.356047,225,1
atitlan,2026-04-28,705150.0,1627050.0,0.18529458,12.525584,225,1
atitlan,2026-04-28,705450.0,1627050.0,0.24827084,14.398367,225,1
atitlan,2026-04-28,705750.0,1627050.0,0.23221712,14.727813,225,1
atitlan,2026-04-28,706050.0,1627050.0,0.26435727,17.745024,225,1
atitlan,2026-04-28,706350.0,1627050.0,0.34852147,30.775154,225,1
atitlan,2026-04-28,706650.0,1627050.0,0.38249263,36.122433,225,1
atitlan,2026-04-28,706950.0,1627050.0,0.37114298,33.380527,225,1
atitlan,2026-04-28,707250.0,1627050.0,0.30335876,25.188852,225,1
atitlan,2026-04-28,707550.0,1627050.0,0.33910343,27.81223,225,1
atitlan,2026-04-28,707850.0,1627050.0,0.3023986,25.20189,45,1
atitlan,2026-04-28,680250.0,1627350.0,0.22777644,14.540977,180,1
atitlan,2026-04-28,680550.0,1627350.0,0.40623987,39.05468,225,1
atitlan,2026-04-28,680850.0,1627350.0,0.34777215,26.782713,225,1
atitlan,2026-04-28,681150.0,1627350.0,0.3593689,29.791513,225,1
atitlan,2026-04-28,681450.0,1627350.0,0.36060375,31.074575,225,1
atitlan,2026-04-28,681750.0,1627350.0,0.20674022,15.038237,225,1
atitlan,2026-04-28,682050.0,1627350.0,0.22264045,14.948562,225,1
atitlan,2026-04-28,682350.0,1627350.0,0.13316713,10.118761,225,0
atitlan,2026-04-28,682650.0,1627350.0,0.06379797,5.0631604,225,0
atitlan,2026-04-28,682950.0,1627350.0,0.22635752,16.053354,225,1
atitlan,2026-04-28,683250.0,1627350.0,0.28876603,20.31962,225,1
atitlan,2026-04-28,683550.0,1627350.0,0.26803917,19.115555,225,1
atitlan,2026-04-28,683850.0,1627350.0,0.29786852,17.241718,225,1
atitlan,2026-04-28,684150.0,1627350.0,0.26178232,13.064069,225,1
atitlan,2026-04-28,684450.0,1627350.0,0.19252239,7.97846,225,0
atitlan,2026-04-28,684750.0,1627350.0,0.17536843,7.993256,225,0
atitlan,2026-04-28,685050.0,1627350.0,0.20072263,9.6204,225,0
atitlan,2026-04-28,685350.0,1627350.0,0.13245943,7.0395403,225,0
atitlan,2026-04-28,685650.0,1627350.0,0.13292545,7.242277,225,0
atitlan,2026-04-28,685950.0,1627350.0,0.03820958,4.9425983,225,0
atitlan,2026-04-28,686250.0,1627350.0,-0.050784048,2.4472125,225,0
atitlan,2026-04-28,686550.0,1627350.0,-0.058062155,2.1318707,225,0
atitlan,2026-04-28,686850.0,1627350.0,-0.06009158,2.0211995,225,0
atitlan,2026-04-28,687150.0,1627350.0,-0.058559686,2.101499,225,0
atitlan,2026-04-28,687450.0,1627350.0,-0.063466005,1.8835841,225,0
atitlan,2026-04-28,687750.0,1627350.0,-0.062361307,1.9188104,225,0
atitlan,2026-04-28,688050.0,1627350.0,-0.060607176,2.015083,225,0
atitlan,2026-04-28,688350.0,1627350.0,-0.065707624,1.7515454,225,0
atitlan,2026-04-28,688650.0,1627350.0,-0.07093331,1.4895321,225,0
atitlan,2026-04-28,688950.0,1627350.0,-0.072180636,1.4309518,225,0
atitlan,2026-04-28,689250.0,1627350.0,-0.06858561,1.6160406,225,0
atitlan,2026-04-28,689550.0,1627350.0,-0.06885666,1.6131516,225,0
atitlan,2026-04-28,689850.0,1627350.0,-0.062996335,1.939306,225,0
atitlan,2026-04-28,690150.0,1627350.0,-0.06422929,1.8742427,225,0
atitlan,2026-04-28,690450.0,1627350.0,-0.06509755,1.8289158,225,0
atitlan,2026-04-28,690750.0,1627350.0,-0.066740826,1.7361784,225,0
atitlan,2026-04-28,691050.0,1627350.0,-0.06844542,1.649992,225,0
atitlan,2026-04-28,691350.0,1627350.0,-0.07432745,1.3056208,225,0
atitlan,2026-04-28,691650.0,1627350.0,-0.068662725,1.6340059,225,0
atitlan,2026-04-28,691950.0,1627350.0,-0.076473504,1.1873828,225,0
atitlan,2026-04-28,692250.0,1627350.0,-0.08208722,0.87161064,225,0
atitlan,2026-04-28,692550.0,1627350.0,-0.08085477,0.9290847,225,0
atitlan,2026-04-28,692850.0,1627350.0,-0.080603085,0.9418015,225,0
atitlan,2026-04-28,693150.0,1627350.0,-0.080885865,0.932442,225,0
atitlan,2026-04-28,693450.0,1627350.0,-0.08071692,0.93983936,225,0
atitlan,2026-04-28,693750.0,1627350.0,-0.07890124,1.0472329,225,0
atitlan,2026-04-28,694050.0,1627350.0,-0.079424165,1.0188152,225,0
atitlan,2026-04-28,694350.0,1627350.0,-0.08132283,0.90093863,225,0
atitlan,2026-04-28,694650.0,1627350.0,-0.08163391,0.88098675,225,0
atitlan,2026-04-28,694950.0,1627350.0,-0.08110481,0.91539234,225,0
atitlan,2026-04-28,695250.0,1627350.0,-0.082017,0.8607788,225,0
atitlan,2026-04-28,695550.0,1627350.0,-0.08204904,0.86102504,225,0
atitlan,2026-04-28,695850.0,1627350.0,-0.082849786,0.8120561,225,0
atitlan,2026-04-28,696150.0,1627350.0,-0.08317346,0.7964664,225,0
atitlan,2026-04-28,696450.0,1627350.0,-0.08431737,0.72339946,225,0
atitlan,2026-04-28,696750.0,1627350.0,-0.08365669,0.7526135,225,0
atitlan,2026-04-28,697050.0,1627350.0,-0.08132565,0.9022649,225,0
atitlan,2026-04-28,697350.0,1627350.0,-0.07944679,1.0178952,225,0
atitlan,2026-04-28,697650.0,1627350.0,-0.07938005,1.0189162,225,0
atitlan,2026-04-28,697950.0,1627350.0,-0.073437594,1.336275,225,0
atitlan,2026-04-28,698250.0,1627350.0,-0.07986801,0.9911416,225,0
atitlan,2026-04-28,698550.0,1627350.0,-0.07830057,1.0883542,225,0
atitlan,2026-04-28,698850.0,1627350.0,-0.07761598,1.1273018,225,0
atitlan,2026-04-28,699150.0,1627350.0,-0.07777447,1.118438,225,0
atitlan,2026-04-28,699450.0,1627350.0,-0.07551256,1.2536716,225,0
atitlan,2026-04-28,699750.0,1627350.0,-0.07281369,1.4095315,225,0
atitlan,2026-04-28,700050.0,1627350.0,-0.07090654,1.5208713,225,0
atitlan,2026-04-28,700350.0,1627350.0,-0.069188684,1.61098,225,0
atitlan,2026-04-28,700650.0,1627350.0,-0.06367495,1.9048673,225,0
atitlan,2026-04-28,700950.0,1627350.0,-0.05373187,2.3759837,225,0
atitlan,2026-04-28,701250.0,1627350.0,0.20673773,12.79918,225,1
atitlan,2026-04-28,701550.0,1627350.0,0.33891344,23.862106,225,1
atitlan,2026-04-28,701850.0,1627350.0,0.31495547,20.957924,225,1
atitlan,2026-04-28,702150.0,1627350.0,0.3240085,22.076576,225,1
atitlan,2026-04-28,702450.0,1627350.0,0.26847622,15.568808,225,1
atitlan,2026-04-28,702750.0,1627350.0,0.23276128,14.252071,225,1
atitlan,2026-04-28,703050.0,1627350.0,0.28663886,18.709871,225,1
atitlan,2026-04-28,703350.0,1627350.0,0.27702805,20.294533,225,1
atitlan,2026-04-28,703650.0,1627350.0,0.19006988,11.607317,225,0
atitlan,2026-04-28,703950.0,1627350.0,0.15301184,11.017334,225,0
atitlan,2026-04-28,704250.0,1627350.0,0.2362867,15.779014,225,1
atitlan,2026-04-28,704550.0,1627350.0,0.16049586,10.850498,225,0
atitlan,2026-04-28,704850.0,1627350.0,0.11558473,8.401352,225,0
atitlan,2026-04-28,705150.0,1627350.0,0.23889937,15.263677,225,1
atitlan,2026-04-28,705450.0,1627350.0,0.27260023,16.985086,225,1
atitlan,2026-04-28,705750.0,1627350.0,0.3170852,24.092138,225,1
atitlan,2026-04-28,706050.0,1627350.0,0.11945056,7.4188385,225,0
atitlan,2026-04-28,706350.0,1627350.0,0.24753511,18.323767,225,1
atitlan,2026-04-28,706650.0,1627350.0,0.42471263,46.745277,225,1
atitlan,2026-04-28,706950.0,1627350.0,0.3791399,34.341473,225,1
atitlan,2026-04-28,707250.0,1627350.0,0.3888225,35.480824,225,1
atitlan,2026-04-28,707550.0,1627350.0,0.38058478,35.851788,225,1
atitlan,2026-04-28,707850.0,1627350.0,0.3170308,22.032516,45,1
atitlan,2026-04-28,680250.0,1627650.0,0.38726494,34.846546,180,1
atitlan,2026-04-28,680550.0,1627650.0,0.41135374,40.380657,225,1
atitlan,2026-04-28,680850.0,1627650.0,0.37029555,32.864155,225,1
atitlan,2026-04-28,681150.0,1627650.0,0.33809558,29.024134,225,1
atitlan,2026-04-28,681450.0,1627650.0,0.31971818,26.48282,225,1
atitlan,2026-04-28,681750.0,1627650.0,0.288638,23.402023,225,1
atitlan,2026-04-28,682050.0,1627650.0,0.1260495,9.587883,225,0
atitlan,2026-04-28,682350.0,1627650.0,0.16749497,11.478005,225,0
atitlan,2026-04-28,682650.0,1627650.0,0.10682467,8.07172,225,0
atitlan,2026-04-28,682950.0,1627650.0,0.07018392,5.197868,225,0
atitlan,2026-04-28,683250.0,1627650.0,0.12599154,8.133461,225,0
atitlan,2026-04-28,683550.0,1627650.0,0.2084151,13.203375,225,1
atitlan,2026-04-28,683850.0,1627650.0,0.28986627,18.990597,225,1
atitlan,2026-04-28,684150.0,1627650.0,0.26967713,15.366896,225,1
atitlan,2026-04-28,684450.0,1627650.0,0.20617059,9.025195,225,0
atitlan,2026-04-28,684750.0,1627650.0,0.19901493,8.242834,225,0
atitlan,2026-04-28,685050.0,1627650.0,0.19596541,9.277841,225,0
atitlan,2026-04-28,685350.0,1627650.0,0.20893335,10.40122,225,0
atitlan,2026-04-28,685650.0,1627650.0,0.17399938,9.171371,225,0
atitlan,2026-04-28,685950.0,1627650.0,0.19235338,10.329421,225,0
atitlan,2026-04-28,686250.0,1627650.0,0.07494981,5.546769,225,0
atitlan,2026-04-28,686550.0,1627650.0,-0.042695407,2.7234237,225,0
atitlan,2026-04-28,686850.0,1627650.0,-0.05638106,2.1816359,225,0
atitlan,2026-04-28,687150.0,1627650.0,-0.055953026,2.2379272,225,0
atitlan,2026-04-28,687450.0,1627650.0,-0.0550677,2.2862394,225,0
atitlan,2026-04-28,687750.0,1627650.0,-0.06152141,1.9534745,225,0
atitlan,2026-04-28,688050.0,1627650.0,-0.061600376,1.97991,225,0
atitlan,2026-04-28,688350.0,1627650.0,-0.066572234,1.7249861,225,0
atitlan,2026-04-28,688650.0,1627650.0,-0.06529951,1.77775,225,0
atitlan,2026-04-28,688950.0,1627650.0,-0.07029231,1.5348997,225,0
atitlan,2026-04-28,689250.0,1627650.0,-0.07281037,1.3872466,225,0
atitlan,2026-04-28,689550.0,1627650.0,-0.069151625,1.6039239,225,0
atitlan,2026-04-28,689850.0,1627650.0,-0.06965932,1.5706974,225,0
atitlan,2026-04-28,690150.0,1627650.0,-0.06646131,1.7438668,225,0
atitlan,2026-04-28,690450.0,1627650.0,-0.066113606,1.7678417,225,0
atitlan,2026-04-28,690750.0,1627650.0,-0.06548698,1.8071008,225,0
atitlan,2026-04-28,691050.0,1627650.0,-0.068093754,1.6579462,225,0
atitlan,2026-04-28,691350.0,1627650.0,-0.07384442,1.3494016,225,0
atitlan,2026-04-28,691650.0,1627650.0,-0.07704143,1.159149,225,0
atitlan,2026-04-28,691950.0,1627650.0,-0.07870635,1.0569537,225,0
atitlan,2026-04-28,692250.0,1627650.0,-0.07903769,1.0386682,225,0
atitlan,2026-04-28,692550.0,1627650.0,-0.079129964,1.0426502,225,0
atitlan,2026-04-28,692850.0,1627650.0,-0.077791445,1.1166083,225,0
atitlan,2026-04-28,693150.0,1627650.0,-0.07833861,1.0828891,225,0
atitlan,2026-04-28,693450.0,1627650.0,-0.0790945,1.0424049,225,0
atitlan,2026-04-28,693750.0,1627650.0,-0.08046736,0.95510423,225,0
atitlan,2026-04-28,694050.0,1627650.0,-0.07838804,1.0807656,225,0
atitlan,2026-04-28,694350.0,1627650.0,-0.08182358,0.87646353,225,0
atitlan,2026-04-28,694650.0,1627650.0,-0.080968626,0.9204699,225,0
atitlan,2026-04-28,694950.0,1627650.0,-0.08261682,0.826945,225,0
atitlan,2026-04-28,695250.0,1627650.0,-0.08252422,0.83610964,225,0
atitlan,2026-04-28,695550.0,1627650.0,-0.08297541,0.800446,225,0
atitlan,2026-04-28,695850.0,1627650.0,-0.08309193,0.79758674,225,0
atitlan,2026-04-28,696150.0,1627650.0,-0.08219442,0.85509896,225,0
atitlan,2026-04-28,696450.0,1627650.0,-0.08218872,0.85071003,225,0
atitlan,2026-04-28,696750.0,1627650.0,-0.08528544,0.6618624,225,0
atitlan,2026-04-28,697050.0,1627650.0,-0.08259222,0.828936,225,0
atitlan,2026-04-28,697350.0,1627650.0,-0.08050342,0.95242536,225,0
atitlan,2026-04-28,697650.0,1627650.0,-0.08013515,0.9750796,225,0
atitlan,2026-04-28,697950.0,1627650.0,-0.07954456,1.0086399,225,0
atitlan,2026-04-28,698250.0,1627650.0,-0.078898475,1.0546201,225,0
atitlan,2026-04-28,698550.0,1627650.0,-0.07738829,1.1424623,225,0
atitlan,2026-04-28,698850.0,1627650.0,-0.075920045,1.2300273,225,0
atitlan,2026-04-28,699150.0,1627650.0,-0.07654176,1.1920356,225,0
atitlan,2026-04-28,699450.0,1627650.0,-0.07495639,1.2891136,225,0
atitlan,2026-04-28,699750.0,1627650.0,-0.07317364,1.3914517,225,0
atitlan,2026-04-28,700050.0,1627650.0,-0.07083565,1.5245141,225,0
atitlan,2026-04-28,700350.0,1627650.0,-0.0674615,1.6971014,225,0
atitlan,2026-04-28,700650.0,1627650.0,-0.061787277,2.0065916,225,0
atitlan,2026-04-28,700950.0,1627650.0,-0.022508381,3.4199195,225,0
atitlan,2026-04-28,701250.0,1627650.0,0.27456978,19.277344,225,1
atitlan,2026-04-28,701550.0,1627650.0,0.36073348,28.371956,225,1
atitlan,2026-04-28,701850.0,1627650.0,0.30328178,19.06389,225,1
atitlan,2026-04-28,702150.0,1627650.0,0.31209177,22.950521,225,1
atitlan,2026-04-28,702450.0,1627650.0,0.28746754,20.281507,225,1
atitlan,2026-04-28,702750.0,1627650.0,0.22695798,13.979526,225,1
atitlan,2026-04-28,703050.0,1627650.0,0.20646629,11.923382,225,0
atitlan,2026-04-28,703350.0,1627650.0,0.2453576,15.251712,225,1
atitlan,2026-04-28,703650.0,1627650.0,0.23086174,16.031778,225,1
atitlan,2026-04-28,703950.0,1627650.0,0.2509663,17.180729,225,1
atitlan,2026-04-28,704250.0,1627650.0,0.15783586,9.560672,225,0
atitlan,2026-04-28,704550.0,1627650.0,0.16165073,11.772294,225,0
atitlan,2026-04-28,704850.0,1627650.0,0.19351907,12.630537,225,1
atitlan,2026-04-28,705150.0,1627650.0,0.16563001,10.035116,225,0
atitlan,2026-04-28,705450.0,1627650.0,0.19097812,13.036007,225,1
atitlan,2026-04-28,705750.0,1627650.0,0.29258746,20.207613,225,1
atitlan,2026-04-28,706050.0,1627650.0,0.18053252,11.67015,225,0
atitlan,2026-04-28,706350.0,1627650.0,0.22755691,14.498741,225,1
atitlan,2026-04-28,706650.0,1627650.0,0.37244713,42.387726,225,1
atitlan,2026-04-28,706950.0,1627650.0,0.3854158,35.815067,225,1
atitlan,2026-04-28,707250.0,1627650.0,0.2918281,24.376717,225,1
atitlan,2026-04-28,707550.0,1627650.0,0.32240942,23.49909,225,1
atitlan,2026-04-28,707850.0,1627650.0,0.33203238,24.824701,45,1
atitlan,2026-04-28,680250.0,1627950.0,0.40608418,38.431133,180,1
atitlan,2026-04-28,680550.0,1627950.0,0.39229223,37.7047,225,1
atitlan,2026-04-28,680850.0,1627950.0,0.35328567,29.759108,225,1
atitlan,2026-04-28,681150.0,1627950.0,0.3528541,28.319792,225,1
atitlan,2026-04-28,681450.0,1627950.0,0.35805288,30.2535,225,1
atitlan,2026-04-28,681750.0,1627950.0,0.29388377,23.422857,225,1
atitlan,2026-04-28,682050.0,1627950.0,0.16768147,12.13048,225,1
atitlan,2026-04-28,682350.0,1627950.0,0.12785882,7.7947083,225,0
atitlan,2026-04-28,682650.0,1627950.0,0.14611004,8.94909,225,0
atitlan,2026-04-28,682950.0,1627950.0,0.15078263,9.735256,225,0
atitlan,2026-04-28,683250.0,1627950.0,0.18403031,11.714043,225,0
atitlan,2026-04-28,683550.0,1627950.0,0.2698765,16.729937,225,1
atitlan,2026-04-28,683850.0,1627950.0,0.29656127,17.634079,225,1
atitlan,2026-04-28,684150.0,1627950.0,0.28937823,16.721779,225,1
atitlan,2026-04-28,684450.0,1627950.0,0.22474918,11.085322,225,0
atitlan,2026-04-28,684750.0,1627950.0,0.25233254,12.356676,225,1
atitlan,2026-04-28,685050.0,1627950.0,0.22724532,10.375611,225,0
atitlan,2026-04-28,685350.0,1627950.0,0.20649382,9.810818,225,0
atitlan,2026-04-28,685650.0,1627950.0,0.23772506,11.09349,225,0
atitlan,2026-04-28,685950.0,1627950.0,0.117638856,7.5487905,225,0
atitlan,2026-04-28,686250.0,1627950.0,0.14100182,7.697329,225,0
atitlan,2026-04-28,686550.0,1627950.0,0.06643582,5.8531036,225,0
atitlan,2026-04-28,686850.0,1627950.0,-0.045685098,2.6774828,225,0
atitlan,2026-04-28,687150.0,1627950.0,-0.042573284,2.7279367,225,0
atitlan,2026-04-28,687450.0,1627950.0,-0.04512925,2.6727588,225,0
atitlan,2026-04-28,687750.0,1627950.0,-0.05166413,2.3979428,225,0
atitlan,2026-04-28,688050.0,1627950.0,-0.053039424,2.3814652,225,0
atitlan,2026-04-28,688350.0,1627950.0,-0.06042588,2.0386033,225,0
atitlan,2026-04-28,688650.0,1627950.0,-0.06470273,1.8227769,225,0
atitlan,2026-04-28,688950.0,1627950.0,-0.07083037,1.5037229,225,0
atitlan,2026-04-28,689250.0,1627950.0,-0.07244018,1.4092646,225,0
atitlan,2026-04-28,689550.0,1627950.0,-0.073726326,1.34717,225,0
atitlan,2026-04-28,689850.0,1627950.0,-0.07540686,1.2433037,225,0
atitlan,2026-04-28,690150.0,1627950.0,-0.07102254,1.4972553,225,0
atitlan,2026-04-28,690450.0,1627950.0,-0.066747695,1.7270789,225,0
atitlan,2026-04-28,690750.0,1627950.0,-0.06551574,1.8156502,225,0
atitlan,2026-04-28,691050.0,1627950.0,-0.065586895,1.7959625,225,0
atitlan,2026-04-28,691350.0,1627950.0,-0.066707514,1.7406521,225,0
atitlan,2026-04-28,691650.0,1627950.0,-0.066599004,1.7319146,225,0
atitlan,2026-04-28,691950.0,1627950.0,-0.07461838,1.2917727,225,0
atitlan,2026-04-28,692250.0,1627950.0,-0.07631652,1.200996,225,0
atitlan,2026-04-28,692550.0,1627950.0,-0.07796437,1.106609,225,0
atitlan,2026-04-28,692850.0,1627950.0,-0.077960916,1.1078938,225,0
atitlan,2026-04-28,693150.0,1627950.0,-0.07730757,1.1501389,225,0
atitlan,2026-04-28,693450.0,1627950.0,-0.079152934,1.029823,225,0
atitlan,2026-04-28,693750.0,1627950.0,-0.079580285,1.0062364,225,0
atitlan,2026-04-28,694050.0,1627950.0,-0.07897003,1.0471139,225,0
atitlan,2026-04-28,694350.0,1627950.0,-0.07867184,1.0621507,225,0
atitlan,2026-04-28,694650.0,1627950.0,-0.08065069,0.95079726,225,0
atitlan,2026-04-28,694950.0,1627950.0,-0.08152678,0.89496815,225,0
atitlan,2026-04-28,695250.0,1627950.0,-0.082097664,0.8575674,225,0
atitlan,2026-04-28,695550.0,1627950.0,-0.08425471,0.7322338,225,0
atitlan,2026-04-28,695850.0,1627950.0,-0.0822325,0.8448858,225,0
atitlan,2026-04-28,696150.0,1627950.0,-0.08438276,0.72492063,225,0
atitlan,2026-04-28,696450.0,1627950.0,-0.083147444,0.7978963,225,0
atitlan,2026-04-28,696750.0,1627950.0,-0.08166795,0.8864411,225,0
atitlan,2026-04-28,697050.0,1627950.0,-0.0834609,0.77150524,225,0
atitlan,2026-04-28,697350.0,1627950.0,-0.08040457,0.9594231,225,0
atitlan,2026-04-28,697650.0,1627950.0,-0.08070175,0.9411564,225,0
atitlan,2026-04-28,697950.0,1627950.0,-0.07960646,1.0054586,225,0
atitlan,2026-04-28,698250.0,1627950.0,-0.078174345,1.0992633,225,0
atitlan,2026-04-28,698550.0,1627950.0,-0.077237934,1.1557618,225,0
atitlan,2026-04-28,698850.0,1627950.0,-0.0770877,1.1624548,225,0
atitlan,2026-04-28,699150.0,1627950.0,-0.07632642,1.206451,225,0
atitlan,2026-04-28,699450.0,1627950.0,-0.07434398,1.3265676,225,0
atitlan,2026-04-28,699750.0,1627950.0,-0.071891844,1.46715,225,0
atitlan,2026-04-28,700050.0,1627950.0,-0.06854477,1.6548306,225,0
atitlan,2026-04-28,700350.0,1627950.0,-0.06370296,1.9081153,225,0
atitlan,2026-04-28,700650.0,1627950.0,-0.05571313,2.2992876,225,0
atitlan,2026-04-28,700950.0,1627950.0,0.07029214,6.3345294,225,0
atitlan,2026-04-28,701250.0,1627950.0,0.29795104,21.613071,225,1
atitlan,2026-04-28,701550.0,1627950.0,0.32359898,21.980562,225,1
atitlan,2026-04-28,701850.0,1627950.0,0.31041384,21.874323,225,1
atitlan,2026-04-28,702150.0,1627950.0,0.2521961,16.39635,225,1
atitlan,2026-04-28,702450.0,1627950.0,0.14833795,9.561352,225,0
atitlan,2026-04-28,702750.0,1627950.0,0.3094821,22.282648,225,1
atitlan,2026-04-28,703050.0,1627950.0,0.10813449,8.519798,225,0
atitlan,2026-04-28,703350.0,1627950.0,0.16351487,11.996414,225,0
atitlan,2026-04-28,703650.0,1627950.0,0.14209859,9.820842,225,0
atitlan,2026-04-28,703950.0,1627950.0,0.16725487,10.57326,225,0
atitlan,2026-04-28,704250.0,1627950.0,0.17463249,11.482078,225,0
atitlan,2026-04-28,704550.0,1627950.0,0.1493557,10.147816,225,0
atitlan,2026-04-28,704850.0,1627950.0,0.15990497,12.547861,225,1
atitlan,2026-04-28,705150.0,1627950.0,0.24354205,16.52776,225,1
atitlan,2026-04-28,705450.0,1627950.0,0.2969508,19.50012,225,1
atitlan,2026-04-28,705750.0,1627950.0,0.3220486,24.61081,225,1
atitlan,2026-04-28,706050.0,1627950.0,0.26003066,19.749933,225,1
atitlan,2026-04-28,706350.0,1627950.0,0.39167914,36.412464,225,1
atitlan,2026-04-28,706650.0,1627950.0,0.3779621,34.840687,225,1
atitlan,2026-04-28,706950.0,1627950.0,0.29220855,19.89543,225,1
atitlan,2026-04-28,707250.0,1627950.0,0.35063058,31.625813,225,1
atitlan,2026-04-28,707550.0,1627950.0,0.31891012,22.209026,225,1
atitlan,2026-04-28,707850.0,1627950.0,0.30135483,19.503122,45,1
atitlan,2026-04-28,680250.0,1628250.0,0.37838173,35.786034,180,1
atitlan,2026-04-28,680550.0,1628250.0,0.37821117,36.36413,225,1
atitlan,2026-04-28,680850.0,1628250.0,0.33538496,27.218,225,1
atitlan,2026-04-28,681150.0,1628250.0,0.34494382,29.515892,225,1
atitlan,2026-04-28,681450.0,1628250.0,0.36585087,31.189419,225,1
atitlan,2026-04-28,681750.0,1628250.0,0.3719841,31.719334,225,1
atitlan,2026-04-28,682050.0,1628250.0,0.31795073,23.179342,225,1
atitlan,2026-04-28,682350.0,1628250.0,0.23870432,17.401281,225,1
atitlan,2026-04-28,682650.0,1628250.0,0.23349139,16.318316,225,1
atitlan,2026-04-28,682950.0,1628250.0,0.24284777,14.924243,225,1
atitlan,2026-04-28,683250.0,1628250.0,0.10763013,6.551184,225,0
atitlan,2026-04-28,683550.0,1628250.0,0.29297104,18.533215,225,1
atitlan,2026-04-28,683850.0,1628250.0,0.25891736,12.666459,225,1
atitlan,2026-04-28,684150.0,1628250.0,0.28271672,16.223148,225,1
atitlan,2026-04-28,684450.0,1628250.0,0.26641136,13.388465,225,1
atitlan,2026-04-28,684750.0,1628250.0,0.25221893,12.299221,225,1
atitlan,2026-04-28,685050.0,1628250.0,0.2583903,12.873527,225,1
atitlan,2026-04-28,685350.0,1628250.0,0.20757587,9.199304,225,0
atitlan,2026-04-28,685650.0,1628250.0,0.21453996,11.079638,225,0
atitlan,2026-04-28,685950.0,1628250.0,0.048543025,4.6332564,225,0
atitlan,2026-04-28,686250.0,1628250.0,0.19041938,10.750317,225,0
atitlan,2026-04-28,686550.0,1628250.0,0.15393099,9.214408,225,0
atitlan,2026-04-28,686850.0,1628250.0,-0.036386292,3.0369995,225,0
atitlan,2026-04-28,687150.0,1628250.0,0.06724851,5.872624,225,0
atitlan,2026-04-28,687450.0,1628250.0,0.13011591,9.056151,225,0
atitlan,2026-04-28,687750.0,1628250.0,-0.010272519,3.572886,225,0
atitlan,2026-04-28,688050.0,1628250.0,-0.009258513,3.639162,225,0
atitlan,2026-04-28,688350.0,1628250.0,0.01848558,4.291551,225,0
atitlan,2026-04-28,688650.0,1628250.0,0.011573954,5.7347493,225,0
atitlan,2026-04-28,688950.0,1628250.0,-0.057670876,2.1056035,225,0
atitlan,2026-04-28,689250.0,1628250.0,-0.064656004,1.8299462,225,0
atitlan,2026-04-28,689550.0,1628250.0,-0.067781955,1.6727278,225,0
atitlan,2026-04-28,689850.0,1628250.0,-0.06894826,1.6088943,225,0
atitlan,2026-04-28,690150.0,1628250.0,-0.0680307,1.6624011,225,0
atitlan,2026-04-28,690450.0,1628250.0,-0.069420256,1.5885988,225,0
atitlan,2026-04-28,690750.0,1628250.0,-0.06893019,1.6172626,225,0
atitlan,2026-04-28,691050.0,1628250.0,-0.06797641,1.6708422,225,0
atitlan,2026-04-28,691350.0,1628250.0,-0.06831689,1.6529449,225,0
atitlan,2026-04-28,691650.0,1628250.0,-0.069136105,1.6062013,225,0
atitlan,2026-04-28,691950.0,1628250.0,-0.07524887,1.2638392,225,0
atitlan,2026-04-28,692250.0,1628250.0,-0.07718948,1.1553752,225,0
atitlan,2026-04-28,692550.0,1628250.0,-0.07830453,1.0861253,225,0
atitlan,2026-04-28,692850.0,1628250.0,-0.0784785,1.0756713,225,0
atitlan,2026-04-28,693150.0,1628250.0,-0.0783745,1.0827699,225,0
atitlan,2026-04-28,693450.0,1628250.0,-0.08050425,0.9527047,225,0
atitlan,2026-04-28,693750.0,1628250.0,-0.080125146,0.97514004,225,0
atitlan,2026-04-28,694050.0,1628250.0,-0.07836238,1.082423,225,0
atitlan,2026-04-28,694350.0,1628250.0,-0.076889,1.1696889,225,0
atitlan,2026-04-28,694650.0,1628250.0,-0.07911085,1.0378097,225,0
atitlan,2026-04-28,694950.0,1628250.0,-0.08061297,0.9460769,225,0
atitlan,2026-04-28,695250.0,1628250.0,-0.08010408,0.9817761,225,0
atitlan,2026-04-28,695550.0,1628250.0,-0.081098296,0.9113161,225,0
atitlan,2026-04-28,695850.0,1628250.0,-0.08176203,0.8782216,225,0
atitlan,2026-04-28,696150.0,1628250.0,-0.07997457,0.9808525,225,0
atitlan,2026-04-28,696450.0,1628250.0,-0.081887156,0.88390225,225,0
atitlan,2026-04-28,696750.0,1628250.0,-0.080220275,0.9634809,225,0
atitlan,2026-04-28,697050.0,1628250.0,-0.08252702,0.8307413,225,0
atitlan,2026-04-28,697350.0,1628250.0,-0.081402734,0.8986119,225,0
atitlan,2026-04-28,697650.0,1628250.0,-0.08136618,0.90347844,225,0
atitlan,2026-04-28,697950.0,1628250.0,-0.08111479,0.91620475,225,0
atitlan,2026-04-28,698250.0,1628250.0,-0.07882412,1.0557473,225,0
atitlan,2026-04-28,698550.0,1628250.0,-0.077589795,1.1312368,225,0
atitlan,2026-04-28,698850.0,1628250.0,-0.075416505,1.2578704,225,0
atitlan,2026-04-28,699150.0,1628250.0,-0.07392212,1.3472943,225,0
atitlan,2026-04-28,699450.0,1628250.0,-0.07244522,1.4362003,225,0
atitlan,2026-04-28,699750.0,1628250.0,-0.069583625,1.5995027,225,0
atitlan,2026-04-28,700050.0,1628250.0,-0.06357832,1.9172721,225,0
atitlan,2026-04-28,700350.0,1628250.0,-0.02533686,3.5026317,225,0
atitlan,2026-04-28,700650.0,1628250.0,-0.004567871,3.5739484,225,0
atitlan,2026-04-28,700950.0,1628250.0,0.152172,8.964872,225,0
atitlan,2026-04-28,701250.0,1628250.0,0.28664574,16.567286,225,1
atitlan,2026-04-28,701550.0,1628250.0,0.3045378,20.443932,225,1
atitlan,2026-04-28,701850.0,1628250.0,0.29602173,19.048035,225,1
atitlan,2026-04-28,702150.0,1628250.0,0.31488597,22.024792,225,1
atitlan,2026-04-28,702450.0,1628250.0,0.25507528,18.13924,225,1
atitlan,2026-04-28,702750.0,1628250.0,0.34737447,26.516714,225,1
atitlan,2026-04-28,703050.0,1628250.0,0.22555496,17.333576,225,1
atitlan,2026-04-28,703350.0,1628250.0,0.10319323,6.331724,225,0
atitlan,2026-04-28,703650.0,1628250.0,0.20838325,13.160403,225,1
atitlan,2026-04-28,703950.0,1628250.0,0.10518218,6.946163,225,0
atitlan,2026-04-28,704250.0,1628250.0,0.12010262,7.268802,225,0
atitlan,2026-04-28,704550.0,1628250.0,0.12018308,7.6993475,225,0
atitlan,2026-04-28,704850.0,1628250.0,0.1624367,11.305141,225,0
atitlan,2026-04-28,705150.0,1628250.0,0.13927893,8.782719,225,0
atitlan,2026-04-28,705450.0,1628250.0,0.23646678,15.804752,225,1
atitlan,2026-04-28,705750.0,1628250.0,0.33487585,28.4725,225,1
atitlan,2026-04-28,706050.0,1628250.0,0.3146153,25.010641,225,1
atitlan,2026-04-28,706350.0,1628250.0,0.28648263,19.68487,225,1
atitlan,2026-04-28,706650.0,1628250.0,0.33020833,23.996412,225,1
atitlan,2026-04-28,706950.0,1628250.0,0.3152521,23.30811,225,1
atitlan,2026-04-28,707250.0,1628250.0,0.28488013,20.39752,225,1
atitlan,2026-04-28,707550.0,1628250.0,0.34406042,25.664896,225,1
atitlan,2026-04-28,707850.0,1628250.0,0.32567292,21.631697,45,1
atitlan,2026-04-28,680250.0,1628550.0,0.40865487,39.405937,180,1
atitlan,2026-04-28,680550.0,1628550.0,0.3821193,35.923214,225,1
atitlan,2026-04-28,680850.0,1628550.0,0.38128987,33.879467,225,1
atitlan,2026-04-28,681150.0,1628550.0,0.39428267,36.62416,225,1
atitlan,2026-04-28,681450.0,1628550.0,0.3343025,26.464514,225,1
atitlan,2026-04-28,681750.0,1628550.0,0.31276548,25.347118,225,1
atitlan,2026-04-28,682050.0,1628550.0,0.20517808,14.834771,225,1
atitlan,2026-04-28,682350.0,1628550.0,0.30877617,23.815836,225,1
atitlan,2026-04-28,682650.0,1628550.0,0.33695742,25.656727,225,1
atitlan,2026-04-28,682950.0,1628550.0,0.25465882,14.325147,225,1
atitlan,2026-04-28,683250.0,1628550.0,0.1423037,7.91597,225,0
atitlan,2026-04-28,683550.0,1628550.0,0.2965718,18.318512,225,1
atitlan,2026-04-28,683850.0,1628550.0,0.31395718,20.224865,225,1
atitlan,2026-04-28,684150.0,1628550.0,0.28375566,15.7350445,225,1
atitlan,2026-04-28,684450.0,1628550.0,0.24573205,12.640985,225,1
atitlan,2026-04-28,684750.0,1628550.0,0.24693368,12.565352,225,1
atitlan,2026-04-28,685050.0,1628550.0,0.24759293,11.336143,225,0
atitlan,2026-04-28,685350.0,1628550.0,0.22034855,10.124938,225,0
atitlan,2026-04-28,685650.0,1628550.0,0.23673584,13.438839,225,1
atitlan,2026-04-28,685950.0,1628550.0,0.17454177,10.732604,225,0
atitlan,2026-04-28,686250.0,1628550.0,0.26750892,15.874158,225,1
atitlan,2026-04-28,686550.0,1628550.0,0.1409974,6.7080646,225,0
atitlan,2026-04-28,686850.0,1628550.0,0.15050122,9.319425,225,0
atitlan,2026-04-28,687150.0,1628550.0,0.15241353,9.064638,225,0
atitlan,2026-04-28,687450.0,1628550.0,0.113616705,8.139422,225,0
atitlan,2026-04-28,687750.0,1628550.0,0.18115862,11.500544,225,0
atitlan,2026-04-28,688050.0,1628550.0,0.185816,8.912794,225,0
atitlan,2026-04-28,688350.0,1628550.0,0.1951536,8.950272,225,0
atitlan,2026-04-28,688650.0,1628550.0,0.21296337,10.697583,225,0
atitlan,2026-04-28,688950.0,1628550.0,0.16218753,10.189316,225,0
atitlan,2026-04-28,689250.0,1628550.0,-0.027080145,3.520659,225,0
atitlan,2026-04-28,689550.0,1628550.0,-0.06687628,1.7341273,225,0
atitlan,2026-04-28,689850.0,1628550.0,-0.06566287,1.788532,225,0
atitlan,2026-04-28,690150.0,1628550.0,-0.068101965,1.6641334,225,0
atitlan,2026-04-28,690450.0,1628550.0,-0.06971736,1.5688348,225,0
atitlan,2026-04-28,690750.0,1628550.0,-0.07157535,1.4724712,225,0
atitlan,2026-04-28,691050.0,1628550.0,-0.07162095,1.4645772,225,0
atitlan,2026-04-28,691350.0,1628550.0,-0.074621744,1.2972652,225,0
atitlan,2026-04-28,691650.0,1628550.0,-0.07671498,1.1758833,225,0
atitlan,2026-04-28,691950.0,1628550.0,-0.07799387,1.0987862,225,0
atitlan,2026-04-28,692250.0,1628550.0,-0.07890662,1.049007,225,0
atitlan,2026-04-28,692550.0,1628550.0,-0.07931131,1.034248,225,0
atitlan,2026-04-28,692850.0,1628550.0,-0.07668055,1.184731,225,0
atitlan,2026-04-28,693150.0,1628550.0,-0.076212876,1.2155827,225,0
atitlan,2026-04-28,693450.0,1628550.0,-0.077263124,1.1508431,225,0
atitlan,2026-04-28,693750.0,1628550.0,-0.07797911,1.1054941,225,0
atitlan,2026-04-28,694050.0,1628550.0,-0.07756035,1.1322894,225,0
atitlan,2026-04-28,694350.0,1628550.0,-0.07643485,1.1986338,225,0
atitlan,2026-04-28,694650.0,1628550.0,-0.07777424,1.1199914,225,0
atitlan,2026-04-28,694950.0,1628550.0,-0.07943505,1.0152212,225,0
atitlan,2026-04-28,695250.0,1628550.0,-0.0794449,1.0213616,225,0
atitlan,2026-04-28,695550.0,1628550.0,-0.08069986,0.9438309,225,0
atitlan,2026-04-28,695850.0,1628550.0,-0.083546534,0.77673715,225,0
atitlan,2026-04-28,696150.0,1628550.0,-0.07946412,1.0073317,225,0
atitlan,2026-04-28,696450.0,1628550.0,-0.08095891,0.9238519,225,0
atitlan,2026-04-28,696750.0,1628550.0,-0.080224305,0.9681612,225,0
atitlan,2026-04-28,697050.0,1628550.0,-0.08100435,0.9175314,225,0
atitlan,2026-04-28,697350.0,1628550.0,-0.07904746,1.0424516,225,0
atitlan,2026-04-28,697650.0,1628550.0,-0.07968744,1.0042952,225,0
atitlan,2026-04-28,697950.0,1628550.0,-0.07976773,1.0030613,225,0
atitlan,2026-04-28,698250.0,1628550.0,-0.077021964,1.1662025,225,0
atitlan,2026-04-28,698550.0,1628550.0,-0.077221334,1.1590407,225,0
atitlan,2026-04-28,698850.0,1628550.0,-0.07592996,1.231376,225,0
atitlan,2026-04-28,699150.0,1628550.0,-0.07574285,1.2436473,225,0
atitlan,2026-04-28,699450.0,1628550.0,-0.07067158,1.5438354,225,0
atitlan,2026-04-28,699750.0,1628550.0,-0.06638269,1.7783965,225,0
atitlan,2026-04-28,700050.0,1628550.0,-0.026155932,3.0472002,225,0
atitlan,2026-04-28,700350.0,1628550.0,0.19496496,10.942272,225,0
atitlan,2026-04-28,700650.0,1628550.0,0.14469849,8.651216,225,0
atitlan,2026-04-28,700950.0,1628550.0,0.09338008,6.2501297,225,0
atitlan,2026-04-28,701250.0,1628550.0,0.266912,17.047853,225,1
atitlan,2026-04-28,701550.0,1628550.0,0.2871822,18.40074,225,1
atitlan,2026-04-28,701850.0,1628550.0,0.25314337,15.06322,225,1
atitlan,2026-04-28,702150.0,1628550.0,0.2810321,18.2435,225,1
atitlan,2026-04-28,702450.0,1628550.0,0.19029553,11.535626,225,0
atitlan,2026-04-28,702750.0,1628550.0,0.3267724,24.807413,225,1
atitlan,2026-04-28,703050.0,1628550.0,0.22092532,15.715843,225,1
atitlan,2026-04-28,703350.0,1628550.0,0.14807594,9.388774,225,0
atitlan,2026-04-28,703650.0,1628550.0,0.25329584,15.511864,225,1
atitlan,2026-04-28,703950.0,1628550.0,0.15529653,9.194897,225,0
atitlan,2026-04-28,704250.0,1628550.0,0.09127939,5.734473,225,0
atitlan,2026-04-28,704550.0,1628550.0,0.1308772,7.529362,225,0
atitlan,2026-04-28,704850.0,1628550.0,0.14265591,9.614138,225,0
atitlan,2026-04-28,705150.0,1628550.0,0.25506872,17.70475,225,1
atitlan,2026-04-28,705450.0,1628550.0,0.2525345,20.61648,225,1
atitlan,2026-04-28,705750.0,1628550.0,0.39874983,40.899685,225,1
atitlan,2026-04-28,706050.0,1628550.0,0.3389733,28.619572,225,1
atitlan,2026-04-28,706350.0,1628550.0,0.3264972,27.572119,225,1
atitlan,2026-04-28,706650.0,1628550.0,0.3121876,21.394646,225,1
atitlan,2026-04-28,706950.0,1628550.0,0.33966562,26.577484,225,1
atitlan,2026-04-28,707250.0,1628550.0,0.3183934,25.253143,225,1
atitlan,2026-04-28,707550.0,1628550.0,0.30190048,21.133617,225,1
atitlan,2026-04-28,707850.0,1628550.0,0.30126867,18.686577,45,1
atitlan,2026-04-28,680250.0,1628850.0,0.39543292,36.005856,180,1
atitlan,2026-04-28,680550.0,1628850.0,0.4077687,39.487114,225,1
atitlan,2026-04-28,680850.0,1628850.0,0.36591446,31.171404,225,1
atitlan,2026-04-28,681150.0,1628850.0,0.3868508,33.725502,225,1
atitlan,2026-04-28,681450.0,1628850.0,0.37557176,31.926178,225,1
atitlan,2026-04-28,681750.0,1628850.0,0.28078392,20.876663,225,1
atitlan,2026-04-28,682050.0,1628850.0,0.25694606,18.098595,225,1
atitlan,2026-04-28,682350.0,1628850.0,0.33413243,27.004509,225,1
atitlan,2026-04-28,682650.0,1628850.0,0.35643402,29.495527,225,1
atitlan,2026-04-28,682950.0,1628850.0,0.27871034,20.577003,225,1
atitlan,2026-04-28,683250.0,1628850.0,0.27555493,17.873322,225,1
atitlan,2026-04-28,683550.0,1628850.0,0.2559276,14.590768,225,1
atitlan,2026-04-28,683850.0,1628850.0,0.3103558,18.982027,225,1
atitlan,2026-04-28,684150.0,1628850.0,0.32845998,23.623703,225,1
atitlan,2026-04-28,684450.0,1628850.0,0.29813567,17.765718,225,1
atitlan,2026-04-28,684750.0,1628850.0,0.26884747,13.857405,225,1
atitlan,2026-04-28,685050.0,1628850.0,0.26032203,13.593997,225,1
atitlan,2026-04-28,685350.0,1628850.0,0.27472705,14.99361,225,1
atitlan,2026-04-28,685650.0,1628850.0,0.28852925,17.737118,225,1
atitlan,2026-04-28,685950.0,1628850.0,0.32667515,21.958172,225,1
atitlan,2026-04-28,686250.0,1628850.0,0.25886968,13.353907,225,1
atitlan,2026-04-28,686550.0,1628850.0,0.17078179,8.244099,225,0
atitlan,2026-04-28,686850.0,1628850.0,0.21772137,11.232814,225,0
atitlan,2026-04-28,687150.0,1628850.0,0.21805745,12.646444,225,1
atitlan,2026-04-28,687450.0,1628850.0,0.22507507,14.339574,225,1
atitlan,2026-04-28,687750.0,1628850.0,0.19986439,13.006813,225,1
atitlan,2026-04-28,688050.0,1628850.0,0.26814792,13.71955,225,1
atitlan,2026-04-28,688350.0,1628850.0,0.1972932,10.027058,225,0
atitlan,2026-04-28,688650.0,1628850.0,0.20668586,11.389593,225,0
atitlan,2026-04-28,688950.0,1628850.0,0.13863286,6.535909,225,0
atitlan,2026-04-28,689250.0,1628850.0,-0.010677037,3.7217383,225,0
atitlan,2026-04-28,689550.0,1628850.0,-0.059779253,2.066762,225,0
atitlan,2026-04-28,689850.0,1628850.0,-0.06309299,1.9173272,225,0
atitlan,2026-04-28,690150.0,1628850.0,-0.058314607,2.0608203,225,0
atitlan,2026-04-28,690450.0,1628850.0,-0.06789565,1.690295,225,0
atitlan,2026-04-28,690750.0,1628850.0,-0.07135863,1.4864177,225,0
atitlan,2026-04-28,691050.0,1628850.0,-0.07180768,1.4646711,225,0
atitlan,2026-04-28,691350.0,1628850.0,-0.07333093,1.382038,225,0
atitlan,2026-04-28,691650.0,1628850.0,-0.07425236,1.3287573,225,0
atitlan,2026-04-28,691950.0,1628850.0,-0.07348718,1.3732139,225,0
atitlan,2026-04-28,692250.0,1628850.0,-0.0750459,1.2820369,225,0
atitlan,2026-04-28,692550.0,1628850.0,-0.077194944,1.1479341,225,0
atitlan,2026-04-28,692850.0,1628850.0,-0.07612326,1.2196875,225,0
atitlan,2026-04-28,693150.0,1628850.0,-0.07692569,1.1749963,225,0
atitlan,2026-04-28,693450.0,1628850.0,-0.07742087,1.1413354,225,0
atitlan,2026-04-28,693750.0,1628850.0,-0.07851064,1.0752271,225,0
atitlan,2026-04-28,694050.0,1628850.0,-0.07773898,1.1227908,225,0
atitlan,2026-04-28,694350.0,1628850.0,-0.07698606,1.1636399,225,0
atitlan,2026-04-28,694650.0,1628850.0,-0.076885484,1.1712865,225,0
atitlan,2026-04-28,694950.0,1628850.0,-0.07908323,1.0413599,225,0
atitlan,2026-04-28,695250.0,1628850.0,-0.07836978,1.083399,225,0
atitlan,2026-04-28,695550.0,1628850.0,-0.078350395,1.0816908,225,0
atitlan,2026-04-28,695850.0,1628850.0,-0.08354905,0.7652062,225,0
atitlan,2026-04-28,696150.0,1628850.0,-0.07869772,1.0594921,225,0
atitlan,2026-04-28,696450.0,1628850.0,-0.07763001,1.1261222,225,0
atitlan,2026-04-28,696750.0,1628850.0,-0.0788287,1.0651491,225,0
atitlan,2026-04-28,697050.0,1628850.0,-0.080080196,0.97694606,225,0
atitlan,2026-04-28,697350.0,1628850.0,-0.0802328,0.9696661,225,0
atitlan,2026-04-28,697650.0,1628850.0,-0.08069631,0.9407909,225,0
atitlan,2026-04-28,697950.0,1628850.0,-0.078744456,1.0633221,225,0
atitlan,2026-04-28,698250.0,1628850.0,-0.076411024,1.2020288,225,0
atitlan,2026-04-28,698550.0,1628850.0,-0.07663461,1.1905283,225,0
atitlan,2026-04-28,698850.0,1628850.0,-0.076715164,1.1881528,225,0
atitlan,2026-04-28,699150.0,1628850.0,-0.07641294,1.2057112,225,0
atitlan,2026-04-28,699450.0,1628850.0,-0.073237844,1.388482,225,0
atitlan,2026-04-28,699750.0,1628850.0,-0.06545836,1.8234645,225,0
atitlan,2026-04-28,700050.0,1628850.0,0.055018824,5.839405,225,0
atitlan,2026-04-28,700350.0,1628850.0,0.16422218,7.987761,225,0
atitlan,2026-04-28,700650.0,1628850.0,0.15933484,7.129785,225,0
atitlan,2026-04-28,700950.0,1628850.0,0.2585137,13.324617,225,1
atitlan,2026-04-28,701250.0,1628850.0,0.29352495,16.385675,225,1
atitlan,2026-04-28,701550.0,1628850.0,0.33824652,22.993511,225,1
atitlan,2026-04-28,701850.0,1628850.0,0.31555676,21.068073,225,1
atitlan,2026-04-28,702150.0,1628850.0,0.29078424,19.973576,225,1
atitlan,2026-04-28,702450.0,1628850.0,0.3149889,23.643145,225,1
atitlan,2026-04-28,702750.0,1628850.0,0.20888773,18.358252,225,1
atitlan,2026-04-28,703050.0,1628850.0,0.22577333,15.814324,225,1
atitlan,2026-04-28,703350.0,1628850.0,0.18051454,11.421819,225,0
atitlan,2026-04-28,703650.0,1628850.0,0.23156278,16.263937,225,1
atitlan,2026-04-28,703950.0,1628850.0,0.19672081,12.574231,225,1
atitlan,2026-04-28,704250.0,1628850.0,0.19018464,13.670014,225,1
atitlan,2026-04-28,704550.0,1628850.0,0.24114789,17.061172,225,1
atitlan,2026-04-28,704850.0,1628850.0,0.255232,17.395805,225,1
atitlan,2026-04-28,705150.0,1628850.0,0.24889491,17.79051,225,1
atitlan,2026-04-28,705450.0,1628850.0,0.33162975,27.436882,225,1
atitlan,2026-04-28,705750.0,1628850.0,0.36447316,32.16593,225,1
atitlan,2026-04-28,706050.0,1628850.0,0.36927128,34.520176,225,1
atitlan,2026-04-28,706350.0,1628850.0,0.2959589,20.085983,225,1
atitlan,2026-04-28,706650.0,1628850.0,0.28113383,20.329971,225,1
atitlan,2026-04-28,706950.0,1628850.0,0.23551497,15.880358,225,1
atitlan,2026-04-28,707250.0,1628850.0,0.3146984,24.135654,225,1
atitlan,2026-04-28,707550.0,1628850.0,0.34272948,28.387587,225,1
atitlan,2026-04-28,707850.0,1628850.0,0.34189543,28.717146,45,1
atitlan,2026-04-28,680250.0,1629150.0,0.40472844,38.229534,180,1
atitlan,2026-04-28,680550.0,1629150.0,0.3976254,36.336647,225,1
atitlan,2026-04-28,680850.0,1629150.0,0.33446965,26.912374,225,1
atitlan,2026-04-28,681150.0,1629150.0,0.38185823,32.73886,225,1
atitlan,2026-04-28,681450.0,1629150.0,0.37261775,31.74523,225,1
atitlan,2026-04-28,681750.0,1629150.0,0.30711478,23.548502,225,1
atitlan,2026-04-28,682050.0,1629150.0,0.2961103,21.332727,225,1
atitlan,2026-04-28,682350.0,1629150.0,0.3706221,31.615143,225,1
atitlan,2026-04-28,682650.0,1629150.0,0.380256,32.820824,225,1
atitlan,2026-04-28,682950.0,1629150.0,0.38700247,33.911613,225,1
atitlan,2026-04-28,683250.0,1629150.0,0.38203922,32.417755,225,1
atitlan,2026-04-28,683550.0,1629150.0,0.3247223,22.669533,225,1
atitlan,2026-04-28,683850.0,1629150.0,0.279073,15.772633,225,1
atitlan,2026-04-28,684150.0,1629150.0,0.29545864,17.581451,225,1
atitlan,2026-04-28,684450.0,1629150.0,0.32031503,21.15389,225,1
atitlan,2026-04-28,684750.0,1629150.0,0.29443136,17.326832,225,1
atitlan,2026-04-28,685050.0,1629150.0,0.2676909,15.487958,225,1
atitlan,2026-04-28,685350.0,1629150.0,0.29236457,17.057354,225,1
atitlan,2026-04-28,685650.0,1629150.0,0.32541788,21.78054,225,1
atitlan,2026-04-28,685950.0,1629150.0,0.35230753,27.042604,225,1
atitlan,2026-04-28,686250.0,1629150.0,0.34319457,24.526667,225,1
atitlan,2026-04-28,686550.0,1629150.0,0.31353924,22.975508,225,1
atitlan,2026-04-28,686850.0,1629150.0,0.28941715,16.652279,225,1
atitlan,2026-04-28,687150.0,1629150.0,0.28752682,17.802967,225,1
atitlan,2026-04-28,687450.0,1629150.0,0.2985067,18.311596,225,1
atitlan,2026-04-28,687750.0,1629150.0,0.28475213,16.16961,225,1
atitlan,2026-04-28,688050.0,1629150.0,0.31139153,19.13886,225,1
atitlan,2026-04-28,688350.0,1629150.0,0.34771672,27.824034,225,1
atitlan,2026-04-28,688650.0,1629150.0,0.2957206,21.391354,225,1
atitlan,2026-04-28,688950.0,1629150.0,0.19825442,12.807752,225,1
atitlan,2026-04-28,689250.0,1629150.0,0.11628909,8.584216,225,0
atitlan,2026-04-28,689550.0,1629150.0,-0.026132079,3.6654572,225,0
atitlan,2026-04-28,689850.0,1629150.0,-0.006595464,4.14095,225,0
atitlan,2026-04-28,690150.0,1629150.0,0.1006174,6.554358,225,0
atitlan,2026-04-28,690450.0,1629150.0,0.03323101,5.377835,225,0
atitlan,2026-04-28,690750.0,1629150.0,-0.05695048,2.215734,225,0
atitlan,2026-04-28,691050.0,1629150.0,-0.06306424,1.9361799,225,0
atitlan,2026-04-28,691350.0,1629150.0,-0.06953925,1.5964247,225,0
atitlan,2026-04-28,691650.0,1629150.0,-0.07326275,1.3823271,225,0
atitlan,2026-04-28,691950.0,1629150.0,-0.07529074,1.265276,225,0
atitlan,2026-04-28,692250.0,1629150.0,-0.07635127,1.2021213,225,0
atitlan,2026-04-28,692550.0,1629150.0,-0.076020755,1.2217377,225,0
atitlan,2026-04-28,692850.0,1629150.0,-0.074960366,1.2903666,225,0
atitlan,2026-04-28,693150.0,1629150.0,-0.0755433,1.2539533,225,0
atitlan,2026-04-28,693450.0,1629150.0,-0.07588529,1.2332107,225,0
atitlan,2026-04-28,693750.0,1629150.0,-0.074723415,1.2989581,225,0
atitlan,2026-04-28,694050.0,1629150.0,-0.07612153,1.217401,225,0
atitlan,2026-04-28,694350.0,1629150.0,-0.075653546,1.2437073,225,0
atitlan,2026-04-28,694650.0,1629150.0,-0.074590184,1.3108236,225,0
atitlan,2026-04-28,694950.0,1629150.0,-0.076297164,1.2115896,225,0
atitlan,2026-04-28,695250.0,1629150.0,-0.078474194,1.0787392,225,0
atitlan,2026-04-28,695550.0,1629150.0,-0.081128016,0.91568583,225,0
atitlan,2026-04-28,695850.0,1629150.0,-0.082249776,0.85304177,225,0
atitlan,2026-04-28,696150.0,1629150.0,-0.08119095,0.9073554,225,0
atitlan,2026-04-28,696450.0,1629150.0,-0.07891742,1.0362523,225,0
atitlan,2026-04-28,696750.0,1629150.0,-0.080600545,0.9790764,225,0
atitlan,2026-04-28,697050.0,1629150.0,-0.0814615,0.8948338,225,0
atitlan,2026-04-28,697350.0,1629150.0,-0.08218333,0.84493536,225,0
atitlan,2026-04-28,697650.0,1629150.0,-0.0828516,0.8074005,225,0
atitlan,2026-04-28,697950.0,1629150.0,-0.07954581,1.0124532,225,0
atitlan,2026-04-28,698250.0,1629150.0,-0.076023035,1.2255673,225,0
atitlan,2026-04-28,698550.0,1629150.0,-0.07484761,1.2998949,225,0
atitlan,2026-04-28,698850.0,1629150.0,-0.07244252,1.4397638,225,0
atitlan,2026-04-28,699150.0,1629150.0,-0.06840483,1.6605451,225,0
atitlan,2026-04-28,699450.0,1629150.0,-0.062028468,1.9933076,225,0
atitlan,2026-04-28,699750.0,1629150.0,-0.047476195,2.5661254,225,0
atitlan,2026-04-28,700050.0,1629150.0,0.19167201,11.316362,225,0
atitlan,2026-04-28,700350.0,1629150.0,0.2227021,11.112465,225,0
atitlan,2026-04-28,700650.0,1629150.0,0.19676772,10.177165,225,0
atitlan,2026-04-28,700950.0,1629150.0,0.29328766,16.949472,225,1
atitlan,2026-04-28,701250.0,1629150.0,0.29290238,16.479319,225,1
atitlan,2026-04-28,701550.0,1629150.0,0.27606696,18.138777,225,1
atitlan,2026-04-28,701850.0,1629150.0,0.26369688,18.148743,225,1
atitlan,2026-04-28,702150.0,1629150.0,0.27457675,20.91707,225,1
atitlan,2026-04-28,702450.0,1629150.0,0.35938117,30.620327,225,1
atitlan,2026-04-28,702750.0,1629150.0,0.33737412,28.510942,225,1
atitlan,2026-04-28,703050.0,1629150.0,0.17853104,12.964357,225,1
atitlan,2026-04-28,703350.0,1629150.0,0.1190669,8.770733,225,0
atitlan,2026-04-28,703650.0,1629150.0,0.12707552,9.44136,225,0
atitlan,2026-04-28,703950.0,1629150.0,0.15477563,10.180647,225,0
atitlan,2026-04-28,704250.0,1629150.0,0.30551785,21.222124,225,1
atitlan,2026-04-28,704550.0,1629150.0,0.12443829,7.594615,225,0
atitlan,2026-04-28,704850.0,1629150.0,0.122652255,6.4761477,225,0
atitlan,2026-04-28,705150.0,1629150.0,0.1472869,9.660718,225,0
atitlan,2026-04-28,705450.0,1629150.0,0.3412485,26.251022,225,1
atitlan,2026-04-28,705750.0,1629150.0,0.39138636,37.40689,225,1
atitlan,2026-04-28,706050.0,1629150.0,0.3303811,26.76145,225,1
atitlan,2026-04-28,706350.0,1629150.0,0.2831189,21.514917,225,1
atitlan,2026-04-28,706650.0,1629150.0,0.2651252,20.617647,225,1
atitlan,2026-04-28,706950.0,1629150.0,0.168674,11.293593,225,0
atitlan,2026-04-28,707250.0,1629150.0,0.28708974,19.240469,225,1
atitlan,2026-04-28,707550.0,1629150.0,0.23301232,16.047874,225,1
atitlan,2026-04-28,707850.0,1629150.0,0.28765726,21.289356,45,1
atitlan,2026-04-28,680250.0,1629450.0,0.40294293,38.830593,180,1
atitlan,2026-04-28,680550.0,1629450.0,0.39859894,37.357162,225,1
atitlan,2026-04-28,680850.0,1629450.0,0.34683478,28.186539,225,1
atitlan,2026-04-28,681150.0,1629450.0,0.37872738,31.657333,225,1
atitlan,2026-04-28,681450.0,1629450.0,0.3890711,34.606907,225,1
atitlan,2026-04-28,681750.0,1629450.0,0.3511337,30.360573,225,1
atitlan,2026-04-28,682050.0,1629450.0,0.26980278,20.163183,225,1
atitlan,2026-04-28,682350.0,1629450.0,0.33119252,25.004627,225,1
atitlan,2026-04-28,682650.0,1629450.0,0.34557265,24.797186,225,1
atitlan,2026-04-28,682950.0,1629450.0,0.37502488,30.760647,225,1
atitlan,2026-04-28,683250.0,1629450.0,0.3996208,36.599747,225,1
atitlan,2026-04-28,683550.0,1629450.0,0.39693096,37.627815,225,1
atitlan,2026-04-28,683850.0,1629450.0,0.26850986,15.677503,225,1
atitlan,2026-04-28,684150.0,1629450.0,0.31187028,19.43166,225,1
atitlan,2026-04-28,684450.0,1629450.0,0.34653988,26.923464,225,1
atitlan,2026-04-28,684750.0,1629450.0,0.36649513,30.429974,225,1
atitlan,2026-04-28,685050.0,1629450.0,0.32723564,23.580866,225,1
atitlan,2026-04-28,685350.0,1629450.0,0.33256227,24.784334,225,1
atitlan,2026-04-28,685650.0,1629450.0,0.3279583,23.790794,225,1
atitlan,2026-04-28,685950.0,1629450.0,0.3306575,23.066721,225,1
atitlan,2026-04-28,686250.0,1629450.0,0.35252848,26.418898,225,1
atitlan,2026-04-28,686550.0,1629450.0,0.30824432,19.758444,225,1
atitlan,2026-04-28,686850.0,1629450.0,0.3355245,23.8844,225,1
atitlan,2026-04-28,687150.0,1629450.0,0.3427645,26.332346,225,1
atitlan,2026-04-28,687450.0,1629450.0,0.34429136,26.09254,225,1
atitlan,2026-04-28,687750.0,1629450.0,0.31558445,20.819117,225,1
atitlan,2026-04-28,688050.0,1629450.0,0.3308287,23.51036,225,1
atitlan,2026-04-28,688350.0,1629450.0,0.25042796,12.80059,225,1
atitlan,2026-04-28,688650.0,1629450.0,0.20848046,11.59243,225,0
atitlan,2026-04-28,688950.0,1629450.0,0.17161305,9.630498,225,0
atitlan,2026-04-28,689250.0,1629450.0,0.19310835,10.600822,225,0
atitlan,2026-04-28,689550.0,1629450.0,0.23368119,13.70342,225,1
atitlan,2026-04-28,689850.0,1629450.0,0.23358697,11.4780035,225,0
atitlan,2026-04-28,690150.0,1629450.0,0.16621624,7.218869,225,0
atitlan,2026-04-28,690450.0,1629450.0,0.19611415,9.20404,225,0
atitlan,2026-04-28,690750.0,1629450.0,0.15751672,7.832056,225,0
atitlan,2026-04-28,691050.0,1629450.0,0.100078836,6.507588,225,0
atitlan,2026-04-28,691350.0,1629450.0,-0.056114666,2.2322664,225,0
atitlan,2026-04-28,691650.0,1629450.0,-0.06604458,1.7881341,225,0
atitlan,2026-04-28,691950.0,1629450.0,-0.06880678,1.639476,225,0
atitlan,2026-04-28,692250.0,1629450.0,-0.070111685,1.5647051,225,0
atitlan,2026-04-28,692550.0,1629450.0,-0.07164335,1.4844737,225,0
atitlan,2026-04-28,692850.0,1629450.0,-0.07293622,1.4082408,225,0
atitlan,2026-04-28,693150.0,1629450.0,-0.07511276,1.2805262,225,0
atitlan,2026-04-28,693450.0,1629450.0,-0.07373023,1.3636806,225,0
atitlan,2026-04-28,693750.0,1629450.0,-0.075204164,1.2790041,225,0
atitlan,2026-04-28,694050.0,1629450.0,-0.076528236,1.1994538,225,0
atitlan,2026-04-28,694350.0,1629450.0,-0.07733402,1.1482102,225,0
atitlan,2026-04-28,694650.0,1629450.0,-0.07896332,1.0468788,225,0
atitlan,2026-04-28,694950.0,1629450.0,-0.07573253,1.2440888,225,0
atitlan,2026-04-28,695250.0,1629450.0,-0.08150185,0.8906336,225,0
atitlan,2026-04-28,695550.0,1629450.0,-0.08371111,0.7554297,225,0
atitlan,2026-04-28,695850.0,1629450.0,-0.08534501,0.6524286,225,0
atitlan,2026-04-28,696150.0,1629450.0,-0.08110443,0.91981965,225,0
atitlan,2026-04-28,696450.0,1629450.0,-0.07608087,1.2443267,225,0
atitlan,2026-04-28,696750.0,1629450.0,-0.08013887,0.9835522,225,0
atitlan,2026-04-28,697050.0,1629450.0,-0.08220711,0.8435389,225,0
atitlan,2026-04-28,697350.0,1629450.0,-0.082069986,0.85818696,225,0
atitlan,2026-04-28,697650.0,1629450.0,-0.079021476,1.043218,225,0
atitlan,2026-04-28,697950.0,1629450.0,-0.075135894,1.2799938,225,0
atitlan,2026-04-28,698250.0,1629450.0,-0.06991047,1.5781212,225,0
atitlan,2026-04-28,698550.0,1629450.0,-0.053984556,2.1856086,225,0
atitlan,2026-04-28,698850.0,1629450.0,-0.03455847,2.8389368,225,0
atitlan,2026-04-28,699150.0,1629450.0,-0.034508023,2.8401315,225,0
atitlan,2026-04-28,699450.0,1629450.0,0.031681277,5.831389,225,0
atitlan,2026-04-28,699750.0,1629450.0,0.18367775,11.601952,225,0
atitlan,2026-04-28,700050.0,1629450.0,0.2774182,16.94439,225,1
atitlan,2026-04-28,700350.0,1629450.0,0.30368602,18.039824,225,1
atitlan,2026-04-28,700650.0,1629450.0,0.24036184,13.182691,225,1
atitlan,2026-04-28,700950.0,1629450.0,0.32557097,24.671537,225,1
atitlan,2026-04-28,701250.0,1629450.0,0.29488513,21.471107,225,1
atitlan,2026-04-28,701550.0,1629450.0,0.19576813,13.443431,225,1
atitlan,2026-04-28,701850.0,1629450.0,0.21035509,12.928016,225,1
atitlan,2026-04-28,702150.0,1629450.0,0.23281124,16.079193,225,1
atitlan,2026-04-28,702450.0,1629450.0,0.21399155,14.345758,225,1
atitlan,2026-04-28,702750.0,1629450.0,0.24500543,17.006311,225,1
atitlan,2026-04-28,703050.0,1629450.0,0.20276216,15.677877,225,1
atitlan,2026-04-28,703350.0,1629450.0,0.17885071,13.075833,225,1
atitlan,2026-04-28,703650.0,1629450.0,0.08678508,6.1094737,225,0
atitlan,2026-04-28,703950.0,1629450.0,0.09390117,6.8935575,225,0
atitlan,2026-04-28,704250.0,1629450.0,0.19308287,13.325947,225,1
atitlan,2026-04-28,704550.0,1629450.0,0.11384841,7.1754813,225,0
atitlan,2026-04-28,704850.0,1629450.0,0.08573826,5.2416625,225,0
atitlan,2026-04-28,705150.0,1629450.0,0.2088817,13.1187525,225,1
atitlan,2026-04-28,705450.0,1629450.0,0.308429,22.375109,225,1
atitlan,2026-04-28,705750.0,1629450.0,0.31331334,21.759754,225,1
atitlan,2026-04-28,706050.0,1629450.0,0.32139164,22.68013,225,1
atitlan,2026-04-28,706350.0,1629450.0,0.28609583,20.140242,225,1
atitlan,2026-04-28,706650.0,1629450.0,0.26361716,19.041857,225,1
atitlan,2026-04-28,706950.0,1629450.0,0.2694796,17.527983,225,1
atitlan,2026-04-28,707250.0,1629450.0,0.27629572,16.226778,225,1
atitlan,2026-04-28,707550.0,1629450.0,0.24163651,15.691942,225,1
atitlan,2026-04-28,707850.0,1629450.0,0.32187933,25.360102,45,1
atitlan,2026-04-28,680250.0,1629750.0,0.3830452,33.314884,180,1
atitlan,2026-04-28,680550.0,1629750.0,0.3821999,35.190025,225,1
atitlan,2026-04-28,680850.0,1629750.0,0.3366328,28.184536,225,1
atitlan,2026-04-28,681150.0,1629750.0,0.38734135,36.10596,225,1
atitlan,2026-04-28,681450.0,1629750.0,0.38364723,35.56989,225,1
atitlan,2026-04-28,681750.0,1629750.0,0.38660535,34.96829,225,1
atitlan,2026-04-28,682050.0,1629750.0,0.37157643,33.03745,225,1
atitlan,2026-04-28,682350.0,1629750.0,0.35876048,30.523472,225,1
atitlan,2026-04-28,682650.0,1629750.0,0.3903328,34.672806,225,1
atitlan,2026-04-28,682950.0,1629750.0,0.36674833,29.312181,225,1
atitlan,2026-04-28,683250.0,1629750.0,0.33018708,21.589558,225,1
atitlan,2026-04-28,683550.0,1629750.0,0.396159,36.132587,225,1
atitlan,2026-04-28,683850.0,1629750.0,0.3043937,20.822754,225,1
atitlan,2026-04-28,684150.0,1629750.0,0.33260933,22.757587,225,1
atitlan,2026-04-28,684450.0,1629750.0,0.33755347,26.45157,225,1
atitlan,2026-04-28,684750.0,1629750.0,0.3618328,28.35279,225,1
atitlan,2026-04-28,685050.0,1629750.0,0.29172412,17.71919,225,1
atitlan,2026-04-28,685350.0,1629750.0,0.3407078,25.418022,225,1
atitlan,2026-04-28,685650.0,1629750.0,0.37464446,31.507416,225,1
atitlan,2026-04-28,685950.0,1629750.0,0.3406256,24.19291,225,1
atitlan,2026-04-28,686250.0,1629750.0,0.38189283,33.95997,225,1
atitlan,2026-04-28,686550.0,1629750.0,0.39493874,38.267315,225,1
atitlan,2026-04-28,686850.0,1629750.0,0.36498797,29.125963,225,1
atitlan,2026-04-28,687150.0,1629750.0,0.359709,27.917982,225,1
atitlan,2026-04-28,687450.0,1629750.0,0.36589867,29.267086,225,1
atitlan,2026-04-28,687750.0,1629750.0,0.3827184,34.39238,225,1
atitlan,2026-04-28,688050.0,1629750.0,0.33982164,26.705313,225,1
atitlan,2026-04-28,688350.0,1629750.0,0.26168272,14.884538,225,1
atitlan,2026-04-28,688650.0,1629750.0,0.20866165,11.930446,225,0
atitlan,2026-04-28,688950.0,1629750.0,0.2482262,13.642949,225,1
atitlan,2026-04-28,689250.0,1629750.0,0.23529495,10.500331,225,0
atitlan,2026-04-28,689550.0,1629750.0,0.22841132,10.718464,225,0
atitlan,2026-04-28,689850.0,1629750.0,0.30146742,19.56099,225,1
atitlan,2026-04-28,690150.0,1629750.0,0.24549113,14.320039,225,1
atitlan,2026-04-28,690450.0,1629750.0,0.22480413,10.205762,225,0
atitlan,2026-04-28,690750.0,1629750.0,0.20475803,8.709891,225,0
atitlan,2026-04-28,691050.0,1629750.0,0.1720365,7.3904924,225,0
atitlan,2026-04-28,691350.0,1629750.0,0.12694629,9.557081,225,0
atitlan,2026-04-28,691650.0,1629750.0,-0.04459554,2.6581695,225,0
atitlan,2026-04-28,691950.0,1629750.0,-0.04792711,2.3979907,225,0
atitlan,2026-04-28,692250.0,1629750.0,-0.057222582,2.121273,225,0
atitlan,2026-04-28,692550.0,1629750.0,-0.06729944,1.719767,225,0
atitlan,2026-04-28,692850.0,1629750.0,-0.07152785,1.4893467,225,0
atitlan,2026-04-28,693150.0,1629750.0,-0.07354295,1.3725586,225,0
atitlan,2026-04-28,693450.0,1629750.0,-0.0742262,1.3392628,225,0
atitlan,2026-04-28,693750.0,1629750.0,-0.075728215,1.2400199,225,0
atitlan,2026-04-28,694050.0,1629750.0,-0.07481184,1.2868661,225,0
atitlan,2026-04-28,694350.0,1629750.0,-0.079929546,0.9885006,225,0
atitlan,2026-04-28,694650.0,1629750.0,-0.07851195,1.076295,225,0
atitlan,2026-04-28,694950.0,1629750.0,-0.077339135,1.1447932,225,0
atitlan,2026-04-28,695250.0,1629750.0,-0.07803698,1.0783284,225,0
atitlan,2026-04-28,695550.0,1629750.0,-0.07821256,1.1045383,225,0
atitlan,2026-04-28,695850.0,1629750.0,-0.07925421,1.026557,225,0
atitlan,2026-04-28,696150.0,1629750.0,-0.07061096,1.5170522,225,0
atitlan,2026-04-28,696450.0,1629750.0,-0.07167809,1.4607098,225,0
atitlan,2026-04-28,696750.0,1629750.0,-0.07508538,1.2811604,225,0
atitlan,2026-04-28,697050.0,1629750.0,-0.0782515,1.0967548,225,0
atitlan,2026-04-28,697350.0,1629750.0,-0.076369755,1.2032293,225,0
atitlan,2026-04-28,697650.0,1629750.0,-0.07351667,1.3759258,225,0
atitlan,2026-04-28,697950.0,1629750.0,-0.06649613,1.7402197,225,0
atitlan,2026-04-28,698250.0,1629750.0,0.012167711,4.7219152,225,0
atitlan,2026-04-28,698550.0,1629750.0,0.1595941,9.653692,225,0
atitlan,2026-04-28,698850.0,1629750.0,0.17417242,10.12778,225,0
atitlan,2026-04-28,699150.0,1629750.0,0.21264178,12.176013,225,1
atitlan,2026-04-28,699450.0,1629750.0,0.23350169,11.565395,225,0
atitlan,2026-04-28,699750.0,1629750.0,0.27477542,17.880877,225,1
atitlan,2026-04-28,700050.0,1629750.0,0.3085432,19.274187,225,1
atitlan,2026-04-28,700350.0,1629750.0,0.31907842,21.0587,225,1
atitlan,2026-04-28,700650.0,1629750.0,0.29616585,20.74918,225,1
atitlan,2026-04-28,700950.0,1629750.0,0.296195,21.307127,225,1
atitlan,2026-04-28,701250.0,1629750.0,0.24554588,18.338669,225,1
atitlan,2026-04-28,701550.0,1629750.0,0.21440184,14.5607605,225,1
atitlan,2026-04-28,701850.0,1629750.0,0.289147,19.103521,225,1
atitlan,2026-04-28,702150.0,1629750.0,0.2732978,19.060745,225,1
atitlan,2026-04-28,702450.0,1629750.0,0.26042312,16.898735,225,1
atitlan,2026-04-28,702750.0,1629750.0,0.24910948,16.520958,225,1
atitlan,2026-04-28,703050.0,1629750.0,0.15379834,9.810427,225,0
atitlan,2026-04-28,703350.0,1629750.0,0.108514845,8.326405,225,0
atitlan,2026-04-28,703650.0,1629750.0,0.11761328,7.713066,225,0
atitlan,2026-04-28,703950.0,1629750.0,0.16146332,10.572003,225,0
atitlan,2026-04-28,704250.0,1629750.0,0.10713081,6.656909,225,0
atitlan,2026-04-28,704550.0,1629750.0,0.16086502,10.491975,225,0
atitlan,2026-04-28,704850.0,1629750.0,0.1777458,11.402606,225,0
atitlan,2026-04-28,705150.0,1629750.0,0.23304002,17.566298,225,1
atitlan,2026-04-28,705450.0,1629750.0,0.2954938,21.214365,225,1
atitlan,2026-04-28,705750.0,1629750.0,0.318998,24.872368,225,1
atitlan,2026-04-28,706050.0,1629750.0,0.28033012,19.196949,225,1
atitlan,2026-04-28,706350.0,1629750.0,0.34062088,25.690315,225,1
atitlan,2026-04-28,706650.0,1629750.0,0.2541115,18.356623,225,1
atitlan,2026-04-28,706950.0,1629750.0,0.2610096,16.37253,225,1
atitlan,2026-04-28,707250.0,1629750.0,0.25734854,14.297883,225,1
atitlan,2026-04-28,707550.0,1629750.0,0.21582581,14.109014,225,1
atitlan,2026-04-28,707850.0,1629750.0,0.34018755,26.352749,45,1
atitlan,2026-04-28,680250.0,1630050.0,0.35441366,30.227007,180,1
atitlan,2026-04-28,680550.0,1630050.0,0.3707226,32.843243,225,1
atitlan,2026-04-28,680850.0,1630050.0,0.38563046,33.387566,225,1
atitlan,2026-04-28,681150.0,1630050.0,0.35407922,29.49454,225,1
atitlan,2026-04-28,681450.0,1630050.0,0.32757223,23.706642,225,1
atitlan,2026-04-28,681750.0,1630050.0,0.36465502,28.30133,225,1
atitlan,2026-04-28,682050.0,1630050.0,0.35083738,26.795774,225,1
atitlan,2026-04-28,682350.0,1630050.0,0.3726682,34.606976,225,1
atitlan,2026-04-28,682650.0,1630050.0,0.3910155,34.412796,225,1
atitlan,2026-04-28,682950.0,1630050.0,0.40665403,38.743687,225,1
atitlan,2026-04-28,683250.0,1630050.0,0.36912358,30.216385,225,1
atitlan,2026-04-28,683550.0,1630050.0,0.3902203,35.22216,225,1
atitlan,2026-04-28,683850.0,1630050.0,0.36034015,29.5234,225,1
atitlan,2026-04-28,684150.0,1630050.0,0.3284876,23.481842,225,1
atitlan,2026-04-28,684450.0,1630050.0,0.40147892,38.628033,225,1
atitlan,2026-04-28,684750.0,1630050.0,0.3587952,28.047876,225,1
atitlan,2026-04-28,685050.0,1630050.0,0.2970589,17.54748,225,1
atitlan,2026-04-28,685350.0,1630050.0,0.35630977,27.134151,225,1
atitlan,2026-04-28,685650.0,1630050.0,0.36164117,28.898191,225,1
atitlan,2026-04-28,685950.0,1630050.0,0.36221027,28.60889,225,1
atitlan,2026-04-28,686250.0,1630050.0,0.32899392,24.84367,225,1
atitlan,2026-04-28,686550.0,1630050.0,0.3878208,35.26697,225,1
atitlan,2026-04-28,686850.0,1630050.0,0.37921995,31.923151,225,1
atitlan,2026-04-28,687150.0,1630050.0,0.372607,30.933945,225,1
atitlan,2026-04-28,687450.0,1630050.0,0.35068762,26.671526,225,1
atitlan,2026-04-28,687750.0,1630050.0,0.35510924,28.397427,225,1
atitlan,2026-04-28,688050.0,1630050.0,0.32838386,22.662817,225,1
atitlan,2026-04-28,688350.0,1630050.0,0.26373947,15.775068,225,1
atitlan,2026-04-28,688650.0,1630050.0,0.23052196,13.054366,225,1
atitlan,2026-04-28,688950.0,1630050.0,0.30213922,18.981377,225,1
atitlan,2026-04-28,689250.0,1630050.0,0.28537032,15.999447,225,1
atitlan,2026-04-28,689550.0,1630050.0,0.25611976,12.9785,225,1
atitlan,2026-04-28,689850.0,1630050.0,0.28947958,20.41726,225,1
atitlan,2026-04-28,690150.0,1630050.0,0.25788656,16.696886,225,1
atitlan,2026-04-28,690450.0,1630050.0,0.22205612,11.926869,225,0
atitlan,2026-04-28,690750.0,1630050.0,0.2186388,10.579372,225,0
atitlan,2026-04-28,691050.0,1630050.0,0.203583,9.418568,225,0
atitlan,2026-04-28,691350.0,1630050.0,0.21844184,10.42108,225,0
atitlan,2026-04-28,691650.0,1630050.0,0.16569589,9.808198,225,0
atitlan,2026-04-28,691950.0,1630050.0,0.23031406,13.193042,225,1
atitlan,2026-04-28,692250.0,1630050.0,0.14471665,6.556162,225,0
atitlan,2026-04-28,692550.0,1630050.0,0.06396884,7.207788,225,0
atitlan,2026-04-28,692850.0,1630050.0,-0.06273941,1.9460565,225,0
atitlan,2026-04-28,693150.0,1630050.0,-0.06404088,1.889667,225,0
atitlan,2026-04-28,693450.0,1630050.0,-0.066102505,1.773325,225,0
atitlan,2026-04-28,693750.0,1630050.0,-0.06897311,1.625674,225,0
atitlan,2026-04-28,694050.0,1630050.0,-0.0658376,1.7948624,225,0
atitlan,2026-04-28,694350.0,1630050.0,-0.06985972,1.571056,225,0
atitlan,2026-04-28,694650.0,1630050.0,-0.070084035,1.5674382,225,0
atitlan,2026-04-28,694950.0,1630050.0,-0.070984244,1.5197773,225,0
atitlan,2026-04-28,695250.0,1630050.0,-0.07223984,1.4491197,225,0
atitlan,2026-04-28,695550.0,1630050.0,-0.06921447,1.6097753,225,0
atitlan,2026-04-28,695850.0,1630050.0,-0.06750592,1.6822423,225,0
atitlan,2026-04-28,696150.0,1630050.0,-0.06568221,1.7708871,225,0
atitlan,2026-04-28,696450.0,1630050.0,-0.06270123,1.9279643,225,0
atitlan,2026-04-28,696750.0,1630050.0,-0.0670246,1.6913897,225,0
atitlan,2026-04-28,697050.0,1630050.0,-0.07579842,1.2380141,225,0
atitlan,2026-04-28,697350.0,1630050.0,-0.07324993,1.3961234,225,0
atitlan,2026-04-28,697650.0,1630050.0,-0.07057298,1.539687,225,0
atitlan,2026-04-28,697950.0,1630050.0,0.0031513616,3.7692792,225,0
atitlan,2026-04-28,698250.0,1630050.0,0.079585776,5.5859857,225,0
atitlan,2026-04-28,698550.0,1630050.0,0.09738915,5.9869657,225,0
atitlan,2026-04-28,698850.0,1630050.0,0.11329228,7.4088063,225,0
atitlan,2026-04-28,699150.0,1630050.0,0.12678605,8.249052,225,0
atitlan,2026-04-28,699450.0,1630050.0,0.28303045,16.061195,225,1
atitlan,2026-04-28,699750.0,1630050.0,0.37471128,32.265556,225,1
atitlan,2026-04-28,700050.0,1630050.0,0.25215375,14.596561,225,1
atitlan,2026-04-28,700350.0,1630050.0,0.23655123,14.944792,225,1
atitlan,2026-04-28,700650.0,1630050.0,0.2934101,21.71828,225,1
atitlan,2026-04-28,700950.0,1630050.0,0.24848774,17.050682,225,1
atitlan,2026-04-28,701250.0,1630050.0,0.2306571,16.180395,225,1
atitlan,2026-04-28,701550.0,1630050.0,0.298937,22.185595,225,1
atitlan,2026-04-28,701850.0,1630050.0,0.23484561,14.890158,225,1
atitlan,2026-04-28,702150.0,1630050.0,0.20018542,11.900689,225,0
atitlan,2026-04-28,702450.0,1630050.0,0.28258032,20.089594,225,1
atitlan,2026-04-28,702750.0,1630050.0,0.13631383,10.159123,225,0
atitlan,2026-04-28,703050.0,1630050.0,0.11225864,7.8098507,225,0
atitlan,2026-04-28,703350.0,1630050.0,0.0980795,6.394693,225,0
atitlan,2026-04-28,703650.0,1630050.0,0.08780761,5.915774,225,0
atitlan,2026-04-28,703950.0,1630050.0,0.09677493,5.891874,225,0
atitlan,2026-04-28,704250.0,1630050.0,0.1413702,9.634517,225,0
atitlan,2026-04-28,704550.0,1630050.0,0.34807816,30.178377,225,1
atitlan,2026-04-28,704850.0,1630050.0,0.38903522,37.634716,225,1
atitlan,2026-04-28,705150.0,1630050.0,0.3963239,39.700577,225,1
atitlan,2026-04-28,705450.0,1630050.0,0.3555758,32.872555,225,1
atitlan,2026-04-28,705750.0,1630050.0,0.29344374,23.954508,225,1
atitlan,2026-04-28,706050.0,1630050.0,0.30597547,23.795473,225,1
atitlan,2026-04-28,706350.0,1630050.0,0.31427968,21.877947,225,1
atitlan,2026-04-28,706650.0,1630050.0,0.3313333,24.447855,225,1
atitlan,2026-04-28,706950.0,1630050.0,0.32850423,22.61517,225,1
atitlan,2026-04-28,707250.0,1630050.0,0.29740223,22.291142,225,1
atitlan,2026-04-28,707550.0,1630050.0,0.19263746,11.606003,225,0
atitlan,2026-04-28,707850.0,1630050.0,0.27487588,16.222904,45,1
atitlan,2026-04-28,680250.0,1630350.0,0.3646611,31.956432,180,1
atitlan,2026-04-28,680550.0,1630350.0,0.36901125,31.915388,225,1
atitlan,2026-04-28,680850.0,1630350.0,0.3168892,23.923534,225,1
atitlan,2026-04-28,681150.0,1630350.0,0.33976868,28.335415,225,1
atitlan,2026-04-28,681450.0,1630350.0,0.35673112,26.920471,225,1
atitlan,2026-04-28,681750.0,1630350.0,0.35236782,25.66164,225,1
atitlan,2026-04-28,682050.0,1630350.0,0.35934883,28.241915,225,1
atitlan,2026-04-28,682350.0,1630350.0,0.35684475,27.373013,225,1
atitlan,2026-04-28,682650.0,1630350.0,0.357032,29.68635,225,1
atitlan,2026-04-28,682950.0,1630350.0,0.35530725,28.470812,225,1
atitlan,2026-04-28,683250.0,1630350.0,0.4030828,38.23614,225,1
atitlan,2026-04-28,683550.0,1630350.0,0.36556202,29.158175,225,1
atitlan,2026-04-28,683850.0,1630350.0,0.34829608,26.365627,225,1
atitlan,2026-04-28,684150.0,1630350.0,0.39713532,39.386017,225,1
atitlan,2026-04-28,684450.0,1630350.0,0.40601408,41.181114,225,1
atitlan,2026-04-28,684750.0,1630350.0,0.3775654,31.655743,225,1
atitlan,2026-04-28,685050.0,1630350.0,0.31191793,19.156334,225,1
atitlan,2026-04-28,685350.0,1630350.0,0.333602,24.576975,225,1
atitlan,2026-04-28,685650.0,1630350.0,0.3728593,31.191893,225,1
atitlan,2026-04-28,685950.0,1630350.0,0.3617441,30.694448,225,1
atitlan,2026-04-28,686250.0,1630350.0,0.40060073,38.54261,225,1
atitlan,2026-04-28,686550.0,1630350.0,0.39822003,37.137234,225,1
atitlan,2026-04-28,686850.0,1630350.0,0.38597953,34.02865,225,1
atitlan,2026-04-28,687150.0,1630350.0,0.37678656,31.328922,225,1
atitlan,2026-04-28,687450.0,1630350.0,0.41840604,42.952915,225,1
atitlan,2026-04-28,687750.0,1630350.0,0.38251692,35.292942,225,1
atitlan,2026-04-28,688050.0,1630350.0,0.31697,22.898426,225,1
atitlan,2026-04-28,688350.0,1630350.0,0.30574507,22.121803,225,1
atitlan,2026-04-28,688650.0,1630350.0,0.25239494,15.654517,225,1
atitlan,2026-04-28,688950.0,1630350.0,0.29025522,17.438349,225,1
atitlan,2026-04-28,689250.0,1630350.0,0.32185066,21.569542,225,1
atitlan,2026-04-28,689550.0,1630350.0,0.28831732,21.72452,225,1
atitlan,2026-04-28,689850.0,1630350.0,0.24991876,18.601425,225,1
atitlan,2026-04-28,690150.0,1630350.0,0.26591298,19.148888,225,1
atitlan,2026-04-28,690450.0,1630350.0,0.2562165,16.150003,225,1
atitlan,2026-04-28,690750.0,1630350.0,0.27905363,20.254358,225,1
atitlan,2026-04-28,691050.0,1630350.0,0.20901549,9.073424,225,0
atitlan,2026-04-28,691350.0,1630350.0,0.25591272,13.320094,225,1
atitlan,2026-04-28,691650.0,1630350.0,0.2326796,13.7896595,225,1
atitlan,2026-04-28,691950.0,1630350.0,0.29387766,17.722841,225,1
atitlan,2026-04-28,692250.0,1630350.0,0.27609554,20.738379,225,1
atitlan,2026-04-28,692550.0,1630350.0,0.1953799,10.121275,225,0
atitlan,2026-04-28,692850.0,1630350.0,0.07834649,7.2547436,225,0
atitlan,2026-04-28,693150.0,1630350.0,0.1038668,8.339091,225,0
atitlan,2026-04-28,693450.0,1630350.0,0.10124373,9.3543215,225,0
atitlan,2026-04-28,693750.0,1630350.0,-0.022853687,4.1673574,225,0
atitlan,2026-04-28,694050.0,1630350.0,0.06556484,6.2304087,225,0
atitlan,2026-04-28,694350.0,1630350.0,0.16796944,9.622563,225,0
atitlan,2026-04-28,694650.0,1630350.0,-0.050734684,2.444752,225,0
atitlan,2026-04-28,694950.0,1630350.0,-0.05526788,2.3141775,225,0
atitlan,2026-04-28,695250.0,1630350.0,-0.05049629,2.3966327,225,0
atitlan,2026-04-28,695550.0,1630350.0,-0.0045008548,3.454164,225,0
atitlan,2026-04-28,695850.0,1630350.0,0.016715199,3.882353,225,0
atitlan,2026-04-28,696150.0,1630350.0,-0.0037280885,3.6126282,225,0
atitlan,2026-04-28,696450.0,1630350.0,-0.05379071,2.2785387,225,0
atitlan,2026-04-28,696750.0,1630350.0,-0.06931593,1.5842503,225,0
atitlan,2026-04-28,697050.0,1630350.0,-0.075350486,1.2710238,225,0
atitlan,2026-04-28,697350.0,1630350.0,-0.070148185,1.5256329,225,0
atitlan,2026-04-28,697650.0,1630350.0,-0.037050284,2.4576604,225,0
atitlan,2026-04-28,697950.0,1630350.0,0.13851708,8.689438,225,0
atitlan,2026-04-28,698250.0,1630350.0,0.10317696,6.6119184,225,0
atitlan,2026-04-28,698550.0,1630350.0,0.10803471,6.733726,225,0
atitlan,2026-04-28,698850.0,1630350.0,0.112258956,6.7570205,225,0
atitlan,2026-04-28,699150.0,1630350.0,0.15369838,10.083719,225,0
atitlan,2026-04-28,699450.0,1630350.0,0.30559698,20.812014,225,1
atitlan,2026-04-28,699750.0,1630350.0,0.31734055,24.186852,225,1
atitlan,2026-04-28,700050.0,1630350.0,0.19756146,11.975063,225,0
atitlan,2026-04-28,700350.0,1630350.0,0.15804315,10.204563,225,0
atitlan,2026-04-28,700650.0,1630350.0,0.24234235,15.119115,225,1
atitlan,2026-04-28,700950.0,1630350.0,0.13854985,6.9097366,225,0
atitlan,2026-04-28,701250.0,1630350.0,0.17673188,13.16907,225,1
atitlan,2026-04-28,701550.0,1630350.0,0.169729,11.395933,225,0
atitlan,2026-04-28,701850.0,1630350.0,0.15494487,9.445801,225,0
atitlan,2026-04-28,702150.0,1630350.0,0.31472436,22.253574,225,1
atitlan,2026-04-28,702450.0,1630350.0,0.2939156,23.717075,225,1
atitlan,2026-04-28,702750.0,1630350.0,0.12430002,8.937776,225,0
atitlan,2026-04-28,703050.0,1630350.0,0.10325018,7.697273,225,0
atitlan,2026-04-28,703350.0,1630350.0,0.082272105,5.9930115,225,0
atitlan,2026-04-28,703650.0,1630350.0,0.1168484,7.444764,225,0
atitlan,2026-04-28,703950.0,1630350.0,0.14372642,9.687694,225,0
atitlan,2026-04-28,704250.0,1630350.0,0.31859,24.653158,225,1
atitlan,2026-04-28,704550.0,1630350.0,0.36984023,35.079662,225,1
atitlan,2026-04-28,704850.0,1630350.0,0.36756667,33.068005,225,1
atitlan,2026-04-28,705150.0,1630350.0,0.33378008,26.114494,225,1
atitlan,2026-04-28,705450.0,1630350.0,0.34241936,27.585478,225,1
atitlan,2026-04-28,705750.0,1630350.0,0.31263283,24.84061,225,1
atitlan,2026-04-28,706050.0,1630350.0,0.29917094,21.97022,225,1
atitlan,2026-04-28,706350.0,1630350.0,0.3819496,33.34637,225,1
atitlan,2026-04-28,706650.0,1630350.0,0.31471848,21.893982,225,1
atitlan,2026-04-28,706950.0,1630350.0,0.30410498,20.373446,225,1
atitlan,2026-04-28,707250.0,1630350.0,0.28144714,19.282335,225,1
atitlan,2026-04-28,707550.0,1630350.0,0.25038218,14.962235,225,1
atitlan,2026-04-28,707850.0,1630350.0,0.20319107,11.652264,45,0
atitlan,2026-04-28,680250.0,1630650.0,0.4104773,40.288353,180,1
atitlan,2026-04-28,680550.0,1630650.0,0.4060792,38.608437,225,1
atitlan,2026-04-28,680850.0,1630650.0,0.325612,25.618788,225,1
atitlan,2026-04-28,681150.0,1630650.0,0.27255243,18.859522,225,1
atitlan,2026-04-28,681450.0,1630650.0,0.20635736,11.299434,225,0
atitlan,2026-04-28,681750.0,1630650.0,0.27528134,19.529154,225,1
atitlan,2026-04-28,682050.0,1630650.0,0.39874104,36.58855,225,1
atitlan,2026-04-28,682350.0,1630650.0,0.40888885,40.021233,225,1
atitlan,2026-04-28,682650.0,1630650.0,0.3904918,37.343113,225,1
atitlan,2026-04-28,682950.0,1630650.0,0.39458802,35.2961,225,1
atitlan,2026-04-28,683250.0,1630650.0,0.41489145,41.31583,225,1
atitlan,2026-04-28,683550.0,1630650.0,0.4150464,43.31498,225,1
atitlan,2026-04-28,683850.0,1630650.0,0.36391777,31.643621,225,1
atitlan,2026-04-28,684150.0,1630650.0,0.42157623,44.372486,225,1
atitlan,2026-04-28,684450.0,1630650.0,0.3801466,33.497772,225,1
atitlan,2026-04-28,684750.0,1630650.0,0.40513715,38.77345,225,1
atitlan,2026-04-28,685050.0,1630650.0,0.3652294,29.49373,225,1
atitlan,2026-04-28,685350.0,1630650.0,0.3575412,31.419178,225,1
atitlan,2026-04-28,685650.0,1630650.0,0.37252802,31.684498,225,1
atitlan,2026-04-28,685950.0,1630650.0,0.37599385,32.419807,225,1
atitlan,2026-04-28,686250.0,1630650.0,0.38710514,35.259674,225,1
atitlan,2026-04-28,686550.0,1630650.0,0.3853853,33.90117,225,1
atitlan,2026-04-28,686850.0,1630650.0,0.39158356,35.206352,225,1
atitlan,2026-04-28,687150.0,1630650.0,0.39081237,35.07366,225,1
atitlan,2026-04-28,687450.0,1630650.0,0.40852976,41.055412,225,1
atitlan,2026-04-28,687750.0,1630650.0,0.34052923,24.51437,225,1
atitlan,2026-04-28,688050.0,1630650.0,0.35058033,27.26681,225,1
atitlan,2026-04-28,688350.0,1630650.0,0.32067308,21.749973,225,1
atitlan,2026-04-28,688650.0,1630650.0,0.2896492,18.655872,225,1
atitlan,2026-04-28,688950.0,1630650.0,0.26512668,16.338795,225,1
atitlan,2026-04-28,689250.0,1630650.0,0.29170159,18.783613,225,1
atitlan,2026-04-28,689550.0,1630650.0,0.32262617,24.660955,225,1
atitlan,2026-04-28,689850.0,1630650.0,0.33017156,25.717344,225,1
atitlan,2026-04-28,690150.0,1630650.0,0.32366163,27.45619,225,1
atitlan,2026-04-28,690450.0,1630650.0,0.28330493,18.070183,225,1
atitlan,2026-04-28,690750.0,1630650.0,0.22960353,13.383038,225,1
atitlan,2026-04-28,691050.0,1630650.0,0.234212,12.434372,225,1
atitlan,2026-04-28,691350.0,1630650.0,0.28810528,18.11005,225,1
atitlan,2026-04-28,691650.0,1630650.0,0.24324402,12.188297,225,1
atitlan,2026-04-28,691950.0,1630650.0,0.28361493,15.741959,225,1
atitlan,2026-04-28,692250.0,1630650.0,0.3117011,23.625143,225,1
atitlan,2026-04-28,692550.0,1630650.0,0.26331064,14.861242,225,1
atitlan,2026-04-28,692850.0,1630650.0,0.22046964,12.8995495,225,1
atitlan,2026-04-28,693150.0,1630650.0,0.20159234,12.36556,225,1
atitlan,2026-04-28,693450.0,1630650.0,0.26178157,16.220308,225,1
atitlan,2026-04-28,693750.0,1630650.0,0.24350876,13.861661,225,1
atitlan,2026-04-28,694050.0,1630650.0,0.30866712,20.341337,225,1
atitlan,2026-04-28,694350.0,1630650.0,0.33867672,28.473198,225,1
atitlan,2026-04-28,694650.0,1630650.0,0.24157976,18.045416,225,1
atitlan,2026-04-28,694950.0,1630650.0,0.18964547,13.611866,225,1
atitlan,2026-04-28,695250.0,1630650.0,0.098552726,7.209666,225,0
atitlan,2026-04-28,695550.0,1630650.0,0.15135576,7.400115,225,0
atitlan,2026-04-28,695850.0,1630650.0,0.19837308,9.95427,225,0
atitlan,2026-04-28,696150.0,1630650.0,0.13926674,6.3554335,225,0
atitlan,2026-04-28,696450.0,1630650.0,0.09376511,6.420378,225,0
atitlan,2026-04-28,696750.0,1630650.0,-0.063898265,1.8861861,225,0
atitlan,2026-04-28,697050.0,1630650.0,-0.06773839,1.7072619,225,0
atitlan,2026-04-28,697350.0,1630650.0,-0.06569471,1.8144245,225,0
atitlan,2026-04-28,697650.0,1630650.0,0.07255738,6.355278,225,0
atitlan,2026-04-28,697950.0,1630650.0,0.13866688,7.842852,225,0
atitlan,2026-04-28,698250.0,1630650.0,0.0839404,5.7055283,225,0
atitlan,2026-04-28,698550.0,1630650.0,0.08365444,6.069733,225,0
atitlan,2026-04-28,698850.0,1630650.0,0.08252749,5.643061,225,0
atitlan,2026-04-28,699150.0,1630650.0,0.11341675,7.487356,225,0
atitlan,2026-04-28,699450.0,1630650.0,0.27873015,17.487623,225,1
atitlan,2026-04-28,699750.0,1630650.0,0.34061745,25.609463,225,1
atitlan,2026-04-28,700050.0,1630650.0,0.31920153,24.445581,225,1
atitlan,2026-04-28,700350.0,1630650.0,0.26354697,20.570969,225,1
atitlan,2026-04-28,700650.0,1630650.0,0.14996326,10.52151,225,0
atitlan,2026-04-28,700950.0,1630650.0,0.13034713,8.216483,225,0
atitlan,2026-04-28,701250.0,1630650.0,0.13270953,9.111172,225,0
atitlan,2026-04-28,701550.0,1630650.0,0.2347314,15.847872,225,1
atitlan,2026-04-28,701850.0,1630650.0,0.19323555,13.793781,225,1
atitlan,2026-04-28,702150.0,1630650.0,0.18993586,11.581545,225,0
atitlan,2026-04-28,702450.0,1630650.0,0.23028682,14.631023,225,1
atitlan,2026-04-28,702750.0,1630650.0,0.13281845,9.172398,225,0
atitlan,2026-04-28,703050.0,1630650.0,0.07841324,6.4498615,225,0
atitlan,2026-04-28,703350.0,1630650.0,0.08897659,6.609321,225,0
atitlan,2026-04-28,703650.0,1630650.0,0.12254417,7.7870855,225,0
atitlan,2026-04-28,703950.0,1630650.0,0.2832817,18.689054,225,1
atitlan,2026-04-28,704250.0,1630650.0,0.35417867,29.343544,225,1
atitlan,2026-04-28,704550.0,1630650.0,0.36364222,31.229506,225,1
atitlan,2026-04-28,704850.0,1630650.0,0.36345425,32.68686,225,1
atitlan,2026-04-28,705150.0,1630650.0,0.28391904,19.827291,225,1
atitlan,2026-04-28,705450.0,1630650.0,0.33632988,25.939816,225,1
atitlan,2026-04-28,705750.0,1630650.0,0.30586892,21.064627,225,1
atitlan,2026-04-28,706050.0,1630650.0,0.31217867,22.488058,225,1
atitlan,2026-04-28,706350.0,1630650.0,0.37876695,32.757523,225,1
atitlan,2026-04-28,706650.0,1630650.0,0.34949267,28.865623,225,1
atitlan,2026-04-28,706950.0,1630650.0,0.17022078,9.382192,225,0
atitlan,2026-04-28,707250.0,1630650.0,0.275421,17.845692,225,1
atitlan,2026-04-28,707550.0,1630650.0,0.2896252,22.5934,225,1
atitlan,2026-04-28,707850.0,1630650.0,0.3759577,33.65721,45,1
atitlan,2026-04-28,680250.0,1630950.0,0.27593112,22.821192,180,1
atitlan,2026-04-28,680550.0,1630950.0,0.33233058,28.675812,225,1
atitlan,2026-04-28,680850.0,1630950.0,0.25877094,14.238651,225,1
atitlan,2026-04-28,681150.0,1630950.0,0.12753369,7.258511,225,0
atitlan,2026-04-28,681450.0,1630950.0,0.17488112,9.475099,225,0
atitlan,2026-04-28,681750.0,1630950.0,0.24216536,16.694433,225,1
atitlan,2026-04-28,682050.0,1630950.0,0.38045508,32.39231,225,1
atitlan,2026-04-28,682350.0,1630950.0,0.39326066,38.724827,225,1
atitlan,2026-04-28,682650.0,1630950.0,0.36289415,34.38343,225,1
atitlan,2026-04-28,682950.0,1630950.0,0.42522228,44.401672,225,1
atitlan,2026-04-28,683250.0,1630950.0,0.43641338,47.946037,225,1
atitlan,2026-04-28,683550.0,1630950.0,0.41124785,41.16855,225,1
atitlan,2026-04-28,683850.0,1630950.0,0.36643532,30.994186,225,1
atitlan,2026-04-28,684150.0,1630950.0,0.3705264,30.383701,225,1
atitlan,2026-04-28,684450.0,1630950.0,0.3894575,35.988842,225,1
atitlan,2026-04-28,684750.0,1630950.0,0.3739798,31.944744,225,1
atitlan,2026-04-28,685050.0,1630950.0,0.34541595,25.333681,225,1
atitlan,2026-04-28,685350.0,1630950.0,0.45372167,54.71038,225,1
atitlan,2026-04-28,685650.0,1630950.0,0.4050305,40.096985,225,1
atitlan,2026-04-28,685950.0,1630950.0,0.37492618,31.69052,225,1
atitlan,2026-04-28,686250.0,1630950.0,0.37262833,31.839516,225,1
atitlan,2026-04-28,686550.0,1630950.0,0.4066656,39.168472,225,1
atitlan,2026-04-28,686850.0,1630950.0,0.4017999,38.11409,225,1
atitlan,2026-04-28,687150.0,1630950.0,0.36423814,29.294586,225,1
atitlan,2026-04-28,687450.0,1630950.0,0.32860756,23.630932,225,1
atitlan,2026-04-28,687750.0,1630950.0,0.34126094,25.547438,225,1
atitlan,2026-04-28,688050.0,1630950.0,0.3370823,23.706259,225,1
atitlan,2026-04-28,688350.0,1630950.0,0.31064096,22.473818,225,1
atitlan,2026-04-28,688650.0,1630950.0,0.35822803,29.837475,225,1
atitlan,2026-04-28,688950.0,1630950.0,0.31750557,24.523718,225,1
atitlan,2026-04-28,689250.0,1630950.0,0.35390913,29.355047,225,1
atitlan,2026-04-28,689550.0,1630950.0,0.34621775,27.746475,225,1
atitlan,2026-04-28,689850.0,1630950.0,0.39865845,39.361702,225,1
atitlan,2026-04-28,690150.0,1630950.0,0.36278844,30.594084,225,1
atitlan,2026-04-28,690450.0,1630950.0,0.2367662,14.623931,225,1
atitlan,2026-04-28,690750.0,1630950.0,0.26615354,15.637128,225,1
atitlan,2026-04-28,691050.0,1630950.0,0.2700246,15.180283,225,1
atitlan,2026-04-28,691350.0,1630950.0,0.31988108,23.246868,225,1
atitlan,2026-04-28,691650.0,1630950.0,0.27823213,14.755665,225,1
atitlan,2026-04-28,691950.0,1630950.0,0.31183934,20.060474,225,1
atitlan,2026-04-28,692250.0,1630950.0,0.31454697,23.936571,225,1
atitlan,2026-04-28,692550.0,1630950.0,0.29053342,17.217638,225,1
atitlan,2026-04-28,692850.0,1630950.0,0.2030151,11.1805725,225,0
atitlan,2026-04-28,693150.0,1630950.0,0.2470341,17.495214,225,1
atitlan,2026-04-28,693450.0,1630950.0,0.25726455,20.236038,225,1
atitlan,2026-04-28,693750.0,1630950.0,0.34991804,29.434214,225,1
atitlan,2026-04-28,694050.0,1630950.0,0.37581417,32.963116,225,1
atitlan,2026-04-28,694350.0,1630950.0,0.34106022,24.84556,225,1
atitlan,2026-04-28,694650.0,1630950.0,0.34747127,25.705389,225,1
atitlan,2026-04-28,694950.0,1630950.0,0.37386575,31.399868,225,1
atitlan,2026-04-28,695250.0,1630950.0,0.25362563,13.350001,225,1
atitlan,2026-04-28,695550.0,1630950.0,0.15855385,7.944686,225,0
atitlan,2026-04-28,695850.0,1630950.0,0.1390173,6.8708205,225,0
atitlan,2026-04-28,696150.0,1630950.0,0.19259077,8.321754,225,0
atitlan,2026-04-28,696450.0,1630950.0,0.22662526,11.194616,225,0
atitlan,2026-04-28,696750.0,1630950.0,0.049765833,4.5859323,225,0
atitlan,2026-04-28,697050.0,1630950.0,-0.055612,2.3120918,225,0
atitlan,2026-04-28,697350.0,1630950.0,-0.052735355,2.4306707,225,0
atitlan,2026-04-28,697650.0,1630950.0,0.06423054,6.158625,225,0
atitlan,2026-04-28,697950.0,1630950.0,0.27198666,17.279778,225,1
atitlan,2026-04-28,698250.0,1630950.0,0.1633837,8.250507,225,0
atitlan,2026-04-28,698550.0,1630950.0,0.08712742,6.362619,225,0
atitlan,2026-04-28,698850.0,1630950.0,0.06909562,5.1853685,225,0
atitlan,2026-04-28,699150.0,1630950.0,0.08204459,5.265393,225,0
atitlan,2026-04-28,699450.0,1630950.0,0.20270367,12.44547,225,1
atitlan,2026-04-28,699750.0,1630950.0,0.3331675,23.569304,225,1
atitlan,2026-04-28,700050.0,1630950.0,0.30994168,20.12169,225,1
atitlan,2026-04-28,700350.0,1630950.0,0.2707334,17.214025,225,1
atitlan,2026-04-28,700650.0,1630950.0,0.18341742,12.5523815,225,1
atitlan,2026-04-28,700950.0,1630950.0,0.08497392,6.9939303,225,0
atitlan,2026-04-28,701250.0,1630950.0,0.15264264,9.476155,225,0
atitlan,2026-04-28,701550.0,1630950.0,0.2461184,15.733775,225,1
atitlan,2026-04-28,701850.0,1630950.0,0.21097496,12.987539,225,1
atitlan,2026-04-28,702150.0,1630950.0,0.20712332,13.04348,225,1
atitlan,2026-04-28,702450.0,1630950.0,0.24690494,14.993384,225,1
atitlan,2026-04-28,702750.0,1630950.0,0.15722956,10.596911,225,0
atitlan,2026-04-28,703050.0,1630950.0,0.08265197,5.6035485,225,0
atitlan,2026-04-28,703350.0,1630950.0,0.082282834,5.7015305,225,0
atitlan,2026-04-28,703650.0,1630950.0,0.22328578,15.976898,225,1
atitlan,2026-04-28,703950.0,1630950.0,0.32288155,21.974613,225,1
atitlan,2026-04-28,704250.0,1630950.0,0.3514926,26.821459,225,1
atitlan,2026-04-28,704550.0,1630950.0,0.26021105,19.665073,225,1
atitlan,2026-04-28,704850.0,1630950.0,0.3199951,24.160946,225,1
atitlan,2026-04-28,705150.0,1630950.0,0.29497364,21.592916,225,1
atitlan,2026-04-28,705450.0,1630950.0,0.29360098,19.252716,225,1
atitlan,2026-04-28,705750.0,1630950.0,0.32351375,22.624231,225,1
atitlan,2026-04-28,706050.0,1630950.0,0.319362,22.311275,225,1
atitlan,2026-04-28,706350.0,1630950.0,0.31211647,22.231277,225,1
atitlan,2026-04-28,706650.0,1630950.0,0.26574752,18.815828,225,1
atitlan,2026-04-28,706950.0,1630950.0,0.24589553,15.017337,225,1
atitlan,2026-04-28,707250.0,1630950.0,0.29596287,17.75246,225,1
atitlan,2026-04-28,707550.0,1630950.0,0.25789046,16.039883,225,1
atitlan,2026-04-28,707850.0,1630950.0,0.19080271,12.806339,45,1
atitlan,2026-04-28,680250.0,1631250.0,0.35986552,31.637257,180,1
atitlan,2026-04-28,680550.0,1631250.0,0.3212917,23.588715,225,1
atitlan,2026-04-28,680850.0,1631250.0,0.32353252,22.691368,225,1
atitlan,2026-04-28,681150.0,1631250.0,0.28067935,19.886562,225,1
atitlan,2026-04-28,681450.0,1631250.0,0.3489408,25.793715,225,1
atitlan,2026-04-28,681750.0,1631250.0,0.36805168,30.38361,225,1
atitlan,2026-04-28,682050.0,1631250.0,0.3808415,33.037636,225,1
atitlan,2026-04-28,682350.0,1631250.0,0.4020855,40.54659,225,1
atitlan,2026-04-28,682650.0,1631250.0,0.38097224,34.43001,225,1
atitlan,2026-04-28,682950.0,1631250.0,0.40745097,39.221375,225,1
atitlan,2026-04-28,683250.0,1631250.0,0.4074498,39.345707,225,1
atitlan,2026-04-28,683550.0,1631250.0,0.37221488,33.02466,225,1
atitlan,2026-04-28,683850.0,1631250.0,0.37741232,32.44107,225,1
atitlan,2026-04-28,684150.0,1631250.0,0.35299018,27.259184,225,1
atitlan,2026-04-28,684450.0,1631250.0,0.37497982,33.22766,225,1
atitlan,2026-04-28,684750.0,1631250.0,0.36898047,31.25695,225,1
atitlan,2026-04-28,685050.0,1631250.0,0.3724658,31.303118,225,1
atitlan,2026-04-28,685350.0,1631250.0,0.44225433,50.57419,225,1
atitlan,2026-04-28,685650.0,1631250.0,0.42298782,45.49952,225,1
atitlan,2026-04-28,685950.0,1631250.0,0.39556128,36.31181,225,1
atitlan,2026-04-28,686250.0,1631250.0,0.38507655,33.989952,225,1
atitlan,2026-04-28,686550.0,1631250.0,0.35712683,28.16199,225,1
atitlan,2026-04-28,686850.0,1631250.0,0.3850659,33.99335,225,1
atitlan,2026-04-28,687150.0,1631250.0,0.34867,26.183374,225,1
atitlan,2026-04-28,687450.0,1631250.0,0.35016727,26.746489,225,1
atitlan,2026-04-28,687750.0,1631250.0,0.3627068,29.583765,225,1
atitlan,2026-04-28,688050.0,1631250.0,0.34034634,26.407757,225,1
atitlan,2026-04-28,688350.0,1631250.0,0.22422165,15.8719225,225,1
atitlan,2026-04-28,688650.0,1631250.0,0.31969252,25.364838,225,1
atitlan,2026-04-28,688950.0,1631250.0,0.32992876,26.97049,225,1
atitlan,2026-04-28,689250.0,1631250.0,0.35899183,28.332756,225,1
atitlan,2026-04-28,689550.0,1631250.0,0.38117293,35.160572,225,1
atitlan,2026-04-28,689850.0,1631250.0,0.36897957,35.17444,225,1
atitlan,2026-04-28,690150.0,1631250.0,0.33205062,29.815315,225,1
atitlan,2026-04-28,690450.0,1631250.0,0.2462135,16.028122,225,1
atitlan,2026-04-28,690750.0,1631250.0,0.29213256,19.64104,225,1
atitlan,2026-04-28,691050.0,1631250.0,0.2989281,19.907682,225,1
atitlan,2026-04-28,691350.0,1631250.0,0.31071198,20.195938,225,1
atitlan,2026-04-28,691650.0,1631250.0,0.3204876,20.191654,225,1
atitlan,2026-04-28,691950.0,1631250.0,0.31729752,21.442308,225,1
atitlan,2026-04-28,692250.0,1631250.0,0.33651412,24.401466,225,1
atitlan,2026-04-28,692550.0,1631250.0,0.3526541,28.542988,225,1
atitlan,2026-04-28,692850.0,1631250.0,0.3079024,20.552422,225,1
atitlan,2026-04-28,693150.0,1631250.0,0.355685,27.9245,225,1
atitlan,2026-04-28,693450.0,1631250.0,0.3116086,24.133133,225,1
atitlan,2026-04-28,693750.0,1631250.0,0.36702526,35.856815,225,1
atitlan,2026-04-28,694050.0,1631250.0,0.3607604,28.1548,225,1
atitlan,2026-04-28,694350.0,1631250.0,0.34362456,26.592573,225,1
atitlan,2026-04-28,694650.0,1631250.0,0.30217984,21.118914,225,1
atitlan,2026-04-28,694950.0,1631250.0,0.34789228,26.371107,225,1
atitlan,2026-04-28,695250.0,1631250.0,0.28929698,18.798319,225,1
atitlan,2026-04-28,695550.0,1631250.0,0.20071574,11.789891,225,0
atitlan,2026-04-28,695850.0,1631250.0,0.14024204,6.2022467,225,0
atitlan,2026-04-28,696150.0,1631250.0,0.24865167,14.854128,225,1
atitlan,2026-04-28,696450.0,1631250.0,0.26907012,14.602786,225,1
atitlan,2026-04-28,696750.0,1631250.0,0.1559913,6.8212786,225,0
atitlan,2026-04-28,697050.0,1631250.0,0.11670472,8.553393,225,0
atitlan,2026-04-28,697350.0,1631250.0,0.18368097,13.696683,225,1
atitlan,2026-04-28,697650.0,1631250.0,0.23923816,14.826525,225,1
atitlan,2026-04-28,697950.0,1631250.0,0.3698455,31.641317,225,1
atitlan,2026-04-28,698250.0,1631250.0,0.26536563,17.49237,225,1
atitlan,2026-04-28,698550.0,1631250.0,0.19318992,10.504638,225,0
atitlan,2026-04-28,698850.0,1631250.0,0.16604535,9.573135,225,0
atitlan,2026-04-28,699150.0,1631250.0,0.12075204,7.726339,225,0
atitlan,2026-04-28,699450.0,1631250.0,0.12201166,7.3327227,225,0
atitlan,2026-04-28,699750.0,1631250.0,0.29089677,18.541758,225,1
atitlan,2026-04-28,700050.0,1631250.0,0.3263899,22.297638,225,1
atitlan,2026-04-28,700350.0,1631250.0,0.3070208,20.923548,225,1
atitlan,2026-04-28,700650.0,1631250.0,0.20215073,11.487478,225,0
atitlan,2026-04-28,700950.0,1631250.0,0.1302372,7.8512983,225,0
atitlan,2026-04-28,701250.0,1631250.0,0.15804242,8.479831,225,0
atitlan,2026-04-28,701550.0,1631250.0,0.28205705,18.069078,225,1
atitlan,2026-04-28,701850.0,1631250.0,0.32459694,23.896963,225,1
atitlan,2026-04-28,702150.0,1631250.0,0.23826165,14.876757,225,1
atitlan,2026-04-28,702450.0,1631250.0,0.25927606,18.221663,225,1
atitlan,2026-04-28,702750.0,1631250.0,0.19871162,13.050159,225,1
atitlan,2026-04-28,703050.0,1631250.0,0.16747786,10.715539,225,0
atitlan,2026-04-28,703350.0,1631250.0,0.08252647,5.5492306,225,0
atitlan,2026-04-28,703650.0,1631250.0,0.17924312,11.126334,225,0
atitlan,2026-04-28,703950.0,1631250.0,0.2717716,16.87437,225,1
atitlan,2026-04-28,704250.0,1631250.0,0.3268407,24.290201,225,1
atitlan,2026-04-28,704550.0,1631250.0,0.3347952,26.42208,225,1
atitlan,2026-04-28,704850.0,1631250.0,0.32251623,26.77718,225,1
atitlan,2026-04-28,705150.0,1631250.0,0.2656209,19.093578,225,1
atitlan,2026-04-28,705450.0,1631250.0,0.26322427,19.197823,225,1
atitlan,2026-04-28,705750.0,1631250.0,0.24078903,15.709284,225,1
atitlan,2026-04-28,706050.0,1631250.0,0.24337925,13.569035,225,1
atitlan,2026-04-28,706350.0,1631250.0,0.27004388,18.525665,225,1
atitlan,2026-04-28,706650.0,1631250.0,0.27722946,19.958889,225,1
atitlan,2026-04-28,706950.0,1631250.0,0.24724263,15.415966,225,1
atitlan,2026-04-28,707250.0,1631250.0,0.3153332,22.054598,225,1
atitlan,2026-04-28,707550.0,1631250.0,0.2671052,17.484394,225,1
atitlan,2026-04-28,707850.0,1631250.0,0.18914554,11.061887,45,0
atitlan,2026-04-28,680250.0,1631550.0,0.29746503,24.329973,168,1
atitlan,2026-04-28,680550.0,1631550.0,0.36693254,30.27607,210,1
atitlan,2026-04-28,680850.0,1631550.0,0.3666554,29.267675,210,1
atitlan,2026-04-28,681150.0,1631550.0,0.34868446,28.227636,210,1
atitlan,2026-04-28,681450.0,1631550.0,0.38526455,34.20173,210,1
atitlan,2026-04-28,681750.0,1631550.0,0.40364417,38.17771,210,1
atitlan,2026-04-28,682050.0,1631550.0,0.41236028,40.41567,210,1
atitlan,2026-04-28,682350.0,1631550.0,0.41925576,43.1722,210,1
atitlan,2026-04-28,682650.0,1631550.0,0.37367916,34.224712,210,1
atitlan,2026-04-28,682950.0,1631550.0,0.38912174,34.232895,210,1
atitlan,2026-04-28,683250.0,1631550.0,0.31140366,25.84766,210,1
atitlan,2026-04-28,683550.0,1631550.0,0.25347406,20.438204,210,1
atitlan,2026-04-28,683850.0,1631550.0,0.36395526,33.69463,210,1
atitlan,2026-04-28,684150.0,1631550.0,0.34305346,31.206594,210,1
atitlan,2026-04-28,684450.0,1631550.0,0.3732137,33.23046,210,1
atitlan,2026-04-28,684750.0,1631550.0,0.38569158,33.69782,210,1
atitlan,2026-04-28,685050.0,1631550.0,0.384996,34.100285,210,1
atitlan,2026-04-28,685350.0,1631550.0,0.4325513,46.725327,210,1
atitlan,2026-04-28,685650.0,1631550.0,0.44538796,51.061226,210,1
atitlan,2026-04-28,685950.0,1631550.0,0.42594713,45.250744,210,1
atitlan,2026-04-28,686250.0,1631550.0,0.4138048,41.65812,210,1
atitlan,2026-04-28,686550.0,1631550.0,0.37249824,30.863672,210,1
atitlan,2026-04-28,686850.0,1631550.0,0.33853203,24.09675,210,1
atitlan,2026-04-28,687150.0,1631550.0,0.34171444,25.89577,210,1
atitlan,2026-04-28,687450.0,1631550.0,0.35315174,28.256731,210,1
atitlan,2026-04-28,687750.0,1631550.0,0.36516657,30.036604,210,1
atitlan,2026-04-28,688050.0,1631550.0,0.3578641,29.105225,210,1
atitlan,2026-04-28,688350.0,1631550.0,0.3449378,28.325354,210,1
atitlan,2026-04-28,688650.0,1631550.0,0.30846295,21.207144,210,1
atitlan,2026-04-28,688950.0,1631550.0,0.35852313,29.504175,210,1
atitlan,2026-04-28,689250.0,1631550.0,0.37681925,31.39716,210,1
atitlan,2026-04-28,689550.0,1631550.0,0.40099928,38.29715,210,1
atitlan,2026-04-28,689850.0,1631550.0,0.4143972,41.955338,210,1
atitlan,2026-04-28,690150.0,1631550.0,0.43143782,47.97469,210,1
atitlan,2026-04-28,690450.0,1631550.0,0.40763885,42.834045,210,1
atitlan,2026-04-28,690750.0,1631550.0,0.37825462,36.355034,210,1
atitlan,2026-04-28,691050.0,1631550.0,0.32205793,21.69219,210,1
atitlan,2026-04-28,691350.0,1631550.0,0.28774944,17.302355,210,1
atitlan,2026-04-28,691650.0,1631550.0,0.32543287,22.00599,210,1
atitlan,2026-04-28,691950.0,1631550.0,0.31765985,20.714521,210,1
atitlan,2026-04-28,692250.0,1631550.0,0.3664614,29.83687,210,1
atitlan,2026-04-28,692550.0,1631550.0,0.35027772,29.636812,210,1
atitlan,2026-04-28,692850.0,1631550.0,0.33250397,23.355097,210,1
atitlan,2026-04-28,693150.0,1631550.0,0.34445336,25.455896,210,1
atitlan,2026-04-28,693450.0,1631550.0,0.34975648,27.92673,210,1
atitlan,2026-04-28,693750.0,1631550.0,0.32543468,28.036684,210,1
atitlan,2026-04-28,694050.0,1631550.0,0.34546667,29.272993,210,1
atitlan,2026-04-28,694350.0,1631550.0,0.28892446,25.382504,210,1
atitlan,2026-04-28,694650.0,1631550.0,0.35922745,30.89766,210,1
atitlan,2026-04-28,694950.0,1631550.0,0.36994204,30.172731,210,1
atitlan,2026-04-28,695250.0,1631550.0,0.2937678,18.5028,210,1
atitlan,2026-04-28,695550.0,1631550.0,0.16883723,9.568679,210,0
atitlan,2026-04-28,695850.0,1631550.0,0.20026432,10.05637,210,0
atitlan,2026-04-28,696150.0,1631550.0,0.22329408,10.044831,210,0
atitlan,2026-04-28,696450.0,1631550.0,0.24520053,12.34104,210,1
atitlan,2026-04-28,696750.0,1631550.0,0.09992089,6.340345,210,0
atitlan,2026-04-28,697050.0,1631550.0,0.21824087,10.484625,210,0
atitlan,2026-04-28,697350.0,1631550.0,0.25111133,15.001588,210,1
atitlan,2026-04-28,697650.0,1631550.0,0.24827586,15.716058,210,1
atitlan,2026-04-28,697950.0,1631550.0,0.33233705,23.879763,210,1
atitlan,2026-04-28,698250.0,1631550.0,0.36038193,31.600197,210,1
atitlan,2026-04-28,698550.0,1631550.0,0.2922463,18.21348,210,1
atitlan,2026-04-28,698850.0,1631550.0,0.3300148,23.291018,210,1
atitlan,2026-04-28,699150.0,1631550.0,0.25322184,14.981922,210,1
atitlan,2026-04-28,699450.0,1631550.0,0.115274966,7.106087,210,0
atitlan,2026-04-28,699750.0,1631550.0,0.18367003,11.702815,210,0
atitlan,2026-04-28,700050.0,1631550.0,0.3048398,18.174109,210,1
atitlan,2026-04-28,700350.0,1631550.0,0.3459792,26.770267,210,1
atitlan,2026-04-28,700650.0,1631550.0,0.30549768,23.449568,210,1
atitlan,2026-04-28,700950.0,1631550.0,0.25154895,15.018697,210,1
atitlan,2026-04-28,701250.0,1631550.0,0.27566284,16.875717,210,1
atitlan,2026-04-28,701550.0,1631550.0,0.31880143,23.134487,210,1
atitlan,2026-04-28,701850.0,1631550.0,0.24200599,16.156563,210,1
atitlan,2026-04-28,702150.0,1631550.0,0.32015812,21.32249,210,1
atitlan,2026-04-28,702450.0,1631550.0,0.32616708,22.365768,210,1
atitlan,2026-04-28,702750.0,1631550.0,0.1460636,9.99811,210,0
atitlan,2026-04-28,703050.0,1631550.0,0.119418815,8.405567,210,0
atitlan,2026-04-28,703350.0,1631550.0,0.11845954,8.765147,210,0
atitlan,2026-04-28,703650.0,1631550.0,0.116684005,7.947729,210,0
atitlan,2026-04-28,703950.0,1631550.0,0.31069,19.748846,210,1
atitlan,2026-04-28,704250.0,1631550.0,0.3249145,23.004585,210,1
atitlan,2026-04-28,704550.0,1631550.0,0.3108774,24.118532,210,1
atitlan,2026-04-28,704850.0,1631550.0,0.29427585,23.686962,210,1
atitlan,2026-04-28,705150.0,1631550.0,0.32279342,26.012114,210,1
atitlan,2026-04-28,705450.0,1631550.0,0.13611157,10.631509,210,0
atitlan,2026-04-28,705750.0,1631550.0,0.11679488,8.214987,210,0
atitlan,2026-04-28,706050.0,1631550.0,0.2123469,15.0762005,210,1
atitlan,2026-04-28,706350.0,1631550.0,0.32419342,23.34396,210,1
atitlan,2026-04-28,706650.0,1631550.0,0.26164755,17.11212,210,1
atitlan,2026-04-28,706950.0,1631550.0,0.31674057,22.207611,210,1
atitlan,2026-04-28,707250.0,1631550.0,0.30292168,22.20983,210,1
atitlan,2026-04-28,707550.0,1631550.0,0.27198938,18.484734,210,1
atitlan,2026-04-28,707850.0,1631550.0,0.20745014,14.843455,42,1
