lago,fecha,x,y,ndci,chl_a_estimada,pixeles_validos,alta_cianobacteria
atitlan,2026-02-12,680250.0,1614150.0,0.32311133,20.230305,84,1
atitlan,2026-02-12,680550.0,1614150.0,0.3237293,20.874424,105,1
atitlan,2026-02-12,680850.0,1614150.0,0.3426676,23.980217,105,1
atitlan,2026-02-12,681150.0,1614150.0,0.31165004,18.975245,105,1
atitlan,2026-02-12,681450.0,1614150.0,0.31443542,19.742603,105,1
atitlan,2026-02-12,681750.0,1614150.0,0.301862,17.153341,105,1
atitlan,2026-02-12,682050.0,1614150.0,0.3105129,19.167818,105,1
atitlan,2026-02-12,682350.0,1614150.0,0.3348316,22.47588,105,1
atitlan,2026-02-12,682650.0,1614150.0,0.3435892,24.109554,105,1
atitlan,2026-02-12,682950.0,1614150.0,0.28111315,16.193161,105,1
atitlan,2026-02-12,683250.0,1614150.0,0.30795226,18.983046,105,1
atitlan,2026-02-12,683550.0,1614150.0,0.27472368,18.847445,105,1
atitlan,2026-02-12,683850.0,1614150.0,0.31477907,19.32533,105,1
atitlan,2026-02-12,684150.0,1614150.0,0.2899381,16.690556,105,1
atitlan,2026-02-12,684450.0,1614150.0,0.32622343,21.26315,105,1
atitlan,2026-02-12,684750.0,1614150.0,0.3344357,22.608929,105,1
atitlan,2026-02-12,685050.0,1614150.0,0.34880963,25.554562,105,1
atitlan,2026-02-12,685350.0,1614150.0,0.36553204,28.737572,105,1
atitlan,2026-02-12,685650.0,1614150.0,0.35135463,25.62154,105,1
atitlan,2026-02-12,685950.0,1614150.0,0.3503944,25.56032,105,1
atitlan,2026-02-12,686250.0,1614150.0,0.34988785,25.363878,105,1
atitlan,2026-02-12,686550.0,1614150.0,0.33527422,22.830406,105,1
atitlan,2026-02-12,686850.0,1614150.0,0.32949474,21.781477,105,1
atitlan,2026-02-12,687150.0,1614150.0,0.3348738,22.74124,105,1
atitlan,2026-02-12,687450.0,1614150.0,0.32248926,21.099134,105,1
atitlan,2026-02-12,687750.0,1614150.0,0.33878475,23.327263,105,1
atitlan,2026-02-12,688050.0,1614150.0,0.31987232,20.914112,105,1
atitlan,2026-02-12,688350.0,1614150.0,0.1970806,10.049456,105,0
atitlan,2026-02-12,688650.0,1614150.0,0.22933613,14.074891,105,1
atitlan,2026-02-12,688950.0,1614150.0,0.33328378,24.581724,105,1
atitlan,2026-02-12,689250.0,1614150.0,0.3164186,22.290327,105,1
atitlan,2026-02-12,689550.0,1614150.0,0.3234344,21.366316,105,1
atitlan,2026-02-12,689850.0,1614150.0,0.3192236,21.17893,105,1
atitlan,2026-02-12,690150.0,1614150.0,0.3223495,21.339888,105,1
atitlan,2026-02-12,690450.0,1614150.0,0.3285143,22.988914,105,1
atitlan,2026-02-12,690750.0,1614150.0,0.31538552,21.448462,105,1
atitlan,2026-02-12,691050.0,1614150.0,0.3399861,25.27652,105,1
atitlan,2026-02-12,691350.0,1614150.0,0.32452247,21.318424,105,1
atitlan,2026-02-12,691650.0,1614150.0,0.31629977,19.625938,105,1
atitlan,2026-02-12,691950.0,1614150.0,0.3022578,17.363495,105,1
atitlan,2026-02-12,692250.0,1614150.0,0.32177603,20.760618,105,1
atitlan,2026-02-12,692550.0,1614150.0,0.30002356,17.282015,105,1
atitlan,2026-02-12,692850.0,1614150.0,0.31126833,18.414925,105,1
atitlan,2026-02-12,693150.0,1614150.0,0.31248164,18.863073,105,1
atitlan,2026-02-12,693450.0,1614150.0,0.31156608,18.772377,105,1
atitlan,2026-02-12,693750.0,1614150.0,0.27365848,13.969945,105,1
atitlan,2026-02-12,694050.0,1614150.0,0.26706532,13.366009,105,1
atitlan,2026-02-12,694350.0,1614150.0,0.2648295,13.497899,105,1
atitlan,2026-02-12,694650.0,1614150.0,0.2580729,12.881013,105,1
atitlan,2026-02-12,694950.0,1614150.0,0.29022112,15.624433,105,1
atitlan,2026-02-12,695250.0,1614150.0,0.2966796,16.70094,105,1
atitlan,2026-02-12,695550.0,1614150.0,0.29197523,16.094643,105,1
atitlan,2026-02-12,695850.0,1614150.0,0.27201524,13.785497,105,1
atitlan,2026-02-12,696150.0,1614150.0,0.26910132,13.472582,105,1
atitlan,2026-02-12,696450.0,1614150.0,0.29537615,16.91483,105,1
atitlan,2026-02-12,696750.0,1614150.0,0.29881328,17.12588,105,1
atitlan,2026-02-12,697050.0,1614150.0,0.26330867,14.09032,105,1
atitlan,2026-02-12,697350.0,1614150.0,0.17186911,8.407112,105,0
atitlan,2026-02-12,697650.0,1614150.0,0.2804759,16.20224,105,1
atitlan,2026-02-12,697950.0,1614150.0,0.3027242,18.335062,105,1
atitlan,2026-02-12,698250.0,1614150.0,0.28009877,15.3463125,105,1
atitlan,2026-02-12,698550.0,1614150.0,0.27043664,14.593406,105,1
atitlan,2026-02-12,698850.0,1614150.0,0.26419482,14.043383,105,1
atitlan,2026-02-12,699150.0,1614150.0,0.26075515,13.831679,105,1
atitlan,2026-02-12,699450.0,1614150.0,0.26275697,13.107751,105,1
atitlan,2026-02-12,699750.0,1614150.0,0.2493219,12.466534,105,1
atitlan,2026-02-12,700050.0,1614150.0,0.21525814,10.998762,105,0
atitlan,2026-02-12,700350.0,1614150.0,0.15532306,8.771023,105,0
atitlan,2026-02-12,700650.0,1614150.0,0.10495079,5.2052,105,0
atitlan,2026-02-12,700950.0,1614150.0,0.10936775,5.3536234,105,0
atitlan,2026-02-12,701250.0,1614150.0,0.15913256,7.3862867,105,0
atitlan,2026-02-12,701550.0,1614150.0,0.14346117,6.0455875,105,0
atitlan,2026-02-12,701850.0,1614150.0,0.20048763,8.779729,105,0
atitlan,2026-02-12,702150.0,1614150.0,0.27392042,16.158451,105,1
atitlan,2026-02-12,702450.0,1614150.0,0.3032215,18.394962,105,1
atitlan,2026-02-12,702750.0,1614150.0,0.28056446,15.232068,105,1
atitlan,2026-02-12,703050.0,1614150.0,0.2841531,15.7070055,105,1
atitlan,2026-02-12,703350.0,1614150.0,0.31315458,19.582024,105,1
atitlan,2026-02-12,703650.0,1614150.0,0.20840743,11.324463,105,0
atitlan,2026-02-12,703950.0,1614150.0,0.32899195,21.96202,105,1
atitlan,2026-02-12,704250.0,1614150.0,0.2968781,18.406445,105,1
atitlan,2026-02-12,704550.0,1614150.0,0.30613244,18.80587,105,1
atitlan,2026-02-12,704850.0,1614150.0,0.26895294,14.486985,105,1
atitlan,2026-02-12,705150.0,1614150.0,0.22830209,10.6192665,105,0
atitlan,2026-02-12,705450.0,1614150.0,0.26389554,14.66664,105,1
atitlan,2026-02-12,705750.0,1614150.0,0.2975588,18.426311,105,1
atitlan,2026-02-12,706050.0,1614150.0,0.2571031,13.117946,105,1
atitlan,2026-02-12,706350.0,1614150.0,0.25673744,14.366406,105,1
atitlan,2026-02-12,706650.0,1614150.0,0.31930247,21.901073,105,1
atitlan,2026-02-12,706950.0,1614150.0,0.36349624,29.003038,105,1
atitlan,2026-02-12,707250.0,1614150.0,0.38051417,32.058422,105,1
atitlan,2026-02-12,707550.0,1614150.0,0.38083434,32.484352,105,1
atitlan,2026-02-12,707850.0,1614150.0,0.381569,33.624763,21,1
atitlan,2026-02-12,680250.0,1614450.0,0.3070478,18.297142,180,1
atitlan,2026-02-12,680550.0,1614450.0,0.31885308,19.985342,225,1
atitlan,2026-02-12,680850.0,1614450.0,0.33807743,23.287445,225,1
atitlan,2026-02-12,681150.0,1614450.0,0.33436638,23.051233,225,1
atitlan,2026-02-12,681450.0,1614450.0,0.34959096,25.344463,225,1
atitlan,2026-02-12,681750.0,1614450.0,0.31383118,19.28123,225,1
atitlan,2026-02-12,682050.0,1614450.0,0.33618614,23.011604,225,1
atitlan,2026-02-12,682350.0,1614450.0,0.31273597,19.833109,225,1
atitlan,2026-02-12,682650.0,1614450.0,0.33660966,22.94518,225,1
atitlan,2026-02-12,682950.0,1614450.0,0.28187096,15.880061,225,1
atitlan,2026-02-12,683250.0,1614450.0,0.3390232,23.31992,225,1
atitlan,2026-02-12,683550.0,1614450.0,0.26404545,17.42994,225,1
atitlan,2026-02-12,683850.0,1614450.0,0.327024,21.932835,225,1
atitlan,2026-02-12,684150.0,1614450.0,0.27999774,15.070612,225,1
atitlan,2026-02-12,684450.0,1614450.0,0.28464487,16.062473,225,1
atitlan,2026-02-12,684750.0,1614450.0,0.35123736,26.688503,225,1
atitlan,2026-02-12,685050.0,1614450.0,0.32840246,24.072376,225,1
atitlan,2026-02-12,685350.0,1614450.0,0.36097667,28.237389,225,1
atitlan,2026-02-12,685650.0,1614450.0,0.35163668,25.67725,225,1
atitlan,2026-02-12,685950.0,1614450.0,0.35647342,26.843643,225,1
atitlan,2026-02-12,686250.0,1614450.0,0.34281573,24.026472,225,1
atitlan,2026-02-12,686550.0,1614450.0,0.3341641,22.739052,225,1
atitlan,2026-02-12,686850.0,1614450.0,0.33277816,22.381077,225,1
atitlan,2026-02-12,687150.0,1614450.0,0.3325061,22.639795,225,1
atitlan,2026-02-12,687450.0,1614450.0,0.29816192,17.515108,225,1
atitlan,2026-02-12,687750.0,1614450.0,0.3370344,23.440916,225,1
atitlan,2026-02-12,688050.0,1614450.0,0.3295457,21.81822,225,1
atitlan,2026-02-12,688350.0,1614450.0,0.32389724,21.238222,225,1
atitlan,2026-02-12,688650.0,1614450.0,0.23422551,11.199611,225,0
atitlan,2026-02-12,688950.0,1614450.0,0.29099283,18.03386,225,1
atitlan,2026-02-12,689250.0,1614450.0,0.3217464,23.16082,225,1
atitlan,2026-02-12,689550.0,1614450.0,0.3246054,23.958435,225,1
atitlan,2026-02-12,689850.0,1614450.0,0.27419394,18.867067,225,1
atitlan,2026-02-12,690150.0,1614450.0,0.32469392,22.16668,225,1
atitlan,2026-02-12,690450.0,1614450.0,0.34866446,26.453514,225,1
atitlan,2026-02-12,690750.0,1614450.0,0.29384106,18.892824,225,1
atitlan,2026-02-12,691050.0,1614450.0,0.2997252,18.597185,225,1
atitlan,2026-02-12,691350.0,1614450.0,0.3144491,20.09324,225,1
atitlan,2026-02-12,691650.0,1614450.0,0.31681156,19.664642,225,1
atitlan,2026-02-12,691950.0,1614450.0,0.29580334,17.64111,225,1
atitlan,2026-02-12,692250.0,1614450.0,0.29972404,17.63022,225,1
atitlan,2026-02-12,692550.0,1614450.0,0.30629,17.908686,225,1
atitlan,2026-02-12,692850.0,1614450.0,0.3150899,19.241087,225,1
atitlan,2026-02-12,693150.0,1614450.0,0.30972108,18.251608,225,1
atitlan,2026-02-12,693450.0,1614450.0,0.30716345,17.819923,225,1
atitlan,2026-02-12,693750.0,1614450.0,0.27787784,14.263381,225,1
atitlan,2026-02-12,694050.0,1614450.0,0.25621817,11.972458,225,0
atitlan,2026-02-12,694350.0,1614450.0,0.26117566,12.283099,225,1
atitlan,2026-02-12,694650.0,1614450.0,0.2661811,12.840435,225,1
atitlan,2026-02-12,694950.0,1614450.0,0.27911496,14.330701,225,1
atitlan,2026-02-12,695250.0,1614450.0,0.29029602,15.617022,225,1
atitlan,2026-02-12,695550.0,1614450.0,0.27701825,14.2253,225,1
atitlan,2026-02-12,695850.0,1614450.0,0.27793154,14.160031,225,1
atitlan,2026-02-12,696150.0,1614450.0,0.29516527,16.323814,225,1
atitlan,2026-02-12,696450.0,1614450.0,0.2987115,17.24278,225,1
atitlan,2026-02-12,696750.0,1614450.0,0.31645557,20.945896,225,1
atitlan,2026-02-12,697050.0,1614450.0,0.2731462,15.270367,225,1
atitlan,2026-02-12,697350.0,1614450.0,0.23336579,11.881246,225,0
atitlan,2026-02-12,697650.0,1614450.0,0.24493185,12.894555,225,1
atitlan,2026-02-12,697950.0,1614450.0,0.2758477,16.043444,225,1
atitlan,2026-02-12,698250.0,1614450.0,0.2587604,13.469589,225,1
atitlan,2026-02-12,698550.0,1614450.0,0.27624393,15.254396,225,1
atitlan,2026-02-12,698850.0,1614450.0,0.26214477,14.025328,225,1
atitlan,2026-02-12,699150.0,1614450.0,0.2588142,13.244165,225,1
atitlan,2026-02-12,699450.0,1614450.0,0.24924986,12.658954,225,1
atitlan,2026-02-12,699750.0,1614450.0,0.23236224,12.287241,225,1
atitlan,2026-02-12,700050.0,1614450.0,0.21071297,11.719271,225,0
atitlan,2026-02-12,700350.0,1614450.0,0.23405454,11.807081,225,0
atitlan,2026-02-12,700650.0,1614450.0,0.2043525,10.754725,225,0
atitlan,2026-02-12,700950.0,1614450.0,0.13864751,7.0922537,225,0
atitlan,2026-02-12,701250.0,1614450.0,0.22057186,10.440785,225,0
atitlan,2026-02-12,701550.0,1614450.0,0.20866096,10.132435,225,0
atitlan,2026-02-12,701850.0,1614450.0,0.17721483,9.510611,225,0
atitlan,2026-02-12,702150.0,1614450.0,0.14038852,7.680403,225,0
atitlan,2026-02-12,702450.0,1614450.0,0.22063272,10.5085535,225,0
atitlan,2026-02-12,702750.0,1614450.0,0.2831804,16.067402,225,1
atitlan,2026-02-12,703050.0,1614450.0,0.29049477,16.716959,225,1
atitlan,2026-02-12,703350.0,1614450.0,0.27995524,14.691178,225,1
atitlan,2026-02-12,703650.0,1614450.0,0.25051183,14.719916,225,1
atitlan,2026-02-12,703950.0,1614450.0,0.25965768,15.21596,225,1
atitlan,2026-02-12,704250.0,1614450.0,0.3289259,22.085403,225,1
atitlan,2026-02-12,704550.0,1614450.0,0.3137418,20.281878,225,1
atitlan,2026-02-12,704850.0,1614450.0,0.25237408,14.192474,225,1
atitlan,2026-02-12,705150.0,1614450.0,0.26323318,14.787911,225,1
atitlan,2026-02-12,705450.0,1614450.0,0.3171751,20.387575,225,1
atitlan,2026-02-12,705750.0,1614450.0,0.3417202,24.809978,225,1
atitlan,2026-02-12,706050.0,1614450.0,0.34298995,25.485634,225,1
atitlan,2026-02-12,706350.0,1614450.0,0.32303217,22.623695,225,1
atitlan,2026-02-12,706650.0,1614450.0,0.29178324,18.395317,225,1
atitlan,2026-02-12,706950.0,1614450.0,0.35899228,27.375725,225,1
atitlan,2026-02-12,707250.0,1614450.0,0.37409475,30.366774,225,1
atitlan,2026-02-12,707550.0,1614450.0,0.37989035,32.430447,225,1
atitlan,2026-02-12,707850.0,1614450.0,0.36593327,28.783012,45,1
atitlan,2026-02-12,680250.0,1614750.0,0.2798409,14.56093,180,1
atitlan,2026-02-12,680550.0,1614750.0,0.31176153,18.696777,225,1
atitlan,2026-02-12,680850.0,1614750.0,0.35223514,26.275291,225,1
atitlan,2026-02-12,681150.0,1614750.0,0.3253652,21.21937,225,1
atitlan,2026-02-12,681450.0,1614750.0,0.34810317,24.977335,225,1
atitlan,2026-02-12,681750.0,1614750.0,0.348102,25.621954,225,1
atitlan,2026-02-12,682050.0,1614750.0,0.34711385,25.169764,225,1
atitlan,2026-02-12,682350.0,1614750.0,0.28118494,17.421888,225,1
atitlan,2026-02-12,682650.0,1614750.0,0.35458198,26.595612,225,1
atitlan,2026-02-12,682950.0,1614750.0,0.29046038,17.56617,225,1
atitlan,2026-02-12,683250.0,1614750.0,0.34032857,24.02426,225,1
atitlan,2026-02-12,683550.0,1614750.0,0.31680104,20.72348,225,1
atitlan,2026-02-12,683850.0,1614750.0,0.29279625,18.677181,225,1
atitlan,2026-02-12,684150.0,1614750.0,0.24830271,12.657311,225,1
atitlan,2026-02-12,684450.0,1614750.0,0.2133368,10.37493,225,0
atitlan,2026-02-12,684750.0,1614750.0,0.2590496,12.872874,225,1
atitlan,2026-02-12,685050.0,1614750.0,0.28675726,16.321724,225,1
atitlan,2026-02-12,685350.0,1614750.0,0.3601113,27.440851,225,1
atitlan,2026-02-12,685650.0,1614750.0,0.37494034,30.678787,225,1
atitlan,2026-02-12,685950.0,1614750.0,0.35789734,27.090996,225,1
atitlan,2026-02-12,686250.0,1614750.0,0.360431,27.432808,225,1
atitlan,2026-02-12,686550.0,1614750.0,0.32900354,22.378868,225,1
atitlan,2026-02-12,686850.0,1614750.0,0.33770412,23.183258,225,1
atitlan,2026-02-12,687150.0,1614750.0,0.3355186,22.516758,225,1
atitlan,2026-02-12,687450.0,1614750.0,0.3064931,19.258097,225,1
atitlan,2026-02-12,687750.0,1614750.0,0.29338425,16.706856,225,1
atitlan,2026-02-12,688050.0,1614750.0,0.306949,19.983286,225,1
atitlan,2026-02-12,688350.0,1614750.0,0.33525592,23.260216,225,1
atitlan,2026-02-12,688650.0,1614750.0,0.31757948,20.967724,225,1
atitlan,2026-02-12,688950.0,1614750.0,0.29718405,19.138546,225,1
atitlan,2026-02-12,689250.0,1614750.0,0.26558375,14.653807,225,1
atitlan,2026-02-12,689550.0,1614750.0,0.295914,17.876385,225,1
atitlan,2026-02-12,689850.0,1614750.0,0.27653545,16.299452,225,1
atitlan,2026-02-12,690150.0,1614750.0,0.26044515,14.598426,225,1
atitlan,2026-02-12,690450.0,1614750.0,0.23982567,11.539975,225,0
atitlan,2026-02-12,690750.0,1614750.0,0.230817,11.02165,225,0
atitlan,2026-02-12,691050.0,1614750.0,0.3025117,19.094526,225,1
atitlan,2026-02-12,691350.0,1614750.0,0.31604162,21.133951,225,1
atitlan,2026-02-12,691650.0,1614750.0,0.32192773,21.53054,225,1
atitlan,2026-02-12,691950.0,1614750.0,0.2958125,18.498735,225,1
atitlan,2026-02-12,692250.0,1614750.0,0.29958147,17.85094,225,1
atitlan,2026-02-12,692550.0,1614750.0,0.30322185,17.531483,225,1
atitlan,2026-02-12,692850.0,1614750.0,0.30668992,17.744915,225,1
atitlan,2026-02-12,693150.0,1614750.0,0.2979519,16.413738,225,1
atitlan,2026-02-12,693450.0,1614750.0,0.31288958,18.993927,225,1
atitlan,2026-02-12,693750.0,1614750.0,0.28991187,15.9657,225,1
atitlan,2026-02-12,694050.0,1614750.0,0.27100548,13.529968,225,1
atitlan,2026-02-12,694350.0,1614750.0,0.26862752,13.013759,225,1
atitlan,2026-02-12,694650.0,1614750.0,0.27359003,13.577325,225,1
atitlan,2026-02-12,694950.0,1614750.0,0.27816132,14.007065,225,1
atitlan,2026-02-12,695250.0,1614750.0,0.294217,16.113693,225,1
atitlan,2026-02-12,695550.0,1614750.0,0.28777334,15.280382,225,1
atitlan,2026-02-12,695850.0,1614750.0,0.29016882,15.77198,225,1
atitlan,2026-02-12,696150.0,1614750.0,0.2980259,16.693552,225,1
atitlan,2026-02-12,696450.0,1614750.0,0.2945252,16.08005,225,1
atitlan,2026-02-12,696750.0,1614750.0,0.29849482,17.071192,225,1
atitlan,2026-02-12,697050.0,1614750.0,0.28203702,15.563968,225,1
atitlan,2026-02-12,697350.0,1614750.0,0.26033613,14.629267,225,1
atitlan,2026-02-12,697650.0,1614750.0,0.28964838,17.214487,225,1
atitlan,2026-02-12,697950.0,1614750.0,0.2852694,16.394644,225,1
atitlan,2026-02-12,698250.0,1614750.0,0.28766155,16.288689,225,1
atitlan,2026-02-12,698550.0,1614750.0,0.2766798,14.908982,225,1
atitlan,2026-02-12,698850.0,1614750.0,0.2351481,11.998704,225,0
atitlan,2026-02-12,699150.0,1614750.0,0.26173943,14.43966,225,1
atitlan,2026-02-12,699450.0,1614750.0,0.25160015,12.839329,225,1
atitlan,2026-02-12,699750.0,1614750.0,0.24520236,11.719986,225,0
atitlan,2026-02-12,700050.0,1614750.0,0.26420137,13.236192,225,1
atitlan,2026-02-12,700350.0,1614750.0,0.27414966,14.236137,225,1
atitlan,2026-02-12,700650.0,1614750.0,0.26957202,13.849274,225,1
atitlan,2026-02-12,700950.0,1614750.0,0.23173335,11.487414,225,0
atitlan,2026-02-12,701250.0,1614750.0,0.19090755,8.947051,225,0
atitlan,2026-02-12,701550.0,1614750.0,0.096687935,5.7124424,225,0
atitlan,2026-02-12,701850.0,1614750.0,0.096698165,6.622778,225,0
atitlan,2026-02-12,702150.0,1614750.0,0.18636596,10.175758,225,0
atitlan,2026-02-12,702450.0,1614750.0,0.2889335,16.700163,225,1
atitlan,2026-02-12,702750.0,1614750.0,0.28768978,16.143934,225,1
atitlan,2026-02-12,703050.0,1614750.0,0.30346346,17.661814,225,1
atitlan,2026-02-12,703350.0,1614750.0,0.27703503,14.439621,225,1
atitlan,2026-02-12,703650.0,1614750.0,0.28317073,16.744915,225,1
atitlan,2026-02-12,703950.0,1614750.0,0.24080448,14.385029,225,1
atitlan,2026-02-12,704250.0,1614750.0,0.3404101,23.506163,225,1
atitlan,2026-02-12,704550.0,1614750.0,0.33760908,23.878218,225,1
atitlan,2026-02-12,704850.0,1614750.0,0.31666243,20.996147,225,1
atitlan,2026-02-12,705150.0,1614750.0,0.29495084,18.266066,225,1
atitlan,2026-02-12,705450.0,1614750.0,0.26673853,14.608033,225,1
atitlan,2026-02-12,705750.0,1614750.0,0.2740645,16.555141,225,1
atitlan,2026-02-12,706050.0,1614750.0,0.29047844,19.152027,225,1
atitlan,2026-02-12,706350.0,1614750.0,0.30677247,20.503906,225,1
atitlan,2026-02-12,706650.0,1614750.0,0.31458026,20.476915,225,1
atitlan,2026-02-12,706950.0,1614750.0,0.31214297,20.979456,225,1
atitlan,2026-02-12,707250.0,1614750.0,0.37957639,32.21717,225,1
atitlan,2026-02-12,707550.0,1614750.0,0.36571774,29.574348,225,1
atitlan,2026-02-12,707850.0,1614750.0,0.3661777,28.933125,45,1
atitlan,2026-02-12,680250.0,1615050.0,0.29062444,15.810917,180,1
atitlan,2026-02-12,680550.0,1615050.0,0.30603054,17.76823,225,1
atitlan,2026-02-12,680850.0,1615050.0,0.327522,21.77082,225,1
atitlan,2026-02-12,681150.0,1615050.0,0.33107165,22.518173,225,1
atitlan,2026-02-12,681450.0,1615050.0,0.3243969,20.49041,225,1
atitlan,2026-02-12,681750.0,1615050.0,0.33233365,21.822674,225,1
atitlan,2026-02-12,682050.0,1615050.0,0.34604746,24.4926,225,1
atitlan,2026-02-12,682350.0,1615050.0,0.34314334,24.972126,225,1
atitlan,2026-02-12,682650.0,1615050.0,0.3604761,28.125805,225,1
atitlan,2026-02-12,682950.0,1615050.0,0.3207035,21.650942,225,1
atitlan,2026-02-12,683250.0,1615050.0,0.3397706,23.980232,225,1
atitlan,2026-02-12,683550.0,1615050.0,0.30350372,19.33113,225,1
atitlan,2026-02-12,683850.0,1615050.0,0.32661495,21.71445,225,1
atitlan,2026-02-12,684150.0,1615050.0,0.34695888,25.403288,225,1
atitlan,2026-02-12,684450.0,1615050.0,0.2940432,18.599232,225,1
atitlan,2026-02-12,684750.0,1615050.0,0.25138015,12.336466,225,1
atitlan,2026-02-12,685050.0,1615050.0,0.2313503,11.272018,225,0
atitlan,2026-02-12,685350.0,1615050.0,0.34846628,26.479076,225,1
atitlan,2026-02-12,685650.0,1615050.0,0.36148942,27.80534,225,1
atitlan,2026-02-12,685950.0,1615050.0,0.35647008,26.990532,225,1
atitlan,2026-02-12,686250.0,1615050.0,0.3620248,27.888298,225,1
atitlan,2026-02-12,686550.0,1615050.0,0.33794215,23.53346,225,1
atitlan,2026-02-12,686850.0,1615050.0,0.3408748,23.727196,225,1
atitlan,2026-02-12,687150.0,1615050.0,0.34386423,24.245079,225,1
atitlan,2026-02-12,687450.0,1615050.0,0.3245259,21.187468,225,1
atitlan,2026-02-12,687750.0,1615050.0,0.3202572,20.96144,225,1
atitlan,2026-02-12,688050.0,1615050.0,0.29504496,18.086958,225,1
atitlan,2026-02-12,688350.0,1615050.0,0.30014303,18.10533,225,1
atitlan,2026-02-12,688650.0,1615050.0,0.3317735,22.93519,225,1
atitlan,2026-02-12,688950.0,1615050.0,0.32253003,21.176758,225,1
atitlan,2026-02-12,689250.0,1615050.0,0.30215576,18.486137,225,1
atitlan,2026-02-12,689550.0,1615050.0,0.2732126,15.668898,225,1
atitlan,2026-02-12,689850.0,1615050.0,0.26327977,13.560429,225,1
atitlan,2026-02-12,690150.0,1615050.0,0.20153768,10.083083,225,0
atitlan,2026-02-12,690450.0,1615050.0,0.2688476,13.842706,225,1
atitlan,2026-02-12,690750.0,1615050.0,0.2914506,16.891258,225,1
atitlan,2026-02-12,691050.0,1615050.0,0.2601696,16.290552,225,1
atitlan,2026-02-12,691350.0,1615050.0,0.28379917,18.207802,225,1
atitlan,2026-02-12,691650.0,1615050.0,0.2945625,18.031624,225,1
atitlan,2026-02-12,691950.0,1615050.0,0.29734316,17.51691,225,1
atitlan,2026-02-12,692250.0,1615050.0,0.29892844,16.832518,225,1
atitlan,2026-02-12,692550.0,1615050.0,0.30245012,17.340187,225,1
atitlan,2026-02-12,692850.0,1615050.0,0.3075779,17.832092,225,1
atitlan,2026-02-12,693150.0,1615050.0,0.29359475,16.182312,225,1
atitlan,2026-02-12,693450.0,1615050.0,0.3143203,19.064533,225,1
atitlan,2026-02-12,693750.0,1615050.0,0.307877,17.8368,225,1
atitlan,2026-02-12,694050.0,1615050.0,0.3046588,17.429276,225,1
atitlan,2026-02-12,694350.0,1615050.0,0.29536164,16.481829,225,1
atitlan,2026-02-12,694650.0,1615050.0,0.29043385,16.157425,225,1
atitlan,2026-02-12,694950.0,1615050.0,0.29840615,16.84974,225,1
atitlan,2026-02-12,695250.0,1615050.0,0.31274828,19.02654,225,1
atitlan,2026-02-12,695550.0,1615050.0,0.2577705,14.700027,225,1
atitlan,2026-02-12,695850.0,1615050.0,0.28843364,16.225067,225,1
atitlan,2026-02-12,696150.0,1615050.0,0.30297253,17.523783,225,1
atitlan,2026-02-12,696450.0,1615050.0,0.30309153,17.24908,225,1
atitlan,2026-02-12,696750.0,1615050.0,0.29495436,16.929619,225,1
atitlan,2026-02-12,697050.0,1615050.0,0.28031775,14.935916,225,1
atitlan,2026-02-12,697350.0,1615050.0,0.2816481,15.928554,225,1
atitlan,2026-02-12,697650.0,1615050.0,0.27296883,17.121878,225,1
atitlan,2026-02-12,697950.0,1615050.0,0.2962935,17.37089,225,1
atitlan,2026-02-12,698250.0,1615050.0,0.27803627,15.502397,225,1
atitlan,2026-02-12,698550.0,1615050.0,0.28453135,16.024193,225,1
atitlan,2026-02-12,698850.0,1615050.0,0.28204054,15.7472515,225,1
atitlan,2026-02-12,699150.0,1615050.0,0.26958838,14.403785,225,1
atitlan,2026-02-12,699450.0,1615050.0,0.2666585,13.66947,225,1
atitlan,2026-02-12,699750.0,1615050.0,0.26181686,13.191631,225,1
atitlan,2026-02-12,700050.0,1615050.0,0.24236079,11.663002,225,0
atitlan,2026-02-12,700350.0,1615050.0,0.24733865,11.565633,225,0
atitlan,2026-02-12,700650.0,1615050.0,0.20523097,10.378262,225,0
atitlan,2026-02-12,700950.0,1615050.0,0.19443282,9.636169,225,0
atitlan,2026-02-12,701250.0,1615050.0,0.19218,9.003283,225,0
atitlan,2026-02-12,701550.0,1615050.0,0.23813859,11.845049,225,0
atitlan,2026-02-12,701850.0,1615050.0,0.29035604,16.082954,225,1
atitlan,2026-02-12,702150.0,1615050.0,0.27569,15.3452215,225,1
atitlan,2026-02-12,702450.0,1615050.0,0.30171573,17.82654,225,1
atitlan,2026-02-12,702750.0,1615050.0,0.28299817,15.039923,225,1
atitlan,2026-02-12,703050.0,1615050.0,0.24814953,11.828544,225,0
atitlan,2026-02-12,703350.0,1615050.0,0.25103882,13.238856,225,1
atitlan,2026-02-12,703650.0,1615050.0,0.3073091,19.372326,225,1
atitlan,2026-02-12,703950.0,1615050.0,0.2599216,15.324331,225,1
atitlan,2026-02-12,704250.0,1615050.0,0.3401946,24.781954,225,1
atitlan,2026-02-12,704550.0,1615050.0,0.32983986,23.057302,225,1
atitlan,2026-02-12,704850.0,1615050.0,0.26946673,15.287228,225,1
atitlan,2026-02-12,705150.0,1615050.0,0.27227187,15.372346,225,1
atitlan,2026-02-12,705450.0,1615050.0,0.2567976,13.34056,225,1
atitlan,2026-02-12,705750.0,1615050.0,0.2573604,13.1682005,225,1
atitlan,2026-02-12,706050.0,1615050.0,0.21713664,10.380985,225,0
atitlan,2026-02-12,706350.0,1615050.0,0.20232461,9.223459,225,0
atitlan,2026-02-12,706650.0,1615050.0,0.24209093,12.763251,225,1
atitlan,2026-02-12,706950.0,1615050.0,0.18052316,9.104907,225,0
atitlan,2026-02-12,707250.0,1615050.0,0.3124086,20.453981,225,1
atitlan,2026-02-12,707550.0,1615050.0,0.3655887,28.487095,225,1
atitlan,2026-02-12,707850.0,1615050.0,0.35262832,25.53707,45,1
atitlan,2026-02-12,680250.0,1615350.0,0.29194197,17.581182,180,1
atitlan,2026-02-12,680550.0,1615350.0,0.32121715,21.32531,225,1
atitlan,2026-02-12,680850.0,1615350.0,0.3559241,27.855452,225,1
atitlan,2026-02-12,681150.0,1615350.0,0.35797837,27.582064,225,1
atitlan,2026-02-12,681450.0,1615350.0,0.32645327,20.946022,225,1
atitlan,2026-02-12,681750.0,1615350.0,0.3273217,20.93418,225,1
atitlan,2026-02-12,682050.0,1615350.0,0.3535447,26.106236,225,1
atitlan,2026-02-12,682350.0,1615350.0,0.33139065,22.825157,225,1
atitlan,2026-02-12,682650.0,1615350.0,0.3640705,28.59978,225,1
atitlan,2026-02-12,682950.0,1615350.0,0.365591,28.87228,225,1
atitlan,2026-02-12,683250.0,1615350.0,0.3582166,27.31804,225,1
atitlan,2026-02-12,683550.0,1615350.0,0.3319357,23.311882,225,1
atitlan,2026-02-12,683850.0,1615350.0,0.30182847,18.416956,225,1
atitlan,2026-02-12,684150.0,1615350.0,0.35575885,26.746157,225,1
atitlan,2026-02-12,684450.0,1615350.0,0.34541023,25.426048,225,1
atitlan,2026-02-12,684750.0,1615350.0,0.30164984,21.166128,225,1
atitlan,2026-02-12,685050.0,1615350.0,0.23587973,11.712056,225,0
atitlan,2026-02-12,685350.0,1615350.0,0.31449994,20.178288,225,1
atitlan,2026-02-12,685650.0,1615350.0,0.37342072,30.624077,225,1
atitlan,2026-02-12,685950.0,1615350.0,0.37739122,31.964926,225,1
atitlan,2026-02-12,686250.0,1615350.0,0.3552079,26.881994,225,1
atitlan,2026-02-12,686550.0,1615350.0,0.33549613,23.169853,225,1
atitlan,2026-02-12,686850.0,1615350.0,0.34310076,24.106188,225,1
atitlan,2026-02-12,687150.0,1615350.0,0.3372758,22.97801,225,1
atitlan,2026-02-12,687450.0,1615350.0,0.32821238,21.860176,225,1
atitlan,2026-02-12,687750.0,1615350.0,0.32693893,22.231833,225,1
atitlan,2026-02-12,688050.0,1615350.0,0.30937344,20.50062,225,1
atitlan,2026-02-12,688350.0,1615350.0,0.27343136,14.632994,225,1
atitlan,2026-02-12,688650.0,1615350.0,0.27400154,14.447678,225,1
atitlan,2026-02-12,688950.0,1615350.0,0.23837899,11.42135,225,0
atitlan,2026-02-12,689250.0,1615350.0,0.22907014,11.33926,225,0
atitlan,2026-02-12,689550.0,1615350.0,0.27359524,14.869801,225,1
atitlan,2026-02-12,689850.0,1615350.0,0.27896038,16.137568,225,1
atitlan,2026-02-12,690150.0,1615350.0,0.2408437,11.6026125,225,0
atitlan,2026-02-12,690450.0,1615350.0,0.27379665,15.330686,225,1
atitlan,2026-02-12,690750.0,1615350.0,0.27796268,16.822199,225,1
atitlan,2026-02-12,691050.0,1615350.0,0.2978302,18.543404,225,1
atitlan,2026-02-12,691350.0,1615350.0,0.31280714,19.53808,225,1
atitlan,2026-02-12,691650.0,1615350.0,0.31312865,19.186666,225,1
atitlan,2026-02-12,691950.0,1615350.0,0.2950317,16.909777,225,1
atitlan,2026-02-12,692250.0,1615350.0,0.29681948,16.671606,225,1
atitlan,2026-02-12,692550.0,1615350.0,0.2895863,15.746329,225,1
atitlan,2026-02-12,692850.0,1615350.0,0.2971698,16.51881,225,1
atitlan,2026-02-12,693150.0,1615350.0,0.31786415,19.39965,225,1
atitlan,2026-02-12,693450.0,1615350.0,0.3024563,17.372772,225,1
atitlan,2026-02-12,693750.0,1615350.0,0.319589,20.37045,225,1
atitlan,2026-02-12,694050.0,1615350.0,0.31269437,19.260773,225,1
atitlan,2026-02-12,694350.0,1615350.0,0.30327538,18.309872,225,1
atitlan,2026-02-12,694650.0,1615350.0,0.3140157,20.325106,225,1
atitlan,2026-02-12,694950.0,1615350.0,0.33606267,23.821512,225,1
atitlan,2026-02-12,695250.0,1615350.0,0.3593245,27.552095,225,1
atitlan,2026-02-12,695550.0,1615350.0,0.3292978,22.966536,225,1
atitlan,2026-02-12,695850.0,1615350.0,0.30742243,20.061466,225,1
atitlan,2026-02-12,696150.0,1615350.0,0.2972772,17.569532,225,1
atitlan,2026-02-12,696450.0,1615350.0,0.24193229,14.739957,225,1
atitlan,2026-02-12,696750.0,1615350.0,0.20565559,12.402705,225,1
atitlan,2026-02-12,697050.0,1615350.0,0.26323065,14.314281,225,1
atitlan,2026-02-12,697350.0,1615350.0,0.29332262,16.662766,225,1
atitlan,2026-02-12,697650.0,1615350.0,0.28862575,17.868437,225,1
atitlan,2026-02-12,697950.0,1615350.0,0.29895866,18.072956,225,1
atitlan,2026-02-12,698250.0,1615350.0,0.2993041,17.73893,225,1
atitlan,2026-02-12,698550.0,1615350.0,0.29782012,17.67824,225,1
atitlan,2026-02-12,698850.0,1615350.0,0.27315086,15.543637,225,1
atitlan,2026-02-12,699150.0,1615350.0,0.26818076,14.561278,225,1
atitlan,2026-02-12,699450.0,1615350.0,0.26276273,13.8289175,225,1
atitlan,2026-02-12,699750.0,1615350.0,0.26247594,13.679481,225,1
atitlan,2026-02-12,700050.0,1615350.0,0.249465,11.986819,225,0
atitlan,2026-02-12,700350.0,1615350.0,0.25105476,12.752402,225,1
atitlan,2026-02-12,700650.0,1615350.0,0.1471639,8.364511,225,0
atitlan,2026-02-12,700950.0,1615350.0,0.12903228,7.3684425,225,0
atitlan,2026-02-12,701250.0,1615350.0,0.19563107,9.55814,225,0
atitlan,2026-02-12,701550.0,1615350.0,0.26752967,14.731631,225,1
atitlan,2026-02-12,701850.0,1615350.0,0.30905515,18.724163,225,1
atitlan,2026-02-12,702150.0,1615350.0,0.28493768,15.600898,225,1
atitlan,2026-02-12,702450.0,1615350.0,0.3089898,18.907373,225,1
atitlan,2026-02-12,702750.0,1615350.0,0.3066064,18.310984,225,1
atitlan,2026-02-12,703050.0,1615350.0,0.3005971,18.036245,225,1
atitlan,2026-02-12,703350.0,1615350.0,0.2867921,15.985443,225,1
atitlan,2026-02-12,703650.0,1615350.0,0.3042245,19.483913,225,1
atitlan,2026-02-12,703950.0,1615350.0,0.3330708,22.628036,225,1
atitlan,2026-02-12,704250.0,1615350.0,0.3190167,21.80211,225,1
atitlan,2026-02-12,704550.0,1615350.0,0.32792935,22.357662,225,1
atitlan,2026-02-12,704850.0,1615350.0,0.3002275,18.704966,225,1
atitlan,2026-02-12,705150.0,1615350.0,0.2968517,17.876621,225,1
atitlan,2026-02-12,705450.0,1615350.0,0.29657754,18.963118,225,1
atitlan,2026-02-12,705750.0,1615350.0,0.24996151,13.270104,225,1
atitlan,2026-02-12,706050.0,1615350.0,0.250787,12.678238,225,1
atitlan,2026-02-12,706350.0,1615350.0,0.20915201,9.476158,225,0
atitlan,2026-02-12,706650.0,1615350.0,0.2763397,15.434513,225,1
atitlan,2026-02-12,706950.0,1615350.0,0.24101773,12.205735,225,1
atitlan,2026-02-12,707250.0,1615350.0,0.20113784,8.942036,225,0
atitlan,2026-02-12,707550.0,1615350.0,0.18232886,9.616346,225,0
atitlan,2026-02-12,707850.0,1615350.0,0.19349657,12.597453,45,1
atitlan,2026-02-12,680250.0,1615650.0,0.36073637,28.052746,180,1
atitlan,2026-02-12,680550.0,1615650.0,0.34187138,25.94662,225,1
atitlan,2026-02-12,680850.0,1615650.0,0.4067563,39.73605,225,1
atitlan,2026-02-12,681150.0,1615650.0,0.4086079,39.644268,225,1
atitlan,2026-02-12,681450.0,1615650.0,0.34709787,25.287588,225,1
atitlan,2026-02-12,681750.0,1615650.0,0.32686126,21.723957,225,1
atitlan,2026-02-12,682050.0,1615650.0,0.352004,25.924067,225,1
atitlan,2026-02-12,682350.0,1615650.0,0.33607122,23.653337,225,1
atitlan,2026-02-12,682650.0,1615650.0,0.35993278,27.743631,225,1
atitlan,2026-02-12,682950.0,1615650.0,0.360764,27.795422,225,1
atitlan,2026-02-12,683250.0,1615650.0,0.35366294,26.51807,225,1
atitlan,2026-02-12,683550.0,1615650.0,0.35685065,27.043163,225,1
atitlan,2026-02-12,683850.0,1615650.0,0.2835241,17.589764,225,1
atitlan,2026-02-12,684150.0,1615650.0,0.28206635,17.432096,225,1
atitlan,2026-02-12,684450.0,1615650.0,0.35868827,27.964254,225,1
atitlan,2026-02-12,684750.0,1615650.0,0.34282914,24.832893,225,1
atitlan,2026-02-12,685050.0,1615650.0,0.33524248,24.207253,225,1
atitlan,2026-02-12,685350.0,1615650.0,0.3077555,19.068642,225,1
atitlan,2026-02-12,685650.0,1615650.0,0.37316352,30.772955,225,1
atitlan,2026-02-12,685950.0,1615650.0,0.3732853,30.634804,225,1
atitlan,2026-02-12,686250.0,1615650.0,0.36693352,28.985147,225,1
atitlan,2026-02-12,686550.0,1615650.0,0.33778185,23.859514,225,1
atitlan,2026-02-12,686850.0,1615650.0,0.34951591,25.448526,225,1
atitlan,2026-02-12,687150.0,1615650.0,0.34582865,24.673214,225,1
atitlan,2026-02-12,687450.0,1615650.0,0.31840315,20.156315,225,1
atitlan,2026-02-12,687750.0,1615650.0,0.27970368,15.27396,225,1
atitlan,2026-02-12,688050.0,1615650.0,0.25410026,13.028525,225,1
atitlan,2026-02-12,688350.0,1615650.0,0.25334427,12.533324,225,1
atitlan,2026-02-12,688650.0,1615650.0,0.27626103,16.059793,225,1
atitlan,2026-02-12,688950.0,1615650.0,0.26546788,15.3888035,225,1
atitlan,2026-02-12,689250.0,1615650.0,0.21923886,12.305296,225,1
atitlan,2026-02-12,689550.0,1615650.0,0.23591566,12.35898,225,1
atitlan,2026-02-12,689850.0,1615650.0,0.27657935,16.175077,225,1
atitlan,2026-02-12,690150.0,1615650.0,0.27217883,15.292556,225,1
atitlan,2026-02-12,690450.0,1615650.0,0.27181107,15.2575865,225,1
atitlan,2026-02-12,690750.0,1615650.0,0.25059316,14.298563,225,1
atitlan,2026-02-12,691050.0,1615650.0,0.31378943,20.194042,225,1
atitlan,2026-02-12,691350.0,1615650.0,0.30587232,19.37234,225,1
atitlan,2026-02-12,691650.0,1615650.0,0.2788568,14.955225,225,1
atitlan,2026-02-12,691950.0,1615650.0,0.27932802,15.917139,225,1
atitlan,2026-02-12,692250.0,1615650.0,0.29506078,17.172163,225,1
atitlan,2026-02-12,692550.0,1615650.0,0.2993797,16.813694,225,1
atitlan,2026-02-12,692850.0,1615650.0,0.30778235,17.81338,225,1
atitlan,2026-02-12,693150.0,1615650.0,0.31425762,19.186129,225,1
atitlan,2026-02-12,693450.0,1615650.0,0.33258748,22.33006,225,1
atitlan,2026-02-12,693750.0,1615650.0,0.32962698,22.603302,225,1
atitlan,2026-02-12,694050.0,1615650.0,0.3094173,19.128275,225,1
atitlan,2026-02-12,694350.0,1615650.0,0.2892376,16.715857,225,1
atitlan,2026-02-12,694650.0,1615650.0,0.31808203,21.06299,225,1
atitlan,2026-02-12,694950.0,1615650.0,0.3323622,22.803553,225,1
atitlan,2026-02-12,695250.0,1615650.0,0.34453344,24.244184,225,1
atitlan,2026-02-12,695550.0,1615650.0,0.34537655,24.561655,225,1
atitlan,2026-02-12,695850.0,1615650.0,0.3284895,21.794386,225,1
atitlan,2026-02-12,696150.0,1615650.0,0.34739783,24.898544,225,1
atitlan,2026-02-12,696450.0,1615650.0,0.33630586,22.654915,225,1
atitlan,2026-02-12,696750.0,1615650.0,0.2976978,18.379398,225,1
atitlan,2026-02-12,697050.0,1615650.0,0.26974827,15.638788,225,1
atitlan,2026-02-12,697350.0,1615650.0,0.27785194,16.454311,225,1
atitlan,2026-02-12,697650.0,1615650.0,0.2584255,14.601127,225,1
atitlan,2026-02-12,697950.0,1615650.0,0.28649834,17.699938,225,1
atitlan,2026-02-12,698250.0,1615650.0,0.313443,19.373005,225,1
atitlan,2026-02-12,698550.0,1615650.0,0.30523214,19.397593,225,1
atitlan,2026-02-12,698850.0,1615650.0,0.29821497,16.890913,225,1
atitlan,2026-02-12,699150.0,1615650.0,0.2674989,13.549426,225,1
atitlan,2026-02-12,699450.0,1615650.0,0.2728641,14.430255,225,1
atitlan,2026-02-12,699750.0,1615650.0,0.28153008,15.48607,225,1
atitlan,2026-02-12,700050.0,1615650.0,0.25089976,11.925815,225,0
atitlan,2026-02-12,700350.0,1615650.0,0.23575611,10.565728,225,0
atitlan,2026-02-12,700650.0,1615650.0,0.20914753,9.36975,225,0
atitlan,2026-02-12,700950.0,1615650.0,0.20466425,9.662557,225,0
atitlan,2026-02-12,701250.0,1615650.0,0.25043005,13.241488,225,1
atitlan,2026-02-12,701550.0,1615650.0,0.29247576,17.134897,225,1
atitlan,2026-02-12,701850.0,1615650.0,0.3071403,19.044014,225,1
atitlan,2026-02-12,702150.0,1615650.0,0.33382988,22.998,225,1
atitlan,2026-02-12,702450.0,1615650.0,0.3194491,20.353207,225,1
atitlan,2026-02-12,702750.0,1615650.0,0.30760834,18.611805,225,1
atitlan,2026-02-12,703050.0,1615650.0,0.2883134,16.914433,225,1
atitlan,2026-02-12,703350.0,1615650.0,0.3087215,19.28497,225,1
atitlan,2026-02-12,703650.0,1615650.0,0.23201877,13.251636,225,1
atitlan,2026-02-12,703950.0,1615650.0,0.3352304,22.634401,225,1
atitlan,2026-02-12,704250.0,1615650.0,0.29951456,18.529167,225,1
atitlan,2026-02-12,704550.0,1615650.0,0.33212337,22.478079,225,1
atitlan,2026-02-12,704850.0,1615650.0,0.30896258,18.932178,225,1
atitlan,2026-02-12,705150.0,1615650.0,0.28573823,17.102112,225,1
atitlan,2026-02-12,705450.0,1615650.0,0.32684273,22.10514,225,1
atitlan,2026-02-12,705750.0,1615650.0,0.29783097,18.94046,225,1
atitlan,2026-02-12,706050.0,1615650.0,0.2780951,15.93821,225,1
atitlan,2026-02-12,706350.0,1615650.0,0.2755388,14.859468,225,1
atitlan,2026-02-12,706650.0,1615650.0,0.24808766,12.6546755,225,1
atitlan,2026-02-12,706950.0,1615650.0,0.1996629,9.066681,225,0
atitlan,2026-02-12,707250.0,1615650.0,0.21381344,11.280717,225,0
atitlan,2026-02-12,707550.0,1615650.0,0.20845942,10.575921,225,0
atitlan,2026-02-12,707850.0,1615650.0,0.23361473,11.463732,45,0
atitlan,2026-02-12,680250.0,1615950.0,0.36100912,28.820667,180,1
atitlan,2026-02-12,680550.0,1615950.0,0.39134148,35.238903,225,1
atitlan,2026-02-12,680850.0,1615950.0,0.40982676,40.093414,225,1
atitlan,2026-02-12,681150.0,1615950.0,0.43290445,46.594852,225,1
atitlan,2026-02-12,681450.0,1615950.0,0.37724477,31.878042,225,1
atitlan,2026-02-12,681750.0,1615950.0,0.3551945,26.360767,225,1
atitlan,2026-02-12,682050.0,1615950.0,0.36851433,29.392282,225,1
atitlan,2026-02-12,682350.0,1615950.0,0.3554805,27.038668,225,1
atitlan,2026-02-12,682650.0,1615950.0,0.3692361,29.552921,225,1
atitlan,2026-02-12,682950.0,1615950.0,0.3751038,30.730804,225,1
atitlan,2026-02-12,683250.0,1615950.0,0.34073368,24.404799,225,1
atitlan,2026-02-12,683550.0,1615950.0,0.3735625,30.539192,225,1
atitlan,2026-02-12,683850.0,1615950.0,0.37597445,31.126534,225,1
atitlan,2026-02-12,684150.0,1615950.0,0.29325494,20.65528,225,1
atitlan,2026-02-12,684450.0,1615950.0,0.27906832,17.027472,225,1
atitlan,2026-02-12,684750.0,1615950.0,0.3624295,28.773582,225,1
atitlan,2026-02-12,685050.0,1615950.0,0.3708712,29.982595,225,1
atitlan,2026-02-12,685350.0,1615950.0,0.34004468,23.870483,225,1
atitlan,2026-02-12,685650.0,1615950.0,0.35841963,27.739735,225,1
atitlan,2026-02-12,685950.0,1615950.0,0.36686707,29.380758,225,1
atitlan,2026-02-12,686250.0,1615950.0,0.3645173,28.4958,225,1
atitlan,2026-02-12,686550.0,1615950.0,0.34283167,24.35645,225,1
atitlan,2026-02-12,686850.0,1615950.0,0.34097683,23.890566,225,1
atitlan,2026-02-12,687150.0,1615950.0,0.34895247,25.173233,225,1
atitlan,2026-02-12,687450.0,1615950.0,0.3010641,18.552324,225,1
atitlan,2026-02-12,687750.0,1615950.0,0.27215642,14.254226,225,1
atitlan,2026-02-12,688050.0,1615950.0,0.20617601,9.86895,225,0
atitlan,2026-02-12,688350.0,1615950.0,0.21504015,9.56319,225,0
atitlan,2026-02-12,688650.0,1615950.0,0.2503289,13.089914,225,1
atitlan,2026-02-12,688950.0,1615950.0,0.22197597,11.600713,225,0
atitlan,2026-02-12,689250.0,1615950.0,0.24676645,12.838175,225,1
atitlan,2026-02-12,689550.0,1615950.0,0.1927165,9.764051,225,0
atitlan,2026-02-12,689850.0,1615950.0,0.27567932,15.421088,225,1
atitlan,2026-02-12,690150.0,1615950.0,0.2745029,14.61476,225,1
atitlan,2026-02-12,690450.0,1615950.0,0.2910638,16.408499,225,1
atitlan,2026-02-12,690750.0,1615950.0,0.2816563,16.016943,225,1
atitlan,2026-02-12,691050.0,1615950.0,0.28169504,16.190765,225,1
atitlan,2026-02-12,691350.0,1615950.0,0.27585056,15.360586,225,1
atitlan,2026-02-12,691650.0,1615950.0,0.2583683,12.9951315,225,1
atitlan,2026-02-12,691950.0,1615950.0,0.26590487,14.1191225,225,1
atitlan,2026-02-12,692250.0,1615950.0,0.27504417,14.464334,225,1
atitlan,2026-02-12,692550.0,1615950.0,0.28926632,17.030514,225,1
atitlan,2026-02-12,692850.0,1615950.0,0.32458678,21.050314,225,1
atitlan,2026-02-12,693150.0,1615950.0,0.3057617,18.005125,225,1
atitlan,2026-02-12,693450.0,1615950.0,0.31397176,19.145376,225,1
atitlan,2026-02-12,693750.0,1615950.0,0.32943413,21.57536,225,1
atitlan,2026-02-12,694050.0,1615950.0,0.32050624,20.742783,225,1
atitlan,2026-02-12,694350.0,1615950.0,0.30929565,19.319103,225,1
atitlan,2026-02-12,694650.0,1615950.0,0.28345078,16.300234,225,1
atitlan,2026-02-12,694950.0,1615950.0,0.34307763,24.156445,225,1
atitlan,2026-02-12,695250.0,1615950.0,0.3681018,29.04954,225,1
atitlan,2026-02-12,695550.0,1615950.0,0.35713166,26.525454,225,1
atitlan,2026-02-12,695850.0,1615950.0,0.34982094,25.440235,225,1
atitlan,2026-02-12,696150.0,1615950.0,0.3324114,22.636148,225,1
atitlan,2026-02-12,696450.0,1615950.0,0.3179668,20.200596,225,1
atitlan,2026-02-12,696750.0,1615950.0,0.32196832,21.004211,225,1
atitlan,2026-02-12,697050.0,1615950.0,0.30443224,19.219244,225,1
atitlan,2026-02-12,697350.0,1615950.0,0.32331482,23.278519,225,1
atitlan,2026-02-12,697650.0,1615950.0,0.31541812,20.274693,225,1
atitlan,2026-02-12,697950.0,1615950.0,0.2991345,17.278332,225,1
atitlan,2026-02-12,698250.0,1615950.0,0.3131926,19.349243,225,1
atitlan,2026-02-12,698550.0,1615950.0,0.29015684,17.724447,225,1
atitlan,2026-02-12,698850.0,1615950.0,0.2969607,17.443691,225,1
atitlan,2026-02-12,699150.0,1615950.0,0.27814692,14.932812,225,1
atitlan,2026-02-12,699450.0,1615950.0,0.28651756,15.818457,225,1
atitlan,2026-02-12,699750.0,1615950.0,0.30298606,18.439596,225,1
atitlan,2026-02-12,700050.0,1615950.0,0.28333154,14.881857,225,1
atitlan,2026-02-12,700350.0,1615950.0,0.22777832,10.071475,225,0
atitlan,2026-02-12,700650.0,1615950.0,0.21619272,9.135483,225,0
atitlan,2026-02-12,700950.0,1615950.0,0.23574235,10.717822,225,0
atitlan,2026-02-12,701250.0,1615950.0,0.2815968,15.368209,225,1
atitlan,2026-02-12,701550.0,1615950.0,0.2732617,15.700681,225,1
atitlan,2026-02-12,701850.0,1615950.0,0.32476667,21.442766,225,1
atitlan,2026-02-12,702150.0,1615950.0,0.3142037,19.380743,225,1
atitlan,2026-02-12,702450.0,1615950.0,0.31599498,19.972914,225,1
atitlan,2026-02-12,702750.0,1615950.0,0.2863317,16.356972,225,1
atitlan,2026-02-12,703050.0,1615950.0,0.29640183,17.653622,225,1
atitlan,2026-02-12,703350.0,1615950.0,0.30180007,17.786583,225,1
atitlan,2026-02-12,703650.0,1615950.0,0.24870281,13.839545,225,1
atitlan,2026-02-12,703950.0,1615950.0,0.2909757,18.950058,225,1
atitlan,2026-02-12,704250.0,1615950.0,0.2949726,18.79973,225,1
atitlan,2026-02-12,704550.0,1615950.0,0.28310302,16.040491,225,1
atitlan,2026-02-12,704850.0,1615950.0,0.32087663,20.760904,225,1
atitlan,2026-02-12,705150.0,1615950.0,0.31592658,20.455896,225,1
atitlan,2026-02-12,705450.0,1615950.0,0.32528812,22.421648,225,1
atitlan,2026-02-12,705750.0,1615950.0,0.32240793,22.177467,225,1
atitlan,2026-02-12,706050.0,1615950.0,0.2589339,15.30037,225,1
atitlan,2026-02-12,706350.0,1615950.0,0.27887067,16.747814,225,1
atitlan,2026-02-12,706650.0,1615950.0,0.31238168,20.221945,225,1
atitlan,2026-02-12,706950.0,1615950.0,0.27066264,14.094074,225,1
atitlan,2026-02-12,707250.0,1615950.0,0.23940091,11.89257,225,0
atitlan,2026-02-12,707550.0,1615950.0,0.11128288,6.5365868,225,0
atitlan,2026-02-12,707850.0,1615950.0,0.16030861,7.1267557,45,0
atitlan,2026-02-12,680250.0,1616250.0,0.39242893,35.711536,180,1
atitlan,2026-02-12,680550.0,1616250.0,0.40764645,39.381706,225,1
atitlan,2026-02-12,680850.0,1616250.0,0.39718953,37.59763,225,1
atitlan,2026-02-12,681150.0,1616250.0,0.41400382,41.374813,225,1
atitlan,2026-02-12,681450.0,1616250.0,0.37538993,31.981497,225,1
atitlan,2026-02-12,681750.0,1616250.0,0.359297,27.514957,225,1
atitlan,2026-02-12,682050.0,1616250.0,0.35893634,28.40359,225,1
atitlan,2026-02-12,682350.0,1616250.0,0.35564637,26.782602,225,1
atitlan,2026-02-12,682650.0,1616250.0,0.36965033,29.935184,225,1
atitlan,2026-02-12,682950.0,1616250.0,0.3862277,33.758167,225,1
atitlan,2026-02-12,683250.0,1616250.0,0.33370435,24.223362,225,1
atitlan,2026-02-12,683550.0,1616250.0,0.35409564,26.782839,225,1
atitlan,2026-02-12,683850.0,1616250.0,0.38316858,32.702976,225,1
atitlan,2026-02-12,684150.0,1616250.0,0.33482808,25.112997,225,1
atitlan,2026-02-12,684450.0,1616250.0,0.33071473,24.580524,225,1
atitlan,2026-02-12,684750.0,1616250.0,0.28939006,17.72642,225,1
atitlan,2026-02-12,685050.0,1616250.0,0.35524157,27.099297,225,1
atitlan,2026-02-12,685350.0,1616250.0,0.34549534,24.905216,225,1
atitlan,2026-02-12,685650.0,1616250.0,0.33237448,23.203707,225,1
atitlan,2026-02-12,685950.0,1616250.0,0.37025186,29.857368,225,1
atitlan,2026-02-12,686250.0,1616250.0,0.36036804,27.436535,225,1
atitlan,2026-02-12,686550.0,1616250.0,0.33059222,22.575861,225,1
atitlan,2026-02-12,686850.0,1616250.0,0.35010865,25.633999,225,1
atitlan,2026-02-12,687150.0,1616250.0,0.3487618,26.033876,225,1
atitlan,2026-02-12,687450.0,1616250.0,0.27845615,15.515342,225,1
atitlan,2026-02-12,687750.0,1616250.0,0.26053894,13.146815,225,1
atitlan,2026-02-12,688050.0,1616250.0,0.104886964,7.369097,225,0
atitlan,2026-02-12,688350.0,1616250.0,0.116212286,7.237641,225,0
atitlan,2026-02-12,688650.0,1616250.0,0.20568714,10.6751995,225,0
atitlan,2026-02-12,688950.0,1616250.0,0.22043315,11.461315,225,0
atitlan,2026-02-12,689250.0,1616250.0,0.1797515,9.333778,225,0
atitlan,2026-02-12,689550.0,1616250.0,0.25342795,14.020321,225,1
atitlan,2026-02-12,689850.0,1616250.0,0.2612923,15.187575,225,1
atitlan,2026-02-12,690150.0,1616250.0,0.27533284,14.887459,225,1
atitlan,2026-02-12,690450.0,1616250.0,0.28727558,15.875334,225,1
atitlan,2026-02-12,690750.0,1616250.0,0.281584,15.8523445,225,1
atitlan,2026-02-12,691050.0,1616250.0,0.26458734,14.833745,225,1
atitlan,2026-02-12,691350.0,1616250.0,0.2908583,16.69766,225,1
atitlan,2026-02-12,691650.0,1616250.0,0.2785894,17.074802,225,1
atitlan,2026-02-12,691950.0,1616250.0,0.30923998,21.189978,225,1
atitlan,2026-02-12,692250.0,1616250.0,0.3159819,20.093037,225,1
atitlan,2026-02-12,692550.0,1616250.0,0.30469528,18.199974,225,1
atitlan,2026-02-12,692850.0,1616250.0,0.2954574,16.755644,225,1
atitlan,2026-02-12,693150.0,1616250.0,0.31535736,19.461233,225,1
atitlan,2026-02-12,693450.0,1616250.0,0.2900849,15.944051,225,1
atitlan,2026-02-12,693750.0,1616250.0,0.29643413,16.767017,225,1
atitlan,2026-02-12,694050.0,1616250.0,0.29929742,17.229898,225,1
atitlan,2026-02-12,694350.0,1616250.0,0.26882708,13.8460245,225,1
atitlan,2026-02-12,694650.0,1616250.0,0.26715562,13.479182,225,1
atitlan,2026-02-12,694950.0,1616250.0,0.28869304,16.719707,225,1
atitlan,2026-02-12,695250.0,1616250.0,0.29529512,18.204557,225,1
atitlan,2026-02-12,695550.0,1616250.0,0.34565902,24.492477,225,1
atitlan,2026-02-12,695850.0,1616250.0,0.33308753,22.641016,225,1
atitlan,2026-02-12,696150.0,1616250.0,0.33583543,22.855589,225,1
atitlan,2026-02-12,696450.0,1616250.0,0.32952663,21.517809,225,1
atitlan,2026-02-12,696750.0,1616250.0,0.31636694,19.576403,225,1
atitlan,2026-02-12,697050.0,1616250.0,0.32743707,22.695854,225,1
atitlan,2026-02-12,697350.0,1616250.0,0.32048222,22.706728,225,1
atitlan,2026-02-12,697650.0,1616250.0,0.31310353,22.111609,225,1
atitlan,2026-02-12,697950.0,1616250.0,0.31697643,21.163242,225,1
atitlan,2026-02-12,698250.0,1616250.0,0.28442305,16.375336,225,1
atitlan,2026-02-12,698550.0,1616250.0,0.31187755,19.258392,225,1
atitlan,2026-02-12,698850.0,1616250.0,0.29727197,17.213451,225,1
atitlan,2026-02-12,699150.0,1616250.0,0.29450384,16.986132,225,1
atitlan,2026-02-12,699450.0,1616250.0,0.27637342,14.049395,225,1
atitlan,2026-02-12,699750.0,1616250.0,0.25318083,12.265195,225,1
atitlan,2026-02-12,700050.0,1616250.0,0.24431872,12.675765,225,1
atitlan,2026-02-12,700350.0,1616250.0,0.18848284,9.121418,225,0
atitlan,2026-02-12,700650.0,1616250.0,0.23465787,11.943423,225,0
atitlan,2026-02-12,700950.0,1616250.0,0.25579774,12.735398,225,1
atitlan,2026-02-12,701250.0,1616250.0,0.27785453,14.9674225,225,1
atitlan,2026-02-12,701550.0,1616250.0,0.26565623,13.811928,225,1
atitlan,2026-02-12,701850.0,1616250.0,0.3120702,20.869354,225,1
atitlan,2026-02-12,702150.0,1616250.0,0.29202422,16.477106,225,1
atitlan,2026-02-12,702450.0,1616250.0,0.31725863,20.349962,225,1
atitlan,2026-02-12,702750.0,1616250.0,0.29124177,16.93445,225,1
atitlan,2026-02-12,703050.0,1616250.0,0.2675086,14.598816,225,1
atitlan,2026-02-12,703350.0,1616250.0,0.28914735,16.053629,225,1
atitlan,2026-02-12,703650.0,1616250.0,0.3062739,19.209215,225,1
atitlan,2026-02-12,703950.0,1616250.0,0.26442525,15.406281,225,1
atitlan,2026-02-12,704250.0,1616250.0,0.313841,20.298876,225,1
atitlan,2026-02-12,704550.0,1616250.0,0.27964503,15.002702,225,1
atitlan,2026-02-12,704850.0,1616250.0,0.26565555,13.486696,225,1
atitlan,2026-02-12,705150.0,1616250.0,0.26345477,13.618141,225,1
atitlan,2026-02-12,705450.0,1616250.0,0.2698802,14.251465,225,1
atitlan,2026-02-12,705750.0,1616250.0,0.31992644,22.039076,225,1
atitlan,2026-02-12,706050.0,1616250.0,0.30585188,19.539856,225,1
atitlan,2026-02-12,706350.0,1616250.0,0.258351,13.359109,225,1
atitlan,2026-02-12,706650.0,1616250.0,0.29393342,16.991371,225,1
atitlan,2026-02-12,706950.0,1616250.0,0.3141116,19.337784,225,1
atitlan,2026-02-12,707250.0,1616250.0,0.31712115,20.243687,225,1
atitlan,2026-02-12,707550.0,1616250.0,0.28313586,16.263042,225,1
atitlan,2026-02-12,707850.0,1616250.0,0.30467352,18.711578,45,1
atitlan,2026-02-12,680250.0,1616550.0,0.39174291,36.372402,180,1
atitlan,2026-02-12,680550.0,1616550.0,0.4059171,39.94885,225,1
atitlan,2026-02-12,680850.0,1616550.0,0.37728783,32.476852,225,1
atitlan,2026-02-12,681150.0,1616550.0,0.38034615,32.550816,225,1
atitlan,2026-02-12,681450.0,1616550.0,0.38152742,32.434994,225,1
atitlan,2026-02-12,681750.0,1616550.0,0.35039866,26.056324,225,1
atitlan,2026-02-12,682050.0,1616550.0,0.36149272,28.393166,225,1
atitlan,2026-02-12,682350.0,1616550.0,0.3545777,26.830854,225,1
atitlan,2026-02-12,682650.0,1616550.0,0.3657877,28.958897,225,1
atitlan,2026-02-12,682950.0,1616550.0,0.3836241,32.955627,225,1
atitlan,2026-02-12,683250.0,1616550.0,0.35882342,27.497238,225,1
atitlan,2026-02-12,683550.0,1616550.0,0.36284631,28.351896,225,1
atitlan,2026-02-12,683850.0,1616550.0,0.38001403,31.974781,225,1
atitlan,2026-02-12,684150.0,1616550.0,0.29561803,22.578205,225,1
atitlan,2026-02-12,684450.0,1616550.0,0.35796925,27.55649,225,1
atitlan,2026-02-12,684750.0,1616550.0,0.34001684,24.321138,225,1
atitlan,2026-02-12,685050.0,1616550.0,0.3312545,22.312769,225,1
atitlan,2026-02-12,685350.0,1616550.0,0.3394859,24.3117,225,1
atitlan,2026-02-12,685650.0,1616550.0,0.3052565,19.840755,225,1
atitlan,2026-02-12,685950.0,1616550.0,0.3204727,22.569994,225,1
atitlan,2026-02-12,686250.0,1616550.0,0.31489715,20.883621,225,1
atitlan,2026-02-12,686550.0,1616550.0,0.34867868,25.27864,225,1
atitlan,2026-02-12,686850.0,1616550.0,0.35293227,26.267138,225,1
atitlan,2026-02-12,687150.0,1616550.0,0.3015251,18.68799,225,1
atitlan,2026-02-12,687450.0,1616550.0,0.27498272,15.047243,225,1
atitlan,2026-02-12,687750.0,1616550.0,0.26260594,13.039461,225,1
atitlan,2026-02-12,688050.0,1616550.0,0.036688507,4.4697514,225,0
atitlan,2026-02-12,688350.0,1616550.0,-0.07027079,1.4736308,225,0
atitlan,2026-02-12,688650.0,1616550.0,0.0597685,5.4660225,225,0
atitlan,2026-02-12,688950.0,1616550.0,0.18127038,9.071575,225,0
atitlan,2026-02-12,689250.0,1616550.0,0.12692665,7.172793,225,0
atitlan,2026-02-12,689550.0,1616550.0,0.18376708,10.118029,225,0
atitlan,2026-02-12,689850.0,1616550.0,0.22518526,13.531188,225,1
atitlan,2026-02-12,690150.0,1616550.0,0.27287778,15.1841955,225,1
atitlan,2026-02-12,690450.0,1616550.0,0.25132018,13.3441105,225,1
atitlan,2026-02-12,690750.0,1616550.0,0.24946302,13.384114,225,1
atitlan,2026-02-12,691050.0,1616550.0,0.25002065,13.15742,225,1
atitlan,2026-02-12,691350.0,1616550.0,0.2653669,14.774753,225,1
atitlan,2026-02-12,691650.0,1616550.0,0.3109761,19.47559,225,1
atitlan,2026-02-12,691950.0,1616550.0,0.32461885,22.66836,225,1
atitlan,2026-02-12,692250.0,1616550.0,0.26854292,15.11343,225,1
atitlan,2026-02-12,692550.0,1616550.0,0.28021213,16.260563,225,1
atitlan,2026-02-12,692850.0,1616550.0,0.28563967,17.27103,225,1
atitlan,2026-02-12,693150.0,1616550.0,0.30840874,18.393885,225,1
atitlan,2026-02-12,693450.0,1616550.0,0.31484845,19.860613,225,1
atitlan,2026-02-12,693750.0,1616550.0,0.31108576,19.647785,225,1
atitlan,2026-02-12,694050.0,1616550.0,0.27483717,14.603996,225,1
atitlan,2026-02-12,694350.0,1616550.0,0.27344576,13.715473,225,1
atitlan,2026-02-12,694650.0,1616550.0,0.25177068,11.572222,225,0
atitlan,2026-02-12,694950.0,1616550.0,0.26581383,12.833659,225,1
atitlan,2026-02-12,695250.0,1616550.0,0.33414626,22.467306,225,1
atitlan,2026-02-12,695550.0,1616550.0,0.34676477,24.83706,225,1
atitlan,2026-02-12,695850.0,1616550.0,0.31961918,20.201582,225,1
atitlan,2026-02-12,696150.0,1616550.0,0.3177562,19.921513,225,1
atitlan,2026-02-12,696450.0,1616550.0,0.32668966,21.953701,225,1
atitlan,2026-02-12,696750.0,1616550.0,0.3462903,24.929598,225,1
atitlan,2026-02-12,697050.0,1616550.0,0.34711897,24.727303,225,1
atitlan,2026-02-12,697350.0,1616550.0,0.34561542,25.464476,225,1
atitlan,2026-02-12,697650.0,1616550.0,0.3385976,24.591183,225,1
atitlan,2026-02-12,697950.0,1616550.0,0.33733836,24.16331,225,1
atitlan,2026-02-12,698250.0,1616550.0,0.28947598,18.947826,225,1
atitlan,2026-02-12,698550.0,1616550.0,0.30103332,17.968527,225,1
atitlan,2026-02-12,698850.0,1616550.0,0.27184424,16.017076,225,1
atitlan,2026-02-12,699150.0,1616550.0,0.25354514,13.091099,225,1
atitlan,2026-02-12,699450.0,1616550.0,0.27158594,13.621172,225,1
atitlan,2026-02-12,699750.0,1616550.0,0.24601959,11.279664,225,0
atitlan,2026-02-12,700050.0,1616550.0,0.27379033,16.33352,225,1
atitlan,2026-02-12,700350.0,1616550.0,0.31929687,20.582357,225,1
atitlan,2026-02-12,700650.0,1616550.0,0.26402637,14.035158,225,1
atitlan,2026-02-12,700950.0,1616550.0,0.25654453,12.762921,225,1
atitlan,2026-02-12,701250.0,1616550.0,0.27797407,15.433552,225,1
atitlan,2026-02-12,701550.0,1616550.0,0.2724165,15.463812,225,1
atitlan,2026-02-12,701850.0,1616550.0,0.27465713,15.306386,225,1
atitlan,2026-02-12,702150.0,1616550.0,0.26797947,14.529843,225,1
atitlan,2026-02-12,702450.0,1616550.0,0.27089277,14.141784,225,1
atitlan,2026-02-12,702750.0,1616550.0,0.25891963,13.4118805,225,1
atitlan,2026-02-12,703050.0,1616550.0,0.22462794,9.794937,225,0
atitlan,2026-02-12,703350.0,1616550.0,0.22478558,10.041932,225,0
atitlan,2026-02-12,703650.0,1616550.0,0.26726082,14.874419,225,1
atitlan,2026-02-12,703950.0,1616550.0,0.25399384,14.143968,225,1
atitlan,2026-02-12,704250.0,1616550.0,0.29663292,17.450033,225,1
atitlan,2026-02-12,704550.0,1616550.0,0.29979667,17.859781,225,1
atitlan,2026-02-12,704850.0,1616550.0,0.30792734,18.694622,225,1
atitlan,2026-02-12,705150.0,1616550.0,0.2742275,14.506023,225,1
atitlan,2026-02-12,705450.0,1616550.0,0.26186153,13.144783,225,1
atitlan,2026-02-12,705750.0,1616550.0,0.26091453,14.3655205,225,1
atitlan,2026-02-12,706050.0,1616550.0,0.28796992,17.341974,225,1
atitlan,2026-02-12,706350.0,1616550.0,0.27931932,16.670456,225,1
atitlan,2026-02-12,706650.0,1616550.0,0.28559905,16.508518,225,1
atitlan,2026-02-12,706950.0,1616550.0,0.28487346,17.669453,225,1
atitlan,2026-02-12,707250.0,1616550.0,0.31607348,20.81434,225,1
atitlan,2026-02-12,707550.0,1616550.0,0.29118982,16.456049,225,1
atitlan,2026-02-12,707850.0,1616550.0,0.29905108,17.368376,45,1
atitlan,2026-02-12,680250.0,1616850.0,0.3733416,31.306442,180,1
atitlan,2026-02-12,680550.0,1616850.0,0.3766459,32.97669,225,1
atitlan,2026-02-12,680850.0,1616850.0,0.36039692,28.138496,225,1
atitlan,2026-02-12,681150.0,1616850.0,0.34704998,24.713884,225,1
atitlan,2026-02-12,681450.0,1616850.0,0.34344897,24.396204,225,1
atitlan,2026-02-12,681750.0,1616850.0,0.3465173,24.94183,225,1
atitlan,2026-02-12,682050.0,1616850.0,0.37393183,31.53376,225,1
atitlan,2026-02-12,682350.0,1616850.0,0.35922995,27.830135,225,1
atitlan,2026-02-12,682650.0,1616850.0,0.37279046,30.357864,225,1
atitlan,2026-02-12,682950.0,1616850.0,0.37388617,30.623053,225,1
atitlan,2026-02-12,683250.0,1616850.0,0.36462903,28.408146,225,1
atitlan,2026-02-12,683550.0,1616850.0,0.36346072,28.063023,225,1
atitlan,2026-02-12,683850.0,1616850.0,0.3806138,32.51387,225,1
atitlan,2026-02-12,684150.0,1616850.0,0.33477435,25.461126,225,1
atitlan,2026-02-12,684450.0,1616850.0,0.33463287,23.753939,225,1
atitlan,2026-02-12,684750.0,1616850.0,0.3501182,26.859217,225,1
atitlan,2026-02-12,685050.0,1616850.0,0.3005811,17.850737,225,1
atitlan,2026-02-12,685350.0,1616850.0,0.32605696,22.193647,225,1
atitlan,2026-02-12,685650.0,1616850.0,0.2727153,15.445738,225,1
atitlan,2026-02-12,685950.0,1616850.0,0.2781826,16.043938,225,1
atitlan,2026-02-12,686250.0,1616850.0,0.2639115,13.66478,225,1
atitlan,2026-02-12,686550.0,1616850.0,0.25966206,13.103813,225,1
atitlan,2026-02-12,686850.0,1616850.0,0.27229404,14.702158,225,1
atitlan,2026-02-12,687150.0,1616850.0,0.2742698,14.169594,225,1
atitlan,2026-02-12,687450.0,1616850.0,0.23364078,10.930461,225,0
atitlan,2026-02-12,687750.0,1616850.0,0.24443445,12.59688,225,1
atitlan,2026-02-12,688050.0,1616850.0,0.074084066,6.194098,225,0
atitlan,2026-02-12,688350.0,1616850.0,-0.07838994,1.0789028,225,0
atitlan,2026-02-12,688650.0,1616850.0,-0.07581559,1.2204645,225,0
atitlan,2026-02-12,688950.0,1616850.0,0.067405105,5.57641,225,0
atitlan,2026-02-12,689250.0,1616850.0,0.15583572,7.8505783,225,0
atitlan,2026-02-12,689550.0,1616850.0,0.20109804,10.8193445,225,0
atitlan,2026-02-12,689850.0,1616850.0,0.1789429,11.2439995,225,0
atitlan,2026-02-12,690150.0,1616850.0,0.15112291,8.441869,225,0
atitlan,2026-02-12,690450.0,1616850.0,0.11558024,6.7248135,225,0
atitlan,2026-02-12,690750.0,1616850.0,0.2660331,14.61069,225,1
atitlan,2026-02-12,691050.0,1616850.0,0.26416695,14.370322,225,1
atitlan,2026-02-12,691350.0,1616850.0,0.30674028,19.068026,225,1
atitlan,2026-02-12,691650.0,1616850.0,0.30834922,19.42425,225,1
atitlan,2026-02-12,691950.0,1616850.0,0.30341217,19.431086,225,1
atitlan,2026-02-12,692250.0,1616850.0,0.28813156,16.69136,225,1
atitlan,2026-02-12,692550.0,1616850.0,0.29514834,17.157478,225,1
atitlan,2026-02-12,692850.0,1616850.0,0.29221296,15.80801,225,1
atitlan,2026-02-12,693150.0,1616850.0,0.3025472,17.033634,225,1
atitlan,2026-02-12,693450.0,1616850.0,0.31039873,18.334536,225,1
atitlan,2026-02-12,693750.0,1616850.0,0.30347344,17.642788,225,1
atitlan,2026-02-12,694050.0,1616850.0,0.29775554,16.73206,225,1
atitlan,2026-02-12,694350.0,1616850.0,0.2823078,15.34702,225,1
atitlan,2026-02-12,694650.0,1616850.0,0.26528755,13.345859,225,1
atitlan,2026-02-12,694950.0,1616850.0,0.3092338,19.156797,225,1
atitlan,2026-02-12,695250.0,1616850.0,0.33990857,23.887945,225,1
atitlan,2026-02-12,695550.0,1616850.0,0.34915128,26.16733,225,1
atitlan,2026-02-12,695850.0,1616850.0,0.33547154,22.29673,225,1
atitlan,2026-02-12,696150.0,1616850.0,0.337521,22.944822,225,1
atitlan,2026-02-12,696450.0,1616850.0,0.33368075,22.122404,225,1
atitlan,2026-02-12,696750.0,1616850.0,0.33400625,22.228292,225,1
atitlan,2026-02-12,697050.0,1616850.0,0.33531764,22.702877,225,1
atitlan,2026-02-12,697350.0,1616850.0,0.3207553,20.588675,225,1
atitlan,2026-02-12,697650.0,1616850.0,0.33262753,23.428383,225,1
atitlan,2026-02-12,697950.0,1616850.0,0.3164958,20.181152,225,1
atitlan,2026-02-12,698250.0,1616850.0,0.310178,19.160576,225,1
atitlan,2026-02-12,698550.0,1616850.0,0.25528303,13.217491,225,1
atitlan,2026-02-12,698850.0,1616850.0,0.26198542,15.11301,225,1
atitlan,2026-02-12,699150.0,1616850.0,0.26892596,15.099602,225,1
atitlan,2026-02-12,699450.0,1616850.0,0.23181063,12.253259,225,1
atitlan,2026-02-12,699750.0,1616850.0,0.26342303,13.539609,225,1
atitlan,2026-02-12,700050.0,1616850.0,0.29903764,18.397062,225,1
atitlan,2026-02-12,700350.0,1616850.0,0.33951643,24.653915,225,1
atitlan,2026-02-12,700650.0,1616850.0,0.2806713,15.675501,225,1
atitlan,2026-02-12,700950.0,1616850.0,0.24485835,11.74312,225,0
atitlan,2026-02-12,701250.0,1616850.0,0.22566703,10.412637,225,0
atitlan,2026-02-12,701550.0,1616850.0,0.24485202,12.259056,225,1
atitlan,2026-02-12,701850.0,1616850.0,0.26889905,15.155595,225,1
atitlan,2026-02-12,702150.0,1616850.0,0.24836089,12.996134,225,1
atitlan,2026-02-12,702450.0,1616850.0,0.24462055,12.170747,225,1
atitlan,2026-02-12,702750.0,1616850.0,0.27830103,15.262025,225,1
atitlan,2026-02-12,703050.0,1616850.0,0.23217937,11.039648,225,0
atitlan,2026-02-12,703350.0,1616850.0,0.17232694,6.98296,225,0
atitlan,2026-02-12,703650.0,1616850.0,0.21544491,10.096804,225,0
atitlan,2026-02-12,703950.0,1616850.0,0.27314863,15.829644,225,1
atitlan,2026-02-12,704250.0,1616850.0,0.24216625,12.704083,225,1
atitlan,2026-02-12,704550.0,1616850.0,0.28732273,17.087378,225,1
atitlan,2026-02-12,704850.0,1616850.0,0.31080186,20.254963,225,1
atitlan,2026-02-12,705150.0,1616850.0,0.29823703,19.032572,225,1
atitlan,2026-02-12,705450.0,1616850.0,0.2526045,13.026037,225,1
atitlan,2026-02-12,705750.0,1616850.0,0.23322181,10.897775,225,0
atitlan,2026-02-12,706050.0,1616850.0,0.23804437,10.744526,225,0
atitlan,2026-02-12,706350.0,1616850.0,0.2973911,17.327438,225,1
atitlan,2026-02-12,706650.0,1616850.0,0.31636727,20.4988,225,1
atitlan,2026-02-12,706950.0,1616850.0,0.32880935,23.90984,225,1
atitlan,2026-02-12,707250.0,1616850.0,0.24781278,13.706186,225,1
atitlan,2026-02-12,707550.0,1616850.0,0.2775496,14.9867935,225,1
atitlan,2026-02-12,707850.0,1616850.0,0.31231925,18.95309,45,1
atitlan,2026-02-12,680250.0,1617150.0,0.37777722,31.556288,180,1
atitlan,2026-02-12,680550.0,1617150.0,0.36595076,29.27547,225,1
atitlan,2026-02-12,680850.0,1617150.0,0.33412638,22.353819,225,1
atitlan,2026-02-12,681150.0,1617150.0,0.3418829,23.604277,225,1
atitlan,2026-02-12,681450.0,1617150.0,0.34491724,24.287807,225,1
atitlan,2026-02-12,681750.0,1617150.0,0.33450168,22.495989,225,1
atitlan,2026-02-12,682050.0,1617150.0,0.35137492,25.835302,225,1
atitlan,2026-02-12,682350.0,1617150.0,0.36814478,30.371742,225,1
atitlan,2026-02-12,682650.0,1617150.0,0.3990958,37.01021,225,1
atitlan,2026-02-12,682950.0,1617150.0,0.36668688,29.260569,225,1
atitlan,2026-02-12,683250.0,1617150.0,0.37259418,30.421581,225,1
atitlan,2026-02-12,683550.0,1617150.0,0.37092918,30.206171,225,1
atitlan,2026-02-12,683850.0,1617150.0,0.36551183,29.206696,225,1
atitlan,2026-02-12,684150.0,1617150.0,0.35448724,28.449394,225,1
atitlan,2026-02-12,684450.0,1617150.0,0.29228503,19.23829,225,1
atitlan,2026-02-12,684750.0,1617150.0,0.38004953,31.908735,225,1
atitlan,2026-02-12,685050.0,1617150.0,0.34138367,24.180466,225,1
atitlan,2026-02-12,685350.0,1617150.0,0.31489962,21.179678,225,1
atitlan,2026-02-12,685650.0,1617150.0,0.26200202,13.661266,225,1
atitlan,2026-02-12,685950.0,1617150.0,0.27950653,15.719977,225,1
atitlan,2026-02-12,686250.0,1617150.0,0.2576409,12.978235,225,1
atitlan,2026-02-12,686550.0,1617150.0,0.26591507,13.105452,225,1
atitlan,2026-02-12,686850.0,1617150.0,0.25615776,12.05169,225,1
atitlan,2026-02-12,687150.0,1617150.0,0.25660297,12.37189,225,1
atitlan,2026-02-12,687450.0,1617150.0,0.24168967,12.39806,225,1
atitlan,2026-02-12,687750.0,1617150.0,0.27597362,15.037747,225,1
atitlan,2026-02-12,688050.0,1617150.0,0.10308193,7.85579,225,0
atitlan,2026-02-12,688350.0,1617150.0,-0.07886731,1.054214,225,0
atitlan,2026-02-12,688650.0,1617150.0,-0.08081814,0.9367788,225,0
atitlan,2026-02-12,688950.0,1617150.0,-0.07904368,1.0185432,225,0
atitlan,2026-02-12,689250.0,1617150.0,0.08075474,5.380182,225,0
atitlan,2026-02-12,689550.0,1617150.0,0.1725134,8.787567,225,0
atitlan,2026-02-12,689850.0,1617150.0,0.13240898,7.2330112,225,0
atitlan,2026-02-12,690150.0,1617150.0,0.1449347,8.925487,225,0
atitlan,2026-02-12,690450.0,1617150.0,0.13491952,6.4983277,225,0
atitlan,2026-02-12,690750.0,1617150.0,0.23163797,12.914765,225,1
atitlan,2026-02-12,691050.0,1617150.0,0.3039004,17.866945,225,1
atitlan,2026-02-12,691350.0,1617150.0,0.27631825,17.27441,225,1
atitlan,2026-02-12,691650.0,1617150.0,0.31987154,20.86472,225,1
atitlan,2026-02-12,691950.0,1617150.0,0.3107759,19.603003,225,1
atitlan,2026-02-12,692250.0,1617150.0,0.2977627,17.20178,225,1
atitlan,2026-02-12,692550.0,1617150.0,0.28184947,15.654834,225,1
atitlan,2026-02-12,692850.0,1617150.0,0.26791993,14.428916,225,1
atitlan,2026-02-12,693150.0,1617150.0,0.28228235,14.54593,225,1
atitlan,2026-02-12,693450.0,1617150.0,0.27554005,13.848669,225,1
atitlan,2026-02-12,693750.0,1617150.0,0.27654886,14.313273,225,1
atitlan,2026-02-12,694050.0,1617150.0,0.2795477,14.666543,225,1
atitlan,2026-02-12,694350.0,1617150.0,0.29199418,16.118622,225,1
atitlan,2026-02-12,694650.0,1617150.0,0.2864995,15.86253,225,1
atitlan,2026-02-12,694950.0,1617150.0,0.28502148,15.579434,225,1
atitlan,2026-02-12,695250.0,1617150.0,0.27269834,15.930909,225,1
atitlan,2026-02-12,695550.0,1617150.0,0.31231105,20.50397,225,1
atitlan,2026-02-12,695850.0,1617150.0,0.32614774,20.713642,225,1
atitlan,2026-02-12,696150.0,1617150.0,0.32797208,21.174364,225,1
atitlan,2026-02-12,696450.0,1617150.0,0.3160659,20.366587,225,1
atitlan,2026-02-12,696750.0,1617150.0,0.32988805,21.541948,225,1
atitlan,2026-02-12,697050.0,1617150.0,0.30730054,19.385977,225,1
atitlan,2026-02-12,697350.0,1617150.0,0.2962178,18.133533,225,1
atitlan,2026-02-12,697650.0,1617150.0,0.3181228,22.051243,225,1
atitlan,2026-02-12,697950.0,1617150.0,0.3079473,19.199736,225,1
atitlan,2026-02-12,698250.0,1617150.0,0.29841813,17.308077,225,1
atitlan,2026-02-12,698550.0,1617150.0,0.23634829,13.277062,225,1
atitlan,2026-02-12,698850.0,1617150.0,0.18670508,9.538895,225,0
atitlan,2026-02-12,699150.0,1617150.0,0.24532461,13.446888,225,1
atitlan,2026-02-12,699450.0,1617150.0,0.21869199,13.814771,225,1
atitlan,2026-02-12,699750.0,1617150.0,0.21614833,12.277382,225,1
atitlan,2026-02-12,700050.0,1617150.0,0.2782828,16.063313,225,1
atitlan,2026-02-12,700350.0,1617150.0,0.3082295,19.831038,225,1
atitlan,2026-02-12,700650.0,1617150.0,0.31879163,21.164688,225,1
atitlan,2026-02-12,700950.0,1617150.0,0.26243618,14.339355,225,1
atitlan,2026-02-12,701250.0,1617150.0,0.2707062,15.483786,225,1
atitlan,2026-02-12,701550.0,1617150.0,0.2153282,9.664032,225,0
atitlan,2026-02-12,701850.0,1617150.0,0.32237688,21.796326,225,1
atitlan,2026-02-12,702150.0,1617150.0,0.3193146,20.97485,225,1
atitlan,2026-02-12,702450.0,1617150.0,0.28355083,15.457998,225,1
atitlan,2026-02-12,702750.0,1617150.0,0.25759286,12.264489,225,1
atitlan,2026-02-12,703050.0,1617150.0,0.2571103,12.449904,225,1
atitlan,2026-02-12,703350.0,1617150.0,0.20667653,9.280564,225,0
atitlan,2026-02-12,703650.0,1617150.0,0.20134479,9.701694,225,0
atitlan,2026-02-12,703950.0,1617150.0,0.2738498,14.320454,225,1
atitlan,2026-02-12,704250.0,1617150.0,0.22621445,10.754022,225,0
atitlan,2026-02-12,704550.0,1617150.0,0.26310226,14.97238,225,1
atitlan,2026-02-12,704850.0,1617150.0,0.27618074,16.756304,225,1
atitlan,2026-02-12,705150.0,1617150.0,0.28942603,18.742853,225,1
atitlan,2026-02-12,705450.0,1617150.0,0.30458724,18.86271,225,1
atitlan,2026-02-12,705750.0,1617150.0,0.21012267,10.796802,225,0
atitlan,2026-02-12,706050.0,1617150.0,0.23223647,11.2358465,225,0
atitlan,2026-02-12,706350.0,1617150.0,0.24387547,12.36746,225,1
atitlan,2026-02-12,706650.0,1617150.0,0.26750532,14.669428,225,1
atitlan,2026-02-12,706950.0,1617150.0,0.32755113,22.70254,225,1
atitlan,2026-02-12,707250.0,1617150.0,0.3095308,20.285461,225,1
atitlan,2026-02-12,707550.0,1617150.0,0.2350202,13.742198,225,1
atitlan,2026-02-12,707850.0,1617150.0,0.27926704,18.888021,45,1
atitlan,2026-02-12,680250.0,1617450.0,0.35324892,26.104704,180,1
atitlan,2026-02-12,680550.0,1617450.0,0.34028414,23.524614,225,1
atitlan,2026-02-12,680850.0,1617450.0,0.27377686,16.046839,225,1
atitlan,2026-02-12,681150.0,1617450.0,0.22590257,12.921332,225,1
atitlan,2026-02-12,681450.0,1617450.0,0.29409167,18.266224,225,1
atitlan,2026-02-12,681750.0,1617450.0,0.26955456,16.506031,225,1
atitlan,2026-02-12,682050.0,1617450.0,0.30380535,20.973713,225,1
atitlan,2026-02-12,682350.0,1617450.0,0.36563236,29.056087,225,1
atitlan,2026-02-12,682650.0,1617450.0,0.41043112,40.038326,225,1
atitlan,2026-02-12,682950.0,1617450.0,0.36999282,30.546385,225,1
atitlan,2026-02-12,683250.0,1617450.0,0.38309875,32.60086,225,1
atitlan,2026-02-12,683550.0,1617450.0,0.3691778,29.373436,225,1
atitlan,2026-02-12,683850.0,1617450.0,0.36276534,28.047762,225,1
atitlan,2026-02-12,684150.0,1617450.0,0.36455137,28.763899,225,1
atitlan,2026-02-12,684450.0,1617450.0,0.3052662,18.77429,225,1
atitlan,2026-02-12,684750.0,1617450.0,0.35813588,27.01003,225,1
atitlan,2026-02-12,685050.0,1617450.0,0.32884887,21.969063,225,1
atitlan,2026-02-12,685350.0,1617450.0,0.3171662,21.08791,225,1
atitlan,2026-02-12,685650.0,1617450.0,0.32440856,23.53406,225,1
atitlan,2026-02-12,685950.0,1617450.0,0.31571206,20.065016,225,1
atitlan,2026-02-12,686250.0,1617450.0,0.27830222,15.939871,225,1
atitlan,2026-02-12,686550.0,1617450.0,0.25491402,12.572643,225,1
atitlan,2026-02-12,686850.0,1617450.0,0.25325322,12.5746975,225,1
atitlan,2026-02-12,687150.0,1617450.0,0.25821993,13.364137,225,1
atitlan,2026-02-12,687450.0,1617450.0,0.22600226,11.787913,225,0
atitlan,2026-02-12,687750.0,1617450.0,0.23276937,13.748607,225,1
atitlan,2026-02-12,688050.0,1617450.0,0.05431615,5.533521,225,0
atitlan,2026-02-12,688350.0,1617450.0,-0.07892634,1.0415872,225,0
atitlan,2026-02-12,688650.0,1617450.0,-0.08289036,0.8140648,225,0
atitlan,2026-02-12,688950.0,1617450.0,-0.08230275,0.85321075,225,0
atitlan,2026-02-12,689250.0,1617450.0,-0.052408516,1.9324902,225,0
atitlan,2026-02-12,689550.0,1617450.0,0.118438125,6.3080254,225,0
atitlan,2026-02-12,689850.0,1617450.0,0.18818906,8.976165,225,0
atitlan,2026-02-12,690150.0,1617450.0,0.19014405,10.124605,225,0
atitlan,2026-02-12,690450.0,1617450.0,0.14734344,7.633493,225,0
atitlan,2026-02-12,690750.0,1617450.0,0.27458113,14.961128,225,1
atitlan,2026-02-12,691050.0,1617450.0,0.29523224,17.026068,225,1
atitlan,2026-02-12,691350.0,1617450.0,0.29523316,17.241283,225,1
atitlan,2026-02-12,691650.0,1617450.0,0.26267183,15.850883,225,1
atitlan,2026-02-12,691950.0,1617450.0,0.2744116,16.093397,225,1
atitlan,2026-02-12,692250.0,1617450.0,0.21483307,11.951323,225,0
atitlan,2026-02-12,692550.0,1617450.0,0.20002994,11.078156,225,0
atitlan,2026-02-12,692850.0,1617450.0,0.23745055,11.998529,225,0
atitlan,2026-02-12,693150.0,1617450.0,0.24377604,12.771747,225,1
atitlan,2026-02-12,693450.0,1617450.0,0.26997086,13.636157,225,1
atitlan,2026-02-12,693750.0,1617450.0,0.24849114,11.653976,225,0
atitlan,2026-02-12,694050.0,1617450.0,0.26534438,13.66317,225,1
atitlan,2026-02-12,694350.0,1617450.0,0.25708959,12.874521,225,1
atitlan,2026-02-12,694650.0,1617450.0,0.26556522,13.302728,225,1
atitlan,2026-02-12,694950.0,1617450.0,0.26186606,12.520903,225,1
atitlan,2026-02-12,695250.0,1617450.0,0.26397067,12.831816,225,1
atitlan,2026-02-12,695550.0,1617450.0,0.3260229,20.943024,225,1
atitlan,2026-02-12,695850.0,1617450.0,0.32243347,20.401396,225,1
atitlan,2026-02-12,696150.0,1617450.0,0.3327692,22.2119,225,1
atitlan,2026-02-12,696450.0,1617450.0,0.3070117,20.528742,225,1
atitlan,2026-02-12,696750.0,1617450.0,0.21854576,13.013047,225,1
atitlan,2026-02-12,697050.0,1617450.0,0.19070083,10.429465,225,0
atitlan,2026-02-12,697350.0,1617450.0,0.31748798,20.956732,225,1
atitlan,2026-02-12,697650.0,1617450.0,0.31570148,20.508312,225,1
atitlan,2026-02-12,697950.0,1617450.0,0.3019287,19.332277,225,1
atitlan,2026-02-12,698250.0,1617450.0,0.29198402,16.97029,225,1
atitlan,2026-02-12,698550.0,1617450.0,0.26475796,15.055205,225,1
atitlan,2026-02-12,698850.0,1617450.0,0.2751947,15.878549,225,1
atitlan,2026-02-12,699150.0,1617450.0,0.24651387,13.503111,225,1
atitlan,2026-02-12,699450.0,1617450.0,0.18423107,9.807754,225,0
atitlan,2026-02-12,699750.0,1617450.0,0.12942323,7.3703647,225,0
atitlan,2026-02-12,700050.0,1617450.0,0.26975444,16.680548,225,1
atitlan,2026-02-12,700350.0,1617450.0,0.30591577,19.742142,225,1
atitlan,2026-02-12,700650.0,1617450.0,0.26804084,16.354372,225,1
atitlan,2026-02-12,700950.0,1617450.0,0.28733188,17.932226,225,1
atitlan,2026-02-12,701250.0,1617450.0,0.2729682,16.538109,225,1
atitlan,2026-02-12,701550.0,1617450.0,0.2674522,15.745266,225,1
atitlan,2026-02-12,701850.0,1617450.0,0.3109315,19.077663,225,1
atitlan,2026-02-12,702150.0,1617450.0,0.329027,22.462587,225,1
atitlan,2026-02-12,702450.0,1617450.0,0.2735119,14.181939,225,1
atitlan,2026-02-12,702750.0,1617450.0,0.2352061,10.751021,225,0
atitlan,2026-02-12,703050.0,1617450.0,0.2605282,12.789359,225,1
atitlan,2026-02-12,703350.0,1617450.0,0.23676722,11.5793085,225,0
atitlan,2026-02-12,703650.0,1617450.0,0.25919002,14.077559,225,1
atitlan,2026-02-12,703950.0,1617450.0,0.24743927,12.039844,225,1
atitlan,2026-02-12,704250.0,1617450.0,0.2316111,11.099856,225,0
atitlan,2026-02-12,704550.0,1617450.0,0.2700971,16.451174,225,1
atitlan,2026-02-12,704850.0,1617450.0,0.3005666,18.6391,225,1
atitlan,2026-02-12,705150.0,1617450.0,0.30135006,18.693684,225,1
atitlan,2026-02-12,705450.0,1617450.0,0.31496006,22.032257,225,1
atitlan,2026-02-12,705750.0,1617450.0,0.30186045,19.811092,225,1
atitlan,2026-02-12,706050.0,1617450.0,0.27383375,14.554191,225,1
atitlan,2026-02-12,706350.0,1617450.0,0.23549512,11.79155,225,0
atitlan,2026-02-12,706650.0,1617450.0,0.19496208,8.383999,225,0
atitlan,2026-02-12,706950.0,1617450.0,0.2651509,14.366469,225,1
atitlan,2026-02-12,707250.0,1617450.0,0.27003792,14.918654,225,1
atitlan,2026-02-12,707550.0,1617450.0,0.28716317,16.229643,225,1
atitlan,2026-02-12,707850.0,1617450.0,0.32131582,20.43656,45,1
atitlan,2026-02-12,680250.0,1617750.0,0.3145661,19.188047,180,1
atitlan,2026-02-12,680550.0,1617750.0,0.31041595,19.520294,225,1
atitlan,2026-02-12,680850.0,1617750.0,0.2117735,11.891202,225,0
atitlan,2026-02-12,681150.0,1617750.0,0.15976834,8.403333,225,0
atitlan,2026-02-12,681450.0,1617750.0,0.20873703,10.734983,225,0
atitlan,2026-02-12,681750.0,1617750.0,0.21159011,9.745425,225,0
atitlan,2026-02-12,682050.0,1617750.0,0.2079729,9.875482,225,0
atitlan,2026-02-12,682350.0,1617750.0,0.37618205,33.278435,225,1
atitlan,2026-02-12,682650.0,1617750.0,0.40097666,37.831657,225,1
atitlan,2026-02-12,682950.0,1617750.0,0.35925606,27.521132,225,1
atitlan,2026-02-12,683250.0,1617750.0,0.37253985,30.06366,225,1
atitlan,2026-02-12,683550.0,1617750.0,0.37464604,30.993555,225,1
atitlan,2026-02-12,683850.0,1617750.0,0.37485406,30.860472,225,1
atitlan,2026-02-12,684150.0,1617750.0,0.3788853,32.512524,225,1
atitlan,2026-02-12,684450.0,1617750.0,0.35756359,28.09696,225,1
atitlan,2026-02-12,684750.0,1617750.0,0.31667173,20.148462,225,1
atitlan,2026-02-12,685050.0,1617750.0,0.31036028,19.848995,225,1
atitlan,2026-02-12,685350.0,1617750.0,0.33949628,24.437597,225,1
atitlan,2026-02-12,685650.0,1617750.0,0.32860255,24.361216,225,1
atitlan,2026-02-12,685950.0,1617750.0,0.29783472,18.040203,225,1
atitlan,2026-02-12,686250.0,1617750.0,0.29142776,16.952522,225,1
atitlan,2026-02-12,686550.0,1617750.0,0.25292712,13.039613,225,1
atitlan,2026-02-12,686850.0,1617750.0,0.25042984,12.951172,225,1
atitlan,2026-02-12,687150.0,1617750.0,0.27152663,14.646238,225,1
atitlan,2026-02-12,687450.0,1617750.0,0.1694922,8.806052,225,0
atitlan,2026-02-12,687750.0,1617750.0,0.15248498,8.188062,225,0
atitlan,2026-02-12,688050.0,1617750.0,-0.002036491,3.3404572,225,0
atitlan,2026-02-12,688350.0,1617750.0,-0.07323614,1.375523,225,0
atitlan,2026-02-12,688650.0,1617750.0,-0.07833261,1.079731,225,0
atitlan,2026-02-12,688950.0,1617750.0,-0.07839962,1.0783131,225,0
atitlan,2026-02-12,689250.0,1617750.0,-0.07662089,1.1890537,225,0
atitlan,2026-02-12,689550.0,1617750.0,-0.013879812,3.2328,225,0
atitlan,2026-02-12,689850.0,1617750.0,0.14802353,7.529604,225,0
atitlan,2026-02-12,690150.0,1617750.0,0.19941464,9.360368,225,0
atitlan,2026-02-12,690450.0,1617750.0,0.117580086,7.669977,225,0
atitlan,2026-02-12,690750.0,1617750.0,0.19205298,10.747679,225,0
atitlan,2026-02-12,691050.0,1617750.0,0.2604734,14.388535,225,1
atitlan,2026-02-12,691350.0,1617750.0,0.2834034,15.772332,225,1
atitlan,2026-02-12,691650.0,1617750.0,0.27294442,16.965172,225,1
atitlan,2026-02-12,691950.0,1617750.0,0.28618556,17.70768,225,1
atitlan,2026-02-12,692250.0,1617750.0,0.20896849,11.706707,225,0
atitlan,2026-02-12,692550.0,1617750.0,0.15290357,9.130004,225,0
atitlan,2026-02-12,692850.0,1617750.0,0.21535386,11.558623,225,0
atitlan,2026-02-12,693150.0,1617750.0,0.22184065,10.103085,225,0
atitlan,2026-02-12,693450.0,1617750.0,0.2613573,13.031862,225,1
atitlan,2026-02-12,693750.0,1617750.0,0.27106717,13.414874,225,1
atitlan,2026-02-12,694050.0,1617750.0,0.26720595,13.157937,225,1
atitlan,2026-02-12,694350.0,1617750.0,0.26379266,13.975881,225,1
atitlan,2026-02-12,694650.0,1617750.0,0.2768817,14.9373865,225,1
atitlan,2026-02-12,694950.0,1617750.0,0.28122547,14.822725,225,1
atitlan,2026-02-12,695250.0,1617750.0,0.28484818,15.045408,225,1
atitlan,2026-02-12,695550.0,1617750.0,0.32192358,20.292366,225,1
atitlan,2026-02-12,695850.0,1617750.0,0.34429216,24.333933,225,1
atitlan,2026-02-12,696150.0,1617750.0,0.34381962,24.711689,225,1
atitlan,2026-02-12,696450.0,1617750.0,0.32748243,21.261036,225,1
atitlan,2026-02-12,696750.0,1617750.0,0.29653093,17.530096,225,1
atitlan,2026-02-12,697050.0,1617750.0,0.29673433,18.636635,225,1
atitlan,2026-02-12,697350.0,1617750.0,0.32129857,21.587875,225,1
atitlan,2026-02-12,697650.0,1617750.0,0.3017592,18.996843,225,1
atitlan,2026-02-12,697950.0,1617750.0,0.30207515,19.50673,225,1
atitlan,2026-02-12,698250.0,1617750.0,0.32645813,21.686747,225,1
atitlan,2026-02-12,698550.0,1617750.0,0.31398374,19.505766,225,1
atitlan,2026-02-12,698850.0,1617750.0,0.29866305,18.666866,225,1
atitlan,2026-02-12,699150.0,1617750.0,0.15672313,9.7347145,225,0
atitlan,2026-02-12,699450.0,1617750.0,0.17766824,9.167203,225,0
atitlan,2026-02-12,699750.0,1617750.0,0.117285535,6.9592247,225,0
atitlan,2026-02-12,700050.0,1617750.0,0.14645861,7.213112,225,0
atitlan,2026-02-12,700350.0,1617750.0,0.28598648,17.736324,225,1
atitlan,2026-02-12,700650.0,1617750.0,0.33743244,24.337967,225,1
atitlan,2026-02-12,700950.0,1617750.0,0.29732138,18.790096,225,1
atitlan,2026-02-12,701250.0,1617750.0,0.23476154,13.385098,225,1
atitlan,2026-02-12,701550.0,1617750.0,0.2813597,15.317069,225,1
atitlan,2026-02-12,701850.0,1617750.0,0.28363302,15.493564,225,1
atitlan,2026-02-12,702150.0,1617750.0,0.27776223,15.396687,225,1
atitlan,2026-02-12,702450.0,1617750.0,0.25495982,12.713916,225,1
atitlan,2026-02-12,702750.0,1617750.0,0.25267187,12.889431,225,1
atitlan,2026-02-12,703050.0,1617750.0,0.23957703,10.566535,225,0
atitlan,2026-02-12,703350.0,1617750.0,0.22970328,10.415582,225,0
atitlan,2026-02-12,703650.0,1617750.0,0.21048227,9.690926,225,0
atitlan,2026-02-12,703950.0,1617750.0,0.20448205,10.012112,225,0
atitlan,2026-02-12,704250.0,1617750.0,0.23482294,12.073452,225,1
atitlan,2026-02-12,704550.0,1617750.0,0.22998676,11.272319,225,0
atitlan,2026-02-12,704850.0,1617750.0,0.31969568,21.523746,225,1
atitlan,2026-02-12,705150.0,1617750.0,0.3116866,19.886889,225,1
atitlan,2026-02-12,705450.0,1617750.0,0.2630362,14.131471,225,1
atitlan,2026-02-12,705750.0,1617750.0,0.2985069,20.221949,225,1
atitlan,2026-02-12,706050.0,1617750.0,0.29607105,17.840534,225,1
atitlan,2026-02-12,706350.0,1617750.0,0.28435317,16.036942,225,1
atitlan,2026-02-12,706650.0,1617750.0,0.21306996,9.764418,225,0
atitlan,2026-02-12,706950.0,1617750.0,0.24267559,11.877612,225,0
atitlan,2026-02-12,707250.0,1617750.0,0.2538643,13.304055,225,1
atitlan,2026-02-12,707550.0,1617750.0,0.27033943,14.258557,225,1
atitlan,2026-02-12,707850.0,1617750.0,0.35262784,26.185314,45,1
atitlan,2026-02-12,680250.0,1618050.0,0.29186285,17.079897,180,1
atitlan,2026-02-12,680550.0,1618050.0,0.33612537,23.376186,225,1
atitlan,2026-02-12,680850.0,1618050.0,0.3327166,24.053,225,1
atitlan,2026-02-12,681150.0,1618050.0,0.29853755,18.988035,225,1
atitlan,2026-02-12,681450.0,1618050.0,0.2740125,17.436502,225,1
atitlan,2026-02-12,681750.0,1618050.0,0.30262035,19.140282,225,1
atitlan,2026-02-12,682050.0,1618050.0,0.2841847,16.8321,225,1
atitlan,2026-02-12,682350.0,1618050.0,0.29045254,17.79079,225,1
atitlan,2026-02-12,682650.0,1618050.0,0.3627846,28.18103,225,1
atitlan,2026-02-12,682950.0,1618050.0,0.3616853,27.750837,225,1
atitlan,2026-02-12,683250.0,1618050.0,0.37264326,30.727245,225,1
atitlan,2026-02-12,683550.0,1618050.0,0.37763876,31.868662,225,1
atitlan,2026-02-12,683850.0,1618050.0,0.39850265,36.509617,225,1
atitlan,2026-02-12,684150.0,1618050.0,0.3612872,28.54791,225,1
atitlan,2026-02-12,684450.0,1618050.0,0.30484816,19.291224,225,1
atitlan,2026-02-12,684750.0,1618050.0,0.2859024,17.134314,225,1
atitlan,2026-02-12,685050.0,1618050.0,0.30601856,19.373068,225,1
atitlan,2026-02-12,685350.0,1618050.0,0.3137355,20.547945,225,1
atitlan,2026-02-12,685650.0,1618050.0,0.29425326,18.105753,225,1
atitlan,2026-02-12,685950.0,1618050.0,0.3140153,20.139936,225,1
atitlan,2026-02-12,686250.0,1618050.0,0.28403723,16.627287,225,1
atitlan,2026-02-12,686550.0,1618050.0,0.2709156,15.159228,225,1
atitlan,2026-02-12,686850.0,1618050.0,0.28115997,15.806099,225,1
atitlan,2026-02-12,687150.0,1618050.0,0.27933952,16.72936,225,1
atitlan,2026-02-12,687450.0,1618050.0,0.24224575,13.242007,225,1
atitlan,2026-02-12,687750.0,1618050.0,0.19321124,9.030044,225,0
atitlan,2026-02-12,688050.0,1618050.0,0.18494324,9.784843,225,0
atitlan,2026-02-12,688350.0,1618050.0,0.030895084,5.730021,225,0
atitlan,2026-02-12,688650.0,1618050.0,-0.076869085,1.1737589,225,0
atitlan,2026-02-12,688950.0,1618050.0,-0.0818543,0.86704934,225,0
atitlan,2026-02-12,689250.0,1618050.0,-0.08227192,0.8424243,225,0
atitlan,2026-02-12,689550.0,1618050.0,-0.079095356,1.033935,225,0
atitlan,2026-02-12,689850.0,1618050.0,-0.04811672,2.2143798,225,0
atitlan,2026-02-12,690150.0,1618050.0,0.08082361,5.860227,225,0
atitlan,2026-02-12,690450.0,1618050.0,0.1339471,6.914032,225,0
atitlan,2026-02-12,690750.0,1618050.0,0.17640992,8.610269,225,0
atitlan,2026-02-12,691050.0,1618050.0,0.29046723,16.07131,225,1
atitlan,2026-02-12,691350.0,1618050.0,0.27026972,14.644088,225,1
atitlan,2026-02-12,691650.0,1618050.0,0.24259424,14.390181,225,1
atitlan,2026-02-12,691950.0,1618050.0,0.22281411,12.50881,225,1
atitlan,2026-02-12,692250.0,1618050.0,0.14956084,9.152889,225,0
atitlan,2026-02-12,692550.0,1618050.0,0.20383796,11.315759,225,0
atitlan,2026-02-12,692850.0,1618050.0,0.26791787,15.351906,225,1
atitlan,2026-02-12,693150.0,1618050.0,0.27146286,14.109827,225,1
atitlan,2026-02-12,693450.0,1618050.0,0.23086286,10.830484,225,0
atitlan,2026-02-12,693750.0,1618050.0,0.2454138,10.901195,225,0
atitlan,2026-02-12,694050.0,1618050.0,0.24166346,10.921751,225,0
atitlan,2026-02-12,694350.0,1618050.0,0.2558439,12.633443,225,1
atitlan,2026-02-12,694650.0,1618050.0,0.24445124,11.771964,225,0
atitlan,2026-02-12,694950.0,1618050.0,0.27013206,14.013533,225,1
atitlan,2026-02-12,695250.0,1618050.0,0.26686952,13.152223,225,1
atitlan,2026-02-12,695550.0,1618050.0,0.28414026,15.082821,225,1
atitlan,2026-02-12,695850.0,1618050.0,0.31454355,19.61107,225,1
atitlan,2026-02-12,696150.0,1618050.0,0.33246922,22.436632,225,1
atitlan,2026-02-12,696450.0,1618050.0,0.31813002,19.676636,225,1
atitlan,2026-02-12,696750.0,1618050.0,0.30840847,18.134184,225,1
atitlan,2026-02-12,697050.0,1618050.0,0.28634283,16.256498,225,1
atitlan,2026-02-12,697350.0,1618050.0,0.2985012,17.904852,225,1
atitlan,2026-02-12,697650.0,1618050.0,0.2949816,17.476149,225,1
atitlan,2026-02-12,697950.0,1618050.0,0.3053025,18.218565,225,1
atitlan,2026-02-12,698250.0,1618050.0,0.30317444,18.72017,225,1
atitlan,2026-02-12,698550.0,1618050.0,0.30057725,17.794312,225,1
atitlan,2026-02-12,698850.0,1618050.0,0.28292865,16.051598,225,1
atitlan,2026-02-12,699150.0,1618050.0,0.21858585,12.618668,225,1
atitlan,2026-02-12,699450.0,1618050.0,0.22292724,12.360164,225,1
atitlan,2026-02-12,699750.0,1618050.0,0.097406395,6.3856745,225,0
atitlan,2026-02-12,700050.0,1618050.0,0.11256762,7.4576535,225,0
atitlan,2026-02-12,700350.0,1618050.0,0.21859285,10.973563,225,0
atitlan,2026-02-12,700650.0,1618050.0,0.29455054,19.391548,225,1
atitlan,2026-02-12,700950.0,1618050.0,0.26637918,15.964425,225,1
atitlan,2026-02-12,701250.0,1618050.0,0.24249221,14.90095,225,1
atitlan,2026-02-12,701550.0,1618050.0,0.26488966,14.1141205,225,1
atitlan,2026-02-12,701850.0,1618050.0,0.29267707,17.394962,225,1
atitlan,2026-02-12,702150.0,1618050.0,0.29737145,18.523401,225,1
atitlan,2026-02-12,702450.0,1618050.0,0.21647444,9.90304,225,0
atitlan,2026-02-12,702750.0,1618050.0,0.20611088,8.955537,225,0
atitlan,2026-02-12,703050.0,1618050.0,0.24693407,11.196335,225,0
atitlan,2026-02-12,703350.0,1618050.0,0.22635812,9.861782,225,0
atitlan,2026-02-12,703650.0,1618050.0,0.24394597,12.521468,225,1
atitlan,2026-02-12,703950.0,1618050.0,0.26612824,13.974438,225,1
atitlan,2026-02-12,704250.0,1618050.0,0.26257545,13.469138,225,1
atitlan,2026-02-12,704550.0,1618050.0,0.21854804,10.676992,225,0
atitlan,2026-02-12,704850.0,1618050.0,0.27186602,15.601437,225,1
atitlan,2026-02-12,705150.0,1618050.0,0.28697583,17.245571,225,1
atitlan,2026-02-12,705450.0,1618050.0,0.275318,14.625565,225,1
atitlan,2026-02-12,705750.0,1618050.0,0.26016098,14.532447,225,1
atitlan,2026-02-12,706050.0,1618050.0,0.32885888,23.123722,225,1
atitlan,2026-02-12,706350.0,1618050.0,0.28043184,15.750315,225,1
atitlan,2026-02-12,706650.0,1618050.0,0.22586001,10.94266,225,0
atitlan,2026-02-12,706950.0,1618050.0,0.2649689,14.931754,225,1
atitlan,2026-02-12,707250.0,1618050.0,0.25280786,13.827409,225,1
atitlan,2026-02-12,707550.0,1618050.0,0.26231626,13.579755,225,1
atitlan,2026-02-12,707850.0,1618050.0,0.33215937,22.23992,45,1
atitlan,2026-02-12,680250.0,1618350.0,0.28739023,17.916937,180,1
atitlan,2026-02-12,680550.0,1618350.0,0.33834305,25.64126,225,1
atitlan,2026-02-12,680850.0,1618350.0,0.33934706,24.59804,225,1
atitlan,2026-02-12,681150.0,1618350.0,0.29608762,20.74167,225,1
atitlan,2026-02-12,681450.0,1618350.0,0.29024324,18.973793,225,1
atitlan,2026-02-12,681750.0,1618350.0,0.27734652,16.0413,225,1
atitlan,2026-02-12,682050.0,1618350.0,0.21472229,12.506118,225,1
atitlan,2026-02-12,682350.0,1618350.0,0.26887062,16.727383,225,1
atitlan,2026-02-12,682650.0,1618350.0,0.31804246,20.23208,225,1
atitlan,2026-02-12,682950.0,1618350.0,0.3358329,22.969418,225,1
atitlan,2026-02-12,683250.0,1618350.0,0.31960994,21.117296,225,1
atitlan,2026-02-12,683550.0,1618350.0,0.27574444,15.865362,225,1
atitlan,2026-02-12,683850.0,1618350.0,0.29628244,18.860176,225,1
atitlan,2026-02-12,684150.0,1618350.0,0.31275618,19.597626,225,1
atitlan,2026-02-12,684450.0,1618350.0,0.2927297,17.992481,225,1
atitlan,2026-02-12,684750.0,1618350.0,0.28321245,17.864225,225,1
atitlan,2026-02-12,685050.0,1618350.0,0.3161731,20.62198,225,1
atitlan,2026-02-12,685350.0,1618350.0,0.30421275,19.321842,225,1
atitlan,2026-02-12,685650.0,1618350.0,0.29897967,19.668858,225,1
atitlan,2026-02-12,685950.0,1618350.0,0.2766142,16.367472,225,1
atitlan,2026-02-12,686250.0,1618350.0,0.25959712,14.824744,225,1
atitlan,2026-02-12,686550.0,1618350.0,0.26680672,14.405053,225,1
atitlan,2026-02-12,686850.0,1618350.0,0.28789708,16.5667,225,1
atitlan,2026-02-12,687150.0,1618350.0,0.30006656,18.13254,225,1
atitlan,2026-02-12,687450.0,1618350.0,0.2826338,16.411863,225,1
atitlan,2026-02-12,687750.0,1618350.0,0.2217874,11.548275,225,0
atitlan,2026-02-12,688050.0,1618350.0,0.23304051,12.198392,225,1
atitlan,2026-02-12,688350.0,1618350.0,0.16007474,8.198796,225,0
atitlan,2026-02-12,688650.0,1618350.0,-0.06973929,1.4782131,225,0
atitlan,2026-02-12,688950.0,1618350.0,-0.081150934,0.91723496,225,0
atitlan,2026-02-12,689250.0,1618350.0,-0.08207159,0.8549125,225,0
atitlan,2026-02-12,689550.0,1618350.0,-0.08041397,0.97439176,225,0
atitlan,2026-02-12,689850.0,1618350.0,-0.080957696,0.92497194,225,0
atitlan,2026-02-12,690150.0,1618350.0,-0.0528652,2.0785863,225,0
atitlan,2026-02-12,690450.0,1618350.0,0.14633158,8.337862,225,0
atitlan,2026-02-12,690750.0,1618350.0,0.17656276,9.35505,225,0
atitlan,2026-02-12,691050.0,1618350.0,0.29332706,16.43054,225,1
atitlan,2026-02-12,691350.0,1618350.0,0.29461893,18.189598,225,1
atitlan,2026-02-12,691650.0,1618350.0,0.2668584,15.088458,225,1
atitlan,2026-02-12,691950.0,1618350.0,0.20438531,12.694433,225,1
atitlan,2026-02-12,692250.0,1618350.0,0.16365819,9.501745,225,0
atitlan,2026-02-12,692550.0,1618350.0,0.24826324,12.649247,225,1
atitlan,2026-02-12,692850.0,1618350.0,0.27101728,15.03795,225,1
atitlan,2026-02-12,693150.0,1618350.0,0.2362858,12.200895,225,1
atitlan,2026-02-12,693450.0,1618350.0,0.22698207,11.3020735,225,0
atitlan,2026-02-12,693750.0,1618350.0,0.23054788,11.664837,225,0
atitlan,2026-02-12,694050.0,1618350.0,0.26605037,12.7874155,225,1
atitlan,2026-02-12,694350.0,1618350.0,0.2525995,11.733333,225,0
atitlan,2026-02-12,694650.0,1618350.0,0.23583946,10.870166,225,0
atitlan,2026-02-12,694950.0,1618350.0,0.22818576,10.340083,225,0
atitlan,2026-02-12,695250.0,1618350.0,0.22834322,10.473284,225,0
atitlan,2026-02-12,695550.0,1618350.0,0.23820426,10.580929,225,0
atitlan,2026-02-12,695850.0,1618350.0,0.33957523,23.879625,225,1
atitlan,2026-02-12,696150.0,1618350.0,0.29372445,16.714005,225,1
atitlan,2026-02-12,696450.0,1618350.0,0.30851662,18.610458,225,1
atitlan,2026-02-12,696750.0,1618350.0,0.2845532,15.333629,225,1
atitlan,2026-02-12,697050.0,1618350.0,0.26467445,14.735939,225,1
atitlan,2026-02-12,697350.0,1618350.0,0.29804742,18.455427,225,1
atitlan,2026-02-12,697650.0,1618350.0,0.31557202,20.535494,225,1
atitlan,2026-02-12,697950.0,1618350.0,0.30524468,18.296452,225,1
atitlan,2026-02-12,698250.0,1618350.0,0.3168131,20.317245,225,1
atitlan,2026-02-12,698550.0,1618350.0,0.3032576,18.158731,225,1
atitlan,2026-02-12,698850.0,1618350.0,0.28869998,16.6375,225,1
atitlan,2026-02-12,699150.0,1618350.0,0.24965733,13.270026,225,1
atitlan,2026-02-12,699450.0,1618350.0,0.1445473,8.380685,225,0
atitlan,2026-02-12,699750.0,1618350.0,0.06325958,4.9066343,225,0
atitlan,2026-02-12,700050.0,1618350.0,0.03827698,4.353484,225,0
atitlan,2026-02-12,700350.0,1618350.0,0.18316236,9.324959,225,0
atitlan,2026-02-12,700650.0,1618350.0,0.21707962,10.62509,225,0
atitlan,2026-02-12,700950.0,1618350.0,0.28381506,16.610817,225,1
atitlan,2026-02-12,701250.0,1618350.0,0.30778086,19.923138,225,1
atitlan,2026-02-12,701550.0,1618350.0,0.23428261,13.473161,225,1
atitlan,2026-02-12,701850.0,1618350.0,0.26987964,14.813605,225,1
atitlan,2026-02-12,702150.0,1618350.0,0.2889191,17.898016,225,1
atitlan,2026-02-12,702450.0,1618350.0,0.24381684,12.665479,225,1
atitlan,2026-02-12,702750.0,1618350.0,0.25129077,12.687932,225,1
atitlan,2026-02-12,703050.0,1618350.0,0.23017451,10.883197,225,0
atitlan,2026-02-12,703350.0,1618350.0,0.24111383,12.067063,225,1
atitlan,2026-02-12,703650.0,1618350.0,0.24499676,13.204013,225,1
atitlan,2026-02-12,703950.0,1618350.0,0.19566064,8.755437,225,0
atitlan,2026-02-12,704250.0,1618350.0,0.24048384,11.661317,225,0
atitlan,2026-02-12,704550.0,1618350.0,0.23652375,11.361534,225,0
atitlan,2026-02-12,704850.0,1618350.0,0.23061731,11.885466,225,0
atitlan,2026-02-12,705150.0,1618350.0,0.2072851,10.146475,225,0
atitlan,2026-02-12,705450.0,1618350.0,0.18932861,8.952142,225,0
atitlan,2026-02-12,705750.0,1618350.0,0.26305416,14.142839,225,1
atitlan,2026-02-12,706050.0,1618350.0,0.24821846,12.637496,225,1
atitlan,2026-02-12,706350.0,1618350.0,0.24072362,11.742212,225,0
atitlan,2026-02-12,706650.0,1618350.0,0.30731422,19.166483,225,1
atitlan,2026-02-12,706950.0,1618350.0,0.29373547,17.980272,225,1
atitlan,2026-02-12,707250.0,1618350.0,0.26804593,14.270241,225,1
atitlan,2026-02-12,707550.0,1618350.0,0.22851932,10.380473,225,0
atitlan,2026-02-12,707850.0,1618350.0,0.2876856,16.258574,45,1
atitlan,2026-02-12,680250.0,1618650.0,0.31011084,21.841627,180,1
atitlan,2026-02-12,680550.0,1618650.0,0.29387212,17.516811,225,1
atitlan,2026-02-12,680850.0,1618650.0,0.29420623,17.860678,225,1
atitlan,2026-02-12,681150.0,1618650.0,0.23061956,12.97082,225,1
atitlan,2026-02-12,681450.0,1618650.0,0.20308435,8.8501005,225,0
atitlan,2026-02-12,681750.0,1618650.0,0.14722972,6.9841294,225,0
atitlan,2026-02-12,682050.0,1618650.0,0.15460478,7.318787,225,0
atitlan,2026-02-12,682350.0,1618650.0,0.16443437,6.9609823,225,0
atitlan,2026-02-12,682650.0,1618650.0,0.26650736,13.895909,225,1
atitlan,2026-02-12,682950.0,1618650.0,0.2644719,14.786096,225,1
atitlan,2026-02-12,683250.0,1618650.0,0.2623526,14.4537945,225,1
atitlan,2026-02-12,683550.0,1618650.0,0.2923862,16.896397,225,1
atitlan,2026-02-12,683850.0,1618650.0,0.27669913,14.80126,225,1
atitlan,2026-02-12,684150.0,1618650.0,0.29235756,17.501293,225,1
atitlan,2026-02-12,684450.0,1618650.0,0.26041627,15.535047,225,1
atitlan,2026-02-12,684750.0,1618650.0,0.278107,17.465069,224,1
atitlan,2026-02-12,685050.0,1618650.0,0.29982334,20.158014,225,1
atitlan,2026-02-12,685350.0,1618650.0,0.31171736,20.194763,225,1
atitlan,2026-02-12,685650.0,1618650.0,0.30668575,19.180851,225,1
atitlan,2026-02-12,685950.0,1618650.0,0.25403494,12.80458,225,1
atitlan,2026-02-12,686250.0,1618650.0,0.2700163,15.091231,225,1
atitlan,2026-02-12,686550.0,1618650.0,0.22768244,11.062854,225,0
atitlan,2026-02-12,686850.0,1618650.0,0.27999303,16.638592,225,1
atitlan,2026-02-12,687150.0,1618650.0,0.3086974,19.915174,225,1
atitlan,2026-02-12,687450.0,1618650.0,0.2724083,15.762874,225,1
atitlan,2026-02-12,687750.0,1618650.0,0.2643888,14.171899,225,1
atitlan,2026-02-12,688050.0,1618650.0,0.21848887,10.10478,225,0
atitlan,2026-02-12,688350.0,1618650.0,0.18906702,8.372717,225,0
atitlan,2026-02-12,688650.0,1618650.0,0.10374955,6.9792285,225,0
atitlan,2026-02-12,688950.0,1618650.0,-0.021100309,3.1338553,225,0
atitlan,2026-02-12,689250.0,1618650.0,-0.077987,1.1069552,225,0
atitlan,2026-02-12,689550.0,1618650.0,-0.07887249,1.0496153,225,0
atitlan,2026-02-12,689850.0,1618650.0,-0.077917,1.1066345,225,0
atitlan,2026-02-12,690150.0,1618650.0,0.019088835,3.6233218,225,0
atitlan,2026-02-12,690450.0,1618650.0,0.04931063,4.630925,225,0
atitlan,2026-02-12,690750.0,1618650.0,0.10001592,6.1274843,225,0
atitlan,2026-02-12,691050.0,1618650.0,0.26598418,13.9993305,225,1
atitlan,2026-02-12,691350.0,1618650.0,0.27685943,14.602019,225,1
atitlan,2026-02-12,691650.0,1618650.0,0.26783878,14.730855,225,1
atitlan,2026-02-12,691950.0,1618650.0,0.2204061,13.044543,225,1
atitlan,2026-02-12,692250.0,1618650.0,0.2602653,14.814482,225,1
atitlan,2026-02-12,692550.0,1618650.0,0.24583162,13.876492,225,1
atitlan,2026-02-12,692850.0,1618650.0,0.2853152,16.359747,225,1
atitlan,2026-02-12,693150.0,1618650.0,0.26606777,16.180977,225,1
atitlan,2026-02-12,693450.0,1618650.0,0.20765924,10.233278,225,0
atitlan,2026-02-12,693750.0,1618650.0,0.21435986,10.683592,225,0
atitlan,2026-02-12,694050.0,1618650.0,0.2553669,11.875866,225,0
atitlan,2026-02-12,694350.0,1618650.0,0.27821365,14.1602125,225,1
atitlan,2026-02-12,694650.0,1618650.0,0.24953407,12.385236,225,1
atitlan,2026-02-12,694950.0,1618650.0,0.27055025,14.830779,225,1
atitlan,2026-02-12,695250.0,1618650.0,0.24932283,12.199747,225,1
atitlan,2026-02-12,695550.0,1618650.0,0.26227733,13.175213,225,1
atitlan,2026-02-12,695850.0,1618650.0,0.32587892,21.124525,225,1
atitlan,2026-02-12,696150.0,1618650.0,0.26961833,15.378613,225,1
atitlan,2026-02-12,696450.0,1618650.0,0.29207888,17.00678,225,1
atitlan,2026-02-12,696750.0,1618650.0,0.27346155,15.088388,225,1
atitlan,2026-02-12,697050.0,1618650.0,0.28975874,16.254889,225,1
atitlan,2026-02-12,697350.0,1618650.0,0.32075238,20.766132,225,1
atitlan,2026-02-12,697650.0,1618650.0,0.30489123,19.038506,225,1
atitlan,2026-02-12,697950.0,1618650.0,0.29935846,17.606817,225,1
atitlan,2026-02-12,698250.0,1618650.0,0.2827177,15.630817,225,1
atitlan,2026-02-12,698550.0,1618650.0,0.2986803,17.375113,225,1
atitlan,2026-02-12,698850.0,1618650.0,0.26954234,14.850674,225,1
atitlan,2026-02-12,699150.0,1618650.0,0.25116074,13.261018,225,1
atitlan,2026-02-12,699450.0,1618650.0,0.22540091,12.46926,225,1
atitlan,2026-02-12,699750.0,1618650.0,0.040001906,4.4012313,225,0
atitlan,2026-02-12,700050.0,1618650.0,0.059199117,4.9674606,225,0
atitlan,2026-02-12,700350.0,1618650.0,0.15351543,7.949738,225,0
atitlan,2026-02-12,700650.0,1618650.0,0.17821051,7.9568157,225,0
atitlan,2026-02-12,700950.0,1618650.0,0.19313255,8.715358,225,0
atitlan,2026-02-12,701250.0,1618650.0,0.28615293,18.569374,225,1
atitlan,2026-02-12,701550.0,1618650.0,0.2695595,16.224882,225,1
atitlan,2026-02-12,701850.0,1618650.0,0.21209757,11.123706,225,0
atitlan,2026-02-12,702150.0,1618650.0,0.28478593,16.4121,225,1
atitlan,2026-02-12,702450.0,1618650.0,0.29461408,18.025234,225,1
atitlan,2026-02-12,702750.0,1618650.0,0.2699766,15.454915,225,1
atitlan,2026-02-12,703050.0,1618650.0,0.26246166,14.193396,225,1
atitlan,2026-02-12,703350.0,1618650.0,0.18941908,8.028389,225,0
atitlan,2026-02-12,703650.0,1618650.0,0.22657242,11.945199,225,0
atitlan,2026-02-12,703950.0,1618650.0,0.21366277,10.659364,225,0
atitlan,2026-02-12,704250.0,1618650.0,0.18880449,8.729759,225,0
atitlan,2026-02-12,704550.0,1618650.0,0.17458992,9.086051,225,0
atitlan,2026-02-12,704850.0,1618650.0,0.19566268,11.479334,225,0
atitlan,2026-02-12,705150.0,1618650.0,0.21276242,12.913242,225,1
atitlan,2026-02-12,705450.0,1618650.0,0.21061008,12.530669,225,1
atitlan,2026-02-12,705750.0,1618650.0,0.2213478,10.52562,225,0
atitlan,2026-02-12,706050.0,1618650.0,0.2672654,14.300969,225,1
atitlan,2026-02-12,706350.0,1618650.0,0.27800763,15.418363,225,1
atitlan,2026-02-12,706650.0,1618650.0,0.29381803,17.002695,225,1
atitlan,2026-02-12,706950.0,1618650.0,0.29544157,16.888445,225,1
atitlan,2026-02-12,707250.0,1618650.0,0.24030928,11.09791,225,0
atitlan,2026-02-12,707550.0,1618650.0,0.25402528,13.483711,225,1
atitlan,2026-02-12,707850.0,1618650.0,0.25473297,12.055883,45,1
atitlan,2026-02-12,680250.0,1618950.0,0.36872783,30.031261,180,1
atitlan,2026-02-12,680550.0,1618950.0,0.34233144,25.848299,225,1
atitlan,2026-02-12,680850.0,1618950.0,0.33165646,23.17199,225,1
atitlan,2026-02-12,681150.0,1618950.0,0.31984565,21.186085,225,1
atitlan,2026-02-12,681450.0,1618950.0,0.30364394,20.405718,225,1
atitlan,2026-02-12,681750.0,1618950.0,0.30880514,20.22614,225,1
atitlan,2026-02-12,682050.0,1618950.0,0.3066228,19.14794,225,1
atitlan,2026-02-12,682350.0,1618950.0,0.2896861,17.398088,225,1
atitlan,2026-02-12,682650.0,1618950.0,0.25947168,14.229016,225,1
atitlan,2026-02-12,682950.0,1618950.0,0.26839703,15.3861685,225,1
atitlan,2026-02-12,683250.0,1618950.0,0.30146772,18.076689,225,1
atitlan,2026-02-12,683550.0,1618950.0,0.30021575,17.269613,225,1
atitlan,2026-02-12,683850.0,1618950.0,0.30156618,17.493282,225,1
atitlan,2026-02-12,684150.0,1618950.0,0.3070713,18.822468,225,1
atitlan,2026-02-12,684450.0,1618950.0,0.28405336,17.114079,225,1
atitlan,2026-02-12,684750.0,1618950.0,0.24471897,12.705154,225,1
atitlan,2026-02-12,685050.0,1618950.0,0.29608393,19.24028,225,1
atitlan,2026-02-12,685350.0,1618950.0,0.2519705,14.0249605,225,1
atitlan,2026-02-12,685650.0,1618950.0,0.2678675,15.2036085,225,1
atitlan,2026-02-12,685950.0,1618950.0,0.2817063,15.88957,225,1
atitlan,2026-02-12,686250.0,1618950.0,0.2524177,13.347078,225,1
atitlan,2026-02-12,686550.0,1618950.0,0.21803631,10.85568,225,0
atitlan,2026-02-12,686850.0,1618950.0,0.2790203,16.378473,225,1
atitlan,2026-02-12,687150.0,1618950.0,0.25991246,14.716015,225,1
atitlan,2026-02-12,687450.0,1618950.0,0.2556011,13.5214205,225,1
atitlan,2026-02-12,687750.0,1618950.0,0.246824,12.900449,225,1
atitlan,2026-02-12,688050.0,1618950.0,0.25426537,13.3858795,225,1
atitlan,2026-02-12,688350.0,1618950.0,0.21104382,9.727166,225,0
atitlan,2026-02-12,688650.0,1618950.0,0.18235825,8.145883,225,0
atitlan,2026-02-12,688950.0,1618950.0,0.16533822,8.189787,225,0
atitlan,2026-02-12,689250.0,1618950.0,-0.06779799,1.5779041,225,0
atitlan,2026-02-12,689550.0,1618950.0,-0.07844742,1.0813274,225,0
atitlan,2026-02-12,689850.0,1618950.0,-0.07167814,1.4211789,225,0
atitlan,2026-02-12,690150.0,1618950.0,0.08735692,5.8220806,225,0
atitlan,2026-02-12,690450.0,1618950.0,0.029475022,4.226581,225,0
atitlan,2026-02-12,690750.0,1618950.0,0.03552798,4.4926667,225,0
atitlan,2026-02-12,691050.0,1618950.0,0.11398261,6.446647,225,0
atitlan,2026-02-12,691350.0,1618950.0,0.22635162,11.13203,225,0
atitlan,2026-02-12,691650.0,1618950.0,0.26701212,13.688686,225,1
atitlan,2026-02-12,691950.0,1618950.0,0.2451758,11.669546,225,0
atitlan,2026-02-12,692250.0,1618950.0,0.2750581,15.305362,225,1
atitlan,2026-02-12,692550.0,1618950.0,0.2930834,17.300264,225,1
atitlan,2026-02-12,692850.0,1618950.0,0.24057786,14.164969,225,1
atitlan,2026-02-12,693150.0,1618950.0,0.25751796,15.560977,225,1
atitlan,2026-02-12,693450.0,1618950.0,0.22630692,13.031208,225,1
atitlan,2026-02-12,693750.0,1618950.0,0.22410421,11.462862,225,0
atitlan,2026-02-12,694050.0,1618950.0,0.23900673,11.054323,225,0
atitlan,2026-02-12,694350.0,1618950.0,0.26426145,12.911134,225,1
atitlan,2026-02-12,694650.0,1618950.0,0.21303187,9.264916,225,0
atitlan,2026-02-12,694950.0,1618950.0,0.27494994,14.439043,225,1
atitlan,2026-02-12,695250.0,1618950.0,0.28205863,15.716947,225,1
atitlan,2026-02-12,695550.0,1618950.0,0.29274142,17.022627,225,1
atitlan,2026-02-12,695850.0,1618950.0,0.2970354,17.536184,225,1
atitlan,2026-02-12,696150.0,1618950.0,0.28686532,16.929579,225,1
atitlan,2026-02-12,696450.0,1618950.0,0.2808024,15.625037,225,1
atitlan,2026-02-12,696750.0,1618950.0,0.2884457,16.250402,225,1
atitlan,2026-02-12,697050.0,1618950.0,0.31125748,19.545303,225,1
atitlan,2026-02-12,697350.0,1618950.0,0.31699494,20.198673,225,1
atitlan,2026-02-12,697650.0,1618950.0,0.29418823,16.79158,225,1
atitlan,2026-02-12,697950.0,1618950.0,0.30563882,18.672974,225,1
atitlan,2026-02-12,698250.0,1618950.0,0.29633927,17.962763,225,1
atitlan,2026-02-12,698550.0,1618950.0,0.28917438,16.566795,225,1
atitlan,2026-02-12,698850.0,1618950.0,0.25231028,13.989765,225,1
atitlan,2026-02-12,699150.0,1618950.0,0.13251479,7.7431097,225,0
atitlan,2026-02-12,699450.0,1618950.0,0.11030904,7.6263165,225,0
atitlan,2026-02-12,699750.0,1618950.0,0.05790578,5.360154,225,0
atitlan,2026-02-12,700050.0,1618950.0,0.058219273,4.9682026,225,0
atitlan,2026-02-12,700350.0,1618950.0,0.13514939,8.312311,225,0
atitlan,2026-02-12,700650.0,1618950.0,0.16075364,8.622833,225,0
atitlan,2026-02-12,700950.0,1618950.0,0.14268506,6.7573442,225,0
atitlan,2026-02-12,701250.0,1618950.0,0.2545741,14.636883,225,1
atitlan,2026-02-12,701550.0,1618950.0,0.24407306,13.6839905,225,1
atitlan,2026-02-12,701850.0,1618950.0,0.1462323,9.485067,225,0
atitlan,2026-02-12,702150.0,1618950.0,0.18398741,10.986919,225,0
atitlan,2026-02-12,702450.0,1618950.0,0.26375958,13.751956,225,1
atitlan,2026-02-12,702750.0,1618950.0,0.22140114,9.954665,225,0
atitlan,2026-02-12,703050.0,1618950.0,0.19604737,8.762219,225,0
atitlan,2026-02-12,703350.0,1618950.0,0.18531848,7.967171,225,0
atitlan,2026-02-12,703650.0,1618950.0,0.21268648,10.599517,225,0
atitlan,2026-02-12,703950.0,1618950.0,0.2268199,11.361645,225,0
atitlan,2026-02-12,704250.0,1618950.0,0.20124927,8.986368,225,0
atitlan,2026-02-12,704550.0,1618950.0,0.19496045,8.999422,225,0
atitlan,2026-02-12,704850.0,1618950.0,0.24551512,12.105643,225,1
atitlan,2026-02-12,705150.0,1618950.0,0.17414375,9.20859,225,0
atitlan,2026-02-12,705450.0,1618950.0,0.19222613,12.47828,225,1
atitlan,2026-02-12,705750.0,1618950.0,0.2647755,14.05063,225,1
atitlan,2026-02-12,706050.0,1618950.0,0.22222285,9.829742,225,0
atitlan,2026-02-12,706350.0,1618950.0,0.25175354,12.37434,225,1
atitlan,2026-02-12,706650.0,1618950.0,0.25235584,12.341405,225,1
atitlan,2026-02-12,706950.0,1618950.0,0.27560183,14.1186495,225,1
atitlan,2026-02-12,707250.0,1618950.0,0.2289619,10.537848,225,0
atitlan,2026-02-12,707550.0,1618950.0,0.26849282,15.706959,225,1
atitlan,2026-02-12,707850.0,1618950.0,0.288603,17.809687,45,1
atitlan,2026-02-12,680250.0,1619250.0,0.38410264,33.029655,180,1
atitlan,2026-02-12,680550.0,1619250.0,0.37769267,31.695656,225,1
atitlan,2026-02-12,680850.0,1619250.0,0.32926306,24.50167,225,1
atitlan,2026-02-12,681150.0,1619250.0,0.3368969,25.73079,225,1
atitlan,2026-02-12,681450.0,1619250.0,0.31454936,20.058502,225,1
atitlan,2026-02-12,681750.0,1619250.0,0.28132564,15.18049,225,1
atitlan,2026-02-12,682050.0,1619250.0,0.21204121,11.231596,225,0
atitlan,2026-02-12,682350.0,1619250.0,0.29283231,17.878298,225,1
atitlan,2026-02-12,682650.0,1619250.0,0.3013557,17.978758,225,1
atitlan,2026-02-12,682950.0,1619250.0,0.28839606,15.756162,225,1
atitlan,2026-02-12,683250.0,1619250.0,0.2685893,16.5576,225,1
atitlan,2026-02-12,683550.0,1619250.0,0.30084887,18.51236,225,1
atitlan,2026-02-12,683850.0,1619250.0,0.31563208,19.5803,225,1
atitlan,2026-02-12,684150.0,1619250.0,0.33392245,22.759611,225,1
atitlan,2026-02-12,684450.0,1619250.0,0.31569934,19.763458,225,1
atitlan,2026-02-12,684750.0,1619250.0,0.32945368,22.330097,225,1
atitlan,2026-02-12,685050.0,1619250.0,0.30505693,18.339355,225,1
atitlan,2026-02-12,685350.0,1619250.0,0.27994585,16.257942,225,1
atitlan,2026-02-12,685650.0,1619250.0,0.25505802,14.377394,225,1
atitlan,2026-02-12,685950.0,1619250.0,0.26449844,15.230725,225,1
atitlan,2026-02-12,686250.0,1619250.0,0.30949375,19.235811,225,1
atitlan,2026-02-12,686550.0,1619250.0,0.27284616,16.364971,225,1
atitlan,2026-02-12,686850.0,1619250.0,0.2772975,16.585653,225,1
atitlan,2026-02-12,687150.0,1619250.0,0.2526643,14.591697,225,1
atitlan,2026-02-12,687450.0,1619250.0,0.26049393,13.859243,225,1
atitlan,2026-02-12,687750.0,1619250.0,0.24730459,11.94191,225,0
atitlan,2026-02-12,688050.0,1619250.0,0.23278157,11.064978,225,0
atitlan,2026-02-12,688350.0,1619250.0,0.2331036,11.141275,225,0
atitlan,2026-02-12,688650.0,1619250.0,0.19542511,9.034289,225,0
atitlan,2026-02-12,688950.0,1619250.0,0.17902187,8.467124,225,0
atitlan,2026-02-12,689250.0,1619250.0,0.09617438,6.85152,225,0
atitlan,2026-02-12,689550.0,1619250.0,-0.004467183,3.319742,225,0
atitlan,2026-02-12,689850.0,1619250.0,-0.058146335,1.8886669,225,0
atitlan,2026-02-12,690150.0,1619250.0,0.09286773,5.815659,225,0
atitlan,2026-02-12,690450.0,1619250.0,0.04271447,4.533468,225,0
atitlan,2026-02-12,690750.0,1619250.0,0.027316634,4.1971803,225,0
atitlan,2026-02-12,691050.0,1619250.0,0.044775814,4.527881,225,0
atitlan,2026-02-12,691350.0,1619250.0,0.15645565,7.4091063,225,0
atitlan,2026-02-12,691650.0,1619250.0,0.22499219,10.797808,225,0
atitlan,2026-02-12,691950.0,1619250.0,0.24407613,11.812167,225,0
atitlan,2026-02-12,692250.0,1619250.0,0.2664273,14.99407,225,1
atitlan,2026-02-12,692550.0,1619250.0,0.2732268,14.61051,225,1
atitlan,2026-02-12,692850.0,1619250.0,0.2697888,14.81924,225,1
atitlan,2026-02-12,693150.0,1619250.0,0.23541717,12.987637,225,1
atitlan,2026-02-12,693450.0,1619250.0,0.23003413,11.818866,225,0
atitlan,2026-02-12,693750.0,1619250.0,0.2189012,11.066224,225,0
atitlan,2026-02-12,694050.0,1619250.0,0.24294534,11.377584,225,0
atitlan,2026-02-12,694350.0,1619250.0,0.24286376,11.522239,225,0
atitlan,2026-02-12,694650.0,1619250.0,0.22430842,9.904665,225,0
atitlan,2026-02-12,694950.0,1619250.0,0.24741171,12.253147,225,1
atitlan,2026-02-12,695250.0,1619250.0,0.24909753,12.755932,225,1
atitlan,2026-02-12,695550.0,1619250.0,0.24012595,11.501715,225,0
atitlan,2026-02-12,695850.0,1619250.0,0.24248335,12.259275,225,1
atitlan,2026-02-12,696150.0,1619250.0,0.2431887,13.514155,225,1
atitlan,2026-02-12,696450.0,1619250.0,0.2768256,15.267557,225,1
atitlan,2026-02-12,696750.0,1619250.0,0.28319404,16.64441,225,1
atitlan,2026-02-12,697050.0,1619250.0,0.29557386,17.308754,225,1
atitlan,2026-02-12,697350.0,1619250.0,0.3044273,18.596258,225,1
atitlan,2026-02-12,697650.0,1619250.0,0.2989762,17.4173,225,1
atitlan,2026-02-12,697950.0,1619250.0,0.31495738,20.08371,225,1
atitlan,2026-02-12,698250.0,1619250.0,0.3024365,18.416021,225,1
atitlan,2026-02-12,698550.0,1619250.0,0.2514002,13.650624,225,1
atitlan,2026-02-12,698850.0,1619250.0,0.26228347,14.238264,225,1
atitlan,2026-02-12,699150.0,1619250.0,0.12631248,6.8772206,225,0
atitlan,2026-02-12,699450.0,1619250.0,0.11295019,6.8647823,225,0
atitlan,2026-02-12,699750.0,1619250.0,0.15227829,8.567894,225,0
atitlan,2026-02-12,700050.0,1619250.0,0.050271474,5.736369,225,0
atitlan,2026-02-12,700350.0,1619250.0,0.025623439,4.589398,225,0
atitlan,2026-02-12,700650.0,1619250.0,-0.011050837,3.4864528,225,0
atitlan,2026-02-12,700950.0,1619250.0,0.15621778,7.466991,225,0
atitlan,2026-02-12,701250.0,1619250.0,0.21750282,10.792205,225,0
atitlan,2026-02-12,701550.0,1619250.0,0.2674118,15.774256,225,1
atitlan,2026-02-12,701850.0,1619250.0,0.21439768,12.221601,225,1
atitlan,2026-02-12,702150.0,1619250.0,0.19538845,10.7735195,225,0
atitlan,2026-02-12,702450.0,1619250.0,0.22395228,12.575512,225,1
atitlan,2026-02-12,702750.0,1619250.0,0.21384406,10.146241,225,0
atitlan,2026-02-12,703050.0,1619250.0,0.2269963,11.268602,225,0
atitlan,2026-02-12,703350.0,1619250.0,0.22856191,11.5822935,225,0
atitlan,2026-02-12,703650.0,1619250.0,0.2056449,9.47969,225,0
atitlan,2026-02-12,703950.0,1619250.0,0.19120519,9.4289875,225,0
atitlan,2026-02-12,704250.0,1619250.0,0.22790207,11.489331,225,0
atitlan,2026-02-12,704550.0,1619250.0,0.20014678,9.052783,225,0
atitlan,2026-02-12,704850.0,1619250.0,0.23582487,10.845534,225,0
atitlan,2026-02-12,705150.0,1619250.0,0.21835817,10.074206,225,0
atitlan,2026-02-12,705450.0,1619250.0,0.27560237,15.111535,225,1
atitlan,2026-02-12,705750.0,1619250.0,0.23767298,11.5651045,225,0
atitlan,2026-02-12,706050.0,1619250.0,0.22094987,10.781953,225,0
atitlan,2026-02-12,706350.0,1619250.0,0.22611313,11.752568,225,0
atitlan,2026-02-12,706650.0,1619250.0,0.19505887,9.745522,225,0
atitlan,2026-02-12,706950.0,1619250.0,0.20538948,9.015304,225,0
atitlan,2026-02-12,707250.0,1619250.0,0.26397875,13.405471,225,1
atitlan,2026-02-12,707550.0,1619250.0,0.20133251,12.887665,225,1
atitlan,2026-02-12,707850.0,1619250.0,0.21291079,13.262573,45,1
atitlan,2026-02-12,680250.0,1619550.0,0.368794,29.03384,180,1
atitlan,2026-02-12,680550.0,1619550.0,0.3497176,26.30667,225,1
atitlan,2026-02-12,680850.0,1619550.0,0.31696388,21.643097,225,1
atitlan,2026-02-12,681150.0,1619550.0,0.3494025,25.861992,225,1
atitlan,2026-02-12,681450.0,1619550.0,0.33305585,24.215244,225,1
atitlan,2026-02-12,681750.0,1619550.0,0.2865544,16.500113,225,1
atitlan,2026-02-12,682050.0,1619550.0,0.2703362,15.525572,225,1
atitlan,2026-02-12,682350.0,1619550.0,0.2765925,15.515854,225,1
atitlan,2026-02-12,682650.0,1619550.0,0.29551,16.9731,225,1
atitlan,2026-02-12,682950.0,1619550.0,0.16782936,9.492974,225,0
atitlan,2026-02-12,683250.0,1619550.0,0.11720326,7.7759485,225,0
atitlan,2026-02-12,683550.0,1619550.0,0.24452367,14.998006,225,1
atitlan,2026-02-12,683850.0,1619550.0,0.28292102,17.260107,225,1
atitlan,2026-02-12,684150.0,1619550.0,0.32893243,22.472025,225,1
atitlan,2026-02-12,684450.0,1619550.0,0.29519033,18.420057,225,1
atitlan,2026-02-12,684750.0,1619550.0,0.31285635,19.555851,225,1
atitlan,2026-02-12,685050.0,1619550.0,0.30611798,20.739212,225,1
atitlan,2026-02-12,685350.0,1619550.0,0.31417307,19.546179,225,1
atitlan,2026-02-12,685650.0,1619550.0,0.29914516,19.200422,225,1
atitlan,2026-02-12,685950.0,1619550.0,0.32566336,22.05771,225,1
atitlan,2026-02-12,686250.0,1619550.0,0.31640336,20.057356,225,1
atitlan,2026-02-12,686550.0,1619550.0,0.25898415,14.283216,225,1
atitlan,2026-02-12,686850.0,1619550.0,0.27916205,15.797961,225,1
atitlan,2026-02-12,687150.0,1619550.0,0.26256233,14.982424,225,1
atitlan,2026-02-12,687450.0,1619550.0,0.27388868,14.775415,225,1
atitlan,2026-02-12,687750.0,1619550.0,0.23768188,10.837907,225,0
atitlan,2026-02-12,688050.0,1619550.0,0.21868408,10.656125,225,0
atitlan,2026-02-12,688350.0,1619550.0,0.21947077,10.305862,225,0
atitlan,2026-02-12,688650.0,1619550.0,0.18526092,8.279935,225,0
atitlan,2026-02-12,688950.0,1619550.0,0.19655003,9.208294,225,0
atitlan,2026-02-12,689250.0,1619550.0,0.22341424,10.740889,225,0
atitlan,2026-02-12,689550.0,1619550.0,0.09759384,7.385251,225,0
atitlan,2026-02-12,689850.0,1619550.0,-0.075557694,1.2487652,225,0
atitlan,2026-02-12,690150.0,1619550.0,0.014431882,4.1999125,225,0
atitlan,2026-02-12,690450.0,1619550.0,0.038663924,4.815931,225,0
atitlan,2026-02-12,690750.0,1619550.0,0.08042325,6.260927,225,0
atitlan,2026-02-12,691050.0,1619550.0,0.052131407,4.7085457,225,0
atitlan,2026-02-12,691350.0,1619550.0,0.10205524,6.338908,225,0
atitlan,2026-02-12,691650.0,1619550.0,0.23550104,10.743259,225,0
atitlan,2026-02-12,691950.0,1619550.0,0.24182685,12.128227,225,1
atitlan,2026-02-12,692250.0,1619550.0,0.24960676,13.110783,225,1
atitlan,2026-02-12,692550.0,1619550.0,0.23676021,11.6284895,225,0
atitlan,2026-02-12,692850.0,1619550.0,0.22864097,12.242402,225,1
atitlan,2026-02-12,693150.0,1619550.0,0.17834795,10.363188,225,0
atitlan,2026-02-12,693450.0,1619550.0,0.18202527,10.39708,225,0
atitlan,2026-02-12,693750.0,1619550.0,0.21521333,11.322282,225,0
atitlan,2026-02-12,694050.0,1619550.0,0.25249425,12.777752,225,1
atitlan,2026-02-12,694350.0,1619550.0,0.2540585,12.856119,225,1
atitlan,2026-02-12,694650.0,1619550.0,0.20723371,9.974553,225,0
atitlan,2026-02-12,694950.0,1619550.0,0.26549387,13.514129,225,1
atitlan,2026-02-12,695250.0,1619550.0,0.27600512,14.800602,225,1
atitlan,2026-02-12,695550.0,1619550.0,0.24985507,13.845528,225,1
atitlan,2026-02-12,695850.0,1619550.0,0.23964031,13.358422,225,1
atitlan,2026-02-12,696150.0,1619550.0,0.24961178,13.59229,225,1
atitlan,2026-02-12,696450.0,1619550.0,0.28023118,16.428299,225,1
atitlan,2026-02-12,696750.0,1619550.0,0.2994526,18.391233,225,1
atitlan,2026-02-12,697050.0,1619550.0,0.25672653,14.180584,225,1
atitlan,2026-02-12,697350.0,1619550.0,0.28421202,15.8976,225,1
atitlan,2026-02-12,697650.0,1619550.0,0.30295408,18.082373,225,1
atitlan,2026-02-12,697950.0,1619550.0,0.2989938,17.619314,225,1
atitlan,2026-02-12,698250.0,1619550.0,0.2710994,14.272715,225,1
atitlan,2026-02-12,698550.0,1619550.0,0.25187638,12.9900675,225,1
atitlan,2026-02-12,698850.0,1619550.0,0.28253317,16.290176,225,1
atitlan,2026-02-12,699150.0,1619550.0,0.19666877,9.63297,225,0
atitlan,2026-02-12,699450.0,1619550.0,0.12617297,7.7182846,225,0
atitlan,2026-02-12,699750.0,1619550.0,0.21570398,11.451521,225,0
atitlan,2026-02-12,700050.0,1619550.0,0.13023421,8.920905,225,0
atitlan,2026-02-12,700350.0,1619550.0,-0.02007612,3.1670218,225,0
atitlan,2026-02-12,700650.0,1619550.0,-0.071532644,1.46537,225,0
atitlan,2026-02-12,700950.0,1619550.0,0.15710393,7.044327,225,0
atitlan,2026-02-12,701250.0,1619550.0,0.24740236,12.337105,225,1
atitlan,2026-02-12,701550.0,1619550.0,0.2585876,14.178548,225,1
atitlan,2026-02-12,701850.0,1619550.0,0.25361624,14.07593,225,1
atitlan,2026-02-12,702150.0,1619550.0,0.24171539,12.6776705,225,1
atitlan,2026-02-12,702450.0,1619550.0,0.23491506,14.057845,225,1
atitlan,2026-02-12,702750.0,1619550.0,0.23630671,12.102464,225,1
atitlan,2026-02-12,703050.0,1619550.0,0.23744628,11.966619,225,0
atitlan,2026-02-12,703350.0,1619550.0,0.24494286,12.407318,225,1
atitlan,2026-02-12,703650.0,1619550.0,0.20108953,10.603505,225,0
atitlan,2026-02-12,703950.0,1619550.0,0.19725546,9.982466,225,0
atitlan,2026-02-12,704250.0,1619550.0,0.19037288,9.914095,225,0
atitlan,2026-02-12,704550.0,1619550.0,0.18851313,9.4172945,225,0
atitlan,2026-02-12,704850.0,1619550.0,0.19795215,9.192512,225,0
atitlan,2026-02-12,705150.0,1619550.0,0.20107229,8.72598,225,0
atitlan,2026-02-12,705450.0,1619550.0,0.22363159,10.037572,225,0
atitlan,2026-02-12,705750.0,1619550.0,0.26756957,13.631699,225,1
atitlan,2026-02-12,706050.0,1619550.0,0.265819,13.754898,225,1
atitlan,2026-02-12,706350.0,1619550.0,0.2488258,11.705735,225,0
atitlan,2026-02-12,706650.0,1619550.0,0.23963702,12.158874,225,1
atitlan,2026-02-12,706950.0,1619550.0,0.20613599,10.831511,225,0
atitlan,2026-02-12,707250.0,1619550.0,0.2620391,14.533464,225,1
atitlan,2026-02-12,707550.0,1619550.0,0.1371706,8.328734,225,0
atitlan,2026-02-12,707850.0,1619550.0,0.08651298,5.6379423,45,0
atitlan,2026-02-12,680250.0,1619850.0,0.3360379,23.988873,180,1
atitlan,2026-02-12,680550.0,1619850.0,0.344882,24.76401,225,1
atitlan,2026-02-12,680850.0,1619850.0,0.34954512,26.5983,225,1
atitlan,2026-02-12,681150.0,1619850.0,0.33155397,24.059471,225,1
atitlan,2026-02-12,681450.0,1619850.0,0.33866617,23.942778,225,1
atitlan,2026-02-12,681750.0,1619850.0,0.34518757,25.067118,225,1
atitlan,2026-02-12,682050.0,1619850.0,0.30873388,18.714262,225,1
atitlan,2026-02-12,682350.0,1619850.0,0.29561353,16.91543,225,1
atitlan,2026-02-12,682650.0,1619850.0,0.2329554,13.0429325,225,1
atitlan,2026-02-12,682950.0,1619850.0,0.063026436,5.1190424,225,0
atitlan,2026-02-12,683250.0,1619850.0,0.14186032,9.598712,225,0
atitlan,2026-02-12,683550.0,1619850.0,0.22717914,13.798361,225,1
atitlan,2026-02-12,683850.0,1619850.0,0.23242599,13.558758,225,1
atitlan,2026-02-12,684150.0,1619850.0,0.32407004,20.636185,225,1
atitlan,2026-02-12,684450.0,1619850.0,0.34190607,24.362228,225,1
atitlan,2026-02-12,684750.0,1619850.0,0.30147347,18.11724,225,1
atitlan,2026-02-12,685050.0,1619850.0,0.32185876,20.60674,225,1
atitlan,2026-02-12,685350.0,1619850.0,0.30874884,19.92183,225,1
atitlan,2026-02-12,685650.0,1619850.0,0.304588,20.722437,225,1
atitlan,2026-02-12,685950.0,1619850.0,0.33470568,22.682194,225,1
atitlan,2026-02-12,686250.0,1619850.0,0.30648416,19.22515,225,1
atitlan,2026-02-12,686550.0,1619850.0,0.3157688,19.920925,225,1
atitlan,2026-02-12,686850.0,1619850.0,0.31065595,20.580627,225,1
atitlan,2026-02-12,687150.0,1619850.0,0.31480017,20.189754,225,1
atitlan,2026-02-12,687450.0,1619850.0,0.30632,18.398941,225,1
atitlan,2026-02-12,687750.0,1619850.0,0.2506038,12.287316,225,1
atitlan,2026-02-12,688050.0,1619850.0,0.20199017,8.600272,225,0
atitlan,2026-02-12,688350.0,1619850.0,0.17779587,7.657057,225,0
atitlan,2026-02-12,688650.0,1619850.0,0.16147946,6.9501805,225,0
atitlan,2026-02-12,688950.0,1619850.0,0.19375758,8.931918,225,0
atitlan,2026-02-12,689250.0,1619850.0,0.1841278,8.136638,225,0
atitlan,2026-02-12,689550.0,1619850.0,0.11577354,7.3549166,225,0
atitlan,2026-02-12,689850.0,1619850.0,-0.07518392,1.2647803,225,0
atitlan,2026-02-12,690150.0,1619850.0,-0.082430735,0.8335218,225,0
atitlan,2026-02-12,690450.0,1619850.0,-0.07242859,1.4144928,225,0
atitlan,2026-02-12,690750.0,1619850.0,0.075133674,5.489715,225,0
atitlan,2026-02-12,691050.0,1619850.0,0.09719326,5.6958795,225,0
atitlan,2026-02-12,691350.0,1619850.0,0.15405463,7.696597,225,0
atitlan,2026-02-12,691650.0,1619850.0,0.18899742,9.298955,225,0
atitlan,2026-02-12,691950.0,1619850.0,0.21863669,10.467786,225,0
atitlan,2026-02-12,692250.0,1619850.0,0.21341278,10.252858,225,0
atitlan,2026-02-12,692550.0,1619850.0,0.20528299,9.987,225,0
atitlan,2026-02-12,692850.0,1619850.0,0.16230671,9.756891,225,0
atitlan,2026-02-12,693150.0,1619850.0,0.21244797,11.643305,225,0
atitlan,2026-02-12,693450.0,1619850.0,0.22161505,11.011274,225,0
atitlan,2026-02-12,693750.0,1619850.0,0.24194475,11.751,225,0
atitlan,2026-02-12,694050.0,1619850.0,0.25122207,13.212219,225,1
atitlan,2026-02-12,694350.0,1619850.0,0.3066042,19.516874,225,1
atitlan,2026-02-12,694650.0,1619850.0,0.2723762,15.276629,225,1
atitlan,2026-02-12,694950.0,1619850.0,0.2507018,12.376194,225,1
atitlan,2026-02-12,695250.0,1619850.0,0.26810485,13.622099,225,1
atitlan,2026-02-12,695550.0,1619850.0,0.23767352,12.5203905,225,1
atitlan,2026-02-12,695850.0,1619850.0,0.25323036,13.097257,225,1
atitlan,2026-02-12,696150.0,1619850.0,0.2581214,14.819414,225,1
atitlan,2026-02-12,696450.0,1619850.0,0.25987667,14.807933,225,1
atitlan,2026-02-12,696750.0,1619850.0,0.27098554,15.472031,225,1
atitlan,2026-02-12,697050.0,1619850.0,0.24086872,13.211457,225,1
atitlan,2026-02-12,697350.0,1619850.0,0.27509096,15.955538,225,1
atitlan,2026-02-12,697650.0,1619850.0,0.27311945,14.819092,225,1
atitlan,2026-02-12,697950.0,1619850.0,0.24436638,11.595126,225,0
atitlan,2026-02-12,698250.0,1619850.0,0.24310675,12.575472,225,1
atitlan,2026-02-12,698550.0,1619850.0,0.24813294,12.292041,225,1
atitlan,2026-02-12,698850.0,1619850.0,0.24192795,11.425585,225,0
atitlan,2026-02-12,699150.0,1619850.0,0.20184201,10.165577,225,0
atitlan,2026-02-12,699450.0,1619850.0,0.16155617,9.670985,225,0
atitlan,2026-02-12,699750.0,1619850.0,0.17700031,8.966086,225,0
atitlan,2026-02-12,700050.0,1619850.0,0.20377937,9.539504,225,0
atitlan,2026-02-12,700350.0,1619850.0,0.06485425,6.126734,225,0
atitlan,2026-02-12,700650.0,1619850.0,-0.07505173,1.2760607,225,0
atitlan,2026-02-12,700950.0,1619850.0,0.015504711,3.3602219,225,0
atitlan,2026-02-12,701250.0,1619850.0,0.14814036,6.7263026,225,0
atitlan,2026-02-12,701550.0,1619850.0,0.26001504,13.371844,225,1
atitlan,2026-02-12,701850.0,1619850.0,0.28112653,15.642019,225,1
atitlan,2026-02-12,702150.0,1619850.0,0.26026735,13.938093,225,1
atitlan,2026-02-12,702450.0,1619850.0,0.19555281,13.390039,225,1
atitlan,2026-02-12,702750.0,1619850.0,0.18500854,9.98765,225,0
atitlan,2026-02-12,703050.0,1619850.0,0.21620749,12.096529,225,1
atitlan,2026-02-12,703350.0,1619850.0,0.23286742,11.730434,225,0
atitlan,2026-02-12,703650.0,1619850.0,0.24648403,13.487373,225,1
atitlan,2026-02-12,703950.0,1619850.0,0.2122462,11.643058,225,0
atitlan,2026-02-12,704250.0,1619850.0,0.19747059,9.901876,225,0
atitlan,2026-02-12,704550.0,1619850.0,0.21583894,10.806197,225,0
atitlan,2026-02-12,704850.0,1619850.0,0.1928364,9.199306,225,0
atitlan,2026-02-12,705150.0,1619850.0,0.19944227,8.650382,225,0
atitlan,2026-02-12,705450.0,1619850.0,0.22355644,9.826553,225,0
atitlan,2026-02-12,705750.0,1619850.0,0.24152236,11.352646,225,0
atitlan,2026-02-12,706050.0,1619850.0,0.2572163,13.442795,225,1
atitlan,2026-02-12,706350.0,1619850.0,0.27885365,15.80176,225,1
atitlan,2026-02-12,706650.0,1619850.0,0.27203968,14.618866,225,1
atitlan,2026-02-12,706950.0,1619850.0,0.2631571,14.2419815,225,1
atitlan,2026-02-12,707250.0,1619850.0,0.2608578,12.997307,225,1
atitlan,2026-02-12,707550.0,1619850.0,0.16278557,10.036488,225,0
atitlan,2026-02-12,707850.0,1619850.0,0.10984145,6.585499,45,0
atitlan,2026-02-12,680250.0,1620150.0,0.29574296,16.863659,180,1
atitlan,2026-02-12,680550.0,1620150.0,0.32545295,21.586851,225,1
atitlan,2026-02-12,680850.0,1620150.0,0.32509965,21.69801,225,1
atitlan,2026-02-12,681150.0,1620150.0,0.33676663,23.411915,225,1
atitlan,2026-02-12,681450.0,1620150.0,0.3263166,21.569956,225,1
atitlan,2026-02-12,681750.0,1620150.0,0.318269,19.967485,225,1
atitlan,2026-02-12,682050.0,1620150.0,0.28562096,15.58188,225,1
atitlan,2026-02-12,682350.0,1620150.0,0.2968043,17.474882,225,1
atitlan,2026-02-12,682650.0,1620150.0,0.259792,14.08637,225,1
atitlan,2026-02-12,682950.0,1620150.0,0.101363026,6.94325,225,0
atitlan,2026-02-12,683250.0,1620150.0,0.17362402,10.431992,225,0
atitlan,2026-02-12,683550.0,1620150.0,0.2317493,13.316163,225,1
atitlan,2026-02-12,683850.0,1620150.0,0.24410829,14.226633,225,1
atitlan,2026-02-12,684150.0,1620150.0,0.2932929,17.188923,225,1
atitlan,2026-02-12,684450.0,1620150.0,0.3017105,20.124998,225,1
atitlan,2026-02-12,684750.0,1620150.0,0.3072052,19.837015,225,1
atitlan,2026-02-12,685050.0,1620150.0,0.31318116,19.19029,225,1
atitlan,2026-02-12,685350.0,1620150.0,0.1691455,11.140257,225,0
atitlan,2026-02-12,685650.0,1620150.0,0.34197378,23.491316,225,1
atitlan,2026-02-12,685950.0,1620150.0,0.31826782,20.394579,225,1
atitlan,2026-02-12,686250.0,1620150.0,0.33871156,22.859016,225,1
atitlan,2026-02-12,686550.0,1620150.0,0.3375443,23.379461,225,1
atitlan,2026-02-12,686850.0,1620150.0,0.32666108,21.002188,225,1
atitlan,2026-02-12,687150.0,1620150.0,0.3133287,18.732925,225,1
atitlan,2026-02-12,687450.0,1620150.0,0.308442,18.111937,225,1
atitlan,2026-02-12,687750.0,1620150.0,0.26280677,13.601536,225,1
atitlan,2026-02-12,688050.0,1620150.0,0.21168962,9.117342,225,0
atitlan,2026-02-12,688350.0,1620150.0,0.19279797,7.9825096,225,0
atitlan,2026-02-12,688650.0,1620150.0,0.15136665,6.2526317,225,0
atitlan,2026-02-12,688950.0,1620150.0,0.18912074,8.497757,225,0
atitlan,2026-02-12,689250.0,1620150.0,0.18985604,9.288747,225,0
atitlan,2026-02-12,689550.0,1620150.0,0.16995804,8.643071,225,0
atitlan,2026-02-12,689850.0,1620150.0,-0.0631457,1.6716346,225,0
atitlan,2026-02-12,690150.0,1620150.0,-0.0811242,0.91008425,225,0
atitlan,2026-02-12,690450.0,1620150.0,0.06157143,5.565418,225,0
atitlan,2026-02-12,690750.0,1620150.0,0.1364917,7.491983,225,0
atitlan,2026-02-12,691050.0,1620150.0,0.13568299,6.744504,225,0
atitlan,2026-02-12,691350.0,1620150.0,0.17497766,8.317381,225,0
atitlan,2026-02-12,691650.0,1620150.0,0.22180577,10.075315,225,0
atitlan,2026-02-12,691950.0,1620150.0,0.23801668,11.455264,225,0
atitlan,2026-02-12,692250.0,1620150.0,0.24053879,11.420313,225,0
atitlan,2026-02-12,692550.0,1620150.0,0.21180563,9.826567,225,0
atitlan,2026-02-12,692850.0,1620150.0,0.22650999,12.453555,225,1
atitlan,2026-02-12,693150.0,1620150.0,0.2490549,13.199752,225,1
atitlan,2026-02-12,693450.0,1620150.0,0.22729005,10.747322,225,0
atitlan,2026-02-12,693750.0,1620150.0,0.22835642,11.364943,225,0
atitlan,2026-02-12,694050.0,1620150.0,0.225745,10.462055,225,0
atitlan,2026-02-12,694350.0,1620150.0,0.26041982,13.418909,225,1
atitlan,2026-02-12,694650.0,1620150.0,0.2637976,15.012468,225,1
atitlan,2026-02-12,694950.0,1620150.0,0.24692293,12.531873,225,1
atitlan,2026-02-12,695250.0,1620150.0,0.28601366,16.201653,225,1
atitlan,2026-02-12,695550.0,1620150.0,0.25055724,12.676898,225,1
atitlan,2026-02-12,695850.0,1620150.0,0.25287917,12.878836,225,1
atitlan,2026-02-12,696150.0,1620150.0,0.29245564,16.856667,225,1
atitlan,2026-02-12,696450.0,1620150.0,0.2808421,15.716315,225,1
atitlan,2026-02-12,696750.0,1620150.0,0.27954316,16.463413,225,1
atitlan,2026-02-12,697050.0,1620150.0,0.2936107,17.081758,225,1
atitlan,2026-02-12,697350.0,1620150.0,0.27725425,14.976319,225,1
atitlan,2026-02-12,697650.0,1620150.0,0.26692683,13.584352,225,1
atitlan,2026-02-12,697950.0,1620150.0,0.23496039,11.245734,225,0
atitlan,2026-02-12,698250.0,1620150.0,0.21680927,9.984968,225,0
atitlan,2026-02-12,698550.0,1620150.0,0.21986377,10.275216,225,0
atitlan,2026-02-12,698850.0,1620150.0,0.20388575,9.546086,225,0
atitlan,2026-02-12,699150.0,1620150.0,0.22340249,10.952756,225,0
atitlan,2026-02-12,699450.0,1620150.0,0.20329444,10.261749,225,0
atitlan,2026-02-12,699750.0,1620150.0,0.21567184,10.963873,225,0
atitlan,2026-02-12,700050.0,1620150.0,0.101990715,7.482681,225,0
atitlan,2026-02-12,700350.0,1620150.0,-0.07357636,1.3508915,225,0
atitlan,2026-02-12,700650.0,1620150.0,-0.07587182,1.2328519,225,0
atitlan,2026-02-12,700950.0,1620150.0,-0.05799104,1.7707789,225,0
atitlan,2026-02-12,701250.0,1620150.0,0.15222426,6.3375487,225,0
atitlan,2026-02-12,701550.0,1620150.0,0.24264833,12.300703,225,1
atitlan,2026-02-12,701850.0,1620150.0,0.27397767,14.72642,225,1
atitlan,2026-02-12,702150.0,1620150.0,0.2512815,12.809817,225,1
atitlan,2026-02-12,702450.0,1620150.0,0.26922467,15.34406,225,1
atitlan,2026-02-12,702750.0,1620150.0,0.19223255,10.287448,225,0
atitlan,2026-02-12,703050.0,1620150.0,0.24032408,13.296009,225,1
atitlan,2026-02-12,703350.0,1620150.0,0.27609226,15.10102,225,1
atitlan,2026-02-12,703650.0,1620150.0,0.26322925,14.068304,225,1
atitlan,2026-02-12,703950.0,1620150.0,0.17516433,10.660371,225,0
atitlan,2026-02-12,704250.0,1620150.0,0.19022799,9.325346,225,0
atitlan,2026-02-12,704550.0,1620150.0,0.19145949,9.016656,225,0
atitlan,2026-02-12,704850.0,1620150.0,0.19486666,9.095267,225,0
atitlan,2026-02-12,705150.0,1620150.0,0.22864558,10.538582,225,0
atitlan,2026-02-12,705450.0,1620150.0,0.23863733,11.531479,225,0
atitlan,2026-02-12,705750.0,1620150.0,0.23147607,11.586286,225,0
atitlan,2026-02-12,706050.0,1620150.0,0.25867063,14.110367,225,1
atitlan,2026-02-12,706350.0,1620150.0,0.2512841,12.750027,225,1
atitlan,2026-02-12,706650.0,1620150.0,0.25847003,13.640995,225,1
atitlan,2026-02-12,706950.0,1620150.0,0.23781121,11.868875,225,0
atitlan,2026-02-12,707250.0,1620150.0,0.25035617,12.19168,225,1
atitlan,2026-02-12,707550.0,1620150.0,0.14378431,8.137819,225,0
atitlan,2026-02-12,707850.0,1620150.0,0.10063242,5.630805,45,0
atitlan,2026-02-12,680250.0,1620450.0,0.28813002,16.335466,180,1
atitlan,2026-02-12,680550.0,1620450.0,0.24991825,11.861354,225,0
atitlan,2026-02-12,680850.0,1620450.0,0.3112865,19.031487,225,1
atitlan,2026-02-12,681150.0,1620450.0,0.33776307,22.987757,225,1
atitlan,2026-02-12,681450.0,1620450.0,0.3152639,19.42031,225,1
atitlan,2026-02-12,681750.0,1620450.0,0.31769553,20.016071,225,1
atitlan,2026-02-12,682050.0,1620450.0,0.31011248,19.169746,225,1
atitlan,2026-02-12,682350.0,1620450.0,0.30409965,17.882015,225,1
atitlan,2026-02-12,682650.0,1620450.0,0.27430636,15.862635,225,1
atitlan,2026-02-12,682950.0,1620450.0,0.12323035,7.4776483,225,0
atitlan,2026-02-12,683250.0,1620450.0,0.17656207,10.833268,225,0
atitlan,2026-02-12,683550.0,1620450.0,0.24784715,12.782154,225,1
atitlan,2026-02-12,683850.0,1620450.0,0.24875683,11.491326,225,0
atitlan,2026-02-12,684150.0,1620450.0,0.2595452,12.246955,225,1
atitlan,2026-02-12,684450.0,1620450.0,0.26214114,12.849869,225,1
atitlan,2026-02-12,684750.0,1620450.0,0.28470135,16.825193,225,1
atitlan,2026-02-12,685050.0,1620450.0,0.25425088,14.995418,225,1
atitlan,2026-02-12,685350.0,1620450.0,0.272739,17.58488,225,1
atitlan,2026-02-12,685650.0,1620450.0,0.33460638,22.916582,225,1
atitlan,2026-02-12,685950.0,1620450.0,0.33052537,21.867645,225,1
atitlan,2026-02-12,686250.0,1620450.0,0.32377106,20.55719,225,1
atitlan,2026-02-12,686550.0,1620450.0,0.32541627,21.71502,225,1
atitlan,2026-02-12,686850.0,1620450.0,0.3227273,20.285172,225,1
atitlan,2026-02-12,687150.0,1620450.0,0.3134126,18.616339,225,1
atitlan,2026-02-12,687450.0,1620450.0,0.30272838,17.110577,225,1
atitlan,2026-02-12,687750.0,1620450.0,0.2640826,13.080653,225,1
atitlan,2026-02-12,688050.0,1620450.0,0.23299196,10.67338,225,0
atitlan,2026-02-12,688350.0,1620450.0,0.20106325,8.145862,225,0
atitlan,2026-02-12,688650.0,1620450.0,0.1834375,7.501209,225,0
atitlan,2026-02-12,688950.0,1620450.0,0.18376534,8.010933,225,0
atitlan,2026-02-12,689250.0,1620450.0,0.18504462,8.31727,225,0
atitlan,2026-02-12,689550.0,1620450.0,0.21927282,10.56212,225,0
atitlan,2026-02-12,689850.0,1620450.0,0.11601382,5.949856,225,0
atitlan,2026-02-12,690150.0,1620450.0,-0.026821138,2.5662444,225,0
atitlan,2026-02-12,690450.0,1620450.0,-0.022558965,2.9625769,225,0
atitlan,2026-02-12,690750.0,1620450.0,0.14596474,8.807124,225,0
atitlan,2026-02-12,691050.0,1620450.0,0.18267372,8.915112,225,0
atitlan,2026-02-12,691350.0,1620450.0,0.16749753,7.6890283,225,0
atitlan,2026-02-12,691650.0,1620450.0,0.21125573,9.251358,225,0
atitlan,2026-02-12,691950.0,1620450.0,0.20977929,9.945432,225,0
atitlan,2026-02-12,692250.0,1620450.0,0.21555927,11.036585,225,0
atitlan,2026-02-12,692550.0,1620450.0,0.18908076,8.583042,225,0
atitlan,2026-02-12,692850.0,1620450.0,0.18378219,7.777828,225,0
atitlan,2026-02-12,693150.0,1620450.0,0.18393414,7.482065,225,0
atitlan,2026-02-12,693450.0,1620450.0,0.19950013,8.342238,225,0
atitlan,2026-02-12,693750.0,1620450.0,0.21318384,9.182994,225,0
atitlan,2026-02-12,694050.0,1620450.0,0.2114449,9.067086,225,0
atitlan,2026-02-12,694350.0,1620450.0,0.23277245,10.9266205,225,0
atitlan,2026-02-12,694650.0,1620450.0,0.22436863,11.05283,225,0
atitlan,2026-02-12,694950.0,1620450.0,0.22688624,10.62909,225,0
atitlan,2026-02-12,695250.0,1620450.0,0.27033043,14.598658,225,1
atitlan,2026-02-12,695550.0,1620450.0,0.23065938,10.986533,225,0
atitlan,2026-02-12,695850.0,1620450.0,0.24324118,12.950185,225,1
atitlan,2026-02-12,696150.0,1620450.0,0.2606119,13.459318,225,1
atitlan,2026-02-12,696450.0,1620450.0,0.24217404,12.030476,225,1
atitlan,2026-02-12,696750.0,1620450.0,0.25016725,12.301845,225,1
atitlan,2026-02-12,697050.0,1620450.0,0.2543036,13.166881,225,1
atitlan,2026-02-12,697350.0,1620450.0,0.24332684,12.175332,225,1
atitlan,2026-02-12,697650.0,1620450.0,0.24719453,12.412786,225,1
atitlan,2026-02-12,697950.0,1620450.0,0.23451723,10.951783,225,0
atitlan,2026-02-12,698250.0,1620450.0,0.24185844,11.298693,225,0
atitlan,2026-02-12,698550.0,1620450.0,0.22372396,10.214621,225,0
atitlan,2026-02-12,698850.0,1620450.0,0.19637062,8.85819,225,0
atitlan,2026-02-12,699150.0,1620450.0,0.23371916,11.184311,225,0
atitlan,2026-02-12,699450.0,1620450.0,0.24525295,11.8199415,225,0
atitlan,2026-02-12,699750.0,1620450.0,0.19240706,10.055157,225,0
atitlan,2026-02-12,700050.0,1620450.0,0.1174709,8.903593,225,0
atitlan,2026-02-12,700350.0,1620450.0,-0.07176339,1.4645758,225,0
atitlan,2026-02-12,700650.0,1620450.0,-0.07559007,1.2385758,225,0
atitlan,2026-02-12,700950.0,1620450.0,0.0816081,5.5474806,225,0
atitlan,2026-02-12,701250.0,1620450.0,0.19785936,8.005469,225,0
atitlan,2026-02-12,701550.0,1620450.0,0.2317419,12.861433,225,1
atitlan,2026-02-12,701850.0,1620450.0,0.18839367,11.48023,225,0
atitlan,2026-02-12,702150.0,1620450.0,0.2363771,11.154005,225,0
atitlan,2026-02-12,702450.0,1620450.0,0.22086154,11.290597,225,0
atitlan,2026-02-12,702750.0,1620450.0,0.1785355,11.38702,225,0
atitlan,2026-02-12,703050.0,1620450.0,0.23296598,12.246111,225,1
atitlan,2026-02-12,703350.0,1620450.0,0.2565823,14.295873,225,1
atitlan,2026-02-12,703650.0,1620450.0,0.27207243,14.736747,225,1
atitlan,2026-02-12,703950.0,1620450.0,0.13885792,9.365236,225,0
atitlan,2026-02-12,704250.0,1620450.0,0.22114602,12.831092,225,1
atitlan,2026-02-12,704550.0,1620450.0,0.1819879,8.723057,225,0
atitlan,2026-02-12,704850.0,1620450.0,0.18331327,8.871604,225,0
atitlan,2026-02-12,705150.0,1620450.0,0.20989595,9.702583,225,0
atitlan,2026-02-12,705450.0,1620450.0,0.22913377,10.757994,225,0
atitlan,2026-02-12,705750.0,1620450.0,0.19509035,8.007335,225,0
atitlan,2026-02-12,706050.0,1620450.0,0.20556626,8.626553,225,0
atitlan,2026-02-12,706350.0,1620450.0,0.23897545,11.340277,225,0
atitlan,2026-02-12,706650.0,1620450.0,0.24975805,12.281113,225,1
atitlan,2026-02-12,706950.0,1620450.0,0.25732338,12.738487,225,1
atitlan,2026-02-12,707250.0,1620450.0,0.23130947,10.334652,225,0
atitlan,2026-02-12,707550.0,1620450.0,0.23191921,12.334819,225,1
atitlan,2026-02-12,707850.0,1620450.0,0.19996192,14.204634,45,1
atitlan,2026-02-12,680250.0,1620750.0,0.28792554,16.278704,180,1
atitlan,2026-02-12,680550.0,1620750.0,0.30274612,18.265455,225,1
atitlan,2026-02-12,680850.0,1620750.0,0.29040188,15.811051,225,1
atitlan,2026-02-12,681150.0,1620750.0,0.30429757,18.005293,225,1
atitlan,2026-02-12,681450.0,1620750.0,0.27916133,15.227083,225,1
atitlan,2026-02-12,681750.0,1620750.0,0.2526506,14.686242,225,1
atitlan,2026-02-12,682050.0,1620750.0,0.29451284,17.464138,225,1
atitlan,2026-02-12,682350.0,1620750.0,0.28587064,16.12023,225,1
atitlan,2026-02-12,682650.0,1620750.0,0.2821116,16.28291,225,1
atitlan,2026-02-12,682950.0,1620750.0,0.2653734,14.682908,225,1
atitlan,2026-02-12,683250.0,1620750.0,0.18605633,10.762678,225,0
atitlan,2026-02-12,683550.0,1620750.0,0.10162205,6.428452,225,0
atitlan,2026-02-12,683850.0,1620750.0,0.14356485,7.955948,225,0
atitlan,2026-02-12,684150.0,1620750.0,0.2384457,11.341331,225,0
atitlan,2026-02-12,684450.0,1620750.0,0.25824025,14.400847,225,1
atitlan,2026-02-12,684750.0,1620750.0,0.2195454,13.578197,225,1
atitlan,2026-02-12,685050.0,1620750.0,0.31614769,19.438698,225,1
atitlan,2026-02-12,685350.0,1620750.0,0.32411873,20.65204,225,1
atitlan,2026-02-12,685650.0,1620750.0,0.33170223,21.978134,225,1
atitlan,2026-02-12,685950.0,1620750.0,0.3417264,24.003271,225,1
atitlan,2026-02-12,686250.0,1620750.0,0.30896243,18.378086,225,1
atitlan,2026-02-12,686550.0,1620750.0,0.33360878,22.088722,225,1
atitlan,2026-02-12,686850.0,1620750.0,0.33173004,21.88299,225,1
atitlan,2026-02-12,687150.0,1620750.0,0.30343044,17.153019,225,1
atitlan,2026-02-12,687450.0,1620750.0,0.30541885,17.474226,225,1
atitlan,2026-02-12,687750.0,1620750.0,0.2694169,13.409353,225,1
atitlan,2026-02-12,688050.0,1620750.0,0.24516657,11.531945,225,0
atitlan,2026-02-12,688350.0,1620750.0,0.21849081,9.381636,225,0
atitlan,2026-02-12,688650.0,1620750.0,0.20543633,8.899147,225,0
atitlan,2026-02-12,688950.0,1620750.0,0.16999486,7.1848063,225,0
atitlan,2026-02-12,689250.0,1620750.0,0.14650595,6.3944917,225,0
atitlan,2026-02-12,689550.0,1620750.0,0.20256524,9.056541,225,0
atitlan,2026-02-12,689850.0,1620750.0,0.16806127,7.620054,225,0
atitlan,2026-02-12,690150.0,1620750.0,-0.03286095,2.4829037,225,0
atitlan,2026-02-12,690450.0,1620750.0,-0.04026369,2.4059026,225,0
atitlan,2026-02-12,690750.0,1620750.0,0.09626908,6.8443823,225,0
atitlan,2026-02-12,691050.0,1620750.0,0.0917469,5.5451746,225,0
atitlan,2026-02-12,691350.0,1620750.0,0.16279705,7.7357326,225,0
atitlan,2026-02-12,691650.0,1620750.0,0.17032282,7.3078628,225,0
atitlan,2026-02-12,691950.0,1620750.0,0.20474415,9.79085,225,0
atitlan,2026-02-12,692250.0,1620750.0,0.20725238,9.342694,225,0
atitlan,2026-02-12,692550.0,1620750.0,0.16429646,7.531338,225,0
atitlan,2026-02-12,692850.0,1620750.0,0.14931633,7.480208,225,0
atitlan,2026-02-12,693150.0,1620750.0,0.13657911,6.7653875,225,0
atitlan,2026-02-12,693450.0,1620750.0,0.19089954,8.762269,225,0
atitlan,2026-02-12,693750.0,1620750.0,0.18681799,8.583982,225,0
atitlan,2026-02-12,694050.0,1620750.0,0.1883,7.939965,225,0
atitlan,2026-02-12,694350.0,1620750.0,0.19341439,8.544564,225,0
atitlan,2026-02-12,694650.0,1620750.0,0.20995823,9.351473,225,0
atitlan,2026-02-12,694950.0,1620750.0,0.21021985,9.55613,225,0
atitlan,2026-02-12,695250.0,1620750.0,0.23530504,11.208952,225,0
atitlan,2026-02-12,695550.0,1620750.0,0.21505533,10.499058,225,0
atitlan,2026-02-12,695850.0,1620750.0,0.21334076,10.45121,225,0
atitlan,2026-02-12,696150.0,1620750.0,0.2548882,13.635619,225,1
atitlan,2026-02-12,696450.0,1620750.0,0.23233464,13.746766,225,1
atitlan,2026-02-12,696750.0,1620750.0,0.2734752,15.343733,225,1
atitlan,2026-02-12,697050.0,1620750.0,0.20618929,10.739072,225,0
atitlan,2026-02-12,697350.0,1620750.0,0.22436304,11.763521,225,0
atitlan,2026-02-12,697650.0,1620750.0,0.258891,12.947302,225,1
atitlan,2026-02-12,697950.0,1620750.0,0.19910923,9.638066,225,0
atitlan,2026-02-12,698250.0,1620750.0,0.20749685,9.924979,225,0
atitlan,2026-02-12,698550.0,1620750.0,0.21188158,9.966078,225,0
atitlan,2026-02-12,698850.0,1620750.0,0.22236532,10.877564,225,0
atitlan,2026-02-12,699150.0,1620750.0,0.20899422,8.726646,225,0
atitlan,2026-02-12,699450.0,1620750.0,0.2145517,10.291113,225,0
atitlan,2026-02-12,699750.0,1620750.0,0.18104647,9.69626,225,0
atitlan,2026-02-12,700050.0,1620750.0,-0.028174888,2.9668083,225,0
atitlan,2026-02-12,700350.0,1620750.0,-0.08066702,0.95862,225,0
atitlan,2026-02-12,700650.0,1620750.0,-0.08082963,0.9440014,225,0
atitlan,2026-02-12,700950.0,1620750.0,-0.0074208793,3.567292,225,0
atitlan,2026-02-12,701250.0,1620750.0,0.07473299,4.5774355,225,0
atitlan,2026-02-12,701550.0,1620750.0,0.11078489,5.334657,225,0
atitlan,2026-02-12,701850.0,1620750.0,0.21958013,10.464905,225,0
atitlan,2026-02-12,702150.0,1620750.0,0.19817583,9.088873,225,0
atitlan,2026-02-12,702450.0,1620750.0,0.18288958,9.721729,225,0
atitlan,2026-02-12,702750.0,1620750.0,0.21150802,11.651855,225,0
atitlan,2026-02-12,703050.0,1620750.0,0.21900274,11.576417,225,0
atitlan,2026-02-12,703350.0,1620750.0,0.22068869,11.912261,225,0
atitlan,2026-02-12,703650.0,1620750.0,0.28549755,17.367083,225,1
atitlan,2026-02-12,703950.0,1620750.0,0.22093922,13.49925,225,1
atitlan,2026-02-12,704250.0,1620750.0,0.22461925,13.7043,225,1
atitlan,2026-02-12,704550.0,1620750.0,0.20953983,11.818251,225,0
atitlan,2026-02-12,704850.0,1620750.0,0.14254795,6.2044015,225,0
atitlan,2026-02-12,705150.0,1620750.0,0.17660178,7.6845083,225,0
atitlan,2026-02-12,705450.0,1620750.0,0.22037564,9.811868,225,0
atitlan,2026-02-12,705750.0,1620750.0,0.23357931,11.145164,225,0
atitlan,2026-02-12,706050.0,1620750.0,0.20630261,9.363807,225,0
atitlan,2026-02-12,706350.0,1620750.0,0.21180542,9.472759,225,0
atitlan,2026-02-12,706650.0,1620750.0,0.25208125,12.266019,225,1
atitlan,2026-02-12,706950.0,1620750.0,0.2527612,12.982146,225,1
atitlan,2026-02-12,707250.0,1620750.0,0.23861933,12.008346,225,1
atitlan,2026-02-12,707550.0,1620750.0,0.22220227,11.530757,225,0
atitlan,2026-02-12,707850.0,1620750.0,0.15165107,7.2295704,45,0
atitlan,2026-02-12,680250.0,1621050.0,0.29810476,16.846504,180,1
atitlan,2026-02-12,680550.0,1621050.0,0.287118,15.30514,225,1
atitlan,2026-02-12,680850.0,1621050.0,0.27600315,14.207662,225,1
atitlan,2026-02-12,681150.0,1621050.0,0.2783635,14.427735,225,1
atitlan,2026-02-12,681450.0,1621050.0,0.28759092,15.774963,225,1
atitlan,2026-02-12,681750.0,1621050.0,0.28059417,14.535091,225,1
atitlan,2026-02-12,682050.0,1621050.0,0.2457856,13.23575,225,1
atitlan,2026-02-12,682350.0,1621050.0,0.18763828,11.88219,225,0
atitlan,2026-02-12,682650.0,1621050.0,0.25411022,14.171371,225,1
atitlan,2026-02-12,682950.0,1621050.0,0.28247386,15.721942,225,1
atitlan,2026-02-12,683250.0,1621050.0,0.15441497,10.03073,225,0
atitlan,2026-02-12,683550.0,1621050.0,0.2067082,11.551496,225,0
atitlan,2026-02-12,683850.0,1621050.0,0.13149172,8.083963,225,0
atitlan,2026-02-12,684150.0,1621050.0,0.20750415,12.639415,225,1
atitlan,2026-02-12,684450.0,1621050.0,0.28177246,17.728157,225,1
atitlan,2026-02-12,684750.0,1621050.0,0.31910047,20.505125,225,1
atitlan,2026-02-12,685050.0,1621050.0,0.31701553,19.995295,225,1
atitlan,2026-02-12,685350.0,1621050.0,0.29549566,16.735565,225,1
atitlan,2026-02-12,685650.0,1621050.0,0.27615374,14.928452,225,1
atitlan,2026-02-12,685950.0,1621050.0,0.27077636,14.539984,225,1
atitlan,2026-02-12,686250.0,1621050.0,0.25953943,13.451643,225,1
atitlan,2026-02-12,686550.0,1621050.0,0.32788992,21.342888,225,1
atitlan,2026-02-12,686850.0,1621050.0,0.31032544,18.860033,225,1
atitlan,2026-02-12,687150.0,1621050.0,0.29946038,16.91152,225,1
atitlan,2026-02-12,687450.0,1621050.0,0.28032133,14.662548,225,1
atitlan,2026-02-12,687750.0,1621050.0,0.24561454,11.473504,225,0
atitlan,2026-02-12,688050.0,1621050.0,0.2446616,11.738365,225,0
atitlan,2026-02-12,688350.0,1621050.0,0.20384696,8.651795,225,0
atitlan,2026-02-12,688650.0,1621050.0,0.1874228,8.115652,225,0
atitlan,2026-02-12,688950.0,1621050.0,0.1426511,6.1515446,225,0
atitlan,2026-02-12,689250.0,1621050.0,0.14460549,6.8630695,225,0
atitlan,2026-02-12,689550.0,1621050.0,0.11882916,6.6890616,225,0
atitlan,2026-02-12,689850.0,1621050.0,-0.014024741,3.04809,225,0
atitlan,2026-02-12,690150.0,1621050.0,-0.07370015,1.3307242,225,0
atitlan,2026-02-12,690450.0,1621050.0,0.059877764,5.5117354,225,0
atitlan,2026-02-12,690750.0,1621050.0,0.12219536,7.2303805,225,0
atitlan,2026-02-12,691050.0,1621050.0,0.119885035,6.8025374,225,0
atitlan,2026-02-12,691350.0,1621050.0,0.18894745,9.563962,225,0
atitlan,2026-02-12,691650.0,1621050.0,0.14620796,6.9495573,225,0
atitlan,2026-02-12,691950.0,1621050.0,0.1214401,6.183881,225,0
atitlan,2026-02-12,692250.0,1621050.0,0.14296712,7.2663646,225,0
atitlan,2026-02-12,692550.0,1621050.0,0.12844059,6.9067655,225,0
atitlan,2026-02-12,692850.0,1621050.0,0.10509837,6.2999496,225,0
atitlan,2026-02-12,693150.0,1621050.0,0.12449285,6.527227,225,0
atitlan,2026-02-12,693450.0,1621050.0,0.19138196,8.055032,225,0
atitlan,2026-02-12,693750.0,1621050.0,0.19321814,8.289574,225,0
atitlan,2026-02-12,694050.0,1621050.0,0.18456614,7.7492685,225,0
atitlan,2026-02-12,694350.0,1621050.0,0.20562647,8.747256,225,0
atitlan,2026-02-12,694650.0,1621050.0,0.21505874,9.928182,225,0
atitlan,2026-02-12,694950.0,1621050.0,0.18585318,8.471243,225,0
atitlan,2026-02-12,695250.0,1621050.0,0.220258,10.214979,225,0
atitlan,2026-02-12,695550.0,1621050.0,0.21389359,10.693299,225,0
atitlan,2026-02-12,695850.0,1621050.0,0.21554798,10.462403,225,0
atitlan,2026-02-12,696150.0,1621050.0,0.2316586,11.565359,225,0
atitlan,2026-02-12,696450.0,1621050.0,0.23255858,11.971444,225,0
atitlan,2026-02-12,696750.0,1621050.0,0.24368037,12.383673,225,1
atitlan,2026-02-12,697050.0,1621050.0,0.24128301,11.842562,225,0
atitlan,2026-02-12,697350.0,1621050.0,0.22640982,10.089096,225,0
atitlan,2026-02-12,697650.0,1621050.0,0.23853947,10.960552,225,0
atitlan,2026-02-12,697950.0,1621050.0,0.19475007,9.0660095,225,0
atitlan,2026-02-12,698250.0,1621050.0,0.177962,8.07965,225,0
atitlan,2026-02-12,698550.0,1621050.0,0.17371581,8.447411,225,0
atitlan,2026-02-12,698850.0,1621050.0,0.19916144,10.998362,225,0
atitlan,2026-02-12,699150.0,1621050.0,0.09845036,6.5940714,225,0
atitlan,2026-02-12,699450.0,1621050.0,0.036200084,4.9085574,225,0
atitlan,2026-02-12,699750.0,1621050.0,-0.010395586,3.2520769,225,0
atitlan,2026-02-12,700050.0,1621050.0,-0.079626374,1.0095389,225,0
atitlan,2026-02-12,700350.0,1621050.0,-0.082408905,0.87034184,225,0
atitlan,2026-02-12,700650.0,1621050.0,-0.08279719,0.84169394,225,0
atitlan,2026-02-12,700950.0,1621050.0,-0.079834536,0.9942381,225,0
atitlan,2026-02-12,701250.0,1621050.0,-0.0767101,1.1721593,225,0
atitlan,2026-02-12,701550.0,1621050.0,-0.030756326,2.3668323,225,0
atitlan,2026-02-12,701850.0,1621050.0,0.11395616,5.6586647,225,0
atitlan,2026-02-12,702150.0,1621050.0,0.15683854,8.021002,225,0
atitlan,2026-02-12,702450.0,1621050.0,0.1753057,8.734544,225,0
atitlan,2026-02-12,702750.0,1621050.0,0.25881934,13.245409,225,1
atitlan,2026-02-12,703050.0,1621050.0,0.22598647,12.054409,225,1
atitlan,2026-02-12,703350.0,1621050.0,0.25259042,14.928163,225,1
atitlan,2026-02-12,703650.0,1621050.0,0.24387527,15.341411,225,1
atitlan,2026-02-12,703950.0,1621050.0,0.25287497,14.766864,225,1
atitlan,2026-02-12,704250.0,1621050.0,0.28029105,16.957115,225,1
atitlan,2026-02-12,704550.0,1621050.0,0.21534768,14.029727,225,1
atitlan,2026-02-12,704850.0,1621050.0,0.13802655,6.6365485,225,0
atitlan,2026-02-12,705150.0,1621050.0,0.14134312,5.9386473,225,0
atitlan,2026-02-12,705450.0,1621050.0,0.17353646,7.5245256,225,0
atitlan,2026-02-12,705750.0,1621050.0,0.19586094,8.028149,225,0
atitlan,2026-02-12,706050.0,1621050.0,0.21322802,9.969758,225,0
atitlan,2026-02-12,706350.0,1621050.0,0.2261876,10.289883,225,0
atitlan,2026-02-12,706650.0,1621050.0,0.25178438,12.102977,225,1
atitlan,2026-02-12,706950.0,1621050.0,0.22383769,11.325573,225,0
atitlan,2026-02-12,707250.0,1621050.0,0.19000116,10.154686,225,0
atitlan,2026-02-12,707550.0,1621050.0,0.21819432,11.307367,225,0
atitlan,2026-02-12,707850.0,1621050.0,0.18956733,9.540178,45,0
atitlan,2026-02-12,680250.0,1621350.0,0.2873135,15.60208,180,1
atitlan,2026-02-12,680550.0,1621350.0,0.25908622,13.814959,225,1
atitlan,2026-02-12,680850.0,1621350.0,0.25070074,13.077271,225,1
atitlan,2026-02-12,681150.0,1621350.0,0.29955536,17.37957,225,1
atitlan,2026-02-12,681450.0,1621350.0,0.30461955,17.785015,225,1
atitlan,2026-02-12,681750.0,1621350.0,0.23969477,12.793125,225,1
atitlan,2026-02-12,682050.0,1621350.0,0.23604666,13.018221,225,1
atitlan,2026-02-12,682350.0,1621350.0,0.1971767,11.350437,225,0
atitlan,2026-02-12,682650.0,1621350.0,0.25495434,14.346207,225,1
atitlan,2026-02-12,682950.0,1621350.0,0.28754246,15.824307,225,1
atitlan,2026-02-12,683250.0,1621350.0,0.3027356,18.11082,225,1
atitlan,2026-02-12,683550.0,1621350.0,0.29838732,16.969545,225,1
atitlan,2026-02-12,683850.0,1621350.0,0.17747991,10.120811,225,0
atitlan,2026-02-12,684150.0,1621350.0,0.23045875,13.272655,225,1
atitlan,2026-02-12,684450.0,1621350.0,0.20677812,10.736191,225,0
atitlan,2026-02-12,684750.0,1621350.0,0.27156788,13.49913,225,1
atitlan,2026-02-12,685050.0,1621350.0,0.27981398,15.163544,225,1
atitlan,2026-02-12,685350.0,1621350.0,0.28461826,15.492147,225,1
atitlan,2026-02-12,685650.0,1621350.0,0.30521315,17.953096,225,1
atitlan,2026-02-12,685950.0,1621350.0,0.27706352,14.412866,225,1
atitlan,2026-02-12,686250.0,1621350.0,0.22371498,10.134902,225,0
atitlan,2026-02-12,686550.0,1621350.0,0.24809457,12.237981,225,1
atitlan,2026-02-12,686850.0,1621350.0,0.3111883,18.735096,225,1
atitlan,2026-02-12,687150.0,1621350.0,0.28369474,15.146591,225,1
atitlan,2026-02-12,687450.0,1621350.0,0.27410772,14.189478,225,1
atitlan,2026-02-12,687750.0,1621350.0,0.27649578,14.223162,225,1
atitlan,2026-02-12,688050.0,1621350.0,0.25134218,11.8711,225,0
atitlan,2026-02-12,688350.0,1621350.0,0.21101815,8.983277,225,0
atitlan,2026-02-12,688650.0,1621350.0,0.15940456,6.864447,225,0
atitlan,2026-02-12,688950.0,1621350.0,0.15520236,6.96801,225,0
atitlan,2026-02-12,689250.0,1621350.0,0.14724784,6.401001,225,0
atitlan,2026-02-12,689550.0,1621350.0,0.0960013,5.46445,225,0
atitlan,2026-02-12,689850.0,1621350.0,-0.07547839,1.2745646,225,0
atitlan,2026-02-12,690150.0,1621350.0,-0.08248459,0.8428312,225,0
atitlan,2026-02-12,690450.0,1621350.0,-0.083746485,0.7805803,225,0
atitlan,2026-02-12,690750.0,1621350.0,-0.058791447,1.5831889,225,0
atitlan,2026-02-12,691050.0,1621350.0,0.15455027,8.734751,225,0
atitlan,2026-02-12,691350.0,1621350.0,0.03641154,4.3143,225,0
atitlan,2026-02-12,691650.0,1621350.0,0.1790517,8.711859,225,0
atitlan,2026-02-12,691950.0,1621350.0,0.16884391,8.337865,225,0
atitlan,2026-02-12,692250.0,1621350.0,0.13155355,7.973411,225,0
atitlan,2026-02-12,692550.0,1621350.0,0.14136279,7.262034,225,0
atitlan,2026-02-12,692850.0,1621350.0,0.10197998,5.6565075,225,0
atitlan,2026-02-12,693150.0,1621350.0,0.15566438,7.09695,225,0
atitlan,2026-02-12,693450.0,1621350.0,0.20062412,8.948482,225,0
atitlan,2026-02-12,693750.0,1621350.0,0.19275454,8.257023,225,0
atitlan,2026-02-12,694050.0,1621350.0,0.19259371,8.698318,225,0
atitlan,2026-02-12,694350.0,1621350.0,0.17870446,7.5621033,225,0
atitlan,2026-02-12,694650.0,1621350.0,0.20761858,9.045677,225,0
atitlan,2026-02-12,694950.0,1621350.0,0.1716797,7.6192904,225,0
atitlan,2026-02-12,695250.0,1621350.0,0.22441106,10.324352,225,0
atitlan,2026-02-12,695550.0,1621350.0,0.19979319,9.068662,225,0
atitlan,2026-02-12,695850.0,1621350.0,0.22334865,10.247976,225,0
atitlan,2026-02-12,696150.0,1621350.0,0.23737574,11.390127,225,0
atitlan,2026-02-12,696450.0,1621350.0,0.19997647,10.079541,225,0
atitlan,2026-02-12,696750.0,1621350.0,0.2302432,11.052166,225,0
atitlan,2026-02-12,697050.0,1621350.0,0.22203398,10.22051,225,0
atitlan,2026-02-12,697350.0,1621350.0,0.2031616,9.203044,225,0
atitlan,2026-02-12,697650.0,1621350.0,0.16573098,8.273166,225,0
atitlan,2026-02-12,697950.0,1621350.0,0.16708505,7.865283,225,0
atitlan,2026-02-12,698250.0,1621350.0,0.14356355,7.2558045,225,0
atitlan,2026-02-12,698550.0,1621350.0,0.1703184,8.7729645,225,0
atitlan,2026-02-12,698850.0,1621350.0,0.14475799,8.019487,225,0
atitlan,2026-02-12,699150.0,1621350.0,-0.0039306385,3.627672,225,0
atitlan,2026-02-12,699450.0,1621350.0,-0.07902708,1.0528405,225,0
atitlan,2026-02-12,699750.0,1621350.0,-0.081032045,0.9340266,225,0
atitlan,2026-02-12,700050.0,1621350.0,-0.08109708,0.9259087,225,0
atitlan,2026-02-12,700350.0,1621350.0,-0.082090996,0.87905604,225,0
atitlan,2026-02-12,700650.0,1621350.0,-0.0816131,0.9097517,225,0
atitlan,2026-02-12,700950.0,1621350.0,-0.08436817,0.7622156,225,0
atitlan,2026-02-12,701250.0,1621350.0,-0.07927106,1.0403706,225,0
atitlan,2026-02-12,701550.0,1621350.0,-0.07628923,1.202096,225,0
atitlan,2026-02-12,701850.0,1621350.0,0.10216239,5.232407,225,0
atitlan,2026-02-12,702150.0,1621350.0,0.1425754,6.6594753,225,0
atitlan,2026-02-12,702450.0,1621350.0,0.15540907,6.3881683,225,0
atitlan,2026-02-12,702750.0,1621350.0,0.16709341,7.0410185,225,0
atitlan,2026-02-12,703050.0,1621350.0,0.1775187,7.718048,225,0
atitlan,2026-02-12,703350.0,1621350.0,0.16281006,11.171751,225,0
atitlan,2026-02-12,703650.0,1621350.0,0.1893778,12.092437,225,1
atitlan,2026-02-12,703950.0,1621350.0,0.26161698,15.470239,225,1
atitlan,2026-02-12,704250.0,1621350.0,0.24284698,16.23435,225,1
atitlan,2026-02-12,704550.0,1621350.0,0.21500468,12.476289,225,1
atitlan,2026-02-12,704850.0,1621350.0,0.15670092,7.7937074,225,0
atitlan,2026-02-12,705150.0,1621350.0,0.16457726,7.34967,225,0
atitlan,2026-02-12,705450.0,1621350.0,0.18596591,8.291192,225,0
atitlan,2026-02-12,705750.0,1621350.0,0.2263692,10.653018,225,0
atitlan,2026-02-12,706050.0,1621350.0,0.2656511,14.928812,225,1
atitlan,2026-02-12,706350.0,1621350.0,0.2664504,14.499102,225,1
atitlan,2026-02-12,706650.0,1621350.0,0.19505106,10.776669,225,0
atitlan,2026-02-12,706950.0,1621350.0,0.13362958,7.01906,225,0
atitlan,2026-02-12,707250.0,1621350.0,0.18209977,9.733689,225,0
atitlan,2026-02-12,707550.0,1621350.0,0.23147807,12.329474,225,1
atitlan,2026-02-12,707850.0,1621350.0,0.2721265,13.769434,45,1
atitlan,2026-02-12,680250.0,1621650.0,0.25567514,16.346619,180,1
atitlan,2026-02-12,680550.0,1621650.0,0.24135903,14.161225,225,1
atitlan,2026-02-12,680850.0,1621650.0,0.29791164,17.462744,225,1
atitlan,2026-02-12,681150.0,1621650.0,0.31238556,19.126783,225,1
atitlan,2026-02-12,681450.0,1621650.0,0.31262404,19.00444,225,1
atitlan,2026-02-12,681750.0,1621650.0,0.30694067,19.38884,225,1
atitlan,2026-02-12,682050.0,1621650.0,0.27432564,16.337664,225,1
atitlan,2026-02-12,682350.0,1621650.0,0.1683105,10.08184,225,0
atitlan,2026-02-12,682650.0,1621650.0,0.20087656,11.695583,225,0
atitlan,2026-02-12,682950.0,1621650.0,0.27206206,14.623853,225,1
atitlan,2026-02-12,683250.0,1621650.0,0.2495634,12.696654,225,1
atitlan,2026-02-12,683550.0,1621650.0,0.26900968,14.314343,225,1
atitlan,2026-02-12,683850.0,1621650.0,0.21546125,12.727604,225,1
atitlan,2026-02-12,684150.0,1621650.0,0.16070028,9.010649,225,0
atitlan,2026-02-12,684450.0,1621650.0,0.17494468,9.867965,225,0
atitlan,2026-02-12,684750.0,1621650.0,0.24941869,13.902727,225,1
atitlan,2026-02-12,685050.0,1621650.0,0.28987548,16.581211,225,1
atitlan,2026-02-12,685350.0,1621650.0,0.28573415,15.210845,225,1
atitlan,2026-02-12,685650.0,1621650.0,0.27976564,14.718134,225,1
atitlan,2026-02-12,685950.0,1621650.0,0.263642,12.860137,225,1
atitlan,2026-02-12,686250.0,1621650.0,0.2603034,13.273554,225,1
atitlan,2026-02-12,686550.0,1621650.0,0.28430086,15.582394,225,1
atitlan,2026-02-12,686850.0,1621650.0,0.30848655,18.248178,225,1
atitlan,2026-02-12,687150.0,1621650.0,0.29296586,16.37926,225,1
atitlan,2026-02-12,687450.0,1621650.0,0.27982327,14.801319,225,1
atitlan,2026-02-12,687750.0,1621650.0,0.26450372,13.225542,225,1
atitlan,2026-02-12,688050.0,1621650.0,0.23918149,11.115441,225,0
atitlan,2026-02-12,688350.0,1621650.0,0.17829616,7.5099506,225,0
atitlan,2026-02-12,688650.0,1621650.0,0.13956553,6.19081,225,0
atitlan,2026-02-12,688950.0,1621650.0,0.13502124,6.366907,225,0
atitlan,2026-02-12,689250.0,1621650.0,0.1404028,6.473614,225,0
atitlan,2026-02-12,689550.0,1621650.0,0.14611673,6.782166,225,0
atitlan,2026-02-12,689850.0,1621650.0,-0.02034503,3.137408,225,0
atitlan,2026-02-12,690150.0,1621650.0,-0.08308999,0.79697925,225,0
atitlan,2026-02-12,690450.0,1621650.0,-0.0855708,0.6483671,225,0
atitlan,2026-02-12,690750.0,1621650.0,-0.07747311,0.93847114,225,0
atitlan,2026-02-12,691050.0,1621650.0,-0.032213107,2.755209,225,0
atitlan,2026-02-12,691350.0,1621650.0,-0.07826823,1.0838802,225,0
atitlan,2026-02-12,691650.0,1621650.0,0.13985735,8.405031,225,0
atitlan,2026-02-12,691950.0,1621650.0,0.17841962,7.7707376,225,0
atitlan,2026-02-12,692250.0,1621650.0,0.1745119,7.8283696,225,0
atitlan,2026-02-12,692550.0,1621650.0,0.17891438,8.150692,225,0
atitlan,2026-02-12,692850.0,1621650.0,0.18409602,8.726042,225,0
atitlan,2026-02-12,693150.0,1621650.0,0.19577351,9.485892,225,0
atitlan,2026-02-12,693450.0,1621650.0,0.18115619,7.9951987,225,0
atitlan,2026-02-12,693750.0,1621650.0,0.18348621,8.120305,225,0
atitlan,2026-02-12,694050.0,1621650.0,0.1819364,7.75304,225,0
atitlan,2026-02-12,694350.0,1621650.0,0.18961027,8.203195,225,0
atitlan,2026-02-12,694650.0,1621650.0,0.19999196,8.769005,225,0
atitlan,2026-02-12,694950.0,1621650.0,0.19516286,8.599531,225,0
atitlan,2026-02-12,695250.0,1621650.0,0.18895711,8.79317,225,0
atitlan,2026-02-12,695550.0,1621650.0,0.2175115,10.157232,225,0
atitlan,2026-02-12,695850.0,1621650.0,0.22990894,11.54236,225,0
atitlan,2026-02-12,696150.0,1621650.0,0.21339616,10.891242,225,0
atitlan,2026-02-12,696450.0,1621650.0,0.21742192,11.071622,225,0
atitlan,2026-02-12,696750.0,1621650.0,0.23439443,11.847793,225,0
atitlan,2026-02-12,697050.0,1621650.0,0.18924674,8.788248,225,0
atitlan,2026-02-12,697350.0,1621650.0,0.19541697,8.791934,225,0
atitlan,2026-02-12,697650.0,1621650.0,0.17629339,8.049124,225,0
atitlan,2026-02-12,697950.0,1621650.0,0.10663443,6.3214536,225,0
atitlan,2026-02-12,698250.0,1621650.0,0.16710946,9.870038,225,0
atitlan,2026-02-12,698550.0,1621650.0,0.16977839,9.693284,225,0
atitlan,2026-02-12,698850.0,1621650.0,0.1371301,8.704768,225,0
atitlan,2026-02-12,699150.0,1621650.0,-0.065131664,1.6708,225,0
atitlan,2026-02-12,699450.0,1621650.0,-0.081509456,0.91355157,225,0
atitlan,2026-02-12,699750.0,1621650.0,-0.08336826,0.81728286,225,0
atitlan,2026-02-12,700050.0,1621650.0,-0.08073413,0.95354325,225,0
atitlan,2026-02-12,700350.0,1621650.0,-0.08235421,0.8522229,225,0
atitlan,2026-02-12,700650.0,1621650.0,-0.08289322,0.840417,225,0
atitlan,2026-02-12,700950.0,1621650.0,-0.082421534,0.8655407,225,0
atitlan,2026-02-12,701250.0,1621650.0,-0.08075046,0.95233065,225,0
atitlan,2026-02-12,701550.0,1621650.0,-0.071650885,1.2918252,225,0
atitlan,2026-02-12,701850.0,1621650.0,0.09093062,5.159006,225,0
atitlan,2026-02-12,702150.0,1621650.0,0.109773576,5.5103226,225,0
atitlan,2026-02-12,702450.0,1621650.0,0.026295034,3.7006218,225,0
atitlan,2026-02-12,702750.0,1621650.0,0.048364587,4.5870795,225,0
atitlan,2026-02-12,703050.0,1621650.0,0.14618863,6.18535,225,0
atitlan,2026-02-12,703350.0,1621650.0,0.155083,8.746769,225,0
atitlan,2026-02-12,703650.0,1621650.0,0.25012627,15.177491,225,1
atitlan,2026-02-12,703950.0,1621650.0,0.27772507,16.586056,225,1
atitlan,2026-02-12,704250.0,1621650.0,0.25419477,16.128632,225,1
atitlan,2026-02-12,704550.0,1621650.0,0.19520825,11.125707,225,0
atitlan,2026-02-12,704850.0,1621650.0,0.15932183,7.8592987,225,0
atitlan,2026-02-12,705150.0,1621650.0,0.17883718,8.808022,225,0
atitlan,2026-02-12,705450.0,1621650.0,0.18032345,8.829942,225,0
atitlan,2026-02-12,705750.0,1621650.0,0.1637043,7.2743187,225,0
atitlan,2026-02-12,706050.0,1621650.0,0.22568737,10.947054,225,0
atitlan,2026-02-12,706350.0,1621650.0,0.24920468,12.384736,225,1
atitlan,2026-02-12,706650.0,1621650.0,0.21105506,9.211435,225,0
atitlan,2026-02-12,706950.0,1621650.0,0.20137574,10.694051,225,0
atitlan,2026-02-12,707250.0,1621650.0,0.1934117,11.089971,225,0
atitlan,2026-02-12,707550.0,1621650.0,0.15072474,8.341916,225,0
atitlan,2026-02-12,707850.0,1621650.0,0.16169322,8.205749,45,0
atitlan,2026-02-12,680250.0,1621950.0,0.2511219,15.586314,180,1
atitlan,2026-02-12,680550.0,1621950.0,0.33213663,23.550339,225,1
atitlan,2026-02-12,680850.0,1621950.0,0.25238457,16.062443,225,1
atitlan,2026-02-12,681150.0,1621950.0,0.19404219,10.840482,225,0
atitlan,2026-02-12,681450.0,1621950.0,0.30653706,20.387133,225,1
atitlan,2026-02-12,681750.0,1621950.0,0.25764728,13.097198,225,1
atitlan,2026-02-12,682050.0,1621950.0,0.25309166,13.895317,225,1
atitlan,2026-02-12,682350.0,1621950.0,0.15131608,8.314852,225,0
atitlan,2026-02-12,682650.0,1621950.0,0.26060525,14.402511,225,1
atitlan,2026-02-12,682950.0,1621950.0,0.27824047,14.973989,225,1
atitlan,2026-02-12,683250.0,1621950.0,0.29510936,17.030336,225,1
atitlan,2026-02-12,683550.0,1621950.0,0.25323242,12.215257,225,1
atitlan,2026-02-12,683850.0,1621950.0,0.27768958,16.665075,225,1
atitlan,2026-02-12,684150.0,1621950.0,0.18676916,11.55248,225,0
atitlan,2026-02-12,684450.0,1621950.0,0.17375612,10.170077,225,0
atitlan,2026-02-12,684750.0,1621950.0,0.25621548,14.403775,225,1
atitlan,2026-02-12,685050.0,1621950.0,0.28482786,15.361218,225,1
atitlan,2026-02-12,685350.0,1621950.0,0.23934501,13.341774,225,1
atitlan,2026-02-12,685650.0,1621950.0,0.26523122,13.620086,225,1
atitlan,2026-02-12,685950.0,1621950.0,0.2969601,16.799171,225,1
atitlan,2026-02-12,686250.0,1621950.0,0.28605953,16.181059,225,1
atitlan,2026-02-12,686550.0,1621950.0,0.2714456,14.633004,225,1
atitlan,2026-02-12,686850.0,1621950.0,0.27948925,15.229517,225,1
atitlan,2026-02-12,687150.0,1621950.0,0.28846106,15.8410015,225,1
atitlan,2026-02-12,687450.0,1621950.0,0.2789155,14.43265,225,1
atitlan,2026-02-12,687750.0,1621950.0,0.24940008,11.892466,225,0
atitlan,2026-02-12,688050.0,1621950.0,0.23652789,10.6828375,225,0
atitlan,2026-02-12,688350.0,1621950.0,0.19476296,8.017747,225,0
atitlan,2026-02-12,688650.0,1621950.0,0.16871001,6.725052,225,0
atitlan,2026-02-12,688950.0,1621950.0,0.15078406,6.456635,225,0
atitlan,2026-02-12,689250.0,1621950.0,0.14861052,6.3940005,225,0
atitlan,2026-02-12,689550.0,1621950.0,0.08905206,5.3116417,225,0
atitlan,2026-02-12,689850.0,1621950.0,-0.047264006,1.9660567,225,0
atitlan,2026-02-12,690150.0,1621950.0,-0.07990549,0.9996662,225,0
atitlan,2026-02-12,690450.0,1621950.0,-0.08320176,0.7930904,225,0
atitlan,2026-02-12,690750.0,1621950.0,-0.07599918,1.231583,225,0
atitlan,2026-02-12,691050.0,1621950.0,-0.07783344,1.1055993,225,0
atitlan,2026-02-12,691350.0,1621950.0,-0.07133862,1.3550328,225,0
atitlan,2026-02-12,691650.0,1621950.0,0.03140621,4.765509,225,0
atitlan,2026-02-12,691950.0,1621950.0,0.010285121,3.9115062,225,0
atitlan,2026-02-12,692250.0,1621950.0,0.09204858,7.7318544,225,0
atitlan,2026-02-12,692550.0,1621950.0,0.20263414,10.254414,225,0
atitlan,2026-02-12,692850.0,1621950.0,0.03450099,5.081605,225,0
atitlan,2026-02-12,693150.0,1621950.0,0.09842555,6.832803,225,0
atitlan,2026-02-12,693450.0,1621950.0,0.1983863,9.283075,225,0
atitlan,2026-02-12,693750.0,1621950.0,0.15642792,7.829532,225,0
atitlan,2026-02-12,694050.0,1621950.0,0.21774597,10.09595,225,0
atitlan,2026-02-12,694350.0,1621950.0,0.20137501,8.5794735,225,0
atitlan,2026-02-12,694650.0,1621950.0,0.18484998,8.040156,225,0
atitlan,2026-02-12,694950.0,1621950.0,0.2045609,9.341568,225,0
atitlan,2026-02-12,695250.0,1621950.0,0.24102451,11.699375,225,0
atitlan,2026-02-12,695550.0,1621950.0,0.22379254,10.304391,225,0
atitlan,2026-02-12,695850.0,1621950.0,0.21748523,10.169366,225,0
atitlan,2026-02-12,696150.0,1621950.0,0.19077066,8.975933,225,0
atitlan,2026-02-12,696450.0,1621950.0,0.100745656,5.7276487,225,0
atitlan,2026-02-12,696750.0,1621950.0,0.19745214,9.368555,225,0
atitlan,2026-02-12,697050.0,1621950.0,0.20513065,9.013924,225,0
atitlan,2026-02-12,697350.0,1621950.0,0.1682875,7.511358,225,0
atitlan,2026-02-12,697650.0,1621950.0,0.14135751,7.265676,225,0
atitlan,2026-02-12,697950.0,1621950.0,0.16808973,9.980064,225,0
atitlan,2026-02-12,698250.0,1621950.0,0.1385209,8.705818,225,0
atitlan,2026-02-12,698550.0,1621950.0,-0.031663533,2.8602586,225,0
atitlan,2026-02-12,698850.0,1621950.0,0.20028122,10.58973,225,0
atitlan,2026-02-12,699150.0,1621950.0,0.059536453,5.3706923,225,0
atitlan,2026-02-12,699450.0,1621950.0,-0.07934193,1.0385985,225,0
atitlan,2026-02-12,699750.0,1621950.0,-0.08019376,0.9861574,225,0
atitlan,2026-02-12,700050.0,1621950.0,-0.08213146,0.876191,225,0
atitlan,2026-02-12,700350.0,1621950.0,-0.08177388,0.89450896,225,0
atitlan,2026-02-12,700650.0,1621950.0,-0.081968665,0.8871196,225,0
atitlan,2026-02-12,700950.0,1621950.0,-0.08264449,0.86708874,225,0
atitlan,2026-02-12,701250.0,1621950.0,-0.08399529,0.7697597,225,0
atitlan,2026-02-12,701550.0,1621950.0,-0.081919126,0.9012108,225,0
atitlan,2026-02-12,701850.0,1621950.0,-0.07952578,1.0178305,225,0
atitlan,2026-02-12,702150.0,1621950.0,-0.07884329,1.0620247,225,0
atitlan,2026-02-12,702450.0,1621950.0,-0.07670096,1.1925561,225,0
atitlan,2026-02-12,702750.0,1621950.0,-0.032543167,2.7279124,225,0
atitlan,2026-02-12,703050.0,1621950.0,0.16512899,6.974368,225,0
atitlan,2026-02-12,703350.0,1621950.0,0.17290178,7.0264025,225,0
atitlan,2026-02-12,703650.0,1621950.0,0.1264042,8.139447,225,0
atitlan,2026-02-12,703950.0,1621950.0,0.13557763,8.393686,225,0
atitlan,2026-02-12,704250.0,1621950.0,0.24250993,14.018709,225,1
atitlan,2026-02-12,704550.0,1621950.0,0.20598671,11.5174675,225,0
atitlan,2026-02-12,704850.0,1621950.0,0.16038291,8.527178,225,0
atitlan,2026-02-12,705150.0,1621950.0,0.14069997,6.3231115,225,0
atitlan,2026-02-12,705450.0,1621950.0,0.14920667,7.218694,225,0
atitlan,2026-02-12,705750.0,1621950.0,0.16644655,7.119994,225,0
atitlan,2026-02-12,706050.0,1621950.0,0.21059407,9.550231,225,0
atitlan,2026-02-12,706350.0,1621950.0,0.257606,12.848582,225,1
atitlan,2026-02-12,706650.0,1621950.0,0.23932387,10.789142,225,0
atitlan,2026-02-12,706950.0,1621950.0,0.2164145,9.310255,225,0
atitlan,2026-02-12,707250.0,1621950.0,0.19612467,9.609849,225,0
atitlan,2026-02-12,707550.0,1621950.0,0.18119593,9.095269,225,0
atitlan,2026-02-12,707850.0,1621950.0,0.24819826,12.387234,45,1
atitlan,2026-02-12,680250.0,1622250.0,0.29647636,18.67731,180,1
atitlan,2026-02-12,680550.0,1622250.0,0.25480992,16.264511,225,1
atitlan,2026-02-12,680850.0,1622250.0,0.16815725,9.245766,225,0
atitlan,2026-02-12,681150.0,1622250.0,0.11290713,6.9843893,225,0
atitlan,2026-02-12,681450.0,1622250.0,0.25301084,14.566337,225,1
atitlan,2026-02-12,681750.0,1622250.0,0.26852888,14.034303,225,1
atitlan,2026-02-12,682050.0,1622250.0,0.2590404,13.166226,225,1
atitlan,2026-02-12,682350.0,1622250.0,0.20763704,12.216929,225,1
atitlan,2026-02-12,682650.0,1622250.0,0.26597083,14.068502,225,1
atitlan,2026-02-12,682950.0,1622250.0,0.25487068,13.309053,225,1
atitlan,2026-02-12,683250.0,1622250.0,0.25741872,13.886962,225,1
atitlan,2026-02-12,683550.0,1622250.0,0.19323674,8.563864,225,0
atitlan,2026-02-12,683850.0,1622250.0,0.2745863,16.167309,225,1
atitlan,2026-02-12,684150.0,1622250.0,0.2383596,13.708706,225,1
atitlan,2026-02-12,684450.0,1622250.0,0.20042053,11.490471,225,0
atitlan,2026-02-12,684750.0,1622250.0,0.24919435,13.396138,225,1
atitlan,2026-02-12,685050.0,1622250.0,0.2750292,15.276491,225,1
atitlan,2026-02-12,685350.0,1622250.0,0.28133848,14.607731,225,1
atitlan,2026-02-12,685650.0,1622250.0,0.2842662,15.133413,225,1
atitlan,2026-02-12,685950.0,1622250.0,0.27624246,14.274708,225,1
atitlan,2026-02-12,686250.0,1622250.0,0.24188544,10.611684,225,0
atitlan,2026-02-12,686550.0,1622250.0,0.2467765,11.2891035,225,0
atitlan,2026-02-12,686850.0,1622250.0,0.2536663,11.994292,225,0
atitlan,2026-02-12,687150.0,1622250.0,0.26202404,12.69388,225,1
atitlan,2026-02-12,687450.0,1622250.0,0.24160081,11.213561,225,0
atitlan,2026-02-12,687750.0,1622250.0,0.22401154,10.045097,225,0
atitlan,2026-02-12,688050.0,1622250.0,0.21318805,9.541769,225,0
atitlan,2026-02-12,688350.0,1622250.0,0.20030665,8.534085,225,0
atitlan,2026-02-12,688650.0,1622250.0,0.15997651,6.789924,225,0
atitlan,2026-02-12,688950.0,1622250.0,0.14956814,6.249901,225,0
atitlan,2026-02-12,689250.0,1622250.0,0.13951951,5.7461042,225,0
atitlan,2026-02-12,689550.0,1622250.0,-0.028228011,2.5703933,225,0
atitlan,2026-02-12,689850.0,1622250.0,-0.077235565,1.1471462,225,0
atitlan,2026-02-12,690150.0,1622250.0,-0.0825689,0.81968766,225,0
atitlan,2026-02-12,690450.0,1622250.0,-0.08137529,0.9092234,225,0
atitlan,2026-02-12,690750.0,1622250.0,-0.085680805,0.66528845,225,0
atitlan,2026-02-12,691050.0,1622250.0,-0.082854606,0.8198923,225,0
atitlan,2026-02-12,691350.0,1622250.0,-0.085893564,0.63979596,225,0
atitlan,2026-02-12,691650.0,1622250.0,-0.08193918,0.87374055,225,0
atitlan,2026-02-12,691950.0,1622250.0,-0.08230064,0.83893764,225,0
atitlan,2026-02-12,692250.0,1622250.0,-0.027760157,2.5664752,225,0
atitlan,2026-02-12,692550.0,1622250.0,-0.005573422,3.143308,225,0
atitlan,2026-02-12,692850.0,1622250.0,0.051487427,5.293785,225,0
atitlan,2026-02-12,693150.0,1622250.0,-0.016419863,2.7056618,225,0
atitlan,2026-02-12,693450.0,1622250.0,-0.046589453,2.0691612,225,0
atitlan,2026-02-12,693750.0,1622250.0,-0.054677643,1.9974936,225,0
atitlan,2026-02-12,694050.0,1622250.0,0.19508453,10.787603,225,0
atitlan,2026-02-12,694350.0,1622250.0,0.19816695,8.494982,225,0
atitlan,2026-02-12,694650.0,1622250.0,0.19861712,8.250744,225,0
atitlan,2026-02-12,694950.0,1622250.0,0.2080808,9.531646,225,0
atitlan,2026-02-12,695250.0,1622250.0,0.22672218,10.64801,225,0
atitlan,2026-02-12,695550.0,1622250.0,0.20468704,9.340632,225,0
atitlan,2026-02-12,695850.0,1622250.0,0.22284885,10.414276,225,0
atitlan,2026-02-12,696150.0,1622250.0,0.190543,8.348172,225,0
atitlan,2026-02-12,696450.0,1622250.0,0.20346566,9.215231,225,0
atitlan,2026-02-12,696750.0,1622250.0,0.14836426,6.841566,225,0
atitlan,2026-02-12,697050.0,1622250.0,0.16623187,7.466162,225,0
atitlan,2026-02-12,697350.0,1622250.0,0.14814758,6.8948565,225,0
atitlan,2026-02-12,697650.0,1622250.0,0.104944475,6.471305,225,0
atitlan,2026-02-12,697950.0,1622250.0,0.084684566,6.8377423,225,0
atitlan,2026-02-12,698250.0,1622250.0,-0.012270286,3.4005797,225,0
atitlan,2026-02-12,698550.0,1622250.0,-0.07138246,1.422988,225,0
atitlan,2026-02-12,698850.0,1622250.0,0.08312213,7.065974,225,0
atitlan,2026-02-12,699150.0,1622250.0,-0.057022132,2.0128653,225,0
atitlan,2026-02-12,699450.0,1622250.0,-0.08317744,0.83449316,225,0
atitlan,2026-02-12,699750.0,1622250.0,-0.085560545,0.69297004,225,0
atitlan,2026-02-12,700050.0,1622250.0,-0.08396566,0.77673,225,0
atitlan,2026-02-12,700350.0,1622250.0,-0.082883626,0.84325516,225,0
atitlan,2026-02-12,700650.0,1622250.0,-0.082842186,0.8427531,225,0
atitlan,2026-02-12,700950.0,1622250.0,-0.084955856,0.72810125,225,0
atitlan,2026-02-12,701250.0,1622250.0,-0.084390074,0.76239073,225,0
atitlan,2026-02-12,701550.0,1622250.0,-0.08376203,0.78608084,225,0
atitlan,2026-02-12,701850.0,1622250.0,-0.08395582,0.7936607,225,0
atitlan,2026-02-12,702150.0,1622250.0,-0.08300899,0.8393445,225,0
atitlan,2026-02-12,702450.0,1622250.0,-0.08132399,0.9446016,225,0
atitlan,2026-02-12,702750.0,1622250.0,-0.040479485,2.3460662,225,0
atitlan,2026-02-12,703050.0,1622250.0,0.15128767,6.312915,225,0
atitlan,2026-02-12,703350.0,1622250.0,0.19355223,8.560822,225,0
atitlan,2026-02-12,703650.0,1622250.0,0.17243432,9.574022,225,0
atitlan,2026-02-12,703950.0,1622250.0,0.16393848,9.954116,225,0
atitlan,2026-02-12,704250.0,1622250.0,0.25993794,15.297591,225,1
atitlan,2026-02-12,704550.0,1622250.0,0.2384326,14.103334,225,1
atitlan,2026-02-12,704850.0,1622250.0,0.15370065,9.044025,225,0
atitlan,2026-02-12,705150.0,1622250.0,0.14273572,6.7383637,225,0
atitlan,2026-02-12,705450.0,1622250.0,0.13021272,6.330776,225,0
atitlan,2026-02-12,705750.0,1622250.0,0.1704813,7.9955416,225,0
atitlan,2026-02-12,706050.0,1622250.0,0.19024304,8.796502,225,0
atitlan,2026-02-12,706350.0,1622250.0,0.19482364,9.318146,225,0
atitlan,2026-02-12,706650.0,1622250.0,0.20747036,10.335396,225,0
atitlan,2026-02-12,706950.0,1622250.0,0.22328275,10.705506,225,0
atitlan,2026-02-12,707250.0,1622250.0,0.22911042,11.115598,225,0
atitlan,2026-02-12,707550.0,1622250.0,0.24194793,12.587511,225,1
atitlan,2026-02-12,707850.0,1622250.0,0.21292377,10.577361,45,0
atitlan,2026-02-12,680250.0,1622550.0,0.27862743,16.551792,180,1
atitlan,2026-02-12,680550.0,1622550.0,0.24568155,14.118239,225,1
atitlan,2026-02-12,680850.0,1622550.0,0.19555755,12.115902,225,1
atitlan,2026-02-12,681150.0,1622550.0,0.11788577,8.594906,225,0
atitlan,2026-02-12,681450.0,1622550.0,0.2540709,14.952867,225,1
atitlan,2026-02-12,681750.0,1622550.0,0.27006674,15.536,225,1
atitlan,2026-02-12,682050.0,1622550.0,0.25098342,13.260486,225,1
atitlan,2026-02-12,682350.0,1622550.0,0.24452342,13.143478,225,1
atitlan,2026-02-12,682650.0,1622550.0,0.2663956,14.145102,225,1
atitlan,2026-02-12,682950.0,1622550.0,0.25845382,13.348132,225,1
atitlan,2026-02-12,683250.0,1622550.0,0.2901867,15.914416,225,1
atitlan,2026-02-12,683550.0,1622550.0,0.26850754,13.789889,225,1
atitlan,2026-02-12,683850.0,1622550.0,0.22545905,11.498174,225,0
atitlan,2026-02-12,684150.0,1622550.0,0.26646343,16.295525,225,1
atitlan,2026-02-12,684450.0,1622550.0,0.19592114,11.663446,225,0
atitlan,2026-02-12,684750.0,1622550.0,0.2585387,15.390854,225,1
atitlan,2026-02-12,685050.0,1622550.0,0.30024767,17.282547,225,1
atitlan,2026-02-12,685350.0,1622550.0,0.2594665,13.382396,225,1
atitlan,2026-02-12,685650.0,1622550.0,0.25244957,13.10734,225,1
atitlan,2026-02-12,685950.0,1622550.0,0.26710057,13.21605,225,1
atitlan,2026-02-12,686250.0,1622550.0,0.25205705,11.458902,225,0
atitlan,2026-02-12,686550.0,1622550.0,0.25569993,11.62683,225,0
atitlan,2026-02-12,686850.0,1622550.0,0.25323418,12.28703,225,1
atitlan,2026-02-12,687150.0,1622550.0,0.21618022,10.140919,225,0
atitlan,2026-02-12,687450.0,1622550.0,0.20836702,9.32526,225,0
atitlan,2026-02-12,687750.0,1622550.0,0.20649053,9.773412,225,0
atitlan,2026-02-12,688050.0,1622550.0,0.21287923,9.233643,225,0
atitlan,2026-02-12,688350.0,1622550.0,0.17029434,7.2839684,225,0
atitlan,2026-02-12,688650.0,1622550.0,0.1782878,7.530145,225,0
atitlan,2026-02-12,688950.0,1622550.0,0.14632851,6.0645175,225,0
atitlan,2026-02-12,689250.0,1622550.0,0.10208965,5.3533125,225,0
atitlan,2026-02-12,689550.0,1622550.0,-0.075428754,1.2319877,225,0
atitlan,2026-02-12,689850.0,1622550.0,-0.08579794,0.65229464,225,0
atitlan,2026-02-12,690150.0,1622550.0,-0.08750311,0.53896755,225,0
atitlan,2026-02-12,690450.0,1622550.0,-0.08456543,0.71264285,225,0
atitlan,2026-02-12,690750.0,1622550.0,-0.08707279,0.58973694,225,0
atitlan,2026-02-12,691050.0,1622550.0,-0.08401568,0.74251074,225,0
atitlan,2026-02-12,691350.0,1622550.0,-0.083415546,0.7938681,225,0
atitlan,2026-02-12,691650.0,1622550.0,-0.08162162,0.8898432,225,0
atitlan,2026-02-12,691950.0,1622550.0,-0.08281208,0.8291969,225,0
atitlan,2026-02-12,692250.0,1622550.0,-0.08173791,0.873842,225,0
atitlan,2026-02-12,692550.0,1622550.0,-0.077771656,1.1215621,225,0
atitlan,2026-02-12,692850.0,1622550.0,-0.076590374,1.1899818,225,0
atitlan,2026-02-12,693150.0,1622550.0,-0.07915847,1.0443258,225,0
atitlan,2026-02-12,693450.0,1622550.0,-0.08110637,0.9306081,225,0
atitlan,2026-02-12,693750.0,1622550.0,-0.074312694,1.316563,225,0
atitlan,2026-02-12,694050.0,1622550.0,0.16080508,9.067483,225,0
atitlan,2026-02-12,694350.0,1622550.0,0.20658512,8.697211,225,0
atitlan,2026-02-12,694650.0,1622550.0,0.22137307,9.805028,225,0
atitlan,2026-02-12,694950.0,1622550.0,0.20825252,9.279802,225,0
atitlan,2026-02-12,695250.0,1622550.0,0.20887338,9.307927,225,0
atitlan,2026-02-12,695550.0,1622550.0,0.17674258,8.059026,225,0
atitlan,2026-02-12,695850.0,1622550.0,0.18837015,8.342426,225,0
atitlan,2026-02-12,696150.0,1622550.0,0.20214893,8.3139305,225,0
atitlan,2026-02-12,696450.0,1622550.0,0.20491436,8.618268,225,0
atitlan,2026-02-12,696750.0,1622550.0,0.19525477,8.465417,225,0
atitlan,2026-02-12,697050.0,1622550.0,0.15012927,7.2835526,225,0
atitlan,2026-02-12,697350.0,1622550.0,0.11243704,6.4748015,225,0
atitlan,2026-02-12,697650.0,1622550.0,0.052298784,5.917319,225,0
atitlan,2026-02-12,697950.0,1622550.0,-0.07419452,1.3123332,225,0
atitlan,2026-02-12,698250.0,1622550.0,-0.07535391,1.2458237,225,0
atitlan,2026-02-12,698550.0,1622550.0,-0.07965551,1.0235858,225,0
atitlan,2026-02-12,698850.0,1622550.0,-0.07744514,1.1337267,225,0
atitlan,2026-02-12,699150.0,1622550.0,-0.080450684,0.9787953,225,0
atitlan,2026-02-12,699450.0,1622550.0,-0.08502912,0.7301122,225,0
atitlan,2026-02-12,699750.0,1622550.0,-0.08658275,0.6515217,225,0
atitlan,2026-02-12,700050.0,1622550.0,-0.08548625,0.7337199,225,0
atitlan,2026-02-12,700350.0,1622550.0,-0.08347879,0.8178361,225,0
atitlan,2026-02-12,700650.0,1622550.0,-0.08510271,0.7185202,225,0
atitlan,2026-02-12,700950.0,1622550.0,-0.08464968,0.7530294,225,0
atitlan,2026-02-12,701250.0,1622550.0,-0.08350956,0.81863433,225,0
atitlan,2026-02-12,701550.0,1622550.0,-0.08230337,0.8788734,225,0
atitlan,2026-02-12,701850.0,1622550.0,-0.082066365,0.88679755,225,0
atitlan,2026-02-12,702150.0,1622550.0,-0.07957546,1.0210115,225,0
atitlan,2026-02-12,702450.0,1622550.0,-0.07778439,1.1122369,225,0
atitlan,2026-02-12,702750.0,1622550.0,-0.018357333,2.6713796,225,0
atitlan,2026-02-12,703050.0,1622550.0,0.13760814,6.3224187,225,0
atitlan,2026-02-12,703350.0,1622550.0,0.19686429,8.648925,225,0
atitlan,2026-02-12,703650.0,1622550.0,0.21899745,10.223276,225,0
atitlan,2026-02-12,703950.0,1622550.0,0.1861039,10.985841,225,0
atitlan,2026-02-12,704250.0,1622550.0,0.23616683,13.502814,225,1
atitlan,2026-02-12,704550.0,1622550.0,0.21817155,12.887571,225,1
atitlan,2026-02-12,704850.0,1622550.0,0.13563685,7.485343,225,0
atitlan,2026-02-12,705150.0,1622550.0,0.12843622,6.681923,225,0
atitlan,2026-02-12,705450.0,1622550.0,0.1686252,8.5416975,225,0
atitlan,2026-02-12,705750.0,1622550.0,0.18187238,8.371486,225,0
atitlan,2026-02-12,706050.0,1622550.0,0.21321908,9.742567,225,0
atitlan,2026-02-12,706350.0,1622550.0,0.22800976,12.465882,225,1
atitlan,2026-02-12,706650.0,1622550.0,0.24401444,13.075956,225,1
atitlan,2026-02-12,706950.0,1622550.0,0.25093383,13.0880785,225,1
atitlan,2026-02-12,707250.0,1622550.0,0.24006441,11.758041,225,0
atitlan,2026-02-12,707550.0,1622550.0,0.2174354,11.299263,225,0
atitlan,2026-02-12,707850.0,1622550.0,0.16584761,8.262102,45,0
atitlan,2026-02-12,680250.0,1622850.0,0.29543102,18.659689,180,1
atitlan,2026-02-12,680550.0,1622850.0,0.27166787,16.480976,225,1
atitlan,2026-02-12,680850.0,1622850.0,0.23765975,13.087243,225,1
atitlan,2026-02-12,681150.0,1622850.0,0.20123227,11.829272,225,0
atitlan,2026-02-12,681450.0,1622850.0,0.25847462,15.441713,225,1
atitlan,2026-02-12,681750.0,1622850.0,0.20861068,10.717552,225,0
atitlan,2026-02-12,682050.0,1622850.0,0.2455831,12.895058,225,1
atitlan,2026-02-12,682350.0,1622850.0,0.23975307,12.332521,225,1
atitlan,2026-02-12,682650.0,1622850.0,0.2514344,12.738491,225,1
atitlan,2026-02-12,682950.0,1622850.0,0.2655809,14.296149,225,1
atitlan,2026-02-12,683250.0,1622850.0,0.28493798,15.456005,225,1
atitlan,2026-02-12,683550.0,1622850.0,0.26995906,14.405778,225,1
atitlan,2026-02-12,683850.0,1622850.0,0.26334,12.961252,225,1
atitlan,2026-02-12,684150.0,1622850.0,0.29774824,17.528418,225,1
atitlan,2026-02-12,684450.0,1622850.0,0.26334932,15.888506,225,1
atitlan,2026-02-12,684750.0,1622850.0,0.2757665,16.61379,225,1
atitlan,2026-02-12,685050.0,1622850.0,0.2860728,17.129889,225,1
atitlan,2026-02-12,685350.0,1622850.0,0.25099492,12.965365,225,1
atitlan,2026-02-12,685650.0,1622850.0,0.2234218,13.542468,225,1
atitlan,2026-02-12,685950.0,1622850.0,0.26937163,13.989669,225,1
atitlan,2026-02-12,686250.0,1622850.0,0.25784138,12.212463,225,1
atitlan,2026-02-12,686550.0,1622850.0,0.26475942,12.869895,225,1
atitlan,2026-02-12,686850.0,1622850.0,0.20629841,9.277255,225,0
atitlan,2026-02-12,687150.0,1622850.0,0.21229163,9.686889,225,0
atitlan,2026-02-12,687450.0,1622850.0,0.23863429,11.292066,225,0
atitlan,2026-02-12,687750.0,1622850.0,0.17527184,7.44528,225,0
atitlan,2026-02-12,688050.0,1622850.0,0.18500201,8.157892,225,0
atitlan,2026-02-12,688350.0,1622850.0,0.16039744,7.261349,225,0
atitlan,2026-02-12,688650.0,1622850.0,0.17460223,7.0195994,225,0
atitlan,2026-02-12,688950.0,1622850.0,0.16494453,6.683365,225,0
atitlan,2026-02-12,689250.0,1622850.0,0.08776004,4.996552,225,0
atitlan,2026-02-12,689550.0,1622850.0,-0.07777978,1.1152225,225,0
atitlan,2026-02-12,689850.0,1622850.0,-0.08381333,0.7515299,225,0
atitlan,2026-02-12,690150.0,1622850.0,-0.08341722,0.7825145,225,0
atitlan,2026-02-12,690450.0,1622850.0,-0.08583344,0.66440135,225,0
atitlan,2026-02-12,690750.0,1622850.0,-0.08304657,0.8189864,225,0
atitlan,2026-02-12,691050.0,1622850.0,-0.079230204,1.0264249,225,0
atitlan,2026-02-12,691350.0,1622850.0,-0.0801991,0.971763,225,0
atitlan,2026-02-12,691650.0,1622850.0,-0.08047255,0.9656718,225,0
atitlan,2026-02-12,691950.0,1622850.0,-0.08136698,0.9373513,225,0
atitlan,2026-02-12,692250.0,1622850.0,-0.08091811,0.94699425,225,0
atitlan,2026-02-12,692550.0,1622850.0,-0.083583444,0.8097873,225,0
atitlan,2026-02-12,692850.0,1622850.0,-0.08082224,0.9457008,225,0
atitlan,2026-02-12,693150.0,1622850.0,-0.0820918,0.87860227,225,0
atitlan,2026-02-12,693450.0,1622850.0,-0.081304245,0.9277692,225,0
atitlan,2026-02-12,693750.0,1622850.0,-0.07944464,1.0176612,225,0
atitlan,2026-02-12,694050.0,1622850.0,0.028584717,5.6055703,225,0
atitlan,2026-02-12,694350.0,1622850.0,0.10394215,7.129601,225,0
atitlan,2026-02-12,694650.0,1622850.0,0.14795509,8.084034,225,0
atitlan,2026-02-12,694950.0,1622850.0,0.08249641,6.2150416,225,0
atitlan,2026-02-12,695250.0,1622850.0,0.16534163,8.300856,225,0
atitlan,2026-02-12,695550.0,1622850.0,0.19753002,9.34343,225,0
atitlan,2026-02-12,695850.0,1622850.0,0.12966631,7.2892685,225,0
atitlan,2026-02-12,696150.0,1622850.0,0.16375035,8.477965,225,0
atitlan,2026-02-12,696450.0,1622850.0,0.117106915,7.2697234,225,0
atitlan,2026-02-12,696750.0,1622850.0,0.14967659,7.468469,225,0
atitlan,2026-02-12,697050.0,1622850.0,0.15020539,7.2970967,225,0
atitlan,2026-02-12,697350.0,1622850.0,0.10321003,5.995165,225,0
atitlan,2026-02-12,697650.0,1622850.0,0.09045477,7.343668,225,0
atitlan,2026-02-12,697950.0,1622850.0,-0.07921611,1.0427533,225,0
atitlan,2026-02-12,698250.0,1622850.0,-0.078417554,1.0840242,225,0
atitlan,2026-02-12,698550.0,1622850.0,-0.084439345,0.7540383,225,0
atitlan,2026-02-12,698850.0,1622850.0,-0.083112694,0.8478689,225,0
atitlan,2026-02-12,699150.0,1622850.0,-0.080990516,0.9400039,225,0
atitlan,2026-02-12,699450.0,1622850.0,-0.08197071,0.8869126,225,0
atitlan,2026-02-12,699750.0,1622850.0,-0.0817995,0.89157027,225,0
atitlan,2026-02-12,700050.0,1622850.0,-0.07885537,1.0689659,225,0
atitlan,2026-02-12,700350.0,1622850.0,-0.07877778,1.066176,225,0
atitlan,2026-02-12,700650.0,1622850.0,-0.081853986,0.906159,225,0
atitlan,2026-02-12,700950.0,1622850.0,-0.08306188,0.8444338,225,0
atitlan,2026-02-12,701250.0,1622850.0,-0.084294386,0.78164005,225,0
atitlan,2026-02-12,701550.0,1622850.0,-0.080535576,0.95977986,225,0
atitlan,2026-02-12,701850.0,1622850.0,-0.080135405,0.98205864,225,0
atitlan,2026-02-12,702150.0,1622850.0,-0.080482975,0.9751423,225,0
atitlan,2026-02-12,702450.0,1622850.0,-0.07900501,1.0636417,225,0
atitlan,2026-02-12,702750.0,1622850.0,0.01419659,3.4936132,225,0
atitlan,2026-02-12,703050.0,1622850.0,0.14947951,6.753641,225,0
atitlan,2026-02-12,703350.0,1622850.0,0.17201467,7.428299,225,0
atitlan,2026-02-12,703650.0,1622850.0,0.22762507,10.082889,225,0
atitlan,2026-02-12,703950.0,1622850.0,0.18855962,9.193671,225,0
atitlan,2026-02-12,704250.0,1622850.0,0.18778637,10.998806,225,0
atitlan,2026-02-12,704550.0,1622850.0,0.16746339,10.108177,225,0
atitlan,2026-02-12,704850.0,1622850.0,0.15411645,8.238393,225,0
atitlan,2026-02-12,705150.0,1622850.0,0.15773578,9.123016,225,0
atitlan,2026-02-12,705450.0,1622850.0,0.19229062,9.099818,225,0
atitlan,2026-02-12,705750.0,1622850.0,0.17815882,8.458183,225,0
atitlan,2026-02-12,706050.0,1622850.0,0.22180882,11.382341,225,0
atitlan,2026-02-12,706350.0,1622850.0,0.22432601,13.31313,225,1
atitlan,2026-02-12,706650.0,1622850.0,0.24671304,13.453524,225,1
atitlan,2026-02-12,706950.0,1622850.0,0.22355404,10.511007,225,0
atitlan,2026-02-12,707250.0,1622850.0,0.18138236,9.294375,225,0
atitlan,2026-02-12,707550.0,1622850.0,0.19581896,9.868444,225,0
atitlan,2026-02-12,707850.0,1622850.0,0.14588213,7.8680944,45,0
atitlan,2026-02-12,680250.0,1623150.0,0.27298528,14.96997,180,1
atitlan,2026-02-12,680550.0,1623150.0,0.25922084,13.826966,225,1
atitlan,2026-02-12,680850.0,1623150.0,0.2593661,15.593445,225,1
atitlan,2026-02-12,681150.0,1623150.0,0.26398396,15.66313,225,1
atitlan,2026-02-12,681450.0,1623150.0,0.16791691,10.25755,225,0
atitlan,2026-02-12,681750.0,1623150.0,0.19351637,11.332883,225,0
atitlan,2026-02-12,682050.0,1623150.0,0.24165295,14.209309,225,1
atitlan,2026-02-12,682350.0,1623150.0,0.234374,12.343504,225,1
atitlan,2026-02-12,682650.0,1623150.0,0.2595565,13.470501,225,1
atitlan,2026-02-12,682950.0,1623150.0,0.28738952,16.327154,225,1
atitlan,2026-02-12,683250.0,1623150.0,0.27867082,15.232948,225,1
atitlan,2026-02-12,683550.0,1623150.0,0.26756886,13.745299,225,1
atitlan,2026-02-12,683850.0,1623150.0,0.2900266,16.262543,225,1
atitlan,2026-02-12,684150.0,1623150.0,0.31994078,20.598915,225,1
atitlan,2026-02-12,684450.0,1623150.0,0.3138438,19.720959,225,1
atitlan,2026-02-12,684750.0,1623150.0,0.2839142,17.312435,225,1
atitlan,2026-02-12,685050.0,1623150.0,0.29055512,17.332405,225,1
atitlan,2026-02-12,685350.0,1623150.0,0.26584473,13.907683,225,1
atitlan,2026-02-12,685650.0,1623150.0,0.2743274,16.1588,225,1
atitlan,2026-02-12,685950.0,1623150.0,0.23937894,11.818634,225,0
atitlan,2026-02-12,686250.0,1623150.0,0.26806834,13.745998,225,1
atitlan,2026-02-12,686550.0,1623150.0,0.22910552,10.272618,225,0
atitlan,2026-02-12,686850.0,1623150.0,0.200925,8.735294,225,0
atitlan,2026-02-12,687150.0,1623150.0,0.20763214,9.070668,225,0
atitlan,2026-02-12,687450.0,1623150.0,0.20121938,8.686884,225,0
atitlan,2026-02-12,687750.0,1623150.0,0.18333292,7.8138227,225,0
atitlan,2026-02-12,688050.0,1623150.0,0.17518862,8.841176,225,0
atitlan,2026-02-12,688350.0,1623150.0,0.17290284,8.049623,225,0
atitlan,2026-02-12,688650.0,1623150.0,0.149445,6.810685,225,0
atitlan,2026-02-12,688950.0,1623150.0,0.12615904,6.231315,225,0
atitlan,2026-02-12,689250.0,1623150.0,-0.06028097,1.8064678,225,0
atitlan,2026-02-12,689550.0,1623150.0,-0.077341564,1.128244,225,0
atitlan,2026-02-12,689850.0,1623150.0,-0.0836874,0.7969105,225,0
atitlan,2026-02-12,690150.0,1623150.0,-0.08338738,0.8001499,225,0
atitlan,2026-02-12,690450.0,1623150.0,-0.084705554,0.7516714,225,0
atitlan,2026-02-12,690750.0,1623150.0,-0.08559885,0.6917164,225,0
atitlan,2026-02-12,691050.0,1623150.0,-0.08401227,0.7924688,225,0
atitlan,2026-02-12,691350.0,1623150.0,-0.08157423,0.8933025,225,0
atitlan,2026-02-12,691650.0,1623150.0,-0.08116444,0.94302946,225,0
atitlan,2026-02-12,691950.0,1623150.0,-0.08074559,0.9471914,225,0
atitlan,2026-02-12,692250.0,1623150.0,-0.08008593,0.97195834,225,0
atitlan,2026-02-12,692550.0,1623150.0,-0.07939866,1.0236262,225,0
atitlan,2026-02-12,692850.0,1623150.0,-0.077944495,1.1076142,225,0
atitlan,2026-02-12,693150.0,1623150.0,-0.0805821,0.9542272,225,0
atitlan,2026-02-12,693450.0,1623150.0,-0.0813734,0.9160411,225,0
atitlan,2026-02-12,693750.0,1623150.0,-0.0808371,0.95401907,225,0
atitlan,2026-02-12,694050.0,1623150.0,-0.076783985,1.1707165,225,0
atitlan,2026-02-12,694350.0,1623150.0,-0.075732514,1.2424117,225,0
atitlan,2026-02-12,694650.0,1623150.0,-0.07448394,1.2964023,225,0
atitlan,2026-02-12,694950.0,1623150.0,-0.074692585,1.2930206,225,0
atitlan,2026-02-12,695250.0,1623150.0,-0.06870361,1.5102482,225,0
atitlan,2026-02-12,695550.0,1623150.0,0.0077516334,4.0243883,225,0
atitlan,2026-02-12,695850.0,1623150.0,-0.058385257,1.8631033,225,0
atitlan,2026-02-12,696150.0,1623150.0,-0.04275981,2.3019173,225,0
atitlan,2026-02-12,696450.0,1623150.0,-0.051922217,2.073307,225,0
atitlan,2026-02-12,696750.0,1623150.0,0.08838944,6.922819,225,0
atitlan,2026-02-12,697050.0,1623150.0,0.10488725,6.884578,225,0
atitlan,2026-02-12,697350.0,1623150.0,0.15015402,8.488564,225,0
atitlan,2026-02-12,697650.0,1623150.0,0.019112254,4.3461823,225,0
atitlan,2026-02-12,697950.0,1623150.0,-0.07760444,1.120994,225,0
atitlan,2026-02-12,698250.0,1623150.0,-0.07896937,1.0512509,225,0
atitlan,2026-02-12,698550.0,1623150.0,-0.08203992,0.8831301,225,0
atitlan,2026-02-12,698850.0,1623150.0,-0.08047125,0.96900403,225,0
atitlan,2026-02-12,699150.0,1623150.0,-0.08092523,0.9466656,225,0
atitlan,2026-02-12,699450.0,1623150.0,-0.08093421,0.9412454,225,0
atitlan,2026-02-12,699750.0,1623150.0,-0.08157082,0.90022755,225,0
atitlan,2026-02-12,700050.0,1623150.0,-0.08074015,0.96539503,225,0
atitlan,2026-02-12,700350.0,1623150.0,-0.0817664,0.88737303,225,0
atitlan,2026-02-12,700650.0,1623150.0,-0.08020726,0.98046905,225,0
atitlan,2026-02-12,700950.0,1623150.0,-0.08211716,0.87754047,225,0
atitlan,2026-02-12,701250.0,1623150.0,-0.08107419,0.92222184,225,0
atitlan,2026-02-12,701550.0,1623150.0,-0.079650246,1.0085855,225,0
atitlan,2026-02-12,701850.0,1623150.0,-0.07877638,1.0859921,225,0
atitlan,2026-02-12,702150.0,1623150.0,-0.07716577,1.1417265,225,0
atitlan,2026-02-12,702450.0,1623150.0,-0.076244034,1.2055372,225,0
atitlan,2026-02-12,702750.0,1623150.0,-0.047253292,2.2011046,225,0
atitlan,2026-02-12,703050.0,1623150.0,0.14346835,6.834186,225,0
atitlan,2026-02-12,703350.0,1623150.0,0.13112319,5.984987,225,0
atitlan,2026-02-12,703650.0,1623150.0,0.17723577,7.950345,225,0
atitlan,2026-02-12,703950.0,1623150.0,0.165876,8.351193,225,0
atitlan,2026-02-12,704250.0,1623150.0,0.18255976,11.437257,225,0
atitlan,2026-02-12,704550.0,1623150.0,0.16934119,10.632987,225,0
atitlan,2026-02-12,704850.0,1623150.0,0.15465665,8.899325,225,0
atitlan,2026-02-12,705150.0,1623150.0,0.16414995,9.495335,225,0
atitlan,2026-02-12,705450.0,1623150.0,0.169055,8.083246,225,0
atitlan,2026-02-12,705750.0,1623150.0,0.17617059,8.413666,225,0
atitlan,2026-02-12,706050.0,1623150.0,0.21282117,9.960316,225,0
atitlan,2026-02-12,706350.0,1623150.0,0.22584519,11.820014,225,0
atitlan,2026-02-12,706650.0,1623150.0,0.24614799,13.95471,225,1
atitlan,2026-02-12,706950.0,1623150.0,0.2491678,12.286041,225,1
atitlan,2026-02-12,707250.0,1623150.0,0.17628832,9.710517,225,0
atitlan,2026-02-12,707550.0,1623150.0,0.19081886,9.952102,225,0
atitlan,2026-02-12,707850.0,1623150.0,0.21845981,10.514074,45,0
atitlan,2026-02-12,680250.0,1623450.0,0.28873342,17.237656,180,1
atitlan,2026-02-12,680550.0,1623450.0,0.27614236,15.835197,225,1
atitlan,2026-02-12,680850.0,1623450.0,0.27833328,15.545746,225,1
atitlan,2026-02-12,681150.0,1623450.0,0.2716046,15.2267685,225,1
atitlan,2026-02-12,681450.0,1623450.0,0.23403835,13.792002,225,1
atitlan,2026-02-12,681750.0,1623450.0,0.1887494,11.503062,225,0
atitlan,2026-02-12,682050.0,1623450.0,0.20613883,11.127244,225,0
atitlan,2026-02-12,682350.0,1623450.0,0.23638754,12.677583,225,1
atitlan,2026-02-12,682650.0,1623450.0,0.24889275,12.152007,225,1
atitlan,2026-02-12,682950.0,1623450.0,0.29453382,16.833246,225,1
atitlan,2026-02-12,683250.0,1623450.0,0.29410887,16.87713,225,1
atitlan,2026-02-12,683550.0,1623450.0,0.2705569,14.5192585,225,1
atitlan,2026-02-12,683850.0,1623450.0,0.2828251,15.674374,225,1
atitlan,2026-02-12,684150.0,1623450.0,0.31540996,20.06044,225,1
atitlan,2026-02-12,684450.0,1623450.0,0.32402176,21.329779,225,1
atitlan,2026-02-12,684750.0,1623450.0,0.29519185,17.43664,225,1
atitlan,2026-02-12,685050.0,1623450.0,0.25289515,12.616565,225,1
atitlan,2026-02-12,685350.0,1623450.0,0.24544442,12.933369,225,1
atitlan,2026-02-12,685650.0,1623450.0,0.25273073,12.410681,225,1
atitlan,2026-02-12,685950.0,1623450.0,0.22271447,10.130798,225,0
atitlan,2026-02-12,686250.0,1623450.0,0.18525285,8.814238,225,0
atitlan,2026-02-12,686550.0,1623450.0,0.22433221,10.165324,225,0
atitlan,2026-02-12,686850.0,1623450.0,0.21350482,9.412081,225,0
atitlan,2026-02-12,687150.0,1623450.0,0.17961074,7.5312967,225,0
atitlan,2026-02-12,687450.0,1623450.0,0.18918405,8.591896,225,0
atitlan,2026-02-12,687750.0,1623450.0,0.20119223,8.8197,225,0
atitlan,2026-02-12,688050.0,1623450.0,0.1643604,7.6151643,225,0
atitlan,2026-02-12,688350.0,1623450.0,0.13658226,7.6128397,225,0
atitlan,2026-02-12,688650.0,1623450.0,0.043582402,4.377759,225,0
atitlan,2026-02-12,688950.0,1623450.0,-0.056803606,1.6761705,225,0
atitlan,2026-02-12,689250.0,1623450.0,-0.081878066,0.8752024,225,0
atitlan,2026-02-12,689550.0,1623450.0,-0.082609065,0.8647666,225,0
atitlan,2026-02-12,689850.0,1623450.0,-0.08135565,0.910899,225,0
atitlan,2026-02-12,690150.0,1623450.0,-0.081727386,0.894576,225,0
atitlan,2026-02-12,690450.0,1623450.0,-0.079785205,1.0065439,225,0
atitlan,2026-02-12,690750.0,1623450.0,-0.0819574,0.8783917,225,0
atitlan,2026-02-12,691050.0,1623450.0,-0.077178344,1.1429327,225,0
atitlan,2026-02-12,691350.0,1623450.0,-0.07925814,1.0342375,225,0
atitlan,2026-02-12,691650.0,1623450.0,-0.07944802,1.0251114,225,0
atitlan,2026-02-12,691950.0,1623450.0,-0.08181131,0.8914801,225,0
atitlan,2026-02-12,692250.0,1623450.0,-0.08347042,0.82863706,225,0
atitlan,2026-02-12,692550.0,1623450.0,-0.080722705,0.93928087,225,0
atitlan,2026-02-12,692850.0,1623450.0,-0.08040738,0.9848956,225,0
atitlan,2026-02-12,693150.0,1623450.0,-0.08035027,0.9747141,225,0
atitlan,2026-02-12,693450.0,1623450.0,-0.08196116,0.8763955,225,0
atitlan,2026-02-12,693750.0,1623450.0,-0.08288077,0.83284146,225,0
atitlan,2026-02-12,694050.0,1623450.0,-0.080233924,0.983079,225,0
atitlan,2026-02-12,694350.0,1623450.0,-0.08166751,0.89832973,225,0
atitlan,2026-02-12,694650.0,1623450.0,-0.07869484,1.0761045,225,0
atitlan,2026-02-12,694950.0,1623450.0,-0.08134197,0.9159694,225,0
atitlan,2026-02-12,695250.0,1623450.0,-0.0802579,0.98800755,225,0
atitlan,2026-02-12,695550.0,1623450.0,-0.07691822,1.1726341,225,0
atitlan,2026-02-12,695850.0,1623450.0,-0.077714816,1.1135398,225,0
atitlan,2026-02-12,696150.0,1623450.0,-0.07694648,1.1627603,225,0
atitlan,2026-02-12,696450.0,1623450.0,-0.07679731,1.1677759,225,0
atitlan,2026-02-12,696750.0,1623450.0,-0.06437648,1.7912214,225,0
atitlan,2026-02-12,697050.0,1623450.0,-0.071744174,1.4478916,225,0
atitlan,2026-02-12,697350.0,1623450.0,-0.049303986,2.6719208,225,0
atitlan,2026-02-12,697650.0,1623450.0,-0.07482549,1.2489276,225,0
atitlan,2026-02-12,697950.0,1623450.0,-0.079631865,1.0064483,225,0
atitlan,2026-02-12,698250.0,1623450.0,-0.08124222,0.9244859,225,0
atitlan,2026-02-12,698550.0,1623450.0,-0.07972509,1.0024452,225,0
atitlan,2026-02-12,698850.0,1623450.0,-0.082801275,0.85584676,225,0
atitlan,2026-02-12,699150.0,1623450.0,-0.079476245,1.0199511,225,0
atitlan,2026-02-12,699450.0,1623450.0,-0.08048617,0.96200484,225,0
atitlan,2026-02-12,699750.0,1623450.0,-0.08205324,0.8821161,225,0
atitlan,2026-02-12,700050.0,1623450.0,-0.080526836,0.9668688,225,0
atitlan,2026-02-12,700350.0,1623450.0,-0.07952623,1.0251207,225,0
atitlan,2026-02-12,700650.0,1623450.0,-0.078795016,1.062542,225,0
atitlan,2026-02-12,700950.0,1623450.0,-0.07863788,1.0681894,225,0
atitlan,2026-02-12,701250.0,1623450.0,-0.08095555,0.9463296,225,0
atitlan,2026-02-12,701550.0,1623450.0,-0.08018083,0.9793584,225,0
atitlan,2026-02-12,701850.0,1623450.0,-0.079678945,1.0221512,225,0
atitlan,2026-02-12,702150.0,1623450.0,-0.07920227,1.0452738,225,0
atitlan,2026-02-12,702450.0,1623450.0,-0.07679447,1.1707263,225,0
atitlan,2026-02-12,702750.0,1623450.0,0.08208107,5.5866814,225,0
atitlan,2026-02-12,703050.0,1623450.0,0.097881235,5.285409,225,0
atitlan,2026-02-12,703350.0,1623450.0,0.12600383,5.656468,225,0
atitlan,2026-02-12,703650.0,1623450.0,0.1724444,8.384535,225,0
atitlan,2026-02-12,703950.0,1623450.0,0.14786014,8.957928,225,0
atitlan,2026-02-12,704250.0,1623450.0,0.17311174,10.650049,225,0
atitlan,2026-02-12,704550.0,1623450.0,0.17017569,9.5323305,225,0
atitlan,2026-02-12,704850.0,1623450.0,0.16744179,9.340614,225,0
atitlan,2026-02-12,705150.0,1623450.0,0.17805937,11.141856,225,0
atitlan,2026-02-12,705450.0,1623450.0,0.1462319,7.697986,225,0
atitlan,2026-02-12,705750.0,1623450.0,0.14575277,6.3257937,225,0
atitlan,2026-02-12,706050.0,1623450.0,0.17694722,7.7506275,225,0
atitlan,2026-02-12,706350.0,1623450.0,0.20759656,9.259421,225,0
atitlan,2026-02-12,706650.0,1623450.0,0.22451663,10.639157,225,0
atitlan,2026-02-12,706950.0,1623450.0,0.19298343,10.095561,225,0
atitlan,2026-02-12,707250.0,1623450.0,0.18585885,9.318366,225,0
atitlan,2026-02-12,707550.0,1623450.0,0.15056863,8.824817,225,0
atitlan,2026-02-12,707850.0,1623450.0,0.116490595,6.3534307,45,0
atitlan,2026-02-12,680250.0,1623750.0,0.30236012,19.377302,180,1
atitlan,2026-02-12,680550.0,1623750.0,0.28318265,16.107323,225,1
atitlan,2026-02-12,680850.0,1623750.0,0.28608283,16.363972,225,1
atitlan,2026-02-12,681150.0,1623750.0,0.28154463,16.943245,225,1
atitlan,2026-02-12,681450.0,1623750.0,0.26708657,16.275318,225,1
atitlan,2026-02-12,681750.0,1623750.0,0.24832581,15.477152,225,1
atitlan,2026-02-12,682050.0,1623750.0,0.22796933,13.788543,225,1
atitlan,2026-02-12,682350.0,1623750.0,0.24159257,13.609456,225,1
atitlan,2026-02-12,682650.0,1623750.0,0.21952695,10.226688,225,0
atitlan,2026-02-12,682950.0,1623750.0,0.21180475,9.727521,225,0
atitlan,2026-02-12,683250.0,1623750.0,0.24591537,12.758358,225,1
atitlan,2026-02-12,683550.0,1623750.0,0.28389952,16.150589,225,1
atitlan,2026-02-12,683850.0,1623750.0,0.27090418,15.205882,225,1
atitlan,2026-02-12,684150.0,1623750.0,0.2740553,14.270577,225,1
atitlan,2026-02-12,684450.0,1623750.0,0.2873174,16.257895,225,1
atitlan,2026-02-12,684750.0,1623750.0,0.26717308,13.632285,225,1
atitlan,2026-02-12,685050.0,1623750.0,0.2572783,12.575406,225,1
atitlan,2026-02-12,685350.0,1623750.0,0.24364476,12.611276,225,1
atitlan,2026-02-12,685650.0,1623750.0,0.21760868,10.563335,225,0
atitlan,2026-02-12,685950.0,1623750.0,0.21147458,10.753244,225,0
atitlan,2026-02-12,686250.0,1623750.0,0.18539643,9.191311,225,0
atitlan,2026-02-12,686550.0,1623750.0,0.22158667,10.541901,225,0
atitlan,2026-02-12,686850.0,1623750.0,0.20692503,9.423325,225,0
atitlan,2026-02-12,687150.0,1623750.0,0.18167967,7.7625227,225,0
atitlan,2026-02-12,687450.0,1623750.0,0.1726197,8.3142185,225,0
atitlan,2026-02-12,687750.0,1623750.0,0.1316817,6.9392996,225,0
atitlan,2026-02-12,688050.0,1623750.0,-0.014810786,3.0147903,225,0
atitlan,2026-02-12,688350.0,1623750.0,-0.06259421,1.5846467,225,0
atitlan,2026-02-12,688650.0,1623750.0,-0.082058184,0.86304134,225,0
atitlan,2026-02-12,688950.0,1623750.0,-0.086024925,0.61788636,225,0
atitlan,2026-02-12,689250.0,1623750.0,-0.08448392,0.7075927,225,0
atitlan,2026-02-12,689550.0,1623750.0,-0.078175455,1.0911458,225,0
atitlan,2026-02-12,689850.0,1623750.0,-0.08089409,0.94143313,225,0
atitlan,2026-02-12,690150.0,1623750.0,-0.08296066,0.83166337,225,0
atitlan,2026-02-12,690450.0,1623750.0,-0.081957,0.87394834,225,0
atitlan,2026-02-12,690750.0,1623750.0,-0.08571651,0.6887615,225,0
atitlan,2026-02-12,691050.0,1623750.0,-0.08340829,0.79430836,225,0
atitlan,2026-02-12,691350.0,1623750.0,-0.078551374,1.0785623,225,0
atitlan,2026-02-12,691650.0,1623750.0,-0.082367286,0.8617029,225,0
atitlan,2026-02-12,691950.0,1623750.0,-0.08191539,0.8919199,225,0
atitlan,2026-02-12,692250.0,1623750.0,-0.08428353,0.7631403,225,0
atitlan,2026-02-12,692550.0,1623750.0,-0.084128425,0.7784911,225,0
atitlan,2026-02-12,692850.0,1623750.0,-0.083895504,0.76265514,225,0
atitlan,2026-02-12,693150.0,1623750.0,-0.08179581,0.90661937,225,0
atitlan,2026-02-12,693450.0,1623750.0,-0.082938366,0.83586615,225,0
atitlan,2026-02-12,693750.0,1623750.0,-0.0804469,0.97078335,225,0
atitlan,2026-02-12,694050.0,1623750.0,-0.07798563,1.108403,225,0
atitlan,2026-02-12,694350.0,1623750.0,-0.077256314,1.159623,225,0
atitlan,2026-02-12,694650.0,1623750.0,-0.077233754,1.140622,225,0
atitlan,2026-02-12,694950.0,1623750.0,-0.079571865,1.0371245,225,0
atitlan,2026-02-12,695250.0,1623750.0,-0.07887391,1.0578946,225,0
atitlan,2026-02-12,695550.0,1623750.0,-0.081063665,0.9324953,225,0
atitlan,2026-02-12,695850.0,1623750.0,-0.07763603,1.122681,225,0
atitlan,2026-02-12,696150.0,1623750.0,-0.079568535,1.0229228,225,0
atitlan,2026-02-12,696450.0,1623750.0,-0.08198131,0.8888486,225,0
atitlan,2026-02-12,696750.0,1623750.0,-0.079009525,1.0520394,225,0
atitlan,2026-02-12,697050.0,1623750.0,-0.08075849,0.94944334,225,0
atitlan,2026-02-12,697350.0,1623750.0,-0.07830331,1.0850592,225,0
atitlan,2026-02-12,697650.0,1623750.0,-0.07907289,1.0414101,225,0
atitlan,2026-02-12,697950.0,1623750.0,-0.080998205,0.9260307,225,0
atitlan,2026-02-12,698250.0,1623750.0,-0.08229842,0.88622314,225,0
atitlan,2026-02-12,698550.0,1623750.0,-0.07905273,1.0422193,225,0
atitlan,2026-02-12,698850.0,1623750.0,-0.08046985,0.9714881,225,0
atitlan,2026-02-12,699150.0,1623750.0,-0.07929592,1.0355655,225,0
atitlan,2026-02-12,699450.0,1623750.0,-0.08013109,0.99516886,225,0
atitlan,2026-02-12,699750.0,1623750.0,-0.080566786,0.9632825,225,0
atitlan,2026-02-12,700050.0,1623750.0,-0.07870869,1.0548404,225,0
atitlan,2026-02-12,700350.0,1623750.0,-0.07936918,1.0316283,225,0
atitlan,2026-02-12,700650.0,1623750.0,-0.081762694,0.9087161,225,0
atitlan,2026-02-12,700950.0,1623750.0,-0.08497236,0.73716736,225,0
atitlan,2026-02-12,701250.0,1623750.0,-0.086454995,0.63449705,225,0
atitlan,2026-02-12,701550.0,1623750.0,-0.08355254,0.78431755,225,0
atitlan,2026-02-12,701850.0,1623750.0,-0.08489978,0.71917045,225,0
atitlan,2026-02-12,702150.0,1623750.0,-0.08440858,0.78678346,225,0
atitlan,2026-02-12,702450.0,1623750.0,-0.077687554,1.1203252,225,0
atitlan,2026-02-12,702750.0,1623750.0,0.090657204,5.5834827,225,0
atitlan,2026-02-12,703050.0,1623750.0,0.114765964,5.490933,225,0
atitlan,2026-02-12,703350.0,1623750.0,0.16175531,7.462071,225,0
atitlan,2026-02-12,703650.0,1623750.0,0.18721671,10.660778,225,0
atitlan,2026-02-12,703950.0,1623750.0,0.10467737,6.4011555,225,0
atitlan,2026-02-12,704250.0,1623750.0,0.17174417,10.014102,225,0
atitlan,2026-02-12,704550.0,1623750.0,0.15245117,8.717198,225,0
atitlan,2026-02-12,704850.0,1623750.0,0.1820066,10.008614,225,0
atitlan,2026-02-12,705150.0,1623750.0,0.20049913,11.548551,225,0
atitlan,2026-02-12,705450.0,1623750.0,0.17750493,10.170183,225,0
atitlan,2026-02-12,705750.0,1623750.0,0.16662465,7.9963317,225,0
atitlan,2026-02-12,706050.0,1623750.0,0.18373989,8.842326,225,0
atitlan,2026-02-12,706350.0,1623750.0,0.16920054,7.270436,225,0
atitlan,2026-02-12,706650.0,1623750.0,0.21389343,9.369991,225,0
atitlan,2026-02-12,706950.0,1623750.0,0.16333893,7.781229,225,0
atitlan,2026-02-12,707250.0,1623750.0,0.13977934,6.9452953,225,0
atitlan,2026-02-12,707550.0,1623750.0,0.17197262,8.22525,225,0
atitlan,2026-02-12,707850.0,1623750.0,0.23165627,11.17791,45,0
atitlan,2026-02-12,680250.0,1624050.0,0.31087577,20.399525,180,1
atitlan,2026-02-12,680550.0,1624050.0,0.2964553,17.35603,225,1
atitlan,2026-02-12,680850.0,1624050.0,0.2784532,17.026567,225,1
atitlan,2026-02-12,681150.0,1624050.0,0.26457894,15.17598,225,1
atitlan,2026-02-12,681450.0,1624050.0,0.28403044,17.253597,225,1
atitlan,2026-02-12,681750.0,1624050.0,0.21887761,13.358367,225,1
atitlan,2026-02-12,682050.0,1624050.0,0.2684216,15.129954,225,1
atitlan,2026-02-12,682350.0,1624050.0,0.27428266,14.64696,225,1
atitlan,2026-02-12,682650.0,1624050.0,0.2021078,10.006582,225,0
atitlan,2026-02-12,682950.0,1624050.0,0.2002869,8.454821,225,0
atitlan,2026-02-12,683250.0,1624050.0,0.21194212,10.144155,225,0
atitlan,2026-02-12,683550.0,1624050.0,0.26297313,14.655886,225,1
atitlan,2026-02-12,683850.0,1624050.0,0.28305095,16.050468,225,1
atitlan,2026-02-12,684150.0,1624050.0,0.29163563,16.553297,225,1
atitlan,2026-02-12,684450.0,1624050.0,0.2915497,16.648998,225,1
atitlan,2026-02-12,684750.0,1624050.0,0.29050156,16.658615,225,1
atitlan,2026-02-12,685050.0,1624050.0,0.27014104,14.265058,225,1
atitlan,2026-02-12,685350.0,1624050.0,0.24028914,11.5764475,225,0
atitlan,2026-02-12,685650.0,1624050.0,0.20673814,9.174768,225,0
atitlan,2026-02-12,685950.0,1624050.0,0.19831309,10.790561,225,0
atitlan,2026-02-12,686250.0,1624050.0,0.1769181,8.514705,225,0
atitlan,2026-02-12,686550.0,1624050.0,0.17583469,9.27034,225,0
atitlan,2026-02-12,686850.0,1624050.0,0.18402171,9.314101,225,0
atitlan,2026-02-12,687150.0,1624050.0,0.15932906,7.5405436,225,0
atitlan,2026-02-12,687450.0,1624050.0,0.09174864,10.202187,225,0
atitlan,2026-02-12,687750.0,1624050.0,-0.051153958,1.9725047,225,0
atitlan,2026-02-12,688050.0,1624050.0,-0.08434255,0.72685623,225,0
atitlan,2026-02-12,688350.0,1624050.0,-0.08492018,0.68254787,225,0
atitlan,2026-02-12,688650.0,1624050.0,-0.08850736,0.51043147,225,0
atitlan,2026-02-12,688950.0,1624050.0,-0.087113105,0.54105824,225,0
atitlan,2026-02-12,689250.0,1624050.0,-0.08518232,0.6600763,225,0
atitlan,2026-02-12,689550.0,1624050.0,-0.0812504,0.9058442,225,0
atitlan,2026-02-12,689850.0,1624050.0,-0.0817347,0.88782275,225,0
atitlan,2026-02-12,690150.0,1624050.0,-0.084853776,0.7288542,225,0
atitlan,2026-02-12,690450.0,1624050.0,-0.08213534,0.9110782,225,0
atitlan,2026-02-12,690750.0,1624050.0,-0.08699095,0.6296318,225,0
atitlan,2026-02-12,691050.0,1624050.0,-0.0855752,0.7095038,225,0
atitlan,2026-02-12,691350.0,1624050.0,-0.08122918,0.9171256,225,0
atitlan,2026-02-12,691650.0,1624050.0,-0.08240193,0.8739217,225,0
atitlan,2026-02-12,691950.0,1624050.0,-0.082320906,0.8695265,225,0
atitlan,2026-02-12,692250.0,1624050.0,-0.080609575,0.94430923,225,0
atitlan,2026-02-12,692550.0,1624050.0,-0.08047408,0.9690662,225,0
atitlan,2026-02-12,692850.0,1624050.0,-0.078919895,1.0415245,225,0
atitlan,2026-02-12,693150.0,1624050.0,-0.08096034,0.9410305,225,0
atitlan,2026-02-12,693450.0,1624050.0,-0.07782759,1.1264986,225,0
atitlan,2026-02-12,693750.0,1624050.0,-0.08060905,0.9588534,225,0
atitlan,2026-02-12,694050.0,1624050.0,-0.07562206,1.2352787,225,0
atitlan,2026-02-12,694350.0,1624050.0,-0.07605683,1.2114497,225,0
atitlan,2026-02-12,694650.0,1624050.0,-0.078913115,1.0537728,225,0
atitlan,2026-02-12,694950.0,1624050.0,-0.08072494,0.9553843,225,0
atitlan,2026-02-12,695250.0,1624050.0,-0.08086932,0.94827265,225,0
atitlan,2026-02-12,695550.0,1624050.0,-0.07969696,1.0189134,225,0
atitlan,2026-02-12,695850.0,1624050.0,-0.07870989,1.0591389,225,0
atitlan,2026-02-12,696150.0,1624050.0,-0.08085661,0.9448329,225,0
atitlan,2026-02-12,696450.0,1624050.0,-0.08143671,0.9130241,225,0
atitlan,2026-02-12,696750.0,1624050.0,-0.081166334,0.92271686,225,0
atitlan,2026-02-12,697050.0,1624050.0,-0.07974365,1.0195698,225,0
atitlan,2026-02-12,697350.0,1624050.0,-0.080418736,0.9546695,225,0
atitlan,2026-02-12,697650.0,1624050.0,-0.0800176,0.9979041,225,0
atitlan,2026-02-12,697950.0,1624050.0,-0.0793084,1.0338213,225,0
atitlan,2026-02-12,698250.0,1624050.0,-0.0821822,0.8867105,225,0
atitlan,2026-02-12,698550.0,1624050.0,-0.08134355,0.91678655,225,0
atitlan,2026-02-12,698850.0,1624050.0,-0.083413295,0.80300045,225,0
atitlan,2026-02-12,699150.0,1624050.0,-0.08216765,0.86664736,225,0
atitlan,2026-02-12,699450.0,1624050.0,-0.08175226,0.9192991,225,0
atitlan,2026-02-12,699750.0,1624050.0,-0.08467408,0.7338142,225,0
atitlan,2026-02-12,700050.0,1624050.0,-0.08612004,0.660771,225,0
atitlan,2026-02-12,700350.0,1624050.0,-0.08838283,0.58923334,225,0
atitlan,2026-02-12,700650.0,1624050.0,-0.08778891,0.60904294,225,0
atitlan,2026-02-12,700950.0,1624050.0,-0.0852616,0.7260055,225,0
atitlan,2026-02-12,701250.0,1624050.0,-0.085339345,0.6754323,225,0
atitlan,2026-02-12,701550.0,1624050.0,-0.083536245,0.8018204,225,0
atitlan,2026-02-12,701850.0,1624050.0,-0.08372887,0.7992938,225,0
atitlan,2026-02-12,702150.0,1624050.0,-0.081029706,0.9444629,225,0
atitlan,2026-02-12,702450.0,1624050.0,-0.055227116,1.9883187,225,0
atitlan,2026-02-12,702750.0,1624050.0,0.10818031,6.04307,225,0
atitlan,2026-02-12,703050.0,1624050.0,0.1317135,5.9573045,225,0
atitlan,2026-02-12,703350.0,1624050.0,0.1798923,9.266127,225,0
atitlan,2026-02-12,703650.0,1624050.0,0.171743,9.378766,225,0
atitlan,2026-02-12,703950.0,1624050.0,0.13346566,7.5733485,225,0
atitlan,2026-02-12,704250.0,1624050.0,0.13092104,6.4910793,225,0
atitlan,2026-02-12,704550.0,1624050.0,0.15022436,8.723265,225,0
atitlan,2026-02-12,704850.0,1624050.0,0.1854847,10.187648,225,0
atitlan,2026-02-12,705150.0,1624050.0,0.14837588,6.916184,225,0
atitlan,2026-02-12,705450.0,1624050.0,0.13482283,7.154559,225,0
atitlan,2026-02-12,705750.0,1624050.0,0.15129198,8.21985,225,0
atitlan,2026-02-12,706050.0,1624050.0,0.1585629,7.942007,225,0
atitlan,2026-02-12,706350.0,1624050.0,0.1637716,7.2207847,225,0
atitlan,2026-02-12,706650.0,1624050.0,0.17519392,7.430998,225,0
atitlan,2026-02-12,706950.0,1624050.0,0.16208218,7.1274695,225,0
atitlan,2026-02-12,707250.0,1624050.0,0.19688255,9.827659,225,0
atitlan,2026-02-12,707550.0,1624050.0,0.198687,10.606671,225,0
atitlan,2026-02-12,707850.0,1624050.0,0.16810697,9.584832,45,0
atitlan,2026-02-12,680250.0,1624350.0,0.29412678,18.298647,180,1
atitlan,2026-02-12,680550.0,1624350.0,0.26671782,14.696166,225,1
atitlan,2026-02-12,680850.0,1624350.0,0.26415285,15.609696,225,1
atitlan,2026-02-12,681150.0,1624350.0,0.22066063,12.684673,225,1
atitlan,2026-02-12,681450.0,1624350.0,0.24753384,14.190109,225,1
atitlan,2026-02-12,681750.0,1624350.0,0.1703779,9.479375,225,0
atitlan,2026-02-12,682050.0,1624350.0,0.26061347,14.271285,225,1
atitlan,2026-02-12,682350.0,1624350.0,0.2360933,13.838118,225,1
atitlan,2026-02-12,682650.0,1624350.0,0.20386381,10.674041,225,0
atitlan,2026-02-12,682950.0,1624350.0,0.23392917,11.363486,225,0
atitlan,2026-02-12,683250.0,1624350.0,0.2107808,9.601224,225,0
atitlan,2026-02-12,683550.0,1624350.0,0.20572923,9.63226,225,0
atitlan,2026-02-12,683850.0,1624350.0,0.24627317,12.747992,225,1
atitlan,2026-02-12,684150.0,1624350.0,0.26276788,13.553383,225,1
atitlan,2026-02-12,684450.0,1624350.0,0.26824924,13.632048,225,1
atitlan,2026-02-12,684750.0,1624350.0,0.26484463,13.690775,225,1
atitlan,2026-02-12,685050.0,1624350.0,0.2216376,10.170243,225,0
atitlan,2026-02-12,685350.0,1624350.0,0.21404262,9.793302,225,0
atitlan,2026-02-12,685650.0,1624350.0,0.16119201,8.364591,225,0
atitlan,2026-02-12,685950.0,1624350.0,0.17290586,8.718713,225,0
atitlan,2026-02-12,686250.0,1624350.0,0.173884,7.717419,225,0
atitlan,2026-02-12,686550.0,1624350.0,0.16424313,11.988108,224,0
atitlan,2026-02-12,686850.0,1624350.0,0.12615643,7.46854,225,0
atitlan,2026-02-12,687150.0,1624350.0,0.05682939,4.903735,225,0
atitlan,2026-02-12,687450.0,1624350.0,-0.044552397,2.031828,225,0
atitlan,2026-02-12,687750.0,1624350.0,-0.08420458,0.7329264,225,0
atitlan,2026-02-12,688050.0,1624350.0,-0.08860192,0.4608378,225,0
atitlan,2026-02-12,688350.0,1624350.0,-0.08650247,0.5896499,225,0
atitlan,2026-02-12,688650.0,1624350.0,-0.08995856,0.43657386,225,0
atitlan,2026-02-12,688950.0,1624350.0,-0.088916704,0.5282243,225,0
atitlan,2026-02-12,689250.0,1624350.0,-0.08510495,0.6678465,225,0
atitlan,2026-02-12,689550.0,1624350.0,-0.084970236,0.71248287,225,0
atitlan,2026-02-12,689850.0,1624350.0,-0.08340945,0.82131654,225,0
atitlan,2026-02-12,690150.0,1624350.0,-0.08197413,0.8905523,225,0
atitlan,2026-02-12,690450.0,1624350.0,-0.08108359,0.93555987,225,0
atitlan,2026-02-12,690750.0,1624350.0,-0.08505066,0.71095157,225,0
atitlan,2026-02-12,691050.0,1624350.0,-0.08200063,0.8946287,225,0
atitlan,2026-02-12,691350.0,1624350.0,-0.07833749,1.0815583,225,0
atitlan,2026-02-12,691650.0,1624350.0,-0.08042147,0.96267855,225,0
atitlan,2026-02-12,691950.0,1624350.0,-0.08082791,0.94246024,225,0
atitlan,2026-02-12,692250.0,1624350.0,-0.07941525,1.0233768,225,0
atitlan,2026-02-12,692550.0,1624350.0,-0.08204573,0.87871665,225,0
atitlan,2026-02-12,692850.0,1624350.0,-0.08269635,0.8533112,225,0
atitlan,2026-02-12,693150.0,1624350.0,-0.08317271,0.7966847,225,0
atitlan,2026-02-12,693450.0,1624350.0,-0.08315414,0.8001984,225,0
atitlan,2026-02-12,693750.0,1624350.0,-0.07964807,1.0188074,225,0
atitlan,2026-02-12,694050.0,1624350.0,-0.0802173,0.9801652,225,0
atitlan,2026-02-12,694350.0,1624350.0,-0.07838297,1.076094,225,0
atitlan,2026-02-12,694650.0,1624350.0,-0.077327296,1.1335903,225,0
atitlan,2026-02-12,694950.0,1624350.0,-0.0761095,1.2023759,225,0
atitlan,2026-02-12,695250.0,1624350.0,-0.079019874,1.0453784,225,0
atitlan,2026-02-12,695550.0,1624350.0,-0.07939486,1.0134783,225,0
atitlan,2026-02-12,695850.0,1624350.0,-0.07786353,1.1123005,225,0
atitlan,2026-02-12,696150.0,1624350.0,-0.08006956,0.9850183,225,0
atitlan,2026-02-12,696450.0,1624350.0,-0.07888103,1.0491109,225,0
atitlan,2026-02-12,696750.0,1624350.0,-0.081707835,0.9093436,225,0
atitlan,2026-02-12,697050.0,1624350.0,-0.079936676,1.0035245,225,0
atitlan,2026-02-12,697350.0,1624350.0,-0.08298207,0.8289118,225,0
atitlan,2026-02-12,697650.0,1624350.0,-0.08191541,0.8771912,225,0
atitlan,2026-02-12,697950.0,1624350.0,-0.08473215,0.7514787,225,0
atitlan,2026-02-12,698250.0,1624350.0,-0.08750518,0.5916533,225,0
atitlan,2026-02-12,698550.0,1624350.0,-0.08908444,0.52780265,225,0
atitlan,2026-02-12,698850.0,1624350.0,-0.08660463,0.6555635,225,0
atitlan,2026-02-12,699150.0,1624350.0,-0.08664335,0.631578,225,0
atitlan,2026-02-12,699450.0,1624350.0,-0.085010424,0.7429427,225,0
atitlan,2026-02-12,699750.0,1624350.0,-0.086439915,0.6615871,225,0
atitlan,2026-02-12,700050.0,1624350.0,-0.08310652,0.8263861,225,0
atitlan,2026-02-12,700350.0,1624350.0,-0.085232064,0.7164466,225,0
atitlan,2026-02-12,700650.0,1624350.0,-0.08175782,0.92735887,225,0
atitlan,2026-02-12,700950.0,1624350.0,-0.08180513,0.90084434,225,0
atitlan,2026-02-12,701250.0,1624350.0,-0.08218395,0.875255,225,0
atitlan,2026-02-12,701550.0,1624350.0,-0.07977541,1.0141404,225,0
atitlan,2026-02-12,701850.0,1624350.0,-0.077151135,1.1554258,225,0
atitlan,2026-02-12,702150.0,1624350.0,-0.07638616,1.2008975,225,0
atitlan,2026-02-12,702450.0,1624350.0,-0.03155884,2.5888915,225,0
atitlan,2026-02-12,702750.0,1624350.0,0.10930872,6.076358,225,0
atitlan,2026-02-12,703050.0,1624350.0,0.122434355,5.6233573,225,0
atitlan,2026-02-12,703350.0,1624350.0,0.1447189,7.4995804,225,0
atitlan,2026-02-12,703650.0,1624350.0,0.20657836,10.865161,225,0
atitlan,2026-02-12,703950.0,1624350.0,0.22363389,10.912939,225,0
atitlan,2026-02-12,704250.0,1624350.0,0.15831518,8.823413,225,0
atitlan,2026-02-12,704550.0,1624350.0,0.18765111,10.5419235,225,0
atitlan,2026-02-12,704850.0,1624350.0,0.16520834,8.36205,225,0
atitlan,2026-02-12,705150.0,1624350.0,0.12433684,6.2966347,225,0
atitlan,2026-02-12,705450.0,1624350.0,0.15760012,7.459504,225,0
atitlan,2026-02-12,705750.0,1624350.0,0.10329915,5.568231,225,0
atitlan,2026-02-12,706050.0,1624350.0,0.10938865,5.9047837,225,0
atitlan,2026-02-12,706350.0,1624350.0,0.120643266,6.6405387,225,0
atitlan,2026-02-12,706650.0,1624350.0,0.18675353,8.133971,225,0
atitlan,2026-02-12,706950.0,1624350.0,0.21106207,9.442941,225,0
atitlan,2026-02-12,707250.0,1624350.0,0.198852,8.729511,225,0
atitlan,2026-02-12,707550.0,1624350.0,0.11748699,6.955512,225,0
atitlan,2026-02-12,707850.0,1624350.0,0.11314317,6.590006,45,0
atitlan,2026-02-12,680250.0,1624650.0,0.30138505,18.214706,180,1
atitlan,2026-02-12,680550.0,1624650.0,0.27293265,16.822525,225,1
atitlan,2026-02-12,680850.0,1624650.0,0.23747323,13.308908,225,1
atitlan,2026-02-12,681150.0,1624650.0,0.22110899,12.21341,225,1
atitlan,2026-02-12,681450.0,1624650.0,0.23806578,13.647758,225,1
atitlan,2026-02-12,681750.0,1624650.0,0.1880957,11.664043,225,0
atitlan,2026-02-12,682050.0,1624650.0,0.23362198,12.764541,225,1
atitlan,2026-02-12,682350.0,1624650.0,0.23735797,13.755949,225,1
atitlan,2026-02-12,682650.0,1624650.0,0.20265312,8.950255,225,0
atitlan,2026-02-12,682950.0,1624650.0,0.2316495,11.449211,225,0
atitlan,2026-02-12,683250.0,1624650.0,0.2278535,10.683729,225,0
atitlan,2026-02-12,683550.0,1624650.0,0.23528138,11.170024,225,0
atitlan,2026-02-12,683850.0,1624650.0,0.1923919,10.360101,225,0
atitlan,2026-02-12,684150.0,1624650.0,0.19799401,9.315916,225,0
atitlan,2026-02-12,684450.0,1624650.0,0.18640897,9.787861,225,0
atitlan,2026-02-12,684750.0,1624650.0,0.22385304,9.794943,225,0
atitlan,2026-02-12,685050.0,1624650.0,0.18956497,7.9701643,225,0
atitlan,2026-02-12,685350.0,1624650.0,0.15462467,7.6959567,225,0
atitlan,2026-02-12,685650.0,1624650.0,0.10259968,6.54889,225,0
atitlan,2026-02-12,685950.0,1624650.0,0.10309769,6.4535933,225,0
atitlan,2026-02-12,686250.0,1624650.0,0.06246984,5.0814314,225,0
atitlan,2026-02-12,686550.0,1624650.0,0.081973575,7.890744,225,0
atitlan,2026-02-12,686850.0,1624650.0,0.108585335,6.695778,225,0
atitlan,2026-02-12,687150.0,1624650.0,-0.059206154,1.6469083,225,0
atitlan,2026-02-12,687450.0,1624650.0,-0.086310074,0.62656724,225,0
atitlan,2026-02-12,687750.0,1624650.0,-0.089323,0.43262964,225,0
atitlan,2026-02-12,688050.0,1624650.0,-0.09073735,0.37928337,225,0
atitlan,2026-02-12,688350.0,1624650.0,-0.08597181,0.6518235,225,0
atitlan,2026-02-12,688650.0,1624650.0,-0.08789745,0.5297038,225,0
atitlan,2026-02-12,688950.0,1624650.0,-0.08612142,0.64070755,225,0
atitlan,2026-02-12,689250.0,1624650.0,-0.0844842,0.72668105,225,0
atitlan,2026-02-12,689550.0,1624650.0,-0.08664267,0.62636256,225,0
atitlan,2026-02-12,689850.0,1624650.0,-0.079477936,1.0257953,225,0
atitlan,2026-02-12,690150.0,1624650.0,-0.079927914,0.99609405,225,0
atitlan,2026-02-12,690450.0,1624650.0,-0.08225867,0.88629496,225,0
atitlan,2026-02-12,690750.0,1624650.0,-0.083763376,0.77997893,225,0
atitlan,2026-02-12,691050.0,1624650.0,-0.08296681,0.8425562,225,0
atitlan,2026-02-12,691350.0,1624650.0,-0.08125443,0.92037016,225,0
atitlan,2026-02-12,691650.0,1624650.0,-0.081709385,0.89010894,225,0
atitlan,2026-02-12,691950.0,1624650.0,-0.082458116,0.86683077,225,0
atitlan,2026-02-12,692250.0,1624650.0,-0.08136886,0.90979445,225,0
atitlan,2026-02-12,692550.0,1624650.0,-0.081073575,0.9423799,225,0
atitlan,2026-02-12,692850.0,1624650.0,-0.08403294,0.76455104,225,0
atitlan,2026-02-12,693150.0,1624650.0,-0.08195592,0.87887514,225,0
atitlan,2026-02-12,693450.0,1624650.0,-0.0820105,0.86696213,225,0
atitlan,2026-02-12,693750.0,1624650.0,-0.081128895,0.9295052,225,0
atitlan,2026-02-12,694050.0,1624650.0,-0.07994141,0.99639606,225,0
atitlan,2026-02-12,694350.0,1624650.0,-0.08111141,0.92469484,225,0
atitlan,2026-02-12,694650.0,1624650.0,-0.08150039,0.9250656,225,0
atitlan,2026-02-12,694950.0,1624650.0,-0.08242225,0.84515816,225,0
atitlan,2026-02-12,695250.0,1624650.0,-0.08140547,0.90628463,225,0
atitlan,2026-02-12,695550.0,1624650.0,-0.08281295,0.84557253,225,0
atitlan,2026-02-12,695850.0,1624650.0,-0.08460123,0.7428855,225,0
atitlan,2026-02-12,696150.0,1624650.0,-0.084647454,0.7561736,225,0
atitlan,2026-02-12,696450.0,1624650.0,-0.086442396,0.6673009,225,0
atitlan,2026-02-12,696750.0,1624650.0,-0.08687642,0.61792535,225,0
atitlan,2026-02-12,697050.0,1624650.0,-0.08607293,0.6856595,225,0
atitlan,2026-02-12,697350.0,1624650.0,-0.08322494,0.8203849,225,0
atitlan,2026-02-12,697650.0,1624650.0,-0.08677429,0.63487864,225,0
atitlan,2026-02-12,697950.0,1624650.0,-0.08320774,0.8385274,225,0
atitlan,2026-02-12,698250.0,1624650.0,-0.08716357,0.6091945,225,0
atitlan,2026-02-12,698550.0,1624650.0,-0.08611748,0.65305257,225,0
atitlan,2026-02-12,698850.0,1624650.0,-0.08524554,0.70440364,225,0
atitlan,2026-02-12,699150.0,1624650.0,-0.083000205,0.82497,225,0
atitlan,2026-02-12,699450.0,1624650.0,-0.080024906,0.9920739,225,0
atitlan,2026-02-12,699750.0,1624650.0,-0.07913852,1.041236,225,0
atitlan,2026-02-12,700050.0,1624650.0,-0.08098198,0.9443818,225,0
atitlan,2026-02-12,700350.0,1624650.0,-0.07948968,1.0247933,225,0
atitlan,2026-02-12,700650.0,1624650.0,-0.07886666,1.0576112,225,0
atitlan,2026-02-12,700950.0,1624650.0,-0.07955326,1.0116472,225,0
atitlan,2026-02-12,701250.0,1624650.0,-0.080350064,0.96839553,225,0
atitlan,2026-02-12,701550.0,1624650.0,-0.07948143,1.0224499,225,0
atitlan,2026-02-12,701850.0,1624650.0,-0.0784531,1.077218,225,0
atitlan,2026-02-12,702150.0,1624650.0,-0.07806921,1.1027141,225,0
atitlan,2026-02-12,702450.0,1624650.0,-0.049240537,2.0899851,225,0
atitlan,2026-02-12,702750.0,1624650.0,0.09288136,6.096398,225,0
atitlan,2026-02-12,703050.0,1624650.0,0.13593481,6.2141438,225,0
atitlan,2026-02-12,703350.0,1624650.0,0.15490817,6.7596726,225,0
atitlan,2026-02-12,703650.0,1624650.0,0.15517212,7.442374,225,0
atitlan,2026-02-12,703950.0,1624650.0,0.18099537,9.331537,225,0
atitlan,2026-02-12,704250.0,1624650.0,0.22279264,11.279437,225,0
atitlan,2026-02-12,704550.0,1624650.0,0.18830197,9.134708,225,0
atitlan,2026-02-12,704850.0,1624650.0,0.2003683,9.94748,225,0
atitlan,2026-02-12,705150.0,1624650.0,0.1494963,9.254425,225,0
atitlan,2026-02-12,705450.0,1624650.0,0.14037685,7.256198,225,0
atitlan,2026-02-12,705750.0,1624650.0,0.13984019,7.072025,225,0
atitlan,2026-02-12,706050.0,1624650.0,0.12844542,6.3269763,225,0
atitlan,2026-02-12,706350.0,1624650.0,0.13817945,7.5348673,225,0
atitlan,2026-02-12,706650.0,1624650.0,0.21211627,9.59791,225,0
atitlan,2026-02-12,706950.0,1624650.0,0.2242488,10.323596,225,0
atitlan,2026-02-12,707250.0,1624650.0,0.15963319,8.306307,225,0
atitlan,2026-02-12,707550.0,1624650.0,0.14975238,8.435311,225,0
atitlan,2026-02-12,707850.0,1624650.0,0.16398047,9.247682,45,0
atitlan,2026-02-12,680250.0,1624950.0,0.3106756,21.198915,180,1
atitlan,2026-02-12,680550.0,1624950.0,0.23573771,14.920216,225,1
atitlan,2026-02-12,680850.0,1624950.0,0.23703706,13.527983,225,1
atitlan,2026-02-12,681150.0,1624950.0,0.24438648,14.514651,225,1
atitlan,2026-02-12,681450.0,1624950.0,0.23983903,13.164652,225,1
atitlan,2026-02-12,681750.0,1624950.0,0.19545005,11.37163,225,0
atitlan,2026-02-12,682050.0,1624950.0,0.22218937,11.112423,225,0
atitlan,2026-02-12,682350.0,1624950.0,0.20179252,9.769033,225,0
atitlan,2026-02-12,682650.0,1624950.0,0.23500772,11.296263,225,0
atitlan,2026-02-12,682950.0,1624950.0,0.2305906,10.959622,225,0
atitlan,2026-02-12,683250.0,1624950.0,0.22782616,10.565283,225,0
atitlan,2026-02-12,683550.0,1624950.0,0.21336424,10.201204,225,0
atitlan,2026-02-12,683850.0,1624950.0,0.16778344,9.097721,225,0
atitlan,2026-02-12,684150.0,1624950.0,0.11302161,6.752915,225,0
atitlan,2026-02-12,684450.0,1624950.0,0.07318392,5.891262,225,0
atitlan,2026-02-12,684750.0,1624950.0,0.13131422,7.488719,225,0
atitlan,2026-02-12,685050.0,1624950.0,0.18860146,8.814456,225,0
atitlan,2026-02-12,685350.0,1624950.0,0.16677047,8.346198,225,0
atitlan,2026-02-12,685650.0,1624950.0,0.08062414,5.9745183,225,0
atitlan,2026-02-12,685950.0,1624950.0,0.039054614,4.365141,225,0
atitlan,2026-02-12,686250.0,1624950.0,0.04746904,4.516958,225,0
atitlan,2026-02-12,686550.0,1624950.0,0.08223373,5.3232083,225,0
atitlan,2026-02-12,686850.0,1624950.0,-0.036373723,2.4248817,225,0
atitlan,2026-02-12,687150.0,1624950.0,-0.086069785,0.6268616,225,0
atitlan,2026-02-12,687450.0,1624950.0,-0.086994715,0.5860048,225,0
atitlan,2026-02-12,687750.0,1624950.0,-0.09233432,0.32930174,225,0
atitlan,2026-02-12,688050.0,1624950.0,-0.09170145,0.33091047,225,0
atitlan,2026-02-12,688350.0,1624950.0,-0.08766924,0.5506648,225,0
atitlan,2026-02-12,688650.0,1624950.0,-0.08800839,0.5230355,225,0
atitlan,2026-02-12,688950.0,1624950.0,-0.08703269,0.59802955,225,0
atitlan,2026-02-12,689250.0,1624950.0,-0.08709473,0.58519876,225,0
atitlan,2026-02-12,689550.0,1624950.0,-0.0835029,0.8038046,225,0
atitlan,2026-02-12,689850.0,1624950.0,-0.08064124,0.95668966,225,0
atitlan,2026-02-12,690150.0,1624950.0,-0.08110194,0.9280196,225,0
atitlan,2026-02-12,690450.0,1624950.0,-0.08243994,0.85859406,225,0
atitlan,2026-02-12,690750.0,1624950.0,-0.08426009,0.7740364,225,0
atitlan,2026-02-12,691050.0,1624950.0,-0.0869893,0.62007105,225,0
atitlan,2026-02-12,691350.0,1624950.0,-0.08116615,0.9217992,225,0
atitlan,2026-02-12,691650.0,1624950.0,-0.080224104,0.9608154,225,0
atitlan,2026-02-12,691950.0,1624950.0,-0.08244181,0.8578657,225,0
atitlan,2026-02-12,692250.0,1624950.0,-0.081138626,0.936553,225,0
atitlan,2026-02-12,692550.0,1624950.0,-0.08198278,0.8756255,225,0
atitlan,2026-02-12,692850.0,1624950.0,-0.082210824,0.8811111,225,0
atitlan,2026-02-12,693150.0,1624950.0,-0.08126057,0.9146457,225,0
atitlan,2026-02-12,693450.0,1624950.0,-0.083309114,0.810824,225,0
atitlan,2026-02-12,693750.0,1624950.0,-0.08279191,0.84412766,225,0
atitlan,2026-02-12,694050.0,1624950.0,-0.08462656,0.76192206,225,0
atitlan,2026-02-12,694350.0,1624950.0,-0.085801795,0.69707185,225,0
atitlan,2026-02-12,694650.0,1624950.0,-0.086621456,0.6654588,225,0
atitlan,2026-02-12,694950.0,1624950.0,-0.088031106,0.5631857,225,0
atitlan,2026-02-12,695250.0,1624950.0,-0.088095434,0.57939327,225,0
atitlan,2026-02-12,695550.0,1624950.0,-0.08686874,0.62165606,225,0
atitlan,2026-02-12,695850.0,1624950.0,-0.08633607,0.6477306,225,0
atitlan,2026-02-12,696150.0,1624950.0,-0.08643838,0.6466149,225,0
atitlan,2026-02-12,696450.0,1624950.0,-0.08697025,0.61217934,225,0
atitlan,2026-02-12,696750.0,1624950.0,-0.08306232,0.82488376,225,0
atitlan,2026-02-12,697050.0,1624950.0,-0.08437665,0.75254124,225,0
atitlan,2026-02-12,697350.0,1624950.0,-0.08394721,0.7852631,225,0
atitlan,2026-02-12,697650.0,1624950.0,-0.0853826,0.6939906,225,0
atitlan,2026-02-12,697950.0,1624950.0,-0.08076916,0.9502845,225,0
atitlan,2026-02-12,698250.0,1624950.0,-0.08584574,0.69980395,225,0
atitlan,2026-02-12,698550.0,1624950.0,-0.083061956,0.83121973,225,0
atitlan,2026-02-12,698850.0,1624950.0,-0.08115283,0.942929,225,0
atitlan,2026-02-12,699150.0,1624950.0,-0.082060926,0.8873488,225,0
atitlan,2026-02-12,699450.0,1624950.0,-0.079263486,1.0244955,225,0
atitlan,2026-02-12,699750.0,1624950.0,-0.07974944,1.02423,225,0
atitlan,2026-02-12,700050.0,1624950.0,-0.08291894,0.8304891,225,0
atitlan,2026-02-12,700350.0,1624950.0,-0.08176477,0.90063834,225,0
atitlan,2026-02-12,700650.0,1624950.0,-0.08123128,0.9271939,225,0
atitlan,2026-02-12,700950.0,1624950.0,-0.07819802,1.1019659,225,0
atitlan,2026-02-12,701250.0,1624950.0,-0.081660464,0.90179306,225,0
atitlan,2026-02-12,701550.0,1624950.0,-0.07941555,1.0273474,225,0
atitlan,2026-02-12,701850.0,1624950.0,-0.07705546,1.1555831,225,0
atitlan,2026-02-12,702150.0,1624950.0,-0.078450605,1.0871363,225,0
atitlan,2026-02-12,702450.0,1624950.0,-0.07281197,1.3761604,225,0
atitlan,2026-02-12,702750.0,1624950.0,0.06200963,5.4118032,225,0
atitlan,2026-02-12,703050.0,1624950.0,0.12953381,6.1266713,225,0
atitlan,2026-02-12,703350.0,1624950.0,0.13612233,6.5309744,225,0
atitlan,2026-02-12,703650.0,1624950.0,0.1378256,6.969669,225,0
atitlan,2026-02-12,703950.0,1624950.0,0.15178297,8.026742,225,0
atitlan,2026-02-12,704250.0,1624950.0,0.14683548,8.61365,225,0
atitlan,2026-02-12,704550.0,1624950.0,0.13424096,7.419878,225,0
atitlan,2026-02-12,704850.0,1624950.0,0.16855809,8.429875,225,0
atitlan,2026-02-12,705150.0,1624950.0,0.12693107,6.463311,225,0
atitlan,2026-02-12,705450.0,1624950.0,0.1917035,10.328211,225,0
atitlan,2026-02-12,705750.0,1624950.0,0.15579243,8.36503,225,0
atitlan,2026-02-12,706050.0,1624950.0,0.1581581,7.75415,225,0
atitlan,2026-02-12,706350.0,1624950.0,0.17644444,8.518489,225,0
atitlan,2026-02-12,706650.0,1624950.0,0.21701898,10.785449,225,0
atitlan,2026-02-12,706950.0,1624950.0,0.22441173,10.386055,225,0
atitlan,2026-02-12,707250.0,1624950.0,0.1630264,8.336747,225,0
atitlan,2026-02-12,707550.0,1624950.0,0.15522529,8.533349,225,0
atitlan,2026-02-12,707850.0,1624950.0,0.15282448,7.7291245,45,0
atitlan,2026-02-12,680250.0,1625250.0,0.26922935,15.91628,180,1
atitlan,2026-02-12,680550.0,1625250.0,0.24790989,15.454816,225,1
atitlan,2026-02-12,680850.0,1625250.0,0.2487138,15.410819,225,1
atitlan,2026-02-12,681150.0,1625250.0,0.27942982,17.935387,225,1
atitlan,2026-02-12,681450.0,1625250.0,0.26277712,15.447372,225,1
atitlan,2026-02-12,681750.0,1625250.0,0.22138947,11.789368,225,0
atitlan,2026-02-12,682050.0,1625250.0,0.236278,13.151393,225,1
atitlan,2026-02-12,682350.0,1625250.0,0.24918935,13.359085,225,1
atitlan,2026-02-12,682650.0,1625250.0,0.21094823,9.594641,225,0
atitlan,2026-02-12,682950.0,1625250.0,0.2446946,12.101353,225,1
atitlan,2026-02-12,683250.0,1625250.0,0.26174402,12.523074,225,1
atitlan,2026-02-12,683550.0,1625250.0,0.19492464,9.644006,225,0
atitlan,2026-02-12,683850.0,1625250.0,0.1023744,6.5558696,225,0
atitlan,2026-02-12,684150.0,1625250.0,0.0896195,5.9149494,225,0
atitlan,2026-02-12,684450.0,1625250.0,0.034152757,4.2845216,225,0
atitlan,2026-02-12,684750.0,1625250.0,0.091418356,5.991647,225,0
atitlan,2026-02-12,685050.0,1625250.0,0.13384633,7.310365,225,0
atitlan,2026-02-12,685350.0,1625250.0,0.14609215,7.6719217,225,0
atitlan,2026-02-12,685650.0,1625250.0,0.012635313,4.69919,225,0
atitlan,2026-02-12,685950.0,1625250.0,0.066122346,5.842949,225,0
atitlan,2026-02-12,686250.0,1625250.0,0.1109666,7.7882576,225,0
atitlan,2026-02-12,686550.0,1625250.0,-0.0034888065,3.6833866,225,0
atitlan,2026-02-12,686850.0,1625250.0,-0.083290555,0.79524505,225,0
atitlan,2026-02-12,687150.0,1625250.0,-0.08752271,0.55865175,225,0
atitlan,2026-02-12,687450.0,1625250.0,-0.09092242,0.39740658,225,0
atitlan,2026-02-12,687750.0,1625250.0,-0.08949217,0.4692036,225,0
atitlan,2026-02-12,688050.0,1625250.0,-0.09092206,0.39985433,225,0
atitlan,2026-02-12,688350.0,1625250.0,-0.0892109,0.4797349,225,0
atitlan,2026-02-12,688650.0,1625250.0,-0.08929957,0.5130437,225,0
atitlan,2026-02-12,688950.0,1625250.0,-0.088172,0.53868276,225,0
atitlan,2026-02-12,689250.0,1625250.0,-0.088857666,0.54293954,225,0
atitlan,2026-02-12,689550.0,1625250.0,-0.08838212,0.55372536,225,0
atitlan,2026-02-12,689850.0,1625250.0,-0.080057696,0.98390096,225,0
atitlan,2026-02-12,690150.0,1625250.0,-0.078669086,1.0643233,225,0
atitlan,2026-02-12,690450.0,1625250.0,-0.082323976,0.858269,225,0
atitlan,2026-02-12,690750.0,1625250.0,-0.0814815,0.9037581,225,0
atitlan,2026-02-12,691050.0,1625250.0,-0.08584677,0.6721385,225,0
atitlan,2026-02-12,691350.0,1625250.0,-0.08072381,0.93682116,225,0
atitlan,2026-02-12,691650.0,1625250.0,-0.08093182,0.9279258,225,0
atitlan,2026-02-12,691950.0,1625250.0,-0.083628625,0.8045369,225,0
atitlan,2026-02-12,692250.0,1625250.0,-0.08504768,0.7436013,225,0
atitlan,2026-02-12,692550.0,1625250.0,-0.08783554,0.6234279,225,0
atitlan,2026-02-12,692850.0,1625250.0,-0.08856853,0.5298621,225,0
atitlan,2026-02-12,693150.0,1625250.0,-0.089956164,0.48899218,225,0
atitlan,2026-02-12,693450.0,1625250.0,-0.08512698,0.73535407,225,0
atitlan,2026-02-12,693750.0,1625250.0,-0.087630995,0.6045489,225,0
atitlan,2026-02-12,694050.0,1625250.0,-0.087996714,0.5846556,225,0
atitlan,2026-02-12,694350.0,1625250.0,-0.08862989,0.5401534,225,0
atitlan,2026-02-12,694650.0,1625250.0,-0.08937522,0.5213861,225,0
atitlan,2026-02-12,694950.0,1625250.0,-0.08434596,0.7623147,225,0
atitlan,2026-02-12,695250.0,1625250.0,-0.08667958,0.61971396,225,0
atitlan,2026-02-12,695550.0,1625250.0,-0.08464523,0.72726476,225,0
atitlan,2026-02-12,695850.0,1625250.0,-0.0847925,0.7552524,225,0
atitlan,2026-02-12,696150.0,1625250.0,-0.08293073,0.8286834,225,0
atitlan,2026-02-12,696450.0,1625250.0,-0.08289464,0.8314793,225,0
atitlan,2026-02-12,696750.0,1625250.0,-0.08404405,0.76105464,225,0
atitlan,2026-02-12,697050.0,1625250.0,-0.08199915,0.87333757,225,0
atitlan,2026-02-12,697350.0,1625250.0,-0.08300987,0.8312221,225,0
atitlan,2026-02-12,697650.0,1625250.0,-0.08281623,0.8305428,225,0
atitlan,2026-02-12,697950.0,1625250.0,-0.08214201,0.8754086,225,0
atitlan,2026-02-12,698250.0,1625250.0,-0.084365435,0.7496453,225,0
atitlan,2026-02-12,698550.0,1625250.0,-0.08587368,0.68428683,225,0
atitlan,2026-02-12,698850.0,1625250.0,-0.08272298,0.84553313,225,0
atitlan,2026-02-12,699150.0,1625250.0,-0.08449452,0.7598846,225,0
atitlan,2026-02-12,699450.0,1625250.0,-0.08020017,0.99061626,225,0
atitlan,2026-02-12,699750.0,1625250.0,-0.08154367,0.91389906,225,0
atitlan,2026-02-12,700050.0,1625250.0,-0.085219614,0.7150241,225,0
atitlan,2026-02-12,700350.0,1625250.0,-0.084390044,0.75114083,225,0
atitlan,2026-02-12,700650.0,1625250.0,-0.08255695,0.8550492,225,0
atitlan,2026-02-12,700950.0,1625250.0,-0.07721727,1.1510918,225,0
atitlan,2026-02-12,701250.0,1625250.0,-0.07910341,1.0430803,225,0
atitlan,2026-02-12,701550.0,1625250.0,-0.079255685,1.0343554,225,0
atitlan,2026-02-12,701850.0,1625250.0,-0.07649063,1.1835551,225,0
atitlan,2026-02-12,702150.0,1625250.0,-0.07735821,1.1458335,225,0
atitlan,2026-02-12,702450.0,1625250.0,-0.073477626,1.3553661,225,0
atitlan,2026-02-12,702750.0,1625250.0,0.025909813,4.1614637,225,0
atitlan,2026-02-12,703050.0,1625250.0,0.11940923,6.2305226,225,0
atitlan,2026-02-12,703350.0,1625250.0,0.10983825,5.746626,225,0
atitlan,2026-02-12,703650.0,1625250.0,0.12833963,7.1345334,225,0
atitlan,2026-02-12,703950.0,1625250.0,0.11492083,6.4298553,225,0
atitlan,2026-02-12,704250.0,1625250.0,0.13222088,7.7097454,225,0
atitlan,2026-02-12,704550.0,1625250.0,0.11416067,7.163426,225,0
atitlan,2026-02-12,704850.0,1625250.0,0.20008582,9.448141,225,0
atitlan,2026-02-12,705150.0,1625250.0,0.16093995,7.759174,225,0
atitlan,2026-02-12,705450.0,1625250.0,0.122480415,6.654103,225,0
atitlan,2026-02-12,705750.0,1625250.0,0.13677119,7.8009257,225,0
atitlan,2026-02-12,706050.0,1625250.0,0.16673695,9.550934,225,0
atitlan,2026-02-12,706350.0,1625250.0,0.2096047,11.267652,225,0
atitlan,2026-02-12,706650.0,1625250.0,0.22731137,11.129583,225,0
atitlan,2026-02-12,706950.0,1625250.0,0.174883,8.805691,225,0
atitlan,2026-02-12,707250.0,1625250.0,0.13635848,7.25534,225,0
atitlan,2026-02-12,707550.0,1625250.0,0.14472991,8.032466,225,0
atitlan,2026-02-12,707850.0,1625250.0,0.1836705,8.869316,45,0
atitlan,2026-02-12,680250.0,1625550.0,0.26306322,15.269551,180,1
atitlan,2026-02-12,680550.0,1625550.0,0.30140048,19.199823,225,1
atitlan,2026-02-12,680850.0,1625550.0,0.258633,14.453563,225,1
atitlan,2026-02-12,681150.0,1625550.0,0.24045059,14.879941,225,1
atitlan,2026-02-12,681450.0,1625550.0,0.23535176,14.581426,225,1
atitlan,2026-02-12,681750.0,1625550.0,0.2246579,12.237,225,1
atitlan,2026-02-12,682050.0,1625550.0,0.24004318,14.012763,225,1
atitlan,2026-02-12,682350.0,1625550.0,0.18759035,8.521299,225,0
atitlan,2026-02-12,682650.0,1625550.0,0.17881119,7.707987,225,0
atitlan,2026-02-12,682950.0,1625550.0,0.19229771,8.561263,225,0
atitlan,2026-02-12,683250.0,1625550.0,0.25370827,12.744663,225,1
atitlan,2026-02-12,683550.0,1625550.0,0.22910853,11.594139,225,0
atitlan,2026-02-12,683850.0,1625550.0,0.1681162,8.32557,225,0
atitlan,2026-02-12,684150.0,1625550.0,0.10517963,6.792603,225,0
atitlan,2026-02-12,684450.0,1625550.0,0.09369089,6.3037553,225,0
atitlan,2026-02-12,684750.0,1625550.0,0.10608979,7.1271977,225,0
atitlan,2026-02-12,685050.0,1625550.0,-0.05497768,2.0245757,225,0
atitlan,2026-02-12,685350.0,1625550.0,-0.04147444,2.2763484,225,0
atitlan,2026-02-12,685650.0,1625550.0,-0.07823521,1.0519513,225,0
atitlan,2026-02-12,685950.0,1625550.0,-0.043672062,2.0712144,225,0
atitlan,2026-02-12,686250.0,1625550.0,0.04161769,5.0433,225,0
atitlan,2026-02-12,686550.0,1625550.0,-0.07787395,1.0838864,225,0
atitlan,2026-02-12,686850.0,1625550.0,-0.08749083,0.60515964,225,0
atitlan,2026-02-12,687150.0,1625550.0,-0.086884044,0.6167611,225,0
atitlan,2026-02-12,687450.0,1625550.0,-0.08967171,0.4823044,225,0
atitlan,2026-02-12,687750.0,1625550.0,-0.08868088,0.49870673,225,0
atitlan,2026-02-12,688050.0,1625550.0,-0.08907344,0.5236286,225,0
atitlan,2026-02-12,688350.0,1625550.0,-0.089523934,0.4803796,225,0
atitlan,2026-02-12,688650.0,1625550.0,-0.088570125,0.48931727,225,0
atitlan,2026-02-12,688950.0,1625550.0,-0.08979704,0.45094448,225,0
atitlan,2026-02-12,689250.0,1625550.0,-0.089644566,0.48441786,225,0
atitlan,2026-02-12,689550.0,1625550.0,-0.08932267,0.50550526,225,0
atitlan,2026-02-12,689850.0,1625550.0,-0.08174823,0.89857715,225,0
atitlan,2026-02-12,690150.0,1625550.0,-0.08335832,0.81452006,225,0
atitlan,2026-02-12,690450.0,1625550.0,-0.08785943,0.5803867,225,0
atitlan,2026-02-12,690750.0,1625550.0,-0.08668951,0.6344578,225,0
atitlan,2026-02-12,691050.0,1625550.0,-0.08989641,0.4595454,225,0
atitlan,2026-02-12,691350.0,1625550.0,-0.09137156,0.38994154,225,0
atitlan,2026-02-12,691650.0,1625550.0,-0.09227954,0.4147855,225,0
atitlan,2026-02-12,691950.0,1625550.0,-0.09201149,0.35625345,225,0
atitlan,2026-02-12,692250.0,1625550.0,-0.0890202,0.52712226,225,0
atitlan,2026-02-12,692550.0,1625550.0,-0.0940272,0.31357154,225,0
atitlan,2026-02-12,692850.0,1625550.0,-0.09019359,0.46863973,225,0
atitlan,2026-02-12,693150.0,1625550.0,-0.08585621,0.6938965,225,0
atitlan,2026-02-12,693450.0,1625550.0,-0.08409413,0.77268034,225,0
atitlan,2026-02-12,693750.0,1625550.0,-0.08496617,0.7411207,225,0
atitlan,2026-02-12,694050.0,1625550.0,-0.086506896,0.64790285,225,0
atitlan,2026-02-12,694350.0,1625550.0,-0.0844758,0.7562158,225,0
atitlan,2026-02-12,694650.0,1625550.0,-0.083057754,0.8316512,225,0
atitlan,2026-02-12,694950.0,1625550.0,-0.08200459,0.8722621,225,0
atitlan,2026-02-12,695250.0,1625550.0,-0.08271107,0.84539974,225,0
atitlan,2026-02-12,695550.0,1625550.0,-0.08361243,0.801016,225,0
atitlan,2026-02-12,695850.0,1625550.0,-0.082223885,0.8645799,225,0
atitlan,2026-02-12,696150.0,1625550.0,-0.08272825,0.850246,225,0
atitlan,2026-02-12,696450.0,1625550.0,-0.08506533,0.70943755,225,0
atitlan,2026-02-12,696750.0,1625550.0,-0.084925316,0.74137676,225,0
atitlan,2026-02-12,697050.0,1625550.0,-0.08202554,0.8841641,225,0
atitlan,2026-02-12,697350.0,1625550.0,-0.08478915,0.74000865,225,0
atitlan,2026-02-12,697650.0,1625550.0,-0.08535014,0.7006128,225,0
atitlan,2026-02-12,697950.0,1625550.0,-0.08462504,0.724135,225,0
atitlan,2026-02-12,698250.0,1625550.0,-0.0842753,0.76702553,225,0
atitlan,2026-02-12,698550.0,1625550.0,-0.08621048,0.656872,225,0
atitlan,2026-02-12,698850.0,1625550.0,-0.08483615,0.7455159,225,0
atitlan,2026-02-12,699150.0,1625550.0,-0.08589055,0.6680204,225,0
atitlan,2026-02-12,699450.0,1625550.0,-0.08207011,0.8757902,225,0
atitlan,2026-02-12,699750.0,1625550.0,-0.07997088,0.97876626,225,0
atitlan,2026-02-12,700050.0,1625550.0,-0.08219314,0.8770927,225,0
atitlan,2026-02-12,700350.0,1625550.0,-0.08148007,0.9255457,225,0
atitlan,2026-02-12,700650.0,1625550.0,-0.0805523,0.9697006,225,0
atitlan,2026-02-12,700950.0,1625550.0,-0.07554563,1.2454213,225,0
atitlan,2026-02-12,701250.0,1625550.0,-0.07685875,1.160895,225,0
atitlan,2026-02-12,701550.0,1625550.0,-0.075601846,1.2392784,225,0
atitlan,2026-02-12,701850.0,1625550.0,-0.07233234,1.4236166,225,0
atitlan,2026-02-12,702150.0,1625550.0,-0.07079655,1.5117326,225,0
atitlan,2026-02-12,702450.0,1625550.0,-0.00044853066,3.625606,225,0
atitlan,2026-02-12,702750.0,1625550.0,0.09301898,5.57696,225,0
atitlan,2026-02-12,703050.0,1625550.0,0.13984288,6.313075,225,0
atitlan,2026-02-12,703350.0,1625550.0,0.12819164,6.157867,225,0
atitlan,2026-02-12,703650.0,1625550.0,0.13614133,7.016452,225,0
atitlan,2026-02-12,703950.0,1625550.0,0.12502539,7.3882875,225,0
atitlan,2026-02-12,704250.0,1625550.0,0.09505298,6.2856297,225,0
atitlan,2026-02-12,704550.0,1625550.0,0.0946497,6.108656,225,0
atitlan,2026-02-12,704850.0,1625550.0,0.15622069,7.9542756,225,0
atitlan,2026-02-12,705150.0,1625550.0,0.13190632,7.4117002,225,0
atitlan,2026-02-12,705450.0,1625550.0,0.16386177,8.428956,225,0
atitlan,2026-02-12,705750.0,1625550.0,0.17686659,9.743504,225,0
atitlan,2026-02-12,706050.0,1625550.0,0.18606591,9.383606,225,0
atitlan,2026-02-12,706350.0,1625550.0,0.23814243,12.382468,225,1
atitlan,2026-02-12,706650.0,1625550.0,0.22228056,10.269222,225,0
atitlan,2026-02-12,706950.0,1625550.0,0.1848351,9.461778,225,0
atitlan,2026-02-12,707250.0,1625550.0,0.16652285,9.356806,225,0
atitlan,2026-02-12,707550.0,1625550.0,0.10356085,5.9439387,225,0
atitlan,2026-02-12,707850.0,1625550.0,0.08570152,5.2009544,45,0
atitlan,2026-02-12,680250.0,1625850.0,0.287615,16.73171,180,1
atitlan,2026-02-12,680550.0,1625850.0,0.23419148,12.884687,225,1
atitlan,2026-02-12,680850.0,1625850.0,0.25780234,14.741559,225,1
atitlan,2026-02-12,681150.0,1625850.0,0.26332667,15.444987,225,1
atitlan,2026-02-12,681450.0,1625850.0,0.21963006,13.177435,225,1
atitlan,2026-02-12,681750.0,1625850.0,0.24172986,13.800774,225,1
atitlan,2026-02-12,682050.0,1625850.0,0.23345816,12.8168125,225,1
atitlan,2026-02-12,682350.0,1625850.0,0.19780564,9.797757,225,0
atitlan,2026-02-12,682650.0,1625850.0,0.18215086,7.6251764,225,0
atitlan,2026-02-12,682950.0,1625850.0,0.21066529,9.983141,225,0
atitlan,2026-02-12,683250.0,1625850.0,0.24115402,11.304142,225,0
atitlan,2026-02-12,683550.0,1625850.0,0.24131809,11.392201,225,0
atitlan,2026-02-12,683850.0,1625850.0,0.2242017,9.997732,225,0
atitlan,2026-02-12,684150.0,1625850.0,0.14711905,7.31831,225,0
atitlan,2026-02-12,684450.0,1625850.0,0.16029972,8.800134,225,0
atitlan,2026-02-12,684750.0,1625850.0,0.011080591,3.8138669,225,0
atitlan,2026-02-12,685050.0,1625850.0,-0.07858109,1.0681177,225,0
atitlan,2026-02-12,685350.0,1625850.0,-0.080538556,0.96234125,225,0
atitlan,2026-02-12,685650.0,1625850.0,-0.08314003,0.82295376,225,0
atitlan,2026-02-12,685950.0,1625850.0,-0.085936196,0.674052,225,0
atitlan,2026-02-12,686250.0,1625850.0,-0.08330897,0.7957303,225,0
atitlan,2026-02-12,686550.0,1625850.0,-0.08179487,0.8948109,225,0
atitlan,2026-02-12,686850.0,1625850.0,-0.08769033,0.57827574,225,0
atitlan,2026-02-12,687150.0,1625850.0,-0.08976682,0.48133856,225,0
atitlan,2026-02-12,687450.0,1625850.0,-0.08970804,0.45558274,225,0
atitlan,2026-02-12,687750.0,1625850.0,-0.08831656,0.56214,225,0
atitlan,2026-02-12,688050.0,1625850.0,-0.08982049,0.47855106,225,0
atitlan,2026-02-12,688350.0,1625850.0,-0.08966841,0.4700062,225,0
atitlan,2026-02-12,688650.0,1625850.0,-0.08767017,0.5610772,225,0
atitlan,2026-02-12,688950.0,1625850.0,-0.088572085,0.5141635,225,0
atitlan,2026-02-12,689250.0,1625850.0,-0.087291546,0.5694902,225,0
atitlan,2026-02-12,689550.0,1625850.0,-0.08970076,0.44937778,225,0
atitlan,2026-02-12,689850.0,1625850.0,-0.089302704,0.52236664,225,0
atitlan,2026-02-12,690150.0,1625850.0,-0.08934786,0.52390844,225,0
atitlan,2026-02-12,690450.0,1625850.0,-0.09041778,0.4409735,225,0
atitlan,2026-02-12,690750.0,1625850.0,-0.09093834,0.4331566,225,0
atitlan,2026-02-12,691050.0,1625850.0,-0.090520784,0.42992294,225,0
atitlan,2026-02-12,691350.0,1625850.0,-0.09188066,0.42907074,225,0
atitlan,2026-02-12,691650.0,1625850.0,-0.0893127,0.5158896,225,0
atitlan,2026-02-12,691950.0,1625850.0,-0.088700116,0.5428785,225,0
atitlan,2026-02-12,692250.0,1625850.0,-0.0873252,0.6312187,225,0
atitlan,2026-02-12,692550.0,1625850.0,-0.086508036,0.64879924,225,0
atitlan,2026-02-12,692850.0,1625850.0,-0.08523432,0.7219963,225,0
atitlan,2026-02-12,693150.0,1625850.0,-0.086549684,0.64362615,225,0
atitlan,2026-02-12,693450.0,1625850.0,-0.083228774,0.81916535,225,0
atitlan,2026-02-12,693750.0,1625850.0,-0.08600614,0.64312416,225,0
atitlan,2026-02-12,694050.0,1625850.0,-0.087536864,0.5889289,225,0
atitlan,2026-02-12,694350.0,1625850.0,-0.08311294,0.8268884,225,0
atitlan,2026-02-12,694650.0,1625850.0,-0.08357471,0.81780213,225,0
atitlan,2026-02-12,694950.0,1625850.0,-0.08568126,0.6862929,225,0
atitlan,2026-02-12,695250.0,1625850.0,-0.08519805,0.6922924,225,0
atitlan,2026-02-12,695550.0,1625850.0,-0.08582798,0.6795929,225,0
atitlan,2026-02-12,695850.0,1625850.0,-0.08535993,0.6927862,225,0
atitlan,2026-02-12,696150.0,1625850.0,-0.085311756,0.70860606,225,0
atitlan,2026-02-12,696450.0,1625850.0,-0.085863,0.6925803,225,0
atitlan,2026-02-12,696750.0,1625850.0,-0.08668892,0.63366693,225,0
atitlan,2026-02-12,697050.0,1625850.0,-0.08601292,0.6928504,225,0
atitlan,2026-02-12,697350.0,1625850.0,-0.08601308,0.65947753,225,0
atitlan,2026-02-12,697650.0,1625850.0,-0.08622632,0.6525378,225,0
atitlan,2026-02-12,697950.0,1625850.0,-0.08664716,0.65170884,225,0
atitlan,2026-02-12,698250.0,1625850.0,-0.08336906,0.80702406,225,0
atitlan,2026-02-12,698550.0,1625850.0,-0.08602427,0.6439985,225,0
atitlan,2026-02-12,698850.0,1625850.0,-0.08393667,0.7817416,225,0
atitlan,2026-02-12,699150.0,1625850.0,-0.08387048,0.77617145,225,0
atitlan,2026-02-12,699450.0,1625850.0,-0.08144393,0.92571664,225,0
atitlan,2026-02-12,699750.0,1625850.0,-0.08001271,0.9883506,225,0
atitlan,2026-02-12,700050.0,1625850.0,-0.07892546,1.0515841,225,0
atitlan,2026-02-12,700350.0,1625850.0,-0.08231034,0.86327434,225,0
atitlan,2026-02-12,700650.0,1625850.0,-0.080628544,0.9488363,225,0
atitlan,2026-02-12,700950.0,1625850.0,-0.07773309,1.1210358,225,0
atitlan,2026-02-12,701250.0,1625850.0,-0.07524492,1.2601104,225,0
atitlan,2026-02-12,701550.0,1625850.0,-0.06955607,1.560407,225,0
atitlan,2026-02-12,701850.0,1625850.0,-0.012031758,2.9409242,225,0
atitlan,2026-02-12,702150.0,1625850.0,0.053606316,4.7670155,225,0
atitlan,2026-02-12,702450.0,1625850.0,0.12580447,7.3455796,225,0
atitlan,2026-02-12,702750.0,1625850.0,0.13227765,6.1555066,225,0
atitlan,2026-02-12,703050.0,1625850.0,0.13752683,6.529263,225,0
atitlan,2026-02-12,703350.0,1625850.0,0.1492697,6.7123704,225,0
atitlan,2026-02-12,703650.0,1625850.0,0.15992033,8.431593,225,0
atitlan,2026-02-12,703950.0,1625850.0,0.14619395,8.5721655,225,0
atitlan,2026-02-12,704250.0,1625850.0,0.15549262,8.151323,225,0
atitlan,2026-02-12,704550.0,1625850.0,0.14909267,7.6353617,225,0
atitlan,2026-02-12,704850.0,1625850.0,0.09778356,6.169584,225,0
atitlan,2026-02-12,705150.0,1625850.0,0.13863906,7.6652136,225,0
atitlan,2026-02-12,705450.0,1625850.0,0.15570773,8.136753,225,0
atitlan,2026-02-12,705750.0,1625850.0,0.12122235,7.2634745,225,0
atitlan,2026-02-12,706050.0,1625850.0,0.11389622,6.256516,225,0
atitlan,2026-02-12,706350.0,1625850.0,0.1765443,8.747313,225,0
atitlan,2026-02-12,706650.0,1625850.0,0.19834368,9.096592,225,0
atitlan,2026-02-12,706950.0,1625850.0,0.22390744,11.475218,225,0
atitlan,2026-02-12,707250.0,1625850.0,0.18546367,8.824291,225,0
atitlan,2026-02-12,707550.0,1625850.0,0.16912235,9.249782,225,0
atitlan,2026-02-12,707850.0,1625850.0,0.1525241,8.691762,45,0
atitlan,2026-02-12,680250.0,1626150.0,0.28421998,16.306028,180,1
atitlan,2026-02-12,680550.0,1626150.0,0.26490638,14.797759,225,1
atitlan,2026-02-12,680850.0,1626150.0,0.2569766,13.827508,225,1
atitlan,2026-02-12,681150.0,1626150.0,0.23559551,14.537856,225,1
atitlan,2026-02-12,681450.0,1626150.0,0.2756076,15.593208,225,1
atitlan,2026-02-12,681750.0,1626150.0,0.23130114,13.697953,225,1
atitlan,2026-02-12,682050.0,1626150.0,0.18077348,8.627003,225,0
atitlan,2026-02-12,682350.0,1626150.0,0.17619464,7.0108457,225,0
atitlan,2026-02-12,682650.0,1626150.0,0.16566567,6.883111,225,0
atitlan,2026-02-12,682950.0,1626150.0,0.16748765,7.327814,225,0
atitlan,2026-02-12,683250.0,1626150.0,0.1378995,6.18514,225,0
atitlan,2026-02-12,683550.0,1626150.0,0.15868784,6.8816833,225,0
atitlan,2026-02-12,683850.0,1626150.0,0.20713165,9.280532,225,0
atitlan,2026-02-12,684150.0,1626150.0,0.17374684,8.3747425,225,0
atitlan,2026-02-12,684450.0,1626150.0,0.08616002,6.3109727,225,0
atitlan,2026-02-12,684750.0,1626150.0,-0.06960263,1.5542728,225,0
atitlan,2026-02-12,685050.0,1626150.0,-0.08104124,0.9274199,225,0
atitlan,2026-02-12,685350.0,1626150.0,-0.081607945,0.91069317,225,0
atitlan,2026-02-12,685650.0,1626150.0,-0.08354426,0.79168814,225,0
atitlan,2026-02-12,685950.0,1626150.0,-0.08620908,0.65391815,225,0
atitlan,2026-02-12,686250.0,1626150.0,-0.08600098,0.66131306,225,0
atitlan,2026-02-12,686550.0,1626150.0,-0.0841624,0.7474255,225,0
atitlan,2026-02-12,686850.0,1626150.0,-0.08500851,0.7153348,225,0
atitlan,2026-02-12,687150.0,1626150.0,-0.08550084,0.67909926,225,0
atitlan,2026-02-12,687450.0,1626150.0,-0.08757359,0.57467896,225,0
atitlan,2026-02-12,687750.0,1626150.0,-0.08797126,0.58441865,225,0
atitlan,2026-02-12,688050.0,1626150.0,-0.08876683,0.52613026,225,0
atitlan,2026-02-12,688350.0,1626150.0,-0.08889684,0.49381462,225,0
atitlan,2026-02-12,688650.0,1626150.0,-0.08847164,0.5150708,225,0
atitlan,2026-02-12,688950.0,1626150.0,-0.08832956,0.49539796,225,0
atitlan,2026-02-12,689250.0,1626150.0,-0.090090394,0.47233832,225,0
atitlan,2026-02-12,689550.0,1626150.0,-0.08865186,0.52108693,225,0
atitlan,2026-02-12,689850.0,1626150.0,-0.09020637,0.44558218,225,0
atitlan,2026-02-12,690150.0,1626150.0,-0.08829699,0.5498262,225,0
atitlan,2026-02-12,690450.0,1626150.0,-0.08801678,0.5655875,225,0
atitlan,2026-02-12,690750.0,1626150.0,-0.08800779,0.56822044,225,0
atitlan,2026-02-12,691050.0,1626150.0,-0.086598784,0.6400942,225,0
atitlan,2026-02-12,691350.0,1626150.0,-0.08840697,0.5433129,225,0
atitlan,2026-02-12,691650.0,1626150.0,-0.08192694,0.8896569,225,0
atitlan,2026-02-12,691950.0,1626150.0,-0.08437179,0.75089777,225,0
atitlan,2026-02-12,692250.0,1626150.0,-0.08481673,0.7338367,225,0
atitlan,2026-02-12,692550.0,1626150.0,-0.08820542,0.5453343,225,0
atitlan,2026-02-12,692850.0,1626150.0,-0.0884931,0.5493822,225,0
atitlan,2026-02-12,693150.0,1626150.0,-0.08949858,0.49021152,225,0
atitlan,2026-02-12,693450.0,1626150.0,-0.08708153,0.62385035,225,0
atitlan,2026-02-12,693750.0,1626150.0,-0.08567266,0.67076427,225,0
atitlan,2026-02-12,694050.0,1626150.0,-0.09020775,0.48942107,225,0
atitlan,2026-02-12,694350.0,1626150.0,-0.085284166,0.7118492,225,0
atitlan,2026-02-12,694650.0,1626150.0,-0.08757512,0.5857137,225,0
atitlan,2026-02-12,694950.0,1626150.0,-0.085304774,0.6979748,225,0
atitlan,2026-02-12,695250.0,1626150.0,-0.08505306,0.7188375,225,0
atitlan,2026-02-12,695550.0,1626150.0,-0.08718722,0.6038352,225,0
atitlan,2026-02-12,695850.0,1626150.0,-0.08667347,0.64955443,225,0
atitlan,2026-02-12,696150.0,1626150.0,-0.08506229,0.7148478,225,0
atitlan,2026-02-12,696450.0,1626150.0,-0.084981084,0.7209576,225,0
atitlan,2026-02-12,696750.0,1626150.0,-0.08366583,0.8014799,225,0
atitlan,2026-02-12,697050.0,1626150.0,-0.081232205,0.93921506,225,0
atitlan,2026-02-12,697350.0,1626150.0,-0.08131438,0.9259328,225,0
atitlan,2026-02-12,697650.0,1626150.0,-0.08446837,0.7375325,225,0
atitlan,2026-02-12,697950.0,1626150.0,-0.08517909,0.7149981,225,0
atitlan,2026-02-12,698250.0,1626150.0,-0.08194574,0.8929184,225,0
atitlan,2026-02-12,698550.0,1626150.0,-0.0828394,0.85525215,225,0
atitlan,2026-02-12,698850.0,1626150.0,-0.08268116,0.8422196,225,0
atitlan,2026-02-12,699150.0,1626150.0,-0.08270726,0.8430632,225,0
atitlan,2026-02-12,699450.0,1626150.0,-0.082487255,0.85777044,225,0
atitlan,2026-02-12,699750.0,1626150.0,-0.07923845,1.0303808,225,0
atitlan,2026-02-12,700050.0,1626150.0,-0.078138836,1.099961,225,0
atitlan,2026-02-12,700350.0,1626150.0,-0.082331635,0.86865854,225,0
atitlan,2026-02-12,700650.0,1626150.0,-0.077750996,1.1184323,225,0
atitlan,2026-02-12,700950.0,1626150.0,-0.075558156,1.2426631,225,0
atitlan,2026-02-12,701250.0,1626150.0,-0.04918166,2.1203225,225,0
atitlan,2026-02-12,701550.0,1626150.0,0.030403893,4.3262234,225,0
atitlan,2026-02-12,701850.0,1626150.0,0.1248916,5.779267,225,0
atitlan,2026-02-12,702150.0,1626150.0,0.09659966,5.1875477,225,0
atitlan,2026-02-12,702450.0,1626150.0,0.10829723,5.6137652,225,0
atitlan,2026-02-12,702750.0,1626150.0,0.1509629,6.4921308,225,0
atitlan,2026-02-12,703050.0,1626150.0,0.1771605,7.7957406,225,0
atitlan,2026-02-12,703350.0,1626150.0,0.15141082,7.5673184,225,0
atitlan,2026-02-12,703650.0,1626150.0,0.1651141,9.285175,225,0
atitlan,2026-02-12,703950.0,1626150.0,0.18539579,9.90952,225,0
atitlan,2026-02-12,704250.0,1626150.0,0.22156492,11.644413,225,0
atitlan,2026-02-12,704550.0,1626150.0,0.16345182,9.251316,225,0
atitlan,2026-02-12,704850.0,1626150.0,0.11880843,7.445786,225,0
atitlan,2026-02-12,705150.0,1626150.0,0.19760007,10.85681,225,0
atitlan,2026-02-12,705450.0,1626150.0,0.1547602,7.470362,225,0
atitlan,2026-02-12,705750.0,1626150.0,0.101618975,6.3808923,225,0
atitlan,2026-02-12,706050.0,1626150.0,0.108932175,6.836365,225,0
atitlan,2026-02-12,706350.0,1626150.0,0.09374732,5.777107,225,0
atitlan,2026-02-12,706650.0,1626150.0,0.20880266,9.925159,225,0
atitlan,2026-02-12,706950.0,1626150.0,0.19939722,9.4389105,225,0
atitlan,2026-02-12,707250.0,1626150.0,0.21008398,10.074969,225,0
atitlan,2026-02-12,707550.0,1626150.0,0.18386808,10.186363,225,0
atitlan,2026-02-12,707850.0,1626150.0,0.14152794,9.119278,45,0
atitlan,2026-02-12,680250.0,1626450.0,0.29303864,17.368242,180,1
atitlan,2026-02-12,680550.0,1626450.0,0.29311028,17.943981,225,1
atitlan,2026-02-12,680850.0,1626450.0,0.24533832,12.98857,225,1
atitlan,2026-02-12,681150.0,1626450.0,0.24964531,12.842578,225,1
atitlan,2026-02-12,681450.0,1626450.0,0.24958552,15.210664,225,1
atitlan,2026-02-12,681750.0,1626450.0,0.25844553,15.219403,225,1
atitlan,2026-02-12,682050.0,1626450.0,0.20459853,10.025401,225,0
atitlan,2026-02-12,682350.0,1626450.0,0.22003393,10.980698,225,0
atitlan,2026-02-12,682650.0,1626450.0,0.17848131,7.1096454,225,0
atitlan,2026-02-12,682950.0,1626450.0,0.19953164,9.293073,225,0
atitlan,2026-02-12,683250.0,1626450.0,0.16865173,7.634164,225,0
atitlan,2026-02-12,683550.0,1626450.0,0.14636798,6.524071,225,0
atitlan,2026-02-12,683850.0,1626450.0,0.15235052,6.730591,225,0
atitlan,2026-02-12,684150.0,1626450.0,0.14702313,6.560123,225,0
atitlan,2026-02-12,684450.0,1626450.0,0.043275613,4.933272,225,0
atitlan,2026-02-12,684750.0,1626450.0,-0.06794607,1.648659,225,0
atitlan,2026-02-12,685050.0,1626450.0,-0.08038022,0.96286994,225,0
atitlan,2026-02-12,685350.0,1626450.0,-0.08098153,0.93001765,225,0
atitlan,2026-02-12,685650.0,1626450.0,-0.08045086,0.9689572,225,0
atitlan,2026-02-12,685950.0,1626450.0,-0.085266545,0.71299565,225,0
atitlan,2026-02-12,686250.0,1626450.0,-0.08430419,0.74654394,225,0
atitlan,2026-02-12,686550.0,1626450.0,-0.08649437,0.64797294,225,0
atitlan,2026-02-12,686850.0,1626450.0,-0.08609515,0.6589444,225,0
atitlan,2026-02-12,687150.0,1626450.0,-0.08652535,0.62691987,225,0
atitlan,2026-02-12,687450.0,1626450.0,-0.08859312,0.5006777,225,0
atitlan,2026-02-12,687750.0,1626450.0,-0.0894237,0.48323998,225,0
atitlan,2026-02-12,688050.0,1626450.0,-0.08911024,0.4810243,225,0
atitlan,2026-02-12,688350.0,1626450.0,-0.09142637,0.39912844,225,0
atitlan,2026-02-12,688650.0,1626450.0,-0.08814744,0.50911516,225,0
atitlan,2026-02-12,688950.0,1626450.0,-0.090006486,0.42717195,225,0
atitlan,2026-02-12,689250.0,1626450.0,-0.0880763,0.54800034,225,0
atitlan,2026-02-12,689550.0,1626450.0,-0.09098201,0.41312215,225,0
atitlan,2026-02-12,689850.0,1626450.0,-0.08652088,0.61748564,225,0
atitlan,2026-02-12,690150.0,1626450.0,-0.08433904,0.7599377,225,0
atitlan,2026-02-12,690450.0,1626450.0,-0.085832186,0.69164795,225,0
atitlan,2026-02-12,690750.0,1626450.0,-0.086072296,0.6597434,225,0
atitlan,2026-02-12,691050.0,1626450.0,-0.08612327,0.6547375,225,0
atitlan,2026-02-12,691350.0,1626450.0,-0.08730583,0.6036361,225,0
atitlan,2026-02-12,691650.0,1626450.0,-0.085176565,0.73045754,225,0
atitlan,2026-02-12,691950.0,1626450.0,-0.08657049,0.6329944,225,0
atitlan,2026-02-12,692250.0,1626450.0,-0.08796828,0.5810647,225,0
atitlan,2026-02-12,692550.0,1626450.0,-0.088617474,0.5555633,225,0
atitlan,2026-02-12,692850.0,1626450.0,-0.088988066,0.5391216,225,0
atitlan,2026-02-12,693150.0,1626450.0,-0.08903669,0.5127272,225,0
atitlan,2026-02-12,693450.0,1626450.0,-0.08906766,0.50686103,225,0
atitlan,2026-02-12,693750.0,1626450.0,-0.08546316,0.70814186,225,0
atitlan,2026-02-12,694050.0,1626450.0,-0.08629282,0.663644,225,0
atitlan,2026-02-12,694350.0,1626450.0,-0.08698397,0.6382366,225,0
atitlan,2026-02-12,694650.0,1626450.0,-0.086362556,0.6754678,225,0
atitlan,2026-02-12,694950.0,1626450.0,-0.0847395,0.71848744,225,0
atitlan,2026-02-12,695250.0,1626450.0,-0.08478022,0.71400106,225,0
atitlan,2026-02-12,695550.0,1626450.0,-0.08315339,0.83032924,225,0
atitlan,2026-02-12,695850.0,1626450.0,-0.08415431,0.75190187,225,0
atitlan,2026-02-12,696150.0,1626450.0,-0.082051285,0.88567483,225,0
atitlan,2026-02-12,696450.0,1626450.0,-0.08261463,0.8377476,225,0
atitlan,2026-02-12,696750.0,1626450.0,-0.08301042,0.8220125,225,0
atitlan,2026-02-12,697050.0,1626450.0,-0.08211885,0.8919858,225,0
atitlan,2026-02-12,697350.0,1626450.0,-0.082564525,0.85250413,225,0
atitlan,2026-02-12,697650.0,1626450.0,-0.08485401,0.7430881,225,0
atitlan,2026-02-12,697950.0,1626450.0,-0.08564182,0.7104236,225,0
atitlan,2026-02-12,698250.0,1626450.0,-0.08387494,0.79512864,225,0
atitlan,2026-02-12,698550.0,1626450.0,-0.08122615,0.9338729,225,0
atitlan,2026-02-12,698850.0,1626450.0,-0.08316541,0.8126776,225,0
atitlan,2026-02-12,699150.0,1626450.0,-0.07977338,1.0061048,225,0
atitlan,2026-02-12,699450.0,1626450.0,-0.080764905,0.9367296,225,0
atitlan,2026-02-12,699750.0,1626450.0,-0.078591704,1.0726609,225,0
atitlan,2026-02-12,700050.0,1626450.0,-0.07810368,1.098786,225,0
atitlan,2026-02-12,700350.0,1626450.0,-0.08291381,0.8471533,225,0
atitlan,2026-02-12,700650.0,1626450.0,-0.08031203,0.9685752,225,0
atitlan,2026-02-12,700950.0,1626450.0,-0.07907461,1.0362508,225,0
atitlan,2026-02-12,701250.0,1626450.0,0.056376193,5.2700896,225,0
atitlan,2026-02-12,701550.0,1626450.0,0.1307855,6.080956,225,0
atitlan,2026-02-12,701850.0,1626450.0,0.13017009,5.7678876,225,0
atitlan,2026-02-12,702150.0,1626450.0,0.111726575,6.032199,225,0
atitlan,2026-02-12,702450.0,1626450.0,0.12008274,6.1223345,225,0
atitlan,2026-02-12,702750.0,1626450.0,0.15230237,6.59083,225,0
atitlan,2026-02-12,703050.0,1626450.0,0.14183828,7.2832804,225,0
atitlan,2026-02-12,703350.0,1626450.0,0.17415652,8.584266,225,0
atitlan,2026-02-12,703650.0,1626450.0,0.17252752,8.960261,225,0
atitlan,2026-02-12,703950.0,1626450.0,0.16842303,9.871851,225,0
atitlan,2026-02-12,704250.0,1626450.0,0.17992935,9.326931,225,0
atitlan,2026-02-12,704550.0,1626450.0,0.09177798,6.9384913,225,0
atitlan,2026-02-12,704850.0,1626450.0,0.09852079,6.233796,225,0
atitlan,2026-02-12,705150.0,1626450.0,0.10812806,6.293129,225,0
atitlan,2026-02-12,705450.0,1626450.0,0.17570941,9.047353,225,0
atitlan,2026-02-12,705750.0,1626450.0,0.18862945,10.223691,225,0
atitlan,2026-02-12,706050.0,1626450.0,0.17294253,10.586195,225,0
atitlan,2026-02-12,706350.0,1626450.0,0.2014592,9.885874,225,0
atitlan,2026-02-12,706650.0,1626450.0,0.21221983,10.224301,225,0
atitlan,2026-02-12,706950.0,1626450.0,0.19853781,10.371609,225,0
atitlan,2026-02-12,707250.0,1626450.0,0.20232603,10.352379,225,0
atitlan,2026-02-12,707550.0,1626450.0,0.16892965,8.592376,225,0
atitlan,2026-02-12,707850.0,1626450.0,0.14345619,6.140315,45,0
atitlan,2026-02-12,680250.0,1626750.0,0.30030733,17.738781,180,1
atitlan,2026-02-12,680550.0,1626750.0,0.24790245,12.039503,225,1
atitlan,2026-02-12,680850.0,1626750.0,0.2603923,13.7230425,225,1
atitlan,2026-02-12,681150.0,1626750.0,0.27217183,15.192137,225,1
atitlan,2026-02-12,681450.0,1626750.0,0.24772546,14.893992,225,1
atitlan,2026-02-12,681750.0,1626750.0,0.271317,17.29131,225,1
atitlan,2026-02-12,682050.0,1626750.0,0.2056497,12.543639,225,1
atitlan,2026-02-12,682350.0,1626750.0,0.23491989,14.114455,225,1
atitlan,2026-02-12,682650.0,1626750.0,0.24729227,14.680195,225,1
atitlan,2026-02-12,682950.0,1626750.0,0.24165544,13.02622,225,1
atitlan,2026-02-12,683250.0,1626750.0,0.2573382,13.395328,225,1
atitlan,2026-02-12,683550.0,1626750.0,0.23153676,11.518211,225,0
atitlan,2026-02-12,683850.0,1626750.0,0.19801353,9.23764,225,0
atitlan,2026-02-12,684150.0,1626750.0,0.17733097,7.6515775,225,0
atitlan,2026-02-12,684450.0,1626750.0,0.18932782,8.334893,225,0
atitlan,2026-02-12,684750.0,1626750.0,0.060742114,5.826882,225,0
atitlan,2026-02-12,685050.0,1626750.0,-0.07409526,1.3288159,225,0
atitlan,2026-02-12,685350.0,1626750.0,-0.08031332,0.95949304,225,0
atitlan,2026-02-12,685650.0,1626750.0,-0.07949435,1.0169628,225,0
atitlan,2026-02-12,685950.0,1626750.0,-0.084927134,0.7205479,225,0
atitlan,2026-02-12,686250.0,1626750.0,-0.08595066,0.64888203,225,0
atitlan,2026-02-12,686550.0,1626750.0,-0.087874204,0.5534497,225,0
atitlan,2026-02-12,686850.0,1626750.0,-0.08492455,0.7355309,225,0
atitlan,2026-02-12,687150.0,1626750.0,-0.087178215,0.6389425,225,0
atitlan,2026-02-12,687450.0,1626750.0,-0.085875176,0.68961936,225,0
atitlan,2026-02-12,687750.0,1626750.0,-0.08946911,0.50135016,225,0
atitlan,2026-02-12,688050.0,1626750.0,-0.08845856,0.52024156,225,0
atitlan,2026-02-12,688350.0,1626750.0,-0.0890503,0.4910672,225,0
atitlan,2026-02-12,688650.0,1626750.0,-0.0880333,0.51536053,225,0
atitlan,2026-02-12,688950.0,1626750.0,-0.08655688,0.60880756,225,0
atitlan,2026-02-12,689250.0,1626750.0,-0.08625008,0.6202726,225,0
atitlan,2026-02-12,689550.0,1626750.0,-0.087053895,0.57643586,225,0
atitlan,2026-02-12,689850.0,1626750.0,-0.08727033,0.5603908,225,0
atitlan,2026-02-12,690150.0,1626750.0,-0.08706637,0.63720024,225,0
atitlan,2026-02-12,690450.0,1626750.0,-0.08768537,0.5848872,225,0
atitlan,2026-02-12,690750.0,1626750.0,-0.09063763,0.43536213,225,0
atitlan,2026-02-12,691050.0,1626750.0,-0.088147774,0.5834329,225,0
atitlan,2026-02-12,691350.0,1626750.0,-0.08843987,0.5331433,225,0
atitlan,2026-02-12,691650.0,1626750.0,-0.09043874,0.46522918,225,0
atitlan,2026-02-12,691950.0,1626750.0,-0.091057055,0.41730937,225,0
atitlan,2026-02-12,692250.0,1626750.0,-0.08762238,0.6018479,225,0
atitlan,2026-02-12,692550.0,1626750.0,-0.084054865,0.76809806,225,0
atitlan,2026-02-12,692850.0,1626750.0,-0.08865468,0.53100115,225,0
atitlan,2026-02-12,693150.0,1626750.0,-0.086899355,0.6224499,225,0
atitlan,2026-02-12,693450.0,1626750.0,-0.08650085,0.64706665,225,0
atitlan,2026-02-12,693750.0,1626750.0,-0.08304036,0.81538475,225,0
atitlan,2026-02-12,694050.0,1626750.0,-0.083721265,0.7892005,225,0
atitlan,2026-02-12,694350.0,1626750.0,-0.08457609,0.73354775,225,0
atitlan,2026-02-12,694650.0,1626750.0,-0.0813335,0.91481864,225,0
atitlan,2026-02-12,694950.0,1626750.0,-0.085597,0.6976721,225,0
atitlan,2026-02-12,695250.0,1626750.0,-0.08431418,0.7519242,225,0
atitlan,2026-02-12,695550.0,1626750.0,-0.08444879,0.7545658,225,0
atitlan,2026-02-12,695850.0,1626750.0,-0.084366195,0.75501347,225,0
atitlan,2026-02-12,696150.0,1626750.0,-0.083760895,0.79971755,225,0
atitlan,2026-02-12,696450.0,1626750.0,-0.082179345,0.8733627,225,0
atitlan,2026-02-12,696750.0,1626750.0,-0.08137938,0.9240921,225,0
atitlan,2026-02-12,697050.0,1626750.0,-0.079860345,1.0007828,225,0
atitlan,2026-02-12,697350.0,1626750.0,-0.0804706,0.9576142,225,0
atitlan,2026-02-12,697650.0,1626750.0,-0.080558665,0.9522991,225,0
atitlan,2026-02-12,697950.0,1626750.0,-0.0817644,0.9213877,225,0
atitlan,2026-02-12,698250.0,1626750.0,-0.08313504,0.8156189,225,0
atitlan,2026-02-12,698550.0,1626750.0,-0.082695104,0.8525608,225,0
atitlan,2026-02-12,698850.0,1626750.0,-0.08476624,0.7449442,225,0
atitlan,2026-02-12,699150.0,1626750.0,-0.084731005,0.72727245,225,0
atitlan,2026-02-12,699450.0,1626750.0,-0.085699186,0.69412243,225,0
atitlan,2026-02-12,699750.0,1626750.0,-0.08659278,0.6696661,225,0
atitlan,2026-02-12,700050.0,1626750.0,-0.085264415,0.7130532,225,0
atitlan,2026-02-12,700350.0,1626750.0,-0.0860378,0.6677246,225,0
atitlan,2026-02-12,700650.0,1626750.0,-0.08267924,0.8346536,225,0
atitlan,2026-02-12,700950.0,1626750.0,-0.08124253,0.9237077,225,0
atitlan,2026-02-12,701250.0,1626750.0,0.0025199177,3.0924907,225,0
atitlan,2026-02-12,701550.0,1626750.0,0.13544607,5.908157,225,0
atitlan,2026-02-12,701850.0,1626750.0,0.14162621,6.0737386,225,0
atitlan,2026-02-12,702150.0,1626750.0,0.14509591,6.6710954,225,0
atitlan,2026-02-12,702450.0,1626750.0,0.1790997,7.613934,225,0
atitlan,2026-02-12,702750.0,1626750.0,0.14020285,7.3537574,225,0
atitlan,2026-02-12,703050.0,1626750.0,0.170631,8.822549,225,0
atitlan,2026-02-12,703350.0,1626750.0,0.16577545,8.591331,225,0
atitlan,2026-02-12,703650.0,1626750.0,0.14965804,7.662705,225,0
atitlan,2026-02-12,703950.0,1626750.0,0.14808308,7.8848953,225,0
atitlan,2026-02-12,704250.0,1626750.0,0.1795471,8.757504,225,0
atitlan,2026-02-12,704550.0,1626750.0,0.21433453,11.898412,225,0
atitlan,2026-02-12,704850.0,1626750.0,0.17384957,10.685809,225,0
atitlan,2026-02-12,705150.0,1626750.0,0.1697027,8.82939,225,0
atitlan,2026-02-12,705450.0,1626750.0,0.14572203,6.9371343,225,0
atitlan,2026-02-12,705750.0,1626750.0,0.20977183,10.163341,225,0
atitlan,2026-02-12,706050.0,1626750.0,0.122399464,6.992905,225,0
atitlan,2026-02-12,706350.0,1626750.0,0.21433438,11.565456,225,0
atitlan,2026-02-12,706650.0,1626750.0,0.23996492,12.521594,225,1
atitlan,2026-02-12,706950.0,1626750.0,0.26780096,13.647814,225,1
atitlan,2026-02-12,707250.0,1626750.0,0.22459766,11.599909,225,0
atitlan,2026-02-12,707550.0,1626750.0,0.20414996,9.42556,225,0
atitlan,2026-02-12,707850.0,1626750.0,0.18589932,9.89332,45,0
atitlan,2026-02-12,680250.0,1627050.0,0.31060457,19.026962,180,1
atitlan,2026-02-12,680550.0,1627050.0,0.2766524,16.411646,225,1
atitlan,2026-02-12,680850.0,1627050.0,0.27866063,15.920291,225,1
atitlan,2026-02-12,681150.0,1627050.0,0.27233472,15.688736,225,1
atitlan,2026-02-12,681450.0,1627050.0,0.2306519,13.62973,225,1
atitlan,2026-02-12,681750.0,1627050.0,0.22881216,13.238638,225,1
atitlan,2026-02-12,682050.0,1627050.0,0.21174255,12.710824,225,1
atitlan,2026-02-12,682350.0,1627050.0,0.22922127,13.761212,225,1
atitlan,2026-02-12,682650.0,1627050.0,0.15147896,9.499707,225,0
atitlan,2026-02-12,682950.0,1627050.0,0.26677454,15.178364,225,1
atitlan,2026-02-12,683250.0,1627050.0,0.24357438,13.894742,225,1
atitlan,2026-02-12,683550.0,1627050.0,0.21804088,11.019243,225,0
atitlan,2026-02-12,683850.0,1627050.0,0.20438862,8.976616,225,0
atitlan,2026-02-12,684150.0,1627050.0,0.18871248,8.113209,225,0
atitlan,2026-02-12,684450.0,1627050.0,0.15390925,6.8531346,225,0
atitlan,2026-02-12,684750.0,1627050.0,0.087420285,5.9207287,225,0
atitlan,2026-02-12,685050.0,1627050.0,-0.02705909,2.9070883,225,0
atitlan,2026-02-12,685350.0,1627050.0,-0.06808476,1.5895889,225,0
atitlan,2026-02-12,685650.0,1627050.0,-0.07234145,1.4181653,225,0
atitlan,2026-02-12,685950.0,1627050.0,-0.07814896,1.0935423,225,0
atitlan,2026-02-12,686250.0,1627050.0,-0.085599095,0.6863665,225,0
atitlan,2026-02-12,686550.0,1627050.0,-0.08742921,0.5617557,225,0
atitlan,2026-02-12,686850.0,1627050.0,-0.08386882,0.76276106,225,0
atitlan,2026-02-12,687150.0,1627050.0,-0.08724768,0.59459776,225,0
atitlan,2026-02-12,687450.0,1627050.0,-0.085250616,0.7008557,225,0
atitlan,2026-02-12,687750.0,1627050.0,-0.08829616,0.57201904,225,0
atitlan,2026-02-12,688050.0,1627050.0,-0.08863353,0.54354125,225,0
atitlan,2026-02-12,688350.0,1627050.0,-0.09213382,0.34076092,225,0
atitlan,2026-02-12,688650.0,1627050.0,-0.08972518,0.46456766,225,0
atitlan,2026-02-12,688950.0,1627050.0,-0.085526966,0.6862104,225,0
atitlan,2026-02-12,689250.0,1627050.0,-0.088100165,0.55413866,225,0
atitlan,2026-02-12,689550.0,1627050.0,-0.08639527,0.62994933,225,0
atitlan,2026-02-12,689850.0,1627050.0,-0.093090676,0.2979724,225,0
atitlan,2026-02-12,690150.0,1627050.0,-0.09013976,0.45311815,225,0
atitlan,2026-02-12,690450.0,1627050.0,-0.08932844,0.4995535,225,0
atitlan,2026-02-12,690750.0,1627050.0,-0.087645926,0.5780307,225,0
atitlan,2026-02-12,691050.0,1627050.0,-0.08601035,0.66570604,225,0
atitlan,2026-02-12,691350.0,1627050.0,-0.086109444,0.65599155,225,0
atitlan,2026-02-12,691650.0,1627050.0,-0.08553552,0.67219454,225,0
atitlan,2026-02-12,691950.0,1627050.0,-0.082682244,0.8394191,225,0
atitlan,2026-02-12,692250.0,1627050.0,-0.08066057,0.95069045,225,0
atitlan,2026-02-12,692550.0,1627050.0,-0.082610555,0.8591461,225,0
atitlan,2026-02-12,692850.0,1627050.0,-0.08575523,0.71577936,225,0
atitlan,2026-02-12,693150.0,1627050.0,-0.08416369,0.7673914,225,0
atitlan,2026-02-12,693450.0,1627050.0,-0.085381664,0.70036864,225,0
atitlan,2026-02-12,693750.0,1627050.0,-0.08307609,0.8189654,225,0
atitlan,2026-02-12,694050.0,1627050.0,-0.08432651,0.7669038,225,0
atitlan,2026-02-12,694350.0,1627050.0,-0.08347655,0.8049981,225,0
atitlan,2026-02-12,694650.0,1627050.0,-0.08181447,0.909473,225,0
atitlan,2026-02-12,694950.0,1627050.0,-0.08056148,0.9653927,225,0
atitlan,2026-02-12,695250.0,1627050.0,-0.083466455,0.8152436,225,0
atitlan,2026-02-12,695550.0,1627050.0,-0.08078156,0.94791055,225,0
atitlan,2026-02-12,695850.0,1627050.0,-0.078702174,1.0589837,225,0
atitlan,2026-02-12,696150.0,1627050.0,-0.079427175,1.0318046,225,0
atitlan,2026-02-12,696450.0,1627050.0,-0.08050564,0.9724495,225,0
atitlan,2026-02-12,696750.0,1627050.0,-0.08296141,0.8568646,225,0
atitlan,2026-02-12,697050.0,1627050.0,-0.0850384,0.7278569,225,0
atitlan,2026-02-12,697350.0,1627050.0,-0.08598956,0.6877282,225,0
atitlan,2026-02-12,697650.0,1627050.0,-0.08678486,0.63965034,225,0
atitlan,2026-02-12,697950.0,1627050.0,-0.08928767,0.540969,225,0
atitlan,2026-02-12,698250.0,1627050.0,-0.08915136,0.52364594,225,0
atitlan,2026-02-12,698550.0,1627050.0,-0.08792492,0.5778764,225,0
atitlan,2026-02-12,698850.0,1627050.0,-0.08665293,0.64481735,225,0
atitlan,2026-02-12,699150.0,1627050.0,-0.08640039,0.6577097,225,0
atitlan,2026-02-12,699450.0,1627050.0,-0.08412157,0.75745577,225,0
atitlan,2026-02-12,699750.0,1627050.0,-0.08290197,0.8410498,225,0
atitlan,2026-02-12,700050.0,1627050.0,-0.08191102,0.87583274,225,0
atitlan,2026-02-12,700350.0,1627050.0,-0.083992384,0.7741473,225,0
atitlan,2026-02-12,700650.0,1627050.0,-0.08104938,0.9302471,225,0
atitlan,2026-02-12,700950.0,1627050.0,-0.0798037,1.0069754,225,0
atitlan,2026-02-12,701250.0,1627050.0,0.07528145,5.1188555,225,0
atitlan,2026-02-12,701550.0,1627050.0,0.13445419,5.7370086,225,0
atitlan,2026-02-12,701850.0,1627050.0,0.19185749,9.066701,225,0
atitlan,2026-02-12,702150.0,1627050.0,0.26422605,13.359495,225,1
atitlan,2026-02-12,702450.0,1627050.0,0.22560875,10.593615,225,0
atitlan,2026-02-12,702750.0,1627050.0,0.19384927,8.97495,225,0
atitlan,2026-02-12,703050.0,1627050.0,0.22140762,11.654243,225,0
atitlan,2026-02-12,703350.0,1627050.0,0.17757492,9.438452,225,0
atitlan,2026-02-12,703650.0,1627050.0,0.14274399,7.827067,225,0
atitlan,2026-02-12,703950.0,1627050.0,0.11369642,7.6476536,225,0
atitlan,2026-02-12,704250.0,1627050.0,0.17444317,9.843411,225,0
atitlan,2026-02-12,704550.0,1627050.0,0.24289395,12.881119,225,1
atitlan,2026-02-12,704850.0,1627050.0,0.23009007,12.813674,225,1
atitlan,2026-02-12,705150.0,1627050.0,0.1630351,8.22656,225,0
atitlan,2026-02-12,705450.0,1627050.0,0.18382972,8.446437,225,0
atitlan,2026-02-12,705750.0,1627050.0,0.17059974,8.817459,225,0
atitlan,2026-02-12,706050.0,1627050.0,0.16551739,8.065077,225,0
atitlan,2026-02-12,706350.0,1627050.0,0.21162118,11.068274,225,0
atitlan,2026-02-12,706650.0,1627050.0,0.2207174,11.1785,225,0
atitlan,2026-02-12,706950.0,1627050.0,0.21757263,11.286555,225,0
atitlan,2026-02-12,707250.0,1627050.0,0.21504337,12.371387,225,1
atitlan,2026-02-12,707550.0,1627050.0,0.22392909,10.756568,225,0
atitlan,2026-02-12,707850.0,1627050.0,0.22486532,12.363412,45,1
atitlan,2026-02-12,680250.0,1627350.0,0.3165181,20.895987,180,1
atitlan,2026-02-12,680550.0,1627350.0,0.31296402,20.358976,225,1
atitlan,2026-02-12,680850.0,1627350.0,0.30133054,18.53446,225,1
atitlan,2026-02-12,681150.0,1627350.0,0.28127438,16.900112,225,1
atitlan,2026-02-12,681450.0,1627350.0,0.29534176,19.225338,225,1
atitlan,2026-02-12,681750.0,1627350.0,0.17690977,10.714085,225,0
atitlan,2026-02-12,682050.0,1627350.0,0.192073,11.664314,225,0
atitlan,2026-02-12,682350.0,1627350.0,0.11965629,7.920137,225,0
atitlan,2026-02-12,682650.0,1627350.0,0.058833882,5.055364,225,0
atitlan,2026-02-12,682950.0,1627350.0,0.17731582,10.902436,225,0
atitlan,2026-02-12,683250.0,1627350.0,0.2235479,12.608358,225,1
atitlan,2026-02-12,683550.0,1627350.0,0.20393173,11.34845,225,0
atitlan,2026-02-12,683850.0,1627350.0,0.21403967,9.853862,225,0
atitlan,2026-02-12,684150.0,1627350.0,0.23155937,10.844905,225,0
atitlan,2026-02-12,684450.0,1627350.0,0.16818902,7.1469336,225,0
atitlan,2026-02-12,684750.0,1627350.0,0.15116522,7.115183,225,0
atitlan,2026-02-12,685050.0,1627350.0,0.19095613,9.430698,225,0
atitlan,2026-02-12,685350.0,1627350.0,0.12683176,6.693042,225,0
atitlan,2026-02-12,685650.0,1627350.0,0.121735476,6.7344236,225,0
atitlan,2026-02-12,685950.0,1627350.0,0.016138958,3.8943248,225,0
atitlan,2026-02-12,686250.0,1627350.0,-0.07555121,1.2384611,225,0
atitlan,2026-02-12,686550.0,1627350.0,-0.08465275,0.71555024,225,0
atitlan,2026-02-12,686850.0,1627350.0,-0.08523953,0.70180845,225,0
atitlan,2026-02-12,687150.0,1627350.0,-0.08592942,0.6944064,225,0
atitlan,2026-02-12,687450.0,1627350.0,-0.08663466,0.6287721,225,0
atitlan,2026-02-12,687750.0,1627350.0,-0.08531733,0.68419564,225,0
atitlan,2026-02-12,688050.0,1627350.0,-0.08701694,0.58331245,225,0
atitlan,2026-02-12,688350.0,1627350.0,-0.089264795,0.4926552,225,0
atitlan,2026-02-12,688650.0,1627350.0,-0.088435516,0.546444,225,0
atitlan,2026-02-12,688950.0,1627350.0,-0.08756383,0.5636332,225,0
atitlan,2026-02-12,689250.0,1627350.0,-0.084301144,0.7360003,225,0
atitlan,2026-02-12,689550.0,1627350.0,-0.087205246,0.6318179,225,0
atitlan,2026-02-12,689850.0,1627350.0,-0.08935105,0.47126028,225,0
atitlan,2026-02-12,690150.0,1627350.0,-0.08627429,0.64822334,225,0
atitlan,2026-02-12,690450.0,1627350.0,-0.08478741,0.7234554,225,0
atitlan,2026-02-12,690750.0,1627350.0,-0.08592518,0.69474924,225,0
atitlan,2026-02-12,691050.0,1627350.0,-0.08467291,0.7392528,225,0
atitlan,2026-02-12,691350.0,1627350.0,-0.083297476,0.8266098,225,0
atitlan,2026-02-12,691650.0,1627350.0,-0.08478874,0.7756511,225,0
atitlan,2026-02-12,691950.0,1627350.0,-0.08203824,0.8774634,225,0
atitlan,2026-02-12,692250.0,1627350.0,-0.082702935,0.83323616,225,0
atitlan,2026-02-12,692550.0,1627350.0,-0.08136896,0.9101541,225,0
atitlan,2026-02-12,692850.0,1627350.0,-0.083585426,0.79743665,225,0
atitlan,2026-02-12,693150.0,1627350.0,-0.080975585,0.93923444,225,0
atitlan,2026-02-12,693450.0,1627350.0,-0.08180084,0.88170075,225,0
atitlan,2026-02-12,693750.0,1627350.0,-0.08162798,0.89375514,225,0
atitlan,2026-02-12,694050.0,1627350.0,-0.08029684,0.9759197,225,0
atitlan,2026-02-12,694350.0,1627350.0,-0.080880575,0.9424947,225,0
atitlan,2026-02-12,694650.0,1627350.0,-0.08158647,0.91016674,225,0
atitlan,2026-02-12,694950.0,1627350.0,-0.0821425,0.86828303,225,0
atitlan,2026-02-12,695250.0,1627350.0,-0.08476189,0.73624396,225,0
atitlan,2026-02-12,695550.0,1627350.0,-0.08334358,0.81984603,225,0
atitlan,2026-02-12,695850.0,1627350.0,-0.08824208,0.58245176,225,0
atitlan,2026-02-12,696150.0,1627350.0,-0.0874737,0.5953551,225,0
atitlan,2026-02-12,696450.0,1627350.0,-0.089674905,0.4869303,225,0
atitlan,2026-02-12,696750.0,1627350.0,-0.08814173,0.5716165,225,0
atitlan,2026-02-12,697050.0,1627350.0,-0.087723665,0.5927195,225,0
atitlan,2026-02-12,697350.0,1627350.0,-0.08689298,0.6403617,225,0
atitlan,2026-02-12,697650.0,1627350.0,-0.084403746,0.7729198,225,0
atitlan,2026-02-12,697950.0,1627350.0,-0.08579027,0.6864691,225,0
atitlan,2026-02-12,698250.0,1627350.0,-0.08695114,0.6208885,225,0
atitlan,2026-02-12,698550.0,1627350.0,-0.085799865,0.6939757,225,0
atitlan,2026-02-12,698850.0,1627350.0,-0.08749966,0.59519976,225,0
atitlan,2026-02-12,699150.0,1627350.0,-0.087039866,0.6201152,225,0
atitlan,2026-02-12,699450.0,1627350.0,-0.08631668,0.6619332,225,0
atitlan,2026-02-12,699750.0,1627350.0,-0.08675721,0.6534696,225,0
atitlan,2026-02-12,700050.0,1627350.0,-0.082427315,0.84809124,225,0
atitlan,2026-02-12,700350.0,1627350.0,-0.08276851,0.853853,225,0
atitlan,2026-02-12,700650.0,1627350.0,-0.08204421,0.8689778,225,0
atitlan,2026-02-12,700950.0,1627350.0,-0.07622961,1.1932224,225,0
atitlan,2026-02-12,701250.0,1627350.0,0.13193925,7.200423,225,0
atitlan,2026-02-12,701550.0,1627350.0,0.1342741,6.000793,225,0
atitlan,2026-02-12,701850.0,1627350.0,0.2054616,9.333828,225,0
atitlan,2026-02-12,702150.0,1627350.0,0.23867725,11.311348,225,0
atitlan,2026-02-12,702450.0,1627350.0,0.21064134,11.191026,225,0
atitlan,2026-02-12,702750.0,1627350.0,0.18485677,9.918419,225,0
atitlan,2026-02-12,703050.0,1627350.0,0.21397823,10.609433,225,0
atitlan,2026-02-12,703350.0,1627350.0,0.22928023,12.412944,225,1
atitlan,2026-02-12,703650.0,1627350.0,0.15843633,7.8071375,225,0
atitlan,2026-02-12,703950.0,1627350.0,0.14298676,8.476518,225,0
atitlan,2026-02-12,704250.0,1627350.0,0.21380426,11.642929,225,0
atitlan,2026-02-12,704550.0,1627350.0,0.13263305,7.2668233,225,0
atitlan,2026-02-12,704850.0,1627350.0,0.11488828,6.8496013,225,0
atitlan,2026-02-12,705150.0,1627350.0,0.20144111,10.422025,225,0
atitlan,2026-02-12,705450.0,1627350.0,0.18819404,8.966835,225,0
atitlan,2026-02-12,705750.0,1627350.0,0.21280828,10.527582,225,0
atitlan,2026-02-12,706050.0,1627350.0,0.091570996,5.347383,225,0
atitlan,2026-02-12,706350.0,1627350.0,0.12525274,6.1345415,225,0
atitlan,2026-02-12,706650.0,1627350.0,0.22590998,10.096979,225,0
atitlan,2026-02-12,706950.0,1627350.0,0.23299503,11.027519,225,0
atitlan,2026-02-12,707250.0,1627350.0,0.22780189,10.151783,225,0
atitlan,2026-02-12,707550.0,1627350.0,0.23027822,10.635638,225,0
atitlan,2026-02-12,707850.0,1627350.0,0.20407797,10.044326,45,0
atitlan,2026-02-12,680250.0,1627650.0,0.33977842,23.9271,180,1
atitlan,2026-02-12,680550.0,1627650.0,0.33563092,22.98102,225,1
atitlan,2026-02-12,680850.0,1627650.0,0.27985987,17.011662,225,1
atitlan,2026-02-12,681150.0,1627650.0,0.24143799,14.299435,225,1
atitlan,2026-02-12,681450.0,1627650.0,0.25184828,15.199185,225,1
atitlan,2026-02-12,681750.0,1627650.0,0.21650432,12.360046,225,1
atitlan,2026-02-12,682050.0,1627650.0,0.110233136,7.5392594,225,0
atitlan,2026-02-12,682350.0,1627650.0,0.14306463,9.133076,225,0
atitlan,2026-02-12,682650.0,1627650.0,0.09839204,6.8743343,225,0
atitlan,2026-02-12,682950.0,1627650.0,0.06431043,4.944135,225,0
atitlan,2026-02-12,683250.0,1627650.0,0.102546014,6.7536173,225,0
atitlan,2026-02-12,683550.0,1627650.0,0.16214895,9.031391,225,0
atitlan,2026-02-12,683850.0,1627650.0,0.21408512,10.37779,225,0
atitlan,2026-02-12,684150.0,1627650.0,0.2376677,11.693744,225,0
atitlan,2026-02-12,684450.0,1627650.0,0.20272914,9.0468,225,0
atitlan,2026-02-12,684750.0,1627650.0,0.19308315,8.175219,225,0
atitlan,2026-02-12,685050.0,1627650.0,0.19021963,8.913899,225,0
atitlan,2026-02-12,685350.0,1627650.0,0.2118536,11.203506,225,0
atitlan,2026-02-12,685650.0,1627650.0,0.1714145,8.887131,225,0
atitlan,2026-02-12,685950.0,1627650.0,0.181349,9.370213,225,0
atitlan,2026-02-12,686250.0,1627650.0,0.061205313,5.1695123,225,0
atitlan,2026-02-12,686550.0,1627650.0,-0.070725136,1.3425785,225,0
atitlan,2026-02-12,686850.0,1627650.0,-0.08405966,0.7638255,225,0
atitlan,2026-02-12,687150.0,1627650.0,-0.08266937,0.8306895,225,0
atitlan,2026-02-12,687450.0,1627650.0,-0.0846833,0.7213652,225,0
atitlan,2026-02-12,687750.0,1627650.0,-0.08583845,0.6436228,225,0
atitlan,2026-02-12,688050.0,1627650.0,-0.08432081,0.7220281,225,0
atitlan,2026-02-12,688350.0,1627650.0,-0.08855615,0.52193487,225,0
atitlan,2026-02-12,688650.0,1627650.0,-0.08427326,0.78381836,225,0
atitlan,2026-02-12,688950.0,1627650.0,-0.08512152,0.7068018,225,0
atitlan,2026-02-12,689250.0,1627650.0,-0.086692326,0.6032437,225,0
atitlan,2026-02-12,689550.0,1627650.0,-0.08797729,0.551337,225,0
atitlan,2026-02-12,689850.0,1627650.0,-0.09168817,0.3719413,225,0
atitlan,2026-02-12,690150.0,1627650.0,-0.08497842,0.7050605,225,0
atitlan,2026-02-12,690450.0,1627650.0,-0.08298315,0.8166008,225,0
atitlan,2026-02-12,690750.0,1627650.0,-0.08345034,0.8094543,225,0
atitlan,2026-02-12,691050.0,1627650.0,-0.08339296,0.8139286,225,0
atitlan,2026-02-12,691350.0,1627650.0,-0.08212842,0.8865628,225,0
atitlan,2026-02-12,691650.0,1627650.0,-0.08202634,0.8807429,225,0
atitlan,2026-02-12,691950.0,1627650.0,-0.07695508,1.1592214,225,0
atitlan,2026-02-12,692250.0,1627650.0,-0.08025862,0.98194426,225,0
atitlan,2026-02-12,692550.0,1627650.0,-0.07710108,1.1620727,225,0
atitlan,2026-02-12,692850.0,1627650.0,-0.08112121,0.92751527,225,0
atitlan,2026-02-12,693150.0,1627650.0,-0.083847284,0.7980437,225,0
atitlan,2026-02-12,693450.0,1627650.0,-0.085529536,0.69885087,225,0
atitlan,2026-02-12,693750.0,1627650.0,-0.0858776,0.69683444,225,0
atitlan,2026-02-12,694050.0,1627650.0,-0.08750522,0.6159021,225,0
atitlan,2026-02-12,694350.0,1627650.0,-0.08769003,0.6177622,225,0
atitlan,2026-02-12,694650.0,1627650.0,-0.089533955,0.5136501,225,0
atitlan,2026-02-12,694950.0,1627650.0,-0.0906958,0.46902022,225,0
atitlan,2026-02-12,695250.0,1627650.0,-0.089856245,0.47004333,225,0
atitlan,2026-02-12,695550.0,1627650.0,-0.08450217,0.7708997,225,0
atitlan,2026-02-12,695850.0,1627650.0,-0.087011635,0.6518325,225,0
atitlan,2026-02-12,696150.0,1627650.0,-0.08839441,0.5745624,225,0
atitlan,2026-02-12,696450.0,1627650.0,-0.0873408,0.6381825,225,0
atitlan,2026-02-12,696750.0,1627650.0,-0.08550305,0.7033872,225,0
atitlan,2026-02-12,697050.0,1627650.0,-0.085771315,0.7156783,225,0
atitlan,2026-02-12,697350.0,1627650.0,-0.08624632,0.6706741,225,0
atitlan,2026-02-12,697650.0,1627650.0,-0.086992696,0.6160149,225,0
atitlan,2026-02-12,697950.0,1627650.0,-0.08576195,0.6932925,225,0
atitlan,2026-02-12,698250.0,1627650.0,-0.088843174,0.52866524,225,0
atitlan,2026-02-12,698550.0,1627650.0,-0.08629,0.6675059,225,0
atitlan,2026-02-12,698850.0,1627650.0,-0.087302536,0.61685824,225,0
atitlan,2026-02-12,699150.0,1627650.0,-0.08607799,0.67319113,225,0
atitlan,2026-02-12,699450.0,1627650.0,-0.084934585,0.7359033,225,0
atitlan,2026-02-12,699750.0,1627650.0,-0.08232924,0.8663074,225,0
atitlan,2026-02-12,700050.0,1627650.0,-0.080373466,0.96685344,225,0
atitlan,2026-02-12,700350.0,1627650.0,-0.078827664,1.0669837,225,0
atitlan,2026-02-12,700650.0,1627650.0,-0.07848871,1.065965,225,0
atitlan,2026-02-12,700950.0,1627650.0,-0.04506738,2.339345,225,0
atitlan,2026-02-12,701250.0,1627650.0,0.15396452,7.5185246,225,0
atitlan,2026-02-12,701550.0,1627650.0,0.1387753,5.9422617,225,0
atitlan,2026-02-12,701850.0,1627650.0,0.16796677,7.3180103,225,0
atitlan,2026-02-12,702150.0,1627650.0,0.20507184,10.022715,225,0
atitlan,2026-02-12,702450.0,1627650.0,0.21353455,10.575459,225,0
atitlan,2026-02-12,702750.0,1627650.0,0.17195044,9.096229,225,0
atitlan,2026-02-12,703050.0,1627650.0,0.13919424,6.899007,225,0
atitlan,2026-02-12,703350.0,1627650.0,0.18736337,10.463825,225,0
atitlan,2026-02-12,703650.0,1627650.0,0.1765755,9.040578,225,0
atitlan,2026-02-12,703950.0,1627650.0,0.20296556,11.100703,225,0
atitlan,2026-02-12,704250.0,1627650.0,0.12529433,7.117361,225,0
atitlan,2026-02-12,704550.0,1627650.0,0.12201296,7.5985217,225,0
atitlan,2026-02-12,704850.0,1627650.0,0.15460385,8.398693,225,0
atitlan,2026-02-12,705150.0,1627650.0,0.14872728,7.255801,225,0
atitlan,2026-02-12,705450.0,1627650.0,0.14148074,8.017205,225,0
atitlan,2026-02-12,705750.0,1627650.0,0.1905408,9.027724,225,0
atitlan,2026-02-12,706050.0,1627650.0,0.12941363,7.1410007,225,0
atitlan,2026-02-12,706350.0,1627650.0,0.16020681,8.668126,225,0
atitlan,2026-02-12,706650.0,1627650.0,0.20294255,9.874976,225,0
atitlan,2026-02-12,706950.0,1627650.0,0.22779885,10.738354,225,0
atitlan,2026-02-12,707250.0,1627650.0,0.18192208,9.074208,225,0
atitlan,2026-02-12,707550.0,1627650.0,0.19303803,8.587187,225,0
atitlan,2026-02-12,707850.0,1627650.0,0.19134416,8.863759,45,0
atitlan,2026-02-12,680250.0,1627950.0,0.3422003,24.52667,180,1
atitlan,2026-02-12,680550.0,1627950.0,0.32714662,23.081738,225,1
atitlan,2026-02-12,680850.0,1627950.0,0.2740091,16.932661,225,1
atitlan,2026-02-12,681150.0,1627950.0,0.2841641,17.62279,225,1
atitlan,2026-02-12,681450.0,1627950.0,0.27446947,16.60729,225,1
atitlan,2026-02-12,681750.0,1627950.0,0.23400818,14.020767,225,1
atitlan,2026-02-12,682050.0,1627950.0,0.14337797,9.328601,225,0
atitlan,2026-02-12,682350.0,1627950.0,0.10928511,6.837088,225,0
atitlan,2026-02-12,682650.0,1627950.0,0.12605917,7.6701636,225,0
atitlan,2026-02-12,682950.0,1627950.0,0.13350977,8.249572,225,0
atitlan,2026-02-12,683250.0,1627950.0,0.16206577,10.846398,225,0
atitlan,2026-02-12,683550.0,1627950.0,0.22562346,12.160191,225,1
atitlan,2026-02-12,683850.0,1627950.0,0.21785477,9.797295,225,0
atitlan,2026-02-12,684150.0,1627950.0,0.22781545,10.59952,225,0
atitlan,2026-02-12,684450.0,1627950.0,0.20489416,10.002568,225,0
atitlan,2026-02-12,684750.0,1627950.0,0.22997564,10.9857435,225,0
atitlan,2026-02-12,685050.0,1627950.0,0.20838869,9.445373,225,0
atitlan,2026-02-12,685350.0,1627950.0,0.20666063,10.524005,225,0
atitlan,2026-02-12,685650.0,1627950.0,0.20640235,8.991595,225,0
atitlan,2026-02-12,685950.0,1627950.0,0.108333,6.8925304,225,0
atitlan,2026-02-12,686250.0,1627950.0,0.13741423,7.2207227,225,0
atitlan,2026-02-12,686550.0,1627950.0,0.04727273,4.914292,225,0
atitlan,2026-02-12,686850.0,1627950.0,-0.07886349,1.0503123,225,0
atitlan,2026-02-12,687150.0,1627950.0,-0.073982075,1.2010659,225,0
atitlan,2026-02-12,687450.0,1627950.0,-0.076133676,1.1754359,225,0
atitlan,2026-02-12,687750.0,1627950.0,-0.08339711,0.7821654,225,0
atitlan,2026-02-12,688050.0,1627950.0,-0.08402146,0.75234354,225,0
atitlan,2026-02-12,688350.0,1627950.0,-0.08194193,0.88267034,225,0
atitlan,2026-02-12,688650.0,1627950.0,-0.08566975,0.6550101,225,0
atitlan,2026-02-12,688950.0,1627950.0,-0.08624509,0.62490594,225,0
atitlan,2026-02-12,689250.0,1627950.0,-0.08618544,0.6169552,225,0
atitlan,2026-02-12,689550.0,1627950.0,-0.08680733,0.58536714,225,0
atitlan,2026-02-12,689850.0,1627950.0,-0.08758108,0.53484184,225,0
atitlan,2026-02-12,690150.0,1627950.0,-0.08667527,0.5874118,225,0
atitlan,2026-02-12,690450.0,1627950.0,-0.0777757,1.1149068,225,0
atitlan,2026-02-12,690750.0,1627950.0,-0.08021695,0.9798477,225,0
atitlan,2026-02-12,691050.0,1627950.0,-0.08184054,0.8938639,225,0
atitlan,2026-02-12,691350.0,1627950.0,-0.083188124,0.82570183,225,0
atitlan,2026-02-12,691650.0,1627950.0,-0.084600426,0.7428581,225,0
atitlan,2026-02-12,691950.0,1627950.0,-0.084588505,0.7719329,225,0
atitlan,2026-02-12,692250.0,1627950.0,-0.08873169,0.5503027,225,0
atitlan,2026-02-12,692550.0,1627950.0,-0.088178955,0.5835614,225,0
atitlan,2026-02-12,692850.0,1627950.0,-0.090413205,0.44088128,225,0
atitlan,2026-02-12,693150.0,1627950.0,-0.088983126,0.52284473,225,0
atitlan,2026-02-12,693450.0,1627950.0,-0.0876949,0.5837558,225,0
atitlan,2026-02-12,693750.0,1627950.0,-0.088316634,0.57538646,225,0
atitlan,2026-02-12,694050.0,1627950.0,-0.08454191,0.7685212,225,0
atitlan,2026-02-12,694350.0,1627950.0,-0.08495213,0.743218,225,0
atitlan,2026-02-12,694650.0,1627950.0,-0.08529804,0.69002503,225,0
atitlan,2026-02-12,694950.0,1627950.0,-0.087450966,0.6250632,225,0
atitlan,2026-02-12,695250.0,1627950.0,-0.088151954,0.59021235,225,0
atitlan,2026-02-12,695550.0,1627950.0,-0.08576222,0.6835804,225,0
atitlan,2026-02-12,695850.0,1627950.0,-0.08743503,0.61927336,225,0
atitlan,2026-02-12,696150.0,1627950.0,-0.08894014,0.5296381,225,0
atitlan,2026-02-12,696450.0,1627950.0,-0.08770637,0.6019423,225,0
atitlan,2026-02-12,696750.0,1627950.0,-0.08736028,0.6173149,225,0
atitlan,2026-02-12,697050.0,1627950.0,-0.08840246,0.5583606,225,0
atitlan,2026-02-12,697350.0,1627950.0,-0.082667574,0.8308112,225,0
atitlan,2026-02-12,697650.0,1627950.0,-0.08445004,0.7555989,225,0
atitlan,2026-02-12,697950.0,1627950.0,-0.084718995,0.73639715,225,0
atitlan,2026-02-12,698250.0,1627950.0,-0.0855844,0.67280823,225,0
atitlan,2026-02-12,698550.0,1627950.0,-0.08078647,0.9563029,225,0
atitlan,2026-02-12,698850.0,1627950.0,-0.081678696,0.9076452,225,0
atitlan,2026-02-12,699150.0,1627950.0,-0.083408214,0.8234353,225,0
atitlan,2026-02-12,699450.0,1627950.0,-0.081481695,0.9062333,225,0
atitlan,2026-02-12,699750.0,1627950.0,-0.08049763,0.9730491,225,0
atitlan,2026-02-12,700050.0,1627950.0,-0.0769857,1.1690923,225,0
atitlan,2026-02-12,700350.0,1627950.0,-0.0740992,1.3225197,225,0
atitlan,2026-02-12,700650.0,1627950.0,-0.07233736,1.4318924,225,0
atitlan,2026-02-12,700950.0,1627950.0,0.041045886,4.9909506,225,0
atitlan,2026-02-12,701250.0,1627950.0,0.13353285,6.366659,225,0
atitlan,2026-02-12,701550.0,1627950.0,0.14158995,6.291757,225,0
atitlan,2026-02-12,701850.0,1627950.0,0.18935645,8.762017,225,0
atitlan,2026-02-12,702150.0,1627950.0,0.1824566,9.639257,225,0
atitlan,2026-02-12,702450.0,1627950.0,0.103812546,6.356639,225,0
atitlan,2026-02-12,702750.0,1627950.0,0.21142972,9.79642,225,0
atitlan,2026-02-12,703050.0,1627950.0,0.109575294,6.687035,225,0
atitlan,2026-02-12,703350.0,1627950.0,0.14938216,9.056351,225,0
atitlan,2026-02-12,703650.0,1627950.0,0.10362684,6.0052485,225,0
atitlan,2026-02-12,703950.0,1627950.0,0.13257043,7.6861014,225,0
atitlan,2026-02-12,704250.0,1627950.0,0.1339336,7.7268944,225,0
atitlan,2026-02-12,704550.0,1627950.0,0.13368466,7.537306,225,0
atitlan,2026-02-12,704850.0,1627950.0,0.14112991,8.421663,225,0
atitlan,2026-02-12,705150.0,1627950.0,0.19227389,9.907265,225,0
atitlan,2026-02-12,705450.0,1627950.0,0.22023125,11.127139,225,0
atitlan,2026-02-12,705750.0,1627950.0,0.20537098,9.912777,225,0
atitlan,2026-02-12,706050.0,1627950.0,0.16970594,8.878137,225,0
atitlan,2026-02-12,706350.0,1627950.0,0.2335429,10.327926,225,0
atitlan,2026-02-12,706650.0,1627950.0,0.22502169,10.318178,225,0
atitlan,2026-02-12,706950.0,1627950.0,0.16260175,7.0047593,225,0
atitlan,2026-02-12,707250.0,1627950.0,0.20499922,9.551165,225,0
atitlan,2026-02-12,707550.0,1627950.0,0.20299983,9.459494,225,0
atitlan,2026-02-12,707850.0,1627950.0,0.21279933,10.314377,45,0
atitlan,2026-02-12,680250.0,1628250.0,0.30876082,22.02608,180,1
atitlan,2026-02-12,680550.0,1628250.0,0.32338557,23.836767,225,1
atitlan,2026-02-12,680850.0,1628250.0,0.25350004,13.803272,225,1
atitlan,2026-02-12,681150.0,1628250.0,0.2962876,18.869734,225,1
atitlan,2026-02-12,681450.0,1628250.0,0.3071516,19.564022,225,1
atitlan,2026-02-12,681750.0,1628250.0,0.29200518,17.577173,225,1
atitlan,2026-02-12,682050.0,1628250.0,0.24870162,13.702891,225,1
atitlan,2026-02-12,682350.0,1628250.0,0.19991878,11.529778,225,0
atitlan,2026-02-12,682650.0,1628250.0,0.1913487,11.204213,225,0
atitlan,2026-02-12,682950.0,1628250.0,0.27190664,16.048748,225,1
atitlan,2026-02-12,683250.0,1628250.0,0.2646309,16.006956,225,1
atitlan,2026-02-12,683550.0,1628250.0,0.25757697,14.364915,225,1
atitlan,2026-02-12,683850.0,1628250.0,0.20962533,9.142138,225,0
atitlan,2026-02-12,684150.0,1628250.0,0.24990141,12.54188,225,1
atitlan,2026-02-12,684450.0,1628250.0,0.25022313,12.008497,225,1
atitlan,2026-02-12,684750.0,1628250.0,0.23691802,11.078261,225,0
atitlan,2026-02-12,685050.0,1628250.0,0.23354919,10.956061,225,0
atitlan,2026-02-12,685350.0,1628250.0,0.20000519,8.846445,225,0
atitlan,2026-02-12,685650.0,1628250.0,0.19460501,9.300493,225,0
atitlan,2026-02-12,685950.0,1628250.0,0.0432554,4.518199,225,0
atitlan,2026-02-12,686250.0,1628250.0,0.15168718,7.5390744,225,0
atitlan,2026-02-12,686550.0,1628250.0,0.12888463,7.6032524,225,0
atitlan,2026-02-12,686850.0,1628250.0,-0.06697601,1.6338276,225,0
atitlan,2026-02-12,687150.0,1628250.0,0.027532626,3.7927783,225,0
atitlan,2026-02-12,687450.0,1628250.0,0.10423028,8.782646,225,0
atitlan,2026-02-12,687750.0,1628250.0,-0.039209805,2.4602704,225,0
atitlan,2026-02-12,688050.0,1628250.0,-0.045884278,2.049226,225,0
atitlan,2026-02-12,688350.0,1628250.0,-0.0041435934,3.4227445,225,0
atitlan,2026-02-12,688650.0,1628250.0,-0.014763039,3.6931365,225,0
atitlan,2026-02-12,688950.0,1628250.0,-0.073785305,1.2766594,225,0
atitlan,2026-02-12,689250.0,1628250.0,-0.08470128,0.6961449,225,0
atitlan,2026-02-12,689550.0,1628250.0,-0.08760365,0.52834296,225,0
atitlan,2026-02-12,689850.0,1628250.0,-0.088736676,0.4707739,225,0
atitlan,2026-02-12,690150.0,1628250.0,-0.087382875,0.536557,225,0
atitlan,2026-02-12,690450.0,1628250.0,-0.08610043,0.6754297,225,0
atitlan,2026-02-12,690750.0,1628250.0,-0.08774357,0.57386005,225,0
atitlan,2026-02-12,691050.0,1628250.0,-0.087269485,0.5930499,225,0
atitlan,2026-02-12,691350.0,1628250.0,-0.091821834,0.39542434,225,0
atitlan,2026-02-12,691650.0,1628250.0,-0.0872638,0.6123381,225,0
atitlan,2026-02-12,691950.0,1628250.0,-0.08806246,0.57730615,225,0
atitlan,2026-02-12,692250.0,1628250.0,-0.086772315,0.6116499,225,0
atitlan,2026-02-12,692550.0,1628250.0,-0.08314573,0.81793326,225,0
atitlan,2026-02-12,692850.0,1628250.0,-0.08434244,0.78449047,225,0
atitlan,2026-02-12,693150.0,1628250.0,-0.087035045,0.62444216,225,0
atitlan,2026-02-12,693450.0,1628250.0,-0.085123725,0.71920335,225,0
atitlan,2026-02-12,693750.0,1628250.0,-0.08722503,0.6106652,225,0
atitlan,2026-02-12,694050.0,1628250.0,-0.08740358,0.5954905,225,0
atitlan,2026-02-12,694350.0,1628250.0,-0.08619224,0.6665929,225,0
atitlan,2026-02-12,694650.0,1628250.0,-0.08811364,0.5519521,225,0
atitlan,2026-02-12,694950.0,1628250.0,-0.08817948,0.555545,225,0
atitlan,2026-02-12,695250.0,1628250.0,-0.087330826,0.6236829,225,0
atitlan,2026-02-12,695550.0,1628250.0,-0.08568842,0.6943056,225,0
atitlan,2026-02-12,695850.0,1628250.0,-0.08664516,0.6303319,225,0
atitlan,2026-02-12,696150.0,1628250.0,-0.08525425,0.69686556,225,0
atitlan,2026-02-12,696450.0,1628250.0,-0.08795849,0.57685786,225,0
atitlan,2026-02-12,696750.0,1628250.0,-0.085726805,0.6906808,225,0
atitlan,2026-02-12,697050.0,1628250.0,-0.08548725,0.69514614,225,0
atitlan,2026-02-12,697350.0,1628250.0,-0.083810486,0.82109493,225,0
atitlan,2026-02-12,697650.0,1628250.0,-0.08390683,0.80110794,225,0
atitlan,2026-02-12,697950.0,1628250.0,-0.08354094,0.79604286,225,0
atitlan,2026-02-12,698250.0,1628250.0,-0.08401168,0.77328104,225,0
atitlan,2026-02-12,698550.0,1628250.0,-0.08369627,0.7953309,225,0
atitlan,2026-02-12,698850.0,1628250.0,-0.08096393,0.93220973,225,0
atitlan,2026-02-12,699150.0,1628250.0,-0.08099109,0.9329803,225,0
atitlan,2026-02-12,699450.0,1628250.0,-0.07914687,1.0415739,225,0
atitlan,2026-02-12,699750.0,1628250.0,-0.079328604,1.0234027,225,0
atitlan,2026-02-12,700050.0,1628250.0,-0.07408167,1.331139,225,0
atitlan,2026-02-12,700350.0,1628250.0,-0.04186211,2.4158127,225,0
atitlan,2026-02-12,700650.0,1628250.0,-0.016809769,3.059807,225,0
atitlan,2026-02-12,700950.0,1628250.0,0.11561976,7.3669124,225,0
atitlan,2026-02-12,701250.0,1628250.0,0.15252848,6.899281,225,0
atitlan,2026-02-12,701550.0,1628250.0,0.15312327,7.13509,225,0
atitlan,2026-02-12,701850.0,1628250.0,0.18333642,8.2490425,225,0
atitlan,2026-02-12,702150.0,1628250.0,0.20969418,9.764585,225,0
atitlan,2026-02-12,702450.0,1628250.0,0.19965449,10.158868,225,0
atitlan,2026-02-12,702750.0,1628250.0,0.23942773,11.562423,225,0
atitlan,2026-02-12,703050.0,1628250.0,0.18256074,10.262506,225,0
atitlan,2026-02-12,703350.0,1628250.0,0.083435014,5.356324,225,0
atitlan,2026-02-12,703650.0,1628250.0,0.15514481,8.555942,225,0
atitlan,2026-02-12,703950.0,1628250.0,0.08184666,5.459415,225,0
atitlan,2026-02-12,704250.0,1628250.0,0.10343261,5.984803,225,0
atitlan,2026-02-12,704550.0,1628250.0,0.105584666,6.4359202,225,0
atitlan,2026-02-12,704850.0,1628250.0,0.14676568,10.595399,225,0
atitlan,2026-02-12,705150.0,1628250.0,0.124292724,7.6677103,225,0
atitlan,2026-02-12,705450.0,1628250.0,0.17112242,9.577431,225,0
atitlan,2026-02-12,705750.0,1628250.0,0.17973182,8.434743,225,0
atitlan,2026-02-12,706050.0,1628250.0,0.1835502,8.42553,225,0
atitlan,2026-02-12,706350.0,1628250.0,0.17504998,8.053075,225,0
atitlan,2026-02-12,706650.0,1628250.0,0.19094007,8.347509,225,0
atitlan,2026-02-12,706950.0,1628250.0,0.19304642,8.65382,225,0
atitlan,2026-02-12,707250.0,1628250.0,0.1760431,8.007096,225,0
atitlan,2026-02-12,707550.0,1628250.0,0.20627613,9.246575,225,0
atitlan,2026-02-12,707850.0,1628250.0,0.20622464,8.84022,45,0
atitlan,2026-02-12,680250.0,1628550.0,0.35496137,27.782536,180,1
atitlan,2026-02-12,680550.0,1628550.0,0.3474945,26.435738,225,1
atitlan,2026-02-12,680850.0,1628550.0,0.3060108,19.22984,225,1
atitlan,2026-02-12,681150.0,1628550.0,0.31831497,20.372023,225,1
atitlan,2026-02-12,681450.0,1628550.0,0.29329845,18.348797,225,1
atitlan,2026-02-12,681750.0,1628550.0,0.27489072,17.19152,225,1
atitlan,2026-02-12,682050.0,1628550.0,0.17392583,10.5212965,225,0
atitlan,2026-02-12,682350.0,1628550.0,0.25997972,16.55218,225,1
atitlan,2026-02-12,682650.0,1628550.0,0.26879016,16.188385,225,1
atitlan,2026-02-12,682950.0,1628550.0,0.29839358,17.16187,225,1
atitlan,2026-02-12,683250.0,1628550.0,0.3131547,19.10366,225,1
atitlan,2026-02-12,683550.0,1628550.0,0.24267164,12.107214,225,1
atitlan,2026-02-12,683850.0,1628550.0,0.2577989,13.913779,225,1
atitlan,2026-02-12,684150.0,1628550.0,0.23533583,11.007156,225,0
atitlan,2026-02-12,684450.0,1628550.0,0.2150476,9.552528,225,0
atitlan,2026-02-12,684750.0,1628550.0,0.23592433,11.462482,225,0
atitlan,2026-02-12,685050.0,1628550.0,0.21782096,9.653543,225,0
atitlan,2026-02-12,685350.0,1628550.0,0.20540737,9.024327,225,0
atitlan,2026-02-12,685650.0,1628550.0,0.19904733,10.148192,225,0
atitlan,2026-02-12,685950.0,1628550.0,0.15269905,8.340999,225,0
atitlan,2026-02-12,686250.0,1628550.0,0.21994321,10.787153,225,0
atitlan,2026-02-12,686550.0,1628550.0,0.12246427,6.0433183,225,0
atitlan,2026-02-12,686850.0,1628550.0,0.11906526,7.202499,225,0
atitlan,2026-02-12,687150.0,1628550.0,0.12505597,7.252132,225,0
atitlan,2026-02-12,687450.0,1628550.0,0.10424455,7.118878,225,0
atitlan,2026-02-12,687750.0,1628550.0,0.13899012,8.219101,225,0
atitlan,2026-02-12,688050.0,1628550.0,0.15391356,7.4376364,225,0
atitlan,2026-02-12,688350.0,1628550.0,0.15133896,6.9573574,225,0
atitlan,2026-02-12,688650.0,1628550.0,0.17442276,8.187133,225,0
atitlan,2026-02-12,688950.0,1628550.0,0.13227022,8.069193,225,0
atitlan,2026-02-12,689250.0,1628550.0,-0.04638204,2.4649675,225,0
atitlan,2026-02-12,689550.0,1628550.0,-0.0841395,0.74455494,225,0
atitlan,2026-02-12,689850.0,1628550.0,-0.08578693,0.6524778,225,0
atitlan,2026-02-12,690150.0,1628550.0,-0.08504182,0.69481987,225,0
atitlan,2026-02-12,690450.0,1628550.0,-0.08405378,0.7545997,225,0
atitlan,2026-02-12,690750.0,1628550.0,-0.08334763,0.8160658,225,0
atitlan,2026-02-12,691050.0,1628550.0,-0.08341621,0.7949046,225,0
atitlan,2026-02-12,691350.0,1628550.0,-0.08467055,0.7476945,225,0
atitlan,2026-02-12,691650.0,1628550.0,-0.085288554,0.6945727,225,0
atitlan,2026-02-12,691950.0,1628550.0,-0.08737753,0.5959545,225,0
atitlan,2026-02-12,692250.0,1628550.0,-0.088044204,0.5417121,225,0
atitlan,2026-02-12,692550.0,1628550.0,-0.08810362,0.57141465,225,0
atitlan,2026-02-12,692850.0,1628550.0,-0.08601134,0.68131953,225,0
atitlan,2026-02-12,693150.0,1628550.0,-0.088774934,0.5447838,225,0
atitlan,2026-02-12,693450.0,1628550.0,-0.08808749,0.56910825,225,0
atitlan,2026-02-12,693750.0,1628550.0,-0.08602615,0.6724118,225,0
atitlan,2026-02-12,694050.0,1628550.0,-0.08491105,0.72987276,225,0
atitlan,2026-02-12,694350.0,1628550.0,-0.084716715,0.72608906,225,0
atitlan,2026-02-12,694650.0,1628550.0,-0.084886655,0.7117717,225,0
atitlan,2026-02-12,694950.0,1628550.0,-0.083852515,0.7782366,225,0
atitlan,2026-02-12,695250.0,1628550.0,-0.08692628,0.636393,225,0
atitlan,2026-02-12,695550.0,1628550.0,-0.084699236,0.74395657,225,0
atitlan,2026-02-12,695850.0,1628550.0,-0.087489896,0.61073923,225,0
atitlan,2026-02-12,696150.0,1628550.0,-0.085959755,0.6564256,225,0
atitlan,2026-02-12,696450.0,1628550.0,-0.08725184,0.620765,225,0
atitlan,2026-02-12,696750.0,1628550.0,-0.08693221,0.61001635,225,0
atitlan,2026-02-12,697050.0,1628550.0,-0.0851229,0.7321808,225,0
atitlan,2026-02-12,697350.0,1628550.0,-0.08530548,0.7227178,225,0
atitlan,2026-02-12,697650.0,1628550.0,-0.08218998,0.8668249,225,0
atitlan,2026-02-12,697950.0,1628550.0,-0.08293418,0.8318812,225,0
atitlan,2026-02-12,698250.0,1628550.0,-0.08341652,0.8080566,225,0
atitlan,2026-02-12,698550.0,1628550.0,-0.080557406,0.950661,225,0
atitlan,2026-02-12,698850.0,1628550.0,-0.07828031,1.0932565,225,0
atitlan,2026-02-12,699150.0,1628550.0,-0.080683745,0.9469394,225,0
atitlan,2026-02-12,699450.0,1628550.0,-0.08026014,0.9833602,225,0
atitlan,2026-02-12,699750.0,1628550.0,-0.07708601,1.1682673,225,0
atitlan,2026-02-12,700050.0,1628550.0,-0.045345854,2.1370635,225,0
atitlan,2026-02-12,700350.0,1628550.0,0.11800024,6.356849,225,0
atitlan,2026-02-12,700650.0,1628550.0,0.123017155,7.4767094,225,0
atitlan,2026-02-12,700950.0,1628550.0,0.066440634,5.0485334,225,0
atitlan,2026-02-12,701250.0,1628550.0,0.14167458,6.8436003,225,0
atitlan,2026-02-12,701550.0,1628550.0,0.15020764,7.3448486,225,0
atitlan,2026-02-12,701850.0,1628550.0,0.16944246,8.436664,225,0
atitlan,2026-02-12,702150.0,1628550.0,0.20450349,10.277756,225,0
atitlan,2026-02-12,702450.0,1628550.0,0.15476714,7.9982,225,0
atitlan,2026-02-12,702750.0,1628550.0,0.23376721,11.981261,225,0
atitlan,2026-02-12,703050.0,1628550.0,0.18060668,10.147692,225,0
atitlan,2026-02-12,703350.0,1628550.0,0.122661404,6.942192,225,0
atitlan,2026-02-12,703650.0,1628550.0,0.20277481,10.860091,225,0
atitlan,2026-02-12,703950.0,1628550.0,0.13133544,7.77437,225,0
atitlan,2026-02-12,704250.0,1628550.0,0.080921136,5.680332,225,0
atitlan,2026-02-12,704550.0,1628550.0,0.10432014,6.01433,225,0
atitlan,2026-02-12,704850.0,1628550.0,0.12718116,7.7216845,225,0
atitlan,2026-02-12,705150.0,1628550.0,0.19855464,10.691783,225,0
atitlan,2026-02-12,705450.0,1628550.0,0.17811072,10.138491,225,0
atitlan,2026-02-12,705750.0,1628550.0,0.21467414,9.819657,225,0
atitlan,2026-02-12,706050.0,1628550.0,0.1719987,7.461961,225,0
atitlan,2026-02-12,706350.0,1628550.0,0.19629645,9.246401,225,0
atitlan,2026-02-12,706650.0,1628550.0,0.19974802,8.999821,225,0
atitlan,2026-02-12,706950.0,1628550.0,0.20464666,8.812002,225,0
atitlan,2026-02-12,707250.0,1628550.0,0.20534208,10.372462,225,0
atitlan,2026-02-12,707550.0,1628550.0,0.2002896,9.663851,225,0
atitlan,2026-02-12,707850.0,1628550.0,0.23309802,12.131051,45,1
atitlan,2026-02-12,680250.0,1628850.0,0.35912254,27.803041,180,1
atitlan,2026-02-12,680550.0,1628850.0,0.3645936,29.05043,225,1
atitlan,2026-02-12,680850.0,1628850.0,0.31347534,21.166597,225,1
atitlan,2026-02-12,681150.0,1628850.0,0.30051547,17.554579,225,1
atitlan,2026-02-12,681450.0,1628850.0,0.3172812,21.079336,225,1
atitlan,2026-02-12,681750.0,1628850.0,0.2412411,13.897317,225,1
atitlan,2026-02-12,682050.0,1628850.0,0.20212997,11.069278,225,0
atitlan,2026-02-12,682350.0,1628850.0,0.26324221,15.726961,225,1
atitlan,2026-02-12,682650.0,1628850.0,0.2838621,16.355875,225,1
atitlan,2026-02-12,682950.0,1628850.0,0.26248074,13.122908,225,1
atitlan,2026-02-12,683250.0,1628850.0,0.2886298,15.9308815,225,1
atitlan,2026-02-12,683550.0,1628850.0,0.2236626,11.76304,225,0
atitlan,2026-02-12,683850.0,1628850.0,0.25914255,13.035378,225,1
atitlan,2026-02-12,684150.0,1628850.0,0.27959874,15.527701,225,1
atitlan,2026-02-12,684450.0,1628850.0,0.2689566,13.8862915,225,1
atitlan,2026-02-12,684750.0,1628850.0,0.24220693,11.574652,225,0
atitlan,2026-02-12,685050.0,1628850.0,0.23942384,11.809663,225,0
atitlan,2026-02-12,685350.0,1628850.0,0.24043037,11.591058,225,0
atitlan,2026-02-12,685650.0,1628850.0,0.23430827,11.42137,225,0
atitlan,2026-02-12,685950.0,1628850.0,0.2687442,13.909897,225,1
atitlan,2026-02-12,686250.0,1628850.0,0.20446959,9.323788,225,0
atitlan,2026-02-12,686550.0,1628850.0,0.1339095,6.1748333,225,0
atitlan,2026-02-12,686850.0,1628850.0,0.17825928,9.086557,225,0
atitlan,2026-02-12,687150.0,1628850.0,0.1812839,8.541031,225,0
atitlan,2026-02-12,687450.0,1628850.0,0.18693767,9.791362,225,0
atitlan,2026-02-12,687750.0,1628850.0,0.16149926,8.966524,225,0
atitlan,2026-02-12,688050.0,1628850.0,0.22396529,10.427222,225,0
atitlan,2026-02-12,688350.0,1628850.0,0.16274057,7.6714554,225,0
atitlan,2026-02-12,688650.0,1628850.0,0.15314697,6.8420177,225,0
atitlan,2026-02-12,688950.0,1628850.0,0.13968384,6.744405,225,0
atitlan,2026-02-12,689250.0,1628850.0,-0.025039855,3.249002,225,0
atitlan,2026-02-12,689550.0,1628850.0,-0.07996923,0.98290426,225,0
atitlan,2026-02-12,689850.0,1628850.0,-0.082466975,0.8247623,225,0
atitlan,2026-02-12,690150.0,1628850.0,-0.07242182,1.2484912,225,0
atitlan,2026-02-12,690450.0,1628850.0,-0.07923484,1.0403198,225,0
atitlan,2026-02-12,690750.0,1628850.0,-0.08252601,0.84887236,225,0
atitlan,2026-02-12,691050.0,1628850.0,-0.08320146,0.7987713,225,0
atitlan,2026-02-12,691350.0,1628850.0,-0.08706271,0.6198133,225,0
atitlan,2026-02-12,691650.0,1628850.0,-0.085530266,0.6667677,225,0
atitlan,2026-02-12,691950.0,1628850.0,-0.088113196,0.55605763,225,0
atitlan,2026-02-12,692250.0,1628850.0,-0.08746685,0.59706974,225,0
atitlan,2026-02-12,692550.0,1628850.0,-0.088170156,0.5406986,225,0
atitlan,2026-02-12,692850.0,1628850.0,-0.085949674,0.6557459,225,0
atitlan,2026-02-12,693150.0,1628850.0,-0.087697454,0.6181202,225,0
atitlan,2026-02-12,693450.0,1628850.0,-0.08642296,0.6403674,225,0
atitlan,2026-02-12,693750.0,1628850.0,-0.085207656,0.7151719,225,0
atitlan,2026-02-12,694050.0,1628850.0,-0.084107205,0.7628186,225,0
atitlan,2026-02-12,694350.0,1628850.0,-0.08272559,0.82948613,225,0
atitlan,2026-02-12,694650.0,1628850.0,-0.0845522,0.7569429,225,0
atitlan,2026-02-12,694950.0,1628850.0,-0.08209679,0.86927265,225,0
atitlan,2026-02-12,695250.0,1628850.0,-0.083133005,0.8310985,225,0
atitlan,2026-02-12,695550.0,1628850.0,-0.08411698,0.8046709,225,0
atitlan,2026-02-12,695850.0,1628850.0,-0.08373342,0.79502285,225,0
atitlan,2026-02-12,696150.0,1628850.0,-0.08337249,0.80969846,225,0
atitlan,2026-02-12,696450.0,1628850.0,-0.08338227,0.8156792,225,0
atitlan,2026-02-12,696750.0,1628850.0,-0.08242473,0.85710716,225,0
atitlan,2026-02-12,697050.0,1628850.0,-0.08238157,0.88700897,225,0
atitlan,2026-02-12,697350.0,1628850.0,-0.08289766,0.8193916,225,0
atitlan,2026-02-12,697650.0,1628850.0,-0.08103928,0.9230887,225,0
atitlan,2026-02-12,697950.0,1628850.0,-0.082137994,0.86720634,225,0
atitlan,2026-02-12,698250.0,1628850.0,-0.083029985,0.81152177,225,0
atitlan,2026-02-12,698550.0,1628850.0,-0.08206577,0.861219,225,0
atitlan,2026-02-12,698850.0,1628850.0,-0.07969151,0.9967496,225,0
atitlan,2026-02-12,699150.0,1628850.0,-0.07954862,1.0218712,225,0
atitlan,2026-02-12,699450.0,1628850.0,-0.07667706,1.1734763,225,0
atitlan,2026-02-12,699750.0,1628850.0,-0.06984174,1.5629497,225,0
atitlan,2026-02-12,700050.0,1628850.0,0.016958939,3.797117,225,0
atitlan,2026-02-12,700350.0,1628850.0,0.101168744,5.622315,225,0
atitlan,2026-02-12,700650.0,1628850.0,0.106911555,5.518123,225,0
atitlan,2026-02-12,700950.0,1628850.0,0.16608782,7.29962,225,0
atitlan,2026-02-12,701250.0,1628850.0,0.18067797,7.5328693,225,0
atitlan,2026-02-12,701550.0,1628850.0,0.1997297,8.229337,225,0
atitlan,2026-02-12,701850.0,1628850.0,0.20867236,9.866851,225,0
atitlan,2026-02-12,702150.0,1628850.0,0.20077772,10.159474,225,0
atitlan,2026-02-12,702450.0,1628850.0,0.21824999,11.225571,225,0
atitlan,2026-02-12,702750.0,1628850.0,0.16183683,8.979146,225,0
atitlan,2026-02-12,703050.0,1628850.0,0.18910512,11.937626,225,0
atitlan,2026-02-12,703350.0,1628850.0,0.13239782,6.8292756,225,0
atitlan,2026-02-12,703650.0,1628850.0,0.17761816,8.906011,225,0
atitlan,2026-02-12,703950.0,1628850.0,0.15935679,9.66519,225,0
atitlan,2026-02-12,704250.0,1628850.0,0.14310299,7.924576,225,0
atitlan,2026-02-12,704550.0,1628850.0,0.17635526,9.4671955,225,0
atitlan,2026-02-12,704850.0,1628850.0,0.17373176,9.908988,225,0
atitlan,2026-02-12,705150.0,1628850.0,0.19490868,11.144935,225,0
atitlan,2026-02-12,705450.0,1628850.0,0.21202728,10.303105,225,0
atitlan,2026-02-12,705750.0,1628850.0,0.22406146,10.45046,225,0
atitlan,2026-02-12,706050.0,1628850.0,0.22673477,10.836472,225,0
atitlan,2026-02-12,706350.0,1628850.0,0.17712475,8.145806,225,0
atitlan,2026-02-12,706650.0,1628850.0,0.17281306,8.055581,225,0
atitlan,2026-02-12,706950.0,1628850.0,0.15848082,8.551123,225,0
atitlan,2026-02-12,707250.0,1628850.0,0.21348377,11.23101,225,0
atitlan,2026-02-12,707550.0,1628850.0,0.19690362,9.090012,225,0
atitlan,2026-02-12,707850.0,1628850.0,0.21069257,10.22318,45,0
atitlan,2026-02-12,680250.0,1629150.0,0.35047463,25.810167,180,1
atitlan,2026-02-12,680550.0,1629150.0,0.35393694,26.762442,225,1
atitlan,2026-02-12,680850.0,1629150.0,0.2825156,17.60574,225,1
atitlan,2026-02-12,681150.0,1629150.0,0.30976287,18.774332,225,1
atitlan,2026-02-12,681450.0,1629150.0,0.28880456,16.755856,225,1
atitlan,2026-02-12,681750.0,1629150.0,0.25754148,14.556289,225,1
atitlan,2026-02-12,682050.0,1629150.0,0.23989429,13.135095,225,1
atitlan,2026-02-12,682350.0,1629150.0,0.32476717,21.817236,225,1
atitlan,2026-02-12,682650.0,1629150.0,0.31395137,19.604942,225,1
atitlan,2026-02-12,682950.0,1629150.0,0.30017784,18.066422,225,1
atitlan,2026-02-12,683250.0,1629150.0,0.2754793,14.93382,225,1
atitlan,2026-02-12,683550.0,1629150.0,0.2611085,13.495499,225,1
atitlan,2026-02-12,683850.0,1629150.0,0.23083442,11.23863,225,0
atitlan,2026-02-12,684150.0,1629150.0,0.25391167,12.760575,225,1
atitlan,2026-02-12,684450.0,1629150.0,0.2830367,16.108765,225,1
atitlan,2026-02-12,684750.0,1629150.0,0.24883236,12.242714,225,1
atitlan,2026-02-12,685050.0,1629150.0,0.24086899,11.965429,225,0
atitlan,2026-02-12,685350.0,1629150.0,0.2574374,13.160124,225,1
atitlan,2026-02-12,685650.0,1629150.0,0.25752336,13.628966,225,1
atitlan,2026-02-12,685950.0,1629150.0,0.27528048,14.926516,225,1
atitlan,2026-02-12,686250.0,1629150.0,0.25968122,12.857777,225,1
atitlan,2026-02-12,686550.0,1629150.0,0.2179259,10.107285,225,0
atitlan,2026-02-12,686850.0,1629150.0,0.23458101,11.104818,225,0
atitlan,2026-02-12,687150.0,1629150.0,0.2153131,10.338294,225,0
atitlan,2026-02-12,687450.0,1629150.0,0.21421824,10.02762,225,0
atitlan,2026-02-12,687750.0,1629150.0,0.2181593,9.7760935,225,0
atitlan,2026-02-12,688050.0,1629150.0,0.26652336,13.552237,225,1
atitlan,2026-02-12,688350.0,1629150.0,0.23978877,11.159469,225,0
atitlan,2026-02-12,688650.0,1629150.0,0.21743698,10.388497,225,0
atitlan,2026-02-12,688950.0,1629150.0,0.15600748,8.014427,225,0
atitlan,2026-02-12,689250.0,1629150.0,0.08300314,6.3022037,225,0
atitlan,2026-02-12,689550.0,1629150.0,-0.050097644,2.3788078,225,0
atitlan,2026-02-12,689850.0,1629150.0,-0.0278617,3.0202053,225,0
atitlan,2026-02-12,690150.0,1629150.0,0.08424323,6.0907893,225,0
atitlan,2026-02-12,690450.0,1629150.0,0.013952938,4.2597194,225,0
atitlan,2026-02-12,690750.0,1629150.0,-0.071683444,1.415335,225,0
atitlan,2026-02-12,691050.0,1629150.0,-0.07917741,1.0251402,225,0
atitlan,2026-02-12,691350.0,1629150.0,-0.08424372,0.7822095,225,0
atitlan,2026-02-12,691650.0,1629150.0,-0.082619816,0.8375511,225,0
atitlan,2026-02-12,691950.0,1629150.0,-0.08693937,0.62162054,225,0
atitlan,2026-02-12,692250.0,1629150.0,-0.08588992,0.6664685,225,0
atitlan,2026-02-12,692550.0,1629150.0,-0.088358305,0.5620218,225,0
atitlan,2026-02-12,692850.0,1629150.0,-0.08283442,0.82985663,225,0
atitlan,2026-02-12,693150.0,1629150.0,-0.08531927,0.72176296,225,0
atitlan,2026-02-12,693450.0,1629150.0,-0.08579014,0.6721756,225,0
atitlan,2026-02-12,693750.0,1629150.0,-0.08455611,0.755882,225,0
atitlan,2026-02-12,694050.0,1629150.0,-0.08306093,0.83502084,225,0
atitlan,2026-02-12,694350.0,1629150.0,-0.08074477,0.94516635,225,0
atitlan,2026-02-12,694650.0,1629150.0,-0.08066323,0.96311307,225,0
atitlan,2026-02-12,694950.0,1629150.0,-0.08086944,0.94442075,225,0
atitlan,2026-02-12,695250.0,1629150.0,-0.080333225,0.9704431,225,0
atitlan,2026-02-12,695550.0,1629150.0,-0.0817819,0.8940835,225,0
atitlan,2026-02-12,695850.0,1629150.0,-0.082014784,0.8728533,225,0
atitlan,2026-02-12,696150.0,1629150.0,-0.08441105,0.7584869,225,0
atitlan,2026-02-12,696450.0,1629150.0,-0.086179286,0.6641537,225,0
atitlan,2026-02-12,696750.0,1629150.0,-0.085764594,0.65069735,225,0
atitlan,2026-02-12,697050.0,1629150.0,-0.085730515,0.6889908,225,0
atitlan,2026-02-12,697350.0,1629150.0,-0.08290287,0.8395208,225,0
atitlan,2026-02-12,697650.0,1629150.0,-0.07937752,1.0172855,225,0
atitlan,2026-02-12,697950.0,1629150.0,-0.0778746,1.1212934,225,0
atitlan,2026-02-12,698250.0,1629150.0,-0.07439012,1.2862284,225,0
atitlan,2026-02-12,698550.0,1629150.0,-0.075291164,1.284801,225,0
atitlan,2026-02-12,698850.0,1629150.0,-0.07274941,1.4075501,225,0
atitlan,2026-02-12,699150.0,1629150.0,-0.07403744,1.334058,225,0
atitlan,2026-02-12,699450.0,1629150.0,-0.07387273,1.3464473,225,0
atitlan,2026-02-12,699750.0,1629150.0,-0.06452144,1.8013898,225,0
atitlan,2026-02-12,700050.0,1629150.0,0.12216002,7.05595,225,0
atitlan,2026-02-12,700350.0,1629150.0,0.12010443,5.786028,225,0
atitlan,2026-02-12,700650.0,1629150.0,0.11936902,5.8029914,225,0
atitlan,2026-02-12,700950.0,1629150.0,0.14470671,6.13603,225,0
atitlan,2026-02-12,701250.0,1629150.0,0.17048615,7.5254803,225,0
atitlan,2026-02-12,701550.0,1629150.0,0.2107799,11.564434,225,0
atitlan,2026-02-12,701850.0,1629150.0,0.20544122,10.490211,225,0
atitlan,2026-02-12,702150.0,1629150.0,0.19009618,9.8500595,225,0
atitlan,2026-02-12,702450.0,1629150.0,0.23363766,10.293435,225,0
atitlan,2026-02-12,702750.0,1629150.0,0.21909478,10.157055,225,0
atitlan,2026-02-12,703050.0,1629150.0,0.15517814,8.512838,225,0
atitlan,2026-02-12,703350.0,1629150.0,0.11530823,6.8339067,225,0
atitlan,2026-02-12,703650.0,1629150.0,0.111803964,7.1091766,225,0
atitlan,2026-02-12,703950.0,1629150.0,0.11571845,7.764228,225,0
atitlan,2026-02-12,704250.0,1629150.0,0.21958229,12.127187,225,1
atitlan,2026-02-12,704550.0,1629150.0,0.10254288,6.4460726,225,0
atitlan,2026-02-12,704850.0,1629150.0,0.090729445,5.355811,225,0
atitlan,2026-02-12,705150.0,1629150.0,0.13050666,7.2516985,225,0
atitlan,2026-02-12,705450.0,1629150.0,0.23833606,12.471025,225,1
atitlan,2026-02-12,705750.0,1629150.0,0.22415937,11.133489,225,0
atitlan,2026-02-12,706050.0,1629150.0,0.21121027,10.342689,225,0
atitlan,2026-02-12,706350.0,1629150.0,0.16796073,8.822871,225,0
atitlan,2026-02-12,706650.0,1629150.0,0.16164595,7.8171735,225,0
atitlan,2026-02-12,706950.0,1629150.0,0.11774219,7.0909863,225,0
atitlan,2026-02-12,707250.0,1629150.0,0.2069927,10.246194,225,0
atitlan,2026-02-12,707550.0,1629150.0,0.13587198,7.337896,225,0
atitlan,2026-02-12,707850.0,1629150.0,0.16533655,7.8098416,45,0
atitlan,2026-02-12,680250.0,1629450.0,0.34386778,25.212614,180,1
atitlan,2026-02-12,680550.0,1629450.0,0.3300143,23.020739,225,1
atitlan,2026-02-12,680850.0,1629450.0,0.27500987,15.516989,225,1
atitlan,2026-02-12,681150.0,1629450.0,0.31292725,19.154259,225,1
atitlan,2026-02-12,681450.0,1629450.0,0.3131485,19.438381,225,1
atitlan,2026-02-12,681750.0,1629450.0,0.27468988,16.314104,225,1
atitlan,2026-02-12,682050.0,1629450.0,0.21488853,11.627482,225,0
atitlan,2026-02-12,682350.0,1629450.0,0.24698246,13.187019,225,1
atitlan,2026-02-12,682650.0,1629450.0,0.30012053,17.71713,225,1
atitlan,2026-02-12,682950.0,1629450.0,0.325898,21.078424,225,1
atitlan,2026-02-12,683250.0,1629450.0,0.31623864,20.352411,225,1
atitlan,2026-02-12,683550.0,1629450.0,0.3152089,20.333666,225,1
atitlan,2026-02-12,683850.0,1629450.0,0.22901699,12.145109,225,1
atitlan,2026-02-12,684150.0,1629450.0,0.27519158,15.182081,225,1
atitlan,2026-02-12,684450.0,1629450.0,0.28086647,16.000017,225,1
atitlan,2026-02-12,684750.0,1629450.0,0.2753571,14.307729,225,1
atitlan,2026-02-12,685050.0,1629450.0,0.25889868,13.94327,225,1
atitlan,2026-02-12,685350.0,1629450.0,0.24618708,12.961275,225,1
atitlan,2026-02-12,685650.0,1629450.0,0.27144453,15.162394,225,1
atitlan,2026-02-12,685950.0,1629450.0,0.26507762,14.084652,225,1
atitlan,2026-02-12,686250.0,1629450.0,0.27371472,14.57396,225,1
atitlan,2026-02-12,686550.0,1629450.0,0.23240657,10.852459,225,0
atitlan,2026-02-12,686850.0,1629450.0,0.25208604,12.461756,225,1
atitlan,2026-02-12,687150.0,1629450.0,0.21039346,9.958362,225,0
atitlan,2026-02-12,687450.0,1629450.0,0.24675578,12.189352,225,1
atitlan,2026-02-12,687750.0,1629450.0,0.20964281,9.314852,225,0
atitlan,2026-02-12,688050.0,1629450.0,0.25119948,12.614287,225,1
atitlan,2026-02-12,688350.0,1629450.0,0.21140046,9.396845,225,0
atitlan,2026-02-12,688650.0,1629450.0,0.17868099,10.822842,225,0
atitlan,2026-02-12,688950.0,1629450.0,0.14085066,9.731895,225,0
atitlan,2026-02-12,689250.0,1629450.0,0.15555646,8.261807,225,0
atitlan,2026-02-12,689550.0,1629450.0,0.18910065,9.982043,225,0
atitlan,2026-02-12,689850.0,1629450.0,0.17700626,8.415912,225,0
atitlan,2026-02-12,690150.0,1629450.0,0.13040192,5.958808,225,0
atitlan,2026-02-12,690450.0,1629450.0,0.1638366,8.036331,225,0
atitlan,2026-02-12,690750.0,1629450.0,0.12028006,6.153463,225,0
atitlan,2026-02-12,691050.0,1629450.0,0.05836731,4.7512355,225,0
atitlan,2026-02-12,691350.0,1629450.0,-0.07215449,1.3334826,225,0
atitlan,2026-02-12,691650.0,1629450.0,-0.07905684,1.0414627,225,0
atitlan,2026-02-12,691950.0,1629450.0,-0.08203358,0.88908476,225,0
atitlan,2026-02-12,692250.0,1629450.0,-0.07894288,1.0556618,225,0
atitlan,2026-02-12,692550.0,1629450.0,-0.07670764,1.1828338,225,0
atitlan,2026-02-12,692850.0,1629450.0,-0.078039214,1.0990837,225,0
atitlan,2026-02-12,693150.0,1629450.0,-0.08110723,0.9311199,225,0
atitlan,2026-02-12,693450.0,1629450.0,-0.080172025,0.97307986,225,0
atitlan,2026-02-12,693750.0,1629450.0,-0.08136416,0.91763043,225,0
atitlan,2026-02-12,694050.0,1629450.0,-0.08058728,0.96958244,225,0
atitlan,2026-02-12,694350.0,1629450.0,-0.081634074,0.9182314,225,0
atitlan,2026-02-12,694650.0,1629450.0,-0.08145153,0.9041213,225,0
atitlan,2026-02-12,694950.0,1629450.0,-0.08414275,0.7639313,225,0
atitlan,2026-02-12,695250.0,1629450.0,-0.08391154,0.77049124,225,0
atitlan,2026-02-12,695550.0,1629450.0,-0.08469627,0.74724156,225,0
atitlan,2026-02-12,695850.0,1629450.0,-0.08125594,0.9276118,225,0
atitlan,2026-02-12,696150.0,1629450.0,-0.081580415,0.8755729,225,0
atitlan,2026-02-12,696450.0,1629450.0,-0.08061871,1.0115445,225,0
atitlan,2026-02-12,696750.0,1629450.0,-0.0796868,1.0109447,225,0
atitlan,2026-02-12,697050.0,1629450.0,-0.08074413,0.9389998,225,0
atitlan,2026-02-12,697350.0,1629450.0,-0.08033681,0.9790612,225,0
atitlan,2026-02-12,697650.0,1629450.0,-0.07901322,1.0429486,225,0
atitlan,2026-02-12,697950.0,1629450.0,-0.079592854,1.0117205,225,0
atitlan,2026-02-12,698250.0,1629450.0,-0.07776353,1.1153216,225,0
atitlan,2026-02-12,698550.0,1629450.0,-0.06361753,1.7114297,225,0
atitlan,2026-02-12,698850.0,1629450.0,-0.045584578,2.2836022,225,0
atitlan,2026-02-12,699150.0,1629450.0,-0.05204178,2.0175931,225,0
atitlan,2026-02-12,699450.0,1629450.0,0.005516457,4.5065093,225,0
atitlan,2026-02-12,699750.0,1629450.0,0.12820645,7.281159,225,0
atitlan,2026-02-12,700050.0,1629450.0,0.16050068,6.9648647,225,0
atitlan,2026-02-12,700350.0,1629450.0,0.16734216,7.0673685,225,0
atitlan,2026-02-12,700650.0,1629450.0,0.15685232,7.6846795,225,0
atitlan,2026-02-12,700950.0,1629450.0,0.21225575,10.129748,225,0
atitlan,2026-02-12,701250.0,1629450.0,0.21024263,10.639234,225,0
atitlan,2026-02-12,701550.0,1629450.0,0.15606515,9.078489,225,0
atitlan,2026-02-12,701850.0,1629450.0,0.16009101,7.922709,225,0
atitlan,2026-02-12,702150.0,1629450.0,0.16599463,8.740885,225,0
atitlan,2026-02-12,702450.0,1629450.0,0.1795037,9.114039,225,0
atitlan,2026-02-12,702750.0,1629450.0,0.16184232,7.649268,225,0
atitlan,2026-02-12,703050.0,1629450.0,0.16328223,8.471281,225,0
atitlan,2026-02-12,703350.0,1629450.0,0.14867292,8.157545,225,0
atitlan,2026-02-12,703650.0,1629450.0,0.0753486,5.2046275,225,0
atitlan,2026-02-12,703950.0,1629450.0,0.09774186,5.961887,225,0
atitlan,2026-02-12,704250.0,1629450.0,0.14323835,7.697932,225,0
atitlan,2026-02-12,704550.0,1629450.0,0.09424968,5.7104034,225,0
atitlan,2026-02-12,704850.0,1629450.0,0.075951256,5.0191064,225,0
atitlan,2026-02-12,705150.0,1629450.0,0.16767165,9.164781,225,0
atitlan,2026-02-12,705450.0,1629450.0,0.194808,11.236034,225,0
atitlan,2026-02-12,705750.0,1629450.0,0.20087348,9.39462,225,0
atitlan,2026-02-12,706050.0,1629450.0,0.20980652,9.94763,225,0
atitlan,2026-02-12,706350.0,1629450.0,0.17886637,8.802611,225,0
atitlan,2026-02-12,706650.0,1629450.0,0.16748627,8.570311,225,0
atitlan,2026-02-12,706950.0,1629450.0,0.1783666,8.681528,225,0
atitlan,2026-02-12,707250.0,1629450.0,0.1899261,8.859165,225,0
atitlan,2026-02-12,707550.0,1629450.0,0.17355892,9.004525,225,0
atitlan,2026-02-12,707850.0,1629450.0,0.17877693,8.661423,45,0
atitlan,2026-02-12,680250.0,1629750.0,0.3225624,21.658232,180,1
atitlan,2026-02-12,680550.0,1629750.0,0.30581552,19.483074,225,1
atitlan,2026-02-12,680850.0,1629750.0,0.26894596,16.749813,225,1
atitlan,2026-02-12,681150.0,1629750.0,0.31425443,20.314316,225,1
atitlan,2026-02-12,681450.0,1629750.0,0.30712128,20.154438,225,1
atitlan,2026-02-12,681750.0,1629750.0,0.34350163,25.759922,225,1
atitlan,2026-02-12,682050.0,1629750.0,0.3046735,19.602922,225,1
atitlan,2026-02-12,682350.0,1629750.0,0.26456627,14.890053,225,1
atitlan,2026-02-12,682650.0,1629750.0,0.27013114,14.368732,225,1
atitlan,2026-02-12,682950.0,1629750.0,0.29605305,17.254885,225,1
atitlan,2026-02-12,683250.0,1629750.0,0.2831532,15.511601,225,1
atitlan,2026-02-12,683550.0,1629750.0,0.33708426,23.46369,225,1
atitlan,2026-02-12,683850.0,1629750.0,0.2657694,15.320237,225,1
atitlan,2026-02-12,684150.0,1629750.0,0.28855324,16.58707,225,1
atitlan,2026-02-12,684450.0,1629750.0,0.30762425,20.156738,225,1
atitlan,2026-02-12,684750.0,1629750.0,0.28879556,17.389957,225,1
atitlan,2026-02-12,685050.0,1629750.0,0.20897412,9.766569,225,0
atitlan,2026-02-12,685350.0,1629750.0,0.27300438,15.2465315,225,1
atitlan,2026-02-12,685650.0,1629750.0,0.31666288,20.72236,225,1
atitlan,2026-02-12,685950.0,1629750.0,0.28462708,15.969222,225,1
atitlan,2026-02-12,686250.0,1629750.0,0.2719549,14.602649,225,1
atitlan,2026-02-12,686550.0,1629750.0,0.24586794,11.955049,225,0
atitlan,2026-02-12,686850.0,1629750.0,0.2727896,13.994762,225,1
atitlan,2026-02-12,687150.0,1629750.0,0.26848426,14.330087,225,1
atitlan,2026-02-12,687450.0,1629750.0,0.24865575,12.464298,225,1
atitlan,2026-02-12,687750.0,1629750.0,0.24902944,12.189117,225,1
atitlan,2026-02-12,688050.0,1629750.0,0.23727095,11.375273,225,0
atitlan,2026-02-12,688350.0,1629750.0,0.21444346,9.590688,225,0
atitlan,2026-02-12,688650.0,1629750.0,0.17560494,9.386003,225,0
atitlan,2026-02-12,688950.0,1629750.0,0.20010297,10.0439,225,0
atitlan,2026-02-12,689250.0,1629750.0,0.18444802,7.623173,225,0
atitlan,2026-02-12,689550.0,1629750.0,0.17999834,7.8708076,225,0
atitlan,2026-02-12,689850.0,1629750.0,0.16933751,7.0347834,225,0
atitlan,2026-02-12,690150.0,1629750.0,0.15096703,6.5773835,225,0
atitlan,2026-02-12,690450.0,1629750.0,0.16701718,7.3120313,225,0
atitlan,2026-02-12,690750.0,1629750.0,0.15360181,6.4865503,225,0
atitlan,2026-02-12,691050.0,1629750.0,0.13002248,6.07093,225,0
atitlan,2026-02-12,691350.0,1629750.0,0.09116135,7.3560305,225,0
atitlan,2026-02-12,691650.0,1629750.0,-0.05575322,2.1566489,225,0
atitlan,2026-02-12,691950.0,1629750.0,-0.061633565,1.751941,225,0
atitlan,2026-02-12,692250.0,1629750.0,-0.06818602,1.5760779,225,0
atitlan,2026-02-12,692550.0,1629750.0,-0.07619316,1.1981006,225,0
atitlan,2026-02-12,692850.0,1629750.0,-0.07791158,1.1123993,225,0
atitlan,2026-02-12,693150.0,1629750.0,-0.08093024,0.952061,225,0
atitlan,2026-02-12,693450.0,1629750.0,-0.08146688,0.9045504,225,0
atitlan,2026-02-12,693750.0,1629750.0,-0.08176986,0.8872154,225,0
atitlan,2026-02-12,694050.0,1629750.0,-0.07922078,1.0289309,225,0
atitlan,2026-02-12,694350.0,1629750.0,-0.075015046,1.2834209,225,0
atitlan,2026-02-12,694650.0,1629750.0,-0.07568412,1.2434438,225,0
atitlan,2026-02-12,694950.0,1629750.0,-0.07926832,1.0337609,225,0
atitlan,2026-02-12,695250.0,1629750.0,-0.07663772,1.1863321,225,0
atitlan,2026-02-12,695550.0,1629750.0,-0.079374164,1.0154588,225,0
atitlan,2026-02-12,695850.0,1629750.0,-0.08243253,0.8349179,225,0
atitlan,2026-02-12,696150.0,1629750.0,-0.08253332,0.83759475,225,0
atitlan,2026-02-12,696450.0,1629750.0,-0.08658137,0.58729494,225,0
atitlan,2026-02-12,696750.0,1629750.0,-0.08856969,0.49947476,225,0
atitlan,2026-02-12,697050.0,1629750.0,-0.08883797,0.44874674,225,0
atitlan,2026-02-12,697350.0,1629750.0,-0.08863097,0.49704698,225,0
atitlan,2026-02-12,697650.0,1629750.0,-0.08146778,0.9080447,225,0
atitlan,2026-02-12,697950.0,1629750.0,-0.07483971,1.2733929,225,0
atitlan,2026-02-12,698250.0,1629750.0,0.0030837054,4.2442985,225,0
atitlan,2026-02-12,698550.0,1629750.0,0.12851176,8.408546,225,0
atitlan,2026-02-12,698850.0,1629750.0,0.14183271,8.329264,225,0
atitlan,2026-02-12,699150.0,1629750.0,0.17891636,9.572948,225,0
atitlan,2026-02-12,699450.0,1629750.0,0.16472852,7.6877046,225,0
atitlan,2026-02-12,699750.0,1629750.0,0.15738313,6.7262635,225,0
atitlan,2026-02-12,700050.0,1629750.0,0.16355635,6.72682,225,0
atitlan,2026-02-12,700350.0,1629750.0,0.18164478,7.494548,225,0
atitlan,2026-02-12,700650.0,1629750.0,0.20407388,10.571401,225,0
atitlan,2026-02-12,700950.0,1629750.0,0.21492828,11.888674,225,0
atitlan,2026-02-12,701250.0,1629750.0,0.18825178,10.766706,225,0
atitlan,2026-02-12,701550.0,1629750.0,0.1596175,8.799924,225,0
atitlan,2026-02-12,701850.0,1629750.0,0.21611688,10.849932,225,0
atitlan,2026-02-12,702150.0,1629750.0,0.20613258,11.149865,225,0
atitlan,2026-02-12,702450.0,1629750.0,0.19973461,10.298689,225,0
atitlan,2026-02-12,702750.0,1629750.0,0.20970237,11.1205435,225,0
atitlan,2026-02-12,703050.0,1629750.0,0.15754908,9.127289,225,0
atitlan,2026-02-12,703350.0,1629750.0,0.11276362,7.584236,225,0
atitlan,2026-02-12,703650.0,1629750.0,0.10994463,6.6473813,225,0
atitlan,2026-02-12,703950.0,1629750.0,0.1256036,7.31167,225,0
atitlan,2026-02-12,704250.0,1629750.0,0.08291132,5.1730137,225,0
atitlan,2026-02-12,704550.0,1629750.0,0.1248372,6.9722176,225,0
atitlan,2026-02-12,704850.0,1629750.0,0.14081556,8.147309,225,0
atitlan,2026-02-12,705150.0,1629750.0,0.17372249,9.621591,225,0
atitlan,2026-02-12,705450.0,1629750.0,0.19127487,10.677318,225,0
atitlan,2026-02-12,705750.0,1629750.0,0.19399752,9.534686,225,0
atitlan,2026-02-12,706050.0,1629750.0,0.16715044,8.633694,225,0
atitlan,2026-02-12,706350.0,1629750.0,0.22604646,10.615803,225,0
atitlan,2026-02-12,706650.0,1629750.0,0.17985182,8.915734,225,0
atitlan,2026-02-12,706950.0,1629750.0,0.19155155,9.638745,225,0
atitlan,2026-02-12,707250.0,1629750.0,0.20701708,9.366887,225,0
atitlan,2026-02-12,707550.0,1629750.0,0.13413389,7.744302,225,0
atitlan,2026-02-12,707850.0,1629750.0,0.2205712,10.197073,45,0
atitlan,2026-02-12,680250.0,1630050.0,0.29093754,17.990284,180,1
atitlan,2026-02-12,680550.0,1630050.0,0.2930236,18.24882,225,1
atitlan,2026-02-12,680850.0,1630050.0,0.3320238,22.3881,225,1
atitlan,2026-02-12,681150.0,1630050.0,0.29548457,18.56763,225,1
atitlan,2026-02-12,681450.0,1630050.0,0.25203878,13.502968,225,1
atitlan,2026-02-12,681750.0,1630050.0,0.30735114,18.931738,225,1
atitlan,2026-02-12,682050.0,1630050.0,0.30895954,19.481178,225,1
atitlan,2026-02-12,682350.0,1630050.0,0.33001897,26.184492,225,1
atitlan,2026-02-12,682650.0,1630050.0,0.29985964,17.974537,225,1
atitlan,2026-02-12,682950.0,1630050.0,0.2956389,18.05844,225,1
atitlan,2026-02-12,683250.0,1630050.0,0.28917027,16.759554,225,1
atitlan,2026-02-12,683550.0,1630050.0,0.33360824,22.57328,225,1
atitlan,2026-02-12,683850.0,1630050.0,0.2920968,17.555552,225,1
atitlan,2026-02-12,684150.0,1630050.0,0.28044444,15.943588,225,1
atitlan,2026-02-12,684450.0,1630050.0,0.35308233,26.984535,225,1
atitlan,2026-02-12,684750.0,1630050.0,0.27707854,16.633278,225,1
atitlan,2026-02-12,685050.0,1630050.0,0.20671105,9.243324,225,0
atitlan,2026-02-12,685350.0,1630050.0,0.27463543,15.961928,225,1
atitlan,2026-02-12,685650.0,1630050.0,0.27930027,17.355108,225,1
atitlan,2026-02-12,685950.0,1630050.0,0.26656836,14.329435,225,1
atitlan,2026-02-12,686250.0,1630050.0,0.24547985,13.293324,225,1
atitlan,2026-02-12,686550.0,1630050.0,0.2660681,14.139293,225,1
atitlan,2026-02-12,686850.0,1630050.0,0.28947234,16.132011,225,1
atitlan,2026-02-12,687150.0,1630050.0,0.2632991,13.782765,225,1
atitlan,2026-02-12,687450.0,1630050.0,0.22427717,10.91638,225,0
atitlan,2026-02-12,687750.0,1630050.0,0.27150375,14.747564,225,1
atitlan,2026-02-12,688050.0,1630050.0,0.22960229,10.612832,225,0
atitlan,2026-02-12,688350.0,1630050.0,0.21239251,11.143848,225,0
atitlan,2026-02-12,688650.0,1630050.0,0.17813772,9.069322,225,0
atitlan,2026-02-12,688950.0,1630050.0,0.24815741,13.68347,225,1
atitlan,2026-02-12,689250.0,1630050.0,0.20913018,9.294318,225,0
atitlan,2026-02-12,689550.0,1630050.0,0.19736779,8.778292,225,0
atitlan,2026-02-12,689850.0,1630050.0,0.20650719,11.329756,225,0
atitlan,2026-02-12,690150.0,1630050.0,0.18444797,8.99047,225,0
atitlan,2026-02-12,690450.0,1630050.0,0.15761209,6.9372063,225,0
atitlan,2026-02-12,690750.0,1630050.0,0.16032876,6.943726,225,0
atitlan,2026-02-12,691050.0,1630050.0,0.16020745,6.999281,225,0
atitlan,2026-02-12,691350.0,1630050.0,0.17343864,7.6929536,225,0
atitlan,2026-02-12,691650.0,1630050.0,0.13299914,7.6096945,225,0
atitlan,2026-02-12,691950.0,1630050.0,0.17195547,8.726494,225,0
atitlan,2026-02-12,692250.0,1630050.0,0.10588942,5.5284133,225,0
atitlan,2026-02-12,692550.0,1630050.0,0.0429743,5.4153647,225,0
atitlan,2026-02-12,692850.0,1630050.0,-0.06727393,1.6978064,225,0
atitlan,2026-02-12,693150.0,1630050.0,-0.07002548,1.5542086,225,0
atitlan,2026-02-12,693450.0,1630050.0,-0.07283765,1.4044954,225,0
atitlan,2026-02-12,693750.0,1630050.0,-0.07658621,1.1795149,225,0
atitlan,2026-02-12,694050.0,1630050.0,-0.0748812,1.3016158,225,0
atitlan,2026-02-12,694350.0,1630050.0,-0.072968155,1.3889486,225,0
atitlan,2026-02-12,694650.0,1630050.0,-0.07896287,1.05452,225,0
atitlan,2026-02-12,694950.0,1630050.0,-0.08141473,0.88178617,225,0
atitlan,2026-02-12,695250.0,1630050.0,-0.08313326,0.7978908,225,0
atitlan,2026-02-12,695550.0,1630050.0,-0.08210301,0.8505535,225,0
atitlan,2026-02-12,695850.0,1630050.0,-0.08130135,0.9035643,225,0
atitlan,2026-02-12,696150.0,1630050.0,-0.07984335,0.9854462,225,0
atitlan,2026-02-12,696450.0,1630050.0,-0.08479911,0.6943291,225,0
atitlan,2026-02-12,696750.0,1630050.0,-0.086266175,0.6435637,225,0
atitlan,2026-02-12,697050.0,1630050.0,-0.082267374,0.8530867,225,0
atitlan,2026-02-12,697350.0,1630050.0,-0.08233559,0.8565146,225,0
atitlan,2026-02-12,697650.0,1630050.0,-0.07697895,1.1600529,225,0
atitlan,2026-02-12,697950.0,1630050.0,-0.009525219,3.3219626,225,0
atitlan,2026-02-12,698250.0,1630050.0,0.07065916,5.6249957,225,0
atitlan,2026-02-12,698550.0,1630050.0,0.07702509,6.223731,225,0
atitlan,2026-02-12,698850.0,1630050.0,0.09385491,6.6011295,225,0
atitlan,2026-02-12,699150.0,1630050.0,0.10313377,6.8245816,225,0
atitlan,2026-02-12,699450.0,1630050.0,0.19097903,8.11113,225,0
atitlan,2026-02-12,699750.0,1630050.0,0.2065293,8.413901,225,0
atitlan,2026-02-12,700050.0,1630050.0,0.14761832,6.7456203,225,0
atitlan,2026-02-12,700350.0,1630050.0,0.15772244,7.943623,225,0
atitlan,2026-02-12,700650.0,1630050.0,0.20354772,10.699818,225,0
atitlan,2026-02-12,700950.0,1630050.0,0.14219141,7.685014,225,0
atitlan,2026-02-12,701250.0,1630050.0,0.14071757,8.093819,225,0
atitlan,2026-02-12,701550.0,1630050.0,0.19539613,10.267758,225,0
atitlan,2026-02-12,701850.0,1630050.0,0.15992525,8.567086,225,0
atitlan,2026-02-12,702150.0,1630050.0,0.1511713,7.7109585,225,0
atitlan,2026-02-12,702450.0,1630050.0,0.22606213,11.757656,225,0
atitlan,2026-02-12,702750.0,1630050.0,0.13124168,7.399383,225,0
atitlan,2026-02-12,703050.0,1630050.0,0.1079984,6.913648,225,0
atitlan,2026-02-12,703350.0,1630050.0,0.08510233,5.813117,225,0
atitlan,2026-02-12,703650.0,1630050.0,0.09162298,5.717003,225,0
atitlan,2026-02-12,703950.0,1630050.0,0.08762887,5.275584,225,0
atitlan,2026-02-12,704250.0,1630050.0,0.10789051,6.6259494,225,0
atitlan,2026-02-12,704550.0,1630050.0,0.2295799,12.058518,225,1
atitlan,2026-02-12,704850.0,1630050.0,0.22030751,10.408306,225,0
atitlan,2026-02-12,705150.0,1630050.0,0.21550922,10.409565,225,0
atitlan,2026-02-12,705450.0,1630050.0,0.21869837,11.35312,225,0
atitlan,2026-02-12,705750.0,1630050.0,0.17794962,8.868579,225,0
atitlan,2026-02-12,706050.0,1630050.0,0.20591573,9.895623,225,0
atitlan,2026-02-12,706350.0,1630050.0,0.25198445,12.9666815,225,1
atitlan,2026-02-12,706650.0,1630050.0,0.25708693,13.704275,225,1
atitlan,2026-02-12,706950.0,1630050.0,0.2740685,14.56717,225,1
atitlan,2026-02-12,707250.0,1630050.0,0.19794087,9.170803,225,0
atitlan,2026-02-12,707550.0,1630050.0,0.12637518,7.2436085,225,0
atitlan,2026-02-12,707850.0,1630050.0,0.15802489,7.602975,45,0
atitlan,2026-02-12,680250.0,1630350.0,0.30725795,19.481201,180,1
atitlan,2026-02-12,680550.0,1630350.0,0.30611894,19.92252,225,1
atitlan,2026-02-12,680850.0,1630350.0,0.26846206,15.291961,225,1
atitlan,2026-02-12,681150.0,1630350.0,0.2628782,15.002702,225,1
atitlan,2026-02-12,681450.0,1630350.0,0.30111817,17.756681,225,1
atitlan,2026-02-12,681750.0,1630350.0,0.2771342,15.049466,225,1
atitlan,2026-02-12,682050.0,1630350.0,0.29598898,17.45853,225,1
atitlan,2026-02-12,682350.0,1630350.0,0.30544162,19.017365,225,1
atitlan,2026-02-12,682650.0,1630350.0,0.3313554,24.472376,225,1
atitlan,2026-02-12,682950.0,1630350.0,0.3111061,19.093468,225,1
atitlan,2026-02-12,683250.0,1630350.0,0.28787994,16.832922,225,1
atitlan,2026-02-12,683550.0,1630350.0,0.31426376,19.807722,225,1
atitlan,2026-02-12,683850.0,1630350.0,0.29593247,17.408594,225,1
atitlan,2026-02-12,684150.0,1630350.0,0.3455731,25.897842,225,1
atitlan,2026-02-12,684450.0,1630350.0,0.34523562,27.741909,225,1
atitlan,2026-02-12,684750.0,1630350.0,0.30101162,18.670084,225,1
atitlan,2026-02-12,685050.0,1630350.0,0.25308946,12.652152,225,1
atitlan,2026-02-12,685350.0,1630350.0,0.23491476,12.659069,225,1
atitlan,2026-02-12,685650.0,1630350.0,0.25126263,12.959739,225,1
atitlan,2026-02-12,685950.0,1630350.0,0.24366695,12.818815,225,1
atitlan,2026-02-12,686250.0,1630350.0,0.27826217,15.919348,225,1
atitlan,2026-02-12,686550.0,1630350.0,0.30090302,18.244343,225,1
atitlan,2026-02-12,686850.0,1630350.0,0.29643816,18.061628,225,1
atitlan,2026-02-12,687150.0,1630350.0,0.2786782,15.056708,225,1
atitlan,2026-02-12,687450.0,1630350.0,0.31128943,19.02319,225,1
atitlan,2026-02-12,687750.0,1630350.0,0.29475462,17.075788,225,1
atitlan,2026-02-12,688050.0,1630350.0,0.26508904,15.054398,225,1
atitlan,2026-02-12,688350.0,1630350.0,0.23807956,13.529323,225,1
atitlan,2026-02-12,688650.0,1630350.0,0.17942546,9.327847,225,0
atitlan,2026-02-12,688950.0,1630350.0,0.19850609,10.106056,225,0
atitlan,2026-02-12,689250.0,1630350.0,0.23252024,11.285969,225,0
atitlan,2026-02-12,689550.0,1630350.0,0.23491322,14.09733,225,1
atitlan,2026-02-12,689850.0,1630350.0,0.17972995,11.315178,225,0
atitlan,2026-02-12,690150.0,1630350.0,0.20767948,12.844286,225,1
atitlan,2026-02-12,690450.0,1630350.0,0.1926205,9.416544,225,0
atitlan,2026-02-12,690750.0,1630350.0,0.19580147,9.693039,225,0
atitlan,2026-02-12,691050.0,1630350.0,0.16969727,7.5388846,225,0
atitlan,2026-02-12,691350.0,1630350.0,0.19358993,8.720779,225,0
atitlan,2026-02-12,691650.0,1630350.0,0.16919187,8.226233,225,0
atitlan,2026-02-12,691950.0,1630350.0,0.2101504,9.634491,225,0
atitlan,2026-02-12,692250.0,1630350.0,0.18871292,8.322888,225,0
atitlan,2026-02-12,692550.0,1630350.0,0.16954836,8.328943,225,0
atitlan,2026-02-12,692850.0,1630350.0,0.050841946,5.554072,225,0
atitlan,2026-02-12,693150.0,1630350.0,0.06914285,5.9427323,225,0
atitlan,2026-02-12,693450.0,1630350.0,0.072169214,6.9636374,225,0
atitlan,2026-02-12,693750.0,1630350.0,-0.04396209,2.7615194,225,0
atitlan,2026-02-12,694050.0,1630350.0,0.029053723,4.099329,225,0
atitlan,2026-02-12,694350.0,1630350.0,0.1075123,5.8019176,225,0
atitlan,2026-02-12,694650.0,1630350.0,-0.07035299,1.494455,225,0
atitlan,2026-02-12,694950.0,1630350.0,-0.07668716,1.1711684,225,0
atitlan,2026-02-12,695250.0,1630350.0,-0.06625738,1.5850425,225,0
atitlan,2026-02-12,695550.0,1630350.0,-0.014720731,2.9675367,225,0
atitlan,2026-02-12,695850.0,1630350.0,0.011421546,3.6260989,225,0
atitlan,2026-02-12,696150.0,1630350.0,-0.01915261,3.2790344,225,0
atitlan,2026-02-12,696450.0,1630350.0,-0.07572228,1.1900151,225,0
atitlan,2026-02-12,696750.0,1630350.0,-0.08337137,0.7780361,225,0
atitlan,2026-02-12,697050.0,1630350.0,-0.08339572,0.7821444,225,0
atitlan,2026-02-12,697350.0,1630350.0,-0.08289839,0.8463439,225,0
atitlan,2026-02-12,697650.0,1630350.0,-0.044516712,2.1182098,225,0
atitlan,2026-02-12,697950.0,1630350.0,0.12212568,8.319748,225,0
atitlan,2026-02-12,698250.0,1630350.0,0.08650109,5.8881035,225,0
atitlan,2026-02-12,698550.0,1630350.0,0.08719107,5.985258,225,0
atitlan,2026-02-12,698850.0,1630350.0,0.08796711,6.096935,225,0
atitlan,2026-02-12,699150.0,1630350.0,0.117602825,7.2842946,225,0
atitlan,2026-02-12,699450.0,1630350.0,0.17709684,7.757543,225,0
atitlan,2026-02-12,699750.0,1630350.0,0.19262402,8.57391,225,0
atitlan,2026-02-12,700050.0,1630350.0,0.14543135,7.8114424,225,0
atitlan,2026-02-12,700350.0,1630350.0,0.13262036,7.394806,225,0
atitlan,2026-02-12,700650.0,1630350.0,0.14365914,7.518927,225,0
atitlan,2026-02-12,700950.0,1630350.0,0.13353299,6.8914204,225,0
atitlan,2026-02-12,701250.0,1630350.0,0.1300049,8.358173,225,0
atitlan,2026-02-12,701550.0,1630350.0,0.1214605,7.1187315,225,0
atitlan,2026-02-12,701850.0,1630350.0,0.107813925,6.7330546,225,0
atitlan,2026-02-12,702150.0,1630350.0,0.209215,9.214568,225,0
atitlan,2026-02-12,702450.0,1630350.0,0.21003908,10.407109,225,0
atitlan,2026-02-12,702750.0,1630350.0,0.12786536,7.349026,225,0
atitlan,2026-02-12,703050.0,1630350.0,0.110215046,6.650245,225,0
atitlan,2026-02-12,703350.0,1630350.0,0.089948416,5.334621,225,0
atitlan,2026-02-12,703650.0,1630350.0,0.110803686,6.3806224,225,0
atitlan,2026-02-12,703950.0,1630350.0,0.114291355,6.245274,225,0
atitlan,2026-02-12,704250.0,1630350.0,0.21659371,11.231997,225,0
atitlan,2026-02-12,704550.0,1630350.0,0.2236356,11.117841,225,0
atitlan,2026-02-12,704850.0,1630350.0,0.22604257,11.218496,225,0
atitlan,2026-02-12,705150.0,1630350.0,0.23054993,11.421472,225,0
atitlan,2026-02-12,705450.0,1630350.0,0.21656543,10.928366,225,0
atitlan,2026-02-12,705750.0,1630350.0,0.21443516,10.910574,225,0
atitlan,2026-02-12,706050.0,1630350.0,0.18754221,8.850476,225,0
atitlan,2026-02-12,706350.0,1630350.0,0.2487772,11.569431,225,0
atitlan,2026-02-12,706650.0,1630350.0,0.24288239,12.340198,225,1
atitlan,2026-02-12,706950.0,1630350.0,0.23537277,11.469582,225,0
atitlan,2026-02-12,707250.0,1630350.0,0.19334094,9.368338,225,0
atitlan,2026-02-12,707550.0,1630350.0,0.20143715,10.059566,225,0
atitlan,2026-02-12,707850.0,1630350.0,0.18184336,10.034482,45,0
atitlan,2026-02-12,680250.0,1630650.0,0.31224042,19.345078,180,1
atitlan,2026-02-12,680550.0,1630650.0,0.31221384,19.083735,225,1
atitlan,2026-02-12,680850.0,1630650.0,0.2626831,13.967566,225,1
atitlan,2026-02-12,681150.0,1630650.0,0.2801847,17.368362,225,1
atitlan,2026-02-12,681450.0,1630650.0,0.3079574,19.65499,225,1
atitlan,2026-02-12,681750.0,1630650.0,0.25516045,14.458068,225,1
atitlan,2026-02-12,682050.0,1630650.0,0.26275662,13.695171,225,1
atitlan,2026-02-12,682350.0,1630650.0,0.32115674,20.272635,225,1
atitlan,2026-02-12,682650.0,1630650.0,0.33644295,25.542007,225,1
atitlan,2026-02-12,682950.0,1630650.0,0.3362666,23.448095,225,1
atitlan,2026-02-12,683250.0,1630650.0,0.2885419,16.720432,225,1
atitlan,2026-02-12,683550.0,1630650.0,0.27519137,15.933132,225,1
atitlan,2026-02-12,683850.0,1630650.0,0.29071835,17.188988,225,1
atitlan,2026-02-12,684150.0,1630650.0,0.36209568,29.753569,225,1
atitlan,2026-02-12,684450.0,1630650.0,0.31957608,22.506157,225,1
atitlan,2026-02-12,684750.0,1630650.0,0.25441864,14.184377,225,1
atitlan,2026-02-12,685050.0,1630650.0,0.28377965,16.239285,225,1
atitlan,2026-02-12,685350.0,1630650.0,0.25844577,14.252268,225,1
atitlan,2026-02-12,685650.0,1630650.0,0.2797083,15.461668,225,1
atitlan,2026-02-12,685950.0,1630650.0,0.27582997,16.589226,225,1
atitlan,2026-02-12,686250.0,1630650.0,0.27426443,15.63541,225,1
atitlan,2026-02-12,686550.0,1630650.0,0.26742944,14.477025,225,1
atitlan,2026-02-12,686850.0,1630650.0,0.3028419,18.839186,225,1
atitlan,2026-02-12,687150.0,1630650.0,0.2737219,14.546923,225,1
atitlan,2026-02-12,687450.0,1630650.0,0.28556696,16.645597,225,1
atitlan,2026-02-12,687750.0,1630650.0,0.25505823,13.22322,225,1
atitlan,2026-02-12,688050.0,1630650.0,0.2941902,18.035252,225,1
atitlan,2026-02-12,688350.0,1630650.0,0.24945858,12.73727,225,1
atitlan,2026-02-12,688650.0,1630650.0,0.19864535,9.754921,225,0
atitlan,2026-02-12,688950.0,1630650.0,0.19093406,9.207909,225,0
atitlan,2026-02-12,689250.0,1630650.0,0.21882087,11.280186,225,0
atitlan,2026-02-12,689550.0,1630650.0,0.23641631,13.264145,225,1
atitlan,2026-02-12,689850.0,1630650.0,0.23919809,13.147854,225,1
atitlan,2026-02-12,690150.0,1630650.0,0.2398265,13.916964,225,1
atitlan,2026-02-12,690450.0,1630650.0,0.21057445,10.257381,225,0
atitlan,2026-02-12,690750.0,1630650.0,0.18236284,9.444122,225,0
atitlan,2026-02-12,691050.0,1630650.0,0.16868949,7.4566617,225,0
atitlan,2026-02-12,691350.0,1630650.0,0.20384668,9.337144,225,0
atitlan,2026-02-12,691650.0,1630650.0,0.19761093,8.313128,225,0
atitlan,2026-02-12,691950.0,1630650.0,0.21356542,9.874309,225,0
atitlan,2026-02-12,692250.0,1630650.0,0.21709372,9.123159,225,0
atitlan,2026-02-12,692550.0,1630650.0,0.20551468,9.601933,225,0
atitlan,2026-02-12,692850.0,1630650.0,0.17162368,8.971831,225,0
atitlan,2026-02-12,693150.0,1630650.0,0.15398036,8.381602,225,0
atitlan,2026-02-12,693450.0,1630650.0,0.21100089,11.086777,225,0
atitlan,2026-02-12,693750.0,1630650.0,0.19598632,10.274663,225,0
atitlan,2026-02-12,694050.0,1630650.0,0.21646611,9.82508,225,0
atitlan,2026-02-12,694350.0,1630650.0,0.19560465,8.420777,225,0
atitlan,2026-02-12,694650.0,1630650.0,0.16169798,9.103065,225,0
atitlan,2026-02-12,694950.0,1630650.0,0.10191801,5.7032948,225,0
atitlan,2026-02-12,695250.0,1630650.0,0.07192677,5.530654,225,0
atitlan,2026-02-12,695550.0,1630650.0,0.09844095,5.4795957,225,0
atitlan,2026-02-12,695850.0,1630650.0,0.13257958,6.1477942,225,0
atitlan,2026-02-12,696150.0,1630650.0,0.09504578,5.2988443,225,0
atitlan,2026-02-12,696450.0,1630650.0,0.06198405,5.3215046,225,0
atitlan,2026-02-12,696750.0,1630650.0,-0.07628454,1.1991645,225,0
atitlan,2026-02-12,697050.0,1630650.0,-0.08080628,0.9319413,225,0
atitlan,2026-02-12,697350.0,1630650.0,-0.080334365,0.97342557,225,0
atitlan,2026-02-12,697650.0,1630650.0,0.049638957,5.3082485,225,0
atitlan,2026-02-12,697950.0,1630650.0,0.113622226,6.942485,225,0
atitlan,2026-02-12,698250.0,1630650.0,0.07270214,5.447174,225,0
atitlan,2026-02-12,698550.0,1630650.0,0.06739243,5.5863953,225,0
atitlan,2026-02-12,698850.0,1630650.0,0.071865164,5.599655,225,0
atitlan,2026-02-12,699150.0,1630650.0,0.087061845,7.036626,225,0
atitlan,2026-02-12,699450.0,1630650.0,0.1729944,7.8606076,225,0
atitlan,2026-02-12,699750.0,1630650.0,0.18416664,7.8350797,225,0
atitlan,2026-02-12,700050.0,1630650.0,0.21994974,10.752521,225,0
atitlan,2026-02-12,700350.0,1630650.0,0.19921112,11.075198,225,0
atitlan,2026-02-12,700650.0,1630650.0,0.11358712,7.232968,225,0
atitlan,2026-02-12,700950.0,1630650.0,0.10313316,6.481567,225,0
atitlan,2026-02-12,701250.0,1630650.0,0.100447945,6.090824,225,0
atitlan,2026-02-12,701550.0,1630650.0,0.18264154,9.929551,225,0
atitlan,2026-02-12,701850.0,1630650.0,0.1583348,9.203165,225,0
atitlan,2026-02-12,702150.0,1630650.0,0.14879495,8.128935,225,0
atitlan,2026-02-12,702450.0,1630650.0,0.19025663,9.749761,225,0
atitlan,2026-02-12,702750.0,1630650.0,0.13453405,7.383852,225,0
atitlan,2026-02-12,703050.0,1630650.0,0.09108732,5.9248724,225,0
atitlan,2026-02-12,703350.0,1630650.0,0.088281915,5.81976,225,0
atitlan,2026-02-12,703650.0,1630650.0,0.11452067,6.5621057,225,0
atitlan,2026-02-12,703950.0,1630650.0,0.20562387,11.168452,225,0
atitlan,2026-02-12,704250.0,1630650.0,0.21843816,10.256988,225,0
atitlan,2026-02-12,704550.0,1630650.0,0.2190112,10.592737,225,0
atitlan,2026-02-12,704850.0,1630650.0,0.25371784,13.138205,225,1
atitlan,2026-02-12,705150.0,1630650.0,0.23708625,13.688325,225,1
atitlan,2026-02-12,705450.0,1630650.0,0.25489175,13.497719,225,1
atitlan,2026-02-12,705750.0,1630650.0,0.25139463,13.825212,225,1
atitlan,2026-02-12,706050.0,1630650.0,0.24999732,13.676505,225,1
atitlan,2026-02-12,706350.0,1630650.0,0.23965752,11.485132,225,0
atitlan,2026-02-12,706650.0,1630650.0,0.22039092,10.187218,225,0
atitlan,2026-02-12,706950.0,1630650.0,0.14110982,7.9810796,225,0
atitlan,2026-02-12,707250.0,1630650.0,0.21160127,10.97049,225,0
atitlan,2026-02-12,707550.0,1630650.0,0.19391929,8.787032,225,0
atitlan,2026-02-12,707850.0,1630650.0,0.23621485,10.345218,45,0
atitlan,2026-02-12,680250.0,1630950.0,0.24308231,14.138315,180,1
atitlan,2026-02-12,680550.0,1630950.0,0.27299252,16.679766,225,1
atitlan,2026-02-12,680850.0,1630950.0,0.3125079,19.120699,225,1
atitlan,2026-02-12,681150.0,1630950.0,0.30896282,19.490145,225,1
atitlan,2026-02-12,681450.0,1630950.0,0.3020584,18.463404,225,1
atitlan,2026-02-12,681750.0,1630950.0,0.31991893,20.708996,225,1
atitlan,2026-02-12,682050.0,1630950.0,0.33031347,22.394716,225,1
atitlan,2026-02-12,682350.0,1630950.0,0.3224321,22.823204,225,1
atitlan,2026-02-12,682650.0,1630950.0,0.32489365,24.760195,225,1
atitlan,2026-02-12,682950.0,1630950.0,0.33838737,24.181982,225,1
atitlan,2026-02-12,683250.0,1630950.0,0.33956394,24.558638,225,1
atitlan,2026-02-12,683550.0,1630950.0,0.31548414,20.63551,225,1
atitlan,2026-02-12,683850.0,1630950.0,0.3112887,20.188168,225,1
atitlan,2026-02-12,684150.0,1630950.0,0.30954605,19.967506,225,1
atitlan,2026-02-12,684450.0,1630950.0,0.31581512,20.545818,225,1
atitlan,2026-02-12,684750.0,1630950.0,0.27809343,17.247824,225,1
atitlan,2026-02-12,685050.0,1630950.0,0.27782288,15.141735,225,1
atitlan,2026-02-12,685350.0,1630950.0,0.35859266,28.399483,225,1
atitlan,2026-02-12,685650.0,1630950.0,0.33671254,24.93808,225,1
atitlan,2026-02-12,685950.0,1630950.0,0.2781231,16.143929,225,1
atitlan,2026-02-12,686250.0,1630950.0,0.28495732,17.03999,225,1
atitlan,2026-02-12,686550.0,1630950.0,0.31955385,20.996796,225,1
atitlan,2026-02-12,686850.0,1630950.0,0.29022953,17.917477,225,1
atitlan,2026-02-12,687150.0,1630950.0,0.2519662,12.805619,225,1
atitlan,2026-02-12,687450.0,1630950.0,0.24308534,13.121603,225,1
atitlan,2026-02-12,687750.0,1630950.0,0.24743082,14.120753,225,1
atitlan,2026-02-12,688050.0,1630950.0,0.2572746,13.260523,225,1
atitlan,2026-02-12,688350.0,1630950.0,0.25306237,14.859342,225,1
atitlan,2026-02-12,688650.0,1630950.0,0.26006448,15.049266,225,1
atitlan,2026-02-12,688950.0,1630950.0,0.21804695,11.35605,225,0
atitlan,2026-02-12,689250.0,1630950.0,0.26121634,14.871475,225,1
atitlan,2026-02-12,689550.0,1630950.0,0.24853738,13.47483,225,1
atitlan,2026-02-12,689850.0,1630950.0,0.28046086,16.05331,225,1
atitlan,2026-02-12,690150.0,1630950.0,0.26906884,15.134353,225,1
atitlan,2026-02-12,690450.0,1630950.0,0.18208419,9.263346,225,0
atitlan,2026-02-12,690750.0,1630950.0,0.18786111,8.863274,225,0
atitlan,2026-02-12,691050.0,1630950.0,0.17001021,7.385724,225,0
atitlan,2026-02-12,691350.0,1630950.0,0.19954799,8.853018,225,0
atitlan,2026-02-12,691650.0,1630950.0,0.20119527,8.421931,225,0
atitlan,2026-02-12,691950.0,1630950.0,0.20974988,9.46388,225,0
atitlan,2026-02-12,692250.0,1630950.0,0.18019511,8.16329,225,0
atitlan,2026-02-12,692550.0,1630950.0,0.1670481,7.3545833,225,0
atitlan,2026-02-12,692850.0,1630950.0,0.14781578,7.453921,225,0
atitlan,2026-02-12,693150.0,1630950.0,0.17905587,9.667695,225,0
atitlan,2026-02-12,693450.0,1630950.0,0.15848029,8.2907,225,0
atitlan,2026-02-12,693750.0,1630950.0,0.1923927,8.420914,225,0
atitlan,2026-02-12,694050.0,1630950.0,0.20183958,9.009891,225,0
atitlan,2026-02-12,694350.0,1630950.0,0.1945776,8.179275,225,0
atitlan,2026-02-12,694650.0,1630950.0,0.2185035,9.627284,225,0
atitlan,2026-02-12,694950.0,1630950.0,0.2438856,11.015277,225,0
atitlan,2026-02-12,695250.0,1630950.0,0.18588585,7.8020544,225,0
atitlan,2026-02-12,695550.0,1630950.0,0.13236664,6.7761245,225,0
atitlan,2026-02-12,695850.0,1630950.0,0.09360122,5.357306,225,0
atitlan,2026-02-12,696150.0,1630950.0,0.1231294,5.792022,225,0
atitlan,2026-02-12,696450.0,1630950.0,0.1779811,7.916213,225,0
atitlan,2026-02-12,696750.0,1630950.0,0.031440742,3.8546913,225,0
atitlan,2026-02-12,697050.0,1630950.0,-0.0710348,1.498062,225,0
atitlan,2026-02-12,697350.0,1630950.0,-0.06924839,1.592366,225,0
atitlan,2026-02-12,697650.0,1630950.0,0.030325448,4.102242,225,0
atitlan,2026-02-12,697950.0,1630950.0,0.1879216,8.45577,225,0
atitlan,2026-02-12,698250.0,1630950.0,0.13744406,7.4332757,225,0
atitlan,2026-02-12,698550.0,1630950.0,0.07886919,5.994695,225,0
atitlan,2026-02-12,698850.0,1630950.0,0.057198036,4.984028,225,0
atitlan,2026-02-12,699150.0,1630950.0,0.060909715,4.748763,225,0
atitlan,2026-02-12,699450.0,1630950.0,0.11044018,5.9391975,225,0
atitlan,2026-02-12,699750.0,1630950.0,0.19951957,8.473202,225,0
atitlan,2026-02-12,700050.0,1630950.0,0.2269926,10.775672,225,0
atitlan,2026-02-12,700350.0,1630950.0,0.21648723,11.728177,225,0
atitlan,2026-02-12,700650.0,1630950.0,0.14844608,9.214164,225,0
atitlan,2026-02-12,700950.0,1630950.0,0.07123699,5.7473216,225,0
atitlan,2026-02-12,701250.0,1630950.0,0.10663406,6.445231,225,0
atitlan,2026-02-12,701550.0,1630950.0,0.17816466,9.53318,225,0
atitlan,2026-02-12,701850.0,1630950.0,0.17123842,9.349721,225,0
atitlan,2026-02-12,702150.0,1630950.0,0.16466519,8.389888,225,0
atitlan,2026-02-12,702450.0,1630950.0,0.19411114,9.332977,225,0
atitlan,2026-02-12,702750.0,1630950.0,0.13937473,7.6633224,225,0
atitlan,2026-02-12,703050.0,1630950.0,0.08774302,5.314868,225,0
atitlan,2026-02-12,703350.0,1630950.0,0.08807215,5.341028,225,0
atitlan,2026-02-12,703650.0,1630950.0,0.17459685,9.646833,225,0
atitlan,2026-02-12,703950.0,1630950.0,0.24847189,12.599483,225,1
atitlan,2026-02-12,704250.0,1630950.0,0.2529355,12.971829,225,1
atitlan,2026-02-12,704550.0,1630950.0,0.19264922,9.797726,225,0
atitlan,2026-02-12,704850.0,1630950.0,0.23736781,12.160238,225,1
atitlan,2026-02-12,705150.0,1630950.0,0.22375992,12.297011,225,1
atitlan,2026-02-12,705450.0,1630950.0,0.2333956,12.328392,225,1
atitlan,2026-02-12,705750.0,1630950.0,0.26366872,14.341956,225,1
atitlan,2026-02-12,706050.0,1630950.0,0.27154192,14.781617,225,1
atitlan,2026-02-12,706350.0,1630950.0,0.23132315,10.949586,225,0
atitlan,2026-02-12,706650.0,1630950.0,0.1840244,8.789605,225,0
atitlan,2026-02-12,706950.0,1630950.0,0.2025763,10.950696,225,0
atitlan,2026-02-12,707250.0,1630950.0,0.24805231,11.937785,225,0
atitlan,2026-02-12,707550.0,1630950.0,0.17361654,8.22306,225,0
atitlan,2026-02-12,707850.0,1630950.0,0.1498825,7.6873364,45,0
atitlan,2026-02-12,680250.0,1631250.0,0.29794088,18.755688,180,1
atitlan,2026-02-12,680550.0,1631250.0,0.28512156,16.857038,225,1
atitlan,2026-02-12,680850.0,1631250.0,0.30523875,18.307072,225,1
atitlan,2026-02-12,681150.0,1631250.0,0.3016849,19.010489,225,1
atitlan,2026-02-12,681450.0,1631250.0,0.29558143,17.328157,225,1
atitlan,2026-02-12,681750.0,1631250.0,0.2987795,17.75544,225,1
atitlan,2026-02-12,682050.0,1631250.0,0.28246742,15.069986,225,1
atitlan,2026-02-12,682350.0,1631250.0,0.32692614,23.016602,225,1
atitlan,2026-02-12,682650.0,1631250.0,0.33740762,23.481077,225,1
atitlan,2026-02-12,682950.0,1631250.0,0.3524157,26.77357,225,1
atitlan,2026-02-12,683250.0,1631250.0,0.34545112,25.721725,225,1
atitlan,2026-02-12,683550.0,1631250.0,0.29646102,19.17627,225,1
atitlan,2026-02-12,683850.0,1631250.0,0.31046122,19.39891,225,1
atitlan,2026-02-12,684150.0,1631250.0,0.30269408,18.293081,225,1
atitlan,2026-02-12,684450.0,1631250.0,0.30692518,19.984219,225,1
atitlan,2026-02-12,684750.0,1631250.0,0.25725853,16.34418,225,1
atitlan,2026-02-12,685050.0,1631250.0,0.30223,18.334074,225,1
atitlan,2026-02-12,685350.0,1631250.0,0.3637148,29.0818,225,1
atitlan,2026-02-12,685650.0,1631250.0,0.3309185,22.861841,225,1
atitlan,2026-02-12,685950.0,1631250.0,0.30649695,18.80262,225,1
atitlan,2026-02-12,686250.0,1631250.0,0.30833042,19.557926,225,1
atitlan,2026-02-12,686550.0,1631250.0,0.27127054,16.728937,225,1
atitlan,2026-02-12,686850.0,1631250.0,0.27947345,16.956572,225,1
atitlan,2026-02-12,687150.0,1631250.0,0.25802988,13.431464,225,1
atitlan,2026-02-12,687450.0,1631250.0,0.27207634,14.636035,225,1
atitlan,2026-02-12,687750.0,1631250.0,0.29688898,18.205273,225,1
atitlan,2026-02-12,688050.0,1631250.0,0.2761098,16.186756,225,1
atitlan,2026-02-12,688350.0,1631250.0,0.18820776,11.119055,225,0
atitlan,2026-02-12,688650.0,1631250.0,0.25365615,14.437761,225,1
atitlan,2026-02-12,688950.0,1631250.0,0.23151775,12.828093,225,1
atitlan,2026-02-12,689250.0,1631250.0,0.23540369,10.87568,225,0
atitlan,2026-02-12,689550.0,1631250.0,0.2571689,13.369833,225,1
atitlan,2026-02-12,689850.0,1631250.0,0.2746006,15.5954485,225,1
atitlan,2026-02-12,690150.0,1631250.0,0.2523675,14.932305,225,1
atitlan,2026-02-12,690450.0,1631250.0,0.20392893,10.815049,225,0
atitlan,2026-02-12,690750.0,1631250.0,0.215319,10.817886,225,0
atitlan,2026-02-12,691050.0,1631250.0,0.19825903,8.391364,225,0
atitlan,2026-02-12,691350.0,1631250.0,0.20289098,8.712563,225,0
atitlan,2026-02-12,691650.0,1631250.0,0.21369284,9.363472,225,0
atitlan,2026-02-12,691950.0,1631250.0,0.19654879,8.523253,225,0
atitlan,2026-02-12,692250.0,1631250.0,0.21065259,9.783892,225,0
atitlan,2026-02-12,692550.0,1631250.0,0.23768489,11.656229,225,0
atitlan,2026-02-12,692850.0,1631250.0,0.20185067,9.06177,225,0
atitlan,2026-02-12,693150.0,1631250.0,0.22045341,10.745332,225,0
atitlan,2026-02-12,693450.0,1631250.0,0.18413348,9.06047,225,0
atitlan,2026-02-12,693750.0,1631250.0,0.2149333,10.599214,225,0
atitlan,2026-02-12,694050.0,1631250.0,0.21391757,9.627672,225,0
atitlan,2026-02-12,694350.0,1631250.0,0.21032195,9.804057,225,0
atitlan,2026-02-12,694650.0,1631250.0,0.2431162,12.34003,225,1
atitlan,2026-02-12,694950.0,1631250.0,0.24411283,11.57805,225,0
atitlan,2026-02-12,695250.0,1631250.0,0.24700284,11.462314,225,0
atitlan,2026-02-12,695550.0,1631250.0,0.18271527,9.693215,225,0
atitlan,2026-02-12,695850.0,1631250.0,0.08946424,5.0796204,225,0
atitlan,2026-02-12,696150.0,1631250.0,0.19424562,9.533492,225,0
atitlan,2026-02-12,696450.0,1631250.0,0.21722391,9.566445,225,0
atitlan,2026-02-12,696750.0,1631250.0,0.14741552,7.0698843,225,0
atitlan,2026-02-12,697050.0,1631250.0,0.09670875,6.91779,225,0
atitlan,2026-02-12,697350.0,1631250.0,0.15825878,10.615026,225,0
atitlan,2026-02-12,697650.0,1631250.0,0.17892769,9.554985,225,0
atitlan,2026-02-12,697950.0,1631250.0,0.21107271,9.108314,225,0
atitlan,2026-02-12,698250.0,1631250.0,0.17132843,7.1186814,225,0
atitlan,2026-02-12,698550.0,1631250.0,0.1449009,7.4938564,225,0
atitlan,2026-02-12,698850.0,1631250.0,0.13588113,7.420433,225,0
atitlan,2026-02-12,699150.0,1631250.0,0.09395501,6.082802,225,0
atitlan,2026-02-12,699450.0,1631250.0,0.085334525,5.412416,225,0
atitlan,2026-02-12,699750.0,1631250.0,0.17565171,8.063108,225,0
atitlan,2026-02-12,700050.0,1631250.0,0.20021649,9.718331,225,0
atitlan,2026-02-12,700350.0,1631250.0,0.2260959,11.758703,225,0
atitlan,2026-02-12,700650.0,1631250.0,0.16510928,9.669094,225,0
atitlan,2026-02-12,700950.0,1631250.0,0.10364427,6.6293626,225,0
atitlan,2026-02-12,701250.0,1631250.0,0.08409301,5.618622,225,0
atitlan,2026-02-12,701550.0,1631250.0,0.1833169,8.843914,225,0
atitlan,2026-02-12,701850.0,1631250.0,0.24164149,12.080989,225,1
atitlan,2026-02-12,702150.0,1631250.0,0.19257757,10.058543,225,0
atitlan,2026-02-12,702450.0,1631250.0,0.19663723,10.01367,225,0
atitlan,2026-02-12,702750.0,1631250.0,0.15388404,8.036609,225,0
atitlan,2026-02-12,703050.0,1631250.0,0.14204389,7.8413916,225,0
atitlan,2026-02-12,703350.0,1631250.0,0.09174031,5.33436,225,0
atitlan,2026-02-12,703650.0,1631250.0,0.15189287,8.221136,225,0
atitlan,2026-02-12,703950.0,1631250.0,0.19876814,10.275976,225,0
atitlan,2026-02-12,704250.0,1631250.0,0.21164897,10.329527,225,0
atitlan,2026-02-12,704550.0,1631250.0,0.21686329,10.206149,225,0
atitlan,2026-02-12,704850.0,1631250.0,0.2312383,11.450967,225,0
atitlan,2026-02-12,705150.0,1631250.0,0.20418784,10.705975,225,0
atitlan,2026-02-12,705450.0,1631250.0,0.2043241,10.92806,225,0
atitlan,2026-02-12,705750.0,1631250.0,0.21133308,11.740749,225,0
atitlan,2026-02-12,706050.0,1631250.0,0.21228273,11.218938,225,0
atitlan,2026-02-12,706350.0,1631250.0,0.23104887,12.8644285,225,1
atitlan,2026-02-12,706650.0,1631250.0,0.22585028,13.139106,225,1
atitlan,2026-02-12,706950.0,1631250.0,0.1897686,10.262477,225,0
atitlan,2026-02-12,707250.0,1631250.0,0.21967924,10.7202015,225,0
atitlan,2026-02-12,707550.0,1631250.0,0.18896878,9.854648,225,0
atitlan,2026-02-12,707850.0,1631250.0,0.12404789,7.7083335,45,0
atitlan,2026-02-12,680250.0,1631550.0,0.26801848,16.750025,168,1
atitlan,2026-02-12,680550.0,1631550.0,0.30636585,18.79325,210,1
atitlan,2026-02-12,680850.0,1631550.0,0.30921137,18.47996,210,1
atitlan,2026-02-12,681150.0,1631550.0,0.27538544,15.829248,210,1
atitlan,2026-02-12,681450.0,1631550.0,0.28944883,16.538033,210,1
atitlan,2026-02-12,681750.0,1631550.0,0.31495354,19.865553,210,1
atitlan,2026-02-12,682050.0,1631550.0,0.30110282,19.82559,210,1
atitlan,2026-02-12,682350.0,1631550.0,0.3219186,20.513456,210,1
atitlan,2026-02-12,682650.0,1631550.0,0.31485876,21.514465,210,1
atitlan,2026-02-12,682950.0,1631550.0,0.33904073,23.781513,210,1
atitlan,2026-02-12,683250.0,1631550.0,0.26327252,16.448738,210,1
atitlan,2026-02-12,683550.0,1631550.0,0.19930948,12.483289,210,1
atitlan,2026-02-12,683850.0,1631550.0,0.2463676,13.594163,210,1
atitlan,2026-02-12,684150.0,1631550.0,0.24944288,13.131041,210,1
atitlan,2026-02-12,684450.0,1631550.0,0.31152466,20.650478,210,1
atitlan,2026-02-12,684750.0,1631550.0,0.30907086,19.103073,210,1
atitlan,2026-02-12,685050.0,1631550.0,0.32153824,21.07015,210,1
atitlan,2026-02-12,685350.0,1631550.0,0.34611937,24.554296,210,1
atitlan,2026-02-12,685650.0,1631550.0,0.34434754,24.354574,210,1
atitlan,2026-02-12,685950.0,1631550.0,0.36112896,28.754807,210,1
atitlan,2026-02-12,686250.0,1631550.0,0.3442457,25.593771,210,1
atitlan,2026-02-12,686550.0,1631550.0,0.29513752,18.000544,210,1
atitlan,2026-02-12,686850.0,1631550.0,0.26569164,14.756946,210,1
atitlan,2026-02-12,687150.0,1631550.0,0.26566464,14.518905,210,1
atitlan,2026-02-12,687450.0,1631550.0,0.26725742,15.681153,210,1
atitlan,2026-02-12,687750.0,1631550.0,0.28868142,17.240625,210,1
atitlan,2026-02-12,688050.0,1631550.0,0.2687384,15.853846,210,1
atitlan,2026-02-12,688350.0,1631550.0,0.26385477,15.879565,210,1
atitlan,2026-02-12,688650.0,1631550.0,0.24213913,12.365231,210,1
atitlan,2026-02-12,688950.0,1631550.0,0.24553406,13.294412,210,1
atitlan,2026-02-12,689250.0,1631550.0,0.2424206,11.565946,210,0
atitlan,2026-02-12,689550.0,1631550.0,0.271178,14.211595,210,1
atitlan,2026-02-12,689850.0,1631550.0,0.30218214,17.672092,210,1
atitlan,2026-02-12,690150.0,1631550.0,0.30747727,18.05411,210,1
atitlan,2026-02-12,690450.0,1631550.0,0.28411523,16.203545,210,1
atitlan,2026-02-12,690750.0,1631550.0,0.280185,15.955578,210,1
atitlan,2026-02-12,691050.0,1631550.0,0.23076117,11.044536,210,0
atitlan,2026-02-12,691350.0,1631550.0,0.1699425,7.6143675,210,0
atitlan,2026-02-12,691650.0,1631550.0,0.21129982,9.48814,210,0
atitlan,2026-02-12,691950.0,1631550.0,0.22314587,10.017622,210,0
atitlan,2026-02-12,692250.0,1631550.0,0.22960556,12.419133,210,1
atitlan,2026-02-12,692550.0,1631550.0,0.19609939,9.197076,210,0
atitlan,2026-02-12,692850.0,1631550.0,0.19897132,9.249664,210,0
atitlan,2026-02-12,693150.0,1631550.0,0.19403444,8.75664,210,0
atitlan,2026-02-12,693450.0,1631550.0,0.1822206,8.018308,210,0
atitlan,2026-02-12,693750.0,1631550.0,0.19290844,10.068945,210,0
atitlan,2026-02-12,694050.0,1631550.0,0.21022779,10.303033,210,0
atitlan,2026-02-12,694350.0,1631550.0,0.18097006,10.002351,210,0
atitlan,2026-02-12,694650.0,1631550.0,0.23611717,10.794189,210,0
atitlan,2026-02-12,694950.0,1631550.0,0.25277314,11.924328,210,0
atitlan,2026-02-12,695250.0,1631550.0,0.25275585,11.681543,210,0
atitlan,2026-02-12,695550.0,1631550.0,0.10327139,6.231183,210,0
atitlan,2026-02-12,695850.0,1631550.0,0.13136011,6.776238,210,0
atitlan,2026-02-12,696150.0,1631550.0,0.22883716,10.046885,210,0
atitlan,2026-02-12,696450.0,1631550.0,0.22159678,10.259213,210,0
atitlan,2026-02-12,696750.0,1631550.0,0.08399086,5.901567,210,0
atitlan,2026-02-12,697050.0,1631550.0,0.17518157,8.023452,210,0
atitlan,2026-02-12,697350.0,1631550.0,0.24404766,13.450781,210,1
atitlan,2026-02-12,697650.0,1631550.0,0.19087604,10.689763,210,0
atitlan,2026-02-12,697950.0,1631550.0,0.22987285,9.811639,210,0
atitlan,2026-02-12,698250.0,1631550.0,0.24305062,10.862207,210,0
atitlan,2026-02-12,698550.0,1631550.0,0.18207401,7.343963,210,0
atitlan,2026-02-12,698850.0,1631550.0,0.21920626,9.684043,210,0
atitlan,2026-02-12,699150.0,1631550.0,0.18172503,8.964477,210,0
atitlan,2026-02-12,699450.0,1631550.0,0.100571014,6.6571336,210,0
atitlan,2026-02-12,699750.0,1631550.0,0.1291803,7.039655,210,0
atitlan,2026-02-12,700050.0,1631550.0,0.17488913,7.5380754,210,0
atitlan,2026-02-12,700350.0,1631550.0,0.22366348,10.534263,210,0
atitlan,2026-02-12,700650.0,1631550.0,0.20446298,10.238386,210,0
atitlan,2026-02-12,700950.0,1631550.0,0.18391454,9.789002,210,0
atitlan,2026-02-12,701250.0,1631550.0,0.1670079,8.633769,210,0
atitlan,2026-02-12,701550.0,1631550.0,0.20470057,9.964103,210,0
atitlan,2026-02-12,701850.0,1631550.0,0.19601592,10.268407,210,0
atitlan,2026-02-12,702150.0,1631550.0,0.21668449,10.681576,210,0
atitlan,2026-02-12,702450.0,1631550.0,0.24138884,11.082859,210,0
atitlan,2026-02-12,702750.0,1631550.0,0.14060216,7.3933287,210,0
atitlan,2026-02-12,703050.0,1631550.0,0.106724955,6.3286242,210,0
atitlan,2026-02-12,703350.0,1631550.0,0.11825216,7.139674,210,0
atitlan,2026-02-12,703650.0,1631550.0,0.12177935,7.055215,210,0
atitlan,2026-02-12,703950.0,1631550.0,0.24447514,11.9434395,210,0
atitlan,2026-02-12,704250.0,1631550.0,0.24054454,12.340067,210,1
atitlan,2026-02-12,704550.0,1631550.0,0.21435674,10.738622,210,0
atitlan,2026-02-12,704850.0,1631550.0,0.20565876,10.435652,210,0
atitlan,2026-02-12,705150.0,1631550.0,0.22753385,11.806737,210,0
atitlan,2026-02-12,705450.0,1631550.0,0.11411022,7.064059,210,0
atitlan,2026-02-12,705750.0,1631550.0,0.107798815,7.104856,210,0
atitlan,2026-02-12,706050.0,1631550.0,0.18541452,11.033183,210,0
atitlan,2026-02-12,706350.0,1631550.0,0.25620407,14.311131,210,1
atitlan,2026-02-12,706650.0,1631550.0,0.21564816,12.429704,210,1
atitlan,2026-02-12,706950.0,1631550.0,0.20708416,9.602348,210,0
atitlan,2026-02-12,707250.0,1631550.0,0.18910998,8.837053,210,0
atitlan,2026-02-12,707550.0,1631550.0,0.20982353,10.993902,210,0
atitlan,2026-02-12,707850.0,1631550.0,0.18249762,10.182366,42,0
