lago,fecha,x,y,ndci,chl_a_estimada,pixeles_validos,alta_cianobacteria
atitlan,2026-07-22,680250.0,1614150.0,0.2947811,18.244923,84,1
atitlan,2026-07-22,680550.0,1614150.0,0.2302979,10.556418,105,0
atitlan,2026-07-22,680850.0,1614150.0,0.108562246,5.3948126,105,0
atitlan,2026-07-22,681150.0,1614150.0,0.056953486,4.549407,105,0
atitlan,2026-07-22,681450.0,1614150.0,-0.0017871346,3.9531846,105,0
atitlan,2026-07-22,681750.0,1614150.0,0.021415532,4.3441424,105,0
atitlan,2026-07-22,682050.0,1614150.0,0.09989708,5.571758,105,0
atitlan,2026-07-22,682350.0,1614150.0,0.2223621,11.414144,105,0
atitlan,2026-07-22,682650.0,1614150.0,0.2894686,15.395342,105,1
atitlan,2026-07-22,682950.0,1614150.0,0.24360782,10.739628,105,0
atitlan,2026-07-22,683250.0,1614150.0,0.26407942,12.537709,105,1
atitlan,2026-07-22,683550.0,1614150.0,0.19276522,9.140268,105,0
atitlan,2026-07-22,683850.0,1614150.0,0.08223468,5.8784637,105,0
atitlan,2026-07-22,684150.0,1614150.0,0.013096094,3.8882158,105,0
atitlan,2026-07-22,684450.0,1614150.0,-0.00041831413,3.5523121,105,0
atitlan,2026-07-22,684750.0,1614150.0,-0.0108020045,3.6109521,105,0
atitlan,2026-07-22,685050.0,1614150.0,-0.002215619,3.7270856,105,0
atitlan,2026-07-22,685350.0,1614150.0,0.045506403,4.545647,105,0
atitlan,2026-07-22,685650.0,1614150.0,0.18694074,9.780272,105,0
atitlan,2026-07-22,685950.0,1614150.0,0.10319787,5.6194086,105,0
atitlan,2026-07-22,686250.0,1614150.0,0.05596796,5.110189,105,0
atitlan,2026-07-22,686550.0,1614150.0,0.3125174,18.36899,105,1
atitlan,2026-07-22,686850.0,1614150.0,0.31722847,19.367813,105,1
atitlan,2026-07-22,687150.0,1614150.0,0.3203883,19.676395,105,1
atitlan,2026-07-22,687450.0,1614150.0,0.31444085,18.861616,105,1
atitlan,2026-07-22,687750.0,1614150.0,0.28320196,16.349115,105,1
atitlan,2026-07-22,688050.0,1614150.0,0.22962117,12.25525,105,1
atitlan,2026-07-22,688350.0,1614150.0,0.15841499,8.288255,105,0
atitlan,2026-07-22,688650.0,1614150.0,0.15564783,7.2920456,105,0
atitlan,2026-07-22,688950.0,1614150.0,0.22035067,11.676566,105,0
atitlan,2026-07-22,689250.0,1614150.0,0.31053862,20.216475,105,1
atitlan,2026-07-22,689550.0,1614150.0,0.31386152,19.023247,105,1
atitlan,2026-07-22,689850.0,1614150.0,0.1055463,7.248728,105,0
atitlan,2026-07-22,690150.0,1614150.0,0.020845981,4.3154106,105,0
atitlan,2026-07-22,690450.0,1614150.0,0.030760217,4.435777,105,0
atitlan,2026-07-22,690750.0,1614150.0,0.08834438,5.605835,105,0
atitlan,2026-07-22,691050.0,1614150.0,0.05242388,5.000994,105,0
atitlan,2026-07-22,691350.0,1614150.0,0.005803354,4.136694,105,0
atitlan,2026-07-22,691650.0,1614150.0,0.18716207,9.930616,105,0
atitlan,2026-07-22,691950.0,1614150.0,0.33870152,22.872952,105,1
atitlan,2026-07-22,692250.0,1614150.0,0.36033702,26.952976,105,1
atitlan,2026-07-22,692550.0,1614150.0,0.35874042,26.704538,105,1
atitlan,2026-07-22,692850.0,1614150.0,0.36873046,28.873734,105,1
atitlan,2026-07-22,693150.0,1614150.0,0.36000028,27.16698,105,1
atitlan,2026-07-22,693450.0,1614150.0,0.37311825,30.21319,105,1
atitlan,2026-07-22,693750.0,1614150.0,0.37306428,30.36785,105,1
atitlan,2026-07-22,694050.0,1614150.0,0.3763136,30.639225,105,1
atitlan,2026-07-22,694350.0,1614150.0,0.37782192,31.268143,105,1
atitlan,2026-07-22,694650.0,1614150.0,0.3576832,27.063564,105,1
atitlan,2026-07-22,694950.0,1614150.0,0.3507233,27.211561,105,1
atitlan,2026-07-22,695250.0,1614150.0,0.34274638,23.800451,105,1
atitlan,2026-07-22,695550.0,1614150.0,0.37238878,30.0476,105,1
atitlan,2026-07-22,695850.0,1614150.0,0.38467452,32.850513,105,1
atitlan,2026-07-22,696150.0,1614150.0,0.38386035,33.084435,105,1
atitlan,2026-07-22,696450.0,1614150.0,0.3867372,33.725063,105,1
atitlan,2026-07-22,696750.0,1614150.0,0.4103561,39.952843,105,1
atitlan,2026-07-22,697050.0,1614150.0,0.38632137,36.674484,105,1
atitlan,2026-07-22,697350.0,1614150.0,0.263166,15.728649,105,1
atitlan,2026-07-22,697650.0,1614150.0,0.29045108,17.517992,105,1
atitlan,2026-07-22,697950.0,1614150.0,0.2840249,15.910032,105,1
atitlan,2026-07-22,698250.0,1614150.0,0.30497155,19.637808,105,1
atitlan,2026-07-22,698550.0,1614150.0,0.33144745,24.29314,105,1
atitlan,2026-07-22,698850.0,1614150.0,0.32404122,22.301939,105,1
atitlan,2026-07-22,699150.0,1614150.0,0.32655033,22.740234,105,1
atitlan,2026-07-22,699450.0,1614150.0,0.29988325,18.471104,105,1
atitlan,2026-07-22,699750.0,1614150.0,0.2747614,15.2351265,105,1
atitlan,2026-07-22,700050.0,1614150.0,0.25165468,15.644052,105,1
atitlan,2026-07-22,700350.0,1614150.0,0.17323835,9.631153,105,0
atitlan,2026-07-22,700650.0,1614150.0,0.13151713,6.0802116,105,0
atitlan,2026-07-22,700950.0,1614150.0,0.12618105,5.96792,105,0
atitlan,2026-07-22,701250.0,1614150.0,0.23490195,13.180201,105,1
atitlan,2026-07-22,701550.0,1614150.0,0.1610509,7.4597917,105,0
atitlan,2026-07-22,701850.0,1614150.0,0.15795171,6.2594423,105,0
atitlan,2026-07-22,702150.0,1614150.0,0.2119696,8.447091,105,0
atitlan,2026-07-22,702450.0,1614150.0,0.30661944,18.041328,105,1
atitlan,2026-07-22,702750.0,1614150.0,0.32668516,21.433113,105,1
atitlan,2026-07-22,703050.0,1614150.0,0.35608643,26.760859,105,1
atitlan,2026-07-22,703350.0,1614150.0,0.36150762,27.267418,105,1
atitlan,2026-07-22,703650.0,1614150.0,0.32209197,21.493237,105,1
atitlan,2026-07-22,703950.0,1614150.0,0.3317687,22.030594,105,1
atitlan,2026-07-22,704250.0,1614150.0,0.32133695,21.714832,105,1
atitlan,2026-07-22,704550.0,1614150.0,0.26548114,14.752299,105,1
atitlan,2026-07-22,704850.0,1614150.0,0.3278939,21.085468,105,1
atitlan,2026-07-22,705150.0,1614150.0,0.28089085,17.546644,105,1
atitlan,2026-07-22,705450.0,1614150.0,0.17996876,7.0593624,105,0
atitlan,2026-07-22,705750.0,1614150.0,0.29836237,17.396389,105,1
atitlan,2026-07-22,706050.0,1614150.0,0.32269076,20.58657,105,1
atitlan,2026-07-22,706350.0,1614150.0,0.3179867,19.768887,105,1
atitlan,2026-07-22,706650.0,1614150.0,0.3156959,19.131104,105,1
atitlan,2026-07-22,706950.0,1614150.0,0.3371106,22.959675,105,1
atitlan,2026-07-22,707250.0,1614150.0,0.3474532,24.451096,105,1
atitlan,2026-07-22,707550.0,1614150.0,0.34767762,24.367155,105,1
atitlan,2026-07-22,707850.0,1614150.0,0.3473725,24.24403,21,1
atitlan,2026-07-22,680250.0,1614450.0,0.16081847,8.519159,180,0
atitlan,2026-07-22,680550.0,1614450.0,0.1922145,9.356511,225,0
atitlan,2026-07-22,680850.0,1614450.0,0.06299211,4.752968,225,0
atitlan,2026-07-22,681150.0,1614450.0,-0.00025401055,3.936913,225,0
atitlan,2026-07-22,681450.0,1614450.0,0.0037707384,4.056045,225,0
atitlan,2026-07-22,681750.0,1614450.0,0.044576127,4.776372,225,0
atitlan,2026-07-22,682050.0,1614450.0,0.0016382249,3.8895595,225,0
atitlan,2026-07-22,682350.0,1614450.0,0.03277887,4.585995,225,0
atitlan,2026-07-22,682650.0,1614450.0,0.20206217,9.783746,225,0
atitlan,2026-07-22,682950.0,1614450.0,0.1597564,7.4133453,225,0
atitlan,2026-07-22,683250.0,1614450.0,0.17337912,8.742593,225,0
atitlan,2026-07-22,683550.0,1614450.0,0.18116511,8.423461,225,0
atitlan,2026-07-22,683850.0,1614450.0,0.026463345,4.3742476,225,0
atitlan,2026-07-22,684150.0,1614450.0,-0.0034247863,3.8402119,225,0
atitlan,2026-07-22,684450.0,1614450.0,-0.0049347878,3.901194,225,0
atitlan,2026-07-22,684750.0,1614450.0,-0.00163921,3.9892457,225,0
atitlan,2026-07-22,685050.0,1614450.0,-0.0024425318,3.96106,225,0
atitlan,2026-07-22,685350.0,1614450.0,0.02286391,4.2397766,225,0
atitlan,2026-07-22,685650.0,1614450.0,0.15333098,8.180339,225,0
atitlan,2026-07-22,685950.0,1614450.0,0.15149578,8.338624,225,0
atitlan,2026-07-22,686250.0,1614450.0,0.26941055,15.595941,225,1
atitlan,2026-07-22,686550.0,1614450.0,0.30365703,17.161148,225,1
atitlan,2026-07-22,686850.0,1614450.0,0.30876118,17.803661,225,1
atitlan,2026-07-22,687150.0,1614450.0,0.31324723,18.439104,225,1
atitlan,2026-07-22,687450.0,1614450.0,0.29235592,16.12952,225,1
atitlan,2026-07-22,687750.0,1614450.0,0.22944707,12.366016,225,1
atitlan,2026-07-22,688050.0,1614450.0,0.07314403,5.522196,225,0
atitlan,2026-07-22,688350.0,1614450.0,0.065672405,4.9567056,225,0
atitlan,2026-07-22,688650.0,1614450.0,0.08613998,5.4674234,225,0
atitlan,2026-07-22,688950.0,1614450.0,0.24267164,13.202799,225,1
atitlan,2026-07-22,689250.0,1614450.0,0.2876827,18.22015,225,1
atitlan,2026-07-22,689550.0,1614450.0,0.2989232,19.37943,225,1
atitlan,2026-07-22,689850.0,1614450.0,0.2496015,16.926544,225,1
atitlan,2026-07-22,690150.0,1614450.0,0.10648258,7.512201,225,0
atitlan,2026-07-22,690450.0,1614450.0,0.12792525,6.864964,225,0
atitlan,2026-07-22,690750.0,1614450.0,0.084310226,5.4510646,225,0
atitlan,2026-07-22,691050.0,1614450.0,0.09171965,6.337169,225,0
atitlan,2026-07-22,691350.0,1614450.0,0.110264674,7.6993246,225,0
atitlan,2026-07-22,691650.0,1614450.0,0.24541993,14.131555,225,1
atitlan,2026-07-22,691950.0,1614450.0,0.3178057,21.405184,225,1
atitlan,2026-07-22,692250.0,1614450.0,0.3564481,27.106934,225,1
atitlan,2026-07-22,692550.0,1614450.0,0.36304533,27.897793,225,1
atitlan,2026-07-22,692850.0,1614450.0,0.36173227,27.361593,225,1
atitlan,2026-07-22,693150.0,1614450.0,0.37098375,29.517666,225,1
atitlan,2026-07-22,693450.0,1614450.0,0.39478892,35.39959,225,1
atitlan,2026-07-22,693750.0,1614450.0,0.37489247,30.556103,225,1
atitlan,2026-07-22,694050.0,1614450.0,0.36259332,27.678255,225,1
atitlan,2026-07-22,694350.0,1614450.0,0.3733405,29.892433,225,1
atitlan,2026-07-22,694650.0,1614450.0,0.3787953,31.523298,225,1
atitlan,2026-07-22,694950.0,1614450.0,0.34985396,26.757118,225,1
atitlan,2026-07-22,695250.0,1614450.0,0.32856768,21.31193,225,1
atitlan,2026-07-22,695550.0,1614450.0,0.36872438,29.075937,225,1
atitlan,2026-07-22,695850.0,1614450.0,0.37703526,30.95504,225,1
atitlan,2026-07-22,696150.0,1614450.0,0.4073661,39.218193,225,1
atitlan,2026-07-22,696450.0,1614450.0,0.38951114,34.221867,225,1
atitlan,2026-07-22,696750.0,1614450.0,0.3904826,35.778103,225,1
atitlan,2026-07-22,697050.0,1614450.0,0.3729592,33.340866,225,1
atitlan,2026-07-22,697350.0,1614450.0,0.34367353,26.936821,225,1
atitlan,2026-07-22,697650.0,1614450.0,0.34673664,26.701569,225,1
atitlan,2026-07-22,697950.0,1614450.0,0.3166908,21.83072,225,1
atitlan,2026-07-22,698250.0,1614450.0,0.27078485,15.720257,225,1
atitlan,2026-07-22,698550.0,1614450.0,0.27166668,15.186905,225,1
atitlan,2026-07-22,698850.0,1614450.0,0.27140823,15.042032,225,1
atitlan,2026-07-22,699150.0,1614450.0,0.27782288,15.3167515,225,1
atitlan,2026-07-22,699450.0,1614450.0,0.26998845,15.368947,225,1
atitlan,2026-07-22,699750.0,1614450.0,0.2511242,16.280993,225,1
atitlan,2026-07-22,700050.0,1614450.0,0.22331245,13.861923,225,1
atitlan,2026-07-22,700350.0,1614450.0,0.22699876,11.084884,225,0
atitlan,2026-07-22,700650.0,1614450.0,0.20708886,11.455646,225,0
atitlan,2026-07-22,700950.0,1614450.0,0.15340072,7.40473,225,0
atitlan,2026-07-22,701250.0,1614450.0,0.2433785,11.40223,225,0
atitlan,2026-07-22,701550.0,1614450.0,0.26126584,14.034634,225,1
atitlan,2026-07-22,701850.0,1614450.0,0.11804962,5.993645,225,0
atitlan,2026-07-22,702150.0,1614450.0,0.103151955,5.5192804,225,0
atitlan,2026-07-22,702450.0,1614450.0,0.17951198,8.110108,225,0
atitlan,2026-07-22,702750.0,1614450.0,0.21678114,11.952126,225,0
atitlan,2026-07-22,703050.0,1614450.0,0.3130328,21.385601,225,1
atitlan,2026-07-22,703350.0,1614450.0,0.35192975,25.642252,225,1
atitlan,2026-07-22,703650.0,1614450.0,0.33691004,24.787714,225,1
atitlan,2026-07-22,703950.0,1614450.0,0.3391355,23.712543,225,1
atitlan,2026-07-22,704250.0,1614450.0,0.363166,27.855833,225,1
atitlan,2026-07-22,704550.0,1614450.0,0.32929423,23.03226,225,1
atitlan,2026-07-22,704850.0,1614450.0,0.26703832,14.293169,225,1
atitlan,2026-07-22,705150.0,1614450.0,0.2001553,8.945418,225,0
atitlan,2026-07-22,705450.0,1614450.0,0.17468864,7.2217293,225,0
atitlan,2026-07-22,705750.0,1614450.0,0.30176136,17.638182,225,1
atitlan,2026-07-22,706050.0,1614450.0,0.3172199,19.145239,225,1
atitlan,2026-07-22,706350.0,1614450.0,0.30090195,17.435953,225,1
atitlan,2026-07-22,706650.0,1614450.0,0.31287166,19.084572,225,1
atitlan,2026-07-22,706950.0,1614450.0,0.33532512,22.254227,225,1
atitlan,2026-07-22,707250.0,1614450.0,0.3560864,26.119581,225,1
atitlan,2026-07-22,707550.0,1614450.0,0.3332269,21.991648,225,1
atitlan,2026-07-22,707850.0,1614450.0,0.31249797,18.583052,45,1
atitlan,2026-07-22,680250.0,1614750.0,0.033893958,4.3375344,180,0
atitlan,2026-07-22,680550.0,1614750.0,0.0017698426,3.9046397,225,0
atitlan,2026-07-22,680850.0,1614750.0,0.025272276,4.2781367,225,0
atitlan,2026-07-22,681150.0,1614750.0,0.06178899,5.1334124,225,0
atitlan,2026-07-22,681450.0,1614750.0,0.04665147,5.152593,225,0
atitlan,2026-07-22,681750.0,1614750.0,0.14561601,8.514912,225,0
atitlan,2026-07-22,682050.0,1614750.0,0.023158493,4.4952765,225,0
atitlan,2026-07-22,682350.0,1614750.0,0.02614903,5.0146394,225,0
atitlan,2026-07-22,682650.0,1614750.0,0.03200027,4.3448997,225,0
atitlan,2026-07-22,682950.0,1614750.0,0.07158552,5.380228,225,0
atitlan,2026-07-22,683250.0,1614750.0,0.1571207,8.002583,225,0
atitlan,2026-07-22,683550.0,1614750.0,0.17385745,8.870308,225,0
atitlan,2026-07-22,683850.0,1614750.0,0.16451928,10.031003,225,0
atitlan,2026-07-22,684150.0,1614750.0,0.12143769,6.6730657,225,0
atitlan,2026-07-22,684450.0,1614750.0,0.12447495,6.7242455,225,0
atitlan,2026-07-22,684750.0,1614750.0,0.04415225,4.683175,225,0
atitlan,2026-07-22,685050.0,1614750.0,0.04149357,4.6375856,225,0
atitlan,2026-07-22,685350.0,1614750.0,0.116315275,7.7858834,225,0
atitlan,2026-07-22,685650.0,1614750.0,0.27451307,14.672158,225,1
atitlan,2026-07-22,685950.0,1614750.0,0.30390292,17.318579,225,1
atitlan,2026-07-22,686250.0,1614750.0,0.30228728,16.99357,225,1
atitlan,2026-07-22,686550.0,1614750.0,0.30018654,16.885399,225,1
atitlan,2026-07-22,686850.0,1614750.0,0.30498946,17.28285,225,1
atitlan,2026-07-22,687150.0,1614750.0,0.32003638,19.43158,225,1
atitlan,2026-07-22,687450.0,1614750.0,0.29326093,16.353313,225,1
atitlan,2026-07-22,687750.0,1614750.0,0.17884275,8.209702,225,0
atitlan,2026-07-22,688050.0,1614750.0,0.04444442,4.7539873,225,0
atitlan,2026-07-22,688350.0,1614750.0,0.04445606,4.6537247,225,0
atitlan,2026-07-22,688650.0,1614750.0,0.026407678,4.403868,225,0
atitlan,2026-07-22,688950.0,1614750.0,0.27159455,15.956494,225,1
atitlan,2026-07-22,689250.0,1614750.0,0.27556828,16.359167,225,1
atitlan,2026-07-22,689550.0,1614750.0,0.3324923,23.087198,225,1
atitlan,2026-07-22,689850.0,1614750.0,0.33890453,24.959997,225,1
atitlan,2026-07-22,690150.0,1614750.0,0.30260488,20.204233,225,1
atitlan,2026-07-22,690450.0,1614750.0,0.22684877,10.965975,225,0
atitlan,2026-07-22,690750.0,1614750.0,0.25879517,13.976739,225,1
atitlan,2026-07-22,691050.0,1614750.0,0.33627483,25.481916,225,1
atitlan,2026-07-22,691350.0,1614750.0,0.3250994,22.221363,225,1
atitlan,2026-07-22,691650.0,1614750.0,0.34012523,24.447174,225,1
atitlan,2026-07-22,691950.0,1614750.0,0.31343094,21.50432,225,1
atitlan,2026-07-22,692250.0,1614750.0,0.35317853,26.701427,225,1
atitlan,2026-07-22,692550.0,1614750.0,0.36276415,28.012817,225,1
atitlan,2026-07-22,692850.0,1614750.0,0.36198196,28.051449,225,1
atitlan,2026-07-22,693150.0,1614750.0,0.3705049,29.487553,225,1
atitlan,2026-07-22,693450.0,1614750.0,0.37676904,30.88136,225,1
atitlan,2026-07-22,693750.0,1614750.0,0.3750621,30.50142,225,1
atitlan,2026-07-22,694050.0,1614750.0,0.36891907,29.055063,225,1
atitlan,2026-07-22,694350.0,1614750.0,0.36720517,28.486986,225,1
atitlan,2026-07-22,694650.0,1614750.0,0.37584662,30.479067,225,1
atitlan,2026-07-22,694950.0,1614750.0,0.37931404,31.41247,225,1
atitlan,2026-07-22,695250.0,1614750.0,0.3735523,30.198288,225,1
atitlan,2026-07-22,695550.0,1614750.0,0.37307024,29.811666,225,1
atitlan,2026-07-22,695850.0,1614750.0,0.38359112,32.66432,225,1
atitlan,2026-07-22,696150.0,1614750.0,0.40282,37.73654,225,1
atitlan,2026-07-22,696450.0,1614750.0,0.39842653,36.39067,225,1
atitlan,2026-07-22,696750.0,1614750.0,0.3966478,36.504852,225,1
atitlan,2026-07-22,697050.0,1614750.0,0.3679204,32.333378,225,1
atitlan,2026-07-22,697350.0,1614750.0,0.33620414,26.261044,225,1
atitlan,2026-07-22,697650.0,1614750.0,0.35440356,27.020782,225,1
atitlan,2026-07-22,697950.0,1614750.0,0.32782254,22.325665,225,1
atitlan,2026-07-22,698250.0,1614750.0,0.3222052,21.233362,225,1
atitlan,2026-07-22,698550.0,1614750.0,0.29288533,17.185057,225,1
atitlan,2026-07-22,698850.0,1614750.0,0.25327614,13.718862,225,1
atitlan,2026-07-22,699150.0,1614750.0,0.26719722,14.653724,225,1
atitlan,2026-07-22,699450.0,1614750.0,0.2515873,13.174269,225,1
atitlan,2026-07-22,699750.0,1614750.0,0.25232354,12.998288,225,1
atitlan,2026-07-22,700050.0,1614750.0,0.28300476,15.205282,225,1
atitlan,2026-07-22,700350.0,1614750.0,0.28333429,15.411206,225,1
atitlan,2026-07-22,700650.0,1614750.0,0.30060095,18.54395,225,1
atitlan,2026-07-22,700950.0,1614750.0,0.24866697,13.7153425,225,1
atitlan,2026-07-22,701250.0,1614750.0,0.2308571,11.594903,225,0
atitlan,2026-07-22,701550.0,1614750.0,0.11745992,6.7596245,225,0
atitlan,2026-07-22,701850.0,1614750.0,0.086645305,6.7877555,225,0
atitlan,2026-07-22,702150.0,1614750.0,0.21996212,13.781346,225,1
atitlan,2026-07-22,702450.0,1614750.0,0.13719772,6.4436502,225,0
atitlan,2026-07-22,702750.0,1614750.0,0.08520672,4.932977,225,0
atitlan,2026-07-22,703050.0,1614750.0,0.17638752,8.654788,225,0
atitlan,2026-07-22,703350.0,1614750.0,0.36153847,27.773348,225,1
atitlan,2026-07-22,703650.0,1614750.0,0.3443365,25.271015,225,1
atitlan,2026-07-22,703950.0,1614750.0,0.3230458,21.695078,225,1
atitlan,2026-07-22,704250.0,1614750.0,0.34914437,24.77735,225,1
atitlan,2026-07-22,704550.0,1614750.0,0.34895846,25.393166,225,1
atitlan,2026-07-22,704850.0,1614750.0,0.3081054,18.659569,225,1
atitlan,2026-07-22,705150.0,1614750.0,0.31072775,19.81252,225,1
atitlan,2026-07-22,705450.0,1614750.0,0.29081023,15.744219,225,1
atitlan,2026-07-22,705750.0,1614750.0,0.34561348,24.154812,225,1
atitlan,2026-07-22,706050.0,1614750.0,0.34416455,23.986214,225,1
atitlan,2026-07-22,706350.0,1614750.0,0.33325237,22.016556,225,1
atitlan,2026-07-22,706650.0,1614750.0,0.34585303,24.31018,225,1
atitlan,2026-07-22,706950.0,1614750.0,0.3507169,25.078066,225,1
atitlan,2026-07-22,707250.0,1614750.0,0.33361253,22.336452,225,1
atitlan,2026-07-22,707550.0,1614750.0,0.30970687,18.79499,225,1
atitlan,2026-07-22,707850.0,1614750.0,0.32526675,20.391615,45,1
atitlan,2026-07-22,680250.0,1615050.0,0.09991126,5.915328,180,0
atitlan,2026-07-22,680550.0,1615050.0,0.035180323,5.339403,225,0
atitlan,2026-07-22,680850.0,1615050.0,0.014245148,4.2047315,225,0
atitlan,2026-07-22,681150.0,1615050.0,0.024524909,4.2494025,225,0
atitlan,2026-07-22,681450.0,1615050.0,0.09994629,6.0995235,225,0
atitlan,2026-07-22,681750.0,1615050.0,0.16881366,8.755755,225,0
atitlan,2026-07-22,682050.0,1615050.0,0.11093578,6.1178894,225,0
atitlan,2026-07-22,682350.0,1615050.0,0.116343506,6.680483,225,0
atitlan,2026-07-22,682650.0,1615050.0,0.049044956,5.3026953,225,0
atitlan,2026-07-22,682950.0,1615050.0,0.033751972,4.618346,225,0
atitlan,2026-07-22,683250.0,1615050.0,0.1761281,8.446027,225,0
atitlan,2026-07-22,683550.0,1615050.0,0.05777209,4.8557706,225,0
atitlan,2026-07-22,683850.0,1615050.0,0.17444831,8.307482,225,0
atitlan,2026-07-22,684150.0,1615050.0,0.21750769,9.994072,225,0
atitlan,2026-07-22,684450.0,1615050.0,0.1637419,7.86152,225,0
atitlan,2026-07-22,684750.0,1615050.0,0.08260308,5.152402,225,0
atitlan,2026-07-22,685050.0,1615050.0,0.037036527,4.6769376,225,0
atitlan,2026-07-22,685350.0,1615050.0,0.27862927,15.356204,225,1
atitlan,2026-07-22,685650.0,1615050.0,0.31056282,18.07876,225,1
atitlan,2026-07-22,685950.0,1615050.0,0.3012264,16.845524,225,1
atitlan,2026-07-22,686250.0,1615050.0,0.30817434,17.843187,225,1
atitlan,2026-07-22,686550.0,1615050.0,0.2973179,16.335861,225,1
atitlan,2026-07-22,686850.0,1615050.0,0.30617186,17.45839,225,1
atitlan,2026-07-22,687150.0,1615050.0,0.32586983,20.547205,225,1
atitlan,2026-07-22,687450.0,1615050.0,0.29629055,16.62932,225,1
atitlan,2026-07-22,687750.0,1615050.0,0.13466667,6.916597,225,0
atitlan,2026-07-22,688050.0,1615050.0,0.16346428,7.844427,225,0
atitlan,2026-07-22,688350.0,1615050.0,0.07388107,5.082571,225,0
atitlan,2026-07-22,688650.0,1615050.0,0.06408862,4.8620944,225,0
atitlan,2026-07-22,688950.0,1615050.0,0.17128615,12.189346,225,1
atitlan,2026-07-22,689250.0,1615050.0,0.34853116,26.079237,225,1
atitlan,2026-07-22,689550.0,1615050.0,0.34389302,25.055658,225,1
atitlan,2026-07-22,689850.0,1615050.0,0.34669855,25.72693,225,1
atitlan,2026-07-22,690150.0,1615050.0,0.23492604,11.782299,225,0
atitlan,2026-07-22,690450.0,1615050.0,0.28858915,16.180744,225,1
atitlan,2026-07-22,690750.0,1615050.0,0.2944771,17.11181,225,1
atitlan,2026-07-22,691050.0,1615050.0,0.29341838,20.118618,225,1
atitlan,2026-07-22,691350.0,1615050.0,0.30605656,20.77851,225,1
atitlan,2026-07-22,691650.0,1615050.0,0.33786544,23.663422,225,1
atitlan,2026-07-22,691950.0,1615050.0,0.35262495,26.142065,225,1
atitlan,2026-07-22,692250.0,1615050.0,0.35513562,26.993036,225,1
atitlan,2026-07-22,692550.0,1615050.0,0.36014184,27.87928,225,1
atitlan,2026-07-22,692850.0,1615050.0,0.3446928,27.401947,225,1
atitlan,2026-07-22,693150.0,1615050.0,0.35610607,26.753838,225,1
atitlan,2026-07-22,693450.0,1615050.0,0.3725133,29.89737,225,1
atitlan,2026-07-22,693750.0,1615050.0,0.38699514,33.26648,225,1
atitlan,2026-07-22,694050.0,1615050.0,0.3880576,33.48438,225,1
atitlan,2026-07-22,694350.0,1615050.0,0.37580767,30.612917,225,1
atitlan,2026-07-22,694650.0,1615050.0,0.3794183,31.698856,225,1
atitlan,2026-07-22,694950.0,1615050.0,0.38356546,32.825314,225,1
atitlan,2026-07-22,695250.0,1615050.0,0.37978142,31.639439,225,1
atitlan,2026-07-22,695550.0,1615050.0,0.37282896,31.142906,225,1
atitlan,2026-07-22,695850.0,1615050.0,0.38601094,33.330288,225,1
atitlan,2026-07-22,696150.0,1615050.0,0.40080294,37.293316,225,1
atitlan,2026-07-22,696450.0,1615050.0,0.40684092,38.873447,225,1
atitlan,2026-07-22,696750.0,1615050.0,0.39563268,35.746952,225,1
atitlan,2026-07-22,697050.0,1615050.0,0.39149204,34.986145,225,1
atitlan,2026-07-22,697350.0,1615050.0,0.33430225,25.250721,225,1
atitlan,2026-07-22,697650.0,1615050.0,0.30178335,20.722578,225,1
atitlan,2026-07-22,697950.0,1615050.0,0.31103006,19.586851,225,1
atitlan,2026-07-22,698250.0,1615050.0,0.3143418,21.280445,225,1
atitlan,2026-07-22,698550.0,1615050.0,0.30309814,19.354141,225,1
atitlan,2026-07-22,698850.0,1615050.0,0.29848164,17.837322,225,1
atitlan,2026-07-22,699150.0,1615050.0,0.28897434,16.939041,225,1
atitlan,2026-07-22,699450.0,1615050.0,0.28382942,15.797345,225,1
atitlan,2026-07-22,699750.0,1615050.0,0.27529302,15.012087,225,1
atitlan,2026-07-22,700050.0,1615050.0,0.25667298,13.435397,225,1
atitlan,2026-07-22,700350.0,1615050.0,0.2410252,11.018549,225,0
atitlan,2026-07-22,700650.0,1615050.0,0.19399263,8.958276,225,0
atitlan,2026-07-22,700950.0,1615050.0,0.17981963,7.814797,225,0
atitlan,2026-07-22,701250.0,1615050.0,0.21379031,11.00568,225,0
atitlan,2026-07-22,701550.0,1615050.0,0.28096214,16.796534,225,1
atitlan,2026-07-22,701850.0,1615050.0,0.3265521,21.162395,225,1
atitlan,2026-07-22,702150.0,1615050.0,0.29761055,17.291098,225,1
atitlan,2026-07-22,702450.0,1615050.0,0.2805442,15.788603,225,1
atitlan,2026-07-22,702750.0,1615050.0,0.27690208,17.104609,225,1
atitlan,2026-07-22,703050.0,1615050.0,0.3474196,26.196016,225,1
atitlan,2026-07-22,703350.0,1615050.0,0.35086295,26.021435,225,1
atitlan,2026-07-22,703650.0,1615050.0,0.33576924,23.001423,225,1
atitlan,2026-07-22,703950.0,1615050.0,0.31261837,18.94894,225,1
atitlan,2026-07-22,704250.0,1615050.0,0.3561258,26.740429,225,1
atitlan,2026-07-22,704550.0,1615050.0,0.35918856,27.887918,225,1
atitlan,2026-07-22,704850.0,1615050.0,0.30436385,20.131006,225,1
atitlan,2026-07-22,705150.0,1615050.0,0.3291197,23.597055,225,1
atitlan,2026-07-22,705450.0,1615050.0,0.33886746,23.505823,225,1
atitlan,2026-07-22,705750.0,1615050.0,0.34153745,23.574339,225,1
atitlan,2026-07-22,706050.0,1615050.0,0.3315462,21.545332,225,1
atitlan,2026-07-22,706350.0,1615050.0,0.32937318,21.368397,225,1
atitlan,2026-07-22,706650.0,1615050.0,0.36734393,29.34906,225,1
atitlan,2026-07-22,706950.0,1615050.0,0.3251528,21.332436,225,1
atitlan,2026-07-22,707250.0,1615050.0,0.25304842,13.50983,225,1
atitlan,2026-07-22,707550.0,1615050.0,0.15418345,8.069876,225,0
atitlan,2026-07-22,707850.0,1615050.0,0.20399871,11.498156,45,0
atitlan,2026-07-22,680250.0,1615350.0,0.08399367,5.2904086,180,0
atitlan,2026-07-22,680550.0,1615350.0,0.012182841,4.0638256,225,0
atitlan,2026-07-22,680850.0,1615350.0,0.042287275,4.588368,225,0
atitlan,2026-07-22,681150.0,1615350.0,0.06671348,5.1803026,225,0
atitlan,2026-07-22,681450.0,1615350.0,0.11710273,6.85713,225,0
atitlan,2026-07-22,681750.0,1615350.0,0.18536896,9.639118,225,0
atitlan,2026-07-22,682050.0,1615350.0,0.054331854,5.112412,225,0
atitlan,2026-07-22,682350.0,1615350.0,0.1185618,6.988402,225,0
atitlan,2026-07-22,682650.0,1615350.0,0.13841039,7.342699,225,0
atitlan,2026-07-22,682950.0,1615350.0,0.13817954,7.235236,225,0
atitlan,2026-07-22,683250.0,1615350.0,0.21480797,10.644332,225,0
atitlan,2026-07-22,683550.0,1615350.0,0.19835071,10.741639,225,0
atitlan,2026-07-22,683850.0,1615350.0,0.07514288,4.9513083,225,0
atitlan,2026-07-22,684150.0,1615350.0,0.01928733,4.1435184,225,0
atitlan,2026-07-22,684450.0,1615350.0,0.092980504,6.088998,225,0
atitlan,2026-07-22,684750.0,1615350.0,0.057545107,5.0446687,225,0
atitlan,2026-07-22,685050.0,1615350.0,0.018585134,4.1971836,225,0
atitlan,2026-07-22,685350.0,1615350.0,0.07087573,5.911747,225,0
atitlan,2026-07-22,685650.0,1615350.0,0.2939599,17.478233,225,1
atitlan,2026-07-22,685950.0,1615350.0,0.31504387,18.763502,225,1
atitlan,2026-07-22,686250.0,1615350.0,0.309828,17.999699,225,1
atitlan,2026-07-22,686550.0,1615350.0,0.29929146,16.488075,225,1
atitlan,2026-07-22,686850.0,1615350.0,0.32934222,21.21699,225,1
atitlan,2026-07-22,687150.0,1615350.0,0.3280039,20.728247,225,1
atitlan,2026-07-22,687450.0,1615350.0,0.30195042,16.983292,225,1
atitlan,2026-07-22,687750.0,1615350.0,0.16779011,8.63153,225,0
atitlan,2026-07-22,688050.0,1615350.0,0.16853829,9.075158,225,0
atitlan,2026-07-22,688350.0,1615350.0,0.1738824,9.982323,225,0
atitlan,2026-07-22,688650.0,1615350.0,0.23082232,12.691594,225,1
atitlan,2026-07-22,688950.0,1615350.0,0.19949299,12.169876,225,1
atitlan,2026-07-22,689250.0,1615350.0,0.29030767,19.291016,225,1
atitlan,2026-07-22,689550.0,1615350.0,0.30506212,18.698746,225,1
atitlan,2026-07-22,689850.0,1615350.0,0.292684,17.544067,225,1
atitlan,2026-07-22,690150.0,1615350.0,0.25438398,12.60472,225,1
atitlan,2026-07-22,690450.0,1615350.0,0.26581827,15.015626,225,1
atitlan,2026-07-22,690750.0,1615350.0,0.26893702,15.755463,225,1
atitlan,2026-07-22,691050.0,1615350.0,0.24399914,12.972462,225,1
atitlan,2026-07-22,691350.0,1615350.0,0.28743568,18.679457,225,1
atitlan,2026-07-22,691650.0,1615350.0,0.3525119,26.358925,225,1
atitlan,2026-07-22,691950.0,1615350.0,0.31968486,21.94519,225,1
atitlan,2026-07-22,692250.0,1615350.0,0.35323352,26.304935,225,1
atitlan,2026-07-22,692550.0,1615350.0,0.28422377,18.371761,225,1
atitlan,2026-07-22,692850.0,1615350.0,0.29262978,20.974863,225,1
atitlan,2026-07-22,693150.0,1615350.0,0.2268466,16.242561,225,1
atitlan,2026-07-22,693450.0,1615350.0,0.37745634,30.890959,225,1
atitlan,2026-07-22,693750.0,1615350.0,0.3791075,31.419712,225,1
atitlan,2026-07-22,694050.0,1615350.0,0.38291654,32.371223,225,1
atitlan,2026-07-22,694350.0,1615350.0,0.38988277,34.19995,225,1
atitlan,2026-07-22,694650.0,1615350.0,0.4017433,37.460262,225,1
atitlan,2026-07-22,694950.0,1615350.0,0.3892851,34.28159,225,1
atitlan,2026-07-22,695250.0,1615350.0,0.40518805,38.461384,225,1
atitlan,2026-07-22,695550.0,1615350.0,0.39058948,34.920586,225,1
atitlan,2026-07-22,695850.0,1615350.0,0.39658445,36.852173,225,1
atitlan,2026-07-22,696150.0,1615350.0,0.39246193,35.83898,225,1
atitlan,2026-07-22,696450.0,1615350.0,0.35058787,28.239294,225,1
atitlan,2026-07-22,696750.0,1615350.0,0.3127512,23.808777,225,1
atitlan,2026-07-22,697050.0,1615350.0,0.34097847,26.20481,225,1
atitlan,2026-07-22,697350.0,1615350.0,0.32656038,22.100508,225,1
atitlan,2026-07-22,697650.0,1615350.0,0.3089241,20.775116,225,1
atitlan,2026-07-22,697950.0,1615350.0,0.32095236,20.65072,225,1
atitlan,2026-07-22,698250.0,1615350.0,0.35092178,25.67684,225,1
atitlan,2026-07-22,698550.0,1615350.0,0.3109867,19.553555,225,1
atitlan,2026-07-22,698850.0,1615350.0,0.28699368,16.52679,225,1
atitlan,2026-07-22,699150.0,1615350.0,0.27920395,15.726407,225,1
atitlan,2026-07-22,699450.0,1615350.0,0.27701885,15.904173,225,1
atitlan,2026-07-22,699750.0,1615350.0,0.26338547,13.736709,225,1
atitlan,2026-07-22,700050.0,1615350.0,0.26629323,14.16281,225,1
atitlan,2026-07-22,700350.0,1615350.0,0.24360518,12.18458,225,1
atitlan,2026-07-22,700650.0,1615350.0,0.15046164,9.270153,225,0
atitlan,2026-07-22,700950.0,1615350.0,0.13661927,8.091709,225,0
atitlan,2026-07-22,701250.0,1615350.0,0.21487324,11.439587,225,0
atitlan,2026-07-22,701550.0,1615350.0,0.29418665,17.467575,225,1
atitlan,2026-07-22,701850.0,1615350.0,0.30062425,17.007639,225,1
atitlan,2026-07-22,702150.0,1615350.0,0.2761272,15.063521,225,1
atitlan,2026-07-22,702450.0,1615350.0,0.33512074,23.735556,225,1
atitlan,2026-07-22,702750.0,1615350.0,0.3522285,26.338892,225,1
atitlan,2026-07-22,703050.0,1615350.0,0.33181626,22.64499,225,1
atitlan,2026-07-22,703350.0,1615350.0,0.33810908,24.044636,225,1
atitlan,2026-07-22,703650.0,1615350.0,0.31351924,19.68706,225,1
atitlan,2026-07-22,703950.0,1615350.0,0.34297177,24.067783,225,1
atitlan,2026-07-22,704250.0,1615350.0,0.36747292,29.560326,225,1
atitlan,2026-07-22,704550.0,1615350.0,0.34988397,25.638401,225,1
atitlan,2026-07-22,704850.0,1615350.0,0.2924617,19.255028,225,1
atitlan,2026-07-22,705150.0,1615350.0,0.31926796,21.824186,225,1
atitlan,2026-07-22,705450.0,1615350.0,0.33678192,23.651834,225,1
atitlan,2026-07-22,705750.0,1615350.0,0.30476397,20.00205,225,1
atitlan,2026-07-22,706050.0,1615350.0,0.3571942,27.417784,225,1
atitlan,2026-07-22,706350.0,1615350.0,0.34466454,23.891884,225,1
atitlan,2026-07-22,706650.0,1615350.0,0.34761557,25.149446,225,1
atitlan,2026-07-22,706950.0,1615350.0,0.3192471,19.648521,225,1
atitlan,2026-07-22,707250.0,1615350.0,0.2736874,17.503483,225,1
atitlan,2026-07-22,707550.0,1615350.0,0.13951245,9.382051,225,0
atitlan,2026-07-22,707850.0,1615350.0,0.08472339,8.349218,45,0
atitlan,2026-07-22,680250.0,1615650.0,0.033526864,4.932118,180,0
atitlan,2026-07-22,680550.0,1615650.0,0.0020009645,4.0132217,225,0
atitlan,2026-07-22,680850.0,1615650.0,0.05683372,5.598354,225,0
atitlan,2026-07-22,681150.0,1615650.0,0.13410887,7.774945,225,0
atitlan,2026-07-22,681450.0,1615650.0,0.06887509,5.481247,225,0
atitlan,2026-07-22,681750.0,1615650.0,0.21191308,11.7584715,225,0
atitlan,2026-07-22,682050.0,1615650.0,0.08575636,6.601747,225,0
atitlan,2026-07-22,682350.0,1615650.0,0.14865129,7.702893,225,0
atitlan,2026-07-22,682650.0,1615650.0,0.19721486,9.296354,225,0
atitlan,2026-07-22,682950.0,1615650.0,0.088509545,5.4328094,225,0
atitlan,2026-07-22,683250.0,1615650.0,0.016571473,4.0221486,225,0
atitlan,2026-07-22,683550.0,1615650.0,0.1119916,6.6028237,225,0
atitlan,2026-07-22,683850.0,1615650.0,0.08853998,5.290698,225,0
atitlan,2026-07-22,684150.0,1615650.0,0.015981339,4.192957,225,0
atitlan,2026-07-22,684450.0,1615650.0,-0.0015542902,3.931024,225,0
atitlan,2026-07-22,684750.0,1615650.0,-0.0075826272,3.868693,225,0
atitlan,2026-07-22,685050.0,1615650.0,-0.008590861,3.815918,225,0
atitlan,2026-07-22,685350.0,1615650.0,0.003115883,4.037113,225,0
atitlan,2026-07-22,685650.0,1615650.0,0.24228922,14.021687,225,1
atitlan,2026-07-22,685950.0,1615650.0,0.31822872,19.33384,225,1
atitlan,2026-07-22,686250.0,1615650.0,0.31425482,18.858892,225,1
atitlan,2026-07-22,686550.0,1615650.0,0.3074629,17.643442,225,1
atitlan,2026-07-22,686850.0,1615650.0,0.32920375,21.10349,225,1
atitlan,2026-07-22,687150.0,1615650.0,0.3392113,23.010887,225,1
atitlan,2026-07-22,687450.0,1615650.0,0.30554914,17.380058,225,1
atitlan,2026-07-22,687750.0,1615650.0,0.31298906,21.255066,225,1
atitlan,2026-07-22,688050.0,1615650.0,0.28295395,18.508276,225,1
atitlan,2026-07-22,688350.0,1615650.0,0.3010209,19.440504,225,1
atitlan,2026-07-22,688650.0,1615650.0,0.29110393,17.5711,225,1
atitlan,2026-07-22,688950.0,1615650.0,0.29852444,20.136072,225,1
atitlan,2026-07-22,689250.0,1615650.0,0.26550093,17.324457,225,1
atitlan,2026-07-22,689550.0,1615650.0,0.28975943,18.824028,225,1
atitlan,2026-07-22,689850.0,1615650.0,0.29196912,17.175007,225,1
atitlan,2026-07-22,690150.0,1615650.0,0.2854785,16.685074,225,1
atitlan,2026-07-22,690450.0,1615650.0,0.2765821,15.933724,225,1
atitlan,2026-07-22,690750.0,1615650.0,0.19998713,8.890079,225,0
atitlan,2026-07-22,691050.0,1615650.0,0.25976783,14.340061,225,1
atitlan,2026-07-22,691350.0,1615650.0,0.29304603,18.258108,225,1
atitlan,2026-07-22,691650.0,1615650.0,0.33690888,23.671894,225,1
atitlan,2026-07-22,691950.0,1615650.0,0.31309634,21.53171,225,1
atitlan,2026-07-22,692250.0,1615650.0,0.27518556,15.209672,225,1
atitlan,2026-07-22,692550.0,1615650.0,0.28056824,17.97827,225,1
atitlan,2026-07-22,692850.0,1615650.0,0.3060594,21.482315,225,1
atitlan,2026-07-22,693150.0,1615650.0,0.22373684,14.320245,225,1
atitlan,2026-07-22,693450.0,1615650.0,0.3632257,27.941654,225,1
atitlan,2026-07-22,693750.0,1615650.0,0.33265036,22.768116,225,1
atitlan,2026-07-22,694050.0,1615650.0,0.36309853,27.803122,225,1
atitlan,2026-07-22,694350.0,1615650.0,0.3801998,32.03455,225,1
atitlan,2026-07-22,694650.0,1615650.0,0.38719597,33.825974,225,1
atitlan,2026-07-22,694950.0,1615650.0,0.37775734,31.50884,225,1
atitlan,2026-07-22,695250.0,1615650.0,0.3875812,33.81079,225,1
atitlan,2026-07-22,695550.0,1615650.0,0.38862053,33.977425,225,1
atitlan,2026-07-22,695850.0,1615650.0,0.40637127,38.732624,225,1
atitlan,2026-07-22,696150.0,1615650.0,0.3997464,36.72818,225,1
atitlan,2026-07-22,696450.0,1615650.0,0.4039777,38.163937,225,1
atitlan,2026-07-22,696750.0,1615650.0,0.3752636,33.07634,225,1
atitlan,2026-07-22,697050.0,1615650.0,0.33669963,26.238014,225,1
atitlan,2026-07-22,697350.0,1615650.0,0.30452928,20.3853,225,1
atitlan,2026-07-22,697650.0,1615650.0,0.27851063,16.799854,225,1
atitlan,2026-07-22,697950.0,1615650.0,0.29504985,18.905357,225,1
atitlan,2026-07-22,698250.0,1615650.0,0.30487537,18.80281,225,1
atitlan,2026-07-22,698550.0,1615650.0,0.28486064,15.642991,225,1
atitlan,2026-07-22,698850.0,1615650.0,0.28080162,14.97284,225,1
atitlan,2026-07-22,699150.0,1615650.0,0.26544377,13.530831,225,1
atitlan,2026-07-22,699450.0,1615650.0,0.27402306,14.8763275,225,1
atitlan,2026-07-22,699750.0,1615650.0,0.30532497,18.96769,225,1
atitlan,2026-07-22,700050.0,1615650.0,0.27565205,14.55037,225,1
atitlan,2026-07-22,700350.0,1615650.0,0.2552459,12.065341,225,1
atitlan,2026-07-22,700650.0,1615650.0,0.25832227,14.063513,225,1
atitlan,2026-07-22,700950.0,1615650.0,0.22498748,11.715069,225,0
atitlan,2026-07-22,701250.0,1615650.0,0.23849714,13.35843,225,1
atitlan,2026-07-22,701550.0,1615650.0,0.30696002,18.782341,225,1
atitlan,2026-07-22,701850.0,1615650.0,0.2926604,16.547861,225,1
atitlan,2026-07-22,702150.0,1615650.0,0.3345218,22.605686,225,1
atitlan,2026-07-22,702450.0,1615650.0,0.34924233,25.383114,225,1
atitlan,2026-07-22,702750.0,1615650.0,0.29365003,17.611357,225,1
atitlan,2026-07-22,703050.0,1615650.0,0.30833802,20.24641,225,1
atitlan,2026-07-22,703350.0,1615650.0,0.3519304,26.543022,225,1
atitlan,2026-07-22,703650.0,1615650.0,0.3082176,20.417917,225,1
atitlan,2026-07-22,703950.0,1615650.0,0.377842,30.994894,225,1
atitlan,2026-07-22,704250.0,1615650.0,0.35709518,27.850601,225,1
atitlan,2026-07-22,704550.0,1615650.0,0.35320336,25.66193,225,1
atitlan,2026-07-22,704850.0,1615650.0,0.32986963,21.828617,225,1
atitlan,2026-07-22,705150.0,1615650.0,0.33052644,22.113949,225,1
atitlan,2026-07-22,705450.0,1615650.0,0.34788212,25.629295,225,1
atitlan,2026-07-22,705750.0,1615650.0,0.32011765,21.790874,225,1
atitlan,2026-07-22,706050.0,1615650.0,0.28163555,17.048922,225,1
atitlan,2026-07-22,706350.0,1615650.0,0.26321736,14.484697,225,1
atitlan,2026-07-22,706650.0,1615650.0,0.28349724,16.178686,225,1
atitlan,2026-07-22,706950.0,1615650.0,0.34128848,23.973606,225,1
atitlan,2026-07-22,707250.0,1615650.0,0.3583356,26.918077,225,1
atitlan,2026-07-22,707550.0,1615650.0,0.32263622,20.174212,225,1
atitlan,2026-07-22,707850.0,1615650.0,0.32208106,19.84089,45,1
atitlan,2026-07-22,680250.0,1615950.0,0.018134244,4.3878345,180,0
atitlan,2026-07-22,680550.0,1615950.0,-0.0013755409,4.0094237,225,0
atitlan,2026-07-22,680850.0,1615950.0,0.0065551684,4.33619,225,0
atitlan,2026-07-22,681150.0,1615950.0,0.14081565,7.5586133,225,0
atitlan,2026-07-22,681450.0,1615950.0,0.07739633,5.6891766,225,0
atitlan,2026-07-22,681750.0,1615950.0,0.06950902,5.333344,225,0
atitlan,2026-07-22,682050.0,1615950.0,0.031947944,4.9083867,225,0
atitlan,2026-07-22,682350.0,1615950.0,-7.773128e-06,3.8223963,225,0
atitlan,2026-07-22,682650.0,1615950.0,-0.00064163597,3.7065523,225,0
atitlan,2026-07-22,682950.0,1615950.0,0.0014089146,3.9337094,225,0
atitlan,2026-07-22,683250.0,1615950.0,-0.005208855,3.9376202,225,0
atitlan,2026-07-22,683550.0,1615950.0,0.025980309,4.350121,225,0
atitlan,2026-07-22,683850.0,1615950.0,0.18450953,8.751297,225,0
atitlan,2026-07-22,684150.0,1615950.0,0.08447177,6.1749783,225,0
atitlan,2026-07-22,684450.0,1615950.0,0.016403409,4.26423,225,0
atitlan,2026-07-22,684750.0,1615950.0,0.0010174188,4.0662236,225,0
atitlan,2026-07-22,685050.0,1615950.0,-0.004740714,3.9049423,225,0
atitlan,2026-07-22,685350.0,1615950.0,0.0017415318,4.0172935,225,0
atitlan,2026-07-22,685650.0,1615950.0,0.19030723,13.86113,225,1
atitlan,2026-07-22,685950.0,1615950.0,0.31930453,19.451351,225,1
atitlan,2026-07-22,686250.0,1615950.0,0.3061331,17.72593,225,1
atitlan,2026-07-22,686550.0,1615950.0,0.30632207,17.698166,225,1
atitlan,2026-07-22,686850.0,1615950.0,0.3446357,24.14578,225,1
atitlan,2026-07-22,687150.0,1615950.0,0.33240056,21.650318,225,1
atitlan,2026-07-22,687450.0,1615950.0,0.33059147,22.164389,225,1
atitlan,2026-07-22,687750.0,1615950.0,0.33569458,23.306488,225,1
atitlan,2026-07-22,688050.0,1615950.0,0.2515456,14.573931,225,1
atitlan,2026-07-22,688350.0,1615950.0,0.27145234,15.408123,225,1
atitlan,2026-07-22,688650.0,1615950.0,0.28544953,16.465092,225,1
atitlan,2026-07-22,688950.0,1615950.0,0.28608918,17.493408,225,1
atitlan,2026-07-22,689250.0,1615950.0,0.25848252,13.215631,225,1
atitlan,2026-07-22,689550.0,1615950.0,0.24852034,12.508555,225,1
atitlan,2026-07-22,689850.0,1615950.0,0.250152,13.465471,225,1
atitlan,2026-07-22,690150.0,1615950.0,0.27087983,15.177297,225,1
atitlan,2026-07-22,690450.0,1615950.0,0.26711267,14.958597,225,1
atitlan,2026-07-22,690750.0,1615950.0,0.26891586,14.740783,225,1
atitlan,2026-07-22,691050.0,1615950.0,0.29000157,17.729063,225,1
atitlan,2026-07-22,691350.0,1615950.0,0.2825349,15.472721,225,1
atitlan,2026-07-22,691650.0,1615950.0,0.30458954,18.960144,225,1
atitlan,2026-07-22,691950.0,1615950.0,0.32019612,21.244894,225,1
atitlan,2026-07-22,692250.0,1615950.0,0.34162292,24.112255,225,1
atitlan,2026-07-22,692550.0,1615950.0,0.29109,18.73727,225,1
atitlan,2026-07-22,692850.0,1615950.0,0.26800603,16.343803,225,1
atitlan,2026-07-22,693150.0,1615950.0,0.347465,24.553568,225,1
atitlan,2026-07-22,693450.0,1615950.0,0.28272828,18.576862,225,1
atitlan,2026-07-22,693750.0,1615950.0,0.12951036,6.506597,225,0
atitlan,2026-07-22,694050.0,1615950.0,0.21781544,14.667073,225,1
atitlan,2026-07-22,694350.0,1615950.0,0.33765033,25.269331,225,1
atitlan,2026-07-22,694650.0,1615950.0,0.35379943,26.150892,225,1
atitlan,2026-07-22,694950.0,1615950.0,0.37917978,31.727129,225,1
atitlan,2026-07-22,695250.0,1615950.0,0.40060532,36.884995,225,1
atitlan,2026-07-22,695550.0,1615950.0,0.39186236,34.940506,225,1
atitlan,2026-07-22,695850.0,1615950.0,0.4047927,38.377644,225,1
atitlan,2026-07-22,696150.0,1615950.0,0.40307796,37.808186,225,1
atitlan,2026-07-22,696450.0,1615950.0,0.40743345,39.058346,225,1
atitlan,2026-07-22,696750.0,1615950.0,0.4055535,38.541424,225,1
atitlan,2026-07-22,697050.0,1615950.0,0.37484217,31.86583,225,1
atitlan,2026-07-22,697350.0,1615950.0,0.34993908,26.388466,225,1
atitlan,2026-07-22,697650.0,1615950.0,0.3190974,21.321894,225,1
atitlan,2026-07-22,697950.0,1615950.0,0.28658453,16.076971,225,1
atitlan,2026-07-22,698250.0,1615950.0,0.3011788,17.277748,225,1
atitlan,2026-07-22,698550.0,1615950.0,0.28886187,16.322582,225,1
atitlan,2026-07-22,698850.0,1615950.0,0.28547478,15.597033,225,1
atitlan,2026-07-22,699150.0,1615950.0,0.2757194,14.282266,225,1
atitlan,2026-07-22,699450.0,1615950.0,0.27925786,15.019413,225,1
atitlan,2026-07-22,699750.0,1615950.0,0.22717707,10.872167,225,0
atitlan,2026-07-22,700050.0,1615950.0,0.2982383,16.921988,225,1
atitlan,2026-07-22,700350.0,1615950.0,0.2562159,12.896936,225,1
atitlan,2026-07-22,700650.0,1615950.0,0.2601259,13.33377,225,1
atitlan,2026-07-22,700950.0,1615950.0,0.20134903,8.00929,225,0
atitlan,2026-07-22,701250.0,1615950.0,0.3151883,20.20061,225,1
atitlan,2026-07-22,701550.0,1615950.0,0.31469843,19.663181,225,1
atitlan,2026-07-22,701850.0,1615950.0,0.31643826,19.940937,225,1
atitlan,2026-07-22,702150.0,1615950.0,0.36390144,27.871113,225,1
atitlan,2026-07-22,702450.0,1615950.0,0.35434788,26.431791,225,1
atitlan,2026-07-22,702750.0,1615950.0,0.322623,21.515108,225,1
atitlan,2026-07-22,703050.0,1615950.0,0.33858144,24.107584,225,1
atitlan,2026-07-22,703350.0,1615950.0,0.3501835,26.133398,225,1
atitlan,2026-07-22,703650.0,1615950.0,0.3232939,21.43866,225,1
atitlan,2026-07-22,703950.0,1615950.0,0.35535607,27.031567,225,1
atitlan,2026-07-22,704250.0,1615950.0,0.35502794,27.21621,225,1
atitlan,2026-07-22,704550.0,1615950.0,0.34078616,23.338934,225,1
atitlan,2026-07-22,704850.0,1615950.0,0.33654273,22.446823,225,1
atitlan,2026-07-22,705150.0,1615950.0,0.3536081,25.661573,225,1
atitlan,2026-07-22,705450.0,1615950.0,0.33963212,24.719513,225,1
atitlan,2026-07-22,705750.0,1615950.0,0.32972276,23.301548,225,1
atitlan,2026-07-22,706050.0,1615950.0,0.31421787,22.234543,225,1
atitlan,2026-07-22,706350.0,1615950.0,0.25535542,13.746459,225,1
atitlan,2026-07-22,706650.0,1615950.0,0.26137438,13.460022,225,1
atitlan,2026-07-22,706950.0,1615950.0,0.28532153,16.409473,225,1
atitlan,2026-07-22,707250.0,1615950.0,0.34450835,24.035395,225,1
atitlan,2026-07-22,707550.0,1615950.0,0.33224913,22.01971,225,1
atitlan,2026-07-22,707850.0,1615950.0,0.33601922,22.266827,45,1
atitlan,2026-07-22,680250.0,1616250.0,0.0023788633,3.960025,180,0
atitlan,2026-07-22,680550.0,1616250.0,0.01764658,4.29191,225,0
atitlan,2026-07-22,680850.0,1616250.0,0.015270708,4.2505164,225,0
atitlan,2026-07-22,681150.0,1616250.0,0.045240574,5.050704,225,0
atitlan,2026-07-22,681450.0,1616250.0,0.09553485,5.566189,225,0
atitlan,2026-07-22,681750.0,1616250.0,0.031488452,4.406529,225,0
atitlan,2026-07-22,682050.0,1616250.0,0.033755105,4.5045185,225,0
atitlan,2026-07-22,682350.0,1616250.0,0.049527515,4.970011,225,0
atitlan,2026-07-22,682650.0,1616250.0,0.045506015,4.8894153,225,0
atitlan,2026-07-22,682950.0,1616250.0,0.105160855,7.912856,225,0
atitlan,2026-07-22,683250.0,1616250.0,0.038947437,5.422821,225,0
atitlan,2026-07-22,683550.0,1616250.0,0.0114342505,4.1647763,225,0
atitlan,2026-07-22,683850.0,1616250.0,0.2275839,12.965427,225,1
atitlan,2026-07-22,684150.0,1616250.0,0.1589437,8.326605,225,0
atitlan,2026-07-22,684450.0,1616250.0,0.012201128,4.171567,225,0
atitlan,2026-07-22,684750.0,1616250.0,0.002391659,4.073168,225,0
atitlan,2026-07-22,685050.0,1616250.0,0.00045251203,3.9549775,225,0
atitlan,2026-07-22,685350.0,1616250.0,0.003873395,4.075777,225,0
atitlan,2026-07-22,685650.0,1616250.0,0.14336686,9.546838,225,0
atitlan,2026-07-22,685950.0,1616250.0,0.3223048,20.203503,225,1
atitlan,2026-07-22,686250.0,1616250.0,0.32558942,20.87039,225,1
atitlan,2026-07-22,686550.0,1616250.0,0.31077483,18.51566,225,1
atitlan,2026-07-22,686850.0,1616250.0,0.3490604,24.837595,225,1
atitlan,2026-07-22,687150.0,1616250.0,0.33561754,22.3624,225,1
atitlan,2026-07-22,687450.0,1616250.0,0.33452567,22.726913,225,1
atitlan,2026-07-22,687750.0,1616250.0,0.31924716,21.2689,225,1
atitlan,2026-07-22,688050.0,1616250.0,0.17015348,10.266213,225,0
atitlan,2026-07-22,688350.0,1616250.0,0.19369724,10.880213,225,0
atitlan,2026-07-22,688650.0,1616250.0,0.24938978,15.3199005,225,1
atitlan,2026-07-22,688950.0,1616250.0,0.23380105,11.5731,225,0
atitlan,2026-07-22,689250.0,1616250.0,0.18710819,9.515994,225,0
atitlan,2026-07-22,689550.0,1616250.0,0.25412276,13.072087,225,1
atitlan,2026-07-22,689850.0,1616250.0,0.23432241,11.289928,225,0
atitlan,2026-07-22,690150.0,1616250.0,0.2852798,15.739873,225,1
atitlan,2026-07-22,690450.0,1616250.0,0.22220978,12.47189,225,1
atitlan,2026-07-22,690750.0,1616250.0,0.23668414,11.968364,225,0
atitlan,2026-07-22,691050.0,1616250.0,0.26111728,14.53954,225,1
atitlan,2026-07-22,691350.0,1616250.0,0.28363416,16.30254,225,1
atitlan,2026-07-22,691650.0,1616250.0,0.30736026,19.699324,225,1
atitlan,2026-07-22,691950.0,1616250.0,0.30870786,18.676289,225,1
atitlan,2026-07-22,692250.0,1616250.0,0.30300036,18.03326,225,1
atitlan,2026-07-22,692550.0,1616250.0,0.33553836,23.24736,225,1
atitlan,2026-07-22,692850.0,1616250.0,0.35360914,26.4008,225,1
atitlan,2026-07-22,693150.0,1616250.0,0.3632652,27.706217,225,1
atitlan,2026-07-22,693450.0,1616250.0,0.20073777,11.558718,225,0
atitlan,2026-07-22,693750.0,1616250.0,0.08389385,5.0873065,225,0
atitlan,2026-07-22,694050.0,1616250.0,0.027990155,4.44613,225,0
atitlan,2026-07-22,694350.0,1616250.0,0.12977463,8.210447,225,0
atitlan,2026-07-22,694650.0,1616250.0,0.31184098,19.475456,225,1
atitlan,2026-07-22,694950.0,1616250.0,0.3489447,25.513544,225,1
atitlan,2026-07-22,695250.0,1616250.0,0.36371464,29.32274,225,1
atitlan,2026-07-22,695550.0,1616250.0,0.38969684,34.741573,225,1
atitlan,2026-07-22,695850.0,1616250.0,0.40315706,37.795303,225,1
atitlan,2026-07-22,696150.0,1616250.0,0.4255491,44.575943,225,1
atitlan,2026-07-22,696450.0,1616250.0,0.41868806,42.171837,225,1
atitlan,2026-07-22,696750.0,1616250.0,0.4132407,40.531776,225,1
atitlan,2026-07-22,697050.0,1616250.0,0.3652843,30.442059,225,1
atitlan,2026-07-22,697350.0,1616250.0,0.323224,22.344831,225,1
atitlan,2026-07-22,697650.0,1616250.0,0.3274322,22.359251,225,1
atitlan,2026-07-22,697950.0,1616250.0,0.31703967,20.08528,225,1
atitlan,2026-07-22,698250.0,1616250.0,0.29377797,16.830029,225,1
atitlan,2026-07-22,698550.0,1616250.0,0.2970382,16.942705,225,1
atitlan,2026-07-22,698850.0,1616250.0,0.2908627,16.32278,225,1
atitlan,2026-07-22,699150.0,1616250.0,0.28721637,15.744006,225,1
atitlan,2026-07-22,699450.0,1616250.0,0.30292976,17.953205,225,1
atitlan,2026-07-22,699750.0,1616250.0,0.2746322,14.4544935,225,1
atitlan,2026-07-22,700050.0,1616250.0,0.2719923,15.172745,225,1
atitlan,2026-07-22,700350.0,1616250.0,0.19667754,10.558613,225,0
atitlan,2026-07-22,700650.0,1616250.0,0.24033684,13.849231,225,1
atitlan,2026-07-22,700950.0,1616250.0,0.266885,15.031618,225,1
atitlan,2026-07-22,701250.0,1616250.0,0.30380216,17.82492,225,1
atitlan,2026-07-22,701550.0,1616250.0,0.32646707,20.912893,225,1
atitlan,2026-07-22,701850.0,1616250.0,0.31206268,19.884607,225,1
atitlan,2026-07-22,702150.0,1616250.0,0.3600764,27.0888,225,1
atitlan,2026-07-22,702450.0,1616250.0,0.3360134,23.004704,225,1
atitlan,2026-07-22,702750.0,1616250.0,0.35771254,26.803682,225,1
atitlan,2026-07-22,703050.0,1616250.0,0.34218755,23.6612,225,1
atitlan,2026-07-22,703350.0,1616250.0,0.36044943,27.379242,225,1
atitlan,2026-07-22,703650.0,1616250.0,0.34322885,24.545336,225,1
atitlan,2026-07-22,703950.0,1616250.0,0.33404082,23.40585,225,1
atitlan,2026-07-22,704250.0,1616250.0,0.36496416,28.758493,225,1
atitlan,2026-07-22,704550.0,1616250.0,0.33446306,22.06033,225,1
atitlan,2026-07-22,704850.0,1616250.0,0.35793975,26.698227,225,1
atitlan,2026-07-22,705150.0,1616250.0,0.34670973,24.368242,225,1
atitlan,2026-07-22,705450.0,1616250.0,0.35237014,25.595123,225,1
atitlan,2026-07-22,705750.0,1616250.0,0.35433903,26.248219,225,1
atitlan,2026-07-22,706050.0,1616250.0,0.34638444,25.294323,225,1
atitlan,2026-07-22,706350.0,1616250.0,0.25785518,13.665229,225,1
atitlan,2026-07-22,706650.0,1616250.0,0.2677623,14.221151,225,1
atitlan,2026-07-22,706950.0,1616250.0,0.33293957,22.325247,225,1
atitlan,2026-07-22,707250.0,1616250.0,0.35610032,26.51552,225,1
atitlan,2026-07-22,707550.0,1616250.0,0.33689454,22.686281,225,1
atitlan,2026-07-22,707850.0,1616250.0,0.36220965,27.94388,45,1
atitlan,2026-07-22,680250.0,1616550.0,0.11880129,7.4517097,180,0
atitlan,2026-07-22,680550.0,1616550.0,0.10897221,5.643725,225,0
atitlan,2026-07-22,680850.0,1616550.0,0.16100127,10.531224,225,0
atitlan,2026-07-22,681150.0,1616550.0,0.17758678,8.979707,225,0
atitlan,2026-07-22,681450.0,1616550.0,0.11182841,6.716491,225,0
atitlan,2026-07-22,681750.0,1616550.0,0.1293519,7.4873633,225,0
atitlan,2026-07-22,682050.0,1616550.0,0.19501828,10.029753,225,0
atitlan,2026-07-22,682350.0,1616550.0,0.2556077,13.26183,225,1
atitlan,2026-07-22,682650.0,1616550.0,0.26902688,15.237656,225,1
atitlan,2026-07-22,682950.0,1616550.0,0.3168467,19.629818,225,1
atitlan,2026-07-22,683250.0,1616550.0,0.24571463,13.513711,225,1
atitlan,2026-07-22,683550.0,1616550.0,0.06244259,5.2768426,225,0
atitlan,2026-07-22,683850.0,1616550.0,0.16162233,10.582565,225,0
atitlan,2026-07-22,684150.0,1616550.0,0.20737769,10.606665,225,0
atitlan,2026-07-22,684450.0,1616550.0,0.11565053,7.174273,225,0
atitlan,2026-07-22,684750.0,1616550.0,0.02494095,4.3672843,225,0
atitlan,2026-07-22,685050.0,1616550.0,0.009406616,4.1518974,225,0
atitlan,2026-07-22,685350.0,1616550.0,0.044599805,4.861714,225,0
atitlan,2026-07-22,685650.0,1616550.0,0.29571328,19.216652,225,1
atitlan,2026-07-22,685950.0,1616550.0,0.35296553,27.15467,225,1
atitlan,2026-07-22,686250.0,1616550.0,0.3413079,25.095163,225,1
atitlan,2026-07-22,686550.0,1616550.0,0.33576012,24.795847,225,1
atitlan,2026-07-22,686850.0,1616550.0,0.2521229,17.37776,225,1
atitlan,2026-07-22,687150.0,1616550.0,0.35850206,26.61895,225,1
atitlan,2026-07-22,687450.0,1616550.0,0.34378973,24.279396,225,1
atitlan,2026-07-22,687750.0,1616550.0,0.32524654,20.97534,225,1
atitlan,2026-07-22,688050.0,1616550.0,0.09730292,8.325393,225,0
atitlan,2026-07-22,688350.0,1616550.0,-0.046742827,2.3527427,225,0
atitlan,2026-07-22,688650.0,1616550.0,0.120163,8.616837,225,0
atitlan,2026-07-22,688950.0,1616550.0,0.22721338,11.895628,225,0
atitlan,2026-07-22,689250.0,1616550.0,0.14828025,8.654904,225,0
atitlan,2026-07-22,689550.0,1616550.0,0.19502483,9.894455,225,0
atitlan,2026-07-22,689850.0,1616550.0,0.22043306,11.128228,225,0
atitlan,2026-07-22,690150.0,1616550.0,0.26173705,13.014382,225,1
atitlan,2026-07-22,690450.0,1616550.0,0.24556114,11.871779,225,0
atitlan,2026-07-22,690750.0,1616550.0,0.26412737,14.371459,225,1
atitlan,2026-07-22,691050.0,1616550.0,0.25607252,14.095151,225,1
atitlan,2026-07-22,691350.0,1616550.0,0.25163752,13.787164,225,1
atitlan,2026-07-22,691650.0,1616550.0,0.29012632,17.02563,225,1
atitlan,2026-07-22,691950.0,1616550.0,0.29047582,16.70966,225,1
atitlan,2026-07-22,692250.0,1616550.0,0.28348717,16.255201,225,1
atitlan,2026-07-22,692550.0,1616550.0,0.29287308,17.571342,225,1
atitlan,2026-07-22,692850.0,1616550.0,0.32976958,22.897388,225,1
atitlan,2026-07-22,693150.0,1616550.0,0.34206936,24.328526,225,1
atitlan,2026-07-22,693450.0,1616550.0,0.10539607,6.7832656,225,0
atitlan,2026-07-22,693750.0,1616550.0,0.08103142,5.1811156,225,0
atitlan,2026-07-22,694050.0,1616550.0,0.02499441,4.4086766,225,0
atitlan,2026-07-22,694350.0,1616550.0,0.09337708,7.178869,225,0
atitlan,2026-07-22,694650.0,1616550.0,0.33568358,23.825525,225,1
atitlan,2026-07-22,694950.0,1616550.0,0.29095036,18.731716,225,1
atitlan,2026-07-22,695250.0,1616550.0,0.1909344,13.25183,225,1
atitlan,2026-07-22,695550.0,1616550.0,0.38550985,34.134842,225,1
atitlan,2026-07-22,695850.0,1616550.0,0.40761662,39.079437,225,1
atitlan,2026-07-22,696150.0,1616550.0,0.39527538,36.064377,225,1
atitlan,2026-07-22,696450.0,1616550.0,0.38565022,33.341503,225,1
atitlan,2026-07-22,696750.0,1616550.0,0.4001168,37.05138,225,1
atitlan,2026-07-22,697050.0,1616550.0,0.40244436,37.901657,225,1
atitlan,2026-07-22,697350.0,1616550.0,0.34345585,24.768093,225,1
atitlan,2026-07-22,697650.0,1616550.0,0.33366516,22.990429,225,1
atitlan,2026-07-22,697950.0,1616550.0,0.3171837,20.091797,225,1
atitlan,2026-07-22,698250.0,1616550.0,0.2854929,16.737823,225,1
atitlan,2026-07-22,698550.0,1616550.0,0.29810882,17.056654,225,1
atitlan,2026-07-22,698850.0,1616550.0,0.25673681,13.777597,225,1
atitlan,2026-07-22,699150.0,1616550.0,0.24548472,11.621581,225,0
atitlan,2026-07-22,699450.0,1616550.0,0.25968564,12.431043,225,1
atitlan,2026-07-22,699750.0,1616550.0,0.27263921,13.635929,225,1
atitlan,2026-07-22,700050.0,1616550.0,0.2944204,17.628681,225,1
atitlan,2026-07-22,700350.0,1616550.0,0.3205044,20.25942,225,1
atitlan,2026-07-22,700650.0,1616550.0,0.25591442,15.127793,225,1
atitlan,2026-07-22,700950.0,1616550.0,0.27392876,15.091087,225,1
atitlan,2026-07-22,701250.0,1616550.0,0.32269087,20.288717,225,1
atitlan,2026-07-22,701550.0,1616550.0,0.33028236,21.48711,225,1
atitlan,2026-07-22,701850.0,1616550.0,0.33654153,23.002735,225,1
atitlan,2026-07-22,702150.0,1616550.0,0.35369313,26.12546,225,1
atitlan,2026-07-22,702450.0,1616550.0,0.35090077,25.233337,225,1
atitlan,2026-07-22,702750.0,1616550.0,0.34832415,24.969158,225,1
atitlan,2026-07-22,703050.0,1616550.0,0.35073844,25.562803,225,1
atitlan,2026-07-22,703350.0,1616550.0,0.36487606,28.426992,225,1
atitlan,2026-07-22,703650.0,1616550.0,0.35443482,26.829483,225,1
atitlan,2026-07-22,703950.0,1616550.0,0.3366504,23.501333,225,1
atitlan,2026-07-22,704250.0,1616550.0,0.35529393,26.541458,225,1
atitlan,2026-07-22,704550.0,1616550.0,0.34629604,24.367302,225,1
atitlan,2026-07-22,704850.0,1616550.0,0.3697183,29.27877,225,1
atitlan,2026-07-22,705150.0,1616550.0,0.37647134,30.769047,225,1
atitlan,2026-07-22,705450.0,1616550.0,0.3518864,25.316332,225,1
atitlan,2026-07-22,705750.0,1616550.0,0.34982234,25.093536,225,1
atitlan,2026-07-22,706050.0,1616550.0,0.35806024,26.542673,225,1
atitlan,2026-07-22,706350.0,1616550.0,0.3453259,25.217932,225,1
atitlan,2026-07-22,706650.0,1616550.0,0.32708082,21.543095,225,1
atitlan,2026-07-22,706950.0,1616550.0,0.3466158,25.62382,225,1
atitlan,2026-07-22,707250.0,1616550.0,0.3521325,25.43208,225,1
atitlan,2026-07-22,707550.0,1616550.0,0.36086476,27.23199,225,1
atitlan,2026-07-22,707850.0,1616550.0,0.38512138,32.599102,45,1
atitlan,2026-07-22,680250.0,1616850.0,0.075114936,6.155833,180,0
atitlan,2026-07-22,680550.0,1616850.0,0.07824958,5.49121,225,0
atitlan,2026-07-22,680850.0,1616850.0,0.040568855,4.479978,225,0
atitlan,2026-07-22,681150.0,1616850.0,0.022698667,4.284321,225,0
atitlan,2026-07-22,681450.0,1616850.0,0.19999613,11.04383,225,0
atitlan,2026-07-22,681750.0,1616850.0,0.28707314,15.189874,225,1
atitlan,2026-07-22,682050.0,1616850.0,0.06999564,5.3852463,225,0
atitlan,2026-07-22,682350.0,1616850.0,0.14742203,9.024265,225,0
atitlan,2026-07-22,682650.0,1616850.0,0.3141297,19.472326,225,1
atitlan,2026-07-22,682950.0,1616850.0,0.29755944,18.581156,225,1
atitlan,2026-07-22,683250.0,1616850.0,0.09017472,6.0185695,225,0
atitlan,2026-07-22,683550.0,1616850.0,0.031853314,4.4208994,225,0
atitlan,2026-07-22,683850.0,1616850.0,0.16608477,14.408898,225,1
atitlan,2026-07-22,684150.0,1616850.0,0.26899135,15.041121,225,1
atitlan,2026-07-22,684450.0,1616850.0,0.1441536,7.0063286,225,0
atitlan,2026-07-22,684750.0,1616850.0,0.053916857,4.8349166,225,0
atitlan,2026-07-22,685050.0,1616850.0,0.11577995,8.196184,225,0
atitlan,2026-07-22,685350.0,1616850.0,0.23658656,15.125249,225,1
atitlan,2026-07-22,685650.0,1616850.0,0.31307375,21.709341,225,1
atitlan,2026-07-22,685950.0,1616850.0,0.3399656,24.966768,225,1
atitlan,2026-07-22,686250.0,1616850.0,0.3742309,30.231691,225,1
atitlan,2026-07-22,686550.0,1616850.0,0.354642,26.565708,225,1
atitlan,2026-07-22,686850.0,1616850.0,0.36108986,27.510242,225,1
atitlan,2026-07-22,687150.0,1616850.0,0.34107974,23.444246,225,1
atitlan,2026-07-22,687450.0,1616850.0,0.30965635,19.186813,225,1
atitlan,2026-07-22,687750.0,1616850.0,0.28351146,16.342495,225,1
atitlan,2026-07-22,688050.0,1616850.0,0.18689589,12.417738,225,1
atitlan,2026-07-22,688350.0,1616850.0,-0.06717517,1.703581,225,0
atitlan,2026-07-22,688650.0,1616850.0,-0.06373015,1.7991599,225,0
atitlan,2026-07-22,688950.0,1616850.0,0.13410546,8.193721,225,0
atitlan,2026-07-22,689250.0,1616850.0,0.21787603,11.044173,225,0
atitlan,2026-07-22,689550.0,1616850.0,0.2168339,11.852312,225,0
atitlan,2026-07-22,689850.0,1616850.0,0.19337793,10.61328,225,0
atitlan,2026-07-22,690150.0,1616850.0,0.18935442,8.547673,225,0
atitlan,2026-07-22,690450.0,1616850.0,0.15719372,7.264319,225,0
atitlan,2026-07-22,690750.0,1616850.0,0.26790598,14.815392,225,1
atitlan,2026-07-22,691050.0,1616850.0,0.28310168,15.725496,225,1
atitlan,2026-07-22,691350.0,1616850.0,0.29694742,16.926794,225,1
atitlan,2026-07-22,691650.0,1616850.0,0.27499068,14.776771,225,1
atitlan,2026-07-22,691950.0,1616850.0,0.2804988,15.748109,225,1
atitlan,2026-07-22,692250.0,1616850.0,0.31330803,20.205027,225,1
atitlan,2026-07-22,692550.0,1616850.0,0.2982003,18.728771,225,1
atitlan,2026-07-22,692850.0,1616850.0,0.3233351,22.925262,225,1
atitlan,2026-07-22,693150.0,1616850.0,0.30509335,20.125412,225,1
atitlan,2026-07-22,693450.0,1616850.0,0.14385875,7.075917,225,0
atitlan,2026-07-22,693750.0,1616850.0,0.074352436,5.3811746,225,0
atitlan,2026-07-22,694050.0,1616850.0,0.015847402,4.3227468,225,0
atitlan,2026-07-22,694350.0,1616850.0,0.02021826,4.361809,225,0
atitlan,2026-07-22,694650.0,1616850.0,0.2263915,13.268397,225,1
atitlan,2026-07-22,694950.0,1616850.0,0.19422147,10.215853,225,0
atitlan,2026-07-22,695250.0,1616850.0,0.28743258,18.262583,225,1
atitlan,2026-07-22,695550.0,1616850.0,0.37383127,31.514277,225,1
atitlan,2026-07-22,695850.0,1616850.0,0.39660594,36.004387,225,1
atitlan,2026-07-22,696150.0,1616850.0,0.39920798,36.654026,225,1
atitlan,2026-07-22,696450.0,1616850.0,0.40576565,38.37674,225,1
atitlan,2026-07-22,696750.0,1616850.0,0.40840492,39.388855,225,1
atitlan,2026-07-22,697050.0,1616850.0,0.41639203,41.926003,225,1
atitlan,2026-07-22,697350.0,1616850.0,0.36037913,28.306044,225,1
atitlan,2026-07-22,697650.0,1616850.0,0.3079883,19.203577,225,1
atitlan,2026-07-22,697950.0,1616850.0,0.29643062,17.548538,225,1
atitlan,2026-07-22,698250.0,1616850.0,0.29128334,16.643528,225,1
atitlan,2026-07-22,698550.0,1616850.0,0.2565634,13.430207,225,1
atitlan,2026-07-22,698850.0,1616850.0,0.25776216,13.209612,225,1
atitlan,2026-07-22,699150.0,1616850.0,0.23976004,12.23897,225,1
atitlan,2026-07-22,699450.0,1616850.0,0.2297012,11.815498,225,0
atitlan,2026-07-22,699750.0,1616850.0,0.26467246,13.838722,225,1
atitlan,2026-07-22,700050.0,1616850.0,0.27257013,14.849233,225,1
atitlan,2026-07-22,700350.0,1616850.0,0.33335683,22.143534,225,1
atitlan,2026-07-22,700650.0,1616850.0,0.30597627,20.064999,225,1
atitlan,2026-07-22,700950.0,1616850.0,0.23632632,11.31042,225,0
atitlan,2026-07-22,701250.0,1616850.0,0.3165568,20.073713,225,1
atitlan,2026-07-22,701550.0,1616850.0,0.33544436,22.182854,225,1
atitlan,2026-07-22,701850.0,1616850.0,0.36005262,27.308582,225,1
atitlan,2026-07-22,702150.0,1616850.0,0.3426993,24.038927,225,1
atitlan,2026-07-22,702450.0,1616850.0,0.3617008,27.756084,225,1
atitlan,2026-07-22,702750.0,1616850.0,0.35768703,26.598082,225,1
atitlan,2026-07-22,703050.0,1616850.0,0.34792277,24.506367,225,1
atitlan,2026-07-22,703350.0,1616850.0,0.35240296,25.912481,225,1
atitlan,2026-07-22,703650.0,1616850.0,0.34093663,24.13714,225,1
atitlan,2026-07-22,703950.0,1616850.0,0.3318886,22.347866,225,1
atitlan,2026-07-22,704250.0,1616850.0,0.29532748,18.192625,225,1
atitlan,2026-07-22,704550.0,1616850.0,0.31294993,20.228392,225,1
atitlan,2026-07-22,704850.0,1616850.0,0.34697348,25.996893,225,1
atitlan,2026-07-22,705150.0,1616850.0,0.3407612,25.35563,225,1
atitlan,2026-07-22,705450.0,1616850.0,0.35277128,25.509274,225,1
atitlan,2026-07-22,705750.0,1616850.0,0.3464162,24.403679,225,1
atitlan,2026-07-22,706050.0,1616850.0,0.34962267,24.967728,225,1
atitlan,2026-07-22,706350.0,1616850.0,0.3591261,26.910528,225,1
atitlan,2026-07-22,706650.0,1616850.0,0.36109728,27.450111,225,1
atitlan,2026-07-22,706950.0,1616850.0,0.3437531,24.32364,225,1
atitlan,2026-07-22,707250.0,1616850.0,0.35114372,26.14445,225,1
atitlan,2026-07-22,707550.0,1616850.0,0.33559448,24.423244,225,1
atitlan,2026-07-22,707850.0,1616850.0,0.37438285,30.330662,45,1
atitlan,2026-07-22,680250.0,1617150.0,0.06506149,5.2906785,180,0
atitlan,2026-07-22,680550.0,1617150.0,0.1603579,9.467143,225,0
atitlan,2026-07-22,680850.0,1617150.0,0.06342887,5.0759263,225,0
atitlan,2026-07-22,681150.0,1617150.0,0.01953034,4.350479,225,0
atitlan,2026-07-22,681450.0,1617150.0,0.049471527,5.200072,225,0
atitlan,2026-07-22,681750.0,1617150.0,0.26932034,14.872165,225,1
atitlan,2026-07-22,682050.0,1617150.0,0.24219637,13.531832,225,1
atitlan,2026-07-22,682350.0,1617150.0,0.20719047,12.508432,225,1
atitlan,2026-07-22,682650.0,1617150.0,0.30295432,22.540228,225,1
atitlan,2026-07-22,682950.0,1617150.0,0.33261344,21.938786,225,1
atitlan,2026-07-22,683250.0,1617150.0,0.30196112,21.979643,225,1
atitlan,2026-07-22,683550.0,1617150.0,0.20221736,13.472061,225,1
atitlan,2026-07-22,683850.0,1617150.0,0.3029429,22.159876,225,1
atitlan,2026-07-22,684150.0,1617150.0,0.16936706,8.983342,225,0
atitlan,2026-07-22,684450.0,1617150.0,0.14356774,8.002287,225,0
atitlan,2026-07-22,684750.0,1617150.0,0.21186447,13.966409,225,1
atitlan,2026-07-22,685050.0,1617150.0,0.1647701,12.479869,225,1
atitlan,2026-07-22,685350.0,1617150.0,0.3301343,24.007425,225,1
atitlan,2026-07-22,685650.0,1617150.0,0.29162264,17.698385,225,1
atitlan,2026-07-22,685950.0,1617150.0,0.31797156,21.065887,225,1
atitlan,2026-07-22,686250.0,1617150.0,0.34102857,24.339985,225,1
atitlan,2026-07-22,686550.0,1617150.0,0.2976578,17.938536,225,1
atitlan,2026-07-22,686850.0,1617150.0,0.32881582,22.072638,225,1
atitlan,2026-07-22,687150.0,1617150.0,0.2846507,15.288347,225,1
atitlan,2026-07-22,687450.0,1617150.0,0.2518746,13.099299,225,1
atitlan,2026-07-22,687750.0,1617150.0,0.26696467,13.909245,225,1
atitlan,2026-07-22,688050.0,1617150.0,0.19290766,14.121994,225,1
atitlan,2026-07-22,688350.0,1617150.0,-0.0700339,1.5536137,225,0
atitlan,2026-07-22,688650.0,1617150.0,-0.07274693,1.3971696,225,0
atitlan,2026-07-22,688950.0,1617150.0,-0.04232108,2.5750651,225,0
atitlan,2026-07-22,689250.0,1617150.0,0.17678666,9.1762,225,0
atitlan,2026-07-22,689550.0,1617150.0,0.20936878,10.767186,225,0
atitlan,2026-07-22,689850.0,1617150.0,0.16171157,8.911364,225,0
atitlan,2026-07-22,690150.0,1617150.0,0.19110759,9.657422,225,0
atitlan,2026-07-22,690450.0,1617150.0,0.1955229,9.246372,225,0
atitlan,2026-07-22,690750.0,1617150.0,0.26131588,14.485053,225,1
atitlan,2026-07-22,691050.0,1617150.0,0.29808727,16.871325,225,1
atitlan,2026-07-22,691350.0,1617150.0,0.26369485,14.51998,225,1
atitlan,2026-07-22,691650.0,1617150.0,0.28300548,15.404747,225,1
atitlan,2026-07-22,691950.0,1617150.0,0.26814768,14.332989,225,1
atitlan,2026-07-22,692250.0,1617150.0,0.28122118,16.026426,225,1
atitlan,2026-07-22,692550.0,1617150.0,0.3100771,19.753057,225,1
atitlan,2026-07-22,692850.0,1617150.0,0.32976466,24.046251,225,1
atitlan,2026-07-22,693150.0,1617150.0,0.33303818,24.602833,225,1
atitlan,2026-07-22,693450.0,1617150.0,0.3248419,23.44157,225,1
atitlan,2026-07-22,693750.0,1617150.0,0.1868023,13.265305,225,1
atitlan,2026-07-22,694050.0,1617150.0,0.12987456,8.757022,225,0
atitlan,2026-07-22,694350.0,1617150.0,0.15913354,9.868283,225,0
atitlan,2026-07-22,694650.0,1617150.0,0.2320918,12.809612,225,1
atitlan,2026-07-22,694950.0,1617150.0,0.16503696,9.119863,225,0
atitlan,2026-07-22,695250.0,1617150.0,0.35368216,28.242867,225,1
atitlan,2026-07-22,695550.0,1617150.0,0.37970284,33.482414,225,1
atitlan,2026-07-22,695850.0,1617150.0,0.38124612,32.576813,225,1
atitlan,2026-07-22,696150.0,1617150.0,0.40990344,39.5303,225,1
atitlan,2026-07-22,696450.0,1617150.0,0.40885428,40.908703,225,1
atitlan,2026-07-22,696750.0,1617150.0,0.40839195,39.407635,225,1
atitlan,2026-07-22,697050.0,1617150.0,0.38710344,34.508007,225,1
atitlan,2026-07-22,697350.0,1617150.0,0.34724766,25.560226,225,1
atitlan,2026-07-22,697650.0,1617150.0,0.28877342,16.651293,225,1
atitlan,2026-07-22,697950.0,1617150.0,0.2790559,15.687273,225,1
atitlan,2026-07-22,698250.0,1617150.0,0.30320477,18.193604,225,1
atitlan,2026-07-22,698550.0,1617150.0,0.25492653,15.644964,225,1
atitlan,2026-07-22,698850.0,1617150.0,0.21996605,10.664809,225,0
atitlan,2026-07-22,699150.0,1617150.0,0.2541423,13.3602085,225,1
atitlan,2026-07-22,699450.0,1617150.0,0.21486852,12.391425,225,1
atitlan,2026-07-22,699750.0,1617150.0,0.24782355,15.658811,225,1
atitlan,2026-07-22,700050.0,1617150.0,0.31902972,21.734724,225,1
atitlan,2026-07-22,700350.0,1617150.0,0.29388344,17.032465,225,1
atitlan,2026-07-22,700650.0,1617150.0,0.3395474,23.642723,225,1
atitlan,2026-07-22,700950.0,1617150.0,0.32781857,21.476553,225,1
atitlan,2026-07-22,701250.0,1617150.0,0.33677173,23.044395,225,1
atitlan,2026-07-22,701550.0,1617150.0,0.33218202,21.766626,225,1
atitlan,2026-07-22,701850.0,1617150.0,0.3419388,23.701124,225,1
atitlan,2026-07-22,702150.0,1617150.0,0.364537,28.277912,225,1
atitlan,2026-07-22,702450.0,1617150.0,0.36509672,28.269018,225,1
atitlan,2026-07-22,702750.0,1617150.0,0.3630612,27.719393,225,1
atitlan,2026-07-22,703050.0,1617150.0,0.36019993,27.265083,225,1
atitlan,2026-07-22,703350.0,1617150.0,0.33463886,22.682888,225,1
atitlan,2026-07-22,703650.0,1617150.0,0.3112608,20.688381,225,1
atitlan,2026-07-22,703950.0,1617150.0,0.32794213,21.402443,225,1
atitlan,2026-07-22,704250.0,1617150.0,0.32687458,22.024593,225,1
atitlan,2026-07-22,704550.0,1617150.0,0.29996222,19.249477,225,1
atitlan,2026-07-22,704850.0,1617150.0,0.2984371,18.779875,225,1
atitlan,2026-07-22,705150.0,1617150.0,0.31212297,20.0452,225,1
atitlan,2026-07-22,705450.0,1617150.0,0.35529622,26.07964,225,1
atitlan,2026-07-22,705750.0,1617150.0,0.35299602,25.618914,225,1
atitlan,2026-07-22,706050.0,1617150.0,0.33991733,23.222746,225,1
atitlan,2026-07-22,706350.0,1617150.0,0.3597392,27.273388,225,1
atitlan,2026-07-22,706650.0,1617150.0,0.3600526,27.269186,225,1
atitlan,2026-07-22,706950.0,1617150.0,0.36230978,27.511063,225,1
atitlan,2026-07-22,707250.0,1617150.0,0.3520294,26.131851,225,1
atitlan,2026-07-22,707550.0,1617150.0,0.2798034,17.726328,225,1
atitlan,2026-07-22,707850.0,1617150.0,0.3072488,20.775974,45,1
atitlan,2026-07-22,680250.0,1617450.0,0.019524572,4.268547,180,0
atitlan,2026-07-22,680550.0,1617450.0,0.010954149,4.112005,225,0
atitlan,2026-07-22,680850.0,1617450.0,0.06010877,5.257429,225,0
atitlan,2026-07-22,681150.0,1617450.0,0.021501662,4.3268113,225,0
atitlan,2026-07-22,681450.0,1617450.0,0.033655193,4.7523866,225,0
atitlan,2026-07-22,681750.0,1617450.0,0.27512702,16.73029,225,1
atitlan,2026-07-22,682050.0,1617450.0,0.31648496,18.996471,225,1
atitlan,2026-07-22,682350.0,1617450.0,0.30160004,17.824373,225,1
atitlan,2026-07-22,682650.0,1617450.0,0.3565292,29.38729,225,1
atitlan,2026-07-22,682950.0,1617450.0,0.34632277,25.677927,225,1
atitlan,2026-07-22,683250.0,1617450.0,0.3876006,33.742443,225,1
atitlan,2026-07-22,683550.0,1617450.0,0.35023022,28.047415,225,1
atitlan,2026-07-22,683850.0,1617450.0,0.2847341,17.62694,225,1
atitlan,2026-07-22,684150.0,1617450.0,0.24485914,14.402719,225,1
atitlan,2026-07-22,684450.0,1617450.0,0.18235707,11.269769,225,0
atitlan,2026-07-22,684750.0,1617450.0,0.38320082,32.503155,225,1
atitlan,2026-07-22,685050.0,1617450.0,0.36289436,29.091162,225,1
atitlan,2026-07-22,685350.0,1617450.0,0.29013008,17.914125,225,1
atitlan,2026-07-22,685650.0,1617450.0,0.30324402,18.415428,225,1
atitlan,2026-07-22,685950.0,1617450.0,0.30593377,18.784561,225,1
atitlan,2026-07-22,686250.0,1617450.0,0.32720298,22.1107,225,1
atitlan,2026-07-22,686550.0,1617450.0,0.29008752,16.499006,225,1
atitlan,2026-07-22,686850.0,1617450.0,0.2659518,13.874253,225,1
atitlan,2026-07-22,687150.0,1617450.0,0.26354927,13.392697,225,1
atitlan,2026-07-22,687450.0,1617450.0,0.22532871,11.659723,225,0
atitlan,2026-07-22,687750.0,1617450.0,0.24509653,13.624107,225,1
atitlan,2026-07-22,688050.0,1617450.0,0.1745949,11.804238,225,0
atitlan,2026-07-22,688350.0,1617450.0,-0.06955073,1.5716584,225,0
atitlan,2026-07-22,688650.0,1617450.0,-0.072252534,1.4349933,225,0
atitlan,2026-07-22,688950.0,1617450.0,-0.073163345,1.3710833,225,0
atitlan,2026-07-22,689250.0,1617450.0,0.027031794,5.1783934,225,0
atitlan,2026-07-22,689550.0,1617450.0,0.16844653,8.23563,225,0
atitlan,2026-07-22,689850.0,1617450.0,0.22056592,11.281298,225,0
atitlan,2026-07-22,690150.0,1617450.0,0.21571909,11.547506,225,0
atitlan,2026-07-22,690450.0,1617450.0,0.18611751,10.196749,225,0
atitlan,2026-07-22,690750.0,1617450.0,0.2863721,15.502701,225,1
atitlan,2026-07-22,691050.0,1617450.0,0.30118906,17.107334,225,1
atitlan,2026-07-22,691350.0,1617450.0,0.29679504,17.013008,225,1
atitlan,2026-07-22,691650.0,1617450.0,0.26244652,13.854172,225,1
atitlan,2026-07-22,691950.0,1617450.0,0.28914824,17.407988,225,1
atitlan,2026-07-22,692250.0,1617450.0,0.18250294,8.7114,225,0
atitlan,2026-07-22,692550.0,1617450.0,0.22221015,12.101347,225,1
atitlan,2026-07-22,692850.0,1617450.0,0.32209158,22.31466,225,1
atitlan,2026-07-22,693150.0,1617450.0,0.3360121,24.699074,225,1
atitlan,2026-07-22,693450.0,1617450.0,0.3803649,32.082783,225,1
atitlan,2026-07-22,693750.0,1617450.0,0.37469167,30.180761,225,1
atitlan,2026-07-22,694050.0,1617450.0,0.36264107,27.90075,225,1
atitlan,2026-07-22,694350.0,1617450.0,0.34937933,25.041668,225,1
atitlan,2026-07-22,694650.0,1617450.0,0.3203798,19.818684,225,1
atitlan,2026-07-22,694950.0,1617450.0,0.32634145,20.593386,225,1
atitlan,2026-07-22,695250.0,1617450.0,0.36865622,29.585846,225,1
atitlan,2026-07-22,695550.0,1617450.0,0.23415904,15.373006,225,1
atitlan,2026-07-22,695850.0,1617450.0,0.35001603,27.935774,225,1
atitlan,2026-07-22,696150.0,1617450.0,0.4041157,37.95831,225,1
atitlan,2026-07-22,696450.0,1617450.0,0.3812602,36.152576,225,1
atitlan,2026-07-22,696750.0,1617450.0,0.32038024,26.832563,225,1
atitlan,2026-07-22,697050.0,1617450.0,0.28702033,18.071213,225,1
atitlan,2026-07-22,697350.0,1617450.0,0.33376548,23.173405,225,1
atitlan,2026-07-22,697650.0,1617450.0,0.3065464,18.67739,225,1
atitlan,2026-07-22,697950.0,1617450.0,0.27204877,14.521868,225,1
atitlan,2026-07-22,698250.0,1617450.0,0.29036066,16.51836,225,1
atitlan,2026-07-22,698550.0,1617450.0,0.24776849,13.551291,225,1
atitlan,2026-07-22,698850.0,1617450.0,0.25864342,13.64822,225,1
atitlan,2026-07-22,699150.0,1617450.0,0.24762999,13.249019,225,1
atitlan,2026-07-22,699450.0,1617450.0,0.18675198,10.618173,225,0
atitlan,2026-07-22,699750.0,1617450.0,0.13000016,8.311716,225,0
atitlan,2026-07-22,700050.0,1617450.0,0.311319,20.00836,225,1
atitlan,2026-07-22,700350.0,1617450.0,0.28212354,15.729546,225,1
atitlan,2026-07-22,700650.0,1617450.0,0.2658129,15.667946,225,1
atitlan,2026-07-22,700950.0,1617450.0,0.26388374,14.702645,225,1
atitlan,2026-07-22,701250.0,1617450.0,0.33023047,23.101616,225,1
atitlan,2026-07-22,701550.0,1617450.0,0.32888246,21.715063,225,1
atitlan,2026-07-22,701850.0,1617450.0,0.34324586,23.973127,225,1
atitlan,2026-07-22,702150.0,1617450.0,0.3923988,34.767174,225,1
atitlan,2026-07-22,702450.0,1617450.0,0.36032605,27.686293,225,1
atitlan,2026-07-22,702750.0,1617450.0,0.35994384,27.368784,225,1
atitlan,2026-07-22,703050.0,1617450.0,0.36015025,27.070692,225,1
atitlan,2026-07-22,703350.0,1617450.0,0.33851072,24.069954,225,1
atitlan,2026-07-22,703650.0,1617450.0,0.32553256,22.035929,225,1
atitlan,2026-07-22,703950.0,1617450.0,0.3542396,26.243092,225,1
atitlan,2026-07-22,704250.0,1617450.0,0.2853785,16.637985,225,1
atitlan,2026-07-22,704550.0,1617450.0,0.28860924,17.617287,225,1
atitlan,2026-07-22,704850.0,1617450.0,0.32282582,21.427729,225,1
atitlan,2026-07-22,705150.0,1617450.0,0.30811316,18.21821,225,1
atitlan,2026-07-22,705450.0,1617450.0,0.2945837,16.224426,225,1
atitlan,2026-07-22,705750.0,1617450.0,0.31571203,19.114977,225,1
atitlan,2026-07-22,706050.0,1617450.0,0.3368833,22.688429,225,1
atitlan,2026-07-22,706350.0,1617450.0,0.34603935,25.09537,225,1
atitlan,2026-07-22,706650.0,1617450.0,0.3466942,24.60153,225,1
atitlan,2026-07-22,706950.0,1617450.0,0.35551187,26.167833,225,1
atitlan,2026-07-22,707250.0,1617450.0,0.36325786,27.894072,225,1
atitlan,2026-07-22,707550.0,1617450.0,0.35287032,25.640137,225,1
atitlan,2026-07-22,707850.0,1617450.0,0.3680142,29.005854,45,1
atitlan,2026-07-22,680250.0,1617750.0,0.0055187396,4.113405,180,0
atitlan,2026-07-22,680550.0,1617750.0,0.06710838,5.4314237,225,0
atitlan,2026-07-22,680850.0,1617750.0,0.13694705,7.417237,225,0
atitlan,2026-07-22,681150.0,1617750.0,0.028649252,4.494122,225,0
atitlan,2026-07-22,681450.0,1617750.0,0.19483723,12.184116,225,1
atitlan,2026-07-22,681750.0,1617750.0,0.312599,18.45699,225,1
atitlan,2026-07-22,682050.0,1617750.0,0.30319938,17.225431,225,1
atitlan,2026-07-22,682350.0,1617750.0,0.35974106,27.437973,225,1
atitlan,2026-07-22,682650.0,1617750.0,0.37470713,30.597164,225,1
atitlan,2026-07-22,682950.0,1617750.0,0.34210443,24.192644,225,1
atitlan,2026-07-22,683250.0,1617750.0,0.39084643,34.589405,225,1
atitlan,2026-07-22,683550.0,1617750.0,0.33969402,25.576456,225,1
atitlan,2026-07-22,683850.0,1617750.0,0.27986977,17.764725,225,1
atitlan,2026-07-22,684150.0,1617750.0,0.208291,16.290607,225,1
atitlan,2026-07-22,684450.0,1617750.0,0.34987387,26.572016,225,1
atitlan,2026-07-22,684750.0,1617750.0,0.38284802,33.115704,225,1
atitlan,2026-07-22,685050.0,1617750.0,0.32273966,21.311647,225,1
atitlan,2026-07-22,685350.0,1617750.0,0.31285203,20.163715,225,1
atitlan,2026-07-22,685650.0,1617750.0,0.29944724,18.171005,225,1
atitlan,2026-07-22,685950.0,1617750.0,0.29011387,16.933558,225,1
atitlan,2026-07-22,686250.0,1617750.0,0.29797003,17.152838,225,1
atitlan,2026-07-22,686550.0,1617750.0,0.31233734,20.34902,225,1
atitlan,2026-07-22,686850.0,1617750.0,0.270227,14.929477,225,1
atitlan,2026-07-22,687150.0,1617750.0,0.28385723,15.834692,225,1
atitlan,2026-07-22,687450.0,1617750.0,0.2110469,13.444856,225,1
atitlan,2026-07-22,687750.0,1617750.0,0.18536498,11.440973,225,0
atitlan,2026-07-22,688050.0,1617750.0,0.06638544,5.53185,225,0
atitlan,2026-07-22,688350.0,1617750.0,-0.07096005,1.5073411,225,0
atitlan,2026-07-22,688650.0,1617750.0,-0.07876464,1.093387,225,0
atitlan,2026-07-22,688950.0,1617750.0,-0.08377055,0.838861,225,0
atitlan,2026-07-22,689250.0,1617750.0,-0.082948096,0.845068,225,0
atitlan,2026-07-22,689550.0,1617750.0,0.0328412,5.0239606,225,0
atitlan,2026-07-22,689850.0,1617750.0,0.21106367,10.579323,225,0
atitlan,2026-07-22,690150.0,1617750.0,0.24250531,12.436839,225,1
atitlan,2026-07-22,690450.0,1617750.0,0.13062921,7.9807005,225,0
atitlan,2026-07-22,690750.0,1617750.0,0.19810134,10.93661,225,0
atitlan,2026-07-22,691050.0,1617750.0,0.2693869,14.239527,225,1
atitlan,2026-07-22,691350.0,1617750.0,0.28908187,15.817652,225,1
atitlan,2026-07-22,691650.0,1617750.0,0.27166373,15.27139,225,1
atitlan,2026-07-22,691950.0,1617750.0,0.28504848,16.30807,225,1
atitlan,2026-07-22,692250.0,1617750.0,0.23121376,11.69539,225,0
atitlan,2026-07-22,692550.0,1617750.0,0.21443489,11.800552,225,0
atitlan,2026-07-22,692850.0,1617750.0,0.2845277,17.367548,225,1
atitlan,2026-07-22,693150.0,1617750.0,0.3497427,28.096888,225,1
atitlan,2026-07-22,693450.0,1617750.0,0.35491386,26.771585,225,1
atitlan,2026-07-22,693750.0,1617750.0,0.36898482,28.892452,225,1
atitlan,2026-07-22,694050.0,1617750.0,0.36371663,27.864603,225,1
atitlan,2026-07-22,694350.0,1617750.0,0.36311302,28.31124,225,1
atitlan,2026-07-22,694650.0,1617750.0,0.3333845,22.494156,225,1
atitlan,2026-07-22,694950.0,1617750.0,0.335516,22.447617,225,1
atitlan,2026-07-22,695250.0,1617750.0,0.34139505,23.696823,225,1
atitlan,2026-07-22,695550.0,1617750.0,0.37951198,31.726797,225,1
atitlan,2026-07-22,695850.0,1617750.0,0.41052592,39.942543,225,1
atitlan,2026-07-22,696150.0,1617750.0,0.42759836,45.1175,225,1
atitlan,2026-07-22,696450.0,1617750.0,0.40491834,38.019848,225,1
atitlan,2026-07-22,696750.0,1617750.0,0.39741096,37.307533,225,1
atitlan,2026-07-22,697050.0,1617750.0,0.3675135,31.348352,225,1
atitlan,2026-07-22,697350.0,1617750.0,0.34258187,24.928343,225,1
atitlan,2026-07-22,697650.0,1617750.0,0.31072098,19.69927,225,1
atitlan,2026-07-22,697950.0,1617750.0,0.2862051,16.179012,225,1
atitlan,2026-07-22,698250.0,1617750.0,0.3009966,17.554337,225,1
atitlan,2026-07-22,698550.0,1617750.0,0.28832045,15.511537,225,1
atitlan,2026-07-22,698850.0,1617750.0,0.27942836,15.462448,225,1
atitlan,2026-07-22,699150.0,1617750.0,0.14110926,8.471158,225,0
atitlan,2026-07-22,699450.0,1617750.0,0.19174603,10.272168,225,0
atitlan,2026-07-22,699750.0,1617750.0,0.13132453,8.070752,225,0
atitlan,2026-07-22,700050.0,1617750.0,0.21737717,13.761271,225,1
atitlan,2026-07-22,700350.0,1617750.0,0.2987681,18.083635,225,1
atitlan,2026-07-22,700650.0,1617750.0,0.3162669,19.983696,225,1
atitlan,2026-07-22,700950.0,1617750.0,0.28922376,16.968197,225,1
atitlan,2026-07-22,701250.0,1617750.0,0.29376394,17.899855,225,1
atitlan,2026-07-22,701550.0,1617750.0,0.33261037,22.05078,225,1
atitlan,2026-07-22,701850.0,1617750.0,0.35933942,27.051867,225,1
atitlan,2026-07-22,702150.0,1617750.0,0.38122356,31.910538,225,1
atitlan,2026-07-22,702450.0,1617750.0,0.35229892,25.667767,225,1
atitlan,2026-07-22,702750.0,1617750.0,0.35679284,26.394503,225,1
atitlan,2026-07-22,703050.0,1617750.0,0.34816822,24.539387,225,1
atitlan,2026-07-22,703350.0,1617750.0,0.3343439,22.299257,225,1
atitlan,2026-07-22,703650.0,1617750.0,0.3155789,20.643742,225,1
atitlan,2026-07-22,703950.0,1617750.0,0.35050073,25.563227,225,1
atitlan,2026-07-22,704250.0,1617750.0,0.29833075,19.302704,225,1
atitlan,2026-07-22,704550.0,1617750.0,0.23734489,11.926862,225,0
atitlan,2026-07-22,704850.0,1617750.0,0.3299278,22.140324,225,1
atitlan,2026-07-22,705150.0,1617750.0,0.31889886,20.248297,225,1
atitlan,2026-07-22,705450.0,1617750.0,0.2655708,12.569048,225,1
atitlan,2026-07-22,705750.0,1617750.0,0.2886118,15.626948,225,1
atitlan,2026-07-22,706050.0,1617750.0,0.22545062,10.006042,225,0
atitlan,2026-07-22,706350.0,1617750.0,0.3156981,19.623041,225,1
atitlan,2026-07-22,706650.0,1617750.0,0.3436466,24.374765,225,1
atitlan,2026-07-22,706950.0,1617750.0,0.3530658,25.763016,225,1
atitlan,2026-07-22,707250.0,1617750.0,0.35125256,25.51111,225,1
atitlan,2026-07-22,707550.0,1617750.0,0.34197477,23.86728,225,1
atitlan,2026-07-22,707850.0,1617750.0,0.4034152,38.13741,45,1
atitlan,2026-07-22,680250.0,1618050.0,0.11180312,6.687975,180,0
atitlan,2026-07-22,680550.0,1618050.0,0.21512984,13.185231,225,1
atitlan,2026-07-22,680850.0,1618050.0,0.28356063,16.113106,225,1
atitlan,2026-07-22,681150.0,1618050.0,0.25062987,13.502642,225,1
atitlan,2026-07-22,681450.0,1618050.0,0.2677663,13.78506,225,1
atitlan,2026-07-22,681750.0,1618050.0,0.28457946,14.794235,225,1
atitlan,2026-07-22,682050.0,1618050.0,0.27960002,14.589435,225,1
atitlan,2026-07-22,682350.0,1618050.0,0.32120857,20.011093,225,1
atitlan,2026-07-22,682650.0,1618050.0,0.3580838,27.048195,225,1
atitlan,2026-07-22,682950.0,1618050.0,0.36993665,29.523836,225,1
atitlan,2026-07-22,683250.0,1618050.0,0.36523378,28.597324,225,1
atitlan,2026-07-22,683550.0,1618050.0,0.37837288,31.662128,225,1
atitlan,2026-07-22,683850.0,1618050.0,0.41696241,41.59749,225,1
atitlan,2026-07-22,684150.0,1618050.0,0.41936395,42.43763,225,1
atitlan,2026-07-22,684450.0,1618050.0,0.38706496,37.136257,225,1
atitlan,2026-07-22,684750.0,1618050.0,0.33487478,25.89558,225,1
atitlan,2026-07-22,685050.0,1618050.0,0.28624955,16.565748,225,1
atitlan,2026-07-22,685350.0,1618050.0,0.29448396,17.849546,225,1
atitlan,2026-07-22,685650.0,1618050.0,0.29328892,18.031977,225,1
atitlan,2026-07-22,685950.0,1618050.0,0.29729024,17.429125,225,1
atitlan,2026-07-22,686250.0,1618050.0,0.28314868,16.69616,225,1
atitlan,2026-07-22,686550.0,1618050.0,0.29312935,17.468079,225,1
atitlan,2026-07-22,686850.0,1618050.0,0.28728387,15.821853,225,1
atitlan,2026-07-22,687150.0,1618050.0,0.26795596,14.370912,225,1
atitlan,2026-07-22,687450.0,1618050.0,0.26845756,15.239564,225,1
atitlan,2026-07-22,687750.0,1618050.0,0.27501813,16.324282,225,1
atitlan,2026-07-22,688050.0,1618050.0,0.21687622,12.705391,225,1
atitlan,2026-07-22,688350.0,1618050.0,0.061304636,5.4583335,225,0
atitlan,2026-07-22,688650.0,1618050.0,-0.076694526,1.1962744,225,0
atitlan,2026-07-22,688950.0,1618050.0,-0.083958514,0.78477925,225,0
atitlan,2026-07-22,689250.0,1618050.0,-0.08365561,0.79718894,225,0
atitlan,2026-07-22,689550.0,1618050.0,-0.081108205,0.9158225,225,0
atitlan,2026-07-22,689850.0,1618050.0,-0.024777006,3.2189887,225,0
atitlan,2026-07-22,690150.0,1618050.0,0.14133716,8.441183,225,0
atitlan,2026-07-22,690450.0,1618050.0,0.17810799,9.737861,225,0
atitlan,2026-07-22,690750.0,1618050.0,0.22680007,11.694089,225,0
atitlan,2026-07-22,691050.0,1618050.0,0.2939945,16.189215,225,1
atitlan,2026-07-22,691350.0,1618050.0,0.2889721,15.860077,225,1
atitlan,2026-07-22,691650.0,1618050.0,0.24917668,13.07468,225,1
atitlan,2026-07-22,691950.0,1618050.0,0.2507565,13.045604,225,1
atitlan,2026-07-22,692250.0,1618050.0,0.2049287,10.272399,225,0
atitlan,2026-07-22,692550.0,1618050.0,0.25045264,13.979264,225,1
atitlan,2026-07-22,692850.0,1618050.0,0.2844336,17.152248,225,1
atitlan,2026-07-22,693150.0,1618050.0,0.3218231,20.783113,225,1
atitlan,2026-07-22,693450.0,1618050.0,0.31782866,21.083014,225,1
atitlan,2026-07-22,693750.0,1618050.0,0.36711586,28.570042,225,1
atitlan,2026-07-22,694050.0,1618050.0,0.35744748,26.561073,225,1
atitlan,2026-07-22,694350.0,1618050.0,0.34832954,24.868483,225,1
atitlan,2026-07-22,694650.0,1618050.0,0.34188247,23.771038,225,1
atitlan,2026-07-22,694950.0,1618050.0,0.33984548,23.428894,225,1
atitlan,2026-07-22,695250.0,1618050.0,0.33722937,22.850702,225,1
atitlan,2026-07-22,695550.0,1618050.0,0.36975074,29.351252,225,1
atitlan,2026-07-22,695850.0,1618050.0,0.40777862,39.270916,225,1
atitlan,2026-07-22,696150.0,1618050.0,0.41815004,42.434605,225,1
atitlan,2026-07-22,696450.0,1618050.0,0.4094481,39.580746,225,1
atitlan,2026-07-22,696750.0,1618050.0,0.39719334,36.46268,225,1
atitlan,2026-07-22,697050.0,1618050.0,0.35257813,27.26799,225,1
atitlan,2026-07-22,697350.0,1618050.0,0.3338259,23.449072,225,1
atitlan,2026-07-22,697650.0,1618050.0,0.29335082,17.295761,225,1
atitlan,2026-07-22,697950.0,1618050.0,0.28161287,14.928591,225,1
atitlan,2026-07-22,698250.0,1618050.0,0.26672274,14.13789,225,1
atitlan,2026-07-22,698550.0,1618050.0,0.27747753,14.428606,225,1
atitlan,2026-07-22,698850.0,1618050.0,0.27210793,14.729531,225,1
atitlan,2026-07-22,699150.0,1618050.0,0.20652056,11.056689,225,0
atitlan,2026-07-22,699450.0,1618050.0,0.22113985,12.064556,225,1
atitlan,2026-07-22,699750.0,1618050.0,0.099149585,6.705763,225,0
atitlan,2026-07-22,700050.0,1618050.0,0.12964326,8.6582155,225,0
atitlan,2026-07-22,700350.0,1618050.0,0.2979008,17.356522,225,1
atitlan,2026-07-22,700650.0,1618050.0,0.2998054,17.17795,225,1
atitlan,2026-07-22,700950.0,1618050.0,0.27080566,16.17585,225,1
atitlan,2026-07-22,701250.0,1618050.0,0.2985963,19.269403,225,1
atitlan,2026-07-22,701550.0,1618050.0,0.3598222,27.364073,225,1
atitlan,2026-07-22,701850.0,1618050.0,0.33772007,25.036505,225,1
atitlan,2026-07-22,702150.0,1618050.0,0.34007797,24.458162,225,1
atitlan,2026-07-22,702450.0,1618050.0,0.32719755,21.629139,225,1
atitlan,2026-07-22,702750.0,1618050.0,0.35352522,26.254013,225,1
atitlan,2026-07-22,703050.0,1618050.0,0.34210774,24.23715,225,1
atitlan,2026-07-22,703350.0,1618050.0,0.34040028,23.48564,225,1
atitlan,2026-07-22,703650.0,1618050.0,0.29150903,17.688139,225,1
atitlan,2026-07-22,703950.0,1618050.0,0.32580447,21.952822,225,1
atitlan,2026-07-22,704250.0,1618050.0,0.35667834,26.347414,225,1
atitlan,2026-07-22,704550.0,1618050.0,0.30721918,18.843628,225,1
atitlan,2026-07-22,704850.0,1618050.0,0.2849995,16.147581,225,1
atitlan,2026-07-22,705150.0,1618050.0,0.312466,19.0892,225,1
atitlan,2026-07-22,705450.0,1618050.0,0.28580523,15.08996,225,1
atitlan,2026-07-22,705750.0,1618050.0,0.27216303,13.883385,225,1
atitlan,2026-07-22,706050.0,1618050.0,0.17919542,6.9248886,225,0
atitlan,2026-07-22,706350.0,1618050.0,0.28454593,16.328682,225,1
atitlan,2026-07-22,706650.0,1618050.0,0.34484994,24.63782,225,1
atitlan,2026-07-22,706950.0,1618050.0,0.34823796,24.971193,225,1
atitlan,2026-07-22,707250.0,1618050.0,0.349128,25.221844,225,1
atitlan,2026-07-22,707550.0,1618050.0,0.35489056,26.404327,225,1
atitlan,2026-07-22,707850.0,1618050.0,0.3640755,27.750252,45,1
atitlan,2026-07-22,680250.0,1618350.0,0.30393776,17.43668,180,1
atitlan,2026-07-22,680550.0,1618350.0,0.29323402,15.732269,225,1
atitlan,2026-07-22,680850.0,1618350.0,0.28607267,15.097055,225,1
atitlan,2026-07-22,681150.0,1618350.0,0.19923258,11.609313,225,0
atitlan,2026-07-22,681450.0,1618350.0,0.2592118,13.636784,225,1
atitlan,2026-07-22,681750.0,1618350.0,0.30235445,17.293644,225,1
atitlan,2026-07-22,682050.0,1618350.0,0.3046922,17.524017,225,1
atitlan,2026-07-22,682350.0,1618350.0,0.3193216,19.44764,225,1
atitlan,2026-07-22,682650.0,1618350.0,0.36362645,28.478228,225,1
atitlan,2026-07-22,682950.0,1618350.0,0.39373982,35.209232,225,1
atitlan,2026-07-22,683250.0,1618350.0,0.40146986,37.556065,225,1
atitlan,2026-07-22,683550.0,1618350.0,0.41075745,40.235844,225,1
atitlan,2026-07-22,683850.0,1618350.0,0.41224253,40.20975,225,1
atitlan,2026-07-22,684150.0,1618350.0,0.3919589,35.991405,225,1
atitlan,2026-07-22,684450.0,1618350.0,0.35089448,29.006338,225,1
atitlan,2026-07-22,684750.0,1618350.0,0.29773426,18.945568,225,1
atitlan,2026-07-22,685050.0,1618350.0,0.29107365,16.66567,225,1
atitlan,2026-07-22,685350.0,1618350.0,0.29152375,18.308828,225,1
atitlan,2026-07-22,685650.0,1618350.0,0.27728298,16.055027,225,1
atitlan,2026-07-22,685950.0,1618350.0,0.28898752,17.425882,225,1
atitlan,2026-07-22,686250.0,1618350.0,0.26561737,14.689734,225,1
atitlan,2026-07-22,686550.0,1618350.0,0.30900952,19.556614,225,1
atitlan,2026-07-22,686850.0,1618350.0,0.29677477,17.265003,225,1
atitlan,2026-07-22,687150.0,1618350.0,0.26900095,13.679609,225,1
atitlan,2026-07-22,687450.0,1618350.0,0.2793313,14.737769,225,1
atitlan,2026-07-22,687750.0,1618350.0,0.2684148,14.79968,225,1
atitlan,2026-07-22,688050.0,1618350.0,0.27739972,15.076401,225,1
atitlan,2026-07-22,688350.0,1618350.0,0.22802795,13.021452,225,1
atitlan,2026-07-22,688650.0,1618350.0,-0.05949002,2.0396798,225,0
atitlan,2026-07-22,688950.0,1618350.0,-0.08006015,0.9930194,225,0
atitlan,2026-07-22,689250.0,1618350.0,-0.084374845,0.75899315,225,0
atitlan,2026-07-22,689550.0,1618350.0,-0.08364411,0.779323,225,0
atitlan,2026-07-22,689850.0,1618350.0,-0.08394585,0.7586158,225,0
atitlan,2026-07-22,690150.0,1618350.0,-0.04880975,2.5427732,225,0
atitlan,2026-07-22,690450.0,1618350.0,0.17165665,10.425851,225,0
atitlan,2026-07-22,690750.0,1618350.0,0.19424537,10.913661,225,0
atitlan,2026-07-22,691050.0,1618350.0,0.28467762,14.761366,225,1
atitlan,2026-07-22,691350.0,1618350.0,0.27443394,14.467429,225,1
atitlan,2026-07-22,691650.0,1618350.0,0.26433495,14.039596,225,1
atitlan,2026-07-22,691950.0,1618350.0,0.21574312,11.027817,225,0
atitlan,2026-07-22,692250.0,1618350.0,0.1994512,9.597659,225,0
atitlan,2026-07-22,692550.0,1618350.0,0.28430584,16.485905,225,1
atitlan,2026-07-22,692850.0,1618350.0,0.2741376,16.175354,225,1
atitlan,2026-07-22,693150.0,1618350.0,0.27276886,15.629198,225,1
atitlan,2026-07-22,693450.0,1618350.0,0.2771916,16.503897,225,1
atitlan,2026-07-22,693750.0,1618350.0,0.29671216,19.05024,225,1
atitlan,2026-07-22,694050.0,1618350.0,0.36206725,27.524946,225,1
atitlan,2026-07-22,694350.0,1618350.0,0.3538899,26.007387,225,1
atitlan,2026-07-22,694650.0,1618350.0,0.35186958,25.7564,225,1
atitlan,2026-07-22,694950.0,1618350.0,0.34954923,25.487694,225,1
atitlan,2026-07-22,695250.0,1618350.0,0.36542365,28.591913,225,1
atitlan,2026-07-22,695550.0,1618350.0,0.37295318,30.333418,225,1
atitlan,2026-07-22,695850.0,1618350.0,0.40786293,39.34406,225,1
atitlan,2026-07-22,696150.0,1618350.0,0.39375487,35.441162,225,1
atitlan,2026-07-22,696450.0,1618350.0,0.3863636,34.00844,225,1
atitlan,2026-07-22,696750.0,1618350.0,0.35997984,28.081654,225,1
atitlan,2026-07-22,697050.0,1618350.0,0.2941903,18.53174,225,1
atitlan,2026-07-22,697350.0,1618350.0,0.2977665,18.349436,225,1
atitlan,2026-07-22,697650.0,1618350.0,0.28750354,16.638844,225,1
atitlan,2026-07-22,697950.0,1618350.0,0.2723509,14.019539,225,1
atitlan,2026-07-22,698250.0,1618350.0,0.27556658,14.649419,225,1
atitlan,2026-07-22,698550.0,1618350.0,0.27862814,14.7401905,225,1
atitlan,2026-07-22,698850.0,1618350.0,0.27820563,14.757612,225,1
atitlan,2026-07-22,699150.0,1618350.0,0.24145634,12.261954,225,1
atitlan,2026-07-22,699450.0,1618350.0,0.14618193,9.488112,225,0
atitlan,2026-07-22,699750.0,1618350.0,0.059643794,4.8806973,225,0
atitlan,2026-07-22,700050.0,1618350.0,0.029252684,4.211175,225,0
atitlan,2026-07-22,700350.0,1618350.0,0.21976611,12.617689,225,1
atitlan,2026-07-22,700650.0,1618350.0,0.3000755,17.409124,225,1
atitlan,2026-07-22,700950.0,1618350.0,0.2835408,17.10334,225,1
atitlan,2026-07-22,701250.0,1618350.0,0.2939097,18.231857,225,1
atitlan,2026-07-22,701550.0,1618350.0,0.2577712,16.073181,225,1
atitlan,2026-07-22,701850.0,1618350.0,0.29175425,17.839636,225,1
atitlan,2026-07-22,702150.0,1618350.0,0.29189304,18.467213,225,1
atitlan,2026-07-22,702450.0,1618350.0,0.2644416,14.796988,225,1
atitlan,2026-07-22,702750.0,1618350.0,0.32249779,20.878119,225,1
atitlan,2026-07-22,703050.0,1618350.0,0.31688863,20.04023,225,1
atitlan,2026-07-22,703350.0,1618350.0,0.32340097,21.083937,225,1
atitlan,2026-07-22,703650.0,1618350.0,0.29450566,18.22581,225,1
atitlan,2026-07-22,703950.0,1618350.0,0.29861036,18.83252,225,1
atitlan,2026-07-22,704250.0,1618350.0,0.35165215,25.752705,225,1
atitlan,2026-07-22,704550.0,1618350.0,0.304282,18.071877,225,1
atitlan,2026-07-22,704850.0,1618350.0,0.2331109,10.260574,225,0
atitlan,2026-07-22,705150.0,1618350.0,0.2764738,14.466865,225,1
atitlan,2026-07-22,705450.0,1618350.0,0.22008651,10.160221,225,0
atitlan,2026-07-22,705750.0,1618350.0,0.29027772,15.845051,225,1
atitlan,2026-07-22,706050.0,1618350.0,0.24033089,10.844229,225,0
atitlan,2026-07-22,706350.0,1618350.0,0.2808036,15.437979,225,1
atitlan,2026-07-22,706650.0,1618350.0,0.33626634,22.817398,225,1
atitlan,2026-07-22,706950.0,1618350.0,0.33065885,21.682692,225,1
atitlan,2026-07-22,707250.0,1618350.0,0.34762934,24.596863,225,1
atitlan,2026-07-22,707550.0,1618350.0,0.32095745,20.157295,225,1
atitlan,2026-07-22,707850.0,1618350.0,0.33477718,22.291618,45,1
atitlan,2026-07-22,680250.0,1618650.0,0.32658923,20.939735,180,1
atitlan,2026-07-22,680550.0,1618650.0,0.31946012,19.841015,225,1
atitlan,2026-07-22,680850.0,1618650.0,0.33304125,21.920122,225,1
atitlan,2026-07-22,681150.0,1618650.0,0.31043693,18.551851,225,1
atitlan,2026-07-22,681450.0,1618650.0,0.3269589,20.970253,225,1
atitlan,2026-07-22,681750.0,1618650.0,0.31742075,19.79601,225,1
atitlan,2026-07-22,682050.0,1618650.0,0.32365346,20.478481,225,1
atitlan,2026-07-22,682350.0,1618650.0,0.31084403,18.267313,225,1
atitlan,2026-07-22,682650.0,1618650.0,0.35817555,27.353914,225,1
atitlan,2026-07-22,682950.0,1618650.0,0.367508,30.202595,225,1
atitlan,2026-07-22,683250.0,1618650.0,0.3617505,29.428816,225,1
atitlan,2026-07-22,683550.0,1618650.0,0.39213273,34.856316,225,1
atitlan,2026-07-22,683850.0,1618650.0,0.4007375,37.47173,225,1
atitlan,2026-07-22,684150.0,1618650.0,0.34727532,28.009872,225,1
atitlan,2026-07-22,684450.0,1618650.0,0.29366174,19.639006,225,1
atitlan,2026-07-22,684750.0,1618650.0,0.28376615,16.670832,225,1
atitlan,2026-07-22,685050.0,1618650.0,0.3017964,18.856472,225,1
atitlan,2026-07-22,685350.0,1618650.0,0.30622917,19.471117,225,1
atitlan,2026-07-22,685650.0,1618650.0,0.30262956,18.273111,225,1
atitlan,2026-07-22,685950.0,1618650.0,0.3016109,19.278261,225,1
atitlan,2026-07-22,686250.0,1618650.0,0.28776875,17.095766,225,1
atitlan,2026-07-22,686550.0,1618650.0,0.3024765,18.8246,225,1
atitlan,2026-07-22,686850.0,1618650.0,0.2856529,16.142368,225,1
atitlan,2026-07-22,687150.0,1618650.0,0.28127435,14.821623,225,1
atitlan,2026-07-22,687450.0,1618650.0,0.27915764,14.775892,225,1
atitlan,2026-07-22,687750.0,1618650.0,0.2950107,17.047138,225,1
atitlan,2026-07-22,688050.0,1618650.0,0.28141427,15.137735,225,1
atitlan,2026-07-22,688350.0,1618650.0,0.2669575,13.533335,225,1
atitlan,2026-07-22,688650.0,1618650.0,0.1448936,9.736062,225,0
atitlan,2026-07-22,688950.0,1618650.0,-0.002815777,3.8147383,225,0
atitlan,2026-07-22,689250.0,1618650.0,-0.08204074,0.8865057,225,0
atitlan,2026-07-22,689550.0,1618650.0,-0.086477175,0.6450314,225,0
atitlan,2026-07-22,689850.0,1618650.0,-0.083727255,0.7452865,225,0
atitlan,2026-07-22,690150.0,1618650.0,0.02908966,3.8587554,225,0
atitlan,2026-07-22,690450.0,1618650.0,0.05908828,5.1860075,225,0
atitlan,2026-07-22,690750.0,1618650.0,0.126919,7.999069,225,0
atitlan,2026-07-22,691050.0,1618650.0,0.26279494,12.935585,225,1
atitlan,2026-07-22,691350.0,1618650.0,0.2766906,14.209262,225,1
atitlan,2026-07-22,691650.0,1618650.0,0.28308925,15.563872,225,1
atitlan,2026-07-22,691950.0,1618650.0,0.23190616,12.328248,225,1
atitlan,2026-07-22,692250.0,1618650.0,0.2489921,13.322575,225,1
atitlan,2026-07-22,692550.0,1618650.0,0.24575956,13.4570675,225,1
atitlan,2026-07-22,692850.0,1618650.0,0.28877094,16.353422,225,1
atitlan,2026-07-22,693150.0,1618650.0,0.2692564,15.16027,225,1
atitlan,2026-07-22,693450.0,1618650.0,0.2584826,13.419811,225,1
atitlan,2026-07-22,693750.0,1618650.0,0.26822641,16.86207,225,1
atitlan,2026-07-22,694050.0,1618650.0,0.3643728,27.85988,225,1
atitlan,2026-07-22,694350.0,1618650.0,0.38403648,32.569134,225,1
atitlan,2026-07-22,694650.0,1618650.0,0.36923054,29.92649,225,1
atitlan,2026-07-22,694950.0,1618650.0,0.3785099,31.889742,225,1
atitlan,2026-07-22,695250.0,1618650.0,0.38361207,32.67628,225,1
atitlan,2026-07-22,695550.0,1618650.0,0.39885777,36.692017,225,1
atitlan,2026-07-22,695850.0,1618650.0,0.40634847,39.027836,225,1
atitlan,2026-07-22,696150.0,1618650.0,0.33721724,26.169502,225,1
atitlan,2026-07-22,696450.0,1618650.0,0.35507163,27.855385,225,1
atitlan,2026-07-22,696750.0,1618650.0,0.3138322,21.36063,225,1
atitlan,2026-07-22,697050.0,1618650.0,0.2910097,17.022688,225,1
atitlan,2026-07-22,697350.0,1618650.0,0.30958366,18.857338,225,1
atitlan,2026-07-22,697650.0,1618650.0,0.30142784,18.172838,225,1
atitlan,2026-07-22,697950.0,1618650.0,0.27049926,14.06772,225,1
atitlan,2026-07-22,698250.0,1618650.0,0.26161364,13.107503,225,1
atitlan,2026-07-22,698550.0,1618650.0,0.27639169,14.634268,225,1
atitlan,2026-07-22,698850.0,1618650.0,0.25983444,13.28039,225,1
atitlan,2026-07-22,699150.0,1618650.0,0.2398891,11.517783,225,0
atitlan,2026-07-22,699450.0,1618650.0,0.2185116,11.617261,225,0
atitlan,2026-07-22,699750.0,1618650.0,0.031961437,4.259281,225,0
atitlan,2026-07-22,700050.0,1618650.0,0.053415786,4.923939,225,0
atitlan,2026-07-22,700350.0,1618650.0,0.18159401,10.764792,225,0
atitlan,2026-07-22,700650.0,1618650.0,0.25534844,13.866072,225,1
atitlan,2026-07-22,700950.0,1618650.0,0.28050375,14.624733,225,1
atitlan,2026-07-22,701250.0,1618650.0,0.27635407,16.545382,225,1
atitlan,2026-07-22,701550.0,1618650.0,0.26306975,14.931667,225,1
atitlan,2026-07-22,701850.0,1618650.0,0.20789228,10.760971,225,0
atitlan,2026-07-22,702150.0,1618650.0,0.27763024,15.6485815,225,1
atitlan,2026-07-22,702450.0,1618650.0,0.29496133,17.17565,225,1
atitlan,2026-07-22,702750.0,1618650.0,0.29677916,17.639874,225,1
atitlan,2026-07-22,703050.0,1618650.0,0.3278693,21.353031,225,1
atitlan,2026-07-22,703350.0,1618650.0,0.29862633,17.879517,225,1
atitlan,2026-07-22,703650.0,1618650.0,0.2835348,17.206705,225,1
atitlan,2026-07-22,703950.0,1618650.0,0.28940314,17.780985,225,1
atitlan,2026-07-22,704250.0,1618650.0,0.32150164,22.405529,225,1
atitlan,2026-07-22,704550.0,1618650.0,0.32081184,21.554148,225,1
atitlan,2026-07-22,704850.0,1618650.0,0.31670186,21.21265,225,1
atitlan,2026-07-22,705150.0,1618650.0,0.25822598,14.018092,225,1
atitlan,2026-07-22,705450.0,1618650.0,0.14803448,6.4952564,225,0
atitlan,2026-07-22,705750.0,1618650.0,0.22899881,10.460206,225,0
atitlan,2026-07-22,706050.0,1618650.0,0.30493292,18.569302,225,1
atitlan,2026-07-22,706350.0,1618650.0,0.27842686,14.850648,225,1
atitlan,2026-07-22,706650.0,1618650.0,0.3168965,19.74337,225,1
atitlan,2026-07-22,706950.0,1618650.0,0.33255404,21.967941,225,1
atitlan,2026-07-22,707250.0,1618650.0,0.33363,22.16788,225,1
atitlan,2026-07-22,707550.0,1618650.0,0.32763997,21.853844,225,1
atitlan,2026-07-22,707850.0,1618650.0,0.34206006,23.712576,45,1
atitlan,2026-07-22,680250.0,1618950.0,0.3472073,24.4373,180,1
atitlan,2026-07-22,680550.0,1618950.0,0.3192313,19.567755,225,1
atitlan,2026-07-22,680850.0,1618950.0,0.3251788,20.612846,225,1
atitlan,2026-07-22,681150.0,1618950.0,0.316368,20.001558,225,1
atitlan,2026-07-22,681450.0,1618950.0,0.29779956,17.064154,225,1
atitlan,2026-07-22,681750.0,1618950.0,0.27774376,14.373516,225,1
atitlan,2026-07-22,682050.0,1618950.0,0.29073143,15.81566,225,1
atitlan,2026-07-22,682350.0,1618950.0,0.29967016,17.673578,225,1
atitlan,2026-07-22,682650.0,1618950.0,0.31628326,20.350945,225,1
atitlan,2026-07-22,682950.0,1618950.0,0.1946508,10.864699,225,0
atitlan,2026-07-22,683250.0,1618950.0,0.21354266,13.214893,225,1
atitlan,2026-07-22,683550.0,1618950.0,0.29075688,22.019987,225,1
atitlan,2026-07-22,683850.0,1618950.0,0.37133056,30.810846,225,1
atitlan,2026-07-22,684150.0,1618950.0,0.36378497,29.50243,225,1
atitlan,2026-07-22,684450.0,1618950.0,0.309494,20.826742,225,1
atitlan,2026-07-22,684750.0,1618950.0,0.29159808,19.15449,225,1
atitlan,2026-07-22,685050.0,1618950.0,0.30706444,20.486282,225,1
atitlan,2026-07-22,685350.0,1618950.0,0.280801,16.45796,225,1
atitlan,2026-07-22,685650.0,1618950.0,0.27686933,16.662079,225,1
atitlan,2026-07-22,685950.0,1618950.0,0.30790955,19.11264,225,1
atitlan,2026-07-22,686250.0,1618950.0,0.28857523,17.46446,225,1
atitlan,2026-07-22,686550.0,1618950.0,0.27824444,15.675013,225,1
atitlan,2026-07-22,686850.0,1618950.0,0.28763634,16.414026,225,1
atitlan,2026-07-22,687150.0,1618950.0,0.28432703,15.839294,225,1
atitlan,2026-07-22,687450.0,1618950.0,0.2831856,16.823036,225,1
atitlan,2026-07-22,687750.0,1618950.0,0.2828126,16.985704,225,1
atitlan,2026-07-22,688050.0,1618950.0,0.29687545,17.675318,225,1
atitlan,2026-07-22,688350.0,1618950.0,0.26816532,14.777423,225,1
atitlan,2026-07-22,688650.0,1618950.0,0.25733086,14.090275,225,1
atitlan,2026-07-22,688950.0,1618950.0,0.2314683,13.226744,225,1
atitlan,2026-07-22,689250.0,1618950.0,-0.06854852,1.4697692,225,0
atitlan,2026-07-22,689550.0,1618950.0,-0.08300502,0.8115945,225,0
atitlan,2026-07-22,689850.0,1618950.0,-0.072362676,1.1334877,225,0
atitlan,2026-07-22,690150.0,1618950.0,0.09534539,6.64401,225,0
atitlan,2026-07-22,690450.0,1618950.0,0.023777114,4.101929,225,0
atitlan,2026-07-22,690750.0,1618950.0,0.028475704,4.3851705,225,0
atitlan,2026-07-22,691050.0,1618950.0,0.14413825,8.541906,225,0
atitlan,2026-07-22,691350.0,1618950.0,0.25045443,12.4559965,225,1
atitlan,2026-07-22,691650.0,1618950.0,0.28298312,14.90578,225,1
atitlan,2026-07-22,691950.0,1618950.0,0.26882768,13.73602,225,1
atitlan,2026-07-22,692250.0,1618950.0,0.26380697,13.507476,225,1
atitlan,2026-07-22,692550.0,1618950.0,0.28470516,15.449559,225,1
atitlan,2026-07-22,692850.0,1618950.0,0.25608253,13.474515,225,1
atitlan,2026-07-22,693150.0,1618950.0,0.25323075,13.296749,225,1
atitlan,2026-07-22,693450.0,1618950.0,0.24427928,12.549507,225,1
atitlan,2026-07-22,693750.0,1618950.0,0.2653347,14.796578,225,1
atitlan,2026-07-22,694050.0,1618950.0,0.32715508,22.563072,225,1
atitlan,2026-07-22,694350.0,1618950.0,0.35961816,27.302372,225,1
atitlan,2026-07-22,694650.0,1618950.0,0.35601047,26.387867,225,1
atitlan,2026-07-22,694950.0,1618950.0,0.3711615,29.98728,225,1
atitlan,2026-07-22,695250.0,1618950.0,0.36114722,28.698132,225,1
atitlan,2026-07-22,695550.0,1618950.0,0.3878701,34.493874,225,1
atitlan,2026-07-22,695850.0,1618950.0,0.37130377,30.474335,225,1
atitlan,2026-07-22,696150.0,1618950.0,0.33351386,24.235971,225,1
atitlan,2026-07-22,696450.0,1618950.0,0.31163567,20.459799,225,1
atitlan,2026-07-22,696750.0,1618950.0,0.31703153,20.444883,225,1
atitlan,2026-07-22,697050.0,1618950.0,0.31342635,19.702852,225,1
atitlan,2026-07-22,697350.0,1618950.0,0.28861386,15.854539,225,1
atitlan,2026-07-22,697650.0,1618950.0,0.27001613,13.417228,225,1
atitlan,2026-07-22,697950.0,1618950.0,0.28361017,14.928248,225,1
atitlan,2026-07-22,698250.0,1618950.0,0.27224487,14.529062,225,1
atitlan,2026-07-22,698550.0,1618950.0,0.26669,13.2332535,225,1
atitlan,2026-07-22,698850.0,1618950.0,0.24092907,12.337104,225,1
atitlan,2026-07-22,699150.0,1618950.0,0.1385282,8.39241,225,0
atitlan,2026-07-22,699450.0,1618950.0,0.10786313,7.676982,225,0
atitlan,2026-07-22,699750.0,1618950.0,0.05378296,5.3828664,225,0
atitlan,2026-07-22,700050.0,1618950.0,0.05166924,4.7781897,225,0
atitlan,2026-07-22,700350.0,1618950.0,0.14169839,8.695262,225,0
atitlan,2026-07-22,700650.0,1618950.0,0.18134992,9.6259775,225,0
atitlan,2026-07-22,700950.0,1618950.0,0.25899315,13.832963,225,1
atitlan,2026-07-22,701250.0,1618950.0,0.26854882,14.068429,225,1
atitlan,2026-07-22,701550.0,1618950.0,0.2203911,10.920069,225,0
atitlan,2026-07-22,701850.0,1618950.0,0.1687417,8.476377,225,0
atitlan,2026-07-22,702150.0,1618950.0,0.16388775,9.221018,225,0
atitlan,2026-07-22,702450.0,1618950.0,0.27903768,15.392155,225,1
atitlan,2026-07-22,702750.0,1618950.0,0.30252516,18.245955,225,1
atitlan,2026-07-22,703050.0,1618950.0,0.31934997,20.339825,225,1
atitlan,2026-07-22,703350.0,1618950.0,0.3032814,18.279657,225,1
atitlan,2026-07-22,703650.0,1618950.0,0.29797226,18.882736,225,1
atitlan,2026-07-22,703950.0,1618950.0,0.2792093,16.744974,225,1
atitlan,2026-07-22,704250.0,1618950.0,0.3021572,19.38907,225,1
atitlan,2026-07-22,704550.0,1618950.0,0.3163691,22.013363,225,1
atitlan,2026-07-22,704850.0,1618950.0,0.32086262,21.26046,225,1
atitlan,2026-07-22,705150.0,1618950.0,0.31051514,19.4873,225,1
atitlan,2026-07-22,705450.0,1618950.0,0.313583,19.614853,225,1
atitlan,2026-07-22,705750.0,1618950.0,0.3100219,20.51271,225,1
atitlan,2026-07-22,706050.0,1618950.0,0.37429225,30.405886,225,1
atitlan,2026-07-22,706350.0,1618950.0,0.37099373,30.590101,225,1
atitlan,2026-07-22,706650.0,1618950.0,0.3652689,29.287382,225,1
atitlan,2026-07-22,706950.0,1618950.0,0.36349913,28.59801,225,1
atitlan,2026-07-22,707250.0,1618950.0,0.31142813,19.306602,225,1
atitlan,2026-07-22,707550.0,1618950.0,0.31820258,23.458921,225,1
atitlan,2026-07-22,707850.0,1618950.0,0.3357558,24.01084,45,1
atitlan,2026-07-22,680250.0,1619250.0,0.30581543,20.624805,180,1
atitlan,2026-07-22,680550.0,1619250.0,0.35600433,26.17498,225,1
atitlan,2026-07-22,680850.0,1619250.0,0.29511574,16.473343,225,1
atitlan,2026-07-22,681150.0,1619250.0,0.26131067,14.360173,225,1
atitlan,2026-07-22,681450.0,1619250.0,0.26905322,13.686026,225,1
atitlan,2026-07-22,681750.0,1619250.0,0.2756565,14.041141,225,1
atitlan,2026-07-22,682050.0,1619250.0,0.30260426,17.292175,225,1
atitlan,2026-07-22,682350.0,1619250.0,0.3460525,24.849247,225,1
atitlan,2026-07-22,682650.0,1619250.0,0.32603103,22.991135,225,1
atitlan,2026-07-22,682950.0,1619250.0,0.15131377,7.638606,225,0
atitlan,2026-07-22,683250.0,1619250.0,0.06791361,5.2692323,225,0
atitlan,2026-07-22,683550.0,1619250.0,0.07157371,6.4555187,225,0
atitlan,2026-07-22,683850.0,1619250.0,0.15866041,9.494913,225,0
atitlan,2026-07-22,684150.0,1619250.0,0.2883779,17.656918,225,1
atitlan,2026-07-22,684450.0,1619250.0,0.33446205,24.118113,225,1
atitlan,2026-07-22,684750.0,1619250.0,0.3685392,29.688599,225,1
atitlan,2026-07-22,685050.0,1619250.0,0.352225,26.730019,225,1
atitlan,2026-07-22,685350.0,1619250.0,0.29404947,19.301815,225,1
atitlan,2026-07-22,685650.0,1619250.0,0.2814948,18.248487,225,1
atitlan,2026-07-22,685950.0,1619250.0,0.2892949,19.082554,225,1
atitlan,2026-07-22,686250.0,1619250.0,0.34280637,24.374458,225,1
atitlan,2026-07-22,686550.0,1619250.0,0.30102214,19.909075,225,1
atitlan,2026-07-22,686850.0,1619250.0,0.2901752,18.062746,225,1
atitlan,2026-07-22,687150.0,1619250.0,0.26233628,15.645906,225,1
atitlan,2026-07-22,687450.0,1619250.0,0.2934933,17.891434,225,1
atitlan,2026-07-22,687750.0,1619250.0,0.29105613,17.231468,225,1
atitlan,2026-07-22,688050.0,1619250.0,0.2888578,16.475029,225,1
atitlan,2026-07-22,688350.0,1619250.0,0.27294308,14.503923,225,1
atitlan,2026-07-22,688650.0,1619250.0,0.2651455,14.462716,225,1
atitlan,2026-07-22,688950.0,1619250.0,0.26432353,14.866163,225,1
atitlan,2026-07-22,689250.0,1619250.0,0.11403375,7.6032276,225,0
atitlan,2026-07-22,689550.0,1619250.0,0.02599371,4.1155005,225,0
atitlan,2026-07-22,689850.0,1619250.0,-0.047358915,2.2559693,225,0
atitlan,2026-07-22,690150.0,1619250.0,0.103696264,6.0615788,225,0
atitlan,2026-07-22,690450.0,1619250.0,0.03513343,4.4782267,225,0
atitlan,2026-07-22,690750.0,1619250.0,0.019207206,4.0475807,225,0
atitlan,2026-07-22,691050.0,1619250.0,0.042047113,4.597073,225,0
atitlan,2026-07-22,691350.0,1619250.0,0.21312463,10.228044,225,0
atitlan,2026-07-22,691650.0,1619250.0,0.26638338,13.396476,225,1
atitlan,2026-07-22,691950.0,1619250.0,0.28346348,15.32127,225,1
atitlan,2026-07-22,692250.0,1619250.0,0.2603146,13.685634,225,1
atitlan,2026-07-22,692550.0,1619250.0,0.28517443,15.395233,225,1
atitlan,2026-07-22,692850.0,1619250.0,0.27147964,14.311996,225,1
atitlan,2026-07-22,693150.0,1619250.0,0.25986138,14.115649,225,1
atitlan,2026-07-22,693450.0,1619250.0,0.24346863,12.07016,225,1
atitlan,2026-07-22,693750.0,1619250.0,0.27626002,16.508162,225,1
atitlan,2026-07-22,694050.0,1619250.0,0.30319116,18.288168,225,1
atitlan,2026-07-22,694350.0,1619250.0,0.33697012,23.326979,225,1
atitlan,2026-07-22,694650.0,1619250.0,0.3509753,25.654953,225,1
atitlan,2026-07-22,694950.0,1619250.0,0.31344834,21.665533,225,1
atitlan,2026-07-22,695250.0,1619250.0,0.29135132,18.748749,225,1
atitlan,2026-07-22,695550.0,1619250.0,0.32978913,22.771015,225,1
atitlan,2026-07-22,695850.0,1619250.0,0.30709276,20.535345,225,1
atitlan,2026-07-22,696150.0,1619250.0,0.27243555,16.749865,225,1
atitlan,2026-07-22,696450.0,1619250.0,0.29134738,17.493252,225,1
atitlan,2026-07-22,696750.0,1619250.0,0.2806961,16.189266,225,1
atitlan,2026-07-22,697050.0,1619250.0,0.2935534,17.564627,225,1
atitlan,2026-07-22,697350.0,1619250.0,0.27636197,14.339326,225,1
atitlan,2026-07-22,697650.0,1619250.0,0.2777983,14.185271,225,1
atitlan,2026-07-22,697950.0,1619250.0,0.2966721,16.874136,225,1
atitlan,2026-07-22,698250.0,1619250.0,0.28066427,15.178057,225,1
atitlan,2026-07-22,698550.0,1619250.0,0.23668697,11.448429,225,0
atitlan,2026-07-22,698850.0,1619250.0,0.24248022,11.643639,225,0
atitlan,2026-07-22,699150.0,1619250.0,0.13586724,7.314498,225,0
atitlan,2026-07-22,699450.0,1619250.0,0.11219043,7.0665526,225,0
atitlan,2026-07-22,699750.0,1619250.0,0.1625574,10.034334,225,0
atitlan,2026-07-22,700050.0,1619250.0,0.057262044,5.8253436,225,0
atitlan,2026-07-22,700350.0,1619250.0,0.054936934,5.4260206,225,0
atitlan,2026-07-22,700650.0,1619250.0,0.01622514,4.2936296,225,0
atitlan,2026-07-22,700950.0,1619250.0,0.2282239,12.859194,225,1
atitlan,2026-07-22,701250.0,1619250.0,0.2736588,13.767747,225,1
atitlan,2026-07-22,701550.0,1619250.0,0.24010275,13.05571,225,1
atitlan,2026-07-22,701850.0,1619250.0,0.20038947,10.256768,225,0
atitlan,2026-07-22,702150.0,1619250.0,0.18677382,10.505456,225,0
atitlan,2026-07-22,702450.0,1619250.0,0.22237445,12.492399,225,1
atitlan,2026-07-22,702750.0,1619250.0,0.29821956,17.428858,225,1
atitlan,2026-07-22,703050.0,1619250.0,0.2704442,14.604057,225,1
atitlan,2026-07-22,703350.0,1619250.0,0.2702394,14.396934,225,1
atitlan,2026-07-22,703650.0,1619250.0,0.30294526,18.078785,225,1
atitlan,2026-07-22,703950.0,1619250.0,0.31719726,21.66453,225,1
atitlan,2026-07-22,704250.0,1619250.0,0.28325424,17.8327,225,1
atitlan,2026-07-22,704550.0,1619250.0,0.30741987,20.031406,225,1
atitlan,2026-07-22,704850.0,1619250.0,0.3223556,20.069242,225,1
atitlan,2026-07-22,705150.0,1619250.0,0.3347611,22.170557,225,1
atitlan,2026-07-22,705450.0,1619250.0,0.35439983,26.228731,225,1
atitlan,2026-07-22,705750.0,1619250.0,0.3797316,31.94455,225,1
atitlan,2026-07-22,706050.0,1619250.0,0.3701241,29.67294,225,1
atitlan,2026-07-22,706350.0,1619250.0,0.38293576,32.369595,225,1
atitlan,2026-07-22,706650.0,1619250.0,0.3689168,29.090204,225,1
atitlan,2026-07-22,706950.0,1619250.0,0.3672188,29.400164,225,1
atitlan,2026-07-22,707250.0,1619250.0,0.3400952,24.431332,225,1
atitlan,2026-07-22,707550.0,1619250.0,0.22875497,17.865986,225,1
atitlan,2026-07-22,707850.0,1619250.0,0.20209698,12.705906,45,1
atitlan,2026-07-22,680250.0,1619550.0,0.29835784,21.760134,180,1
atitlan,2026-07-22,680550.0,1619550.0,0.28030378,17.421097,225,1
atitlan,2026-07-22,680850.0,1619550.0,0.29476294,16.791058,225,1
atitlan,2026-07-22,681150.0,1619550.0,0.31937262,19.919117,225,1
atitlan,2026-07-22,681450.0,1619550.0,0.29847822,16.809141,225,1
atitlan,2026-07-22,681750.0,1619550.0,0.21560948,10.226922,225,0
atitlan,2026-07-22,682050.0,1619550.0,0.23784345,12.377644,225,1
atitlan,2026-07-22,682350.0,1619550.0,0.33171374,24.795927,225,1
atitlan,2026-07-22,682650.0,1619550.0,0.36710885,30.145723,225,1
atitlan,2026-07-22,682950.0,1619550.0,0.24360284,13.55246,225,1
atitlan,2026-07-22,683250.0,1619550.0,0.09982722,5.9693723,225,0
atitlan,2026-07-22,683550.0,1619550.0,0.05708415,4.7348814,225,0
atitlan,2026-07-22,683850.0,1619550.0,0.03166126,4.452521,225,0
atitlan,2026-07-22,684150.0,1619550.0,0.087212496,5.3944955,225,0
atitlan,2026-07-22,684450.0,1619550.0,0.1338659,7.9256997,225,0
atitlan,2026-07-22,684750.0,1619550.0,0.33061454,24.541725,225,1
atitlan,2026-07-22,685050.0,1619550.0,0.36952785,30.530994,225,1
atitlan,2026-07-22,685350.0,1619550.0,0.3736601,32.345936,225,1
atitlan,2026-07-22,685650.0,1619550.0,0.3163935,22.280468,225,1
atitlan,2026-07-22,685950.0,1619550.0,0.340223,23.858677,225,1
atitlan,2026-07-22,686250.0,1619550.0,0.35617894,27.139566,225,1
atitlan,2026-07-22,686550.0,1619550.0,0.28540683,17.947292,225,1
atitlan,2026-07-22,686850.0,1619550.0,0.30514437,19.863815,225,1
atitlan,2026-07-22,687150.0,1619550.0,0.30022976,20.35969,225,1
atitlan,2026-07-22,687450.0,1619550.0,0.31772387,20.365776,225,1
atitlan,2026-07-22,687750.0,1619550.0,0.32093224,20.50018,225,1
atitlan,2026-07-22,688050.0,1619550.0,0.25725317,14.026997,225,1
atitlan,2026-07-22,688350.0,1619550.0,0.2769299,15.26811,225,1
atitlan,2026-07-22,688650.0,1619550.0,0.25989264,13.905657,225,1
atitlan,2026-07-22,688950.0,1619550.0,0.25095665,12.577335,225,1
atitlan,2026-07-22,689250.0,1619550.0,0.27817494,15.043844,225,1
atitlan,2026-07-22,689550.0,1619550.0,0.12782836,8.269601,225,0
atitlan,2026-07-22,689850.0,1619550.0,-0.07452799,1.2920436,225,0
atitlan,2026-07-22,690150.0,1619550.0,0.022297781,4.7650113,225,0
atitlan,2026-07-22,690450.0,1619550.0,0.057619043,6.2948856,225,0
atitlan,2026-07-22,690750.0,1619550.0,0.081048004,7.0275044,225,0
atitlan,2026-07-22,691050.0,1619550.0,0.054241374,4.825034,225,0
atitlan,2026-07-22,691350.0,1619550.0,0.1363227,7.762515,225,0
atitlan,2026-07-22,691650.0,1619550.0,0.2602832,13.086599,225,1
atitlan,2026-07-22,691950.0,1619550.0,0.2485517,12.59721,225,1
atitlan,2026-07-22,692250.0,1619550.0,0.26295745,13.597949,225,1
atitlan,2026-07-22,692550.0,1619550.0,0.2757667,14.451774,225,1
atitlan,2026-07-22,692850.0,1619550.0,0.24933945,13.52851,225,1
atitlan,2026-07-22,693150.0,1619550.0,0.21460305,10.275541,225,0
atitlan,2026-07-22,693450.0,1619550.0,0.19999018,9.828973,225,0
atitlan,2026-07-22,693750.0,1619550.0,0.25081164,13.388669,225,1
atitlan,2026-07-22,694050.0,1619550.0,0.2879543,16.34047,225,1
atitlan,2026-07-22,694350.0,1619550.0,0.29090217,17.308933,225,1
atitlan,2026-07-22,694650.0,1619550.0,0.25043625,15.184682,225,1
atitlan,2026-07-22,694950.0,1619550.0,0.30768222,19.002882,225,1
atitlan,2026-07-22,695250.0,1619550.0,0.31033352,19.67081,225,1
atitlan,2026-07-22,695550.0,1619550.0,0.28238693,17.905005,225,1
atitlan,2026-07-22,695850.0,1619550.0,0.25542966,14.682532,225,1
atitlan,2026-07-22,696150.0,1619550.0,0.26097378,15.196139,225,1
atitlan,2026-07-22,696450.0,1619550.0,0.29253337,17.698687,225,1
atitlan,2026-07-22,696750.0,1619550.0,0.29676396,17.502962,225,1
atitlan,2026-07-22,697050.0,1619550.0,0.26973295,15.133838,225,1
atitlan,2026-07-22,697350.0,1619550.0,0.28198367,14.995462,225,1
atitlan,2026-07-22,697650.0,1619550.0,0.2817476,14.869261,225,1
atitlan,2026-07-22,697950.0,1619550.0,0.27846605,14.527208,225,1
atitlan,2026-07-22,698250.0,1619550.0,0.25912294,13.49167,225,1
atitlan,2026-07-22,698550.0,1619550.0,0.23410472,11.089822,225,0
atitlan,2026-07-22,698850.0,1619550.0,0.2586716,12.936468,225,1
atitlan,2026-07-22,699150.0,1619550.0,0.20561902,10.792042,225,0
atitlan,2026-07-22,699450.0,1619550.0,0.13586211,8.585632,225,0
atitlan,2026-07-22,699750.0,1619550.0,0.22845542,13.75456,225,1
atitlan,2026-07-22,700050.0,1619550.0,0.13689151,9.839214,225,0
atitlan,2026-07-22,700350.0,1619550.0,-0.020182628,3.1668086,225,0
atitlan,2026-07-22,700650.0,1619550.0,-0.06376028,1.8308076,225,0
atitlan,2026-07-22,700950.0,1619550.0,0.24288154,12.412353,225,1
atitlan,2026-07-22,701250.0,1619550.0,0.27437347,14.381455,225,1
atitlan,2026-07-22,701550.0,1619550.0,0.23604536,12.155196,225,1
atitlan,2026-07-22,701850.0,1619550.0,0.22703323,11.201868,225,0
atitlan,2026-07-22,702150.0,1619550.0,0.24269223,11.877118,225,0
atitlan,2026-07-22,702450.0,1619550.0,0.23212002,13.79103,225,1
atitlan,2026-07-22,702750.0,1619550.0,0.27136138,14.981513,225,1
atitlan,2026-07-22,703050.0,1619550.0,0.2826177,15.532129,225,1
atitlan,2026-07-22,703350.0,1619550.0,0.23716275,11.187423,225,0
atitlan,2026-07-22,703650.0,1619550.0,0.270429,13.975019,225,1
atitlan,2026-07-22,703950.0,1619550.0,0.27639383,14.552977,225,1
atitlan,2026-07-22,704250.0,1619550.0,0.23687999,14.197865,225,1
atitlan,2026-07-22,704550.0,1619550.0,0.2537504,15.167851,225,1
atitlan,2026-07-22,704850.0,1619550.0,0.33747202,24.928017,225,1
atitlan,2026-07-22,705150.0,1619550.0,0.33178303,21.976465,225,1
atitlan,2026-07-22,705450.0,1619550.0,0.3514252,25.824217,225,1
atitlan,2026-07-22,705750.0,1619550.0,0.3690385,29.087252,225,1
atitlan,2026-07-22,706050.0,1619550.0,0.37135366,29.633076,225,1
atitlan,2026-07-22,706350.0,1619550.0,0.3747895,30.942038,225,1
atitlan,2026-07-22,706650.0,1619550.0,0.3709436,29.92984,225,1
atitlan,2026-07-22,706950.0,1619550.0,0.35212687,25.833912,225,1
atitlan,2026-07-22,707250.0,1619550.0,0.3398983,26.135605,225,1
atitlan,2026-07-22,707550.0,1619550.0,0.16818848,10.989048,225,0
atitlan,2026-07-22,707850.0,1619550.0,0.100915425,6.287778,45,0
atitlan,2026-07-22,680250.0,1619850.0,0.09473093,6.0081263,180,0
atitlan,2026-07-22,680550.0,1619850.0,0.09021915,6.427977,225,0
atitlan,2026-07-22,680850.0,1619850.0,0.20194104,9.808836,225,0
atitlan,2026-07-22,681150.0,1619850.0,0.21997842,9.681047,225,0
atitlan,2026-07-22,681450.0,1619850.0,0.2051816,8.980475,225,0
atitlan,2026-07-22,681750.0,1619850.0,0.20652165,9.349789,225,0
atitlan,2026-07-22,682050.0,1619850.0,0.24404912,12.671678,225,1
atitlan,2026-07-22,682350.0,1619850.0,0.30302444,19.955841,225,1
atitlan,2026-07-22,682650.0,1619850.0,0.29603946,18.896154,225,1
atitlan,2026-07-22,682950.0,1619850.0,0.2324787,10.12646,225,0
atitlan,2026-07-22,683250.0,1619850.0,0.21464713,10.1599045,225,0
atitlan,2026-07-22,683550.0,1619850.0,0.22720855,12.164875,225,1
atitlan,2026-07-22,683850.0,1619850.0,0.1278664,7.271042,225,0
atitlan,2026-07-22,684150.0,1619850.0,0.0569976,4.707581,225,0
atitlan,2026-07-22,684450.0,1619850.0,0.061105262,4.7463784,225,0
atitlan,2026-07-22,684750.0,1619850.0,0.20763497,9.7254925,225,0
atitlan,2026-07-22,685050.0,1619850.0,0.39632055,36.25089,225,1
atitlan,2026-07-22,685350.0,1619850.0,0.37680054,32.491253,225,1
atitlan,2026-07-22,685650.0,1619850.0,0.31639212,25.73496,225,1
atitlan,2026-07-22,685950.0,1619850.0,0.35976824,27.268974,225,1
atitlan,2026-07-22,686250.0,1619850.0,0.35643512,26.975681,225,1
atitlan,2026-07-22,686550.0,1619850.0,0.34546542,24.943949,225,1
atitlan,2026-07-22,686850.0,1619850.0,0.34664232,25.748852,225,1
atitlan,2026-07-22,687150.0,1619850.0,0.3318411,24.190813,225,1
atitlan,2026-07-22,687450.0,1619850.0,0.3400444,23.922827,225,1
atitlan,2026-07-22,687750.0,1619850.0,0.32206872,21.414297,225,1
atitlan,2026-07-22,688050.0,1619850.0,0.3102617,21.013264,225,1
atitlan,2026-07-22,688350.0,1619850.0,0.2853902,17.211231,225,1
atitlan,2026-07-22,688650.0,1619850.0,0.276859,15.686844,225,1
atitlan,2026-07-22,688950.0,1619850.0,0.26948747,14.541055,225,1
atitlan,2026-07-22,689250.0,1619850.0,0.27488676,14.874967,225,1
atitlan,2026-07-22,689550.0,1619850.0,0.13489845,9.042266,225,0
atitlan,2026-07-22,689850.0,1619850.0,-0.07885816,1.0528657,225,0
atitlan,2026-07-22,690150.0,1619850.0,-0.084175624,0.7701459,225,0
atitlan,2026-07-22,690450.0,1619850.0,-0.07428785,1.307709,225,0
atitlan,2026-07-22,690750.0,1619850.0,0.113334894,6.676385,225,0
atitlan,2026-07-22,691050.0,1619850.0,0.10571011,6.7858834,225,0
atitlan,2026-07-22,691350.0,1619850.0,0.17213248,9.098053,225,0
atitlan,2026-07-22,691650.0,1619850.0,0.1993195,9.834938,225,0
atitlan,2026-07-22,691950.0,1619850.0,0.24227686,11.838202,225,0
atitlan,2026-07-22,692250.0,1619850.0,0.24425657,12.169181,225,1
atitlan,2026-07-22,692550.0,1619850.0,0.23583826,11.734778,225,0
atitlan,2026-07-22,692850.0,1619850.0,0.19113693,9.064547,225,0
atitlan,2026-07-22,693150.0,1619850.0,0.23788266,11.848982,225,0
atitlan,2026-07-22,693450.0,1619850.0,0.23596098,11.818989,225,0
atitlan,2026-07-22,693750.0,1619850.0,0.26577902,14.1091175,225,1
atitlan,2026-07-22,694050.0,1619850.0,0.29158545,17.180117,225,1
atitlan,2026-07-22,694350.0,1619850.0,0.29594442,17.413147,225,1
atitlan,2026-07-22,694650.0,1619850.0,0.3070815,18.334259,225,1
atitlan,2026-07-22,694950.0,1619850.0,0.29632097,17.378464,225,1
atitlan,2026-07-22,695250.0,1619850.0,0.31709588,20.172745,225,1
atitlan,2026-07-22,695550.0,1619850.0,0.26939243,16.2987,225,1
atitlan,2026-07-22,695850.0,1619850.0,0.2821565,16.497189,225,1
atitlan,2026-07-22,696150.0,1619850.0,0.2625679,14.728208,225,1
atitlan,2026-07-22,696450.0,1619850.0,0.26696712,14.873284,225,1
atitlan,2026-07-22,696750.0,1619850.0,0.27156845,14.783541,225,1
atitlan,2026-07-22,697050.0,1619850.0,0.24080728,12.94939,225,1
atitlan,2026-07-22,697350.0,1619850.0,0.27190888,14.602477,225,1
atitlan,2026-07-22,697650.0,1619850.0,0.27909827,14.7201395,225,1
atitlan,2026-07-22,697950.0,1619850.0,0.27776173,14.767654,225,1
atitlan,2026-07-22,698250.0,1619850.0,0.27617243,15.199029,225,1
atitlan,2026-07-22,698550.0,1619850.0,0.26728445,13.725811,225,1
atitlan,2026-07-22,698850.0,1619850.0,0.24968636,11.835316,225,0
atitlan,2026-07-22,699150.0,1619850.0,0.21453694,11.325268,225,0
atitlan,2026-07-22,699450.0,1619850.0,0.16005914,9.544718,225,0
atitlan,2026-07-22,699750.0,1619850.0,0.19551857,10.683639,225,0
atitlan,2026-07-22,700050.0,1619850.0,0.22733526,11.840594,225,0
atitlan,2026-07-22,700350.0,1619850.0,0.08200105,7.0317984,225,0
atitlan,2026-07-22,700650.0,1619850.0,-0.06712905,1.6661898,225,0
atitlan,2026-07-22,700950.0,1619850.0,0.09645973,7.1251955,225,0
atitlan,2026-07-22,701250.0,1619850.0,0.28595415,16.252344,225,1
atitlan,2026-07-22,701550.0,1619850.0,0.27404544,14.980317,225,1
atitlan,2026-07-22,701850.0,1619850.0,0.26378655,13.283684,225,1
atitlan,2026-07-22,702150.0,1619850.0,0.2574081,12.949017,225,1
atitlan,2026-07-22,702450.0,1619850.0,0.18740965,12.13689,225,1
atitlan,2026-07-22,702750.0,1619850.0,0.19786802,11.306662,225,0
atitlan,2026-07-22,703050.0,1619850.0,0.24052444,12.730931,225,1
atitlan,2026-07-22,703350.0,1619850.0,0.24055828,11.162738,225,0
atitlan,2026-07-22,703650.0,1619850.0,0.28671968,16.712763,225,1
atitlan,2026-07-22,703950.0,1619850.0,0.24098383,12.196737,225,1
atitlan,2026-07-22,704250.0,1619850.0,0.21546826,9.640449,225,0
atitlan,2026-07-22,704550.0,1619850.0,0.2726158,15.357064,225,1
atitlan,2026-07-22,704850.0,1619850.0,0.28369677,18.321476,225,1
atitlan,2026-07-22,705150.0,1619850.0,0.30996823,20.854662,225,1
atitlan,2026-07-22,705450.0,1619850.0,0.3590555,26.889088,225,1
atitlan,2026-07-22,705750.0,1619850.0,0.36559582,28.205751,225,1
atitlan,2026-07-22,706050.0,1619850.0,0.34142277,25.912308,225,1
atitlan,2026-07-22,706350.0,1619850.0,0.34308422,26.106688,225,1
atitlan,2026-07-22,706650.0,1619850.0,0.3403007,25.108723,225,1
atitlan,2026-07-22,706950.0,1619850.0,0.34738436,27.819094,225,1
atitlan,2026-07-22,707250.0,1619850.0,0.3550691,27.261988,225,1
atitlan,2026-07-22,707550.0,1619850.0,0.18980299,12.742195,225,1
atitlan,2026-07-22,707850.0,1619850.0,0.11583874,7.0812726,45,0
atitlan,2026-07-22,680250.0,1620150.0,0.23843339,15.96784,180,1
atitlan,2026-07-22,680550.0,1620150.0,0.31004894,20.473347,225,1
atitlan,2026-07-22,680850.0,1620150.0,0.29665405,17.089067,225,1
atitlan,2026-07-22,681150.0,1620150.0,0.19999154,8.738711,225,0
atitlan,2026-07-22,681450.0,1620150.0,0.16949816,7.025455,225,0
atitlan,2026-07-22,681750.0,1620150.0,0.19585252,8.248117,225,0
atitlan,2026-07-22,682050.0,1620150.0,0.20100646,9.014656,225,0
atitlan,2026-07-22,682350.0,1620150.0,0.26364452,15.199413,225,1
atitlan,2026-07-22,682650.0,1620150.0,0.30719566,19.728973,225,1
atitlan,2026-07-22,682950.0,1620150.0,0.21952015,10.781739,225,0
atitlan,2026-07-22,683250.0,1620150.0,0.23281991,12.062333,225,1
atitlan,2026-07-22,683550.0,1620150.0,0.24333717,13.324763,225,1
atitlan,2026-07-22,683850.0,1620150.0,0.23634149,12.5418825,225,1
atitlan,2026-07-22,684150.0,1620150.0,0.16474508,8.488916,225,0
atitlan,2026-07-22,684450.0,1620150.0,0.06558231,5.01323,225,0
atitlan,2026-07-22,684750.0,1620150.0,0.074397,5.1111836,225,0
atitlan,2026-07-22,685050.0,1620150.0,0.2645702,18.268332,225,1
atitlan,2026-07-22,685350.0,1620150.0,0.2592392,14.122134,225,1
atitlan,2026-07-22,685650.0,1620150.0,0.33866516,23.972233,225,1
atitlan,2026-07-22,685950.0,1620150.0,0.3278629,22.901968,225,1
atitlan,2026-07-22,686250.0,1620150.0,0.35944796,27.405977,225,1
atitlan,2026-07-22,686550.0,1620150.0,0.37087345,30.06692,225,1
atitlan,2026-07-22,686850.0,1620150.0,0.347254,24.615356,225,1
atitlan,2026-07-22,687150.0,1620150.0,0.33015957,21.282913,225,1
atitlan,2026-07-22,687450.0,1620150.0,0.3364819,22.492403,225,1
atitlan,2026-07-22,687750.0,1620150.0,0.34014893,23.421274,225,1
atitlan,2026-07-22,688050.0,1620150.0,0.31319895,20.069902,225,1
atitlan,2026-07-22,688350.0,1620150.0,0.30125964,17.998777,225,1
atitlan,2026-07-22,688650.0,1620150.0,0.29161486,17.043406,225,1
atitlan,2026-07-22,688950.0,1620150.0,0.2735899,14.253741,225,1
atitlan,2026-07-22,689250.0,1620150.0,0.24132784,12.438298,225,1
atitlan,2026-07-22,689550.0,1620150.0,0.21895444,12.612291,225,1
atitlan,2026-07-22,689850.0,1620150.0,-0.059034027,1.7262108,225,0
atitlan,2026-07-22,690150.0,1620150.0,-0.08216064,0.87950444,225,0
atitlan,2026-07-22,690450.0,1620150.0,0.07197144,6.246866,225,0
atitlan,2026-07-22,690750.0,1620150.0,0.15522511,8.908185,225,0
atitlan,2026-07-22,691050.0,1620150.0,0.15615484,8.00375,225,0
atitlan,2026-07-22,691350.0,1620150.0,0.20706703,10.583532,225,0
atitlan,2026-07-22,691650.0,1620150.0,0.24372356,11.265344,225,0
atitlan,2026-07-22,691950.0,1620150.0,0.2607682,13.483718,225,1
atitlan,2026-07-22,692250.0,1620150.0,0.26448566,13.277713,225,1
atitlan,2026-07-22,692550.0,1620150.0,0.24418586,12.126985,225,1
atitlan,2026-07-22,692850.0,1620150.0,0.22095022,11.024953,225,0
atitlan,2026-07-22,693150.0,1620150.0,0.25668547,12.846245,225,1
atitlan,2026-07-22,693450.0,1620150.0,0.26591393,13.418001,225,1
atitlan,2026-07-22,693750.0,1620150.0,0.27155498,14.35734,225,1
atitlan,2026-07-22,694050.0,1620150.0,0.26140887,13.418909,225,1
atitlan,2026-07-22,694350.0,1620150.0,0.2894246,16.546604,225,1
atitlan,2026-07-22,694650.0,1620150.0,0.2896736,16.702457,225,1
atitlan,2026-07-22,694950.0,1620150.0,0.29303727,16.91244,225,1
atitlan,2026-07-22,695250.0,1620150.0,0.29658037,17.423931,225,1
atitlan,2026-07-22,695550.0,1620150.0,0.277869,15.586513,225,1
atitlan,2026-07-22,695850.0,1620150.0,0.283467,16.533712,225,1
atitlan,2026-07-22,696150.0,1620150.0,0.28673857,16.02764,225,1
atitlan,2026-07-22,696450.0,1620150.0,0.28669074,15.644893,225,1
atitlan,2026-07-22,696750.0,1620150.0,0.26919523,14.804434,225,1
atitlan,2026-07-22,697050.0,1620150.0,0.2900629,16.325418,225,1
atitlan,2026-07-22,697350.0,1620150.0,0.27544224,14.144064,225,1
atitlan,2026-07-22,697650.0,1620150.0,0.27822965,14.718934,225,1
atitlan,2026-07-22,697950.0,1620150.0,0.2744363,14.461309,225,1
atitlan,2026-07-22,698250.0,1620150.0,0.24863115,12.158101,225,1
atitlan,2026-07-22,698550.0,1620150.0,0.24097489,11.805179,225,0
atitlan,2026-07-22,698850.0,1620150.0,0.22035883,11.002614,225,0
atitlan,2026-07-22,699150.0,1620150.0,0.2365755,12.09032,225,1
atitlan,2026-07-22,699450.0,1620150.0,0.21794325,12.240862,225,1
atitlan,2026-07-22,699750.0,1620150.0,0.23367073,12.528475,225,1
atitlan,2026-07-22,700050.0,1620150.0,0.114276156,8.394365,225,0
atitlan,2026-07-22,700350.0,1620150.0,-0.07324403,1.3690163,225,0
atitlan,2026-07-22,700650.0,1620150.0,-0.081561565,0.9200031,225,0
atitlan,2026-07-22,700950.0,1620150.0,-0.053743575,1.9608625,225,0
atitlan,2026-07-22,701250.0,1620150.0,0.26713887,14.058026,225,1
atitlan,2026-07-22,701550.0,1620150.0,0.26450995,13.846599,225,1
atitlan,2026-07-22,701850.0,1620150.0,0.25938633,12.7765465,225,1
atitlan,2026-07-22,702150.0,1620150.0,0.2673749,13.973966,225,1
atitlan,2026-07-22,702450.0,1620150.0,0.27483696,15.556623,225,1
atitlan,2026-07-22,702750.0,1620150.0,0.20456333,12.929653,225,1
atitlan,2026-07-22,703050.0,1620150.0,0.23257515,13.682288,225,1
atitlan,2026-07-22,703350.0,1620150.0,0.27389792,15.247913,225,1
atitlan,2026-07-22,703650.0,1620150.0,0.2690284,15.105837,225,1
atitlan,2026-07-22,703950.0,1620150.0,0.16074581,8.74563,225,0
atitlan,2026-07-22,704250.0,1620150.0,0.26365504,15.553611,225,1
atitlan,2026-07-22,704550.0,1620150.0,0.29882404,18.287766,225,1
atitlan,2026-07-22,704850.0,1620150.0,0.2998118,19.644575,225,1
atitlan,2026-07-22,705150.0,1620150.0,0.3247629,22.12041,225,1
atitlan,2026-07-22,705450.0,1620150.0,0.34900665,24.864231,225,1
atitlan,2026-07-22,705750.0,1620150.0,0.32306656,20.677404,225,1
atitlan,2026-07-22,706050.0,1620150.0,0.3086066,20.95366,225,1
atitlan,2026-07-22,706350.0,1620150.0,0.33914256,25.043264,225,1
atitlan,2026-07-22,706650.0,1620150.0,0.34733182,26.678295,225,1
atitlan,2026-07-22,706950.0,1620150.0,0.29604653,21.29639,225,1
atitlan,2026-07-22,707250.0,1620150.0,0.32452375,23.2368,225,1
atitlan,2026-07-22,707550.0,1620150.0,0.15043665,9.326261,225,0
atitlan,2026-07-22,707850.0,1620150.0,0.13362981,6.7693725,45,0
atitlan,2026-07-22,680250.0,1620450.0,0.35596052,28.066648,180,1
atitlan,2026-07-22,680550.0,1620450.0,0.31970757,20.792856,225,1
atitlan,2026-07-22,680850.0,1620450.0,0.3327585,23.191465,225,1
atitlan,2026-07-22,681150.0,1620450.0,0.3156506,21.425983,225,1
atitlan,2026-07-22,681450.0,1620450.0,0.26870197,14.594927,225,1
atitlan,2026-07-22,681750.0,1620450.0,0.3046801,18.766033,225,1
atitlan,2026-07-22,682050.0,1620450.0,0.2710947,14.988826,225,1
atitlan,2026-07-22,682350.0,1620450.0,0.27645475,15.167116,225,1
atitlan,2026-07-22,682650.0,1620450.0,0.28393164,17.767464,225,1
atitlan,2026-07-22,682950.0,1620450.0,0.20162854,9.041711,225,0
atitlan,2026-07-22,683250.0,1620450.0,0.22421962,11.412598,225,0
atitlan,2026-07-22,683550.0,1620450.0,0.26116788,14.5306015,225,1
atitlan,2026-07-22,683850.0,1620450.0,0.17456944,8.629828,225,0
atitlan,2026-07-22,684150.0,1620450.0,0.1209336,6.4732885,225,0
atitlan,2026-07-22,684450.0,1620450.0,0.120853536,6.5507846,225,0
atitlan,2026-07-22,684750.0,1620450.0,0.05814821,4.8800497,225,0
atitlan,2026-07-22,685050.0,1620450.0,0.064785935,5.246464,225,0
atitlan,2026-07-22,685350.0,1620450.0,0.07917569,5.237697,225,0
atitlan,2026-07-22,685650.0,1620450.0,0.11313038,6.705815,225,0
atitlan,2026-07-22,685950.0,1620450.0,0.20123458,9.271989,225,0
atitlan,2026-07-22,686250.0,1620450.0,0.19618678,10.090708,225,0
atitlan,2026-07-22,686550.0,1620450.0,0.30679893,21.252588,225,1
atitlan,2026-07-22,686850.0,1620450.0,0.32806376,21.183882,225,1
atitlan,2026-07-22,687150.0,1620450.0,0.3429915,23.57686,225,1
atitlan,2026-07-22,687450.0,1620450.0,0.33807838,22.649363,225,1
atitlan,2026-07-22,687750.0,1620450.0,0.33015913,21.504038,225,1
atitlan,2026-07-22,688050.0,1620450.0,0.33108506,21.784561,225,1
atitlan,2026-07-22,688350.0,1620450.0,0.30182603,17.909208,225,1
atitlan,2026-07-22,688650.0,1620450.0,0.26038247,13.573204,225,1
atitlan,2026-07-22,688950.0,1620450.0,0.25574914,12.7431345,225,1
atitlan,2026-07-22,689250.0,1620450.0,0.23862366,11.9371195,225,0
atitlan,2026-07-22,689550.0,1620450.0,0.27721462,14.803689,225,1
atitlan,2026-07-22,689850.0,1620450.0,0.16983193,8.815026,225,0
atitlan,2026-07-22,690150.0,1620450.0,-0.013431996,3.4539711,225,0
atitlan,2026-07-22,690450.0,1620450.0,-0.010207801,3.786245,225,0
atitlan,2026-07-22,690750.0,1620450.0,0.18980773,12.6968,225,1
atitlan,2026-07-22,691050.0,1620450.0,0.22816972,12.98221,225,1
atitlan,2026-07-22,691350.0,1620450.0,0.20207116,9.811731,225,0
atitlan,2026-07-22,691650.0,1620450.0,0.24980517,11.661505,225,0
atitlan,2026-07-22,691950.0,1620450.0,0.22852755,10.96791,225,0
atitlan,2026-07-22,692250.0,1620450.0,0.22221202,11.173343,225,0
atitlan,2026-07-22,692550.0,1620450.0,0.21127822,9.871839,225,0
atitlan,2026-07-22,692850.0,1620450.0,0.23182581,10.571467,225,0
atitlan,2026-07-22,693150.0,1620450.0,0.22887358,10.317534,225,0
atitlan,2026-07-22,693450.0,1620450.0,0.25560167,12.30007,225,1
atitlan,2026-07-22,693750.0,1620450.0,0.2716958,13.924411,225,1
atitlan,2026-07-22,694050.0,1620450.0,0.2572386,12.877485,225,1
atitlan,2026-07-22,694350.0,1620450.0,0.26449072,13.662661,225,1
atitlan,2026-07-22,694650.0,1620450.0,0.2681845,14.278791,225,1
atitlan,2026-07-22,694950.0,1620450.0,0.270774,14.844536,225,1
atitlan,2026-07-22,695250.0,1620450.0,0.30206546,17.65197,225,1
atitlan,2026-07-22,695550.0,1620450.0,0.28336596,15.521705,225,1
atitlan,2026-07-22,695850.0,1620450.0,0.24721959,13.671301,225,1
atitlan,2026-07-22,696150.0,1620450.0,0.28546977,15.552423,225,1
atitlan,2026-07-22,696450.0,1620450.0,0.27130845,14.78713,225,1
atitlan,2026-07-22,696750.0,1620450.0,0.27100402,14.111795,225,1
atitlan,2026-07-22,697050.0,1620450.0,0.2630077,13.17121,225,1
atitlan,2026-07-22,697350.0,1620450.0,0.26422113,13.978741,225,1
atitlan,2026-07-22,697650.0,1620450.0,0.25793815,12.847674,225,1
atitlan,2026-07-22,697950.0,1620450.0,0.26957443,14.049487,225,1
atitlan,2026-07-22,698250.0,1620450.0,0.2523255,12.268552,225,1
atitlan,2026-07-22,698550.0,1620450.0,0.25414675,12.70234,225,1
atitlan,2026-07-22,698850.0,1620450.0,0.21139002,10.580508,225,0
atitlan,2026-07-22,699150.0,1620450.0,0.2432353,12.042652,225,1
atitlan,2026-07-22,699450.0,1620450.0,0.24550366,11.728925,225,0
atitlan,2026-07-22,699750.0,1620450.0,0.21783546,12.925605,225,1
atitlan,2026-07-22,700050.0,1620450.0,0.11588175,8.214693,225,0
atitlan,2026-07-22,700350.0,1620450.0,-0.069301255,1.5554392,225,0
atitlan,2026-07-22,700650.0,1620450.0,-0.06746664,1.61677,225,0
atitlan,2026-07-22,700950.0,1620450.0,0.1063622,7.051946,225,0
atitlan,2026-07-22,701250.0,1620450.0,0.2575517,11.898285,225,0
atitlan,2026-07-22,701550.0,1620450.0,0.25126737,15.637716,225,1
atitlan,2026-07-22,701850.0,1620450.0,0.17323582,11.059006,225,0
atitlan,2026-07-22,702150.0,1620450.0,0.2645589,13.043582,225,1
atitlan,2026-07-22,702450.0,1620450.0,0.22300927,12.268252,225,1
atitlan,2026-07-22,702750.0,1620450.0,0.16620849,9.978777,225,0
atitlan,2026-07-22,703050.0,1620450.0,0.24439207,13.181625,225,1
atitlan,2026-07-22,703350.0,1620450.0,0.27179572,14.962388,225,1
atitlan,2026-07-22,703650.0,1620450.0,0.29854804,17.798204,225,1
atitlan,2026-07-22,703950.0,1620450.0,0.13599287,10.157877,225,0
atitlan,2026-07-22,704250.0,1620450.0,0.21617585,12.601843,225,1
atitlan,2026-07-22,704550.0,1620450.0,0.27044684,14.260528,225,1
atitlan,2026-07-22,704850.0,1620450.0,0.3019361,19.005478,225,1
atitlan,2026-07-22,705150.0,1620450.0,0.28340957,16.491568,225,1
atitlan,2026-07-22,705450.0,1620450.0,0.33082688,22.147383,225,1
atitlan,2026-07-22,705750.0,1620450.0,0.3431195,23.71781,225,1
atitlan,2026-07-22,706050.0,1620450.0,0.32905042,21.661406,225,1
atitlan,2026-07-22,706350.0,1620450.0,0.33985478,24.00602,225,1
atitlan,2026-07-22,706650.0,1620450.0,0.35078403,26.273994,225,1
atitlan,2026-07-22,706950.0,1620450.0,0.3488334,26.43183,225,1
atitlan,2026-07-22,707250.0,1620450.0,0.3334578,22.783442,225,1
atitlan,2026-07-22,707550.0,1620450.0,0.32038093,23.1889,225,1
atitlan,2026-07-22,707850.0,1620450.0,0.23213065,18.100208,45,1
atitlan,2026-07-22,680250.0,1620750.0,0.35008186,25.839502,180,1
atitlan,2026-07-22,680550.0,1620750.0,0.377092,31.466833,225,1
atitlan,2026-07-22,680850.0,1620750.0,0.38907063,34.34214,225,1
atitlan,2026-07-22,681150.0,1620750.0,0.38092247,32.516624,225,1
atitlan,2026-07-22,681450.0,1620750.0,0.3476146,25.978645,225,1
atitlan,2026-07-22,681750.0,1620750.0,0.3422986,27.444897,225,1
atitlan,2026-07-22,682050.0,1620750.0,0.37923995,32.08368,225,1
atitlan,2026-07-22,682350.0,1620750.0,0.35373926,26.774462,225,1
atitlan,2026-07-22,682650.0,1620750.0,0.2753607,15.965981,225,1
atitlan,2026-07-22,682950.0,1620750.0,0.26548627,14.88901,225,1
atitlan,2026-07-22,683250.0,1620750.0,0.2551752,14.210487,225,1
atitlan,2026-07-22,683550.0,1620750.0,0.24897595,12.276136,225,1
atitlan,2026-07-22,683850.0,1620750.0,0.21498166,10.243437,225,0
atitlan,2026-07-22,684150.0,1620750.0,0.12663335,6.548447,225,0
atitlan,2026-07-22,684450.0,1620750.0,0.055854008,4.6835613,225,0
atitlan,2026-07-22,684750.0,1620750.0,0.05814378,5.190107,225,0
atitlan,2026-07-22,685050.0,1620750.0,0.07999273,5.797178,225,0
atitlan,2026-07-22,685350.0,1620750.0,0.05663391,4.769403,225,0
atitlan,2026-07-22,685650.0,1620750.0,0.037336633,4.6165805,225,0
atitlan,2026-07-22,685950.0,1620750.0,0.07176979,5.918076,225,0
atitlan,2026-07-22,686250.0,1620750.0,0.13996257,7.235221,225,0
atitlan,2026-07-22,686550.0,1620750.0,0.15862161,9.244525,225,0
atitlan,2026-07-22,686850.0,1620750.0,0.31481004,20.156256,225,1
atitlan,2026-07-22,687150.0,1620750.0,0.34137577,23.368263,225,1
atitlan,2026-07-22,687450.0,1620750.0,0.33326015,21.7437,225,1
atitlan,2026-07-22,687750.0,1620750.0,0.31977308,19.584259,225,1
atitlan,2026-07-22,688050.0,1620750.0,0.30118954,17.23972,225,1
atitlan,2026-07-22,688350.0,1620750.0,0.2857093,15.625306,225,1
atitlan,2026-07-22,688650.0,1620750.0,0.28729057,16.426823,225,1
atitlan,2026-07-22,688950.0,1620750.0,0.2490207,12.215784,225,1
atitlan,2026-07-22,689250.0,1620750.0,0.24152513,12.226704,225,1
atitlan,2026-07-22,689550.0,1620750.0,0.27555445,14.836344,225,1
atitlan,2026-07-22,689850.0,1620750.0,0.2279816,11.872865,225,0
atitlan,2026-07-22,690150.0,1620750.0,-0.02943144,2.8306541,225,0
atitlan,2026-07-22,690450.0,1620750.0,-0.0060077147,3.6457503,225,0
atitlan,2026-07-22,690750.0,1620750.0,0.13737468,8.289424,225,0
atitlan,2026-07-22,691050.0,1620750.0,0.13155052,6.546073,225,0
atitlan,2026-07-22,691350.0,1620750.0,0.19214658,9.247473,225,0
atitlan,2026-07-22,691650.0,1620750.0,0.22592714,10.297053,225,0
atitlan,2026-07-22,691950.0,1620750.0,0.24130437,11.501804,225,0
atitlan,2026-07-22,692250.0,1620750.0,0.23533614,10.892609,225,0
atitlan,2026-07-22,692550.0,1620750.0,0.19544843,8.790391,225,0
atitlan,2026-07-22,692850.0,1620750.0,0.1592972,8.2160425,225,0
atitlan,2026-07-22,693150.0,1620750.0,0.14631727,7.5356646,225,0
atitlan,2026-07-22,693450.0,1620750.0,0.2148409,10.246188,225,0
atitlan,2026-07-22,693750.0,1620750.0,0.2177535,10.782314,225,0
atitlan,2026-07-22,694050.0,1620750.0,0.25457823,12.263191,225,1
atitlan,2026-07-22,694350.0,1620750.0,0.25326476,12.427453,225,1
atitlan,2026-07-22,694650.0,1620750.0,0.27324724,14.233323,225,1
atitlan,2026-07-22,694950.0,1620750.0,0.25149938,12.484137,225,1
atitlan,2026-07-22,695250.0,1620750.0,0.27656806,14.6893015,225,1
atitlan,2026-07-22,695550.0,1620750.0,0.24914378,12.941655,225,1
atitlan,2026-07-22,695850.0,1620750.0,0.23971337,12.815962,225,1
atitlan,2026-07-22,696150.0,1620750.0,0.25848418,13.951268,225,1
atitlan,2026-07-22,696450.0,1620750.0,0.22515337,11.421518,225,0
atitlan,2026-07-22,696750.0,1620750.0,0.26906073,14.68145,225,1
atitlan,2026-07-22,697050.0,1620750.0,0.20343821,10.519613,225,0
atitlan,2026-07-22,697350.0,1620750.0,0.23681547,11.99644,225,0
atitlan,2026-07-22,697650.0,1620750.0,0.26581436,13.509088,225,1
atitlan,2026-07-22,697950.0,1620750.0,0.20918189,10.78658,225,0
atitlan,2026-07-22,698250.0,1620750.0,0.21979746,10.825421,225,0
atitlan,2026-07-22,698550.0,1620750.0,0.22064392,10.419254,225,0
atitlan,2026-07-22,698850.0,1620750.0,0.24381101,12.264699,225,1
atitlan,2026-07-22,699150.0,1620750.0,0.2572361,12.34516,225,1
atitlan,2026-07-22,699450.0,1620750.0,0.2307193,11.241527,225,0
atitlan,2026-07-22,699750.0,1620750.0,0.19930099,11.265995,225,0
atitlan,2026-07-22,700050.0,1620750.0,-0.011024347,3.7404897,225,0
atitlan,2026-07-22,700350.0,1620750.0,-0.041093793,2.860627,225,0
atitlan,2026-07-22,700650.0,1620750.0,-0.049980223,2.4881597,225,0
atitlan,2026-07-22,700950.0,1620750.0,0.018360756,4.7378917,225,0
atitlan,2026-07-22,701250.0,1620750.0,0.14478584,7.5897217,225,0
atitlan,2026-07-22,701550.0,1620750.0,0.24569531,12.736294,225,1
atitlan,2026-07-22,701850.0,1620750.0,0.23736121,11.453737,225,0
atitlan,2026-07-22,702150.0,1620750.0,0.20855078,10.120511,225,0
atitlan,2026-07-22,702450.0,1620750.0,0.15969785,8.602047,225,0
atitlan,2026-07-22,702750.0,1620750.0,0.19670017,11.0268955,225,0
atitlan,2026-07-22,703050.0,1620750.0,0.22449435,12.163796,225,1
atitlan,2026-07-22,703350.0,1620750.0,0.22278094,12.289062,225,1
atitlan,2026-07-22,703650.0,1620750.0,0.29030317,17.97019,225,1
atitlan,2026-07-22,703950.0,1620750.0,0.22002022,14.26793,225,1
atitlan,2026-07-22,704250.0,1620750.0,0.20064192,11.741295,225,0
atitlan,2026-07-22,704550.0,1620750.0,0.23846817,13.224759,225,1
atitlan,2026-07-22,704850.0,1620750.0,0.28631917,16.889465,225,1
atitlan,2026-07-22,705150.0,1620750.0,0.22733158,10.732763,225,0
atitlan,2026-07-22,705450.0,1620750.0,0.28510597,16.077993,225,1
atitlan,2026-07-22,705750.0,1620750.0,0.32518923,20.884281,225,1
atitlan,2026-07-22,706050.0,1620750.0,0.31419668,19.656845,225,1
atitlan,2026-07-22,706350.0,1620750.0,0.3349318,22.429453,225,1
atitlan,2026-07-22,706650.0,1620750.0,0.35024178,25.49627,225,1
atitlan,2026-07-22,706950.0,1620750.0,0.33241338,23.43785,225,1
atitlan,2026-07-22,707250.0,1620750.0,0.33373064,23.484112,225,1
atitlan,2026-07-22,707550.0,1620750.0,0.2825993,19.298573,225,1
atitlan,2026-07-22,707850.0,1620750.0,0.15858369,8.125256,45,0
atitlan,2026-07-22,680250.0,1621050.0,0.37602538,31.210972,180,1
atitlan,2026-07-22,680550.0,1621050.0,0.38464725,32.814022,225,1
atitlan,2026-07-22,680850.0,1621050.0,0.388007,33.919582,225,1
atitlan,2026-07-22,681150.0,1621050.0,0.39370793,35.127956,225,1
atitlan,2026-07-22,681450.0,1621050.0,0.40019578,37.008015,225,1
atitlan,2026-07-22,681750.0,1621050.0,0.37695187,32.05504,225,1
atitlan,2026-07-22,682050.0,1621050.0,0.35011983,26.973196,225,1
atitlan,2026-07-22,682350.0,1621050.0,0.30767894,20.084932,225,1
atitlan,2026-07-22,682650.0,1621050.0,0.3322515,23.245224,225,1
atitlan,2026-07-22,682950.0,1621050.0,0.35573363,27.25759,225,1
atitlan,2026-07-22,683250.0,1621050.0,0.27705893,15.315932,225,1
atitlan,2026-07-22,683550.0,1621050.0,0.30973843,19.45494,225,1
atitlan,2026-07-22,683850.0,1621050.0,0.26227003,15.145207,225,1
atitlan,2026-07-22,684150.0,1621050.0,0.25180596,14.887355,225,1
atitlan,2026-07-22,684450.0,1621050.0,0.13182126,7.9225335,225,0
atitlan,2026-07-22,684750.0,1621050.0,0.02487849,4.4006124,225,0
atitlan,2026-07-22,685050.0,1621050.0,0.019186698,4.1994705,225,0
atitlan,2026-07-22,685350.0,1621050.0,0.043000348,4.528128,225,0
atitlan,2026-07-22,685650.0,1621050.0,0.02050642,4.3059177,225,0
atitlan,2026-07-22,685950.0,1621050.0,0.034202404,4.4737086,225,0
atitlan,2026-07-22,686250.0,1621050.0,0.019715106,4.342928,225,0
atitlan,2026-07-22,686550.0,1621050.0,0.15494975,8.633528,225,0
atitlan,2026-07-22,686850.0,1621050.0,0.3348122,24.693983,225,1
atitlan,2026-07-22,687150.0,1621050.0,0.33272448,21.917086,225,1
atitlan,2026-07-22,687450.0,1621050.0,0.32732204,21.223377,225,1
atitlan,2026-07-22,687750.0,1621050.0,0.29693595,16.47017,225,1
atitlan,2026-07-22,688050.0,1621050.0,0.30600142,18.422579,225,1
atitlan,2026-07-22,688350.0,1621050.0,0.27807418,14.504283,225,1
atitlan,2026-07-22,688650.0,1621050.0,0.2574046,14.763638,225,1
atitlan,2026-07-22,688950.0,1621050.0,0.21313497,11.068584,225,0
atitlan,2026-07-22,689250.0,1621050.0,0.18053906,8.122467,225,0
atitlan,2026-07-22,689550.0,1621050.0,0.17286164,9.5427685,225,0
atitlan,2026-07-22,689850.0,1621050.0,-0.0016510708,3.7469301,225,0
atitlan,2026-07-22,690150.0,1621050.0,-0.08089815,0.96891546,225,0
atitlan,2026-07-22,690450.0,1621050.0,0.098802626,8.088688,225,0
atitlan,2026-07-22,690750.0,1621050.0,0.16465603,9.834332,225,0
atitlan,2026-07-22,691050.0,1621050.0,0.1404667,8.083445,225,0
atitlan,2026-07-22,691350.0,1621050.0,0.20220868,10.684328,225,0
atitlan,2026-07-22,691650.0,1621050.0,0.18435398,8.954672,225,0
atitlan,2026-07-22,691950.0,1621050.0,0.1667832,8.583707,225,0
atitlan,2026-07-22,692250.0,1621050.0,0.16427714,8.883714,225,0
atitlan,2026-07-22,692550.0,1621050.0,0.14126782,7.578665,225,0
atitlan,2026-07-22,692850.0,1621050.0,0.11849164,6.861577,225,0
atitlan,2026-07-22,693150.0,1621050.0,0.14471008,8.030194,225,0
atitlan,2026-07-22,693450.0,1621050.0,0.2411321,11.484697,225,0
atitlan,2026-07-22,693750.0,1621050.0,0.23556222,11.279069,225,0
atitlan,2026-07-22,694050.0,1621050.0,0.24449842,11.810684,225,0
atitlan,2026-07-22,694350.0,1621050.0,0.26818088,13.845422,225,1
atitlan,2026-07-22,694650.0,1621050.0,0.25380868,12.475406,225,1
atitlan,2026-07-22,694950.0,1621050.0,0.25184456,12.466428,225,1
atitlan,2026-07-22,695250.0,1621050.0,0.24537921,12.429662,225,1
atitlan,2026-07-22,695550.0,1621050.0,0.23248576,12.067614,225,1
atitlan,2026-07-22,695850.0,1621050.0,0.21871808,10.825356,225,0
atitlan,2026-07-22,696150.0,1621050.0,0.23508328,11.895028,225,0
atitlan,2026-07-22,696450.0,1621050.0,0.2503996,13.281124,225,1
atitlan,2026-07-22,696750.0,1621050.0,0.26521346,14.126467,225,1
atitlan,2026-07-22,697050.0,1621050.0,0.26483822,13.840933,225,1
atitlan,2026-07-22,697350.0,1621050.0,0.262665,13.186226,225,1
atitlan,2026-07-22,697650.0,1621050.0,0.2538012,12.4547205,225,1
atitlan,2026-07-22,697950.0,1621050.0,0.20185938,9.950145,225,0
atitlan,2026-07-22,698250.0,1621050.0,0.19666024,9.313294,225,0
atitlan,2026-07-22,698550.0,1621050.0,0.23034267,12.167046,225,1
atitlan,2026-07-22,698850.0,1621050.0,0.21050087,11.856014,225,0
atitlan,2026-07-22,699150.0,1621050.0,0.13583064,8.17563,225,0
atitlan,2026-07-22,699450.0,1621050.0,0.062063348,6.8588433,225,0
atitlan,2026-07-22,699750.0,1621050.0,0.011158442,4.7412434,225,0
atitlan,2026-07-22,700050.0,1621050.0,-0.04850034,2.524181,225,0
atitlan,2026-07-22,700350.0,1621050.0,-0.04164424,2.8402474,225,0
atitlan,2026-07-22,700650.0,1621050.0,-0.050352924,2.489632,225,0
atitlan,2026-07-22,700950.0,1621050.0,-0.05272749,2.3741014,225,0
atitlan,2026-07-22,701250.0,1621050.0,-0.05680651,2.1916559,225,0
atitlan,2026-07-22,701550.0,1621050.0,0.019385844,4.484429,225,0
atitlan,2026-07-22,701850.0,1621050.0,0.2643155,13.675061,225,1
atitlan,2026-07-22,702150.0,1621050.0,0.19073683,9.832479,225,0
atitlan,2026-07-22,702450.0,1621050.0,0.20231652,9.995872,225,0
atitlan,2026-07-22,702750.0,1621050.0,0.2787355,16.31408,225,1
atitlan,2026-07-22,703050.0,1621050.0,0.22704785,12.47345,225,1
atitlan,2026-07-22,703350.0,1621050.0,0.23542033,14.061221,225,1
atitlan,2026-07-22,703650.0,1621050.0,0.2336689,14.98551,225,1
atitlan,2026-07-22,703950.0,1621050.0,0.25612584,15.262243,225,1
atitlan,2026-07-22,704250.0,1621050.0,0.2509605,14.56513,225,1
atitlan,2026-07-22,704550.0,1621050.0,0.20074311,13.421219,225,1
atitlan,2026-07-22,704850.0,1621050.0,0.20697075,11.9572315,225,0
atitlan,2026-07-22,705150.0,1621050.0,0.25217324,13.279581,225,1
atitlan,2026-07-22,705450.0,1621050.0,0.28787187,17.291296,225,1
atitlan,2026-07-22,705750.0,1621050.0,0.32390603,20.23394,225,1
atitlan,2026-07-22,706050.0,1621050.0,0.32629374,21.028774,225,1
atitlan,2026-07-22,706350.0,1621050.0,0.3194305,20.087093,225,1
atitlan,2026-07-22,706650.0,1621050.0,0.33563966,22.527641,225,1
atitlan,2026-07-22,706950.0,1621050.0,0.2744731,17.734743,225,1
atitlan,2026-07-22,707250.0,1621050.0,0.22205094,13.756235,225,1
atitlan,2026-07-22,707550.0,1621050.0,0.25875336,15.977018,225,1
atitlan,2026-07-22,707850.0,1621050.0,0.20015045,12.206878,45,1
atitlan,2026-07-22,680250.0,1621350.0,0.3602756,27.337345,180,1
atitlan,2026-07-22,680550.0,1621350.0,0.35194686,27.353844,225,1
atitlan,2026-07-22,680850.0,1621350.0,0.3642844,29.976227,225,1
atitlan,2026-07-22,681150.0,1621350.0,0.38802052,33.83464,225,1
atitlan,2026-07-22,681450.0,1621350.0,0.3889926,34.065002,225,1
atitlan,2026-07-22,681750.0,1621350.0,0.34427378,26.046846,225,1
atitlan,2026-07-22,682050.0,1621350.0,0.29987395,18.175014,225,1
atitlan,2026-07-22,682350.0,1621350.0,0.25587964,12.703064,225,1
atitlan,2026-07-22,682650.0,1621350.0,0.29119036,16.581217,225,1
atitlan,2026-07-22,682950.0,1621350.0,0.34397742,24.855179,225,1
atitlan,2026-07-22,683250.0,1621350.0,0.3743909,30.704662,225,1
atitlan,2026-07-22,683550.0,1621350.0,0.36183664,27.798777,225,1
atitlan,2026-07-22,683850.0,1621350.0,0.27755862,17.299068,225,1
atitlan,2026-07-22,684150.0,1621350.0,0.29707885,18.9031,225,1
atitlan,2026-07-22,684450.0,1621350.0,0.2576544,14.333285,225,1
atitlan,2026-07-22,684750.0,1621350.0,0.15240662,8.466693,225,0
atitlan,2026-07-22,685050.0,1621350.0,0.05203412,4.7138577,225,0
atitlan,2026-07-22,685350.0,1621350.0,0.029284328,4.458157,225,0
atitlan,2026-07-22,685650.0,1621350.0,0.028533341,4.4465346,225,0
atitlan,2026-07-22,685950.0,1621350.0,0.052368954,4.723037,225,0
atitlan,2026-07-22,686250.0,1621350.0,0.094082244,5.4205384,225,0
atitlan,2026-07-22,686550.0,1621350.0,0.20108277,11.042934,225,0
atitlan,2026-07-22,686850.0,1621350.0,0.38080674,32.976738,225,1
atitlan,2026-07-22,687150.0,1621350.0,0.35266855,25.879545,225,1
atitlan,2026-07-22,687450.0,1621350.0,0.33891156,23.022686,225,1
atitlan,2026-07-22,687750.0,1621350.0,0.33489048,22.15223,225,1
atitlan,2026-07-22,688050.0,1621350.0,0.31678212,19.12079,225,1
atitlan,2026-07-22,688350.0,1621350.0,0.29168883,16.744162,225,1
atitlan,2026-07-22,688650.0,1621350.0,0.18814059,8.735735,225,0
atitlan,2026-07-22,688950.0,1621350.0,0.23536325,11.81878,225,0
atitlan,2026-07-22,689250.0,1621350.0,0.21889673,10.701658,225,0
atitlan,2026-07-22,689550.0,1621350.0,0.15718284,9.497708,225,0
atitlan,2026-07-22,689850.0,1621350.0,-0.08387621,0.8043419,225,0
atitlan,2026-07-22,690150.0,1621350.0,-0.084409565,0.7971658,225,0
atitlan,2026-07-22,690450.0,1621350.0,-0.08721089,0.593202,225,0
atitlan,2026-07-22,690750.0,1621350.0,-0.052198686,1.8683606,225,0
atitlan,2026-07-22,691050.0,1621350.0,0.19035897,11.299159,225,0
atitlan,2026-07-22,691350.0,1621350.0,0.08736179,6.1522617,225,0
atitlan,2026-07-22,691650.0,1621350.0,0.2139862,11.000852,225,0
atitlan,2026-07-22,691950.0,1621350.0,0.22179562,12.333347,225,1
atitlan,2026-07-22,692250.0,1621350.0,0.1495657,8.818556,225,0
atitlan,2026-07-22,692550.0,1621350.0,0.16316816,9.816942,225,0
atitlan,2026-07-22,692850.0,1621350.0,0.11594051,6.441097,225,0
atitlan,2026-07-22,693150.0,1621350.0,0.19264689,9.124866,225,0
atitlan,2026-07-22,693450.0,1621350.0,0.2417737,11.559357,225,0
atitlan,2026-07-22,693750.0,1621350.0,0.24542335,11.88218,225,0
atitlan,2026-07-22,694050.0,1621350.0,0.22948842,11.268446,225,0
atitlan,2026-07-22,694350.0,1621350.0,0.24397372,11.929176,225,0
atitlan,2026-07-22,694650.0,1621350.0,0.25402626,11.998508,225,0
atitlan,2026-07-22,694950.0,1621350.0,0.21153581,10.340474,225,0
atitlan,2026-07-22,695250.0,1621350.0,0.2493102,12.033343,225,1
atitlan,2026-07-22,695550.0,1621350.0,0.23880593,11.661816,225,0
atitlan,2026-07-22,695850.0,1621350.0,0.24738623,12.234692,225,1
atitlan,2026-07-22,696150.0,1621350.0,0.26269636,13.784321,225,1
atitlan,2026-07-22,696450.0,1621350.0,0.20722781,10.198109,225,0
atitlan,2026-07-22,696750.0,1621350.0,0.24882904,12.602006,225,1
atitlan,2026-07-22,697050.0,1621350.0,0.25285822,12.895038,225,1
atitlan,2026-07-22,697350.0,1621350.0,0.24438658,12.533203,225,1
atitlan,2026-07-22,697650.0,1621350.0,0.18440033,9.982019,225,0
atitlan,2026-07-22,697950.0,1621350.0,0.20310761,10.843915,225,0
atitlan,2026-07-22,698250.0,1621350.0,0.16602747,9.090015,225,0
atitlan,2026-07-22,698550.0,1621350.0,0.19590664,11.247526,225,0
atitlan,2026-07-22,698850.0,1621350.0,0.14655662,8.169768,225,0
atitlan,2026-07-22,699150.0,1621350.0,0.024803068,4.774263,225,0
atitlan,2026-07-22,699450.0,1621350.0,-0.061750833,1.9530711,225,0
atitlan,2026-07-22,699750.0,1621350.0,-0.055189285,2.240081,225,0
atitlan,2026-07-22,700050.0,1621350.0,-0.05769972,2.1740685,225,0
atitlan,2026-07-22,700350.0,1621350.0,-0.045502286,2.5336692,225,0
atitlan,2026-07-22,700650.0,1621350.0,-0.04942632,2.4986682,225,0
atitlan,2026-07-22,700950.0,1621350.0,-0.052190877,2.3882558,225,0
atitlan,2026-07-22,701250.0,1621350.0,-0.05330809,2.3026206,225,0
atitlan,2026-07-22,701550.0,1621350.0,-0.06474405,1.7604938,225,0
atitlan,2026-07-22,701850.0,1621350.0,0.20958844,10.787139,225,0
atitlan,2026-07-22,702150.0,1621350.0,0.19556819,9.0610285,225,0
atitlan,2026-07-22,702450.0,1621350.0,0.25595343,12.728518,225,1
atitlan,2026-07-22,702750.0,1621350.0,0.28914726,16.598234,225,1
atitlan,2026-07-22,703050.0,1621350.0,0.2764813,15.340584,225,1
atitlan,2026-07-22,703350.0,1621350.0,0.15545419,9.595893,225,0
atitlan,2026-07-22,703650.0,1621350.0,0.1654778,10.060439,225,0
atitlan,2026-07-22,703950.0,1621350.0,0.25535688,14.794475,225,1
atitlan,2026-07-22,704250.0,1621350.0,0.21911389,13.895848,225,1
atitlan,2026-07-22,704550.0,1621350.0,0.21356975,12.606535,225,1
atitlan,2026-07-22,704850.0,1621350.0,0.21922158,12.19662,225,1
atitlan,2026-07-22,705150.0,1621350.0,0.29646128,18.135777,225,1
atitlan,2026-07-22,705450.0,1621350.0,0.27911866,17.025755,225,1
atitlan,2026-07-22,705750.0,1621350.0,0.32447615,20.423985,225,1
atitlan,2026-07-22,706050.0,1621350.0,0.30170268,18.808043,225,1
atitlan,2026-07-22,706350.0,1621350.0,0.28166434,17.090256,225,1
atitlan,2026-07-22,706650.0,1621350.0,0.20411612,12.277855,225,1
atitlan,2026-07-22,706950.0,1621350.0,0.13681541,8.343287,225,0
atitlan,2026-07-22,707250.0,1621350.0,0.2209212,14.253599,225,1
atitlan,2026-07-22,707550.0,1621350.0,0.28730246,19.575365,225,1
atitlan,2026-07-22,707850.0,1621350.0,0.33709162,22.769909,45,1
atitlan,2026-07-22,680250.0,1621650.0,0.2810495,19.615763,180,1
atitlan,2026-07-22,680550.0,1621650.0,0.29753342,21.164911,225,1
atitlan,2026-07-22,680850.0,1621650.0,0.37010336,30.064396,225,1
atitlan,2026-07-22,681150.0,1621650.0,0.37744585,31.18278,225,1
atitlan,2026-07-22,681450.0,1621650.0,0.3905719,34.645374,225,1
atitlan,2026-07-22,681750.0,1621650.0,0.38887584,34.01583,225,1
atitlan,2026-07-22,682050.0,1621650.0,0.35349548,27.44709,225,1
atitlan,2026-07-22,682350.0,1621650.0,0.24726671,11.528074,225,0
atitlan,2026-07-22,682650.0,1621650.0,0.27391246,15.30007,225,1
atitlan,2026-07-22,682950.0,1621650.0,0.35403305,26.298386,225,1
atitlan,2026-07-22,683250.0,1621650.0,0.3816496,32.241978,225,1
atitlan,2026-07-22,683550.0,1621650.0,0.35510007,26.41156,225,1
atitlan,2026-07-22,683850.0,1621650.0,0.3013181,20.765276,225,1
atitlan,2026-07-22,684150.0,1621650.0,0.2537477,14.747402,225,1
atitlan,2026-07-22,684450.0,1621650.0,0.21191482,10.345979,225,0
atitlan,2026-07-22,684750.0,1621650.0,0.20668575,10.747434,225,0
atitlan,2026-07-22,685050.0,1621650.0,0.1017617,5.968636,225,0
atitlan,2026-07-22,685350.0,1621650.0,0.09279886,6.0919046,225,0
atitlan,2026-07-22,685650.0,1621650.0,0.07899377,5.578279,225,0
atitlan,2026-07-22,685950.0,1621650.0,0.05061115,5.2095947,225,0
atitlan,2026-07-22,686250.0,1621650.0,0.07609439,5.069694,225,0
atitlan,2026-07-22,686550.0,1621650.0,0.19696723,10.814388,225,0
atitlan,2026-07-22,686850.0,1621650.0,0.35988188,29.1945,225,1
atitlan,2026-07-22,687150.0,1621650.0,0.37551677,30.819183,225,1
atitlan,2026-07-22,687450.0,1621650.0,0.3533793,25.683605,225,1
atitlan,2026-07-22,687750.0,1621650.0,0.33420634,22.43454,225,1
atitlan,2026-07-22,688050.0,1621650.0,0.32973233,21.40803,225,1
atitlan,2026-07-22,688350.0,1621650.0,0.32341716,20.59691,225,1
atitlan,2026-07-22,688650.0,1621650.0,0.27178022,15.062005,225,1
atitlan,2026-07-22,688950.0,1621650.0,0.19039989,9.357658,225,0
atitlan,2026-07-22,689250.0,1621650.0,0.22296162,11.603468,225,0
atitlan,2026-07-22,689550.0,1621650.0,0.21849257,11.215189,225,0
atitlan,2026-07-22,689850.0,1621650.0,-0.012579884,3.7230263,225,0
atitlan,2026-07-22,690150.0,1621650.0,-0.080492705,0.991653,225,0
atitlan,2026-07-22,690450.0,1621650.0,-0.08631349,0.6529806,225,0
atitlan,2026-07-22,690750.0,1621650.0,-0.07161868,1.2961152,225,0
atitlan,2026-07-22,691050.0,1621650.0,-0.018517278,3.7493677,225,0
atitlan,2026-07-22,691350.0,1621650.0,-0.07237455,1.4060107,225,0
atitlan,2026-07-22,691650.0,1621650.0,0.14781268,9.509409,225,0
atitlan,2026-07-22,691950.0,1621650.0,0.2436343,12.893495,225,1
atitlan,2026-07-22,692250.0,1621650.0,0.2442137,13.934001,225,1
atitlan,2026-07-22,692550.0,1621650.0,0.22145624,11.355338,225,0
atitlan,2026-07-22,692850.0,1621650.0,0.2294097,12.51153,225,1
atitlan,2026-07-22,693150.0,1621650.0,0.22386561,11.898396,225,0
atitlan,2026-07-22,693450.0,1621650.0,0.22650735,11.372425,225,0
atitlan,2026-07-22,693750.0,1621650.0,0.21827596,9.957817,225,0
atitlan,2026-07-22,694050.0,1621650.0,0.229734,11.05638,225,0
atitlan,2026-07-22,694350.0,1621650.0,0.2270166,11.030456,225,0
atitlan,2026-07-22,694650.0,1621650.0,0.2396727,11.421631,225,0
atitlan,2026-07-22,694950.0,1621650.0,0.2423929,11.858688,225,0
atitlan,2026-07-22,695250.0,1621650.0,0.20901215,9.775188,225,0
atitlan,2026-07-22,695550.0,1621650.0,0.25216952,12.727707,225,1
atitlan,2026-07-22,695850.0,1621650.0,0.24378338,12.191164,225,1
atitlan,2026-07-22,696150.0,1621650.0,0.22196384,11.284821,225,0
atitlan,2026-07-22,696450.0,1621650.0,0.22204553,11.242621,225,0
atitlan,2026-07-22,696750.0,1621650.0,0.24749543,12.856721,225,1
atitlan,2026-07-22,697050.0,1621650.0,0.21681882,10.784981,225,0
atitlan,2026-07-22,697350.0,1621650.0,0.22639588,11.207748,225,0
atitlan,2026-07-22,697650.0,1621650.0,0.20655517,10.3485,225,0
atitlan,2026-07-22,697950.0,1621650.0,0.115087934,7.059414,225,0
atitlan,2026-07-22,698250.0,1621650.0,0.19247821,11.307204,225,0
atitlan,2026-07-22,698550.0,1621650.0,0.18327747,10.662284,225,0
atitlan,2026-07-22,698850.0,1621650.0,0.14995685,8.807766,225,0
atitlan,2026-07-22,699150.0,1621650.0,-0.03878611,2.3277843,225,0
atitlan,2026-07-22,699450.0,1621650.0,-0.08249309,0.8884345,225,0
atitlan,2026-07-22,699750.0,1621650.0,-0.048535418,2.4855871,225,0
atitlan,2026-07-22,700050.0,1621650.0,-0.04709188,2.5831523,225,0
atitlan,2026-07-22,700350.0,1621650.0,-0.056853257,2.1006837,225,0
atitlan,2026-07-22,700650.0,1621650.0,-0.06038962,2.0572152,225,0
atitlan,2026-07-22,700950.0,1621650.0,-0.062045593,1.9440575,225,0
atitlan,2026-07-22,701250.0,1621650.0,-0.060849834,2.0223815,225,0
atitlan,2026-07-22,701550.0,1621650.0,-0.05772835,1.9663954,225,0
atitlan,2026-07-22,701850.0,1621650.0,0.16325825,8.249337,225,0
atitlan,2026-07-22,702150.0,1621650.0,0.18473868,9.411133,225,0
atitlan,2026-07-22,702450.0,1621650.0,0.071558446,5.7431664,225,0
atitlan,2026-07-22,702750.0,1621650.0,0.09165557,7.778127,225,0
atitlan,2026-07-22,703050.0,1621650.0,0.27430433,15.35318,225,1
atitlan,2026-07-22,703350.0,1621650.0,0.23322496,13.558023,225,1
atitlan,2026-07-22,703650.0,1621650.0,0.21592586,11.089911,225,0
atitlan,2026-07-22,703950.0,1621650.0,0.25753948,13.699471,225,1
atitlan,2026-07-22,704250.0,1621650.0,0.23556788,13.055057,225,1
atitlan,2026-07-22,704550.0,1621650.0,0.21045129,12.292804,225,1
atitlan,2026-07-22,704850.0,1621650.0,0.26331186,16.777027,225,1
atitlan,2026-07-22,705150.0,1621650.0,0.3007268,19.190962,225,1
atitlan,2026-07-22,705450.0,1621650.0,0.239625,13.698885,225,1
atitlan,2026-07-22,705750.0,1621650.0,0.2904309,16.633305,225,1
atitlan,2026-07-22,706050.0,1621650.0,0.31086928,19.29574,225,1
atitlan,2026-07-22,706350.0,1621650.0,0.31939375,19.886024,225,1
atitlan,2026-07-22,706650.0,1621650.0,0.33212307,21.647842,225,1
atitlan,2026-07-22,706950.0,1621650.0,0.26261118,17.66576,225,1
atitlan,2026-07-22,707250.0,1621650.0,0.2224587,14.35853,225,1
atitlan,2026-07-22,707550.0,1621650.0,0.17280178,9.981751,225,0
atitlan,2026-07-22,707850.0,1621650.0,0.2168942,13.551147,45,1
atitlan,2026-07-22,680250.0,1621950.0,0.28246534,20.513582,180,1
atitlan,2026-07-22,680550.0,1621950.0,0.35009944,27.394957,225,1
atitlan,2026-07-22,680850.0,1621950.0,0.3042458,22.895033,225,1
atitlan,2026-07-22,681150.0,1621950.0,0.28846756,18.451736,225,1
atitlan,2026-07-22,681450.0,1621950.0,0.36755386,31.406815,225,1
atitlan,2026-07-22,681750.0,1621950.0,0.36794123,29.837383,225,1
atitlan,2026-07-22,682050.0,1621950.0,0.3468755,27.270971,225,1
atitlan,2026-07-22,682350.0,1621950.0,0.28401837,15.985462,225,1
atitlan,2026-07-22,682650.0,1621950.0,0.3329771,23.456009,225,1
atitlan,2026-07-22,682950.0,1621950.0,0.3729375,30.163216,225,1
atitlan,2026-07-22,683250.0,1621950.0,0.3666994,29.247162,225,1
atitlan,2026-07-22,683550.0,1621950.0,0.33543584,22.567978,225,1
atitlan,2026-07-22,683850.0,1621950.0,0.33690953,24.715534,225,1
atitlan,2026-07-22,684150.0,1621950.0,0.28475502,17.87744,225,1
atitlan,2026-07-22,684450.0,1621950.0,0.26415956,15.767182,225,1
atitlan,2026-07-22,684750.0,1621950.0,0.24282144,12.0863285,225,1
atitlan,2026-07-22,685050.0,1621950.0,0.17788818,8.887281,225,0
atitlan,2026-07-22,685350.0,1621950.0,0.17589392,8.917643,225,0
atitlan,2026-07-22,685650.0,1621950.0,0.14763607,7.081845,225,0
atitlan,2026-07-22,685950.0,1621950.0,0.07183525,4.9544444,225,0
atitlan,2026-07-22,686250.0,1621950.0,0.046474777,4.60893,225,0
atitlan,2026-07-22,686550.0,1621950.0,0.16168573,8.696212,225,0
atitlan,2026-07-22,686850.0,1621950.0,0.354803,26.608578,225,1
atitlan,2026-07-22,687150.0,1621950.0,0.36450264,27.960318,225,1
atitlan,2026-07-22,687450.0,1621950.0,0.34829658,24.677233,225,1
atitlan,2026-07-22,687750.0,1621950.0,0.34638608,24.487385,225,1
atitlan,2026-07-22,688050.0,1621950.0,0.31782123,19.4337,225,1
atitlan,2026-07-22,688350.0,1621950.0,0.3235579,20.349463,225,1
atitlan,2026-07-22,688650.0,1621950.0,0.30803108,18.128439,225,1
atitlan,2026-07-22,688950.0,1621950.0,0.22291797,10.296349,225,0
atitlan,2026-07-22,689250.0,1621950.0,0.23628494,11.278308,225,0
atitlan,2026-07-22,689550.0,1621950.0,0.1581001,9.338701,225,0
atitlan,2026-07-22,689850.0,1621950.0,-0.03964506,2.2336595,225,0
atitlan,2026-07-22,690150.0,1621950.0,-0.08769454,0.5599817,225,0
atitlan,2026-07-22,690450.0,1621950.0,-0.08940747,0.513718,225,0
atitlan,2026-07-22,690750.0,1621950.0,-0.089801975,0.4407503,225,0
atitlan,2026-07-22,691050.0,1621950.0,-0.08787483,0.536237,225,0
atitlan,2026-07-22,691350.0,1621950.0,-0.07590515,1.0333791,225,0
atitlan,2026-07-22,691650.0,1621950.0,0.046370957,6.3847857,225,0
atitlan,2026-07-22,691950.0,1621950.0,0.03532666,5.4190807,225,0
atitlan,2026-07-22,692250.0,1621950.0,0.10892778,9.632931,225,0
atitlan,2026-07-22,692550.0,1621950.0,0.2508117,15.993423,225,1
atitlan,2026-07-22,692850.0,1621950.0,0.05044395,6.1114893,225,0
atitlan,2026-07-22,693150.0,1621950.0,0.12720037,8.880963,225,0
atitlan,2026-07-22,693450.0,1621950.0,0.27485862,16.145035,225,1
atitlan,2026-07-22,693750.0,1621950.0,0.20674427,11.059896,225,0
atitlan,2026-07-22,694050.0,1621950.0,0.25718024,14.098181,225,1
atitlan,2026-07-22,694350.0,1621950.0,0.25078052,12.013726,225,1
atitlan,2026-07-22,694650.0,1621950.0,0.23619263,11.375621,225,0
atitlan,2026-07-22,694950.0,1621950.0,0.2479111,12.257516,225,1
atitlan,2026-07-22,695250.0,1621950.0,0.25605965,12.646388,225,1
atitlan,2026-07-22,695550.0,1621950.0,0.25236163,12.873554,225,1
atitlan,2026-07-22,695850.0,1621950.0,0.25638086,12.943038,225,1
atitlan,2026-07-22,696150.0,1621950.0,0.24411602,11.206163,225,0
atitlan,2026-07-22,696450.0,1621950.0,0.19331655,8.440804,225,0
atitlan,2026-07-22,696750.0,1621950.0,0.2505132,12.649844,225,1
atitlan,2026-07-22,697050.0,1621950.0,0.24821751,11.791175,225,0
atitlan,2026-07-22,697350.0,1621950.0,0.21062745,9.987727,225,0
atitlan,2026-07-22,697650.0,1621950.0,0.16641481,9.228478,225,0
atitlan,2026-07-22,697950.0,1621950.0,0.16969304,10.44815,225,0
atitlan,2026-07-22,698250.0,1621950.0,0.1550776,9.593066,225,0
atitlan,2026-07-22,698550.0,1621950.0,-0.017163213,3.8344235,225,0
atitlan,2026-07-22,698850.0,1621950.0,0.2390164,13.697819,225,1
atitlan,2026-07-22,699150.0,1621950.0,0.092254646,7.6640625,225,0
atitlan,2026-07-22,699450.0,1621950.0,-0.008428634,3.1888032,225,0
atitlan,2026-07-22,699750.0,1621950.0,-0.060368408,2.0149887,225,0
atitlan,2026-07-22,700050.0,1621950.0,-0.055152822,2.2368898,225,0
atitlan,2026-07-22,700350.0,1621950.0,-0.057581704,2.167011,225,0
atitlan,2026-07-22,700650.0,1621950.0,-0.057669032,2.1257918,225,0
atitlan,2026-07-22,700950.0,1621950.0,-0.060325403,2.0147483,225,0
atitlan,2026-07-22,701250.0,1621950.0,-0.053420193,2.3671174,225,0
atitlan,2026-07-22,701550.0,1621950.0,-0.053477902,2.3697278,225,0
atitlan,2026-07-22,701850.0,1621950.0,-0.05024037,2.5038924,225,0
atitlan,2026-07-22,702150.0,1621950.0,-0.066904455,1.7106028,225,0
atitlan,2026-07-22,702450.0,1621950.0,-0.06236383,1.9236184,225,0
atitlan,2026-07-22,702750.0,1621950.0,-0.015527627,3.4396029,225,0
atitlan,2026-07-22,703050.0,1621950.0,0.26758972,14.351048,225,1
atitlan,2026-07-22,703350.0,1621950.0,0.286989,15.671469,225,1
atitlan,2026-07-22,703650.0,1621950.0,0.12958346,9.150438,225,0
atitlan,2026-07-22,703950.0,1621950.0,0.13709556,8.621405,225,0
atitlan,2026-07-22,704250.0,1621950.0,0.23367545,14.526965,225,1
atitlan,2026-07-22,704550.0,1621950.0,0.18619324,10.412582,225,0
atitlan,2026-07-22,704850.0,1621950.0,0.20753661,12.080063,225,1
atitlan,2026-07-22,705150.0,1621950.0,0.28576997,16.914185,225,1
atitlan,2026-07-22,705450.0,1621950.0,0.23598695,13.386185,225,1
atitlan,2026-07-22,705750.0,1621950.0,0.26852676,15.582019,225,1
atitlan,2026-07-22,706050.0,1621950.0,0.3191125,19.795673,225,1
atitlan,2026-07-22,706350.0,1621950.0,0.32461226,20.90683,225,1
atitlan,2026-07-22,706650.0,1621950.0,0.31750807,19.789112,225,1
atitlan,2026-07-22,706950.0,1621950.0,0.33203417,21.63603,225,1
atitlan,2026-07-22,707250.0,1621950.0,0.26001728,16.549337,225,1
atitlan,2026-07-22,707550.0,1621950.0,0.20772764,12.88938,225,1
atitlan,2026-07-22,707850.0,1621950.0,0.32337528,22.210264,45,1
atitlan,2026-07-22,680250.0,1622250.0,0.32550073,21.8705,180,1
atitlan,2026-07-22,680550.0,1622250.0,0.30087894,20.824593,225,1
atitlan,2026-07-22,680850.0,1622250.0,0.21305785,12.276698,225,1
atitlan,2026-07-22,681150.0,1622250.0,0.14115116,9.15135,225,0
atitlan,2026-07-22,681450.0,1622250.0,0.29637375,20.78018,225,1
atitlan,2026-07-22,681750.0,1622250.0,0.35987467,28.84121,225,1
atitlan,2026-07-22,682050.0,1622250.0,0.360399,28.244286,225,1
atitlan,2026-07-22,682350.0,1622250.0,0.32786092,23.706348,225,1
atitlan,2026-07-22,682650.0,1622250.0,0.3589285,27.503105,225,1
atitlan,2026-07-22,682950.0,1622250.0,0.3442583,25.724533,225,1
atitlan,2026-07-22,683250.0,1622250.0,0.31070715,19.555471,225,1
atitlan,2026-07-22,683550.0,1622250.0,0.37069038,29.571823,225,1
atitlan,2026-07-22,683850.0,1622250.0,0.3572774,27.398972,225,1
atitlan,2026-07-22,684150.0,1622250.0,0.32339773,22.856585,225,1
atitlan,2026-07-22,684450.0,1622250.0,0.2769503,19.185894,225,1
atitlan,2026-07-22,684750.0,1622250.0,0.31315494,20.431849,225,1
atitlan,2026-07-22,685050.0,1622250.0,0.19955954,10.406597,225,0
atitlan,2026-07-22,685350.0,1622250.0,0.111021556,6.061593,225,0
atitlan,2026-07-22,685650.0,1622250.0,0.085715026,5.3596196,225,0
atitlan,2026-07-22,685950.0,1622250.0,0.07249388,5.0638385,225,0
atitlan,2026-07-22,686250.0,1622250.0,0.06334936,4.835548,225,0
atitlan,2026-07-22,686550.0,1622250.0,0.29007918,20.46217,225,1
atitlan,2026-07-22,686850.0,1622250.0,0.3600356,27.105904,225,1
atitlan,2026-07-22,687150.0,1622250.0,0.34519017,24.180096,225,1
atitlan,2026-07-22,687450.0,1622250.0,0.3431874,23.790665,225,1
atitlan,2026-07-22,687750.0,1622250.0,0.34603238,24.391129,225,1
atitlan,2026-07-22,688050.0,1622250.0,0.3291581,21.884897,225,1
atitlan,2026-07-22,688350.0,1622250.0,0.32237813,20.512775,225,1
atitlan,2026-07-22,688650.0,1622250.0,0.27263916,15.217542,225,1
atitlan,2026-07-22,688950.0,1622250.0,0.24148057,11.167361,225,0
atitlan,2026-07-22,689250.0,1622250.0,0.2253564,10.130771,225,0
atitlan,2026-07-22,689550.0,1622250.0,-0.0020393685,4.202408,225,0
atitlan,2026-07-22,689850.0,1622250.0,-0.08228222,0.8538766,225,0
atitlan,2026-07-22,690150.0,1622250.0,-0.086901315,0.5896794,225,0
atitlan,2026-07-22,690450.0,1622250.0,-0.083703876,0.78251994,225,0
atitlan,2026-07-22,690750.0,1622250.0,-0.08674991,0.59484535,225,0
atitlan,2026-07-22,691050.0,1622250.0,-0.081504814,0.88607943,225,0
atitlan,2026-07-22,691350.0,1622250.0,-0.08263897,0.84172827,225,0
atitlan,2026-07-22,691650.0,1622250.0,-0.07214199,1.4293802,225,0
atitlan,2026-07-22,691950.0,1622250.0,-0.059976682,2.0697114,225,0
atitlan,2026-07-22,692250.0,1622250.0,-0.0069662663,3.947542,225,0
atitlan,2026-07-22,692550.0,1622250.0,0.02450984,5.1386294,225,0
atitlan,2026-07-22,692850.0,1622250.0,0.077393204,7.8880453,225,0
atitlan,2026-07-22,693150.0,1622250.0,0.010883571,4.6499815,225,0
atitlan,2026-07-22,693450.0,1622250.0,-0.026083825,2.9878283,225,0
atitlan,2026-07-22,693750.0,1622250.0,-0.051854804,2.1533241,225,0
atitlan,2026-07-22,694050.0,1622250.0,0.20828989,12.526583,225,1
atitlan,2026-07-22,694350.0,1622250.0,0.25798503,13.14045,225,1
atitlan,2026-07-22,694650.0,1622250.0,0.2556504,12.329201,225,1
atitlan,2026-07-22,694950.0,1622250.0,0.24860102,12.817835,225,1
atitlan,2026-07-22,695250.0,1622250.0,0.24771096,12.451981,225,1
atitlan,2026-07-22,695550.0,1622250.0,0.23694889,11.714835,225,0
atitlan,2026-07-22,695850.0,1622250.0,0.26964712,13.662053,225,1
atitlan,2026-07-22,696150.0,1622250.0,0.26285297,12.789033,225,1
atitlan,2026-07-22,696450.0,1622250.0,0.25570393,12.567545,225,1
atitlan,2026-07-22,696750.0,1622250.0,0.21241869,9.813248,225,0
atitlan,2026-07-22,697050.0,1622250.0,0.2074889,10.099452,225,0
atitlan,2026-07-22,697350.0,1622250.0,0.1833558,9.740137,225,0
atitlan,2026-07-22,697650.0,1622250.0,0.12814482,8.400862,225,0
atitlan,2026-07-22,697950.0,1622250.0,0.10842877,7.948341,225,0
atitlan,2026-07-22,698250.0,1622250.0,0.012723295,4.6265364,225,0
atitlan,2026-07-22,698550.0,1622250.0,-0.057057153,2.175645,225,0
atitlan,2026-07-22,698850.0,1622250.0,0.10937697,8.912171,225,0
atitlan,2026-07-22,699150.0,1622250.0,-0.038123652,2.7583911,225,0
atitlan,2026-07-22,699450.0,1622250.0,-0.06431108,1.8394055,225,0
atitlan,2026-07-22,699750.0,1622250.0,-0.05732047,2.1595893,225,0
atitlan,2026-07-22,700050.0,1622250.0,-0.04450158,2.6754549,225,0
atitlan,2026-07-22,700350.0,1622250.0,-0.054620694,2.2699845,225,0
atitlan,2026-07-22,700650.0,1622250.0,-0.05975689,2.0422063,225,0
atitlan,2026-07-22,700950.0,1622250.0,-0.06426652,1.840708,225,0
atitlan,2026-07-22,701250.0,1622250.0,-0.059910357,2.0269268,225,0
atitlan,2026-07-22,701550.0,1622250.0,-0.06005582,2.0118313,225,0
atitlan,2026-07-22,701850.0,1622250.0,-0.069294125,1.628652,225,0
atitlan,2026-07-22,702150.0,1622250.0,-0.07778206,1.1087877,225,0
atitlan,2026-07-22,702450.0,1622250.0,-0.076199315,1.2158775,225,0
atitlan,2026-07-22,702750.0,1622250.0,-0.02869968,3.028449,225,0
atitlan,2026-07-22,703050.0,1622250.0,0.2745487,15.121814,225,1
atitlan,2026-07-22,703350.0,1622250.0,0.29050517,16.309393,225,1
atitlan,2026-07-22,703650.0,1622250.0,0.20042996,12.253734,225,1
atitlan,2026-07-22,703950.0,1622250.0,0.16131736,10.000142,225,0
atitlan,2026-07-22,704250.0,1622250.0,0.2389066,13.556027,225,1
atitlan,2026-07-22,704550.0,1622250.0,0.21150476,11.473358,225,0
atitlan,2026-07-22,704850.0,1622250.0,0.13952073,8.356353,225,0
atitlan,2026-07-22,705150.0,1622250.0,0.20815532,11.050355,225,0
atitlan,2026-07-22,705450.0,1622250.0,0.17061606,9.51307,225,0
atitlan,2026-07-22,705750.0,1622250.0,0.25634417,15.067839,225,1
atitlan,2026-07-22,706050.0,1622250.0,0.2794049,17.228748,225,1
atitlan,2026-07-22,706350.0,1622250.0,0.29545614,17.526932,225,1
atitlan,2026-07-22,706650.0,1622250.0,0.29978982,19.30012,225,1
atitlan,2026-07-22,706950.0,1622250.0,0.28558946,18.122276,225,1
atitlan,2026-07-22,707250.0,1622250.0,0.32593077,22.19045,225,1
atitlan,2026-07-22,707550.0,1622250.0,0.32076147,21.546745,225,1
atitlan,2026-07-22,707850.0,1622250.0,0.30274442,19.645597,45,1
atitlan,2026-07-22,680250.0,1622550.0,0.32147005,22.281797,180,1
atitlan,2026-07-22,680550.0,1622550.0,0.31647474,22.290434,225,1
atitlan,2026-07-22,680850.0,1622550.0,0.24041064,17.271334,225,1
atitlan,2026-07-22,681150.0,1622550.0,0.13172127,10.204996,225,0
atitlan,2026-07-22,681450.0,1622550.0,0.28866717,20.158705,225,1
atitlan,2026-07-22,681750.0,1622550.0,0.34529245,25.781313,225,1
atitlan,2026-07-22,682050.0,1622550.0,0.33681154,24.317135,225,1
atitlan,2026-07-22,682350.0,1622550.0,0.3560482,28.3043,225,1
atitlan,2026-07-22,682650.0,1622550.0,0.36787817,29.092031,225,1
atitlan,2026-07-22,682950.0,1622550.0,0.34247386,24.846607,225,1
atitlan,2026-07-22,683250.0,1622550.0,0.31737843,19.565536,225,1
atitlan,2026-07-22,683550.0,1622550.0,0.33180985,21.937626,225,1
atitlan,2026-07-22,683850.0,1622550.0,0.31611013,20.657036,225,1
atitlan,2026-07-22,684150.0,1622550.0,0.3168017,21.202454,225,1
atitlan,2026-07-22,684450.0,1622550.0,0.25734836,15.903512,225,1
atitlan,2026-07-22,684750.0,1622550.0,0.30824015,20.692717,225,1
atitlan,2026-07-22,685050.0,1622550.0,0.32690772,21.88718,225,1
atitlan,2026-07-22,685350.0,1622550.0,0.24752589,14.521193,225,1
atitlan,2026-07-22,685650.0,1622550.0,0.14305249,7.196567,225,0
atitlan,2026-07-22,685950.0,1622550.0,0.109933645,6.299601,225,0
atitlan,2026-07-22,686250.0,1622550.0,0.11675436,6.1436563,225,0
atitlan,2026-07-22,686550.0,1622550.0,0.30913052,22.815245,225,1
atitlan,2026-07-22,686850.0,1622550.0,0.3405912,23.386621,225,1
atitlan,2026-07-22,687150.0,1622550.0,0.32664,20.779232,225,1
atitlan,2026-07-22,687450.0,1622550.0,0.3138234,20.013794,225,1
atitlan,2026-07-22,687750.0,1622550.0,0.2983082,19.879395,225,1
atitlan,2026-07-22,688050.0,1622550.0,0.28529635,16.109495,225,1
atitlan,2026-07-22,688350.0,1622550.0,0.29433778,17.221283,225,1
atitlan,2026-07-22,688650.0,1622550.0,0.322362,20.515106,225,1
atitlan,2026-07-22,688950.0,1622550.0,0.2532267,12.382505,225,1
atitlan,2026-07-22,689250.0,1622550.0,0.21186154,12.91174,225,1
atitlan,2026-07-22,689550.0,1622550.0,-0.071251646,1.4371471,225,0
atitlan,2026-07-22,689850.0,1622550.0,-0.08357097,0.7595072,225,0
atitlan,2026-07-22,690150.0,1622550.0,-0.08702602,0.5444782,225,0
atitlan,2026-07-22,690450.0,1622550.0,-0.08554738,0.65356004,225,0
atitlan,2026-07-22,690750.0,1622550.0,-0.08519666,0.68178463,225,0
atitlan,2026-07-22,691050.0,1622550.0,-0.086157046,0.62937355,225,0
atitlan,2026-07-22,691350.0,1622550.0,-0.086495176,0.61926126,225,0
atitlan,2026-07-22,691650.0,1622550.0,-0.07860844,1.0684191,225,0
atitlan,2026-07-22,691950.0,1622550.0,-0.07167632,1.4650929,225,0
atitlan,2026-07-22,692250.0,1622550.0,-0.067995794,1.628217,225,0
atitlan,2026-07-22,692550.0,1622550.0,-0.069076315,1.5857989,225,0
atitlan,2026-07-22,692850.0,1622550.0,-0.07157548,1.455901,225,0
atitlan,2026-07-22,693150.0,1622550.0,-0.07408689,1.3155636,225,0
atitlan,2026-07-22,693450.0,1622550.0,-0.07583256,1.2254622,225,0
atitlan,2026-07-22,693750.0,1622550.0,-0.07718609,1.1515115,225,0
atitlan,2026-07-22,694050.0,1622550.0,0.19109827,11.418148,225,0
atitlan,2026-07-22,694350.0,1622550.0,0.2754435,14.490457,225,1
atitlan,2026-07-22,694650.0,1622550.0,0.26991117,13.998699,225,1
atitlan,2026-07-22,694950.0,1622550.0,0.25867996,13.68017,225,1
atitlan,2026-07-22,695250.0,1622550.0,0.24800494,12.318063,225,1
atitlan,2026-07-22,695550.0,1622550.0,0.2084561,10.043621,225,0
atitlan,2026-07-22,695850.0,1622550.0,0.2481237,13.443873,225,1
atitlan,2026-07-22,696150.0,1622550.0,0.2835954,15.202142,225,1
atitlan,2026-07-22,696450.0,1622550.0,0.27523255,14.582131,225,1
atitlan,2026-07-22,696750.0,1622550.0,0.25580382,13.111346,225,1
atitlan,2026-07-22,697050.0,1622550.0,0.18191446,9.5912075,225,0
atitlan,2026-07-22,697350.0,1622550.0,0.13313991,8.068951,225,0
atitlan,2026-07-22,697650.0,1622550.0,0.06358333,6.9519453,225,0
atitlan,2026-07-22,697950.0,1622550.0,-0.053458665,2.3392215,225,0
atitlan,2026-07-22,698250.0,1622550.0,-0.05917536,2.0787525,225,0
atitlan,2026-07-22,698550.0,1622550.0,-0.056169838,2.2168658,225,0
atitlan,2026-07-22,698850.0,1622550.0,-0.057932362,2.1268973,225,0
atitlan,2026-07-22,699150.0,1622550.0,-0.05858532,2.110618,225,0
atitlan,2026-07-22,699450.0,1622550.0,-0.06309139,1.9019202,225,0
atitlan,2026-07-22,699750.0,1622550.0,-0.071056396,1.486108,225,0
atitlan,2026-07-22,700050.0,1622550.0,-0.05202233,2.3625362,225,0
atitlan,2026-07-22,700350.0,1622550.0,-0.060478937,2.0000305,225,0
atitlan,2026-07-22,700650.0,1622550.0,-0.06888116,1.598196,225,0
atitlan,2026-07-22,700950.0,1622550.0,-0.06893171,1.5780488,225,0
atitlan,2026-07-22,701250.0,1622550.0,-0.06615073,1.7610555,225,0
atitlan,2026-07-22,701550.0,1622550.0,-0.06756582,1.6764042,225,0
atitlan,2026-07-22,701850.0,1622550.0,-0.07880412,1.1021792,225,0
atitlan,2026-07-22,702150.0,1622550.0,-0.079871505,0.99784684,225,0
atitlan,2026-07-22,702450.0,1622550.0,-0.07125782,1.4757379,225,0
atitlan,2026-07-22,702750.0,1622550.0,0.004765436,3.6270144,225,0
atitlan,2026-07-22,703050.0,1622550.0,0.24084918,11.518895,225,0
atitlan,2026-07-22,703350.0,1622550.0,0.22359724,10.63913,225,0
atitlan,2026-07-22,703650.0,1622550.0,0.2609648,14.645933,225,1
atitlan,2026-07-22,703950.0,1622550.0,0.17773154,10.830453,225,0
atitlan,2026-07-22,704250.0,1622550.0,0.22101578,12.534306,225,1
atitlan,2026-07-22,704550.0,1622550.0,0.19577731,11.4965105,225,0
atitlan,2026-07-22,704850.0,1622550.0,0.12596183,7.478664,225,0
atitlan,2026-07-22,705150.0,1622550.0,0.15352075,8.580689,225,0
atitlan,2026-07-22,705450.0,1622550.0,0.20989113,11.510891,225,0
atitlan,2026-07-22,705750.0,1622550.0,0.24953212,14.369635,225,1
atitlan,2026-07-22,706050.0,1622550.0,0.27466142,16.808165,225,1
atitlan,2026-07-22,706350.0,1622550.0,0.26317754,15.922049,225,1
atitlan,2026-07-22,706650.0,1622550.0,0.3089926,19.712446,225,1
atitlan,2026-07-22,706950.0,1622550.0,0.3005052,19.404102,225,1
atitlan,2026-07-22,707250.0,1622550.0,0.30019623,20.138594,225,1
atitlan,2026-07-22,707550.0,1622550.0,0.2667329,16.33989,225,1
atitlan,2026-07-22,707850.0,1622550.0,0.20076427,11.214852,45,0
atitlan,2026-07-22,680250.0,1622850.0,0.33354,23.968231,180,1
atitlan,2026-07-22,680550.0,1622850.0,0.3060404,19.409548,225,1
atitlan,2026-07-22,680850.0,1622850.0,0.24091217,14.211362,225,1
atitlan,2026-07-22,681150.0,1622850.0,0.22909668,15.293304,225,1
atitlan,2026-07-22,681450.0,1622850.0,0.30516303,20.560259,225,1
atitlan,2026-07-22,681750.0,1622850.0,0.2701569,18.034178,225,1
atitlan,2026-07-22,682050.0,1622850.0,0.32693458,23.597305,225,1
atitlan,2026-07-22,682350.0,1622850.0,0.337997,23.982025,225,1
atitlan,2026-07-22,682650.0,1622850.0,0.36462817,28.752493,225,1
atitlan,2026-07-22,682950.0,1622850.0,0.32937965,22.279161,225,1
atitlan,2026-07-22,683250.0,1622850.0,0.29401487,17.192348,225,1
atitlan,2026-07-22,683550.0,1622850.0,0.29512239,18.243528,225,1
atitlan,2026-07-22,683850.0,1622850.0,0.32594383,20.72826,225,1
atitlan,2026-07-22,684150.0,1622850.0,0.31564143,20.158735,225,1
atitlan,2026-07-22,684450.0,1622850.0,0.29861507,20.076475,225,1
atitlan,2026-07-22,684750.0,1622850.0,0.29389077,18.955153,225,1
atitlan,2026-07-22,685050.0,1622850.0,0.31588337,21.740599,225,1
atitlan,2026-07-22,685350.0,1622850.0,0.3352832,23.028046,225,1
atitlan,2026-07-22,685650.0,1622850.0,0.28351068,17.425144,225,1
atitlan,2026-07-22,685950.0,1622850.0,0.3289945,22.389692,225,1
atitlan,2026-07-22,686250.0,1622850.0,0.31329888,20.748272,225,1
atitlan,2026-07-22,686550.0,1622850.0,0.35356197,25.722977,225,1
atitlan,2026-07-22,686850.0,1622850.0,0.31698313,20.285097,225,1
atitlan,2026-07-22,687150.0,1622850.0,0.32889995,21.932165,225,1
atitlan,2026-07-22,687450.0,1622850.0,0.27446297,15.020541,225,1
atitlan,2026-07-22,687750.0,1622850.0,0.26924863,14.590593,225,1
atitlan,2026-07-22,688050.0,1622850.0,0.2620973,14.317124,225,1
atitlan,2026-07-22,688350.0,1622850.0,0.24355173,12.539298,225,1
atitlan,2026-07-22,688650.0,1622850.0,0.2936172,16.552189,225,1
atitlan,2026-07-22,688950.0,1622850.0,0.28337076,16.107225,225,1
atitlan,2026-07-22,689250.0,1622850.0,0.17492197,11.654747,225,0
atitlan,2026-07-22,689550.0,1622850.0,-0.079938136,1.02229,225,0
atitlan,2026-07-22,689850.0,1622850.0,-0.088566124,0.4879491,225,0
atitlan,2026-07-22,690150.0,1622850.0,-0.087706715,0.54674315,225,0
atitlan,2026-07-22,690450.0,1622850.0,-0.08952794,0.41850105,225,0
atitlan,2026-07-22,690750.0,1622850.0,-0.09302179,0.31744528,225,0
atitlan,2026-07-22,691050.0,1622850.0,-0.09220016,0.3152283,225,0
atitlan,2026-07-22,691350.0,1622850.0,-0.09031093,0.42308235,225,0
atitlan,2026-07-22,691650.0,1622850.0,-0.08127858,0.944376,225,0
atitlan,2026-07-22,691950.0,1622850.0,-0.075615965,1.2702391,225,0
atitlan,2026-07-22,692250.0,1622850.0,-0.06959607,1.558947,225,0
atitlan,2026-07-22,692550.0,1622850.0,-0.071888715,1.440139,225,0
atitlan,2026-07-22,692850.0,1622850.0,-0.08021169,0.9814651,225,0
atitlan,2026-07-22,693150.0,1622850.0,-0.07572078,1.2386955,225,0
atitlan,2026-07-22,693450.0,1622850.0,-0.078751184,1.0976943,225,0
atitlan,2026-07-22,693750.0,1622850.0,-0.07673698,1.205659,225,0
atitlan,2026-07-22,694050.0,1622850.0,0.042752933,7.6697297,225,0
atitlan,2026-07-22,694350.0,1622850.0,0.13127105,10.13151,225,0
atitlan,2026-07-22,694650.0,1622850.0,0.20527652,14.802521,225,1
atitlan,2026-07-22,694950.0,1622850.0,0.10349335,7.768258,225,0
atitlan,2026-07-22,695250.0,1622850.0,0.2091266,12.045346,225,1
atitlan,2026-07-22,695550.0,1622850.0,0.23335578,12.467595,225,1
atitlan,2026-07-22,695850.0,1622850.0,0.17084487,11.28299,225,0
atitlan,2026-07-22,696150.0,1622850.0,0.20594469,12.12525,225,1
atitlan,2026-07-22,696450.0,1622850.0,0.14855699,9.195972,225,0
atitlan,2026-07-22,696750.0,1622850.0,0.17134202,9.387465,225,0
atitlan,2026-07-22,697050.0,1622850.0,0.19712062,11.563085,225,0
atitlan,2026-07-22,697350.0,1622850.0,0.12937224,7.6439934,225,0
atitlan,2026-07-22,697650.0,1622850.0,0.10354778,8.436672,225,0
atitlan,2026-07-22,697950.0,1622850.0,-0.0546209,2.3136451,225,0
atitlan,2026-07-22,698250.0,1622850.0,-0.05741905,2.2009177,225,0
atitlan,2026-07-22,698550.0,1622850.0,-0.05205317,2.4256177,225,0
atitlan,2026-07-22,698850.0,1622850.0,-0.057962466,2.1384199,225,0
atitlan,2026-07-22,699150.0,1622850.0,-0.062432297,1.9074949,225,0
atitlan,2026-07-22,699450.0,1622850.0,-0.058792304,2.0935745,225,0
atitlan,2026-07-22,699750.0,1622850.0,-0.059583284,2.015345,225,0
atitlan,2026-07-22,700050.0,1622850.0,-0.04341006,2.746695,225,0
atitlan,2026-07-22,700350.0,1622850.0,-0.04012945,2.8855991,225,0
atitlan,2026-07-22,700650.0,1622850.0,-0.06384562,1.8604883,225,0
atitlan,2026-07-22,700950.0,1622850.0,-0.06721745,1.6972901,225,0
atitlan,2026-07-22,701250.0,1622850.0,-0.066189885,1.7382013,225,0
atitlan,2026-07-22,701550.0,1622850.0,-0.07370713,1.3461285,225,0
atitlan,2026-07-22,701850.0,1622850.0,-0.07691345,1.1853046,225,0
atitlan,2026-07-22,702150.0,1622850.0,-0.08000207,1.0378311,225,0
atitlan,2026-07-22,702450.0,1622850.0,-0.071600884,1.4791665,225,0
atitlan,2026-07-22,702750.0,1622850.0,0.06800895,5.8138294,225,0
atitlan,2026-07-22,703050.0,1622850.0,0.2325328,12.195452,225,1
atitlan,2026-07-22,703350.0,1622850.0,0.2758563,14.644516,225,1
atitlan,2026-07-22,703650.0,1622850.0,0.3007706,17.644299,225,1
atitlan,2026-07-22,703950.0,1622850.0,0.22256434,12.275301,225,1
atitlan,2026-07-22,704250.0,1622850.0,0.17210056,10.343131,225,0
atitlan,2026-07-22,704550.0,1622850.0,0.14739914,9.325901,225,0
atitlan,2026-07-22,704850.0,1622850.0,0.13420485,8.068252,225,0
atitlan,2026-07-22,705150.0,1622850.0,0.18727654,9.806004,225,0
atitlan,2026-07-22,705450.0,1622850.0,0.25234377,13.828023,225,1
atitlan,2026-07-22,705750.0,1622850.0,0.24071352,13.332699,225,1
atitlan,2026-07-22,706050.0,1622850.0,0.27022612,17.320063,225,1
atitlan,2026-07-22,706350.0,1622850.0,0.2389726,15.043006,225,1
atitlan,2026-07-22,706650.0,1622850.0,0.25156394,13.711895,225,1
atitlan,2026-07-22,706950.0,1622850.0,0.2899707,16.916834,225,1
atitlan,2026-07-22,707250.0,1622850.0,0.22833793,14.512843,225,1
atitlan,2026-07-22,707550.0,1622850.0,0.25766858,16.728615,225,1
atitlan,2026-07-22,707850.0,1622850.0,0.17266428,10.419605,45,0
atitlan,2026-07-22,680250.0,1623150.0,0.30708757,20.167564,180,1
atitlan,2026-07-22,680550.0,1623150.0,0.2919265,18.225426,225,1
atitlan,2026-07-22,680850.0,1623150.0,0.29303125,19.327349,225,1
atitlan,2026-07-22,681150.0,1623150.0,0.27652487,16.928864,225,1
atitlan,2026-07-22,681450.0,1623150.0,0.18767598,12.335865,225,1
atitlan,2026-07-22,681750.0,1623150.0,0.21799615,14.312327,225,1
atitlan,2026-07-22,682050.0,1623150.0,0.27688202,18.81761,225,1
atitlan,2026-07-22,682350.0,1623150.0,0.2998935,19.14401,225,1
atitlan,2026-07-22,682650.0,1623150.0,0.34457397,25.27703,225,1
atitlan,2026-07-22,682950.0,1623150.0,0.30050322,18.414799,225,1
atitlan,2026-07-22,683250.0,1623150.0,0.29001302,16.877045,225,1
atitlan,2026-07-22,683550.0,1623150.0,0.31590706,19.329002,225,1
atitlan,2026-07-22,683850.0,1623150.0,0.32414246,20.629974,225,1
atitlan,2026-07-22,684150.0,1623150.0,0.32122216,21.058662,225,1
atitlan,2026-07-22,684450.0,1623150.0,0.31334877,19.762379,225,1
atitlan,2026-07-22,684750.0,1623150.0,0.2985774,18.384865,225,1
atitlan,2026-07-22,685050.0,1623150.0,0.29604816,18.460228,225,1
atitlan,2026-07-22,685350.0,1623150.0,0.31242296,20.110725,225,1
atitlan,2026-07-22,685650.0,1623150.0,0.3041044,19.56774,225,1
atitlan,2026-07-22,685950.0,1623150.0,0.3004098,18.742735,225,1
atitlan,2026-07-22,686250.0,1623150.0,0.32707825,21.96519,225,1
atitlan,2026-07-22,686550.0,1623150.0,0.31154355,19.360334,225,1
atitlan,2026-07-22,686850.0,1623150.0,0.29664332,17.285059,225,1
atitlan,2026-07-22,687150.0,1623150.0,0.32051316,21.170692,225,1
atitlan,2026-07-22,687450.0,1623150.0,0.2823095,15.936907,225,1
atitlan,2026-07-22,687750.0,1623150.0,0.23135504,11.010994,225,0
atitlan,2026-07-22,688050.0,1623150.0,0.24288645,14.0052395,225,1
atitlan,2026-07-22,688350.0,1623150.0,0.21081191,10.355487,225,0
atitlan,2026-07-22,688650.0,1623150.0,0.22135103,13.328725,225,1
atitlan,2026-07-22,688950.0,1623150.0,0.2070474,12.78347,225,1
atitlan,2026-07-22,689250.0,1623150.0,-0.06377286,1.6239967,225,0
atitlan,2026-07-22,689550.0,1623150.0,-0.089927666,0.48348388,225,0
atitlan,2026-07-22,689850.0,1623150.0,-0.09066368,0.39371866,225,0
atitlan,2026-07-22,690150.0,1623150.0,-0.08902674,0.49269426,225,0
atitlan,2026-07-22,690450.0,1623150.0,-0.09501228,0.24829312,225,0
atitlan,2026-07-22,690750.0,1623150.0,-0.094657406,0.2854248,225,0
atitlan,2026-07-22,691050.0,1623150.0,-0.091792665,0.3704578,225,0
atitlan,2026-07-22,691350.0,1623150.0,-0.09411186,0.27495843,225,0
atitlan,2026-07-22,691650.0,1623150.0,-0.08488692,0.75468343,225,0
atitlan,2026-07-22,691950.0,1623150.0,-0.07444196,1.2740518,225,0
atitlan,2026-07-22,692250.0,1623150.0,-0.08077693,0.9467373,225,0
atitlan,2026-07-22,692550.0,1623150.0,-0.07598678,1.2090688,225,0
atitlan,2026-07-22,692850.0,1623150.0,-0.08498341,0.764498,225,0
atitlan,2026-07-22,693150.0,1623150.0,-0.084180474,0.79993725,225,0
atitlan,2026-07-22,693450.0,1623150.0,-0.0799207,1.0199246,225,0
atitlan,2026-07-22,693750.0,1623150.0,-0.08188814,0.8997443,225,0
atitlan,2026-07-22,694050.0,1623150.0,-0.07613346,1.2050653,225,0
atitlan,2026-07-22,694350.0,1623150.0,-0.07506178,1.2584857,225,0
atitlan,2026-07-22,694650.0,1623150.0,-0.07612377,1.2070194,225,0
atitlan,2026-07-22,694950.0,1623150.0,-0.07060883,1.5038521,225,0
atitlan,2026-07-22,695250.0,1623150.0,-0.04761728,2.490567,225,0
atitlan,2026-07-22,695550.0,1623150.0,0.025664542,5.229315,225,0
atitlan,2026-07-22,695850.0,1623150.0,-0.037227526,2.9087203,225,0
atitlan,2026-07-22,696150.0,1623150.0,-0.019253239,3.2871234,225,0
atitlan,2026-07-22,696450.0,1623150.0,-0.030090295,3.2378936,225,0
atitlan,2026-07-22,696750.0,1623150.0,0.115082316,7.649841,225,0
atitlan,2026-07-22,697050.0,1623150.0,0.121109895,8.782976,225,0
atitlan,2026-07-22,697350.0,1623150.0,0.16264613,8.885067,225,0
atitlan,2026-07-22,697650.0,1623150.0,0.03450485,5.348354,225,0
atitlan,2026-07-22,697950.0,1623150.0,-0.055760022,2.2592227,225,0
atitlan,2026-07-22,698250.0,1623150.0,-0.059508577,2.082617,225,0
atitlan,2026-07-22,698550.0,1623150.0,-0.056374084,2.2278965,225,0
atitlan,2026-07-22,698850.0,1623150.0,-0.060762823,2.0161192,225,0
atitlan,2026-07-22,699150.0,1623150.0,-0.06317298,1.8906686,225,0
atitlan,2026-07-22,699450.0,1623150.0,-0.067064404,1.6818362,225,0
atitlan,2026-07-22,699750.0,1623150.0,-0.066297755,1.7293892,225,0
atitlan,2026-07-22,700050.0,1623150.0,-0.067977995,1.6397427,225,0
atitlan,2026-07-22,700350.0,1623150.0,-0.055631433,2.2199628,225,0
atitlan,2026-07-22,700650.0,1623150.0,-0.061401285,1.9851868,225,0
atitlan,2026-07-22,700950.0,1623150.0,-0.0677104,1.6666427,225,0
atitlan,2026-07-22,701250.0,1623150.0,-0.06993189,1.5455192,225,0
atitlan,2026-07-22,701550.0,1623150.0,-0.07070186,1.5104644,225,0
atitlan,2026-07-22,701850.0,1623150.0,-0.07472004,1.3037988,225,0
atitlan,2026-07-22,702150.0,1623150.0,-0.08078472,1.0031731,225,0
atitlan,2026-07-22,702450.0,1623150.0,-0.07078594,1.4439731,225,0
atitlan,2026-07-22,702750.0,1623150.0,-0.03579795,2.6097438,225,0
atitlan,2026-07-22,703050.0,1623150.0,0.21476263,11.979613,225,0
atitlan,2026-07-22,703350.0,1623150.0,0.25492063,12.7463455,225,1
atitlan,2026-07-22,703650.0,1623150.0,0.2773784,15.00738,225,1
atitlan,2026-07-22,703950.0,1623150.0,0.20163605,11.2414255,225,0
atitlan,2026-07-22,704250.0,1623150.0,0.17336051,11.427366,225,0
atitlan,2026-07-22,704550.0,1623150.0,0.15153925,9.306656,225,0
atitlan,2026-07-22,704850.0,1623150.0,0.13188915,7.900103,225,0
atitlan,2026-07-22,705150.0,1623150.0,0.1672465,8.913419,225,0
atitlan,2026-07-22,705450.0,1623150.0,0.2822868,16.452482,225,1
atitlan,2026-07-22,705750.0,1623150.0,0.26570463,15.265068,225,1
atitlan,2026-07-22,706050.0,1623150.0,0.28183922,16.178782,225,1
atitlan,2026-07-22,706350.0,1623150.0,0.27273047,15.8139515,225,1
atitlan,2026-07-22,706650.0,1623150.0,0.27113593,16.44699,225,1
atitlan,2026-07-22,706950.0,1623150.0,0.29737908,16.986755,225,1
atitlan,2026-07-22,707250.0,1623150.0,0.20986336,12.2575245,225,1
atitlan,2026-07-22,707550.0,1623150.0,0.2566311,16.653364,225,1
atitlan,2026-07-22,707850.0,1623150.0,0.31817177,20.909533,45,1
atitlan,2026-07-22,680250.0,1623450.0,0.32583115,22.799896,180,1
atitlan,2026-07-22,680550.0,1623450.0,0.32336506,21.52571,225,1
atitlan,2026-07-22,680850.0,1623450.0,0.32355988,21.65483,225,1
atitlan,2026-07-22,681150.0,1623450.0,0.3286028,22.248215,225,1
atitlan,2026-07-22,681450.0,1623450.0,0.2914704,19.97237,225,1
atitlan,2026-07-22,681750.0,1623450.0,0.22434193,14.155694,225,1
atitlan,2026-07-22,682050.0,1623450.0,0.2644583,15.474353,225,1
atitlan,2026-07-22,682350.0,1623450.0,0.31209794,20.839508,225,1
atitlan,2026-07-22,682650.0,1623450.0,0.33025888,22.147932,225,1
atitlan,2026-07-22,682950.0,1623450.0,0.3067142,18.032127,225,1
atitlan,2026-07-22,683250.0,1623450.0,0.30417582,18.04696,225,1
atitlan,2026-07-22,683550.0,1623450.0,0.28295612,16.003971,225,1
atitlan,2026-07-22,683850.0,1623450.0,0.32755524,20.898165,225,1
atitlan,2026-07-22,684150.0,1623450.0,0.31786847,19.979025,225,1
atitlan,2026-07-22,684450.0,1623450.0,0.32071704,20.646923,225,1
atitlan,2026-07-22,684750.0,1623450.0,0.31060916,18.827635,225,1
atitlan,2026-07-22,685050.0,1623450.0,0.29713136,17.648148,225,1
atitlan,2026-07-22,685350.0,1623450.0,0.27983823,17.902353,225,1
atitlan,2026-07-22,685650.0,1623450.0,0.2874984,17.180857,225,1
atitlan,2026-07-22,685950.0,1623450.0,0.25099188,13.016677,225,1
atitlan,2026-07-22,686250.0,1623450.0,0.25569886,14.227617,225,1
atitlan,2026-07-22,686550.0,1623450.0,0.26571548,13.55575,225,1
atitlan,2026-07-22,686850.0,1623450.0,0.26475987,15.042573,225,1
atitlan,2026-07-22,687150.0,1623450.0,0.2464483,13.485917,225,1
atitlan,2026-07-22,687450.0,1623450.0,0.22171818,11.107137,225,0
atitlan,2026-07-22,687750.0,1623450.0,0.23356359,11.249826,225,0
atitlan,2026-07-22,688050.0,1623450.0,0.19434379,10.480127,225,0
atitlan,2026-07-22,688350.0,1623450.0,0.18425107,10.968146,225,0
atitlan,2026-07-22,688650.0,1623450.0,0.08687403,6.374792,225,0
atitlan,2026-07-22,688950.0,1623450.0,-0.04966175,2.001046,225,0
atitlan,2026-07-22,689250.0,1623450.0,-0.08947803,0.48630813,225,0
atitlan,2026-07-22,689550.0,1623450.0,-0.0962275,0.19512163,225,0
atitlan,2026-07-22,689850.0,1623450.0,-0.0917062,0.412244,225,0
atitlan,2026-07-22,690150.0,1623450.0,-0.08768933,0.5964239,225,0
atitlan,2026-07-22,690450.0,1623450.0,-0.09292905,0.3644943,225,0
atitlan,2026-07-22,690750.0,1623450.0,-0.093371406,0.33554453,225,0
atitlan,2026-07-22,691050.0,1623450.0,-0.09591328,0.2700213,225,0
atitlan,2026-07-22,691350.0,1623450.0,-0.09690507,0.21929342,225,0
atitlan,2026-07-22,691650.0,1623450.0,-0.08635378,0.6946964,225,0
atitlan,2026-07-22,691950.0,1623450.0,-0.07800575,1.1032258,225,0
atitlan,2026-07-22,692250.0,1623450.0,-0.0727489,1.3968035,225,0
atitlan,2026-07-22,692550.0,1623450.0,-0.074772805,1.2979217,225,0
atitlan,2026-07-22,692850.0,1623450.0,-0.079354644,1.0294528,225,0
atitlan,2026-07-22,693150.0,1623450.0,-0.07854005,1.0804856,225,0
atitlan,2026-07-22,693450.0,1623450.0,-0.08055478,0.9643504,225,0
atitlan,2026-07-22,693750.0,1623450.0,-0.08561542,0.7283919,225,0
atitlan,2026-07-22,694050.0,1623450.0,-0.081023544,0.94889635,225,0
atitlan,2026-07-22,694350.0,1623450.0,-0.08401938,0.78425616,225,0
atitlan,2026-07-22,694650.0,1623450.0,-0.084815435,0.71978515,225,0
atitlan,2026-07-22,694950.0,1623450.0,-0.084072046,0.76951265,225,0
atitlan,2026-07-22,695250.0,1623450.0,-0.061491467,1.9666175,225,0
atitlan,2026-07-22,695550.0,1623450.0,-0.056568943,2.2222192,225,0
atitlan,2026-07-22,695850.0,1623450.0,-0.053825237,2.3532965,225,0
atitlan,2026-07-22,696150.0,1623450.0,-0.054442108,2.3641028,225,0
atitlan,2026-07-22,696450.0,1623450.0,-0.054191664,2.341407,225,0
atitlan,2026-07-22,696750.0,1623450.0,-0.044210184,2.6485295,225,0
atitlan,2026-07-22,697050.0,1623450.0,-0.05108762,2.4887223,225,0
atitlan,2026-07-22,697350.0,1623450.0,-0.033454135,3.0367486,225,0
atitlan,2026-07-22,697650.0,1623450.0,-0.054995157,2.2823277,225,0
atitlan,2026-07-22,697950.0,1623450.0,-0.061578825,1.9836168,225,0
atitlan,2026-07-22,698250.0,1623450.0,-0.059460677,2.0916836,225,0
atitlan,2026-07-22,698550.0,1623450.0,-0.063074775,1.8844037,225,0
atitlan,2026-07-22,698850.0,1623450.0,-0.06485903,1.8011172,225,0
atitlan,2026-07-22,699150.0,1623450.0,-0.06465729,1.8126842,225,0
atitlan,2026-07-22,699450.0,1623450.0,-0.0615178,1.9511906,225,0
atitlan,2026-07-22,699750.0,1623450.0,-0.06724591,1.6854385,225,0
atitlan,2026-07-22,700050.0,1623450.0,-0.068798505,1.608658,225,0
atitlan,2026-07-22,700350.0,1623450.0,-0.061969362,1.9580401,225,0
atitlan,2026-07-22,700650.0,1623450.0,-0.06445728,1.7841384,225,0
atitlan,2026-07-22,700950.0,1623450.0,-0.060161684,2.037151,225,0
atitlan,2026-07-22,701250.0,1623450.0,-0.066677295,1.7251424,225,0
atitlan,2026-07-22,701550.0,1623450.0,-0.07226906,1.4207243,225,0
atitlan,2026-07-22,701850.0,1623450.0,-0.081616536,0.9304084,225,0
atitlan,2026-07-22,702150.0,1623450.0,-0.08415919,0.77567893,225,0
atitlan,2026-07-22,702450.0,1623450.0,-0.07328035,1.3802801,225,0
atitlan,2026-07-22,702750.0,1623450.0,0.106423534,6.9371815,225,0
atitlan,2026-07-22,703050.0,1623450.0,0.13200504,6.3693743,225,0
atitlan,2026-07-22,703350.0,1623450.0,0.23858659,10.589365,225,0
atitlan,2026-07-22,703650.0,1623450.0,0.2425943,12.432297,225,1
atitlan,2026-07-22,703950.0,1623450.0,0.15071468,9.63483,225,0
atitlan,2026-07-22,704250.0,1623450.0,0.16910763,9.942943,225,0
atitlan,2026-07-22,704550.0,1623450.0,0.16369224,9.392328,225,0
atitlan,2026-07-22,704850.0,1623450.0,0.16397078,9.669791,225,0
atitlan,2026-07-22,705150.0,1623450.0,0.16656747,9.879282,225,0
atitlan,2026-07-22,705450.0,1623450.0,0.20492294,11.289861,225,0
atitlan,2026-07-22,705750.0,1623450.0,0.2775195,15.356354,225,1
atitlan,2026-07-22,706050.0,1623450.0,0.28288868,16.115065,225,1
atitlan,2026-07-22,706350.0,1623450.0,0.29972306,18.999392,225,1
atitlan,2026-07-22,706650.0,1623450.0,0.2934804,18.739452,225,1
atitlan,2026-07-22,706950.0,1623450.0,0.23814298,15.794747,225,1
atitlan,2026-07-22,707250.0,1623450.0,0.22590798,13.178169,225,1
atitlan,2026-07-22,707550.0,1623450.0,0.170524,10.258681,225,0
atitlan,2026-07-22,707850.0,1623450.0,0.1346229,7.6729913,45,0
atitlan,2026-07-22,680250.0,1623750.0,0.33371612,24.265766,180,1
atitlan,2026-07-22,680550.0,1623750.0,0.34470266,25.476288,225,1
atitlan,2026-07-22,680850.0,1623750.0,0.34223154,25.467028,225,1
atitlan,2026-07-22,681150.0,1623750.0,0.34757817,26.254389,225,1
atitlan,2026-07-22,681450.0,1623750.0,0.30410326,20.905165,225,1
atitlan,2026-07-22,681750.0,1623750.0,0.26810864,17.071095,225,1
atitlan,2026-07-22,682050.0,1623750.0,0.28293383,16.718481,225,1
atitlan,2026-07-22,682350.0,1623750.0,0.27790943,16.747808,225,1
atitlan,2026-07-22,682650.0,1623750.0,0.31390396,21.609182,225,1
atitlan,2026-07-22,682950.0,1623750.0,0.3099388,19.009182,225,1
atitlan,2026-07-22,683250.0,1623750.0,0.26908925,14.165173,225,1
atitlan,2026-07-22,683550.0,1623750.0,0.2896392,16.603136,225,1
atitlan,2026-07-22,683850.0,1623750.0,0.2897097,17.084356,225,1
atitlan,2026-07-22,684150.0,1623750.0,0.31467813,19.411552,225,1
atitlan,2026-07-22,684450.0,1623750.0,0.311492,18.812859,225,1
atitlan,2026-07-22,684750.0,1623750.0,0.30295715,17.980127,225,1
atitlan,2026-07-22,685050.0,1623750.0,0.2906271,17.130377,225,1
atitlan,2026-07-22,685350.0,1623750.0,0.2689186,15.644632,225,1
atitlan,2026-07-22,685650.0,1623750.0,0.25072488,14.306745,225,1
atitlan,2026-07-22,685950.0,1623750.0,0.23028368,12.545062,225,1
atitlan,2026-07-22,686250.0,1623750.0,0.25552076,15.343902,225,1
atitlan,2026-07-22,686550.0,1623750.0,0.26398808,15.137701,225,1
atitlan,2026-07-22,686850.0,1623750.0,0.2351934,12.460325,225,1
atitlan,2026-07-22,687150.0,1623750.0,0.23215108,11.86424,225,0
atitlan,2026-07-22,687450.0,1623750.0,0.18839015,11.54674,225,0
atitlan,2026-07-22,687750.0,1623750.0,0.16229565,8.599085,225,0
atitlan,2026-07-22,688050.0,1623750.0,0.008846688,3.8347998,225,0
atitlan,2026-07-22,688350.0,1623750.0,-0.06049465,1.5196662,225,0
atitlan,2026-07-22,688650.0,1623750.0,-0.08739676,0.622451,225,0
atitlan,2026-07-22,688950.0,1623750.0,-0.09119881,0.43226534,225,0
atitlan,2026-07-22,689250.0,1623750.0,-0.09491627,0.2895419,225,0
atitlan,2026-07-22,689550.0,1623750.0,-0.09675365,0.21743464,225,0
atitlan,2026-07-22,689850.0,1623750.0,-0.093278416,0.36170512,225,0
atitlan,2026-07-22,690150.0,1623750.0,-0.09211527,0.40599057,225,0
atitlan,2026-07-22,690450.0,1623750.0,-0.09305555,0.35415995,225,0
atitlan,2026-07-22,690750.0,1623750.0,-0.09284869,0.39573488,225,0
atitlan,2026-07-22,691050.0,1623750.0,-0.09426342,0.35357413,225,0
atitlan,2026-07-22,691350.0,1623750.0,-0.09308245,0.35619944,225,0
atitlan,2026-07-22,691650.0,1623750.0,-0.08225059,0.86875564,225,0
atitlan,2026-07-22,691950.0,1623750.0,-0.066737026,1.7155148,225,0
atitlan,2026-07-22,692250.0,1623750.0,-0.0690667,1.5945572,225,0
atitlan,2026-07-22,692550.0,1623750.0,-0.07454079,1.2967441,225,0
atitlan,2026-07-22,692850.0,1623750.0,-0.07847154,1.0753369,225,0
atitlan,2026-07-22,693150.0,1623750.0,-0.07850279,1.0728352,225,0
atitlan,2026-07-22,693450.0,1623750.0,-0.08272514,0.8438451,225,0
atitlan,2026-07-22,693750.0,1623750.0,-0.08775914,0.6160007,225,0
atitlan,2026-07-22,694050.0,1623750.0,-0.08364366,0.8186921,225,0
atitlan,2026-07-22,694350.0,1623750.0,-0.0829243,0.84020764,225,0
atitlan,2026-07-22,694650.0,1623750.0,-0.087837294,0.5932306,225,0
atitlan,2026-07-22,694950.0,1623750.0,-0.085982494,0.71895236,225,0
atitlan,2026-07-22,695250.0,1623750.0,-0.07389738,1.3379785,225,0
atitlan,2026-07-22,695550.0,1623750.0,-0.06116711,1.9753125,225,0
atitlan,2026-07-22,695850.0,1623750.0,-0.061172374,1.9653507,225,0
atitlan,2026-07-22,696150.0,1623750.0,-0.06028126,2.0029666,225,0
atitlan,2026-07-22,696450.0,1623750.0,-0.05809822,2.1516707,225,0
atitlan,2026-07-22,696750.0,1623750.0,-0.05977753,2.0671427,225,0
atitlan,2026-07-22,697050.0,1623750.0,-0.060638804,2.0308173,225,0
atitlan,2026-07-22,697350.0,1623750.0,-0.05940192,2.0899072,225,0
atitlan,2026-07-22,697650.0,1623750.0,-0.06116554,2.0031602,225,0
atitlan,2026-07-22,697950.0,1623750.0,-0.062227394,1.9436364,225,0
atitlan,2026-07-22,698250.0,1623750.0,-0.057805553,2.1596317,225,0
atitlan,2026-07-22,698550.0,1623750.0,-0.06354307,1.8651078,225,0
atitlan,2026-07-22,698850.0,1623750.0,-0.06564408,1.7618221,225,0
atitlan,2026-07-22,699150.0,1623750.0,-0.05611783,2.2275345,225,0
atitlan,2026-07-22,699450.0,1623750.0,-0.05921331,2.091421,225,0
atitlan,2026-07-22,699750.0,1623750.0,-0.06612711,1.7472309,225,0
atitlan,2026-07-22,700050.0,1623750.0,-0.06562057,1.7750658,225,0
atitlan,2026-07-22,700350.0,1623750.0,-0.06095318,2.0158134,225,0
atitlan,2026-07-22,700650.0,1623750.0,-0.048827484,2.5282552,225,0
atitlan,2026-07-22,700950.0,1623750.0,-0.06100935,2.0009508,225,0
atitlan,2026-07-22,701250.0,1623750.0,-0.07017657,1.5317322,225,0
atitlan,2026-07-22,701550.0,1623750.0,-0.07075401,1.4954517,225,0
atitlan,2026-07-22,701850.0,1623750.0,-0.07814002,1.0965178,225,0
atitlan,2026-07-22,702150.0,1623750.0,-0.078797765,1.08511,225,0
atitlan,2026-07-22,702450.0,1623750.0,-0.07389932,1.3227246,225,0
atitlan,2026-07-22,702750.0,1623750.0,0.11887031,6.978961,225,0
atitlan,2026-07-22,703050.0,1623750.0,0.20069721,8.513733,225,0
atitlan,2026-07-22,703350.0,1623750.0,0.2244612,10.6912155,225,0
atitlan,2026-07-22,703650.0,1623750.0,0.18822885,10.332334,225,0
atitlan,2026-07-22,703950.0,1623750.0,0.09705813,6.3832836,225,0
atitlan,2026-07-22,704250.0,1623750.0,0.16188669,9.640565,225,0
atitlan,2026-07-22,704550.0,1623750.0,0.14550425,8.474261,225,0
atitlan,2026-07-22,704850.0,1623750.0,0.17997475,10.128409,225,0
atitlan,2026-07-22,705150.0,1623750.0,0.20473431,11.367339,225,0
atitlan,2026-07-22,705450.0,1623750.0,0.1568567,9.316585,225,0
atitlan,2026-07-22,705750.0,1623750.0,0.21906738,11.51243,225,0
atitlan,2026-07-22,706050.0,1623750.0,0.27303854,15.808597,225,1
atitlan,2026-07-22,706350.0,1623750.0,0.2891466,16.88937,225,1
atitlan,2026-07-22,706650.0,1623750.0,0.31419405,20.127333,225,1
atitlan,2026-07-22,706950.0,1623750.0,0.20377636,12.600142,225,1
atitlan,2026-07-22,707250.0,1623750.0,0.13050021,8.344631,225,0
atitlan,2026-07-22,707550.0,1623750.0,0.24154408,14.931208,225,1
atitlan,2026-07-22,707850.0,1623750.0,0.3380319,23.382734,45,1
atitlan,2026-07-22,680250.0,1624050.0,0.34608462,25.380905,180,1
atitlan,2026-07-22,680550.0,1624050.0,0.33043188,22.183708,225,1
atitlan,2026-07-22,680850.0,1624050.0,0.30861077,19.517254,225,1
atitlan,2026-07-22,681150.0,1624050.0,0.29971138,20.693602,225,1
atitlan,2026-07-22,681450.0,1624050.0,0.3137172,21.289856,225,1
atitlan,2026-07-22,681750.0,1624050.0,0.23609477,15.124273,225,1
atitlan,2026-07-22,682050.0,1624050.0,0.32677534,24.21351,225,1
atitlan,2026-07-22,682350.0,1624050.0,0.33988306,24.13424,225,1
atitlan,2026-07-22,682650.0,1624050.0,0.2900279,18.207586,225,1
atitlan,2026-07-22,682950.0,1624050.0,0.29951704,18.005947,225,1
atitlan,2026-07-22,683250.0,1624050.0,0.26819637,14.289317,225,1
atitlan,2026-07-22,683550.0,1624050.0,0.27869043,15.943248,225,1
atitlan,2026-07-22,683850.0,1624050.0,0.27148136,15.535299,225,1
atitlan,2026-07-22,684150.0,1624050.0,0.30454716,18.059195,225,1
atitlan,2026-07-22,684450.0,1624050.0,0.30472097,18.318914,225,1
atitlan,2026-07-22,684750.0,1624050.0,0.2980598,17.26617,225,1
atitlan,2026-07-22,685050.0,1624050.0,0.28691825,16.676388,225,1
atitlan,2026-07-22,685350.0,1624050.0,0.2640759,14.519877,225,1
atitlan,2026-07-22,685650.0,1624050.0,0.26989642,15.040117,225,1
atitlan,2026-07-22,685950.0,1624050.0,0.21660289,12.749668,225,1
atitlan,2026-07-22,686250.0,1624050.0,0.23021442,12.342586,225,1
atitlan,2026-07-22,686550.0,1624050.0,0.23318766,14.81401,225,1
atitlan,2026-07-22,686850.0,1624050.0,0.22208956,12.38787,225,1
atitlan,2026-07-22,687150.0,1624050.0,0.18821679,9.730915,225,0
atitlan,2026-07-22,687450.0,1624050.0,0.09950356,6.900116,225,0
atitlan,2026-07-22,687750.0,1624050.0,-0.035649423,2.2605388,225,0
atitlan,2026-07-22,688050.0,1624050.0,-0.09263405,0.35012612,225,0
atitlan,2026-07-22,688350.0,1624050.0,-0.09131602,0.40145734,225,0
atitlan,2026-07-22,688650.0,1624050.0,-0.09198101,0.4116819,225,0
atitlan,2026-07-22,688950.0,1624050.0,-0.09456842,0.29217288,225,0
atitlan,2026-07-22,689250.0,1624050.0,-0.09029963,0.45403317,225,0
atitlan,2026-07-22,689550.0,1624050.0,-0.093454525,0.32203767,225,0
atitlan,2026-07-22,689850.0,1624050.0,-0.08968123,0.49358237,225,0
atitlan,2026-07-22,690150.0,1624050.0,-0.09111385,0.4086937,225,0
atitlan,2026-07-22,690450.0,1624050.0,-0.09405583,0.3094014,225,0
atitlan,2026-07-22,690750.0,1624050.0,-0.09133928,0.42954677,225,0
atitlan,2026-07-22,691050.0,1624050.0,-0.09136771,0.42959797,225,0
atitlan,2026-07-22,691350.0,1624050.0,-0.09199168,0.38384902,225,0
atitlan,2026-07-22,691650.0,1624050.0,-0.07269234,1.3985683,225,0
atitlan,2026-07-22,691950.0,1624050.0,-0.06150267,1.9864407,225,0
atitlan,2026-07-22,692250.0,1624050.0,-0.06795783,1.6423244,225,0
atitlan,2026-07-22,692550.0,1624050.0,-0.07301335,1.3706145,225,0
atitlan,2026-07-22,692850.0,1624050.0,-0.08202287,0.8956986,225,0
atitlan,2026-07-22,693150.0,1624050.0,-0.082703665,0.8577265,225,0
atitlan,2026-07-22,693450.0,1624050.0,-0.08501563,0.7517527,225,0
atitlan,2026-07-22,693750.0,1624050.0,-0.09158022,0.41212088,225,0
atitlan,2026-07-22,694050.0,1624050.0,-0.08826525,0.5884951,225,0
atitlan,2026-07-22,694350.0,1624050.0,-0.08689953,0.64767957,225,0
atitlan,2026-07-22,694650.0,1624050.0,-0.08975248,0.5044027,225,0
atitlan,2026-07-22,694950.0,1624050.0,-0.08266619,0.891502,225,0
atitlan,2026-07-22,695250.0,1624050.0,-0.06803721,1.654504,225,0
atitlan,2026-07-22,695550.0,1624050.0,-0.063787475,1.8689212,225,0
atitlan,2026-07-22,695850.0,1624050.0,-0.06182729,1.9762043,225,0
atitlan,2026-07-22,696150.0,1624050.0,-0.060375515,2.0318153,225,0
atitlan,2026-07-22,696450.0,1624050.0,-0.060729943,2.033157,225,0
atitlan,2026-07-22,696750.0,1624050.0,-0.059578046,2.0693326,225,0
atitlan,2026-07-22,697050.0,1624050.0,-0.061014697,2.0080464,225,0
atitlan,2026-07-22,697350.0,1624050.0,-0.060379755,2.0445914,225,0
atitlan,2026-07-22,697650.0,1624050.0,-0.06349184,1.8821683,225,0
atitlan,2026-07-22,697950.0,1624050.0,-0.06360387,1.876987,225,0
atitlan,2026-07-22,698250.0,1624050.0,-0.061802913,1.9543724,225,0
atitlan,2026-07-22,698550.0,1624050.0,-0.06403207,1.8293564,225,0
atitlan,2026-07-22,698850.0,1624050.0,-0.060180046,2.046092,225,0
atitlan,2026-07-22,699150.0,1624050.0,-0.058153916,2.1446135,225,0
atitlan,2026-07-22,699450.0,1624050.0,-0.06239922,1.9365785,225,0
atitlan,2026-07-22,699750.0,1624050.0,-0.06285413,1.901607,225,0
atitlan,2026-07-22,700050.0,1624050.0,-0.057789087,2.160323,225,0
atitlan,2026-07-22,700350.0,1624050.0,-0.06223014,1.9523823,225,0
atitlan,2026-07-22,700650.0,1624050.0,-0.05626051,2.2343762,225,0
atitlan,2026-07-22,700950.0,1624050.0,-0.05805804,2.1350927,225,0
atitlan,2026-07-22,701250.0,1624050.0,-0.063998416,1.8609159,225,0
atitlan,2026-07-22,701550.0,1624050.0,-0.059755344,2.0404649,225,0
atitlan,2026-07-22,701850.0,1624050.0,-0.06334691,1.8509954,225,0
atitlan,2026-07-22,702150.0,1624050.0,-0.06678456,1.6836154,225,0
atitlan,2026-07-22,702450.0,1624050.0,-0.051739536,2.1332674,225,0
atitlan,2026-07-22,702750.0,1624050.0,0.15419237,7.59891,225,0
atitlan,2026-07-22,703050.0,1624050.0,0.22378105,9.676328,225,0
atitlan,2026-07-22,703350.0,1624050.0,0.2222707,10.806272,225,0
atitlan,2026-07-22,703650.0,1624050.0,0.16634908,8.988151,225,0
atitlan,2026-07-22,703950.0,1624050.0,0.1258485,7.4488287,225,0
atitlan,2026-07-22,704250.0,1624050.0,0.11956368,6.2084885,225,0
atitlan,2026-07-22,704550.0,1624050.0,0.13568264,8.895066,225,0
atitlan,2026-07-22,704850.0,1624050.0,0.20140149,11.272169,225,0
atitlan,2026-07-22,705150.0,1624050.0,0.18705045,9.016517,225,0
atitlan,2026-07-22,705450.0,1624050.0,0.12153018,6.545753,225,0
atitlan,2026-07-22,705750.0,1624050.0,0.14594093,8.090148,225,0
atitlan,2026-07-22,706050.0,1624050.0,0.199608,10.881203,225,0
atitlan,2026-07-22,706350.0,1624050.0,0.24715665,13.537543,225,1
atitlan,2026-07-22,706650.0,1624050.0,0.30520737,19.452318,225,1
atitlan,2026-07-22,706950.0,1624050.0,0.3057253,19.157448,225,1
atitlan,2026-07-22,707250.0,1624050.0,0.26646253,15.853104,225,1
atitlan,2026-07-22,707550.0,1624050.0,0.2425073,16.241795,225,1
atitlan,2026-07-22,707850.0,1624050.0,0.2088507,13.006278,45,1
atitlan,2026-07-22,680250.0,1624350.0,0.3130441,20.295568,180,1
atitlan,2026-07-22,680550.0,1624350.0,0.31509864,20.846045,225,1
atitlan,2026-07-22,680850.0,1624350.0,0.3049372,21.16008,225,1
atitlan,2026-07-22,681150.0,1624350.0,0.24645421,15.86894,225,1
atitlan,2026-07-22,681450.0,1624350.0,0.26888317,16.708336,225,1
atitlan,2026-07-22,681750.0,1624350.0,0.19052443,13.001038,225,1
atitlan,2026-07-22,682050.0,1624350.0,0.30198038,19.827415,225,1
atitlan,2026-07-22,682350.0,1624350.0,0.29836527,18.201286,225,1
atitlan,2026-07-22,682650.0,1624350.0,0.27788767,16.792904,225,1
atitlan,2026-07-22,682950.0,1624350.0,0.3322871,23.270645,225,1
atitlan,2026-07-22,683250.0,1624350.0,0.30240783,18.296837,225,1
atitlan,2026-07-22,683550.0,1624350.0,0.2919488,17.95197,225,1
atitlan,2026-07-22,683850.0,1624350.0,0.2813307,17.234442,225,1
atitlan,2026-07-22,684150.0,1624350.0,0.26886004,14.33674,225,1
atitlan,2026-07-22,684450.0,1624350.0,0.2930001,17.198307,225,1
atitlan,2026-07-22,684750.0,1624350.0,0.29693896,16.983055,225,1
atitlan,2026-07-22,685050.0,1624350.0,0.28880647,16.071302,225,1
atitlan,2026-07-22,685350.0,1624350.0,0.24859846,13.060076,225,1
atitlan,2026-07-22,685650.0,1624350.0,0.18168293,10.481438,225,0
atitlan,2026-07-22,685950.0,1624350.0,0.19082046,10.032891,225,0
atitlan,2026-07-22,686250.0,1624350.0,0.22897227,12.086483,225,1
atitlan,2026-07-22,686550.0,1624350.0,0.19008747,10.8543825,225,0
atitlan,2026-07-22,686850.0,1624350.0,0.13762784,8.220812,225,0
atitlan,2026-07-22,687150.0,1624350.0,0.072219364,5.501934,225,0
atitlan,2026-07-22,687450.0,1624350.0,-0.039055426,2.2036638,225,0
atitlan,2026-07-22,687750.0,1624350.0,-0.091720015,0.42650634,225,0
atitlan,2026-07-22,688050.0,1624350.0,-0.09907435,0.11982857,225,0
atitlan,2026-07-22,688350.0,1624350.0,-0.09309402,0.34204304,225,0
atitlan,2026-07-22,688650.0,1624350.0,-0.09244918,0.39224663,225,0
atitlan,2026-07-22,688950.0,1624350.0,-0.0940514,0.3367997,225,0
atitlan,2026-07-22,689250.0,1624350.0,-0.09016182,0.4417021,225,0
atitlan,2026-07-22,689550.0,1624350.0,-0.093755394,0.31811893,225,0
atitlan,2026-07-22,689850.0,1624350.0,-0.09383853,0.34410042,225,0
atitlan,2026-07-22,690150.0,1624350.0,-0.09033189,0.44962606,225,0
atitlan,2026-07-22,690450.0,1624350.0,-0.092420354,0.3745121,225,0
atitlan,2026-07-22,690750.0,1624350.0,-0.090758316,0.4297634,225,0
atitlan,2026-07-22,691050.0,1624350.0,-0.093274094,0.3405729,225,0
atitlan,2026-07-22,691350.0,1624350.0,-0.08958205,0.5777867,225,0
atitlan,2026-07-22,691650.0,1624350.0,-0.060783368,2.014643,225,0
atitlan,2026-07-22,691950.0,1624350.0,-0.0634736,1.8942479,225,0
atitlan,2026-07-22,692250.0,1624350.0,-0.075835586,1.2263485,225,0
atitlan,2026-07-22,692550.0,1624350.0,-0.07769361,1.1415163,225,0
atitlan,2026-07-22,692850.0,1624350.0,-0.08130377,0.9407412,225,0
atitlan,2026-07-22,693150.0,1624350.0,-0.0866792,0.6794917,225,0
atitlan,2026-07-22,693450.0,1624350.0,-0.08853829,0.5757411,225,0
atitlan,2026-07-22,693750.0,1624350.0,-0.09245508,0.41585803,225,0
atitlan,2026-07-22,694050.0,1624350.0,-0.09065506,0.47465643,225,0
atitlan,2026-07-22,694350.0,1624350.0,-0.087551676,0.6234677,225,0
atitlan,2026-07-22,694650.0,1624350.0,-0.08099372,0.9416406,225,0
atitlan,2026-07-22,694950.0,1624350.0,-0.07655154,1.1996766,225,0
atitlan,2026-07-22,695250.0,1624350.0,-0.0633234,1.9064878,225,0
atitlan,2026-07-22,695550.0,1624350.0,-0.06302168,1.9158382,225,0
atitlan,2026-07-22,695850.0,1624350.0,-0.059830874,2.0785153,225,0
atitlan,2026-07-22,696150.0,1624350.0,-0.059468884,2.1000202,225,0
atitlan,2026-07-22,696450.0,1624350.0,-0.059667896,2.0894742,225,0
atitlan,2026-07-22,696750.0,1624350.0,-0.06092914,2.028676,225,0
atitlan,2026-07-22,697050.0,1624350.0,-0.06159198,1.9742334,225,0
atitlan,2026-07-22,697350.0,1624350.0,-0.06508537,1.7933085,225,0
atitlan,2026-07-22,697650.0,1624350.0,-0.06725487,1.679491,225,0
atitlan,2026-07-22,697950.0,1624350.0,-0.06586445,1.7581867,225,0
atitlan,2026-07-22,698250.0,1624350.0,-0.06038774,2.0303545,225,0
atitlan,2026-07-22,698550.0,1624350.0,-0.053612266,2.3550363,225,0
atitlan,2026-07-22,698850.0,1624350.0,-0.051076856,2.4841177,225,0
atitlan,2026-07-22,699150.0,1624350.0,-0.05645482,2.220531,225,0
atitlan,2026-07-22,699450.0,1624350.0,-0.065396845,1.7706901,225,0
atitlan,2026-07-22,699750.0,1624350.0,-0.060311,2.014953,225,0
atitlan,2026-07-22,700050.0,1624350.0,-0.05495688,2.2828188,225,0
atitlan,2026-07-22,700350.0,1624350.0,-0.054366603,2.324398,225,0
atitlan,2026-07-22,700650.0,1624350.0,-0.054367583,2.326025,225,0
atitlan,2026-07-22,700950.0,1624350.0,-0.057157017,2.1906657,225,0
atitlan,2026-07-22,701250.0,1624350.0,-0.05466541,2.301579,225,0
atitlan,2026-07-22,701550.0,1624350.0,-0.054054197,2.3169954,225,0
atitlan,2026-07-22,701850.0,1624350.0,-0.06267432,1.9018209,225,0
atitlan,2026-07-22,702150.0,1624350.0,-0.07422742,1.31823,225,0
atitlan,2026-07-22,702450.0,1624350.0,-0.03080996,2.7287254,225,0
atitlan,2026-07-22,702750.0,1624350.0,0.18175125,9.087305,225,0
atitlan,2026-07-22,703050.0,1624350.0,0.21608092,9.131138,225,0
atitlan,2026-07-22,703350.0,1624350.0,0.2346443,10.855924,225,0
atitlan,2026-07-22,703650.0,1624350.0,0.21414834,12.978365,225,1
atitlan,2026-07-22,703950.0,1624350.0,0.2279752,12.913033,225,1
atitlan,2026-07-22,704250.0,1624350.0,0.16586539,10.7445755,225,0
atitlan,2026-07-22,704550.0,1624350.0,0.20541124,12.686974,225,1
atitlan,2026-07-22,704850.0,1624350.0,0.21586093,12.103379,225,1
atitlan,2026-07-22,705150.0,1624350.0,0.14605212,7.372237,225,0
atitlan,2026-07-22,705450.0,1624350.0,0.19691332,9.818378,225,0
atitlan,2026-07-22,705750.0,1624350.0,0.10246262,5.498535,225,0
atitlan,2026-07-22,706050.0,1624350.0,0.108185254,6.1942744,225,0
atitlan,2026-07-22,706350.0,1624350.0,0.12796311,7.5800347,225,0
atitlan,2026-07-22,706650.0,1624350.0,0.2683494,15.937374,225,1
atitlan,2026-07-22,706950.0,1624350.0,0.2922737,17.625637,225,1
atitlan,2026-07-22,707250.0,1624350.0,0.28289917,16.227455,225,1
atitlan,2026-07-22,707550.0,1624350.0,0.12891667,8.198508,225,0
atitlan,2026-07-22,707850.0,1624350.0,0.115314074,7.3275976,45,0
atitlan,2026-07-22,680250.0,1624650.0,0.3594546,28.123728,180,1
atitlan,2026-07-22,680550.0,1624650.0,0.30090114,20.362963,225,1
atitlan,2026-07-22,680850.0,1624650.0,0.2791463,18.037577,225,1
atitlan,2026-07-22,681150.0,1624650.0,0.26994967,17.991066,225,1
atitlan,2026-07-22,681450.0,1624650.0,0.287067,20.91917,225,1
atitlan,2026-07-22,681750.0,1624650.0,0.22279784,15.143561,225,1
atitlan,2026-07-22,682050.0,1624650.0,0.29501113,18.352913,225,1
atitlan,2026-07-22,682350.0,1624650.0,0.3129875,21.095781,225,1
atitlan,2026-07-22,682650.0,1624650.0,0.343989,25.54464,225,1
atitlan,2026-07-22,682950.0,1624650.0,0.36190647,28.465492,225,1
atitlan,2026-07-22,683250.0,1624650.0,0.3089039,19.518297,225,1
atitlan,2026-07-22,683550.0,1624650.0,0.28527242,16.71527,225,1
atitlan,2026-07-22,683850.0,1624650.0,0.2406224,15.482667,225,1
atitlan,2026-07-22,684150.0,1624650.0,0.23080538,14.086062,225,1
atitlan,2026-07-22,684450.0,1624650.0,0.20456691,12.81017,225,1
atitlan,2026-07-22,684750.0,1624650.0,0.281889,15.1267185,225,1
atitlan,2026-07-22,685050.0,1624650.0,0.2525636,12.203057,225,1
atitlan,2026-07-22,685350.0,1624650.0,0.23008029,14.332876,225,1
atitlan,2026-07-22,685650.0,1624650.0,0.10723558,7.3158984,225,0
atitlan,2026-07-22,685950.0,1624650.0,0.09964165,7.4213386,225,0
atitlan,2026-07-22,686250.0,1624650.0,0.056937747,5.104023,225,0
atitlan,2026-07-22,686550.0,1624650.0,0.07341029,6.1322556,225,0
atitlan,2026-07-22,686850.0,1624650.0,0.11037264,6.5402837,225,0
atitlan,2026-07-22,687150.0,1624650.0,-0.045097873,2.1297982,225,0
atitlan,2026-07-22,687450.0,1624650.0,-0.087033466,0.69379085,225,0
atitlan,2026-07-22,687750.0,1624650.0,-0.094933406,0.25858593,225,0
atitlan,2026-07-22,688050.0,1624650.0,-0.0994883,0.12611714,225,0
atitlan,2026-07-22,688350.0,1624650.0,-0.096324265,0.23390415,225,0
atitlan,2026-07-22,688650.0,1624650.0,-0.091943845,0.38085288,225,0
atitlan,2026-07-22,688950.0,1624650.0,-0.09438469,0.30818692,225,0
atitlan,2026-07-22,689250.0,1624650.0,-0.09221132,0.3480698,225,0
atitlan,2026-07-22,689550.0,1624650.0,-0.09330559,0.34510002,225,0
atitlan,2026-07-22,689850.0,1624650.0,-0.0967899,0.2731889,225,0
atitlan,2026-07-22,690150.0,1624650.0,-0.09419565,0.335152,225,0
atitlan,2026-07-22,690450.0,1624650.0,-0.09529106,0.28878242,225,0
atitlan,2026-07-22,690750.0,1624650.0,-0.09770214,0.24188946,225,0
atitlan,2026-07-22,691050.0,1624650.0,-0.09745399,0.23275073,225,0
atitlan,2026-07-22,691350.0,1624650.0,-0.07070007,1.51722,225,0
atitlan,2026-07-22,691650.0,1624650.0,-0.06272333,1.9265795,225,0
atitlan,2026-07-22,691950.0,1624650.0,-0.06514287,1.7884246,225,0
atitlan,2026-07-22,692250.0,1624650.0,-0.07613668,1.2143888,225,0
atitlan,2026-07-22,692550.0,1624650.0,-0.07698934,1.1709957,225,0
atitlan,2026-07-22,692850.0,1624650.0,-0.07463384,1.2907912,225,0
atitlan,2026-07-22,693150.0,1624650.0,-0.079896584,0.9971472,225,0
atitlan,2026-07-22,693450.0,1624650.0,-0.08909263,0.56448483,225,0
atitlan,2026-07-22,693750.0,1624650.0,-0.087715834,0.5818916,225,0
atitlan,2026-07-22,694050.0,1624650.0,-0.08897541,0.5333177,225,0
atitlan,2026-07-22,694350.0,1624650.0,-0.08437315,0.7405214,225,0
atitlan,2026-07-22,694650.0,1624650.0,-0.07103679,1.4631817,225,0
atitlan,2026-07-22,694950.0,1624650.0,-0.06657684,1.7112846,225,0
atitlan,2026-07-22,695250.0,1624650.0,-0.061905187,1.9190412,225,0
atitlan,2026-07-22,695550.0,1624650.0,-0.06531019,1.7827426,225,0
atitlan,2026-07-22,695850.0,1624650.0,-0.06019262,2.0482907,225,0
atitlan,2026-07-22,696150.0,1624650.0,-0.061782803,1.9758953,225,0
atitlan,2026-07-22,696450.0,1624650.0,-0.06561582,1.7833123,225,0
atitlan,2026-07-22,696750.0,1624650.0,-0.06452277,1.8393965,225,0
atitlan,2026-07-22,697050.0,1624650.0,-0.065666385,1.7717997,225,0
atitlan,2026-07-22,697350.0,1624650.0,-0.06692667,1.7020494,225,0
atitlan,2026-07-22,697650.0,1624650.0,-0.06647713,1.7314804,225,0
atitlan,2026-07-22,697950.0,1624650.0,-0.062294997,1.9285693,225,0
atitlan,2026-07-22,698250.0,1624650.0,-0.056895766,2.1955395,225,0
atitlan,2026-07-22,698550.0,1624650.0,-0.04776437,2.628113,225,0
atitlan,2026-07-22,698850.0,1624650.0,-0.04645998,2.6867383,225,0
atitlan,2026-07-22,699150.0,1624650.0,-0.060705382,2.0023198,225,0
atitlan,2026-07-22,699450.0,1624650.0,-0.066003904,1.731838,225,0
atitlan,2026-07-22,699750.0,1624650.0,-0.05679882,2.2122302,225,0
atitlan,2026-07-22,700050.0,1624650.0,-0.049135443,2.5517616,225,0
atitlan,2026-07-22,700350.0,1624650.0,-0.048790075,2.5895052,225,0
atitlan,2026-07-22,700650.0,1624650.0,-0.05894668,2.1050158,225,0
atitlan,2026-07-22,700950.0,1624650.0,-0.054744635,2.3138914,225,0
atitlan,2026-07-22,701250.0,1624650.0,-0.05467244,2.3009572,225,0
atitlan,2026-07-22,701550.0,1624650.0,-0.04880461,2.524274,225,0
atitlan,2026-07-22,701850.0,1624650.0,-0.05534597,2.2542372,225,0
atitlan,2026-07-22,702150.0,1624650.0,-0.07478254,1.2970849,225,0
atitlan,2026-07-22,702450.0,1624650.0,-0.0416925,2.659848,225,0
atitlan,2026-07-22,702750.0,1624650.0,0.12631777,7.4266357,225,0
atitlan,2026-07-22,703050.0,1624650.0,0.22877458,10.66639,225,0
atitlan,2026-07-22,703350.0,1624650.0,0.2512267,12.314985,225,1
atitlan,2026-07-22,703650.0,1624650.0,0.20238926,10.625,225,0
atitlan,2026-07-22,703950.0,1624650.0,0.21159936,11.848938,225,0
atitlan,2026-07-22,704250.0,1624650.0,0.24704374,14.615311,225,1
atitlan,2026-07-22,704550.0,1624650.0,0.2148011,12.255631,225,1
atitlan,2026-07-22,704850.0,1624650.0,0.26308793,16.190792,225,1
atitlan,2026-07-22,705150.0,1624650.0,0.15348312,9.509938,225,0
atitlan,2026-07-22,705450.0,1624650.0,0.16104223,8.876854,225,0
atitlan,2026-07-22,705750.0,1624650.0,0.16661598,8.358302,225,0
atitlan,2026-07-22,706050.0,1624650.0,0.13025983,6.983657,225,0
atitlan,2026-07-22,706350.0,1624650.0,0.12825489,7.770812,225,0
atitlan,2026-07-22,706650.0,1624650.0,0.29069445,17.356478,225,1
atitlan,2026-07-22,706950.0,1624650.0,0.3033127,18.568748,225,1
atitlan,2026-07-22,707250.0,1624650.0,0.18844715,11.906837,225,0
atitlan,2026-07-22,707550.0,1624650.0,0.16357282,10.533649,225,0
atitlan,2026-07-22,707850.0,1624650.0,0.18056838,13.565883,45,1
atitlan,2026-07-22,680250.0,1624950.0,0.3436551,25.350714,180,1
atitlan,2026-07-22,680550.0,1624950.0,0.24376415,16.552835,225,1
atitlan,2026-07-22,680850.0,1624950.0,0.2590351,16.054369,225,1
atitlan,2026-07-22,681150.0,1624950.0,0.2633055,18.194004,225,1
atitlan,2026-07-22,681450.0,1624950.0,0.2656813,18.308443,225,1
atitlan,2026-07-22,681750.0,1624950.0,0.23123981,16.368649,225,1
atitlan,2026-07-22,682050.0,1624950.0,0.30503982,20.299978,225,1
atitlan,2026-07-22,682350.0,1624950.0,0.30804622,20.006643,225,1
atitlan,2026-07-22,682650.0,1624950.0,0.33824706,23.47289,225,1
atitlan,2026-07-22,682950.0,1624950.0,0.32108617,20.837807,225,1
atitlan,2026-07-22,683250.0,1624950.0,0.29366368,16.632109,225,1
atitlan,2026-07-22,683550.0,1624950.0,0.26186696,17.735825,224,1
atitlan,2026-07-22,683850.0,1624950.0,0.18403918,11.930603,225,0
atitlan,2026-07-22,684150.0,1624950.0,0.111042395,6.807925,225,0
atitlan,2026-07-22,684450.0,1624950.0,0.06956059,5.8117,225,0
atitlan,2026-07-22,684750.0,1624950.0,0.15320548,9.343602,225,0
atitlan,2026-07-22,685050.0,1624950.0,0.2371994,13.033899,225,1
atitlan,2026-07-22,685350.0,1624950.0,0.20961617,13.178017,225,1
atitlan,2026-07-22,685650.0,1624950.0,0.08556169,8.169345,225,0
atitlan,2026-07-22,685950.0,1624950.0,0.026563192,4.2010508,225,0
atitlan,2026-07-22,686250.0,1624950.0,0.044035267,4.814008,225,0
atitlan,2026-07-22,686550.0,1624950.0,0.08193207,5.801329,225,0
atitlan,2026-07-22,686850.0,1624950.0,-0.015377619,2.9210978,225,0
atitlan,2026-07-22,687150.0,1624950.0,-0.084375024,0.8410997,225,0
atitlan,2026-07-22,687450.0,1624950.0,-0.09278488,0.44418564,225,0
atitlan,2026-07-22,687750.0,1624950.0,-0.09124436,0.43971455,225,0
atitlan,2026-07-22,688050.0,1624950.0,-0.09398041,0.31910917,225,0
atitlan,2026-07-22,688350.0,1624950.0,-0.09862745,0.19665729,225,0
atitlan,2026-07-22,688650.0,1624950.0,-0.09535081,0.2782793,225,0
atitlan,2026-07-22,688950.0,1624950.0,-0.09789456,0.16406643,225,0
atitlan,2026-07-22,689250.0,1624950.0,-0.09785508,0.20708929,225,0
atitlan,2026-07-22,689550.0,1624950.0,-0.09600934,0.2374441,225,0
atitlan,2026-07-22,689850.0,1624950.0,-0.09848795,0.16672204,225,0
atitlan,2026-07-22,690150.0,1624950.0,-0.09553439,0.31175968,225,0
atitlan,2026-07-22,690450.0,1624950.0,-0.094997466,0.29705614,225,0
atitlan,2026-07-22,690750.0,1624950.0,-0.09310431,0.3496655,225,0
atitlan,2026-07-22,691050.0,1624950.0,-0.086303584,0.67807835,225,0
atitlan,2026-07-22,691350.0,1624950.0,-0.066151105,1.7665672,225,0
atitlan,2026-07-22,691650.0,1624950.0,-0.062198672,1.9398006,225,0
atitlan,2026-07-22,691950.0,1624950.0,-0.06751124,1.6758381,225,0
atitlan,2026-07-22,692250.0,1624950.0,-0.07662711,1.2038941,225,0
atitlan,2026-07-22,692550.0,1624950.0,-0.076989375,1.1658285,225,0
atitlan,2026-07-22,692850.0,1624950.0,-0.07724824,1.1555389,225,0
atitlan,2026-07-22,693150.0,1624950.0,-0.08328717,0.8374705,225,0
atitlan,2026-07-22,693450.0,1624950.0,-0.090896346,0.48329464,225,0
atitlan,2026-07-22,693750.0,1624950.0,-0.08991516,0.5322004,225,0
atitlan,2026-07-22,694050.0,1624950.0,-0.09005245,0.5530113,225,0
atitlan,2026-07-22,694350.0,1624950.0,-0.086185165,0.7134756,225,0
atitlan,2026-07-22,694650.0,1624950.0,-0.07321679,1.3918605,225,0
atitlan,2026-07-22,694950.0,1624950.0,-0.0627943,1.9025908,225,0
atitlan,2026-07-22,695250.0,1624950.0,-0.06191428,1.920752,225,0
atitlan,2026-07-22,695550.0,1624950.0,-0.06175879,1.9796579,225,0
atitlan,2026-07-22,695850.0,1624950.0,-0.06397634,1.8634446,225,0
atitlan,2026-07-22,696150.0,1624950.0,-0.062584125,1.9331964,225,0
atitlan,2026-07-22,696450.0,1624950.0,-0.0652095,1.7976339,225,0
atitlan,2026-07-22,696750.0,1624950.0,-0.065588064,1.7773559,225,0
atitlan,2026-07-22,697050.0,1624950.0,-0.0660511,1.7422909,225,0
atitlan,2026-07-22,697350.0,1624950.0,-0.0662639,1.7342045,225,0
atitlan,2026-07-22,697650.0,1624950.0,-0.06078899,2.0033886,225,0
atitlan,2026-07-22,697950.0,1624950.0,-0.055423778,2.2716756,225,0
atitlan,2026-07-22,698250.0,1624950.0,-0.052592713,2.3887293,225,0
atitlan,2026-07-22,698550.0,1624950.0,-0.048565753,2.599893,225,0
atitlan,2026-07-22,698850.0,1624950.0,-0.05356921,2.3658776,225,0
atitlan,2026-07-22,699150.0,1624950.0,-0.060720105,2.0153081,225,0
atitlan,2026-07-22,699450.0,1624950.0,-0.05887453,2.116402,225,0
atitlan,2026-07-22,699750.0,1624950.0,-0.05457082,2.3151722,225,0
atitlan,2026-07-22,700050.0,1624950.0,-0.04514386,2.7390459,225,0
atitlan,2026-07-22,700350.0,1624950.0,-0.051543556,2.4637516,225,0
atitlan,2026-07-22,700650.0,1624950.0,-0.06127015,1.9914951,225,0
atitlan,2026-07-22,700950.0,1624950.0,-0.05677675,2.1955993,225,0
atitlan,2026-07-22,701250.0,1624950.0,-0.05814083,2.1429935,225,0
atitlan,2026-07-22,701550.0,1624950.0,-0.0669716,1.7050992,225,0
atitlan,2026-07-22,701850.0,1624950.0,-0.060676202,1.9701782,225,0
atitlan,2026-07-22,702150.0,1624950.0,-0.07305,1.3717474,225,0
atitlan,2026-07-22,702450.0,1624950.0,-0.07023674,1.5101691,225,0
atitlan,2026-07-22,702750.0,1624950.0,0.06723028,5.78542,225,0
atitlan,2026-07-22,703050.0,1624950.0,0.1964679,9.555351,225,0
atitlan,2026-07-22,703350.0,1624950.0,0.21464492,10.738594,225,0
atitlan,2026-07-22,703650.0,1624950.0,0.18345693,9.868772,225,0
atitlan,2026-07-22,703950.0,1624950.0,0.17966165,9.769257,225,0
atitlan,2026-07-22,704250.0,1624950.0,0.16138288,10.169061,225,0
atitlan,2026-07-22,704550.0,1624950.0,0.14738408,9.0214615,225,0
atitlan,2026-07-22,704850.0,1624950.0,0.2099234,11.525058,225,0
atitlan,2026-07-22,705150.0,1624950.0,0.12987886,7.3080034,225,0
atitlan,2026-07-22,705450.0,1624950.0,0.19175161,11.107741,225,0
atitlan,2026-07-22,705750.0,1624950.0,0.15587243,9.683325,225,0
atitlan,2026-07-22,706050.0,1624950.0,0.16353233,9.130522,225,0
atitlan,2026-07-22,706350.0,1624950.0,0.23008022,14.105932,225,1
atitlan,2026-07-22,706650.0,1624950.0,0.29426375,18.966368,225,1
atitlan,2026-07-22,706950.0,1624950.0,0.28621197,16.712008,225,1
atitlan,2026-07-22,707250.0,1624950.0,0.17264447,9.845357,225,0
atitlan,2026-07-22,707550.0,1624950.0,0.16820183,10.510505,225,0
atitlan,2026-07-22,707850.0,1624950.0,0.19128668,11.296658,45,0
atitlan,2026-07-22,680250.0,1625250.0,0.3289177,23.739592,180,1
atitlan,2026-07-22,680550.0,1625250.0,0.29350847,23.119898,225,1
atitlan,2026-07-22,680850.0,1625250.0,0.25072843,15.498664,225,1
atitlan,2026-07-22,681150.0,1625250.0,0.2631719,15.432264,225,1
atitlan,2026-07-22,681450.0,1625250.0,0.2685891,16.491785,225,1
atitlan,2026-07-22,681750.0,1625250.0,0.29493892,20.59819,225,1
atitlan,2026-07-22,682050.0,1625250.0,0.30384573,20.613546,225,1
atitlan,2026-07-22,682350.0,1625250.0,0.31981814,21.810436,225,1
atitlan,2026-07-22,682650.0,1625250.0,0.33101752,22.723713,225,1
atitlan,2026-07-22,682950.0,1625250.0,0.2939431,17.217052,225,1
atitlan,2026-07-22,683250.0,1625250.0,0.29830033,17.469574,225,1
atitlan,2026-07-22,683550.0,1625250.0,0.22755131,13.85348,224,1
atitlan,2026-07-22,683850.0,1625250.0,0.11913146,8.094025,225,0
atitlan,2026-07-22,684150.0,1625250.0,0.08571427,6.3327208,225,0
atitlan,2026-07-22,684450.0,1625250.0,0.032840163,4.550949,225,0
atitlan,2026-07-22,684750.0,1625250.0,0.08965682,6.575396,225,0
atitlan,2026-07-22,685050.0,1625250.0,0.16984956,10.176326,225,0
atitlan,2026-07-22,685350.0,1625250.0,0.18426087,10.972004,225,0
atitlan,2026-07-22,685650.0,1625250.0,0.016770301,4.032972,225,0
atitlan,2026-07-22,685950.0,1625250.0,0.059213106,5.6845703,225,0
atitlan,2026-07-22,686250.0,1625250.0,0.11291466,7.5283113,225,0
atitlan,2026-07-22,686550.0,1625250.0,0.054594662,5.458855,225,0
atitlan,2026-07-22,686850.0,1625250.0,-0.06819394,1.4803168,225,0
atitlan,2026-07-22,687150.0,1625250.0,-0.08090408,0.9465903,225,0
atitlan,2026-07-22,687450.0,1625250.0,-0.08850645,0.5831209,225,0
atitlan,2026-07-22,687750.0,1625250.0,-0.09428262,0.33120498,225,0
atitlan,2026-07-22,688050.0,1625250.0,-0.09611602,0.25469178,225,0
atitlan,2026-07-22,688350.0,1625250.0,-0.10156995,0.11250867,225,0
atitlan,2026-07-22,688650.0,1625250.0,-0.09314459,0.35580483,225,0
atitlan,2026-07-22,688950.0,1625250.0,-0.090723425,0.46395558,225,0
atitlan,2026-07-22,689250.0,1625250.0,-0.09086917,0.44053918,225,0
atitlan,2026-07-22,689550.0,1625250.0,-0.08929861,0.49397737,225,0
atitlan,2026-07-22,689850.0,1625250.0,-0.09022087,0.46331683,225,0
atitlan,2026-07-22,690150.0,1625250.0,-0.089428544,0.5058688,225,0
atitlan,2026-07-22,690450.0,1625250.0,-0.08919478,0.50349563,225,0
atitlan,2026-07-22,690750.0,1625250.0,-0.09117207,0.42625174,225,0
atitlan,2026-07-22,691050.0,1625250.0,-0.0895468,0.4905938,225,0
atitlan,2026-07-22,691350.0,1625250.0,-0.073281884,1.382094,225,0
atitlan,2026-07-22,691650.0,1625250.0,-0.066201694,1.7490008,225,0
atitlan,2026-07-22,691950.0,1625250.0,-0.071200155,1.5110352,225,0
atitlan,2026-07-22,692250.0,1625250.0,-0.07786581,1.1317272,225,0
atitlan,2026-07-22,692550.0,1625250.0,-0.080951594,0.96672666,225,0
atitlan,2026-07-22,692850.0,1625250.0,-0.07996744,1.0112582,225,0
atitlan,2026-07-22,693150.0,1625250.0,-0.08500623,0.7625507,225,0
atitlan,2026-07-22,693450.0,1625250.0,-0.09144673,0.45687327,225,0
atitlan,2026-07-22,693750.0,1625250.0,-0.08606392,0.69121486,225,0
atitlan,2026-07-22,694050.0,1625250.0,-0.0749853,1.239851,225,0
atitlan,2026-07-22,694350.0,1625250.0,-0.06710038,1.6331009,225,0
atitlan,2026-07-22,694650.0,1625250.0,-0.07577256,1.2249752,225,0
atitlan,2026-07-22,694950.0,1625250.0,-0.060969945,1.9844422,225,0
atitlan,2026-07-22,695250.0,1625250.0,-0.0613146,1.9607434,225,0
atitlan,2026-07-22,695550.0,1625250.0,-0.06139364,1.949886,225,0
atitlan,2026-07-22,695850.0,1625250.0,-0.06757657,1.679938,225,0
atitlan,2026-07-22,696150.0,1625250.0,-0.06558223,1.7759222,225,0
atitlan,2026-07-22,696450.0,1625250.0,-0.058166087,2.1321955,225,0
atitlan,2026-07-22,696750.0,1625250.0,-0.063235104,1.9069428,225,0
atitlan,2026-07-22,697050.0,1625250.0,-0.06496426,1.8138822,225,0
atitlan,2026-07-22,697350.0,1625250.0,-0.061530862,1.9713739,225,0
atitlan,2026-07-22,697650.0,1625250.0,-0.056979235,2.2093174,225,0
atitlan,2026-07-22,697950.0,1625250.0,-0.055634677,2.2760034,225,0
atitlan,2026-07-22,698250.0,1625250.0,-0.052458584,2.4084125,225,0
atitlan,2026-07-22,698550.0,1625250.0,-0.051850893,2.4544506,225,0
atitlan,2026-07-22,698850.0,1625250.0,-0.060170293,2.0538068,225,0
atitlan,2026-07-22,699150.0,1625250.0,-0.056942917,2.20048,225,0
atitlan,2026-07-22,699450.0,1625250.0,-0.057276707,2.1933343,225,0
atitlan,2026-07-22,699750.0,1625250.0,-0.054645903,2.3092813,225,0
atitlan,2026-07-22,700050.0,1625250.0,-0.04685416,2.6716306,225,0
atitlan,2026-07-22,700350.0,1625250.0,-0.054646734,2.3194714,225,0
atitlan,2026-07-22,700650.0,1625250.0,-0.06250037,1.9217336,225,0
atitlan,2026-07-22,700950.0,1625250.0,-0.054599106,2.2982485,225,0
atitlan,2026-07-22,701250.0,1625250.0,-0.05336909,2.364289,225,0
atitlan,2026-07-22,701550.0,1625250.0,-0.05680776,2.1574512,225,0
atitlan,2026-07-22,701850.0,1625250.0,-0.062159777,1.9291018,225,0
atitlan,2026-07-22,702150.0,1625250.0,-0.06401532,1.8054689,225,0
atitlan,2026-07-22,702450.0,1625250.0,-0.07481917,1.3029621,225,0
atitlan,2026-07-22,702750.0,1625250.0,0.02891494,4.520013,225,0
atitlan,2026-07-22,703050.0,1625250.0,0.17989923,10.0285425,225,0
atitlan,2026-07-22,703350.0,1625250.0,0.14591683,7.448099,225,0
atitlan,2026-07-22,703650.0,1625250.0,0.15474914,9.284057,225,0
atitlan,2026-07-22,703950.0,1625250.0,0.1336916,7.2836094,225,0
atitlan,2026-07-22,704250.0,1625250.0,0.13317014,8.464822,225,0
atitlan,2026-07-22,704550.0,1625250.0,0.12759091,8.009569,225,0
atitlan,2026-07-22,704850.0,1625250.0,0.24602409,13.7135105,225,1
atitlan,2026-07-22,705150.0,1625250.0,0.16882184,8.465794,225,0
atitlan,2026-07-22,705450.0,1625250.0,0.12327092,7.251241,225,0
atitlan,2026-07-22,705750.0,1625250.0,0.14706978,8.729534,225,0
atitlan,2026-07-22,706050.0,1625250.0,0.15779802,10.047963,225,0
atitlan,2026-07-22,706350.0,1625250.0,0.2440467,16.01168,225,1
atitlan,2026-07-22,706650.0,1625250.0,0.28044537,16.202929,225,1
atitlan,2026-07-22,706950.0,1625250.0,0.21461537,12.955369,225,1
atitlan,2026-07-22,707250.0,1625250.0,0.13615137,8.086856,225,0
atitlan,2026-07-22,707550.0,1625250.0,0.17738439,10.925305,225,0
atitlan,2026-07-22,707850.0,1625250.0,0.2293015,14.614712,45,1
atitlan,2026-07-22,680250.0,1625550.0,0.3020313,20.785587,180,1
atitlan,2026-07-22,680550.0,1625550.0,0.34349495,25.459143,225,1
atitlan,2026-07-22,680850.0,1625550.0,0.31086445,23.572464,225,1
atitlan,2026-07-22,681150.0,1625550.0,0.24183407,15.390571,225,1
atitlan,2026-07-22,681450.0,1625550.0,0.18562162,7.806383,225,0
atitlan,2026-07-22,681750.0,1625550.0,0.18929645,9.298877,225,0
atitlan,2026-07-22,682050.0,1625550.0,0.24598163,13.146159,225,1
atitlan,2026-07-22,682350.0,1625550.0,0.2748903,15.809276,225,1
atitlan,2026-07-22,682650.0,1625550.0,0.25029022,13.020816,225,1
atitlan,2026-07-22,682950.0,1625550.0,0.2863188,15.869954,225,1
atitlan,2026-07-22,683250.0,1625550.0,0.3092298,19.118143,225,1
atitlan,2026-07-22,683550.0,1625550.0,0.26633346,16.541586,225,1
atitlan,2026-07-22,683850.0,1625550.0,0.20087333,11.705978,225,0
atitlan,2026-07-22,684150.0,1625550.0,0.11785437,7.9510818,225,0
atitlan,2026-07-22,684450.0,1625550.0,0.0938877,7.450567,225,0
atitlan,2026-07-22,684750.0,1625550.0,0.12882379,8.252163,225,0
atitlan,2026-07-22,685050.0,1625550.0,-0.019801522,3.041579,225,0
atitlan,2026-07-22,685350.0,1625550.0,-0.019505957,3.383767,225,0
atitlan,2026-07-22,685650.0,1625550.0,-0.058656946,2.0746188,225,0
atitlan,2026-07-22,685950.0,1625550.0,-0.034081813,2.7717988,225,0
atitlan,2026-07-22,686250.0,1625550.0,0.08200724,6.8806806,225,0
atitlan,2026-07-22,686550.0,1625550.0,-0.047980987,2.0229726,225,0
atitlan,2026-07-22,686850.0,1625550.0,-0.07950821,1.060399,225,0
atitlan,2026-07-22,687150.0,1625550.0,-0.08477355,0.75960463,225,0
atitlan,2026-07-22,687450.0,1625550.0,-0.08777434,0.5861106,225,0
atitlan,2026-07-22,687750.0,1625550.0,-0.09054032,0.47253463,225,0
atitlan,2026-07-22,688050.0,1625550.0,-0.097250305,0.2682993,225,0
atitlan,2026-07-22,688350.0,1625550.0,-0.098896526,0.17729573,225,0
atitlan,2026-07-22,688650.0,1625550.0,-0.09025588,0.47833285,225,0
atitlan,2026-07-22,688950.0,1625550.0,-0.08899478,0.50796664,225,0
atitlan,2026-07-22,689250.0,1625550.0,-0.09002391,0.47773713,225,0
atitlan,2026-07-22,689550.0,1625550.0,-0.09001485,0.46318266,225,0
atitlan,2026-07-22,689850.0,1625550.0,-0.09454471,0.34100506,225,0
atitlan,2026-07-22,690150.0,1625550.0,-0.094617926,0.2922602,225,0
atitlan,2026-07-22,690450.0,1625550.0,-0.08969276,0.4871872,225,0
atitlan,2026-07-22,690750.0,1625550.0,-0.0938005,0.32364932,225,0
atitlan,2026-07-22,691050.0,1625550.0,-0.092479855,0.40116504,225,0
atitlan,2026-07-22,691350.0,1625550.0,-0.08118803,0.9695151,225,0
atitlan,2026-07-22,691650.0,1625550.0,-0.072440006,1.4076161,225,0
atitlan,2026-07-22,691950.0,1625550.0,-0.075932615,1.2258978,225,0
atitlan,2026-07-22,692250.0,1625550.0,-0.079427615,1.0380194,225,0
atitlan,2026-07-22,692550.0,1625550.0,-0.08561331,0.7125342,225,0
atitlan,2026-07-22,692850.0,1625550.0,-0.0826648,0.9026307,225,0
atitlan,2026-07-22,693150.0,1625550.0,-0.0795809,1.0305514,225,0
atitlan,2026-07-22,693450.0,1625550.0,-0.07985999,1.0126716,225,0
atitlan,2026-07-22,693750.0,1625550.0,-0.08076524,0.9790852,225,0
atitlan,2026-07-22,694050.0,1625550.0,-0.08039192,1.0002912,225,0
atitlan,2026-07-22,694350.0,1625550.0,-0.07790835,1.1146272,225,0
atitlan,2026-07-22,694650.0,1625550.0,-0.077726126,1.1390433,225,0
atitlan,2026-07-22,694950.0,1625550.0,-0.07399527,1.3437494,225,0
atitlan,2026-07-22,695250.0,1625550.0,-0.06080944,1.9392588,225,0
atitlan,2026-07-22,695550.0,1625550.0,-0.058297347,2.0793798,225,0
atitlan,2026-07-22,695850.0,1625550.0,-0.0673214,1.6715784,225,0
atitlan,2026-07-22,696150.0,1625550.0,-0.07484813,1.3035439,225,0
atitlan,2026-07-22,696450.0,1625550.0,-0.06731229,1.6872319,225,0
atitlan,2026-07-22,696750.0,1625550.0,-0.060307898,2.0261872,225,0
atitlan,2026-07-22,697050.0,1625550.0,-0.0633623,1.8789,225,0
atitlan,2026-07-22,697350.0,1625550.0,-0.061119605,2.0043657,225,0
atitlan,2026-07-22,697650.0,1625550.0,-0.058572765,2.1162248,225,0
atitlan,2026-07-22,697950.0,1625550.0,-0.056216642,2.238329,225,0
atitlan,2026-07-22,698250.0,1625550.0,-0.055239953,2.2888553,225,0
atitlan,2026-07-22,698550.0,1625550.0,-0.05326213,2.3782806,225,0
atitlan,2026-07-22,698850.0,1625550.0,-0.059396025,2.0930858,225,0
atitlan,2026-07-22,699150.0,1625550.0,-0.059483096,2.07162,225,0
atitlan,2026-07-22,699450.0,1625550.0,-0.055387232,2.287231,225,0
atitlan,2026-07-22,699750.0,1625550.0,-0.053808883,2.3611531,225,0
atitlan,2026-07-22,700050.0,1625550.0,-0.047865264,2.6366172,225,0
atitlan,2026-07-22,700350.0,1625550.0,-0.05912414,2.1079865,225,0
atitlan,2026-07-22,700650.0,1625550.0,-0.057696823,2.1715603,225,0
atitlan,2026-07-22,700950.0,1625550.0,-0.04827034,2.6013703,225,0
atitlan,2026-07-22,701250.0,1625550.0,-0.04472893,2.7494369,225,0
atitlan,2026-07-22,701550.0,1625550.0,-0.054534916,2.294901,225,0
atitlan,2026-07-22,701850.0,1625550.0,-0.056590978,2.1750739,225,0
atitlan,2026-07-22,702150.0,1625550.0,-0.061441235,1.9203175,225,0
atitlan,2026-07-22,702450.0,1625550.0,0.007580601,4.1055145,225,0
atitlan,2026-07-22,702750.0,1625550.0,0.12181042,7.2930984,225,0
atitlan,2026-07-22,703050.0,1625550.0,0.24683206,13.301522,225,1
atitlan,2026-07-22,703350.0,1625550.0,0.2119718,10.83989,225,0
atitlan,2026-07-22,703650.0,1625550.0,0.17546487,9.998047,225,0
atitlan,2026-07-22,703950.0,1625550.0,0.15793757,9.299184,225,0
atitlan,2026-07-22,704250.0,1625550.0,0.10255679,7.2512746,225,0
atitlan,2026-07-22,704550.0,1625550.0,0.09809594,6.6224284,225,0
atitlan,2026-07-22,704850.0,1625550.0,0.14361782,8.0988245,225,0
atitlan,2026-07-22,705150.0,1625550.0,0.13632065,7.8750424,225,0
atitlan,2026-07-22,705450.0,1625550.0,0.19492842,10.917538,225,0
atitlan,2026-07-22,705750.0,1625550.0,0.18819049,12.917109,225,1
atitlan,2026-07-22,706050.0,1625550.0,0.21759257,14.530886,225,1
atitlan,2026-07-22,706350.0,1625550.0,0.31018043,21.099884,225,1
atitlan,2026-07-22,706650.0,1625550.0,0.30500272,18.58905,225,1
atitlan,2026-07-22,706950.0,1625550.0,0.27203673,17.678017,225,1
atitlan,2026-07-22,707250.0,1625550.0,0.18246813,11.619957,225,0
atitlan,2026-07-22,707550.0,1625550.0,0.1168504,6.2193837,225,0
atitlan,2026-07-22,707850.0,1625550.0,0.10534038,5.535209,45,0
atitlan,2026-07-22,680250.0,1625850.0,0.33995205,26.080536,180,1
atitlan,2026-07-22,680550.0,1625850.0,0.28668153,19.454323,222,1
atitlan,2026-07-22,680850.0,1625850.0,0.30252895,22.080116,225,1
atitlan,2026-07-22,681150.0,1625850.0,0.30869955,20.204033,225,1
atitlan,2026-07-22,681450.0,1625850.0,0.1895277,10.244048,225,0
atitlan,2026-07-22,681750.0,1625850.0,0.12265358,5.594665,225,0
atitlan,2026-07-22,682050.0,1625850.0,0.089754954,5.0308723,225,0
atitlan,2026-07-22,682350.0,1625850.0,0.11131385,5.6791606,225,0
atitlan,2026-07-22,682650.0,1625850.0,0.14800233,6.8705187,225,0
atitlan,2026-07-22,682950.0,1625850.0,0.27719298,15.847413,225,1
atitlan,2026-07-22,683250.0,1625850.0,0.2996795,17.693432,225,1
atitlan,2026-07-22,683550.0,1625850.0,0.28997114,16.067379,225,1
atitlan,2026-07-22,683850.0,1625850.0,0.25612763,13.646794,225,1
atitlan,2026-07-22,684150.0,1625850.0,0.20514068,11.799231,225,0
atitlan,2026-07-22,684450.0,1625850.0,0.18564412,11.309154,225,0
atitlan,2026-07-22,684750.0,1625850.0,0.060652263,5.488566,225,0
atitlan,2026-07-22,685050.0,1625850.0,-0.063509636,1.8854035,225,0
atitlan,2026-07-22,685350.0,1625850.0,-0.06625848,1.7208055,225,0
atitlan,2026-07-22,685650.0,1625850.0,-0.06887242,1.6068368,225,0
atitlan,2026-07-22,685950.0,1625850.0,-0.07480056,1.2872252,225,0
atitlan,2026-07-22,686250.0,1625850.0,-0.07616677,1.2007517,225,0
atitlan,2026-07-22,686550.0,1625850.0,-0.07743522,1.1519852,225,0
atitlan,2026-07-22,686850.0,1625850.0,-0.07794333,1.1121161,225,0
atitlan,2026-07-22,687150.0,1625850.0,-0.08244582,0.88454574,225,0
atitlan,2026-07-22,687450.0,1625850.0,-0.083182044,0.81953824,225,0
atitlan,2026-07-22,687750.0,1625850.0,-0.08613187,0.6767095,225,0
atitlan,2026-07-22,688050.0,1625850.0,-0.090090185,0.49071512,225,0
atitlan,2026-07-22,688350.0,1625850.0,-0.09247074,0.41364035,225,0
atitlan,2026-07-22,688650.0,1625850.0,-0.09433825,0.30620056,225,0
atitlan,2026-07-22,688950.0,1625850.0,-0.09446366,0.3119628,225,0
atitlan,2026-07-22,689250.0,1625850.0,-0.09442885,0.3159338,225,0
atitlan,2026-07-22,689550.0,1625850.0,-0.093810305,0.32149398,225,0
atitlan,2026-07-22,689850.0,1625850.0,-0.09789708,0.22146909,225,0
atitlan,2026-07-22,690150.0,1625850.0,-0.094884895,0.29169622,225,0
atitlan,2026-07-22,690450.0,1625850.0,-0.092701264,0.3464524,225,0
atitlan,2026-07-22,690750.0,1625850.0,-0.09452967,0.31159633,225,0
atitlan,2026-07-22,691050.0,1625850.0,-0.09172219,0.43328056,225,0
atitlan,2026-07-22,691350.0,1625850.0,-0.086468056,0.6469839,225,0
atitlan,2026-07-22,691650.0,1625850.0,-0.07690539,1.195136,225,0
atitlan,2026-07-22,691950.0,1625850.0,-0.07944314,1.0204101,225,0
atitlan,2026-07-22,692250.0,1625850.0,-0.08306634,0.8841385,225,0
atitlan,2026-07-22,692550.0,1625850.0,-0.08153329,0.9260109,225,0
atitlan,2026-07-22,692850.0,1625850.0,-0.07885503,1.0689816,225,0
atitlan,2026-07-22,693150.0,1625850.0,-0.0754605,1.2368792,225,0
atitlan,2026-07-22,693450.0,1625850.0,-0.074308194,1.3075415,225,0
atitlan,2026-07-22,693750.0,1625850.0,-0.079277486,1.0521288,225,0
atitlan,2026-07-22,694050.0,1625850.0,-0.0869349,0.6521843,225,0
atitlan,2026-07-22,694350.0,1625850.0,-0.08760567,0.61307746,225,0
atitlan,2026-07-22,694650.0,1625850.0,-0.08464118,0.7910133,225,0
atitlan,2026-07-22,694950.0,1625850.0,-0.0829097,0.87796724,225,0
atitlan,2026-07-22,695250.0,1625850.0,-0.079974644,1.0170121,225,0
atitlan,2026-07-22,695550.0,1625850.0,-0.05044836,2.2240105,225,0
atitlan,2026-07-22,695850.0,1625850.0,-0.04246849,2.5975196,225,0
atitlan,2026-07-22,696150.0,1625850.0,-0.06436307,1.8384205,225,0
atitlan,2026-07-22,696450.0,1625850.0,-0.055443108,2.1231685,225,0
atitlan,2026-07-22,696750.0,1625850.0,-0.050464503,2.384705,225,0
atitlan,2026-07-22,697050.0,1625850.0,-0.06196797,1.9386792,225,0
atitlan,2026-07-22,697350.0,1625850.0,-0.06078435,2.0029466,225,0
atitlan,2026-07-22,697650.0,1625850.0,-0.060937088,1.9904784,225,0
atitlan,2026-07-22,697950.0,1625850.0,-0.05731682,2.184861,225,0
atitlan,2026-07-22,698250.0,1625850.0,-0.054717988,2.3148792,225,0
atitlan,2026-07-22,698550.0,1625850.0,-0.054593503,2.3224618,225,0
atitlan,2026-07-22,698850.0,1625850.0,-0.059396956,2.0873904,225,0
atitlan,2026-07-22,699150.0,1625850.0,-0.059842367,2.0784655,225,0
atitlan,2026-07-22,699450.0,1625850.0,-0.05657603,2.2288113,225,0
atitlan,2026-07-22,699750.0,1625850.0,-0.056660846,2.2147584,225,0
atitlan,2026-07-22,700050.0,1625850.0,-0.05245664,2.4411254,225,0
atitlan,2026-07-22,700350.0,1625850.0,-0.06292386,1.9298025,225,0
atitlan,2026-07-22,700650.0,1625850.0,-0.055174984,2.2833207,225,0
atitlan,2026-07-22,700950.0,1625850.0,-0.04846714,2.5977933,225,0
atitlan,2026-07-22,701250.0,1625850.0,-0.046732992,2.6572676,225,0
atitlan,2026-07-22,701550.0,1625850.0,-0.05115531,2.436324,225,0
atitlan,2026-07-22,701850.0,1625850.0,0.004348446,3.9063215,225,0
atitlan,2026-07-22,702150.0,1625850.0,0.080982305,6.1193075,225,0
atitlan,2026-07-22,702450.0,1625850.0,0.1927503,10.666608,225,0
atitlan,2026-07-22,702750.0,1625850.0,0.25136703,12.693066,225,1
atitlan,2026-07-22,703050.0,1625850.0,0.23035963,12.390654,225,1
atitlan,2026-07-22,703350.0,1625850.0,0.27673116,15.128267,225,1
atitlan,2026-07-22,703650.0,1625850.0,0.23154561,13.643939,225,1
atitlan,2026-07-22,703950.0,1625850.0,0.17406023,10.522939,225,0
atitlan,2026-07-22,704250.0,1625850.0,0.18975207,10.8268585,225,0
atitlan,2026-07-22,704550.0,1625850.0,0.15626617,8.713882,225,0
atitlan,2026-07-22,704850.0,1625850.0,0.10855146,6.738193,225,0
atitlan,2026-07-22,705150.0,1625850.0,0.15896164,10.052137,225,0
atitlan,2026-07-22,705450.0,1625850.0,0.21858974,12.310718,225,1
atitlan,2026-07-22,705750.0,1625850.0,0.13149855,8.439108,225,0
atitlan,2026-07-22,706050.0,1625850.0,0.12017938,6.829905,225,0
atitlan,2026-07-22,706350.0,1625850.0,0.20962867,11.658288,225,0
atitlan,2026-07-22,706650.0,1625850.0,0.29530355,18.594604,225,1
atitlan,2026-07-22,706950.0,1625850.0,0.29271576,18.964472,225,1
atitlan,2026-07-22,707250.0,1625850.0,0.25925952,16.894663,225,1
atitlan,2026-07-22,707550.0,1625850.0,0.19622318,11.640798,225,0
atitlan,2026-07-22,707850.0,1625850.0,0.16792725,10.145035,45,0
atitlan,2026-07-22,680250.0,1626150.0,0.35798883,28.058233,180,1
atitlan,2026-07-22,680550.0,1626150.0,0.33947453,24.759005,225,1
atitlan,2026-07-22,680850.0,1626150.0,0.3237564,23.45856,225,1
atitlan,2026-07-22,681150.0,1626150.0,0.2913774,22.88995,225,1
atitlan,2026-07-22,681450.0,1626150.0,0.2608736,15.252715,225,1
atitlan,2026-07-22,681750.0,1626150.0,0.15787332,6.730089,225,0
atitlan,2026-07-22,682050.0,1626150.0,0.07800323,4.894811,225,0
atitlan,2026-07-22,682350.0,1626150.0,0.06344132,4.7725954,225,0
atitlan,2026-07-22,682650.0,1626150.0,0.05851537,4.7320876,225,0
atitlan,2026-07-22,682950.0,1626150.0,0.062341563,4.7721148,225,0
atitlan,2026-07-22,683250.0,1626150.0,0.20196556,10.597448,225,0
atitlan,2026-07-22,683550.0,1626150.0,0.2927396,17.682583,225,1
atitlan,2026-07-22,683850.0,1626150.0,0.29509696,17.4767,225,1
atitlan,2026-07-22,684150.0,1626150.0,0.24842158,13.424913,225,1
atitlan,2026-07-22,684450.0,1626150.0,0.1373033,8.481078,225,0
atitlan,2026-07-22,684750.0,1626150.0,-0.052867178,2.132,225,0
atitlan,2026-07-22,685050.0,1626150.0,-0.06975735,1.5722696,225,0
atitlan,2026-07-22,685350.0,1626150.0,-0.07493092,1.3029325,225,0
atitlan,2026-07-22,685650.0,1626150.0,-0.07636343,1.1853427,225,0
atitlan,2026-07-22,685950.0,1626150.0,-0.07416489,1.3251016,225,0
atitlan,2026-07-22,686250.0,1626150.0,-0.07267541,1.3815408,225,0
atitlan,2026-07-22,686550.0,1626150.0,-0.07701568,1.1626638,225,0
atitlan,2026-07-22,686850.0,1626150.0,-0.07448874,1.3051827,225,0
atitlan,2026-07-22,687150.0,1626150.0,-0.078955054,1.0474215,225,0
atitlan,2026-07-22,687450.0,1626150.0,-0.08170007,0.9166542,225,0
atitlan,2026-07-22,687750.0,1626150.0,-0.08437014,0.7666203,225,0
atitlan,2026-07-22,688050.0,1626150.0,-0.0904902,0.49617192,225,0
atitlan,2026-07-22,688350.0,1626150.0,-0.08862262,0.5601791,225,0
atitlan,2026-07-22,688650.0,1626150.0,-0.09312812,0.3522587,225,0
atitlan,2026-07-22,688950.0,1626150.0,-0.091747984,0.39978096,225,0
atitlan,2026-07-22,689250.0,1626150.0,-0.0936037,0.3609117,225,0
atitlan,2026-07-22,689550.0,1626150.0,-0.091697976,0.40071085,225,0
atitlan,2026-07-22,689850.0,1626150.0,-0.08865997,0.54353094,225,0
atitlan,2026-07-22,690150.0,1626150.0,-0.087251954,0.5977144,225,0
atitlan,2026-07-22,690450.0,1626150.0,-0.08855728,0.54234457,225,0
atitlan,2026-07-22,690750.0,1626150.0,-0.09166308,0.39680228,225,0
atitlan,2026-07-22,691050.0,1626150.0,-0.09127275,0.42006373,225,0
atitlan,2026-07-22,691350.0,1626150.0,-0.08906777,0.5080427,225,0
atitlan,2026-07-22,691650.0,1626150.0,-0.08469186,0.76040214,225,0
atitlan,2026-07-22,691950.0,1626150.0,-0.08013531,0.99577326,225,0
atitlan,2026-07-22,692250.0,1626150.0,-0.07923016,1.0414834,225,0
atitlan,2026-07-22,692550.0,1626150.0,-0.07906617,1.0517178,225,0
atitlan,2026-07-22,692850.0,1626150.0,-0.08224031,0.8977344,225,0
atitlan,2026-07-22,693150.0,1626150.0,-0.07841247,1.0944468,225,0
atitlan,2026-07-22,693450.0,1626150.0,-0.07718549,1.1681746,225,0
atitlan,2026-07-22,693750.0,1626150.0,-0.08375895,0.81885964,225,0
atitlan,2026-07-22,694050.0,1626150.0,-0.08272671,0.8678064,225,0
atitlan,2026-07-22,694350.0,1626150.0,-0.08080322,0.9472115,225,0
atitlan,2026-07-22,694650.0,1626150.0,-0.0818761,0.9189642,225,0
atitlan,2026-07-22,694950.0,1626150.0,-0.08652028,0.70291775,225,0
atitlan,2026-07-22,695250.0,1626150.0,-0.09051637,0.48292446,225,0
atitlan,2026-07-22,695550.0,1626150.0,-0.07975078,1.0406749,225,0
atitlan,2026-07-22,695850.0,1626150.0,-0.057643052,1.8828917,225,0
atitlan,2026-07-22,696150.0,1626150.0,-0.086125396,0.73789245,225,0
atitlan,2026-07-22,696450.0,1626150.0,-0.08215947,0.901246,225,0
atitlan,2026-07-22,696750.0,1626150.0,-0.08512089,0.7845113,225,0
atitlan,2026-07-22,697050.0,1626150.0,-0.084091045,0.81194067,225,0
atitlan,2026-07-22,697350.0,1626150.0,-0.07734668,1.1420949,225,0
atitlan,2026-07-22,697650.0,1626150.0,-0.069337666,1.5812385,225,0
atitlan,2026-07-22,697950.0,1626150.0,-0.063685946,1.8575276,225,0
atitlan,2026-07-22,698250.0,1626150.0,-0.05482299,2.2960088,225,0
atitlan,2026-07-22,698550.0,1626150.0,-0.058765285,2.1235995,225,0
atitlan,2026-07-22,698850.0,1626150.0,-0.0595327,2.0807223,225,0
atitlan,2026-07-22,699150.0,1626150.0,-0.059107207,2.1075556,225,0
atitlan,2026-07-22,699450.0,1626150.0,-0.05887661,2.1179605,225,0
atitlan,2026-07-22,699750.0,1626150.0,-0.058392033,2.1385818,225,0
atitlan,2026-07-22,700050.0,1626150.0,-0.060824677,2.0285597,225,0
atitlan,2026-07-22,700350.0,1626150.0,-0.0619379,1.972813,225,0
atitlan,2026-07-22,700650.0,1626150.0,-0.056405403,2.248972,225,0
atitlan,2026-07-22,700950.0,1626150.0,-0.04891689,2.5953877,225,0
atitlan,2026-07-22,701250.0,1626150.0,-0.033608194,3.1726089,225,0
atitlan,2026-07-22,701550.0,1626150.0,0.053490788,6.147781,225,0
atitlan,2026-07-22,701850.0,1626150.0,0.2194342,9.664788,225,0
atitlan,2026-07-22,702150.0,1626150.0,0.19259277,8.035236,225,0
atitlan,2026-07-22,702450.0,1626150.0,0.21618673,10.421087,225,0
atitlan,2026-07-22,702750.0,1626150.0,0.27578112,14.870522,225,1
atitlan,2026-07-22,703050.0,1626150.0,0.28176427,16.697897,225,1
atitlan,2026-07-22,703350.0,1626150.0,0.2178156,12.653301,225,1
atitlan,2026-07-22,703650.0,1626150.0,0.20108373,12.224067,225,1
atitlan,2026-07-22,703950.0,1626150.0,0.20487964,11.883267,225,0
atitlan,2026-07-22,704250.0,1626150.0,0.25838977,14.639761,225,1
atitlan,2026-07-22,704550.0,1626150.0,0.15850125,8.949837,225,0
atitlan,2026-07-22,704850.0,1626150.0,0.13622054,9.141048,225,0
atitlan,2026-07-22,705150.0,1626150.0,0.2377426,14.676938,225,1
atitlan,2026-07-22,705450.0,1626150.0,0.17818958,9.444714,225,0
atitlan,2026-07-22,705750.0,1626150.0,0.12569588,7.4512978,225,0
atitlan,2026-07-22,706050.0,1626150.0,0.1131312,7.423858,225,0
atitlan,2026-07-22,706350.0,1626150.0,0.09355281,6.43341,225,0
atitlan,2026-07-22,706650.0,1626150.0,0.30659887,19.551523,225,1
atitlan,2026-07-22,706950.0,1626150.0,0.27797896,17.63762,225,1
atitlan,2026-07-22,707250.0,1626150.0,0.2699044,17.343113,225,1
atitlan,2026-07-22,707550.0,1626150.0,0.23174419,15.775145,225,1
atitlan,2026-07-22,707850.0,1626150.0,0.14438921,9.182002,45,0
atitlan,2026-07-22,680250.0,1626450.0,0.35805896,26.790546,180,1
atitlan,2026-07-22,680550.0,1626450.0,0.3503457,26.395092,225,1
atitlan,2026-07-22,680850.0,1626450.0,0.30831325,21.314472,225,1
atitlan,2026-07-22,681150.0,1626450.0,0.3089822,20.811083,225,1
atitlan,2026-07-22,681450.0,1626450.0,0.23819913,13.176212,225,1
atitlan,2026-07-22,681750.0,1626450.0,0.20967202,9.349813,225,0
atitlan,2026-07-22,682050.0,1626450.0,0.10961678,5.364455,225,0
atitlan,2026-07-22,682350.0,1626450.0,0.0712284,4.852179,225,0
atitlan,2026-07-22,682650.0,1626450.0,0.049950056,4.6665125,225,0
atitlan,2026-07-22,682950.0,1626450.0,0.05458085,4.71267,225,0
atitlan,2026-07-22,683250.0,1626450.0,0.096503034,5.2837377,225,0
atitlan,2026-07-22,683550.0,1626450.0,0.29750577,18.861298,225,1
atitlan,2026-07-22,683850.0,1626450.0,0.29310298,17.358877,225,1
atitlan,2026-07-22,684150.0,1626450.0,0.25726667,13.672495,225,1
atitlan,2026-07-22,684450.0,1626450.0,0.10196976,7.871566,225,0
atitlan,2026-07-22,684750.0,1626450.0,-0.060870253,1.9370247,225,0
atitlan,2026-07-22,685050.0,1626450.0,-0.07328202,1.3768964,225,0
atitlan,2026-07-22,685350.0,1626450.0,-0.07818921,1.1129,225,0
atitlan,2026-07-22,685650.0,1626450.0,-0.07823887,1.106687,225,0
atitlan,2026-07-22,685950.0,1626450.0,-0.073831394,1.3339854,225,0
atitlan,2026-07-22,686250.0,1626450.0,-0.075789556,1.2481925,225,0
atitlan,2026-07-22,686550.0,1626450.0,-0.07586696,1.2142731,225,0
atitlan,2026-07-22,686850.0,1626450.0,-0.07617532,1.2079009,225,0
atitlan,2026-07-22,687150.0,1626450.0,-0.07675493,1.1794503,225,0
atitlan,2026-07-22,687450.0,1626450.0,-0.080558576,0.990923,225,0
atitlan,2026-07-22,687750.0,1626450.0,-0.08678215,0.6880544,225,0
atitlan,2026-07-22,688050.0,1626450.0,-0.08893241,0.55831224,225,0
atitlan,2026-07-22,688350.0,1626450.0,-0.09044389,0.47576898,225,0
atitlan,2026-07-22,688650.0,1626450.0,-0.0921067,0.38360444,225,0
atitlan,2026-07-22,688950.0,1626450.0,-0.08821204,0.5543025,225,0
atitlan,2026-07-22,689250.0,1626450.0,-0.08965752,0.5066074,225,0
atitlan,2026-07-22,689550.0,1626450.0,-0.09113747,0.43596846,225,0
atitlan,2026-07-22,689850.0,1626450.0,-0.08801565,0.59644705,225,0
atitlan,2026-07-22,690150.0,1626450.0,-0.08706006,0.6573446,225,0
atitlan,2026-07-22,690450.0,1626450.0,-0.08650196,0.66365504,225,0
atitlan,2026-07-22,690750.0,1626450.0,-0.08729361,0.5902037,225,0
atitlan,2026-07-22,691050.0,1626450.0,-0.08708473,0.6292117,225,0
atitlan,2026-07-22,691350.0,1626450.0,-0.089641884,0.59767264,225,0
atitlan,2026-07-22,691650.0,1626450.0,-0.09007448,0.5169048,225,0
atitlan,2026-07-22,691950.0,1626450.0,-0.094205126,0.3293998,225,0
atitlan,2026-07-22,692250.0,1626450.0,-0.082000956,0.9253586,225,0
atitlan,2026-07-22,692550.0,1626450.0,-0.07732686,1.1462315,225,0
atitlan,2026-07-22,692850.0,1626450.0,-0.08603682,0.70003927,225,0
atitlan,2026-07-22,693150.0,1626450.0,-0.08163793,0.94835854,225,0
atitlan,2026-07-22,693450.0,1626450.0,-0.08162007,0.9335641,225,0
atitlan,2026-07-22,693750.0,1626450.0,-0.082506634,0.8885226,225,0
atitlan,2026-07-22,694050.0,1626450.0,-0.07976428,1.0368845,225,0
atitlan,2026-07-22,694350.0,1626450.0,-0.09088694,0.5178569,225,0
atitlan,2026-07-22,694650.0,1626450.0,-0.09131228,0.49222237,225,0
atitlan,2026-07-22,694950.0,1626450.0,-0.09362158,0.387406,225,0
atitlan,2026-07-22,695250.0,1626450.0,-0.09442968,0.35324663,225,0
atitlan,2026-07-22,695550.0,1626450.0,-0.09359632,0.43430075,225,0
atitlan,2026-07-22,695850.0,1626450.0,-0.09393001,0.32998157,225,0
atitlan,2026-07-22,696150.0,1626450.0,-0.09126837,0.47549483,225,0
atitlan,2026-07-22,696450.0,1626450.0,-0.09158481,0.44651103,225,0
atitlan,2026-07-22,696750.0,1626450.0,-0.08953944,0.58570904,225,0
atitlan,2026-07-22,697050.0,1626450.0,-0.09068491,0.46572477,225,0
atitlan,2026-07-22,697350.0,1626450.0,-0.092183284,0.40951726,225,0
atitlan,2026-07-22,697650.0,1626450.0,-0.08685806,0.69007874,225,0
atitlan,2026-07-22,697950.0,1626450.0,-0.07911318,1.0700142,225,0
atitlan,2026-07-22,698250.0,1626450.0,-0.058695816,2.092417,225,0
atitlan,2026-07-22,698550.0,1626450.0,-0.060324445,2.052296,225,0
atitlan,2026-07-22,698850.0,1626450.0,-0.05926283,2.0782537,225,0
atitlan,2026-07-22,699150.0,1626450.0,-0.056814775,2.2231562,225,0
atitlan,2026-07-22,699450.0,1626450.0,-0.056782946,2.2173493,225,0
atitlan,2026-07-22,699750.0,1626450.0,-0.062442187,1.9488323,225,0
atitlan,2026-07-22,700050.0,1626450.0,-0.06436478,1.8384994,225,0
atitlan,2026-07-22,700350.0,1626450.0,-0.06559128,1.7713251,225,0
atitlan,2026-07-22,700650.0,1626450.0,-0.070544384,1.5142449,225,0
atitlan,2026-07-22,700950.0,1626450.0,-0.065085106,1.783015,225,0
atitlan,2026-07-22,701250.0,1626450.0,0.088992484,7.7774434,225,0
atitlan,2026-07-22,701550.0,1626450.0,0.24712983,12.725961,225,1
atitlan,2026-07-22,701850.0,1626450.0,0.31065905,18.824375,225,1
atitlan,2026-07-22,702150.0,1626450.0,0.24298857,13.553407,225,1
atitlan,2026-07-22,702450.0,1626450.0,0.20554525,10.074339,225,0
atitlan,2026-07-22,702750.0,1626450.0,0.2678937,14.894232,225,1
atitlan,2026-07-22,703050.0,1626450.0,0.20453683,11.651416,225,0
atitlan,2026-07-22,703350.0,1626450.0,0.22380899,11.991423,225,0
atitlan,2026-07-22,703650.0,1626450.0,0.22401904,12.559718,225,1
atitlan,2026-07-22,703950.0,1626450.0,0.1855536,10.535301,225,0
atitlan,2026-07-22,704250.0,1626450.0,0.22975151,13.27,225,1
atitlan,2026-07-22,704550.0,1626450.0,0.10229203,7.530468,225,0
atitlan,2026-07-22,704850.0,1626450.0,0.11655877,7.725286,225,0
atitlan,2026-07-22,705150.0,1626450.0,0.14187883,7.9918957,225,0
atitlan,2026-07-22,705450.0,1626450.0,0.18064563,10.132802,225,0
atitlan,2026-07-22,705750.0,1626450.0,0.21759032,13.275919,225,1
atitlan,2026-07-22,706050.0,1626450.0,0.21227157,13.283103,225,1
atitlan,2026-07-22,706350.0,1626450.0,0.26504788,16.032255,225,1
atitlan,2026-07-22,706650.0,1626450.0,0.2756917,16.88998,225,1
atitlan,2026-07-22,706950.0,1626450.0,0.23816492,14.661364,225,1
atitlan,2026-07-22,707250.0,1626450.0,0.24966297,15.456604,225,1
atitlan,2026-07-22,707550.0,1626450.0,0.19555397,12.222396,225,1
atitlan,2026-07-22,707850.0,1626450.0,0.24502008,15.472914,45,1
atitlan,2026-07-22,680250.0,1626750.0,0.37324134,29.948538,180,1
atitlan,2026-07-22,680550.0,1626750.0,0.35944226,27.102758,225,1
atitlan,2026-07-22,680850.0,1626750.0,0.3391074,24.423754,225,1
atitlan,2026-07-22,681150.0,1626750.0,0.34480363,25.572199,225,1
atitlan,2026-07-22,681450.0,1626750.0,0.26285452,17.647516,225,1
atitlan,2026-07-22,681750.0,1626750.0,0.20313008,9.432927,225,0
atitlan,2026-07-22,682050.0,1626750.0,0.11789973,5.5261083,225,0
atitlan,2026-07-22,682350.0,1626750.0,0.09856051,5.3491917,225,0
atitlan,2026-07-22,682650.0,1626750.0,0.06880065,4.830743,225,0
atitlan,2026-07-22,682950.0,1626750.0,0.063291825,4.772982,225,0
atitlan,2026-07-22,683250.0,1626750.0,0.09306223,5.0284815,225,0
atitlan,2026-07-22,683550.0,1626750.0,0.28667703,19.383163,225,1
atitlan,2026-07-22,683850.0,1626750.0,0.32853127,23.174585,225,1
atitlan,2026-07-22,684150.0,1626750.0,0.28981,16.606508,225,1
atitlan,2026-07-22,684450.0,1626750.0,0.2646409,15.097143,225,1
atitlan,2026-07-22,684750.0,1626750.0,0.09478892,8.597683,225,0
atitlan,2026-07-22,685050.0,1626750.0,-0.07107006,1.48924,225,0
atitlan,2026-07-22,685350.0,1626750.0,-0.07858637,1.0998987,225,0
atitlan,2026-07-22,685650.0,1626750.0,-0.08049945,0.9558957,225,0
atitlan,2026-07-22,685950.0,1626750.0,-0.07491946,1.2866998,225,0
atitlan,2026-07-22,686250.0,1626750.0,-0.07749395,1.1528344,225,0
atitlan,2026-07-22,686550.0,1626750.0,-0.077815816,1.1335465,225,0
atitlan,2026-07-22,686850.0,1626750.0,-0.08473653,0.7897392,225,0
atitlan,2026-07-22,687150.0,1626750.0,-0.08606503,0.70493335,225,0
atitlan,2026-07-22,687450.0,1626750.0,-0.088447325,0.63825494,225,0
atitlan,2026-07-22,687750.0,1626750.0,-0.084557585,0.7907302,225,0
atitlan,2026-07-22,688050.0,1626750.0,-0.09014269,0.47766328,225,0
atitlan,2026-07-22,688350.0,1626750.0,-0.090760075,0.4516207,225,0
atitlan,2026-07-22,688650.0,1626750.0,-0.09305205,0.35431358,225,0
atitlan,2026-07-22,688950.0,1626750.0,-0.089733265,0.50249916,225,0
atitlan,2026-07-22,689250.0,1626750.0,-0.09254197,0.37720823,225,0
atitlan,2026-07-22,689550.0,1626750.0,-0.09315979,0.35338494,225,0
atitlan,2026-07-22,689850.0,1626750.0,-0.09123079,0.4684938,225,0
atitlan,2026-07-22,690150.0,1626750.0,-0.09576284,0.3219498,225,0
atitlan,2026-07-22,690450.0,1626750.0,-0.09228514,0.441144,225,0
atitlan,2026-07-22,690750.0,1626750.0,-0.08836253,0.573287,225,0
atitlan,2026-07-22,691050.0,1626750.0,-0.088943504,0.5476565,225,0
atitlan,2026-07-22,691350.0,1626750.0,-0.08886163,0.53521127,225,0
atitlan,2026-07-22,691650.0,1626750.0,-0.0917877,0.40667355,225,0
atitlan,2026-07-22,691950.0,1626750.0,-0.0923902,0.38397765,225,0
atitlan,2026-07-22,692250.0,1626750.0,-0.085027404,0.7511163,225,0
atitlan,2026-07-22,692550.0,1626750.0,-0.085977204,0.71637106,225,0
atitlan,2026-07-22,692850.0,1626750.0,-0.08789701,0.62177885,225,0
atitlan,2026-07-22,693150.0,1626750.0,-0.08342435,0.87416166,225,0
atitlan,2026-07-22,693450.0,1626750.0,-0.07892923,1.0800256,225,0
atitlan,2026-07-22,693750.0,1626750.0,-0.082968436,0.8680375,225,0
atitlan,2026-07-22,694050.0,1626750.0,-0.08416238,0.79629314,225,0
atitlan,2026-07-22,694350.0,1626750.0,-0.090947434,0.47977802,225,0
atitlan,2026-07-22,694650.0,1626750.0,-0.08822736,0.5982285,225,0
atitlan,2026-07-22,694950.0,1626750.0,-0.074828744,1.2526103,225,0
atitlan,2026-07-22,695250.0,1626750.0,-0.091380596,0.47443914,225,0
atitlan,2026-07-22,695550.0,1626750.0,-0.093533255,0.3457022,225,0
atitlan,2026-07-22,695850.0,1626750.0,-0.09485467,0.29718438,225,0
atitlan,2026-07-22,696150.0,1626750.0,-0.09473537,0.27720964,225,0
atitlan,2026-07-22,696450.0,1626750.0,-0.09463324,0.3000057,225,0
atitlan,2026-07-22,696750.0,1626750.0,-0.09331509,0.3829528,225,0
atitlan,2026-07-22,697050.0,1626750.0,-0.092231564,0.4285964,225,0
atitlan,2026-07-22,697350.0,1626750.0,-0.094935685,0.326069,225,0
atitlan,2026-07-22,697650.0,1626750.0,-0.09627343,0.29203147,225,0
atitlan,2026-07-22,697950.0,1626750.0,-0.09472884,0.30982438,225,0
atitlan,2026-07-22,698250.0,1626750.0,-0.07967689,1.0564088,225,0
atitlan,2026-07-22,698550.0,1626750.0,-0.06828134,1.6247561,225,0
atitlan,2026-07-22,698850.0,1626750.0,-0.063661106,1.8519166,225,0
atitlan,2026-07-22,699150.0,1626750.0,-0.07230281,1.443783,225,0
atitlan,2026-07-22,699450.0,1626750.0,-0.06686077,1.7219865,225,0
atitlan,2026-07-22,699750.0,1626750.0,-0.06613134,1.7509558,225,0
atitlan,2026-07-22,700050.0,1626750.0,-0.0709036,1.5488667,225,0
atitlan,2026-07-22,700350.0,1626750.0,-0.07723642,1.2295412,225,0
atitlan,2026-07-22,700650.0,1626750.0,-0.076995924,1.1858314,225,0
atitlan,2026-07-22,700950.0,1626750.0,-0.08287024,0.8726276,225,0
atitlan,2026-07-22,701250.0,1626750.0,0.053081796,5.9185953,225,0
atitlan,2026-07-22,701550.0,1626750.0,0.27385387,13.719034,225,1
atitlan,2026-07-22,701850.0,1626750.0,0.2746281,13.859651,225,1
atitlan,2026-07-22,702150.0,1626750.0,0.30067378,17.591421,225,1
atitlan,2026-07-22,702450.0,1626750.0,0.29174998,17.510748,225,1
atitlan,2026-07-22,702750.0,1626750.0,0.15996434,9.258865,225,0
atitlan,2026-07-22,703050.0,1626750.0,0.21486482,13.02173,225,1
atitlan,2026-07-22,703350.0,1626750.0,0.227195,12.099273,225,1
atitlan,2026-07-22,703650.0,1626750.0,0.20521708,11.795006,225,0
atitlan,2026-07-22,703950.0,1626750.0,0.19359559,11.650548,225,0
atitlan,2026-07-22,704250.0,1626750.0,0.24760199,13.609068,225,1
atitlan,2026-07-22,704550.0,1626750.0,0.25316107,14.809198,225,1
atitlan,2026-07-22,704850.0,1626750.0,0.1912506,11.233118,225,0
atitlan,2026-07-22,705150.0,1626750.0,0.19753687,11.025864,225,0
atitlan,2026-07-22,705450.0,1626750.0,0.17995748,9.137984,225,0
atitlan,2026-07-22,705750.0,1626750.0,0.25554848,15.139612,225,1
atitlan,2026-07-22,706050.0,1626750.0,0.14154063,8.268966,225,0
atitlan,2026-07-22,706350.0,1626750.0,0.26968983,16.29031,225,1
atitlan,2026-07-22,706650.0,1626750.0,0.30900183,19.018412,225,1
atitlan,2026-07-22,706950.0,1626750.0,0.32975754,21.637669,225,1
atitlan,2026-07-22,707250.0,1626750.0,0.2698691,16.36161,225,1
atitlan,2026-07-22,707550.0,1626750.0,0.27307543,16.464422,225,1
atitlan,2026-07-22,707850.0,1626750.0,0.21183667,13.807133,45,1
atitlan,2026-07-22,680250.0,1627050.0,0.39655185,35.871933,180,1
atitlan,2026-07-22,680550.0,1627050.0,0.36229786,30.358566,225,1
atitlan,2026-07-22,680850.0,1627050.0,0.35714468,27.879704,225,1
atitlan,2026-07-22,681150.0,1627050.0,0.32208818,22.894682,225,1
atitlan,2026-07-22,681450.0,1627050.0,0.26758718,18.511656,225,1
atitlan,2026-07-22,681750.0,1627050.0,0.27387378,18.101856,225,1
atitlan,2026-07-22,682050.0,1627050.0,0.21221003,12.670552,225,1
atitlan,2026-07-22,682350.0,1627050.0,0.18936427,9.426686,225,0
atitlan,2026-07-22,682650.0,1627050.0,0.08080534,4.8992853,225,0
atitlan,2026-07-22,682950.0,1627050.0,0.07573704,4.871972,225,0
atitlan,2026-07-22,683250.0,1627050.0,0.11621542,5.2877226,225,0
atitlan,2026-07-22,683550.0,1627050.0,0.2827767,18.457352,225,1
atitlan,2026-07-22,683850.0,1627050.0,0.36604527,28.85178,225,1
atitlan,2026-07-22,684150.0,1627050.0,0.33101085,21.821793,225,1
atitlan,2026-07-22,684450.0,1627050.0,0.27571023,16.030985,225,1
atitlan,2026-07-22,684750.0,1627050.0,0.11515727,9.23461,225,0
atitlan,2026-07-22,685050.0,1627050.0,-0.002343951,3.760103,225,0
atitlan,2026-07-22,685350.0,1627050.0,-0.04342391,2.2201662,225,0
atitlan,2026-07-22,685650.0,1627050.0,-0.07558076,1.2466512,225,0
atitlan,2026-07-22,685950.0,1627050.0,-0.07700336,1.1723932,225,0
atitlan,2026-07-22,686250.0,1627050.0,-0.07717127,1.1800761,225,0
atitlan,2026-07-22,686550.0,1627050.0,-0.0850509,0.8274638,225,0
atitlan,2026-07-22,686850.0,1627050.0,-0.08448324,0.82249993,225,0
atitlan,2026-07-22,687150.0,1627050.0,-0.08613234,0.7428506,225,0
atitlan,2026-07-22,687450.0,1627050.0,-0.087066635,0.66679084,225,0
atitlan,2026-07-22,687750.0,1627050.0,-0.083535634,0.86575943,225,0
atitlan,2026-07-22,688050.0,1627050.0,-0.087934695,0.5905367,225,0
atitlan,2026-07-22,688350.0,1627050.0,-0.091062434,0.44587758,225,0
atitlan,2026-07-22,688650.0,1627050.0,-0.09509693,0.29219294,225,0
atitlan,2026-07-22,688950.0,1627050.0,-0.09083254,0.45002413,225,0
atitlan,2026-07-22,689250.0,1627050.0,-0.088614844,0.55288506,225,0
atitlan,2026-07-22,689550.0,1627050.0,-0.08966715,0.49729788,225,0
atitlan,2026-07-22,689850.0,1627050.0,-0.08948708,0.5128641,225,0
atitlan,2026-07-22,690150.0,1627050.0,-0.0902902,0.47918162,225,0
atitlan,2026-07-22,690450.0,1627050.0,-0.088179864,0.60339665,225,0
atitlan,2026-07-22,690750.0,1627050.0,-0.087713204,0.5878529,225,0
atitlan,2026-07-22,691050.0,1627050.0,-0.091094375,0.45326674,225,0
atitlan,2026-07-22,691350.0,1627050.0,-0.09217089,0.39071497,225,0
atitlan,2026-07-22,691650.0,1627050.0,-0.09711573,0.23584068,225,0
atitlan,2026-07-22,691950.0,1627050.0,-0.097638465,0.21079178,225,0
atitlan,2026-07-22,692250.0,1627050.0,-0.09694989,0.25415435,225,0
atitlan,2026-07-22,692550.0,1627050.0,-0.092479534,0.4361039,225,0
atitlan,2026-07-22,692850.0,1627050.0,-0.089706875,0.55819535,225,0
atitlan,2026-07-22,693150.0,1627050.0,-0.08550242,0.767179,225,0
atitlan,2026-07-22,693450.0,1627050.0,-0.0857728,0.7598154,225,0
atitlan,2026-07-22,693750.0,1627050.0,-0.08736016,0.6329855,225,0
atitlan,2026-07-22,694050.0,1627050.0,-0.087460734,0.6241085,225,0
atitlan,2026-07-22,694350.0,1627050.0,-0.08860533,0.56227005,225,0
atitlan,2026-07-22,694650.0,1627050.0,-0.089334145,0.5258541,225,0
atitlan,2026-07-22,694950.0,1627050.0,-0.08885897,0.5895026,225,0
atitlan,2026-07-22,695250.0,1627050.0,-0.07593166,1.1838231,225,0
atitlan,2026-07-22,695550.0,1627050.0,-0.09253762,0.43881243,225,0
atitlan,2026-07-22,695850.0,1627050.0,-0.09205611,0.40333533,225,0
atitlan,2026-07-22,696150.0,1627050.0,-0.09359444,0.35927117,225,0
atitlan,2026-07-22,696450.0,1627050.0,-0.09684115,0.23464225,225,0
atitlan,2026-07-22,696750.0,1627050.0,-0.09715045,0.2354877,225,0
atitlan,2026-07-22,697050.0,1627050.0,-0.091724776,0.46687177,225,0
atitlan,2026-07-22,697350.0,1627050.0,-0.09047311,0.54580975,225,0
atitlan,2026-07-22,697650.0,1627050.0,-0.09552659,0.29231957,225,0
atitlan,2026-07-22,697950.0,1627050.0,-0.095742494,0.31206685,225,0
atitlan,2026-07-22,698250.0,1627050.0,-0.09090502,0.5548058,225,0
atitlan,2026-07-22,698550.0,1627050.0,-0.077051304,1.2118347,225,0
atitlan,2026-07-22,698850.0,1627050.0,-0.08648516,0.78162944,225,0
atitlan,2026-07-22,699150.0,1627050.0,-0.08872987,0.69325787,225,0
atitlan,2026-07-22,699450.0,1627050.0,-0.08541686,0.76475143,225,0
atitlan,2026-07-22,699750.0,1627050.0,-0.07843448,1.1562594,225,0
atitlan,2026-07-22,700050.0,1627050.0,-0.08445301,0.8350209,225,0
atitlan,2026-07-22,700350.0,1627050.0,-0.08645846,0.7506683,225,0
atitlan,2026-07-22,700650.0,1627050.0,-0.08226267,0.9011294,225,0
atitlan,2026-07-22,700950.0,1627050.0,-0.0815375,0.9572754,225,0
atitlan,2026-07-22,701250.0,1627050.0,0.11996542,7.905731,225,0
atitlan,2026-07-22,701550.0,1627050.0,0.2694713,13.10566,225,1
atitlan,2026-07-22,701850.0,1627050.0,0.24486914,13.623671,225,1
atitlan,2026-07-22,702150.0,1627050.0,0.2942448,17.119953,225,1
atitlan,2026-07-22,702450.0,1627050.0,0.29961047,18.106276,225,1
atitlan,2026-07-22,702750.0,1627050.0,0.27834675,18.055645,225,1
atitlan,2026-07-22,703050.0,1627050.0,0.28047693,18.252195,225,1
atitlan,2026-07-22,703350.0,1627050.0,0.22158334,13.798593,225,1
atitlan,2026-07-22,703650.0,1627050.0,0.18094602,11.170349,225,0
atitlan,2026-07-22,703950.0,1627050.0,0.12932298,8.472994,225,0
atitlan,2026-07-22,704250.0,1627050.0,0.1863258,10.47957,225,0
atitlan,2026-07-22,704550.0,1627050.0,0.2675531,15.385406,225,1
atitlan,2026-07-22,704850.0,1627050.0,0.2546237,15.592626,225,1
atitlan,2026-07-22,705150.0,1627050.0,0.16036426,9.692202,225,0
atitlan,2026-07-22,705450.0,1627050.0,0.23804255,13.00804,225,1
atitlan,2026-07-22,705750.0,1627050.0,0.218846,12.982336,225,1
atitlan,2026-07-22,706050.0,1627050.0,0.23430568,13.695826,225,1
atitlan,2026-07-22,706350.0,1627050.0,0.29232085,19.165285,225,1
atitlan,2026-07-22,706650.0,1627050.0,0.31199723,20.110323,225,1
atitlan,2026-07-22,706950.0,1627050.0,0.2983845,19.070734,225,1
atitlan,2026-07-22,707250.0,1627050.0,0.24878424,14.66533,225,1
atitlan,2026-07-22,707550.0,1627050.0,0.27243838,15.926507,225,1
atitlan,2026-07-22,707850.0,1627050.0,0.26748604,19.574387,45,1
atitlan,2026-07-22,680250.0,1627350.0,0.39486584,35.931812,180,1
atitlan,2026-07-22,680550.0,1627350.0,0.39522123,36.045208,225,1
atitlan,2026-07-22,680850.0,1627350.0,0.33351266,25.494215,225,1
atitlan,2026-07-22,681150.0,1627350.0,0.33027107,23.836046,225,1
atitlan,2026-07-22,681450.0,1627350.0,0.33617178,25.63012,225,1
atitlan,2026-07-22,681750.0,1627350.0,0.19315214,14.251447,225,1
atitlan,2026-07-22,682050.0,1627350.0,0.2270977,14.788304,225,1
atitlan,2026-07-22,682350.0,1627350.0,0.12603043,8.621409,225,0
atitlan,2026-07-22,682650.0,1627350.0,0.0543132,4.9660873,225,0
atitlan,2026-07-22,682950.0,1627350.0,0.1127015,5.432087,225,0
atitlan,2026-07-22,683250.0,1627350.0,0.17946431,6.9642735,225,0
atitlan,2026-07-22,683550.0,1627350.0,0.26438046,16.157232,225,1
atitlan,2026-07-22,683850.0,1627350.0,0.360591,27.617456,225,1
atitlan,2026-07-22,684150.0,1627350.0,0.31263262,19.618876,225,1
atitlan,2026-07-22,684450.0,1627350.0,0.2722134,15.654554,225,1
atitlan,2026-07-22,684750.0,1627350.0,0.24192248,13.744749,225,1
atitlan,2026-07-22,685050.0,1627350.0,0.24797098,15.3598795,225,1
atitlan,2026-07-22,685350.0,1627350.0,0.17810391,9.451693,225,0
atitlan,2026-07-22,685650.0,1627350.0,0.13588259,7.6722455,225,0
atitlan,2026-07-22,685950.0,1627350.0,0.01794594,4.2209835,225,0
atitlan,2026-07-22,686250.0,1627350.0,-0.074566685,1.2926029,225,0
atitlan,2026-07-22,686550.0,1627350.0,-0.08323442,0.8473359,225,0
atitlan,2026-07-22,686850.0,1627350.0,-0.08503136,0.7573927,225,0
atitlan,2026-07-22,687150.0,1627350.0,-0.08097698,0.96178764,225,0
atitlan,2026-07-22,687450.0,1627350.0,-0.085511416,0.6945706,225,0
atitlan,2026-07-22,687750.0,1627350.0,-0.08280294,0.8611952,225,0
atitlan,2026-07-22,688050.0,1627350.0,-0.08877242,0.5720842,225,0
atitlan,2026-07-22,688350.0,1627350.0,-0.08681145,0.6221954,225,0
atitlan,2026-07-22,688650.0,1627350.0,-0.08818682,0.6091337,225,0
atitlan,2026-07-22,688950.0,1627350.0,-0.08944091,0.52731776,225,0
atitlan,2026-07-22,689250.0,1627350.0,-0.09002244,0.49412093,225,0
atitlan,2026-07-22,689550.0,1627350.0,-0.09273129,0.3946467,225,0
atitlan,2026-07-22,689850.0,1627350.0,-0.09022026,0.48107,225,0
atitlan,2026-07-22,690150.0,1627350.0,-0.09057496,0.45104805,225,0
atitlan,2026-07-22,690450.0,1627350.0,-0.08893648,0.5580509,225,0
atitlan,2026-07-22,690750.0,1627350.0,-0.08257358,0.8457022,225,0
atitlan,2026-07-22,691050.0,1627350.0,-0.0887917,0.5630006,225,0
atitlan,2026-07-22,691350.0,1627350.0,-0.090323985,0.5226205,225,0
atitlan,2026-07-22,691650.0,1627350.0,-0.09061917,0.47197935,225,0
atitlan,2026-07-22,691950.0,1627350.0,-0.09221018,0.4201995,225,0
atitlan,2026-07-22,692250.0,1627350.0,-0.09247027,0.40692338,225,0
atitlan,2026-07-22,692550.0,1627350.0,-0.09361021,0.33229998,225,0
atitlan,2026-07-22,692850.0,1627350.0,-0.089576036,0.5161889,225,0
atitlan,2026-07-22,693150.0,1627350.0,-0.09199531,0.42718497,225,0
atitlan,2026-07-22,693450.0,1627350.0,-0.08977227,0.5151691,225,0
atitlan,2026-07-22,693750.0,1627350.0,-0.08387014,0.77858925,225,0
atitlan,2026-07-22,694050.0,1627350.0,-0.089059435,0.54358965,225,0
atitlan,2026-07-22,694350.0,1627350.0,-0.09115703,0.4576922,225,0
atitlan,2026-07-22,694650.0,1627350.0,-0.08730764,0.6386724,225,0
atitlan,2026-07-22,694950.0,1627350.0,-0.09378415,0.35328147,225,0
atitlan,2026-07-22,695250.0,1627350.0,-0.09255952,0.44612458,225,0
atitlan,2026-07-22,695550.0,1627350.0,-0.091599815,0.4608023,225,0
atitlan,2026-07-22,695850.0,1627350.0,-0.095724866,0.34211266,225,0
atitlan,2026-07-22,696150.0,1627350.0,-0.09605981,0.26989192,225,0
atitlan,2026-07-22,696450.0,1627350.0,-0.09728346,0.23227945,225,0
atitlan,2026-07-22,696750.0,1627350.0,-0.095887594,0.27755785,225,0
atitlan,2026-07-22,697050.0,1627350.0,-0.095096275,0.36665055,225,0
atitlan,2026-07-22,697350.0,1627350.0,-0.09041015,0.5256258,225,0
atitlan,2026-07-22,697650.0,1627350.0,-0.09245456,0.4494007,225,0
atitlan,2026-07-22,697950.0,1627350.0,-0.091803595,0.419286,225,0
atitlan,2026-07-22,698250.0,1627350.0,-0.08888954,0.5907286,225,0
atitlan,2026-07-22,698550.0,1627350.0,-0.08441764,0.8613727,225,0
atitlan,2026-07-22,698850.0,1627350.0,-0.0863386,0.7315372,225,0
atitlan,2026-07-22,699150.0,1627350.0,-0.08715627,0.6737277,225,0
atitlan,2026-07-22,699450.0,1627350.0,-0.090746395,0.56661475,225,0
atitlan,2026-07-22,699750.0,1627350.0,-0.089315,0.5795834,225,0
atitlan,2026-07-22,700050.0,1627350.0,-0.08684077,0.6909234,225,0
atitlan,2026-07-22,700350.0,1627350.0,-0.07909929,1.07165,225,0
atitlan,2026-07-22,700650.0,1627350.0,-0.07751526,1.1663878,225,0
atitlan,2026-07-22,700950.0,1627350.0,-0.07264373,1.4344162,225,0
atitlan,2026-07-22,701250.0,1627350.0,0.16413485,9.143064,225,0
atitlan,2026-07-22,701550.0,1627350.0,0.26005244,12.522003,225,1
atitlan,2026-07-22,701850.0,1627350.0,0.26757386,14.0801325,225,1
atitlan,2026-07-22,702150.0,1627350.0,0.29117802,16.362204,225,1
atitlan,2026-07-22,702450.0,1627350.0,0.25598302,14.668993,225,1
atitlan,2026-07-22,702750.0,1627350.0,0.2275752,13.798419,225,1
atitlan,2026-07-22,703050.0,1627350.0,0.27766836,17.37033,225,1
atitlan,2026-07-22,703350.0,1627350.0,0.2530105,16.245068,225,1
atitlan,2026-07-22,703650.0,1627350.0,0.21392347,14.3204565,225,1
atitlan,2026-07-22,703950.0,1627350.0,0.16516408,10.3749075,225,0
atitlan,2026-07-22,704250.0,1627350.0,0.22888927,15.019813,225,1
atitlan,2026-07-22,704550.0,1627350.0,0.15280949,9.526725,225,0
atitlan,2026-07-22,704850.0,1627350.0,0.11980458,7.527973,225,0
atitlan,2026-07-22,705150.0,1627350.0,0.22955714,14.119881,225,1
atitlan,2026-07-22,705450.0,1627350.0,0.261918,15.168716,225,1
atitlan,2026-07-22,705750.0,1627350.0,0.27688262,16.965313,225,1
atitlan,2026-07-22,706050.0,1627350.0,0.12318541,6.364632,225,0
atitlan,2026-07-22,706350.0,1627350.0,0.18349224,10.12921,225,0
atitlan,2026-07-22,706650.0,1627350.0,0.3285027,22.001629,225,1
atitlan,2026-07-22,706950.0,1627350.0,0.3161469,20.70929,225,1
atitlan,2026-07-22,707250.0,1627350.0,0.31786585,19.884848,225,1
atitlan,2026-07-22,707550.0,1627350.0,0.3041577,20.426037,225,1
atitlan,2026-07-22,707850.0,1627350.0,0.25996137,14.558481,45,1
atitlan,2026-07-22,680250.0,1627650.0,0.3884405,34.152462,180,1
atitlan,2026-07-22,680550.0,1627650.0,0.3865869,33.77562,225,1
atitlan,2026-07-22,680850.0,1627650.0,0.34215048,27.412437,225,1
atitlan,2026-07-22,681150.0,1627650.0,0.311371,23.605589,225,1
atitlan,2026-07-22,681450.0,1627650.0,0.30052054,23.23378,225,1
atitlan,2026-07-22,681750.0,1627650.0,0.27469337,21.613811,225,1
atitlan,2026-07-22,682050.0,1627650.0,0.11329994,8.995415,225,0
atitlan,2026-07-22,682350.0,1627650.0,0.16424608,11.9358015,225,0
atitlan,2026-07-22,682650.0,1627650.0,0.104550354,9.238088,225,0
atitlan,2026-07-22,682950.0,1627650.0,0.06620951,5.1550565,225,0
atitlan,2026-07-22,683250.0,1627650.0,0.13749242,8.662749,225,0
atitlan,2026-07-22,683550.0,1627650.0,0.23579015,15.891013,225,1
atitlan,2026-07-22,683850.0,1627650.0,0.3364172,27.600302,225,1
atitlan,2026-07-22,684150.0,1627650.0,0.29731673,20.288715,225,1
atitlan,2026-07-22,684450.0,1627650.0,0.26213104,15.113825,225,1
atitlan,2026-07-22,684750.0,1627650.0,0.27253225,15.635091,225,1
atitlan,2026-07-22,685050.0,1627650.0,0.2658427,17.475174,225,1
atitlan,2026-07-22,685350.0,1627650.0,0.2591854,16.417675,225,1
atitlan,2026-07-22,685650.0,1627650.0,0.21360292,13.940626,224,1
atitlan,2026-07-22,685950.0,1627650.0,0.21433361,13.87847,225,1
atitlan,2026-07-22,686250.0,1627650.0,0.080651015,6.445727,225,0
atitlan,2026-07-22,686550.0,1627650.0,-0.070292756,1.3441949,225,0
atitlan,2026-07-22,686850.0,1627650.0,-0.07881982,1.0740756,225,0
atitlan,2026-07-22,687150.0,1627650.0,-0.0761044,1.2386924,225,0
atitlan,2026-07-22,687450.0,1627650.0,-0.07778646,1.109735,225,0
atitlan,2026-07-22,687750.0,1627650.0,-0.0715004,1.4480841,225,0
atitlan,2026-07-22,688050.0,1627650.0,-0.07917267,1.0685077,225,0
atitlan,2026-07-22,688350.0,1627650.0,-0.07930833,1.0356642,225,0
atitlan,2026-07-22,688650.0,1627650.0,-0.0822123,0.8716934,225,0
atitlan,2026-07-22,688950.0,1627650.0,-0.08801087,0.5791616,225,0
atitlan,2026-07-22,689250.0,1627650.0,-0.089558005,0.514327,225,0
atitlan,2026-07-22,689550.0,1627650.0,-0.09144586,0.4554866,225,0
atitlan,2026-07-22,689850.0,1627650.0,-0.08888496,0.534388,225,0
atitlan,2026-07-22,690150.0,1627650.0,-0.08950576,0.5153617,225,0
atitlan,2026-07-22,690450.0,1627650.0,-0.09087648,0.45428288,225,0
atitlan,2026-07-22,690750.0,1627650.0,-0.08379977,0.7908545,225,0
atitlan,2026-07-22,691050.0,1627650.0,-0.082598895,0.83979756,225,0
atitlan,2026-07-22,691350.0,1627650.0,-0.08340643,0.83698386,225,0
atitlan,2026-07-22,691650.0,1627650.0,-0.08684535,0.6313022,225,0
atitlan,2026-07-22,691950.0,1627650.0,-0.08940116,0.53652936,225,0
atitlan,2026-07-22,692250.0,1627650.0,-0.09321903,0.3455535,225,0
atitlan,2026-07-22,692550.0,1627650.0,-0.088102624,0.57394093,225,0
atitlan,2026-07-22,692850.0,1627650.0,-0.08968516,0.5167583,225,0
atitlan,2026-07-22,693150.0,1627650.0,-0.09062705,0.50961953,225,0
atitlan,2026-07-22,693450.0,1627650.0,-0.09041244,0.5284718,225,0
atitlan,2026-07-22,693750.0,1627650.0,-0.085252084,0.76736635,225,0
atitlan,2026-07-22,694050.0,1627650.0,-0.08901847,0.54188246,225,0
atitlan,2026-07-22,694350.0,1627650.0,-0.09387873,0.3943774,225,0
atitlan,2026-07-22,694650.0,1627650.0,-0.09196614,0.47651577,225,0
atitlan,2026-07-22,694950.0,1627650.0,-0.08842302,0.57575506,225,0
atitlan,2026-07-22,695250.0,1627650.0,-0.08702092,0.62584233,225,0
atitlan,2026-07-22,695550.0,1627650.0,-0.08728907,0.69635254,225,0
atitlan,2026-07-22,695850.0,1627650.0,-0.08900533,0.5407138,225,0
atitlan,2026-07-22,696150.0,1627650.0,-0.089873426,0.50871205,225,0
atitlan,2026-07-22,696450.0,1627650.0,-0.090538874,0.50181484,225,0
atitlan,2026-07-22,696750.0,1627650.0,-0.08974155,0.50619096,225,0
atitlan,2026-07-22,697050.0,1627650.0,-0.09036213,0.519542,225,0
atitlan,2026-07-22,697350.0,1627650.0,-0.088628516,0.56284386,225,0
atitlan,2026-07-22,697650.0,1627650.0,-0.09316867,0.36583072,225,0
atitlan,2026-07-22,697950.0,1627650.0,-0.08751244,0.61558133,225,0
atitlan,2026-07-22,698250.0,1627650.0,-0.08310375,0.83258027,225,0
atitlan,2026-07-22,698550.0,1627650.0,-0.082974054,0.8494173,225,0
atitlan,2026-07-22,698850.0,1627650.0,-0.08301433,0.8738203,225,0
atitlan,2026-07-22,699150.0,1627650.0,-0.08037652,0.9949658,225,0
atitlan,2026-07-22,699450.0,1627650.0,-0.08343589,0.8459364,225,0
atitlan,2026-07-22,699750.0,1627650.0,-0.08086004,0.99644154,225,0
atitlan,2026-07-22,700050.0,1627650.0,-0.081980996,0.9142304,225,0
atitlan,2026-07-22,700350.0,1627650.0,-0.076499455,1.2019957,225,0
atitlan,2026-07-22,700650.0,1627650.0,-0.071254805,1.4669802,225,0
atitlan,2026-07-22,700950.0,1627650.0,-0.03908875,2.7059703,225,0
atitlan,2026-07-22,701250.0,1627650.0,0.22596115,13.099784,225,1
atitlan,2026-07-22,701550.0,1627650.0,0.27630544,14.264577,225,1
atitlan,2026-07-22,701850.0,1627650.0,0.24912986,12.289674,225,1
atitlan,2026-07-22,702150.0,1627650.0,0.25687903,14.701456,225,1
atitlan,2026-07-22,702450.0,1627650.0,0.26960352,16.727613,225,1
atitlan,2026-07-22,702750.0,1627650.0,0.23553185,14.251493,225,1
atitlan,2026-07-22,703050.0,1627650.0,0.21159846,11.716442,225,0
atitlan,2026-07-22,703350.0,1627650.0,0.22011533,13.564758,225,1
atitlan,2026-07-22,703650.0,1627650.0,0.22179106,13.8601265,225,1
atitlan,2026-07-22,703950.0,1627650.0,0.21777728,13.822684,225,1
atitlan,2026-07-22,704250.0,1627650.0,0.13683937,8.520125,225,0
atitlan,2026-07-22,704550.0,1627650.0,0.14980699,9.782814,225,0
atitlan,2026-07-22,704850.0,1627650.0,0.18054667,11.422385,225,0
atitlan,2026-07-22,705150.0,1627650.0,0.17052083,8.881266,225,0
atitlan,2026-07-22,705450.0,1627650.0,0.17538363,10.494585,225,0
atitlan,2026-07-22,705750.0,1627650.0,0.25271776,15.041935,225,1
atitlan,2026-07-22,706050.0,1627650.0,0.15740594,9.447368,225,0
atitlan,2026-07-22,706350.0,1627650.0,0.18480395,11.744833,225,0
atitlan,2026-07-22,706650.0,1627650.0,0.28758377,21.125963,225,1
atitlan,2026-07-22,706950.0,1627650.0,0.31718105,22.180187,225,1
atitlan,2026-07-22,707250.0,1627650.0,0.24022156,15.537591,225,1
atitlan,2026-07-22,707550.0,1627650.0,0.2920001,17.842524,225,1
atitlan,2026-07-22,707850.0,1627650.0,0.31925744,21.615969,45,1
atitlan,2026-07-22,680250.0,1627950.0,0.3768391,30.98394,180,1
atitlan,2026-07-22,680550.0,1627950.0,0.36313835,30.494095,225,1
atitlan,2026-07-22,680850.0,1627950.0,0.33324748,24.986885,225,1
atitlan,2026-07-22,681150.0,1627950.0,0.33833912,24.645306,225,1
atitlan,2026-07-22,681450.0,1627950.0,0.32998732,24.81409,225,1
atitlan,2026-07-22,681750.0,1627950.0,0.28904963,22.919056,225,1
atitlan,2026-07-22,682050.0,1627950.0,0.16167971,12.760389,225,1
atitlan,2026-07-22,682350.0,1627950.0,0.14365757,9.85697,225,0
atitlan,2026-07-22,682650.0,1627950.0,0.15943836,11.377251,225,0
atitlan,2026-07-22,682950.0,1627950.0,0.1753113,12.962588,225,1
atitlan,2026-07-22,683250.0,1627950.0,0.20742233,15.236476,225,1
atitlan,2026-07-22,683550.0,1627950.0,0.31740177,23.95272,225,1
atitlan,2026-07-22,683850.0,1627950.0,0.35952485,28.390186,225,1
atitlan,2026-07-22,684150.0,1627950.0,0.35181466,26.826855,225,1
atitlan,2026-07-22,684450.0,1627950.0,0.2612276,16.694717,225,1
atitlan,2026-07-22,684750.0,1627950.0,0.28822374,18.519402,225,1
atitlan,2026-07-22,685050.0,1627950.0,0.2840692,17.031668,225,1
atitlan,2026-07-22,685350.0,1627950.0,0.25845355,15.724106,225,1
atitlan,2026-07-22,685650.0,1627950.0,0.30383113,19.3022,225,1
atitlan,2026-07-22,685950.0,1627950.0,0.13192382,9.7929735,225,0
atitlan,2026-07-22,686250.0,1627950.0,0.15877484,10.66956,223,0
atitlan,2026-07-22,686550.0,1627950.0,0.06604744,6.3408246,225,0
atitlan,2026-07-22,686850.0,1627950.0,-0.071360946,1.4747955,225,0
atitlan,2026-07-22,687150.0,1627950.0,-0.069802165,1.4325356,225,0
atitlan,2026-07-22,687450.0,1627950.0,-0.073494695,1.3605279,225,0
atitlan,2026-07-22,687750.0,1627950.0,-0.07375001,1.344722,225,0
atitlan,2026-07-22,688050.0,1627950.0,-0.08005704,0.99067867,225,0
atitlan,2026-07-22,688350.0,1627950.0,-0.08192849,0.8937657,225,0
atitlan,2026-07-22,688650.0,1627950.0,-0.087625735,0.5879472,225,0
atitlan,2026-07-22,688950.0,1627950.0,-0.09159771,0.42755696,225,0
atitlan,2026-07-22,689250.0,1627950.0,-0.08729836,0.62390476,225,0
atitlan,2026-07-22,689550.0,1627950.0,-0.09020579,0.4975338,225,0
atitlan,2026-07-22,689850.0,1627950.0,-0.091917545,0.4398833,225,0
atitlan,2026-07-22,690150.0,1627950.0,-0.09158885,0.44544697,225,0
atitlan,2026-07-22,690450.0,1627950.0,-0.09302108,0.41300148,225,0
atitlan,2026-07-22,690750.0,1627950.0,-0.08767464,0.59378856,225,0
atitlan,2026-07-22,691050.0,1627950.0,-0.08432326,0.768753,225,0
atitlan,2026-07-22,691350.0,1627950.0,-0.08471181,0.7765382,225,0
atitlan,2026-07-22,691650.0,1627950.0,-0.087103024,0.66471577,225,0
atitlan,2026-07-22,691950.0,1627950.0,-0.09024016,0.52774554,225,0
atitlan,2026-07-22,692250.0,1627950.0,-0.09191618,0.41270393,225,0
atitlan,2026-07-22,692550.0,1627950.0,-0.091530085,0.48347464,225,0
atitlan,2026-07-22,692850.0,1627950.0,-0.08931082,0.5627778,225,0
atitlan,2026-07-22,693150.0,1627950.0,-0.08865211,0.5880388,225,0
atitlan,2026-07-22,693450.0,1627950.0,-0.089774445,0.54379195,225,0
atitlan,2026-07-22,693750.0,1627950.0,-0.0835445,0.82845914,225,0
atitlan,2026-07-22,694050.0,1627950.0,-0.08420667,0.7652526,225,0
atitlan,2026-07-22,694350.0,1627950.0,-0.08734819,0.64092,225,0
atitlan,2026-07-22,694650.0,1627950.0,-0.09243584,0.4357357,225,0
atitlan,2026-07-22,694950.0,1627950.0,-0.08789434,0.6611427,225,0
atitlan,2026-07-22,695250.0,1627950.0,-0.08394272,0.8006433,225,0
atitlan,2026-07-22,695550.0,1627950.0,-0.08109312,0.9435887,225,0
atitlan,2026-07-22,695850.0,1627950.0,-0.08559178,0.70507276,225,0
atitlan,2026-07-22,696150.0,1627950.0,-0.08562377,0.7071371,225,0
atitlan,2026-07-22,696450.0,1627950.0,-0.08603746,0.67506564,225,0
atitlan,2026-07-22,696750.0,1627950.0,-0.09188685,0.42079592,225,0
atitlan,2026-07-22,697050.0,1627950.0,-0.09416519,0.3789575,225,0
atitlan,2026-07-22,697350.0,1627950.0,-0.089929745,0.5187822,225,0
atitlan,2026-07-22,697650.0,1627950.0,-0.09024356,0.48402053,225,0
atitlan,2026-07-22,697950.0,1627950.0,-0.08966759,0.5444199,225,0
atitlan,2026-07-22,698250.0,1627950.0,-0.083968416,0.8264876,225,0
atitlan,2026-07-22,698550.0,1627950.0,-0.08346994,0.82898164,225,0
atitlan,2026-07-22,698850.0,1627950.0,-0.08252409,0.93893516,225,0
atitlan,2026-07-22,699150.0,1627950.0,-0.079067655,1.0835934,225,0
atitlan,2026-07-22,699450.0,1627950.0,-0.07387068,1.347783,225,0
atitlan,2026-07-22,699750.0,1627950.0,-0.069997616,1.5489589,225,0
atitlan,2026-07-22,700050.0,1627950.0,-0.07005006,1.5448352,225,0
atitlan,2026-07-22,700350.0,1627950.0,-0.0686619,1.6146665,225,0
atitlan,2026-07-22,700650.0,1627950.0,-0.06177603,1.9484087,225,0
atitlan,2026-07-22,700950.0,1627950.0,0.050464477,6.004694,225,0
atitlan,2026-07-22,701250.0,1627950.0,0.23577455,13.153593,225,1
atitlan,2026-07-22,701550.0,1627950.0,0.2457992,11.996371,225,0
atitlan,2026-07-22,701850.0,1627950.0,0.25583786,14.412665,225,1
atitlan,2026-07-22,702150.0,1627950.0,0.20528364,12.177685,225,1
atitlan,2026-07-22,702450.0,1627950.0,0.12022776,7.6490993,225,0
atitlan,2026-07-22,702750.0,1627950.0,0.2855751,18.751118,225,1
atitlan,2026-07-22,703050.0,1627950.0,0.1904507,10.312875,225,0
atitlan,2026-07-22,703350.0,1627950.0,0.19057749,12.0457735,225,1
atitlan,2026-07-22,703650.0,1627950.0,0.1245377,7.992671,225,0
atitlan,2026-07-22,703950.0,1627950.0,0.14519574,9.082544,225,0
atitlan,2026-07-22,704250.0,1627950.0,0.15225962,9.780739,225,0
atitlan,2026-07-22,704550.0,1627950.0,0.14265366,9.241154,225,0
atitlan,2026-07-22,704850.0,1627950.0,0.14875653,10.956568,225,0
atitlan,2026-07-22,705150.0,1627950.0,0.21293661,13.012909,225,1
atitlan,2026-07-22,705450.0,1627950.0,0.25961354,14.700296,225,1
atitlan,2026-07-22,705750.0,1627950.0,0.23850596,13.567789,225,1
atitlan,2026-07-22,706050.0,1627950.0,0.21419604,14.021556,225,1
atitlan,2026-07-22,706350.0,1627950.0,0.3342218,22.96709,225,1
atitlan,2026-07-22,706650.0,1627950.0,0.31163296,19.737919,225,1
atitlan,2026-07-22,706950.0,1627950.0,0.27081108,15.293295,225,1
atitlan,2026-07-22,707250.0,1627950.0,0.30570486,20.786036,225,1
atitlan,2026-07-22,707550.0,1627950.0,0.30668277,19.215492,225,1
atitlan,2026-07-22,707850.0,1627950.0,0.2988749,17.434986,45,1
atitlan,2026-07-22,680250.0,1628250.0,0.3537004,31.197433,180,1
atitlan,2026-07-22,680550.0,1628250.0,0.3474482,28.877222,225,1
atitlan,2026-07-22,680850.0,1628250.0,0.32747862,23.525826,225,1
atitlan,2026-07-22,681150.0,1628250.0,0.34372917,27.408728,225,1
atitlan,2026-07-22,681450.0,1628250.0,0.35263428,26.942007,225,1
atitlan,2026-07-22,681750.0,1628250.0,0.34936252,26.287659,225,1
atitlan,2026-07-22,682050.0,1628250.0,0.31687626,22.584356,225,1
atitlan,2026-07-22,682350.0,1628250.0,0.24869375,17.674213,225,1
atitlan,2026-07-22,682650.0,1628250.0,0.26214027,18.244123,225,1
atitlan,2026-07-22,682950.0,1628250.0,0.33290812,24.914074,225,1
atitlan,2026-07-22,683250.0,1628250.0,0.330808,24.34474,225,1
atitlan,2026-07-22,683550.0,1628250.0,0.36251506,29.639835,225,1
atitlan,2026-07-22,683850.0,1628250.0,0.35088998,26.052624,225,1
atitlan,2026-07-22,684150.0,1628250.0,0.34033793,25.627382,225,1
atitlan,2026-07-22,684450.0,1628250.0,0.32326654,22.183392,225,1
atitlan,2026-07-22,684750.0,1628250.0,0.31460375,20.60171,225,1
atitlan,2026-07-22,685050.0,1628250.0,0.3127597,20.595188,225,1
atitlan,2026-07-22,685350.0,1628250.0,0.27968773,17.080648,225,1
atitlan,2026-07-22,685650.0,1628250.0,0.2674568,17.520668,225,1
atitlan,2026-07-22,685950.0,1628250.0,0.04369596,5.112301,225,0
atitlan,2026-07-22,686250.0,1628250.0,0.22447509,14.552397,225,1
atitlan,2026-07-22,686550.0,1628250.0,0.18338546,11.17783,225,0
atitlan,2026-07-22,686850.0,1628250.0,-0.072883345,1.3155206,225,0
atitlan,2026-07-22,687150.0,1628250.0,0.055608053,5.8025975,225,0
atitlan,2026-07-22,687450.0,1628250.0,0.117746525,8.990926,225,0
atitlan,2026-07-22,687750.0,1628250.0,-0.040169057,2.3244696,225,0
atitlan,2026-07-22,688050.0,1628250.0,-0.041800037,2.3197942,225,0
atitlan,2026-07-22,688350.0,1628250.0,0.00033024786,3.7210243,225,0
atitlan,2026-07-22,688650.0,1628250.0,-0.012944355,4.6925983,225,0
atitlan,2026-07-22,688950.0,1628250.0,-0.086942054,0.6824339,225,0
atitlan,2026-07-22,689250.0,1628250.0,-0.0929161,0.40121874,225,0
atitlan,2026-07-22,689550.0,1628250.0,-0.09631881,0.26484263,225,0
atitlan,2026-07-22,689850.0,1628250.0,-0.09673446,0.25476587,225,0
atitlan,2026-07-22,690150.0,1628250.0,-0.09844113,0.18135794,225,0
atitlan,2026-07-22,690450.0,1628250.0,-0.096378885,0.23667207,225,0
atitlan,2026-07-22,690750.0,1628250.0,-0.09711338,0.22667587,225,0
atitlan,2026-07-22,691050.0,1628250.0,-0.08946538,0.5087043,225,0
atitlan,2026-07-22,691350.0,1628250.0,-0.08793761,0.6037209,225,0
atitlan,2026-07-22,691650.0,1628250.0,-0.08492158,0.7824162,225,0
atitlan,2026-07-22,691950.0,1628250.0,-0.08744041,0.6017977,225,0
atitlan,2026-07-22,692250.0,1628250.0,-0.08698647,0.6750178,225,0
atitlan,2026-07-22,692550.0,1628250.0,-0.08344526,0.8247315,225,0
atitlan,2026-07-22,692850.0,1628250.0,-0.08203914,0.8808138,225,0
atitlan,2026-07-22,693150.0,1628250.0,-0.08374035,0.8227869,225,0
atitlan,2026-07-22,693450.0,1628250.0,-0.086662896,0.63778454,225,0
atitlan,2026-07-22,693750.0,1628250.0,-0.09051279,0.5053959,225,0
atitlan,2026-07-22,694050.0,1628250.0,-0.09152369,0.46636677,225,0
atitlan,2026-07-22,694350.0,1628250.0,-0.08522319,0.7334369,225,0
atitlan,2026-07-22,694650.0,1628250.0,-0.08847066,0.56280166,225,0
atitlan,2026-07-22,694950.0,1628250.0,-0.08611832,0.7059701,225,0
atitlan,2026-07-22,695250.0,1628250.0,-0.08663317,0.7076345,225,0
atitlan,2026-07-22,695550.0,1628250.0,-0.08230241,0.84619415,225,0
atitlan,2026-07-22,695850.0,1628250.0,-0.085859686,0.7130339,225,0
atitlan,2026-07-22,696150.0,1628250.0,-0.086167224,0.67752326,225,0
atitlan,2026-07-22,696450.0,1628250.0,-0.0895446,0.5211211,225,0
atitlan,2026-07-22,696750.0,1628250.0,-0.091848426,0.45233375,225,0
atitlan,2026-07-22,697050.0,1628250.0,-0.09053447,0.4941658,225,0
atitlan,2026-07-22,697350.0,1628250.0,-0.089670636,0.5252739,225,0
atitlan,2026-07-22,697650.0,1628250.0,-0.088717304,0.6027166,225,0
atitlan,2026-07-22,697950.0,1628250.0,-0.087454125,0.64681256,225,0
atitlan,2026-07-22,698250.0,1628250.0,-0.08762011,0.6400376,225,0
atitlan,2026-07-22,698550.0,1628250.0,-0.08102737,0.951218,225,0
atitlan,2026-07-22,698850.0,1628250.0,-0.078617655,1.1020204,225,0
atitlan,2026-07-22,699150.0,1628250.0,-0.07694799,1.2064033,225,0
atitlan,2026-07-22,699450.0,1628250.0,-0.07605948,1.2202972,225,0
atitlan,2026-07-22,699750.0,1628250.0,-0.06867168,1.6179186,225,0
atitlan,2026-07-22,700050.0,1628250.0,-0.066225864,1.7510557,225,0
atitlan,2026-07-22,700350.0,1628250.0,-0.03347669,3.0017018,225,0
atitlan,2026-07-22,700650.0,1628250.0,-0.022145655,2.8908377,225,0
atitlan,2026-07-22,700950.0,1628250.0,0.12908421,8.209181,225,0
atitlan,2026-07-22,701250.0,1628250.0,0.23045352,11.455872,225,0
atitlan,2026-07-22,701550.0,1628250.0,0.23128285,11.927907,225,0
atitlan,2026-07-22,701850.0,1628250.0,0.2541154,14.215193,225,1
atitlan,2026-07-22,702150.0,1628250.0,0.28165838,17.229021,225,1
atitlan,2026-07-22,702450.0,1628250.0,0.25055885,16.217241,225,1
atitlan,2026-07-22,702750.0,1628250.0,0.32514018,21.955624,225,1
atitlan,2026-07-22,703050.0,1628250.0,0.22563772,14.210125,225,1
atitlan,2026-07-22,703350.0,1628250.0,0.1276827,6.8404474,225,0
atitlan,2026-07-22,703650.0,1628250.0,0.1895203,12.077178,225,1
atitlan,2026-07-22,703950.0,1628250.0,0.09415628,6.119566,225,0
atitlan,2026-07-22,704250.0,1628250.0,0.1213248,6.96962,225,0
atitlan,2026-07-22,704550.0,1628250.0,0.12950352,7.317405,225,0
atitlan,2026-07-22,704850.0,1628250.0,0.1446778,9.385988,225,0
atitlan,2026-07-22,705150.0,1628250.0,0.13779068,8.339022,225,0
atitlan,2026-07-22,705450.0,1628250.0,0.2099787,13.1397505,225,1
atitlan,2026-07-22,705750.0,1628250.0,0.2684156,16.601803,225,1
atitlan,2026-07-22,706050.0,1628250.0,0.25102693,15.5410385,225,1
atitlan,2026-07-22,706350.0,1628250.0,0.24893425,14.359052,225,1
atitlan,2026-07-22,706650.0,1628250.0,0.29905453,18.200178,225,1
atitlan,2026-07-22,706950.0,1628250.0,0.2849584,18.113543,225,1
atitlan,2026-07-22,707250.0,1628250.0,0.26492706,15.391546,225,1
atitlan,2026-07-22,707550.0,1628250.0,0.3121212,19.20669,225,1
atitlan,2026-07-22,707850.0,1628250.0,0.3155858,19.639402,45,1
atitlan,2026-07-22,680250.0,1628550.0,0.37648213,31.50801,180,1
atitlan,2026-07-22,680550.0,1628550.0,0.34982407,27.80437,225,1
atitlan,2026-07-22,680850.0,1628550.0,0.3630592,28.792398,225,1
atitlan,2026-07-22,681150.0,1628550.0,0.37485465,31.366385,225,1
atitlan,2026-07-22,681450.0,1628550.0,0.3127223,21.67725,225,1
atitlan,2026-07-22,681750.0,1628550.0,0.31170702,24.19696,225,1
atitlan,2026-07-22,682050.0,1628550.0,0.20529139,15.110484,225,1
atitlan,2026-07-22,682350.0,1628550.0,0.29362446,21.557182,225,1
atitlan,2026-07-22,682650.0,1628550.0,0.33409822,25.466383,225,1
atitlan,2026-07-22,682950.0,1628550.0,0.35698277,26.444387,225,1
atitlan,2026-07-22,683250.0,1628550.0,0.36716604,28.771427,225,1
atitlan,2026-07-22,683550.0,1628550.0,0.39867866,36.82151,225,1
atitlan,2026-07-22,683850.0,1628550.0,0.3880265,34.186634,225,1
atitlan,2026-07-22,684150.0,1628550.0,0.36330628,28.100365,225,1
atitlan,2026-07-22,684450.0,1628550.0,0.31877643,21.785238,225,1
atitlan,2026-07-22,684750.0,1628550.0,0.29420677,19.184448,225,1
atitlan,2026-07-22,685050.0,1628550.0,0.31096312,19.90234,225,1
atitlan,2026-07-22,685350.0,1628550.0,0.30335662,19.664373,225,1
atitlan,2026-07-22,685650.0,1628550.0,0.28229648,22.627707,224,1
atitlan,2026-07-22,685950.0,1628550.0,0.17666584,12.720251,225,1
atitlan,2026-07-22,686250.0,1628550.0,0.28079835,17.031828,225,1
atitlan,2026-07-22,686550.0,1628550.0,0.17251392,8.773321,225,0
atitlan,2026-07-22,686850.0,1628550.0,0.16972508,10.357492,225,0
atitlan,2026-07-22,687150.0,1628550.0,0.15701379,10.412114,225,0
atitlan,2026-07-22,687450.0,1628550.0,0.10884594,8.806245,225,0
atitlan,2026-07-22,687750.0,1628550.0,0.17162581,11.012855,225,0
atitlan,2026-07-22,688050.0,1628550.0,0.21947671,12.948006,225,1
atitlan,2026-07-22,688350.0,1628550.0,0.24043937,13.195064,225,1
atitlan,2026-07-22,688650.0,1628550.0,0.24011134,14.121311,225,1
atitlan,2026-07-22,688950.0,1628550.0,0.16867216,10.895869,225,0
atitlan,2026-07-22,689250.0,1628550.0,-0.051245343,2.3636208,224,0
atitlan,2026-07-22,689550.0,1628550.0,-0.09572406,0.314859,225,0
atitlan,2026-07-22,689850.0,1628550.0,-0.0969672,0.24541438,225,0
atitlan,2026-07-22,690150.0,1628550.0,-0.09516088,0.32701156,225,0
atitlan,2026-07-22,690450.0,1628550.0,-0.09766529,0.22186017,225,0
atitlan,2026-07-22,690750.0,1628550.0,-0.095874004,0.27510768,225,0
atitlan,2026-07-22,691050.0,1628550.0,-0.08773767,0.6188861,225,0
atitlan,2026-07-22,691350.0,1628550.0,-0.086060934,0.7000389,225,0
atitlan,2026-07-22,691650.0,1628550.0,-0.08144358,0.93108004,225,0
atitlan,2026-07-22,691950.0,1628550.0,-0.08254172,0.8795916,225,0
atitlan,2026-07-22,692250.0,1628550.0,-0.08177339,0.912127,225,0
atitlan,2026-07-22,692550.0,1628550.0,-0.08302075,0.8237326,225,0
atitlan,2026-07-22,692850.0,1628550.0,-0.0793734,1.040991,225,0
atitlan,2026-07-22,693150.0,1628550.0,-0.08331325,0.8310646,225,0
atitlan,2026-07-22,693450.0,1628550.0,-0.08800403,0.5682493,225,0
atitlan,2026-07-22,693750.0,1628550.0,-0.090454526,0.51666486,225,0
atitlan,2026-07-22,694050.0,1628550.0,-0.09275152,0.41146877,225,0
atitlan,2026-07-22,694350.0,1628550.0,-0.09059229,0.52878445,225,0
atitlan,2026-07-22,694650.0,1628550.0,-0.094262384,0.36454847,225,0
atitlan,2026-07-22,694950.0,1628550.0,-0.09100994,0.4884279,225,0
atitlan,2026-07-22,695250.0,1628550.0,-0.088140205,0.6406367,225,0
atitlan,2026-07-22,695550.0,1628550.0,-0.083442025,0.81687576,225,0
atitlan,2026-07-22,695850.0,1628550.0,-0.080134794,0.99400115,225,0
atitlan,2026-07-22,696150.0,1628550.0,-0.08409814,0.8058697,225,0
atitlan,2026-07-22,696450.0,1628550.0,-0.0848306,0.7274489,225,0
atitlan,2026-07-22,696750.0,1628550.0,-0.08698886,0.6511621,225,0
atitlan,2026-07-22,697050.0,1628550.0,-0.086834565,0.66918063,225,0
atitlan,2026-07-22,697350.0,1628550.0,-0.083112456,0.8430189,225,0
atitlan,2026-07-22,697650.0,1628550.0,-0.08730654,0.63339543,225,0
atitlan,2026-07-22,697950.0,1628550.0,-0.08593721,0.71088636,225,0
atitlan,2026-07-22,698250.0,1628550.0,-0.08880724,0.5840526,225,0
atitlan,2026-07-22,698550.0,1628550.0,-0.08490635,0.77269,225,0
atitlan,2026-07-22,698850.0,1628550.0,-0.079606384,1.0298699,225,0
atitlan,2026-07-22,699150.0,1628550.0,-0.0759714,1.2322133,225,0
atitlan,2026-07-22,699450.0,1628550.0,-0.07537735,1.2590845,225,0
atitlan,2026-07-22,699750.0,1628550.0,-0.07077606,1.5130013,225,0
atitlan,2026-07-22,700050.0,1628550.0,-0.03834109,2.51224,225,0
atitlan,2026-07-22,700350.0,1628550.0,0.1867132,10.543082,225,0
atitlan,2026-07-22,700650.0,1628550.0,0.12843361,8.402039,225,0
atitlan,2026-07-22,700950.0,1628550.0,0.07392285,5.7688513,225,0
atitlan,2026-07-22,701250.0,1628550.0,0.21375445,11.467826,225,0
atitlan,2026-07-22,701550.0,1628550.0,0.23970251,12.396611,225,1
atitlan,2026-07-22,701850.0,1628550.0,0.21706223,11.1284,225,0
atitlan,2026-07-22,702150.0,1628550.0,0.24084108,12.696732,225,1
atitlan,2026-07-22,702450.0,1628550.0,0.21146354,12.259142,225,1
atitlan,2026-07-22,702750.0,1628550.0,0.30788046,20.943623,225,1
atitlan,2026-07-22,703050.0,1628550.0,0.24279542,15.167227,225,1
atitlan,2026-07-22,703350.0,1628550.0,0.13793856,8.876116,225,0
atitlan,2026-07-22,703650.0,1628550.0,0.22667253,14.3610525,225,1
atitlan,2026-07-22,703950.0,1628550.0,0.1443352,9.53937,225,0
atitlan,2026-07-22,704250.0,1628550.0,0.10026315,5.924956,225,0
atitlan,2026-07-22,704550.0,1628550.0,0.14856169,7.793609,225,0
atitlan,2026-07-22,704850.0,1628550.0,0.13482906,8.791162,225,0
atitlan,2026-07-22,705150.0,1628550.0,0.2355151,15.599618,225,1
atitlan,2026-07-22,705450.0,1628550.0,0.21697539,14.905812,225,1
atitlan,2026-07-22,705750.0,1628550.0,0.33065262,23.027748,225,1
atitlan,2026-07-22,706050.0,1628550.0,0.2837752,17.83438,225,1
atitlan,2026-07-22,706350.0,1628550.0,0.27726367,19.940813,225,1
atitlan,2026-07-22,706650.0,1628550.0,0.28257662,16.3859,225,1
atitlan,2026-07-22,706950.0,1628550.0,0.3090628,19.649414,225,1
atitlan,2026-07-22,707250.0,1628550.0,0.29529932,20.04429,225,1
atitlan,2026-07-22,707550.0,1628550.0,0.28191534,17.518911,225,1
atitlan,2026-07-22,707850.0,1628550.0,0.29546613,17.534454,45,1
atitlan,2026-07-22,680250.0,1628850.0,0.35761872,27.644726,180,1
atitlan,2026-07-22,680550.0,1628850.0,0.37901562,32.590446,225,1
atitlan,2026-07-22,680850.0,1628850.0,0.3464826,26.497713,225,1
atitlan,2026-07-22,681150.0,1628850.0,0.386484,34.069958,225,1
atitlan,2026-07-22,681450.0,1628850.0,0.28851148,16.780363,225,1
atitlan,2026-07-22,681750.0,1628850.0,0.27048042,18.384125,225,1
atitlan,2026-07-22,682050.0,1628850.0,0.25243455,17.093393,225,1
atitlan,2026-07-22,682350.0,1628850.0,0.3273842,25.87281,225,1
atitlan,2026-07-22,682650.0,1628850.0,0.35966018,28.666714,225,1
atitlan,2026-07-22,682950.0,1628850.0,0.37214422,30.19381,225,1
atitlan,2026-07-22,683250.0,1628850.0,0.38503903,33.55127,225,1
atitlan,2026-07-22,683550.0,1628850.0,0.3649713,31.086298,225,1
atitlan,2026-07-22,683850.0,1628850.0,0.38574883,33.499172,225,1
atitlan,2026-07-22,684150.0,1628850.0,0.38345364,34.597286,225,1
atitlan,2026-07-22,684450.0,1628850.0,0.35670206,27.382769,225,1
atitlan,2026-07-22,684750.0,1628850.0,0.33050883,23.293531,225,1
atitlan,2026-07-22,685050.0,1628850.0,0.30085367,19.315456,225,1
atitlan,2026-07-22,685350.0,1628850.0,0.33122885,22.984703,225,1
atitlan,2026-07-22,685650.0,1628850.0,0.3249677,24.401402,225,1
atitlan,2026-07-22,685950.0,1628850.0,0.32677492,21.868845,225,1
atitlan,2026-07-22,686250.0,1628850.0,0.26412994,15.804035,225,1
atitlan,2026-07-22,686550.0,1628850.0,0.21666154,10.281539,225,0
atitlan,2026-07-22,686850.0,1628850.0,0.24494994,13.554819,225,1
atitlan,2026-07-22,687150.0,1628850.0,0.23609798,15.403001,225,1
atitlan,2026-07-22,687450.0,1628850.0,0.23333989,15.329557,225,1
atitlan,2026-07-22,687750.0,1628850.0,0.19363295,12.263672,225,1
atitlan,2026-07-22,688050.0,1628850.0,0.30397534,17.997864,225,1
atitlan,2026-07-22,688350.0,1628850.0,0.27151254,15.177733,225,1
atitlan,2026-07-22,688650.0,1628850.0,0.26265848,13.791501,225,1
atitlan,2026-07-22,688950.0,1628850.0,0.16278154,7.502357,225,0
atitlan,2026-07-22,689250.0,1628850.0,-0.026586665,2.972689,225,0
atitlan,2026-07-22,689550.0,1628850.0,-0.08719662,0.6446074,225,0
atitlan,2026-07-22,689850.0,1628850.0,-0.08898237,0.58839965,225,0
atitlan,2026-07-22,690150.0,1628850.0,-0.080818444,0.84784514,225,0
atitlan,2026-07-22,690450.0,1628850.0,-0.09029722,0.5491892,225,0
atitlan,2026-07-22,690750.0,1628850.0,-0.093615636,0.38750854,225,0
atitlan,2026-07-22,691050.0,1628850.0,-0.08739325,0.64586806,225,0
atitlan,2026-07-22,691350.0,1628850.0,-0.09090373,0.4379224,225,0
atitlan,2026-07-22,691650.0,1628850.0,-0.08653546,0.68366945,225,0
atitlan,2026-07-22,691950.0,1628850.0,-0.082946435,0.8527762,225,0
atitlan,2026-07-22,692250.0,1628850.0,-0.08028027,0.9944028,225,0
atitlan,2026-07-22,692550.0,1628850.0,-0.080328405,0.988814,225,0
atitlan,2026-07-22,692850.0,1628850.0,-0.07896446,1.0462904,225,0
atitlan,2026-07-22,693150.0,1628850.0,-0.08272314,0.8782835,225,0
atitlan,2026-07-22,693450.0,1628850.0,-0.08669464,0.69771403,225,0
atitlan,2026-07-22,693750.0,1628850.0,-0.08908174,0.5721521,225,0
atitlan,2026-07-22,694050.0,1628850.0,-0.0835377,0.8105145,225,0
atitlan,2026-07-22,694350.0,1628850.0,-0.08698753,0.64954364,225,0
atitlan,2026-07-22,694650.0,1628850.0,-0.08684372,0.65768397,225,0
atitlan,2026-07-22,694950.0,1628850.0,-0.08610599,0.7021652,225,0
atitlan,2026-07-22,695250.0,1628850.0,-0.08596542,0.71703714,225,0
atitlan,2026-07-22,695550.0,1628850.0,-0.08041984,1.0043461,225,0
atitlan,2026-07-22,695850.0,1628850.0,-0.08194498,0.89325744,225,0
atitlan,2026-07-22,696150.0,1628850.0,-0.08226264,0.8651929,225,0
atitlan,2026-07-22,696450.0,1628850.0,-0.08565136,0.6942507,225,0
atitlan,2026-07-22,696750.0,1628850.0,-0.08465666,0.7511917,225,0
atitlan,2026-07-22,697050.0,1628850.0,-0.08525818,0.74105084,225,0
atitlan,2026-07-22,697350.0,1628850.0,-0.0856444,0.732014,225,0
atitlan,2026-07-22,697650.0,1628850.0,-0.086754605,0.6274862,225,0
atitlan,2026-07-22,697950.0,1628850.0,-0.089160755,0.5263959,225,0
atitlan,2026-07-22,698250.0,1628850.0,-0.08486727,0.7600616,225,0
atitlan,2026-07-22,698550.0,1628850.0,-0.085706264,0.6939262,225,0
atitlan,2026-07-22,698850.0,1628850.0,-0.082318835,0.87947834,225,0
atitlan,2026-07-22,699150.0,1628850.0,-0.07958289,1.0437638,225,0
atitlan,2026-07-22,699450.0,1628850.0,-0.08024112,0.99275166,225,0
atitlan,2026-07-22,699750.0,1628850.0,-0.07536697,1.2503605,225,0
atitlan,2026-07-22,700050.0,1628850.0,0.040621564,5.239514,225,0
atitlan,2026-07-22,700350.0,1628850.0,0.18774226,8.638217,225,0
atitlan,2026-07-22,700650.0,1628850.0,0.17388622,8.0188055,225,0
atitlan,2026-07-22,700950.0,1628850.0,0.23671934,11.62792,225,0
atitlan,2026-07-22,701250.0,1628850.0,0.25978312,12.698468,225,1
atitlan,2026-07-22,701550.0,1628850.0,0.28270444,14.739023,225,1
atitlan,2026-07-22,701850.0,1628850.0,0.27186602,15.41762,225,1
atitlan,2026-07-22,702150.0,1628850.0,0.2554769,16.210634,225,1
atitlan,2026-07-22,702450.0,1628850.0,0.28817856,18.113464,225,1
atitlan,2026-07-22,702750.0,1628850.0,0.23202051,15.0529375,225,1
atitlan,2026-07-22,703050.0,1628850.0,0.21700612,15.311593,225,1
atitlan,2026-07-22,703350.0,1628850.0,0.17420587,10.087048,225,0
atitlan,2026-07-22,703650.0,1628850.0,0.18877722,12.066191,225,1
atitlan,2026-07-22,703950.0,1628850.0,0.15912086,10.403702,225,0
atitlan,2026-07-22,704250.0,1628850.0,0.1768871,10.849449,225,0
atitlan,2026-07-22,704550.0,1628850.0,0.21995778,14.16933,225,1
atitlan,2026-07-22,704850.0,1628850.0,0.22134408,14.574734,225,1
atitlan,2026-07-22,705150.0,1628850.0,0.23284584,14.920962,225,1
atitlan,2026-07-22,705450.0,1628850.0,0.28140667,17.242373,225,1
atitlan,2026-07-22,705750.0,1628850.0,0.31666934,20.610922,225,1
atitlan,2026-07-22,706050.0,1628850.0,0.3204604,22.548275,225,1
atitlan,2026-07-22,706350.0,1628850.0,0.26165694,15.474088,225,1
atitlan,2026-07-22,706650.0,1628850.0,0.2157518,13.999287,225,1
atitlan,2026-07-22,706950.0,1628850.0,0.20118503,12.83295,225,1
atitlan,2026-07-22,707250.0,1628850.0,0.28199893,18.50858,225,1
atitlan,2026-07-22,707550.0,1628850.0,0.28740397,19.001905,225,1
atitlan,2026-07-22,707850.0,1628850.0,0.31800842,23.640411,45,1
atitlan,2026-07-22,680250.0,1629150.0,0.38065228,32.051884,180,1
atitlan,2026-07-22,680550.0,1629150.0,0.37219387,30.170122,225,1
atitlan,2026-07-22,680850.0,1629150.0,0.3209418,22.928007,225,1
atitlan,2026-07-22,681150.0,1629150.0,0.3626932,28.271572,225,1
atitlan,2026-07-22,681450.0,1629150.0,0.3342024,24.833261,225,1
atitlan,2026-07-22,681750.0,1629150.0,0.3191807,23.91602,225,1
atitlan,2026-07-22,682050.0,1629150.0,0.31198078,23.951073,225,1
atitlan,2026-07-22,682350.0,1629150.0,0.36136174,28.366863,225,1
atitlan,2026-07-22,682650.0,1629150.0,0.37382308,30.863798,225,1
atitlan,2026-07-22,682950.0,1629150.0,0.37323007,30.039629,225,1
atitlan,2026-07-22,683250.0,1629150.0,0.3755224,30.585407,225,1
atitlan,2026-07-22,683550.0,1629150.0,0.3854116,33.23062,225,1
atitlan,2026-07-22,683850.0,1629150.0,0.383474,32.823013,225,1
atitlan,2026-07-22,684150.0,1629150.0,0.3855639,33.33711,225,1
atitlan,2026-07-22,684450.0,1629150.0,0.36128023,27.992426,225,1
atitlan,2026-07-22,684750.0,1629150.0,0.3514297,26.580046,225,1
atitlan,2026-07-22,685050.0,1629150.0,0.32504815,23.803064,225,1
atitlan,2026-07-22,685350.0,1629150.0,0.34008926,25.164867,225,1
atitlan,2026-07-22,685650.0,1629150.0,0.34024623,24.506758,225,1
atitlan,2026-07-22,685950.0,1629150.0,0.33261344,22.988474,225,1
atitlan,2026-07-22,686250.0,1629150.0,0.32797784,21.852205,225,1
atitlan,2026-07-22,686550.0,1629150.0,0.3013101,19.243181,225,1
atitlan,2026-07-22,686850.0,1629150.0,0.29753137,17.340057,225,1
atitlan,2026-07-22,687150.0,1629150.0,0.30963057,20.933435,225,1
atitlan,2026-07-22,687450.0,1629150.0,0.33071896,22.884802,225,1
atitlan,2026-07-22,687750.0,1629150.0,0.31217596,19.851612,225,1
atitlan,2026-07-22,688050.0,1629150.0,0.30939636,18.272282,225,1
atitlan,2026-07-22,688350.0,1629150.0,0.3288488,21.657526,225,1
atitlan,2026-07-22,688650.0,1629150.0,0.27938208,16.91559,225,1
atitlan,2026-07-22,688950.0,1629150.0,0.19113491,10.865636,225,0
atitlan,2026-07-22,689250.0,1629150.0,0.09945838,7.9589777,224,0
atitlan,2026-07-22,689550.0,1629150.0,-0.05443741,2.3237007,225,0
atitlan,2026-07-22,689850.0,1629150.0,-0.030801674,3.0907936,225,0
atitlan,2026-07-22,690150.0,1629150.0,0.10428948,7.1019077,225,0
atitlan,2026-07-22,690450.0,1629150.0,0.0364374,5.947402,225,0
atitlan,2026-07-22,690750.0,1629150.0,-0.08041281,1.0043589,225,0
atitlan,2026-07-22,691050.0,1629150.0,-0.08239699,0.8918654,225,0
atitlan,2026-07-22,691350.0,1629150.0,-0.08149503,0.97284526,225,0
atitlan,2026-07-22,691650.0,1629150.0,-0.081454575,0.97265047,225,0
atitlan,2026-07-22,691950.0,1629150.0,-0.07638441,1.201172,225,0
atitlan,2026-07-22,692250.0,1629150.0,-0.07477201,1.2833091,225,0
atitlan,2026-07-22,692550.0,1629150.0,-0.07382756,1.3340209,225,0
atitlan,2026-07-22,692850.0,1629150.0,-0.07461382,1.2933539,225,0
atitlan,2026-07-22,693150.0,1629150.0,-0.078030996,1.0993093,225,0
atitlan,2026-07-22,693450.0,1629150.0,-0.077943616,1.1146339,225,0
atitlan,2026-07-22,693750.0,1629150.0,-0.08266425,0.8743496,225,0
atitlan,2026-07-22,694050.0,1629150.0,-0.08467027,0.790231,225,0
atitlan,2026-07-22,694350.0,1629150.0,-0.08686399,0.6704342,225,0
atitlan,2026-07-22,694650.0,1629150.0,-0.08574333,0.68941236,225,0
atitlan,2026-07-22,694950.0,1629150.0,-0.08472279,0.74433404,225,0
atitlan,2026-07-22,695250.0,1629150.0,-0.083688416,0.79477906,225,0
atitlan,2026-07-22,695550.0,1629150.0,-0.08371439,0.79457444,225,0
atitlan,2026-07-22,695850.0,1629150.0,-0.08171617,0.89115626,225,0
atitlan,2026-07-22,696150.0,1629150.0,-0.0812183,0.9158277,225,0
atitlan,2026-07-22,696450.0,1629150.0,-0.08536615,0.6892834,225,0
atitlan,2026-07-22,696750.0,1629150.0,-0.0878316,0.5909627,225,0
atitlan,2026-07-22,697050.0,1629150.0,-0.08155761,0.9235093,225,0
atitlan,2026-07-22,697350.0,1629150.0,-0.08605476,0.7184855,225,0
atitlan,2026-07-22,697650.0,1629150.0,-0.08744265,0.6167426,225,0
atitlan,2026-07-22,697950.0,1629150.0,-0.090344384,0.4600003,225,0
atitlan,2026-07-22,698250.0,1629150.0,-0.082307704,0.92682004,225,0
atitlan,2026-07-22,698550.0,1629150.0,-0.08364643,0.83323663,225,0
atitlan,2026-07-22,698850.0,1629150.0,-0.079882465,1.015837,225,0
atitlan,2026-07-22,699150.0,1629150.0,-0.082004264,0.8885834,225,0
atitlan,2026-07-22,699450.0,1629150.0,-0.079529375,1.0253315,225,0
atitlan,2026-07-22,699750.0,1629150.0,-0.07007543,1.477146,225,0
atitlan,2026-07-22,700050.0,1629150.0,0.15860718,9.355155,225,0
atitlan,2026-07-22,700350.0,1629150.0,0.24856102,11.450763,225,0
atitlan,2026-07-22,700650.0,1629150.0,0.2067806,9.293187,225,0
atitlan,2026-07-22,700950.0,1629150.0,0.2534677,12.07067,225,1
atitlan,2026-07-22,701250.0,1629150.0,0.26399618,12.706667,225,1
atitlan,2026-07-22,701550.0,1629150.0,0.25149047,14.538339,225,1
atitlan,2026-07-22,701850.0,1629150.0,0.21959597,12.670506,225,1
atitlan,2026-07-22,702150.0,1629150.0,0.19753978,11.4174595,225,0
atitlan,2026-07-22,702450.0,1629150.0,0.31579354,20.657946,225,1
atitlan,2026-07-22,702750.0,1629150.0,0.30547383,20.930834,225,1
atitlan,2026-07-22,703050.0,1629150.0,0.16296682,10.383724,225,0
atitlan,2026-07-22,703350.0,1629150.0,0.13229625,7.6594043,225,0
atitlan,2026-07-22,703650.0,1629150.0,0.12591816,8.332671,225,0
atitlan,2026-07-22,703950.0,1629150.0,0.13816914,9.83221,225,0
atitlan,2026-07-22,704250.0,1629150.0,0.27690452,17.187975,225,1
atitlan,2026-07-22,704550.0,1629150.0,0.1216703,7.0306597,225,0
atitlan,2026-07-22,704850.0,1629150.0,0.11732312,6.3113174,225,0
atitlan,2026-07-22,705150.0,1629150.0,0.14167099,8.584043,225,0
atitlan,2026-07-22,705450.0,1629150.0,0.29719216,17.792162,225,1
atitlan,2026-07-22,705750.0,1629150.0,0.33089232,22.795153,225,1
atitlan,2026-07-22,706050.0,1629150.0,0.2974628,19.998629,225,1
atitlan,2026-07-22,706350.0,1629150.0,0.24270752,16.357496,225,1
atitlan,2026-07-22,706650.0,1629150.0,0.24641661,15.916879,225,1
atitlan,2026-07-22,706950.0,1629150.0,0.14364855,9.706616,225,0
atitlan,2026-07-22,707250.0,1629150.0,0.25253555,15.761741,225,1
atitlan,2026-07-22,707550.0,1629150.0,0.19868092,12.755648,225,1
atitlan,2026-07-22,707850.0,1629150.0,0.2526374,16.517063,45,1
atitlan,2026-07-22,680250.0,1629450.0,0.3754411,31.641243,180,1
atitlan,2026-07-22,680550.0,1629450.0,0.37752464,31.392237,225,1
atitlan,2026-07-22,680850.0,1629450.0,0.3427225,25.643015,225,1
atitlan,2026-07-22,681150.0,1629450.0,0.3695826,29.516918,225,1
atitlan,2026-07-22,681450.0,1629450.0,0.37947318,32.10379,225,1
atitlan,2026-07-22,681750.0,1629450.0,0.3250255,27.5947,225,1
atitlan,2026-07-22,682050.0,1629450.0,0.2842984,20.523842,225,1
atitlan,2026-07-22,682350.0,1629450.0,0.33312264,24.78087,225,1
atitlan,2026-07-22,682650.0,1629450.0,0.37174264,29.754133,225,1
atitlan,2026-07-22,682950.0,1629450.0,0.36135086,27.846537,225,1
atitlan,2026-07-22,683250.0,1629450.0,0.37264487,29.770102,225,1
atitlan,2026-07-22,683550.0,1629450.0,0.38447818,32.902477,225,1
atitlan,2026-07-22,683850.0,1629450.0,0.37476122,31.237259,225,1
atitlan,2026-07-22,684150.0,1629450.0,0.37914032,31.941694,225,1
atitlan,2026-07-22,684450.0,1629450.0,0.34969229,27.03134,225,1
atitlan,2026-07-22,684750.0,1629450.0,0.390101,34.615013,225,1
atitlan,2026-07-22,685050.0,1629450.0,0.3493165,28.587626,225,1
atitlan,2026-07-22,685350.0,1629450.0,0.3416146,26.851755,225,1
atitlan,2026-07-22,685650.0,1629450.0,0.34106562,26.082703,225,1
atitlan,2026-07-22,685950.0,1629450.0,0.3315415,23.088587,225,1
atitlan,2026-07-22,686250.0,1629450.0,0.32870626,22.41429,225,1
atitlan,2026-07-22,686550.0,1629450.0,0.3069406,18.983238,225,1
atitlan,2026-07-22,686850.0,1629450.0,0.3240928,21.317566,225,1
atitlan,2026-07-22,687150.0,1629450.0,0.32595164,22.5654,225,1
atitlan,2026-07-22,687450.0,1629450.0,0.33876052,23.529722,225,1
atitlan,2026-07-22,687750.0,1629450.0,0.32727587,21.388945,225,1
atitlan,2026-07-22,688050.0,1629450.0,0.3147601,19.613039,225,1
atitlan,2026-07-22,688350.0,1629450.0,0.29055128,17.18983,225,1
atitlan,2026-07-22,688650.0,1629450.0,0.2179241,13.249079,225,1
atitlan,2026-07-22,688950.0,1629450.0,0.15890397,10.088376,225,0
atitlan,2026-07-22,689250.0,1629450.0,0.19362164,12.820426,225,1
atitlan,2026-07-22,689550.0,1629450.0,0.24032721,15.885294,225,1
atitlan,2026-07-22,689850.0,1629450.0,0.27781472,15.373102,225,1
atitlan,2026-07-22,690150.0,1629450.0,0.24196959,12.580868,225,1
atitlan,2026-07-22,690450.0,1629450.0,0.26752228,14.666937,225,1
atitlan,2026-07-22,690750.0,1629450.0,0.23053311,13.151303,225,1
atitlan,2026-07-22,691050.0,1629450.0,0.13138343,8.352259,225,0
atitlan,2026-07-22,691350.0,1629450.0,-0.065694235,1.7195871,225,0
atitlan,2026-07-22,691650.0,1629450.0,-0.071818635,1.4646047,225,0
atitlan,2026-07-22,691950.0,1629450.0,-0.07205908,1.4602798,225,0
atitlan,2026-07-22,692250.0,1629450.0,-0.07259471,1.4075823,225,0
atitlan,2026-07-22,692550.0,1629450.0,-0.07094552,1.5194339,225,0
atitlan,2026-07-22,692850.0,1629450.0,-0.07389402,1.3285451,225,0
atitlan,2026-07-22,693150.0,1629450.0,-0.07455216,1.2888694,225,0
atitlan,2026-07-22,693450.0,1629450.0,-0.07717839,1.1514515,225,0
atitlan,2026-07-22,693750.0,1629450.0,-0.078326,1.0852089,225,0
atitlan,2026-07-22,694050.0,1629450.0,-0.08029453,0.97662693,225,0
atitlan,2026-07-22,694350.0,1629450.0,-0.08386718,0.8057847,225,0
atitlan,2026-07-22,694650.0,1629450.0,-0.08598185,0.6566058,225,0
atitlan,2026-07-22,694950.0,1629450.0,-0.08661807,0.6094123,225,0
atitlan,2026-07-22,695250.0,1629450.0,-0.083431974,0.7689114,225,0
atitlan,2026-07-22,695550.0,1629450.0,-0.081288785,0.90520835,225,0
atitlan,2026-07-22,695850.0,1629450.0,-0.08096457,0.9248949,225,0
atitlan,2026-07-22,696150.0,1629450.0,-0.08329587,0.8237769,225,0
atitlan,2026-07-22,696450.0,1629450.0,-0.08947439,0.4518796,225,0
atitlan,2026-07-22,696750.0,1629450.0,-0.09030873,0.43668714,225,0
atitlan,2026-07-22,697050.0,1629450.0,-0.07950161,1.020055,225,0
atitlan,2026-07-22,697350.0,1629450.0,-0.08639456,0.70715237,225,0
atitlan,2026-07-22,697650.0,1629450.0,-0.08539479,0.73250467,225,0
atitlan,2026-07-22,697950.0,1629450.0,-0.08280752,0.9361104,225,0
atitlan,2026-07-22,698250.0,1629450.0,-0.08061087,0.98626065,225,0
atitlan,2026-07-22,698550.0,1629450.0,-0.062902704,1.721191,225,0
atitlan,2026-07-22,698850.0,1629450.0,-0.042306665,2.626665,225,0
atitlan,2026-07-22,699150.0,1629450.0,-0.05276517,1.9872543,225,0
atitlan,2026-07-22,699450.0,1629450.0,0.010486389,4.8417,225,0
atitlan,2026-07-22,699750.0,1629450.0,0.16447054,10.471748,225,0
atitlan,2026-07-22,700050.0,1629450.0,0.24350066,13.038746,225,1
atitlan,2026-07-22,700350.0,1629450.0,0.27672213,14.370419,225,1
atitlan,2026-07-22,700650.0,1629450.0,0.22493131,12.596074,225,1
atitlan,2026-07-22,700950.0,1629450.0,0.26700598,15.951265,225,1
atitlan,2026-07-22,701250.0,1629450.0,0.22479843,14.446773,225,1
atitlan,2026-07-22,701550.0,1629450.0,0.16725582,9.747581,225,0
atitlan,2026-07-22,701850.0,1629450.0,0.18218492,9.82181,225,0
atitlan,2026-07-22,702150.0,1629450.0,0.18974516,11.168044,225,0
atitlan,2026-07-22,702450.0,1629450.0,0.20341192,11.689336,225,0
atitlan,2026-07-22,702750.0,1629450.0,0.22756027,12.292125,225,1
atitlan,2026-07-22,703050.0,1629450.0,0.2173413,13.419787,225,1
atitlan,2026-07-22,703350.0,1629450.0,0.17137508,10.396716,225,0
atitlan,2026-07-22,703650.0,1629450.0,0.0919397,5.5413303,225,0
atitlan,2026-07-22,703950.0,1629450.0,0.137374,7.684405,225,0
atitlan,2026-07-22,704250.0,1629450.0,0.19815426,11.518363,225,0
atitlan,2026-07-22,704550.0,1629450.0,0.12850812,7.1739635,225,0
atitlan,2026-07-22,704850.0,1629450.0,0.1068383,5.5971365,225,0
atitlan,2026-07-22,705150.0,1629450.0,0.18768887,11.200088,225,0
atitlan,2026-07-22,705450.0,1629450.0,0.2801115,17.167358,225,1
atitlan,2026-07-22,705750.0,1629450.0,0.29554617,18.749384,225,1
atitlan,2026-07-22,706050.0,1629450.0,0.30412316,18.92822,225,1
atitlan,2026-07-22,706350.0,1629450.0,0.24402848,15.235289,225,1
atitlan,2026-07-22,706650.0,1629450.0,0.24871138,17.411789,225,1
atitlan,2026-07-22,706950.0,1629450.0,0.26162836,16.74431,225,1
atitlan,2026-07-22,707250.0,1629450.0,0.2523954,14.0388155,225,1
atitlan,2026-07-22,707550.0,1629450.0,0.22039135,12.803831,225,1
atitlan,2026-07-22,707850.0,1629450.0,0.25473768,16.164492,45,1
atitlan,2026-07-22,680250.0,1629750.0,0.36495507,28.70396,180,1
atitlan,2026-07-22,680550.0,1629750.0,0.36524525,29.560055,225,1
atitlan,2026-07-22,680850.0,1629750.0,0.33237857,26.624588,225,1
atitlan,2026-07-22,681150.0,1629750.0,0.38067612,34.830574,225,1
atitlan,2026-07-22,681450.0,1629750.0,0.38746348,37.31655,225,1
atitlan,2026-07-22,681750.0,1629750.0,0.40300217,39.08793,225,1
atitlan,2026-07-22,682050.0,1629750.0,0.3567465,31.172691,225,1
atitlan,2026-07-22,682350.0,1629750.0,0.3531083,28.409122,225,1
atitlan,2026-07-22,682650.0,1629750.0,0.3898399,34.17272,225,1
atitlan,2026-07-22,682950.0,1629750.0,0.37349564,30.2816,225,1
atitlan,2026-07-22,683250.0,1629750.0,0.37405246,30.294844,225,1
atitlan,2026-07-22,683550.0,1629750.0,0.38810408,33.65976,225,1
atitlan,2026-07-22,683850.0,1629750.0,0.37562194,31.21751,225,1
atitlan,2026-07-22,684150.0,1629750.0,0.38647848,33.392586,225,1
atitlan,2026-07-22,684450.0,1629750.0,0.35979617,30.379858,225,1
atitlan,2026-07-22,684750.0,1629750.0,0.38116857,32.42265,225,1
atitlan,2026-07-22,685050.0,1629750.0,0.34904253,26.960905,225,1
atitlan,2026-07-22,685350.0,1629750.0,0.36682853,30.02093,225,1
atitlan,2026-07-22,685650.0,1629750.0,0.36554703,28.776215,225,1
atitlan,2026-07-22,685950.0,1629750.0,0.3437953,24.857857,225,1
atitlan,2026-07-22,686250.0,1629750.0,0.37173477,30.502022,225,1
atitlan,2026-07-22,686550.0,1629750.0,0.365339,29.50937,225,1
atitlan,2026-07-22,686850.0,1629750.0,0.3599917,27.546715,225,1
atitlan,2026-07-22,687150.0,1629750.0,0.336917,23.420137,225,1
atitlan,2026-07-22,687450.0,1629750.0,0.34245527,23.699982,225,1
atitlan,2026-07-22,687750.0,1629750.0,0.3382069,23.091213,225,1
atitlan,2026-07-22,688050.0,1629750.0,0.3394916,24.483656,225,1
atitlan,2026-07-22,688350.0,1629750.0,0.30008215,20.742588,225,1
atitlan,2026-07-22,688650.0,1629750.0,0.2166861,14.561266,225,1
atitlan,2026-07-22,688950.0,1629750.0,0.25546616,16.179613,225,1
atitlan,2026-07-22,689250.0,1629750.0,0.2911181,16.89927,225,1
atitlan,2026-07-22,689550.0,1629750.0,0.28123304,16.510815,225,1
atitlan,2026-07-22,689850.0,1629750.0,0.303047,17.656855,225,1
atitlan,2026-07-22,690150.0,1629750.0,0.26270536,14.494324,225,1
atitlan,2026-07-22,690450.0,1629750.0,0.29476982,17.58957,225,1
atitlan,2026-07-22,690750.0,1629750.0,0.29745194,17.879787,225,1
atitlan,2026-07-22,691050.0,1629750.0,0.26085782,14.269375,225,1
atitlan,2026-07-22,691350.0,1629750.0,0.14595748,12.429422,225,1
atitlan,2026-07-22,691650.0,1629750.0,-0.052685224,2.2697842,225,0
atitlan,2026-07-22,691950.0,1629750.0,-0.053216316,2.226012,225,0
atitlan,2026-07-22,692250.0,1629750.0,-0.057136856,2.0851164,225,0
atitlan,2026-07-22,692550.0,1629750.0,-0.06427967,1.8326051,225,0
atitlan,2026-07-22,692850.0,1629750.0,-0.06729147,1.6669699,225,0
atitlan,2026-07-22,693150.0,1629750.0,-0.07448661,1.3141458,225,0
atitlan,2026-07-22,693450.0,1629750.0,-0.07217661,1.4337796,225,0
atitlan,2026-07-22,693750.0,1629750.0,-0.074730806,1.2871765,225,0
atitlan,2026-07-22,694050.0,1629750.0,-0.07463076,1.3032186,225,0
atitlan,2026-07-22,694350.0,1629750.0,-0.08029457,0.97930634,225,0
atitlan,2026-07-22,694650.0,1629750.0,-0.08548479,0.67642814,225,0
atitlan,2026-07-22,694950.0,1629750.0,-0.08781528,0.56051815,225,0
atitlan,2026-07-22,695250.0,1629750.0,-0.082726315,0.84059894,225,0
atitlan,2026-07-22,695550.0,1629750.0,-0.07893103,1.0576667,225,0
atitlan,2026-07-22,695850.0,1629750.0,-0.0782057,1.0993708,225,0
atitlan,2026-07-22,696150.0,1629750.0,-0.0781348,1.0876461,225,0
atitlan,2026-07-22,696450.0,1629750.0,-0.08257566,0.83704513,225,0
atitlan,2026-07-22,696750.0,1629750.0,-0.08684714,0.6090367,225,0
atitlan,2026-07-22,697050.0,1629750.0,-0.08412199,0.7865006,225,0
atitlan,2026-07-22,697350.0,1629750.0,-0.07863625,1.0713774,225,0
atitlan,2026-07-22,697650.0,1629750.0,-0.08333864,0.86463946,225,0
atitlan,2026-07-22,697950.0,1629750.0,-0.07833916,1.0965277,225,0
atitlan,2026-07-22,698250.0,1629750.0,0.003327223,4.9077554,225,0
atitlan,2026-07-22,698550.0,1629750.0,0.1407972,9.585193,225,0
atitlan,2026-07-22,698850.0,1629750.0,0.15178928,10.068401,225,0
atitlan,2026-07-22,699150.0,1629750.0,0.19842,11.978689,225,0
atitlan,2026-07-22,699450.0,1629750.0,0.2156895,10.401153,225,0
atitlan,2026-07-22,699750.0,1629750.0,0.2451144,11.4610405,225,0
atitlan,2026-07-22,700050.0,1629750.0,0.27442932,13.86923,225,1
atitlan,2026-07-22,700350.0,1629750.0,0.26450932,13.037773,225,1
atitlan,2026-07-22,700650.0,1629750.0,0.23709011,14.820036,225,1
atitlan,2026-07-22,700950.0,1629750.0,0.23633906,14.705418,225,1
atitlan,2026-07-22,701250.0,1629750.0,0.21057391,14.46685,225,1
atitlan,2026-07-22,701550.0,1629750.0,0.20274894,13.917387,225,1
atitlan,2026-07-22,701850.0,1629750.0,0.25140002,15.060634,225,1
atitlan,2026-07-22,702150.0,1629750.0,0.23451464,14.627504,225,1
atitlan,2026-07-22,702450.0,1629750.0,0.236992,13.341168,225,1
atitlan,2026-07-22,702750.0,1629750.0,0.23582593,13.739982,225,1
atitlan,2026-07-22,703050.0,1629750.0,0.19335069,11.283435,225,0
atitlan,2026-07-22,703350.0,1629750.0,0.15055779,8.374683,225,0
atitlan,2026-07-22,703650.0,1629750.0,0.15854579,8.739402,225,0
atitlan,2026-07-22,703950.0,1629750.0,0.15784883,9.349053,225,0
atitlan,2026-07-22,704250.0,1629750.0,0.13139175,6.850695,225,0
atitlan,2026-07-22,704550.0,1629750.0,0.14417343,8.5628805,225,0
atitlan,2026-07-22,704850.0,1629750.0,0.1798318,10.095736,225,0
atitlan,2026-07-22,705150.0,1629750.0,0.22561786,15.785466,225,1
atitlan,2026-07-22,705450.0,1629750.0,0.253627,16.341118,225,1
atitlan,2026-07-22,705750.0,1629750.0,0.28051627,19.187065,225,1
atitlan,2026-07-22,706050.0,1629750.0,0.22890322,13.860331,225,1
atitlan,2026-07-22,706350.0,1629750.0,0.3096782,19.78755,225,1
atitlan,2026-07-22,706650.0,1629750.0,0.24682161,16.922588,225,1
atitlan,2026-07-22,706950.0,1629750.0,0.2496187,15.98265,225,1
atitlan,2026-07-22,707250.0,1629750.0,0.22258061,11.8961525,225,0
atitlan,2026-07-22,707550.0,1629750.0,0.19808479,11.301402,225,0
atitlan,2026-07-22,707850.0,1629750.0,0.2912296,18.585133,45,1
atitlan,2026-07-22,680250.0,1630050.0,0.33419877,27.814672,180,1
atitlan,2026-07-22,680550.0,1630050.0,0.36382776,29.856167,225,1
atitlan,2026-07-22,680850.0,1630050.0,0.36261964,28.140482,225,1
atitlan,2026-07-22,681150.0,1630050.0,0.34456035,27.648293,225,1
atitlan,2026-07-22,681450.0,1630050.0,0.34313148,26.194977,225,1
atitlan,2026-07-22,681750.0,1630050.0,0.37227562,29.905642,225,1
atitlan,2026-07-22,682050.0,1630050.0,0.3703017,29.724718,225,1
atitlan,2026-07-22,682350.0,1630050.0,0.3427003,32.101444,225,1
atitlan,2026-07-22,682650.0,1630050.0,0.3805004,31.730984,225,1
atitlan,2026-07-22,682950.0,1630050.0,0.39668864,36.068733,225,1
atitlan,2026-07-22,683250.0,1630050.0,0.35939142,27.553646,225,1
atitlan,2026-07-22,683550.0,1630050.0,0.3926343,34.750595,225,1
atitlan,2026-07-22,683850.0,1630050.0,0.38115093,31.97426,225,1
atitlan,2026-07-22,684150.0,1630050.0,0.39378905,37.508335,225,1
atitlan,2026-07-22,684450.0,1630050.0,0.40524513,40.248356,225,1
atitlan,2026-07-22,684750.0,1630050.0,0.3628782,28.559277,225,1
atitlan,2026-07-22,685050.0,1630050.0,0.3669588,29.738852,225,1
atitlan,2026-07-22,685350.0,1630050.0,0.38580072,33.1335,225,1
atitlan,2026-07-22,685650.0,1630050.0,0.37594384,31.045885,225,1
atitlan,2026-07-22,685950.0,1630050.0,0.37096402,29.529716,225,1
atitlan,2026-07-22,686250.0,1630050.0,0.35453573,28.14103,225,1
atitlan,2026-07-22,686550.0,1630050.0,0.37073413,29.939077,225,1
atitlan,2026-07-22,686850.0,1630050.0,0.35357156,26.02667,225,1
atitlan,2026-07-22,687150.0,1630050.0,0.34037688,23.226763,225,1
atitlan,2026-07-22,687450.0,1630050.0,0.3363534,22.51592,225,1
atitlan,2026-07-22,687750.0,1630050.0,0.3617878,28.19837,225,1
atitlan,2026-07-22,688050.0,1630050.0,0.3523884,27.584785,225,1
atitlan,2026-07-22,688350.0,1630050.0,0.27455932,18.936924,225,1
atitlan,2026-07-22,688650.0,1630050.0,0.25921625,18.552599,225,1
atitlan,2026-07-22,688950.0,1630050.0,0.31816247,20.997185,225,1
atitlan,2026-07-22,689250.0,1630050.0,0.298801,16.978025,225,1
atitlan,2026-07-22,689550.0,1630050.0,0.30379742,18.538754,225,1
atitlan,2026-07-22,689850.0,1630050.0,0.2765521,17.529158,225,1
atitlan,2026-07-22,690150.0,1630050.0,0.27641588,16.314867,225,1
atitlan,2026-07-22,690450.0,1630050.0,0.2826903,16.6462,225,1
atitlan,2026-07-22,690750.0,1630050.0,0.307241,19.52697,225,1
atitlan,2026-07-22,691050.0,1630050.0,0.3004591,19.35397,225,1
atitlan,2026-07-22,691350.0,1630050.0,0.30381107,18.574045,225,1
atitlan,2026-07-22,691650.0,1630050.0,0.18516193,12.322362,225,1
atitlan,2026-07-22,691950.0,1630050.0,0.24609366,15.234091,225,1
atitlan,2026-07-22,692250.0,1630050.0,0.20888187,10.104573,225,0
atitlan,2026-07-22,692550.0,1630050.0,0.08276113,10.790375,225,0
atitlan,2026-07-22,692850.0,1630050.0,-0.06437931,1.8385102,225,0
atitlan,2026-07-22,693150.0,1630050.0,-0.066316426,1.7336727,225,0
atitlan,2026-07-22,693450.0,1630050.0,-0.06770036,1.6673062,225,0
atitlan,2026-07-22,693750.0,1630050.0,-0.06855819,1.6321341,225,0
atitlan,2026-07-22,694050.0,1630050.0,-0.06947254,1.5777801,225,0
atitlan,2026-07-22,694350.0,1630050.0,-0.069321774,1.5865468,225,0
atitlan,2026-07-22,694650.0,1630050.0,-0.07753828,1.1677407,225,0
atitlan,2026-07-22,694950.0,1630050.0,-0.079713,1.0110419,225,0
atitlan,2026-07-22,695250.0,1630050.0,-0.077876076,1.1098675,225,0
atitlan,2026-07-22,695550.0,1630050.0,-0.07307213,1.3860253,225,0
atitlan,2026-07-22,695850.0,1630050.0,-0.07407445,1.312213,225,0
atitlan,2026-07-22,696150.0,1630050.0,-0.07751776,1.1357414,225,0
atitlan,2026-07-22,696450.0,1630050.0,-0.08850422,0.5698295,225,0
atitlan,2026-07-22,696750.0,1630050.0,-0.090329655,0.5013307,225,0
atitlan,2026-07-22,697050.0,1630050.0,-0.090154216,0.51480716,225,0
atitlan,2026-07-22,697350.0,1630050.0,-0.08023849,0.99768734,225,0
atitlan,2026-07-22,697650.0,1630050.0,-0.08339573,0.8250942,225,0
atitlan,2026-07-22,697950.0,1630050.0,-0.0118876705,3.2162647,225,0
atitlan,2026-07-22,698250.0,1630050.0,0.068654135,5.689876,225,0
atitlan,2026-07-22,698550.0,1630050.0,0.088828616,6.089223,225,0
atitlan,2026-07-22,698850.0,1630050.0,0.09835727,7.6398916,225,0
atitlan,2026-07-22,699150.0,1630050.0,0.109406106,8.55743,225,0
atitlan,2026-07-22,699450.0,1630050.0,0.26856855,13.804357,225,1
atitlan,2026-07-22,699750.0,1630050.0,0.28668132,14.960851,225,1
atitlan,2026-07-22,700050.0,1630050.0,0.22809102,11.945681,225,0
atitlan,2026-07-22,700350.0,1630050.0,0.1970653,11.438052,225,0
atitlan,2026-07-22,700650.0,1630050.0,0.23740225,14.443423,225,1
atitlan,2026-07-22,700950.0,1630050.0,0.18177395,9.690561,225,0
atitlan,2026-07-22,701250.0,1630050.0,0.18037337,11.26054,225,0
atitlan,2026-07-22,701550.0,1630050.0,0.2625332,18.042013,225,1
atitlan,2026-07-22,701850.0,1630050.0,0.19483282,11.146718,225,0
atitlan,2026-07-22,702150.0,1630050.0,0.18482038,9.808726,225,0
atitlan,2026-07-22,702450.0,1630050.0,0.24924473,14.05637,225,1
atitlan,2026-07-22,702750.0,1630050.0,0.16912028,9.241619,225,0
atitlan,2026-07-22,703050.0,1630050.0,0.1569416,8.591145,225,0
atitlan,2026-07-22,703350.0,1630050.0,0.1378376,6.940764,225,0
atitlan,2026-07-22,703650.0,1630050.0,0.14870863,7.209517,225,0
atitlan,2026-07-22,703950.0,1630050.0,0.11734082,6.071653,225,0
atitlan,2026-07-22,704250.0,1630050.0,0.15057874,8.280442,225,0
atitlan,2026-07-22,704550.0,1630050.0,0.30829236,20.40853,225,1
atitlan,2026-07-22,704850.0,1630050.0,0.3333545,23.928251,225,1
atitlan,2026-07-22,705150.0,1630050.0,0.32854012,23.855495,225,1
atitlan,2026-07-22,705450.0,1630050.0,0.29989913,22.961885,225,1
atitlan,2026-07-22,705750.0,1630050.0,0.25308597,16.986366,225,1
atitlan,2026-07-22,706050.0,1630050.0,0.2675314,17.346928,225,1
atitlan,2026-07-22,706350.0,1630050.0,0.28250855,17.320213,225,1
atitlan,2026-07-22,706650.0,1630050.0,0.30845764,19.845783,225,1
atitlan,2026-07-22,706950.0,1630050.0,0.31525543,20.042639,225,1
atitlan,2026-07-22,707250.0,1630050.0,0.26423967,15.740138,225,1
atitlan,2026-07-22,707550.0,1630050.0,0.18987125,12.400808,225,1
atitlan,2026-07-22,707850.0,1630050.0,0.21330442,11.000854,45,0
atitlan,2026-07-22,680250.0,1630350.0,0.33206028,29.23462,180,1
atitlan,2026-07-22,680550.0,1630350.0,0.3542905,28.540573,225,1
atitlan,2026-07-22,680850.0,1630350.0,0.32493395,23.763693,225,1
atitlan,2026-07-22,681150.0,1630350.0,0.33750618,25.697098,225,1
atitlan,2026-07-22,681450.0,1630350.0,0.35670644,26.43745,225,1
atitlan,2026-07-22,681750.0,1630350.0,0.36921808,29.065155,225,1
atitlan,2026-07-22,682050.0,1630350.0,0.3734198,30.780317,225,1
atitlan,2026-07-22,682350.0,1630350.0,0.37067232,29.75402,225,1
atitlan,2026-07-22,682650.0,1630350.0,0.36347812,32.16449,225,1
atitlan,2026-07-22,682950.0,1630350.0,0.38590807,33.293156,225,1
atitlan,2026-07-22,683250.0,1630350.0,0.37025234,29.892673,225,1
atitlan,2026-07-22,683550.0,1630350.0,0.3727996,30.384905,225,1
atitlan,2026-07-22,683850.0,1630350.0,0.38026696,32.65644,225,1
atitlan,2026-07-22,684150.0,1630350.0,0.4093761,39.675392,225,1
atitlan,2026-07-22,684450.0,1630350.0,0.3980363,37.011158,225,1
atitlan,2026-07-22,684750.0,1630350.0,0.3571927,28.036415,225,1
atitlan,2026-07-22,685050.0,1630350.0,0.3408386,24.094456,225,1
atitlan,2026-07-22,685350.0,1630350.0,0.36973727,30.15658,225,1
atitlan,2026-07-22,685650.0,1630350.0,0.35397267,26.491474,225,1
atitlan,2026-07-22,685950.0,1630350.0,0.36276764,29.777763,225,1
atitlan,2026-07-22,686250.0,1630350.0,0.39274186,35.067974,225,1
atitlan,2026-07-22,686550.0,1630350.0,0.37088576,29.765984,225,1
atitlan,2026-07-22,686850.0,1630350.0,0.35677734,27.652277,225,1
atitlan,2026-07-22,687150.0,1630350.0,0.35157767,25.383179,225,1
atitlan,2026-07-22,687450.0,1630350.0,0.36234185,28.006653,225,1
atitlan,2026-07-22,687750.0,1630350.0,0.3594345,27.744232,225,1
atitlan,2026-07-22,688050.0,1630350.0,0.32139128,23.647364,225,1
atitlan,2026-07-22,688350.0,1630350.0,0.3082357,23.604258,225,1
atitlan,2026-07-22,688650.0,1630350.0,0.27646372,19.783869,225,1
atitlan,2026-07-22,688950.0,1630350.0,0.3084986,19.037256,225,1
atitlan,2026-07-22,689250.0,1630350.0,0.30098775,19.690401,225,1
atitlan,2026-07-22,689550.0,1630350.0,0.26711264,17.614317,225,1
atitlan,2026-07-22,689850.0,1630350.0,0.21178593,13.987123,225,1
atitlan,2026-07-22,690150.0,1630350.0,0.26578787,17.592405,225,1
atitlan,2026-07-22,690450.0,1630350.0,0.27566177,17.237387,225,1
atitlan,2026-07-22,690750.0,1630350.0,0.309477,20.809471,225,1
atitlan,2026-07-22,691050.0,1630350.0,0.3116807,20.356396,225,1
atitlan,2026-07-22,691350.0,1630350.0,0.33629504,23.724379,225,1
atitlan,2026-07-22,691650.0,1630350.0,0.26536182,18.668184,225,1
atitlan,2026-07-22,691950.0,1630350.0,0.31685495,21.486622,225,1
atitlan,2026-07-22,692250.0,1630350.0,0.2927354,18.454208,225,1
atitlan,2026-07-22,692550.0,1630350.0,0.23581547,14.121217,225,1
atitlan,2026-07-22,692850.0,1630350.0,0.070485815,7.0657487,225,0
atitlan,2026-07-22,693150.0,1630350.0,0.09516551,8.597086,225,0
atitlan,2026-07-22,693450.0,1630350.0,0.09393057,9.515744,225,0
atitlan,2026-07-22,693750.0,1630350.0,-0.038398646,3.4920542,225,0
atitlan,2026-07-22,694050.0,1630350.0,0.06107785,6.764315,225,0
atitlan,2026-07-22,694350.0,1630350.0,0.21019235,12.117791,225,1
atitlan,2026-07-22,694650.0,1630350.0,-0.06382311,1.7590784,225,0
atitlan,2026-07-22,694950.0,1630350.0,-0.07699651,1.1556433,225,0
atitlan,2026-07-22,695250.0,1630350.0,-0.07333729,1.1705748,225,0
atitlan,2026-07-22,695550.0,1630350.0,0.0023071077,3.609808,225,0
atitlan,2026-07-22,695850.0,1630350.0,0.038048282,4.4479575,225,0
atitlan,2026-07-22,696150.0,1630350.0,-0.005618033,3.3221567,225,0
atitlan,2026-07-22,696450.0,1630350.0,-0.0764789,1.1074136,225,0
atitlan,2026-07-22,696750.0,1630350.0,-0.08307758,0.8731903,225,0
atitlan,2026-07-22,697050.0,1630350.0,-0.089728884,0.6351166,225,0
atitlan,2026-07-22,697350.0,1630350.0,-0.077310674,1.1446365,225,0
atitlan,2026-07-22,697650.0,1630350.0,-0.043426886,2.1665592,225,0
atitlan,2026-07-22,697950.0,1630350.0,0.12753707,8.742284,225,0
atitlan,2026-07-22,698250.0,1630350.0,0.09081948,6.6233006,225,0
atitlan,2026-07-22,698550.0,1630350.0,0.095679864,6.887714,225,0
atitlan,2026-07-22,698850.0,1630350.0,0.100176185,7.05586,225,0
atitlan,2026-07-22,699150.0,1630350.0,0.13796714,9.652563,225,0
atitlan,2026-07-22,699450.0,1630350.0,0.26233855,14.094121,225,1
atitlan,2026-07-22,699750.0,1630350.0,0.28058124,15.79959,225,1
atitlan,2026-07-22,700050.0,1630350.0,0.20452861,12.342835,225,1
atitlan,2026-07-22,700350.0,1630350.0,0.14750086,8.83303,225,0
atitlan,2026-07-22,700650.0,1630350.0,0.18407063,11.417447,225,0
atitlan,2026-07-22,700950.0,1630350.0,0.117615685,6.4891453,225,0
atitlan,2026-07-22,701250.0,1630350.0,0.15162596,10.725932,225,0
atitlan,2026-07-22,701550.0,1630350.0,0.14673802,10.413461,225,0
atitlan,2026-07-22,701850.0,1630350.0,0.12757343,7.8831697,225,0
atitlan,2026-07-22,702150.0,1630350.0,0.28043145,16.537268,225,1
atitlan,2026-07-22,702450.0,1630350.0,0.28178522,19.228859,225,1
atitlan,2026-07-22,702750.0,1630350.0,0.1574686,9.140388,225,0
atitlan,2026-07-22,703050.0,1630350.0,0.14737731,7.965613,225,0
atitlan,2026-07-22,703350.0,1630350.0,0.15240987,7.496884,225,0
atitlan,2026-07-22,703650.0,1630350.0,0.16258511,8.612457,225,0
atitlan,2026-07-22,703950.0,1630350.0,0.16457523,9.079411,225,0
atitlan,2026-07-22,704250.0,1630350.0,0.2853249,17.83985,225,1
atitlan,2026-07-22,704550.0,1630350.0,0.3120911,20.742708,225,1
atitlan,2026-07-22,704850.0,1630350.0,0.3192118,21.766891,225,1
atitlan,2026-07-22,705150.0,1630350.0,0.29946917,18.865711,225,1
atitlan,2026-07-22,705450.0,1630350.0,0.2948263,18.266115,225,1
atitlan,2026-07-22,705750.0,1630350.0,0.28020647,17.944283,225,1
atitlan,2026-07-22,706050.0,1630350.0,0.28279597,17.73236,225,1
atitlan,2026-07-22,706350.0,1630350.0,0.34147006,24.035551,225,1
atitlan,2026-07-22,706650.0,1630350.0,0.30982932,20.782734,225,1
atitlan,2026-07-22,706950.0,1630350.0,0.30156264,19.540508,225,1
atitlan,2026-07-22,707250.0,1630350.0,0.2743029,17.242216,225,1
atitlan,2026-07-22,707550.0,1630350.0,0.26818505,16.051743,225,1
atitlan,2026-07-22,707850.0,1630350.0,0.20866022,11.332145,45,0
atitlan,2026-07-22,680250.0,1630650.0,0.3576652,29.912212,180,1
atitlan,2026-07-22,680550.0,1630650.0,0.37320408,29.869051,225,1
atitlan,2026-07-22,680850.0,1630650.0,0.34554076,27.482227,225,1
atitlan,2026-07-22,681150.0,1630650.0,0.32572976,25.847296,225,1
atitlan,2026-07-22,681450.0,1630650.0,0.3722303,29.84703,225,1
atitlan,2026-07-22,681750.0,1630650.0,0.3891686,33.94962,225,1
atitlan,2026-07-22,682050.0,1630650.0,0.39003363,34.333286,225,1
atitlan,2026-07-22,682350.0,1630650.0,0.38868353,33.812695,225,1
atitlan,2026-07-22,682650.0,1630650.0,0.37247518,34.42037,225,1
atitlan,2026-07-22,682950.0,1630650.0,0.37551096,31.09566,225,1
atitlan,2026-07-22,683250.0,1630650.0,0.3720636,29.845198,225,1
atitlan,2026-07-22,683550.0,1630650.0,0.37649125,31.361296,225,1
atitlan,2026-07-22,683850.0,1630650.0,0.37896758,32.434734,225,1
atitlan,2026-07-22,684150.0,1630650.0,0.38939792,34.549156,225,1
atitlan,2026-07-22,684450.0,1630650.0,0.37101376,30.53648,225,1
atitlan,2026-07-22,684750.0,1630650.0,0.36198157,27.927124,225,1
atitlan,2026-07-22,685050.0,1630650.0,0.34336385,24.407154,225,1
atitlan,2026-07-22,685350.0,1630650.0,0.35644966,28.141365,225,1
atitlan,2026-07-22,685650.0,1630650.0,0.37736684,31.93886,225,1
atitlan,2026-07-22,685950.0,1630650.0,0.390225,34.482746,225,1
atitlan,2026-07-22,686250.0,1630650.0,0.38173157,32.18817,225,1
atitlan,2026-07-22,686550.0,1630650.0,0.37609258,30.628023,225,1
atitlan,2026-07-22,686850.0,1630650.0,0.367697,28.957455,225,1
atitlan,2026-07-22,687150.0,1630650.0,0.35481763,26.273552,225,1
atitlan,2026-07-22,687450.0,1630650.0,0.38191712,32.473488,225,1
atitlan,2026-07-22,687750.0,1630650.0,0.36069334,27.832075,225,1
atitlan,2026-07-22,688050.0,1630650.0,0.33414838,24.047253,225,1
atitlan,2026-07-22,688350.0,1630650.0,0.3319283,23.311966,225,1
atitlan,2026-07-22,688650.0,1630650.0,0.2899367,18.95171,225,1
atitlan,2026-07-22,688950.0,1630650.0,0.28164896,18.937443,225,1
atitlan,2026-07-22,689250.0,1630650.0,0.27739695,18.051565,225,1
atitlan,2026-07-22,689550.0,1630650.0,0.28883848,19.55585,225,1
atitlan,2026-07-22,689850.0,1630650.0,0.27461344,17.771845,225,1
atitlan,2026-07-22,690150.0,1630650.0,0.29752988,20.906454,225,1
atitlan,2026-07-22,690450.0,1630650.0,0.3094767,20.679373,225,1
atitlan,2026-07-22,690750.0,1630650.0,0.2796611,18.520193,225,1
atitlan,2026-07-22,691050.0,1630650.0,0.3202401,21.686255,225,1
atitlan,2026-07-22,691350.0,1630650.0,0.34429792,24.868593,225,1
atitlan,2026-07-22,691650.0,1630650.0,0.3233948,22.3986,225,1
atitlan,2026-07-22,691950.0,1630650.0,0.3340624,22.714779,225,1
atitlan,2026-07-22,692250.0,1630650.0,0.33327687,22.775957,225,1
atitlan,2026-07-22,692550.0,1630650.0,0.31120342,22.100023,225,1
atitlan,2026-07-22,692850.0,1630650.0,0.24901287,16.90089,225,1
atitlan,2026-07-22,693150.0,1630650.0,0.20589432,14.784493,225,1
atitlan,2026-07-22,693450.0,1630650.0,0.2767313,18.663788,225,1
atitlan,2026-07-22,693750.0,1630650.0,0.26433927,16.58251,225,1
atitlan,2026-07-22,694050.0,1630650.0,0.30960476,19.067286,225,1
atitlan,2026-07-22,694350.0,1630650.0,0.3145857,20.674343,225,1
atitlan,2026-07-22,694650.0,1630650.0,0.23114814,16.024897,225,1
atitlan,2026-07-22,694950.0,1630650.0,0.19430266,13.137611,225,1
atitlan,2026-07-22,695250.0,1630650.0,0.115892634,9.283729,225,0
atitlan,2026-07-22,695550.0,1630650.0,0.17168245,8.168184,225,0
atitlan,2026-07-22,695850.0,1630650.0,0.21280651,11.937561,225,0
atitlan,2026-07-22,696150.0,1630650.0,0.16731697,7.66435,225,0
atitlan,2026-07-22,696450.0,1630650.0,0.11869755,8.288336,225,0
atitlan,2026-07-22,696750.0,1630650.0,-0.07299201,1.367386,225,0
atitlan,2026-07-22,697050.0,1630650.0,-0.08554215,0.69240797,225,0
atitlan,2026-07-22,697350.0,1630650.0,-0.075933665,1.2229844,225,0
atitlan,2026-07-22,697650.0,1630650.0,0.068332456,6.858419,225,0
atitlan,2026-07-22,697950.0,1630650.0,0.14143369,9.361906,225,0
atitlan,2026-07-22,698250.0,1630650.0,0.07299394,5.7994223,225,0
atitlan,2026-07-22,698550.0,1630650.0,0.0716129,6.0106626,225,0
atitlan,2026-07-22,698850.0,1630650.0,0.072415076,5.6423035,225,0
atitlan,2026-07-22,699150.0,1630650.0,0.10148107,7.627087,225,0
atitlan,2026-07-22,699450.0,1630650.0,0.24776986,14.334317,225,1
atitlan,2026-07-22,699750.0,1630650.0,0.3062918,19.686256,225,1
atitlan,2026-07-22,700050.0,1630650.0,0.28427032,17.865307,225,1
atitlan,2026-07-22,700350.0,1630650.0,0.22984639,15.60501,225,1
atitlan,2026-07-22,700650.0,1630650.0,0.1366476,9.763017,225,0
atitlan,2026-07-22,700950.0,1630650.0,0.111990176,7.3708572,225,0
atitlan,2026-07-22,701250.0,1630650.0,0.11363432,8.069517,225,0
atitlan,2026-07-22,701550.0,1630650.0,0.22221617,14.971244,225,1
atitlan,2026-07-22,701850.0,1630650.0,0.18708724,13.29364,225,1
atitlan,2026-07-22,702150.0,1630650.0,0.17995757,10.628882,225,0
atitlan,2026-07-22,702450.0,1630650.0,0.23378068,14.653456,225,1
atitlan,2026-07-22,702750.0,1630650.0,0.16642983,9.357233,225,0
atitlan,2026-07-22,703050.0,1630650.0,0.14562199,8.371355,225,0
atitlan,2026-07-22,703350.0,1630650.0,0.1491882,8.183613,225,0
atitlan,2026-07-22,703650.0,1630650.0,0.15595421,8.06366,225,0
atitlan,2026-07-22,703950.0,1630650.0,0.26461667,15.450715,225,1
atitlan,2026-07-22,704250.0,1630650.0,0.3073537,18.92272,225,1
atitlan,2026-07-22,704550.0,1630650.0,0.30904096,20.12586,225,1
atitlan,2026-07-22,704850.0,1630650.0,0.3064561,20.39164,225,1
atitlan,2026-07-22,705150.0,1630650.0,0.25132427,15.041727,225,1
atitlan,2026-07-22,705450.0,1630650.0,0.2894518,17.256409,225,1
atitlan,2026-07-22,705750.0,1630650.0,0.29416764,19.198837,225,1
atitlan,2026-07-22,706050.0,1630650.0,0.3031079,20.601274,225,1
atitlan,2026-07-22,706350.0,1630650.0,0.33460253,22.939604,225,1
atitlan,2026-07-22,706650.0,1630650.0,0.2959616,18.505138,225,1
atitlan,2026-07-22,706950.0,1630650.0,0.16954432,9.563257,225,0
atitlan,2026-07-22,707250.0,1630650.0,0.26734334,17.162092,225,1
atitlan,2026-07-22,707550.0,1630650.0,0.2210586,13.136142,225,1
atitlan,2026-07-22,707850.0,1630650.0,0.29358712,20.285109,45,1
atitlan,2026-07-22,680250.0,1630950.0,0.27036193,19.351194,180,1
atitlan,2026-07-22,680550.0,1630950.0,0.3061629,21.22005,225,1
atitlan,2026-07-22,680850.0,1630950.0,0.35998416,27.50712,225,1
atitlan,2026-07-22,681150.0,1630950.0,0.37570512,31.804447,225,1
atitlan,2026-07-22,681450.0,1630950.0,0.3738312,30.419952,225,1
atitlan,2026-07-22,681750.0,1630950.0,0.3693666,29.365896,225,1
atitlan,2026-07-22,682050.0,1630950.0,0.37897965,31.614653,225,1
atitlan,2026-07-22,682350.0,1630950.0,0.3574617,30.96978,225,1
atitlan,2026-07-22,682650.0,1630950.0,0.3576565,32.198334,225,1
atitlan,2026-07-22,682950.0,1630950.0,0.38808164,33.743633,225,1
atitlan,2026-07-22,683250.0,1630950.0,0.37494487,30.604269,225,1
atitlan,2026-07-22,683550.0,1630950.0,0.36276925,28.221844,225,1
atitlan,2026-07-22,683850.0,1630950.0,0.3516456,26.699944,225,1
atitlan,2026-07-22,684150.0,1630950.0,0.34636894,24.813488,225,1
atitlan,2026-07-22,684450.0,1630950.0,0.36974147,30.577032,225,1
atitlan,2026-07-22,684750.0,1630950.0,0.31710732,21.058304,225,1
atitlan,2026-07-22,685050.0,1630950.0,0.32882398,22.298542,225,1
atitlan,2026-07-22,685350.0,1630950.0,0.3962953,35.928036,225,1
atitlan,2026-07-22,685650.0,1630950.0,0.4085221,39.35286,225,1
atitlan,2026-07-22,685950.0,1630950.0,0.3821708,32.670506,225,1
atitlan,2026-07-22,686250.0,1630950.0,0.39729968,35.98248,225,1
atitlan,2026-07-22,686550.0,1630950.0,0.37940392,31.65107,225,1
atitlan,2026-07-22,686850.0,1630950.0,0.34827235,24.978245,225,1
atitlan,2026-07-22,687150.0,1630950.0,0.32844847,21.395906,225,1
atitlan,2026-07-22,687450.0,1630950.0,0.35933834,28.35415,225,1
atitlan,2026-07-22,687750.0,1630950.0,0.3498769,25.831089,225,1
atitlan,2026-07-22,688050.0,1630950.0,0.33498865,23.16266,225,1
atitlan,2026-07-22,688350.0,1630950.0,0.27982476,18.24359,225,1
atitlan,2026-07-22,688650.0,1630950.0,0.32986867,24.24972,225,1
atitlan,2026-07-22,688950.0,1630950.0,0.2869679,19.437984,225,1
atitlan,2026-07-22,689250.0,1630950.0,0.32150578,23.382948,225,1
atitlan,2026-07-22,689550.0,1630950.0,0.30300263,20.6175,225,1
atitlan,2026-07-22,689850.0,1630950.0,0.33327135,24.034197,225,1
atitlan,2026-07-22,690150.0,1630950.0,0.32385778,21.592741,225,1
atitlan,2026-07-22,690450.0,1630950.0,0.27440602,17.753874,225,1
atitlan,2026-07-22,690750.0,1630950.0,0.33422947,24.049547,225,1
atitlan,2026-07-22,691050.0,1630950.0,0.3472523,25.267279,225,1
atitlan,2026-07-22,691350.0,1630950.0,0.3457589,25.906286,225,1
atitlan,2026-07-22,691650.0,1630950.0,0.3565048,26.690771,225,1
atitlan,2026-07-22,691950.0,1630950.0,0.3579104,26.7804,225,1
atitlan,2026-07-22,692250.0,1630950.0,0.32594132,23.951744,225,1
atitlan,2026-07-22,692550.0,1630950.0,0.31266433,19.478153,225,1
atitlan,2026-07-22,692850.0,1630950.0,0.23486878,15.560703,225,1
atitlan,2026-07-22,693150.0,1630950.0,0.243453,17.540855,225,1
atitlan,2026-07-22,693450.0,1630950.0,0.23536716,16.117176,225,1
atitlan,2026-07-22,693750.0,1630950.0,0.328347,21.905201,225,1
atitlan,2026-07-22,694050.0,1630950.0,0.33371714,22.148277,225,1
atitlan,2026-07-22,694350.0,1630950.0,0.3388147,23.34901,225,1
atitlan,2026-07-22,694650.0,1630950.0,0.3346096,22.555037,225,1
atitlan,2026-07-22,694950.0,1630950.0,0.34224755,23.720007,225,1
atitlan,2026-07-22,695250.0,1630950.0,0.32573718,21.404299,225,1
atitlan,2026-07-22,695550.0,1630950.0,0.22605306,15.667038,225,1
atitlan,2026-07-22,695850.0,1630950.0,0.17735355,9.625432,225,0
atitlan,2026-07-22,696150.0,1630950.0,0.21447131,12.473152,225,1
atitlan,2026-07-22,696450.0,1630950.0,0.30801788,19.082113,225,1
atitlan,2026-07-22,696750.0,1630950.0,0.10198336,7.3100543,225,0
atitlan,2026-07-22,697050.0,1630950.0,-0.07764645,1.1181419,225,0
atitlan,2026-07-22,697350.0,1630950.0,-0.080271825,0.9585187,225,0
atitlan,2026-07-22,697650.0,1630950.0,0.054364346,6.3990726,225,0
atitlan,2026-07-22,697950.0,1630950.0,0.2914057,16.52208,225,1
atitlan,2026-07-22,698250.0,1630950.0,0.2011848,12.4495125,225,1
atitlan,2026-07-22,698550.0,1630950.0,0.08427945,6.924406,225,0
atitlan,2026-07-22,698850.0,1630950.0,0.05822031,5.27385,225,0
atitlan,2026-07-22,699150.0,1630950.0,0.07619741,5.660923,225,0
atitlan,2026-07-22,699450.0,1630950.0,0.17806096,10.692604,225,0
atitlan,2026-07-22,699750.0,1630950.0,0.30240017,19.519773,225,1
atitlan,2026-07-22,700050.0,1630950.0,0.29351923,18.033472,225,1
atitlan,2026-07-22,700350.0,1630950.0,0.24857028,14.414207,225,1
atitlan,2026-07-22,700650.0,1630950.0,0.1595778,10.397258,225,0
atitlan,2026-07-22,700950.0,1630950.0,0.07309021,7.221254,225,0
atitlan,2026-07-22,701250.0,1630950.0,0.13304566,9.005278,225,0
atitlan,2026-07-22,701550.0,1630950.0,0.23082164,14.517202,225,1
atitlan,2026-07-22,701850.0,1630950.0,0.20540337,12.272358,225,1
atitlan,2026-07-22,702150.0,1630950.0,0.20727703,12.502231,225,1
atitlan,2026-07-22,702450.0,1630950.0,0.25348395,15.365968,225,1
atitlan,2026-07-22,702750.0,1630950.0,0.17703754,10.715453,225,0
atitlan,2026-07-22,703050.0,1630950.0,0.1173004,6.375369,225,0
atitlan,2026-07-22,703350.0,1630950.0,0.14692068,7.297622,225,0
atitlan,2026-07-22,703650.0,1630950.0,0.21645615,12.948153,225,1
atitlan,2026-07-22,703950.0,1630950.0,0.29113144,16.745665,225,1
atitlan,2026-07-22,704250.0,1630950.0,0.31660345,19.956366,225,1
atitlan,2026-07-22,704550.0,1630950.0,0.2603406,16.595419,225,1
atitlan,2026-07-22,704850.0,1630950.0,0.28393796,16.92351,225,1
atitlan,2026-07-22,705150.0,1630950.0,0.25185862,15.662576,225,1
atitlan,2026-07-22,705450.0,1630950.0,0.27527028,16.225983,225,1
atitlan,2026-07-22,705750.0,1630950.0,0.3083855,19.82791,225,1
atitlan,2026-07-22,706050.0,1630950.0,0.31056157,19.808676,225,1
atitlan,2026-07-22,706350.0,1630950.0,0.29813376,18.612484,225,1
atitlan,2026-07-22,706650.0,1630950.0,0.27494076,16.111279,225,1
atitlan,2026-07-22,706950.0,1630950.0,0.2575933,16.995731,225,1
atitlan,2026-07-22,707250.0,1630950.0,0.32818928,22.286577,225,1
atitlan,2026-07-22,707550.0,1630950.0,0.27193984,17.027912,225,1
atitlan,2026-07-22,707850.0,1630950.0,0.18143257,11.719127,45,0
atitlan,2026-07-22,680250.0,1631250.0,0.33495063,25.972868,180,1
atitlan,2026-07-22,680550.0,1631250.0,0.340019,25.124475,225,1
atitlan,2026-07-22,680850.0,1631250.0,0.3719231,30.59784,225,1
atitlan,2026-07-22,681150.0,1631250.0,0.36462617,29.295422,225,1
atitlan,2026-07-22,681450.0,1631250.0,0.36385447,28.15359,225,1
atitlan,2026-07-22,681750.0,1631250.0,0.37723476,30.956554,225,1
atitlan,2026-07-22,682050.0,1631250.0,0.3783574,31.149961,225,1
atitlan,2026-07-22,682350.0,1631250.0,0.37265798,33.39798,225,1
atitlan,2026-07-22,682650.0,1631250.0,0.37290728,31.877924,225,1
atitlan,2026-07-22,682950.0,1631250.0,0.38439223,32.814,225,1
atitlan,2026-07-22,683250.0,1631250.0,0.3701923,29.698479,225,1
atitlan,2026-07-22,683550.0,1631250.0,0.33880708,25.463217,225,1
atitlan,2026-07-22,683850.0,1631250.0,0.3440392,24.927677,225,1
atitlan,2026-07-22,684150.0,1631250.0,0.34762338,25.424805,225,1
atitlan,2026-07-22,684450.0,1631250.0,0.3772697,32.231533,225,1
atitlan,2026-07-22,684750.0,1631250.0,0.30942532,20.696558,225,1
atitlan,2026-07-22,685050.0,1631250.0,0.35791892,27.422579,225,1
atitlan,2026-07-22,685350.0,1631250.0,0.3922749,34.96886,225,1
atitlan,2026-07-22,685650.0,1631250.0,0.3870387,34.14624,225,1
atitlan,2026-07-22,685950.0,1631250.0,0.39834678,36.377056,225,1
atitlan,2026-07-22,686250.0,1631250.0,0.3706165,29.816862,225,1
atitlan,2026-07-22,686550.0,1631250.0,0.33827522,24.15489,225,1
atitlan,2026-07-22,686850.0,1631250.0,0.35714287,26.868027,225,1
atitlan,2026-07-22,687150.0,1631250.0,0.32614797,20.969475,225,1
atitlan,2026-07-22,687450.0,1631250.0,0.36368233,29.766476,225,1
atitlan,2026-07-22,687750.0,1631250.0,0.33920455,25.115713,225,1
atitlan,2026-07-22,688050.0,1631250.0,0.30429518,20.805655,225,1
atitlan,2026-07-22,688350.0,1631250.0,0.19015367,12.877211,225,1
atitlan,2026-07-22,688650.0,1631250.0,0.28222737,19.292778,225,1
atitlan,2026-07-22,688950.0,1631250.0,0.3025415,22.42495,225,1
atitlan,2026-07-22,689250.0,1631250.0,0.33218008,23.213905,225,1
atitlan,2026-07-22,689550.0,1631250.0,0.3296248,24.308123,225,1
atitlan,2026-07-22,689850.0,1631250.0,0.3342063,24.683342,225,1
atitlan,2026-07-22,690150.0,1631250.0,0.2918272,20.367851,225,1
atitlan,2026-07-22,690450.0,1631250.0,0.2824621,17.857367,225,1
atitlan,2026-07-22,690750.0,1631250.0,0.33630857,24.78886,225,1
atitlan,2026-07-22,691050.0,1631250.0,0.34204784,24.794287,225,1
atitlan,2026-07-22,691350.0,1631250.0,0.37113464,29.857174,225,1
atitlan,2026-07-22,691650.0,1631250.0,0.3551582,26.133352,225,1
atitlan,2026-07-22,691950.0,1631250.0,0.34718215,25.783377,225,1
atitlan,2026-07-22,692250.0,1631250.0,0.3423695,24.87449,225,1
atitlan,2026-07-22,692550.0,1631250.0,0.35236067,25.812912,225,1
atitlan,2026-07-22,692850.0,1631250.0,0.33791834,23.838972,225,1
atitlan,2026-07-22,693150.0,1631250.0,0.34686622,24.763247,225,1
atitlan,2026-07-22,693450.0,1631250.0,0.30197665,23.2938,225,1
atitlan,2026-07-22,693750.0,1631250.0,0.32106683,24.160397,225,1
atitlan,2026-07-22,694050.0,1631250.0,0.3413078,23.474558,225,1
atitlan,2026-07-22,694350.0,1631250.0,0.35397488,26.952877,225,1
atitlan,2026-07-22,694650.0,1631250.0,0.30451024,22.771542,225,1
atitlan,2026-07-22,694950.0,1631250.0,0.3320091,22.536009,225,1
atitlan,2026-07-22,695250.0,1631250.0,0.3542118,26.196772,225,1
atitlan,2026-07-22,695550.0,1631250.0,0.25181523,17.28076,225,1
atitlan,2026-07-22,695850.0,1631250.0,0.20131423,9.421072,225,0
atitlan,2026-07-22,696150.0,1631250.0,0.27574182,17.354792,225,1
atitlan,2026-07-22,696450.0,1631250.0,0.31306148,19.739372,225,1
atitlan,2026-07-22,696750.0,1631250.0,0.25685865,13.514685,225,1
atitlan,2026-07-22,697050.0,1631250.0,0.14336681,11.7648945,225,0
atitlan,2026-07-22,697350.0,1631250.0,0.16443387,13.011503,225,1
atitlan,2026-07-22,697650.0,1631250.0,0.23727828,15.500132,225,1
atitlan,2026-07-22,697950.0,1631250.0,0.3098712,18.09378,225,1
atitlan,2026-07-22,698250.0,1631250.0,0.29264683,16.059984,225,1
atitlan,2026-07-22,698550.0,1631250.0,0.2235751,14.835794,225,1
atitlan,2026-07-22,698850.0,1631250.0,0.16915068,11.134897,225,0
atitlan,2026-07-22,699150.0,1631250.0,0.11630106,10.342322,224,0
atitlan,2026-07-22,699450.0,1631250.0,0.1102683,7.5305305,225,0
atitlan,2026-07-22,699750.0,1631250.0,0.26739937,16.533178,225,1
atitlan,2026-07-22,700050.0,1631250.0,0.31869093,20.775854,225,1
atitlan,2026-07-22,700350.0,1631250.0,0.28728756,17.974705,225,1
atitlan,2026-07-22,700650.0,1631250.0,0.18161145,10.453343,225,0
atitlan,2026-07-22,700950.0,1631250.0,0.13039126,8.413446,225,0
atitlan,2026-07-22,701250.0,1631250.0,0.18325235,12.127803,225,1
atitlan,2026-07-22,701550.0,1631250.0,0.27957684,16.792526,225,1
atitlan,2026-07-22,701850.0,1631250.0,0.2935207,17.93805,225,1
atitlan,2026-07-22,702150.0,1631250.0,0.23356397,14.2126,225,1
atitlan,2026-07-22,702450.0,1631250.0,0.24817465,15.82626,225,1
atitlan,2026-07-22,702750.0,1631250.0,0.1857274,11.742566,225,0
atitlan,2026-07-22,703050.0,1631250.0,0.16996208,10.826879,225,0
atitlan,2026-07-22,703350.0,1631250.0,0.12169437,6.345102,225,0
atitlan,2026-07-22,703650.0,1631250.0,0.19316961,11.950849,225,0
atitlan,2026-07-22,703950.0,1631250.0,0.25870928,14.8614645,225,1
atitlan,2026-07-22,704250.0,1631250.0,0.29802284,19.18213,225,1
atitlan,2026-07-22,704550.0,1631250.0,0.3001743,18.759903,225,1
atitlan,2026-07-22,704850.0,1631250.0,0.2962598,18.743895,225,1
atitlan,2026-07-22,705150.0,1631250.0,0.24621233,16.212154,225,1
atitlan,2026-07-22,705450.0,1631250.0,0.24869522,15.827415,225,1
atitlan,2026-07-22,705750.0,1631250.0,0.24189,14.878487,225,1
atitlan,2026-07-22,706050.0,1631250.0,0.2722303,16.06673,225,1
atitlan,2026-07-22,706350.0,1631250.0,0.25294897,16.2529,225,1
atitlan,2026-07-22,706650.0,1631250.0,0.27318394,18.367687,225,1
atitlan,2026-07-22,706950.0,1631250.0,0.24075712,15.991329,225,1
atitlan,2026-07-22,707250.0,1631250.0,0.30749935,21.088713,225,1
atitlan,2026-07-22,707550.0,1631250.0,0.26987684,17.328339,225,1
atitlan,2026-07-22,707850.0,1631250.0,0.21734408,13.868536,45,1
atitlan,2026-07-22,680250.0,1631550.0,0.32054558,23.90701,168,1
atitlan,2026-07-22,680550.0,1631550.0,0.3649552,28.968534,210,1
atitlan,2026-07-22,680850.0,1631550.0,0.37351316,30.586964,210,1
atitlan,2026-07-22,681150.0,1631550.0,0.34736323,26.258808,210,1
atitlan,2026-07-22,681450.0,1631550.0,0.3854342,33.434406,210,1
atitlan,2026-07-22,681750.0,1631550.0,0.38144198,32.194756,210,1
atitlan,2026-07-22,682050.0,1631550.0,0.3737138,30.366106,210,1
atitlan,2026-07-22,682350.0,1631550.0,0.3896807,35.089542,210,1
atitlan,2026-07-22,682650.0,1631550.0,0.36197302,31.56702,210,1
atitlan,2026-07-22,682950.0,1631550.0,0.36935574,29.276094,210,1
atitlan,2026-07-22,683250.0,1631550.0,0.3227657,25.057945,210,1
atitlan,2026-07-22,683550.0,1631550.0,0.26310962,18.897696,210,1
atitlan,2026-07-22,683850.0,1631550.0,0.32707486,25.256914,210,1
atitlan,2026-07-22,684150.0,1631550.0,0.31916854,23.017588,210,1
atitlan,2026-07-22,684450.0,1631550.0,0.38226482,34.66559,210,1
atitlan,2026-07-22,684750.0,1631550.0,0.34214616,24.67035,210,1
atitlan,2026-07-22,685050.0,1631550.0,0.36920023,29.492622,210,1
atitlan,2026-07-22,685350.0,1631550.0,0.39300025,34.91845,210,1
atitlan,2026-07-22,685650.0,1631550.0,0.38099673,32.056667,210,1
atitlan,2026-07-22,685950.0,1631550.0,0.3831003,32.743336,210,1
atitlan,2026-07-22,686250.0,1631550.0,0.3610371,27.914463,210,1
atitlan,2026-07-22,686550.0,1631550.0,0.34525597,24.791023,210,1
atitlan,2026-07-22,686850.0,1631550.0,0.3477487,25.161602,210,1
atitlan,2026-07-22,687150.0,1631550.0,0.33713236,24.236767,210,1
atitlan,2026-07-22,687450.0,1631550.0,0.35095915,28.086603,210,1
atitlan,2026-07-22,687750.0,1631550.0,0.3173517,22.588196,210,1
atitlan,2026-07-22,688050.0,1631550.0,0.3168385,22.376171,210,1
atitlan,2026-07-22,688350.0,1631550.0,0.29848507,19.42823,210,1
atitlan,2026-07-22,688650.0,1631550.0,0.30224496,20.591793,210,1
atitlan,2026-07-22,688950.0,1631550.0,0.33994642,25.114796,210,1
atitlan,2026-07-22,689250.0,1631550.0,0.35534242,27.138481,210,1
atitlan,2026-07-22,689550.0,1631550.0,0.33750185,24.928358,210,1
atitlan,2026-07-22,689850.0,1631550.0,0.35874256,27.462484,210,1
atitlan,2026-07-22,690150.0,1631550.0,0.36364982,28.041452,210,1
atitlan,2026-07-22,690450.0,1631550.0,0.36705387,30.426638,210,1
atitlan,2026-07-22,690750.0,1631550.0,0.36785215,29.67691,210,1
atitlan,2026-07-22,691050.0,1631550.0,0.3763361,31.326225,210,1
atitlan,2026-07-22,691350.0,1631550.0,0.33047777,23.268927,210,1
atitlan,2026-07-22,691650.0,1631550.0,0.34412894,25.038368,210,1
atitlan,2026-07-22,691950.0,1631550.0,0.3622906,29.396664,210,1
atitlan,2026-07-22,692250.0,1631550.0,0.3457054,25.206945,210,1
atitlan,2026-07-22,692550.0,1631550.0,0.35001788,25.254225,210,1
atitlan,2026-07-22,692850.0,1631550.0,0.3338767,22.751192,210,1
atitlan,2026-07-22,693150.0,1631550.0,0.33837107,23.652803,210,1
atitlan,2026-07-22,693450.0,1631550.0,0.32610804,22.9197,210,1
atitlan,2026-07-22,693750.0,1631550.0,0.31455576,24.058762,210,1
atitlan,2026-07-22,694050.0,1631550.0,0.3451314,28.37972,210,1
atitlan,2026-07-22,694350.0,1631550.0,0.30161205,24.960905,210,1
atitlan,2026-07-22,694650.0,1631550.0,0.34638366,25.999172,210,1
atitlan,2026-07-22,694950.0,1631550.0,0.37359923,30.27437,210,1
atitlan,2026-07-22,695250.0,1631550.0,0.36307538,28.089258,210,1
atitlan,2026-07-22,695550.0,1631550.0,0.18785495,11.571503,210,0
atitlan,2026-07-22,695850.0,1631550.0,0.26885024,14.423519,210,1
atitlan,2026-07-22,696150.0,1631550.0,0.3382837,22.779392,210,1
atitlan,2026-07-22,696450.0,1631550.0,0.3164792,20.760767,210,1
atitlan,2026-07-22,696750.0,1631550.0,0.11860123,8.723656,210,0
atitlan,2026-07-22,697050.0,1631550.0,0.29536542,17.363066,210,1
atitlan,2026-07-22,697350.0,1631550.0,0.30350447,21.359184,210,1
atitlan,2026-07-22,697650.0,1631550.0,0.2522115,17.641684,210,1
atitlan,2026-07-22,697950.0,1631550.0,0.3125272,18.544783,210,1
atitlan,2026-07-22,698250.0,1631550.0,0.3210998,19.731226,210,1
atitlan,2026-07-22,698550.0,1631550.0,0.31478384,19.454645,210,1
atitlan,2026-07-22,698850.0,1631550.0,0.303742,17.706505,210,1
atitlan,2026-07-22,699150.0,1631550.0,0.24976823,15.422077,210,1
atitlan,2026-07-22,699450.0,1631550.0,0.113568276,8.351468,210,0
atitlan,2026-07-22,699750.0,1631550.0,0.17121962,11.1624975,210,0
atitlan,2026-07-22,700050.0,1631550.0,0.3157765,19.379656,210,1
atitlan,2026-07-22,700350.0,1631550.0,0.32578093,22.973024,210,1
atitlan,2026-07-22,700650.0,1631550.0,0.27697685,18.58915,210,1
atitlan,2026-07-22,700950.0,1631550.0,0.25679535,15.630078,210,1
atitlan,2026-07-22,701250.0,1631550.0,0.29627347,19.735329,210,1
atitlan,2026-07-22,701550.0,1631550.0,0.28139782,17.530361,210,1
atitlan,2026-07-22,701850.0,1631550.0,0.25688806,15.934157,210,1
atitlan,2026-07-22,702150.0,1631550.0,0.30372968,18.235947,210,1
atitlan,2026-07-22,702450.0,1631550.0,0.2986696,17.838614,210,1
atitlan,2026-07-22,702750.0,1631550.0,0.17427862,10.489533,210,0
atitlan,2026-07-22,703050.0,1631550.0,0.1345692,7.8894496,210,0
atitlan,2026-07-22,703350.0,1631550.0,0.14251797,8.93098,210,0
atitlan,2026-07-22,703650.0,1631550.0,0.16168796,8.275811,210,0
atitlan,2026-07-22,703950.0,1631550.0,0.3013081,17.656517,210,1
atitlan,2026-07-22,704250.0,1631550.0,0.2977675,18.344408,210,1
atitlan,2026-07-22,704550.0,1631550.0,0.282896,17.770042,210,1
atitlan,2026-07-22,704850.0,1631550.0,0.29395333,19.559431,210,1
atitlan,2026-07-22,705150.0,1631550.0,0.29730996,20.537914,210,1
atitlan,2026-07-22,705450.0,1631550.0,0.15505706,9.538405,210,0
atitlan,2026-07-22,705750.0,1631550.0,0.1280005,8.053574,210,0
atitlan,2026-07-22,706050.0,1631550.0,0.21488833,13.487967,210,1
atitlan,2026-07-22,706350.0,1631550.0,0.3250796,22.582092,210,1
atitlan,2026-07-22,706650.0,1631550.0,0.25748378,17.31327,210,1
atitlan,2026-07-22,706950.0,1631550.0,0.28462708,17.085186,210,1
atitlan,2026-07-22,707250.0,1631550.0,0.28413868,19.027914,210,1
atitlan,2026-07-22,707550.0,1631550.0,0.28069723,17.969746,210,1
atitlan,2026-07-22,707850.0,1631550.0,0.23222417,14.377789,42,1
