lago,fecha,x,y,ndci,chl_a_estimada,pixeles_validos,alta_cianobacteria
atitlan,2026-04-13,680250.0,1614150.0,0.31437057,19.560904,84,1
atitlan,2026-04-13,680550.0,1614150.0,0.37357995,31.02361,105,1
atitlan,2026-04-13,680850.0,1614150.0,0.38777778,33.90188,105,1
atitlan,2026-04-13,681150.0,1614150.0,0.36326003,28.389153,105,1
atitlan,2026-04-13,681450.0,1614150.0,0.32596037,24.286917,105,1
atitlan,2026-04-13,681750.0,1614150.0,0.31881383,21.035227,105,1
atitlan,2026-04-13,682050.0,1614150.0,0.30732724,20.384398,105,1
atitlan,2026-04-13,682350.0,1614150.0,0.365433,28.648296,105,1
atitlan,2026-04-13,682650.0,1614150.0,0.3667656,28.79606,105,1
atitlan,2026-04-13,682950.0,1614150.0,0.3322706,22.534782,105,1
atitlan,2026-04-13,683250.0,1614150.0,0.3535996,26.186329,105,1
atitlan,2026-04-13,683550.0,1614150.0,0.34852898,26.319498,105,1
atitlan,2026-04-13,683850.0,1614150.0,0.36763293,28.818808,105,1
atitlan,2026-04-13,684150.0,1614150.0,0.3458005,24.244818,105,1
atitlan,2026-04-13,684450.0,1614150.0,0.35250777,25.470955,105,1
atitlan,2026-04-13,684750.0,1614150.0,0.35482395,25.957989,105,1
atitlan,2026-04-13,685050.0,1614150.0,0.3620952,27.740578,105,1
atitlan,2026-04-13,685350.0,1614150.0,0.37351587,30.059351,105,1
atitlan,2026-04-13,685650.0,1614150.0,0.36254546,27.538712,105,1
atitlan,2026-04-13,685950.0,1614150.0,0.3587404,26.734724,105,1
atitlan,2026-04-13,686250.0,1614150.0,0.3601759,26.937775,105,1
atitlan,2026-04-13,686550.0,1614150.0,0.3588008,26.725998,105,1
atitlan,2026-04-13,686850.0,1614150.0,0.34789324,24.543169,105,1
atitlan,2026-04-13,687150.0,1614150.0,0.34562495,24.071165,105,1
atitlan,2026-04-13,687450.0,1614150.0,0.35250893,25.547575,105,1
atitlan,2026-04-13,687750.0,1614150.0,0.36040556,27.216105,105,1
atitlan,2026-04-13,688050.0,1614150.0,0.35730457,27.045876,105,1
atitlan,2026-04-13,688350.0,1614150.0,0.32664198,21.542309,105,1
atitlan,2026-04-13,688650.0,1614150.0,0.33560514,23.31019,105,1
atitlan,2026-04-13,688950.0,1614150.0,0.35415,28.160187,105,1
atitlan,2026-04-13,689250.0,1614150.0,0.3322085,25.160614,105,1
atitlan,2026-04-13,689550.0,1614150.0,0.34446505,24.972357,105,1
atitlan,2026-04-13,689850.0,1614150.0,0.3439522,24.409994,105,1
atitlan,2026-04-13,690150.0,1614150.0,0.35218182,25.99063,105,1
atitlan,2026-04-13,690450.0,1614150.0,0.37779996,31.32815,105,1
atitlan,2026-04-13,690750.0,1614150.0,0.35632008,28.130821,105,1
atitlan,2026-04-13,691050.0,1614150.0,0.37331325,31.495323,105,1
atitlan,2026-04-13,691350.0,1614150.0,0.36324057,28.397144,105,1
atitlan,2026-04-13,691650.0,1614150.0,0.36005473,27.625572,105,1
atitlan,2026-04-13,691950.0,1614150.0,0.36330232,27.97252,105,1
atitlan,2026-04-13,692250.0,1614150.0,0.37586772,30.727888,105,1
atitlan,2026-04-13,692550.0,1614150.0,0.36918464,29.158041,105,1
atitlan,2026-04-13,692850.0,1614150.0,0.37533608,30.64876,105,1
atitlan,2026-04-13,693150.0,1614150.0,0.3646051,28.298243,105,1
atitlan,2026-04-13,693450.0,1614150.0,0.3667052,28.977741,105,1
atitlan,2026-04-13,693750.0,1614150.0,0.35101512,25.77839,105,1
atitlan,2026-04-13,694050.0,1614150.0,0.36446494,28.329618,105,1
atitlan,2026-04-13,694350.0,1614150.0,0.3925209,35.05043,105,1
atitlan,2026-04-13,694650.0,1614150.0,0.36884302,29.379684,105,1
atitlan,2026-04-13,694950.0,1614150.0,0.37951002,31.52009,105,1
atitlan,2026-04-13,695250.0,1614150.0,0.37909874,31.315094,105,1
atitlan,2026-04-13,695550.0,1614150.0,0.38424683,32.64195,105,1
atitlan,2026-04-13,695850.0,1614150.0,0.3781745,31.338537,105,1
atitlan,2026-04-13,696150.0,1614150.0,0.35899967,27.36959,105,1
atitlan,2026-04-13,696450.0,1614150.0,0.35612988,26.662918,105,1
atitlan,2026-04-13,696750.0,1614150.0,0.3453882,24.922716,105,1
atitlan,2026-04-13,697050.0,1614150.0,0.2843427,16.868143,105,1
atitlan,2026-04-13,697350.0,1614150.0,0.19688681,9.7117405,105,0
atitlan,2026-04-13,697650.0,1614150.0,0.28115016,15.93758,105,1
atitlan,2026-04-13,697950.0,1614150.0,0.30612367,19.07584,105,1
atitlan,2026-04-13,698250.0,1614150.0,0.2885186,17.149288,105,1
atitlan,2026-04-13,698550.0,1614150.0,0.3000935,20.180471,105,1
atitlan,2026-04-13,698850.0,1614150.0,0.3049447,20.507076,105,1
atitlan,2026-04-13,699150.0,1614150.0,0.3021299,19.321844,105,1
atitlan,2026-04-13,699450.0,1614150.0,0.2769468,16.020473,105,1
atitlan,2026-04-13,699750.0,1614150.0,0.25667527,13.762955,105,1
atitlan,2026-04-13,700050.0,1614150.0,0.25075808,16.297314,105,1
atitlan,2026-04-13,700350.0,1614150.0,0.15322211,8.85103,105,0
atitlan,2026-04-13,700650.0,1614150.0,0.08160751,4.9347115,105,0
atitlan,2026-04-13,700950.0,1614150.0,0.07541576,5.0197296,105,0
atitlan,2026-04-13,701250.0,1614150.0,0.13586539,6.541559,105,0
atitlan,2026-04-13,701550.0,1614150.0,0.14665997,6.0671782,105,0
atitlan,2026-04-13,701850.0,1614150.0,0.20354123,9.130337,105,0
atitlan,2026-04-13,702150.0,1614150.0,0.28340483,17.323462,105,1
atitlan,2026-04-13,702450.0,1614150.0,0.33194745,21.855375,105,1
atitlan,2026-04-13,702750.0,1614150.0,0.29118484,16.464756,105,1
atitlan,2026-04-13,703050.0,1614150.0,0.31462926,19.76418,105,1
atitlan,2026-04-13,703350.0,1614150.0,0.33674967,22.561459,105,1
atitlan,2026-04-13,703650.0,1614150.0,0.2987128,18.273434,105,1
atitlan,2026-04-13,703950.0,1614150.0,0.34506613,24.434689,105,1
atitlan,2026-04-13,704250.0,1614150.0,0.3188021,21.284986,105,1
atitlan,2026-04-13,704550.0,1614150.0,0.34062445,24.809128,105,1
atitlan,2026-04-13,704850.0,1614150.0,0.33099234,21.775751,105,1
atitlan,2026-04-13,705150.0,1614150.0,0.34417903,24.187574,105,1
atitlan,2026-04-13,705450.0,1614150.0,0.3346911,24.210424,105,1
atitlan,2026-04-13,705750.0,1614150.0,0.36453596,28.373741,105,1
atitlan,2026-04-13,706050.0,1614150.0,0.35378692,26.009247,105,1
atitlan,2026-04-13,706350.0,1614150.0,0.3445255,25.077343,105,1
atitlan,2026-04-13,706650.0,1614150.0,0.36220148,27.951399,105,1
atitlan,2026-04-13,706950.0,1614150.0,0.37294486,30.546505,105,1
atitlan,2026-04-13,707250.0,1614150.0,0.37586987,30.541744,105,1
atitlan,2026-04-13,707550.0,1614150.0,0.3874895,33.431446,105,1
atitlan,2026-04-13,707850.0,1614150.0,0.38586217,32.817986,21,1
atitlan,2026-04-13,680250.0,1614450.0,0.31545565,19.77835,180,1
atitlan,2026-04-13,680550.0,1614450.0,0.35236055,25.830294,225,1
atitlan,2026-04-13,680850.0,1614450.0,0.37241068,30.262873,225,1
atitlan,2026-04-13,681150.0,1614450.0,0.38323647,32.714554,225,1
atitlan,2026-04-13,681450.0,1614450.0,0.3840737,33.244217,225,1
atitlan,2026-04-13,681750.0,1614450.0,0.33240214,22.772472,225,1
atitlan,2026-04-13,682050.0,1614450.0,0.35690027,26.938179,225,1
atitlan,2026-04-13,682350.0,1614450.0,0.3480309,25.293005,225,1
atitlan,2026-04-13,682650.0,1614450.0,0.35906664,27.412533,225,1
atitlan,2026-04-13,682950.0,1614450.0,0.32823017,21.729681,225,1
atitlan,2026-04-13,683250.0,1614450.0,0.36096284,27.95121,225,1
atitlan,2026-04-13,683550.0,1614450.0,0.345903,25.249632,225,1
atitlan,2026-04-13,683850.0,1614450.0,0.37382674,30.464046,225,1
atitlan,2026-04-13,684150.0,1614450.0,0.3514961,25.369963,225,1
atitlan,2026-04-13,684450.0,1614450.0,0.34662992,24.419685,225,1
atitlan,2026-04-13,684750.0,1614450.0,0.36398086,28.223476,225,1
atitlan,2026-04-13,685050.0,1614450.0,0.35705388,26.792099,225,1
atitlan,2026-04-13,685350.0,1614450.0,0.37209174,29.976326,225,1
atitlan,2026-04-13,685650.0,1614450.0,0.36282736,27.570623,225,1
atitlan,2026-04-13,685950.0,1614450.0,0.36577317,28.24782,225,1
atitlan,2026-04-13,686250.0,1614450.0,0.3637927,27.782724,225,1
atitlan,2026-04-13,686550.0,1614450.0,0.34798583,24.602875,225,1
atitlan,2026-04-13,686850.0,1614450.0,0.34715968,24.516127,225,1
atitlan,2026-04-13,687150.0,1614450.0,0.35403526,25.85667,225,1
atitlan,2026-04-13,687450.0,1614450.0,0.34102774,23.8202,225,1
atitlan,2026-04-13,687750.0,1614450.0,0.36733967,28.949236,225,1
atitlan,2026-04-13,688050.0,1614450.0,0.35323116,25.746548,225,1
atitlan,2026-04-13,688350.0,1614450.0,0.35158473,25.578638,225,1
atitlan,2026-04-13,688650.0,1614450.0,0.33872327,23.022282,225,1
atitlan,2026-04-13,688950.0,1614450.0,0.35717475,26.811934,225,1
atitlan,2026-04-13,689250.0,1614450.0,0.34408668,27.00492,225,1
atitlan,2026-04-13,689550.0,1614450.0,0.34221837,27.043825,225,1
atitlan,2026-04-13,689850.0,1614450.0,0.28574243,19.27856,225,1
atitlan,2026-04-13,690150.0,1614450.0,0.35027567,26.605812,225,1
atitlan,2026-04-13,690450.0,1614450.0,0.3769174,31.846071,225,1
atitlan,2026-04-13,690750.0,1614450.0,0.34386936,27.091955,225,1
atitlan,2026-04-13,691050.0,1614450.0,0.36262637,29.210894,225,1
atitlan,2026-04-13,691350.0,1614450.0,0.36389503,29.05087,225,1
atitlan,2026-04-13,691650.0,1614450.0,0.36431655,28.806736,225,1
atitlan,2026-04-13,691950.0,1614450.0,0.35009074,27.30098,225,1
atitlan,2026-04-13,692250.0,1614450.0,0.3566884,27.687475,225,1
atitlan,2026-04-13,692550.0,1614450.0,0.35689953,26.565948,225,1
atitlan,2026-04-13,692850.0,1614450.0,0.35684198,26.723871,225,1
atitlan,2026-04-13,693150.0,1614450.0,0.355829,26.459614,225,1
atitlan,2026-04-13,693450.0,1614450.0,0.37984982,32.104805,225,1
atitlan,2026-04-13,693750.0,1614450.0,0.3614291,27.9447,225,1
atitlan,2026-04-13,694050.0,1614450.0,0.3415917,23.696207,225,1
atitlan,2026-04-13,694350.0,1614450.0,0.364809,28.094194,225,1
atitlan,2026-04-13,694650.0,1614450.0,0.37915266,31.300177,225,1
atitlan,2026-04-13,694950.0,1614450.0,0.38133273,32.058643,225,1
atitlan,2026-04-13,695250.0,1614450.0,0.37725648,30.806704,225,1
atitlan,2026-04-13,695550.0,1614450.0,0.37503612,30.549,225,1
atitlan,2026-04-13,695850.0,1614450.0,0.3671846,28.77807,225,1
atitlan,2026-04-13,696150.0,1614450.0,0.3852019,33.35765,225,1
atitlan,2026-04-13,696450.0,1614450.0,0.36054522,27.438826,225,1
atitlan,2026-04-13,696750.0,1614450.0,0.36726505,29.766655,225,1
atitlan,2026-04-13,697050.0,1614450.0,0.31331754,20.627949,225,1
atitlan,2026-04-13,697350.0,1614450.0,0.27394786,16.070568,225,1
atitlan,2026-04-13,697650.0,1614450.0,0.28702393,16.81868,225,1
atitlan,2026-04-13,697950.0,1614450.0,0.30073848,18.909403,225,1
atitlan,2026-04-13,698250.0,1614450.0,0.27034542,14.612609,225,1
atitlan,2026-04-13,698550.0,1614450.0,0.26789656,14.124001,225,1
atitlan,2026-04-13,698850.0,1614450.0,0.25596258,12.9559,225,1
atitlan,2026-04-13,699150.0,1614450.0,0.24357878,12.099143,225,1
atitlan,2026-04-13,699450.0,1614450.0,0.23522116,11.5610695,225,0
atitlan,2026-04-13,699750.0,1614450.0,0.23262684,12.542685,225,1
atitlan,2026-04-13,700050.0,1614450.0,0.20571786,13.077281,225,1
atitlan,2026-04-13,700350.0,1614450.0,0.22839068,10.945832,225,0
atitlan,2026-04-13,700650.0,1614450.0,0.18374854,9.49737,225,0
atitlan,2026-04-13,700950.0,1614450.0,0.11187866,6.4643955,225,0
atitlan,2026-04-13,701250.0,1614450.0,0.22695087,11.734544,225,0
atitlan,2026-04-13,701550.0,1614450.0,0.21808548,11.3144,225,0
atitlan,2026-04-13,701850.0,1614450.0,0.18218753,10.907846,225,0
atitlan,2026-04-13,702150.0,1614450.0,0.14276625,8.3648615,225,0
atitlan,2026-04-13,702450.0,1614450.0,0.27244893,15.185738,225,1
atitlan,2026-04-13,702750.0,1614450.0,0.29597914,17.349169,225,1
atitlan,2026-04-13,703050.0,1614450.0,0.31816402,20.140099,225,1
atitlan,2026-04-13,703350.0,1614450.0,0.31055766,18.92599,225,1
atitlan,2026-04-13,703650.0,1614450.0,0.315126,20.833517,225,1
atitlan,2026-04-13,703950.0,1614450.0,0.31665796,20.040396,225,1
atitlan,2026-04-13,704250.0,1614450.0,0.3466494,24.848017,225,1
atitlan,2026-04-13,704550.0,1614450.0,0.34729487,25.151524,225,1
atitlan,2026-04-13,704850.0,1614450.0,0.32571238,21.558754,225,1
atitlan,2026-04-13,705150.0,1614450.0,0.32794538,21.901007,225,1
atitlan,2026-04-13,705450.0,1614450.0,0.34413883,23.937563,225,1
atitlan,2026-04-13,705750.0,1614450.0,0.3477759,25.10381,225,1
atitlan,2026-04-13,706050.0,1614450.0,0.36409187,28.25655,225,1
atitlan,2026-04-13,706350.0,1614450.0,0.34954605,25.580297,225,1
atitlan,2026-04-13,706650.0,1614450.0,0.34240898,25.168888,225,1
atitlan,2026-04-13,706950.0,1614450.0,0.37359646,30.140108,225,1
atitlan,2026-04-13,707250.0,1614450.0,0.38431227,32.462364,225,1
atitlan,2026-04-13,707550.0,1614450.0,0.3856829,33.003098,225,1
atitlan,2026-04-13,707850.0,1614450.0,0.3750586,30.434835,45,1
atitlan,2026-04-13,680250.0,1614750.0,0.2738897,14.262554,180,1
atitlan,2026-04-13,680550.0,1614750.0,0.34056392,23.627193,225,1
atitlan,2026-04-13,680850.0,1614750.0,0.38673285,33.480816,225,1
atitlan,2026-04-13,681150.0,1614750.0,0.37614337,31.222898,225,1
atitlan,2026-04-13,681450.0,1614750.0,0.3758196,30.714834,225,1
atitlan,2026-04-13,681750.0,1614750.0,0.37564588,30.871021,225,1
atitlan,2026-04-13,682050.0,1614750.0,0.3753701,30.62553,225,1
atitlan,2026-04-13,682350.0,1614750.0,0.34444252,24.336388,225,1
atitlan,2026-04-13,682650.0,1614750.0,0.37951136,31.664516,225,1
atitlan,2026-04-13,682950.0,1614750.0,0.34569356,24.649273,225,1
atitlan,2026-04-13,683250.0,1614750.0,0.36744428,28.924383,225,1
atitlan,2026-04-13,683550.0,1614750.0,0.3550636,26.720137,225,1
atitlan,2026-04-13,683850.0,1614750.0,0.35128817,25.395187,225,1
atitlan,2026-04-13,684150.0,1614750.0,0.34718883,24.744175,225,1
atitlan,2026-04-13,684450.0,1614750.0,0.33747956,22.87965,225,1
atitlan,2026-04-13,684750.0,1614750.0,0.34847805,24.754236,225,1
atitlan,2026-04-13,685050.0,1614750.0,0.3493188,25.15593,225,1
atitlan,2026-04-13,685350.0,1614750.0,0.37767056,31.084478,225,1
atitlan,2026-04-13,685650.0,1614750.0,0.37155455,29.59396,225,1
atitlan,2026-04-13,685950.0,1614750.0,0.36411855,27.931046,225,1
atitlan,2026-04-13,686250.0,1614750.0,0.3591976,26.839611,225,1
atitlan,2026-04-13,686550.0,1614750.0,0.34820315,24.975536,225,1
atitlan,2026-04-13,686850.0,1614750.0,0.3513033,25.238668,225,1
atitlan,2026-04-13,687150.0,1614750.0,0.34525234,24.004414,225,1
atitlan,2026-04-13,687450.0,1614750.0,0.3513119,25.554966,225,1
atitlan,2026-04-13,687750.0,1614750.0,0.35484946,26.210289,225,1
atitlan,2026-04-13,688050.0,1614750.0,0.3496167,25.521368,225,1
atitlan,2026-04-13,688350.0,1614750.0,0.36373484,28.398857,225,1
atitlan,2026-04-13,688650.0,1614750.0,0.36894086,29.578346,225,1
atitlan,2026-04-13,688950.0,1614750.0,0.3641804,28.450247,225,1
atitlan,2026-04-13,689250.0,1614750.0,0.34706074,25.07022,225,1
atitlan,2026-04-13,689550.0,1614750.0,0.34250867,24.7786,225,1
atitlan,2026-04-13,689850.0,1614750.0,0.30972138,21.026382,225,1
atitlan,2026-04-13,690150.0,1614750.0,0.30681258,21.482748,225,1
atitlan,2026-04-13,690450.0,1614750.0,0.28439108,17.041946,225,1
atitlan,2026-04-13,690750.0,1614750.0,0.2639821,14.583376,225,1
atitlan,2026-04-13,691050.0,1614750.0,0.33550858,25.822617,225,1
atitlan,2026-04-13,691350.0,1614750.0,0.35801697,29.185411,225,1
atitlan,2026-04-13,691650.0,1614750.0,0.3573921,28.099545,225,1
atitlan,2026-04-13,691950.0,1614750.0,0.33884302,26.336456,225,1
atitlan,2026-04-13,692250.0,1614750.0,0.35742128,28.341066,225,1
atitlan,2026-04-13,692550.0,1614750.0,0.3739945,30.584295,225,1
atitlan,2026-04-13,692850.0,1614750.0,0.35782287,26.787851,225,1
atitlan,2026-04-13,693150.0,1614750.0,0.34594676,24.202055,225,1
atitlan,2026-04-13,693450.0,1614750.0,0.3805325,32.6001,225,1
atitlan,2026-04-13,693750.0,1614750.0,0.3591597,27.516151,225,1
atitlan,2026-04-13,694050.0,1614750.0,0.3452458,24.174747,225,1
atitlan,2026-04-13,694350.0,1614750.0,0.35772645,26.493532,225,1
atitlan,2026-04-13,694650.0,1614750.0,0.36923924,28.986765,225,1
atitlan,2026-04-13,694950.0,1614750.0,0.3710158,29.479523,225,1
atitlan,2026-04-13,695250.0,1614750.0,0.37381417,30.01098,225,1
atitlan,2026-04-13,695550.0,1614750.0,0.37241766,29.85179,225,1
atitlan,2026-04-13,695850.0,1614750.0,0.37521046,30.534868,225,1
atitlan,2026-04-13,696150.0,1614750.0,0.37529403,30.669832,225,1
atitlan,2026-04-13,696450.0,1614750.0,0.35368887,26.073135,225,1
atitlan,2026-04-13,696750.0,1614750.0,0.35802853,27.644459,225,1
atitlan,2026-04-13,697050.0,1614750.0,0.31336084,20.755447,225,1
atitlan,2026-04-13,697350.0,1614750.0,0.2985048,20.015059,225,1
atitlan,2026-04-13,697650.0,1614750.0,0.32869446,22.733578,225,1
atitlan,2026-04-13,697950.0,1614750.0,0.3095607,19.555773,225,1
atitlan,2026-04-13,698250.0,1614750.0,0.30724615,18.844276,225,1
atitlan,2026-04-13,698550.0,1614750.0,0.2862185,16.07497,225,1
atitlan,2026-04-13,698850.0,1614750.0,0.23661184,12.571245,225,1
atitlan,2026-04-13,699150.0,1614750.0,0.24386272,12.397086,225,1
atitlan,2026-04-13,699450.0,1614750.0,0.22421858,10.234605,225,0
atitlan,2026-04-13,699750.0,1614750.0,0.22676393,10.250291,225,0
atitlan,2026-04-13,700050.0,1614750.0,0.24694702,11.5322,225,0
atitlan,2026-04-13,700350.0,1614750.0,0.2721424,13.8788595,225,1
atitlan,2026-04-13,700650.0,1614750.0,0.26640758,13.718016,225,1
atitlan,2026-04-13,700950.0,1614750.0,0.22139034,11.0107,225,0
atitlan,2026-04-13,701250.0,1614750.0,0.19316904,9.070436,225,0
atitlan,2026-04-13,701550.0,1614750.0,0.10071743,5.8993683,225,0
atitlan,2026-04-13,701850.0,1614750.0,0.09498233,6.7957206,225,0
atitlan,2026-04-13,702150.0,1614750.0,0.20473558,11.967457,225,0
atitlan,2026-04-13,702450.0,1614750.0,0.3132557,19.87441,225,1
atitlan,2026-04-13,702750.0,1614750.0,0.31447995,19.664171,225,1
atitlan,2026-04-13,703050.0,1614750.0,0.32211167,20.555346,225,1
atitlan,2026-04-13,703350.0,1614750.0,0.30311042,18.147654,225,1
atitlan,2026-04-13,703650.0,1614750.0,0.313799,19.915565,225,1
atitlan,2026-04-13,703950.0,1614750.0,0.3141408,19.986301,225,1
atitlan,2026-04-13,704250.0,1614750.0,0.34173298,23.463259,225,1
atitlan,2026-04-13,704550.0,1614750.0,0.35107842,25.779312,225,1
atitlan,2026-04-13,704850.0,1614750.0,0.32573605,21.627415,225,1
atitlan,2026-04-13,705150.0,1614750.0,0.32493153,21.256289,225,1
atitlan,2026-04-13,705450.0,1614750.0,0.32820332,21.252163,225,1
atitlan,2026-04-13,705750.0,1614750.0,0.34449163,24.16751,225,1
atitlan,2026-04-13,706050.0,1614750.0,0.36373475,28.117615,225,1
atitlan,2026-04-13,706350.0,1614750.0,0.3504959,25.685234,225,1
atitlan,2026-04-13,706650.0,1614750.0,0.3578663,26.730644,225,1
atitlan,2026-04-13,706950.0,1614750.0,0.36640316,28.499672,225,1
atitlan,2026-04-13,707250.0,1614750.0,0.37036988,29.385622,225,1
atitlan,2026-04-13,707550.0,1614750.0,0.35734093,26.686514,225,1
atitlan,2026-04-13,707850.0,1614750.0,0.3606025,27.147398,45,1
atitlan,2026-04-13,680250.0,1615050.0,0.27502337,13.938704,180,1
atitlan,2026-04-13,680550.0,1615050.0,0.3062234,17.62175,225,1
atitlan,2026-04-13,680850.0,1615050.0,0.33731392,24.035639,225,1
atitlan,2026-04-13,681150.0,1615050.0,0.36340865,28.293478,225,1
atitlan,2026-04-13,681450.0,1615050.0,0.3547638,25.9224,225,1
atitlan,2026-04-13,681750.0,1615050.0,0.35943976,26.888348,225,1
atitlan,2026-04-13,682050.0,1615050.0,0.37827033,31.188759,225,1
atitlan,2026-04-13,682350.0,1615050.0,0.37446234,30.5308,225,1
atitlan,2026-04-13,682650.0,1615050.0,0.38540274,33.204277,225,1
atitlan,2026-04-13,682950.0,1615050.0,0.35264802,26.477419,225,1
atitlan,2026-04-13,683250.0,1615050.0,0.37278137,30.181496,225,1
atitlan,2026-04-13,683550.0,1615050.0,0.34352422,25.312151,225,1
atitlan,2026-04-13,683850.0,1615050.0,0.3477227,25.07938,225,1
atitlan,2026-04-13,684150.0,1615050.0,0.3681896,29.118986,225,1
atitlan,2026-04-13,684450.0,1615050.0,0.35425404,26.241617,225,1
atitlan,2026-04-13,684750.0,1615050.0,0.34416732,23.980165,225,1
atitlan,2026-04-13,685050.0,1615050.0,0.3333846,22.052277,225,1
atitlan,2026-04-13,685350.0,1615050.0,0.38014448,32.297382,225,1
atitlan,2026-04-13,685650.0,1615050.0,0.38098925,31.76258,225,1
atitlan,2026-04-13,685950.0,1615050.0,0.3624721,27.64399,225,1
atitlan,2026-04-13,686250.0,1615050.0,0.3616579,27.262789,225,1
atitlan,2026-04-13,686550.0,1615050.0,0.35434014,25.98783,225,1
atitlan,2026-04-13,686850.0,1615050.0,0.35592547,26.086632,225,1
atitlan,2026-04-13,687150.0,1615050.0,0.35933688,27.120493,225,1
atitlan,2026-04-13,687450.0,1615050.0,0.35393554,26.050392,225,1
atitlan,2026-04-13,687750.0,1615050.0,0.3616227,27.499786,225,1
atitlan,2026-04-13,688050.0,1615050.0,0.3445702,25.3176,225,1
atitlan,2026-04-13,688350.0,1615050.0,0.31538892,21.177544,225,1
atitlan,2026-04-13,688650.0,1615050.0,0.35937628,28.171045,225,1
atitlan,2026-04-13,688950.0,1615050.0,0.35438836,26.754698,225,1
atitlan,2026-04-13,689250.0,1615050.0,0.36051983,28.221775,225,1
atitlan,2026-04-13,689550.0,1615050.0,0.3477301,26.464035,225,1
atitlan,2026-04-13,689850.0,1615050.0,0.32095164,22.103916,225,1
atitlan,2026-04-13,690150.0,1615050.0,0.21010551,10.662878,225,0
atitlan,2026-04-13,690450.0,1615050.0,0.30039167,19.002651,225,1
atitlan,2026-04-13,690750.0,1615050.0,0.33053854,22.840178,225,1
atitlan,2026-04-13,691050.0,1615050.0,0.2910948,20.733791,225,1
atitlan,2026-04-13,691350.0,1615050.0,0.30972078,22.453524,225,1
atitlan,2026-04-13,691650.0,1615050.0,0.32481328,24.278624,225,1
atitlan,2026-04-13,691950.0,1615050.0,0.33918884,24.617977,225,1
atitlan,2026-04-13,692250.0,1615050.0,0.36365494,28.274536,225,1
atitlan,2026-04-13,692550.0,1615050.0,0.35550228,26.8358,225,1
atitlan,2026-04-13,692850.0,1615050.0,0.35144535,25.306438,225,1
atitlan,2026-04-13,693150.0,1615050.0,0.3302749,21.829308,225,1
atitlan,2026-04-13,693450.0,1615050.0,0.35560703,26.515076,225,1
atitlan,2026-04-13,693750.0,1615050.0,0.3504051,25.036642,225,1
atitlan,2026-04-13,694050.0,1615050.0,0.3693949,29.170612,225,1
atitlan,2026-04-13,694350.0,1615050.0,0.3673283,28.729065,225,1
atitlan,2026-04-13,694650.0,1615050.0,0.36225492,27.684608,225,1
atitlan,2026-04-13,694950.0,1615050.0,0.36800188,28.764757,225,1
atitlan,2026-04-13,695250.0,1615050.0,0.37626988,31.025074,225,1
atitlan,2026-04-13,695550.0,1615050.0,0.32106456,25.80578,225,1
atitlan,2026-04-13,695850.0,1615050.0,0.37118065,31.12937,225,1
atitlan,2026-04-13,696150.0,1615050.0,0.3623353,28.644138,225,1
atitlan,2026-04-13,696450.0,1615050.0,0.36097854,27.618551,225,1
atitlan,2026-04-13,696750.0,1615050.0,0.3664373,29.79374,225,1
atitlan,2026-04-13,697050.0,1615050.0,0.33721825,23.651371,225,1
atitlan,2026-04-13,697350.0,1615050.0,0.31445903,20.053465,225,1
atitlan,2026-04-13,697650.0,1615050.0,0.29767367,21.322481,225,1
atitlan,2026-04-13,697950.0,1615050.0,0.32076272,21.315561,225,1
atitlan,2026-04-13,698250.0,1615050.0,0.31637815,21.198189,225,1
atitlan,2026-04-13,698550.0,1615050.0,0.30999082,19.844025,225,1
atitlan,2026-04-13,698850.0,1615050.0,0.29809174,17.563688,225,1
atitlan,2026-04-13,699150.0,1615050.0,0.27731165,15.356785,225,1
atitlan,2026-04-13,699450.0,1615050.0,0.26990223,14.244245,225,1
atitlan,2026-04-13,699750.0,1615050.0,0.26100954,13.201439,225,1
atitlan,2026-04-13,700050.0,1615050.0,0.23027435,11.073311,225,0
atitlan,2026-04-13,700350.0,1615050.0,0.22442876,9.674842,225,0
atitlan,2026-04-13,700650.0,1615050.0,0.20220554,10.355872,225,0
atitlan,2026-04-13,700950.0,1615050.0,0.19089042,9.362287,225,0
atitlan,2026-04-13,701250.0,1615050.0,0.20037808,9.576426,225,0
atitlan,2026-04-13,701550.0,1615050.0,0.24760814,12.617194,225,1
atitlan,2026-04-13,701850.0,1615050.0,0.30975622,18.73638,225,1
atitlan,2026-04-13,702150.0,1615050.0,0.28792766,16.855639,225,1
atitlan,2026-04-13,702450.0,1615050.0,0.30520755,18.408003,225,1
atitlan,2026-04-13,702750.0,1615050.0,0.3284456,21.925756,225,1
atitlan,2026-04-13,703050.0,1615050.0,0.33350223,22.499508,225,1
atitlan,2026-04-13,703350.0,1615050.0,0.31282654,19.483917,225,1
atitlan,2026-04-13,703650.0,1615050.0,0.32790792,21.844446,225,1
atitlan,2026-04-13,703950.0,1615050.0,0.3099407,18.773453,225,1
atitlan,2026-04-13,704250.0,1615050.0,0.33999616,23.816143,225,1
atitlan,2026-04-13,704550.0,1615050.0,0.34562954,25.434431,225,1
atitlan,2026-04-13,704850.0,1615050.0,0.29571223,18.578245,225,1
atitlan,2026-04-13,705150.0,1615050.0,0.29377478,18.047327,225,1
atitlan,2026-04-13,705450.0,1615050.0,0.33315444,22.794748,225,1
atitlan,2026-04-13,705750.0,1615050.0,0.33444798,22.30119,225,1
atitlan,2026-04-13,706050.0,1615050.0,0.3379138,22.721056,225,1
atitlan,2026-04-13,706350.0,1615050.0,0.33096877,21.846897,225,1
atitlan,2026-04-13,706650.0,1615050.0,0.36648428,29.254475,225,1
atitlan,2026-04-13,706950.0,1615050.0,0.32967106,21.745943,225,1
atitlan,2026-04-13,707250.0,1615050.0,0.35139272,25.410982,225,1
atitlan,2026-04-13,707550.0,1615050.0,0.3718849,29.747862,225,1
atitlan,2026-04-13,707850.0,1615050.0,0.36645338,28.502054,45,1
atitlan,2026-04-13,680250.0,1615350.0,0.34383625,24.648542,180,1
atitlan,2026-04-13,680550.0,1615350.0,0.33721632,24.101707,225,1
atitlan,2026-04-13,680850.0,1615350.0,0.36518887,31.11074,225,1
atitlan,2026-04-13,681150.0,1615350.0,0.38306713,32.73856,225,1
atitlan,2026-04-13,681450.0,1615350.0,0.36248633,27.479317,225,1
atitlan,2026-04-13,681750.0,1615350.0,0.3584434,26.702003,225,1
atitlan,2026-04-13,682050.0,1615350.0,0.38569793,33.33645,225,1
atitlan,2026-04-13,682350.0,1615350.0,0.36946994,29.62208,225,1
atitlan,2026-04-13,682650.0,1615350.0,0.3960422,35.823994,225,1
atitlan,2026-04-13,682950.0,1615350.0,0.38823947,33.743767,225,1
atitlan,2026-04-13,683250.0,1615350.0,0.3880862,33.6449,225,1
atitlan,2026-04-13,683550.0,1615350.0,0.36732292,29.495317,225,1
atitlan,2026-04-13,683850.0,1615350.0,0.33899745,23.33808,225,1
atitlan,2026-04-13,684150.0,1615350.0,0.37361097,30.150103,225,1
atitlan,2026-04-13,684450.0,1615350.0,0.36980325,29.648863,225,1
atitlan,2026-04-13,684750.0,1615350.0,0.3609336,27.956795,225,1
atitlan,2026-04-13,685050.0,1615350.0,0.33747682,22.773106,225,1
atitlan,2026-04-13,685350.0,1615350.0,0.36523455,28.419088,225,1
atitlan,2026-04-13,685650.0,1615350.0,0.38698065,33.285805,225,1
atitlan,2026-04-13,685950.0,1615350.0,0.38016248,31.862284,225,1
atitlan,2026-04-13,686250.0,1615350.0,0.3695656,29.103743,225,1
atitlan,2026-04-13,686550.0,1615350.0,0.36086473,27.204159,225,1
atitlan,2026-04-13,686850.0,1615350.0,0.36634907,28.433432,225,1
atitlan,2026-04-13,687150.0,1615350.0,0.35995346,26.992655,225,1
atitlan,2026-04-13,687450.0,1615350.0,0.35260725,25.59959,225,1
atitlan,2026-04-13,687750.0,1615350.0,0.34866908,25.809845,225,1
atitlan,2026-04-13,688050.0,1615350.0,0.3483136,25.996977,225,1
atitlan,2026-04-13,688350.0,1615350.0,0.33162454,23.732805,225,1
atitlan,2026-04-13,688650.0,1615350.0,0.35973236,28.085285,225,1
atitlan,2026-04-13,688950.0,1615350.0,0.34333897,25.313833,225,1
atitlan,2026-04-13,689250.0,1615350.0,0.2848575,17.94416,225,1
atitlan,2026-04-13,689550.0,1615350.0,0.31020808,19.821314,225,1
atitlan,2026-04-13,689850.0,1615350.0,0.28618446,17.716043,225,1
atitlan,2026-04-13,690150.0,1615350.0,0.25874355,13.568666,225,1
atitlan,2026-04-13,690450.0,1615350.0,0.3034841,19.652838,225,1
atitlan,2026-04-13,690750.0,1615350.0,0.3147034,21.771755,225,1
atitlan,2026-04-13,691050.0,1615350.0,0.33264014,24.271637,225,1
atitlan,2026-04-13,691350.0,1615350.0,0.34610805,26.07003,225,1
atitlan,2026-04-13,691650.0,1615350.0,0.35432464,26.669281,225,1
atitlan,2026-04-13,691950.0,1615350.0,0.3393889,24.456715,225,1
atitlan,2026-04-13,692250.0,1615350.0,0.3586858,27.63149,225,1
atitlan,2026-04-13,692550.0,1615350.0,0.3535607,26.673563,225,1
atitlan,2026-04-13,692850.0,1615350.0,0.3630592,28.220457,225,1
atitlan,2026-04-13,693150.0,1615350.0,0.36021197,27.104555,225,1
atitlan,2026-04-13,693450.0,1615350.0,0.35657975,26.512272,225,1
atitlan,2026-04-13,693750.0,1615350.0,0.35960144,27.201855,225,1
atitlan,2026-04-13,694050.0,1615350.0,0.35642505,27.03911,225,1
atitlan,2026-04-13,694350.0,1615350.0,0.33410025,22.481218,225,1
atitlan,2026-04-13,694650.0,1615350.0,0.34240255,23.933474,225,1
atitlan,2026-04-13,694950.0,1615350.0,0.36087435,27.815008,225,1
atitlan,2026-04-13,695250.0,1615350.0,0.38209486,32.712757,225,1
atitlan,2026-04-13,695550.0,1615350.0,0.37260905,32.816803,225,1
atitlan,2026-04-13,695850.0,1615350.0,0.36916327,31.94192,225,1
atitlan,2026-04-13,696150.0,1615350.0,0.36582887,30.802692,225,1
atitlan,2026-04-13,696450.0,1615350.0,0.28135768,21.069073,225,1
atitlan,2026-04-13,696750.0,1615350.0,0.2285511,15.442692,225,1
atitlan,2026-04-13,697050.0,1615350.0,0.2931853,18.431984,225,1
atitlan,2026-04-13,697350.0,1615350.0,0.31355262,19.73333,225,1
atitlan,2026-04-13,697650.0,1615350.0,0.31494465,21.639969,225,1
atitlan,2026-04-13,697950.0,1615350.0,0.3223707,20.983778,225,1
atitlan,2026-04-13,698250.0,1615350.0,0.3426592,24.043005,225,1
atitlan,2026-04-13,698550.0,1615350.0,0.3228929,21.504656,225,1
atitlan,2026-04-13,698850.0,1615350.0,0.280191,15.488035,225,1
atitlan,2026-04-13,699150.0,1615350.0,0.26657185,14.593832,225,1
atitlan,2026-04-13,699450.0,1615350.0,0.26600394,14.404944,225,1
atitlan,2026-04-13,699750.0,1615350.0,0.25256503,12.739086,225,1
atitlan,2026-04-13,700050.0,1615350.0,0.2391177,11.329835,225,0
atitlan,2026-04-13,700350.0,1615350.0,0.2538326,13.398357,225,1
atitlan,2026-04-13,700650.0,1615350.0,0.15386349,9.18992,225,0
atitlan,2026-04-13,700950.0,1615350.0,0.12467103,7.0739274,225,0
atitlan,2026-04-13,701250.0,1615350.0,0.19481565,9.552417,225,0
atitlan,2026-04-13,701550.0,1615350.0,0.27794108,15.8718,225,1
atitlan,2026-04-13,701850.0,1615350.0,0.30586383,18.315994,225,1
atitlan,2026-04-13,702150.0,1615350.0,0.28874707,15.980435,225,1
atitlan,2026-04-13,702450.0,1615350.0,0.33124405,22.617146,225,1
atitlan,2026-04-13,702750.0,1615350.0,0.34883988,25.214708,225,1
atitlan,2026-04-13,703050.0,1615350.0,0.30793813,19.12575,225,1
atitlan,2026-04-13,703350.0,1615350.0,0.30194432,17.921515,225,1
atitlan,2026-04-13,703650.0,1615350.0,0.32408792,21.500114,225,1
atitlan,2026-04-13,703950.0,1615350.0,0.32784754,21.46862,225,1
atitlan,2026-04-13,704250.0,1615350.0,0.33900088,24.341091,225,1
atitlan,2026-04-13,704550.0,1615350.0,0.34669718,25.227142,225,1
atitlan,2026-04-13,704850.0,1615350.0,0.29274228,18.129755,225,1
atitlan,2026-04-13,705150.0,1615350.0,0.3093757,19.64577,225,1
atitlan,2026-04-13,705450.0,1615350.0,0.32010874,21.139303,225,1
atitlan,2026-04-13,705750.0,1615350.0,0.29516447,17.238274,225,1
atitlan,2026-04-13,706050.0,1615350.0,0.33178884,22.545326,225,1
atitlan,2026-04-13,706350.0,1615350.0,0.34727216,24.644936,225,1
atitlan,2026-04-13,706650.0,1615350.0,0.3629856,28.038918,225,1
atitlan,2026-04-13,706950.0,1615350.0,0.3390082,23.240292,225,1
atitlan,2026-04-13,707250.0,1615350.0,0.34551856,24.306906,225,1
atitlan,2026-04-13,707550.0,1615350.0,0.34654474,24.711,225,1
atitlan,2026-04-13,707850.0,1615350.0,0.3423661,24.186005,45,1
atitlan,2026-04-13,680250.0,1615650.0,0.37859616,31.94347,180,1
atitlan,2026-04-13,680550.0,1615650.0,0.38797656,34.533043,225,1
atitlan,2026-04-13,680850.0,1615650.0,0.41903853,42.62364,225,1
atitlan,2026-04-13,681150.0,1615650.0,0.41925344,42.499123,225,1
atitlan,2026-04-13,681450.0,1615650.0,0.3662986,28.531961,225,1
atitlan,2026-04-13,681750.0,1615650.0,0.34648493,25.206656,225,1
atitlan,2026-04-13,682050.0,1615650.0,0.3798894,31.878042,225,1
atitlan,2026-04-13,682350.0,1615650.0,0.3746052,30.7575,225,1
atitlan,2026-04-13,682650.0,1615650.0,0.4027308,37.751904,225,1
atitlan,2026-04-13,682950.0,1615650.0,0.39729756,36.332146,225,1
atitlan,2026-04-13,683250.0,1615650.0,0.38265076,32.5004,225,1
atitlan,2026-04-13,683550.0,1615650.0,0.38339207,32.55435,225,1
atitlan,2026-04-13,683850.0,1615650.0,0.34877548,25.300322,225,1
atitlan,2026-04-13,684150.0,1615650.0,0.35915506,27.39329,225,1
atitlan,2026-04-13,684450.0,1615650.0,0.38403165,33.360847,225,1
atitlan,2026-04-13,684750.0,1615650.0,0.36727658,29.09974,225,1
atitlan,2026-04-13,685050.0,1615650.0,0.3568928,26.774006,225,1
atitlan,2026-04-13,685350.0,1615650.0,0.35703036,26.64809,225,1
atitlan,2026-04-13,685650.0,1615650.0,0.38474473,32.802494,225,1
atitlan,2026-04-13,685950.0,1615650.0,0.38673,33.298817,225,1
atitlan,2026-04-13,686250.0,1615650.0,0.3803588,31.619696,225,1
atitlan,2026-04-13,686550.0,1615650.0,0.363758,27.98816,225,1
atitlan,2026-04-13,686850.0,1615650.0,0.35927287,26.990908,225,1
atitlan,2026-04-13,687150.0,1615650.0,0.35070685,25.467165,225,1
atitlan,2026-04-13,687450.0,1615650.0,0.34225017,23.599882,225,1
atitlan,2026-04-13,687750.0,1615650.0,0.33230484,23.924326,225,1
atitlan,2026-04-13,688050.0,1615650.0,0.35389593,26.835423,225,1
atitlan,2026-04-13,688350.0,1615650.0,0.3279559,22.657751,225,1
atitlan,2026-04-13,688650.0,1615650.0,0.30776787,20.790983,225,1
atitlan,2026-04-13,688950.0,1615650.0,0.29477596,20.237432,225,1
atitlan,2026-04-13,689250.0,1615650.0,0.2488599,15.040503,225,1
atitlan,2026-04-13,689550.0,1615650.0,0.26807716,15.402724,225,1
atitlan,2026-04-13,689850.0,1615650.0,0.29112685,18.573921,225,1
atitlan,2026-04-13,690150.0,1615650.0,0.2956346,18.493122,225,1
atitlan,2026-04-13,690450.0,1615650.0,0.2869166,17.536299,225,1
atitlan,2026-04-13,690750.0,1615650.0,0.26808995,16.26376,225,1
atitlan,2026-04-13,691050.0,1615650.0,0.33381152,23.638939,225,1
atitlan,2026-04-13,691350.0,1615650.0,0.32135117,21.73085,225,1
atitlan,2026-04-13,691650.0,1615650.0,0.32320628,21.461552,225,1
atitlan,2026-04-13,691950.0,1615650.0,0.31633538,21.911186,225,1
atitlan,2026-04-13,692250.0,1615650.0,0.34275407,26.407196,225,1
atitlan,2026-04-13,692550.0,1615650.0,0.3518015,25.837282,225,1
atitlan,2026-04-13,692850.0,1615650.0,0.36688507,28.848637,225,1
atitlan,2026-04-13,693150.0,1615650.0,0.34535813,24.28649,225,1
atitlan,2026-04-13,693450.0,1615650.0,0.35307133,25.838352,225,1
atitlan,2026-04-13,693750.0,1615650.0,0.34836125,24.902712,225,1
atitlan,2026-04-13,694050.0,1615650.0,0.33264312,21.825495,225,1
atitlan,2026-04-13,694350.0,1615650.0,0.31236964,18.952227,225,1
atitlan,2026-04-13,694650.0,1615650.0,0.3467338,25.025097,225,1
atitlan,2026-04-13,694950.0,1615650.0,0.34478343,24.356836,225,1
atitlan,2026-04-13,695250.0,1615650.0,0.35828862,26.829382,225,1
atitlan,2026-04-13,695550.0,1615650.0,0.37396488,30.350386,225,1
atitlan,2026-04-13,695850.0,1615650.0,0.36989692,29.837786,225,1
atitlan,2026-04-13,696150.0,1615650.0,0.38207853,32.575527,225,1
atitlan,2026-04-13,696450.0,1615650.0,0.3790532,31.953014,225,1
atitlan,2026-04-13,696750.0,1615650.0,0.33034077,25.219929,225,1
atitlan,2026-04-13,697050.0,1615650.0,0.29956564,19.987446,225,1
atitlan,2026-04-13,697350.0,1615650.0,0.3055587,20.36881,225,1
atitlan,2026-04-13,697650.0,1615650.0,0.2805802,17.238085,225,1
atitlan,2026-04-13,697950.0,1615650.0,0.31218168,21.454994,225,1
atitlan,2026-04-13,698250.0,1615650.0,0.31922767,20.772743,225,1
atitlan,2026-04-13,698550.0,1615650.0,0.30868268,19.419565,225,1
atitlan,2026-04-13,698850.0,1615650.0,0.29604146,17.080624,225,1
atitlan,2026-04-13,699150.0,1615650.0,0.250858,11.881347,225,0
atitlan,2026-04-13,699450.0,1615650.0,0.25619093,12.890968,225,1
atitlan,2026-04-13,699750.0,1615650.0,0.28122792,15.392359,225,1
atitlan,2026-04-13,700050.0,1615650.0,0.25776747,12.695296,225,1
atitlan,2026-04-13,700350.0,1615650.0,0.2382625,10.6753235,225,0
atitlan,2026-04-13,700650.0,1615650.0,0.23802431,11.8534355,225,0
atitlan,2026-04-13,700950.0,1615650.0,0.20725496,10.601801,225,0
atitlan,2026-04-13,701250.0,1615650.0,0.25807613,13.888866,225,1
atitlan,2026-04-13,701550.0,1615650.0,0.3044422,18.895876,225,1
atitlan,2026-04-13,701850.0,1615650.0,0.3047022,18.971212,225,1
atitlan,2026-04-13,702150.0,1615650.0,0.33024085,22.313244,225,1
atitlan,2026-04-13,702450.0,1615650.0,0.33006608,22.573248,225,1
atitlan,2026-04-13,702750.0,1615650.0,0.28613117,16.18904,225,1
atitlan,2026-04-13,703050.0,1615650.0,0.28475705,16.723534,225,1
atitlan,2026-04-13,703350.0,1615650.0,0.31558862,19.771606,225,1
atitlan,2026-04-13,703650.0,1615650.0,0.29349118,18.163408,225,1
atitlan,2026-04-13,703950.0,1615650.0,0.34034207,23.340992,225,1
atitlan,2026-04-13,704250.0,1615650.0,0.33450148,23.682638,225,1
atitlan,2026-04-13,704550.0,1615650.0,0.33514386,22.769981,225,1
atitlan,2026-04-13,704850.0,1615650.0,0.31721678,20.076591,225,1
atitlan,2026-04-13,705150.0,1615650.0,0.31332082,19.894918,225,1
atitlan,2026-04-13,705450.0,1615650.0,0.33316442,22.730947,225,1
atitlan,2026-04-13,705750.0,1615650.0,0.32667163,22.132471,225,1
atitlan,2026-04-13,706050.0,1615650.0,0.31145298,20.024998,225,1
atitlan,2026-04-13,706350.0,1615650.0,0.33208713,23.42243,225,1
atitlan,2026-04-13,706650.0,1615650.0,0.34326425,24.456089,225,1
atitlan,2026-04-13,706950.0,1615650.0,0.35422313,26.26834,225,1
atitlan,2026-04-13,707250.0,1615650.0,0.358733,26.908476,225,1
atitlan,2026-04-13,707550.0,1615650.0,0.33464712,22.426376,225,1
atitlan,2026-04-13,707850.0,1615650.0,0.3461667,24.27439,45,1
atitlan,2026-04-13,680250.0,1615950.0,0.37289768,31.678286,180,1
atitlan,2026-04-13,680550.0,1615950.0,0.41391042,40.90772,225,1
atitlan,2026-04-13,680850.0,1615950.0,0.42732364,45.08529,225,1
atitlan,2026-04-13,681150.0,1615950.0,0.4380826,48.415825,225,1
atitlan,2026-04-13,681450.0,1615950.0,0.3820599,32.368652,225,1
atitlan,2026-04-13,681750.0,1615950.0,0.3746822,30.44561,225,1
atitlan,2026-04-13,682050.0,1615950.0,0.38888985,34.188065,225,1
atitlan,2026-04-13,682350.0,1615950.0,0.3899854,34.48139,225,1
atitlan,2026-04-13,682650.0,1615950.0,0.40136677,37.250305,225,1
atitlan,2026-04-13,682950.0,1615950.0,0.40682358,38.664917,225,1
atitlan,2026-04-13,683250.0,1615950.0,0.3885991,34.110485,225,1
atitlan,2026-04-13,683550.0,1615950.0,0.3869097,33.323696,225,1
atitlan,2026-04-13,683850.0,1615950.0,0.38747826,33.520725,225,1
atitlan,2026-04-13,684150.0,1615950.0,0.3700662,29.717222,225,1
atitlan,2026-04-13,684450.0,1615950.0,0.35960287,27.632872,225,1
atitlan,2026-04-13,684750.0,1615950.0,0.37856072,31.42321,225,1
atitlan,2026-04-13,685050.0,1615950.0,0.38036874,31.69831,225,1
atitlan,2026-04-13,685350.0,1615950.0,0.36741373,28.738329,225,1
atitlan,2026-04-13,685650.0,1615950.0,0.3839974,32.887848,225,1
atitlan,2026-04-13,685950.0,1615950.0,0.38279542,32.36424,225,1
atitlan,2026-04-13,686250.0,1615950.0,0.37038738,29.602884,225,1
atitlan,2026-04-13,686550.0,1615950.0,0.35325912,25.748852,225,1
atitlan,2026-04-13,686850.0,1615950.0,0.36444762,28.340727,225,1
atitlan,2026-04-13,687150.0,1615950.0,0.35987112,27.238565,225,1
atitlan,2026-04-13,687450.0,1615950.0,0.33331966,23.090551,225,1
atitlan,2026-04-13,687750.0,1615950.0,0.32069996,20.909868,225,1
atitlan,2026-04-13,688050.0,1615950.0,0.24595982,13.862554,225,1
atitlan,2026-04-13,688350.0,1615950.0,0.2471462,12.911065,225,1
atitlan,2026-04-13,688650.0,1615950.0,0.29476655,17.846611,225,1
atitlan,2026-04-13,688950.0,1615950.0,0.25825265,14.458965,225,1
atitlan,2026-04-13,689250.0,1615950.0,0.27363795,15.022746,225,1
atitlan,2026-04-13,689550.0,1615950.0,0.2383171,12.504527,225,1
atitlan,2026-04-13,689850.0,1615950.0,0.30169234,18.81984,225,1
atitlan,2026-04-13,690150.0,1615950.0,0.28054726,15.748967,225,1
atitlan,2026-04-13,690450.0,1615950.0,0.3008423,17.882223,225,1
atitlan,2026-04-13,690750.0,1615950.0,0.28722334,16.885494,225,1
atitlan,2026-04-13,691050.0,1615950.0,0.29450014,18.006437,225,1
atitlan,2026-04-13,691350.0,1615950.0,0.2796557,15.892727,225,1
atitlan,2026-04-13,691650.0,1615950.0,0.28976047,16.782326,225,1
atitlan,2026-04-13,691950.0,1615950.0,0.3279138,23.22428,225,1
atitlan,2026-04-13,692250.0,1615950.0,0.33585873,23.724663,225,1
atitlan,2026-04-13,692550.0,1615950.0,0.33710447,24.507965,225,1
atitlan,2026-04-13,692850.0,1615950.0,0.3573183,27.286364,225,1
atitlan,2026-04-13,693150.0,1615950.0,0.34101057,23.552496,225,1
atitlan,2026-04-13,693450.0,1615950.0,0.3319235,21.577461,225,1
atitlan,2026-04-13,693750.0,1615950.0,0.3487393,24.922504,225,1
atitlan,2026-04-13,694050.0,1615950.0,0.32949248,21.624998,225,1
atitlan,2026-04-13,694350.0,1615950.0,0.33037007,21.623873,225,1
atitlan,2026-04-13,694650.0,1615950.0,0.32857284,21.45153,225,1
atitlan,2026-04-13,694950.0,1615950.0,0.3641255,28.058374,225,1
atitlan,2026-04-13,695250.0,1615950.0,0.3753232,30.611439,225,1
atitlan,2026-04-13,695550.0,1615950.0,0.37630153,30.789434,225,1
atitlan,2026-04-13,695850.0,1615950.0,0.378807,31.597752,225,1
atitlan,2026-04-13,696150.0,1615950.0,0.38184622,32.844604,225,1
atitlan,2026-04-13,696450.0,1615950.0,0.36822173,30.156052,225,1
atitlan,2026-04-13,696750.0,1615950.0,0.35817772,27.337393,225,1
atitlan,2026-04-13,697050.0,1615950.0,0.3496039,26.682396,225,1
atitlan,2026-04-13,697350.0,1615950.0,0.35050556,27.23121,225,1
atitlan,2026-04-13,697650.0,1615950.0,0.33369744,23.773233,225,1
atitlan,2026-04-13,697950.0,1615950.0,0.30659258,18.413372,225,1
atitlan,2026-04-13,698250.0,1615950.0,0.33039477,21.997145,225,1
atitlan,2026-04-13,698550.0,1615950.0,0.3004717,18.896788,225,1
atitlan,2026-04-13,698850.0,1615950.0,0.30090177,17.79229,225,1
atitlan,2026-04-13,699150.0,1615950.0,0.26995704,13.509054,225,1
atitlan,2026-04-13,699450.0,1615950.0,0.26744315,13.684215,225,1
atitlan,2026-04-13,699750.0,1615950.0,0.2172394,9.870815,225,0
atitlan,2026-04-13,700050.0,1615950.0,0.27540118,13.909062,225,1
atitlan,2026-04-13,700350.0,1615950.0,0.23987691,11.597565,225,0
atitlan,2026-04-13,700650.0,1615950.0,0.2295608,10.61869,225,0
atitlan,2026-04-13,700950.0,1615950.0,0.15653393,6.2685113,225,0
atitlan,2026-04-13,701250.0,1615950.0,0.27257532,14.011563,225,1
atitlan,2026-04-13,701550.0,1615950.0,0.3070323,18.691576,225,1
atitlan,2026-04-13,701850.0,1615950.0,0.32263952,21.181408,225,1
atitlan,2026-04-13,702150.0,1615950.0,0.33497158,22.833548,225,1
atitlan,2026-04-13,702450.0,1615950.0,0.31798747,20.136768,225,1
atitlan,2026-04-13,702750.0,1615950.0,0.28363204,16.333761,225,1
atitlan,2026-04-13,703050.0,1615950.0,0.30159596,18.192156,225,1
atitlan,2026-04-13,703350.0,1615950.0,0.28974324,16.567345,225,1
atitlan,2026-04-13,703650.0,1615950.0,0.30082217,17.79506,225,1
atitlan,2026-04-13,703950.0,1615950.0,0.32950935,22.358555,225,1
atitlan,2026-04-13,704250.0,1615950.0,0.322966,21.808325,225,1
atitlan,2026-04-13,704550.0,1615950.0,0.31303072,19.031708,225,1
atitlan,2026-04-13,704850.0,1615950.0,0.32344496,20.607878,225,1
atitlan,2026-04-13,705150.0,1615950.0,0.3229699,20.813305,225,1
atitlan,2026-04-13,705450.0,1615950.0,0.32328397,21.807154,225,1
atitlan,2026-04-13,705750.0,1615950.0,0.31424814,21.124863,225,1
atitlan,2026-04-13,706050.0,1615950.0,0.3081605,20.822247,225,1
atitlan,2026-04-13,706350.0,1615950.0,0.32130727,22.612288,225,1
atitlan,2026-04-13,706650.0,1615950.0,0.3516622,27.727602,225,1
atitlan,2026-04-13,706950.0,1615950.0,0.37484473,32.2321,225,1
atitlan,2026-04-13,707250.0,1615950.0,0.37885737,32.422268,225,1
atitlan,2026-04-13,707550.0,1615950.0,0.32766452,21.807716,225,1
atitlan,2026-04-13,707850.0,1615950.0,0.3370406,22.879107,45,1
atitlan,2026-04-13,680250.0,1616250.0,0.40024137,37.202778,180,1
atitlan,2026-04-13,680550.0,1616250.0,0.4168902,41.756786,225,1
atitlan,2026-04-13,680850.0,1616250.0,0.41787735,42.862244,225,1
atitlan,2026-04-13,681150.0,1616250.0,0.4187437,42.817673,225,1
atitlan,2026-04-13,681450.0,1616250.0,0.3782474,31.582188,225,1
atitlan,2026-04-13,681750.0,1616250.0,0.38017768,31.826656,225,1
atitlan,2026-04-13,682050.0,1616250.0,0.38780183,34.01738,225,1
atitlan,2026-04-13,682350.0,1616250.0,0.3862039,33.464973,225,1
atitlan,2026-04-13,682650.0,1616250.0,0.39992547,36.97991,225,1
atitlan,2026-04-13,682950.0,1616250.0,0.40182623,37.68076,225,1
atitlan,2026-04-13,683250.0,1616250.0,0.3823936,32.518345,225,1
atitlan,2026-04-13,683550.0,1616250.0,0.39007592,34.448635,225,1
atitlan,2026-04-13,683850.0,1616250.0,0.3926933,34.87416,225,1
atitlan,2026-04-13,684150.0,1616250.0,0.36929446,29.798359,225,1
atitlan,2026-04-13,684450.0,1616250.0,0.37775743,31.44846,225,1
atitlan,2026-04-13,684750.0,1616250.0,0.3698315,29.836721,225,1
atitlan,2026-04-13,685050.0,1616250.0,0.3922877,34.877365,225,1
atitlan,2026-04-13,685350.0,1616250.0,0.37860712,31.676271,225,1
atitlan,2026-04-13,685650.0,1616250.0,0.37220225,30.413382,225,1
atitlan,2026-04-13,685950.0,1616250.0,0.378197,31.442305,225,1
atitlan,2026-04-13,686250.0,1616250.0,0.36622798,28.621834,225,1
atitlan,2026-04-13,686550.0,1616250.0,0.3569862,26.635221,225,1
atitlan,2026-04-13,686850.0,1616250.0,0.3644433,28.204927,225,1
atitlan,2026-04-13,687150.0,1616250.0,0.36991233,29.524872,225,1
atitlan,2026-04-13,687450.0,1616250.0,0.3258031,21.34605,225,1
atitlan,2026-04-13,687750.0,1616250.0,0.3006366,18.25068,225,1
atitlan,2026-04-13,688050.0,1616250.0,0.13233688,9.058639,225,0
atitlan,2026-04-13,688350.0,1616250.0,0.13055345,8.243499,225,0
atitlan,2026-04-13,688650.0,1616250.0,0.25796035,16.392162,225,1
atitlan,2026-04-13,688950.0,1616250.0,0.24568066,13.419917,225,1
atitlan,2026-04-13,689250.0,1616250.0,0.19675219,10.598131,225,0
atitlan,2026-04-13,689550.0,1616250.0,0.28404194,17.52356,225,1
atitlan,2026-04-13,689850.0,1616250.0,0.27356312,16.112303,225,1
atitlan,2026-04-13,690150.0,1616250.0,0.27158886,14.636945,225,1
atitlan,2026-04-13,690450.0,1616250.0,0.2935112,16.833054,225,1
atitlan,2026-04-13,690750.0,1616250.0,0.27870595,15.874664,225,1
atitlan,2026-04-13,691050.0,1616250.0,0.25907993,14.520966,225,1
atitlan,2026-04-13,691350.0,1616250.0,0.2991752,18.331146,225,1
atitlan,2026-04-13,691650.0,1616250.0,0.29487514,18.411198,225,1
atitlan,2026-04-13,691950.0,1616250.0,0.32805485,23.41179,225,1
atitlan,2026-04-13,692250.0,1616250.0,0.32745633,22.210558,225,1
atitlan,2026-04-13,692550.0,1616250.0,0.33637086,23.56389,225,1
atitlan,2026-04-13,692850.0,1616250.0,0.349636,26.180353,225,1
atitlan,2026-04-13,693150.0,1616250.0,0.34991395,25.131962,225,1
atitlan,2026-04-13,693450.0,1616250.0,0.3289498,21.487701,225,1
atitlan,2026-04-13,693750.0,1616250.0,0.35271397,25.52526,225,1
atitlan,2026-04-13,694050.0,1616250.0,0.33986345,23.284626,225,1
atitlan,2026-04-13,694350.0,1616250.0,0.32604226,20.779125,225,1
atitlan,2026-04-13,694650.0,1616250.0,0.3235552,20.178526,225,1
atitlan,2026-04-13,694950.0,1616250.0,0.31283846,20.185942,225,1
atitlan,2026-04-13,695250.0,1616250.0,0.30630857,20.023426,225,1
atitlan,2026-04-13,695550.0,1616250.0,0.3803966,32.01314,225,1
atitlan,2026-04-13,695850.0,1616250.0,0.38094056,32.182903,225,1
atitlan,2026-04-13,696150.0,1616250.0,0.3963661,36.27874,225,1
atitlan,2026-04-13,696450.0,1616250.0,0.3895614,34.397354,225,1
atitlan,2026-04-13,696750.0,1616250.0,0.3765911,31.117805,225,1
atitlan,2026-04-13,697050.0,1616250.0,0.3615868,28.682095,225,1
atitlan,2026-04-13,697350.0,1616250.0,0.32938266,24.282076,225,1
atitlan,2026-04-13,697650.0,1616250.0,0.32076597,23.108667,225,1
atitlan,2026-04-13,697950.0,1616250.0,0.337382,24.001873,225,1
atitlan,2026-04-13,698250.0,1616250.0,0.29711404,18.208658,225,1
atitlan,2026-04-13,698550.0,1616250.0,0.3159599,20.236925,225,1
atitlan,2026-04-13,698850.0,1616250.0,0.31487665,20.087711,225,1
atitlan,2026-04-13,699150.0,1616250.0,0.29211944,16.917486,225,1
atitlan,2026-04-13,699450.0,1616250.0,0.27530167,13.741455,225,1
atitlan,2026-04-13,699750.0,1616250.0,0.2547869,12.0411415,225,1
atitlan,2026-04-13,700050.0,1616250.0,0.25686768,13.235236,225,1
atitlan,2026-04-13,700350.0,1616250.0,0.19068883,9.038569,225,0
atitlan,2026-04-13,700650.0,1616250.0,0.2155169,9.249231,225,0
atitlan,2026-04-13,700950.0,1616250.0,0.239621,10.969248,225,0
atitlan,2026-04-13,701250.0,1616250.0,0.27486944,14.088483,225,1
atitlan,2026-04-13,701550.0,1616250.0,0.2991145,17.405767,225,1
atitlan,2026-04-13,701850.0,1616250.0,0.3090671,20.192291,225,1
atitlan,2026-04-13,702150.0,1616250.0,0.2742716,14.655665,225,1
atitlan,2026-04-13,702450.0,1616250.0,0.31233552,19.253487,225,1
atitlan,2026-04-13,702750.0,1616250.0,0.28454715,16.313093,225,1
atitlan,2026-04-13,703050.0,1616250.0,0.26379138,13.688403,225,1
atitlan,2026-04-13,703350.0,1616250.0,0.2917104,16.970482,225,1
atitlan,2026-04-13,703650.0,1616250.0,0.31771356,20.426521,225,1
atitlan,2026-04-13,703950.0,1616250.0,0.31314734,19.75967,225,1
atitlan,2026-04-13,704250.0,1616250.0,0.33544493,23.195889,225,1
atitlan,2026-04-13,704550.0,1616250.0,0.31138006,18.800913,225,1
atitlan,2026-04-13,704850.0,1616250.0,0.3330034,22.262712,225,1
atitlan,2026-04-13,705150.0,1616250.0,0.2976458,16.840311,225,1
atitlan,2026-04-13,705450.0,1616250.0,0.29088005,16.020994,225,1
atitlan,2026-04-13,705750.0,1616250.0,0.32217377,22.92438,225,1
atitlan,2026-04-13,706050.0,1616250.0,0.32491744,22.199732,225,1
atitlan,2026-04-13,706350.0,1616250.0,0.33040795,24.039154,225,1
atitlan,2026-04-13,706650.0,1616250.0,0.3563057,27.740269,225,1
atitlan,2026-04-13,706950.0,1616250.0,0.37099358,30.10617,225,1
atitlan,2026-04-13,707250.0,1616250.0,0.37105182,29.65373,225,1
atitlan,2026-04-13,707550.0,1616250.0,0.34900707,25.118809,225,1
atitlan,2026-04-13,707850.0,1616250.0,0.3602822,27.426277,45,1
atitlan,2026-04-13,680250.0,1616550.0,0.4057786,38.936172,180,1
atitlan,2026-04-13,680550.0,1616550.0,0.42409688,44.34081,225,1
atitlan,2026-04-13,680850.0,1616550.0,0.390694,35.344753,225,1
atitlan,2026-04-13,681150.0,1616550.0,0.38489908,32.869232,225,1
atitlan,2026-04-13,681450.0,1616550.0,0.38209614,32.30007,225,1
atitlan,2026-04-13,681750.0,1616550.0,0.37824,31.21342,225,1
atitlan,2026-04-13,682050.0,1616550.0,0.37905657,31.582233,225,1
atitlan,2026-04-13,682350.0,1616550.0,0.3787866,31.525831,225,1
atitlan,2026-04-13,682650.0,1616550.0,0.38976508,34.177475,225,1
atitlan,2026-04-13,682950.0,1616550.0,0.40782186,39.09583,225,1
atitlan,2026-04-13,683250.0,1616550.0,0.37953073,31.862822,225,1
atitlan,2026-04-13,683550.0,1616550.0,0.38531837,33.230595,225,1
atitlan,2026-04-13,683850.0,1616550.0,0.39201006,34.649574,225,1
atitlan,2026-04-13,684150.0,1616550.0,0.3554133,28.106379,225,1
atitlan,2026-04-13,684450.0,1616550.0,0.3900923,34.28707,225,1
atitlan,2026-04-13,684750.0,1616550.0,0.38968998,34.127254,225,1
atitlan,2026-04-13,685050.0,1616550.0,0.3812536,32.166214,225,1
atitlan,2026-04-13,685350.0,1616550.0,0.38202646,32.58613,225,1
atitlan,2026-04-13,685650.0,1616550.0,0.3357,25.028116,225,1
atitlan,2026-04-13,685950.0,1616550.0,0.3445774,26.492445,225,1
atitlan,2026-04-13,686250.0,1616550.0,0.33857548,25.19958,225,1
atitlan,2026-04-13,686550.0,1616550.0,0.3872191,33.342842,225,1
atitlan,2026-04-13,686850.0,1616550.0,0.3915073,34.52996,225,1
atitlan,2026-04-13,687150.0,1616550.0,0.3685744,29.11141,225,1
atitlan,2026-04-13,687450.0,1616550.0,0.33765063,23.67063,225,1
atitlan,2026-04-13,687750.0,1616550.0,0.31354034,19.136503,225,1
atitlan,2026-04-13,688050.0,1616550.0,0.077355,8.030788,225,0
atitlan,2026-04-13,688350.0,1616550.0,-0.059980847,2.0197825,225,0
atitlan,2026-04-13,688650.0,1616550.0,0.07843971,6.297596,225,0
atitlan,2026-04-13,688950.0,1616550.0,0.22634695,11.9221115,225,0
atitlan,2026-04-13,689250.0,1616550.0,0.14504503,8.53331,225,0
atitlan,2026-04-13,689550.0,1616550.0,0.20193677,10.994515,225,0
atitlan,2026-04-13,689850.0,1616550.0,0.23183785,13.51352,225,1
atitlan,2026-04-13,690150.0,1616550.0,0.2749189,15.193793,225,1
atitlan,2026-04-13,690450.0,1616550.0,0.25163004,13.342101,225,1
atitlan,2026-04-13,690750.0,1616550.0,0.2643041,14.456706,225,1
atitlan,2026-04-13,691050.0,1616550.0,0.24908273,13.367505,225,1
atitlan,2026-04-13,691350.0,1616550.0,0.28134868,16.572535,225,1
atitlan,2026-04-13,691650.0,1616550.0,0.32050246,20.746954,225,1
atitlan,2026-04-13,691950.0,1616550.0,0.32297784,21.986185,225,1
atitlan,2026-04-13,692250.0,1616550.0,0.28275794,16.938961,225,1
atitlan,2026-04-13,692550.0,1616550.0,0.307709,19.59635,225,1
atitlan,2026-04-13,692850.0,1616550.0,0.3123725,21.256802,225,1
atitlan,2026-04-13,693150.0,1616550.0,0.3296787,21.610065,225,1
atitlan,2026-04-13,693450.0,1616550.0,0.35256672,25.902264,225,1
atitlan,2026-04-13,693750.0,1616550.0,0.3683231,29.26016,225,1
atitlan,2026-04-13,694050.0,1616550.0,0.35557386,26.44205,225,1
atitlan,2026-04-13,694350.0,1616550.0,0.3534049,25.776209,225,1
atitlan,2026-04-13,694650.0,1616550.0,0.34774527,24.527596,225,1
atitlan,2026-04-13,694950.0,1616550.0,0.348241,24.726608,225,1
atitlan,2026-04-13,695250.0,1616550.0,0.36905107,29.32723,225,1
atitlan,2026-04-13,695550.0,1616550.0,0.3866779,33.643795,225,1
atitlan,2026-04-13,695850.0,1616550.0,0.36605647,29.009197,225,1
atitlan,2026-04-13,696150.0,1616550.0,0.35390568,26.407957,225,1
atitlan,2026-04-13,696450.0,1616550.0,0.37503082,31.3508,225,1
atitlan,2026-04-13,696750.0,1616550.0,0.37582392,31.086258,225,1
atitlan,2026-04-13,697050.0,1616550.0,0.36613393,28.779894,225,1
atitlan,2026-04-13,697350.0,1616550.0,0.35439876,26.966337,225,1
atitlan,2026-04-13,697650.0,1616550.0,0.3605806,28.64418,225,1
atitlan,2026-04-13,697950.0,1616550.0,0.34718478,25.620874,225,1
atitlan,2026-04-13,698250.0,1616550.0,0.3064249,20.045174,225,1
atitlan,2026-04-13,698550.0,1616550.0,0.31019416,19.327791,225,1
atitlan,2026-04-13,698850.0,1616550.0,0.27595863,16.266993,225,1
atitlan,2026-04-13,699150.0,1616550.0,0.2453992,11.346409,225,0
atitlan,2026-04-13,699450.0,1616550.0,0.24418998,10.694315,225,0
atitlan,2026-04-13,699750.0,1616550.0,0.2527229,11.563875,225,0
atitlan,2026-04-13,700050.0,1616550.0,0.30769908,19.784937,225,1
atitlan,2026-04-13,700350.0,1616550.0,0.33112186,22.53865,225,1
atitlan,2026-04-13,700650.0,1616550.0,0.23474106,11.725435,225,0
atitlan,2026-04-13,700950.0,1616550.0,0.25017107,11.563894,225,0
atitlan,2026-04-13,701250.0,1616550.0,0.30588737,18.406332,225,1
atitlan,2026-04-13,701550.0,1616550.0,0.30075985,17.693146,225,1
atitlan,2026-04-13,701850.0,1616550.0,0.28936747,16.091894,225,1
atitlan,2026-04-13,702150.0,1616550.0,0.27940384,15.159544,225,1
atitlan,2026-04-13,702450.0,1616550.0,0.26226184,13.356733,225,1
atitlan,2026-04-13,702750.0,1616550.0,0.25083894,12.208803,225,1
atitlan,2026-04-13,703050.0,1616550.0,0.22478455,9.742047,225,0
atitlan,2026-04-13,703350.0,1616550.0,0.24950494,11.765765,225,0
atitlan,2026-04-13,703650.0,1616550.0,0.28410894,16.545107,225,1
atitlan,2026-04-13,703950.0,1616550.0,0.31701234,20.077618,225,1
atitlan,2026-04-13,704250.0,1616550.0,0.32213512,21.111973,225,1
atitlan,2026-04-13,704550.0,1616550.0,0.32671115,21.133633,225,1
atitlan,2026-04-13,704850.0,1616550.0,0.35898402,26.996487,225,1
atitlan,2026-04-13,705150.0,1616550.0,0.3597116,27.47681,225,1
atitlan,2026-04-13,705450.0,1616550.0,0.29618984,17.373829,225,1
atitlan,2026-04-13,705750.0,1616550.0,0.27470607,14.594992,225,1
atitlan,2026-04-13,706050.0,1616550.0,0.29543936,17.82711,225,1
atitlan,2026-04-13,706350.0,1616550.0,0.29776838,18.720463,225,1
atitlan,2026-04-13,706650.0,1616550.0,0.30125657,18.168886,225,1
atitlan,2026-04-13,706950.0,1616550.0,0.33799064,24.69495,225,1
atitlan,2026-04-13,707250.0,1616550.0,0.3581257,27.107183,225,1
atitlan,2026-04-13,707550.0,1616550.0,0.3568747,26.50336,225,1
atitlan,2026-04-13,707850.0,1616550.0,0.3591235,27.436235,45,1
atitlan,2026-04-13,680250.0,1616850.0,0.3811454,32.389576,180,1
atitlan,2026-04-13,680550.0,1616850.0,0.3880904,33.823093,225,1
atitlan,2026-04-13,680850.0,1616850.0,0.37478715,30.375273,225,1
atitlan,2026-04-13,681150.0,1616850.0,0.36647967,28.444052,225,1
atitlan,2026-04-13,681450.0,1616850.0,0.3724964,29.673279,225,1
atitlan,2026-04-13,681750.0,1616850.0,0.3744877,30.393854,225,1
atitlan,2026-04-13,682050.0,1616850.0,0.38124138,32.51424,225,1
atitlan,2026-04-13,682350.0,1616850.0,0.37263897,30.376554,225,1
atitlan,2026-04-13,682650.0,1616850.0,0.39217156,35.19773,225,1
atitlan,2026-04-13,682950.0,1616850.0,0.39291188,35.315544,225,1
atitlan,2026-04-13,683250.0,1616850.0,0.37371132,30.281591,225,1
atitlan,2026-04-13,683550.0,1616850.0,0.38736263,33.729588,225,1
atitlan,2026-04-13,683850.0,1616850.0,0.3873244,33.780567,225,1
atitlan,2026-04-13,684150.0,1616850.0,0.37332702,31.106445,225,1
atitlan,2026-04-13,684450.0,1616850.0,0.3801969,33.030876,225,1
atitlan,2026-04-13,684750.0,1616850.0,0.39679256,35.925037,225,1
atitlan,2026-04-13,685050.0,1616850.0,0.383133,32.647167,225,1
atitlan,2026-04-13,685350.0,1616850.0,0.38496906,33.524574,225,1
atitlan,2026-04-13,685650.0,1616850.0,0.33423987,25.727015,225,1
atitlan,2026-04-13,685950.0,1616850.0,0.36090362,29.495575,225,1
atitlan,2026-04-13,686250.0,1616850.0,0.35406166,26.352541,225,1
atitlan,2026-04-13,686550.0,1616850.0,0.3531371,26.542055,225,1
atitlan,2026-04-13,686850.0,1616850.0,0.35036796,25.70165,225,1
atitlan,2026-04-13,687150.0,1616850.0,0.33972165,23.725775,225,1
atitlan,2026-04-13,687450.0,1616850.0,0.30399996,18.90894,225,1
atitlan,2026-04-13,687750.0,1616850.0,0.29481012,18.5586,225,1
atitlan,2026-04-13,688050.0,1616850.0,0.10667254,8.912549,225,0
atitlan,2026-04-13,688350.0,1616850.0,-0.067835465,1.6818799,225,0
atitlan,2026-04-13,688650.0,1616850.0,-0.06554463,1.7920321,225,0
atitlan,2026-04-13,688950.0,1616850.0,0.081121065,6.299204,225,0
atitlan,2026-04-13,689250.0,1616850.0,0.19068123,9.477579,225,0
atitlan,2026-04-13,689550.0,1616850.0,0.2228776,12.676259,225,1
atitlan,2026-04-13,689850.0,1616850.0,0.19047609,11.67198,225,0
atitlan,2026-04-13,690150.0,1616850.0,0.15859678,9.051855,225,0
atitlan,2026-04-13,690450.0,1616850.0,0.13007279,6.9631977,225,0
atitlan,2026-04-13,690750.0,1616850.0,0.27180216,15.358038,225,1
atitlan,2026-04-13,691050.0,1616850.0,0.28325275,16.15377,225,1
atitlan,2026-04-13,691350.0,1616850.0,0.31283945,19.72716,225,1
atitlan,2026-04-13,691650.0,1616850.0,0.3163494,20.252533,225,1
atitlan,2026-04-13,691950.0,1616850.0,0.31087792,20.159101,225,1
atitlan,2026-04-13,692250.0,1616850.0,0.3047374,19.024683,225,1
atitlan,2026-04-13,692550.0,1616850.0,0.32655063,22.291714,225,1
atitlan,2026-04-13,692850.0,1616850.0,0.33511904,22.78148,225,1
atitlan,2026-04-13,693150.0,1616850.0,0.33577177,22.95356,225,1
atitlan,2026-04-13,693450.0,1616850.0,0.34852767,24.780027,225,1
atitlan,2026-04-13,693750.0,1616850.0,0.36287895,27.88667,225,1
atitlan,2026-04-13,694050.0,1616850.0,0.37624368,30.689451,225,1
atitlan,2026-04-13,694350.0,1616850.0,0.36661035,28.641779,225,1
atitlan,2026-04-13,694650.0,1616850.0,0.3613214,27.410809,225,1
atitlan,2026-04-13,694950.0,1616850.0,0.3797001,31.631231,225,1
atitlan,2026-04-13,695250.0,1616850.0,0.36897483,29.711346,225,1
atitlan,2026-04-13,695550.0,1616850.0,0.35302785,27.464031,225,1
atitlan,2026-04-13,695850.0,1616850.0,0.37726158,31.226364,225,1
atitlan,2026-04-13,696150.0,1616850.0,0.37284553,30.163969,225,1
atitlan,2026-04-13,696450.0,1616850.0,0.38445154,33.354843,225,1
atitlan,2026-04-13,696750.0,1616850.0,0.37003854,29.74954,225,1
atitlan,2026-04-13,697050.0,1616850.0,0.38238582,32.354332,225,1
atitlan,2026-04-13,697350.0,1616850.0,0.3416319,24.114304,225,1
atitlan,2026-04-13,697650.0,1616850.0,0.3437401,25.601952,225,1
atitlan,2026-04-13,697950.0,1616850.0,0.32755864,22.154026,225,1
atitlan,2026-04-13,698250.0,1616850.0,0.33180386,22.48189,225,1
atitlan,2026-04-13,698550.0,1616850.0,0.2717901,15.393011,225,1
atitlan,2026-04-13,698850.0,1616850.0,0.27197027,15.91779,225,1
atitlan,2026-04-13,699150.0,1616850.0,0.28080386,15.945019,225,1
atitlan,2026-04-13,699450.0,1616850.0,0.24583708,13.599882,225,1
atitlan,2026-04-13,699750.0,1616850.0,0.281218,15.00507,225,1
atitlan,2026-04-13,700050.0,1616850.0,0.32503814,21.603172,225,1
atitlan,2026-04-13,700350.0,1616850.0,0.35675424,27.285084,225,1
atitlan,2026-04-13,700650.0,1616850.0,0.29041934,17.83989,225,1
atitlan,2026-04-13,700950.0,1616850.0,0.25211686,12.433357,225,1
atitlan,2026-04-13,701250.0,1616850.0,0.30917594,18.778374,225,1
atitlan,2026-04-13,701550.0,1616850.0,0.28658178,15.353568,225,1
atitlan,2026-04-13,701850.0,1616850.0,0.29124603,16.791775,225,1
atitlan,2026-04-13,702150.0,1616850.0,0.2610859,13.41273,225,1
atitlan,2026-04-13,702450.0,1616850.0,0.24457657,11.627318,225,0
atitlan,2026-04-13,702750.0,1616850.0,0.24868755,11.904217,225,0
atitlan,2026-04-13,703050.0,1616850.0,0.20820147,9.162017,225,0
atitlan,2026-04-13,703350.0,1616850.0,0.21899241,9.484894,225,0
atitlan,2026-04-13,703650.0,1616850.0,0.25182885,12.360429,225,1
atitlan,2026-04-13,703950.0,1616850.0,0.33623224,23.718067,225,1
atitlan,2026-04-13,704250.0,1616850.0,0.23629099,12.329024,225,1
atitlan,2026-04-13,704550.0,1616850.0,0.2838448,16.960068,225,1
atitlan,2026-04-13,704850.0,1616850.0,0.33675206,24.168327,225,1
atitlan,2026-04-13,705150.0,1616850.0,0.3295196,23.665707,225,1
atitlan,2026-04-13,705450.0,1616850.0,0.31860575,20.16696,225,1
atitlan,2026-04-13,705750.0,1616850.0,0.27333337,14.308934,225,1
atitlan,2026-04-13,706050.0,1616850.0,0.23450711,10.181315,225,0
atitlan,2026-04-13,706350.0,1616850.0,0.29004183,16.903988,225,1
atitlan,2026-04-13,706650.0,1616850.0,0.31483957,20.441511,225,1
atitlan,2026-04-13,706950.0,1616850.0,0.32536334,23.169643,225,1
atitlan,2026-04-13,707250.0,1616850.0,0.32693097,22.28647,225,1
atitlan,2026-04-13,707550.0,1616850.0,0.32217994,21.73797,225,1
atitlan,2026-04-13,707850.0,1616850.0,0.36247936,27.776669,45,1
atitlan,2026-04-13,680250.0,1617150.0,0.38724548,33.3933,180,1
atitlan,2026-04-13,680550.0,1617150.0,0.38370612,32.439827,225,1
atitlan,2026-04-13,680850.0,1617150.0,0.3620606,27.397614,225,1
atitlan,2026-04-13,681150.0,1617150.0,0.3592111,26.76365,225,1
atitlan,2026-04-13,681450.0,1617150.0,0.36559314,28.365725,225,1
atitlan,2026-04-13,681750.0,1617150.0,0.35345307,26.146448,225,1
atitlan,2026-04-13,682050.0,1617150.0,0.35893485,27.290716,225,1
atitlan,2026-04-13,682350.0,1617150.0,0.37092686,30.514576,225,1
atitlan,2026-04-13,682650.0,1617150.0,0.40390128,38.475517,225,1
atitlan,2026-04-13,682950.0,1617150.0,0.37975514,31.809792,225,1
atitlan,2026-04-13,683250.0,1617150.0,0.38573033,33.389645,225,1
atitlan,2026-04-13,683550.0,1617150.0,0.3911125,34.921562,225,1
atitlan,2026-04-13,683850.0,1617150.0,0.37740475,31.55125,225,1
atitlan,2026-04-13,684150.0,1617150.0,0.3821391,32.448315,225,1
atitlan,2026-04-13,684450.0,1617150.0,0.3635357,28.87175,225,1
atitlan,2026-04-13,684750.0,1617150.0,0.40611488,38.85553,225,1
atitlan,2026-04-13,685050.0,1617150.0,0.38928503,34.04989,225,1
atitlan,2026-04-13,685350.0,1617150.0,0.35329255,28.30621,225,1
atitlan,2026-04-13,685650.0,1617150.0,0.31532425,22.196255,225,1
atitlan,2026-04-13,685950.0,1617150.0,0.34756508,26.55968,225,1
atitlan,2026-04-13,686250.0,1617150.0,0.33107778,22.45462,225,1
atitlan,2026-04-13,686550.0,1617150.0,0.32222787,20.432377,225,1
atitlan,2026-04-13,686850.0,1617150.0,0.32317555,20.372993,225,1
atitlan,2026-04-13,687150.0,1617150.0,0.27255756,13.9475975,225,1
atitlan,2026-04-13,687450.0,1617150.0,0.25062928,12.99013,225,1
atitlan,2026-04-13,687750.0,1617150.0,0.29706687,17.847843,225,1
atitlan,2026-04-13,688050.0,1617150.0,0.13687043,11.179286,225,0
atitlan,2026-04-13,688350.0,1617150.0,-0.06494122,1.826804,225,0
atitlan,2026-04-13,688650.0,1617150.0,-0.06856353,1.6364177,225,0
atitlan,2026-04-13,688950.0,1617150.0,-0.066387676,1.7241657,225,0
atitlan,2026-04-13,689250.0,1617150.0,0.12128624,6.997402,225,0
atitlan,2026-04-13,689550.0,1617150.0,0.21941502,11.171303,225,0
atitlan,2026-04-13,689850.0,1617150.0,0.15742537,8.327006,225,0
atitlan,2026-04-13,690150.0,1617150.0,0.17420226,8.990685,225,0
atitlan,2026-04-13,690450.0,1617150.0,0.15877989,7.361791,225,0
atitlan,2026-04-13,690750.0,1617150.0,0.2518861,13.816425,225,1
atitlan,2026-04-13,691050.0,1617150.0,0.31194037,19.047876,225,1
atitlan,2026-04-13,691350.0,1617150.0,0.2764898,17.270948,225,1
atitlan,2026-04-13,691650.0,1617150.0,0.32132706,21.208904,225,1
atitlan,2026-04-13,691950.0,1617150.0,0.3270029,21.841612,225,1
atitlan,2026-04-13,692250.0,1617150.0,0.31329,19.417656,225,1
atitlan,2026-04-13,692550.0,1617150.0,0.2961915,17.57398,225,1
atitlan,2026-04-13,692850.0,1617150.0,0.2936175,17.890024,225,1
atitlan,2026-04-13,693150.0,1617150.0,0.3331013,22.349749,225,1
atitlan,2026-04-13,693450.0,1617150.0,0.34550348,24.327845,225,1
atitlan,2026-04-13,693750.0,1617150.0,0.36447677,28.117647,225,1
atitlan,2026-04-13,694050.0,1617150.0,0.3746248,30.345123,225,1
atitlan,2026-04-13,694350.0,1617150.0,0.36335972,28.094584,225,1
atitlan,2026-04-13,694650.0,1617150.0,0.33759943,23.586876,225,1
atitlan,2026-04-13,694950.0,1617150.0,0.34698847,24.69858,225,1
atitlan,2026-04-13,695250.0,1617150.0,0.30207527,20.8439,225,1
atitlan,2026-04-13,695550.0,1617150.0,0.33994287,25.660192,225,1
atitlan,2026-04-13,695850.0,1617150.0,0.3737609,30.397118,225,1
atitlan,2026-04-13,696150.0,1617150.0,0.37915263,31.44071,225,1
atitlan,2026-04-13,696450.0,1617150.0,0.37129757,31.349464,225,1
atitlan,2026-04-13,696750.0,1617150.0,0.35738808,26.712523,225,1
atitlan,2026-04-13,697050.0,1617150.0,0.33642498,23.663868,225,1
atitlan,2026-04-13,697350.0,1617150.0,0.32585266,22.192059,225,1
atitlan,2026-04-13,697650.0,1617150.0,0.3208746,22.545923,225,1
atitlan,2026-04-13,697950.0,1617150.0,0.32614338,22.221485,225,1
atitlan,2026-04-13,698250.0,1617150.0,0.3258224,21.622114,225,1
atitlan,2026-04-13,698550.0,1617150.0,0.2618942,16.846859,225,1
atitlan,2026-04-13,698850.0,1617150.0,0.19123253,11.013217,225,0
atitlan,2026-04-13,699150.0,1617150.0,0.2540467,14.741901,225,1
atitlan,2026-04-13,699450.0,1617150.0,0.22990274,14.725182,225,1
atitlan,2026-04-13,699750.0,1617150.0,0.26659617,17.732931,225,1
atitlan,2026-04-13,700050.0,1617150.0,0.34411803,25.683844,225,1
atitlan,2026-04-13,700350.0,1617150.0,0.3384583,24.621067,225,1
atitlan,2026-04-13,700650.0,1617150.0,0.33155966,22.65485,225,1
atitlan,2026-04-13,700950.0,1617150.0,0.3150433,20.187561,225,1
atitlan,2026-04-13,701250.0,1617150.0,0.33812812,23.53034,225,1
atitlan,2026-04-13,701550.0,1617150.0,0.29041272,15.859816,225,1
atitlan,2026-04-13,701850.0,1617150.0,0.34252805,24.27368,225,1
atitlan,2026-04-13,702150.0,1617150.0,0.32368314,21.720638,225,1
atitlan,2026-04-13,702450.0,1617150.0,0.27425393,14.867551,225,1
atitlan,2026-04-13,702750.0,1617150.0,0.22848307,10.314319,225,0
atitlan,2026-04-13,703050.0,1617150.0,0.22972135,11.480376,225,0
atitlan,2026-04-13,703350.0,1617150.0,0.20991512,8.834101,225,0
atitlan,2026-04-13,703650.0,1617150.0,0.24385363,11.937178,225,0
atitlan,2026-04-13,703950.0,1617150.0,0.3202974,20.626291,225,1
atitlan,2026-04-13,704250.0,1617150.0,0.29961148,19.549688,225,1
atitlan,2026-04-13,704550.0,1617150.0,0.26270205,15.442422,225,1
atitlan,2026-04-13,704850.0,1617150.0,0.27341425,16.461596,225,1
atitlan,2026-04-13,705150.0,1617150.0,0.29291052,18.522455,225,1
atitlan,2026-04-13,705450.0,1617150.0,0.34951192,25.145247,225,1
atitlan,2026-04-13,705750.0,1617150.0,0.3233745,20.67906,225,1
atitlan,2026-04-13,706050.0,1617150.0,0.25433582,12.887437,225,1
atitlan,2026-04-13,706350.0,1617150.0,0.24037664,11.6281185,225,0
atitlan,2026-04-13,706650.0,1617150.0,0.25581607,13.609246,225,1
atitlan,2026-04-13,706950.0,1617150.0,0.31538594,21.148111,225,1
atitlan,2026-04-13,707250.0,1617150.0,0.30851677,19.437544,225,1
atitlan,2026-04-13,707550.0,1617150.0,0.23138079,12.140567,225,1
atitlan,2026-04-13,707850.0,1617150.0,0.2596681,14.3597355,45,1
atitlan,2026-04-13,680250.0,1617450.0,0.38456568,32.67821,180,1
atitlan,2026-04-13,680550.0,1617450.0,0.3870757,33.147503,225,1
atitlan,2026-04-13,680850.0,1617450.0,0.37667525,30.825071,225,1
atitlan,2026-04-13,681150.0,1617450.0,0.35936606,27.308588,225,1
atitlan,2026-04-13,681450.0,1617450.0,0.36949208,29.678637,225,1
atitlan,2026-04-13,681750.0,1617450.0,0.35744804,27.19162,225,1
atitlan,2026-04-13,682050.0,1617450.0,0.34376314,24.596186,225,1
atitlan,2026-04-13,682350.0,1617450.0,0.37138668,30.181084,225,1
atitlan,2026-04-13,682650.0,1617450.0,0.4038839,38.063755,225,1
atitlan,2026-04-13,682950.0,1617450.0,0.3734561,30.85619,225,1
atitlan,2026-04-13,683250.0,1617450.0,0.38505733,32.964653,225,1
atitlan,2026-04-13,683550.0,1617450.0,0.38100153,32.036182,225,1
atitlan,2026-04-13,683850.0,1617450.0,0.37171417,29.830978,225,1
atitlan,2026-04-13,684150.0,1617450.0,0.379237,31.517828,225,1
atitlan,2026-04-13,684450.0,1617450.0,0.35844955,27.330683,225,1
atitlan,2026-04-13,684750.0,1617450.0,0.3861867,33.441612,225,1
atitlan,2026-04-13,685050.0,1617450.0,0.38172317,33.562645,225,1
atitlan,2026-04-13,685350.0,1617450.0,0.35531434,28.556047,225,1
atitlan,2026-04-13,685650.0,1617450.0,0.3426804,26.587574,225,1
atitlan,2026-04-13,685950.0,1617450.0,0.34007996,24.867395,225,1
atitlan,2026-04-13,686250.0,1617450.0,0.320461,20.935396,225,1
atitlan,2026-04-13,686550.0,1617450.0,0.2795901,14.657668,225,1
atitlan,2026-04-13,686850.0,1617450.0,0.24721768,12.297259,225,1
atitlan,2026-04-13,687150.0,1617450.0,0.26177326,13.409129,225,1
atitlan,2026-04-13,687450.0,1617450.0,0.23133361,12.798262,225,1
atitlan,2026-04-13,687750.0,1617450.0,0.24527523,15.309136,225,1
atitlan,2026-04-13,688050.0,1617450.0,0.09704247,8.69015,225,0
atitlan,2026-04-13,688350.0,1617450.0,-0.066248074,1.7541821,225,0
atitlan,2026-04-13,688650.0,1617450.0,-0.06529014,1.8041962,225,0
atitlan,2026-04-13,688950.0,1617450.0,-0.06574987,1.7832977,225,0
atitlan,2026-04-13,689250.0,1617450.0,-0.0364747,2.8297145,225,0
atitlan,2026-04-13,689550.0,1617450.0,0.1610624,7.750986,225,0
atitlan,2026-04-13,689850.0,1617450.0,0.21653983,11.222032,225,0
atitlan,2026-04-13,690150.0,1617450.0,0.21713424,12.350288,225,1
atitlan,2026-04-13,690450.0,1617450.0,0.17051148,8.720391,225,0
atitlan,2026-04-13,690750.0,1617450.0,0.28365597,15.677831,225,1
atitlan,2026-04-13,691050.0,1617450.0,0.30009323,17.784184,225,1
atitlan,2026-04-13,691350.0,1617450.0,0.30072975,18.59301,225,1
atitlan,2026-04-13,691650.0,1617450.0,0.25817192,15.028909,225,1
atitlan,2026-04-13,691950.0,1617450.0,0.28107223,16.74962,225,1
atitlan,2026-04-13,692250.0,1617450.0,0.22112322,12.242086,225,1
atitlan,2026-04-13,692550.0,1617450.0,0.21892871,12.813873,225,1
atitlan,2026-04-13,692850.0,1617450.0,0.278426,17.003191,225,1
atitlan,2026-04-13,693150.0,1617450.0,0.27899536,16.786486,225,1
atitlan,2026-04-13,693450.0,1617450.0,0.3399457,24.582857,225,1
atitlan,2026-04-13,693750.0,1617450.0,0.3504355,26.238197,225,1
atitlan,2026-04-13,694050.0,1617450.0,0.346032,25.043665,225,1
atitlan,2026-04-13,694350.0,1617450.0,0.34099907,23.701551,225,1
atitlan,2026-04-13,694650.0,1617450.0,0.32874617,21.68842,225,1
atitlan,2026-04-13,694950.0,1617450.0,0.34336966,23.758179,225,1
atitlan,2026-04-13,695250.0,1617450.0,0.35614944,26.156126,225,1
atitlan,2026-04-13,695550.0,1617450.0,0.3818882,32.042767,225,1
atitlan,2026-04-13,695850.0,1617450.0,0.3773072,31.322805,225,1
atitlan,2026-04-13,696150.0,1617450.0,0.38329914,32.63789,225,1
atitlan,2026-04-13,696450.0,1617450.0,0.33872643,26.88318,225,1
atitlan,2026-04-13,696750.0,1617450.0,0.23582995,15.446786,225,1
atitlan,2026-04-13,697050.0,1617450.0,0.19679384,10.735665,225,0
atitlan,2026-04-13,697350.0,1617450.0,0.31636807,20.636213,225,1
atitlan,2026-04-13,697650.0,1617450.0,0.3244623,21.759388,225,1
atitlan,2026-04-13,697950.0,1617450.0,0.3020715,19.877256,225,1
atitlan,2026-04-13,698250.0,1617450.0,0.31525266,21.195393,225,1
atitlan,2026-04-13,698550.0,1617450.0,0.2647596,15.86083,225,1
atitlan,2026-04-13,698850.0,1617450.0,0.27991897,17.231054,225,1
atitlan,2026-04-13,699150.0,1617450.0,0.2697679,16.2018,225,1
atitlan,2026-04-13,699450.0,1617450.0,0.19540216,11.384325,225,0
atitlan,2026-04-13,699750.0,1617450.0,0.15271145,9.784162,225,0
atitlan,2026-04-13,700050.0,1617450.0,0.3218544,22.150497,225,1
atitlan,2026-04-13,700350.0,1617450.0,0.32089782,21.585752,225,1
atitlan,2026-04-13,700650.0,1617450.0,0.28755587,19.685097,225,1
atitlan,2026-04-13,700950.0,1617450.0,0.31533784,21.642233,225,1
atitlan,2026-04-13,701250.0,1617450.0,0.31244552,20.320452,225,1
atitlan,2026-04-13,701550.0,1617450.0,0.31034577,19.09008,225,1
atitlan,2026-04-13,701850.0,1617450.0,0.36193046,28.094707,225,1
atitlan,2026-04-13,702150.0,1617450.0,0.36444038,30.34673,225,1
atitlan,2026-04-13,702450.0,1617450.0,0.24810742,12.352374,225,1
atitlan,2026-04-13,702750.0,1617450.0,0.21780348,9.462299,225,0
atitlan,2026-04-13,703050.0,1617450.0,0.22986914,10.7036295,225,0
atitlan,2026-04-13,703350.0,1617450.0,0.22980906,11.270982,225,0
atitlan,2026-04-13,703650.0,1617450.0,0.28399357,17.339481,225,1
atitlan,2026-04-13,703950.0,1617450.0,0.3595045,28.220228,225,1
atitlan,2026-04-13,704250.0,1617450.0,0.26011413,14.637257,225,1
atitlan,2026-04-13,704550.0,1617450.0,0.26665527,16.35316,225,1
atitlan,2026-04-13,704850.0,1617450.0,0.30335546,18.66368,225,1
atitlan,2026-04-13,705150.0,1617450.0,0.2864975,16.51957,225,1
atitlan,2026-04-13,705450.0,1617450.0,0.31677502,21.26663,225,1
atitlan,2026-04-13,705750.0,1617450.0,0.34025818,23.479824,225,1
atitlan,2026-04-13,706050.0,1617450.0,0.32387882,20.68262,225,1
atitlan,2026-04-13,706350.0,1617450.0,0.22412969,11.028329,225,0
atitlan,2026-04-13,706650.0,1617450.0,0.1818368,7.3402457,225,0
atitlan,2026-04-13,706950.0,1617450.0,0.26766902,14.352253,225,1
atitlan,2026-04-13,707250.0,1617450.0,0.26319772,13.839536,225,1
atitlan,2026-04-13,707550.0,1617450.0,0.2693523,14.041686,225,1
atitlan,2026-04-13,707850.0,1617450.0,0.2801798,14.528937,45,1
atitlan,2026-04-13,680250.0,1617750.0,0.39389166,35.14332,180,1
atitlan,2026-04-13,680550.0,1617750.0,0.39721927,35.878445,225,1
atitlan,2026-04-13,680850.0,1617750.0,0.36835355,29.556562,225,1
atitlan,2026-04-13,681150.0,1617750.0,0.35780206,27.177221,225,1
atitlan,2026-04-13,681450.0,1617750.0,0.3786726,31.693104,225,1
atitlan,2026-04-13,681750.0,1617750.0,0.3540246,26.341166,225,1
atitlan,2026-04-13,682050.0,1617750.0,0.32071987,20.889368,225,1
atitlan,2026-04-13,682350.0,1617750.0,0.39299285,35.575077,225,1
atitlan,2026-04-13,682650.0,1617750.0,0.3966751,36.27473,225,1
atitlan,2026-04-13,682950.0,1617750.0,0.37327695,30.706017,225,1
atitlan,2026-04-13,683250.0,1617750.0,0.39218554,34.767586,225,1
atitlan,2026-04-13,683550.0,1617750.0,0.37363294,30.472466,225,1
atitlan,2026-04-13,683850.0,1617750.0,0.37717208,31.256006,225,1
atitlan,2026-04-13,684150.0,1617750.0,0.37637803,31.361921,225,1
atitlan,2026-04-13,684450.0,1617750.0,0.3764764,31.099768,225,1
atitlan,2026-04-13,684750.0,1617750.0,0.3542519,27.67537,225,1
atitlan,2026-04-13,685050.0,1617750.0,0.3140848,20.78769,225,1
atitlan,2026-04-13,685350.0,1617750.0,0.35012266,26.719088,225,1
atitlan,2026-04-13,685650.0,1617750.0,0.3477332,26.699314,225,1
atitlan,2026-04-13,685950.0,1617750.0,0.33577102,24.475176,225,1
atitlan,2026-04-13,686250.0,1617750.0,0.32604814,21.99296,225,1
atitlan,2026-04-13,686550.0,1617750.0,0.30236724,18.84649,225,1
atitlan,2026-04-13,686850.0,1617750.0,0.26043868,13.9247465,225,1
atitlan,2026-04-13,687150.0,1617750.0,0.2704802,14.471726,225,1
atitlan,2026-04-13,687450.0,1617750.0,0.17333636,8.915293,225,0
atitlan,2026-04-13,687750.0,1617750.0,0.16610791,9.210389,225,0
atitlan,2026-04-13,688050.0,1617750.0,0.023187678,4.242797,225,0
atitlan,2026-04-13,688350.0,1617750.0,-0.06430376,1.8687264,225,0
atitlan,2026-04-13,688650.0,1617750.0,-0.070084654,1.5485948,225,0
atitlan,2026-04-13,688950.0,1617750.0,-0.07225565,1.4297497,225,0
atitlan,2026-04-13,689250.0,1617750.0,-0.070526324,1.5271765,225,0
atitlan,2026-04-13,689550.0,1617750.0,0.006305379,4.5077553,225,0
atitlan,2026-04-13,689850.0,1617750.0,0.18713346,9.635259,225,0
atitlan,2026-04-13,690150.0,1617750.0,0.23465197,12.061919,225,1
atitlan,2026-04-13,690450.0,1617750.0,0.12808262,7.79076,225,0
atitlan,2026-04-13,690750.0,1617750.0,0.18879174,10.248,225,0
atitlan,2026-04-13,691050.0,1617750.0,0.2575565,14.534528,225,1
atitlan,2026-04-13,691350.0,1617750.0,0.29773018,17.808224,225,1
atitlan,2026-04-13,691650.0,1617750.0,0.2724443,16.967983,225,1
atitlan,2026-04-13,691950.0,1617750.0,0.29493117,18.960554,225,1
atitlan,2026-04-13,692250.0,1617750.0,0.22043832,12.490864,225,1
atitlan,2026-04-13,692550.0,1617750.0,0.17422809,10.637907,225,0
atitlan,2026-04-13,692850.0,1617750.0,0.2492599,15.060841,225,1
atitlan,2026-04-13,693150.0,1617750.0,0.3046431,20.124578,225,1
atitlan,2026-04-13,693450.0,1617750.0,0.31479377,20.218357,225,1
atitlan,2026-04-13,693750.0,1617750.0,0.31466454,18.966274,225,1
atitlan,2026-04-13,694050.0,1617750.0,0.34295955,23.856913,225,1
atitlan,2026-04-13,694350.0,1617750.0,0.35519534,26.60415,225,1
atitlan,2026-04-13,694650.0,1617750.0,0.34120986,24.29702,225,1
atitlan,2026-04-13,694950.0,1617750.0,0.35075584,25.435787,225,1
atitlan,2026-04-13,695250.0,1617750.0,0.3633445,27.883362,225,1
atitlan,2026-04-13,695550.0,1617750.0,0.3776427,31.10805,225,1
atitlan,2026-04-13,695850.0,1617750.0,0.38836774,33.949924,225,1
atitlan,2026-04-13,696150.0,1617750.0,0.40354222,38.355278,225,1
atitlan,2026-04-13,696450.0,1617750.0,0.38951477,34.551556,225,1
atitlan,2026-04-13,696750.0,1617750.0,0.3330778,24.223783,225,1
atitlan,2026-04-13,697050.0,1617750.0,0.31883618,23.06094,225,1
atitlan,2026-04-13,697350.0,1617750.0,0.32648903,22.79204,225,1
atitlan,2026-04-13,697650.0,1617750.0,0.30864954,19.91082,225,1
atitlan,2026-04-13,697950.0,1617750.0,0.3078638,20.85281,225,1
atitlan,2026-04-13,698250.0,1617750.0,0.3378816,23.982937,225,1
atitlan,2026-04-13,698550.0,1617750.0,0.34044775,24.095024,225,1
atitlan,2026-04-13,698850.0,1617750.0,0.31412604,20.95008,225,1
atitlan,2026-04-13,699150.0,1617750.0,0.1622809,10.307347,225,0
atitlan,2026-04-13,699450.0,1617750.0,0.19336277,10.781428,225,0
atitlan,2026-04-13,699750.0,1617750.0,0.13956252,8.557016,225,0
atitlan,2026-04-13,700050.0,1617750.0,0.21745181,12.483232,225,1
atitlan,2026-04-13,700350.0,1617750.0,0.32216135,21.894493,225,1
atitlan,2026-04-13,700650.0,1617750.0,0.35403267,27.502556,225,1
atitlan,2026-04-13,700950.0,1617750.0,0.31926647,22.098564,225,1
atitlan,2026-04-13,701250.0,1617750.0,0.27933827,20.383965,225,1
atitlan,2026-04-13,701550.0,1617750.0,0.3792272,31.751806,225,1
atitlan,2026-04-13,701850.0,1617750.0,0.31477898,21.615467,225,1
atitlan,2026-04-13,702150.0,1617750.0,0.33327454,23.515203,225,1
atitlan,2026-04-13,702450.0,1617750.0,0.26062015,13.487857,225,1
atitlan,2026-04-13,702750.0,1617750.0,0.23834959,12.521479,225,1
atitlan,2026-04-13,703050.0,1617750.0,0.15696596,6.4150543,225,0
atitlan,2026-04-13,703350.0,1617750.0,0.19519432,8.281225,225,0
atitlan,2026-04-13,703650.0,1617750.0,0.24873443,12.520891,225,1
atitlan,2026-04-13,703950.0,1617750.0,0.3039813,18.266129,225,1
atitlan,2026-04-13,704250.0,1617750.0,0.2715152,15.687081,225,1
atitlan,2026-04-13,704550.0,1617750.0,0.21887542,10.531689,225,0
atitlan,2026-04-13,704850.0,1617750.0,0.3216274,21.64218,225,1
atitlan,2026-04-13,705150.0,1617750.0,0.31040013,19.303675,225,1
atitlan,2026-04-13,705450.0,1617750.0,0.2549111,12.367808,225,1
atitlan,2026-04-13,705750.0,1617750.0,0.3001982,19.137936,225,1
atitlan,2026-04-13,706050.0,1617750.0,0.32369742,20.593245,225,1
atitlan,2026-04-13,706350.0,1617750.0,0.2931213,17.602076,225,1
atitlan,2026-04-13,706650.0,1617750.0,0.19154343,8.226126,225,0
atitlan,2026-04-13,706950.0,1617750.0,0.2482408,12.253685,225,1
atitlan,2026-04-13,707250.0,1617750.0,0.24529657,12.467409,225,1
atitlan,2026-04-13,707550.0,1617750.0,0.24325809,12.529369,225,1
atitlan,2026-04-13,707850.0,1617750.0,0.34466946,24.370304,45,1
atitlan,2026-04-13,680250.0,1618050.0,0.39404446,35.18604,180,1
atitlan,2026-04-13,680550.0,1618050.0,0.41184634,40.386147,225,1
atitlan,2026-04-13,680850.0,1618050.0,0.39261162,35.092903,225,1
atitlan,2026-04-13,681150.0,1618050.0,0.37741968,31.140257,225,1
atitlan,2026-04-13,681450.0,1618050.0,0.34265378,24.593842,225,1
atitlan,2026-04-13,681750.0,1618050.0,0.33980495,23.616364,225,1
atitlan,2026-04-13,682050.0,1618050.0,0.32189503,20.547617,225,1
atitlan,2026-04-13,682350.0,1618050.0,0.34853175,25.040216,225,1
atitlan,2026-04-13,682650.0,1618050.0,0.37650535,31.065372,225,1
atitlan,2026-04-13,682950.0,1618050.0,0.39276242,35.18674,225,1
atitlan,2026-04-13,683250.0,1618050.0,0.40156513,37.34042,225,1
atitlan,2026-04-13,683550.0,1618050.0,0.40107107,37.48243,225,1
atitlan,2026-04-13,683850.0,1618050.0,0.42384332,43.680847,225,1
atitlan,2026-04-13,684150.0,1618050.0,0.40914384,39.909424,225,1
atitlan,2026-04-13,684450.0,1618050.0,0.35940444,30.770958,225,1
atitlan,2026-04-13,684750.0,1618050.0,0.3243298,23.124681,225,1
atitlan,2026-04-13,685050.0,1618050.0,0.32687742,23.430433,225,1
atitlan,2026-04-13,685350.0,1618050.0,0.33230188,23.46457,225,1
atitlan,2026-04-13,685650.0,1618050.0,0.31758797,21.400694,225,1
atitlan,2026-04-13,685950.0,1618050.0,0.32706997,22.415556,225,1
atitlan,2026-04-13,686250.0,1618050.0,0.31048542,22.731287,225,1
atitlan,2026-04-13,686550.0,1618050.0,0.28010872,16.229218,225,1
atitlan,2026-04-13,686850.0,1618050.0,0.2770556,15.067189,225,1
atitlan,2026-04-13,687150.0,1618050.0,0.27384013,15.804317,225,1
atitlan,2026-04-13,687450.0,1618050.0,0.23829733,12.414069,225,1
atitlan,2026-04-13,687750.0,1618050.0,0.19847609,8.925979,225,0
atitlan,2026-04-13,688050.0,1618050.0,0.18208884,9.405119,225,0
atitlan,2026-04-13,688350.0,1618050.0,0.042688295,5.3627543,225,0
atitlan,2026-04-13,688650.0,1618050.0,-0.06915258,1.6082274,225,0
atitlan,2026-04-13,688950.0,1618050.0,-0.07316381,1.382852,225,0
atitlan,2026-04-13,689250.0,1618050.0,-0.07579507,1.2291106,225,0
atitlan,2026-04-13,689550.0,1618050.0,-0.068823695,1.6267741,225,0
atitlan,2026-04-13,689850.0,1618050.0,-0.036268275,3.0585828,225,0
atitlan,2026-04-13,690150.0,1618050.0,0.124434546,7.3285975,225,0
atitlan,2026-04-13,690450.0,1618050.0,0.16278659,8.339944,225,0
atitlan,2026-04-13,690750.0,1618050.0,0.20122036,9.847748,225,0
atitlan,2026-04-13,691050.0,1618050.0,0.29210693,16.276722,225,1
atitlan,2026-04-13,691350.0,1618050.0,0.28238103,15.910304,225,1
atitlan,2026-04-13,691650.0,1618050.0,0.25664222,16.416832,225,1
atitlan,2026-04-13,691950.0,1618050.0,0.23574118,13.238434,225,1
atitlan,2026-04-13,692250.0,1618050.0,0.17223361,10.175708,225,0
atitlan,2026-04-13,692550.0,1618050.0,0.2277707,13.49326,225,1
atitlan,2026-04-13,692850.0,1618050.0,0.28581193,18.289682,225,1
atitlan,2026-04-13,693150.0,1618050.0,0.3069825,19.061886,225,1
atitlan,2026-04-13,693450.0,1618050.0,0.2862874,16.992928,225,1
atitlan,2026-04-13,693750.0,1618050.0,0.3345022,23.150518,225,1
atitlan,2026-04-13,694050.0,1618050.0,0.34315875,24.051899,225,1
atitlan,2026-04-13,694350.0,1618050.0,0.3363121,22.873125,225,1
atitlan,2026-04-13,694650.0,1618050.0,0.334937,23.483446,225,1
atitlan,2026-04-13,694950.0,1618050.0,0.3484032,24.966257,225,1
atitlan,2026-04-13,695250.0,1618050.0,0.3498084,25.155294,225,1
atitlan,2026-04-13,695550.0,1618050.0,0.36289355,28.080923,225,1
atitlan,2026-04-13,695850.0,1618050.0,0.3861586,33.848026,225,1
atitlan,2026-04-13,696150.0,1618050.0,0.39782175,37.032883,225,1
atitlan,2026-04-13,696450.0,1618050.0,0.3773222,31.542046,225,1
atitlan,2026-04-13,696750.0,1618050.0,0.3374939,23.15074,225,1
atitlan,2026-04-13,697050.0,1618050.0,0.3189793,21.58784,225,1
atitlan,2026-04-13,697350.0,1618050.0,0.32712612,22.480532,225,1
atitlan,2026-04-13,697650.0,1618050.0,0.30066305,18.090155,225,1
atitlan,2026-04-13,697950.0,1618050.0,0.31843576,20.40363,225,1
atitlan,2026-04-13,698250.0,1618050.0,0.31457296,21.103056,225,1
atitlan,2026-04-13,698550.0,1618050.0,0.3133548,20.22012,225,1
atitlan,2026-04-13,698850.0,1618050.0,0.30965686,20.544355,225,1
atitlan,2026-04-13,699150.0,1618050.0,0.24275358,15.684431,225,1
atitlan,2026-04-13,699450.0,1618050.0,0.24663994,14.886609,225,1
atitlan,2026-04-13,699750.0,1618050.0,0.11294691,7.2369647,225,0
atitlan,2026-04-13,700050.0,1618050.0,0.14197132,9.523509,225,0
atitlan,2026-04-13,700350.0,1618050.0,0.2975144,18.089415,225,1
atitlan,2026-04-13,700650.0,1618050.0,0.32368731,21.704477,225,1
atitlan,2026-04-13,700950.0,1618050.0,0.29280305,19.782244,225,1
atitlan,2026-04-13,701250.0,1618050.0,0.2837606,20.932905,225,1
atitlan,2026-04-13,701550.0,1618050.0,0.35982543,28.424,225,1
atitlan,2026-04-13,701850.0,1618050.0,0.32954916,24.396,225,1
atitlan,2026-04-13,702150.0,1618050.0,0.2818999,17.327879,225,1
atitlan,2026-04-13,702450.0,1618050.0,0.21903199,9.6682005,225,0
atitlan,2026-04-13,702750.0,1618050.0,0.24673125,12.4548,225,1
atitlan,2026-04-13,703050.0,1618050.0,0.17385691,7.385858,225,0
atitlan,2026-04-13,703350.0,1618050.0,0.18547268,8.158426,225,0
atitlan,2026-04-13,703650.0,1618050.0,0.22760206,11.126465,225,0
atitlan,2026-04-13,703950.0,1618050.0,0.27478704,15.112016,225,1
atitlan,2026-04-13,704250.0,1618050.0,0.30374297,18.638937,225,1
atitlan,2026-04-13,704550.0,1618050.0,0.25614232,13.089318,225,1
atitlan,2026-04-13,704850.0,1618050.0,0.27135524,14.41098,225,1
atitlan,2026-04-13,705150.0,1618050.0,0.30938897,18.870735,225,1
atitlan,2026-04-13,705450.0,1618050.0,0.28087705,14.958921,225,1
atitlan,2026-04-13,705750.0,1618050.0,0.25052258,12.994662,225,1
atitlan,2026-04-13,706050.0,1618050.0,0.3200321,20.647476,225,1
atitlan,2026-04-13,706350.0,1618050.0,0.2857798,16.125854,225,1
atitlan,2026-04-13,706650.0,1618050.0,0.22065279,10.219527,225,0
atitlan,2026-04-13,706950.0,1618050.0,0.26874524,14.617305,225,1
atitlan,2026-04-13,707250.0,1618050.0,0.24509403,12.72828,225,1
atitlan,2026-04-13,707550.0,1618050.0,0.24055308,12.082922,225,1
atitlan,2026-04-13,707850.0,1618050.0,0.33996105,24.15248,45,1
atitlan,2026-04-13,680250.0,1618350.0,0.382219,32.835434,180,1
atitlan,2026-04-13,680550.0,1618350.0,0.38268384,32.717323,225,1
atitlan,2026-04-13,680850.0,1618350.0,0.37372136,30.291851,225,1
atitlan,2026-04-13,681150.0,1618350.0,0.3641149,28.081823,225,1
atitlan,2026-04-13,681450.0,1618350.0,0.33844993,23.834032,225,1
atitlan,2026-04-13,681750.0,1618350.0,0.33177203,21.962454,225,1
atitlan,2026-04-13,682050.0,1618350.0,0.3204561,19.907753,225,1
atitlan,2026-04-13,682350.0,1618350.0,0.33616728,22.680693,225,1
atitlan,2026-04-13,682650.0,1618350.0,0.37207723,30.119957,225,1
atitlan,2026-04-13,682950.0,1618350.0,0.4083632,39.525482,225,1
atitlan,2026-04-13,683250.0,1618350.0,0.39467648,36.071346,225,1
atitlan,2026-04-13,683550.0,1618350.0,0.40081853,38.017857,225,1
atitlan,2026-04-13,683850.0,1618350.0,0.40464467,38.72882,225,1
atitlan,2026-04-13,684150.0,1618350.0,0.36058238,28.430765,225,1
atitlan,2026-04-13,684450.0,1618350.0,0.3386386,26.064762,225,1
atitlan,2026-04-13,684750.0,1618350.0,0.311962,22.425308,225,1
atitlan,2026-04-13,685050.0,1618350.0,0.3323276,23.521523,225,1
atitlan,2026-04-13,685350.0,1618350.0,0.312584,20.597683,225,1
atitlan,2026-04-13,685650.0,1618350.0,0.29368392,18.953436,225,1
atitlan,2026-04-13,685950.0,1618350.0,0.2870804,17.888899,225,1
atitlan,2026-04-13,686250.0,1618350.0,0.28005028,16.744192,225,1
atitlan,2026-04-13,686550.0,1618350.0,0.28826195,16.764751,225,1
atitlan,2026-04-13,686850.0,1618350.0,0.29632998,17.1066,225,1
atitlan,2026-04-13,687150.0,1618350.0,0.28106573,15.448926,225,1
atitlan,2026-04-13,687450.0,1618350.0,0.28170723,15.839061,225,1
atitlan,2026-04-13,687750.0,1618350.0,0.21523607,10.592057,225,0
atitlan,2026-04-13,688050.0,1618350.0,0.23731247,12.056162,225,1
atitlan,2026-04-13,688350.0,1618350.0,0.188717,9.585142,225,0
atitlan,2026-04-13,688650.0,1618350.0,-0.05698872,2.1563873,225,0
atitlan,2026-04-13,688950.0,1618350.0,-0.067005225,1.71487,225,0
atitlan,2026-04-13,689250.0,1618350.0,-0.07121195,1.4845427,225,0
atitlan,2026-04-13,689550.0,1618350.0,-0.06794974,1.6692371,225,0
atitlan,2026-04-13,689850.0,1618350.0,-0.06132038,2.0270417,225,0
atitlan,2026-04-13,690150.0,1618350.0,-0.039014876,3.11653,225,0
atitlan,2026-04-13,690450.0,1618350.0,0.17208579,10.363771,225,0
atitlan,2026-04-13,690750.0,1618350.0,0.18666148,10.49455,225,0
atitlan,2026-04-13,691050.0,1618350.0,0.2968938,16.864313,225,1
atitlan,2026-04-13,691350.0,1618350.0,0.2918094,17.887196,225,1
atitlan,2026-04-13,691650.0,1618350.0,0.26614568,14.831739,225,1
atitlan,2026-04-13,691950.0,1618350.0,0.2112207,12.96654,225,1
atitlan,2026-04-13,692250.0,1618350.0,0.17666031,10.255195,225,0
atitlan,2026-04-13,692550.0,1618350.0,0.29051927,18.185976,225,1
atitlan,2026-04-13,692850.0,1618350.0,0.28573343,17.532177,225,1
atitlan,2026-04-13,693150.0,1618350.0,0.25907734,14.947036,225,1
atitlan,2026-04-13,693450.0,1618350.0,0.25196967,13.87319,225,1
atitlan,2026-04-13,693750.0,1618350.0,0.24891974,13.65421,225,1
atitlan,2026-04-13,694050.0,1618350.0,0.3189868,19.78163,225,1
atitlan,2026-04-13,694350.0,1618350.0,0.33414578,22.51866,225,1
atitlan,2026-04-13,694650.0,1618350.0,0.33986205,23.69163,225,1
atitlan,2026-04-13,694950.0,1618350.0,0.33794647,23.41829,225,1
atitlan,2026-04-13,695250.0,1618350.0,0.35461837,26.382662,225,1
atitlan,2026-04-13,695550.0,1618350.0,0.35713097,26.92807,225,1
atitlan,2026-04-13,695850.0,1618350.0,0.40795743,39.991077,225,1
atitlan,2026-04-13,696150.0,1618350.0,0.38430384,33.702972,225,1
atitlan,2026-04-13,696450.0,1618350.0,0.35882393,27.59592,225,1
atitlan,2026-04-13,696750.0,1618350.0,0.31331718,19.901283,225,1
atitlan,2026-04-13,697050.0,1618350.0,0.27539498,16.272657,225,1
atitlan,2026-04-13,697350.0,1618350.0,0.32412386,22.80696,225,1
atitlan,2026-04-13,697650.0,1618350.0,0.32769266,22.957205,225,1
atitlan,2026-04-13,697950.0,1618350.0,0.32494777,21.806383,225,1
atitlan,2026-04-13,698250.0,1618350.0,0.32358804,22.179781,225,1
atitlan,2026-04-13,698550.0,1618350.0,0.31846467,20.725975,225,1
atitlan,2026-04-13,698850.0,1618350.0,0.3096188,20.043,225,1
atitlan,2026-04-13,699150.0,1618350.0,0.26520464,15.51228,225,1
atitlan,2026-04-13,699450.0,1618350.0,0.16139652,10.443633,225,0
atitlan,2026-04-13,699750.0,1618350.0,0.071717255,5.4041624,225,0
atitlan,2026-04-13,700050.0,1618350.0,0.03951134,4.386785,225,0
atitlan,2026-04-13,700350.0,1618350.0,0.22133277,12.645911,225,1
atitlan,2026-04-13,700650.0,1618350.0,0.29454485,16.936926,225,1
atitlan,2026-04-13,700950.0,1618350.0,0.3098039,21.165941,225,1
atitlan,2026-04-13,701250.0,1618350.0,0.3253862,23.987831,225,1
atitlan,2026-04-13,701550.0,1618350.0,0.2816249,20.955866,225,1
atitlan,2026-04-13,701850.0,1618350.0,0.3159019,22.687595,225,1
atitlan,2026-04-13,702150.0,1618350.0,0.28072482,17.530966,225,1
atitlan,2026-04-13,702450.0,1618350.0,0.2095193,9.752725,225,0
atitlan,2026-04-13,702750.0,1618350.0,0.22367285,10.315043,225,0
atitlan,2026-04-13,703050.0,1618350.0,0.20395604,8.874104,225,0
atitlan,2026-04-13,703350.0,1618350.0,0.20706332,10.351426,225,0
atitlan,2026-04-13,703650.0,1618350.0,0.23056583,11.697466,225,0
atitlan,2026-04-13,703950.0,1618350.0,0.19595642,8.323212,225,0
atitlan,2026-04-13,704250.0,1618350.0,0.23853135,11.464796,225,0
atitlan,2026-04-13,704550.0,1618350.0,0.26359802,13.642769,225,1
atitlan,2026-04-13,704850.0,1618350.0,0.31233215,18.980804,225,1
atitlan,2026-04-13,705150.0,1618350.0,0.30100834,17.532743,225,1
atitlan,2026-04-13,705450.0,1618350.0,0.31763652,19.688229,225,1
atitlan,2026-04-13,705750.0,1618350.0,0.30267808,18.714418,225,1
atitlan,2026-04-13,706050.0,1618350.0,0.26119438,13.207829,225,1
atitlan,2026-04-13,706350.0,1618350.0,0.23174568,10.825829,225,0
atitlan,2026-04-13,706650.0,1618350.0,0.30421156,18.417755,225,1
atitlan,2026-04-13,706950.0,1618350.0,0.29800212,17.825697,225,1
atitlan,2026-04-13,707250.0,1618350.0,0.25868818,13.431427,225,1
atitlan,2026-04-13,707550.0,1618350.0,0.19571055,8.1762295,225,0
atitlan,2026-04-13,707850.0,1618350.0,0.28990132,16.89673,45,1
atitlan,2026-04-13,680250.0,1618650.0,0.3945709,35.933414,180,1
atitlan,2026-04-13,680550.0,1618650.0,0.38824135,33.975372,225,1
atitlan,2026-04-13,680850.0,1618650.0,0.38848403,33.774433,225,1
atitlan,2026-04-13,681150.0,1618650.0,0.36191556,27.969946,225,1
atitlan,2026-04-13,681450.0,1618650.0,0.366937,28.702005,225,1
atitlan,2026-04-13,681750.0,1618650.0,0.3494508,25.496529,225,1
atitlan,2026-04-13,682050.0,1618650.0,0.33371228,22.551188,225,1
atitlan,2026-04-13,682350.0,1618650.0,0.3094655,18.06985,225,1
atitlan,2026-04-13,682650.0,1618650.0,0.35877693,27.388607,225,1
atitlan,2026-04-13,682950.0,1618650.0,0.35168895,26.650372,225,1
atitlan,2026-04-13,683250.0,1618650.0,0.34517074,24.845375,225,1
atitlan,2026-04-13,683550.0,1618650.0,0.3775706,32.197536,225,1
atitlan,2026-04-13,683850.0,1618650.0,0.39026108,34.753395,225,1
atitlan,2026-04-13,684150.0,1618650.0,0.33981156,25.598131,225,1
atitlan,2026-04-13,684450.0,1618650.0,0.29236802,19.62112,225,1
atitlan,2026-04-13,684750.0,1618650.0,0.29608715,18.984987,225,1
atitlan,2026-04-13,685050.0,1618650.0,0.29768738,19.818716,225,1
atitlan,2026-04-13,685350.0,1618650.0,0.31318858,20.178276,225,1
atitlan,2026-04-13,685650.0,1618650.0,0.31043312,19.57036,225,1
atitlan,2026-04-13,685950.0,1618650.0,0.2721736,14.302564,225,1
atitlan,2026-04-13,686250.0,1618650.0,0.27771774,15.223146,225,1
atitlan,2026-04-13,686550.0,1618650.0,0.25605336,12.845719,225,1
atitlan,2026-04-13,686850.0,1618650.0,0.28984365,17.120802,225,1
atitlan,2026-04-13,687150.0,1618650.0,0.29436594,17.459675,225,1
atitlan,2026-04-13,687450.0,1618650.0,0.28170082,16.054674,225,1
atitlan,2026-04-13,687750.0,1618650.0,0.2671329,14.026932,225,1
atitlan,2026-04-13,688050.0,1618650.0,0.24364056,11.52205,225,0
atitlan,2026-04-13,688350.0,1618650.0,0.22062194,9.699304,225,0
atitlan,2026-04-13,688650.0,1618650.0,0.13909398,9.544827,225,0
atitlan,2026-04-13,688950.0,1618650.0,-0.003429573,3.9975815,225,0
atitlan,2026-04-13,689250.0,1618650.0,-0.06625062,1.7603978,225,0
atitlan,2026-04-13,689550.0,1618650.0,-0.0710579,1.5065079,225,0
atitlan,2026-04-13,689850.0,1618650.0,-0.06955663,1.543669,225,0
atitlan,2026-04-13,690150.0,1618650.0,0.034783483,4.173369,225,0
atitlan,2026-04-13,690450.0,1618650.0,0.056873623,4.928641,225,0
atitlan,2026-04-13,690750.0,1618650.0,0.12561035,7.7147284,225,0
atitlan,2026-04-13,691050.0,1618650.0,0.27619427,15.011142,225,1
atitlan,2026-04-13,691350.0,1618650.0,0.29738376,17.388056,225,1
atitlan,2026-04-13,691650.0,1618650.0,0.28540275,16.580671,225,1
atitlan,2026-04-13,691950.0,1618650.0,0.22511041,13.50355,225,1
atitlan,2026-04-13,692250.0,1618650.0,0.27553913,16.741772,225,1
atitlan,2026-04-13,692550.0,1618650.0,0.25426555,15.3438425,225,1
atitlan,2026-04-13,692850.0,1618650.0,0.28688246,16.354633,225,1
atitlan,2026-04-13,693150.0,1618650.0,0.26186198,15.674574,225,1
atitlan,2026-04-13,693450.0,1618650.0,0.208306,10.344452,225,0
atitlan,2026-04-13,693750.0,1618650.0,0.238007,14.068953,225,1
atitlan,2026-04-13,694050.0,1618650.0,0.3229629,20.471977,225,1
atitlan,2026-04-13,694350.0,1618650.0,0.3659661,28.748882,225,1
atitlan,2026-04-13,694650.0,1618650.0,0.35865295,27.663376,225,1
atitlan,2026-04-13,694950.0,1618650.0,0.3680279,29.58408,225,1
atitlan,2026-04-13,695250.0,1618650.0,0.37156013,30.08894,225,1
atitlan,2026-04-13,695550.0,1618650.0,0.38694966,33.815796,225,1
atitlan,2026-04-13,695850.0,1618650.0,0.40289807,38.32944,225,1
atitlan,2026-04-13,696150.0,1618650.0,0.3171089,22.304323,225,1
atitlan,2026-04-13,696450.0,1618650.0,0.3384569,24.790432,225,1
atitlan,2026-04-13,696750.0,1618650.0,0.30944994,20.493214,225,1
atitlan,2026-04-13,697050.0,1618650.0,0.29640257,18.844444,225,1
atitlan,2026-04-13,697350.0,1618650.0,0.34449762,25.417324,225,1
atitlan,2026-04-13,697650.0,1618650.0,0.34428263,26.006788,225,1
atitlan,2026-04-13,697950.0,1618650.0,0.3242627,22.38239,225,1
atitlan,2026-04-13,698250.0,1618650.0,0.2935272,17.148378,225,1
atitlan,2026-04-13,698550.0,1618650.0,0.3191877,21.097567,225,1
atitlan,2026-04-13,698850.0,1618650.0,0.28848222,16.769287,225,1
atitlan,2026-04-13,699150.0,1618650.0,0.26163277,14.652326,225,1
atitlan,2026-04-13,699450.0,1618650.0,0.24469112,14.581654,225,1
atitlan,2026-04-13,699750.0,1618650.0,0.041648846,4.578362,225,0
atitlan,2026-04-13,700050.0,1618650.0,0.063824706,5.2152753,225,0
atitlan,2026-04-13,700350.0,1618650.0,0.1810006,10.153632,225,0
atitlan,2026-04-13,700650.0,1618650.0,0.2571212,13.7762,225,1
atitlan,2026-04-13,700950.0,1618650.0,0.28171393,14.947215,225,1
atitlan,2026-04-13,701250.0,1618650.0,0.3088816,22.423885,225,1
atitlan,2026-04-13,701550.0,1618650.0,0.28316003,18.667112,225,1
atitlan,2026-04-13,701850.0,1618650.0,0.21829258,12.560486,225,1
atitlan,2026-04-13,702150.0,1618650.0,0.28535387,16.883621,225,1
atitlan,2026-04-13,702450.0,1618650.0,0.27085635,14.793228,225,1
atitlan,2026-04-13,702750.0,1618650.0,0.23174012,11.4243,225,0
atitlan,2026-04-13,703050.0,1618650.0,0.2357595,11.291284,225,0
atitlan,2026-04-13,703350.0,1618650.0,0.15072349,6.334966,225,0
atitlan,2026-04-13,703650.0,1618650.0,0.21577123,10.32588,225,0
atitlan,2026-04-13,703950.0,1618650.0,0.19526434,8.779307,225,0
atitlan,2026-04-13,704250.0,1618650.0,0.19904476,8.585207,225,0
atitlan,2026-04-13,704550.0,1618650.0,0.22387402,10.676256,225,0
atitlan,2026-04-13,704850.0,1618650.0,0.27545586,14.99086,225,1
atitlan,2026-04-13,705150.0,1618650.0,0.30004936,18.469194,225,1
atitlan,2026-04-13,705450.0,1618650.0,0.29701987,17.40335,225,1
atitlan,2026-04-13,705750.0,1618650.0,0.31795013,19.526894,225,1
atitlan,2026-04-13,706050.0,1618650.0,0.32072282,21.556343,225,1
atitlan,2026-04-13,706350.0,1618650.0,0.28915137,17.287384,225,1
atitlan,2026-04-13,706650.0,1618650.0,0.3100372,19.090721,225,1
atitlan,2026-04-13,706950.0,1618650.0,0.31081784,19.04805,225,1
atitlan,2026-04-13,707250.0,1618650.0,0.22775193,9.970365,225,0
atitlan,2026-04-13,707550.0,1618650.0,0.2388268,12.06016,225,1
atitlan,2026-04-13,707850.0,1618650.0,0.2169761,9.092696,45,0
atitlan,2026-04-13,680250.0,1618950.0,0.3870965,33.664913,180,1
atitlan,2026-04-13,680550.0,1618950.0,0.38819563,34.241184,225,1
atitlan,2026-04-13,680850.0,1618950.0,0.3959022,35.814293,225,1
atitlan,2026-04-13,681150.0,1618950.0,0.38957196,34.14968,225,1
atitlan,2026-04-13,681450.0,1618950.0,0.36668512,29.005058,225,1
atitlan,2026-04-13,681750.0,1618950.0,0.35293895,25.877499,225,1
atitlan,2026-04-13,682050.0,1618950.0,0.34299484,24.445421,225,1
atitlan,2026-04-13,682350.0,1618950.0,0.33049652,22.281576,225,1
atitlan,2026-04-13,682650.0,1618950.0,0.33629328,23.258709,225,1
atitlan,2026-04-13,682950.0,1618950.0,0.36525944,29.550669,225,1
atitlan,2026-04-13,683250.0,1618950.0,0.37985632,32.704853,225,1
atitlan,2026-04-13,683550.0,1618950.0,0.3878983,34.171173,225,1
atitlan,2026-04-13,683850.0,1618950.0,0.37625828,31.941734,225,1
atitlan,2026-04-13,684150.0,1618950.0,0.36323038,29.982677,225,1
atitlan,2026-04-13,684450.0,1618950.0,0.28935397,17.695799,225,1
atitlan,2026-04-13,684750.0,1618950.0,0.24642783,12.573568,225,1
atitlan,2026-04-13,685050.0,1618950.0,0.29381838,18.282133,225,1
atitlan,2026-04-13,685350.0,1618950.0,0.25518152,13.756687,225,1
atitlan,2026-04-13,685650.0,1618950.0,0.2605306,14.049812,225,1
atitlan,2026-04-13,685950.0,1618950.0,0.27807906,15.108722,225,1
atitlan,2026-04-13,686250.0,1618950.0,0.25762323,13.749923,225,1
atitlan,2026-04-13,686550.0,1618950.0,0.23922557,11.419389,225,0
atitlan,2026-04-13,686850.0,1618950.0,0.27390343,14.941901,225,1
atitlan,2026-04-13,687150.0,1618950.0,0.27209502,14.931264,225,1
atitlan,2026-04-13,687450.0,1618950.0,0.27243072,15.225977,225,1
atitlan,2026-04-13,687750.0,1618950.0,0.2685735,14.712888,225,1
atitlan,2026-04-13,688050.0,1618950.0,0.2911568,16.717783,225,1
atitlan,2026-04-13,688350.0,1618950.0,0.2510259,12.672751,225,1
atitlan,2026-04-13,688650.0,1618950.0,0.22356626,10.643437,225,0
atitlan,2026-04-13,688950.0,1618950.0,0.18665077,9.167028,225,0
atitlan,2026-04-13,689250.0,1618950.0,-0.052654352,2.3012483,225,0
atitlan,2026-04-13,689550.0,1618950.0,-0.067482516,1.6982697,225,0
atitlan,2026-04-13,689850.0,1618950.0,-0.060462438,1.8721913,225,0
atitlan,2026-04-13,690150.0,1618950.0,0.09485015,6.1097336,225,0
atitlan,2026-04-13,690450.0,1618950.0,0.032429006,4.1895776,225,0
atitlan,2026-04-13,690750.0,1618950.0,0.036638882,4.489956,225,0
atitlan,2026-04-13,691050.0,1618950.0,0.13811995,7.6595855,225,0
atitlan,2026-04-13,691350.0,1618950.0,0.25285763,13.415717,225,1
atitlan,2026-04-13,691650.0,1618950.0,0.29723328,17.112783,225,1
atitlan,2026-04-13,691950.0,1618950.0,0.27590877,14.953891,225,1
atitlan,2026-04-13,692250.0,1618950.0,0.27073336,15.1558,225,1
atitlan,2026-04-13,692550.0,1618950.0,0.2904307,17.000679,225,1
atitlan,2026-04-13,692850.0,1618950.0,0.24457179,13.956867,225,1
atitlan,2026-04-13,693150.0,1618950.0,0.25577268,15.18171,225,1
atitlan,2026-04-13,693450.0,1618950.0,0.23269418,13.382362,225,1
atitlan,2026-04-13,693750.0,1618950.0,0.2464677,14.4696865,225,1
atitlan,2026-04-13,694050.0,1618950.0,0.28351837,15.436846,225,1
atitlan,2026-04-13,694350.0,1618950.0,0.32252327,21.92441,225,1
atitlan,2026-04-13,694650.0,1618950.0,0.35713735,26.86717,225,1
atitlan,2026-04-13,694950.0,1618950.0,0.36990437,30.479982,225,1
atitlan,2026-04-13,695250.0,1618950.0,0.34667778,25.891418,225,1
atitlan,2026-04-13,695550.0,1618950.0,0.37759322,32.740562,225,1
atitlan,2026-04-13,695850.0,1618950.0,0.3654306,30.328161,225,1
atitlan,2026-04-13,696150.0,1618950.0,0.31608087,21.557308,225,1
atitlan,2026-04-13,696450.0,1618950.0,0.30774763,19.686653,225,1
atitlan,2026-04-13,696750.0,1618950.0,0.31763828,20.706532,225,1
atitlan,2026-04-13,697050.0,1618950.0,0.35613182,27.61049,225,1
atitlan,2026-04-13,697350.0,1618950.0,0.3329992,22.96165,225,1
atitlan,2026-04-13,697650.0,1618950.0,0.32154706,20.821804,225,1
atitlan,2026-04-13,697950.0,1618950.0,0.32513955,21.703342,225,1
atitlan,2026-04-13,698250.0,1618950.0,0.2815647,16.43705,225,1
atitlan,2026-04-13,698550.0,1618950.0,0.29101506,17.097086,225,1
atitlan,2026-04-13,698850.0,1618950.0,0.25363007,13.966302,225,1
atitlan,2026-04-13,699150.0,1618950.0,0.14314605,8.719503,225,0
atitlan,2026-04-13,699450.0,1618950.0,0.121118076,8.489585,225,0
atitlan,2026-04-13,699750.0,1618950.0,0.06244902,5.4776525,225,0
atitlan,2026-04-13,700050.0,1618950.0,0.06421467,5.395708,225,0
atitlan,2026-04-13,700350.0,1618950.0,0.13360709,8.034629,225,0
atitlan,2026-04-13,700650.0,1618950.0,0.14484112,8.596213,225,0
atitlan,2026-04-13,700950.0,1618950.0,0.2339875,11.764748,225,0
atitlan,2026-04-13,701250.0,1618950.0,0.28673515,16.881247,225,1
atitlan,2026-04-13,701550.0,1618950.0,0.23408246,12.955364,225,1
atitlan,2026-04-13,701850.0,1618950.0,0.13432148,8.436832,225,0
atitlan,2026-04-13,702150.0,1618950.0,0.18642415,11.510811,225,0
atitlan,2026-04-13,702450.0,1618950.0,0.23374496,11.744175,225,0
atitlan,2026-04-13,702750.0,1618950.0,0.2004642,8.903687,225,0
atitlan,2026-04-13,703050.0,1618950.0,0.17702517,7.275979,225,0
atitlan,2026-04-13,703350.0,1618950.0,0.15805532,6.484223,225,0
atitlan,2026-04-13,703650.0,1618950.0,0.20541432,9.546065,225,0
atitlan,2026-04-13,703950.0,1618950.0,0.20113471,9.276335,225,0
atitlan,2026-04-13,704250.0,1618950.0,0.18296237,7.7687054,225,0
atitlan,2026-04-13,704550.0,1618950.0,0.18313427,8.610449,225,0
atitlan,2026-04-13,704850.0,1618950.0,0.26838857,14.750912,225,1
atitlan,2026-04-13,705150.0,1618950.0,0.24659665,12.3641,225,1
atitlan,2026-04-13,705450.0,1618950.0,0.28384715,16.12084,225,1
atitlan,2026-04-13,705750.0,1618950.0,0.34039447,23.69834,225,1
atitlan,2026-04-13,706050.0,1618950.0,0.35288382,25.915066,225,1
atitlan,2026-04-13,706350.0,1618950.0,0.3652088,29.077675,225,1
atitlan,2026-04-13,706650.0,1618950.0,0.34855118,25.684717,225,1
atitlan,2026-04-13,706950.0,1618950.0,0.32518935,21.796272,225,1
atitlan,2026-04-13,707250.0,1618950.0,0.21685715,10.121103,225,0
atitlan,2026-04-13,707550.0,1618950.0,0.2625221,15.91611,225,1
atitlan,2026-04-13,707850.0,1618950.0,0.2724143,15.22147,45,1
atitlan,2026-04-13,680250.0,1619250.0,0.38725874,33.49723,180,1
atitlan,2026-04-13,680550.0,1619250.0,0.38369378,32.70511,225,1
atitlan,2026-04-13,680850.0,1619250.0,0.35689402,27.154898,225,1
atitlan,2026-04-13,681150.0,1619250.0,0.36489448,29.156097,225,1
atitlan,2026-04-13,681450.0,1619250.0,0.36257008,27.851704,225,1
atitlan,2026-04-13,681750.0,1619250.0,0.3583901,27.10186,225,1
atitlan,2026-04-13,682050.0,1619250.0,0.3366933,23.429039,225,1
atitlan,2026-04-13,682350.0,1619250.0,0.3619598,27.93265,225,1
atitlan,2026-04-13,682650.0,1619250.0,0.35184017,26.059984,225,1
atitlan,2026-04-13,682950.0,1619250.0,0.369335,29.691029,225,1
atitlan,2026-04-13,683250.0,1619250.0,0.32478195,27.046328,225,1
atitlan,2026-04-13,683550.0,1619250.0,0.36641416,31.273485,225,1
atitlan,2026-04-13,683850.0,1619250.0,0.37667677,32.046413,225,1
atitlan,2026-04-13,684150.0,1619250.0,0.37400803,31.15359,225,1
atitlan,2026-04-13,684450.0,1619250.0,0.32421693,21.590311,225,1
atitlan,2026-04-13,684750.0,1619250.0,0.32745498,22.140013,225,1
atitlan,2026-04-13,685050.0,1619250.0,0.2917927,16.435764,225,1
atitlan,2026-04-13,685350.0,1619250.0,0.2699463,14.617606,225,1
atitlan,2026-04-13,685650.0,1619250.0,0.24973492,13.360942,225,1
atitlan,2026-04-13,685950.0,1619250.0,0.2655925,15.361331,225,1
atitlan,2026-04-13,686250.0,1619250.0,0.30621332,18.426329,225,1
atitlan,2026-04-13,686550.0,1619250.0,0.2651292,14.426403,225,1
atitlan,2026-04-13,686850.0,1619250.0,0.27396527,15.703722,225,1
atitlan,2026-04-13,687150.0,1619250.0,0.25033963,13.597055,225,1
atitlan,2026-04-13,687450.0,1619250.0,0.2615533,13.5431595,225,1
atitlan,2026-04-13,687750.0,1619250.0,0.2614772,13.415725,225,1
atitlan,2026-04-13,688050.0,1619250.0,0.25977853,13.273026,225,1
atitlan,2026-04-13,688350.0,1619250.0,0.24083637,11.479006,225,0
atitlan,2026-04-13,688650.0,1619250.0,0.23787132,11.779284,225,0
atitlan,2026-04-13,688950.0,1619250.0,0.22956292,11.880492,225,0
atitlan,2026-04-13,689250.0,1619250.0,0.10706601,7.0544896,225,0
atitlan,2026-04-13,689550.0,1619250.0,0.01026225,3.9881816,225,0
atitlan,2026-04-13,689850.0,1619250.0,-0.044383828,2.5795324,225,0
atitlan,2026-04-13,690150.0,1619250.0,0.10742657,6.4276648,225,0
atitlan,2026-04-13,690450.0,1619250.0,0.045539536,4.794649,225,0
atitlan,2026-04-13,690750.0,1619250.0,0.029537788,4.178752,225,0
atitlan,2026-04-13,691050.0,1619250.0,0.048418064,4.646214,225,0
atitlan,2026-04-13,691350.0,1619250.0,0.21047442,10.467783,225,0
atitlan,2026-04-13,691650.0,1619250.0,0.2666619,13.939759,225,1
atitlan,2026-04-13,691950.0,1619250.0,0.2740933,14.45398,225,1
atitlan,2026-04-13,692250.0,1619250.0,0.26253557,14.448528,225,1
atitlan,2026-04-13,692550.0,1619250.0,0.28307706,15.656188,225,1
atitlan,2026-04-13,692850.0,1619250.0,0.27141368,15.155565,225,1
atitlan,2026-04-13,693150.0,1619250.0,0.24458633,14.036284,225,1
atitlan,2026-04-13,693450.0,1619250.0,0.23451377,12.335405,225,1
atitlan,2026-04-13,693750.0,1619250.0,0.2480714,14.045799,225,1
atitlan,2026-04-13,694050.0,1619250.0,0.27175677,14.81255,225,1
atitlan,2026-04-13,694350.0,1619250.0,0.29999426,18.518538,225,1
atitlan,2026-04-13,694650.0,1619250.0,0.3159722,20.486053,225,1
atitlan,2026-04-13,694950.0,1619250.0,0.29869843,18.956507,225,1
atitlan,2026-04-13,695250.0,1619250.0,0.26399875,14.399071,225,1
atitlan,2026-04-13,695550.0,1619250.0,0.3142237,20.930756,225,1
atitlan,2026-04-13,695850.0,1619250.0,0.29045004,19.37832,225,1
atitlan,2026-04-13,696150.0,1619250.0,0.26542395,16.335638,225,1
atitlan,2026-04-13,696450.0,1619250.0,0.29907662,18.84332,225,1
atitlan,2026-04-13,696750.0,1619250.0,0.30517617,19.782137,225,1
atitlan,2026-04-13,697050.0,1619250.0,0.32386124,21.928488,225,1
atitlan,2026-04-13,697350.0,1619250.0,0.3255628,22.16014,225,1
atitlan,2026-04-13,697650.0,1619250.0,0.30717203,18.670776,225,1
atitlan,2026-04-13,697950.0,1619250.0,0.32800162,22.481071,225,1
atitlan,2026-04-13,698250.0,1619250.0,0.30763033,19.255814,225,1
atitlan,2026-04-13,698550.0,1619250.0,0.24612206,13.355957,225,1
atitlan,2026-04-13,698850.0,1619250.0,0.26072088,14.036031,225,1
atitlan,2026-04-13,699150.0,1619250.0,0.1382779,7.2852483,225,0
atitlan,2026-04-13,699450.0,1619250.0,0.119158916,7.3778114,225,0
atitlan,2026-04-13,699750.0,1619250.0,0.16796677,10.616437,225,0
atitlan,2026-04-13,700050.0,1619250.0,0.06225665,6.0947027,225,0
atitlan,2026-04-13,700350.0,1619250.0,0.03400252,5.0757875,225,0
atitlan,2026-04-13,700650.0,1619250.0,-0.0073135463,3.8383625,225,0
atitlan,2026-04-13,700950.0,1619250.0,0.21122298,11.004778,225,0
atitlan,2026-04-13,701250.0,1619250.0,0.2608524,13.138451,225,1
atitlan,2026-04-13,701550.0,1619250.0,0.25577933,14.208878,225,1
atitlan,2026-04-13,701850.0,1619250.0,0.20548645,11.865505,225,0
atitlan,2026-04-13,702150.0,1619250.0,0.18841702,10.740405,225,0
atitlan,2026-04-13,702450.0,1619250.0,0.2123982,11.871324,225,0
atitlan,2026-04-13,702750.0,1619250.0,0.19745807,8.934021,225,0
atitlan,2026-04-13,703050.0,1619250.0,0.19097424,8.988123,225,0
atitlan,2026-04-13,703350.0,1619250.0,0.19263102,8.827847,225,0
atitlan,2026-04-13,703650.0,1619250.0,0.19805355,8.775045,225,0
atitlan,2026-04-13,703950.0,1619250.0,0.176338,8.038171,225,0
atitlan,2026-04-13,704250.0,1619250.0,0.20366764,9.761467,225,0
atitlan,2026-04-13,704550.0,1619250.0,0.18845074,8.485598,225,0
atitlan,2026-04-13,704850.0,1619250.0,0.20225684,8.455228,225,0
atitlan,2026-04-13,705150.0,1619250.0,0.2358743,10.8050165,225,0
atitlan,2026-04-13,705450.0,1619250.0,0.30938426,18.90986,225,1
atitlan,2026-04-13,705750.0,1619250.0,0.3267519,21.97401,225,1
atitlan,2026-04-13,706050.0,1619250.0,0.31421074,20.171455,225,1
atitlan,2026-04-13,706350.0,1619250.0,0.33978128,23.690386,225,1
atitlan,2026-04-13,706650.0,1619250.0,0.31616387,19.946703,225,1
atitlan,2026-04-13,706950.0,1619250.0,0.31807977,20.461124,225,1
atitlan,2026-04-13,707250.0,1619250.0,0.27469707,16.305841,225,1
atitlan,2026-04-13,707550.0,1619250.0,0.193659,13.0091915,225,1
atitlan,2026-04-13,707850.0,1619250.0,0.20002958,11.46423,45,0
atitlan,2026-04-13,680250.0,1619550.0,0.38607204,33.218437,180,1
atitlan,2026-04-13,680550.0,1619550.0,0.3643776,28.69693,225,1
atitlan,2026-04-13,680850.0,1619550.0,0.35987556,27.83641,225,1
atitlan,2026-04-13,681150.0,1619550.0,0.3881194,33.651657,225,1
atitlan,2026-04-13,681450.0,1619550.0,0.377916,31.253298,225,1
atitlan,2026-04-13,681750.0,1619550.0,0.35585022,26.400948,225,1
atitlan,2026-04-13,682050.0,1619550.0,0.35488644,26.634394,225,1
atitlan,2026-04-13,682350.0,1619550.0,0.3385383,24.354328,225,1
atitlan,2026-04-13,682650.0,1619550.0,0.36240485,28.513384,225,1
atitlan,2026-04-13,682950.0,1619550.0,0.22915997,16.92277,225,1
atitlan,2026-04-13,683250.0,1619550.0,0.1570756,10.3393545,225,0
atitlan,2026-04-13,683550.0,1619550.0,0.29834732,23.810783,225,1
atitlan,2026-04-13,683850.0,1619550.0,0.3434005,28.851877,225,1
atitlan,2026-04-13,684150.0,1619550.0,0.39099628,35.230408,225,1
atitlan,2026-04-13,684450.0,1619550.0,0.3470609,29.195026,225,1
atitlan,2026-04-13,684750.0,1619550.0,0.3679184,30.136845,225,1
atitlan,2026-04-13,685050.0,1619550.0,0.3266966,25.27018,225,1
atitlan,2026-04-13,685350.0,1619550.0,0.30503276,18.243265,225,1
atitlan,2026-04-13,685650.0,1619550.0,0.30073988,18.979275,225,1
atitlan,2026-04-13,685950.0,1619550.0,0.32319024,21.298765,225,1
atitlan,2026-04-13,686250.0,1619550.0,0.323981,20.639942,225,1
atitlan,2026-04-13,686550.0,1619550.0,0.24756968,12.790343,225,1
atitlan,2026-04-13,686850.0,1619550.0,0.26388174,13.728917,225,1
atitlan,2026-04-13,687150.0,1619550.0,0.2523081,13.016434,225,1
atitlan,2026-04-13,687450.0,1619550.0,0.2717699,14.101604,225,1
atitlan,2026-04-13,687750.0,1619550.0,0.26758337,13.223245,225,1
atitlan,2026-04-13,688050.0,1619550.0,0.22669561,10.670723,225,0
atitlan,2026-04-13,688350.0,1619550.0,0.24880499,12.40165,225,1
atitlan,2026-04-13,688650.0,1619550.0,0.24226773,11.818142,225,0
atitlan,2026-04-13,688950.0,1619550.0,0.21862419,10.188802,225,0
atitlan,2026-04-13,689250.0,1619550.0,0.23700944,11.1447315,225,0
atitlan,2026-04-13,689550.0,1619550.0,0.11316162,7.6479974,225,0
atitlan,2026-04-13,689850.0,1619550.0,-0.061159413,2.016153,225,0
atitlan,2026-04-13,690150.0,1619550.0,0.030920424,5.1498094,225,0
atitlan,2026-04-13,690450.0,1619550.0,0.057898063,5.7492437,225,0
atitlan,2026-04-13,690750.0,1619550.0,0.09264045,7.0702014,225,0
atitlan,2026-04-13,691050.0,1619550.0,0.060623296,4.945336,225,0
atitlan,2026-04-13,691350.0,1619550.0,0.1375945,8.40616,225,0
atitlan,2026-04-13,691650.0,1619550.0,0.24777299,12.00015,225,1
atitlan,2026-04-13,691950.0,1619550.0,0.23701268,11.548001,225,0
atitlan,2026-04-13,692250.0,1619550.0,0.24950582,12.889875,225,1
atitlan,2026-04-13,692550.0,1619550.0,0.26445776,13.902353,225,1
atitlan,2026-04-13,692850.0,1619550.0,0.23129058,11.912331,225,0
atitlan,2026-04-13,693150.0,1619550.0,0.18362932,10.496823,225,0
atitlan,2026-04-13,693450.0,1619550.0,0.1830982,10.269582,225,0
atitlan,2026-04-13,693750.0,1619550.0,0.22707437,12.872581,225,1
atitlan,2026-04-13,694050.0,1619550.0,0.2686102,14.336544,225,1
atitlan,2026-04-13,694350.0,1619550.0,0.27735773,15.871359,225,1
atitlan,2026-04-13,694650.0,1619550.0,0.23442926,13.717259,225,1
atitlan,2026-04-13,694950.0,1619550.0,0.30188486,18.18223,225,1
atitlan,2026-04-13,695250.0,1619550.0,0.2959794,17.46332,225,1
atitlan,2026-04-13,695550.0,1619550.0,0.27153924,16.986649,225,1
atitlan,2026-04-13,695850.0,1619550.0,0.26281962,16.971136,225,1
atitlan,2026-04-13,696150.0,1619550.0,0.2770794,18.026009,225,1
atitlan,2026-04-13,696450.0,1619550.0,0.304187,20.232416,225,1
atitlan,2026-04-13,696750.0,1619550.0,0.30641317,19.392448,225,1
atitlan,2026-04-13,697050.0,1619550.0,0.28567326,17.11369,225,1
atitlan,2026-04-13,697350.0,1619550.0,0.311897,20.08189,225,1
atitlan,2026-04-13,697650.0,1619550.0,0.30867773,18.763052,225,1
atitlan,2026-04-13,697950.0,1619550.0,0.30102345,18.91276,225,1
atitlan,2026-04-13,698250.0,1619550.0,0.28712514,16.42318,225,1
atitlan,2026-04-13,698550.0,1619550.0,0.25028983,12.842405,225,1
atitlan,2026-04-13,698850.0,1619550.0,0.2816739,16.422602,225,1
atitlan,2026-04-13,699150.0,1619550.0,0.20297728,11.49714,225,0
atitlan,2026-04-13,699450.0,1619550.0,0.13615653,8.505989,225,0
atitlan,2026-04-13,699750.0,1619550.0,0.22766922,13.363462,225,1
atitlan,2026-04-13,700050.0,1619550.0,0.14018486,9.710328,225,0
atitlan,2026-04-13,700350.0,1619550.0,-0.011927579,3.416452,225,0
atitlan,2026-04-13,700650.0,1619550.0,-0.060492538,2.0108075,225,0
atitlan,2026-04-13,700950.0,1619550.0,0.22154628,10.631944,225,0
atitlan,2026-04-13,701250.0,1619550.0,0.27326888,14.821189,225,1
atitlan,2026-04-13,701550.0,1619550.0,0.2614135,14.728817,225,1
atitlan,2026-04-13,701850.0,1619550.0,0.2549464,14.83478,225,1
atitlan,2026-04-13,702150.0,1619550.0,0.24810818,13.736265,225,1
atitlan,2026-04-13,702450.0,1619550.0,0.24392346,15.501228,225,1
atitlan,2026-04-13,702750.0,1619550.0,0.20516229,10.458384,225,0
atitlan,2026-04-13,703050.0,1619550.0,0.21546091,10.076541,225,0
atitlan,2026-04-13,703350.0,1619550.0,0.2029712,9.704328,225,0
atitlan,2026-04-13,703650.0,1619550.0,0.18694977,8.660363,225,0
atitlan,2026-04-13,703950.0,1619550.0,0.19589113,8.722607,225,0
atitlan,2026-04-13,704250.0,1619550.0,0.1664116,7.8194833,225,0
atitlan,2026-04-13,704550.0,1619550.0,0.18352889,9.15301,225,0
atitlan,2026-04-13,704850.0,1619550.0,0.20958877,9.276292,225,0
atitlan,2026-04-13,705150.0,1619550.0,0.21736468,9.798946,225,0
atitlan,2026-04-13,705450.0,1619550.0,0.23339768,10.636501,225,0
atitlan,2026-04-13,705750.0,1619550.0,0.27771828,16.163507,225,1
atitlan,2026-04-13,706050.0,1619550.0,0.30232397,18.354118,225,1
atitlan,2026-04-13,706350.0,1619550.0,0.27623457,14.980885,225,1
atitlan,2026-04-13,706650.0,1619550.0,0.31372327,19.912922,225,1
atitlan,2026-04-13,706950.0,1619550.0,0.30553904,18.503155,225,1
atitlan,2026-04-13,707250.0,1619550.0,0.32574123,24.973013,225,1
atitlan,2026-04-13,707550.0,1619550.0,0.111749105,7.0816026,225,0
atitlan,2026-04-13,707850.0,1619550.0,0.06482426,5.3365026,45,0
atitlan,2026-04-13,680250.0,1619850.0,0.36159354,27.978193,180,1
atitlan,2026-04-13,680550.0,1619850.0,0.35642344,26.795038,225,1
atitlan,2026-04-13,680850.0,1619850.0,0.3675367,29.294569,225,1
atitlan,2026-04-13,681150.0,1619850.0,0.36975366,29.495607,225,1
atitlan,2026-04-13,681450.0,1619850.0,0.3594631,27.134161,225,1
atitlan,2026-04-13,681750.0,1619850.0,0.35871652,27.010683,225,1
atitlan,2026-04-13,682050.0,1619850.0,0.3386381,23.144073,225,1
atitlan,2026-04-13,682350.0,1619850.0,0.31870463,21.041788,225,1
atitlan,2026-04-13,682650.0,1619850.0,0.29282674,22.365625,225,1
atitlan,2026-04-13,682950.0,1619850.0,0.091778584,5.5667872,225,0
atitlan,2026-04-13,683250.0,1619850.0,0.18616913,13.95696,225,1
atitlan,2026-04-13,683550.0,1619850.0,0.2728013,21.146133,225,1
atitlan,2026-04-13,683850.0,1619850.0,0.2955345,23.594213,225,1
atitlan,2026-04-13,684150.0,1619850.0,0.38321838,33.112545,225,1
atitlan,2026-04-13,684450.0,1619850.0,0.39481202,37.47565,225,1
atitlan,2026-04-13,684750.0,1619850.0,0.37395173,31.465582,225,1
atitlan,2026-04-13,685050.0,1619850.0,0.3854003,33.854515,225,1
atitlan,2026-04-13,685350.0,1619850.0,0.3357965,25.13168,225,1
atitlan,2026-04-13,685650.0,1619850.0,0.30737135,22.641119,225,1
atitlan,2026-04-13,685950.0,1619850.0,0.33500248,22.741352,225,1
atitlan,2026-04-13,686250.0,1619850.0,0.30712447,18.620417,225,1
atitlan,2026-04-13,686550.0,1619850.0,0.29893807,17.169584,225,1
atitlan,2026-04-13,686850.0,1619850.0,0.29784432,18.02934,225,1
atitlan,2026-04-13,687150.0,1619850.0,0.30042246,17.917091,225,1
atitlan,2026-04-13,687450.0,1619850.0,0.2912788,16.288343,225,1
atitlan,2026-04-13,687750.0,1619850.0,0.26429746,13.018108,225,1
atitlan,2026-04-13,688050.0,1619850.0,0.2547232,12.665686,225,1
atitlan,2026-04-13,688350.0,1619850.0,0.23599821,10.773771,225,0
atitlan,2026-04-13,688650.0,1619850.0,0.23154223,10.92036,225,0
atitlan,2026-04-13,688950.0,1619850.0,0.22714004,10.496024,225,0
atitlan,2026-04-13,689250.0,1619850.0,0.24020056,11.992453,225,0
atitlan,2026-04-13,689550.0,1619850.0,0.12957035,8.255807,225,0
atitlan,2026-04-13,689850.0,1619850.0,-0.06584225,1.7765906,225,0
atitlan,2026-04-13,690150.0,1619850.0,-0.06889184,1.6112647,225,0
atitlan,2026-04-13,690450.0,1619850.0,-0.0602804,2.0503643,225,0
atitlan,2026-04-13,690750.0,1619850.0,0.096386656,6.533715,225,0
atitlan,2026-04-13,691050.0,1619850.0,0.10447872,6.3271265,225,0
atitlan,2026-04-13,691350.0,1619850.0,0.16045015,8.347161,225,0
atitlan,2026-04-13,691650.0,1619850.0,0.19205168,9.286379,225,0
atitlan,2026-04-13,691950.0,1619850.0,0.2245941,11.007806,225,0
atitlan,2026-04-13,692250.0,1619850.0,0.22057612,10.686234,225,0
atitlan,2026-04-13,692550.0,1619850.0,0.21426861,10.127365,225,0
atitlan,2026-04-13,692850.0,1619850.0,0.16570655,8.827414,225,0
atitlan,2026-04-13,693150.0,1619850.0,0.21836375,11.545518,225,0
atitlan,2026-04-13,693450.0,1619850.0,0.2171998,10.667638,225,0
atitlan,2026-04-13,693750.0,1619850.0,0.24910522,12.886884,225,1
atitlan,2026-04-13,694050.0,1619850.0,0.26797947,14.982453,225,1
atitlan,2026-04-13,694350.0,1619850.0,0.3032292,19.272629,225,1
atitlan,2026-04-13,694650.0,1619850.0,0.29781455,18.392393,225,1
atitlan,2026-04-13,694950.0,1619850.0,0.28374687,16.377714,225,1
atitlan,2026-04-13,695250.0,1619850.0,0.28327295,15.341324,225,1
atitlan,2026-04-13,695550.0,1619850.0,0.25137588,13.835685,225,1
atitlan,2026-04-13,695850.0,1619850.0,0.27711937,15.754631,225,1
atitlan,2026-04-13,696150.0,1619850.0,0.2626696,15.083859,225,1
atitlan,2026-04-13,696450.0,1619850.0,0.27646205,17.32374,225,1
atitlan,2026-04-13,696750.0,1619850.0,0.2877392,18.009628,225,1
atitlan,2026-04-13,697050.0,1619850.0,0.24986598,14.416717,225,1
atitlan,2026-04-13,697350.0,1619850.0,0.29818314,18.90901,225,1
atitlan,2026-04-13,697650.0,1619850.0,0.27839375,15.130172,225,1
atitlan,2026-04-13,697950.0,1619850.0,0.26089445,13.135537,225,1
atitlan,2026-04-13,698250.0,1619850.0,0.27119622,15.486875,225,1
atitlan,2026-04-13,698550.0,1619850.0,0.27363753,15.125662,225,1
atitlan,2026-04-13,698850.0,1619850.0,0.25120288,12.675347,225,1
atitlan,2026-04-13,699150.0,1619850.0,0.2122163,11.049511,225,0
atitlan,2026-04-13,699450.0,1619850.0,0.16699424,9.925166,225,0
atitlan,2026-04-13,699750.0,1619850.0,0.19591033,11.0636015,225,0
atitlan,2026-04-13,700050.0,1619850.0,0.22921315,11.849803,225,0
atitlan,2026-04-13,700350.0,1619850.0,0.08240488,7.1166115,225,0
atitlan,2026-04-13,700650.0,1619850.0,-0.06001343,2.0613997,225,0
atitlan,2026-04-13,700950.0,1619850.0,0.0962488,7.05218,225,0
atitlan,2026-04-13,701250.0,1619850.0,0.2608343,13.074445,225,1
atitlan,2026-04-13,701550.0,1619850.0,0.27901003,15.327451,225,1
atitlan,2026-04-13,701850.0,1619850.0,0.30103603,18.721903,225,1
atitlan,2026-04-13,702150.0,1619850.0,0.27865678,16.068384,225,1
atitlan,2026-04-13,702450.0,1619850.0,0.19061749,12.943242,225,1
atitlan,2026-04-13,702750.0,1619850.0,0.17960386,10.119312,225,0
atitlan,2026-04-13,703050.0,1619850.0,0.18474,9.645335,225,0
atitlan,2026-04-13,703350.0,1619850.0,0.19528233,9.045538,225,0
atitlan,2026-04-13,703650.0,1619850.0,0.22786795,12.16182,225,1
atitlan,2026-04-13,703950.0,1619850.0,0.19704281,9.735893,225,0
atitlan,2026-04-13,704250.0,1619850.0,0.17564663,8.39651,225,0
atitlan,2026-04-13,704550.0,1619850.0,0.19357607,9.382204,225,0
atitlan,2026-04-13,704850.0,1619850.0,0.19622917,8.918888,225,0
atitlan,2026-04-13,705150.0,1619850.0,0.19809613,8.550023,225,0
atitlan,2026-04-13,705450.0,1619850.0,0.25579777,13.178085,225,1
atitlan,2026-04-13,705750.0,1619850.0,0.2693657,14.155223,225,1
atitlan,2026-04-13,706050.0,1619850.0,0.27041766,15.5141,225,1
atitlan,2026-04-13,706350.0,1619850.0,0.27834275,16.218786,225,1
atitlan,2026-04-13,706650.0,1619850.0,0.28782472,17.61513,225,1
atitlan,2026-04-13,706950.0,1619850.0,0.31033936,21.075909,225,1
atitlan,2026-04-13,707250.0,1619850.0,0.31984976,21.416832,225,1
atitlan,2026-04-13,707550.0,1619850.0,0.14409173,10.576123,225,0
atitlan,2026-04-13,707850.0,1619850.0,0.10065669,6.163206,45,0
atitlan,2026-04-13,680250.0,1620150.0,0.34901336,25.189531,180,1
atitlan,2026-04-13,680550.0,1620150.0,0.3618929,27.597061,225,1
atitlan,2026-04-13,680850.0,1620150.0,0.34675923,24.870445,225,1
atitlan,2026-04-13,681150.0,1620150.0,0.34977913,25.319786,225,1
atitlan,2026-04-13,681450.0,1620150.0,0.33823204,23.036207,225,1
atitlan,2026-04-13,681750.0,1620150.0,0.33496237,22.307224,225,1
atitlan,2026-04-13,682050.0,1620150.0,0.33310544,22.770493,225,1
atitlan,2026-04-13,682350.0,1620150.0,0.3554784,27.36062,225,1
atitlan,2026-04-13,682650.0,1620150.0,0.3100132,21.737593,225,1
atitlan,2026-04-13,682950.0,1620150.0,0.12660785,8.4704485,225,0
atitlan,2026-04-13,683250.0,1620150.0,0.22401938,16.20437,225,1
atitlan,2026-04-13,683550.0,1620150.0,0.2886881,22.3281,225,1
atitlan,2026-04-13,683850.0,1620150.0,0.3006955,24.266289,225,1
atitlan,2026-04-13,684150.0,1620150.0,0.3730658,31.010893,225,1
atitlan,2026-04-13,684450.0,1620150.0,0.33181098,25.219925,225,1
atitlan,2026-04-13,684750.0,1620150.0,0.34849593,28.567188,225,1
atitlan,2026-04-13,685050.0,1620150.0,0.37799397,32.625088,225,1
atitlan,2026-04-13,685350.0,1620150.0,0.19658579,14.961953,225,1
atitlan,2026-04-13,685650.0,1620150.0,0.37783134,31.162115,225,1
atitlan,2026-04-13,685950.0,1620150.0,0.34789398,24.87754,225,1
atitlan,2026-04-13,686250.0,1620150.0,0.32952532,21.194672,225,1
atitlan,2026-04-13,686550.0,1620150.0,0.33197805,22.09561,225,1
atitlan,2026-04-13,686850.0,1620150.0,0.31489608,19.09035,225,1
atitlan,2026-04-13,687150.0,1620150.0,0.3032814,17.484901,225,1
atitlan,2026-04-13,687450.0,1620150.0,0.28706634,15.455394,225,1
atitlan,2026-04-13,687750.0,1620150.0,0.26177964,13.078516,225,1
atitlan,2026-04-13,688050.0,1620150.0,0.23475824,10.636118,225,0
atitlan,2026-04-13,688350.0,1620150.0,0.24406086,11.182216,225,0
atitlan,2026-04-13,688650.0,1620150.0,0.24707827,11.649579,225,0
atitlan,2026-04-13,688950.0,1620150.0,0.24048951,11.164997,225,0
atitlan,2026-04-13,689250.0,1620150.0,0.20752282,10.285156,225,0
atitlan,2026-04-13,689550.0,1620150.0,0.1826667,9.319885,225,0
atitlan,2026-04-13,689850.0,1620150.0,-0.052338887,2.2610223,225,0
atitlan,2026-04-13,690150.0,1620150.0,-0.07079598,1.5144588,225,0
atitlan,2026-04-13,690450.0,1620150.0,0.06900633,5.9978547,225,0
atitlan,2026-04-13,690750.0,1620150.0,0.14715606,8.255631,225,0
atitlan,2026-04-13,691050.0,1620150.0,0.1512695,7.3910728,225,0
atitlan,2026-04-13,691350.0,1620150.0,0.1845328,8.962257,225,0
atitlan,2026-04-13,691650.0,1620150.0,0.23046376,10.506998,225,0
atitlan,2026-04-13,691950.0,1620150.0,0.22996832,10.933807,225,0
atitlan,2026-04-13,692250.0,1620150.0,0.2329474,10.623046,225,0
atitlan,2026-04-13,692550.0,1620150.0,0.22614302,10.811786,225,0
atitlan,2026-04-13,692850.0,1620150.0,0.21560247,10.819128,225,0
atitlan,2026-04-13,693150.0,1620150.0,0.24466132,12.052626,225,1
atitlan,2026-04-13,693450.0,1620150.0,0.23677436,10.833972,225,0
atitlan,2026-04-13,693750.0,1620150.0,0.23918493,11.465217,225,0
atitlan,2026-04-13,694050.0,1620150.0,0.24230474,11.6458435,225,0
atitlan,2026-04-13,694350.0,1620150.0,0.2735007,14.796911,225,1
atitlan,2026-04-13,694650.0,1620150.0,0.29008737,18.327202,225,1
atitlan,2026-04-13,694950.0,1620150.0,0.2707611,15.79074,225,1
atitlan,2026-04-13,695250.0,1620150.0,0.30617863,19.263924,225,1
atitlan,2026-04-13,695550.0,1620150.0,0.26120913,13.804223,225,1
atitlan,2026-04-13,695850.0,1620150.0,0.26803198,15.058509,225,1
atitlan,2026-04-13,696150.0,1620150.0,0.31582016,21.239836,225,1
atitlan,2026-04-13,696450.0,1620150.0,0.30000794,17.92352,225,1
atitlan,2026-04-13,696750.0,1620150.0,0.28678948,17.491545,225,1
atitlan,2026-04-13,697050.0,1620150.0,0.30015418,18.00109,225,1
atitlan,2026-04-13,697350.0,1620150.0,0.27125233,14.199945,225,1
atitlan,2026-04-13,697650.0,1620150.0,0.2588863,12.832894,225,1
atitlan,2026-04-13,697950.0,1620150.0,0.23833051,11.144011,225,0
atitlan,2026-04-13,698250.0,1620150.0,0.23683693,11.472661,225,0
atitlan,2026-04-13,698550.0,1620150.0,0.2398155,11.998179,225,0
atitlan,2026-04-13,698850.0,1620150.0,0.21604796,10.672355,225,0
atitlan,2026-04-13,699150.0,1620150.0,0.23427439,12.322336,225,1
atitlan,2026-04-13,699450.0,1620150.0,0.21775027,12.808557,225,1
atitlan,2026-04-13,699750.0,1620150.0,0.2301014,12.715402,225,1
atitlan,2026-04-13,700050.0,1620150.0,0.12226133,8.626913,225,0
atitlan,2026-04-13,700350.0,1620150.0,-0.057721186,2.172093,225,0
atitlan,2026-04-13,700650.0,1620150.0,-0.07004435,1.5564704,225,0
atitlan,2026-04-13,700950.0,1620150.0,-0.0369961,2.6896288,225,0
atitlan,2026-04-13,701250.0,1620150.0,0.22380063,9.624494,225,0
atitlan,2026-04-13,701550.0,1620150.0,0.26185998,14.233723,225,1
atitlan,2026-04-13,701850.0,1620150.0,0.29082695,16.597115,225,1
atitlan,2026-04-13,702150.0,1620150.0,0.2539918,13.478087,225,1
atitlan,2026-04-13,702450.0,1620150.0,0.24633297,13.525548,225,1
atitlan,2026-04-13,702750.0,1620150.0,0.18322828,10.699226,225,0
atitlan,2026-04-13,703050.0,1620150.0,0.23156016,13.512667,225,1
atitlan,2026-04-13,703350.0,1620150.0,0.24976662,13.214089,225,1
atitlan,2026-04-13,703650.0,1620150.0,0.26787794,14.926091,225,1
atitlan,2026-04-13,703950.0,1620150.0,0.1689729,10.73709,225,0
atitlan,2026-04-13,704250.0,1620150.0,0.1623104,7.3253365,225,0
atitlan,2026-04-13,704550.0,1620150.0,0.15799266,6.6631923,225,0
atitlan,2026-04-13,704850.0,1620150.0,0.16822258,7.4558654,225,0
atitlan,2026-04-13,705150.0,1620150.0,0.25160152,13.070817,225,1
atitlan,2026-04-13,705450.0,1620150.0,0.20721029,8.86595,225,0
atitlan,2026-04-13,705750.0,1620150.0,0.2134244,9.640652,225,0
atitlan,2026-04-13,706050.0,1620150.0,0.24015015,13.017667,225,1
atitlan,2026-04-13,706350.0,1620150.0,0.25165096,13.008568,225,1
atitlan,2026-04-13,706650.0,1620150.0,0.28819227,17.442993,225,1
atitlan,2026-04-13,706950.0,1620150.0,0.24912634,13.927303,225,1
atitlan,2026-04-13,707250.0,1620150.0,0.27452564,16.072939,225,1
atitlan,2026-04-13,707550.0,1620150.0,0.11179725,8.11551,225,0
atitlan,2026-04-13,707850.0,1620150.0,0.07050941,5.205518,45,0
atitlan,2026-04-13,680250.0,1620450.0,0.3848719,33.06736,180,1
atitlan,2026-04-13,680550.0,1620450.0,0.35750172,26.95716,225,1
atitlan,2026-04-13,680850.0,1620450.0,0.3734864,30.28977,225,1
atitlan,2026-04-13,681150.0,1620450.0,0.37777552,31.916801,225,1
atitlan,2026-04-13,681450.0,1620450.0,0.35103977,25.9122,225,1
atitlan,2026-04-13,681750.0,1620450.0,0.3491501,26.488379,225,1
atitlan,2026-04-13,682050.0,1620450.0,0.30672044,18.496204,225,1
atitlan,2026-04-13,682350.0,1620450.0,0.31337544,19.581327,225,1
atitlan,2026-04-13,682650.0,1620450.0,0.30038333,20.09791,225,1
atitlan,2026-04-13,682950.0,1620450.0,0.15092555,9.267148,225,0
atitlan,2026-04-13,683250.0,1620450.0,0.2187357,17.44738,225,1
atitlan,2026-04-13,683550.0,1620450.0,0.3227252,24.146164,225,1
atitlan,2026-04-13,683850.0,1620450.0,0.3416034,24.436111,225,1
atitlan,2026-04-13,684150.0,1620450.0,0.3659212,28.597305,225,1
atitlan,2026-04-13,684450.0,1620450.0,0.3709387,30.00462,225,1
atitlan,2026-04-13,684750.0,1620450.0,0.33123937,25.831198,225,1
atitlan,2026-04-13,685050.0,1620450.0,0.3077553,24.48471,225,1
atitlan,2026-04-13,685350.0,1620450.0,0.3082532,23.771646,225,1
atitlan,2026-04-13,685650.0,1620450.0,0.3643514,28.369015,225,1
atitlan,2026-04-13,685950.0,1620450.0,0.33206883,22.002813,225,1
atitlan,2026-04-13,686250.0,1620450.0,0.32303363,20.292622,225,1
atitlan,2026-04-13,686550.0,1620450.0,0.3184765,20.132462,225,1
atitlan,2026-04-13,686850.0,1620450.0,0.31100222,18.418524,225,1
atitlan,2026-04-13,687150.0,1620450.0,0.30470186,17.343895,225,1
atitlan,2026-04-13,687450.0,1620450.0,0.28516823,15.0074415,225,1
atitlan,2026-04-13,687750.0,1620450.0,0.25173822,11.534151,225,0
atitlan,2026-04-13,688050.0,1620450.0,0.24739006,11.228578,225,0
atitlan,2026-04-13,688350.0,1620450.0,0.221889,9.441586,225,0
atitlan,2026-04-13,688650.0,1620450.0,0.20821437,8.916349,225,0
atitlan,2026-04-13,688950.0,1620450.0,0.22979985,10.665151,225,0
atitlan,2026-04-13,689250.0,1620450.0,0.20637158,9.55659,225,0
atitlan,2026-04-13,689550.0,1620450.0,0.23179048,10.85958,225,0
atitlan,2026-04-13,689850.0,1620450.0,0.14879066,6.8554444,225,0
atitlan,2026-04-13,690150.0,1620450.0,-0.012831846,3.305428,225,0
atitlan,2026-04-13,690450.0,1620450.0,-0.00438329,3.9231908,225,0
atitlan,2026-04-13,690750.0,1620450.0,0.17089577,11.290375,225,0
atitlan,2026-04-13,691050.0,1620450.0,0.21088311,11.388986,225,0
atitlan,2026-04-13,691350.0,1620450.0,0.1927205,8.747463,225,0
atitlan,2026-04-13,691650.0,1620450.0,0.23626842,10.710412,225,0
atitlan,2026-04-13,691950.0,1620450.0,0.20302202,9.2312,225,0
atitlan,2026-04-13,692250.0,1620450.0,0.20615965,9.700599,225,0
atitlan,2026-04-13,692550.0,1620450.0,0.20385174,9.3406315,225,0
atitlan,2026-04-13,692850.0,1620450.0,0.23312595,10.527026,225,0
atitlan,2026-04-13,693150.0,1620450.0,0.22141503,9.632461,225,0
atitlan,2026-04-13,693450.0,1620450.0,0.23831794,10.681957,225,0
atitlan,2026-04-13,693750.0,1620450.0,0.24012852,11.025986,225,0
atitlan,2026-04-13,694050.0,1620450.0,0.23058788,10.603494,225,0
atitlan,2026-04-13,694350.0,1620450.0,0.246366,11.969947,225,0
atitlan,2026-04-13,694650.0,1620450.0,0.24944898,12.757401,225,1
atitlan,2026-04-13,694950.0,1620450.0,0.24544945,12.116599,225,1
atitlan,2026-04-13,695250.0,1620450.0,0.27698553,15.165341,225,1
atitlan,2026-04-13,695550.0,1620450.0,0.24301766,11.97678,225,0
atitlan,2026-04-13,695850.0,1620450.0,0.23833711,12.362002,225,1
atitlan,2026-04-13,696150.0,1620450.0,0.2855066,16.13254,225,1
atitlan,2026-04-13,696450.0,1620450.0,0.27845463,15.707398,225,1
atitlan,2026-04-13,696750.0,1620450.0,0.27828994,15.36484,225,1
atitlan,2026-04-13,697050.0,1620450.0,0.26673058,13.99533,225,1
atitlan,2026-04-13,697350.0,1620450.0,0.2581245,13.5133915,225,1
atitlan,2026-04-13,697650.0,1620450.0,0.24752276,12.200699,225,1
atitlan,2026-04-13,697950.0,1620450.0,0.2393888,11.377786,225,0
atitlan,2026-04-13,698250.0,1620450.0,0.22828919,10.229664,225,0
atitlan,2026-04-13,698550.0,1620450.0,0.24603114,12.07172,225,1
atitlan,2026-04-13,698850.0,1620450.0,0.20435813,9.663304,225,0
atitlan,2026-04-13,699150.0,1620450.0,0.24380381,12.1421585,225,1
atitlan,2026-04-13,699450.0,1620450.0,0.25392312,12.712847,225,1
atitlan,2026-04-13,699750.0,1620450.0,0.21631226,12.634373,225,1
atitlan,2026-04-13,700050.0,1620450.0,0.12480085,8.939232,225,0
atitlan,2026-04-13,700350.0,1620450.0,-0.058349658,2.1489732,225,0
atitlan,2026-04-13,700650.0,1620450.0,-0.06514369,1.7837484,225,0
atitlan,2026-04-13,700950.0,1620450.0,0.11102053,7.1049056,225,0
atitlan,2026-04-13,701250.0,1620450.0,0.23748855,10.320315,225,0
atitlan,2026-04-13,701550.0,1620450.0,0.2572063,16.053822,225,1
atitlan,2026-04-13,701850.0,1620450.0,0.19368248,13.664261,225,1
atitlan,2026-04-13,702150.0,1620450.0,0.23990113,12.435123,225,1
atitlan,2026-04-13,702450.0,1620450.0,0.2008452,11.155791,225,0
atitlan,2026-04-13,702750.0,1620450.0,0.1659116,11.26511,225,0
atitlan,2026-04-13,703050.0,1620450.0,0.22339943,12.024611,225,1
atitlan,2026-04-13,703350.0,1620450.0,0.24367018,12.804622,225,1
atitlan,2026-04-13,703650.0,1620450.0,0.26057434,13.986014,225,1
atitlan,2026-04-13,703950.0,1620450.0,0.14468385,11.013558,225,0
atitlan,2026-04-13,704250.0,1620450.0,0.20879668,11.877245,225,0
atitlan,2026-04-13,704550.0,1620450.0,0.1635798,7.595708,225,0
atitlan,2026-04-13,704850.0,1620450.0,0.18051931,8.082082,225,0
atitlan,2026-04-13,705150.0,1620450.0,0.20718749,9.235215,225,0
atitlan,2026-04-13,705450.0,1620450.0,0.23553477,11.342128,225,0
atitlan,2026-04-13,705750.0,1620450.0,0.2285602,10.227676,225,0
atitlan,2026-04-13,706050.0,1620450.0,0.23782702,10.81723,225,0
atitlan,2026-04-13,706350.0,1620450.0,0.24647865,12.639379,225,1
atitlan,2026-04-13,706650.0,1620450.0,0.281064,16.034033,225,1
atitlan,2026-04-13,706950.0,1620450.0,0.29338816,17.449907,225,1
atitlan,2026-04-13,707250.0,1620450.0,0.28815368,16.156008,225,1
atitlan,2026-04-13,707550.0,1620450.0,0.29974726,21.00314,225,1
atitlan,2026-04-13,707850.0,1620450.0,0.19588314,16.108671,45,1
atitlan,2026-04-13,680250.0,1620750.0,0.37717146,31.119257,180,1
atitlan,2026-04-13,680550.0,1620750.0,0.3702308,29.455833,225,1
atitlan,2026-04-13,680850.0,1620750.0,0.37286565,30.238932,225,1
atitlan,2026-04-13,681150.0,1620750.0,0.3951098,35.930016,225,1
atitlan,2026-04-13,681450.0,1620750.0,0.37666076,31.789057,225,1
atitlan,2026-04-13,681750.0,1620750.0,0.31664518,25.782528,225,1
atitlan,2026-04-13,682050.0,1620750.0,0.34529793,26.997957,225,1
atitlan,2026-04-13,682350.0,1620750.0,0.28638533,17.008429,225,1
atitlan,2026-04-13,682650.0,1620750.0,0.2801151,15.845208,225,1
atitlan,2026-04-13,682950.0,1620750.0,0.32414126,23.596203,225,1
atitlan,2026-04-13,683250.0,1620750.0,0.23164676,16.169487,225,1
atitlan,2026-04-13,683550.0,1620750.0,0.1374374,8.368555,225,0
atitlan,2026-04-13,683850.0,1620750.0,0.19504389,13.780414,225,1
atitlan,2026-04-13,684150.0,1620750.0,0.32693806,24.07708,225,1
atitlan,2026-04-13,684450.0,1620750.0,0.31693044,24.503765,225,1
atitlan,2026-04-13,684750.0,1620750.0,0.27314442,24.274744,225,1
atitlan,2026-04-13,685050.0,1620750.0,0.37661505,31.508625,225,1
atitlan,2026-04-13,685350.0,1620750.0,0.35386443,26.025097,225,1
atitlan,2026-04-13,685650.0,1620750.0,0.34374616,23.95551,225,1
atitlan,2026-04-13,685950.0,1620750.0,0.3543064,26.224264,225,1
atitlan,2026-04-13,686250.0,1620750.0,0.31150353,18.463459,225,1
atitlan,2026-04-13,686550.0,1620750.0,0.32677573,20.77931,225,1
atitlan,2026-04-13,686850.0,1620750.0,0.3171694,19.229898,225,1
atitlan,2026-04-13,687150.0,1620750.0,0.2950238,16.133154,225,1
atitlan,2026-04-13,687450.0,1620750.0,0.30736893,17.943306,225,1
atitlan,2026-04-13,687750.0,1620750.0,0.2555569,11.732518,225,0
atitlan,2026-04-13,688050.0,1620750.0,0.23432109,10.183181,225,0
atitlan,2026-04-13,688350.0,1620750.0,0.2290659,9.7580805,225,0
atitlan,2026-04-13,688650.0,1620750.0,0.23746417,11.056455,225,0
atitlan,2026-04-13,688950.0,1620750.0,0.20449111,8.563179,225,0
atitlan,2026-04-13,689250.0,1620750.0,0.20928338,9.344202,225,0
atitlan,2026-04-13,689550.0,1620750.0,0.25254837,12.488811,225,1
atitlan,2026-04-13,689850.0,1620750.0,0.19121933,8.887193,225,0
atitlan,2026-04-13,690150.0,1620750.0,-0.021147333,3.0515041,225,0
atitlan,2026-04-13,690450.0,1620750.0,-0.023715021,3.2606258,225,0
atitlan,2026-04-13,690750.0,1620750.0,0.11002283,7.728402,225,0
atitlan,2026-04-13,691050.0,1620750.0,0.1125187,6.090657,225,0
atitlan,2026-04-13,691350.0,1620750.0,0.1801485,8.76811,225,0
atitlan,2026-04-13,691650.0,1620750.0,0.21086475,9.229537,225,0
atitlan,2026-04-13,691950.0,1620750.0,0.21429259,9.76315,225,0
atitlan,2026-04-13,692250.0,1620750.0,0.2175164,9.39462,225,0
atitlan,2026-04-13,692550.0,1620750.0,0.19293024,8.431636,225,0
atitlan,2026-04-13,692850.0,1620750.0,0.16259731,8.259206,225,0
atitlan,2026-04-13,693150.0,1620750.0,0.14060432,6.8440614,225,0
atitlan,2026-04-13,693450.0,1620750.0,0.20075336,9.248974,225,0
atitlan,2026-04-13,693750.0,1620750.0,0.19124913,8.6656065,225,0
atitlan,2026-04-13,694050.0,1620750.0,0.19227183,7.8889046,225,0
atitlan,2026-04-13,694350.0,1620750.0,0.20391831,8.793624,225,0
atitlan,2026-04-13,694650.0,1620750.0,0.23885602,11.081133,225,0
atitlan,2026-04-13,694950.0,1620750.0,0.2386154,11.605792,225,0
atitlan,2026-04-13,695250.0,1620750.0,0.2571241,12.962771,225,1
atitlan,2026-04-13,695550.0,1620750.0,0.21309784,9.978611,225,0
atitlan,2026-04-13,695850.0,1620750.0,0.20968373,9.810807,225,0
atitlan,2026-04-13,696150.0,1620750.0,0.24407278,12.496385,225,1
atitlan,2026-04-13,696450.0,1620750.0,0.22219284,12.089813,225,1
atitlan,2026-04-13,696750.0,1620750.0,0.27862307,15.814007,225,1
atitlan,2026-04-13,697050.0,1620750.0,0.19701026,9.580849,225,0
atitlan,2026-04-13,697350.0,1620750.0,0.22133566,10.733228,225,0
atitlan,2026-04-13,697650.0,1620750.0,0.2592534,12.954884,225,1
atitlan,2026-04-13,697950.0,1620750.0,0.20427237,9.966276,225,0
atitlan,2026-04-13,698250.0,1620750.0,0.22154331,10.601394,225,0
atitlan,2026-04-13,698550.0,1620750.0,0.27684048,16.151476,225,1
atitlan,2026-04-13,698850.0,1620750.0,0.26720637,14.385329,225,1
atitlan,2026-04-13,699150.0,1620750.0,0.24915195,11.853639,225,0
atitlan,2026-04-13,699450.0,1620750.0,0.23388521,11.324504,225,0
atitlan,2026-04-13,699750.0,1620750.0,0.19605793,11.187328,225,0
atitlan,2026-04-13,700050.0,1620750.0,-0.011582471,3.7076235,225,0
atitlan,2026-04-13,700350.0,1620750.0,-0.0613673,1.9805573,225,0
atitlan,2026-04-13,700650.0,1620750.0,-0.061004605,2.00432,225,0
atitlan,2026-04-13,700950.0,1620750.0,0.017134486,4.5673275,225,0
atitlan,2026-04-13,701250.0,1620750.0,0.14794278,7.647067,225,0
atitlan,2026-04-13,701550.0,1620750.0,0.22825578,10.673364,225,0
atitlan,2026-04-13,701850.0,1620750.0,0.24524835,12.023148,225,1
atitlan,2026-04-13,702150.0,1620750.0,0.18865876,9.3619175,225,0
atitlan,2026-04-13,702450.0,1620750.0,0.18008937,11.009659,225,0
atitlan,2026-04-13,702750.0,1620750.0,0.20901617,12.842626,225,1
atitlan,2026-04-13,703050.0,1620750.0,0.23971,14.435635,225,1
atitlan,2026-04-13,703350.0,1620750.0,0.18370709,9.326529,225,0
atitlan,2026-04-13,703650.0,1620750.0,0.2709825,15.768915,225,1
atitlan,2026-04-13,703950.0,1620750.0,0.22664621,15.383704,225,1
atitlan,2026-04-13,704250.0,1620750.0,0.22115722,14.333198,225,1
atitlan,2026-04-13,704550.0,1620750.0,0.19416228,10.610498,225,0
atitlan,2026-04-13,704850.0,1620750.0,0.14103048,6.1970854,225,0
atitlan,2026-04-13,705150.0,1620750.0,0.18353632,8.234597,225,0
atitlan,2026-04-13,705450.0,1620750.0,0.23541853,11.698148,225,0
atitlan,2026-04-13,705750.0,1620750.0,0.19251215,8.3727,225,0
atitlan,2026-04-13,706050.0,1620750.0,0.21175793,9.65226,225,0
atitlan,2026-04-13,706350.0,1620750.0,0.22387186,10.228951,225,0
atitlan,2026-04-13,706650.0,1620750.0,0.26350653,14.309053,225,1
atitlan,2026-04-13,706950.0,1620750.0,0.27437526,15.301426,225,1
atitlan,2026-04-13,707250.0,1620750.0,0.26705313,14.384199,225,1
atitlan,2026-04-13,707550.0,1620750.0,0.22246347,12.412554,225,1
atitlan,2026-04-13,707850.0,1620750.0,0.11781515,6.7439337,45,0
atitlan,2026-04-13,680250.0,1621050.0,0.36902398,29.153746,180,1
atitlan,2026-04-13,680550.0,1621050.0,0.3569989,26.436197,225,1
atitlan,2026-04-13,680850.0,1621050.0,0.3581418,27.338787,225,1
atitlan,2026-04-13,681150.0,1621050.0,0.3652135,28.54256,225,1
atitlan,2026-04-13,681450.0,1621050.0,0.37965146,31.789042,225,1
atitlan,2026-04-13,681750.0,1621050.0,0.3649383,29.416977,225,1
atitlan,2026-04-13,682050.0,1621050.0,0.31778005,25.397795,225,1
atitlan,2026-04-13,682350.0,1621050.0,0.22365667,16.134468,225,1
atitlan,2026-04-13,682650.0,1621050.0,0.24222575,12.492067,225,1
atitlan,2026-04-13,682950.0,1621050.0,0.2949342,18.132502,225,1
atitlan,2026-04-13,683250.0,1621050.0,0.19704744,13.563933,225,1
atitlan,2026-04-13,683550.0,1621050.0,0.22722965,12.698194,225,1
atitlan,2026-04-13,683850.0,1621050.0,0.15353869,9.612574,225,0
atitlan,2026-04-13,684150.0,1621050.0,0.2536325,20.263594,225,1
atitlan,2026-04-13,684450.0,1621050.0,0.33408433,28.31469,225,1
atitlan,2026-04-13,684750.0,1621050.0,0.37589705,32.520515,225,1
atitlan,2026-04-13,685050.0,1621050.0,0.37081105,29.833994,225,1
atitlan,2026-04-13,685350.0,1621050.0,0.37338346,30.42908,225,1
atitlan,2026-04-13,685650.0,1621050.0,0.36875686,29.354015,225,1
atitlan,2026-04-13,685950.0,1621050.0,0.3609671,27.667051,225,1
atitlan,2026-04-13,686250.0,1621050.0,0.3103409,18.480106,225,1
atitlan,2026-04-13,686550.0,1621050.0,0.34664378,24.812685,225,1
atitlan,2026-04-13,686850.0,1621050.0,0.3408812,24.1031,225,1
atitlan,2026-04-13,687150.0,1621050.0,0.30959126,18.460955,225,1
atitlan,2026-04-13,687450.0,1621050.0,0.2934677,16.300306,225,1
atitlan,2026-04-13,687750.0,1621050.0,0.2595457,12.584923,225,1
atitlan,2026-04-13,688050.0,1621050.0,0.24099365,11.13138,225,0
atitlan,2026-04-13,688350.0,1621050.0,0.21390264,8.729029,225,0
atitlan,2026-04-13,688650.0,1621050.0,0.21332042,9.977764,225,0
atitlan,2026-04-13,688950.0,1621050.0,0.18816432,8.546109,225,0
atitlan,2026-04-13,689250.0,1621050.0,0.154618,6.729412,225,0
atitlan,2026-04-13,689550.0,1621050.0,0.15902749,9.325234,225,0
atitlan,2026-04-13,689850.0,1621050.0,0.0035313065,3.8993227,225,0
atitlan,2026-04-13,690150.0,1621050.0,-0.06357168,1.8809873,225,0
atitlan,2026-04-13,690450.0,1621050.0,0.08012069,6.8783855,225,0
atitlan,2026-04-13,690750.0,1621050.0,0.13472645,8.246423,225,0
atitlan,2026-04-13,691050.0,1621050.0,0.13673133,7.3646636,225,0
atitlan,2026-04-13,691350.0,1621050.0,0.2072268,10.550701,225,0
atitlan,2026-04-13,691650.0,1621050.0,0.17970991,8.237432,225,0
atitlan,2026-04-13,691950.0,1621050.0,0.1733876,9.16234,225,0
atitlan,2026-04-13,692250.0,1621050.0,0.15097845,7.6043773,225,0
atitlan,2026-04-13,692550.0,1621050.0,0.1319516,6.7281413,225,0
atitlan,2026-04-13,692850.0,1621050.0,0.114985384,6.4438853,225,0
atitlan,2026-04-13,693150.0,1621050.0,0.14033943,7.253781,225,0
atitlan,2026-04-13,693450.0,1621050.0,0.20359191,8.395404,225,0
atitlan,2026-04-13,693750.0,1621050.0,0.21135442,9.220772,225,0
atitlan,2026-04-13,694050.0,1621050.0,0.19751051,8.189403,225,0
atitlan,2026-04-13,694350.0,1621050.0,0.22980183,10.066507,225,0
atitlan,2026-04-13,694650.0,1621050.0,0.23248671,10.693378,225,0
atitlan,2026-04-13,694950.0,1621050.0,0.2322284,10.73914,225,0
atitlan,2026-04-13,695250.0,1621050.0,0.23053052,10.41982,225,0
atitlan,2026-04-13,695550.0,1621050.0,0.20946102,9.730138,225,0
atitlan,2026-04-13,695850.0,1621050.0,0.21137647,9.983273,225,0
atitlan,2026-04-13,696150.0,1621050.0,0.22517757,10.75366,225,0
atitlan,2026-04-13,696450.0,1621050.0,0.23431018,11.797299,225,0
atitlan,2026-04-13,696750.0,1621050.0,0.2519148,12.761247,225,1
atitlan,2026-04-13,697050.0,1621050.0,0.24243313,11.783923,225,0
atitlan,2026-04-13,697350.0,1621050.0,0.23503558,10.550003,225,0
atitlan,2026-04-13,697650.0,1621050.0,0.23272869,10.480171,225,0
atitlan,2026-04-13,697950.0,1621050.0,0.19964014,9.337373,225,0
atitlan,2026-04-13,698250.0,1621050.0,0.2136465,9.823801,225,0
atitlan,2026-04-13,698550.0,1621050.0,0.23893332,13.036236,225,1
atitlan,2026-04-13,698850.0,1621050.0,0.22396308,12.88535,225,1
atitlan,2026-04-13,699150.0,1621050.0,0.13097969,8.210842,225,0
atitlan,2026-04-13,699450.0,1621050.0,0.055648148,6.428753,225,0
atitlan,2026-04-13,699750.0,1621050.0,0.0060613267,4.2897344,225,0
atitlan,2026-04-13,700050.0,1621050.0,-0.06174589,1.9108834,225,0
atitlan,2026-04-13,700350.0,1621050.0,-0.05945334,2.0154788,225,0
atitlan,2026-04-13,700650.0,1621050.0,-0.063869156,1.8741719,225,0
atitlan,2026-04-13,700950.0,1621050.0,-0.054329958,2.3062325,225,0
atitlan,2026-04-13,701250.0,1621050.0,-0.060168125,2.0528874,225,0
atitlan,2026-04-13,701550.0,1621050.0,0.011201197,3.869716,225,0
atitlan,2026-04-13,701850.0,1621050.0,0.22314179,10.049631,225,0
atitlan,2026-04-13,702150.0,1621050.0,0.18064708,9.176836,225,0
atitlan,2026-04-13,702450.0,1621050.0,0.18082657,8.630624,225,0
atitlan,2026-04-13,702750.0,1621050.0,0.25907058,13.925066,225,1
atitlan,2026-04-13,703050.0,1621050.0,0.23138462,13.222576,225,1
atitlan,2026-04-13,703350.0,1621050.0,0.23881972,14.993237,225,1
atitlan,2026-04-13,703650.0,1621050.0,0.23827428,15.073118,225,1
atitlan,2026-04-13,703950.0,1621050.0,0.24257621,13.708381,225,1
atitlan,2026-04-13,704250.0,1621050.0,0.27068347,16.474812,225,1
atitlan,2026-04-13,704550.0,1621050.0,0.20967565,13.979702,225,1
atitlan,2026-04-13,704850.0,1621050.0,0.12360768,6.011834,225,0
atitlan,2026-04-13,705150.0,1621050.0,0.1206287,5.5140433,225,0
atitlan,2026-04-13,705450.0,1621050.0,0.16753402,7.0234637,225,0
atitlan,2026-04-13,705750.0,1621050.0,0.17812909,7.360589,225,0
atitlan,2026-04-13,706050.0,1621050.0,0.18654001,8.02078,225,0
atitlan,2026-04-13,706350.0,1621050.0,0.19392239,8.167056,225,0
atitlan,2026-04-13,706650.0,1621050.0,0.21142577,9.076682,225,0
atitlan,2026-04-13,706950.0,1621050.0,0.20922652,10.131518,225,0
atitlan,2026-04-13,707250.0,1621050.0,0.16687407,8.847544,225,0
atitlan,2026-04-13,707550.0,1621050.0,0.20233878,11.682253,225,0
atitlan,2026-04-13,707850.0,1621050.0,0.16065225,12.066679,45,1
atitlan,2026-04-13,680250.0,1621350.0,0.35331666,26.543577,180,1
atitlan,2026-04-13,680550.0,1621350.0,0.3245631,23.902485,225,1
atitlan,2026-04-13,680850.0,1621350.0,0.30647197,21.037052,225,1
atitlan,2026-04-13,681150.0,1621350.0,0.36199996,28.081127,225,1
atitlan,2026-04-13,681450.0,1621350.0,0.3704332,29.763325,225,1
atitlan,2026-04-13,681750.0,1621350.0,0.29682022,20.941816,225,1
atitlan,2026-04-13,682050.0,1621350.0,0.28677002,20.477667,225,1
atitlan,2026-04-13,682350.0,1621350.0,0.24623144,18.82305,225,1
atitlan,2026-04-13,682650.0,1621350.0,0.29742867,21.881807,225,1
atitlan,2026-04-13,682950.0,1621350.0,0.2936863,16.702883,225,1
atitlan,2026-04-13,683250.0,1621350.0,0.37400204,31.14345,225,1
atitlan,2026-04-13,683550.0,1621350.0,0.30990738,19.50969,225,1
atitlan,2026-04-13,683850.0,1621350.0,0.21532696,14.764293,225,1
atitlan,2026-04-13,684150.0,1621350.0,0.28273356,21.643637,225,1
atitlan,2026-04-13,684450.0,1621350.0,0.25659078,18.808657,225,1
atitlan,2026-04-13,684750.0,1621350.0,0.3553584,26.730246,225,1
atitlan,2026-04-13,685050.0,1621350.0,0.36653018,29.68765,225,1
atitlan,2026-04-13,685350.0,1621350.0,0.38026035,32.262997,225,1
atitlan,2026-04-13,685650.0,1621350.0,0.3742957,30.836132,225,1
atitlan,2026-04-13,685950.0,1621350.0,0.3677154,29.36872,225,1
atitlan,2026-04-13,686250.0,1621350.0,0.32631803,21.07075,225,1
atitlan,2026-04-13,686550.0,1621350.0,0.35145292,25.463251,225,1
atitlan,2026-04-13,686850.0,1621350.0,0.36606196,28.723595,225,1
atitlan,2026-04-13,687150.0,1621350.0,0.34101146,23.800026,225,1
atitlan,2026-04-13,687450.0,1621350.0,0.3248646,20.882698,225,1
atitlan,2026-04-13,687750.0,1621350.0,0.30514625,17.991428,225,1
atitlan,2026-04-13,688050.0,1621350.0,0.24310073,10.679516,225,0
atitlan,2026-04-13,688350.0,1621350.0,0.22304265,9.426057,225,0
atitlan,2026-04-13,688650.0,1621350.0,0.17333865,7.076562,225,0
atitlan,2026-04-13,688950.0,1621350.0,0.20026729,8.572857,225,0
atitlan,2026-04-13,689250.0,1621350.0,0.16942471,7.677497,225,0
atitlan,2026-04-13,689550.0,1621350.0,0.1312782,7.6805053,225,0
atitlan,2026-04-13,689850.0,1621350.0,-0.06419233,1.8867139,225,0
atitlan,2026-04-13,690150.0,1621350.0,-0.06543216,1.7903022,225,0
atitlan,2026-04-13,690450.0,1621350.0,-0.06645716,1.743654,225,0
atitlan,2026-04-13,690750.0,1621350.0,-0.040965643,2.4913287,225,0
atitlan,2026-04-13,691050.0,1621350.0,0.17939857,10.0686245,225,0
atitlan,2026-04-13,691350.0,1621350.0,0.045337554,4.8305836,225,0
atitlan,2026-04-13,691650.0,1621350.0,0.20365128,10.487567,225,0
atitlan,2026-04-13,691950.0,1621350.0,0.20555206,9.875369,225,0
atitlan,2026-04-13,692250.0,1621350.0,0.13856812,7.0035834,225,0
atitlan,2026-04-13,692550.0,1621350.0,0.15000254,7.7214427,225,0
atitlan,2026-04-13,692850.0,1621350.0,0.116579406,6.0917053,225,0
atitlan,2026-04-13,693150.0,1621350.0,0.16735122,7.4988737,225,0
atitlan,2026-04-13,693450.0,1621350.0,0.21369272,9.40461,225,0
atitlan,2026-04-13,693750.0,1621350.0,0.20899454,8.863812,225,0
atitlan,2026-04-13,694050.0,1621350.0,0.20193388,8.985111,225,0
atitlan,2026-04-13,694350.0,1621350.0,0.20295337,8.647808,225,0
atitlan,2026-04-13,694650.0,1621350.0,0.23128003,10.237716,225,0
atitlan,2026-04-13,694950.0,1621350.0,0.19484265,8.524952,225,0
atitlan,2026-04-13,695250.0,1621350.0,0.22654358,10.107354,225,0
atitlan,2026-04-13,695550.0,1621350.0,0.21330138,9.705477,225,0
atitlan,2026-04-13,695850.0,1621350.0,0.2337058,10.834869,225,0
atitlan,2026-04-13,696150.0,1621350.0,0.24733856,12.0540085,225,1
atitlan,2026-04-13,696450.0,1621350.0,0.20843148,9.946821,225,0
atitlan,2026-04-13,696750.0,1621350.0,0.24139608,11.795243,225,0
atitlan,2026-04-13,697050.0,1621350.0,0.24493077,12.146412,225,1
atitlan,2026-04-13,697350.0,1621350.0,0.23192598,11.242492,225,0
atitlan,2026-04-13,697650.0,1621350.0,0.1830802,8.700194,225,0
atitlan,2026-04-13,697950.0,1621350.0,0.19779184,9.482053,225,0
atitlan,2026-04-13,698250.0,1621350.0,0.17924458,9.878818,225,0
atitlan,2026-04-13,698550.0,1621350.0,0.20337175,11.328293,225,0
atitlan,2026-04-13,698850.0,1621350.0,0.15603207,8.6444435,225,0
atitlan,2026-04-13,699150.0,1621350.0,0.0068365764,4.3566804,225,0
atitlan,2026-04-13,699450.0,1621350.0,-0.07507525,1.2640674,225,0
atitlan,2026-04-13,699750.0,1621350.0,-0.07938126,1.020764,225,0
atitlan,2026-04-13,700050.0,1621350.0,-0.07067126,1.4750583,225,0
atitlan,2026-04-13,700350.0,1621350.0,-0.06250567,1.8817246,225,0
atitlan,2026-04-13,700650.0,1621350.0,-0.06323112,1.8894533,225,0
atitlan,2026-04-13,700950.0,1621350.0,-0.061361387,1.9777081,225,0
atitlan,2026-04-13,701250.0,1621350.0,-0.059603825,2.0660672,225,0
atitlan,2026-04-13,701550.0,1621350.0,-0.06510495,1.7811266,225,0
atitlan,2026-04-13,701850.0,1621350.0,0.15063687,6.520212,225,0
atitlan,2026-04-13,702150.0,1621350.0,0.16646442,7.122821,225,0
atitlan,2026-04-13,702450.0,1621350.0,0.19495654,7.7963185,225,0
atitlan,2026-04-13,702750.0,1621350.0,0.23119453,10.530454,225,0
atitlan,2026-04-13,703050.0,1621350.0,0.21881227,9.329781,225,0
atitlan,2026-04-13,703350.0,1621350.0,0.15697618,9.64367,225,0
atitlan,2026-04-13,703650.0,1621350.0,0.1750712,10.479973,225,0
atitlan,2026-04-13,703950.0,1621350.0,0.24685937,14.368423,225,1
atitlan,2026-04-13,704250.0,1621350.0,0.22458616,14.93087,225,1
atitlan,2026-04-13,704550.0,1621350.0,0.20239522,11.994336,225,0
atitlan,2026-04-13,704850.0,1621350.0,0.13629845,6.6532254,225,0
atitlan,2026-04-13,705150.0,1621350.0,0.15287158,6.6989636,225,0
atitlan,2026-04-13,705450.0,1621350.0,0.19813319,8.575223,225,0
atitlan,2026-04-13,705750.0,1621350.0,0.20836109,9.550757,225,0
atitlan,2026-04-13,706050.0,1621350.0,0.2640151,14.714072,225,1
atitlan,2026-04-13,706350.0,1621350.0,0.27302626,15.589886,225,1
atitlan,2026-04-13,706650.0,1621350.0,0.16446152,8.406581,225,0
atitlan,2026-04-13,706950.0,1621350.0,0.110182844,6.0776772,225,0
atitlan,2026-04-13,707250.0,1621350.0,0.18528485,9.9769745,225,0
atitlan,2026-04-13,707550.0,1621350.0,0.239169,14.778205,225,1
atitlan,2026-04-13,707850.0,1621350.0,0.27953282,14.568109,45,1
atitlan,2026-04-13,680250.0,1621650.0,0.28822607,24.44659,180,1
atitlan,2026-04-13,680550.0,1621650.0,0.26854306,17.862558,225,1
atitlan,2026-04-13,680850.0,1621650.0,0.34676674,25.941261,225,1
atitlan,2026-04-13,681150.0,1621650.0,0.3691242,29.455576,225,1
atitlan,2026-04-13,681450.0,1621650.0,0.3625157,27.919664,225,1
atitlan,2026-04-13,681750.0,1621650.0,0.35974416,27.359476,225,1
atitlan,2026-04-13,682050.0,1621650.0,0.32062525,23.701645,225,1
atitlan,2026-04-13,682350.0,1621650.0,0.17933097,12.14929,225,1
atitlan,2026-04-13,682650.0,1621650.0,0.20853938,12.99161,225,1
atitlan,2026-04-13,682950.0,1621650.0,0.27414733,14.668876,225,1
atitlan,2026-04-13,683250.0,1621650.0,0.36895582,29.482447,225,1
atitlan,2026-04-13,683550.0,1621650.0,0.31243336,20.105412,225,1
atitlan,2026-04-13,683850.0,1621650.0,0.24732299,16.508486,225,1
atitlan,2026-04-13,684150.0,1621650.0,0.20125164,13.367988,225,1
atitlan,2026-04-13,684450.0,1621650.0,0.22070451,16.35089,225,1
atitlan,2026-04-13,684750.0,1621650.0,0.31478557,25.004723,225,1
atitlan,2026-04-13,685050.0,1621650.0,0.35010332,27.705324,225,1
atitlan,2026-04-13,685350.0,1621650.0,0.3473911,24.853317,225,1
atitlan,2026-04-13,685650.0,1621650.0,0.36313778,28.155872,225,1
atitlan,2026-04-13,685950.0,1621650.0,0.36522672,28.298927,225,1
atitlan,2026-04-13,686250.0,1621650.0,0.36755592,29.48047,225,1
atitlan,2026-04-13,686550.0,1621650.0,0.3753621,30.675297,225,1
atitlan,2026-04-13,686850.0,1621650.0,0.38039628,31.858458,225,1
atitlan,2026-04-13,687150.0,1621650.0,0.35825267,27.290121,225,1
atitlan,2026-04-13,687450.0,1621650.0,0.320771,20.314575,225,1
atitlan,2026-04-13,687750.0,1621650.0,0.30485997,19.100332,225,1
atitlan,2026-04-13,688050.0,1621650.0,0.25322816,12.069887,225,1
atitlan,2026-04-13,688350.0,1621650.0,0.20873277,8.307672,225,0
atitlan,2026-04-13,688650.0,1621650.0,0.2032883,8.361863,225,0
atitlan,2026-04-13,688950.0,1621650.0,0.17176293,8.095019,225,0
atitlan,2026-04-13,689250.0,1621650.0,0.1980539,10.40756,225,0
atitlan,2026-04-13,689550.0,1621650.0,0.19048344,9.407092,225,0
atitlan,2026-04-13,689850.0,1621650.0,-0.0062156077,3.9382577,225,0
atitlan,2026-04-13,690150.0,1621650.0,-0.060675226,2.0405135,225,0
atitlan,2026-04-13,690450.0,1621650.0,-0.06539859,1.8027428,225,0
atitlan,2026-04-13,690750.0,1621650.0,-0.0605076,1.8330498,225,0
atitlan,2026-04-13,691050.0,1621650.0,-0.008884539,4.1448407,225,0
atitlan,2026-04-13,691350.0,1621650.0,-0.07335999,1.3548708,225,0
atitlan,2026-04-13,691650.0,1621650.0,0.1371285,8.349427,225,0
atitlan,2026-04-13,691950.0,1621650.0,0.21871805,10.112905,225,0
atitlan,2026-04-13,692250.0,1621650.0,0.23685074,13.284745,225,1
atitlan,2026-04-13,692550.0,1621650.0,0.22047478,11.436844,225,0
atitlan,2026-04-13,692850.0,1621650.0,0.22913454,12.009412,225,1
atitlan,2026-04-13,693150.0,1621650.0,0.22327977,11.504806,225,0
atitlan,2026-04-13,693450.0,1621650.0,0.22807464,11.080717,225,0
atitlan,2026-04-13,693750.0,1621650.0,0.20214018,8.747665,225,0
atitlan,2026-04-13,694050.0,1621650.0,0.20090778,8.744469,225,0
atitlan,2026-04-13,694350.0,1621650.0,0.20747143,9.092767,225,0
atitlan,2026-04-13,694650.0,1621650.0,0.22070609,9.67773,225,0
atitlan,2026-04-13,694950.0,1621650.0,0.2308932,10.692667,225,0
atitlan,2026-04-13,695250.0,1621650.0,0.19677207,8.70367,225,0
atitlan,2026-04-13,695550.0,1621650.0,0.24328215,12.005687,225,1
atitlan,2026-04-13,695850.0,1621650.0,0.23653433,11.844064,225,0
atitlan,2026-04-13,696150.0,1621650.0,0.22795527,11.144366,225,0
atitlan,2026-04-13,696450.0,1621650.0,0.231495,11.434063,225,0
atitlan,2026-04-13,696750.0,1621650.0,0.23839298,11.61765,225,0
atitlan,2026-04-13,697050.0,1621650.0,0.2058309,9.489978,225,0
atitlan,2026-04-13,697350.0,1621650.0,0.21919261,10.348373,225,0
atitlan,2026-04-13,697650.0,1621650.0,0.2014901,9.23022,225,0
atitlan,2026-04-13,697950.0,1621650.0,0.119316034,7.6701884,225,0
atitlan,2026-04-13,698250.0,1621650.0,0.19753774,12.654197,225,1
atitlan,2026-04-13,698550.0,1621650.0,0.18725894,10.363116,225,0
atitlan,2026-04-13,698850.0,1621650.0,0.15604737,8.9716,225,0
atitlan,2026-04-13,699150.0,1621650.0,-0.06456919,1.7378215,225,0
atitlan,2026-04-13,699450.0,1621650.0,-0.07852402,1.0729253,225,0
atitlan,2026-04-13,699750.0,1621650.0,-0.0840546,0.7825124,225,0
atitlan,2026-04-13,700050.0,1621650.0,-0.08569588,0.6807165,225,0
atitlan,2026-04-13,700350.0,1621650.0,-0.07111362,1.4756919,225,0
atitlan,2026-04-13,700650.0,1621650.0,-0.07511908,1.2818787,225,0
atitlan,2026-04-13,700950.0,1621650.0,-0.066587314,1.6805023,225,0
atitlan,2026-04-13,701250.0,1621650.0,-0.062241115,1.8881049,225,0
atitlan,2026-04-13,701550.0,1621650.0,-0.052173335,2.2274432,225,0
atitlan,2026-04-13,701850.0,1621650.0,0.1301932,6.2472053,225,0
atitlan,2026-04-13,702150.0,1621650.0,0.1568003,7.1771436,225,0
atitlan,2026-04-13,702450.0,1621650.0,0.05292859,4.557981,225,0
atitlan,2026-04-13,702750.0,1621650.0,0.07833326,6.2058387,225,0
atitlan,2026-04-13,703050.0,1621650.0,0.18803011,8.002471,225,0
atitlan,2026-04-13,703350.0,1621650.0,0.17856348,9.025404,225,0
atitlan,2026-04-13,703650.0,1621650.0,0.2379409,13.92519,225,1
atitlan,2026-04-13,703950.0,1621650.0,0.26152375,14.516845,225,1
atitlan,2026-04-13,704250.0,1621650.0,0.24530381,14.612204,225,1
atitlan,2026-04-13,704550.0,1621650.0,0.17912972,9.715704,225,0
atitlan,2026-04-13,704850.0,1621650.0,0.14029261,6.7827897,225,0
atitlan,2026-04-13,705150.0,1621650.0,0.17862877,8.963167,225,0
atitlan,2026-04-13,705450.0,1621650.0,0.1912757,9.159447,225,0
atitlan,2026-04-13,705750.0,1621650.0,0.20070286,8.769595,225,0
atitlan,2026-04-13,706050.0,1621650.0,0.2536838,13.525265,225,1
atitlan,2026-04-13,706350.0,1621650.0,0.2965775,17.931057,225,1
atitlan,2026-04-13,706650.0,1621650.0,0.2956654,16.651325,225,1
atitlan,2026-04-13,706950.0,1621650.0,0.23214279,13.152493,225,1
atitlan,2026-04-13,707250.0,1621650.0,0.18256043,10.363762,225,0
atitlan,2026-04-13,707550.0,1621650.0,0.12064854,7.1075954,225,0
atitlan,2026-04-13,707850.0,1621650.0,0.15916952,9.311294,45,0
atitlan,2026-04-13,680250.0,1621950.0,0.27601954,19.39269,180,1
atitlan,2026-04-13,680550.0,1621950.0,0.360259,29.377775,225,1
atitlan,2026-04-13,680850.0,1621950.0,0.28449818,19.67185,225,1
atitlan,2026-04-13,681150.0,1621950.0,0.23556705,14.886557,225,1
atitlan,2026-04-13,681450.0,1621950.0,0.34857175,28.36768,225,1
atitlan,2026-04-13,681750.0,1621950.0,0.34656736,25.40472,225,1
atitlan,2026-04-13,682050.0,1621950.0,0.30428782,22.298689,225,1
atitlan,2026-04-13,682350.0,1621950.0,0.19739531,14.015941,225,1
atitlan,2026-04-13,682650.0,1621950.0,0.28858846,18.399277,225,1
atitlan,2026-04-13,682950.0,1621950.0,0.2829918,15.741481,225,1
atitlan,2026-04-13,683250.0,1621950.0,0.36862573,29.643223,225,1
atitlan,2026-04-13,683550.0,1621950.0,0.3126895,19.25707,225,1
atitlan,2026-04-13,683850.0,1621950.0,0.311767,21.846867,225,1
atitlan,2026-04-13,684150.0,1621950.0,0.2185883,15.157898,225,1
atitlan,2026-04-13,684450.0,1621950.0,0.20866857,14.089909,225,1
atitlan,2026-04-13,684750.0,1621950.0,0.29610014,21.221016,225,1
atitlan,2026-04-13,685050.0,1621950.0,0.33513248,23.278355,225,1
atitlan,2026-04-13,685350.0,1621950.0,0.27985185,19.301186,225,1
atitlan,2026-04-13,685650.0,1621950.0,0.32715502,23.339739,225,1
atitlan,2026-04-13,685950.0,1621950.0,0.37455234,30.627232,225,1
atitlan,2026-04-13,686250.0,1621950.0,0.37778062,31.80443,225,1
atitlan,2026-04-13,686550.0,1621950.0,0.36984524,30.304558,225,1
atitlan,2026-04-13,686850.0,1621950.0,0.37201494,30.54149,225,1
atitlan,2026-04-13,687150.0,1621950.0,0.35624182,27.056126,225,1
atitlan,2026-04-13,687450.0,1621950.0,0.3225333,20.90364,225,1
atitlan,2026-04-13,687750.0,1621950.0,0.29536912,17.407627,225,1
atitlan,2026-04-13,688050.0,1621950.0,0.25244367,11.828007,225,0
atitlan,2026-04-13,688350.0,1621950.0,0.25083023,11.423453,225,0
atitlan,2026-04-13,688650.0,1621950.0,0.2419264,10.466384,225,0
atitlan,2026-04-13,688950.0,1621950.0,0.22391386,10.045174,225,0
atitlan,2026-04-13,689250.0,1621950.0,0.23943263,12.406031,225,1
atitlan,2026-04-13,689550.0,1621950.0,0.15868057,10.195035,225,0
atitlan,2026-04-13,689850.0,1621950.0,-0.019446949,3.241166,225,0
atitlan,2026-04-13,690150.0,1621950.0,-0.061115757,2.0228722,225,0
atitlan,2026-04-13,690450.0,1621950.0,-0.0645062,1.8399583,225,0
atitlan,2026-04-13,690750.0,1621950.0,-0.06474619,1.8133801,225,0
atitlan,2026-04-13,691050.0,1621950.0,-0.061679967,1.9413642,225,0
atitlan,2026-04-13,691350.0,1621950.0,-0.06215613,1.8163055,225,0
atitlan,2026-04-13,691650.0,1621950.0,0.052496478,6.11486,225,0
atitlan,2026-04-13,691950.0,1621950.0,0.032391082,4.9897294,225,0
atitlan,2026-04-13,692250.0,1621950.0,0.10860574,9.636147,225,0
atitlan,2026-04-13,692550.0,1621950.0,0.2584807,16.386463,225,1
atitlan,2026-04-13,692850.0,1621950.0,0.050121203,6.0783854,225,0
atitlan,2026-04-13,693150.0,1621950.0,0.11628754,8.148978,225,0
atitlan,2026-04-13,693450.0,1621950.0,0.25951898,14.431186,225,1
atitlan,2026-04-13,693750.0,1621950.0,0.19695488,10.163296,225,0
atitlan,2026-04-13,694050.0,1621950.0,0.24366234,12.186862,225,1
atitlan,2026-04-13,694350.0,1621950.0,0.22040127,9.36899,225,0
atitlan,2026-04-13,694650.0,1621950.0,0.21081641,9.284301,225,0
atitlan,2026-04-13,694950.0,1621950.0,0.22186437,9.884725,225,0
atitlan,2026-04-13,695250.0,1621950.0,0.2347195,11.03795,225,0
atitlan,2026-04-13,695550.0,1621950.0,0.23443389,11.299216,225,0
atitlan,2026-04-13,695850.0,1621950.0,0.23164505,10.676067,225,0
atitlan,2026-04-13,696150.0,1621950.0,0.20335005,9.381811,225,0
atitlan,2026-04-13,696450.0,1621950.0,0.14913388,7.3238745,225,0
atitlan,2026-04-13,696750.0,1621950.0,0.23154067,10.788588,225,0
atitlan,2026-04-13,697050.0,1621950.0,0.23349832,10.7090025,225,0
atitlan,2026-04-13,697350.0,1621950.0,0.2086655,9.042866,225,0
atitlan,2026-04-13,697650.0,1621950.0,0.16655877,8.226911,225,0
atitlan,2026-04-13,697950.0,1621950.0,0.17924745,10.523184,225,0
atitlan,2026-04-13,698250.0,1621950.0,0.15396403,10.010222,225,0
atitlan,2026-04-13,698550.0,1621950.0,-0.01758206,3.971833,225,0
atitlan,2026-04-13,698850.0,1621950.0,0.23851848,13.220984,225,1
atitlan,2026-04-13,699150.0,1621950.0,0.07463904,6.2333055,225,0
atitlan,2026-04-13,699450.0,1621950.0,-0.07284035,1.3425224,225,0
atitlan,2026-04-13,699750.0,1621950.0,-0.083481595,0.79606795,225,0
atitlan,2026-04-13,700050.0,1621950.0,-0.08636709,0.66434306,225,0
atitlan,2026-04-13,700350.0,1621950.0,-0.08106344,0.9440949,225,0
atitlan,2026-04-13,700650.0,1621950.0,-0.07462839,1.3214399,225,0
atitlan,2026-04-13,700950.0,1621950.0,-0.07124302,1.4829383,225,0
atitlan,2026-04-13,701250.0,1621950.0,-0.0704724,1.5226274,225,0
atitlan,2026-04-13,701550.0,1621950.0,-0.057904292,2.1031728,225,0
atitlan,2026-04-13,701850.0,1621950.0,-0.045813356,2.532626,225,0
atitlan,2026-04-13,702150.0,1621950.0,-0.058305062,2.0559688,225,0
atitlan,2026-04-13,702450.0,1621950.0,-0.059398126,1.971842,225,0
atitlan,2026-04-13,702750.0,1621950.0,-0.014933886,3.466854,225,0
atitlan,2026-04-13,703050.0,1621950.0,0.18815638,8.194139,225,0
atitlan,2026-04-13,703350.0,1621950.0,0.20327097,8.412142,225,0
atitlan,2026-04-13,703650.0,1621950.0,0.13581592,9.799176,225,0
atitlan,2026-04-13,703950.0,1621950.0,0.13867573,9.464175,225,0
atitlan,2026-04-13,704250.0,1621950.0,0.2393425,14.589479,225,1
atitlan,2026-04-13,704550.0,1621950.0,0.18858723,10.652059,225,0
atitlan,2026-04-13,704850.0,1621950.0,0.13269065,7.279507,225,0
atitlan,2026-04-13,705150.0,1621950.0,0.13560362,6.1559997,225,0
atitlan,2026-04-13,705450.0,1621950.0,0.13430245,6.7941594,225,0
atitlan,2026-04-13,705750.0,1621950.0,0.20127228,8.680154,225,0
atitlan,2026-04-13,706050.0,1621950.0,0.24638924,12.07923,225,1
atitlan,2026-04-13,706350.0,1621950.0,0.28825507,16.391882,225,1
atitlan,2026-04-13,706650.0,1621950.0,0.27546543,14.76241,225,1
atitlan,2026-04-13,706950.0,1621950.0,0.28286052,15.2108,225,1
atitlan,2026-04-13,707250.0,1621950.0,0.24204,13.806182,225,1
atitlan,2026-04-13,707550.0,1621950.0,0.17360857,11.042159,225,0
atitlan,2026-04-13,707850.0,1621950.0,0.2759571,19.548534,45,1
atitlan,2026-04-13,680250.0,1622250.0,0.3235307,22.364954,180,1
atitlan,2026-04-13,680550.0,1622250.0,0.28181943,18.981213,225,1
atitlan,2026-04-13,680850.0,1622250.0,0.1899781,11.389875,225,0
atitlan,2026-04-13,681150.0,1622250.0,0.12831195,8.552204,225,0
atitlan,2026-04-13,681450.0,1622250.0,0.30047035,22.516506,225,1
atitlan,2026-04-13,681750.0,1622250.0,0.3429772,25.929813,225,1
atitlan,2026-04-13,682050.0,1622250.0,0.33940616,25.803318,225,1
atitlan,2026-04-13,682350.0,1622250.0,0.24117932,17.699228,225,1
atitlan,2026-04-13,682650.0,1622250.0,0.2693266,14.154977,225,1
atitlan,2026-04-13,682950.0,1622250.0,0.28865477,16.617655,225,1
atitlan,2026-04-13,683250.0,1622250.0,0.32498977,21.697235,225,1
atitlan,2026-04-13,683550.0,1622250.0,0.34054852,23.579973,225,1
atitlan,2026-04-13,683850.0,1622250.0,0.32366115,23.225954,225,1
atitlan,2026-04-13,684150.0,1622250.0,0.27891067,19.259916,225,1
atitlan,2026-04-13,684450.0,1622250.0,0.24627325,17.748909,225,1
atitlan,2026-04-13,684750.0,1622250.0,0.2940293,19.884518,225,1
atitlan,2026-04-13,685050.0,1622250.0,0.3276514,23.728767,225,1
atitlan,2026-04-13,685350.0,1622250.0,0.34373972,24.39415,225,1
atitlan,2026-04-13,685650.0,1622250.0,0.3472652,25.950926,225,1
atitlan,2026-04-13,685950.0,1622250.0,0.34800395,25.312914,225,1
atitlan,2026-04-13,686250.0,1622250.0,0.343764,23.962965,225,1
atitlan,2026-04-13,686550.0,1622250.0,0.35334808,25.668247,225,1
atitlan,2026-04-13,686850.0,1622250.0,0.35564455,26.407064,225,1
atitlan,2026-04-13,687150.0,1622250.0,0.33002892,23.245705,225,1
atitlan,2026-04-13,687450.0,1622250.0,0.28993008,16.202055,225,1
atitlan,2026-04-13,687750.0,1622250.0,0.27841595,15.394037,225,1
atitlan,2026-04-13,688050.0,1622250.0,0.25150126,11.917698,225,0
atitlan,2026-04-13,688350.0,1622250.0,0.25553334,12.295072,225,1
atitlan,2026-04-13,688650.0,1622250.0,0.23717658,11.381669,225,0
atitlan,2026-04-13,688950.0,1622250.0,0.21971639,9.678326,225,0
atitlan,2026-04-13,689250.0,1622250.0,0.22042719,10.377515,225,0
atitlan,2026-04-13,689550.0,1622250.0,0.0074231518,4.5551257,225,0
atitlan,2026-04-13,689850.0,1622250.0,-0.05871661,2.1347988,225,0
atitlan,2026-04-13,690150.0,1622250.0,-0.060267873,2.0627248,225,0
atitlan,2026-04-13,690450.0,1622250.0,-0.06353437,1.8966835,225,0
atitlan,2026-04-13,690750.0,1622250.0,-0.06297793,1.9215033,225,0
atitlan,2026-04-13,691050.0,1622250.0,-0.06571878,1.7544073,225,0
atitlan,2026-04-13,691350.0,1622250.0,-0.061122797,1.9769953,225,0
atitlan,2026-04-13,691650.0,1622250.0,-0.06021191,2.0735579,225,0
atitlan,2026-04-13,691950.0,1622250.0,-0.060106065,2.0731525,225,0
atitlan,2026-04-13,692250.0,1622250.0,-0.0010624374,3.98863,225,0
atitlan,2026-04-13,692550.0,1622250.0,0.028332567,4.940582,225,0
atitlan,2026-04-13,692850.0,1622250.0,0.0808514,7.3838606,225,0
atitlan,2026-04-13,693150.0,1622250.0,0.013364113,4.50415,225,0
atitlan,2026-04-13,693450.0,1622250.0,-0.01566483,3.4225943,225,0
atitlan,2026-04-13,693750.0,1622250.0,-0.041959427,2.5838034,225,0
atitlan,2026-04-13,694050.0,1622250.0,0.20614737,11.612192,225,0
atitlan,2026-04-13,694350.0,1622250.0,0.2111579,8.977226,225,0
atitlan,2026-04-13,694650.0,1622250.0,0.22709636,9.625334,225,0
atitlan,2026-04-13,694950.0,1622250.0,0.23646075,11.317811,225,0
atitlan,2026-04-13,695250.0,1622250.0,0.22516452,10.496886,225,0
atitlan,2026-04-13,695550.0,1622250.0,0.21291189,9.357844,225,0
atitlan,2026-04-13,695850.0,1622250.0,0.24313535,11.317004,225,0
atitlan,2026-04-13,696150.0,1622250.0,0.2542912,11.977046,225,0
atitlan,2026-04-13,696450.0,1622250.0,0.2501135,12.02112,225,1
atitlan,2026-04-13,696750.0,1622250.0,0.20872043,9.360467,225,0
atitlan,2026-04-13,697050.0,1622250.0,0.20298225,9.26226,225,0
atitlan,2026-04-13,697350.0,1622250.0,0.18141812,8.700674,225,0
atitlan,2026-04-13,697650.0,1622250.0,0.12978448,7.820341,225,0
atitlan,2026-04-13,697950.0,1622250.0,0.09698698,7.2397604,225,0
atitlan,2026-04-13,698250.0,1622250.0,-0.0028127388,4.325056,225,0
atitlan,2026-04-13,698550.0,1622250.0,-0.071630485,1.4308603,225,0
atitlan,2026-04-13,698850.0,1622250.0,0.10497239,8.837092,225,0
atitlan,2026-04-13,699150.0,1622250.0,-0.050607488,2.3246493,225,0
atitlan,2026-04-13,699450.0,1622250.0,-0.07997035,1.0208946,225,0
atitlan,2026-04-13,699750.0,1622250.0,-0.08479525,0.74522823,225,0
atitlan,2026-04-13,700050.0,1622250.0,-0.08462247,0.74935704,225,0
atitlan,2026-04-13,700350.0,1622250.0,-0.07816585,1.0659902,225,0
atitlan,2026-04-13,700650.0,1622250.0,-0.061421864,1.9688226,225,0
atitlan,2026-04-13,700950.0,1622250.0,-0.06928661,1.6494604,225,0
atitlan,2026-04-13,701250.0,1622250.0,-0.051140334,2.361939,225,0
atitlan,2026-04-13,701550.0,1622250.0,-0.063536465,1.8411859,225,0
atitlan,2026-04-13,701850.0,1622250.0,-0.070390865,1.4216532,225,0
atitlan,2026-04-13,702150.0,1622250.0,-0.062494066,1.9163264,225,0
atitlan,2026-04-13,702450.0,1622250.0,-0.07316625,1.3801124,225,0
atitlan,2026-04-13,702750.0,1622250.0,-0.032859076,2.6079292,225,0
atitlan,2026-04-13,703050.0,1622250.0,0.16080008,6.4582033,225,0
atitlan,2026-04-13,703350.0,1622250.0,0.2045159,8.792907,225,0
atitlan,2026-04-13,703650.0,1622250.0,0.18090966,10.591228,225,0
atitlan,2026-04-13,703950.0,1622250.0,0.16456382,10.399543,225,0
atitlan,2026-04-13,704250.0,1622250.0,0.25054395,14.499372,225,1
atitlan,2026-04-13,704550.0,1622250.0,0.21602511,12.1078205,225,1
atitlan,2026-04-13,704850.0,1622250.0,0.1373242,8.386527,225,0
atitlan,2026-04-13,705150.0,1622250.0,0.114613876,5.732891,225,0
atitlan,2026-04-13,705450.0,1622250.0,0.106210455,5.574394,225,0
atitlan,2026-04-13,705750.0,1622250.0,0.17880183,8.272972,225,0
atitlan,2026-04-13,706050.0,1622250.0,0.21346687,10.385316,225,0
atitlan,2026-04-13,706350.0,1622250.0,0.22876963,11.02454,225,0
atitlan,2026-04-13,706650.0,1622250.0,0.2197729,10.6609745,225,0
atitlan,2026-04-13,706950.0,1622250.0,0.2619996,14.369762,225,1
atitlan,2026-04-13,707250.0,1622250.0,0.3006708,18.174915,225,1
atitlan,2026-04-13,707550.0,1622250.0,0.27390233,15.981303,225,1
atitlan,2026-04-13,707850.0,1622250.0,0.23141465,12.177856,45,1
atitlan,2026-04-13,680250.0,1622550.0,0.3075471,21.463707,180,1
atitlan,2026-04-13,680550.0,1622550.0,0.28430104,18.779036,225,1
atitlan,2026-04-13,680850.0,1622550.0,0.214465,13.764209,225,1
atitlan,2026-04-13,681150.0,1622550.0,0.1330804,10.073783,225,0
atitlan,2026-04-13,681450.0,1622550.0,0.28986162,19.65228,225,1
atitlan,2026-04-13,681750.0,1622550.0,0.3306996,24.1764,225,1
atitlan,2026-04-13,682050.0,1622550.0,0.31071302,22.967394,225,1
atitlan,2026-04-13,682350.0,1622550.0,0.31555295,24.017399,225,1
atitlan,2026-04-13,682650.0,1622550.0,0.2629935,13.193567,225,1
atitlan,2026-04-13,682950.0,1622550.0,0.28673032,16.201767,225,1
atitlan,2026-04-13,683250.0,1622550.0,0.3399675,24.127253,225,1
atitlan,2026-04-13,683550.0,1622550.0,0.33303934,22.994555,225,1
atitlan,2026-04-13,683850.0,1622550.0,0.2654051,16.037033,225,1
atitlan,2026-04-13,684150.0,1622550.0,0.30137417,22.370468,225,1
atitlan,2026-04-13,684450.0,1622550.0,0.22073027,14.787663,225,1
atitlan,2026-04-13,684750.0,1622550.0,0.28728876,20.189116,225,1
atitlan,2026-04-13,685050.0,1622550.0,0.33781332,23.80496,225,1
atitlan,2026-04-13,685350.0,1622550.0,0.30013764,19.44539,225,1
atitlan,2026-04-13,685650.0,1622550.0,0.2813124,17.999426,225,1
atitlan,2026-04-13,685950.0,1622550.0,0.34008428,23.5988,225,1
atitlan,2026-04-13,686250.0,1622550.0,0.33158576,21.725882,225,1
atitlan,2026-04-13,686550.0,1622550.0,0.33386478,22.130344,225,1
atitlan,2026-04-13,686850.0,1622550.0,0.33991593,24.317263,225,1
atitlan,2026-04-13,687150.0,1622550.0,0.3068316,18.994057,225,1
atitlan,2026-04-13,687450.0,1622550.0,0.2473619,12.019518,225,1
atitlan,2026-04-13,687750.0,1622550.0,0.24973238,13.010495,225,1
atitlan,2026-04-13,688050.0,1622550.0,0.24802808,11.722249,225,0
atitlan,2026-04-13,688350.0,1622550.0,0.24652754,11.469753,225,0
atitlan,2026-04-13,688650.0,1622550.0,0.29107356,16.217218,225,1
atitlan,2026-04-13,688950.0,1622550.0,0.22913349,11.007089,225,0
atitlan,2026-04-13,689250.0,1622550.0,0.20086621,12.494274,225,1
atitlan,2026-04-13,689550.0,1622550.0,-0.055075493,2.2961993,225,0
atitlan,2026-04-13,689850.0,1622550.0,-0.0596966,2.0859017,225,0
atitlan,2026-04-13,690150.0,1622550.0,-0.064897135,1.8229347,225,0
atitlan,2026-04-13,690450.0,1622550.0,-0.063096225,1.9118981,225,0
atitlan,2026-04-13,690750.0,1622550.0,-0.061640713,1.9903433,225,0
atitlan,2026-04-13,691050.0,1622550.0,-0.064381585,1.8391905,225,0
atitlan,2026-04-13,691350.0,1622550.0,-0.062210597,1.9413134,225,0
atitlan,2026-04-13,691650.0,1622550.0,-0.06025993,2.04291,225,0
atitlan,2026-04-13,691950.0,1622550.0,-0.060003534,2.0742366,225,0
atitlan,2026-04-13,692250.0,1622550.0,-0.057971112,2.1740172,225,0
atitlan,2026-04-13,692550.0,1622550.0,-0.057375174,2.2010956,225,0
atitlan,2026-04-13,692850.0,1622550.0,-0.06051704,2.0421216,225,0
atitlan,2026-04-13,693150.0,1622550.0,-0.058234747,2.1662421,225,0
atitlan,2026-04-13,693450.0,1622550.0,-0.05643061,2.2322295,225,0
atitlan,2026-04-13,693750.0,1622550.0,-0.059687532,2.0702481,225,0
atitlan,2026-04-13,694050.0,1622550.0,0.18192394,10.4026375,225,0
atitlan,2026-04-13,694350.0,1622550.0,0.24454819,11.483285,225,0
atitlan,2026-04-13,694650.0,1622550.0,0.24881122,12.01724,225,1
atitlan,2026-04-13,694950.0,1622550.0,0.2558698,13.299617,225,1
atitlan,2026-04-13,695250.0,1622550.0,0.23989256,11.379881,225,0
atitlan,2026-04-13,695550.0,1622550.0,0.19041789,8.616047,225,0
atitlan,2026-04-13,695850.0,1622550.0,0.20533669,9.547827,225,0
atitlan,2026-04-13,696150.0,1622550.0,0.23875059,10.83067,225,0
atitlan,2026-04-13,696450.0,1622550.0,0.23956351,11.057478,225,0
atitlan,2026-04-13,696750.0,1622550.0,0.23076898,10.914043,225,0
atitlan,2026-04-13,697050.0,1622550.0,0.18140866,8.787436,225,0
atitlan,2026-04-13,697350.0,1622550.0,0.13230014,7.428865,225,0
atitlan,2026-04-13,697650.0,1622550.0,0.06431844,7.021196,225,0
atitlan,2026-04-13,697950.0,1622550.0,-0.07125641,1.4783839,225,0
atitlan,2026-04-13,698250.0,1622550.0,-0.0743489,1.3061291,225,0
atitlan,2026-04-13,698550.0,1622550.0,-0.07960387,1.0122492,225,0
atitlan,2026-04-13,698850.0,1622550.0,-0.07712965,1.1408284,225,0
atitlan,2026-04-13,699150.0,1622550.0,-0.07514214,1.2671688,225,0
atitlan,2026-04-13,699450.0,1622550.0,-0.078692295,1.0860214,225,0
atitlan,2026-04-13,699750.0,1622550.0,-0.08388666,0.79353285,225,0
atitlan,2026-04-13,700050.0,1622550.0,-0.08514047,0.73302764,225,0
atitlan,2026-04-13,700350.0,1622550.0,-0.08598991,0.69580096,225,0
atitlan,2026-04-13,700650.0,1622550.0,-0.07890238,1.0563585,225,0
atitlan,2026-04-13,700950.0,1622550.0,-0.06946986,1.5895476,225,0
atitlan,2026-04-13,701250.0,1622550.0,-0.081625044,0.9869096,225,0
atitlan,2026-04-13,701550.0,1622550.0,-0.07667028,1.2177595,225,0
atitlan,2026-04-13,701850.0,1622550.0,-0.07839556,1.1082317,225,0
atitlan,2026-04-13,702150.0,1622550.0,-0.06722317,1.6997001,225,0
atitlan,2026-04-13,702450.0,1622550.0,-0.0656846,1.7559686,225,0
atitlan,2026-04-13,702750.0,1622550.0,-0.0043193083,3.1710896,225,0
atitlan,2026-04-13,703050.0,1622550.0,0.15341194,6.537326,225,0
atitlan,2026-04-13,703350.0,1622550.0,0.2147696,10.625117,225,0
atitlan,2026-04-13,703650.0,1622550.0,0.22542946,11.588825,225,0
atitlan,2026-04-13,703950.0,1622550.0,0.18100084,10.968497,225,0
atitlan,2026-04-13,704250.0,1622550.0,0.23665519,14.407357,225,1
atitlan,2026-04-13,704550.0,1622550.0,0.1961749,11.127185,225,0
atitlan,2026-04-13,704850.0,1622550.0,0.119854905,7.0768046,225,0
atitlan,2026-04-13,705150.0,1622550.0,0.11403994,5.9084606,225,0
atitlan,2026-04-13,705450.0,1622550.0,0.14993854,7.2926974,225,0
atitlan,2026-04-13,705750.0,1622550.0,0.19413337,9.130453,225,0
atitlan,2026-04-13,706050.0,1622550.0,0.2287398,11.156025,225,0
atitlan,2026-04-13,706350.0,1622550.0,0.23023468,12.2521925,225,1
atitlan,2026-04-13,706650.0,1622550.0,0.24882182,12.698883,225,1
atitlan,2026-04-13,706950.0,1622550.0,0.2621403,13.841647,225,1
atitlan,2026-04-13,707250.0,1622550.0,0.25572774,13.708969,225,1
atitlan,2026-04-13,707550.0,1622550.0,0.20736407,12.150121,225,1
atitlan,2026-04-13,707850.0,1622550.0,0.15119104,10.160441,45,0
atitlan,2026-04-13,680250.0,1622850.0,0.3292555,23.64231,180,1
atitlan,2026-04-13,680550.0,1622850.0,0.31550613,22.034668,225,1
atitlan,2026-04-13,680850.0,1622850.0,0.2601131,17.027576,225,1
atitlan,2026-04-13,681150.0,1622850.0,0.2332342,15.847797,225,1
atitlan,2026-04-13,681450.0,1622850.0,0.2901007,20.047062,225,1
atitlan,2026-04-13,681750.0,1622850.0,0.26373285,16.835018,225,1
atitlan,2026-04-13,682050.0,1622850.0,0.29302517,19.879738,225,1
atitlan,2026-04-13,682350.0,1622850.0,0.2996206,21.280306,225,1
atitlan,2026-04-13,682650.0,1622850.0,0.26902518,14.779146,225,1
atitlan,2026-04-13,682950.0,1622850.0,0.30239883,18.6707,225,1
atitlan,2026-04-13,683250.0,1622850.0,0.32380596,22.018251,225,1
atitlan,2026-04-13,683550.0,1622850.0,0.29853597,19.160627,225,1
atitlan,2026-04-13,683850.0,1622850.0,0.3157459,19.449091,225,1
atitlan,2026-04-13,684150.0,1622850.0,0.33543593,24.011755,225,1
atitlan,2026-04-13,684450.0,1622850.0,0.30105254,21.375494,225,1
atitlan,2026-04-13,684750.0,1622850.0,0.30050465,20.745974,225,1
atitlan,2026-04-13,685050.0,1622850.0,0.3196005,22.374086,225,1
atitlan,2026-04-13,685350.0,1622850.0,0.3094736,21.329357,225,1
atitlan,2026-04-13,685650.0,1622850.0,0.24078642,15.558467,225,1
atitlan,2026-04-13,685950.0,1622850.0,0.31719202,20.695139,225,1
atitlan,2026-04-13,686250.0,1622850.0,0.32515112,21.277927,225,1
atitlan,2026-04-13,686550.0,1622850.0,0.31396845,19.17658,225,1
atitlan,2026-04-13,686850.0,1622850.0,0.2809421,15.396658,225,1
atitlan,2026-04-13,687150.0,1622850.0,0.2840973,15.258465,225,1
atitlan,2026-04-13,687450.0,1622850.0,0.25678986,12.781069,225,1
atitlan,2026-04-13,687750.0,1622850.0,0.23871416,11.106404,225,0
atitlan,2026-04-13,688050.0,1622850.0,0.22580707,10.304954,225,0
atitlan,2026-04-13,688350.0,1622850.0,0.20429921,9.599144,225,0
atitlan,2026-04-13,688650.0,1622850.0,0.2743877,14.422293,225,1
atitlan,2026-04-13,688950.0,1622850.0,0.2723998,15.801133,225,1
atitlan,2026-04-13,689250.0,1622850.0,0.16851649,11.003818,225,0
atitlan,2026-04-13,689550.0,1622850.0,-0.054803476,2.3117187,225,0
atitlan,2026-04-13,689850.0,1622850.0,-0.05987612,2.0839822,225,0
atitlan,2026-04-13,690150.0,1622850.0,-0.062012512,1.9604183,225,0
atitlan,2026-04-13,690450.0,1622850.0,-0.06253074,1.9433596,225,0
atitlan,2026-04-13,690750.0,1622850.0,-0.063858315,1.885634,225,0
atitlan,2026-04-13,691050.0,1622850.0,-0.060900964,2.0370855,225,0
atitlan,2026-04-13,691350.0,1622850.0,-0.05826474,2.1513667,225,0
atitlan,2026-04-13,691650.0,1622850.0,-0.057222214,2.1562755,225,0
atitlan,2026-04-13,691950.0,1622850.0,-0.06006228,2.0708423,225,0
atitlan,2026-04-13,692250.0,1622850.0,-0.062096547,1.9628369,225,0
atitlan,2026-04-13,692550.0,1622850.0,-0.062178187,1.9698524,225,0
atitlan,2026-04-13,692850.0,1622850.0,-0.06355632,1.886171,225,0
atitlan,2026-04-13,693150.0,1622850.0,-0.06425391,1.8515761,225,0
atitlan,2026-04-13,693450.0,1622850.0,-0.063876495,1.8717822,225,0
atitlan,2026-04-13,693750.0,1622850.0,-0.056357082,2.2367105,225,0
atitlan,2026-04-13,694050.0,1622850.0,0.04725961,7.2207594,225,0
atitlan,2026-04-13,694350.0,1622850.0,0.12555432,8.754944,225,0
atitlan,2026-04-13,694650.0,1622850.0,0.19351499,12.422539,225,1
atitlan,2026-04-13,694950.0,1622850.0,0.09896229,7.419277,225,0
atitlan,2026-04-13,695250.0,1622850.0,0.20394716,11.325566,225,0
atitlan,2026-04-13,695550.0,1622850.0,0.23903635,12.398336,225,1
atitlan,2026-04-13,695850.0,1622850.0,0.15592447,8.921252,225,0
atitlan,2026-04-13,696150.0,1622850.0,0.18522964,9.68036,225,0
atitlan,2026-04-13,696450.0,1622850.0,0.1436406,8.488622,225,0
atitlan,2026-04-13,696750.0,1622850.0,0.1702912,9.292236,225,0
atitlan,2026-04-13,697050.0,1622850.0,0.18693762,10.279749,225,0
atitlan,2026-04-13,697350.0,1622850.0,0.13287847,8.363756,225,0
atitlan,2026-04-13,697650.0,1622850.0,0.10397286,8.104798,225,0
atitlan,2026-04-13,697950.0,1622850.0,-0.07755665,1.1326741,225,0
atitlan,2026-04-13,698250.0,1622850.0,-0.080067076,1.0034231,225,0
atitlan,2026-04-13,698550.0,1622850.0,-0.08603344,0.6698826,225,0
atitlan,2026-04-13,698850.0,1622850.0,-0.086337715,0.6535476,225,0
atitlan,2026-04-13,699150.0,1622850.0,-0.08290222,0.8269893,225,0
atitlan,2026-04-13,699450.0,1622850.0,-0.08392015,0.8065914,225,0
atitlan,2026-04-13,699750.0,1622850.0,-0.08480925,0.77656764,225,0
atitlan,2026-04-13,700050.0,1622850.0,-0.08622575,0.70290715,225,0
atitlan,2026-04-13,700350.0,1622850.0,-0.08491366,0.73275244,225,0
atitlan,2026-04-13,700650.0,1622850.0,-0.07434385,1.3177315,225,0
atitlan,2026-04-13,700950.0,1622850.0,-0.060241003,2.035797,225,0
atitlan,2026-04-13,701250.0,1622850.0,-0.07170116,1.4464588,225,0
atitlan,2026-04-13,701550.0,1622850.0,-0.056128416,2.2323565,225,0
atitlan,2026-04-13,701850.0,1622850.0,-0.05691704,2.2049239,225,0
atitlan,2026-04-13,702150.0,1622850.0,-0.05819343,2.1398764,225,0
atitlan,2026-04-13,702450.0,1622850.0,-0.051107448,2.4286492,225,0
atitlan,2026-04-13,702750.0,1622850.0,0.05292612,4.7010703,225,0
atitlan,2026-04-13,703050.0,1622850.0,0.1787705,8.085291,225,0
atitlan,2026-04-13,703350.0,1622850.0,0.21330544,9.22223,225,0
atitlan,2026-04-13,703650.0,1622850.0,0.25926796,12.986976,225,1
atitlan,2026-04-13,703950.0,1622850.0,0.18416485,8.948066,225,0
atitlan,2026-04-13,704250.0,1622850.0,0.17890243,10.95445,225,0
atitlan,2026-04-13,704550.0,1622850.0,0.15373884,9.35076,225,0
atitlan,2026-04-13,704850.0,1622850.0,0.1373778,7.610579,225,0
atitlan,2026-04-13,705150.0,1622850.0,0.15513475,8.621898,225,0
atitlan,2026-04-13,705450.0,1622850.0,0.18081047,7.580739,225,0
atitlan,2026-04-13,705750.0,1622850.0,0.19004516,9.097058,225,0
atitlan,2026-04-13,706050.0,1622850.0,0.23246942,12.912558,225,1
atitlan,2026-04-13,706350.0,1622850.0,0.2278996,13.609959,225,1
atitlan,2026-04-13,706650.0,1622850.0,0.24045645,12.3572035,225,1
atitlan,2026-04-13,706950.0,1622850.0,0.2450111,12.376207,225,1
atitlan,2026-04-13,707250.0,1622850.0,0.18646938,10.032973,225,0
atitlan,2026-04-13,707550.0,1622850.0,0.21021946,11.932318,225,0
atitlan,2026-04-13,707850.0,1622850.0,0.14068092,8.002042,45,0
atitlan,2026-04-13,680250.0,1623150.0,0.32493052,22.575195,180,1
atitlan,2026-04-13,680550.0,1623150.0,0.30785835,20.160103,225,1
atitlan,2026-04-13,680850.0,1623150.0,0.30192178,20.604763,225,1
atitlan,2026-04-13,681150.0,1623150.0,0.30014867,20.04027,225,1
atitlan,2026-04-13,681450.0,1623150.0,0.19187419,12.48588,225,1
atitlan,2026-04-13,681750.0,1623150.0,0.22607122,15.4460745,225,1
atitlan,2026-04-13,682050.0,1623150.0,0.2682115,18.399302,225,1
atitlan,2026-04-13,682350.0,1623150.0,0.26588273,16.32824,225,1
atitlan,2026-04-13,682650.0,1623150.0,0.2763835,15.000955,225,1
atitlan,2026-04-13,682950.0,1623150.0,0.3092972,19.815638,225,1
atitlan,2026-04-13,683250.0,1623150.0,0.31010112,20.300262,225,1
atitlan,2026-04-13,683550.0,1623150.0,0.31071654,19.125029,225,1
atitlan,2026-04-13,683850.0,1623150.0,0.31616774,20.07323,225,1
atitlan,2026-04-13,684150.0,1623150.0,0.34137166,24.88223,225,1
atitlan,2026-04-13,684450.0,1623150.0,0.32937086,22.468164,225,1
atitlan,2026-04-13,684750.0,1623150.0,0.29730764,19.44835,225,1
atitlan,2026-04-13,685050.0,1623150.0,0.29614606,18.255598,225,1
atitlan,2026-04-13,685350.0,1623150.0,0.31052592,19.993416,225,1
atitlan,2026-04-13,685650.0,1623150.0,0.29099494,18.343208,225,1
atitlan,2026-04-13,685950.0,1623150.0,0.26269034,13.992188,225,1
atitlan,2026-04-13,686250.0,1623150.0,0.30965725,19.73899,225,1
atitlan,2026-04-13,686550.0,1623150.0,0.27607256,14.49974,225,1
atitlan,2026-04-13,686850.0,1623150.0,0.25995138,12.757745,225,1
atitlan,2026-04-13,687150.0,1623150.0,0.26976815,14.013977,225,1
atitlan,2026-04-13,687450.0,1623150.0,0.24770203,11.897705,225,0
atitlan,2026-04-13,687750.0,1623150.0,0.22375835,9.707431,225,0
atitlan,2026-04-13,688050.0,1623150.0,0.22148535,11.482748,225,0
atitlan,2026-04-13,688350.0,1623150.0,0.18922879,8.76532,225,0
atitlan,2026-04-13,688650.0,1623150.0,0.23227589,13.307295,225,1
atitlan,2026-04-13,688950.0,1623150.0,0.1953962,11.446788,225,0
atitlan,2026-04-13,689250.0,1623150.0,-0.039528996,2.8436906,225,0
atitlan,2026-04-13,689550.0,1623150.0,-0.057569012,2.1814184,225,0
atitlan,2026-04-13,689850.0,1623150.0,-0.059664622,2.0845954,225,0
atitlan,2026-04-13,690150.0,1623150.0,-0.061294794,2.0053058,225,0
atitlan,2026-04-13,690450.0,1623150.0,-0.0631783,1.9178411,225,0
atitlan,2026-04-13,690750.0,1623150.0,-0.059716716,2.0828424,225,0
atitlan,2026-04-13,691050.0,1623150.0,-0.061059732,2.0247176,225,0
atitlan,2026-04-13,691350.0,1623150.0,-0.058252897,2.160113,225,0
atitlan,2026-04-13,691650.0,1623150.0,-0.060480174,2.0242622,225,0
atitlan,2026-04-13,691950.0,1623150.0,-0.062269986,1.9458448,225,0
atitlan,2026-04-13,692250.0,1623150.0,-0.06215031,1.9693468,225,0
atitlan,2026-04-13,692550.0,1623150.0,-0.06243565,1.9397674,225,0
atitlan,2026-04-13,692850.0,1623150.0,-0.062568866,1.9440428,225,0
atitlan,2026-04-13,693150.0,1623150.0,-0.06413667,1.8646686,225,0
atitlan,2026-04-13,693450.0,1623150.0,-0.06472146,1.8169773,225,0
atitlan,2026-04-13,693750.0,1623150.0,-0.059543047,2.0832381,225,0
atitlan,2026-04-13,694050.0,1623150.0,-0.057033516,2.1958466,225,0
atitlan,2026-04-13,694350.0,1623150.0,-0.052801266,2.398477,225,0
atitlan,2026-04-13,694650.0,1623150.0,-0.053822793,2.3492193,225,0
atitlan,2026-04-13,694950.0,1623150.0,-0.05506725,2.271144,225,0
atitlan,2026-04-13,695250.0,1623150.0,-0.043810762,2.581266,225,0
atitlan,2026-04-13,695550.0,1623150.0,0.026341759,5.1038766,225,0
atitlan,2026-04-13,695850.0,1623150.0,-0.044534292,2.5592935,225,0
atitlan,2026-04-13,696150.0,1623150.0,-0.031358864,2.9163637,225,0
atitlan,2026-04-13,696450.0,1623150.0,-0.039450873,2.7155757,225,0
atitlan,2026-04-13,696750.0,1623150.0,0.10161377,7.8536415,225,0
atitlan,2026-04-13,697050.0,1623150.0,0.12813985,9.017321,225,0
atitlan,2026-04-13,697350.0,1623150.0,0.18089725,10.235745,225,0
atitlan,2026-04-13,697650.0,1623150.0,0.027980503,5.2435813,225,0
atitlan,2026-04-13,697950.0,1623150.0,-0.08473502,0.71938974,225,0
atitlan,2026-04-13,698250.0,1623150.0,-0.08346129,0.79090345,225,0
atitlan,2026-04-13,698550.0,1623150.0,-0.08168688,0.9035845,225,0
atitlan,2026-04-13,698850.0,1623150.0,-0.07918005,1.0467501,225,0
atitlan,2026-04-13,699150.0,1623150.0,-0.07760579,1.1180794,225,0
atitlan,2026-04-13,699450.0,1623150.0,-0.07672754,1.1824944,225,0
atitlan,2026-04-13,699750.0,1623150.0,-0.07725141,1.1503292,225,0
atitlan,2026-04-13,700050.0,1623150.0,-0.0740269,1.3435128,225,0
atitlan,2026-04-13,700350.0,1623150.0,-0.084445454,0.76125395,225,0
atitlan,2026-04-13,700650.0,1623150.0,-0.07843597,1.0923804,225,0
atitlan,2026-04-13,700950.0,1623150.0,-0.06861423,1.6207067,225,0
atitlan,2026-04-13,701250.0,1623150.0,-0.07220621,1.4012585,225,0
atitlan,2026-04-13,701550.0,1623150.0,-0.05274551,2.3621113,225,0
atitlan,2026-04-13,701850.0,1623150.0,-0.05964688,2.0811622,225,0
atitlan,2026-04-13,702150.0,1623150.0,-0.058061164,2.1112359,225,0
atitlan,2026-04-13,702450.0,1623150.0,-0.052346837,2.3919678,225,0
atitlan,2026-04-13,702750.0,1623150.0,-0.02255728,3.2109962,225,0
atitlan,2026-04-13,703050.0,1623150.0,0.16587284,7.8619,225,0
atitlan,2026-04-13,703350.0,1623150.0,0.1638427,6.657174,225,0
atitlan,2026-04-13,703650.0,1623150.0,0.1830866,7.6547017,225,0
atitlan,2026-04-13,703950.0,1623150.0,0.1643599,8.14091,225,0
atitlan,2026-04-13,704250.0,1623150.0,0.17544314,11.156644,225,0
atitlan,2026-04-13,704550.0,1623150.0,0.1638379,10.077241,225,0
atitlan,2026-04-13,704850.0,1623150.0,0.14922488,8.471878,225,0
atitlan,2026-04-13,705150.0,1623150.0,0.15070237,8.293333,225,0
atitlan,2026-04-13,705450.0,1623150.0,0.18380493,8.021511,225,0
atitlan,2026-04-13,705750.0,1623150.0,0.21071814,10.026132,225,0
atitlan,2026-04-13,706050.0,1623150.0,0.24111757,11.8319,225,0
atitlan,2026-04-13,706350.0,1623150.0,0.22791873,11.642361,225,0
atitlan,2026-04-13,706650.0,1623150.0,0.22899272,11.381786,225,0
atitlan,2026-04-13,706950.0,1623150.0,0.26099694,12.789892,225,1
atitlan,2026-04-13,707250.0,1623150.0,0.16824844,9.684916,225,0
atitlan,2026-04-13,707550.0,1623150.0,0.200693,10.447063,225,0
atitlan,2026-04-13,707850.0,1623150.0,0.24172837,11.878107,45,0
atitlan,2026-04-13,680250.0,1623450.0,0.32301745,21.992847,180,1
atitlan,2026-04-13,680550.0,1623450.0,0.30270278,18.623735,225,1
atitlan,2026-04-13,680850.0,1623450.0,0.30693159,19.485529,225,1
atitlan,2026-04-13,681150.0,1623450.0,0.31003824,19.839403,225,1
atitlan,2026-04-13,681450.0,1623450.0,0.26556534,17.50744,225,1
atitlan,2026-04-13,681750.0,1623450.0,0.22060165,14.1954365,225,1
atitlan,2026-04-13,682050.0,1623450.0,0.22385816,13.565108,225,1
atitlan,2026-04-13,682350.0,1623450.0,0.2596733,14.933577,225,1
atitlan,2026-04-13,682650.0,1623450.0,0.27489752,14.293284,225,1
atitlan,2026-04-13,682950.0,1623450.0,0.3161627,20.284954,225,1
atitlan,2026-04-13,683250.0,1623450.0,0.32393995,21.724335,225,1
atitlan,2026-04-13,683550.0,1623450.0,0.3088677,20.154388,225,1
atitlan,2026-04-13,683850.0,1623450.0,0.33128852,22.235811,225,1
atitlan,2026-04-13,684150.0,1623450.0,0.33490726,23.489431,225,1
atitlan,2026-04-13,684450.0,1623450.0,0.3377908,23.98094,225,1
atitlan,2026-04-13,684750.0,1623450.0,0.3112929,19.56218,225,1
atitlan,2026-04-13,685050.0,1623450.0,0.27279288,15.0117235,225,1
atitlan,2026-04-13,685350.0,1623450.0,0.2741646,17.074667,225,1
atitlan,2026-04-13,685650.0,1623450.0,0.28638655,16.891348,225,1
atitlan,2026-04-13,685950.0,1623450.0,0.22621797,10.17136,225,0
atitlan,2026-04-13,686250.0,1623450.0,0.21416223,10.171029,225,0
atitlan,2026-04-13,686550.0,1623450.0,0.23704368,10.82413,225,0
atitlan,2026-04-13,686850.0,1623450.0,0.23552041,11.28016,225,0
atitlan,2026-04-13,687150.0,1623450.0,0.23488945,11.507769,225,0
atitlan,2026-04-13,687450.0,1623450.0,0.2048756,9.328176,225,0
atitlan,2026-04-13,687750.0,1623450.0,0.21110505,9.411783,225,0
atitlan,2026-04-13,688050.0,1623450.0,0.1793117,7.9859004,225,0
atitlan,2026-04-13,688350.0,1623450.0,0.18148975,10.48338,225,0
atitlan,2026-04-13,688650.0,1623450.0,0.073055655,6.0639052,225,0
atitlan,2026-04-13,688950.0,1623450.0,-0.02827683,3.0694895,225,0
atitlan,2026-04-13,689250.0,1623450.0,-0.050549444,2.500371,225,0
atitlan,2026-04-13,689550.0,1623450.0,-0.05647949,2.2366903,225,0
atitlan,2026-04-13,689850.0,1623450.0,-0.059900634,2.0711942,225,0
atitlan,2026-04-13,690150.0,1623450.0,-0.0608638,2.033563,225,0
atitlan,2026-04-13,690450.0,1623450.0,-0.06161983,1.985322,225,0
atitlan,2026-04-13,690750.0,1623450.0,-0.061165724,2.0051599,225,0
atitlan,2026-04-13,691050.0,1623450.0,-0.060104433,2.061164,225,0
atitlan,2026-04-13,691350.0,1623450.0,-0.059068277,2.1141121,225,0
atitlan,2026-04-13,691650.0,1623450.0,-0.05755518,2.1805565,225,0
atitlan,2026-04-13,691950.0,1623450.0,-0.061021794,2.0174782,225,0
atitlan,2026-04-13,692250.0,1623450.0,-0.060485285,2.0453768,225,0
atitlan,2026-04-13,692550.0,1623450.0,-0.061498053,1.9964572,225,0
atitlan,2026-04-13,692850.0,1623450.0,-0.059116486,2.1107635,225,0
atitlan,2026-04-13,693150.0,1623450.0,-0.05999845,2.075383,225,0
atitlan,2026-04-13,693450.0,1623450.0,-0.061793316,1.9692022,225,0
atitlan,2026-04-13,693750.0,1623450.0,-0.059392527,2.0899441,225,0
atitlan,2026-04-13,694050.0,1623450.0,-0.055274736,2.2851968,225,0
atitlan,2026-04-13,694350.0,1623450.0,-0.05558898,2.2801874,225,0
atitlan,2026-04-13,694650.0,1623450.0,-0.061107617,1.9881258,225,0
atitlan,2026-04-13,694950.0,1623450.0,-0.062352847,1.9414967,225,0
atitlan,2026-04-13,695250.0,1623450.0,-0.066720515,1.7066987,225,0
atitlan,2026-04-13,695550.0,1623450.0,-0.06747075,1.6680287,225,0
atitlan,2026-04-13,695850.0,1623450.0,-0.08035395,1.0044537,225,0
atitlan,2026-04-13,696150.0,1623450.0,-0.081881575,0.9030258,225,0
atitlan,2026-04-13,696450.0,1623450.0,-0.08044066,0.9879426,225,0
atitlan,2026-04-13,696750.0,1623450.0,-0.06346618,1.977607,225,0
atitlan,2026-04-13,697050.0,1623450.0,-0.07207958,1.4217589,225,0
atitlan,2026-04-13,697350.0,1623450.0,-0.040376112,2.9509997,225,0
atitlan,2026-04-13,697650.0,1623450.0,-0.071105875,1.4524053,225,0
atitlan,2026-04-13,697950.0,1623450.0,-0.07542672,1.2513967,225,0
atitlan,2026-04-13,698250.0,1623450.0,-0.077834636,1.1178718,225,0
atitlan,2026-04-13,698550.0,1623450.0,-0.079990365,1.0128062,225,0
atitlan,2026-04-13,698850.0,1623450.0,-0.079678744,1.003367,225,0
atitlan,2026-04-13,699150.0,1623450.0,-0.07985589,1.0160484,225,0
atitlan,2026-04-13,699450.0,1623450.0,-0.08010531,1.0142912,225,0
atitlan,2026-04-13,699750.0,1623450.0,-0.07767187,1.1531248,225,0
atitlan,2026-04-13,700050.0,1623450.0,-0.07762012,1.1279006,225,0
atitlan,2026-04-13,700350.0,1623450.0,-0.08286635,0.8390311,225,0
atitlan,2026-04-13,700650.0,1623450.0,-0.07974466,1.0135874,225,0
atitlan,2026-04-13,700950.0,1623450.0,-0.07003445,1.5424904,225,0
atitlan,2026-04-13,701250.0,1623450.0,-0.063470244,1.877348,225,0
atitlan,2026-04-13,701550.0,1623450.0,-0.056958355,2.1976452,225,0
atitlan,2026-04-13,701850.0,1623450.0,-0.06544641,1.7880702,225,0
atitlan,2026-04-13,702150.0,1623450.0,-0.064764336,1.8217915,225,0
atitlan,2026-04-13,702450.0,1623450.0,-0.059290476,2.0819576,225,0
atitlan,2026-04-13,702750.0,1623450.0,0.09810449,6.1533484,225,0
atitlan,2026-04-13,703050.0,1623450.0,0.096591786,5.2437444,225,0
atitlan,2026-04-13,703350.0,1623450.0,0.14895976,5.9920106,225,0
atitlan,2026-04-13,703650.0,1623450.0,0.19224197,9.028232,225,0
atitlan,2026-04-13,703950.0,1623450.0,0.14899884,9.675829,225,0
atitlan,2026-04-13,704250.0,1623450.0,0.16267492,9.60549,225,0
atitlan,2026-04-13,704550.0,1623450.0,0.16465299,8.961402,225,0
atitlan,2026-04-13,704850.0,1623450.0,0.16673298,9.4956455,225,0
atitlan,2026-04-13,705150.0,1623450.0,0.17385623,10.717931,225,0
atitlan,2026-04-13,705450.0,1623450.0,0.14358644,7.3404627,225,0
atitlan,2026-04-13,705750.0,1623450.0,0.17406978,7.1545124,225,0
atitlan,2026-04-13,706050.0,1623450.0,0.1894001,8.101621,225,0
atitlan,2026-04-13,706350.0,1623450.0,0.21830843,9.723121,225,0
atitlan,2026-04-13,706650.0,1623450.0,0.23317842,11.267816,225,0
atitlan,2026-04-13,706950.0,1623450.0,0.19045581,10.05421,225,0
atitlan,2026-04-13,707250.0,1623450.0,0.1806046,9.303287,225,0
atitlan,2026-04-13,707550.0,1623450.0,0.13915968,8.203727,225,0
atitlan,2026-04-13,707850.0,1623450.0,0.113011666,6.4211793,45,0
atitlan,2026-04-13,680250.0,1623750.0,0.33911362,24.476814,180,1
atitlan,2026-04-13,680550.0,1623750.0,0.33823878,24.00692,225,1
atitlan,2026-04-13,680850.0,1623750.0,0.33783963,24.233952,225,1
atitlan,2026-04-13,681150.0,1623750.0,0.32816318,23.206532,225,1
atitlan,2026-04-13,681450.0,1623750.0,0.29998046,21.139791,225,1
atitlan,2026-04-13,681750.0,1623750.0,0.2712484,19.13339,225,1
atitlan,2026-04-13,682050.0,1623750.0,0.25311825,16.558392,225,1
atitlan,2026-04-13,682350.0,1623750.0,0.25932273,16.699146,225,1
atitlan,2026-04-13,682650.0,1623750.0,0.23157518,11.42419,225,0
atitlan,2026-04-13,682950.0,1623750.0,0.24287635,11.192719,225,0
atitlan,2026-04-13,683250.0,1623750.0,0.25270188,13.469466,225,1
atitlan,2026-04-13,683550.0,1623750.0,0.31325325,20.575512,225,1
atitlan,2026-04-13,683850.0,1623750.0,0.30220577,19.454437,225,1
atitlan,2026-04-13,684150.0,1623750.0,0.31424227,19.396751,225,1
atitlan,2026-04-13,684450.0,1623750.0,0.312506,19.962137,225,1
atitlan,2026-04-13,684750.0,1623750.0,0.28684476,16.133764,225,1
atitlan,2026-04-13,685050.0,1623750.0,0.2844838,16.375961,225,1
atitlan,2026-04-13,685350.0,1623750.0,0.24132676,12.222543,225,1
atitlan,2026-04-13,685650.0,1623750.0,0.22399452,11.014199,225,0
atitlan,2026-04-13,685950.0,1623750.0,0.21015783,10.140943,225,0
atitlan,2026-04-13,686250.0,1623750.0,0.22915246,11.6888275,225,0
atitlan,2026-04-13,686550.0,1623750.0,0.23031583,10.960674,225,0
atitlan,2026-04-13,686850.0,1623750.0,0.22821724,11.258411,225,0
atitlan,2026-04-13,687150.0,1623750.0,0.21368334,9.931381,225,0
atitlan,2026-04-13,687450.0,1623750.0,0.17082791,8.612285,225,0
atitlan,2026-04-13,687750.0,1623750.0,0.14110143,7.1167984,225,0
atitlan,2026-04-13,688050.0,1623750.0,0.006069836,3.9598393,225,0
atitlan,2026-04-13,688350.0,1623750.0,-0.028688837,3.1803544,225,0
atitlan,2026-04-13,688650.0,1623750.0,-0.045276053,2.7224872,225,0
atitlan,2026-04-13,688950.0,1623750.0,-0.044573426,2.7595348,225,0
atitlan,2026-04-13,689250.0,1623750.0,-0.049782496,2.5276868,225,0
atitlan,2026-04-13,689550.0,1623750.0,-0.056903787,2.198773,225,0
atitlan,2026-04-13,689850.0,1623750.0,-0.059084166,2.114491,225,0
atitlan,2026-04-13,690150.0,1623750.0,-0.058662556,2.131544,225,0
atitlan,2026-04-13,690450.0,1623750.0,-0.059514295,2.088255,225,0
atitlan,2026-04-13,690750.0,1623750.0,-0.05985928,2.0668838,225,0
atitlan,2026-04-13,691050.0,1623750.0,-0.05901045,2.1069326,225,0
atitlan,2026-04-13,691350.0,1623750.0,-0.055580623,2.2790835,225,0
atitlan,2026-04-13,691650.0,1623750.0,-0.05734154,2.1811905,225,0
atitlan,2026-04-13,691950.0,1623750.0,-0.05779052,2.1693985,225,0
atitlan,2026-04-13,692250.0,1623750.0,-0.05725172,2.2075243,225,0
atitlan,2026-04-13,692550.0,1623750.0,-0.058448236,2.1422617,225,0
atitlan,2026-04-13,692850.0,1623750.0,-0.059503082,2.0840702,225,0
atitlan,2026-04-13,693150.0,1623750.0,-0.06280922,1.9195225,225,0
atitlan,2026-04-13,693450.0,1623750.0,-0.06310625,1.9075089,225,0
atitlan,2026-04-13,693750.0,1623750.0,-0.061855376,1.9800179,225,0
atitlan,2026-04-13,694050.0,1623750.0,-0.06314968,1.8977985,225,0
atitlan,2026-04-13,694350.0,1623750.0,-0.062384203,1.9393964,225,0
atitlan,2026-04-13,694650.0,1623750.0,-0.06144029,1.9785315,225,0
atitlan,2026-04-13,694950.0,1623750.0,-0.06005606,2.0678263,225,0
atitlan,2026-04-13,695250.0,1623750.0,-0.060815353,2.035069,225,0
atitlan,2026-04-13,695550.0,1623750.0,-0.06733618,1.6946841,225,0
atitlan,2026-04-13,695850.0,1623750.0,-0.07164485,1.4481643,225,0
atitlan,2026-04-13,696150.0,1623750.0,-0.07533358,1.2488326,225,0
atitlan,2026-04-13,696450.0,1623750.0,-0.07913175,1.055188,225,0
atitlan,2026-04-13,696750.0,1623750.0,-0.08276079,0.8428912,225,0
atitlan,2026-04-13,697050.0,1623750.0,-0.083445065,0.816005,225,0
atitlan,2026-04-13,697350.0,1623750.0,-0.08157725,0.90813386,225,0
atitlan,2026-04-13,697650.0,1623750.0,-0.08023288,0.9853055,225,0
atitlan,2026-04-13,697950.0,1623750.0,-0.07718096,1.1421036,225,0
atitlan,2026-04-13,698250.0,1623750.0,-0.07985027,1.0033777,225,0
atitlan,2026-04-13,698550.0,1623750.0,-0.08212169,0.8924889,225,0
atitlan,2026-04-13,698850.0,1623750.0,-0.08083825,0.95353603,225,0
atitlan,2026-04-13,699150.0,1623750.0,-0.08205735,0.87465656,225,0
atitlan,2026-04-13,699450.0,1623750.0,-0.080288894,0.98579156,225,0
atitlan,2026-04-13,699750.0,1623750.0,-0.07791108,1.1249824,225,0
atitlan,2026-04-13,700050.0,1623750.0,-0.078602985,1.0830283,225,0
atitlan,2026-04-13,700350.0,1623750.0,-0.077536665,1.1497005,225,0
atitlan,2026-04-13,700650.0,1623750.0,-0.0821285,0.9087541,225,0
atitlan,2026-04-13,700950.0,1623750.0,-0.07120407,1.4898607,225,0
atitlan,2026-04-13,701250.0,1623750.0,-0.062425468,1.9453619,225,0
atitlan,2026-04-13,701550.0,1623750.0,-0.054487742,2.341329,225,0
atitlan,2026-04-13,701850.0,1623750.0,-0.052263573,2.4427328,225,0
atitlan,2026-04-13,702150.0,1623750.0,-0.056598347,2.2240813,225,0
atitlan,2026-04-13,702450.0,1623750.0,-0.0552525,2.253099,225,0
atitlan,2026-04-13,702750.0,1623750.0,0.10673789,6.0734143,225,0
atitlan,2026-04-13,703050.0,1623750.0,0.14784421,6.0273814,225,0
atitlan,2026-04-13,703350.0,1623750.0,0.17392275,7.2441616,225,0
atitlan,2026-04-13,703650.0,1623750.0,0.18553965,10.018936,225,0
atitlan,2026-04-13,703950.0,1623750.0,0.09556334,5.856717,225,0
atitlan,2026-04-13,704250.0,1623750.0,0.18053462,11.486337,225,0
atitlan,2026-04-13,704550.0,1623750.0,0.14222024,8.371449,225,0
atitlan,2026-04-13,704850.0,1623750.0,0.18409534,10.335325,225,0
atitlan,2026-04-13,705150.0,1623750.0,0.1920493,10.122065,225,0
atitlan,2026-04-13,705450.0,1623750.0,0.16340995,9.585625,225,0
atitlan,2026-04-13,705750.0,1623750.0,0.1597998,7.627587,225,0
atitlan,2026-04-13,706050.0,1623750.0,0.20019203,9.243588,225,0
atitlan,2026-04-13,706350.0,1623750.0,0.20543635,9.069677,225,0
atitlan,2026-04-13,706650.0,1623750.0,0.2519199,11.940692,225,0
atitlan,2026-04-13,706950.0,1623750.0,0.1727751,8.889045,225,0
atitlan,2026-04-13,707250.0,1623750.0,0.123168565,6.8926716,225,0
atitlan,2026-04-13,707550.0,1623750.0,0.20305523,10.625082,225,0
atitlan,2026-04-13,707850.0,1623750.0,0.28801867,15.518105,45,1
atitlan,2026-04-13,680250.0,1624050.0,0.3391779,24.776577,180,1
atitlan,2026-04-13,680550.0,1624050.0,0.31381592,19.362038,225,1
atitlan,2026-04-13,680850.0,1624050.0,0.29110733,18.24736,225,1
atitlan,2026-04-13,681150.0,1624050.0,0.26990286,15.624959,225,1
atitlan,2026-04-13,681450.0,1624050.0,0.30532095,20.167585,225,1
atitlan,2026-04-13,681750.0,1624050.0,0.24699844,16.803576,225,1
atitlan,2026-04-13,682050.0,1624050.0,0.32665232,23.755156,225,1
atitlan,2026-04-13,682350.0,1624050.0,0.32819262,22.95495,225,1
atitlan,2026-04-13,682650.0,1624050.0,0.21238293,11.292124,225,0
atitlan,2026-04-13,682950.0,1624050.0,0.20383748,8.449492,225,0
atitlan,2026-04-13,683250.0,1624050.0,0.21306841,9.453953,225,0
atitlan,2026-04-13,683550.0,1624050.0,0.2763083,16.15485,225,1
atitlan,2026-04-13,683850.0,1624050.0,0.2879818,17.667814,225,1
atitlan,2026-04-13,684150.0,1624050.0,0.30987698,19.411457,225,1
atitlan,2026-04-13,684450.0,1624050.0,0.29039314,16.499462,225,1
atitlan,2026-04-13,684750.0,1624050.0,0.2884869,16.488293,225,1
atitlan,2026-04-13,685050.0,1624050.0,0.28822884,16.91985,225,1
atitlan,2026-04-13,685350.0,1624050.0,0.24764906,12.411888,225,1
atitlan,2026-04-13,685650.0,1624050.0,0.22993296,10.749696,225,0
atitlan,2026-04-13,685950.0,1624050.0,0.20849709,10.750027,225,0
atitlan,2026-04-13,686250.0,1624050.0,0.208015,9.956313,225,0
atitlan,2026-04-13,686550.0,1624050.0,0.21854939,12.361528,225,1
atitlan,2026-04-13,686850.0,1624050.0,0.19175152,9.399327,225,0
atitlan,2026-04-13,687150.0,1624050.0,0.16225374,7.6273437,225,0
atitlan,2026-04-13,687450.0,1624050.0,0.08473094,5.86876,225,0
atitlan,2026-04-13,687750.0,1624050.0,-0.02061203,3.3949995,225,0
atitlan,2026-04-13,688050.0,1624050.0,-0.040172897,2.9265177,225,0
atitlan,2026-04-13,688350.0,1624050.0,-0.041773513,2.8603275,225,0
atitlan,2026-04-13,688650.0,1624050.0,-0.04490872,2.7318273,225,0
atitlan,2026-04-13,688950.0,1624050.0,-0.045339182,2.7207212,225,0
atitlan,2026-04-13,689250.0,1624050.0,-0.05145342,2.437977,225,0
atitlan,2026-04-13,689550.0,1624050.0,-0.053926166,2.3369076,225,0
atitlan,2026-04-13,689850.0,1624050.0,-0.05608973,2.2511,225,0
atitlan,2026-04-13,690150.0,1624050.0,-0.05461901,2.3210843,225,0
atitlan,2026-04-13,690450.0,1624050.0,-0.057223104,2.2001839,225,0
atitlan,2026-04-13,690750.0,1624050.0,-0.05700226,2.2085252,225,0
atitlan,2026-04-13,691050.0,1624050.0,-0.05943595,2.088059,225,0
atitlan,2026-04-13,691350.0,1624050.0,-0.061058667,2.0021846,225,0
atitlan,2026-04-13,691650.0,1624050.0,-0.059780214,2.0766733,225,0
atitlan,2026-04-13,691950.0,1624050.0,-0.061188918,2.0111947,225,0
atitlan,2026-04-13,692250.0,1624050.0,-0.060882762,2.0306993,225,0
atitlan,2026-04-13,692550.0,1624050.0,-0.06091139,2.032024,225,0
atitlan,2026-04-13,692850.0,1624050.0,-0.061562296,1.9953518,225,0
atitlan,2026-04-13,693150.0,1624050.0,-0.06091448,2.0196502,225,0
atitlan,2026-04-13,693450.0,1624050.0,-0.061219513,2.017548,225,0
atitlan,2026-04-13,693750.0,1624050.0,-0.060829572,2.0313559,225,0
atitlan,2026-04-13,694050.0,1624050.0,-0.058792382,2.1272767,225,0
atitlan,2026-04-13,694350.0,1624050.0,-0.059582397,2.090539,225,0
atitlan,2026-04-13,694650.0,1624050.0,-0.05719876,2.1984406,225,0
atitlan,2026-04-13,694950.0,1624050.0,-0.059977524,2.0730028,225,0
atitlan,2026-04-13,695250.0,1624050.0,-0.061089553,2.0181177,225,0
atitlan,2026-04-13,695550.0,1624050.0,-0.066159755,1.7480787,225,0
atitlan,2026-04-13,695850.0,1624050.0,-0.07179889,1.4477342,225,0
atitlan,2026-04-13,696150.0,1624050.0,-0.071312726,1.4778365,225,0
atitlan,2026-04-13,696450.0,1624050.0,-0.074522115,1.2918944,225,0
atitlan,2026-04-13,696750.0,1624050.0,-0.08569817,0.710671,225,0
atitlan,2026-04-13,697050.0,1624050.0,-0.08648161,0.65191,225,0
atitlan,2026-04-13,697350.0,1624050.0,-0.08074594,0.9495356,225,0
atitlan,2026-04-13,697650.0,1624050.0,-0.078939386,1.0658519,225,0
atitlan,2026-04-13,697950.0,1624050.0,-0.07841294,1.1004423,225,0
atitlan,2026-04-13,698250.0,1624050.0,-0.08245118,0.8899166,225,0
atitlan,2026-04-13,698550.0,1624050.0,-0.078566685,1.0914891,225,0
atitlan,2026-04-13,698850.0,1624050.0,-0.0841347,0.79469097,225,0
atitlan,2026-04-13,699150.0,1624050.0,-0.081629895,0.90477484,225,0
atitlan,2026-04-13,699450.0,1624050.0,-0.07844379,1.0898035,225,0
atitlan,2026-04-13,699750.0,1624050.0,-0.075677425,1.2307858,225,0
atitlan,2026-04-13,700050.0,1624050.0,-0.07793489,1.1098069,225,0
atitlan,2026-04-13,700350.0,1624050.0,-0.0734704,1.3575003,225,0
atitlan,2026-04-13,700650.0,1624050.0,-0.07931545,1.0628595,225,0
atitlan,2026-04-13,700950.0,1624050.0,-0.06839958,1.6310561,225,0
atitlan,2026-04-13,701250.0,1624050.0,-0.06456088,1.8328857,225,0
atitlan,2026-04-13,701550.0,1624050.0,-0.0560007,2.2672362,225,0
atitlan,2026-04-13,701850.0,1624050.0,-0.054545503,2.3283975,225,0
atitlan,2026-04-13,702150.0,1624050.0,-0.058302447,2.1360762,225,0
atitlan,2026-04-13,702450.0,1624050.0,-0.039455436,2.689161,225,0
atitlan,2026-04-13,702750.0,1624050.0,0.13636975,6.7351575,225,0
atitlan,2026-04-13,703050.0,1624050.0,0.16639641,6.642594,225,0
atitlan,2026-04-13,703350.0,1624050.0,0.17673184,8.321553,225,0
atitlan,2026-04-13,703650.0,1624050.0,0.17764638,9.56216,225,0
atitlan,2026-04-13,703950.0,1624050.0,0.1290306,7.5261045,225,0
atitlan,2026-04-13,704250.0,1624050.0,0.13178268,7.10563,225,0
atitlan,2026-04-13,704550.0,1624050.0,0.1465859,8.530178,225,0
atitlan,2026-04-13,704850.0,1624050.0,0.18420234,9.8405285,225,0
atitlan,2026-04-13,705150.0,1624050.0,0.14353634,6.6101727,225,0
atitlan,2026-04-13,705450.0,1624050.0,0.12898359,6.7973833,225,0
atitlan,2026-04-13,705750.0,1624050.0,0.14287275,8.0735,225,0
atitlan,2026-04-13,706050.0,1624050.0,0.14591183,7.1721954,225,0
atitlan,2026-04-13,706350.0,1624050.0,0.17041104,7.295459,225,0
atitlan,2026-04-13,706650.0,1624050.0,0.22027525,9.841996,225,0
atitlan,2026-04-13,706950.0,1624050.0,0.24615735,12.182226,225,1
atitlan,2026-04-13,707250.0,1624050.0,0.21119341,10.346334,225,0
atitlan,2026-04-13,707550.0,1624050.0,0.20590006,11.462964,225,0
atitlan,2026-04-13,707850.0,1624050.0,0.16280596,8.517403,45,0
atitlan,2026-04-13,680250.0,1624350.0,0.30913466,19.995022,180,1
atitlan,2026-04-13,680550.0,1624350.0,0.3009754,18.45858,225,1
atitlan,2026-04-13,680850.0,1624350.0,0.2935184,18.925932,225,1
atitlan,2026-04-13,681150.0,1624350.0,0.25259864,18.448381,225,1
atitlan,2026-04-13,681450.0,1624350.0,0.2945283,22.522686,225,1
atitlan,2026-04-13,681750.0,1624350.0,0.19007364,12.089733,225,1
atitlan,2026-04-13,682050.0,1624350.0,0.30143008,20.207516,225,1
atitlan,2026-04-13,682350.0,1624350.0,0.2504286,16.495224,225,1
atitlan,2026-04-13,682650.0,1624350.0,0.20875089,12.693084,225,1
atitlan,2026-04-13,682950.0,1624350.0,0.24856633,12.435207,225,1
atitlan,2026-04-13,683250.0,1624350.0,0.23834957,10.964318,225,0
atitlan,2026-04-13,683550.0,1624350.0,0.23311047,11.202092,225,0
atitlan,2026-04-13,683850.0,1624350.0,0.2676748,15.4318075,225,1
atitlan,2026-04-13,684150.0,1624350.0,0.27693775,15.29579,225,1
atitlan,2026-04-13,684450.0,1624350.0,0.28017172,15.1490965,225,1
atitlan,2026-04-13,684750.0,1624350.0,0.27692136,14.881809,225,1
atitlan,2026-04-13,685050.0,1624350.0,0.2632298,13.298038,225,1
atitlan,2026-04-13,685350.0,1624350.0,0.23906623,11.860139,225,0
atitlan,2026-04-13,685650.0,1624350.0,0.16904238,9.0402565,225,0
atitlan,2026-04-13,685950.0,1624350.0,0.18812037,9.913892,225,0
atitlan,2026-04-13,686250.0,1624350.0,0.20499665,9.612768,225,0
atitlan,2026-04-13,686550.0,1624350.0,0.1793954,9.394605,225,0
atitlan,2026-04-13,686850.0,1624350.0,0.12975076,7.3209915,225,0
atitlan,2026-04-13,687150.0,1624350.0,0.06512133,5.1008267,225,0
atitlan,2026-04-13,687450.0,1624350.0,-0.01874673,3.3230217,225,0
atitlan,2026-04-13,687750.0,1624350.0,-0.04052924,2.8885834,225,0
atitlan,2026-04-13,688050.0,1624350.0,-0.039997555,2.9283133,225,0
atitlan,2026-04-13,688350.0,1624350.0,-0.038083192,2.9853518,225,0
atitlan,2026-04-13,688650.0,1624350.0,-0.041057646,2.8792875,225,0
atitlan,2026-04-13,688950.0,1624350.0,-0.04492474,2.7370644,225,0
atitlan,2026-04-13,689250.0,1624350.0,-0.04658421,2.6548514,225,0
atitlan,2026-04-13,689550.0,1624350.0,-0.05046818,2.4908533,225,0
atitlan,2026-04-13,689850.0,1624350.0,-0.051397674,2.4556942,225,0
atitlan,2026-04-13,690150.0,1624350.0,-0.055006854,2.3089366,225,0
atitlan,2026-04-13,690450.0,1624350.0,-0.05901188,2.113581,225,0
atitlan,2026-04-13,690750.0,1624350.0,-0.06115753,2.0070302,225,0
atitlan,2026-04-13,691050.0,1624350.0,-0.060222406,2.0546906,225,0
atitlan,2026-04-13,691350.0,1624350.0,-0.060051788,2.0569701,225,0
atitlan,2026-04-13,691650.0,1624350.0,-0.05945834,2.088551,225,0
atitlan,2026-04-13,691950.0,1624350.0,-0.055700283,2.2772224,225,0
atitlan,2026-04-13,692250.0,1624350.0,-0.057948504,2.1754503,225,0
atitlan,2026-04-13,692550.0,1624350.0,-0.056931622,2.2184916,225,0
atitlan,2026-04-13,692850.0,1624350.0,-0.05794696,2.1807785,225,0
atitlan,2026-04-13,693150.0,1624350.0,-0.06099645,2.028961,225,0
atitlan,2026-04-13,693450.0,1624350.0,-0.06262842,1.9369984,225,0
atitlan,2026-04-13,693750.0,1624350.0,-0.06301243,1.9242496,225,0
atitlan,2026-04-13,694050.0,1624350.0,-0.061000712,2.0213401,225,0
atitlan,2026-04-13,694350.0,1624350.0,-0.05629688,2.2395062,225,0
atitlan,2026-04-13,694650.0,1624350.0,-0.057484232,2.1903389,225,0
atitlan,2026-04-13,694950.0,1624350.0,-0.058898408,2.1197472,225,0
atitlan,2026-04-13,695250.0,1624350.0,-0.062743045,1.9221437,225,0
atitlan,2026-04-13,695550.0,1624350.0,-0.064556725,1.8320812,225,0
atitlan,2026-04-13,695850.0,1624350.0,-0.068737954,1.6342793,225,0
atitlan,2026-04-13,696150.0,1624350.0,-0.07409572,1.3240298,225,0
atitlan,2026-04-13,696450.0,1624350.0,-0.07971348,1.0089389,225,0
atitlan,2026-04-13,696750.0,1624350.0,-0.08052081,0.9734894,225,0
atitlan,2026-04-13,697050.0,1624350.0,-0.092766166,0.42257792,225,0
atitlan,2026-04-13,697350.0,1624350.0,-0.08955446,0.54837286,225,0
atitlan,2026-04-13,697650.0,1624350.0,-0.07922463,1.0403223,225,0
atitlan,2026-04-13,697950.0,1624350.0,-0.07532792,1.2486722,225,0
atitlan,2026-04-13,698250.0,1624350.0,-0.08122795,0.95111907,225,0
atitlan,2026-04-13,698550.0,1624350.0,-0.080942795,0.97388154,225,0
atitlan,2026-04-13,698850.0,1624350.0,-0.08235786,0.8956033,225,0
atitlan,2026-04-13,699150.0,1624350.0,-0.07554118,1.2349538,225,0
atitlan,2026-04-13,699450.0,1624350.0,-0.07588855,1.2227774,225,0
atitlan,2026-04-13,699750.0,1624350.0,-0.07605241,1.2277105,225,0
atitlan,2026-04-13,700050.0,1624350.0,-0.07670157,1.1805285,225,0
atitlan,2026-04-13,700350.0,1624350.0,-0.075121336,1.286873,225,0
atitlan,2026-04-13,700650.0,1624350.0,-0.07864105,1.0970806,225,0
atitlan,2026-04-13,700950.0,1624350.0,-0.06931168,1.5807083,225,0
atitlan,2026-04-13,701250.0,1624350.0,-0.0640157,1.8672289,225,0
atitlan,2026-04-13,701550.0,1624350.0,-0.064242534,1.8640735,225,0
atitlan,2026-04-13,701850.0,1624350.0,-0.060429696,2.0476072,225,0
atitlan,2026-04-13,702150.0,1624350.0,-0.051265415,2.4495423,225,0
atitlan,2026-04-13,702450.0,1624350.0,-0.014353181,3.5328119,225,0
atitlan,2026-04-13,702750.0,1624350.0,0.13599676,6.591948,225,0
atitlan,2026-04-13,703050.0,1624350.0,0.15799347,6.352641,225,0
atitlan,2026-04-13,703350.0,1624350.0,0.1821626,7.9674006,225,0
atitlan,2026-04-13,703650.0,1624350.0,0.2126149,11.52269,225,0
atitlan,2026-04-13,703950.0,1624350.0,0.24016875,12.87933,225,1
atitlan,2026-04-13,704250.0,1624350.0,0.17423452,9.937224,225,0
atitlan,2026-04-13,704550.0,1624350.0,0.1924891,11.040083,225,0
atitlan,2026-04-13,704850.0,1624350.0,0.1596984,9.217946,225,0
atitlan,2026-04-13,705150.0,1624350.0,0.1031806,5.925479,225,0
atitlan,2026-04-13,705450.0,1624350.0,0.15252337,7.0290294,225,0
atitlan,2026-04-13,705750.0,1624350.0,0.093535386,5.472072,225,0
atitlan,2026-04-13,706050.0,1624350.0,0.0993551,5.746942,225,0
atitlan,2026-04-13,706350.0,1624350.0,0.113209225,6.286558,225,0
atitlan,2026-04-13,706650.0,1624350.0,0.18739145,7.909298,225,0
atitlan,2026-04-13,706950.0,1624350.0,0.21473967,9.380307,225,0
atitlan,2026-04-13,707250.0,1624350.0,0.21635646,9.410134,225,0
atitlan,2026-04-13,707550.0,1624350.0,0.114714056,6.9803953,225,0
atitlan,2026-04-13,707850.0,1624350.0,0.10021845,6.0115795,45,0
atitlan,2026-04-13,680250.0,1624650.0,0.35900104,27.944784,180,1
atitlan,2026-04-13,680550.0,1624650.0,0.29760683,19.769459,225,1
atitlan,2026-04-13,680850.0,1624650.0,0.26691443,16.486618,225,1
atitlan,2026-04-13,681150.0,1624650.0,0.24601424,15.083119,225,1
atitlan,2026-04-13,681450.0,1624650.0,0.26983067,16.85347,225,1
atitlan,2026-04-13,681750.0,1624650.0,0.2146969,14.871308,225,1
atitlan,2026-04-13,682050.0,1624650.0,0.2738391,17.00858,225,1
atitlan,2026-04-13,682350.0,1624650.0,0.27169138,18.69954,225,1
atitlan,2026-04-13,682650.0,1624650.0,0.25739926,13.335724,225,1
atitlan,2026-04-13,682950.0,1624650.0,0.27495876,14.862314,225,1
atitlan,2026-04-13,683250.0,1624650.0,0.2419096,11.22382,225,0
atitlan,2026-04-13,683550.0,1624650.0,0.24014689,11.331387,225,0
atitlan,2026-04-13,683850.0,1624650.0,0.2074196,11.223878,225,0
atitlan,2026-04-13,684150.0,1624650.0,0.20927446,10.954232,225,0
atitlan,2026-04-13,684450.0,1624650.0,0.19981757,10.939407,225,0
atitlan,2026-04-13,684750.0,1624650.0,0.2557627,12.197919,225,1
atitlan,2026-04-13,685050.0,1624650.0,0.2314528,10.171781,225,0
atitlan,2026-04-13,685350.0,1624650.0,0.21357308,12.324749,225,1
atitlan,2026-04-13,685650.0,1624650.0,0.10838213,7.0144706,225,0
atitlan,2026-04-13,685950.0,1624650.0,0.10466755,6.6914625,225,0
atitlan,2026-04-13,686250.0,1624650.0,0.0610433,4.969667,225,0
atitlan,2026-04-13,686550.0,1624650.0,0.081013754,6.713897,225,0
atitlan,2026-04-13,686850.0,1624650.0,0.11816784,6.7801538,225,0
atitlan,2026-04-13,687150.0,1624650.0,-0.02758823,3.1466475,225,0
atitlan,2026-04-13,687450.0,1624650.0,-0.04365613,2.760573,225,0
atitlan,2026-04-13,687750.0,1624650.0,-0.043103162,2.7936528,225,0
atitlan,2026-04-13,688050.0,1624650.0,-0.039946772,2.9281178,225,0
atitlan,2026-04-13,688350.0,1624650.0,-0.03733179,3.040916,225,0
atitlan,2026-04-13,688650.0,1624650.0,-0.040490244,2.9092934,225,0
atitlan,2026-04-13,688950.0,1624650.0,-0.04270542,2.8325112,225,0
atitlan,2026-04-13,689250.0,1624650.0,-0.04261113,2.8205314,225,0
atitlan,2026-04-13,689550.0,1624650.0,-0.049995102,2.5107834,225,0
atitlan,2026-04-13,689850.0,1624650.0,-0.05144482,2.4541738,225,0
atitlan,2026-04-13,690150.0,1624650.0,-0.048642628,2.5833266,225,0
atitlan,2026-04-13,690450.0,1624650.0,-0.052534077,2.4213555,225,0
atitlan,2026-04-13,690750.0,1624650.0,-0.055475563,2.2775755,225,0
atitlan,2026-04-13,691050.0,1624650.0,-0.054917153,2.3042548,225,0
atitlan,2026-04-13,691350.0,1624650.0,-0.058527175,2.1366794,225,0
atitlan,2026-04-13,691650.0,1624650.0,-0.05756806,2.1857443,225,0
atitlan,2026-04-13,691950.0,1624650.0,-0.05732841,2.1956933,225,0
atitlan,2026-04-13,692250.0,1624650.0,-0.059672665,2.090235,225,0
atitlan,2026-04-13,692550.0,1624650.0,-0.060134362,2.0584595,225,0
atitlan,2026-04-13,692850.0,1624650.0,-0.06104022,2.0165982,225,0
atitlan,2026-04-13,693150.0,1624650.0,-0.06226766,1.9506824,225,0
atitlan,2026-04-13,693450.0,1624650.0,-0.0649894,1.8283192,225,0
atitlan,2026-04-13,693750.0,1624650.0,-0.06305623,1.9106586,225,0
atitlan,2026-04-13,694050.0,1624650.0,-0.06158065,1.9966897,225,0
atitlan,2026-04-13,694350.0,1624650.0,-0.059362408,2.111466,225,0
atitlan,2026-04-13,694650.0,1624650.0,-0.0576121,2.17589,225,0
atitlan,2026-04-13,694950.0,1624650.0,-0.06042212,2.040853,225,0
atitlan,2026-04-13,695250.0,1624650.0,-0.06478333,1.8211482,225,0
atitlan,2026-04-13,695550.0,1624650.0,-0.066006035,1.7498822,225,0
atitlan,2026-04-13,695850.0,1624650.0,-0.068103686,1.6476656,225,0
atitlan,2026-04-13,696150.0,1624650.0,-0.06929287,1.5916992,225,0
atitlan,2026-04-13,696450.0,1624650.0,-0.073191874,1.3712159,225,0
atitlan,2026-04-13,696750.0,1624650.0,-0.07713804,1.1602482,225,0
atitlan,2026-04-13,697050.0,1624650.0,-0.086081326,0.70585465,225,0
atitlan,2026-04-13,697350.0,1624650.0,-0.08939333,0.55082226,225,0
atitlan,2026-04-13,697650.0,1624650.0,-0.083534926,0.83175266,225,0
atitlan,2026-04-13,697950.0,1624650.0,-0.07890913,1.0645423,225,0
atitlan,2026-04-13,698250.0,1624650.0,-0.081380576,0.9720064,225,0
atitlan,2026-04-13,698550.0,1624650.0,-0.07942279,1.0592742,225,0
atitlan,2026-04-13,698850.0,1624650.0,-0.07915071,1.0714223,225,0
atitlan,2026-04-13,699150.0,1624650.0,-0.07600384,1.2135665,225,0
atitlan,2026-04-13,699450.0,1624650.0,-0.07697743,1.1725334,225,0
atitlan,2026-04-13,699750.0,1624650.0,-0.07504031,1.2685553,225,0
atitlan,2026-04-13,700050.0,1624650.0,-0.07166819,1.4544389,225,0
atitlan,2026-04-13,700350.0,1624650.0,-0.07083931,1.496654,225,0
atitlan,2026-04-13,700650.0,1624650.0,-0.07162017,1.453374,225,0
atitlan,2026-04-13,700950.0,1624650.0,-0.06968147,1.5586084,225,0
atitlan,2026-04-13,701250.0,1624650.0,-0.06535925,1.8040125,225,0
atitlan,2026-04-13,701550.0,1624650.0,-0.063580506,1.892447,225,0
atitlan,2026-04-13,701850.0,1624650.0,-0.057733092,2.1841564,225,0
atitlan,2026-04-13,702150.0,1624650.0,-0.056065056,2.2323458,225,0
atitlan,2026-04-13,702450.0,1624650.0,-0.030369733,3.0069406,225,0
atitlan,2026-04-13,702750.0,1624650.0,0.116417445,6.449427,225,0
atitlan,2026-04-13,703050.0,1624650.0,0.18692537,7.9743576,225,0
atitlan,2026-04-13,703350.0,1624650.0,0.19966288,8.310497,225,0
atitlan,2026-04-13,703650.0,1624650.0,0.18304366,9.375858,225,0
atitlan,2026-04-13,703950.0,1624650.0,0.20996131,11.403417,225,0
atitlan,2026-04-13,704250.0,1624650.0,0.2531601,14.903503,225,1
atitlan,2026-04-13,704550.0,1624650.0,0.23474984,13.909178,225,1
atitlan,2026-04-13,704850.0,1624650.0,0.24710673,14.701252,225,1
atitlan,2026-04-13,705150.0,1624650.0,0.13371651,11.033236,225,0
atitlan,2026-04-13,705450.0,1624650.0,0.12289733,6.8008003,225,0
atitlan,2026-04-13,705750.0,1624650.0,0.11921336,6.1877975,225,0
atitlan,2026-04-13,706050.0,1624650.0,0.10385507,5.4165354,225,0
atitlan,2026-04-13,706350.0,1624650.0,0.11009919,6.559677,225,0
atitlan,2026-04-13,706650.0,1624650.0,0.19091232,7.8881836,225,0
atitlan,2026-04-13,706950.0,1624650.0,0.22595018,10.001085,225,0
atitlan,2026-04-13,707250.0,1624650.0,0.16093975,8.40196,225,0
atitlan,2026-04-13,707550.0,1624650.0,0.15159132,8.663004,225,0
atitlan,2026-04-13,707850.0,1624650.0,0.15751702,8.417108,45,0
atitlan,2026-04-13,680250.0,1624950.0,0.3420423,26.024092,180,1
atitlan,2026-04-13,680550.0,1624950.0,0.24726297,16.848467,225,1
atitlan,2026-04-13,680850.0,1624950.0,0.25380033,15.622117,225,1
atitlan,2026-04-13,681150.0,1624950.0,0.26267204,18.045704,225,1
atitlan,2026-04-13,681450.0,1624950.0,0.26615393,16.844883,225,1
atitlan,2026-04-13,681750.0,1624950.0,0.21777377,14.215439,225,1
atitlan,2026-04-13,682050.0,1624950.0,0.25855252,15.669286,225,1
atitlan,2026-04-13,682350.0,1624950.0,0.20348786,10.791029,225,0
atitlan,2026-04-13,682650.0,1624950.0,0.26362747,13.1625595,225,1
atitlan,2026-04-13,682950.0,1624950.0,0.27548698,14.906618,225,1
atitlan,2026-04-13,683250.0,1624950.0,0.22373556,9.810955,225,0
atitlan,2026-04-13,683550.0,1624950.0,0.21781659,10.735928,225,0
atitlan,2026-04-13,683850.0,1624950.0,0.17267579,9.539822,225,0
atitlan,2026-04-13,684150.0,1624950.0,0.11122404,6.7707233,225,0
atitlan,2026-04-13,684450.0,1624950.0,0.07284928,5.589949,225,0
atitlan,2026-04-13,684750.0,1624950.0,0.14466473,8.444069,225,0
atitlan,2026-04-13,685050.0,1624950.0,0.21740079,10.495431,225,0
atitlan,2026-04-13,685350.0,1624950.0,0.19721828,12.473296,224,1
atitlan,2026-04-13,685650.0,1624950.0,0.0832285,6.3584747,225,0
atitlan,2026-04-13,685950.0,1624950.0,0.035808414,4.3527265,225,0
atitlan,2026-04-13,686250.0,1624950.0,0.0488223,4.8187175,225,0
atitlan,2026-04-13,686550.0,1624950.0,0.0867655,5.4746313,225,0
atitlan,2026-04-13,686850.0,1624950.0,-0.011463955,3.5146413,225,0
atitlan,2026-04-13,687150.0,1624950.0,-0.043296386,2.7757456,225,0
atitlan,2026-04-13,687450.0,1624950.0,-0.044519253,2.730413,225,0
atitlan,2026-04-13,687750.0,1624950.0,-0.044172566,2.7650075,225,0
atitlan,2026-04-13,688050.0,1624950.0,-0.03713112,3.025203,225,0
atitlan,2026-04-13,688350.0,1624950.0,-0.0382181,2.9957085,225,0
atitlan,2026-04-13,688650.0,1624950.0,-0.040073216,2.9209366,225,0
atitlan,2026-04-13,688950.0,1624950.0,-0.039587256,2.9456034,225,0
atitlan,2026-04-13,689250.0,1624950.0,-0.046278726,2.6890216,225,0
atitlan,2026-04-13,689550.0,1624950.0,-0.05110039,2.4781945,225,0
atitlan,2026-04-13,689850.0,1624950.0,-0.053387467,2.3734446,225,0
atitlan,2026-04-13,690150.0,1624950.0,-0.05350672,2.3636928,225,0
atitlan,2026-04-13,690450.0,1624950.0,-0.053624768,2.3561068,225,0
atitlan,2026-04-13,690750.0,1624950.0,-0.05742091,2.1772542,225,0
atitlan,2026-04-13,691050.0,1624950.0,-0.055287663,2.28825,225,0
atitlan,2026-04-13,691350.0,1624950.0,-0.054601245,2.3175974,225,0
atitlan,2026-04-13,691650.0,1624950.0,-0.06042715,2.0412297,225,0
atitlan,2026-04-13,691950.0,1624950.0,-0.055707186,2.266404,225,0
atitlan,2026-04-13,692250.0,1624950.0,-0.058558643,2.1361318,225,0
atitlan,2026-04-13,692550.0,1624950.0,-0.060713995,1.9999281,225,0
atitlan,2026-04-13,692850.0,1624950.0,-0.06182531,1.9688826,225,0
atitlan,2026-04-13,693150.0,1624950.0,-0.06521133,1.8039699,225,0
atitlan,2026-04-13,693450.0,1624950.0,-0.06345464,1.8940114,225,0
atitlan,2026-04-13,693750.0,1624950.0,-0.06673339,1.7207527,225,0
atitlan,2026-04-13,694050.0,1624950.0,-0.065138094,1.8088073,225,0
atitlan,2026-04-13,694350.0,1624950.0,-0.06490078,1.8245679,225,0
atitlan,2026-04-13,694650.0,1624950.0,-0.061310176,2.007057,225,0
atitlan,2026-04-13,694950.0,1624950.0,-0.0633793,1.9043999,225,0
atitlan,2026-04-13,695250.0,1624950.0,-0.06062524,2.0287936,225,0
atitlan,2026-04-13,695550.0,1624950.0,-0.06080628,2.0178967,225,0
atitlan,2026-04-13,695850.0,1624950.0,-0.06461385,1.8319399,225,0
atitlan,2026-04-13,696150.0,1624950.0,-0.06699714,1.7051989,225,0
atitlan,2026-04-13,696450.0,1624950.0,-0.06829735,1.6354568,225,0
atitlan,2026-04-13,696750.0,1624950.0,-0.07196068,1.4385139,225,0
atitlan,2026-04-13,697050.0,1624950.0,-0.07393855,1.3531946,225,0
atitlan,2026-04-13,697350.0,1624950.0,-0.08659751,0.7007076,225,0
atitlan,2026-04-13,697650.0,1624950.0,-0.083958305,0.8193383,225,0
atitlan,2026-04-13,697950.0,1624950.0,-0.07767948,1.1602587,225,0
atitlan,2026-04-13,698250.0,1624950.0,-0.07616651,1.2308155,225,0
atitlan,2026-04-13,698550.0,1624950.0,-0.08144858,0.9399024,225,0
atitlan,2026-04-13,698850.0,1624950.0,-0.07220311,1.4352306,225,0
atitlan,2026-04-13,699150.0,1624950.0,-0.073297575,1.3604261,225,0
atitlan,2026-04-13,699450.0,1624950.0,-0.07249165,1.4076195,225,0
atitlan,2026-04-13,699750.0,1624950.0,-0.07374183,1.3477209,225,0
atitlan,2026-04-13,700050.0,1624950.0,-0.07214922,1.4293811,225,0
atitlan,2026-04-13,700350.0,1624950.0,-0.073368825,1.3620406,225,0
atitlan,2026-04-13,700650.0,1624950.0,-0.07250522,1.414327,225,0
atitlan,2026-04-13,700950.0,1624950.0,-0.07008944,1.5510482,225,0
atitlan,2026-04-13,701250.0,1624950.0,-0.06693384,1.7165617,225,0
atitlan,2026-04-13,701550.0,1624950.0,-0.062298357,1.961459,225,0
atitlan,2026-04-13,701850.0,1624950.0,-0.056842238,2.2274754,225,0
atitlan,2026-04-13,702150.0,1624950.0,-0.05314212,2.3974605,225,0
atitlan,2026-04-13,702450.0,1624950.0,-0.05497715,2.269531,225,0
atitlan,2026-04-13,702750.0,1624950.0,0.06768573,5.6621513,225,0
atitlan,2026-04-13,703050.0,1624950.0,0.15035197,6.6456504,225,0
atitlan,2026-04-13,703350.0,1624950.0,0.16702779,7.418658,225,0
atitlan,2026-04-13,703650.0,1624950.0,0.15190226,7.7250156,225,0
atitlan,2026-04-13,703950.0,1624950.0,0.1722914,9.764034,225,0
atitlan,2026-04-13,704250.0,1624950.0,0.1607174,9.599464,225,0
atitlan,2026-04-13,704550.0,1624950.0,0.14813966,9.096116,225,0
atitlan,2026-04-13,704850.0,1624950.0,0.16889499,9.010908,225,0
atitlan,2026-04-13,705150.0,1624950.0,0.11168337,6.3384514,225,0
atitlan,2026-04-13,705450.0,1624950.0,0.17472441,9.515204,225,0
atitlan,2026-04-13,705750.0,1624950.0,0.13611127,7.8961325,225,0
atitlan,2026-04-13,706050.0,1624950.0,0.13855939,7.2664194,225,0
atitlan,2026-04-13,706350.0,1624950.0,0.158467,7.93022,225,0
atitlan,2026-04-13,706650.0,1624950.0,0.203791,9.59768,225,0
atitlan,2026-04-13,706950.0,1624950.0,0.21736203,9.705493,225,0
atitlan,2026-04-13,707250.0,1624950.0,0.16973099,8.057016,225,0
atitlan,2026-04-13,707550.0,1624950.0,0.15896049,8.84215,225,0
atitlan,2026-04-13,707850.0,1624950.0,0.17149352,8.578283,45,0
atitlan,2026-04-13,680250.0,1625250.0,0.31400415,22.20836,180,1
atitlan,2026-04-13,680550.0,1625250.0,0.2929107,22.701876,225,1
atitlan,2026-04-13,680850.0,1625250.0,0.25568947,16.070196,225,1
atitlan,2026-04-13,681150.0,1625250.0,0.29671052,19.634153,225,1
atitlan,2026-04-13,681450.0,1625250.0,0.28760412,18.27718,225,1
atitlan,2026-04-13,681750.0,1625250.0,0.2629662,16.14121,225,1
atitlan,2026-04-13,682050.0,1625250.0,0.29775375,19.685148,225,1
atitlan,2026-04-13,682350.0,1625250.0,0.28420213,18.434448,225,1
atitlan,2026-04-13,682650.0,1625250.0,0.2574425,12.516132,225,1
atitlan,2026-04-13,682950.0,1625250.0,0.25785056,12.826526,225,1
atitlan,2026-04-13,683250.0,1625250.0,0.24722545,11.780239,225,0
atitlan,2026-04-13,683550.0,1625250.0,0.19164997,9.662589,225,0
atitlan,2026-04-13,683850.0,1625250.0,0.10703605,6.6494665,225,0
atitlan,2026-04-13,684150.0,1625250.0,0.085202105,5.728619,225,0
atitlan,2026-04-13,684450.0,1625250.0,0.033016194,4.2571583,225,0
atitlan,2026-04-13,684750.0,1625250.0,0.08959875,5.9151015,225,0
atitlan,2026-04-13,685050.0,1625250.0,0.14933124,8.522112,225,0
atitlan,2026-04-13,685350.0,1625250.0,0.17047013,9.10863,225,0
atitlan,2026-04-13,685650.0,1625250.0,0.018227244,5.795091,225,0
atitlan,2026-04-13,685950.0,1625250.0,0.065924175,5.6817307,225,0
atitlan,2026-04-13,686250.0,1625250.0,0.11403288,7.5125136,225,0
atitlan,2026-04-13,686550.0,1625250.0,0.020126302,4.744792,225,0
atitlan,2026-04-13,686850.0,1625250.0,-0.04284279,2.8156705,225,0
atitlan,2026-04-13,687150.0,1625250.0,-0.0415853,2.8413897,225,0
atitlan,2026-04-13,687450.0,1625250.0,-0.04256106,2.8291106,225,0
atitlan,2026-04-13,687750.0,1625250.0,-0.04181576,2.8522272,225,0
atitlan,2026-04-13,688050.0,1625250.0,-0.039009918,2.9629893,225,0
atitlan,2026-04-13,688350.0,1625250.0,-0.037619896,3.0193305,225,0
atitlan,2026-04-13,688650.0,1625250.0,-0.04029819,2.9110358,225,0
atitlan,2026-04-13,688950.0,1625250.0,-0.043668255,2.781032,225,0
atitlan,2026-04-13,689250.0,1625250.0,-0.047021464,2.63981,225,0
atitlan,2026-04-13,689550.0,1625250.0,-0.050385956,2.4968266,225,0
atitlan,2026-04-13,689850.0,1625250.0,-0.050767086,2.4841175,225,0
atitlan,2026-04-13,690150.0,1625250.0,-0.047590576,2.62118,225,0
atitlan,2026-04-13,690450.0,1625250.0,-0.0483822,2.5899823,225,0
atitlan,2026-04-13,690750.0,1625250.0,-0.051343855,2.461554,225,0
atitlan,2026-04-13,691050.0,1625250.0,-0.057535846,2.1867087,225,0
atitlan,2026-04-13,691350.0,1625250.0,-0.056363538,2.2417583,225,0
atitlan,2026-04-13,691650.0,1625250.0,-0.05976785,2.0722158,225,0
atitlan,2026-04-13,691950.0,1625250.0,-0.062267356,1.9567208,225,0
atitlan,2026-04-13,692250.0,1625250.0,-0.06243826,1.9342526,225,0
atitlan,2026-04-13,692550.0,1625250.0,-0.0654158,1.7825518,225,0
atitlan,2026-04-13,692850.0,1625250.0,-0.06207335,1.9446888,225,0
atitlan,2026-04-13,693150.0,1625250.0,-0.06296817,1.9235135,225,0
atitlan,2026-04-13,693450.0,1625250.0,-0.062110756,1.9574457,225,0
atitlan,2026-04-13,693750.0,1625250.0,-0.063580975,1.8830991,225,0
atitlan,2026-04-13,694050.0,1625250.0,-0.06408168,1.8573811,225,0
atitlan,2026-04-13,694350.0,1625250.0,-0.062342346,1.9516387,225,0
atitlan,2026-04-13,694650.0,1625250.0,-0.06161157,1.9868956,225,0
atitlan,2026-04-13,694950.0,1625250.0,-0.063604176,1.8863126,225,0
atitlan,2026-04-13,695250.0,1625250.0,-0.06395897,1.8638903,225,0
atitlan,2026-04-13,695550.0,1625250.0,-0.062258326,1.9557279,225,0
atitlan,2026-04-13,695850.0,1625250.0,-0.062244266,1.9477384,225,0
atitlan,2026-04-13,696150.0,1625250.0,-0.06334676,1.8913217,225,0
atitlan,2026-04-13,696450.0,1625250.0,-0.06399276,1.8464667,225,0
atitlan,2026-04-13,696750.0,1625250.0,-0.06767069,1.6783804,225,0
atitlan,2026-04-13,697050.0,1625250.0,-0.06664412,1.6983654,225,0
atitlan,2026-04-13,697350.0,1625250.0,-0.07394691,1.327373,225,0
atitlan,2026-04-13,697650.0,1625250.0,-0.07758231,1.1354357,225,0
atitlan,2026-04-13,697950.0,1625250.0,-0.07558228,1.2408333,225,0
atitlan,2026-04-13,698250.0,1625250.0,-0.0758037,1.2517112,225,0
atitlan,2026-04-13,698550.0,1625250.0,-0.08185569,0.9495254,225,0
atitlan,2026-04-13,698850.0,1625250.0,-0.0765865,1.2122834,225,0
atitlan,2026-04-13,699150.0,1625250.0,-0.07801222,1.1207248,225,0
atitlan,2026-04-13,699450.0,1625250.0,-0.0725071,1.398931,225,0
atitlan,2026-04-13,699750.0,1625250.0,-0.073614806,1.3410155,225,0
atitlan,2026-04-13,700050.0,1625250.0,-0.08017883,1.0296446,225,0
atitlan,2026-04-13,700350.0,1625250.0,-0.08045544,0.989816,225,0
atitlan,2026-04-13,700650.0,1625250.0,-0.07226552,1.4213673,225,0
atitlan,2026-04-13,700950.0,1625250.0,-0.070803,1.5167629,225,0
atitlan,2026-04-13,701250.0,1625250.0,-0.06645111,1.7440026,225,0
atitlan,2026-04-13,701550.0,1625250.0,-0.06292731,1.935603,225,0
atitlan,2026-04-13,701850.0,1625250.0,-0.05865242,2.1433532,225,0
atitlan,2026-04-13,702150.0,1625250.0,-0.055451535,2.290673,225,0
atitlan,2026-04-13,702450.0,1625250.0,-0.05448936,2.3341875,225,0
atitlan,2026-04-13,702750.0,1625250.0,0.03656682,4.7652483,225,0
atitlan,2026-04-13,703050.0,1625250.0,0.12752986,6.261107,225,0
atitlan,2026-04-13,703350.0,1625250.0,0.101326525,5.5053167,225,0
atitlan,2026-04-13,703650.0,1625250.0,0.12597336,7.207105,225,0
atitlan,2026-04-13,703950.0,1625250.0,0.12727016,7.5937624,225,0
atitlan,2026-04-13,704250.0,1625250.0,0.13911532,8.419212,225,0
atitlan,2026-04-13,704550.0,1625250.0,0.12714343,8.446164,225,0
atitlan,2026-04-13,704850.0,1625250.0,0.20443696,10.094154,225,0
atitlan,2026-04-13,705150.0,1625250.0,0.15615849,7.49475,225,0
atitlan,2026-04-13,705450.0,1625250.0,0.110906586,6.7486877,225,0
atitlan,2026-04-13,705750.0,1625250.0,0.12234576,7.6645627,225,0
atitlan,2026-04-13,706050.0,1625250.0,0.13972272,7.8232465,225,0
atitlan,2026-04-13,706350.0,1625250.0,0.19970934,10.474206,225,0
atitlan,2026-04-13,706650.0,1625250.0,0.21230792,9.804337,225,0
atitlan,2026-04-13,706950.0,1625250.0,0.16998178,8.281398,225,0
atitlan,2026-04-13,707250.0,1625250.0,0.14015853,7.7399826,225,0
atitlan,2026-04-13,707550.0,1625250.0,0.16828038,9.751007,225,0
atitlan,2026-04-13,707850.0,1625250.0,0.216878,11.988931,45,0
atitlan,2026-04-13,680250.0,1625550.0,0.27569133,16.30141,180,1
atitlan,2026-04-13,680550.0,1625550.0,0.33070174,23.348225,225,1
atitlan,2026-04-13,680850.0,1625550.0,0.31115502,22.20219,225,1
atitlan,2026-04-13,681150.0,1625550.0,0.2660208,18.634039,225,1
atitlan,2026-04-13,681450.0,1625550.0,0.24947421,16.527428,225,1
atitlan,2026-04-13,681750.0,1625550.0,0.23450309,14.570171,225,1
atitlan,2026-04-13,682050.0,1625550.0,0.2628722,16.017374,225,1
atitlan,2026-04-13,682350.0,1625550.0,0.23268034,12.074927,225,1
atitlan,2026-04-13,682650.0,1625550.0,0.23030765,10.632403,225,0
atitlan,2026-04-13,682950.0,1625550.0,0.2387529,10.775901,225,0
atitlan,2026-04-13,683250.0,1625550.0,0.24814714,11.702018,225,0
atitlan,2026-04-13,683550.0,1625550.0,0.24101707,11.9472685,225,0
atitlan,2026-04-13,683850.0,1625550.0,0.18847497,9.576441,225,0
atitlan,2026-04-13,684150.0,1625550.0,0.11715175,7.3911576,225,0
atitlan,2026-04-13,684450.0,1625550.0,0.09473603,6.456405,225,0
atitlan,2026-04-13,684750.0,1625550.0,0.114670314,7.602991,225,0
atitlan,2026-04-13,685050.0,1625550.0,-0.032775562,2.9870954,225,0
atitlan,2026-04-13,685350.0,1625550.0,-0.00839224,3.638143,225,0
atitlan,2026-04-13,685650.0,1625550.0,-0.0442865,2.719059,225,0
atitlan,2026-04-13,685950.0,1625550.0,-0.01897626,3.292844,225,0
atitlan,2026-04-13,686250.0,1625550.0,0.062700436,5.6490355,225,0
atitlan,2026-04-13,686550.0,1625550.0,-0.03573242,3.0459485,225,0
atitlan,2026-04-13,686850.0,1625550.0,-0.036258213,3.072716,225,0
atitlan,2026-04-13,687150.0,1625550.0,-0.04106214,2.8727384,225,0
atitlan,2026-04-13,687450.0,1625550.0,-0.044312228,2.7662456,225,0
atitlan,2026-04-13,687750.0,1625550.0,-0.045031104,2.7162144,225,0
atitlan,2026-04-13,688050.0,1625550.0,-0.039514087,2.930169,225,0
atitlan,2026-04-13,688350.0,1625550.0,-0.03774202,2.99656,225,0
atitlan,2026-04-13,688650.0,1625550.0,-0.041296683,2.872189,225,0
atitlan,2026-04-13,688950.0,1625550.0,-0.044535298,2.7522302,225,0
atitlan,2026-04-13,689250.0,1625550.0,-0.047840703,2.619392,225,0
atitlan,2026-04-13,689550.0,1625550.0,-0.05122911,2.4626,225,0
atitlan,2026-04-13,689850.0,1625550.0,-0.050672073,2.4841187,225,0
atitlan,2026-04-13,690150.0,1625550.0,-0.04398039,2.7510905,225,0
atitlan,2026-04-13,690450.0,1625550.0,-0.046500918,2.652784,225,0
atitlan,2026-04-13,690750.0,1625550.0,-0.05118294,2.4711463,225,0
atitlan,2026-04-13,691050.0,1625550.0,-0.053081367,2.3920202,225,0
atitlan,2026-04-13,691350.0,1625550.0,-0.05446006,2.324142,225,0
atitlan,2026-04-13,691650.0,1625550.0,-0.05639862,2.2318494,225,0
atitlan,2026-04-13,691950.0,1625550.0,-0.05702475,2.2062385,225,0
atitlan,2026-04-13,692250.0,1625550.0,-0.058006506,2.1598907,225,0
atitlan,2026-04-13,692550.0,1625550.0,-0.0587906,2.1329527,225,0
atitlan,2026-04-13,692850.0,1625550.0,-0.05851496,2.1314359,225,0
atitlan,2026-04-13,693150.0,1625550.0,-0.05873572,2.125663,225,0
atitlan,2026-04-13,693450.0,1625550.0,-0.06326459,1.9021524,225,0
atitlan,2026-04-13,693750.0,1625550.0,-0.0635719,1.8898412,225,0
atitlan,2026-04-13,694050.0,1625550.0,-0.06325953,1.9020158,225,0
atitlan,2026-04-13,694350.0,1625550.0,-0.06200708,1.9652977,225,0
atitlan,2026-04-13,694650.0,1625550.0,-0.06108622,2.0159245,225,0
atitlan,2026-04-13,694950.0,1625550.0,-0.061310034,2.0118752,225,0
atitlan,2026-04-13,695250.0,1625550.0,-0.060818397,2.030891,225,0
atitlan,2026-04-13,695550.0,1625550.0,-0.060756955,2.0410976,225,0
atitlan,2026-04-13,695850.0,1625550.0,-0.062027637,1.9719324,225,0
atitlan,2026-04-13,696150.0,1625550.0,-0.061303888,2.0066028,225,0
atitlan,2026-04-13,696450.0,1625550.0,-0.059678882,2.0876753,225,0
atitlan,2026-04-13,696750.0,1625550.0,-0.06134675,1.991067,225,0
atitlan,2026-04-13,697050.0,1625550.0,-0.06666195,1.7104985,225,0
atitlan,2026-04-13,697350.0,1625550.0,-0.06466937,1.7948717,225,0
atitlan,2026-04-13,697650.0,1625550.0,-0.06975279,1.54439,225,0
atitlan,2026-04-13,697950.0,1625550.0,-0.07709444,1.1429949,225,0
atitlan,2026-04-13,698250.0,1625550.0,-0.06985479,1.5455955,225,0
atitlan,2026-04-13,698550.0,1625550.0,-0.06933401,1.619577,225,0
atitlan,2026-04-13,698850.0,1625550.0,-0.0770337,1.181463,225,0
atitlan,2026-04-13,699150.0,1625550.0,-0.07877008,1.0974174,225,0
atitlan,2026-04-13,699450.0,1625550.0,-0.06989545,1.5356987,225,0
atitlan,2026-04-13,699750.0,1625550.0,-0.07046457,1.5445253,225,0
atitlan,2026-04-13,700050.0,1625550.0,-0.07474314,1.3265609,225,0
atitlan,2026-04-13,700350.0,1625550.0,-0.08105138,1.0062307,225,0
atitlan,2026-04-13,700650.0,1625550.0,-0.07661265,1.1844083,225,0
atitlan,2026-04-13,700950.0,1625550.0,-0.07424934,1.3070302,225,0
atitlan,2026-04-13,701250.0,1625550.0,-0.06592967,1.7698319,225,0
atitlan,2026-04-13,701550.0,1625550.0,-0.061847202,1.9841721,225,0
atitlan,2026-04-13,701850.0,1625550.0,-0.05938323,2.1117468,225,0
atitlan,2026-04-13,702150.0,1625550.0,-0.059075624,2.1151283,225,0
atitlan,2026-04-13,702450.0,1625550.0,0.013881504,4.2179723,225,0
atitlan,2026-04-13,702750.0,1625550.0,0.098519444,5.9303102,225,0
atitlan,2026-04-13,703050.0,1625550.0,0.15158588,6.695616,225,0
atitlan,2026-04-13,703350.0,1625550.0,0.14170997,6.486382,225,0
atitlan,2026-04-13,703650.0,1625550.0,0.14128666,7.324917,225,0
atitlan,2026-04-13,703950.0,1625550.0,0.13989776,8.271466,225,0
atitlan,2026-04-13,704250.0,1625550.0,0.09201981,6.6652412,225,0
atitlan,2026-04-13,704550.0,1625550.0,0.09833201,6.4030323,225,0
atitlan,2026-04-13,704850.0,1625550.0,0.13628186,8.519551,225,0
atitlan,2026-04-13,705150.0,1625550.0,0.1173524,8.585443,225,0
atitlan,2026-04-13,705450.0,1625550.0,0.15633737,8.385242,225,0
atitlan,2026-04-13,705750.0,1625550.0,0.16859536,9.9666,225,0
atitlan,2026-04-13,706050.0,1625550.0,0.13380627,7.482799,225,0
atitlan,2026-04-13,706350.0,1625550.0,0.21142304,9.908543,225,0
atitlan,2026-04-13,706650.0,1625550.0,0.22197342,10.473033,225,0
atitlan,2026-04-13,706950.0,1625550.0,0.22471088,12.420574,225,1
atitlan,2026-04-13,707250.0,1625550.0,0.19452445,11.118164,225,0
atitlan,2026-04-13,707550.0,1625550.0,0.10281927,5.771804,225,0
atitlan,2026-04-13,707850.0,1625550.0,0.10240479,5.425944,45,0
atitlan,2026-04-13,680250.0,1625850.0,0.3017651,18.421658,180,1
atitlan,2026-04-13,680550.0,1625850.0,0.26532423,15.57911,225,1
atitlan,2026-04-13,680850.0,1625850.0,0.27928314,17.44775,225,1
atitlan,2026-04-13,681150.0,1625850.0,0.31204516,21.83036,225,1
atitlan,2026-04-13,681450.0,1625850.0,0.24008223,16.080114,225,1
atitlan,2026-04-13,681750.0,1625850.0,0.27014878,19.462292,225,1
atitlan,2026-04-13,682050.0,1625850.0,0.25437453,15.64093,225,1
atitlan,2026-04-13,682350.0,1625850.0,0.24790202,13.419014,225,1
atitlan,2026-04-13,682650.0,1625850.0,0.2401817,11.140732,225,0
atitlan,2026-04-13,682950.0,1625850.0,0.2873654,16.07546,225,1
atitlan,2026-04-13,683250.0,1625850.0,0.24515544,11.263246,225,0
atitlan,2026-04-13,683550.0,1625850.0,0.2431536,11.0930395,225,0
atitlan,2026-04-13,683850.0,1625850.0,0.23879877,10.851729,225,0
atitlan,2026-04-13,684150.0,1625850.0,0.16574393,8.077587,225,0
atitlan,2026-04-13,684450.0,1625850.0,0.17572029,9.19199,225,0
atitlan,2026-04-13,684750.0,1625850.0,0.031306703,4.7976623,225,0
atitlan,2026-04-13,685050.0,1625850.0,-0.041518994,2.8525324,225,0
atitlan,2026-04-13,685350.0,1625850.0,-0.03565683,3.0700593,225,0
atitlan,2026-04-13,685650.0,1625850.0,-0.03670729,3.049767,225,0
atitlan,2026-04-13,685950.0,1625850.0,-0.04085174,2.86903,225,0
atitlan,2026-04-13,686250.0,1625850.0,-0.040993422,2.8459928,225,0
atitlan,2026-04-13,686550.0,1625850.0,-0.041375563,2.8586845,225,0
atitlan,2026-04-13,686850.0,1625850.0,-0.03740467,3.0270193,225,0
atitlan,2026-04-13,687150.0,1625850.0,-0.044461098,2.745835,225,0
atitlan,2026-04-13,687450.0,1625850.0,-0.043189548,2.7885404,225,0
atitlan,2026-04-13,687750.0,1625850.0,-0.046409477,2.6680038,225,0
atitlan,2026-04-13,688050.0,1625850.0,-0.04076528,2.8615494,225,0
atitlan,2026-04-13,688350.0,1625850.0,-0.038437087,2.979359,225,0
atitlan,2026-04-13,688650.0,1625850.0,-0.044138703,2.7734315,225,0
atitlan,2026-04-13,688950.0,1625850.0,-0.04708091,2.652608,225,0
atitlan,2026-04-13,689250.0,1625850.0,-0.048169747,2.6018467,225,0
atitlan,2026-04-13,689550.0,1625850.0,-0.045986265,2.6683002,225,0
atitlan,2026-04-13,689850.0,1625850.0,-0.04661787,2.651524,225,0
atitlan,2026-04-13,690150.0,1625850.0,-0.04655591,2.6672895,225,0
atitlan,2026-04-13,690450.0,1625850.0,-0.042729232,2.826969,225,0
atitlan,2026-04-13,690750.0,1625850.0,-0.045759834,2.7205718,225,0
atitlan,2026-04-13,691050.0,1625850.0,-0.049456783,2.5585437,225,0
atitlan,2026-04-13,691350.0,1625850.0,-0.053498372,2.3864462,225,0
atitlan,2026-04-13,691650.0,1625850.0,-0.054726314,2.3240104,225,0
atitlan,2026-04-13,691950.0,1625850.0,-0.055624582,2.2714677,225,0
atitlan,2026-04-13,692250.0,1625850.0,-0.055814493,2.2566462,225,0
atitlan,2026-04-13,692550.0,1625850.0,-0.057245508,2.1913352,225,0
atitlan,2026-04-13,692850.0,1625850.0,-0.059221447,2.1061907,225,0
atitlan,2026-04-13,693150.0,1625850.0,-0.058602475,2.129587,225,0
atitlan,2026-04-13,693450.0,1625850.0,-0.058944352,2.1212275,225,0
atitlan,2026-04-13,693750.0,1625850.0,-0.06164419,1.994607,225,0
atitlan,2026-04-13,694050.0,1625850.0,-0.060718197,2.0349164,225,0
atitlan,2026-04-13,694350.0,1625850.0,-0.059244465,2.122026,225,0
atitlan,2026-04-13,694650.0,1625850.0,-0.06168655,1.9931669,225,0
atitlan,2026-04-13,694950.0,1625850.0,-0.06306899,1.9228729,225,0
atitlan,2026-04-13,695250.0,1625850.0,-0.06406381,1.8589743,225,0
atitlan,2026-04-13,695550.0,1625850.0,-0.06557848,1.7850559,225,0
atitlan,2026-04-13,695850.0,1625850.0,-0.064614154,1.8371994,225,0
atitlan,2026-04-13,696150.0,1625850.0,-0.06468197,1.8328515,225,0
atitlan,2026-04-13,696450.0,1625850.0,-0.063549146,1.9003631,225,0
atitlan,2026-04-13,696750.0,1625850.0,-0.060780942,2.0377684,225,0
atitlan,2026-04-13,697050.0,1625850.0,-0.05684624,2.2214098,225,0
atitlan,2026-04-13,697350.0,1625850.0,-0.05876928,2.1337001,225,0
atitlan,2026-04-13,697650.0,1625850.0,-0.066391565,1.7394526,225,0
atitlan,2026-04-13,697950.0,1625850.0,-0.06781711,1.6704704,225,0
atitlan,2026-04-13,698250.0,1625850.0,-0.06475395,1.8254136,225,0
atitlan,2026-04-13,698550.0,1625850.0,-0.07255444,1.3994778,225,0
atitlan,2026-04-13,698850.0,1625850.0,-0.06984527,1.5320718,225,0
atitlan,2026-04-13,699150.0,1625850.0,-0.06903701,1.5781289,225,0
atitlan,2026-04-13,699450.0,1625850.0,-0.071228005,1.4813387,225,0
atitlan,2026-04-13,699750.0,1625850.0,-0.0745521,1.3047727,225,0
atitlan,2026-04-13,700050.0,1625850.0,-0.06956269,1.5706291,225,0
atitlan,2026-04-13,700350.0,1625850.0,-0.076855175,1.1845514,225,0
atitlan,2026-04-13,700650.0,1625850.0,-0.08039038,0.99958766,225,0
atitlan,2026-04-13,700950.0,1625850.0,-0.074601896,1.2880011,225,0
atitlan,2026-04-13,701250.0,1625850.0,-0.07031069,1.5317966,225,0
atitlan,2026-04-13,701550.0,1625850.0,-0.06318217,1.8929412,225,0
atitlan,2026-04-13,701850.0,1625850.0,0.0009778299,3.7069404,225,0
atitlan,2026-04-13,702150.0,1625850.0,0.06540446,5.271689,225,0
atitlan,2026-04-13,702450.0,1625850.0,0.13823783,6.9413686,225,0
atitlan,2026-04-13,702750.0,1625850.0,0.15126033,6.4705787,225,0
atitlan,2026-04-13,703050.0,1625850.0,0.14427507,6.6445365,225,0
atitlan,2026-04-13,703350.0,1625850.0,0.15638708,6.4957027,225,0
atitlan,2026-04-13,703650.0,1625850.0,0.15924047,8.154754,225,0
atitlan,2026-04-13,703950.0,1625850.0,0.14274988,8.5601845,225,0
atitlan,2026-04-13,704250.0,1625850.0,0.15372147,8.622784,225,0
atitlan,2026-04-13,704550.0,1625850.0,0.1470032,8.36798,225,0
atitlan,2026-04-13,704850.0,1625850.0,0.08293725,6.296269,225,0
atitlan,2026-04-13,705150.0,1625850.0,0.13758159,8.408244,225,0
atitlan,2026-04-13,705450.0,1625850.0,0.16771364,8.621643,225,0
atitlan,2026-04-13,705750.0,1625850.0,0.111288466,7.3536725,225,0
atitlan,2026-04-13,706050.0,1625850.0,0.0932997,5.812041,225,0
atitlan,2026-04-13,706350.0,1625850.0,0.15177594,7.257933,225,0
atitlan,2026-04-13,706650.0,1625850.0,0.17444731,7.237411,225,0
atitlan,2026-04-13,706950.0,1625850.0,0.20882994,9.848324,225,0
atitlan,2026-04-13,707250.0,1625850.0,0.20607294,10.440453,225,0
atitlan,2026-04-13,707550.0,1625850.0,0.17469245,9.499331,225,0
atitlan,2026-04-13,707850.0,1625850.0,0.15816851,8.164125,45,0
atitlan,2026-04-13,680250.0,1626150.0,0.2952279,17.172869,180,1
atitlan,2026-04-13,680550.0,1626150.0,0.2813211,16.094995,225,1
atitlan,2026-04-13,680850.0,1626150.0,0.30857864,21.703693,225,1
atitlan,2026-04-13,681150.0,1626150.0,0.27455652,18.931211,225,1
atitlan,2026-04-13,681450.0,1626150.0,0.31470463,20.47082,225,1
atitlan,2026-04-13,681750.0,1626150.0,0.26853415,17.84039,225,1
atitlan,2026-04-13,682050.0,1626150.0,0.22086067,11.307052,225,0
atitlan,2026-04-13,682350.0,1626150.0,0.24016769,11.25442,225,0
atitlan,2026-04-13,682650.0,1626150.0,0.23281072,11.224938,225,0
atitlan,2026-04-13,682950.0,1626150.0,0.27736408,14.747606,225,1
atitlan,2026-04-13,683250.0,1626150.0,0.23473936,11.124029,225,0
atitlan,2026-04-13,683550.0,1626150.0,0.21830602,9.70123,225,0
atitlan,2026-04-13,683850.0,1626150.0,0.2275,9.966167,225,0
atitlan,2026-04-13,684150.0,1626150.0,0.19297227,8.631135,225,0
atitlan,2026-04-13,684450.0,1626150.0,0.097956136,6.414014,225,0
atitlan,2026-04-13,684750.0,1626150.0,-0.036366586,3.0487404,225,0
atitlan,2026-04-13,685050.0,1626150.0,-0.03852792,2.9708765,225,0
atitlan,2026-04-13,685350.0,1626150.0,-0.040717836,2.8655763,225,0
atitlan,2026-04-13,685650.0,1626150.0,-0.04299529,2.7593265,225,0
atitlan,2026-04-13,685950.0,1626150.0,-0.052848566,2.340607,225,0
atitlan,2026-04-13,686250.0,1626150.0,-0.052100815,2.4028614,225,0
atitlan,2026-04-13,686550.0,1626150.0,-0.046263408,2.6597557,225,0
atitlan,2026-04-13,686850.0,1626150.0,-0.038590934,2.963713,225,0
atitlan,2026-04-13,687150.0,1626150.0,-0.039011177,2.9616916,225,0
atitlan,2026-04-13,687450.0,1626150.0,-0.044025708,2.7487767,225,0
atitlan,2026-04-13,687750.0,1626150.0,-0.04685198,2.6275668,225,0
atitlan,2026-04-13,688050.0,1626150.0,-0.04644683,2.6419377,225,0
atitlan,2026-04-13,688350.0,1626150.0,-0.039035093,2.969282,225,0
atitlan,2026-04-13,688650.0,1626150.0,-0.0414779,2.879028,225,0
atitlan,2026-04-13,688950.0,1626150.0,-0.04311988,2.8034687,225,0
atitlan,2026-04-13,689250.0,1626150.0,-0.042067736,2.840011,225,0
atitlan,2026-04-13,689550.0,1626150.0,-0.042435985,2.8266685,225,0
atitlan,2026-04-13,689850.0,1626150.0,-0.041278094,2.8906527,225,0
atitlan,2026-04-13,690150.0,1626150.0,-0.04525335,2.7231936,225,0
atitlan,2026-04-13,690450.0,1626150.0,-0.04165985,2.850255,225,0
atitlan,2026-04-13,690750.0,1626150.0,-0.04255466,2.833412,225,0
atitlan,2026-04-13,691050.0,1626150.0,-0.047657616,2.6136935,225,0
atitlan,2026-04-13,691350.0,1626150.0,-0.048332438,2.593847,225,0
atitlan,2026-04-13,691650.0,1626150.0,-0.049317975,2.5568929,225,0
atitlan,2026-04-13,691950.0,1626150.0,-0.047194567,2.6482944,225,0
atitlan,2026-04-13,692250.0,1626150.0,-0.0513931,2.4792511,225,0
atitlan,2026-04-13,692550.0,1626150.0,-0.05241237,2.4400318,225,0
atitlan,2026-04-13,692850.0,1626150.0,-0.054751117,2.3323026,225,0
atitlan,2026-04-13,693150.0,1626150.0,-0.05833633,2.1406903,225,0
atitlan,2026-04-13,693450.0,1626150.0,-0.06377135,1.8729693,225,0
atitlan,2026-04-13,693750.0,1626150.0,-0.06208987,1.9672341,225,0
atitlan,2026-04-13,694050.0,1626150.0,-0.06322341,1.9031887,225,0
atitlan,2026-04-13,694350.0,1626150.0,-0.058198813,2.1589818,225,0
atitlan,2026-04-13,694650.0,1626150.0,-0.059804052,2.0951083,225,0
atitlan,2026-04-13,694950.0,1626150.0,-0.06229441,1.9645782,225,0
atitlan,2026-04-13,695250.0,1626150.0,-0.060738996,2.0339038,225,0
atitlan,2026-04-13,695550.0,1626150.0,-0.063585244,1.8951902,225,0
atitlan,2026-04-13,695850.0,1626150.0,-0.06417412,1.8633659,225,0
atitlan,2026-04-13,696150.0,1626150.0,-0.0634845,1.8963358,225,0
atitlan,2026-04-13,696450.0,1626150.0,-0.063909665,1.8804132,225,0
atitlan,2026-04-13,696750.0,1626150.0,-0.06370845,1.8816191,225,0
atitlan,2026-04-13,697050.0,1626150.0,-0.05940843,2.0951228,225,0
atitlan,2026-04-13,697350.0,1626150.0,-0.05919116,2.1232364,225,0
atitlan,2026-04-13,697650.0,1626150.0,-0.06302268,1.9298329,225,0
atitlan,2026-04-13,697950.0,1626150.0,-0.06254872,1.9468297,225,0
atitlan,2026-04-13,698250.0,1626150.0,-0.06250184,1.942296,225,0
atitlan,2026-04-13,698550.0,1626150.0,-0.065578446,1.7885351,225,0
atitlan,2026-04-13,698850.0,1626150.0,-0.06751801,1.6729275,225,0
atitlan,2026-04-13,699150.0,1626150.0,-0.06656431,1.7062263,225,0
atitlan,2026-04-13,699450.0,1626150.0,-0.07715355,1.1928215,225,0
atitlan,2026-04-13,699750.0,1626150.0,-0.07769222,1.1821805,225,0
atitlan,2026-04-13,700050.0,1626150.0,-0.08180429,0.9899001,225,0
atitlan,2026-04-13,700350.0,1626150.0,-0.07118465,1.4612191,225,0
atitlan,2026-04-13,700650.0,1626150.0,-0.07388252,1.3464288,225,0
atitlan,2026-04-13,700950.0,1626150.0,-0.06871307,1.6161456,225,0
atitlan,2026-04-13,701250.0,1626150.0,-0.042613562,2.7067323,225,0
atitlan,2026-04-13,701550.0,1626150.0,0.05569011,5.9547024,225,0
atitlan,2026-04-13,701850.0,1626150.0,0.14974558,6.3113236,225,0
atitlan,2026-04-13,702150.0,1626150.0,0.10838682,5.292692,225,0
atitlan,2026-04-13,702450.0,1626150.0,0.11679391,5.4786677,225,0
atitlan,2026-04-13,702750.0,1626150.0,0.16659379,7.0256567,225,0
atitlan,2026-04-13,703050.0,1626150.0,0.17573597,7.6117764,225,0
atitlan,2026-04-13,703350.0,1626150.0,0.14569438,7.172141,225,0
atitlan,2026-04-13,703650.0,1626150.0,0.15893912,8.864528,225,0
atitlan,2026-04-13,703950.0,1626150.0,0.16683897,8.779136,225,0
atitlan,2026-04-13,704250.0,1626150.0,0.22106823,11.7162075,225,0
atitlan,2026-04-13,704550.0,1626150.0,0.18080886,10.664963,225,0
atitlan,2026-04-13,704850.0,1626150.0,0.13314722,9.008725,225,0
atitlan,2026-04-13,705150.0,1626150.0,0.20517495,11.391683,225,0
atitlan,2026-04-13,705450.0,1626150.0,0.14346567,7.2784147,225,0
atitlan,2026-04-13,705750.0,1626150.0,0.09418667,6.6757355,225,0
atitlan,2026-04-13,706050.0,1626150.0,0.09589466,6.55077,225,0
atitlan,2026-04-13,706350.0,1626150.0,0.071917616,5.5082765,225,0
atitlan,2026-04-13,706650.0,1626150.0,0.19869244,8.960082,225,0
atitlan,2026-04-13,706950.0,1626150.0,0.1943212,8.602579,225,0
atitlan,2026-04-13,707250.0,1626150.0,0.23080803,14.269638,225,1
atitlan,2026-04-13,707550.0,1626150.0,0.19143073,11.0082035,225,0
atitlan,2026-04-13,707850.0,1626150.0,0.15042932,7.8700256,45,0
atitlan,2026-04-13,680250.0,1626450.0,0.2990243,17.52812,180,1
atitlan,2026-04-13,680550.0,1626450.0,0.29602405,17.399899,225,1
atitlan,2026-04-13,680850.0,1626450.0,0.26972044,14.916694,225,1
atitlan,2026-04-13,681150.0,1626450.0,0.29884467,18.580336,225,1
atitlan,2026-04-13,681450.0,1626450.0,0.27976665,19.324306,225,1
atitlan,2026-04-13,681750.0,1626450.0,0.28207794,18.143272,225,1
atitlan,2026-04-13,682050.0,1626450.0,0.2595102,14.831616,225,1
atitlan,2026-04-13,682350.0,1626450.0,0.25701806,13.649447,225,1
atitlan,2026-04-13,682650.0,1626450.0,0.24201514,11.048997,225,0
atitlan,2026-04-13,682950.0,1626450.0,0.22932339,10.554924,225,0
atitlan,2026-04-13,683250.0,1626450.0,0.24248067,11.52536,225,0
atitlan,2026-04-13,683550.0,1626450.0,0.23874517,11.038242,225,0
atitlan,2026-04-13,683850.0,1626450.0,0.20956814,9.232919,225,0
atitlan,2026-04-13,684150.0,1626450.0,0.18362623,7.9373937,225,0
atitlan,2026-04-13,684450.0,1626450.0,0.05823368,5.551554,225,0
atitlan,2026-04-13,684750.0,1626450.0,-0.03847624,2.9407017,225,0
atitlan,2026-04-13,685050.0,1626450.0,-0.038471602,2.906803,225,0
atitlan,2026-04-13,685350.0,1626450.0,-0.0388196,2.9788208,225,0
atitlan,2026-04-13,685650.0,1626450.0,-0.053506523,2.3460138,225,0
atitlan,2026-04-13,685950.0,1626450.0,-0.057933748,2.1448681,225,0
atitlan,2026-04-13,686250.0,1626450.0,-0.054342892,2.2911649,225,0
atitlan,2026-04-13,686550.0,1626450.0,-0.051168505,2.4442165,225,0
atitlan,2026-04-13,686850.0,1626450.0,-0.042848323,2.7717388,225,0
atitlan,2026-04-13,687150.0,1626450.0,-0.038493086,2.9726357,225,0
atitlan,2026-04-13,687450.0,1626450.0,-0.04341972,2.7520826,225,0
atitlan,2026-04-13,687750.0,1626450.0,-0.047486983,2.5757427,225,0
atitlan,2026-04-13,688050.0,1626450.0,-0.04012795,2.906353,225,0
atitlan,2026-04-13,688350.0,1626450.0,-0.040686525,2.9071038,225,0
atitlan,2026-04-13,688650.0,1626450.0,-0.040757887,2.8903127,225,0
atitlan,2026-04-13,688950.0,1626450.0,-0.038881358,2.969489,225,0
atitlan,2026-04-13,689250.0,1626450.0,-0.03795073,2.9890046,225,0
atitlan,2026-04-13,689550.0,1626450.0,-0.03903468,2.9778435,225,0
atitlan,2026-04-13,689850.0,1626450.0,-0.04045269,2.9218931,225,0
atitlan,2026-04-13,690150.0,1626450.0,-0.04156115,2.8758805,225,0
atitlan,2026-04-13,690450.0,1626450.0,-0.03991701,2.9353414,225,0
atitlan,2026-04-13,690750.0,1626450.0,-0.040412564,2.9164608,225,0
atitlan,2026-04-13,691050.0,1626450.0,-0.044155903,2.767889,225,0
atitlan,2026-04-13,691350.0,1626450.0,-0.046193548,2.6819818,225,0
atitlan,2026-04-13,691650.0,1626450.0,-0.050399244,2.5200663,225,0
atitlan,2026-04-13,691950.0,1626450.0,-0.05026043,2.5269446,225,0
atitlan,2026-04-13,692250.0,1626450.0,-0.054661818,2.3282504,225,0
atitlan,2026-04-13,692550.0,1626450.0,-0.052041646,2.4546258,225,0
atitlan,2026-04-13,692850.0,1626450.0,-0.054606058,2.34327,225,0
atitlan,2026-04-13,693150.0,1626450.0,-0.05829475,2.1610885,225,0
atitlan,2026-04-13,693450.0,1626450.0,-0.05609581,2.2648463,225,0
atitlan,2026-04-13,693750.0,1626450.0,-0.061474685,1.9845171,225,0
atitlan,2026-04-13,694050.0,1626450.0,-0.059823617,2.0844777,225,0
atitlan,2026-04-13,694350.0,1626450.0,-0.056650892,2.2364552,225,0
atitlan,2026-04-13,694650.0,1626450.0,-0.05904072,2.1208925,225,0
atitlan,2026-04-13,694950.0,1626450.0,-0.061715037,1.9909587,225,0
atitlan,2026-04-13,695250.0,1626450.0,-0.061023053,2.0159743,225,0
atitlan,2026-04-13,695550.0,1626450.0,-0.060064975,2.072587,225,0
atitlan,2026-04-13,695850.0,1626450.0,-0.061116293,2.0162463,225,0
atitlan,2026-04-13,696150.0,1626450.0,-0.06410392,1.86874,225,0
atitlan,2026-04-13,696450.0,1626450.0,-0.06575998,1.7853128,225,0
atitlan,2026-04-13,696750.0,1626450.0,-0.06261641,1.9460413,225,0
atitlan,2026-04-13,697050.0,1626450.0,-0.06312342,1.9178474,225,0
atitlan,2026-04-13,697350.0,1626450.0,-0.060888745,2.0291874,225,0
atitlan,2026-04-13,697650.0,1626450.0,-0.062139817,1.9684135,225,0
atitlan,2026-04-13,697950.0,1626450.0,-0.06533956,1.8085291,225,0
atitlan,2026-04-13,698250.0,1626450.0,-0.06400941,1.8643566,225,0
atitlan,2026-04-13,698550.0,1626450.0,-0.067830525,1.6599112,225,0
atitlan,2026-04-13,698850.0,1626450.0,-0.069058135,1.5942696,225,0
atitlan,2026-04-13,699150.0,1626450.0,-0.06795339,1.6532553,225,0
atitlan,2026-04-13,699450.0,1626450.0,-0.07287212,1.3882049,225,0
atitlan,2026-04-13,699750.0,1626450.0,-0.073343314,1.3639605,225,0
atitlan,2026-04-13,700050.0,1626450.0,-0.08341463,0.8966215,225,0
atitlan,2026-04-13,700350.0,1626450.0,-0.06926244,1.5412809,225,0
atitlan,2026-04-13,700650.0,1626450.0,-0.07188202,1.4581985,225,0
atitlan,2026-04-13,700950.0,1626450.0,-0.06684403,1.7266332,225,0
atitlan,2026-04-13,701250.0,1626450.0,0.091983944,7.5935664,225,0
atitlan,2026-04-13,701550.0,1626450.0,0.22121045,10.139592,225,0
atitlan,2026-04-13,701850.0,1626450.0,0.22542967,9.494354,225,0
atitlan,2026-04-13,702150.0,1626450.0,0.16020009,7.1448894,225,0
atitlan,2026-04-13,702450.0,1626450.0,0.11443911,5.6820016,225,0
atitlan,2026-04-13,702750.0,1626450.0,0.14996597,6.2754917,225,0
atitlan,2026-04-13,703050.0,1626450.0,0.1259684,6.427964,225,0
atitlan,2026-04-13,703350.0,1626450.0,0.16322085,7.573839,225,0
atitlan,2026-04-13,703650.0,1626450.0,0.16197067,8.459027,225,0
atitlan,2026-04-13,703950.0,1626450.0,0.15569462,8.494048,225,0
atitlan,2026-04-13,704250.0,1626450.0,0.18768704,9.062195,225,0
atitlan,2026-04-13,704550.0,1626450.0,0.10196036,8.312694,225,0
atitlan,2026-04-13,704850.0,1626450.0,0.10915348,6.9843373,225,0
atitlan,2026-04-13,705150.0,1626450.0,0.12285631,6.644772,225,0
atitlan,2026-04-13,705450.0,1626450.0,0.17204137,8.425188,225,0
atitlan,2026-04-13,705750.0,1626450.0,0.19634746,10.615285,225,0
atitlan,2026-04-13,706050.0,1626450.0,0.19339274,11.070571,225,0
atitlan,2026-04-13,706350.0,1626450.0,0.20840515,10.092881,225,0
atitlan,2026-04-13,706650.0,1626450.0,0.21958472,10.594687,225,0
atitlan,2026-04-13,706950.0,1626450.0,0.19355223,9.768038,225,0
atitlan,2026-04-13,707250.0,1626450.0,0.26126555,18.635647,225,1
atitlan,2026-04-13,707550.0,1626450.0,0.17313099,9.638409,225,0
atitlan,2026-04-13,707850.0,1626450.0,0.1529776,6.5871344,45,0
atitlan,2026-04-13,680250.0,1626750.0,0.29367045,16.4648,180,1
atitlan,2026-04-13,680550.0,1626750.0,0.26126912,12.622541,225,1
atitlan,2026-04-13,680850.0,1626750.0,0.25943577,13.174457,225,1
atitlan,2026-04-13,681150.0,1626750.0,0.30584958,18.756878,225,1
atitlan,2026-04-13,681450.0,1626750.0,0.26784965,17.201248,225,1
atitlan,2026-04-13,681750.0,1626750.0,0.2960887,19.562925,225,1
atitlan,2026-04-13,682050.0,1626750.0,0.21928346,14.537848,225,1
atitlan,2026-04-13,682350.0,1626750.0,0.26608157,17.343798,225,1
atitlan,2026-04-13,682650.0,1626750.0,0.28141055,18.19402,225,1
atitlan,2026-04-13,682950.0,1626750.0,0.29144922,19.797155,225,1
atitlan,2026-04-13,683250.0,1626750.0,0.3314942,24.155428,225,1
atitlan,2026-04-13,683550.0,1626750.0,0.27893847,16.238157,225,1
atitlan,2026-04-13,683850.0,1626750.0,0.24833705,12.866281,225,1
atitlan,2026-04-13,684150.0,1626750.0,0.21531872,9.218606,225,0
atitlan,2026-04-13,684450.0,1626750.0,0.20415132,9.319249,225,0
atitlan,2026-04-13,684750.0,1626750.0,0.07050352,6.078744,225,0
atitlan,2026-04-13,685050.0,1626750.0,-0.04807914,2.5494363,225,0
atitlan,2026-04-13,685350.0,1626750.0,-0.0395732,2.8320997,225,0
atitlan,2026-04-13,685650.0,1626750.0,-0.049460188,2.5035799,225,0
atitlan,2026-04-13,685950.0,1626750.0,-0.05177834,2.391389,225,0
atitlan,2026-04-13,686250.0,1626750.0,-0.05194216,2.393677,225,0
atitlan,2026-04-13,686550.0,1626750.0,-0.048071038,2.5737162,225,0
atitlan,2026-04-13,686850.0,1626750.0,-0.042801794,2.796787,225,0
atitlan,2026-04-13,687150.0,1626750.0,-0.042121276,2.8211417,225,0
atitlan,2026-04-13,687450.0,1626750.0,-0.04270127,2.792878,225,0
atitlan,2026-04-13,687750.0,1626750.0,-0.044107277,2.7296214,225,0
atitlan,2026-04-13,688050.0,1626750.0,-0.03999542,2.906873,225,0
atitlan,2026-04-13,688350.0,1626750.0,-0.039226014,2.939343,225,0
atitlan,2026-04-13,688650.0,1626750.0,-0.042200793,2.8261871,225,0
atitlan,2026-04-13,688950.0,1626750.0,-0.041850764,2.8513741,225,0
atitlan,2026-04-13,689250.0,1626750.0,-0.037364807,3.0127597,225,0
atitlan,2026-04-13,689550.0,1626750.0,-0.038217388,3.0130124,225,0
atitlan,2026-04-13,689850.0,1626750.0,-0.04085552,2.8983655,225,0
atitlan,2026-04-13,690150.0,1626750.0,-0.04552547,2.712646,225,0
atitlan,2026-04-13,690450.0,1626750.0,-0.042213514,2.8377576,225,0
atitlan,2026-04-13,690750.0,1626750.0,-0.04256332,2.8349812,225,0
atitlan,2026-04-13,691050.0,1626750.0,-0.044755388,2.756417,225,0
atitlan,2026-04-13,691350.0,1626750.0,-0.045884356,2.7118526,225,0
atitlan,2026-04-13,691650.0,1626750.0,-0.04710263,2.6587071,225,0
atitlan,2026-04-13,691950.0,1626750.0,-0.04616217,2.6932704,225,0
atitlan,2026-04-13,692250.0,1626750.0,-0.04853645,2.600156,225,0
atitlan,2026-04-13,692550.0,1626750.0,-0.04999651,2.5431802,225,0
atitlan,2026-04-13,692850.0,1626750.0,-0.053682122,2.3789415,225,0
atitlan,2026-04-13,693150.0,1626750.0,-0.056588724,2.235897,225,0
atitlan,2026-04-13,693450.0,1626750.0,-0.053434957,2.3903015,225,0
atitlan,2026-04-13,693750.0,1626750.0,-0.056338485,2.2508497,225,0
atitlan,2026-04-13,694050.0,1626750.0,-0.05652485,2.244735,225,0
atitlan,2026-04-13,694350.0,1626750.0,-0.05793245,2.1778955,225,0
atitlan,2026-04-13,694650.0,1626750.0,-0.060956128,2.0301852,225,0
atitlan,2026-04-13,694950.0,1626750.0,-0.06090363,2.037232,225,0
atitlan,2026-04-13,695250.0,1626750.0,-0.06076561,2.035288,225,0
atitlan,2026-04-13,695550.0,1626750.0,-0.060766492,2.027487,225,0
atitlan,2026-04-13,695850.0,1626750.0,-0.06212492,1.9547566,225,0
atitlan,2026-04-13,696150.0,1626750.0,-0.06438608,1.8491427,225,0
atitlan,2026-04-13,696450.0,1626750.0,-0.06565222,1.7840573,225,0
atitlan,2026-04-13,696750.0,1626750.0,-0.06442954,1.8510957,225,0
atitlan,2026-04-13,697050.0,1626750.0,-0.063645124,1.8901794,225,0
atitlan,2026-04-13,697350.0,1626750.0,-0.061722174,1.975393,225,0
atitlan,2026-04-13,697650.0,1626750.0,-0.061123423,2.0213463,225,0
atitlan,2026-04-13,697950.0,1626750.0,-0.06484434,1.8369151,225,0
atitlan,2026-04-13,698250.0,1626750.0,-0.059379157,2.097616,225,0
atitlan,2026-04-13,698550.0,1626750.0,-0.061101854,2.0036285,225,0
atitlan,2026-04-13,698850.0,1626750.0,-0.06240624,1.9341776,225,0
atitlan,2026-04-13,699150.0,1626750.0,-0.061601855,1.985649,225,0
atitlan,2026-04-13,699450.0,1626750.0,-0.07090392,1.5027742,225,0
atitlan,2026-04-13,699750.0,1626750.0,-0.068613,1.6162363,225,0
atitlan,2026-04-13,700050.0,1626750.0,-0.07497721,1.2861767,225,0
atitlan,2026-04-13,700350.0,1626750.0,-0.07601991,1.2342805,225,0
atitlan,2026-04-13,700650.0,1626750.0,-0.07855386,1.1021663,225,0
atitlan,2026-04-13,700950.0,1626750.0,-0.067020416,1.6927439,225,0
atitlan,2026-04-13,701250.0,1626750.0,0.056585506,6.098531,225,0
atitlan,2026-04-13,701550.0,1626750.0,0.23745547,10.256315,225,0
atitlan,2026-04-13,701850.0,1626750.0,0.22352022,9.220254,225,0
atitlan,2026-04-13,702150.0,1626750.0,0.23517422,10.4309635,225,0
atitlan,2026-04-13,702450.0,1626750.0,0.2212534,10.035727,225,0
atitlan,2026-04-13,702750.0,1626750.0,0.15538801,8.188418,225,0
atitlan,2026-04-13,703050.0,1626750.0,0.16580418,9.217064,225,0
atitlan,2026-04-13,703350.0,1626750.0,0.13849561,6.8317757,225,0
atitlan,2026-04-13,703650.0,1626750.0,0.13073537,6.7118363,225,0
atitlan,2026-04-13,703950.0,1626750.0,0.13794802,7.4118094,225,0
atitlan,2026-04-13,704250.0,1626750.0,0.1785972,8.023269,225,0
atitlan,2026-04-13,704550.0,1626750.0,0.2045025,11.026731,225,0
atitlan,2026-04-13,704850.0,1626750.0,0.15771694,9.450901,225,0
atitlan,2026-04-13,705150.0,1626750.0,0.16240005,8.548694,225,0
atitlan,2026-04-13,705450.0,1626750.0,0.13318703,6.3963985,225,0
atitlan,2026-04-13,705750.0,1626750.0,0.20145124,9.447883,225,0
atitlan,2026-04-13,706050.0,1626750.0,0.14486372,8.131792,225,0
atitlan,2026-04-13,706350.0,1626750.0,0.2219867,11.0324335,225,0
atitlan,2026-04-13,706650.0,1626750.0,0.24026725,11.394012,225,0
atitlan,2026-04-13,706950.0,1626750.0,0.26325542,13.287167,225,1
atitlan,2026-04-13,707250.0,1626750.0,0.23650122,12.037307,225,1
atitlan,2026-04-13,707550.0,1626750.0,0.20725206,9.083872,225,0
atitlan,2026-04-13,707850.0,1626750.0,0.16757874,8.428431,45,0
atitlan,2026-04-13,680250.0,1627050.0,0.337354,23.161865,180,1
atitlan,2026-04-13,680550.0,1627050.0,0.30589408,20.229284,225,1
atitlan,2026-04-13,680850.0,1627050.0,0.28927967,16.713892,225,1
atitlan,2026-04-13,681150.0,1627050.0,0.31990254,22.377485,225,1
atitlan,2026-04-13,681450.0,1627050.0,0.2685361,19.22293,225,1
atitlan,2026-04-13,681750.0,1627050.0,0.26791415,17.919746,225,1
atitlan,2026-04-13,682050.0,1627050.0,0.21782595,13.795699,225,1
atitlan,2026-04-13,682350.0,1627050.0,0.24302928,16.351553,225,1
atitlan,2026-04-13,682650.0,1627050.0,0.16173916,11.050315,225,0
atitlan,2026-04-13,682950.0,1627050.0,0.30807635,20.136318,225,1
atitlan,2026-04-13,683250.0,1627050.0,0.2824953,20.385086,225,1
atitlan,2026-04-13,683550.0,1627050.0,0.26770547,15.968142,225,1
atitlan,2026-04-13,683850.0,1627050.0,0.28713936,15.853387,225,1
atitlan,2026-04-13,684150.0,1627050.0,0.2593384,12.509687,225,1
atitlan,2026-04-13,684450.0,1627050.0,0.20697327,9.808622,225,0
atitlan,2026-04-13,684750.0,1627050.0,0.082995385,5.854102,225,0
atitlan,2026-04-13,685050.0,1627050.0,-0.013528361,3.4673414,225,0
atitlan,2026-04-13,685350.0,1627050.0,-0.045662746,2.6407928,225,0
atitlan,2026-04-13,685650.0,1627050.0,-0.046329442,2.6373348,225,0
atitlan,2026-04-13,685950.0,1627050.0,-0.044052083,2.738559,225,0
atitlan,2026-04-13,686250.0,1627050.0,-0.045378268,2.6804676,225,0
atitlan,2026-04-13,686550.0,1627050.0,-0.04391085,2.6787176,225,0
atitlan,2026-04-13,686850.0,1627050.0,-0.04368629,2.7649696,225,0
atitlan,2026-04-13,687150.0,1627050.0,-0.049243756,2.5338943,225,0
atitlan,2026-04-13,687450.0,1627050.0,-0.0543118,2.2968605,225,0
atitlan,2026-04-13,687750.0,1627050.0,-0.044607617,2.6829605,225,0
atitlan,2026-04-13,688050.0,1627050.0,-0.043074895,2.7670586,225,0
atitlan,2026-04-13,688350.0,1627050.0,-0.0453074,2.6762989,225,0
atitlan,2026-04-13,688650.0,1627050.0,-0.047637872,2.6302414,225,0
atitlan,2026-04-13,688950.0,1627050.0,-0.04544191,2.6913488,225,0
atitlan,2026-04-13,689250.0,1627050.0,-0.038118392,2.9835587,225,0
atitlan,2026-04-13,689550.0,1627050.0,-0.039487645,2.953837,225,0
atitlan,2026-04-13,689850.0,1627050.0,-0.03758479,3.021514,225,0
atitlan,2026-04-13,690150.0,1627050.0,-0.043235436,2.8096282,225,0
atitlan,2026-04-13,690450.0,1627050.0,-0.03999835,2.9219987,225,0
atitlan,2026-04-13,690750.0,1627050.0,-0.040480096,2.9259393,225,0
atitlan,2026-04-13,691050.0,1627050.0,-0.03924496,2.9742732,225,0
atitlan,2026-04-13,691350.0,1627050.0,-0.04297931,2.8153417,225,0
atitlan,2026-04-13,691650.0,1627050.0,-0.042612586,2.83163,225,0
atitlan,2026-04-13,691950.0,1627050.0,-0.043423116,2.8048308,225,0
atitlan,2026-04-13,692250.0,1627050.0,-0.043219507,2.8158846,225,0
atitlan,2026-04-13,692550.0,1627050.0,-0.051136512,2.4699335,225,0
atitlan,2026-04-13,692850.0,1627050.0,-0.056749072,2.2084925,225,0
atitlan,2026-04-13,693150.0,1627050.0,-0.057455778,2.187459,225,0
atitlan,2026-04-13,693450.0,1627050.0,-0.054920245,2.31369,225,0
atitlan,2026-04-13,693750.0,1627050.0,-0.057112608,2.2139554,225,0
atitlan,2026-04-13,694050.0,1627050.0,-0.05847326,2.1242073,225,0
atitlan,2026-04-13,694350.0,1627050.0,-0.061165325,2.0116584,225,0
atitlan,2026-04-13,694650.0,1627050.0,-0.0635248,1.8949578,225,0
atitlan,2026-04-13,694950.0,1627050.0,-0.06371237,1.8698328,225,0
atitlan,2026-04-13,695250.0,1627050.0,-0.06536161,1.7945197,225,0
atitlan,2026-04-13,695550.0,1627050.0,-0.06078556,2.0301619,225,0
atitlan,2026-04-13,695850.0,1627050.0,-0.060859352,2.0213575,225,0
atitlan,2026-04-13,696150.0,1627050.0,-0.06252579,1.950906,225,0
atitlan,2026-04-13,696450.0,1627050.0,-0.062548764,1.9501872,225,0
atitlan,2026-04-13,696750.0,1627050.0,-0.06244963,1.9564178,225,0
atitlan,2026-04-13,697050.0,1627050.0,-0.062208977,1.962894,225,0
atitlan,2026-04-13,697350.0,1627050.0,-0.05785603,2.1717377,225,0
atitlan,2026-04-13,697650.0,1627050.0,-0.057644114,2.1966252,225,0
atitlan,2026-04-13,697950.0,1627050.0,-0.05844338,2.14707,225,0
atitlan,2026-04-13,698250.0,1627050.0,-0.054374043,2.334427,225,0
atitlan,2026-04-13,698550.0,1627050.0,-0.059287522,2.1050606,225,0
atitlan,2026-04-13,698850.0,1627050.0,-0.06322531,1.9043628,225,0
atitlan,2026-04-13,699150.0,1627050.0,-0.066240355,1.7441984,225,0
atitlan,2026-04-13,699450.0,1627050.0,-0.06796282,1.655115,225,0
atitlan,2026-04-13,699750.0,1627050.0,-0.072347246,1.4153146,225,0
atitlan,2026-04-13,700050.0,1627050.0,-0.070968576,1.5105336,225,0
atitlan,2026-04-13,700350.0,1627050.0,-0.07657544,1.2000785,225,0
atitlan,2026-04-13,700650.0,1627050.0,-0.079312526,1.0643598,225,0
atitlan,2026-04-13,700950.0,1627050.0,-0.068247356,1.637157,225,0
atitlan,2026-04-13,701250.0,1627050.0,0.11942939,7.7309017,225,0
atitlan,2026-04-13,701550.0,1627050.0,0.23140448,9.68034,225,0
atitlan,2026-04-13,701850.0,1627050.0,0.22597371,11.189421,225,0
atitlan,2026-04-13,702150.0,1627050.0,0.28052217,15.495821,225,1
atitlan,2026-04-13,702450.0,1627050.0,0.23563927,11.148892,225,0
atitlan,2026-04-13,702750.0,1627050.0,0.21149845,10.307563,225,0
atitlan,2026-04-13,703050.0,1627050.0,0.23540518,13.138654,225,1
atitlan,2026-04-13,703350.0,1627050.0,0.17327625,9.71696,225,0
atitlan,2026-04-13,703650.0,1627050.0,0.1264518,7.0056357,225,0
atitlan,2026-04-13,703950.0,1627050.0,0.09749765,7.4933543,225,0
atitlan,2026-04-13,704250.0,1627050.0,0.15146057,8.453843,225,0
atitlan,2026-04-13,704550.0,1627050.0,0.22716288,11.251955,225,0
atitlan,2026-04-13,704850.0,1627050.0,0.21974091,11.741495,225,0
atitlan,2026-04-13,705150.0,1627050.0,0.15221089,9.0195465,225,0
atitlan,2026-04-13,705450.0,1627050.0,0.16656445,7.500161,225,0
atitlan,2026-04-13,705750.0,1627050.0,0.17383009,8.714667,225,0
atitlan,2026-04-13,706050.0,1627050.0,0.1870065,9.452606,225,0
atitlan,2026-04-13,706350.0,1627050.0,0.21008353,10.368628,225,0
atitlan,2026-04-13,706650.0,1627050.0,0.24512154,12.30498,225,1
atitlan,2026-04-13,706950.0,1627050.0,0.25169665,13.219332,225,1
atitlan,2026-04-13,707250.0,1627050.0,0.2167066,12.405339,225,1
atitlan,2026-04-13,707550.0,1627050.0,0.20524378,8.982245,225,0
atitlan,2026-04-13,707850.0,1627050.0,0.19924276,10.937483,45,0
atitlan,2026-04-13,680250.0,1627350.0,0.35540336,27.855211,180,1
atitlan,2026-04-13,680550.0,1627350.0,0.36862332,30.151491,225,1
atitlan,2026-04-13,680850.0,1627350.0,0.31104922,20.376572,225,1
atitlan,2026-04-13,681150.0,1627350.0,0.3316562,23.815771,225,1
atitlan,2026-04-13,681450.0,1627350.0,0.3359943,25.882778,225,1
atitlan,2026-04-13,681750.0,1627350.0,0.18743531,13.082979,225,1
atitlan,2026-04-13,682050.0,1627350.0,0.20322564,12.669496,225,1
atitlan,2026-04-13,682350.0,1627350.0,0.124811195,8.581545,225,0
atitlan,2026-04-13,682650.0,1627350.0,0.06243596,5.120485,225,0
atitlan,2026-04-13,682950.0,1627350.0,0.20093821,13.457426,225,1
atitlan,2026-04-13,683250.0,1627350.0,0.24492887,15.390718,225,1
atitlan,2026-04-13,683550.0,1627350.0,0.22988887,14.444473,225,1
atitlan,2026-04-13,683850.0,1627350.0,0.25793156,12.510698,225,1
atitlan,2026-04-13,684150.0,1627350.0,0.23615257,10.544569,225,0
atitlan,2026-04-13,684450.0,1627350.0,0.17930661,7.3375793,225,0
atitlan,2026-04-13,684750.0,1627350.0,0.16745824,7.5043716,225,0
atitlan,2026-04-13,685050.0,1627350.0,0.18752983,8.75435,225,0
atitlan,2026-04-13,685350.0,1627350.0,0.12335664,6.4906096,225,0
atitlan,2026-04-13,685650.0,1627350.0,0.11671663,6.37723,225,0
atitlan,2026-04-13,685950.0,1627350.0,0.033131283,4.754604,225,0
atitlan,2026-04-13,686250.0,1627350.0,-0.03944233,2.9359422,225,0
atitlan,2026-04-13,686550.0,1627350.0,-0.039532177,2.8990667,225,0
atitlan,2026-04-13,686850.0,1627350.0,-0.041911084,2.8308172,225,0
atitlan,2026-04-13,687150.0,1627350.0,-0.044075616,2.686219,225,0
atitlan,2026-04-13,687450.0,1627350.0,-0.05771563,2.109504,225,0
atitlan,2026-04-13,687750.0,1627350.0,-0.048336223,2.5335648,225,0
atitlan,2026-04-13,688050.0,1627350.0,-0.04123252,2.846563,225,0
atitlan,2026-04-13,688350.0,1627350.0,-0.041362047,2.8124082,225,0
atitlan,2026-04-13,688650.0,1627350.0,-0.045540955,2.693712,225,0
atitlan,2026-04-13,688950.0,1627350.0,-0.042948104,2.7914102,225,0
atitlan,2026-04-13,689250.0,1627350.0,-0.039228663,2.9561322,225,0
atitlan,2026-04-13,689550.0,1627350.0,-0.035923984,3.0849073,225,0
atitlan,2026-04-13,689850.0,1627350.0,-0.03829975,2.9910731,225,0
atitlan,2026-04-13,690150.0,1627350.0,-0.041451927,2.875597,225,0
atitlan,2026-04-13,690450.0,1627350.0,-0.037783682,3.000637,225,0
atitlan,2026-04-13,690750.0,1627350.0,-0.038386807,3.0037372,225,0
atitlan,2026-04-13,691050.0,1627350.0,-0.038343858,2.9946632,225,0
atitlan,2026-04-13,691350.0,1627350.0,-0.040089782,2.903405,225,0
atitlan,2026-04-13,691650.0,1627350.0,-0.041614924,2.8772242,225,0
atitlan,2026-04-13,691950.0,1627350.0,-0.04444265,2.7550817,225,0
atitlan,2026-04-13,692250.0,1627350.0,-0.042953867,2.8012357,225,0
atitlan,2026-04-13,692550.0,1627350.0,-0.050807618,2.472321,225,0
atitlan,2026-04-13,692850.0,1627350.0,-0.05417645,2.3439429,225,0
atitlan,2026-04-13,693150.0,1627350.0,-0.058841705,2.1317475,225,0
atitlan,2026-04-13,693450.0,1627350.0,-0.059621084,2.0669165,225,0
atitlan,2026-04-13,693750.0,1627350.0,-0.06095,2.0168648,225,0
atitlan,2026-04-13,694050.0,1627350.0,-0.060591113,2.0391343,225,0
atitlan,2026-04-13,694350.0,1627350.0,-0.06315428,1.9006716,225,0
atitlan,2026-04-13,694650.0,1627350.0,-0.06109381,2.0076065,225,0
atitlan,2026-04-13,694950.0,1627350.0,-0.0650383,1.8284479,225,0
atitlan,2026-04-13,695250.0,1627350.0,-0.061571103,1.9700912,225,0
atitlan,2026-04-13,695550.0,1627350.0,-0.05517402,2.3056152,225,0
atitlan,2026-04-13,695850.0,1627350.0,-0.05512412,2.3120892,225,0
atitlan,2026-04-13,696150.0,1627350.0,-0.05924069,2.1197603,225,0
atitlan,2026-04-13,696450.0,1627350.0,-0.06069415,2.046203,225,0
atitlan,2026-04-13,696750.0,1627350.0,-0.06054717,2.0560915,225,0
atitlan,2026-04-13,697050.0,1627350.0,-0.057886306,2.1782703,225,0
atitlan,2026-04-13,697350.0,1627350.0,-0.057696406,2.1811063,225,0
atitlan,2026-04-13,697650.0,1627350.0,-0.059192125,2.1231499,225,0
atitlan,2026-04-13,697950.0,1627350.0,-0.059094816,2.123632,225,0
atitlan,2026-04-13,698250.0,1627350.0,-0.061591804,1.9994165,225,0
atitlan,2026-04-13,698550.0,1627350.0,-0.06598429,1.7627743,225,0
atitlan,2026-04-13,698850.0,1627350.0,-0.069903664,1.5448256,225,0
atitlan,2026-04-13,699150.0,1627350.0,-0.068599194,1.6207639,225,0
atitlan,2026-04-13,699450.0,1627350.0,-0.07270598,1.3986433,225,0
atitlan,2026-04-13,699750.0,1627350.0,-0.073469706,1.3631407,225,0
atitlan,2026-04-13,700050.0,1627350.0,-0.065039195,1.7858845,225,0
atitlan,2026-04-13,700350.0,1627350.0,-0.07198101,1.4311143,225,0
atitlan,2026-04-13,700650.0,1627350.0,-0.073138595,1.3852917,225,0
atitlan,2026-04-13,700950.0,1627350.0,-0.069270656,1.587663,225,0
atitlan,2026-04-13,701250.0,1627350.0,0.16617398,9.077462,225,0
atitlan,2026-04-13,701550.0,1627350.0,0.23515883,10.268441,225,0
atitlan,2026-04-13,701850.0,1627350.0,0.22819954,10.262239,225,0
atitlan,2026-04-13,702150.0,1627350.0,0.24552415,11.590436,225,0
atitlan,2026-04-13,702450.0,1627350.0,0.2215329,11.595673,225,0
atitlan,2026-04-13,702750.0,1627350.0,0.18340582,9.610756,225,0
atitlan,2026-04-13,703050.0,1627350.0,0.23198123,12.411438,225,1
atitlan,2026-04-13,703350.0,1627350.0,0.23244454,13.830434,225,1
atitlan,2026-04-13,703650.0,1627350.0,0.15367761,8.023129,225,0
atitlan,2026-04-13,703950.0,1627350.0,0.13507368,8.753911,225,0
atitlan,2026-04-13,704250.0,1627350.0,0.19964527,11.416945,225,0
atitlan,2026-04-13,704550.0,1627350.0,0.13936366,8.314228,225,0
atitlan,2026-04-13,704850.0,1627350.0,0.10152435,7.4156785,225,0
atitlan,2026-04-13,705150.0,1627350.0,0.20009877,10.984271,225,0
atitlan,2026-04-13,705450.0,1627350.0,0.17976305,8.25061,225,0
atitlan,2026-04-13,705750.0,1627350.0,0.20721509,10.280432,225,0
atitlan,2026-04-13,706050.0,1627350.0,0.091511376,5.2962527,225,0
atitlan,2026-04-13,706350.0,1627350.0,0.14106967,6.2429504,225,0
atitlan,2026-04-13,706650.0,1627350.0,0.21483785,9.127542,225,0
atitlan,2026-04-13,706950.0,1627350.0,0.24206801,12.106209,225,1
atitlan,2026-04-13,707250.0,1627350.0,0.2585766,12.970467,225,1
atitlan,2026-04-13,707550.0,1627350.0,0.2504189,12.932695,225,1
atitlan,2026-04-13,707850.0,1627350.0,0.18254337,7.59434,45,0
atitlan,2026-04-13,680250.0,1627650.0,0.3712103,30.212626,180,1
atitlan,2026-04-13,680550.0,1627650.0,0.37119177,30.350391,225,1
atitlan,2026-04-13,680850.0,1627650.0,0.3187026,22.836573,225,1
atitlan,2026-04-13,681150.0,1627650.0,0.30250394,23.289694,225,1
atitlan,2026-04-13,681450.0,1627650.0,0.29793707,22.456253,225,1
atitlan,2026-04-13,681750.0,1627650.0,0.26347607,18.966225,225,1
atitlan,2026-04-13,682050.0,1627650.0,0.11621805,8.655402,225,0
atitlan,2026-04-13,682350.0,1627650.0,0.15520875,10.375069,225,0
atitlan,2026-04-13,682650.0,1627650.0,0.10348712,7.5222445,225,0
atitlan,2026-04-13,682950.0,1627650.0,0.06810935,5.1776834,225,0
atitlan,2026-04-13,683250.0,1627650.0,0.10836348,7.046788,225,0
atitlan,2026-04-13,683550.0,1627650.0,0.1870499,10.525601,225,0
atitlan,2026-04-13,683850.0,1627650.0,0.25785738,14.421469,225,1
atitlan,2026-04-13,684150.0,1627650.0,0.2441079,12.699588,225,1
atitlan,2026-04-13,684450.0,1627650.0,0.19235535,8.226707,225,0
atitlan,2026-04-13,684750.0,1627650.0,0.19072814,7.8528485,225,0
atitlan,2026-04-13,685050.0,1627650.0,0.19082272,8.879856,225,0
atitlan,2026-04-13,685350.0,1627650.0,0.19525543,9.409581,225,0
atitlan,2026-04-13,685650.0,1627650.0,0.16335312,8.200427,225,0
atitlan,2026-04-13,685950.0,1627650.0,0.17543371,9.2192335,225,0
atitlan,2026-04-13,686250.0,1627650.0,0.06867374,5.3169484,225,0
atitlan,2026-04-13,686550.0,1627650.0,-0.028272834,3.2291257,225,0
atitlan,2026-04-13,686850.0,1627650.0,-0.04599938,2.654022,225,0
atitlan,2026-04-13,687150.0,1627650.0,-0.046334602,2.6022944,225,0
atitlan,2026-04-13,687450.0,1627650.0,-0.050915167,2.4007723,225,0
atitlan,2026-04-13,687750.0,1627650.0,-0.043205593,2.7287343,225,0
atitlan,2026-04-13,688050.0,1627650.0,-0.04618824,2.6327438,225,0
atitlan,2026-04-13,688350.0,1627650.0,-0.043184597,2.7674973,225,0
atitlan,2026-04-13,688650.0,1627650.0,-0.041183908,2.8618593,225,0
atitlan,2026-04-13,688950.0,1627650.0,-0.041473925,2.8756208,225,0
atitlan,2026-04-13,689250.0,1627650.0,-0.043584242,2.7835288,225,0
atitlan,2026-04-13,689550.0,1627650.0,-0.03866563,2.9604123,225,0
atitlan,2026-04-13,689850.0,1627650.0,-0.034990147,3.1200879,225,0
atitlan,2026-04-13,690150.0,1627650.0,-0.042971555,2.8137045,225,0
atitlan,2026-04-13,690450.0,1627650.0,-0.037470073,3.0162559,225,0
atitlan,2026-04-13,690750.0,1627650.0,-0.03986899,2.9375062,225,0
atitlan,2026-04-13,691050.0,1627650.0,-0.040320683,2.9127815,225,0
atitlan,2026-04-13,691350.0,1627650.0,-0.039401613,2.963565,225,0
atitlan,2026-04-13,691650.0,1627650.0,-0.040479474,2.9243374,225,0
atitlan,2026-04-13,691950.0,1627650.0,-0.042713355,2.8263633,225,0
atitlan,2026-04-13,692250.0,1627650.0,-0.043972082,2.7706532,225,0
atitlan,2026-04-13,692550.0,1627650.0,-0.05095863,2.4828854,225,0
atitlan,2026-04-13,692850.0,1627650.0,-0.050367635,2.46828,225,0
atitlan,2026-04-13,693150.0,1627650.0,-0.05865596,2.1268997,225,0
atitlan,2026-04-13,693450.0,1627650.0,-0.059639826,2.082972,225,0
atitlan,2026-04-13,693750.0,1627650.0,-0.057380337,2.1891065,225,0
atitlan,2026-04-13,694050.0,1627650.0,-0.05938402,2.0892022,225,0
atitlan,2026-04-13,694350.0,1627650.0,-0.061178185,2.0035748,225,0
atitlan,2026-04-13,694650.0,1627650.0,-0.06137707,1.9972075,225,0
atitlan,2026-04-13,694950.0,1627650.0,-0.06539264,1.7870935,225,0
atitlan,2026-04-13,695250.0,1627650.0,-0.060861595,1.9891673,225,0
atitlan,2026-04-13,695550.0,1627650.0,-0.054953318,2.2981331,225,0
atitlan,2026-04-13,695850.0,1627650.0,-0.056908004,2.228319,225,0
atitlan,2026-04-13,696150.0,1627650.0,-0.0597409,2.0905068,225,0
atitlan,2026-04-13,696450.0,1627650.0,-0.06318212,1.918482,225,0
atitlan,2026-04-13,696750.0,1627650.0,-0.06377444,1.8935013,225,0
atitlan,2026-04-13,697050.0,1627650.0,-0.064825684,1.8294744,225,0
atitlan,2026-04-13,697350.0,1627650.0,-0.060773328,2.0377123,225,0
atitlan,2026-04-13,697650.0,1627650.0,-0.059697833,2.087085,225,0
atitlan,2026-04-13,697950.0,1627650.0,-0.06146678,2.005999,225,0
atitlan,2026-04-13,698250.0,1627650.0,-0.06547486,1.7943841,225,0
atitlan,2026-04-13,698550.0,1627650.0,-0.064763814,1.8282435,225,0
atitlan,2026-04-13,698850.0,1627650.0,-0.0643959,1.8593374,225,0
atitlan,2026-04-13,699150.0,1627650.0,-0.06830319,1.6468914,225,0
atitlan,2026-04-13,699450.0,1627650.0,-0.06657709,1.7376801,225,0
atitlan,2026-04-13,699750.0,1627650.0,-0.071630955,1.4608027,225,0
atitlan,2026-04-13,700050.0,1627650.0,-0.0656557,1.7653826,225,0
atitlan,2026-04-13,700350.0,1627650.0,-0.07075551,1.5192375,225,0
atitlan,2026-04-13,700650.0,1627650.0,-0.0643338,1.8098637,225,0
atitlan,2026-04-13,700950.0,1627650.0,-0.036072016,2.7297244,225,0
atitlan,2026-04-13,701250.0,1627650.0,0.20845386,10.966743,225,0
atitlan,2026-04-13,701550.0,1627650.0,0.2492855,11.5804615,225,0
atitlan,2026-04-13,701850.0,1627650.0,0.20648178,8.908314,225,0
atitlan,2026-04-13,702150.0,1627650.0,0.22409424,11.273706,225,0
atitlan,2026-04-13,702450.0,1627650.0,0.2344364,12.671628,225,1
atitlan,2026-04-13,702750.0,1627650.0,0.18689877,9.923657,225,0
atitlan,2026-04-13,703050.0,1627650.0,0.1618734,8.048747,225,0
atitlan,2026-04-13,703350.0,1627650.0,0.20645821,11.56944,225,0
atitlan,2026-04-13,703650.0,1627650.0,0.19291544,11.654086,225,0
atitlan,2026-04-13,703950.0,1627650.0,0.2103651,12.047759,225,1
atitlan,2026-04-13,704250.0,1627650.0,0.13346061,7.8692145,225,0
atitlan,2026-04-13,704550.0,1627650.0,0.13143203,8.821129,225,0
atitlan,2026-04-13,704850.0,1627650.0,0.16104558,9.0431185,225,0
atitlan,2026-04-13,705150.0,1627650.0,0.14025272,7.6845074,225,0
atitlan,2026-04-13,705450.0,1627650.0,0.126848,6.940449,225,0
atitlan,2026-04-13,705750.0,1627650.0,0.19563454,9.719287,225,0
atitlan,2026-04-13,706050.0,1627650.0,0.13690996,7.4377465,225,0
atitlan,2026-04-13,706350.0,1627650.0,0.16176164,7.788692,225,0
atitlan,2026-04-13,706650.0,1627650.0,0.17507401,7.6268415,225,0
atitlan,2026-04-13,706950.0,1627650.0,0.24769655,12.43625,225,1
atitlan,2026-04-13,707250.0,1627650.0,0.1888707,9.401481,225,0
atitlan,2026-04-13,707550.0,1627650.0,0.20953532,9.641607,225,0
atitlan,2026-04-13,707850.0,1627650.0,0.2376819,12.049156,45,1
atitlan,2026-04-13,680250.0,1627950.0,0.38087386,31.861206,180,1
atitlan,2026-04-13,680550.0,1627950.0,0.35239407,28.305626,225,1
atitlan,2026-04-13,680850.0,1627950.0,0.31154016,22.29275,225,1
atitlan,2026-04-13,681150.0,1627950.0,0.30912247,20.662334,225,1
atitlan,2026-04-13,681450.0,1627950.0,0.32679078,24.236275,225,1
atitlan,2026-04-13,681750.0,1627950.0,0.26715678,19.081808,225,1
atitlan,2026-04-13,682050.0,1627950.0,0.15589534,12.073105,225,1
atitlan,2026-04-13,682350.0,1627950.0,0.11872587,7.657872,225,0
atitlan,2026-04-13,682650.0,1627950.0,0.13577908,8.544873,225,0
atitlan,2026-04-13,682950.0,1627950.0,0.14113171,9.362006,225,0
atitlan,2026-04-13,683250.0,1627950.0,0.16552317,10.444457,225,0
atitlan,2026-04-13,683550.0,1627950.0,0.24017121,13.104209,225,1
atitlan,2026-04-13,683850.0,1627950.0,0.26844665,13.959555,225,1
atitlan,2026-04-13,684150.0,1627950.0,0.2637807,13.379143,225,1
atitlan,2026-04-13,684450.0,1627950.0,0.20379826,9.724024,225,0
atitlan,2026-04-13,684750.0,1627950.0,0.23067328,10.524007,225,0
atitlan,2026-04-13,685050.0,1627950.0,0.20432279,8.762892,225,0
atitlan,2026-04-13,685350.0,1627950.0,0.19166125,8.759168,225,0
atitlan,2026-04-13,685650.0,1627950.0,0.21791309,9.3911495,225,0
atitlan,2026-04-13,685950.0,1627950.0,0.10753501,6.7655277,225,0
atitlan,2026-04-13,686250.0,1627950.0,0.12691796,6.818976,225,0
atitlan,2026-04-13,686550.0,1627950.0,0.06508888,5.6882915,225,0
atitlan,2026-04-13,686850.0,1627950.0,-0.044588823,2.6893916,225,0
atitlan,2026-04-13,687150.0,1627950.0,-0.039872415,2.830743,225,0
atitlan,2026-04-13,687450.0,1627950.0,-0.044510163,2.7099376,225,0
atitlan,2026-04-13,687750.0,1627950.0,-0.039349534,2.889128,225,0
atitlan,2026-04-13,688050.0,1627950.0,-0.04618679,2.629281,225,0
atitlan,2026-04-13,688350.0,1627950.0,-0.044642605,2.7239747,225,0
atitlan,2026-04-13,688650.0,1627950.0,-0.03722822,2.9884582,225,0
atitlan,2026-04-13,688950.0,1627950.0,-0.04515275,2.708932,225,0
atitlan,2026-04-13,689250.0,1627950.0,-0.04952539,2.5193882,225,0
atitlan,2026-04-13,689550.0,1627950.0,-0.046101253,2.6555786,225,0
atitlan,2026-04-13,689850.0,1627950.0,-0.039948437,2.937317,225,0
atitlan,2026-04-13,690150.0,1627950.0,-0.042101897,2.822984,225,0
atitlan,2026-04-13,690450.0,1627950.0,-0.038559087,2.9806793,225,0
atitlan,2026-04-13,690750.0,1627950.0,-0.041093975,2.890719,225,0
atitlan,2026-04-13,691050.0,1627950.0,-0.03877057,2.9764483,225,0
atitlan,2026-04-13,691350.0,1627950.0,-0.037326615,3.0413542,225,0
atitlan,2026-04-13,691650.0,1627950.0,-0.04112262,2.901687,225,0
atitlan,2026-04-13,691950.0,1627950.0,-0.03892376,2.9717064,225,0
atitlan,2026-04-13,692250.0,1627950.0,-0.04110846,2.8987598,225,0
atitlan,2026-04-13,692550.0,1627950.0,-0.047608316,2.607125,225,0
atitlan,2026-04-13,692850.0,1627950.0,-0.05038038,2.5090911,225,0
atitlan,2026-04-13,693150.0,1627950.0,-0.053516388,2.36021,225,0
atitlan,2026-04-13,693450.0,1627950.0,-0.059176866,2.0942323,225,0
atitlan,2026-04-13,693750.0,1627950.0,-0.060573608,2.0291648,225,0
atitlan,2026-04-13,694050.0,1627950.0,-0.06104965,2.0028448,225,0
atitlan,2026-04-13,694350.0,1627950.0,-0.059887066,2.0520296,225,0
atitlan,2026-04-13,694650.0,1627950.0,-0.06360135,1.8869458,225,0
atitlan,2026-04-13,694950.0,1627950.0,-0.06746326,1.6769991,225,0
atitlan,2026-04-13,695250.0,1627950.0,-0.063011006,1.9023529,225,0
atitlan,2026-04-13,695550.0,1627950.0,-0.056837197,2.1971705,225,0
atitlan,2026-04-13,695850.0,1627950.0,-0.057204466,2.2018135,225,0
atitlan,2026-04-13,696150.0,1627950.0,-0.06457514,1.8495034,225,0
atitlan,2026-04-13,696450.0,1627950.0,-0.062110882,1.970625,225,0
atitlan,2026-04-13,696750.0,1627950.0,-0.06316501,1.9225591,225,0
atitlan,2026-04-13,697050.0,1627950.0,-0.06310982,1.9193546,225,0
atitlan,2026-04-13,697350.0,1627950.0,-0.06261595,1.9475371,225,0
atitlan,2026-04-13,697650.0,1627950.0,-0.061091475,2.0127525,225,0
atitlan,2026-04-13,697950.0,1627950.0,-0.060689896,2.0455918,225,0
atitlan,2026-04-13,698250.0,1627950.0,-0.063227944,1.9106997,225,0
atitlan,2026-04-13,698550.0,1627950.0,-0.06013422,2.065963,225,0
atitlan,2026-04-13,698850.0,1627950.0,-0.061524656,1.9922017,225,0
atitlan,2026-04-13,699150.0,1627950.0,-0.06830746,1.6405578,225,0
atitlan,2026-04-13,699450.0,1627950.0,-0.06594735,1.7697358,225,0
atitlan,2026-04-13,699750.0,1627950.0,-0.06303731,1.922383,225,0
atitlan,2026-04-13,700050.0,1627950.0,-0.060029186,2.0740879,225,0
atitlan,2026-04-13,700350.0,1627950.0,-0.061639268,1.9445897,225,0
atitlan,2026-04-13,700650.0,1627950.0,-0.06380494,1.8461399,225,0
atitlan,2026-04-13,700950.0,1627950.0,0.051020943,5.8959117,225,0
atitlan,2026-04-13,701250.0,1627950.0,0.2231902,11.493229,225,0
atitlan,2026-04-13,701550.0,1627950.0,0.22103612,9.510058,225,0
atitlan,2026-04-13,701850.0,1627950.0,0.23026611,11.282662,225,0
atitlan,2026-04-13,702150.0,1627950.0,0.22195092,12.923589,225,1
atitlan,2026-04-13,702450.0,1627950.0,0.12585719,8.200061,225,0
atitlan,2026-04-13,702750.0,1627950.0,0.27205542,17.089964,225,1
atitlan,2026-04-13,703050.0,1627950.0,0.10361931,8.306725,225,0
atitlan,2026-04-13,703350.0,1627950.0,0.1421571,9.560572,225,0
atitlan,2026-04-13,703650.0,1627950.0,0.11150621,6.779607,225,0
atitlan,2026-04-13,703950.0,1627950.0,0.13625307,8.18782,225,0
atitlan,2026-04-13,704250.0,1627950.0,0.14564444,9.279603,225,0
atitlan,2026-04-13,704550.0,1627950.0,0.12852375,8.232551,225,0
atitlan,2026-04-13,704850.0,1627950.0,0.14223383,9.417036,225,0
atitlan,2026-04-13,705150.0,1627950.0,0.19933808,10.922782,225,0
atitlan,2026-04-13,705450.0,1627950.0,0.2306739,11.562642,225,0
atitlan,2026-04-13,705750.0,1627950.0,0.18637815,8.398928,225,0
atitlan,2026-04-13,706050.0,1627950.0,0.17992237,9.374174,225,0
atitlan,2026-04-13,706350.0,1627950.0,0.2692636,13.879842,225,1
atitlan,2026-04-13,706650.0,1627950.0,0.22165199,10.346273,225,0
atitlan,2026-04-13,706950.0,1627950.0,0.17066303,7.2653046,225,0
atitlan,2026-04-13,707250.0,1627950.0,0.22441566,11.130684,225,0
atitlan,2026-04-13,707550.0,1627950.0,0.21542796,9.655799,225,0
atitlan,2026-04-13,707850.0,1627950.0,0.19975366,8.668607,45,0
atitlan,2026-04-13,680250.0,1628250.0,0.3456324,29.388044,180,1
atitlan,2026-04-13,680550.0,1628250.0,0.3458791,29.130919,225,1
atitlan,2026-04-13,680850.0,1628250.0,0.29258832,20.14544,225,1
atitlan,2026-04-13,681150.0,1628250.0,0.31787345,22.985031,225,1
atitlan,2026-04-13,681450.0,1628250.0,0.32514513,22.94809,225,1
atitlan,2026-04-13,681750.0,1628250.0,0.3313537,23.381332,225,1
atitlan,2026-04-13,682050.0,1628250.0,0.27968732,17.580658,225,1
atitlan,2026-04-13,682350.0,1628250.0,0.22322196,15.149849,225,1
atitlan,2026-04-13,682650.0,1628250.0,0.2031529,14.099287,225,1
atitlan,2026-04-13,682950.0,1628250.0,0.28367898,18.948252,225,1
atitlan,2026-04-13,683250.0,1628250.0,0.27034757,18.393589,225,1
atitlan,2026-04-13,683550.0,1628250.0,0.266027,14.983658,225,1
atitlan,2026-04-13,683850.0,1628250.0,0.2267314,9.782912,225,0
atitlan,2026-04-13,684150.0,1628250.0,0.25946108,13.18561,225,1
atitlan,2026-04-13,684450.0,1628250.0,0.24009196,10.994043,225,0
atitlan,2026-04-13,684750.0,1628250.0,0.22378896,9.962782,225,0
atitlan,2026-04-13,685050.0,1628250.0,0.23304044,10.39376,225,0
atitlan,2026-04-13,685350.0,1628250.0,0.1864378,7.8015347,225,0
atitlan,2026-04-13,685650.0,1628250.0,0.19520861,9.030339,225,0
atitlan,2026-04-13,685950.0,1628250.0,0.04063525,4.542761,225,0
atitlan,2026-04-13,686250.0,1628250.0,0.16616677,8.339199,225,0
atitlan,2026-04-13,686550.0,1628250.0,0.13874458,7.7544746,225,0
atitlan,2026-04-13,686850.0,1628250.0,-0.04436078,2.6716094,225,0
atitlan,2026-04-13,687150.0,1628250.0,0.050549693,4.72399,225,0
atitlan,2026-04-13,687450.0,1628250.0,0.11164223,7.5233836,225,0
atitlan,2026-04-13,687750.0,1628250.0,-0.018204331,3.3183265,225,0
atitlan,2026-04-13,688050.0,1628250.0,-0.01733719,3.330555,225,0
atitlan,2026-04-13,688350.0,1628250.0,0.019325836,4.2996736,225,0
atitlan,2026-04-13,688650.0,1628250.0,0.017373541,5.1641784,225,0
atitlan,2026-04-13,688950.0,1628250.0,-0.03702118,2.998691,225,0
atitlan,2026-04-13,689250.0,1628250.0,-0.044360787,2.7222288,225,0
atitlan,2026-04-13,689550.0,1628250.0,-0.05126772,2.430686,225,0
atitlan,2026-04-13,689850.0,1628250.0,-0.043462764,2.7802985,225,0
atitlan,2026-04-13,690150.0,1628250.0,-0.038788095,2.9574301,225,0
atitlan,2026-04-13,690450.0,1628250.0,-0.036154535,3.0806339,225,0
atitlan,2026-04-13,690750.0,1628250.0,-0.040961877,2.8904738,225,0
atitlan,2026-04-13,691050.0,1628250.0,-0.03838129,2.9900289,225,0
atitlan,2026-04-13,691350.0,1628250.0,-0.03837597,3.0097423,225,0
atitlan,2026-04-13,691650.0,1628250.0,-0.03936083,2.9609344,225,0
atitlan,2026-04-13,691950.0,1628250.0,-0.036760952,3.0499456,225,0
atitlan,2026-04-13,692250.0,1628250.0,-0.03956395,2.9504242,225,0
atitlan,2026-04-13,692550.0,1628250.0,-0.04384653,2.7735898,225,0
atitlan,2026-04-13,692850.0,1628250.0,-0.044105753,2.7929525,225,0
atitlan,2026-04-13,693150.0,1628250.0,-0.05054064,2.5035546,225,0
atitlan,2026-04-13,693450.0,1628250.0,-0.06127177,2.001165,225,0
atitlan,2026-04-13,693750.0,1628250.0,-0.061245,2.0044644,225,0
atitlan,2026-04-13,694050.0,1628250.0,-0.06217696,1.9524872,225,0
atitlan,2026-04-13,694350.0,1628250.0,-0.060627006,2.0259752,225,0
atitlan,2026-04-13,694650.0,1628250.0,-0.05668237,2.2129154,225,0
atitlan,2026-04-13,694950.0,1628250.0,-0.06080865,2.0297275,225,0
atitlan,2026-04-13,695250.0,1628250.0,-0.061722625,1.9916353,225,0
atitlan,2026-04-13,695550.0,1628250.0,-0.05914364,2.0850434,225,0
atitlan,2026-04-13,695850.0,1628250.0,-0.0596735,2.06072,225,0
atitlan,2026-04-13,696150.0,1628250.0,-0.06358855,1.8910558,225,0
atitlan,2026-04-13,696450.0,1628250.0,-0.061936796,1.9653559,225,0
atitlan,2026-04-13,696750.0,1628250.0,-0.06066507,2.0440674,225,0
atitlan,2026-04-13,697050.0,1628250.0,-0.058775604,2.1338956,225,0
atitlan,2026-04-13,697350.0,1628250.0,-0.061172176,2.0249429,225,0
atitlan,2026-04-13,697650.0,1628250.0,-0.06069129,2.0260262,225,0
atitlan,2026-04-13,697950.0,1628250.0,-0.057233013,2.2165694,225,0
atitlan,2026-04-13,698250.0,1628250.0,-0.059026133,2.1258607,225,0
atitlan,2026-04-13,698550.0,1628250.0,-0.05887495,2.1211374,225,0
atitlan,2026-04-13,698850.0,1628250.0,-0.05642325,2.2515793,225,0
atitlan,2026-04-13,699150.0,1628250.0,-0.059259117,2.114508,225,0
atitlan,2026-04-13,699450.0,1628250.0,-0.057969376,2.17486,225,0
atitlan,2026-04-13,699750.0,1628250.0,-0.053830918,2.3599901,225,0
atitlan,2026-04-13,700050.0,1628250.0,-0.05486025,2.3042946,225,0
atitlan,2026-04-13,700350.0,1628250.0,-0.03634637,2.785977,225,0
atitlan,2026-04-13,700650.0,1628250.0,-0.011981909,3.2447069,225,0
atitlan,2026-04-13,700950.0,1628250.0,0.13023064,8.205833,225,0
atitlan,2026-04-13,701250.0,1628250.0,0.21713993,9.935361,225,0
atitlan,2026-04-13,701550.0,1628250.0,0.21579978,10.107131,225,0
atitlan,2026-04-13,701850.0,1628250.0,0.22331855,10.690955,225,0
atitlan,2026-04-13,702150.0,1628250.0,0.25997642,13.720946,225,1
atitlan,2026-04-13,702450.0,1628250.0,0.21767671,12.875801,225,1
atitlan,2026-04-13,702750.0,1628250.0,0.30606925,19.204374,225,1
atitlan,2026-04-13,703050.0,1628250.0,0.19904922,13.918881,225,1
atitlan,2026-04-13,703350.0,1628250.0,0.08295845,5.64278,225,0
atitlan,2026-04-13,703650.0,1628250.0,0.16253744,9.297623,225,0
atitlan,2026-04-13,703950.0,1628250.0,0.08972985,6.0364866,225,0
atitlan,2026-04-13,704250.0,1628250.0,0.10694706,6.3531384,225,0
atitlan,2026-04-13,704550.0,1628250.0,0.10567087,6.8888593,225,0
atitlan,2026-04-13,704850.0,1628250.0,0.13724464,8.377238,225,0
atitlan,2026-04-13,705150.0,1628250.0,0.118035324,7.0582466,225,0
atitlan,2026-04-13,705450.0,1628250.0,0.18022686,9.822613,225,0
atitlan,2026-04-13,705750.0,1628250.0,0.160403,7.0821342,225,0
atitlan,2026-04-13,706050.0,1628250.0,0.22167863,11.719969,225,0
atitlan,2026-04-13,706350.0,1628250.0,0.193866,9.52027,225,0
atitlan,2026-04-13,706650.0,1628250.0,0.18438971,8.347839,225,0
atitlan,2026-04-13,706950.0,1628250.0,0.2089658,9.757414,225,0
atitlan,2026-04-13,707250.0,1628250.0,0.16389081,7.181652,225,0
atitlan,2026-04-13,707550.0,1628250.0,0.21732125,9.674396,225,0
atitlan,2026-04-13,707850.0,1628250.0,0.24252124,10.964108,45,0
atitlan,2026-04-13,680250.0,1628550.0,0.37679693,31.15498,180,1
atitlan,2026-04-13,680550.0,1628550.0,0.34830472,28.129154,225,1
atitlan,2026-04-13,680850.0,1628550.0,0.3339314,24.223093,225,1
atitlan,2026-04-13,681150.0,1628550.0,0.35289282,26.910955,225,1
atitlan,2026-04-13,681450.0,1628550.0,0.2944329,18.75744,225,1
atitlan,2026-04-13,681750.0,1628550.0,0.280601,18.998056,225,1
atitlan,2026-04-13,682050.0,1628550.0,0.18191625,12.356824,225,1
atitlan,2026-04-13,682350.0,1628550.0,0.2715745,18.257366,225,1
atitlan,2026-04-13,682650.0,1628550.0,0.30057776,19.947702,225,1
atitlan,2026-04-13,682950.0,1628550.0,0.32570025,21.14936,225,1
atitlan,2026-04-13,683250.0,1628550.0,0.31540543,19.255255,225,1
atitlan,2026-04-13,683550.0,1628550.0,0.26169434,13.533366,225,1
atitlan,2026-04-13,683850.0,1628550.0,0.27780008,15.057175,225,1
atitlan,2026-04-13,684150.0,1628550.0,0.24086444,11.277435,225,0
atitlan,2026-04-13,684450.0,1628550.0,0.19842325,8.342137,225,0
atitlan,2026-04-13,684750.0,1628550.0,0.22050649,10.400433,225,0
atitlan,2026-04-13,685050.0,1628550.0,0.21521352,9.016693,225,0
atitlan,2026-04-13,685350.0,1628550.0,0.19436918,8.273988,225,0
atitlan,2026-04-13,685650.0,1628550.0,0.21417837,11.310814,225,0
atitlan,2026-04-13,685950.0,1628550.0,0.15139078,8.365764,225,0
atitlan,2026-04-13,686250.0,1628550.0,0.21988608,10.383044,225,0
atitlan,2026-04-13,686550.0,1628550.0,0.12285484,6.0155735,225,0
atitlan,2026-04-13,686850.0,1628550.0,0.13056296,7.657832,225,0
atitlan,2026-04-13,687150.0,1628550.0,0.13495389,7.789316,225,0
atitlan,2026-04-13,687450.0,1628550.0,0.10129521,7.310688,225,0
atitlan,2026-04-13,687750.0,1628550.0,0.1465219,8.300425,225,0
atitlan,2026-04-13,688050.0,1628550.0,0.15661983,7.172514,225,0
atitlan,2026-04-13,688350.0,1628550.0,0.16416158,7.1219707,225,0
atitlan,2026-04-13,688650.0,1628550.0,0.18214445,8.563081,225,0
atitlan,2026-04-13,688950.0,1628550.0,0.13536394,8.080184,225,0
atitlan,2026-04-13,689250.0,1628550.0,-0.021792546,3.5390344,225,0
atitlan,2026-04-13,689550.0,1628550.0,-0.044745885,2.7139077,225,0
atitlan,2026-04-13,689850.0,1628550.0,-0.04536625,2.699542,225,0
atitlan,2026-04-13,690150.0,1628550.0,-0.037838887,2.9703188,225,0
atitlan,2026-04-13,690450.0,1628550.0,-0.039016828,2.9760325,225,0
atitlan,2026-04-13,690750.0,1628550.0,-0.034900315,3.1102996,225,0
atitlan,2026-04-13,691050.0,1628550.0,-0.033552483,3.1794379,225,0
atitlan,2026-04-13,691350.0,1628550.0,-0.03661436,3.0668387,225,0
atitlan,2026-04-13,691650.0,1628550.0,-0.038541,2.9931262,225,0
atitlan,2026-04-13,691950.0,1628550.0,-0.0372283,3.0395312,225,0
atitlan,2026-04-13,692250.0,1628550.0,-0.040458467,2.9056766,225,0
atitlan,2026-04-13,692550.0,1628550.0,-0.038248703,2.9858491,225,0
atitlan,2026-04-13,692850.0,1628550.0,-0.04050794,2.9014971,225,0
atitlan,2026-04-13,693150.0,1628550.0,-0.048379038,2.5349245,225,0
atitlan,2026-04-13,693450.0,1628550.0,-0.060507644,2.013973,225,0
atitlan,2026-04-13,693750.0,1628550.0,-0.05773714,2.1753998,225,0
atitlan,2026-04-13,694050.0,1628550.0,-0.056977395,2.2018788,225,0
atitlan,2026-04-13,694350.0,1628550.0,-0.059672333,2.0807028,225,0
atitlan,2026-04-13,694650.0,1628550.0,-0.055925503,2.246072,225,0
atitlan,2026-04-13,694950.0,1628550.0,-0.055163946,2.3015246,225,0
atitlan,2026-04-13,695250.0,1628550.0,-0.061641626,1.9924035,225,0
atitlan,2026-04-13,695550.0,1628550.0,-0.06131251,2.0070539,225,0
atitlan,2026-04-13,695850.0,1628550.0,-0.057507556,2.1541123,225,0
atitlan,2026-04-13,696150.0,1628550.0,-0.060116604,2.0578487,225,0
atitlan,2026-04-13,696450.0,1628550.0,-0.057079077,2.1999745,225,0
atitlan,2026-04-13,696750.0,1628550.0,-0.059539407,2.0926251,225,0
atitlan,2026-04-13,697050.0,1628550.0,-0.063193195,1.9133649,225,0
atitlan,2026-04-13,697350.0,1628550.0,-0.062053416,1.9710057,225,0
atitlan,2026-04-13,697650.0,1628550.0,-0.056986973,2.2015104,225,0
atitlan,2026-04-13,697950.0,1628550.0,-0.056366555,2.2457538,225,0
atitlan,2026-04-13,698250.0,1628550.0,-0.057992343,2.1635175,225,0
atitlan,2026-04-13,698550.0,1628550.0,-0.06362492,1.8933045,225,0
atitlan,2026-04-13,698850.0,1628550.0,-0.06277193,1.9356879,225,0
atitlan,2026-04-13,699150.0,1628550.0,-0.06391737,1.8708522,225,0
atitlan,2026-04-13,699450.0,1628550.0,-0.059221525,2.1135163,225,0
atitlan,2026-04-13,699750.0,1628550.0,-0.048678286,2.5884562,225,0
atitlan,2026-04-13,700050.0,1628550.0,-0.026961155,3.0325449,225,0
atitlan,2026-04-13,700350.0,1628550.0,0.15896279,8.412857,225,0
atitlan,2026-04-13,700650.0,1628550.0,0.13326369,8.595762,225,0
atitlan,2026-04-13,700950.0,1628550.0,0.074629255,5.47563,225,0
atitlan,2026-04-13,701250.0,1628550.0,0.20141496,10.2661085,225,0
atitlan,2026-04-13,701550.0,1628550.0,0.21383606,10.46057,225,0
atitlan,2026-04-13,701850.0,1628550.0,0.1913627,9.467042,225,0
atitlan,2026-04-13,702150.0,1628550.0,0.22882617,12.083821,225,1
atitlan,2026-04-13,702450.0,1628550.0,0.16075832,8.546405,225,0
atitlan,2026-04-13,702750.0,1628550.0,0.27898926,17.074493,225,1
atitlan,2026-04-13,703050.0,1628550.0,0.1906884,11.786099,225,0
atitlan,2026-04-13,703350.0,1628550.0,0.12311577,7.511754,225,0
atitlan,2026-04-13,703650.0,1628550.0,0.20653732,10.665944,225,0
atitlan,2026-04-13,703950.0,1628550.0,0.12590824,7.9085994,225,0
atitlan,2026-04-13,704250.0,1628550.0,0.08075808,5.381923,225,0
atitlan,2026-04-13,704550.0,1628550.0,0.10955233,6.3919387,225,0
atitlan,2026-04-13,704850.0,1628550.0,0.118723854,7.1963253,225,0
atitlan,2026-04-13,705150.0,1628550.0,0.2061966,11.665556,225,0
atitlan,2026-04-13,705450.0,1628550.0,0.17117019,9.222285,225,0
atitlan,2026-04-13,705750.0,1628550.0,0.19955207,8.513171,225,0
atitlan,2026-04-13,706050.0,1628550.0,0.17843196,7.8405375,225,0
atitlan,2026-04-13,706350.0,1628550.0,0.2389168,13.279526,225,1
atitlan,2026-04-13,706650.0,1628550.0,0.18289846,7.9823284,225,0
atitlan,2026-04-13,706950.0,1628550.0,0.22515719,11.005424,225,0
atitlan,2026-04-13,707250.0,1628550.0,0.22271124,12.169448,225,1
atitlan,2026-04-13,707550.0,1628550.0,0.19095492,9.047531,225,0
atitlan,2026-04-13,707850.0,1628550.0,0.22019798,10.602307,45,0
atitlan,2026-04-13,680250.0,1628850.0,0.36988717,29.77607,180,1
atitlan,2026-04-13,680550.0,1628850.0,0.37918857,32.108215,225,1
atitlan,2026-04-13,680850.0,1628850.0,0.33171564,23.784098,225,1
atitlan,2026-04-13,681150.0,1628850.0,0.35202816,25.937798,225,1
atitlan,2026-04-13,681450.0,1628850.0,0.34275556,24.673756,225,1
atitlan,2026-04-13,681750.0,1628850.0,0.26363862,16.512545,225,1
atitlan,2026-04-13,682050.0,1628850.0,0.22652116,13.97313,225,1
atitlan,2026-04-13,682350.0,1628850.0,0.2869125,18.515749,225,1
atitlan,2026-04-13,682650.0,1628850.0,0.3264259,22.297035,225,1
atitlan,2026-04-13,682950.0,1628850.0,0.34117374,23.983923,225,1
atitlan,2026-04-13,683250.0,1628850.0,0.33635074,23.677256,225,1
atitlan,2026-04-13,683550.0,1628850.0,0.2290103,11.309377,225,0
atitlan,2026-04-13,683850.0,1628850.0,0.25679886,12.351721,225,1
atitlan,2026-04-13,684150.0,1628850.0,0.28701362,17.13038,225,1
atitlan,2026-04-13,684450.0,1628850.0,0.26776844,13.8643675,225,1
atitlan,2026-04-13,684750.0,1628850.0,0.23817872,11.023385,225,0
atitlan,2026-04-13,685050.0,1628850.0,0.23009937,10.765556,225,0
atitlan,2026-04-13,685350.0,1628850.0,0.23625675,10.960269,225,0
atitlan,2026-04-13,685650.0,1628850.0,0.25290242,12.971623,225,1
atitlan,2026-04-13,685950.0,1628850.0,0.275444,14.604707,225,1
atitlan,2026-04-13,686250.0,1628850.0,0.20872396,8.939472,225,0
atitlan,2026-04-13,686550.0,1628850.0,0.13757618,6.2252736,225,0
atitlan,2026-04-13,686850.0,1628850.0,0.19102229,9.060501,225,0
atitlan,2026-04-13,687150.0,1628850.0,0.18640384,9.3629055,225,0
atitlan,2026-04-13,687450.0,1628850.0,0.1897531,9.950957,225,0
atitlan,2026-04-13,687750.0,1628850.0,0.15525539,8.295649,225,0
atitlan,2026-04-13,688050.0,1628850.0,0.21737728,9.380282,225,0
atitlan,2026-04-13,688350.0,1628850.0,0.15363517,6.577973,225,0
atitlan,2026-04-13,688650.0,1628850.0,0.15227993,6.3455153,225,0
atitlan,2026-04-13,688950.0,1628850.0,0.11903498,5.856354,225,0
atitlan,2026-04-13,689250.0,1628850.0,-0.0113614695,3.6000223,225,0
atitlan,2026-04-13,689550.0,1628850.0,-0.03547063,3.075524,225,0
atitlan,2026-04-13,689850.0,1628850.0,-0.037478976,3.020878,225,0
atitlan,2026-04-13,690150.0,1628850.0,-0.031038268,3.2066839,225,0
atitlan,2026-04-13,690450.0,1628850.0,-0.0363956,3.0465126,225,0
atitlan,2026-04-13,690750.0,1628850.0,-0.03323522,3.1578412,225,0
atitlan,2026-04-13,691050.0,1628850.0,-0.03608201,3.079143,225,0
atitlan,2026-04-13,691350.0,1628850.0,-0.03556965,3.1020792,225,0
atitlan,2026-04-13,691650.0,1628850.0,-0.0362382,3.076495,225,0
atitlan,2026-04-13,691950.0,1628850.0,-0.042152863,2.839753,225,0
atitlan,2026-04-13,692250.0,1628850.0,-0.039736893,2.9321096,225,0
atitlan,2026-04-13,692550.0,1628850.0,-0.0365064,3.0525732,225,0
atitlan,2026-04-13,692850.0,1628850.0,-0.038623314,2.9968631,225,0
atitlan,2026-04-13,693150.0,1628850.0,-0.04297154,2.816762,225,0
atitlan,2026-04-13,693450.0,1628850.0,-0.049599327,2.5461202,225,0
atitlan,2026-04-13,693750.0,1628850.0,-0.049222082,2.5782127,225,0
atitlan,2026-04-13,694050.0,1628850.0,-0.05094852,2.5048485,225,0
atitlan,2026-04-13,694350.0,1628850.0,-0.05361305,2.3787775,225,0
atitlan,2026-04-13,694650.0,1628850.0,-0.05700993,2.2064362,225,0
atitlan,2026-04-13,694950.0,1628850.0,-0.055043098,2.30201,225,0
atitlan,2026-04-13,695250.0,1628850.0,-0.059272937,2.0947893,225,0
atitlan,2026-04-13,695550.0,1628850.0,-0.06132043,1.99622,225,0
atitlan,2026-04-13,695850.0,1628850.0,-0.055976335,2.2508347,225,0
atitlan,2026-04-13,696150.0,1628850.0,-0.061355755,1.986629,225,0
atitlan,2026-04-13,696450.0,1628850.0,-0.06168005,1.9800799,225,0
atitlan,2026-04-13,696750.0,1628850.0,-0.062101297,1.9458568,225,0
atitlan,2026-04-13,697050.0,1628850.0,-0.069173835,1.5928108,225,0
atitlan,2026-04-13,697350.0,1628850.0,-0.06390618,1.8825727,225,0
atitlan,2026-04-13,697650.0,1628850.0,-0.06151818,1.9798338,225,0
atitlan,2026-04-13,697950.0,1628850.0,-0.06529219,1.8022143,225,0
atitlan,2026-04-13,698250.0,1628850.0,-0.05500857,2.300399,225,0
atitlan,2026-04-13,698550.0,1628850.0,-0.0625481,1.9457066,225,0
atitlan,2026-04-13,698850.0,1628850.0,-0.067682825,1.6813865,225,0
atitlan,2026-04-13,699150.0,1628850.0,-0.067233354,1.6961867,225,0
atitlan,2026-04-13,699450.0,1628850.0,-0.06433223,1.8446863,225,0
atitlan,2026-04-13,699750.0,1628850.0,-0.047834825,2.5982194,225,0
atitlan,2026-04-13,700050.0,1628850.0,0.037676223,4.811278,225,0
atitlan,2026-04-13,700350.0,1628850.0,0.124182,6.2258615,225,0
atitlan,2026-04-13,700650.0,1628850.0,0.12147594,5.9845195,225,0
atitlan,2026-04-13,700950.0,1628850.0,0.19602793,8.600111,225,0
atitlan,2026-04-13,701250.0,1628850.0,0.20805204,8.591288,225,0
atitlan,2026-04-13,701550.0,1628850.0,0.24604948,11.025086,225,0
atitlan,2026-04-13,701850.0,1628850.0,0.23535967,11.578812,225,0
atitlan,2026-04-13,702150.0,1628850.0,0.23725125,13.167458,225,1
atitlan,2026-04-13,702450.0,1628850.0,0.26636446,16.225998,225,1
atitlan,2026-04-13,702750.0,1628850.0,0.18736696,15.024067,225,1
atitlan,2026-04-13,703050.0,1628850.0,0.19355471,12.970901,225,1
atitlan,2026-04-13,703350.0,1628850.0,0.14547029,8.325907,225,0
atitlan,2026-04-13,703650.0,1628850.0,0.19082877,11.332994,225,0
atitlan,2026-04-13,703950.0,1628850.0,0.16182135,9.9097,225,0
atitlan,2026-04-13,704250.0,1628850.0,0.1556431,9.147058,225,0
atitlan,2026-04-13,704550.0,1628850.0,0.19070648,10.807539,225,0
atitlan,2026-04-13,704850.0,1628850.0,0.19683166,11.011088,225,0
atitlan,2026-04-13,705150.0,1628850.0,0.20125292,11.522924,225,0
atitlan,2026-04-13,705450.0,1628850.0,0.18166928,7.7619276,225,0
atitlan,2026-04-13,705750.0,1628850.0,0.19341478,7.9616013,225,0
atitlan,2026-04-13,706050.0,1628850.0,0.20770733,9.3425455,225,0
atitlan,2026-04-13,706350.0,1628850.0,0.21786651,10.771333,225,0
atitlan,2026-04-13,706650.0,1628850.0,0.20115475,10.702233,225,0
atitlan,2026-04-13,706950.0,1628850.0,0.15808085,8.301635,225,0
atitlan,2026-04-13,707250.0,1628850.0,0.22520645,11.744397,225,0
atitlan,2026-04-13,707550.0,1628850.0,0.2623084,14.633122,225,1
atitlan,2026-04-13,707850.0,1628850.0,0.25781658,15.307738,45,1
atitlan,2026-04-13,680250.0,1629150.0,0.36677936,28.778347,180,1
atitlan,2026-04-13,680550.0,1629150.0,0.37190065,30.1401,225,1
atitlan,2026-04-13,680850.0,1629150.0,0.31080106,21.575209,225,1
atitlan,2026-04-13,681150.0,1629150.0,0.34290126,24.595736,225,1
atitlan,2026-04-13,681450.0,1629150.0,0.34356806,25.066956,225,1
atitlan,2026-04-13,681750.0,1629150.0,0.28103027,17.9448,225,1
atitlan,2026-04-13,682050.0,1629150.0,0.2584134,15.580353,225,1
atitlan,2026-04-13,682350.0,1629150.0,0.32881922,22.77742,225,1
atitlan,2026-04-13,682650.0,1629150.0,0.33249643,22.655672,225,1
atitlan,2026-04-13,682950.0,1629150.0,0.34561354,24.87062,225,1
atitlan,2026-04-13,683250.0,1629150.0,0.35016847,25.516281,225,1
atitlan,2026-04-13,683550.0,1629150.0,0.27490065,15.626254,225,1
atitlan,2026-04-13,683850.0,1629150.0,0.24381223,11.710069,225,0
atitlan,2026-04-13,684150.0,1629150.0,0.26336184,13.3616295,225,1
atitlan,2026-04-13,684450.0,1629150.0,0.28519395,16.182951,225,1
atitlan,2026-04-13,684750.0,1629150.0,0.23866037,11.243229,225,0
atitlan,2026-04-13,685050.0,1629150.0,0.2333413,11.812881,225,0
atitlan,2026-04-13,685350.0,1629150.0,0.24967022,12.0896845,225,1
atitlan,2026-04-13,685650.0,1629150.0,0.27509356,14.406747,225,1
atitlan,2026-04-13,685950.0,1629150.0,0.29510188,17.345299,225,1
atitlan,2026-04-13,686250.0,1629150.0,0.28177318,15.066837,225,1
atitlan,2026-04-13,686550.0,1629150.0,0.22450618,10.195824,225,0
atitlan,2026-04-13,686850.0,1629150.0,0.24047063,11.275687,225,0
atitlan,2026-04-13,687150.0,1629150.0,0.23811546,11.6732855,225,0
atitlan,2026-04-13,687450.0,1629150.0,0.24769104,12.292699,225,1
atitlan,2026-04-13,687750.0,1629150.0,0.22873683,10.287366,225,0
atitlan,2026-04-13,688050.0,1629150.0,0.24032883,10.815555,225,0
atitlan,2026-04-13,688350.0,1629150.0,0.23399508,10.997869,225,0
atitlan,2026-04-13,688650.0,1629150.0,0.20114625,8.850073,225,0
atitlan,2026-04-13,688950.0,1629150.0,0.15527888,8.098285,225,0
atitlan,2026-04-13,689250.0,1629150.0,0.09473376,6.731343,225,0
atitlan,2026-04-13,689550.0,1629150.0,-0.020472065,3.6490972,225,0
atitlan,2026-04-13,689850.0,1629150.0,0.0030040613,4.347108,225,0
atitlan,2026-04-13,690150.0,1629150.0,0.09199516,6.2293324,225,0
atitlan,2026-04-13,690450.0,1629150.0,0.034357637,5.019379,225,0
atitlan,2026-04-13,690750.0,1629150.0,-0.03243992,3.1835942,225,0
atitlan,2026-04-13,691050.0,1629150.0,-0.032192145,3.2142556,225,0
atitlan,2026-04-13,691350.0,1629150.0,-0.0348611,3.130039,225,0
atitlan,2026-04-13,691650.0,1629150.0,-0.035874728,3.0977798,225,0
atitlan,2026-04-13,691950.0,1629150.0,-0.044693492,2.733328,225,0
atitlan,2026-04-13,692250.0,1629150.0,-0.043456513,2.7537456,225,0
atitlan,2026-04-13,692550.0,1629150.0,-0.03354513,3.1812153,225,0
atitlan,2026-04-13,692850.0,1629150.0,-0.038079146,3.00464,225,0
atitlan,2026-04-13,693150.0,1629150.0,-0.040663924,2.8992918,225,0
atitlan,2026-04-13,693450.0,1629150.0,-0.03955476,2.9585083,225,0
atitlan,2026-04-13,693750.0,1629150.0,-0.04377405,2.799704,225,0
atitlan,2026-04-13,694050.0,1629150.0,-0.04664499,2.6923685,225,0
atitlan,2026-04-13,694350.0,1629150.0,-0.051360868,2.4914222,225,0
atitlan,2026-04-13,694650.0,1629150.0,-0.054097522,2.3654566,225,0
atitlan,2026-04-13,694950.0,1629150.0,-0.054660458,2.3381894,225,0
atitlan,2026-04-13,695250.0,1629150.0,-0.060144745,2.0598447,225,0
atitlan,2026-04-13,695550.0,1629150.0,-0.06259355,1.9385636,225,0
atitlan,2026-04-13,695850.0,1629150.0,-0.062867835,1.9075347,225,0
atitlan,2026-04-13,696150.0,1629150.0,-0.06365586,1.8598555,225,0
atitlan,2026-04-13,696450.0,1629150.0,-0.06895713,1.6122633,225,0
atitlan,2026-04-13,696750.0,1629150.0,-0.06678327,1.7155671,225,0
atitlan,2026-04-13,697050.0,1629150.0,-0.06722353,1.6974977,225,0
atitlan,2026-04-13,697350.0,1629150.0,-0.0619103,1.9795165,225,0
atitlan,2026-04-13,697650.0,1629150.0,-0.06216896,1.9555806,225,0
atitlan,2026-04-13,697950.0,1629150.0,-0.0638703,1.8780931,225,0
atitlan,2026-04-13,698250.0,1629150.0,-0.06302414,1.895881,225,0
atitlan,2026-04-13,698550.0,1629150.0,-0.05961623,2.0762155,225,0
atitlan,2026-04-13,698850.0,1629150.0,-0.06785512,1.6647716,225,0
atitlan,2026-04-13,699150.0,1629150.0,-0.068790175,1.6133184,225,0
atitlan,2026-04-13,699450.0,1629150.0,-0.06544128,1.7837456,225,0
atitlan,2026-04-13,699750.0,1629150.0,-0.039692964,2.8714252,225,0
atitlan,2026-04-13,700050.0,1629150.0,0.14880851,8.347691,225,0
atitlan,2026-04-13,700350.0,1629150.0,0.14493515,6.7282367,225,0
atitlan,2026-04-13,700650.0,1629150.0,0.13090523,6.4408026,225,0
atitlan,2026-04-13,700950.0,1629150.0,0.19789046,7.9926863,225,0
atitlan,2026-04-13,701250.0,1629150.0,0.20264024,8.412045,225,0
atitlan,2026-04-13,701550.0,1629150.0,0.22524042,12.474414,225,1
atitlan,2026-04-13,701850.0,1629150.0,0.22460753,12.410508,225,1
atitlan,2026-04-13,702150.0,1629150.0,0.23251551,15.9242115,225,1
atitlan,2026-04-13,702450.0,1629150.0,0.30813074,20.198616,225,1
atitlan,2026-04-13,702750.0,1629150.0,0.30491304,21.61399,225,1
atitlan,2026-04-13,703050.0,1629150.0,0.15606254,10.004047,225,0
atitlan,2026-04-13,703350.0,1629150.0,0.10512726,7.529662,225,0
atitlan,2026-04-13,703650.0,1629150.0,0.11929077,8.366233,225,0
atitlan,2026-04-13,703950.0,1629150.0,0.1290309,7.847259,225,0
atitlan,2026-04-13,704250.0,1629150.0,0.24172309,13.312317,225,1
atitlan,2026-04-13,704550.0,1629150.0,0.106498756,6.668721,225,0
atitlan,2026-04-13,704850.0,1629150.0,0.096534595,5.4277625,225,0
atitlan,2026-04-13,705150.0,1629150.0,0.12383806,7.0712314,225,0
atitlan,2026-04-13,705450.0,1629150.0,0.21260612,9.536182,225,0
atitlan,2026-04-13,705750.0,1629150.0,0.1947152,8.349493,225,0
atitlan,2026-04-13,706050.0,1629150.0,0.20759845,9.87726,225,0
atitlan,2026-04-13,706350.0,1629150.0,0.20994811,12.363038,225,1
atitlan,2026-04-13,706650.0,1629150.0,0.20185393,11.291465,225,0
atitlan,2026-04-13,706950.0,1629150.0,0.13393104,8.2775955,225,0
atitlan,2026-04-13,707250.0,1629150.0,0.21931262,11.410894,225,0
atitlan,2026-04-13,707550.0,1629150.0,0.17568173,9.758808,225,0
atitlan,2026-04-13,707850.0,1629150.0,0.20608756,10.896753,45,0
atitlan,2026-04-13,680250.0,1629450.0,0.35946748,28.384996,180,1
atitlan,2026-04-13,680550.0,1629450.0,0.36107233,28.513138,225,1
atitlan,2026-04-13,680850.0,1629450.0,0.3028753,19.391376,225,1
atitlan,2026-04-13,681150.0,1629450.0,0.3350935,22.684147,225,1
atitlan,2026-04-13,681450.0,1629450.0,0.350633,26.06005,225,1
atitlan,2026-04-13,681750.0,1629450.0,0.31607902,23.368181,225,1
atitlan,2026-04-13,682050.0,1629450.0,0.2506454,15.936037,225,1
atitlan,2026-04-13,682350.0,1629450.0,0.28844824,17.59526,225,1
atitlan,2026-04-13,682650.0,1629450.0,0.29688972,17.070852,225,1
atitlan,2026-04-13,682950.0,1629450.0,0.32834414,21.40688,225,1
atitlan,2026-04-13,683250.0,1629450.0,0.355207,26.112843,225,1
atitlan,2026-04-13,683550.0,1629450.0,0.35668474,27.906214,225,1
atitlan,2026-04-13,683850.0,1629450.0,0.23989864,12.231632,225,1
atitlan,2026-04-13,684150.0,1629450.0,0.28484327,15.533049,225,1
atitlan,2026-04-13,684450.0,1629450.0,0.29722455,18.47234,225,1
atitlan,2026-04-13,684750.0,1629450.0,0.30704072,19.393936,225,1
atitlan,2026-04-13,685050.0,1629450.0,0.2889996,17.40791,225,1
atitlan,2026-04-13,685350.0,1629450.0,0.28253278,16.500906,225,1
atitlan,2026-04-13,685650.0,1629450.0,0.27412096,15.422765,225,1
atitlan,2026-04-13,685950.0,1629450.0,0.2692201,14.1392975,225,1
atitlan,2026-04-13,686250.0,1629450.0,0.29275635,16.534578,225,1
atitlan,2026-04-13,686550.0,1629450.0,0.24016283,11.271479,225,0
atitlan,2026-04-13,686850.0,1629450.0,0.27386367,14.191183,225,1
atitlan,2026-04-13,687150.0,1629450.0,0.2741325,14.921782,225,1
atitlan,2026-04-13,687450.0,1629450.0,0.26392725,13.503764,225,1
atitlan,2026-04-13,687750.0,1629450.0,0.24930365,11.647735,225,0
atitlan,2026-04-13,688050.0,1629450.0,0.25234547,12.501969,225,1
atitlan,2026-04-13,688350.0,1629450.0,0.182574,7.1798034,225,0
atitlan,2026-04-13,688650.0,1629450.0,0.17191096,8.597931,225,0
atitlan,2026-04-13,688950.0,1629450.0,0.1418713,7.7620053,225,0
atitlan,2026-04-13,689250.0,1629450.0,0.15791944,8.164523,225,0
atitlan,2026-04-13,689550.0,1629450.0,0.19413476,10.215582,225,0
atitlan,2026-04-13,689850.0,1629450.0,0.19925287,8.952837,225,0
atitlan,2026-04-13,690150.0,1629450.0,0.1470648,6.320073,225,0
atitlan,2026-04-13,690450.0,1629450.0,0.1709446,7.6939254,225,0
atitlan,2026-04-13,690750.0,1629450.0,0.1370425,6.805413,225,0
atitlan,2026-04-13,691050.0,1629450.0,0.0935085,5.9608283,225,0
atitlan,2026-04-13,691350.0,1629450.0,-0.03073586,3.2125819,225,0
atitlan,2026-04-13,691650.0,1629450.0,-0.031696297,3.2319837,225,0
atitlan,2026-04-13,691950.0,1629450.0,-0.0346725,3.107687,225,0
atitlan,2026-04-13,692250.0,1629450.0,-0.035052985,3.095554,225,0
atitlan,2026-04-13,692550.0,1629450.0,-0.031926513,3.2323685,225,0
atitlan,2026-04-13,692850.0,1629450.0,-0.035927672,3.061451,225,0
atitlan,2026-04-13,693150.0,1629450.0,-0.035133492,3.109627,225,0
atitlan,2026-04-13,693450.0,1629450.0,-0.039090276,2.967854,225,0
atitlan,2026-04-13,693750.0,1629450.0,-0.041948896,2.8441255,225,0
atitlan,2026-04-13,694050.0,1629450.0,-0.04908237,2.5835097,225,0
atitlan,2026-04-13,694350.0,1629450.0,-0.055776082,2.2829893,225,0
atitlan,2026-04-13,694650.0,1629450.0,-0.05936848,2.116515,225,0
atitlan,2026-04-13,694950.0,1629450.0,-0.05804535,2.1820576,225,0
atitlan,2026-04-13,695250.0,1629450.0,-0.06219073,1.9717016,225,0
atitlan,2026-04-13,695550.0,1629450.0,-0.06416265,1.8669477,225,0
atitlan,2026-04-13,695850.0,1629450.0,-0.064299285,1.8424062,225,0
atitlan,2026-04-13,696150.0,1629450.0,-0.065205716,1.7884145,225,0
atitlan,2026-04-13,696450.0,1629450.0,-0.06651073,1.724379,225,0
atitlan,2026-04-13,696750.0,1629450.0,-0.067248814,1.6988707,225,0
atitlan,2026-04-13,697050.0,1629450.0,-0.06647503,1.7431388,225,0
atitlan,2026-04-13,697350.0,1629450.0,-0.067451335,1.6777148,225,0
atitlan,2026-04-13,697650.0,1629450.0,-0.065255,1.7914566,225,0
atitlan,2026-04-13,697950.0,1629450.0,-0.064859495,1.8203028,225,0
atitlan,2026-04-13,698250.0,1629450.0,-0.061048936,1.9976884,225,0
atitlan,2026-04-13,698550.0,1629450.0,-0.05234634,2.2066367,225,0
atitlan,2026-04-13,698850.0,1629450.0,-0.03622193,2.7446566,225,0
atitlan,2026-04-13,699150.0,1629450.0,-0.050671294,2.0923247,225,0
atitlan,2026-04-13,699450.0,1629450.0,0.014324652,4.8816853,225,0
atitlan,2026-04-13,699750.0,1629450.0,0.15290365,8.985811,225,0
atitlan,2026-04-13,700050.0,1629450.0,0.21345666,10.119515,225,0
atitlan,2026-04-13,700350.0,1629450.0,0.2172606,9.381641,225,0
atitlan,2026-04-13,700650.0,1629450.0,0.18021725,8.625029,225,0
atitlan,2026-04-13,700950.0,1629450.0,0.23910047,13.025913,225,1
atitlan,2026-04-13,701250.0,1629450.0,0.23670453,12.990565,225,1
atitlan,2026-04-13,701550.0,1629450.0,0.1705034,11.466708,225,0
atitlan,2026-04-13,701850.0,1629450.0,0.18268771,9.442707,225,0
atitlan,2026-04-13,702150.0,1629450.0,0.19124557,11.023218,225,0
atitlan,2026-04-13,702450.0,1629450.0,0.20311946,10.745262,225,0
atitlan,2026-04-13,702750.0,1629450.0,0.22808109,12.830892,225,1
atitlan,2026-04-13,703050.0,1629450.0,0.17796962,10.927458,225,0
atitlan,2026-04-13,703350.0,1629450.0,0.15559435,10.344176,225,0
atitlan,2026-04-13,703650.0,1629450.0,0.07522919,5.6359744,225,0
atitlan,2026-04-13,703950.0,1629450.0,0.08923714,6.435756,225,0
atitlan,2026-04-13,704250.0,1629450.0,0.15285255,8.744452,225,0
atitlan,2026-04-13,704550.0,1629450.0,0.10483159,6.2996683,225,0
atitlan,2026-04-13,704850.0,1629450.0,0.075296745,4.97152,225,0
atitlan,2026-04-13,705150.0,1629450.0,0.16565232,8.590067,225,0
atitlan,2026-04-13,705450.0,1629450.0,0.1994766,9.645667,225,0
atitlan,2026-04-13,705750.0,1629450.0,0.19734602,9.05587,225,0
atitlan,2026-04-13,706050.0,1629450.0,0.20973258,9.903086,225,0
atitlan,2026-04-13,706350.0,1629450.0,0.19257455,10.42163,225,0
atitlan,2026-04-13,706650.0,1629450.0,0.19610612,10.949313,225,0
atitlan,2026-04-13,706950.0,1629450.0,0.20001675,10.300343,225,0
atitlan,2026-04-13,707250.0,1629450.0,0.19336827,8.575328,225,0
atitlan,2026-04-13,707550.0,1629450.0,0.18281363,9.58067,225,0
atitlan,2026-04-13,707850.0,1629450.0,0.23707597,13.4358425,45,1
atitlan,2026-04-13,680250.0,1629750.0,0.33785486,23.673347,180,1
atitlan,2026-04-13,680550.0,1629750.0,0.33554357,24.44945,225,1
atitlan,2026-04-13,680850.0,1629750.0,0.29746464,21.033049,225,1
atitlan,2026-04-13,681150.0,1629750.0,0.3487802,27.25228,225,1
atitlan,2026-04-13,681450.0,1629750.0,0.35285977,28.77979,225,1
atitlan,2026-04-13,681750.0,1629750.0,0.35519582,28.000917,225,1
atitlan,2026-04-13,682050.0,1629750.0,0.33002132,24.226643,225,1
atitlan,2026-04-13,682350.0,1629750.0,0.31946602,22.379625,225,1
atitlan,2026-04-13,682650.0,1629750.0,0.34607828,24.729893,225,1
atitlan,2026-04-13,682950.0,1629750.0,0.32201806,20.95113,225,1
atitlan,2026-04-13,683250.0,1629750.0,0.26960114,13.531621,225,1
atitlan,2026-04-13,683550.0,1629750.0,0.3466645,25.210056,225,1
atitlan,2026-04-13,683850.0,1629750.0,0.2687658,15.211838,225,1
atitlan,2026-04-13,684150.0,1629750.0,0.27803445,14.9825325,225,1
atitlan,2026-04-13,684450.0,1629750.0,0.2969403,19.616295,225,1
atitlan,2026-04-13,684750.0,1629750.0,0.3097155,18.992815,225,1
atitlan,2026-04-13,685050.0,1629750.0,0.24868076,12.206613,225,1
atitlan,2026-04-13,685350.0,1629750.0,0.28641123,16.208483,225,1
atitlan,2026-04-13,685650.0,1629750.0,0.31714275,20.378689,225,1
atitlan,2026-04-13,685950.0,1629750.0,0.28005943,14.872149,225,1
atitlan,2026-04-13,686250.0,1629750.0,0.2827623,15.3398075,225,1
atitlan,2026-04-13,686550.0,1629750.0,0.26421267,13.404585,225,1
atitlan,2026-04-13,686850.0,1629750.0,0.29816505,16.985548,225,1
atitlan,2026-04-13,687150.0,1629750.0,0.30064568,17.745914,225,1
atitlan,2026-04-13,687450.0,1629750.0,0.29395738,16.410189,225,1
atitlan,2026-04-13,687750.0,1629750.0,0.27449557,14.451959,225,1
atitlan,2026-04-13,688050.0,1629750.0,0.24383232,11.358647,225,0
atitlan,2026-04-13,688350.0,1629750.0,0.20711957,8.934825,225,0
atitlan,2026-04-13,688650.0,1629750.0,0.17567484,8.973343,225,0
atitlan,2026-04-13,688950.0,1629750.0,0.20426643,10.03937,225,0
atitlan,2026-04-13,689250.0,1629750.0,0.19419421,7.7907906,225,0
atitlan,2026-04-13,689550.0,1629750.0,0.18605757,7.7985277,225,0
atitlan,2026-04-13,689850.0,1629750.0,0.21301283,8.769075,225,0
atitlan,2026-04-13,690150.0,1629750.0,0.17182687,7.3729243,225,0
atitlan,2026-04-13,690450.0,1629750.0,0.18473919,7.5653825,225,0
atitlan,2026-04-13,690750.0,1629750.0,0.16249162,6.5703526,225,0
atitlan,2026-04-13,691050.0,1629750.0,0.15000756,6.449997,225,0
atitlan,2026-04-13,691350.0,1629750.0,0.11477064,8.266561,225,0
atitlan,2026-04-13,691650.0,1629750.0,-0.023961175,3.372673,225,0
atitlan,2026-04-13,691950.0,1629750.0,-0.025739146,3.3028157,225,0
atitlan,2026-04-13,692250.0,1629750.0,-0.025236031,3.3855374,225,0
atitlan,2026-04-13,692550.0,1629750.0,-0.030480834,3.262272,225,0
atitlan,2026-04-13,692850.0,1629750.0,-0.031177178,3.2425578,225,0
atitlan,2026-04-13,693150.0,1629750.0,-0.030471181,3.2768364,225,0
atitlan,2026-04-13,693450.0,1629750.0,-0.034838017,3.1272423,225,0
atitlan,2026-04-13,693750.0,1629750.0,-0.04180108,2.825683,225,0
atitlan,2026-04-13,694050.0,1629750.0,-0.045370076,2.7310843,225,0
atitlan,2026-04-13,694350.0,1629750.0,-0.051968824,2.4602664,225,0
atitlan,2026-04-13,694650.0,1629750.0,-0.05504049,2.3217647,225,0
atitlan,2026-04-13,694950.0,1629750.0,-0.056864128,2.2348087,225,0
atitlan,2026-04-13,695250.0,1629750.0,-0.056518864,2.2502475,225,0
atitlan,2026-04-13,695550.0,1629750.0,-0.059517153,2.091263,225,0
atitlan,2026-04-13,695850.0,1629750.0,-0.06480524,1.8208897,225,0
atitlan,2026-04-13,696150.0,1629750.0,-0.0667904,1.7171029,225,0
atitlan,2026-04-13,696450.0,1629750.0,-0.06820751,1.6343224,225,0
atitlan,2026-04-13,696750.0,1629750.0,-0.07013497,1.5435286,225,0
atitlan,2026-04-13,697050.0,1629750.0,-0.059433118,2.0609653,225,0
atitlan,2026-04-13,697350.0,1629750.0,-0.06382292,1.8672781,225,0
atitlan,2026-04-13,697650.0,1629750.0,-0.0665703,1.7101495,225,0
atitlan,2026-04-13,697950.0,1629750.0,-0.06977253,1.5580044,225,0
atitlan,2026-04-13,698250.0,1629750.0,0.007307676,4.815359,225,0
atitlan,2026-04-13,698550.0,1629750.0,0.14284508,9.107861,225,0
atitlan,2026-04-13,698850.0,1629750.0,0.15159556,9.320241,225,0
atitlan,2026-04-13,699150.0,1629750.0,0.18945701,10.671967,225,0
atitlan,2026-04-13,699450.0,1629750.0,0.19236243,9.209279,225,0
atitlan,2026-04-13,699750.0,1629750.0,0.16328795,6.705797,225,0
atitlan,2026-04-13,700050.0,1629750.0,0.20467213,8.500881,225,0
atitlan,2026-04-13,700350.0,1629750.0,0.20704475,8.469884,225,0
atitlan,2026-04-13,700650.0,1629750.0,0.22012526,11.490859,225,0
atitlan,2026-04-13,700950.0,1629750.0,0.2482044,14.784989,225,1
atitlan,2026-04-13,701250.0,1629750.0,0.20308034,12.554592,225,1
atitlan,2026-04-13,701550.0,1629750.0,0.18249248,11.007294,225,0
atitlan,2026-04-13,701850.0,1629750.0,0.25589952,14.380484,225,1
atitlan,2026-04-13,702150.0,1629750.0,0.22769316,13.961078,225,1
atitlan,2026-04-13,702450.0,1629750.0,0.21879426,12.007799,225,1
atitlan,2026-04-13,702750.0,1629750.0,0.2104322,11.8677,225,0
atitlan,2026-04-13,703050.0,1629750.0,0.13574968,8.433763,225,0
atitlan,2026-04-13,703350.0,1629750.0,0.10462842,7.838423,225,0
atitlan,2026-04-13,703650.0,1629750.0,0.10521108,6.755524,225,0
atitlan,2026-04-13,703950.0,1629750.0,0.13769731,8.214196,225,0
atitlan,2026-04-13,704250.0,1629750.0,0.08637188,5.4763255,225,0
atitlan,2026-04-13,704550.0,1629750.0,0.1328689,7.5921164,225,0
atitlan,2026-04-13,704850.0,1629750.0,0.14711672,8.159131,225,0
atitlan,2026-04-13,705150.0,1629750.0,0.1818339,10.9111185,225,0
atitlan,2026-04-13,705450.0,1629750.0,0.19232424,9.876063,225,0
atitlan,2026-04-13,705750.0,1629750.0,0.22210628,11.452721,225,0
atitlan,2026-04-13,706050.0,1629750.0,0.20814432,11.006078,225,0
atitlan,2026-04-13,706350.0,1629750.0,0.22834696,10.868423,225,0
atitlan,2026-04-13,706650.0,1629750.0,0.18408026,10.253164,225,0
atitlan,2026-04-13,706950.0,1629750.0,0.19034009,9.350775,225,0
atitlan,2026-04-13,707250.0,1629750.0,0.18751878,8.003188,225,0
atitlan,2026-04-13,707550.0,1629750.0,0.15468487,8.5437155,225,0
atitlan,2026-04-13,707850.0,1629750.0,0.26835686,14.818525,45,1
atitlan,2026-04-13,680250.0,1630050.0,0.3084285,21.234936,180,1
atitlan,2026-04-13,680550.0,1630050.0,0.32331404,22.78933,225,1
atitlan,2026-04-13,680850.0,1630050.0,0.3536536,26.1837,225,1
atitlan,2026-04-13,681150.0,1630050.0,0.32272682,22.733349,225,1
atitlan,2026-04-13,681450.0,1630050.0,0.2957218,18.307932,225,1
atitlan,2026-04-13,681750.0,1630050.0,0.33032972,21.895782,225,1
atitlan,2026-04-13,682050.0,1630050.0,0.31051958,19.914793,225,1
atitlan,2026-04-13,682350.0,1630050.0,0.33964676,27.960022,225,1
atitlan,2026-04-13,682650.0,1630050.0,0.35892996,27.043932,225,1
atitlan,2026-04-13,682950.0,1630050.0,0.3729687,30.33872,225,1
atitlan,2026-04-13,683250.0,1630050.0,0.3322841,22.890713,225,1
atitlan,2026-04-13,683550.0,1630050.0,0.33459577,23.094248,225,1
atitlan,2026-04-13,683850.0,1630050.0,0.30824792,20.19538,225,1
atitlan,2026-04-13,684150.0,1630050.0,0.27446145,14.895702,225,1
atitlan,2026-04-13,684450.0,1630050.0,0.35213697,26.562265,225,1
atitlan,2026-04-13,684750.0,1630050.0,0.29425243,17.472422,225,1
atitlan,2026-04-13,685050.0,1630050.0,0.23004262,10.16733,225,0
atitlan,2026-04-13,685350.0,1630050.0,0.29258877,16.5359,225,1
atitlan,2026-04-13,685650.0,1630050.0,0.2878631,16.711782,225,1
atitlan,2026-04-13,685950.0,1630050.0,0.2759796,14.453139,225,1
atitlan,2026-04-13,686250.0,1630050.0,0.2477555,12.363668,225,1
atitlan,2026-04-13,686550.0,1630050.0,0.29761702,17.160324,225,1
atitlan,2026-04-13,686850.0,1630050.0,0.30850103,18.210516,225,1
atitlan,2026-04-13,687150.0,1630050.0,0.28668424,15.5503235,225,1
atitlan,2026-04-13,687450.0,1630050.0,0.26347664,13.053554,225,1
atitlan,2026-04-13,687750.0,1630050.0,0.29693168,17.48013,225,1
atitlan,2026-04-13,688050.0,1630050.0,0.26048663,12.6286545,225,1
atitlan,2026-04-13,688350.0,1630050.0,0.22085187,11.367627,225,0
atitlan,2026-04-13,688650.0,1630050.0,0.18721214,9.294557,225,0
atitlan,2026-04-13,688950.0,1630050.0,0.24932152,12.652646,225,1
atitlan,2026-04-13,689250.0,1630050.0,0.21915919,9.4210615,225,0
atitlan,2026-04-13,689550.0,1630050.0,0.20377868,8.64667,225,0
atitlan,2026-04-13,689850.0,1630050.0,0.231362,13.060884,225,1
atitlan,2026-04-13,690150.0,1630050.0,0.19314612,9.447675,225,0
atitlan,2026-04-13,690450.0,1630050.0,0.17101982,7.264581,225,0
atitlan,2026-04-13,690750.0,1630050.0,0.17025441,6.992863,225,0
atitlan,2026-04-13,691050.0,1630050.0,0.15927887,6.637464,225,0
atitlan,2026-04-13,691350.0,1630050.0,0.17424844,7.3838286,225,0
atitlan,2026-04-13,691650.0,1630050.0,0.1442529,8.416359,225,0
atitlan,2026-04-13,691950.0,1630050.0,0.19550706,9.824784,225,0
atitlan,2026-04-13,692250.0,1630050.0,0.11848874,5.599335,225,0
atitlan,2026-04-13,692550.0,1630050.0,0.06350224,6.290838,225,0
atitlan,2026-04-13,692850.0,1630050.0,-0.0279975,3.353179,225,0
atitlan,2026-04-13,693150.0,1630050.0,-0.029846068,3.2940345,225,0
atitlan,2026-04-13,693450.0,1630050.0,-0.03069802,3.2719862,225,0
atitlan,2026-04-13,693750.0,1630050.0,-0.03485183,3.1140366,225,0
atitlan,2026-04-13,694050.0,1630050.0,-0.037555367,2.997449,225,0
atitlan,2026-04-13,694350.0,1630050.0,-0.042961836,2.8065183,225,0
atitlan,2026-04-13,694650.0,1630050.0,-0.05587137,2.2633886,225,0
atitlan,2026-04-13,694950.0,1630050.0,-0.059323892,2.1179826,225,0
atitlan,2026-04-13,695250.0,1630050.0,-0.061328303,2.0087323,225,0
atitlan,2026-04-13,695550.0,1630050.0,-0.058708712,2.125709,225,0
atitlan,2026-04-13,695850.0,1630050.0,-0.055760864,2.261577,225,0
atitlan,2026-04-13,696150.0,1630050.0,-0.06706622,1.7184525,225,0
atitlan,2026-04-13,696450.0,1630050.0,-0.07093332,1.5020566,225,0
atitlan,2026-04-13,696750.0,1630050.0,-0.070906445,1.4790047,225,0
atitlan,2026-04-13,697050.0,1630050.0,-0.06420601,1.852849,225,0
atitlan,2026-04-13,697350.0,1630050.0,-0.062867954,1.914303,225,0
atitlan,2026-04-13,697650.0,1630050.0,-0.06782626,1.6312846,225,0
atitlan,2026-04-13,697950.0,1630050.0,-0.0046754675,3.496754,225,0
atitlan,2026-04-13,698250.0,1630050.0,0.07278511,5.711276,225,0
atitlan,2026-04-13,698550.0,1630050.0,0.07995397,5.548305,225,0
atitlan,2026-04-13,698850.0,1630050.0,0.10094052,7.066875,225,0
atitlan,2026-04-13,699150.0,1630050.0,0.1095129,7.7169414,225,0
atitlan,2026-04-13,699450.0,1630050.0,0.22173998,9.929617,225,0
atitlan,2026-04-13,699750.0,1630050.0,0.20372921,7.8890376,225,0
atitlan,2026-04-13,700050.0,1630050.0,0.1683206,7.36992,225,0
atitlan,2026-04-13,700350.0,1630050.0,0.16976188,8.379628,225,0
atitlan,2026-04-13,700650.0,1630050.0,0.23317978,13.199439,225,1
atitlan,2026-04-13,700950.0,1630050.0,0.19171841,10.870969,225,0
atitlan,2026-04-13,701250.0,1630050.0,0.18807349,11.643688,225,0
atitlan,2026-04-13,701550.0,1630050.0,0.23864499,13.844972,225,1
atitlan,2026-04-13,701850.0,1630050.0,0.18690723,10.32665,225,0
atitlan,2026-04-13,702150.0,1630050.0,0.16719942,9.332919,225,0
atitlan,2026-04-13,702450.0,1630050.0,0.23689993,13.823825,225,1
atitlan,2026-04-13,702750.0,1630050.0,0.12076737,8.242049,225,0
atitlan,2026-04-13,703050.0,1630050.0,0.10674588,7.4149184,225,0
atitlan,2026-04-13,703350.0,1630050.0,0.09151119,5.9098516,225,0
atitlan,2026-04-13,703650.0,1630050.0,0.08768427,5.714772,225,0
atitlan,2026-04-13,703950.0,1630050.0,0.07897162,5.3236217,225,0
atitlan,2026-04-13,704250.0,1630050.0,0.116548955,7.501891,225,0
atitlan,2026-04-13,704550.0,1630050.0,0.24114625,12.714515,225,1
atitlan,2026-04-13,704850.0,1630050.0,0.26427907,14.130662,225,1
atitlan,2026-04-13,705150.0,1630050.0,0.26197916,14.396112,225,1
atitlan,2026-04-13,705450.0,1630050.0,0.26237646,16.541721,225,1
atitlan,2026-04-13,705750.0,1630050.0,0.19539689,9.883463,225,0
atitlan,2026-04-13,706050.0,1630050.0,0.21486881,10.905541,225,0
atitlan,2026-04-13,706350.0,1630050.0,0.23500112,11.522471,225,0
atitlan,2026-04-13,706650.0,1630050.0,0.25166228,13.285627,225,1
atitlan,2026-04-13,706950.0,1630050.0,0.2635308,13.893826,225,1
atitlan,2026-04-13,707250.0,1630050.0,0.22457397,11.780785,225,0
atitlan,2026-04-13,707550.0,1630050.0,0.13504696,7.3966527,225,0
atitlan,2026-04-13,707850.0,1630050.0,0.19531873,9.106477,45,0
atitlan,2026-04-13,680250.0,1630350.0,0.3222479,22.698376,180,1
atitlan,2026-04-13,680550.0,1630350.0,0.32901117,23.30952,225,1
atitlan,2026-04-13,680850.0,1630350.0,0.2830771,17.645782,225,1
atitlan,2026-04-13,681150.0,1630350.0,0.3068569,21.776196,225,1
atitlan,2026-04-13,681450.0,1630350.0,0.33567247,22.675785,225,1
atitlan,2026-04-13,681750.0,1630350.0,0.30564222,17.80207,225,1
atitlan,2026-04-13,682050.0,1630350.0,0.3110465,19.683111,225,1
atitlan,2026-04-13,682350.0,1630350.0,0.30756298,18.837814,225,1
atitlan,2026-04-13,682650.0,1630350.0,0.34493673,26.374895,225,1
atitlan,2026-04-13,682950.0,1630350.0,0.3588139,26.896431,225,1
atitlan,2026-04-13,683250.0,1630350.0,0.3645531,28.805752,225,1
atitlan,2026-04-13,683550.0,1630350.0,0.32465214,20.959799,225,1
atitlan,2026-04-13,683850.0,1630350.0,0.29847357,17.593464,225,1
atitlan,2026-04-13,684150.0,1630350.0,0.35029036,27.604446,225,1
atitlan,2026-04-13,684450.0,1630350.0,0.35155454,27.846111,225,1
atitlan,2026-04-13,684750.0,1630350.0,0.3200859,20.288877,225,1
atitlan,2026-04-13,685050.0,1630350.0,0.23979102,10.924814,225,0
atitlan,2026-04-13,685350.0,1630350.0,0.26016283,13.876144,225,1
atitlan,2026-04-13,685650.0,1630350.0,0.2729831,14.195902,225,1
atitlan,2026-04-13,685950.0,1630350.0,0.26310787,13.708328,225,1
atitlan,2026-04-13,686250.0,1630350.0,0.31760243,20.259485,225,1
atitlan,2026-04-13,686550.0,1630350.0,0.32242233,20.727789,225,1
atitlan,2026-04-13,686850.0,1630350.0,0.31165436,19.077013,225,1
atitlan,2026-04-13,687150.0,1630350.0,0.28409877,15.165661,225,1
atitlan,2026-04-13,687450.0,1630350.0,0.32278132,20.768063,225,1
atitlan,2026-04-13,687750.0,1630350.0,0.29906607,18.49904,225,1
atitlan,2026-04-13,688050.0,1630350.0,0.2626697,14.4872055,225,1
atitlan,2026-04-13,688350.0,1630350.0,0.24808104,14.217177,225,1
atitlan,2026-04-13,688650.0,1630350.0,0.19687115,9.947784,225,0
atitlan,2026-04-13,688950.0,1630350.0,0.24355672,11.720776,225,0
atitlan,2026-04-13,689250.0,1630350.0,0.25751904,12.868089,225,1
atitlan,2026-04-13,689550.0,1630350.0,0.23588294,14.017326,225,1
atitlan,2026-04-13,689850.0,1630350.0,0.19841453,11.904036,225,0
atitlan,2026-04-13,690150.0,1630350.0,0.2082409,11.544684,225,0
atitlan,2026-04-13,690450.0,1630350.0,0.19122331,8.60766,225,0
atitlan,2026-04-13,690750.0,1630350.0,0.19334416,8.444234,225,0
atitlan,2026-04-13,691050.0,1630350.0,0.16385421,6.6548123,225,0
atitlan,2026-04-13,691350.0,1630350.0,0.21064909,9.251473,225,0
atitlan,2026-04-13,691650.0,1630350.0,0.18234986,8.92314,225,0
atitlan,2026-04-13,691950.0,1630350.0,0.2384738,11.532409,225,0
atitlan,2026-04-13,692250.0,1630350.0,0.18085492,8.221657,225,0
atitlan,2026-04-13,692550.0,1630350.0,0.16058488,7.7923274,225,0
atitlan,2026-04-13,692850.0,1630350.0,0.07422874,6.370535,225,0
atitlan,2026-04-13,693150.0,1630350.0,0.088346526,6.7446947,225,0
atitlan,2026-04-13,693450.0,1630350.0,0.09028739,7.439474,225,0
atitlan,2026-04-13,693750.0,1630350.0,-0.0075349975,4.36617,225,0
atitlan,2026-04-13,694050.0,1630350.0,0.05320691,5.117979,225,0
atitlan,2026-04-13,694350.0,1630350.0,0.11750439,5.8326864,225,0
atitlan,2026-04-13,694650.0,1630350.0,-0.044410575,2.6895828,225,0
atitlan,2026-04-13,694950.0,1630350.0,-0.05507083,2.2803226,225,0
atitlan,2026-04-13,695250.0,1630350.0,-0.055082038,2.172045,225,0
atitlan,2026-04-13,695550.0,1630350.0,-0.01120162,3.1419435,225,0
atitlan,2026-04-13,695850.0,1630350.0,0.01680453,3.8636723,225,0
atitlan,2026-04-13,696150.0,1630350.0,-0.013369909,3.3204792,225,0
atitlan,2026-04-13,696450.0,1630350.0,-0.06195406,1.8803722,225,0
atitlan,2026-04-13,696750.0,1630350.0,-0.07456564,1.3001987,225,0
atitlan,2026-04-13,697050.0,1630350.0,-0.06194814,1.9185885,225,0
atitlan,2026-04-13,697350.0,1630350.0,-0.06316465,1.8737291,225,0
atitlan,2026-04-13,697650.0,1630350.0,-0.033454183,2.6298556,225,0
atitlan,2026-04-13,697950.0,1630350.0,0.12937312,8.362598,225,0
atitlan,2026-04-13,698250.0,1630350.0,0.09341847,6.4030027,225,0
atitlan,2026-04-13,698550.0,1630350.0,0.09320955,6.442356,225,0
atitlan,2026-04-13,698850.0,1630350.0,0.095085315,6.245286,225,0
atitlan,2026-04-13,699150.0,1630350.0,0.12515748,8.353522,225,0
atitlan,2026-04-13,699450.0,1630350.0,0.23560348,11.22369,225,0
atitlan,2026-04-13,699750.0,1630350.0,0.2161844,9.821611,225,0
atitlan,2026-04-13,700050.0,1630350.0,0.15649116,8.410716,225,0
atitlan,2026-04-13,700350.0,1630350.0,0.13301748,7.742578,225,0
atitlan,2026-04-13,700650.0,1630350.0,0.18514909,9.955423,225,0
atitlan,2026-04-13,700950.0,1630350.0,0.12141052,6.38655,225,0
atitlan,2026-04-13,701250.0,1630350.0,0.14527987,10.123024,225,0
atitlan,2026-04-13,701550.0,1630350.0,0.13572593,8.413931,225,0
atitlan,2026-04-13,701850.0,1630350.0,0.12481536,7.7897573,225,0
atitlan,2026-04-13,702150.0,1630350.0,0.2698504,15.823456,225,1
atitlan,2026-04-13,702450.0,1630350.0,0.2613375,17.291656,225,1
atitlan,2026-04-13,702750.0,1630350.0,0.11279996,7.95793,225,0
atitlan,2026-04-13,703050.0,1630350.0,0.100421794,7.007226,225,0
atitlan,2026-04-13,703350.0,1630350.0,0.08117104,5.438639,225,0
atitlan,2026-04-13,703650.0,1630350.0,0.09794352,5.99796,225,0
atitlan,2026-04-13,703950.0,1630350.0,0.123995915,6.940327,225,0
atitlan,2026-04-13,704250.0,1630350.0,0.24571975,13.104469,225,1
atitlan,2026-04-13,704550.0,1630350.0,0.2261746,10.995226,225,0
atitlan,2026-04-13,704850.0,1630350.0,0.2614423,15.229337,225,1
atitlan,2026-04-13,705150.0,1630350.0,0.23544541,11.60516,225,0
atitlan,2026-04-13,705450.0,1630350.0,0.23380254,11.620943,225,0
atitlan,2026-04-13,705750.0,1630350.0,0.21122137,10.497939,225,0
atitlan,2026-04-13,706050.0,1630350.0,0.21784472,11.266828,225,0
atitlan,2026-04-13,706350.0,1630350.0,0.2924451,16.567125,225,1
atitlan,2026-04-13,706650.0,1630350.0,0.23460291,11.898601,225,0
atitlan,2026-04-13,706950.0,1630350.0,0.22602542,11.15521,225,0
atitlan,2026-04-13,707250.0,1630350.0,0.20324928,9.970816,225,0
atitlan,2026-04-13,707550.0,1630350.0,0.19287813,9.266982,225,0
atitlan,2026-04-13,707850.0,1630350.0,0.15876111,8.229371,45,0
atitlan,2026-04-13,680250.0,1630650.0,0.363655,28.352566,180,1
atitlan,2026-04-13,680550.0,1630650.0,0.37348628,30.313108,225,1
atitlan,2026-04-13,680850.0,1630650.0,0.32760265,24.331045,225,1
atitlan,2026-04-13,681150.0,1630650.0,0.3250982,25.002092,225,1
atitlan,2026-04-13,681450.0,1630650.0,0.36289853,27.901545,225,1
atitlan,2026-04-13,681750.0,1630650.0,0.36279848,27.989937,225,1
atitlan,2026-04-13,682050.0,1630650.0,0.3604146,27.474577,225,1
atitlan,2026-04-13,682350.0,1630650.0,0.37598667,31.417963,225,1
atitlan,2026-04-13,682650.0,1630650.0,0.35738248,29.765858,225,1
atitlan,2026-04-13,682950.0,1630650.0,0.3647411,28.396841,225,1
atitlan,2026-04-13,683250.0,1630650.0,0.37047964,29.646305,225,1
atitlan,2026-04-13,683550.0,1630650.0,0.36551347,29.836401,225,1
atitlan,2026-04-13,683850.0,1630650.0,0.31329817,21.161058,225,1
atitlan,2026-04-13,684150.0,1630650.0,0.37031242,30.624144,225,1
atitlan,2026-04-13,684450.0,1630650.0,0.319172,21.451756,225,1
atitlan,2026-04-13,684750.0,1630650.0,0.34626985,25.102467,225,1
atitlan,2026-04-13,685050.0,1630650.0,0.31158617,19.385975,225,1
atitlan,2026-04-13,685350.0,1630650.0,0.28724107,18.246943,225,1
atitlan,2026-04-13,685650.0,1630650.0,0.28779733,16.348469,225,1
atitlan,2026-04-13,685950.0,1630650.0,0.30138406,17.97245,225,1
atitlan,2026-04-13,686250.0,1630650.0,0.29066247,16.19884,225,1
atitlan,2026-04-13,686550.0,1630650.0,0.29094404,16.083946,225,1
atitlan,2026-04-13,686850.0,1630650.0,0.31285456,19.274965,225,1
atitlan,2026-04-13,687150.0,1630650.0,0.28239375,14.930064,225,1
atitlan,2026-04-13,687450.0,1630650.0,0.31077063,19.190434,225,1
atitlan,2026-04-13,687750.0,1630650.0,0.28066787,15.043763,225,1
atitlan,2026-04-13,688050.0,1630650.0,0.29794788,18.309265,225,1
atitlan,2026-04-13,688350.0,1630650.0,0.26287457,13.471824,225,1
atitlan,2026-04-13,688650.0,1630650.0,0.2330282,11.884914,225,0
atitlan,2026-04-13,688950.0,1630650.0,0.21526729,10.671935,225,0
atitlan,2026-04-13,689250.0,1630650.0,0.23447746,11.809821,225,0
atitlan,2026-04-13,689550.0,1630650.0,0.25940233,15.051818,225,1
atitlan,2026-04-13,689850.0,1630650.0,0.261832,14.862472,225,1
atitlan,2026-04-13,690150.0,1630650.0,0.26200202,17.906885,225,1
atitlan,2026-04-13,690450.0,1630650.0,0.2187345,10.09535,225,0
atitlan,2026-04-13,690750.0,1630650.0,0.17857575,8.414502,225,0
atitlan,2026-04-13,691050.0,1630650.0,0.18357502,7.813775,225,0
atitlan,2026-04-13,691350.0,1630650.0,0.20435664,8.587104,225,0
atitlan,2026-04-13,691650.0,1630650.0,0.19786003,8.372504,225,0
atitlan,2026-04-13,691950.0,1630650.0,0.21593437,9.241056,225,0
atitlan,2026-04-13,692250.0,1630650.0,0.19744077,8.237284,225,0
atitlan,2026-04-13,692550.0,1630650.0,0.20121962,9.037945,225,0
atitlan,2026-04-13,692850.0,1630650.0,0.17010982,8.674767,225,0
atitlan,2026-04-13,693150.0,1630650.0,0.1577257,8.421371,225,0
atitlan,2026-04-13,693450.0,1630650.0,0.21547337,11.4212265,225,0
atitlan,2026-04-13,693750.0,1630650.0,0.19973531,10.43972,225,0
atitlan,2026-04-13,694050.0,1630650.0,0.23575528,10.91047,225,0
atitlan,2026-04-13,694350.0,1630650.0,0.22244412,10.227028,225,0
atitlan,2026-04-13,694650.0,1630650.0,0.1878807,10.698993,225,0
atitlan,2026-04-13,694950.0,1630650.0,0.12854984,6.6356897,225,0
atitlan,2026-04-13,695250.0,1630650.0,0.07795347,5.7945004,225,0
atitlan,2026-04-13,695550.0,1630650.0,0.11862422,6.1419563,225,0
atitlan,2026-04-13,695850.0,1630650.0,0.15668571,7.075573,225,0
atitlan,2026-04-13,696150.0,1630650.0,0.107693166,5.6525044,225,0
atitlan,2026-04-13,696450.0,1630650.0,0.062760055,5.014482,225,0
atitlan,2026-04-13,696750.0,1630650.0,-0.06651137,1.6967192,225,0
atitlan,2026-04-13,697050.0,1630650.0,-0.074072,1.3056417,225,0
atitlan,2026-04-13,697350.0,1630650.0,-0.07793474,1.1233716,225,0
atitlan,2026-04-13,697650.0,1630650.0,0.05438679,5.6590877,225,0
atitlan,2026-04-13,697950.0,1630650.0,0.123615585,7.189115,225,0
atitlan,2026-04-13,698250.0,1630650.0,0.07385501,5.4524865,225,0
atitlan,2026-04-13,698550.0,1630650.0,0.07118878,5.921366,225,0
atitlan,2026-04-13,698850.0,1630650.0,0.072921075,5.489133,225,0
atitlan,2026-04-13,699150.0,1630650.0,0.09123823,6.2094517,225,0
atitlan,2026-04-13,699450.0,1630650.0,0.2227607,11.397868,225,0
atitlan,2026-04-13,699750.0,1630650.0,0.2623807,13.697799,225,1
atitlan,2026-04-13,700050.0,1630650.0,0.24789621,13.710536,225,1
atitlan,2026-04-13,700350.0,1630650.0,0.2195789,13.950445,225,1
atitlan,2026-04-13,700650.0,1630650.0,0.122198716,7.986497,225,0
atitlan,2026-04-13,700950.0,1630650.0,0.110488296,6.976868,225,0
atitlan,2026-04-13,701250.0,1630650.0,0.10534391,6.7607155,225,0
atitlan,2026-04-13,701550.0,1630650.0,0.19555813,11.175246,225,0
atitlan,2026-04-13,701850.0,1630650.0,0.16705246,10.666369,225,0
atitlan,2026-04-13,702150.0,1630650.0,0.16184981,9.290825,225,0
atitlan,2026-04-13,702450.0,1630650.0,0.20138024,11.293553,225,0
atitlan,2026-04-13,702750.0,1630650.0,0.121165775,7.7170186,225,0
atitlan,2026-04-13,703050.0,1630650.0,0.086025074,6.3221684,225,0
atitlan,2026-04-13,703350.0,1630650.0,0.07974524,5.745889,225,0
atitlan,2026-04-13,703650.0,1630650.0,0.107286476,6.4053507,225,0
atitlan,2026-04-13,703950.0,1630650.0,0.21613674,10.773948,225,0
atitlan,2026-04-13,704250.0,1630650.0,0.2644985,14.862467,225,1
atitlan,2026-04-13,704550.0,1630650.0,0.2698382,15.060053,225,1
atitlan,2026-04-13,704850.0,1630650.0,0.2936509,18.352226,225,1
atitlan,2026-04-13,705150.0,1630650.0,0.22440293,12.6329565,225,1
atitlan,2026-04-13,705450.0,1630650.0,0.25180933,13.086785,225,1
atitlan,2026-04-13,705750.0,1630650.0,0.22668514,11.21201,225,0
atitlan,2026-04-13,706050.0,1630650.0,0.24121352,12.736731,225,1
atitlan,2026-04-13,706350.0,1630650.0,0.29327762,16.90806,225,1
atitlan,2026-04-13,706650.0,1630650.0,0.26692635,14.646786,225,1
atitlan,2026-04-13,706950.0,1630650.0,0.12258185,6.705032,225,0
atitlan,2026-04-13,707250.0,1630650.0,0.1996284,9.732564,225,0
atitlan,2026-04-13,707550.0,1630650.0,0.20709106,11.207612,225,0
atitlan,2026-04-13,707850.0,1630650.0,0.28714746,16.668205,45,1
atitlan,2026-04-13,680250.0,1630950.0,0.26622215,17.640297,180,1
atitlan,2026-04-13,680550.0,1630950.0,0.3075239,22.425795,225,1
atitlan,2026-04-13,680850.0,1630950.0,0.35410103,26.65188,225,1
atitlan,2026-04-13,681150.0,1630950.0,0.3557282,27.389732,225,1
atitlan,2026-04-13,681450.0,1630950.0,0.33547533,23.06278,225,1
atitlan,2026-04-13,681750.0,1630950.0,0.3304156,21.881832,225,1
atitlan,2026-04-13,682050.0,1630950.0,0.34104186,23.859842,225,1
atitlan,2026-04-13,682350.0,1630950.0,0.35572192,29.727554,225,1
atitlan,2026-04-13,682650.0,1630950.0,0.32704374,26.098827,225,1
atitlan,2026-04-13,682950.0,1630950.0,0.39072785,34.525146,225,1
atitlan,2026-04-13,683250.0,1630950.0,0.4011982,37.301735,225,1
atitlan,2026-04-13,683550.0,1630950.0,0.36587608,29.29109,225,1
atitlan,2026-04-13,683850.0,1630950.0,0.32123515,21.591066,225,1
atitlan,2026-04-13,684150.0,1630950.0,0.31365064,19.706594,225,1
atitlan,2026-04-13,684450.0,1630950.0,0.3217845,21.492891,225,1
atitlan,2026-04-13,684750.0,1630950.0,0.31776798,20.895733,225,1
atitlan,2026-04-13,685050.0,1630950.0,0.28969967,16.034058,225,1
atitlan,2026-04-13,685350.0,1630950.0,0.38998085,34.913464,225,1
atitlan,2026-04-13,685650.0,1630950.0,0.33456734,23.81627,225,1
atitlan,2026-04-13,685950.0,1630950.0,0.28649807,15.7939,225,1
atitlan,2026-04-13,686250.0,1630950.0,0.29098484,16.602905,225,1
atitlan,2026-04-13,686550.0,1630950.0,0.3145642,19.56165,225,1
atitlan,2026-04-13,686850.0,1630950.0,0.32028756,21.08457,225,1
atitlan,2026-04-13,687150.0,1630950.0,0.27062854,14.363319,225,1
atitlan,2026-04-13,687450.0,1630950.0,0.2530538,12.80016,225,1
atitlan,2026-04-13,687750.0,1630950.0,0.28562778,16.387478,225,1
atitlan,2026-04-13,688050.0,1630950.0,0.28388944,15.378321,225,1
atitlan,2026-04-13,688350.0,1630950.0,0.25802052,14.594324,225,1
atitlan,2026-04-13,688650.0,1630950.0,0.2886406,17.07533,225,1
atitlan,2026-04-13,688950.0,1630950.0,0.2547914,15.000895,225,1
atitlan,2026-04-13,689250.0,1630950.0,0.28005755,16.422937,225,1
atitlan,2026-04-13,689550.0,1630950.0,0.27195317,15.318263,225,1
atitlan,2026-04-13,689850.0,1630950.0,0.31509513,20.907084,225,1
atitlan,2026-04-13,690150.0,1630950.0,0.28619382,17.026749,225,1
atitlan,2026-04-13,690450.0,1630950.0,0.18134458,8.687082,225,0
atitlan,2026-04-13,690750.0,1630950.0,0.20541368,9.1248,225,0
atitlan,2026-04-13,691050.0,1630950.0,0.20203969,8.4001045,225,0
atitlan,2026-04-13,691350.0,1630950.0,0.20997125,8.815653,225,0
atitlan,2026-04-13,691650.0,1630950.0,0.22296183,9.445217,225,0
atitlan,2026-04-13,691950.0,1630950.0,0.22985363,10.288857,225,0
atitlan,2026-04-13,692250.0,1630950.0,0.20318879,8.876643,225,0
atitlan,2026-04-13,692550.0,1630950.0,0.19873905,8.265418,225,0
atitlan,2026-04-13,692850.0,1630950.0,0.15462664,7.724028,225,0
atitlan,2026-04-13,693150.0,1630950.0,0.18316847,10.016477,225,0
atitlan,2026-04-13,693450.0,1630950.0,0.18671764,10.582583,225,0
atitlan,2026-04-13,693750.0,1630950.0,0.2403249,11.715684,225,0
atitlan,2026-04-13,694050.0,1630950.0,0.25662014,12.311872,225,1
atitlan,2026-04-13,694350.0,1630950.0,0.22457081,9.551396,225,0
atitlan,2026-04-13,694650.0,1630950.0,0.25519547,12.030382,225,1
atitlan,2026-04-13,694950.0,1630950.0,0.24286616,10.8482485,225,0
atitlan,2026-04-13,695250.0,1630950.0,0.17502524,7.3708234,225,0
atitlan,2026-04-13,695550.0,1630950.0,0.11621819,6.0534816,225,0
atitlan,2026-04-13,695850.0,1630950.0,0.098734885,5.4865026,225,0
atitlan,2026-04-13,696150.0,1630950.0,0.13718031,6.0599685,225,0
atitlan,2026-04-13,696450.0,1630950.0,0.1467726,6.4947257,225,0
atitlan,2026-04-13,696750.0,1630950.0,0.021646777,3.7614675,225,0
atitlan,2026-04-13,697050.0,1630950.0,-0.078646086,1.0737184,225,0
atitlan,2026-04-13,697350.0,1630950.0,-0.07053776,1.5089257,225,0
atitlan,2026-04-13,697650.0,1630950.0,0.02114575,3.78174,225,0
atitlan,2026-04-13,697950.0,1630950.0,0.16320308,6.794325,225,0
atitlan,2026-04-13,698250.0,1630950.0,0.13906114,7.4229326,225,0
atitlan,2026-04-13,698550.0,1630950.0,0.07733835,5.922547,225,0
atitlan,2026-04-13,698850.0,1630950.0,0.060463134,5.008129,225,0
atitlan,2026-04-13,699150.0,1630950.0,0.06404577,5.0371523,225,0
atitlan,2026-04-13,699450.0,1630950.0,0.15924303,8.440055,225,0
atitlan,2026-04-13,699750.0,1630950.0,0.26327336,13.303242,225,1
atitlan,2026-04-13,700050.0,1630950.0,0.26124436,13.840008,225,1
atitlan,2026-04-13,700350.0,1630950.0,0.23195,12.694977,225,1
atitlan,2026-04-13,700650.0,1630950.0,0.15606533,9.818043,225,0
atitlan,2026-04-13,700950.0,1630950.0,0.07196221,6.2578597,225,0
atitlan,2026-04-13,701250.0,1630950.0,0.12394877,7.565917,225,0
atitlan,2026-04-13,701550.0,1630950.0,0.19936158,10.770409,225,0
atitlan,2026-04-13,701850.0,1630950.0,0.17317139,9.129205,225,0
atitlan,2026-04-13,702150.0,1630950.0,0.18411195,10.572422,225,0
atitlan,2026-04-13,702450.0,1630950.0,0.21653959,11.88403,225,0
atitlan,2026-04-13,702750.0,1630950.0,0.13854831,8.768048,225,0
atitlan,2026-04-13,703050.0,1630950.0,0.07259835,5.22551,225,0
atitlan,2026-04-13,703350.0,1630950.0,0.08769662,5.4598246,225,0
atitlan,2026-04-13,703650.0,1630950.0,0.18263613,10.275765,225,0
atitlan,2026-04-13,703950.0,1630950.0,0.25599295,12.861672,225,1
atitlan,2026-04-13,704250.0,1630950.0,0.25814402,12.736438,225,1
atitlan,2026-04-13,704550.0,1630950.0,0.2226689,12.556301,225,1
atitlan,2026-04-13,704850.0,1630950.0,0.25305542,13.614547,225,1
atitlan,2026-04-13,705150.0,1630950.0,0.23110509,12.707292,225,1
atitlan,2026-04-13,705450.0,1630950.0,0.22672209,11.339321,225,0
atitlan,2026-04-13,705750.0,1630950.0,0.26036444,13.871576,225,1
atitlan,2026-04-13,706050.0,1630950.0,0.26148587,14.008529,225,1
atitlan,2026-04-13,706350.0,1630950.0,0.24259372,12.457527,225,1
atitlan,2026-04-13,706650.0,1630950.0,0.2017214,10.958721,225,0
atitlan,2026-04-13,706950.0,1630950.0,0.1931939,10.200422,225,0
atitlan,2026-04-13,707250.0,1630950.0,0.22707704,10.465543,225,0
atitlan,2026-04-13,707550.0,1630950.0,0.18259598,9.000333,225,0
atitlan,2026-04-13,707850.0,1630950.0,0.14533022,8.976385,45,0
atitlan,2026-04-13,680250.0,1631250.0,0.32425112,23.221254,180,1
atitlan,2026-04-13,680550.0,1631250.0,0.29792845,18.63559,225,1
atitlan,2026-04-13,680850.0,1631250.0,0.3404273,23.884375,225,1
atitlan,2026-04-13,681150.0,1631250.0,0.3528289,28.04857,225,1
atitlan,2026-04-13,681450.0,1631250.0,0.32846016,21.50409,225,1
atitlan,2026-04-13,681750.0,1631250.0,0.35695767,26.587889,225,1
atitlan,2026-04-13,682050.0,1631250.0,0.35369483,25.755146,225,1
atitlan,2026-04-13,682350.0,1631250.0,0.36143598,30.364765,225,1
atitlan,2026-04-13,682650.0,1631250.0,0.34099618,24.891071,225,1
atitlan,2026-04-13,682950.0,1631250.0,0.37239328,30.20449,225,1
atitlan,2026-04-13,683250.0,1631250.0,0.3704147,29.878405,225,1
atitlan,2026-04-13,683550.0,1631250.0,0.3218191,22.620161,225,1
atitlan,2026-04-13,683850.0,1631250.0,0.3258719,21.786936,225,1
atitlan,2026-04-13,684150.0,1631250.0,0.3025323,18.222622,225,1
atitlan,2026-04-13,684450.0,1631250.0,0.3125495,20.59251,225,1
atitlan,2026-04-13,684750.0,1631250.0,0.31076607,20.368446,225,1
atitlan,2026-04-13,685050.0,1631250.0,0.3111906,19.240932,225,1
atitlan,2026-04-13,685350.0,1631250.0,0.37921295,32.147705,225,1
atitlan,2026-04-13,685650.0,1631250.0,0.34380406,25.630697,225,1
atitlan,2026-04-13,685950.0,1631250.0,0.30970109,18.979198,225,1
atitlan,2026-04-13,686250.0,1631250.0,0.31520826,19.889378,225,1
atitlan,2026-04-13,686550.0,1631250.0,0.2803016,15.840831,225,1
atitlan,2026-04-13,686850.0,1631250.0,0.3022532,18.44728,225,1
atitlan,2026-04-13,687150.0,1631250.0,0.2855308,15.935862,225,1
atitlan,2026-04-13,687450.0,1631250.0,0.2746506,14.376407,225,1
atitlan,2026-04-13,687750.0,1631250.0,0.29346702,17.088163,225,1
atitlan,2026-04-13,688050.0,1631250.0,0.28914943,17.194235,225,1
atitlan,2026-04-13,688350.0,1631250.0,0.18770282,11.218672,225,0
atitlan,2026-04-13,688650.0,1631250.0,0.25901753,15.023959,225,1
atitlan,2026-04-13,688950.0,1631250.0,0.25753412,14.833404,225,1
atitlan,2026-04-13,689250.0,1631250.0,0.26917166,13.784178,225,1
atitlan,2026-04-13,689550.0,1631250.0,0.29541665,17.687656,225,1
atitlan,2026-04-13,689850.0,1631250.0,0.29897317,20.18184,225,1
atitlan,2026-04-13,690150.0,1631250.0,0.27073637,17.649109,225,1
atitlan,2026-04-13,690450.0,1631250.0,0.19158928,10.033118,225,0
atitlan,2026-04-13,690750.0,1631250.0,0.21771118,10.173369,225,0
atitlan,2026-04-13,691050.0,1631250.0,0.2028415,8.351993,225,0
atitlan,2026-04-13,691350.0,1631250.0,0.22890513,10.105821,225,0
atitlan,2026-04-13,691650.0,1631250.0,0.25047037,11.469488,225,0
atitlan,2026-04-13,691950.0,1631250.0,0.21784785,9.420323,225,0
atitlan,2026-04-13,692250.0,1631250.0,0.25346276,12.58119,225,1
atitlan,2026-04-13,692550.0,1631250.0,0.23087175,10.259956,225,0
atitlan,2026-04-13,692850.0,1631250.0,0.21018997,9.022655,225,0
atitlan,2026-04-13,693150.0,1631250.0,0.2417397,11.578979,225,0
atitlan,2026-04-13,693450.0,1631250.0,0.22989854,12.700212,225,1
atitlan,2026-04-13,693750.0,1631250.0,0.25882086,14.817845,225,1
atitlan,2026-04-13,694050.0,1631250.0,0.26709053,13.515734,225,1
atitlan,2026-04-13,694350.0,1631250.0,0.22766344,10.193382,225,0
atitlan,2026-04-13,694650.0,1631250.0,0.22503091,10.961924,225,0
atitlan,2026-04-13,694950.0,1631250.0,0.22911182,10.01181,225,0
atitlan,2026-04-13,695250.0,1631250.0,0.18539603,7.7080503,225,0
atitlan,2026-04-13,695550.0,1631250.0,0.15368456,8.70154,225,0
atitlan,2026-04-13,695850.0,1631250.0,0.093189925,5.117244,225,0
atitlan,2026-04-13,696150.0,1631250.0,0.19831592,10.248892,225,0
atitlan,2026-04-13,696450.0,1631250.0,0.2113689,10.082706,225,0
atitlan,2026-04-13,696750.0,1631250.0,0.09540455,5.201235,225,0
atitlan,2026-04-13,697050.0,1631250.0,0.07254385,6.100129,225,0
atitlan,2026-04-13,697350.0,1631250.0,0.16452055,12.265075,225,1
atitlan,2026-04-13,697650.0,1631250.0,0.1921621,10.486242,225,0
atitlan,2026-04-13,697950.0,1631250.0,0.18457443,7.1642933,225,0
atitlan,2026-04-13,698250.0,1631250.0,0.16012824,6.528307,225,0
atitlan,2026-04-13,698550.0,1631250.0,0.15276672,7.623061,225,0
atitlan,2026-04-13,698850.0,1631250.0,0.14037888,7.952238,225,0
atitlan,2026-04-13,699150.0,1631250.0,0.098405614,6.566021,225,0
atitlan,2026-04-13,699450.0,1631250.0,0.095076755,6.0782566,225,0
atitlan,2026-04-13,699750.0,1631250.0,0.23679152,12.065669,225,1
atitlan,2026-04-13,700050.0,1631250.0,0.2572898,13.310282,225,1
atitlan,2026-04-13,700350.0,1631250.0,0.25762868,14.448785,225,1
atitlan,2026-04-13,700650.0,1631250.0,0.17133035,8.958519,225,0
atitlan,2026-04-13,700950.0,1631250.0,0.109293714,6.950171,225,0
atitlan,2026-04-13,701250.0,1631250.0,0.124082394,6.446636,225,0
atitlan,2026-04-13,701550.0,1631250.0,0.21324272,10.43174,225,0
atitlan,2026-04-13,701850.0,1631250.0,0.25741547,14.117111,225,1
atitlan,2026-04-13,702150.0,1631250.0,0.2136489,12.169082,225,1
atitlan,2026-04-13,702450.0,1631250.0,0.23818482,15.083238,225,1
atitlan,2026-04-13,702750.0,1631250.0,0.16817991,9.816015,225,0
atitlan,2026-04-13,703050.0,1631250.0,0.14770573,8.772632,225,0
atitlan,2026-04-13,703350.0,1631250.0,0.07507152,5.177353,225,0
atitlan,2026-04-13,703650.0,1631250.0,0.14650431,8.049196,225,0
atitlan,2026-04-13,703950.0,1631250.0,0.20377995,9.662293,225,0
atitlan,2026-04-13,704250.0,1631250.0,0.23777997,11.985533,225,0
atitlan,2026-04-13,704550.0,1631250.0,0.25807306,14.374866,225,1
atitlan,2026-04-13,704850.0,1631250.0,0.25915194,14.681864,225,1
atitlan,2026-04-13,705150.0,1631250.0,0.21655709,12.297287,225,1
atitlan,2026-04-13,705450.0,1631250.0,0.21217667,12.341282,225,1
atitlan,2026-04-13,705750.0,1631250.0,0.2007974,10.97322,225,0
atitlan,2026-04-13,706050.0,1631250.0,0.19577792,9.431837,225,0
atitlan,2026-04-13,706350.0,1631250.0,0.22518492,12.148255,225,1
atitlan,2026-04-13,706650.0,1631250.0,0.24030049,13.872806,225,1
atitlan,2026-04-13,706950.0,1631250.0,0.1924591,9.94633,225,0
atitlan,2026-04-13,707250.0,1631250.0,0.23058282,11.160147,225,0
atitlan,2026-04-13,707550.0,1631250.0,0.20467177,10.938074,225,0
atitlan,2026-04-13,707850.0,1631250.0,0.14883053,8.152898,45,0
atitlan,2026-04-13,680250.0,1631550.0,0.2783577,18.712557,168,1
atitlan,2026-04-13,680550.0,1631550.0,0.33744442,23.568048,210,1
atitlan,2026-04-13,680850.0,1631550.0,0.33698195,23.49217,210,1
atitlan,2026-04-13,681150.0,1631550.0,0.3316053,24.858131,210,1
atitlan,2026-04-13,681450.0,1631550.0,0.34888962,26.252916,210,1
atitlan,2026-04-13,681750.0,1631550.0,0.37635028,31.167078,210,1
atitlan,2026-04-13,682050.0,1631550.0,0.37980515,31.975681,210,1
atitlan,2026-04-13,682350.0,1631550.0,0.3764454,31.311876,210,1
atitlan,2026-04-13,682650.0,1631550.0,0.3318131,24.833263,210,1
atitlan,2026-04-13,682950.0,1631550.0,0.3505712,25.598228,210,1
atitlan,2026-04-13,683250.0,1631550.0,0.2659829,17.590946,210,1
atitlan,2026-04-13,683550.0,1631550.0,0.20900957,14.114907,210,1
atitlan,2026-04-13,683850.0,1631550.0,0.30219436,20.741148,210,1
atitlan,2026-04-13,684150.0,1631550.0,0.29297316,20.201769,210,1
atitlan,2026-04-13,684450.0,1631550.0,0.312522,20.547201,210,1
atitlan,2026-04-13,684750.0,1631550.0,0.33036837,21.71134,210,1
atitlan,2026-04-13,685050.0,1631550.0,0.3243543,21.087887,210,1
atitlan,2026-04-13,685350.0,1631550.0,0.36525515,28.211405,210,1
atitlan,2026-04-13,685650.0,1631550.0,0.37227178,29.845015,210,1
atitlan,2026-04-13,685950.0,1631550.0,0.36491245,28.917105,210,1
atitlan,2026-04-13,686250.0,1631550.0,0.3579574,27.797869,210,1
atitlan,2026-04-13,686550.0,1631550.0,0.31449354,19.981512,210,1
atitlan,2026-04-13,686850.0,1631550.0,0.27093393,14.514318,210,1
atitlan,2026-04-13,687150.0,1631550.0,0.2791957,15.739063,210,1
atitlan,2026-04-13,687450.0,1631550.0,0.27708206,15.855855,210,1
atitlan,2026-04-13,687750.0,1631550.0,0.2990283,18.052439,210,1
atitlan,2026-04-13,688050.0,1631550.0,0.28794068,16.320078,210,1
atitlan,2026-04-13,688350.0,1631550.0,0.29044142,18.463037,210,1
atitlan,2026-04-13,688650.0,1631550.0,0.24867603,12.578406,210,1
atitlan,2026-04-13,688950.0,1631550.0,0.27220953,15.308517,210,1
atitlan,2026-04-13,689250.0,1631550.0,0.2814647,14.643123,210,1
atitlan,2026-04-13,689550.0,1631550.0,0.30323213,18.042934,210,1
atitlan,2026-04-13,689850.0,1631550.0,0.33944306,23.792091,210,1
atitlan,2026-04-13,690150.0,1631550.0,0.35686463,28.31556,210,1
atitlan,2026-04-13,690450.0,1631550.0,0.3233499,22.93112,210,1
atitlan,2026-04-13,690750.0,1631550.0,0.2890308,18.594444,210,1
atitlan,2026-04-13,691050.0,1631550.0,0.246774,11.705167,210,0
atitlan,2026-04-13,691350.0,1631550.0,0.21484756,9.542495,210,0
atitlan,2026-04-13,691650.0,1631550.0,0.24157523,11.059575,210,0
atitlan,2026-04-13,691950.0,1631550.0,0.2383572,10.9890995,210,0
atitlan,2026-04-13,692250.0,1631550.0,0.28250307,15.61948,210,1
atitlan,2026-04-13,692550.0,1631550.0,0.22320746,10.042273,210,0
atitlan,2026-04-13,692850.0,1631550.0,0.23297335,10.762981,210,0
atitlan,2026-04-13,693150.0,1631550.0,0.23424345,10.7029915,210,0
atitlan,2026-04-13,693450.0,1631550.0,0.24751116,12.154143,210,1
atitlan,2026-04-13,693750.0,1631550.0,0.23595749,13.229993,210,1
atitlan,2026-04-13,694050.0,1631550.0,0.24802276,13.196734,210,1
atitlan,2026-04-13,694350.0,1631550.0,0.18986328,10.271511,210,0
atitlan,2026-04-13,694650.0,1631550.0,0.22447866,9.744606,210,0
atitlan,2026-04-13,694950.0,1631550.0,0.2709757,13.532958,210,1
atitlan,2026-04-13,695250.0,1631550.0,0.21038851,8.916524,210,0
atitlan,2026-04-13,695550.0,1631550.0,0.11947773,6.635201,210,0
atitlan,2026-04-13,695850.0,1631550.0,0.14042263,7.321629,210,0
atitlan,2026-04-13,696150.0,1631550.0,0.15541983,6.4897404,210,0
atitlan,2026-04-13,696450.0,1631550.0,0.19341455,8.762303,210,0
atitlan,2026-04-13,696750.0,1631550.0,0.07101799,5.574341,210,0
atitlan,2026-04-13,697050.0,1631550.0,0.14841291,7.2024856,210,0
atitlan,2026-04-13,697350.0,1631550.0,0.20961645,12.272138,210,1
atitlan,2026-04-13,697650.0,1631550.0,0.2011762,11.286665,210,0
atitlan,2026-04-13,697950.0,1631550.0,0.2073094,8.655907,210,0
atitlan,2026-04-13,698250.0,1631550.0,0.19697535,7.883657,210,0
atitlan,2026-04-13,698550.0,1631550.0,0.19839016,8.145637,210,0
atitlan,2026-04-13,698850.0,1631550.0,0.21282977,8.925767,210,0
atitlan,2026-04-13,699150.0,1631550.0,0.17225695,8.331365,210,0
atitlan,2026-04-13,699450.0,1631550.0,0.09972352,6.7103887,210,0
atitlan,2026-04-13,699750.0,1631550.0,0.14884043,8.740082,210,0
atitlan,2026-04-13,700050.0,1631550.0,0.24730232,11.750651,210,0
atitlan,2026-04-13,700350.0,1631550.0,0.27260745,14.894792,210,1
atitlan,2026-04-13,700650.0,1631550.0,0.24154262,13.285731,210,1
atitlan,2026-04-13,700950.0,1631550.0,0.20973733,10.961523,210,0
atitlan,2026-04-13,701250.0,1631550.0,0.21092597,9.859762,210,0
atitlan,2026-04-13,701550.0,1631550.0,0.2553425,14.228116,210,1
atitlan,2026-04-13,701850.0,1631550.0,0.21534963,12.870444,210,1
atitlan,2026-04-13,702150.0,1631550.0,0.28814772,17.804314,210,1
atitlan,2026-04-13,702450.0,1631550.0,0.30277586,18.517752,210,1
atitlan,2026-04-13,702750.0,1631550.0,0.13625251,8.476602,210,0
atitlan,2026-04-13,703050.0,1631550.0,0.108311765,7.2747827,210,0
atitlan,2026-04-13,703350.0,1631550.0,0.108153425,7.4240036,210,0
atitlan,2026-04-13,703650.0,1631550.0,0.102575384,6.547296,210,0
atitlan,2026-04-13,703950.0,1631550.0,0.23913309,11.273792,210,0
atitlan,2026-04-13,704250.0,1631550.0,0.24685702,12.477003,210,1
atitlan,2026-04-13,704550.0,1631550.0,0.241232,13.086306,210,1
atitlan,2026-04-13,704850.0,1631550.0,0.24310015,14.574812,210,1
atitlan,2026-04-13,705150.0,1631550.0,0.26612294,16.59234,210,1
atitlan,2026-04-13,705450.0,1631550.0,0.120585375,8.6041355,210,0
atitlan,2026-04-13,705750.0,1631550.0,0.10112363,7.329326,210,0
atitlan,2026-04-13,706050.0,1631550.0,0.18030114,11.073575,210,0
atitlan,2026-04-13,706350.0,1631550.0,0.26104704,14.344095,210,1
atitlan,2026-04-13,706650.0,1631550.0,0.20625155,11.051168,210,0
atitlan,2026-04-13,706950.0,1631550.0,0.23097676,10.835449,210,0
atitlan,2026-04-13,707250.0,1631550.0,0.21353318,10.415002,210,0
atitlan,2026-04-13,707550.0,1631550.0,0.21178314,11.98661,210,0
atitlan,2026-04-13,707850.0,1631550.0,0.16751432,10.142744,42,0
