lago,fecha,x,y,ndci,chl_a_estimada,pixeles_validos,alta_cianobacteria
atitlan,2025-05-13,680250.0,1614150.0,0.33017182,21.993576,84,1
atitlan,2025-05-13,680550.0,1614150.0,0.3543123,31.169012,105,1
atitlan,2025-05-13,680850.0,1614150.0,0.37773764,31.28637,105,1
atitlan,2025-05-13,681150.0,1614150.0,0.3743591,31.396536,105,1
atitlan,2025-05-13,681450.0,1614150.0,0.3731165,30.458195,105,1
atitlan,2025-05-13,681750.0,1614150.0,0.32646343,20.614292,105,1
atitlan,2025-05-13,682050.0,1614150.0,0.3193166,19.655823,105,1
atitlan,2025-05-13,682350.0,1614150.0,0.34002355,23.105879,105,1
atitlan,2025-05-13,682650.0,1614150.0,0.3423321,23.41496,105,1
atitlan,2025-05-13,682950.0,1614150.0,0.2901789,16.144426,105,1
atitlan,2025-05-13,683250.0,1614150.0,0.22246183,11.791611,105,0
atitlan,2025-05-13,683550.0,1614150.0,0.32903236,21.379414,105,1
atitlan,2025-05-13,683850.0,1614150.0,0.33606443,22.595821,105,1
atitlan,2025-05-13,684150.0,1614150.0,0.24486591,12.079755,105,1
atitlan,2025-05-13,684450.0,1614150.0,0.0751417,5.1583486,105,0
atitlan,2025-05-13,684750.0,1614150.0,0.17721693,8.147734,105,0
atitlan,2025-05-13,685050.0,1614150.0,0.069555335,5.5066643,105,0
atitlan,2025-05-13,685350.0,1614150.0,0.1767145,9.235798,105,0
atitlan,2025-05-13,685650.0,1614150.0,0.20264202,10.952919,105,0
atitlan,2025-05-13,685950.0,1614150.0,0.06440168,5.725354,105,0
atitlan,2025-05-13,686250.0,1614150.0,0.29324833,17.714893,105,1
atitlan,2025-05-13,686550.0,1614150.0,0.33293962,22.73983,105,1
atitlan,2025-05-13,686850.0,1614150.0,0.35676405,26.435375,105,1
atitlan,2025-05-13,687150.0,1614150.0,0.36879548,28.888453,105,1
atitlan,2025-05-13,687450.0,1614150.0,0.2923234,18.690691,105,1
atitlan,2025-05-13,687750.0,1614150.0,0.11699847,6.4873705,105,0
atitlan,2025-05-13,688050.0,1614150.0,0.15582657,8.134547,105,0
atitlan,2025-05-13,688350.0,1614150.0,0.019693153,4.211554,105,0
atitlan,2025-05-13,688650.0,1614150.0,0.012438112,4.223226,105,0
atitlan,2025-05-13,688950.0,1614150.0,0.30614266,23.1874,105,1
atitlan,2025-05-13,689250.0,1614150.0,0.34788764,26.831244,105,1
atitlan,2025-05-13,689550.0,1614150.0,0.3436308,23.992685,105,1
atitlan,2025-05-13,689850.0,1614150.0,0.35762802,27.484491,105,1
atitlan,2025-05-13,690150.0,1614150.0,0.2530363,14.577272,105,1
atitlan,2025-05-13,690450.0,1614150.0,0.17359437,8.961001,105,0
atitlan,2025-05-13,690750.0,1614150.0,0.1770522,9.86014,105,0
atitlan,2025-05-13,691050.0,1614150.0,0.061779752,5.1507645,105,0
atitlan,2025-05-13,691350.0,1614150.0,0.0015118828,4.0807905,105,0
atitlan,2025-05-13,691650.0,1614150.0,0.0704519,5.749282,105,0
atitlan,2025-05-13,691950.0,1614150.0,0.06305955,4.8878016,105,0
atitlan,2025-05-13,692250.0,1614150.0,0.060938105,4.917417,105,0
atitlan,2025-05-13,692550.0,1614150.0,0.041831225,4.680323,105,0
atitlan,2025-05-13,692850.0,1614150.0,0.30697417,19.249893,105,1
atitlan,2025-05-13,693150.0,1614150.0,0.33359492,22.241993,105,1
atitlan,2025-05-13,693450.0,1614150.0,0.34527376,25.044527,105,1
atitlan,2025-05-13,693750.0,1614150.0,0.3523356,26.024637,105,1
atitlan,2025-05-13,694050.0,1614150.0,0.13234428,6.9451222,105,0
atitlan,2025-05-13,694350.0,1614150.0,0.038955975,4.575317,105,0
atitlan,2025-05-13,694650.0,1614150.0,0.02951316,4.400175,105,0
atitlan,2025-05-13,694950.0,1614150.0,0.0056073875,4.1542983,105,0
atitlan,2025-05-13,695250.0,1614150.0,0.012436803,4.232227,105,0
atitlan,2025-05-13,695550.0,1614150.0,0.23317592,21.99218,105,1
atitlan,2025-05-13,695850.0,1614150.0,0.3996816,36.722935,105,1
atitlan,2025-05-13,696150.0,1614150.0,0.37458268,30.692205,105,1
atitlan,2025-05-13,696450.0,1614150.0,0.23311353,13.676346,105,1
atitlan,2025-05-13,696750.0,1614150.0,0.030178167,4.5111394,105,0
atitlan,2025-05-13,697050.0,1614150.0,0.008120318,4.189062,105,0
atitlan,2025-05-13,697350.0,1614150.0,0.045379706,4.626615,105,0
atitlan,2025-05-13,697650.0,1614150.0,0.06824226,4.8845115,105,0
atitlan,2025-05-13,697950.0,1614150.0,0.19933759,8.579996,105,0
atitlan,2025-05-13,698250.0,1614150.0,0.039005045,4.5954304,105,0
atitlan,2025-05-13,698550.0,1614150.0,0.12427893,6.758022,105,0
atitlan,2025-05-13,698850.0,1614150.0,0.07747199,5.376508,105,0
atitlan,2025-05-13,699150.0,1614150.0,0.06415057,5.3279037,105,0
atitlan,2025-05-13,699450.0,1614150.0,0.13213632,8.038944,105,0
atitlan,2025-05-13,699750.0,1614150.0,0.25005016,12.8815565,105,1
atitlan,2025-05-13,700050.0,1614150.0,0.26427507,16.767132,105,1
atitlan,2025-05-13,700350.0,1614150.0,0.14916281,7.7190533,105,0
atitlan,2025-05-13,700650.0,1614150.0,0.069152586,4.8604336,105,0
atitlan,2025-05-13,700950.0,1614150.0,0.06955618,4.879873,105,0
atitlan,2025-05-13,701250.0,1614150.0,0.14211494,7.1952443,105,0
atitlan,2025-05-13,701550.0,1614150.0,0.16004166,6.8496757,105,0
atitlan,2025-05-13,701850.0,1614150.0,0.080845505,4.9854074,105,0
atitlan,2025-05-13,702150.0,1614150.0,0.029893799,4.3852377,105,0
atitlan,2025-05-13,702450.0,1614150.0,0.18756999,10.366005,105,0
atitlan,2025-05-13,702750.0,1614150.0,0.30293486,17.885887,105,1
atitlan,2025-05-13,703050.0,1614150.0,0.3201157,20.272505,105,1
atitlan,2025-05-13,703350.0,1614150.0,0.32633758,20.397015,105,1
atitlan,2025-05-13,703650.0,1614150.0,0.30602047,18.521292,105,1
atitlan,2025-05-13,703950.0,1614150.0,0.34788412,24.599,105,1
atitlan,2025-05-13,704250.0,1614150.0,0.32206285,21.678179,105,1
atitlan,2025-05-13,704550.0,1614150.0,0.31824693,19.940077,105,1
atitlan,2025-05-13,704850.0,1614150.0,0.19364972,9.109111,105,0
atitlan,2025-05-13,705150.0,1614150.0,0.04452092,4.658114,105,0
atitlan,2025-05-13,705450.0,1614150.0,-0.0010760745,4.0373645,105,0
atitlan,2025-05-13,705750.0,1614150.0,-0.005537046,3.9155562,105,0
atitlan,2025-05-13,706050.0,1614150.0,0.009117091,4.044426,105,0
atitlan,2025-05-13,706350.0,1614150.0,0.010501829,3.9603353,105,0
atitlan,2025-05-13,706650.0,1614150.0,-0.0020267472,3.9816353,105,0
atitlan,2025-05-13,706950.0,1614150.0,-0.00520028,3.9230118,105,0
atitlan,2025-05-13,707250.0,1614150.0,0.02807391,4.412061,105,0
atitlan,2025-05-13,707550.0,1614150.0,0.06755235,4.881164,105,0
atitlan,2025-05-13,707850.0,1614150.0,0.01614202,4.284598,21,0
atitlan,2025-05-13,680250.0,1614450.0,0.2552881,14.785764,180,1
atitlan,2025-05-13,680550.0,1614450.0,0.34103072,26.50892,225,1
atitlan,2025-05-13,680850.0,1614450.0,0.36524662,28.795797,225,1
atitlan,2025-05-13,681150.0,1614450.0,0.38838476,34.113815,225,1
atitlan,2025-05-13,681450.0,1614450.0,0.3592995,29.956997,225,1
atitlan,2025-05-13,681750.0,1614450.0,0.29285604,16.746506,225,1
atitlan,2025-05-13,682050.0,1614450.0,0.33032373,21.475204,225,1
atitlan,2025-05-13,682350.0,1614450.0,0.32177863,20.28791,225,1
atitlan,2025-05-13,682650.0,1614450.0,0.32722,20.839586,225,1
atitlan,2025-05-13,682950.0,1614450.0,0.30206844,17.130772,225,1
atitlan,2025-05-13,683250.0,1614450.0,0.32502177,20.651495,225,1
atitlan,2025-05-13,683550.0,1614450.0,0.30057555,18.38458,225,1
atitlan,2025-05-13,683850.0,1614450.0,0.32633117,21.899786,225,1
atitlan,2025-05-13,684150.0,1614450.0,0.17723258,9.799465,225,0
atitlan,2025-05-13,684450.0,1614450.0,0.15065084,7.4661565,225,0
atitlan,2025-05-13,684750.0,1614450.0,0.058717154,4.854304,225,0
atitlan,2025-05-13,685050.0,1614450.0,0.004991289,3.9350555,225,0
atitlan,2025-05-13,685350.0,1614450.0,0.010392,3.8896759,225,0
atitlan,2025-05-13,685650.0,1614450.0,0.045175992,4.531294,225,0
atitlan,2025-05-13,685950.0,1614450.0,0.036444794,4.435622,225,0
atitlan,2025-05-13,686250.0,1614450.0,0.114060976,7.470736,225,0
atitlan,2025-05-13,686550.0,1614450.0,0.28759086,17.784548,225,1
atitlan,2025-05-13,686850.0,1614450.0,0.3445695,23.798916,225,1
atitlan,2025-05-13,687150.0,1614450.0,0.36427101,27.828293,225,1
atitlan,2025-05-13,687450.0,1614450.0,0.29895726,20.151907,225,1
atitlan,2025-05-13,687750.0,1614450.0,0.07508465,6.7590985,225,0
atitlan,2025-05-13,688050.0,1614450.0,0.14680368,9.395248,225,0
atitlan,2025-05-13,688350.0,1614450.0,0.10126913,6.8692,225,0
atitlan,2025-05-13,688650.0,1614450.0,0.05358188,5.6447716,225,0
atitlan,2025-05-13,688950.0,1614450.0,0.33977795,24.34428,225,1
atitlan,2025-05-13,689250.0,1614450.0,0.35909182,28.420298,225,1
atitlan,2025-05-13,689550.0,1614450.0,0.3336733,24.37005,225,1
atitlan,2025-05-13,689850.0,1614450.0,0.30508727,22.163574,225,1
atitlan,2025-05-13,690150.0,1614450.0,0.2920136,21.369225,225,1
atitlan,2025-05-13,690450.0,1614450.0,0.09314394,5.653164,225,0
atitlan,2025-05-13,690750.0,1614450.0,0.02594113,4.511963,225,0
atitlan,2025-05-13,691050.0,1614450.0,0.036522735,4.6240544,225,0
atitlan,2025-05-13,691350.0,1614450.0,0.11127428,9.375623,225,0
atitlan,2025-05-13,691650.0,1614450.0,0.2871626,18.614044,225,1
atitlan,2025-05-13,691950.0,1614450.0,0.12157831,7.231021,225,0
atitlan,2025-05-13,692250.0,1614450.0,0.017243017,4.2659817,225,0
atitlan,2025-05-13,692550.0,1614450.0,0.21891098,13.134467,225,1
atitlan,2025-05-13,692850.0,1614450.0,0.3127273,19.492708,225,1
atitlan,2025-05-13,693150.0,1614450.0,0.31260672,21.108057,225,1
atitlan,2025-05-13,693450.0,1614450.0,0.16997185,8.723737,225,0
atitlan,2025-05-13,693750.0,1614450.0,0.11452356,8.917104,225,0
atitlan,2025-05-13,694050.0,1614450.0,0.08416763,5.5654297,225,0
atitlan,2025-05-13,694350.0,1614450.0,0.044788107,4.7415395,225,0
atitlan,2025-05-13,694650.0,1614450.0,0.014834716,4.286736,225,0
atitlan,2025-05-13,694950.0,1614450.0,0.010730818,4.2060394,225,0
atitlan,2025-05-13,695250.0,1614450.0,0.04276174,6.279003,225,0
atitlan,2025-05-13,695550.0,1614450.0,0.3038825,24.402773,225,1
atitlan,2025-05-13,695850.0,1614450.0,0.31975693,24.917513,225,1
atitlan,2025-05-13,696150.0,1614450.0,0.26279637,17.795809,225,1
atitlan,2025-05-13,696450.0,1614450.0,0.056791645,5.0746117,225,0
atitlan,2025-05-13,696750.0,1614450.0,0.008866349,4.1788673,225,0
atitlan,2025-05-13,697050.0,1614450.0,-0.00016964179,4.005166,225,0
atitlan,2025-05-13,697350.0,1614450.0,0.0076176263,4.1168084,225,0
atitlan,2025-05-13,697650.0,1614450.0,0.017990164,4.2679296,225,0
atitlan,2025-05-13,697950.0,1614450.0,0.10899538,5.9291377,225,0
atitlan,2025-05-13,698250.0,1614450.0,0.07843712,5.087773,225,0
atitlan,2025-05-13,698550.0,1614450.0,0.1605017,8.193902,225,0
atitlan,2025-05-13,698850.0,1614450.0,0.15861398,7.9648504,225,0
atitlan,2025-05-13,699150.0,1614450.0,0.17638719,8.382867,225,0
atitlan,2025-05-13,699450.0,1614450.0,0.12555641,6.213288,225,0
atitlan,2025-05-13,699750.0,1614450.0,0.15642498,9.86351,225,0
atitlan,2025-05-13,700050.0,1614450.0,0.22032686,12.480878,225,1
atitlan,2025-05-13,700350.0,1614450.0,0.24371839,11.87501,225,0
atitlan,2025-05-13,700650.0,1614450.0,0.1399436,7.247389,225,0
atitlan,2025-05-13,700950.0,1614450.0,0.08725141,5.878819,225,0
atitlan,2025-05-13,701250.0,1614450.0,0.20061652,8.5616665,225,0
atitlan,2025-05-13,701550.0,1614450.0,0.1413524,6.770296,225,0
atitlan,2025-05-13,701850.0,1614450.0,0.06974246,5.100602,225,0
atitlan,2025-05-13,702150.0,1614450.0,0.055535745,5.259751,225,0
atitlan,2025-05-13,702450.0,1614450.0,0.18837416,10.865868,225,0
atitlan,2025-05-13,702750.0,1614450.0,0.29953146,18.03164,225,1
atitlan,2025-05-13,703050.0,1614450.0,0.3075835,18.206448,225,1
atitlan,2025-05-13,703350.0,1614450.0,0.31716034,19.14291,225,1
atitlan,2025-05-13,703650.0,1614450.0,0.31548956,19.999052,225,1
atitlan,2025-05-13,703950.0,1614450.0,0.3257838,20.985697,225,1
atitlan,2025-05-13,704250.0,1614450.0,0.33514217,22.5889,225,1
atitlan,2025-05-13,704550.0,1614450.0,0.31699288,20.374002,225,1
atitlan,2025-05-13,704850.0,1614450.0,0.1836682,10.072486,225,0
atitlan,2025-05-13,705150.0,1614450.0,0.056250278,4.8842955,225,0
atitlan,2025-05-13,705450.0,1614450.0,0.0022179731,4.047399,225,0
atitlan,2025-05-13,705750.0,1614450.0,0.029963592,4.8056884,225,0
atitlan,2025-05-13,706050.0,1614450.0,0.009481385,4.1523423,225,0
atitlan,2025-05-13,706350.0,1614450.0,-0.0036351227,3.9799094,225,0
atitlan,2025-05-13,706650.0,1614450.0,-0.0042935996,3.9673862,225,0
atitlan,2025-05-13,706950.0,1614450.0,-0.0072264853,3.906887,225,0
atitlan,2025-05-13,707250.0,1614450.0,0.021058535,4.454783,225,0
atitlan,2025-05-13,707550.0,1614450.0,0.0666361,5.016321,225,0
atitlan,2025-05-13,707850.0,1614450.0,0.029667655,4.465341,45,0
atitlan,2025-05-13,680250.0,1614750.0,0.11915973,6.484887,180,0
atitlan,2025-05-13,680550.0,1614750.0,0.038694784,4.8515673,225,0
atitlan,2025-05-13,680850.0,1614750.0,0.23958392,16.896864,225,1
atitlan,2025-05-13,681150.0,1614750.0,0.35740057,27.348536,225,1
atitlan,2025-05-13,681450.0,1614750.0,0.33953807,25.236252,225,1
atitlan,2025-05-13,681750.0,1614750.0,0.2554854,14.214413,225,1
atitlan,2025-05-13,682050.0,1614750.0,0.3187343,19.962618,225,1
atitlan,2025-05-13,682350.0,1614750.0,0.2831849,15.483683,225,1
atitlan,2025-05-13,682650.0,1614750.0,0.26581308,14.947042,225,1
atitlan,2025-05-13,682950.0,1614750.0,0.29094872,16.294508,225,1
atitlan,2025-05-13,683250.0,1614750.0,0.32319614,20.232637,225,1
atitlan,2025-05-13,683550.0,1614750.0,0.2723102,16.480198,225,1
atitlan,2025-05-13,683850.0,1614750.0,0.14182605,8.892454,225,0
atitlan,2025-05-13,684150.0,1614750.0,0.26791468,16.0267,225,1
atitlan,2025-05-13,684450.0,1614750.0,0.11839551,6.3238235,225,0
atitlan,2025-05-13,684750.0,1614750.0,0.03859894,4.487979,225,0
atitlan,2025-05-13,685050.0,1614750.0,0.012424299,4.2945437,225,0
atitlan,2025-05-13,685350.0,1614750.0,0.0059786467,4.202831,225,0
atitlan,2025-05-13,685650.0,1614750.0,-0.0039343094,3.8343627,225,0
atitlan,2025-05-13,685950.0,1614750.0,0.011566492,3.9820466,225,0
atitlan,2025-05-13,686250.0,1614750.0,0.018026428,4.481282,225,0
atitlan,2025-05-13,686550.0,1614750.0,0.25058728,14.126638,225,1
atitlan,2025-05-13,686850.0,1614750.0,0.33574203,22.509012,225,1
atitlan,2025-05-13,687150.0,1614750.0,0.33157194,23.393114,225,1
atitlan,2025-05-13,687450.0,1614750.0,0.2541287,16.831776,225,1
atitlan,2025-05-13,687750.0,1614750.0,0.2080004,11.9619,225,0
atitlan,2025-05-13,688050.0,1614750.0,0.25645584,16.296925,225,1
atitlan,2025-05-13,688350.0,1614750.0,0.20838195,13.518852,225,1
atitlan,2025-05-13,688650.0,1614750.0,0.04226062,4.6472726,225,0
atitlan,2025-05-13,688950.0,1614750.0,0.3275558,22.983824,225,1
atitlan,2025-05-13,689250.0,1614750.0,0.37155345,29.621359,225,1
atitlan,2025-05-13,689550.0,1614750.0,0.38667572,34.33432,225,1
atitlan,2025-05-13,689850.0,1614750.0,0.26918206,18.501965,225,1
atitlan,2025-05-13,690150.0,1614750.0,0.31668955,22.557339,225,1
atitlan,2025-05-13,690450.0,1614750.0,0.18794417,9.37752,225,0
atitlan,2025-05-13,690750.0,1614750.0,0.087211974,6.176036,225,0
atitlan,2025-05-13,691050.0,1614750.0,0.30279297,21.898773,225,1
atitlan,2025-05-13,691350.0,1614750.0,0.33965185,24.446264,225,1
atitlan,2025-05-13,691650.0,1614750.0,0.35613027,27.335222,225,1
atitlan,2025-05-13,691950.0,1614750.0,0.18855876,12.6929,225,1
atitlan,2025-05-13,692250.0,1614750.0,0.044927966,4.716496,225,0
atitlan,2025-05-13,692550.0,1614750.0,0.28110144,18.646788,225,1
atitlan,2025-05-13,692850.0,1614750.0,0.26578787,17.861345,225,1
atitlan,2025-05-13,693150.0,1614750.0,0.092047215,5.6939516,225,0
atitlan,2025-05-13,693450.0,1614750.0,0.027908968,4.4514832,225,0
atitlan,2025-05-13,693750.0,1614750.0,0.022071736,4.317981,225,0
atitlan,2025-05-13,694050.0,1614750.0,0.05657488,4.809241,225,0
atitlan,2025-05-13,694350.0,1614750.0,0.01907498,4.3020372,225,0
atitlan,2025-05-13,694650.0,1614750.0,0.00709783,4.132468,225,0
atitlan,2025-05-13,694950.0,1614750.0,0.013927446,4.1453414,225,0
atitlan,2025-05-13,695250.0,1614750.0,0.052209094,5.344751,225,0
atitlan,2025-05-13,695550.0,1614750.0,0.12232693,7.707064,225,0
atitlan,2025-05-13,695850.0,1614750.0,0.036188025,4.876422,225,0
atitlan,2025-05-13,696150.0,1614750.0,0.15599576,10.379665,225,0
atitlan,2025-05-13,696450.0,1614750.0,0.011369277,4.2176585,225,0
atitlan,2025-05-13,696750.0,1614750.0,0.0034184477,4.11745,225,0
atitlan,2025-05-13,697050.0,1614750.0,0.010311928,4.211517,225,0
atitlan,2025-05-13,697350.0,1614750.0,-0.004625343,3.9703236,225,0
atitlan,2025-05-13,697650.0,1614750.0,0.010690669,4.206445,225,0
atitlan,2025-05-13,697950.0,1614750.0,0.06306851,5.1607604,225,0
atitlan,2025-05-13,698250.0,1614750.0,0.15918694,8.158674,225,0
atitlan,2025-05-13,698550.0,1614750.0,0.10831088,6.000094,225,0
atitlan,2025-05-13,698850.0,1614750.0,0.027552618,4.3756886,225,0
atitlan,2025-05-13,699150.0,1614750.0,0.14647973,7.0277405,225,0
atitlan,2025-05-13,699450.0,1614750.0,0.19262305,8.892562,225,0
atitlan,2025-05-13,699750.0,1614750.0,0.183567,8.946322,225,0
atitlan,2025-05-13,700050.0,1614750.0,0.16351055,8.913747,225,0
atitlan,2025-05-13,700350.0,1614750.0,0.27997473,14.638241,225,1
atitlan,2025-05-13,700650.0,1614750.0,0.26458478,13.134107,225,1
atitlan,2025-05-13,700950.0,1614750.0,0.25125644,12.948423,225,1
atitlan,2025-05-13,701250.0,1614750.0,0.24553818,13.321258,225,1
atitlan,2025-05-13,701550.0,1614750.0,0.09590221,5.7018895,225,0
atitlan,2025-05-13,701850.0,1614750.0,0.056587983,4.8293266,225,0
atitlan,2025-05-13,702150.0,1614750.0,0.0694717,5.3001575,225,0
atitlan,2025-05-13,702450.0,1614750.0,0.09650353,7.3742204,225,0
atitlan,2025-05-13,702750.0,1614750.0,0.23058459,13.9341135,225,1
atitlan,2025-05-13,703050.0,1614750.0,0.27545533,15.279744,225,1
atitlan,2025-05-13,703350.0,1614750.0,0.3212628,20.529408,225,1
atitlan,2025-05-13,703650.0,1614750.0,0.32326844,20.869102,225,1
atitlan,2025-05-13,703950.0,1614750.0,0.31817088,20.2898,225,1
atitlan,2025-05-13,704250.0,1614750.0,0.33794776,22.626947,225,1
atitlan,2025-05-13,704550.0,1614750.0,0.33158386,22.183918,225,1
atitlan,2025-05-13,704850.0,1614750.0,0.24994645,13.015694,225,1
atitlan,2025-05-13,705150.0,1614750.0,0.087639354,5.77721,225,0
atitlan,2025-05-13,705450.0,1614750.0,0.008809806,4.184565,225,0
atitlan,2025-05-13,705750.0,1614750.0,0.034103688,4.4511986,225,0
atitlan,2025-05-13,706050.0,1614750.0,0.012049005,4.1528263,225,0
atitlan,2025-05-13,706350.0,1614750.0,0.0025831081,4.0847135,225,0
atitlan,2025-05-13,706650.0,1614750.0,-0.003538406,3.9872692,225,0
atitlan,2025-05-13,706950.0,1614750.0,-0.0021060114,4.000444,225,0
atitlan,2025-05-13,707250.0,1614750.0,0.046603784,4.6082544,225,0
atitlan,2025-05-13,707550.0,1614750.0,0.04737441,4.531888,225,0
atitlan,2025-05-13,707850.0,1614750.0,0.013210492,4.1591754,45,0
atitlan,2025-05-13,680250.0,1615050.0,0.10247225,6.7108316,180,0
atitlan,2025-05-13,680550.0,1615050.0,0.004970655,4.0523953,225,0
atitlan,2025-05-13,680850.0,1615050.0,0.05344535,6.0695686,225,0
atitlan,2025-05-13,681150.0,1615050.0,0.31446713,19.507217,225,1
atitlan,2025-05-13,681450.0,1615050.0,0.29064715,17.71805,225,1
atitlan,2025-05-13,681750.0,1615050.0,0.2831742,16.769974,225,1
atitlan,2025-05-13,682050.0,1615050.0,0.2704137,15.998286,225,1
atitlan,2025-05-13,682350.0,1615050.0,0.15397595,7.7980127,225,0
atitlan,2025-05-13,682650.0,1615050.0,0.1760198,9.480012,225,0
atitlan,2025-05-13,682950.0,1615050.0,0.08235396,5.4566774,225,0
atitlan,2025-05-13,683250.0,1615050.0,0.11907441,8.058403,225,0
atitlan,2025-05-13,683550.0,1615050.0,0.31307426,18.86127,225,1
atitlan,2025-05-13,683850.0,1615050.0,0.26655066,14.88812,225,1
atitlan,2025-05-13,684150.0,1615050.0,0.26562002,15.904016,225,1
atitlan,2025-05-13,684450.0,1615050.0,0.21900336,11.86495,225,0
atitlan,2025-05-13,684750.0,1615050.0,0.17378493,11.104455,225,0
atitlan,2025-05-13,685050.0,1615050.0,0.09379303,5.564784,225,0
atitlan,2025-05-13,685350.0,1615050.0,0.019400284,4.392435,225,0
atitlan,2025-05-13,685650.0,1615050.0,-0.0023778435,4.0056868,225,0
atitlan,2025-05-13,685950.0,1615050.0,0.0016091691,4.039888,225,0
atitlan,2025-05-13,686250.0,1615050.0,0.03525724,4.460821,225,0
atitlan,2025-05-13,686550.0,1615050.0,0.25478983,14.7480345,225,1
atitlan,2025-05-13,686850.0,1615050.0,0.3107705,19.75818,225,1
atitlan,2025-05-13,687150.0,1615050.0,0.34363455,25.31679,225,1
atitlan,2025-05-13,687450.0,1615050.0,0.1348176,8.143482,225,0
atitlan,2025-05-13,687750.0,1615050.0,0.2951141,20.33129,225,1
atitlan,2025-05-13,688050.0,1615050.0,0.35674465,27.58444,225,1
atitlan,2025-05-13,688350.0,1615050.0,0.2635047,17.434788,225,1
atitlan,2025-05-13,688650.0,1615050.0,0.016495071,4.270788,225,0
atitlan,2025-05-13,688950.0,1615050.0,0.08833905,8.638233,225,0
atitlan,2025-05-13,689250.0,1615050.0,0.37514788,31.027012,225,1
atitlan,2025-05-13,689550.0,1615050.0,0.2925504,20.283937,225,1
atitlan,2025-05-13,689850.0,1615050.0,0.30067316,21.826454,225,1
atitlan,2025-05-13,690150.0,1615050.0,0.19055185,8.924701,225,0
atitlan,2025-05-13,690450.0,1615050.0,0.10554365,6.275312,225,0
atitlan,2025-05-13,690750.0,1615050.0,0.28196025,17.461617,225,1
atitlan,2025-05-13,691050.0,1615050.0,0.2887915,19.691807,225,1
atitlan,2025-05-13,691350.0,1615050.0,0.33323833,24.029081,225,1
atitlan,2025-05-13,691650.0,1615050.0,0.27140343,18.322565,225,1
atitlan,2025-05-13,691950.0,1615050.0,0.32067463,22.565739,225,1
atitlan,2025-05-13,692250.0,1615050.0,0.18626294,9.926777,225,0
atitlan,2025-05-13,692550.0,1615050.0,0.33117124,25.291817,225,1
atitlan,2025-05-13,692850.0,1615050.0,0.3126646,22.8292,225,1
atitlan,2025-05-13,693150.0,1615050.0,0.08111383,6.7960587,225,0
atitlan,2025-05-13,693450.0,1615050.0,0.0062410193,4.173752,225,0
atitlan,2025-05-13,693750.0,1615050.0,0.0023715824,4.0409913,225,0
atitlan,2025-05-13,694050.0,1615050.0,0.006438093,4.1167264,225,0
atitlan,2025-05-13,694350.0,1615050.0,0.0022409784,4.0828185,225,0
atitlan,2025-05-13,694650.0,1615050.0,0.0058815447,4.028368,225,0
atitlan,2025-05-13,694950.0,1615050.0,-0.00012690549,4.049747,225,0
atitlan,2025-05-13,695250.0,1615050.0,-0.00049627194,3.9596314,225,0
atitlan,2025-05-13,695550.0,1615050.0,0.0036983371,4.112258,225,0
atitlan,2025-05-13,695850.0,1615050.0,0.011073664,4.185129,225,0
atitlan,2025-05-13,696150.0,1615050.0,0.024541022,4.477813,225,0
atitlan,2025-05-13,696450.0,1615050.0,0.004358301,4.102452,225,0
atitlan,2025-05-13,696750.0,1615050.0,0.008732791,4.1724024,225,0
atitlan,2025-05-13,697050.0,1615050.0,0.013694517,4.212401,225,0
atitlan,2025-05-13,697350.0,1615050.0,0.08847884,5.5369325,225,0
atitlan,2025-05-13,697650.0,1615050.0,0.089425005,5.489739,225,0
atitlan,2025-05-13,697950.0,1615050.0,0.1473961,8.510118,225,0
atitlan,2025-05-13,698250.0,1615050.0,0.18417086,9.7951565,225,0
atitlan,2025-05-13,698550.0,1615050.0,0.18444985,9.14902,225,0
atitlan,2025-05-13,698850.0,1615050.0,0.16173136,8.39762,225,0
atitlan,2025-05-13,699150.0,1615050.0,0.099522024,5.858895,225,0
atitlan,2025-05-13,699450.0,1615050.0,0.1413578,7.3469634,225,0
atitlan,2025-05-13,699750.0,1615050.0,0.032341328,4.544602,225,0
atitlan,2025-05-13,700050.0,1615050.0,0.08882092,5.7285714,225,0
atitlan,2025-05-13,700350.0,1615050.0,0.2539535,11.846561,225,0
atitlan,2025-05-13,700650.0,1615050.0,0.23551472,13.36967,225,1
atitlan,2025-05-13,700950.0,1615050.0,0.21296912,10.971759,225,0
atitlan,2025-05-13,701250.0,1615050.0,0.23680964,12.234558,225,1
atitlan,2025-05-13,701550.0,1615050.0,0.26150456,14.053603,225,1
atitlan,2025-05-13,701850.0,1615050.0,0.10025021,6.2310243,225,0
atitlan,2025-05-13,702150.0,1615050.0,0.029379426,4.471275,225,0
atitlan,2025-05-13,702450.0,1615050.0,-0.0007216208,4.0288935,225,0
atitlan,2025-05-13,702750.0,1615050.0,0.02326725,4.6323833,225,0
atitlan,2025-05-13,703050.0,1615050.0,0.32807058,22.950874,225,1
atitlan,2025-05-13,703350.0,1615050.0,0.29920706,19.779606,225,1
atitlan,2025-05-13,703650.0,1615050.0,0.13356562,7.3352776,225,0
atitlan,2025-05-13,703950.0,1615050.0,0.16307612,10.087861,225,0
atitlan,2025-05-13,704250.0,1615050.0,0.33226275,22.506727,225,1
atitlan,2025-05-13,704550.0,1615050.0,0.33243075,23.034481,225,1
atitlan,2025-05-13,704850.0,1615050.0,0.28766888,16.968754,225,1
atitlan,2025-05-13,705150.0,1615050.0,0.24138862,13.048587,225,1
atitlan,2025-05-13,705450.0,1615050.0,0.1731214,9.098339,225,0
atitlan,2025-05-13,705750.0,1615050.0,0.16769546,9.374417,225,0
atitlan,2025-05-13,706050.0,1615050.0,0.06799994,5.5044947,225,0
atitlan,2025-05-13,706350.0,1615050.0,0.034466557,4.4733477,225,0
atitlan,2025-05-13,706650.0,1615050.0,-0.00076023646,4.029436,225,0
atitlan,2025-05-13,706950.0,1615050.0,0.036298998,4.445602,225,0
atitlan,2025-05-13,707250.0,1615050.0,0.015771175,4.1056533,225,0
atitlan,2025-05-13,707550.0,1615050.0,0.020119604,4.146854,225,0
atitlan,2025-05-13,707850.0,1615050.0,0.0012488117,3.8093352,45,0
atitlan,2025-05-13,680250.0,1615350.0,0.28286198,15.91252,180,1
atitlan,2025-05-13,680550.0,1615350.0,0.22494681,14.821485,225,1
atitlan,2025-05-13,680850.0,1615350.0,0.17916292,13.970081,225,1
atitlan,2025-05-13,681150.0,1615350.0,0.26435438,16.628511,225,1
atitlan,2025-05-13,681450.0,1615350.0,0.19902423,10.962919,225,0
atitlan,2025-05-13,681750.0,1615350.0,0.13491832,9.081646,225,0
atitlan,2025-05-13,682050.0,1615350.0,0.07451798,5.723002,225,0
atitlan,2025-05-13,682350.0,1615350.0,0.0038760358,3.9315543,225,0
atitlan,2025-05-13,682650.0,1615350.0,0.03438007,4.5539775,225,0
atitlan,2025-05-13,682950.0,1615350.0,0.009981342,4.2127743,225,0
atitlan,2025-05-13,683250.0,1615350.0,-0.0026743938,3.8801074,225,0
atitlan,2025-05-13,683550.0,1615350.0,0.26952446,15.180909,225,1
atitlan,2025-05-13,683850.0,1615350.0,0.28878173,15.0872,225,1
atitlan,2025-05-13,684150.0,1615350.0,0.26948,13.951142,225,1
atitlan,2025-05-13,684450.0,1615350.0,0.10063862,6.637044,225,0
atitlan,2025-05-13,684750.0,1615350.0,0.07709683,5.5216722,225,0
atitlan,2025-05-13,685050.0,1615350.0,0.038521145,4.5873427,225,0
atitlan,2025-05-13,685350.0,1615350.0,-0.005303283,3.9312572,225,0
atitlan,2025-05-13,685650.0,1615350.0,-0.0015531183,4.015736,225,0
atitlan,2025-05-13,685950.0,1615350.0,-0.00034999987,3.99058,225,0
atitlan,2025-05-13,686250.0,1615350.0,-0.00070605706,3.9238377,225,0
atitlan,2025-05-13,686550.0,1615350.0,0.016247775,4.58176,225,0
atitlan,2025-05-13,686850.0,1615350.0,0.2889231,19.097748,225,1
atitlan,2025-05-13,687150.0,1615350.0,0.3537168,25.495955,225,1
atitlan,2025-05-13,687450.0,1615350.0,0.33219078,22.83188,225,1
atitlan,2025-05-13,687750.0,1615350.0,0.35253334,25.790499,225,1
atitlan,2025-05-13,688050.0,1615350.0,0.23895396,15.382492,225,1
atitlan,2025-05-13,688350.0,1615350.0,0.18713184,13.972131,225,1
atitlan,2025-05-13,688650.0,1615350.0,0.132658,9.933227,225,0
atitlan,2025-05-13,688950.0,1615350.0,0.15140425,9.336777,225,0
atitlan,2025-05-13,689250.0,1615350.0,0.2997087,21.005465,225,1
atitlan,2025-05-13,689550.0,1615350.0,0.30843103,19.814968,225,1
atitlan,2025-05-13,689850.0,1615350.0,0.29779634,19.244051,225,1
atitlan,2025-05-13,690150.0,1615350.0,0.24037983,11.956611,225,0
atitlan,2025-05-13,690450.0,1615350.0,0.21538693,11.686013,225,0
atitlan,2025-05-13,690750.0,1615350.0,0.31656533,21.904749,225,1
atitlan,2025-05-13,691050.0,1615350.0,0.34041396,24.492231,225,1
atitlan,2025-05-13,691350.0,1615350.0,0.3605109,28.171198,225,1
atitlan,2025-05-13,691650.0,1615350.0,0.3609524,28.583609,225,1
atitlan,2025-05-13,691950.0,1615350.0,0.3494399,26.400627,225,1
atitlan,2025-05-13,692250.0,1615350.0,0.34727362,26.489285,225,1
atitlan,2025-05-13,692550.0,1615350.0,0.368358,29.55578,225,1
atitlan,2025-05-13,692850.0,1615350.0,0.34703478,26.923004,225,1
atitlan,2025-05-13,693150.0,1615350.0,0.20961076,13.102491,225,1
atitlan,2025-05-13,693450.0,1615350.0,0.046278313,4.770758,225,0
atitlan,2025-05-13,693750.0,1615350.0,0.008328985,4.166365,225,0
atitlan,2025-05-13,694050.0,1615350.0,0.0026428043,4.0858755,225,0
atitlan,2025-05-13,694350.0,1615350.0,-0.001072453,4.028766,225,0
atitlan,2025-05-13,694650.0,1615350.0,0.002091132,4.0733786,225,0
atitlan,2025-05-13,694950.0,1615350.0,0.0029093197,4.105728,225,0
atitlan,2025-05-13,695250.0,1615350.0,0.00094726286,4.0536146,225,0
atitlan,2025-05-13,695550.0,1615350.0,0.0009855761,4.067798,225,0
atitlan,2025-05-13,695850.0,1615350.0,0.0022153447,4.0879126,225,0
atitlan,2025-05-13,696150.0,1615350.0,-0.0011623091,4.0226874,225,0
atitlan,2025-05-13,696450.0,1615350.0,-0.0011646836,4.0352373,225,0
atitlan,2025-05-13,696750.0,1615350.0,0.0005877641,4.053527,225,0
atitlan,2025-05-13,697050.0,1615350.0,0.021166494,4.332531,225,0
atitlan,2025-05-13,697350.0,1615350.0,0.056089398,4.8308177,225,0
atitlan,2025-05-13,697650.0,1615350.0,0.16038506,8.662048,225,0
atitlan,2025-05-13,697950.0,1615350.0,0.09375408,6.0620837,225,0
atitlan,2025-05-13,698250.0,1615350.0,0.2147516,11.646114,225,0
atitlan,2025-05-13,698550.0,1615350.0,0.26465893,14.900539,225,1
atitlan,2025-05-13,698850.0,1615350.0,0.16780655,8.450864,225,0
atitlan,2025-05-13,699150.0,1615350.0,0.08346375,5.4026437,225,0
atitlan,2025-05-13,699450.0,1615350.0,0.18680894,8.4682455,225,0
atitlan,2025-05-13,699750.0,1615350.0,0.07333807,6.457215,225,0
atitlan,2025-05-13,700050.0,1615350.0,0.18073104,9.273243,225,0
atitlan,2025-05-13,700350.0,1615350.0,0.2657432,14.126947,225,1
atitlan,2025-05-13,700650.0,1615350.0,0.1655164,9.704801,225,0
atitlan,2025-05-13,700950.0,1615350.0,0.14479966,8.144647,225,0
atitlan,2025-05-13,701250.0,1615350.0,0.21183473,10.58974,225,0
atitlan,2025-05-13,701550.0,1615350.0,0.3002916,17.668592,225,1
atitlan,2025-05-13,701850.0,1615350.0,0.24358593,12.127512,225,1
atitlan,2025-05-13,702150.0,1615350.0,0.07383455,5.4491396,225,0
atitlan,2025-05-13,702450.0,1615350.0,0.030224143,4.496526,225,0
atitlan,2025-05-13,702750.0,1615350.0,0.12080328,8.995379,225,0
atitlan,2025-05-13,703050.0,1615350.0,0.32035512,20.503601,225,1
atitlan,2025-05-13,703350.0,1615350.0,0.19337459,10.250967,225,0
atitlan,2025-05-13,703650.0,1615350.0,0.043090124,4.7246227,225,0
atitlan,2025-05-13,703950.0,1615350.0,0.21011643,13.727998,225,1
atitlan,2025-05-13,704250.0,1615350.0,0.34398842,25.610004,225,1
atitlan,2025-05-13,704550.0,1615350.0,0.3303686,21.83502,225,1
atitlan,2025-05-13,704850.0,1615350.0,0.28567335,16.051344,225,1
atitlan,2025-05-13,705150.0,1615350.0,0.2855207,16.330606,225,1
atitlan,2025-05-13,705450.0,1615350.0,0.31081814,18.85129,225,1
atitlan,2025-05-13,705750.0,1615350.0,0.27992758,14.612926,225,1
atitlan,2025-05-13,706050.0,1615350.0,0.27234003,14.554151,225,1
atitlan,2025-05-13,706350.0,1615350.0,0.19331644,10.545992,225,0
atitlan,2025-05-13,706650.0,1615350.0,0.19881879,9.80385,225,0
atitlan,2025-05-13,706950.0,1615350.0,0.130279,6.118567,225,0
atitlan,2025-05-13,707250.0,1615350.0,0.038358863,4.6864376,225,0
atitlan,2025-05-13,707550.0,1615350.0,0.0016206602,4.050337,225,0
atitlan,2025-05-13,707850.0,1615350.0,-0.0057932953,3.9389112,45,0
atitlan,2025-05-13,680250.0,1615650.0,0.28882328,18.760832,180,1
atitlan,2025-05-13,680550.0,1615650.0,0.35051823,26.138348,225,1
atitlan,2025-05-13,680850.0,1615650.0,0.20296542,11.726942,225,0
atitlan,2025-05-13,681150.0,1615650.0,0.05269217,4.6532917,225,0
atitlan,2025-05-13,681450.0,1615650.0,0.007309222,3.9425585,225,0
atitlan,2025-05-13,681750.0,1615650.0,0.010387216,4.0245595,225,0
atitlan,2025-05-13,682050.0,1615650.0,0.0056146425,3.8556743,225,0
atitlan,2025-05-13,682350.0,1615650.0,-0.007036876,3.8520703,225,0
atitlan,2025-05-13,682650.0,1615650.0,-0.0020908054,3.8346832,225,0
atitlan,2025-05-13,682950.0,1615650.0,0.05781023,5.090061,225,0
atitlan,2025-05-13,683250.0,1615650.0,-0.014893415,3.6883745,225,0
atitlan,2025-05-13,683550.0,1615650.0,0.15198672,9.012864,225,0
atitlan,2025-05-13,683850.0,1615650.0,0.15828578,8.723291,225,0
atitlan,2025-05-13,684150.0,1615650.0,0.17607161,9.838519,225,0
atitlan,2025-05-13,684450.0,1615650.0,0.26992628,15.690168,225,1
atitlan,2025-05-13,684750.0,1615650.0,0.228902,12.04666,225,1
atitlan,2025-05-13,685050.0,1615650.0,0.049013164,4.6362042,225,0
atitlan,2025-05-13,685350.0,1615650.0,-0.006904419,3.9019341,225,0
atitlan,2025-05-13,685650.0,1615650.0,-0.0072878413,3.899546,225,0
atitlan,2025-05-13,685950.0,1615650.0,-0.008412094,3.758018,225,0
atitlan,2025-05-13,686250.0,1615650.0,0.011123524,4.0423455,225,0
atitlan,2025-05-13,686550.0,1615650.0,0.020176023,4.1475253,225,0
atitlan,2025-05-13,686850.0,1615650.0,0.17162082,11.034941,225,0
atitlan,2025-05-13,687150.0,1615650.0,0.31346425,20.204626,225,1
atitlan,2025-05-13,687450.0,1615650.0,0.34162927,23.256771,225,1
atitlan,2025-05-13,687750.0,1615650.0,0.3723763,30.753523,225,1
atitlan,2025-05-13,688050.0,1615650.0,0.36512735,29.361176,225,1
atitlan,2025-05-13,688350.0,1615650.0,0.3322087,23.884415,225,1
atitlan,2025-05-13,688650.0,1615650.0,0.31651765,21.961123,225,1
atitlan,2025-05-13,688950.0,1615650.0,0.30399987,20.237791,225,1
atitlan,2025-05-13,689250.0,1615650.0,0.25960162,15.972153,225,1
atitlan,2025-05-13,689550.0,1615650.0,0.28188047,17.164104,225,1
atitlan,2025-05-13,689850.0,1615650.0,0.30608496,20.470167,225,1
atitlan,2025-05-13,690150.0,1615650.0,0.31227916,20.275558,225,1
atitlan,2025-05-13,690450.0,1615650.0,0.28330678,17.512165,225,1
atitlan,2025-05-13,690750.0,1615650.0,0.2797052,17.549973,225,1
atitlan,2025-05-13,691050.0,1615650.0,0.35782766,28.512598,225,1
atitlan,2025-05-13,691350.0,1615650.0,0.31989282,22.091227,225,1
atitlan,2025-05-13,691650.0,1615650.0,0.3216648,21.84243,225,1
atitlan,2025-05-13,691950.0,1615650.0,0.3314237,24.13633,225,1
atitlan,2025-05-13,692250.0,1615650.0,0.35758162,28.549475,225,1
atitlan,2025-05-13,692550.0,1615650.0,0.3531691,27.264511,225,1
atitlan,2025-05-13,692850.0,1615650.0,0.23147604,13.046636,225,1
atitlan,2025-05-13,693150.0,1615650.0,0.063187286,4.918359,225,0
atitlan,2025-05-13,693450.0,1615650.0,0.008296184,4.1670537,225,0
atitlan,2025-05-13,693750.0,1615650.0,0.0056792586,4.132819,225,0
atitlan,2025-05-13,694050.0,1615650.0,-0.0051597864,3.9570138,225,0
atitlan,2025-05-13,694350.0,1615650.0,-0.0043615582,3.965949,225,0
atitlan,2025-05-13,694650.0,1615650.0,-0.0003849879,3.9999993,225,0
atitlan,2025-05-13,694950.0,1615650.0,0.0032947732,4.1183777,225,0
atitlan,2025-05-13,695250.0,1615650.0,-0.0024241724,4.0097365,225,0
atitlan,2025-05-13,695550.0,1615650.0,-0.0014021145,4.028372,225,0
atitlan,2025-05-13,695850.0,1615650.0,0.004136328,4.1112604,225,0
atitlan,2025-05-13,696150.0,1615650.0,0.0037742623,4.1110463,225,0
atitlan,2025-05-13,696450.0,1615650.0,-0.0017531301,4.0081778,225,0
atitlan,2025-05-13,696750.0,1615650.0,0.0049925353,4.089835,225,0
atitlan,2025-05-13,697050.0,1615650.0,0.081434265,5.6812143,225,0
atitlan,2025-05-13,697350.0,1615650.0,0.016692182,4.274962,225,0
atitlan,2025-05-13,697650.0,1615650.0,0.0013275496,4.014866,225,0
atitlan,2025-05-13,697950.0,1615650.0,0.044039026,4.7958527,225,0
atitlan,2025-05-13,698250.0,1615650.0,0.23008743,12.466145,225,1
atitlan,2025-05-13,698550.0,1615650.0,0.29327568,16.941744,225,1
atitlan,2025-05-13,698850.0,1615650.0,0.23166747,11.759737,225,0
atitlan,2025-05-13,699150.0,1615650.0,0.057787552,4.8927536,225,0
atitlan,2025-05-13,699450.0,1615650.0,0.16757476,7.830612,225,0
atitlan,2025-05-13,699750.0,1615650.0,0.2710789,13.8454485,225,1
atitlan,2025-05-13,700050.0,1615650.0,0.23615238,10.808943,225,0
atitlan,2025-05-13,700350.0,1615650.0,0.24132031,11.008468,225,0
atitlan,2025-05-13,700650.0,1615650.0,0.25715742,13.356034,225,1
atitlan,2025-05-13,700950.0,1615650.0,0.20746416,11.409373,225,0
atitlan,2025-05-13,701250.0,1615650.0,0.2823216,15.981787,225,1
atitlan,2025-05-13,701550.0,1615650.0,0.24463506,14.471182,225,1
atitlan,2025-05-13,701850.0,1615650.0,0.10738128,6.776052,225,0
atitlan,2025-05-13,702150.0,1615650.0,0.01299703,4.2968173,225,0
atitlan,2025-05-13,702450.0,1615650.0,0.023736112,4.439062,225,0
atitlan,2025-05-13,702750.0,1615650.0,0.1118282,6.960726,225,0
atitlan,2025-05-13,703050.0,1615650.0,0.30581844,19.691984,225,1
atitlan,2025-05-13,703350.0,1615650.0,0.1481088,8.90999,225,0
atitlan,2025-05-13,703650.0,1615650.0,0.07248129,5.9224463,225,0
atitlan,2025-05-13,703950.0,1615650.0,0.30442598,20.652874,225,1
atitlan,2025-05-13,704250.0,1615650.0,0.33052254,23.017698,225,1
atitlan,2025-05-13,704550.0,1615650.0,0.32786047,21.113096,225,1
atitlan,2025-05-13,704850.0,1615650.0,0.28090173,15.492725,225,1
atitlan,2025-05-13,705150.0,1615650.0,0.22185884,11.928586,225,0
atitlan,2025-05-13,705450.0,1615650.0,0.32900167,21.767805,225,1
atitlan,2025-05-13,705750.0,1615650.0,0.30506942,18.710617,225,1
atitlan,2025-05-13,706050.0,1615650.0,0.26138374,13.533106,225,1
atitlan,2025-05-13,706350.0,1615650.0,0.252628,12.328793,225,1
atitlan,2025-05-13,706650.0,1615650.0,0.24719419,11.357504,225,0
atitlan,2025-05-13,706950.0,1615650.0,0.17397095,8.036379,225,0
atitlan,2025-05-13,707250.0,1615650.0,0.0645087,4.80991,225,0
atitlan,2025-05-13,707550.0,1615650.0,0.0063527697,4.163752,225,0
atitlan,2025-05-13,707850.0,1615650.0,0.0017057731,4.087517,45,0
atitlan,2025-05-13,680250.0,1615950.0,0.1797924,11.622299,180,0
atitlan,2025-05-13,680550.0,1615950.0,0.20782633,13.552367,225,1
atitlan,2025-05-13,680850.0,1615950.0,0.080772385,4.9432425,225,0
atitlan,2025-05-13,681150.0,1615950.0,0.01795467,4.2506905,225,0
atitlan,2025-05-13,681450.0,1615950.0,-0.0045380546,3.9580097,225,0
atitlan,2025-05-13,681750.0,1615950.0,-0.00035153067,4.005179,225,0
atitlan,2025-05-13,682050.0,1615950.0,0.015090673,4.1421623,225,0
atitlan,2025-05-13,682350.0,1615950.0,0.011086202,4.1142516,225,0
atitlan,2025-05-13,682650.0,1615950.0,0.0007405347,3.9438114,225,0
atitlan,2025-05-13,682950.0,1615950.0,0.09059628,6.0437436,225,0
atitlan,2025-05-13,683250.0,1615950.0,0.002615212,4.05418,225,0
atitlan,2025-05-13,683550.0,1615950.0,0.016704831,4.1735787,225,0
atitlan,2025-05-13,683850.0,1615950.0,0.02900491,4.4680758,225,0
atitlan,2025-05-13,684150.0,1615950.0,-0.008223041,3.745662,225,0
atitlan,2025-05-13,684450.0,1615950.0,0.075245626,5.5351357,225,0
atitlan,2025-05-13,684750.0,1615950.0,0.12789658,7.134697,225,0
atitlan,2025-05-13,685050.0,1615950.0,0.05914146,6.9548492,225,0
atitlan,2025-05-13,685350.0,1615950.0,0.00061933935,4.048543,225,0
atitlan,2025-05-13,685650.0,1615950.0,0.004088516,4.096285,225,0
atitlan,2025-05-13,685950.0,1615950.0,-0.0019656066,3.9723926,225,0
atitlan,2025-05-13,686250.0,1615950.0,-0.005143511,3.7740357,225,0
atitlan,2025-05-13,686550.0,1615950.0,-0.003051534,3.9351313,225,0
atitlan,2025-05-13,686850.0,1615950.0,0.07183431,5.5686707,225,0
atitlan,2025-05-13,687150.0,1615950.0,0.32271397,20.682587,225,1
atitlan,2025-05-13,687450.0,1615950.0,0.357721,27.040045,225,1
atitlan,2025-05-13,687750.0,1615950.0,0.35059386,25.83295,225,1
atitlan,2025-05-13,688050.0,1615950.0,0.2677727,16.2303,225,1
atitlan,2025-05-13,688350.0,1615950.0,0.28606886,17.672085,225,1
atitlan,2025-05-13,688650.0,1615950.0,0.30459112,18.951958,225,1
atitlan,2025-05-13,688950.0,1615950.0,0.27902123,17.178198,225,1
atitlan,2025-05-13,689250.0,1615950.0,0.30128223,19.116419,225,1
atitlan,2025-05-13,689550.0,1615950.0,0.24899597,13.114644,225,1
atitlan,2025-05-13,689850.0,1615950.0,0.310887,19.825323,225,1
atitlan,2025-05-13,690150.0,1615950.0,0.28836733,16.85368,225,1
atitlan,2025-05-13,690450.0,1615950.0,0.31153184,19.74882,225,1
atitlan,2025-05-13,690750.0,1615950.0,0.30293247,18.741098,225,1
atitlan,2025-05-13,691050.0,1615950.0,0.31064627,20.094976,225,1
atitlan,2025-05-13,691350.0,1615950.0,0.29411608,17.755451,225,1
atitlan,2025-05-13,691650.0,1615950.0,0.3020068,18.587328,225,1
atitlan,2025-05-13,691950.0,1615950.0,0.35081163,26.4019,225,1
atitlan,2025-05-13,692250.0,1615950.0,0.35510054,27.316319,225,1
atitlan,2025-05-13,692550.0,1615950.0,0.35086197,26.836315,225,1
atitlan,2025-05-13,692850.0,1615950.0,0.26441213,18.72019,225,1
atitlan,2025-05-13,693150.0,1615950.0,0.10830568,7.1518083,225,0
atitlan,2025-05-13,693450.0,1615950.0,0.038560055,4.583221,225,0
atitlan,2025-05-13,693750.0,1615950.0,0.009350863,4.1937222,225,0
atitlan,2025-05-13,694050.0,1615950.0,-0.003196856,3.9923174,225,0
atitlan,2025-05-13,694350.0,1615950.0,-0.004338935,3.9765437,225,0
atitlan,2025-05-13,694650.0,1615950.0,-0.0025097895,3.96817,225,0
atitlan,2025-05-13,694950.0,1615950.0,0.013384148,4.2495103,225,0
atitlan,2025-05-13,695250.0,1615950.0,0.0066713234,4.148734,225,0
atitlan,2025-05-13,695550.0,1615950.0,0.0040352847,4.11834,225,0
atitlan,2025-05-13,695850.0,1615950.0,0.012090928,4.1562095,225,0
atitlan,2025-05-13,696150.0,1615950.0,0.008051274,4.154649,225,0
atitlan,2025-05-13,696450.0,1615950.0,-0.0025809633,3.9979696,225,0
atitlan,2025-05-13,696750.0,1615950.0,-0.006964211,3.9000623,225,0
atitlan,2025-05-13,697050.0,1615950.0,0.08031632,6.475531,225,0
atitlan,2025-05-13,697350.0,1615950.0,0.03898397,4.5966916,225,0
atitlan,2025-05-13,697650.0,1615950.0,0.027886458,4.431878,225,0
atitlan,2025-05-13,697950.0,1615950.0,0.1867981,10.354196,225,0
atitlan,2025-05-13,698250.0,1615950.0,0.31103516,18.679993,225,1
atitlan,2025-05-13,698550.0,1615950.0,0.27020198,15.115061,225,1
atitlan,2025-05-13,698850.0,1615950.0,0.22426431,11.901979,225,0
atitlan,2025-05-13,699150.0,1615950.0,0.08238182,5.263438,225,0
atitlan,2025-05-13,699450.0,1615950.0,0.17918903,8.536478,225,0
atitlan,2025-05-13,699750.0,1615950.0,0.2446873,11.212301,225,0
atitlan,2025-05-13,700050.0,1615950.0,0.14989543,6.9377036,225,0
atitlan,2025-05-13,700350.0,1615950.0,0.17637895,8.835276,225,0
atitlan,2025-05-13,700650.0,1615950.0,0.1569171,8.258502,225,0
atitlan,2025-05-13,700950.0,1615950.0,0.22514305,9.536307,225,0
atitlan,2025-05-13,701250.0,1615950.0,0.24717164,11.632945,225,0
atitlan,2025-05-13,701550.0,1615950.0,0.088454805,5.4066644,225,0
atitlan,2025-05-13,701850.0,1615950.0,0.009198069,4.257437,225,0
atitlan,2025-05-13,702150.0,1615950.0,-0.0025982088,3.9458554,225,0
atitlan,2025-05-13,702450.0,1615950.0,0.030828774,4.942315,225,0
atitlan,2025-05-13,702750.0,1615950.0,0.27380723,15.753352,225,1
atitlan,2025-05-13,703050.0,1615950.0,0.33281863,22.509283,225,1
atitlan,2025-05-13,703350.0,1615950.0,0.32339928,20.60382,225,1
atitlan,2025-05-13,703650.0,1615950.0,0.29105404,16.488173,225,1
atitlan,2025-05-13,703950.0,1615950.0,0.34262264,24.30445,225,1
atitlan,2025-05-13,704250.0,1615950.0,0.33560565,23.731691,225,1
atitlan,2025-05-13,704550.0,1615950.0,0.32562035,20.676582,225,1
atitlan,2025-05-13,704850.0,1615950.0,0.31234366,18.59692,225,1
atitlan,2025-05-13,705150.0,1615950.0,0.3165525,19.42748,225,1
atitlan,2025-05-13,705450.0,1615950.0,0.32471865,20.682661,225,1
atitlan,2025-05-13,705750.0,1615950.0,0.32521355,21.443882,225,1
atitlan,2025-05-13,706050.0,1615950.0,0.28198797,17.17072,225,1
atitlan,2025-05-13,706350.0,1615950.0,0.24827123,12.242376,225,1
atitlan,2025-05-13,706650.0,1615950.0,0.2531638,12.345676,225,1
atitlan,2025-05-13,706950.0,1615950.0,0.13491589,6.5552034,225,0
atitlan,2025-05-13,707250.0,1615950.0,0.055563472,4.7256436,225,0
atitlan,2025-05-13,707550.0,1615950.0,0.013754704,4.1574717,225,0
atitlan,2025-05-13,707850.0,1615950.0,0.018436123,4.2610135,45,0
atitlan,2025-05-13,680250.0,1616250.0,0.05653836,4.712007,180,0
atitlan,2025-05-13,680550.0,1616250.0,0.019155009,4.243986,225,0
atitlan,2025-05-13,680850.0,1616250.0,0.0060977046,3.9422843,225,0
atitlan,2025-05-13,681150.0,1616250.0,-0.0026219676,3.9363055,225,0
atitlan,2025-05-13,681450.0,1616250.0,0.0005812017,4.0542064,225,0
atitlan,2025-05-13,681750.0,1616250.0,-0.0013731,3.9436061,225,0
atitlan,2025-05-13,682050.0,1616250.0,0.009728092,3.969626,225,0
atitlan,2025-05-13,682350.0,1616250.0,-0.0072484156,3.8599322,225,0
atitlan,2025-05-13,682650.0,1616250.0,-0.012687707,3.7458653,225,0
atitlan,2025-05-13,682950.0,1616250.0,-0.013546289,3.4022713,225,0
atitlan,2025-05-13,683250.0,1616250.0,-0.0019340372,3.9876597,225,0
atitlan,2025-05-13,683550.0,1616250.0,-0.00048089595,3.9753313,225,0
atitlan,2025-05-13,683850.0,1616250.0,-0.00911872,3.763065,225,0
atitlan,2025-05-13,684150.0,1616250.0,0.008296226,4.145672,225,0
atitlan,2025-05-13,684450.0,1616250.0,0.013746391,4.227485,225,0
atitlan,2025-05-13,684750.0,1616250.0,0.03217316,4.329884,225,0
atitlan,2025-05-13,685050.0,1616250.0,0.035137124,4.7435436,225,0
atitlan,2025-05-13,685350.0,1616250.0,0.08100087,5.7373857,225,0
atitlan,2025-05-13,685650.0,1616250.0,0.088233955,5.505329,225,0
atitlan,2025-05-13,685950.0,1616250.0,0.00742167,4.112958,225,0
atitlan,2025-05-13,686250.0,1616250.0,-0.002698868,3.9924538,225,0
atitlan,2025-05-13,686550.0,1616250.0,-0.0058890274,3.9032776,225,0
atitlan,2025-05-13,686850.0,1616250.0,0.0077836714,4.0510087,225,0
atitlan,2025-05-13,687150.0,1616250.0,0.13686602,10.455179,225,0
atitlan,2025-05-13,687450.0,1616250.0,0.31869394,22.146383,225,1
atitlan,2025-05-13,687750.0,1616250.0,0.33209163,23.17165,225,1
atitlan,2025-05-13,688050.0,1616250.0,0.16835895,10.878569,225,0
atitlan,2025-05-13,688350.0,1616250.0,0.14285405,9.27603,225,0
atitlan,2025-05-13,688650.0,1616250.0,0.2645126,15.803121,225,1
atitlan,2025-05-13,688950.0,1616250.0,0.28044695,17.188923,225,1
atitlan,2025-05-13,689250.0,1616250.0,0.21002793,11.408153,225,0
atitlan,2025-05-13,689550.0,1616250.0,0.29914638,19.60015,225,1
atitlan,2025-05-13,689850.0,1616250.0,0.27944756,16.149958,225,1
atitlan,2025-05-13,690150.0,1616250.0,0.2760518,14.963017,225,1
atitlan,2025-05-13,690450.0,1616250.0,0.3041042,18.03609,225,1
atitlan,2025-05-13,690750.0,1616250.0,0.2975696,18.276716,225,1
atitlan,2025-05-13,691050.0,1616250.0,0.26837522,15.600053,225,1
atitlan,2025-05-13,691350.0,1616250.0,0.31853974,21.146154,225,1
atitlan,2025-05-13,691650.0,1616250.0,0.3012758,20.338444,225,1
atitlan,2025-05-13,691950.0,1616250.0,0.33723146,25.218851,225,1
atitlan,2025-05-13,692250.0,1616250.0,0.3517311,26.098171,225,1
atitlan,2025-05-13,692550.0,1616250.0,0.36215234,28.153334,225,1
atitlan,2025-05-13,692850.0,1616250.0,0.36031392,28.381943,225,1
atitlan,2025-05-13,693150.0,1616250.0,0.26517096,16.065659,225,1
atitlan,2025-05-13,693450.0,1616250.0,0.06888105,4.908757,225,0
atitlan,2025-05-13,693750.0,1616250.0,0.012706613,4.257577,225,0
atitlan,2025-05-13,694050.0,1616250.0,0.00071646424,4.07164,225,0
atitlan,2025-05-13,694350.0,1616250.0,0.0033894323,4.124389,225,0
atitlan,2025-05-13,694650.0,1616250.0,0.002468157,4.086115,225,0
atitlan,2025-05-13,694950.0,1616250.0,0.18133038,10.379984,225,0
atitlan,2025-05-13,695250.0,1616250.0,0.047268406,4.817401,225,0
atitlan,2025-05-13,695550.0,1616250.0,0.008032083,4.1801972,225,0
atitlan,2025-05-13,695850.0,1616250.0,0.013644801,4.1588817,225,0
atitlan,2025-05-13,696150.0,1616250.0,0.010149964,4.143985,225,0
atitlan,2025-05-13,696450.0,1616250.0,0.004506465,4.138574,225,0
atitlan,2025-05-13,696750.0,1616250.0,0.022969585,4.3980174,225,0
atitlan,2025-05-13,697050.0,1616250.0,0.08652366,5.936006,225,0
atitlan,2025-05-13,697350.0,1616250.0,0.21012987,12.284954,225,1
atitlan,2025-05-13,697650.0,1616250.0,0.23557846,15.307634,225,1
atitlan,2025-05-13,697950.0,1616250.0,0.29239714,17.982628,225,1
atitlan,2025-05-13,698250.0,1616250.0,0.30432698,18.870098,225,1
atitlan,2025-05-13,698550.0,1616250.0,0.27479908,16.194088,225,1
atitlan,2025-05-13,698850.0,1616250.0,0.15846464,8.059802,225,0
atitlan,2025-05-13,699150.0,1616250.0,0.08737595,5.9062347,225,0
atitlan,2025-05-13,699450.0,1616250.0,0.08341102,5.2314835,225,0
atitlan,2025-05-13,699750.0,1616250.0,0.083704196,5.2230644,225,0
atitlan,2025-05-13,700050.0,1616250.0,0.01984247,4.31316,225,0
atitlan,2025-05-13,700350.0,1616250.0,0.04574046,4.6297364,225,0
atitlan,2025-05-13,700650.0,1616250.0,0.13919833,6.9922924,225,0
atitlan,2025-05-13,700950.0,1616250.0,0.18661995,7.7763557,225,0
atitlan,2025-05-13,701250.0,1616250.0,0.16153361,7.4128623,225,0
atitlan,2025-05-13,701550.0,1616250.0,0.12094275,6.9413457,225,0
atitlan,2025-05-13,701850.0,1616250.0,0.06916664,6.0091085,225,0
atitlan,2025-05-13,702150.0,1616250.0,0.006004042,4.13055,225,0
atitlan,2025-05-13,702450.0,1616250.0,-0.0024468377,3.9646525,225,0
atitlan,2025-05-13,702750.0,1616250.0,0.26834765,15.899433,225,1
atitlan,2025-05-13,703050.0,1616250.0,0.31156823,18.585606,225,1
atitlan,2025-05-13,703350.0,1616250.0,0.3335267,23.577515,225,1
atitlan,2025-05-13,703650.0,1616250.0,0.15906365,8.601367,225,0
atitlan,2025-05-13,703950.0,1616250.0,0.16727936,8.109334,225,0
atitlan,2025-05-13,704250.0,1616250.0,0.26540846,16.297901,225,1
atitlan,2025-05-13,704550.0,1616250.0,0.32436785,20.47053,225,1
atitlan,2025-05-13,704850.0,1616250.0,0.33903453,22.992971,225,1
atitlan,2025-05-13,705150.0,1616250.0,0.30383274,17.41987,225,1
atitlan,2025-05-13,705450.0,1616250.0,0.30479658,17.73807,225,1
atitlan,2025-05-13,705750.0,1616250.0,0.2847731,18.089172,225,1
atitlan,2025-05-13,706050.0,1616250.0,0.3220882,20.787884,225,1
atitlan,2025-05-13,706350.0,1616250.0,0.2512736,12.662621,225,1
atitlan,2025-05-13,706650.0,1616250.0,0.20103623,9.621787,225,0
atitlan,2025-05-13,706950.0,1616250.0,0.08511564,5.214832,225,0
atitlan,2025-05-13,707250.0,1616250.0,0.0105568925,4.2128205,225,0
atitlan,2025-05-13,707550.0,1616250.0,0.037022166,4.5138297,225,0
atitlan,2025-05-13,707850.0,1616250.0,0.14022541,7.0010557,45,0
atitlan,2025-05-13,680250.0,1616550.0,0.04435242,4.620428,180,0
atitlan,2025-05-13,680550.0,1616550.0,0.03344892,4.4881544,225,0
atitlan,2025-05-13,680850.0,1616550.0,0.008468504,4.0508347,225,0
atitlan,2025-05-13,681150.0,1616550.0,-0.0010215151,4.0085955,225,0
atitlan,2025-05-13,681450.0,1616550.0,-0.0050884057,3.9504473,225,0
atitlan,2025-05-13,681750.0,1616550.0,-8.3367144e-05,3.9899702,225,0
atitlan,2025-05-13,682050.0,1616550.0,0.0024230003,3.9714303,225,0
atitlan,2025-05-13,682350.0,1616550.0,-0.005530065,3.9342575,225,0
atitlan,2025-05-13,682650.0,1616550.0,-0.002957923,3.9940155,225,0
atitlan,2025-05-13,682950.0,1616550.0,-0.007947963,3.8723729,225,0
atitlan,2025-05-13,683250.0,1616550.0,-0.000790199,3.964489,225,0
atitlan,2025-05-13,683550.0,1616550.0,0.031520635,4.5485134,225,0
atitlan,2025-05-13,683850.0,1616550.0,0.114407055,7.7428665,225,0
atitlan,2025-05-13,684150.0,1616550.0,0.058732565,4.960233,225,0
atitlan,2025-05-13,684450.0,1616550.0,0.12043407,8.685655,225,0
atitlan,2025-05-13,684750.0,1616550.0,0.05376344,4.9198246,225,0
atitlan,2025-05-13,685050.0,1616550.0,0.2059119,12.911116,225,1
atitlan,2025-05-13,685350.0,1616550.0,0.16381904,10.822751,225,0
atitlan,2025-05-13,685650.0,1616550.0,0.26459894,16.298529,225,1
atitlan,2025-05-13,685950.0,1616550.0,0.020886425,4.325552,225,0
atitlan,2025-05-13,686250.0,1616550.0,-0.0019677149,4.010036,225,0
atitlan,2025-05-13,686550.0,1616550.0,-0.00047783414,4.000082,225,0
atitlan,2025-05-13,686850.0,1616550.0,0.053784452,5.233516,225,0
atitlan,2025-05-13,687150.0,1616550.0,0.2139494,14.022531,225,1
atitlan,2025-05-13,687450.0,1616550.0,0.292039,18.105822,225,1
atitlan,2025-05-13,687750.0,1616550.0,0.32434508,21.07461,225,1
atitlan,2025-05-13,688050.0,1616550.0,0.082867146,8.132405,225,0
atitlan,2025-05-13,688350.0,1616550.0,-0.047095403,2.5586512,225,0
atitlan,2025-05-13,688650.0,1616550.0,0.08815762,6.8558083,225,0
atitlan,2025-05-13,688950.0,1616550.0,0.23408897,12.50366,225,1
atitlan,2025-05-13,689250.0,1616550.0,0.14968339,8.623967,225,0
atitlan,2025-05-13,689550.0,1616550.0,0.20809065,11.362428,225,0
atitlan,2025-05-13,689850.0,1616550.0,0.24578583,14.356681,225,1
atitlan,2025-05-13,690150.0,1616550.0,0.2838452,16.024408,225,1
atitlan,2025-05-13,690450.0,1616550.0,0.2533855,13.775952,225,1
atitlan,2025-05-13,690750.0,1616550.0,0.26498377,14.660937,225,1
atitlan,2025-05-13,691050.0,1616550.0,0.24976243,13.460868,225,1
atitlan,2025-05-13,691350.0,1616550.0,0.289252,17.64492,225,1
atitlan,2025-05-13,691650.0,1616550.0,0.33458513,23.353655,225,1
atitlan,2025-05-13,691950.0,1616550.0,0.34455606,26.407843,225,1
atitlan,2025-05-13,692250.0,1616550.0,0.2958632,18.89849,225,1
atitlan,2025-05-13,692550.0,1616550.0,0.31449234,21.61308,225,1
atitlan,2025-05-13,692850.0,1616550.0,0.32699585,23.532387,225,1
atitlan,2025-05-13,693150.0,1616550.0,0.343874,24.382654,225,1
atitlan,2025-05-13,693450.0,1616550.0,0.25287077,17.427933,225,1
atitlan,2025-05-13,693750.0,1616550.0,0.06271157,5.1253724,225,0
atitlan,2025-05-13,694050.0,1616550.0,0.063200414,5.7827473,225,0
atitlan,2025-05-13,694350.0,1616550.0,0.0677567,5.666757,225,0
atitlan,2025-05-13,694650.0,1616550.0,0.1463528,7.7826796,225,0
atitlan,2025-05-13,694950.0,1616550.0,0.31358245,20.79826,225,1
atitlan,2025-05-13,695250.0,1616550.0,0.16519377,10.614424,225,0
atitlan,2025-05-13,695550.0,1616550.0,0.19974646,13.702435,225,1
atitlan,2025-05-13,695850.0,1616550.0,0.013961515,4.224839,225,0
atitlan,2025-05-13,696150.0,1616550.0,0.0013051245,4.0766196,225,0
atitlan,2025-05-13,696450.0,1616550.0,0.0013817487,4.0361614,225,0
atitlan,2025-05-13,696750.0,1616550.0,0.09040864,5.8161526,225,0
atitlan,2025-05-13,697050.0,1616550.0,0.20079122,10.575439,225,0
atitlan,2025-05-13,697350.0,1616550.0,0.30901387,20.237509,225,1
atitlan,2025-05-13,697650.0,1616550.0,0.35036838,26.273748,225,1
atitlan,2025-05-13,697950.0,1616550.0,0.33576587,23.320772,225,1
atitlan,2025-05-13,698250.0,1616550.0,0.1845387,11.168031,225,0
atitlan,2025-05-13,698550.0,1616550.0,0.23257557,13.6948805,225,1
atitlan,2025-05-13,698850.0,1616550.0,0.14140813,7.978907,225,0
atitlan,2025-05-13,699150.0,1616550.0,0.11756935,5.819661,225,0
atitlan,2025-05-13,699450.0,1616550.0,0.17642288,7.3689523,225,0
atitlan,2025-05-13,699750.0,1616550.0,0.14707474,7.550467,225,0
atitlan,2025-05-13,700050.0,1616550.0,0.04374818,4.7671742,225,0
atitlan,2025-05-13,700350.0,1616550.0,0.19984765,13.420787,225,1
atitlan,2025-05-13,700650.0,1616550.0,0.28460565,16.876947,225,1
atitlan,2025-05-13,700950.0,1616550.0,0.18790764,8.064907,225,0
atitlan,2025-05-13,701250.0,1616550.0,0.09834983,5.4360437,225,0
atitlan,2025-05-13,701550.0,1616550.0,0.015119094,4.2831135,225,0
atitlan,2025-05-13,701850.0,1616550.0,0.008661053,4.03669,225,0
atitlan,2025-05-13,702150.0,1616550.0,0.0073835426,4.1076746,225,0
atitlan,2025-05-13,702450.0,1616550.0,0.03582384,4.8248043,225,0
atitlan,2025-05-13,702750.0,1616550.0,0.26654813,13.315716,225,1
atitlan,2025-05-13,703050.0,1616550.0,0.28255397,15.063282,225,1
atitlan,2025-05-13,703350.0,1616550.0,0.28498083,15.634147,225,1
atitlan,2025-05-13,703650.0,1616550.0,0.15038033,7.4231167,225,0
atitlan,2025-05-13,703950.0,1616550.0,0.054007582,4.912895,225,0
atitlan,2025-05-13,704250.0,1616550.0,0.10463239,6.950937,225,0
atitlan,2025-05-13,704550.0,1616550.0,0.3193018,21.260649,225,1
atitlan,2025-05-13,704850.0,1616550.0,0.35770142,26.837986,225,1
atitlan,2025-05-13,705150.0,1616550.0,0.35523,26.220898,225,1
atitlan,2025-05-13,705450.0,1616550.0,0.30378804,17.923933,225,1
atitlan,2025-05-13,705750.0,1616550.0,0.24606732,13.21776,225,1
atitlan,2025-05-13,706050.0,1616550.0,0.28396684,16.20769,225,1
atitlan,2025-05-13,706350.0,1616550.0,0.31974104,20.608463,225,1
atitlan,2025-05-13,706650.0,1616550.0,0.3061642,18.109058,225,1
atitlan,2025-05-13,706950.0,1616550.0,0.14451078,7.955061,225,0
atitlan,2025-05-13,707250.0,1616550.0,0.025600439,4.481807,225,0
atitlan,2025-05-13,707550.0,1616550.0,0.062845685,5.672972,225,0
atitlan,2025-05-13,707850.0,1616550.0,0.071426414,5.0056963,45,0
atitlan,2025-05-13,680250.0,1616850.0,0.066157624,5.16907,180,0
atitlan,2025-05-13,680550.0,1616850.0,0.040221985,4.6844735,225,0
atitlan,2025-05-13,680850.0,1616850.0,0.01396813,4.214071,225,0
atitlan,2025-05-13,681150.0,1616850.0,-0.004925693,3.9038324,225,0
atitlan,2025-05-13,681450.0,1616850.0,-0.0016844503,3.976362,225,0
atitlan,2025-05-13,681750.0,1616850.0,-0.007249825,3.84604,225,0
atitlan,2025-05-13,682050.0,1616850.0,-0.0017953974,3.8715434,225,0
atitlan,2025-05-13,682350.0,1616850.0,0.0047952775,4.110286,225,0
atitlan,2025-05-13,682650.0,1616850.0,-0.0063526463,3.9310522,225,0
atitlan,2025-05-13,682950.0,1616850.0,-0.004538282,3.9654713,225,0
atitlan,2025-05-13,683250.0,1616850.0,-0.010032523,3.8146572,225,0
atitlan,2025-05-13,683550.0,1616850.0,-0.0027158123,3.9973567,225,0
atitlan,2025-05-13,683850.0,1616850.0,0.1403293,9.680083,225,0
atitlan,2025-05-13,684150.0,1616850.0,0.14524038,8.198177,225,0
atitlan,2025-05-13,684450.0,1616850.0,0.037908457,4.5894346,225,0
atitlan,2025-05-13,684750.0,1616850.0,0.024811093,4.2633758,225,0
atitlan,2025-05-13,685050.0,1616850.0,0.04718858,4.9148936,225,0
atitlan,2025-05-13,685350.0,1616850.0,0.110010475,6.89594,225,0
atitlan,2025-05-13,685650.0,1616850.0,0.23766153,13.797738,225,1
atitlan,2025-05-13,685950.0,1616850.0,0.014372419,4.2445292,225,0
atitlan,2025-05-13,686250.0,1616850.0,-0.0019524625,3.995672,225,0
atitlan,2025-05-13,686550.0,1616850.0,0.0625645,5.5931687,225,0
atitlan,2025-05-13,686850.0,1616850.0,0.2825657,17.413393,225,1
atitlan,2025-05-13,687150.0,1616850.0,0.29999557,19.16947,225,1
atitlan,2025-05-13,687450.0,1616850.0,0.26530594,14.4526205,225,1
atitlan,2025-05-13,687750.0,1616850.0,0.29427952,18.105577,225,1
atitlan,2025-05-13,688050.0,1616850.0,0.12029412,10.178438,225,0
atitlan,2025-05-13,688350.0,1616850.0,-0.05457999,2.3432975,225,0
atitlan,2025-05-13,688650.0,1616850.0,-0.050646637,2.4769251,225,0
atitlan,2025-05-13,688950.0,1616850.0,0.104612485,6.960361,225,0
atitlan,2025-05-13,689250.0,1616850.0,0.2006197,9.7637615,225,0
atitlan,2025-05-13,689550.0,1616850.0,0.2299045,13.601386,225,1
atitlan,2025-05-13,689850.0,1616850.0,0.19339076,11.262564,225,0
atitlan,2025-05-13,690150.0,1616850.0,0.14899047,8.568347,225,0
atitlan,2025-05-13,690450.0,1616850.0,0.09753401,6.4394665,225,0
atitlan,2025-05-13,690750.0,1616850.0,0.27331775,15.682959,225,1
atitlan,2025-05-13,691050.0,1616850.0,0.28812727,16.839138,225,1
atitlan,2025-05-13,691350.0,1616850.0,0.32506785,21.645777,225,1
atitlan,2025-05-13,691650.0,1616850.0,0.31659964,20.571623,225,1
atitlan,2025-05-13,691950.0,1616850.0,0.3232966,22.678024,225,1
atitlan,2025-05-13,692250.0,1616850.0,0.3122209,20.462477,225,1
atitlan,2025-05-13,692550.0,1616850.0,0.3003115,19.055286,225,1
atitlan,2025-05-13,692850.0,1616850.0,0.33373907,22.891644,225,1
atitlan,2025-05-13,693150.0,1616850.0,0.35513225,26.65809,225,1
atitlan,2025-05-13,693450.0,1616850.0,0.3236158,23.91217,225,1
atitlan,2025-05-13,693750.0,1616850.0,0.13326572,8.833536,225,0
atitlan,2025-05-13,694050.0,1616850.0,0.2623422,16.505144,225,1
atitlan,2025-05-13,694350.0,1616850.0,0.29850146,21.268005,225,1
atitlan,2025-05-13,694650.0,1616850.0,0.25768128,17.803865,225,1
atitlan,2025-05-13,694950.0,1616850.0,0.34577185,25.598705,225,1
atitlan,2025-05-13,695250.0,1616850.0,0.3417115,25.716982,225,1
atitlan,2025-05-13,695550.0,1616850.0,0.29899234,19.337118,225,1
atitlan,2025-05-13,695850.0,1616850.0,0.039831586,5.589282,225,0
atitlan,2025-05-13,696150.0,1616850.0,0.001955198,4.06459,225,0
atitlan,2025-05-13,696450.0,1616850.0,-0.0009926262,4.0015364,225,0
atitlan,2025-05-13,696750.0,1616850.0,0.012173962,4.2264194,225,0
atitlan,2025-05-13,697050.0,1616850.0,0.07514897,7.2393274,225,0
atitlan,2025-05-13,697350.0,1616850.0,0.31263345,19.724533,225,1
atitlan,2025-05-13,697650.0,1616850.0,0.33653268,24.144684,225,1
atitlan,2025-05-13,697950.0,1616850.0,0.32888377,22.612825,225,1
atitlan,2025-05-13,698250.0,1616850.0,0.2504738,15.409489,225,1
atitlan,2025-05-13,698550.0,1616850.0,0.20739354,10.92744,225,0
atitlan,2025-05-13,698850.0,1616850.0,0.2544771,14.047258,225,1
atitlan,2025-05-13,699150.0,1616850.0,0.2559967,13.512741,225,1
atitlan,2025-05-13,699450.0,1616850.0,0.21976356,10.415394,225,0
atitlan,2025-05-13,699750.0,1616850.0,0.24917556,11.282616,225,0
atitlan,2025-05-13,700050.0,1616850.0,0.24418396,13.792707,225,1
atitlan,2025-05-13,700350.0,1616850.0,0.33990997,24.10132,225,1
atitlan,2025-05-13,700650.0,1616850.0,0.28779456,16.833006,225,1
atitlan,2025-05-13,700950.0,1616850.0,0.10400322,5.8116813,225,0
atitlan,2025-05-13,701250.0,1616850.0,0.010262083,4.199214,225,0
atitlan,2025-05-13,701550.0,1616850.0,0.013378276,4.2296157,225,0
atitlan,2025-05-13,701850.0,1616850.0,0.0019668648,4.020135,225,0
atitlan,2025-05-13,702150.0,1616850.0,0.05737962,5.2739983,225,0
atitlan,2025-05-13,702450.0,1616850.0,0.18536565,9.081164,225,0
atitlan,2025-05-13,702750.0,1616850.0,0.28262407,14.971491,225,1
atitlan,2025-05-13,703050.0,1616850.0,0.24158917,11.816748,225,0
atitlan,2025-05-13,703350.0,1616850.0,0.21338052,9.155648,225,0
atitlan,2025-05-13,703650.0,1616850.0,0.12046195,6.2098775,225,0
atitlan,2025-05-13,703950.0,1616850.0,0.0868788,7.9060435,225,0
atitlan,2025-05-13,704250.0,1616850.0,0.16046524,8.573546,225,0
atitlan,2025-05-13,704550.0,1616850.0,0.22992067,13.202684,225,1
atitlan,2025-05-13,704850.0,1616850.0,0.33561113,23.386503,225,1
atitlan,2025-05-13,705150.0,1616850.0,0.34653422,25.762619,225,1
atitlan,2025-05-13,705450.0,1616850.0,0.29845488,17.087145,225,1
atitlan,2025-05-13,705750.0,1616850.0,0.19467999,8.598439,225,0
atitlan,2025-05-13,706050.0,1616850.0,0.12598069,6.434974,225,0
atitlan,2025-05-13,706350.0,1616850.0,0.26500157,14.200659,225,1
atitlan,2025-05-13,706650.0,1616850.0,0.3199329,19.99042,225,1
atitlan,2025-05-13,706950.0,1616850.0,0.3127923,19.57272,225,1
atitlan,2025-05-13,707250.0,1616850.0,0.23040283,14.989125,225,1
atitlan,2025-05-13,707550.0,1616850.0,0.28401423,19.044556,225,1
atitlan,2025-05-13,707850.0,1616850.0,0.30617225,18.783264,45,1
atitlan,2025-05-13,680250.0,1617150.0,0.014511671,4.1624427,180,0
atitlan,2025-05-13,680550.0,1617150.0,0.020477997,4.2759824,225,0
atitlan,2025-05-13,680850.0,1617150.0,0.028131187,4.308741,225,0
atitlan,2025-05-13,681150.0,1617150.0,0.0074994788,4.120852,225,0
atitlan,2025-05-13,681450.0,1617150.0,-0.007251248,3.9124112,225,0
atitlan,2025-05-13,681750.0,1617150.0,-0.006340779,3.926298,225,0
atitlan,2025-05-13,682050.0,1617150.0,-0.009735412,3.7443635,225,0
atitlan,2025-05-13,682350.0,1617150.0,-0.004197977,3.9201376,225,0
atitlan,2025-05-13,682650.0,1617150.0,-0.004864255,3.9628499,225,0
atitlan,2025-05-13,682950.0,1617150.0,-0.008674157,3.880204,225,0
atitlan,2025-05-13,683250.0,1617150.0,-0.0055095535,3.9402025,225,0
atitlan,2025-05-13,683550.0,1617150.0,-0.0043643326,3.9624555,225,0
atitlan,2025-05-13,683850.0,1617150.0,0.022468628,4.3291597,225,0
atitlan,2025-05-13,684150.0,1617150.0,0.03626405,4.3763766,225,0
atitlan,2025-05-13,684450.0,1617150.0,0.041425016,4.8128753,225,0
atitlan,2025-05-13,684750.0,1617150.0,0.083615474,7.111254,225,0
atitlan,2025-05-13,685050.0,1617150.0,0.2461441,16.109783,225,1
atitlan,2025-05-13,685350.0,1617150.0,0.26048073,16.571653,225,1
atitlan,2025-05-13,685650.0,1617150.0,0.16765943,7.0874953,225,0
atitlan,2025-05-13,685950.0,1617150.0,0.042855177,4.675033,225,0
atitlan,2025-05-13,686250.0,1617150.0,0.103383206,6.323057,225,0
atitlan,2025-05-13,686550.0,1617150.0,0.18935643,9.485464,225,0
atitlan,2025-05-13,686850.0,1617150.0,0.303701,17.411726,225,1
atitlan,2025-05-13,687150.0,1617150.0,0.26263955,12.932743,225,1
atitlan,2025-05-13,687450.0,1617150.0,0.23301601,11.084691,225,0
atitlan,2025-05-13,687750.0,1617150.0,0.28380996,16.254274,225,1
atitlan,2025-05-13,688050.0,1617150.0,0.096560195,8.34147,225,0
atitlan,2025-05-13,688350.0,1617150.0,-0.05880485,2.147332,225,0
atitlan,2025-05-13,688650.0,1617150.0,-0.063612185,1.8996812,225,0
atitlan,2025-05-13,688950.0,1617150.0,-0.054632407,2.2837074,225,0
atitlan,2025-05-13,689250.0,1617150.0,0.12275877,6.836753,225,0
atitlan,2025-05-13,689550.0,1617150.0,0.24655707,12.6533375,225,1
atitlan,2025-05-13,689850.0,1617150.0,0.15232748,8.02723,225,0
atitlan,2025-05-13,690150.0,1617150.0,0.15402581,8.277335,225,0
atitlan,2025-05-13,690450.0,1617150.0,0.15260203,7.373195,225,0
atitlan,2025-05-13,690750.0,1617150.0,0.2640738,15.365358,225,1
atitlan,2025-05-13,691050.0,1617150.0,0.3173738,19.857298,225,1
atitlan,2025-05-13,691350.0,1617150.0,0.2956449,19.944473,225,1
atitlan,2025-05-13,691650.0,1617150.0,0.33010608,22.524828,225,1
atitlan,2025-05-13,691950.0,1617150.0,0.3374738,23.454355,225,1
atitlan,2025-05-13,692250.0,1617150.0,0.32756934,22.18781,225,1
atitlan,2025-05-13,692550.0,1617150.0,0.3168988,20.506168,225,1
atitlan,2025-05-13,692850.0,1617150.0,0.32169524,22.031845,225,1
atitlan,2025-05-13,693150.0,1617150.0,0.3522325,26.457052,225,1
atitlan,2025-05-13,693450.0,1617150.0,0.3462046,25.807035,225,1
atitlan,2025-05-13,693750.0,1617150.0,0.12592466,7.0828176,225,0
atitlan,2025-05-13,694050.0,1617150.0,0.078650504,5.454149,225,0
atitlan,2025-05-13,694350.0,1617150.0,0.17648005,13.501097,225,1
atitlan,2025-05-13,694650.0,1617150.0,0.30024332,21.898296,225,1
atitlan,2025-05-13,694950.0,1617150.0,0.32550943,21.872164,225,1
atitlan,2025-05-13,695250.0,1617150.0,0.15024213,8.611372,225,0
atitlan,2025-05-13,695550.0,1617150.0,0.21604227,13.309021,225,1
atitlan,2025-05-13,695850.0,1617150.0,0.10707879,9.354661,225,0
atitlan,2025-05-13,696150.0,1617150.0,0.0030057335,4.089022,225,0
atitlan,2025-05-13,696450.0,1617150.0,-0.00025689873,4.047231,225,0
atitlan,2025-05-13,696750.0,1617150.0,0.011120002,4.228377,225,0
atitlan,2025-05-13,697050.0,1617150.0,0.011231905,4.1993794,225,0
atitlan,2025-05-13,697350.0,1617150.0,0.21629593,12.909321,225,1
atitlan,2025-05-13,697650.0,1617150.0,0.2830319,17.714949,225,1
atitlan,2025-05-13,697950.0,1617150.0,0.16503899,8.900948,225,0
atitlan,2025-05-13,698250.0,1617150.0,0.13235675,7.2347026,225,0
atitlan,2025-05-13,698550.0,1617150.0,0.19002816,11.916516,225,0
atitlan,2025-05-13,698850.0,1617150.0,0.15214144,9.697579,225,0
atitlan,2025-05-13,699150.0,1617150.0,0.10994765,6.3432183,225,0
atitlan,2025-05-13,699450.0,1617150.0,0.21569072,12.118902,225,1
atitlan,2025-05-13,699750.0,1617150.0,0.26656675,16.350288,225,1
atitlan,2025-05-13,700050.0,1617150.0,0.3497977,26.274683,225,1
atitlan,2025-05-13,700350.0,1617150.0,0.3225826,20.992458,225,1
atitlan,2025-05-13,700650.0,1617150.0,0.2482674,14.468291,225,1
atitlan,2025-05-13,700950.0,1617150.0,0.065499894,5.1066694,225,0
atitlan,2025-05-13,701250.0,1617150.0,0.058402006,5.172205,225,0
atitlan,2025-05-13,701550.0,1617150.0,0.049237493,4.7459784,225,0
atitlan,2025-05-13,701850.0,1617150.0,0.008601215,4.159904,225,0
atitlan,2025-05-13,702150.0,1617150.0,0.09137659,7.0785794,225,0
atitlan,2025-05-13,702450.0,1617150.0,0.30158824,17.845375,225,1
atitlan,2025-05-13,702750.0,1617150.0,0.27618653,14.851202,225,1
atitlan,2025-05-13,703050.0,1617150.0,0.25649375,14.294757,225,1
atitlan,2025-05-13,703350.0,1617150.0,0.22479533,10.130094,225,0
atitlan,2025-05-13,703650.0,1617150.0,0.23188208,11.940074,225,0
atitlan,2025-05-13,703950.0,1617150.0,0.30477265,18.409458,225,1
atitlan,2025-05-13,704250.0,1617150.0,0.2983832,18.587948,225,1
atitlan,2025-05-13,704550.0,1617150.0,0.27242693,16.567163,225,1
atitlan,2025-05-13,704850.0,1617150.0,0.27907497,16.372423,225,1
atitlan,2025-05-13,705150.0,1617150.0,0.29599684,18.950178,225,1
atitlan,2025-05-13,705450.0,1617150.0,0.3236522,20.53283,225,1
atitlan,2025-05-13,705750.0,1617150.0,0.21273631,10.772296,225,0
atitlan,2025-05-13,706050.0,1617150.0,0.096329786,5.488498,225,0
atitlan,2025-05-13,706350.0,1617150.0,0.11190628,7.1679688,225,0
atitlan,2025-05-13,706650.0,1617150.0,0.25483894,14.522072,225,1
atitlan,2025-05-13,706950.0,1617150.0,0.32034484,19.88537,225,1
atitlan,2025-05-13,707250.0,1617150.0,0.32095295,20.17953,225,1
atitlan,2025-05-13,707550.0,1617150.0,0.25982344,13.6164875,225,1
atitlan,2025-05-13,707850.0,1617150.0,0.2958603,17.423609,45,1
atitlan,2025-05-13,680250.0,1617450.0,0.00920466,4.169835,180,0
atitlan,2025-05-13,680550.0,1617450.0,-0.008217195,3.8230264,225,0
atitlan,2025-05-13,680850.0,1617450.0,0.011668182,4.0590377,225,0
atitlan,2025-05-13,681150.0,1617450.0,-0.0013826208,4.0192246,225,0
atitlan,2025-05-13,681450.0,1617450.0,-0.006106433,3.9342985,225,0
atitlan,2025-05-13,681750.0,1617450.0,-0.009042155,3.873153,225,0
atitlan,2025-05-13,682050.0,1617450.0,-0.0051976973,3.9436743,225,0
atitlan,2025-05-13,682350.0,1617450.0,-0.0078870915,3.892223,225,0
atitlan,2025-05-13,682650.0,1617450.0,-0.005963484,3.929902,225,0
atitlan,2025-05-13,682950.0,1617450.0,-0.005131024,3.9580202,225,0
atitlan,2025-05-13,683250.0,1617450.0,-0.008705415,3.8819377,225,0
atitlan,2025-05-13,683550.0,1617450.0,-0.004736155,3.960264,225,0
atitlan,2025-05-13,683850.0,1617450.0,0.010862523,4.1602345,225,0
atitlan,2025-05-13,684150.0,1617450.0,0.056263197,4.851427,225,0
atitlan,2025-05-13,684450.0,1617450.0,0.26267508,14.768814,225,1
atitlan,2025-05-13,684750.0,1617450.0,0.32565066,23.188934,225,1
atitlan,2025-05-13,685050.0,1617450.0,0.35646582,27.40115,225,1
atitlan,2025-05-13,685350.0,1617450.0,0.3066359,19.923689,225,1
atitlan,2025-05-13,685650.0,1617450.0,0.29062513,18.007809,225,1
atitlan,2025-05-13,685950.0,1617450.0,0.11967882,6.714038,225,0
atitlan,2025-05-13,686250.0,1617450.0,0.23954448,12.439359,225,1
atitlan,2025-05-13,686550.0,1617450.0,0.24530002,11.136556,225,0
atitlan,2025-05-13,686850.0,1617450.0,0.22623183,10.443531,225,0
atitlan,2025-05-13,687150.0,1617450.0,0.23798554,11.325989,225,0
atitlan,2025-05-13,687450.0,1617450.0,0.22391316,11.725042,225,0
atitlan,2025-05-13,687750.0,1617450.0,0.22790858,13.466224,225,1
atitlan,2025-05-13,688050.0,1617450.0,0.0676178,5.1367188,225,0
atitlan,2025-05-13,688350.0,1617450.0,-0.06137143,2.019993,225,0
atitlan,2025-05-13,688650.0,1617450.0,-0.06485898,1.8421575,225,0
atitlan,2025-05-13,688950.0,1617450.0,-0.060102485,2.0790231,225,0
atitlan,2025-05-13,689250.0,1617450.0,-0.03098165,3.0398085,225,0
atitlan,2025-05-13,689550.0,1617450.0,0.1663973,8.344025,225,0
atitlan,2025-05-13,689850.0,1617450.0,0.22671376,11.708935,225,0
atitlan,2025-05-13,690150.0,1617450.0,0.21766998,11.860728,225,0
atitlan,2025-05-13,690450.0,1617450.0,0.18222173,9.246701,225,0
atitlan,2025-05-13,690750.0,1617450.0,0.3030489,18.415138,225,1
atitlan,2025-05-13,691050.0,1617450.0,0.32278374,21.187622,225,1
atitlan,2025-05-13,691350.0,1617450.0,0.3302235,22.623955,225,1
atitlan,2025-05-13,691650.0,1617450.0,0.27968284,17.28689,225,1
atitlan,2025-05-13,691950.0,1617450.0,0.30640036,20.155914,225,1
atitlan,2025-05-13,692250.0,1617450.0,0.23380478,12.932113,225,1
atitlan,2025-05-13,692550.0,1617450.0,0.24085994,13.869443,225,1
atitlan,2025-05-13,692850.0,1617450.0,0.30294538,20.047405,225,1
atitlan,2025-05-13,693150.0,1617450.0,0.2944045,18.796312,225,1
atitlan,2025-05-13,693450.0,1617450.0,0.25227544,13.799959,225,1
atitlan,2025-05-13,693750.0,1617450.0,0.16998672,10.887572,225,0
atitlan,2025-05-13,694050.0,1617450.0,0.16525467,10.931452,225,0
atitlan,2025-05-13,694350.0,1617450.0,0.17058337,11.439645,225,0
atitlan,2025-05-13,694650.0,1617450.0,0.3210908,23.20031,225,1
atitlan,2025-05-13,694950.0,1617450.0,0.35121927,25.74917,225,1
atitlan,2025-05-13,695250.0,1617450.0,0.2719902,17.873014,225,1
atitlan,2025-05-13,695550.0,1617450.0,0.0606913,5.6196713,225,0
atitlan,2025-05-13,695850.0,1617450.0,0.035825245,4.5989947,225,0
atitlan,2025-05-13,696150.0,1617450.0,0.009968544,4.1848655,225,0
atitlan,2025-05-13,696450.0,1617450.0,0.00028023735,4.0542326,225,0
atitlan,2025-05-13,696750.0,1617450.0,0.035013307,4.499084,225,0
atitlan,2025-05-13,697050.0,1617450.0,0.027973855,4.3914523,225,0
atitlan,2025-05-13,697350.0,1617450.0,0.2618026,15.909474,225,1
atitlan,2025-05-13,697650.0,1617450.0,0.3206404,21.001133,225,1
atitlan,2025-05-13,697950.0,1617450.0,0.22054191,11.421508,225,0
atitlan,2025-05-13,698250.0,1617450.0,0.27101928,16.575735,225,1
atitlan,2025-05-13,698550.0,1617450.0,0.24874671,14.367544,225,1
atitlan,2025-05-13,698850.0,1617450.0,0.08200358,5.374422,225,0
atitlan,2025-05-13,699150.0,1617450.0,0.070032164,5.408489,225,0
atitlan,2025-05-13,699450.0,1617450.0,0.14147939,7.2492895,225,0
atitlan,2025-05-13,699750.0,1617450.0,0.15694866,9.493488,225,0
atitlan,2025-05-13,700050.0,1617450.0,0.31874928,22.041628,225,1
atitlan,2025-05-13,700350.0,1617450.0,0.32851508,22.077343,225,1
atitlan,2025-05-13,700650.0,1617450.0,0.24369156,15.263742,225,1
atitlan,2025-05-13,700950.0,1617450.0,0.0769083,5.8058543,225,0
atitlan,2025-05-13,701250.0,1617450.0,0.109289266,5.945629,225,0
atitlan,2025-05-13,701550.0,1617450.0,0.058663942,4.8360333,225,0
atitlan,2025-05-13,701850.0,1617450.0,0.046321537,4.6778975,225,0
atitlan,2025-05-13,702150.0,1617450.0,0.09510161,7.0781317,225,0
atitlan,2025-05-13,702450.0,1617450.0,0.28001794,15.379606,225,1
atitlan,2025-05-13,702750.0,1617450.0,0.25021955,12.457771,225,1
atitlan,2025-05-13,703050.0,1617450.0,0.2778046,15.277644,225,1
atitlan,2025-05-13,703350.0,1617450.0,0.2621242,14.12117,225,1
atitlan,2025-05-13,703650.0,1617450.0,0.30983818,20.23944,225,1
atitlan,2025-05-13,703950.0,1617450.0,0.3349733,24.33002,225,1
atitlan,2025-05-13,704250.0,1617450.0,0.22590984,11.227914,225,0
atitlan,2025-05-13,704550.0,1617450.0,0.26427123,16.1304,225,1
atitlan,2025-05-13,704850.0,1617450.0,0.3041981,18.17362,225,1
atitlan,2025-05-13,705150.0,1617450.0,0.21547218,10.905461,225,0
atitlan,2025-05-13,705450.0,1617450.0,0.119513415,7.51032,225,0
atitlan,2025-05-13,705750.0,1617450.0,0.044607505,4.5657787,225,0
atitlan,2025-05-13,706050.0,1617450.0,0.009825621,4.1400647,225,0
atitlan,2025-05-13,706350.0,1617450.0,0.0006114038,4.0641904,225,0
atitlan,2025-05-13,706650.0,1617450.0,0.06339782,5.3781786,225,0
atitlan,2025-05-13,706950.0,1617450.0,0.2731858,13.564671,225,1
atitlan,2025-05-13,707250.0,1617450.0,0.28172997,14.728195,225,1
atitlan,2025-05-13,707550.0,1617450.0,0.2939208,16.097948,225,1
atitlan,2025-05-13,707850.0,1617450.0,0.31928664,19.595184,45,1
atitlan,2025-05-13,680250.0,1617750.0,0.006490502,4.165759,180,0
atitlan,2025-05-13,680550.0,1617750.0,0.002189965,4.0992613,225,0
atitlan,2025-05-13,680850.0,1617750.0,-0.0022092785,3.982707,225,0
atitlan,2025-05-13,681150.0,1617750.0,-0.0038819837,3.976062,225,0
atitlan,2025-05-13,681450.0,1617750.0,-0.005929421,3.93684,225,0
atitlan,2025-05-13,681750.0,1617750.0,-0.0032567119,3.9949932,225,0
atitlan,2025-05-13,682050.0,1617750.0,-0.0067773364,3.9124544,225,0
atitlan,2025-05-13,682350.0,1617750.0,0.00014127883,4.0580873,225,0
atitlan,2025-05-13,682650.0,1617750.0,-0.0050312537,3.9538858,225,0
atitlan,2025-05-13,682950.0,1617750.0,-0.004956192,3.9551039,225,0
atitlan,2025-05-13,683250.0,1617750.0,-0.0036248956,3.9815392,225,0
atitlan,2025-05-13,683550.0,1617750.0,-0.0022025784,4.0028367,225,0
atitlan,2025-05-13,683850.0,1617750.0,-0.0055964,3.9414146,225,0
atitlan,2025-05-13,684150.0,1617750.0,0.025941279,4.2871914,225,0
atitlan,2025-05-13,684450.0,1617750.0,0.22985233,13.92884,225,1
atitlan,2025-05-13,684750.0,1617750.0,0.31202683,20.162193,225,1
atitlan,2025-05-13,685050.0,1617750.0,0.281813,16.41371,225,1
atitlan,2025-05-13,685350.0,1617750.0,0.3329416,23.516504,225,1
atitlan,2025-05-13,685650.0,1617750.0,0.32388803,22.478094,225,1
atitlan,2025-05-13,685950.0,1617750.0,0.2763293,15.646943,225,1
atitlan,2025-05-13,686250.0,1617750.0,0.2835164,15.593323,225,1
atitlan,2025-05-13,686550.0,1617750.0,0.25584218,13.235668,225,1
atitlan,2025-05-13,686850.0,1617750.0,0.25547114,13.402117,225,1
atitlan,2025-05-13,687150.0,1617750.0,0.26980144,14.323924,225,1
atitlan,2025-05-13,687450.0,1617750.0,0.17904387,9.323808,225,0
atitlan,2025-05-13,687750.0,1617750.0,0.19622454,12.042789,225,1
atitlan,2025-05-13,688050.0,1617750.0,0.023407957,4.412346,225,0
atitlan,2025-05-13,688350.0,1617750.0,-0.05776351,2.1983562,225,0
atitlan,2025-05-13,688650.0,1617750.0,-0.06208363,1.9969952,225,0
atitlan,2025-05-13,688950.0,1617750.0,-0.061885707,2.0031865,225,0
atitlan,2025-05-13,689250.0,1617750.0,-0.05816397,2.1814463,225,0
atitlan,2025-05-13,689550.0,1617750.0,0.013157802,4.354276,225,0
atitlan,2025-05-13,689850.0,1617750.0,0.20409212,10.374648,225,0
atitlan,2025-05-13,690150.0,1617750.0,0.25061774,13.903476,225,1
atitlan,2025-05-13,690450.0,1617750.0,0.1376007,8.339615,225,0
atitlan,2025-05-13,690750.0,1617750.0,0.20709932,11.925133,225,0
atitlan,2025-05-13,691050.0,1617750.0,0.2694829,16.369806,225,1
atitlan,2025-05-13,691350.0,1617750.0,0.30898017,19.69189,225,1
atitlan,2025-05-13,691650.0,1617750.0,0.2845946,18.438017,225,1
atitlan,2025-05-13,691950.0,1617750.0,0.31081948,21.63908,225,1
atitlan,2025-05-13,692250.0,1617750.0,0.23917179,13.627923,225,1
atitlan,2025-05-13,692550.0,1617750.0,0.21295425,12.21861,225,1
atitlan,2025-05-13,692850.0,1617750.0,0.27420294,17.33165,225,1
atitlan,2025-05-13,693150.0,1617750.0,0.3176975,22.326664,225,1
atitlan,2025-05-13,693450.0,1617750.0,0.32449794,22.13642,225,1
atitlan,2025-05-13,693750.0,1617750.0,0.35541165,26.272608,225,1
atitlan,2025-05-13,694050.0,1617750.0,0.30389896,22.493116,225,1
atitlan,2025-05-13,694350.0,1617750.0,0.3091602,23.290432,225,1
atitlan,2025-05-13,694650.0,1617750.0,0.3298037,23.51839,225,1
atitlan,2025-05-13,694950.0,1617750.0,0.10838573,6.618837,225,0
atitlan,2025-05-13,695250.0,1617750.0,0.27308205,20.798958,225,1
atitlan,2025-05-13,695550.0,1617750.0,0.3235742,26.236042,225,1
atitlan,2025-05-13,695850.0,1617750.0,0.29004788,22.8076,225,1
atitlan,2025-05-13,696150.0,1617750.0,0.06337162,5.0472684,225,0
atitlan,2025-05-13,696450.0,1617750.0,0.07030203,5.6932335,225,0
atitlan,2025-05-13,696750.0,1617750.0,0.08944237,6.0309143,225,0
atitlan,2025-05-13,697050.0,1617750.0,0.019010331,4.2649126,225,0
atitlan,2025-05-13,697350.0,1617750.0,0.21156365,11.868134,225,0
atitlan,2025-05-13,697650.0,1617750.0,0.09714808,7.630244,225,0
atitlan,2025-05-13,697950.0,1617750.0,0.2941226,18.668802,225,1
atitlan,2025-05-13,698250.0,1617750.0,0.33321965,22.73178,225,1
atitlan,2025-05-13,698550.0,1617750.0,0.31225866,19.33176,225,1
atitlan,2025-05-13,698850.0,1617750.0,0.15556619,8.64157,225,0
atitlan,2025-05-13,699150.0,1617750.0,0.07208499,5.0988517,225,0
atitlan,2025-05-13,699450.0,1617750.0,0.117243655,6.0423217,225,0
atitlan,2025-05-13,699750.0,1617750.0,0.11988601,7.25704,225,0
atitlan,2025-05-13,700050.0,1617750.0,0.21698727,11.781296,225,0
atitlan,2025-05-13,700350.0,1617750.0,0.30084503,18.31902,225,1
atitlan,2025-05-13,700650.0,1617750.0,0.31130794,20.536884,225,1
atitlan,2025-05-13,700950.0,1617750.0,0.16009296,8.886487,225,0
atitlan,2025-05-13,701250.0,1617750.0,0.14825387,7.7139297,225,0
atitlan,2025-05-13,701550.0,1617750.0,0.023055086,4.362363,225,0
atitlan,2025-05-13,701850.0,1617750.0,0.05906707,5.1009884,225,0
atitlan,2025-05-13,702150.0,1617750.0,0.09441221,6.387899,225,0
atitlan,2025-05-13,702450.0,1617750.0,0.28701037,16.863615,225,1
atitlan,2025-05-13,702750.0,1617750.0,0.27028024,16.530157,225,1
atitlan,2025-05-13,703050.0,1617750.0,0.18386635,8.062813,225,0
atitlan,2025-05-13,703350.0,1617750.0,0.24389467,11.680848,225,0
atitlan,2025-05-13,703650.0,1617750.0,0.28746286,16.674253,225,1
atitlan,2025-05-13,703950.0,1617750.0,0.32444385,22.280603,225,1
atitlan,2025-05-13,704250.0,1617750.0,0.18616833,9.06512,225,0
atitlan,2025-05-13,704550.0,1617750.0,0.186282,9.122536,225,0
atitlan,2025-05-13,704850.0,1617750.0,0.32023406,20.585009,225,1
atitlan,2025-05-13,705150.0,1617750.0,0.21073455,11.886346,225,0
atitlan,2025-05-13,705450.0,1617750.0,0.042805422,4.7025,225,0
atitlan,2025-05-13,705750.0,1617750.0,0.005404595,4.1160526,225,0
atitlan,2025-05-13,706050.0,1617750.0,0.0104394965,4.1976085,225,0
atitlan,2025-05-13,706350.0,1617750.0,-0.0014299403,4.031588,225,0
atitlan,2025-05-13,706650.0,1617750.0,0.10075335,6.348991,225,0
atitlan,2025-05-13,706950.0,1617750.0,0.2677331,12.929929,225,1
atitlan,2025-05-13,707250.0,1617750.0,0.26531696,12.943207,225,1
atitlan,2025-05-13,707550.0,1617750.0,0.28540355,15.789601,225,1
atitlan,2025-05-13,707850.0,1617750.0,0.36149958,27.466917,45,1
atitlan,2025-05-13,680250.0,1618050.0,0.009187959,4.2161283,180,0
atitlan,2025-05-13,680550.0,1618050.0,0.009150412,4.162189,225,0
atitlan,2025-05-13,680850.0,1618050.0,0.004663514,4.0928473,225,0
atitlan,2025-05-13,681150.0,1618050.0,0.012157158,4.1777477,225,0
atitlan,2025-05-13,681450.0,1618050.0,0.009527693,4.1053243,225,0
atitlan,2025-05-13,681750.0,1618050.0,-0.0024756072,3.9599056,225,0
atitlan,2025-05-13,682050.0,1618050.0,-0.007734342,3.888493,225,0
atitlan,2025-05-13,682350.0,1618050.0,-0.0018796204,4.019982,225,0
atitlan,2025-05-13,682650.0,1618050.0,0.0033927253,4.113208,225,0
atitlan,2025-05-13,682950.0,1618050.0,-0.0015862893,4.0287147,225,0
atitlan,2025-05-13,683250.0,1618050.0,0.0012498313,4.0055532,225,0
atitlan,2025-05-13,683550.0,1618050.0,0.010207313,4.1931615,225,0
atitlan,2025-05-13,683850.0,1618050.0,0.0025003336,4.089349,225,0
atitlan,2025-05-13,684150.0,1618050.0,0.10765589,6.2074523,225,0
atitlan,2025-05-13,684450.0,1618050.0,0.16934709,9.524629,225,0
atitlan,2025-05-13,684750.0,1618050.0,0.28007382,17.272335,225,1
atitlan,2025-05-13,685050.0,1618050.0,0.31564718,21.317135,225,1
atitlan,2025-05-13,685350.0,1618050.0,0.32940602,22.691248,225,1
atitlan,2025-05-13,685650.0,1618050.0,0.30391294,19.51692,225,1
atitlan,2025-05-13,685950.0,1618050.0,0.30709216,19.47787,225,1
atitlan,2025-05-13,686250.0,1618050.0,0.2659234,15.188198,225,1
atitlan,2025-05-13,686550.0,1618050.0,0.2649998,13.814533,225,1
atitlan,2025-05-13,686850.0,1618050.0,0.26580778,13.721082,225,1
atitlan,2025-05-13,687150.0,1618050.0,0.26594454,14.638803,225,1
atitlan,2025-05-13,687450.0,1618050.0,0.24306898,12.478279,225,1
atitlan,2025-05-13,687750.0,1618050.0,0.20941073,10.28953,225,0
atitlan,2025-05-13,688050.0,1618050.0,0.20879298,11.527533,225,0
atitlan,2025-05-13,688350.0,1618050.0,0.050855342,5.627657,225,0
atitlan,2025-05-13,688650.0,1618050.0,-0.05637025,2.2768044,225,0
atitlan,2025-05-13,688950.0,1618050.0,-0.05901361,2.138554,225,0
atitlan,2025-05-13,689250.0,1618050.0,-0.05978203,2.103379,225,0
atitlan,2025-05-13,689550.0,1618050.0,-0.061527476,2.0158439,225,0
atitlan,2025-05-13,689850.0,1618050.0,-0.029396007,3.1872318,225,0
atitlan,2025-05-13,690150.0,1618050.0,0.14161235,8.002706,225,0
atitlan,2025-05-13,690450.0,1618050.0,0.17988011,9.4728565,225,0
atitlan,2025-05-13,690750.0,1618050.0,0.21190655,10.928311,225,0
atitlan,2025-05-13,691050.0,1618050.0,0.31132996,19.35761,225,1
atitlan,2025-05-13,691350.0,1618050.0,0.30271018,19.243652,225,1
atitlan,2025-05-13,691650.0,1618050.0,0.255964,16.571316,225,1
atitlan,2025-05-13,691950.0,1618050.0,0.24293688,14.173803,225,1
atitlan,2025-05-13,692250.0,1618050.0,0.20370537,11.225095,225,0
atitlan,2025-05-13,692550.0,1618050.0,0.2519852,16.169596,225,1
atitlan,2025-05-13,692850.0,1618050.0,0.3129248,22.02937,225,1
atitlan,2025-05-13,693150.0,1618050.0,0.32505384,22.100624,225,1
atitlan,2025-05-13,693450.0,1618050.0,0.29124853,17.199291,225,1
atitlan,2025-05-13,693750.0,1618050.0,0.3547236,26.210342,225,1
atitlan,2025-05-13,694050.0,1618050.0,0.36512953,28.235676,225,1
atitlan,2025-05-13,694350.0,1618050.0,0.3415941,25.487492,225,1
atitlan,2025-05-13,694650.0,1618050.0,0.19417363,11.932154,225,0
atitlan,2025-05-13,694950.0,1618050.0,0.08410243,6.2222066,225,0
atitlan,2025-05-13,695250.0,1618050.0,0.12532298,7.930447,225,0
atitlan,2025-05-13,695550.0,1618050.0,0.32049575,24.504326,225,1
atitlan,2025-05-13,695850.0,1618050.0,0.27836704,19.25796,225,1
atitlan,2025-05-13,696150.0,1618050.0,0.20217746,10.69705,225,0
atitlan,2025-05-13,696450.0,1618050.0,0.32020488,23.934395,225,1
atitlan,2025-05-13,696750.0,1618050.0,0.29537177,19.32005,225,1
atitlan,2025-05-13,697050.0,1618050.0,0.08848386,5.7055907,225,0
atitlan,2025-05-13,697350.0,1618050.0,0.25647393,17.069672,225,1
atitlan,2025-05-13,697650.0,1618050.0,0.14911057,8.448665,225,0
atitlan,2025-05-13,697950.0,1618050.0,0.2416014,12.631614,225,1
atitlan,2025-05-13,698250.0,1618050.0,0.30770326,19.452068,225,1
atitlan,2025-05-13,698550.0,1618050.0,0.30755448,19.07817,225,1
atitlan,2025-05-13,698850.0,1618050.0,0.280633,15.73568,225,1
atitlan,2025-05-13,699150.0,1618050.0,0.22732724,12.029768,225,1
atitlan,2025-05-13,699450.0,1618050.0,0.2235772,13.006964,225,1
atitlan,2025-05-13,699750.0,1618050.0,0.11867143,7.616011,225,0
atitlan,2025-05-13,700050.0,1618050.0,0.15005617,9.512023,225,0
atitlan,2025-05-13,700350.0,1618050.0,0.3017995,17.963873,225,1
atitlan,2025-05-13,700650.0,1618050.0,0.32504168,21.399582,225,1
atitlan,2025-05-13,700950.0,1618050.0,0.28846854,18.413027,225,1
atitlan,2025-05-13,701250.0,1618050.0,0.28542554,19.188814,225,1
atitlan,2025-05-13,701550.0,1618050.0,0.13917685,8.328674,225,0
atitlan,2025-05-13,701850.0,1618050.0,0.24988063,15.531911,225,1
atitlan,2025-05-13,702150.0,1618050.0,0.2830172,16.2651,225,1
atitlan,2025-05-13,702450.0,1618050.0,0.22831233,10.704821,225,0
atitlan,2025-05-13,702750.0,1618050.0,0.27906927,16.306503,225,1
atitlan,2025-05-13,703050.0,1618050.0,0.19899943,9.014618,225,0
atitlan,2025-05-13,703350.0,1618050.0,0.23165746,11.373931,225,0
atitlan,2025-05-13,703650.0,1618050.0,0.25932872,14.1944475,225,1
atitlan,2025-05-13,703950.0,1618050.0,0.27829933,15.6668415,225,1
atitlan,2025-05-13,704250.0,1618050.0,0.13724862,7.260858,225,0
atitlan,2025-05-13,704550.0,1618050.0,0.17770171,8.998603,225,0
atitlan,2025-05-13,704850.0,1618050.0,0.30679092,17.905056,225,1
atitlan,2025-05-13,705150.0,1618050.0,0.30891925,18.254326,225,1
atitlan,2025-05-13,705450.0,1618050.0,0.18704309,10.148755,225,0
atitlan,2025-05-13,705750.0,1618050.0,0.10365981,5.7301207,225,0
atitlan,2025-05-13,706050.0,1618050.0,0.051001634,4.9685426,225,0
atitlan,2025-05-13,706350.0,1618050.0,0.09501504,6.310051,225,0
atitlan,2025-05-13,706650.0,1618050.0,0.24334769,11.186865,225,0
atitlan,2025-05-13,706950.0,1618050.0,0.2730004,13.495731,225,1
atitlan,2025-05-13,707250.0,1618050.0,0.26269755,12.931009,225,1
atitlan,2025-05-13,707550.0,1618050.0,0.26393878,13.50674,225,1
atitlan,2025-05-13,707850.0,1618050.0,0.32613015,20.513266,45,1
atitlan,2025-05-13,680250.0,1618350.0,0.019622814,4.32365,180,0
atitlan,2025-05-13,680550.0,1618350.0,0.009563756,4.1213365,225,0
atitlan,2025-05-13,680850.0,1618350.0,0.004121871,4.1045203,225,0
atitlan,2025-05-13,681150.0,1618350.0,-0.008807658,3.8129506,225,0
atitlan,2025-05-13,681450.0,1618350.0,-0.009687627,3.8001697,225,0
atitlan,2025-05-13,681750.0,1618350.0,-0.006318126,3.9161901,225,0
atitlan,2025-05-13,682050.0,1618350.0,-0.006383533,3.9291108,225,0
atitlan,2025-05-13,682350.0,1618350.0,-0.002464954,3.9994645,225,0
atitlan,2025-05-13,682650.0,1618350.0,0.07137178,6.65766,225,0
atitlan,2025-05-13,682950.0,1618350.0,0.12938307,9.31953,225,0
atitlan,2025-05-13,683250.0,1618350.0,0.065977365,5.419225,225,0
atitlan,2025-05-13,683550.0,1618350.0,0.086558536,5.779822,225,0
atitlan,2025-05-13,683850.0,1618350.0,0.037221957,4.4046617,225,0
atitlan,2025-05-13,684150.0,1618350.0,0.052953884,4.814564,225,0
atitlan,2025-05-13,684450.0,1618350.0,0.15874231,9.731838,225,0
atitlan,2025-05-13,684750.0,1618350.0,0.24424301,14.611724,225,1
atitlan,2025-05-13,685050.0,1618350.0,0.27194032,16.005959,225,1
atitlan,2025-05-13,685350.0,1618350.0,0.3056327,19.749056,225,1
atitlan,2025-05-13,685650.0,1618350.0,0.2793271,16.739622,225,1
atitlan,2025-05-13,685950.0,1618350.0,0.27699375,16.497305,225,1
atitlan,2025-05-13,686250.0,1618350.0,0.17122991,8.286756,225,0
atitlan,2025-05-13,686550.0,1618350.0,0.18225166,9.633603,225,0
atitlan,2025-05-13,686850.0,1618350.0,0.29597184,16.574593,225,1
atitlan,2025-05-13,687150.0,1618350.0,0.27742285,14.609846,225,1
atitlan,2025-05-13,687450.0,1618350.0,0.274921,15.202478,225,1
atitlan,2025-05-13,687750.0,1618350.0,0.21131119,10.525335,225,0
atitlan,2025-05-13,688050.0,1618350.0,0.2504112,13.2733345,225,1
atitlan,2025-05-13,688350.0,1618350.0,0.19389014,10.133579,225,0
atitlan,2025-05-13,688650.0,1618350.0,-0.04720848,2.6464744,225,0
atitlan,2025-05-13,688950.0,1618350.0,-0.057592954,2.210474,225,0
atitlan,2025-05-13,689250.0,1618350.0,-0.0609033,2.044289,225,0
atitlan,2025-05-13,689550.0,1618350.0,-0.060941976,2.0467,225,0
atitlan,2025-05-13,689850.0,1618350.0,-0.055068675,2.3189073,225,0
atitlan,2025-05-13,690150.0,1618350.0,-0.03446327,2.9722986,225,0
atitlan,2025-05-13,690450.0,1618350.0,0.17687042,10.278955,225,0
atitlan,2025-05-13,690750.0,1618350.0,0.20480853,12.201556,225,1
atitlan,2025-05-13,691050.0,1618350.0,0.3167483,19.665436,225,1
atitlan,2025-05-13,691350.0,1618350.0,0.31297028,20.575428,225,1
atitlan,2025-05-13,691650.0,1618350.0,0.27712253,16.374468,225,1
atitlan,2025-05-13,691950.0,1618350.0,0.21392848,12.217642,225,1
atitlan,2025-05-13,692250.0,1618350.0,0.19892687,11.951,225,0
atitlan,2025-05-13,692550.0,1618350.0,0.31503502,22.463335,225,1
atitlan,2025-05-13,692850.0,1618350.0,0.3234256,23.89145,225,1
atitlan,2025-05-13,693150.0,1618350.0,0.28195003,18.11126,225,1
atitlan,2025-05-13,693450.0,1618350.0,0.27528816,16.030075,225,1
atitlan,2025-05-13,693750.0,1618350.0,0.27181634,15.759597,225,1
atitlan,2025-05-13,694050.0,1618350.0,0.30403683,19.237768,225,1
atitlan,2025-05-13,694350.0,1618350.0,0.3620504,29.022362,225,1
atitlan,2025-05-13,694650.0,1618350.0,0.2897875,18.231213,225,1
atitlan,2025-05-13,694950.0,1618350.0,0.14005394,8.061621,225,0
atitlan,2025-05-13,695250.0,1618350.0,0.1353768,10.200944,225,0
atitlan,2025-05-13,695550.0,1618350.0,0.32248393,27.511118,225,1
atitlan,2025-05-13,695850.0,1618350.0,0.366154,34.37398,225,1
atitlan,2025-05-13,696150.0,1618350.0,0.29112494,19.614052,225,1
atitlan,2025-05-13,696450.0,1618350.0,0.34786996,25.933266,225,1
atitlan,2025-05-13,696750.0,1618350.0,0.29594716,18.213705,225,1
atitlan,2025-05-13,697050.0,1618350.0,0.13266431,7.8710227,225,0
atitlan,2025-05-13,697350.0,1618350.0,0.3213766,21.962059,225,1
atitlan,2025-05-13,697650.0,1618350.0,0.30786413,19.24468,225,1
atitlan,2025-05-13,697950.0,1618350.0,0.30857798,19.162245,225,1
atitlan,2025-05-13,698250.0,1618350.0,0.31474215,20.314632,225,1
atitlan,2025-05-13,698550.0,1618350.0,0.31091833,19.107157,225,1
atitlan,2025-05-13,698850.0,1618350.0,0.29167566,16.924847,225,1
atitlan,2025-05-13,699150.0,1618350.0,0.24933137,13.277147,225,1
atitlan,2025-05-13,699450.0,1618350.0,0.1565368,9.80402,225,0
atitlan,2025-05-13,699750.0,1618350.0,0.0693371,5.3218045,225,0
atitlan,2025-05-13,700050.0,1618350.0,0.03530613,4.2470665,225,0
atitlan,2025-05-13,700350.0,1618350.0,0.23399471,13.831292,225,1
atitlan,2025-05-13,700650.0,1618350.0,0.3055086,18.54917,225,1
atitlan,2025-05-13,700950.0,1618350.0,0.3250312,23.171385,225,1
atitlan,2025-05-13,701250.0,1618350.0,0.33102754,23.832294,225,1
atitlan,2025-05-13,701550.0,1618350.0,0.22190733,12.758488,225,1
atitlan,2025-05-13,701850.0,1618350.0,0.30429426,20.115654,225,1
atitlan,2025-05-13,702150.0,1618350.0,0.2743285,17.27788,225,1
atitlan,2025-05-13,702450.0,1618350.0,0.21784341,10.5255785,225,0
atitlan,2025-05-13,702750.0,1618350.0,0.26369092,14.2627,225,1
atitlan,2025-05-13,703050.0,1618350.0,0.25418037,13.109341,225,1
atitlan,2025-05-13,703350.0,1618350.0,0.26546624,14.984344,225,1
atitlan,2025-05-13,703650.0,1618350.0,0.2933751,18.82019,225,1
atitlan,2025-05-13,703950.0,1618350.0,0.26575392,14.707307,225,1
atitlan,2025-05-13,704250.0,1618350.0,0.29625502,17.821552,225,1
atitlan,2025-05-13,704550.0,1618350.0,0.28693154,17.090462,225,1
atitlan,2025-05-13,704850.0,1618350.0,0.3422989,23.77148,225,1
atitlan,2025-05-13,705150.0,1618350.0,0.31744015,19.813229,225,1
atitlan,2025-05-13,705450.0,1618350.0,0.15636238,7.6968775,225,0
atitlan,2025-05-13,705750.0,1618350.0,0.07900733,5.1273556,225,0
atitlan,2025-05-13,706050.0,1618350.0,0.11223789,6.274073,225,0
atitlan,2025-05-13,706350.0,1618350.0,0.16934468,7.7871914,225,0
atitlan,2025-05-13,706650.0,1618350.0,0.22294702,10.342676,225,0
atitlan,2025-05-13,706950.0,1618350.0,0.20399901,10.432162,225,0
atitlan,2025-05-13,707250.0,1618350.0,0.26786876,13.459033,225,1
atitlan,2025-05-13,707550.0,1618350.0,0.25164205,11.98248,225,0
atitlan,2025-05-13,707850.0,1618350.0,0.29432616,16.515076,45,1
atitlan,2025-05-13,680250.0,1618650.0,0.15130521,6.8241673,180,0
atitlan,2025-05-13,680550.0,1618650.0,0.04839653,4.7032266,225,0
atitlan,2025-05-13,680850.0,1618650.0,0.013398618,4.2669415,225,0
atitlan,2025-05-13,681150.0,1618650.0,-0.0022764208,4.0162306,225,0
atitlan,2025-05-13,681450.0,1618650.0,-0.0039262376,3.9563081,225,0
atitlan,2025-05-13,681750.0,1618650.0,-0.0058870744,3.9405053,225,0
atitlan,2025-05-13,682050.0,1618650.0,-0.0063355663,3.9290805,225,0
atitlan,2025-05-13,682350.0,1618650.0,-0.0005225589,4.0361876,225,0
atitlan,2025-05-13,682650.0,1618650.0,0.20285733,14.525742,225,1
atitlan,2025-05-13,682950.0,1618650.0,0.31845257,20.144142,225,1
atitlan,2025-05-13,683250.0,1618650.0,0.30376166,18.651169,225,1
atitlan,2025-05-13,683550.0,1618650.0,0.1529579,7.5596566,225,0
atitlan,2025-05-13,683850.0,1618650.0,0.017550219,4.6817417,225,0
atitlan,2025-05-13,684150.0,1618650.0,-0.00069072086,3.973194,225,0
atitlan,2025-05-13,684450.0,1618650.0,0.008106529,4.064643,225,0
atitlan,2025-05-13,684750.0,1618650.0,0.07833547,5.2103148,225,0
atitlan,2025-05-13,685050.0,1618650.0,0.14365804,7.4278264,225,0
atitlan,2025-05-13,685350.0,1618650.0,0.2186827,11.312135,225,0
atitlan,2025-05-13,685650.0,1618650.0,0.2820497,16.74621,225,1
atitlan,2025-05-13,685950.0,1618650.0,0.2908391,16.755968,225,1
atitlan,2025-05-13,686250.0,1618650.0,0.2448715,13.159626,225,1
atitlan,2025-05-13,686550.0,1618650.0,0.06472396,5.4655075,225,0
atitlan,2025-05-13,686850.0,1618650.0,0.15805854,8.84282,225,0
atitlan,2025-05-13,687150.0,1618650.0,0.20771854,10.530896,225,0
atitlan,2025-05-13,687450.0,1618650.0,0.25895387,13.153371,225,1
atitlan,2025-05-13,687750.0,1618650.0,0.2631607,13.498839,225,1
atitlan,2025-05-13,688050.0,1618650.0,0.23318644,10.801879,225,0
atitlan,2025-05-13,688350.0,1618650.0,0.22832127,10.541852,225,0
atitlan,2025-05-13,688650.0,1618650.0,0.1387295,9.446404,225,0
atitlan,2025-05-13,688950.0,1618650.0,-0.0015056339,4.0890937,225,0
atitlan,2025-05-13,689250.0,1618650.0,-0.05721049,2.2276337,225,0
atitlan,2025-05-13,689550.0,1618650.0,-0.061279677,2.0313158,225,0
atitlan,2025-05-13,689850.0,1618650.0,-0.058001947,2.1782243,225,0
atitlan,2025-05-13,690150.0,1618650.0,0.034605443,4.2893157,225,0
atitlan,2025-05-13,690450.0,1618650.0,0.055732407,4.901197,225,0
atitlan,2025-05-13,690750.0,1618650.0,0.13875107,8.867904,225,0
atitlan,2025-05-13,691050.0,1618650.0,0.3045175,18.682928,225,1
atitlan,2025-05-13,691350.0,1618650.0,0.32256943,21.551556,225,1
atitlan,2025-05-13,691650.0,1618650.0,0.31839797,21.568726,225,1
atitlan,2025-05-13,691950.0,1618650.0,0.23844315,14.609487,225,1
atitlan,2025-05-13,692250.0,1618650.0,0.3129842,22.318693,225,1
atitlan,2025-05-13,692550.0,1618650.0,0.29288387,19.474663,225,1
atitlan,2025-05-13,692850.0,1618650.0,0.32951218,22.696604,225,1
atitlan,2025-05-13,693150.0,1618650.0,0.29905882,20.379541,225,1
atitlan,2025-05-13,693450.0,1618650.0,0.2599179,14.34311,225,1
atitlan,2025-05-13,693750.0,1618650.0,0.2741567,18.161469,225,1
atitlan,2025-05-13,694050.0,1618650.0,0.31791395,21.83474,225,1
atitlan,2025-05-13,694350.0,1618650.0,0.29670992,19.152271,225,1
atitlan,2025-05-13,694650.0,1618650.0,0.12766607,8.434684,225,0
atitlan,2025-05-13,694950.0,1618650.0,0.043830924,4.773062,225,0
atitlan,2025-05-13,695250.0,1618650.0,0.02483742,4.674231,225,0
atitlan,2025-05-13,695550.0,1618650.0,0.10678169,11.407662,225,0
atitlan,2025-05-13,695850.0,1618650.0,0.35832655,33.27703,225,1
atitlan,2025-05-13,696150.0,1618650.0,0.28889114,19.247171,225,1
atitlan,2025-05-13,696450.0,1618650.0,0.29974928,19.623976,225,1
atitlan,2025-05-13,696750.0,1618650.0,0.26173866,15.39242,225,1
atitlan,2025-05-13,697050.0,1618650.0,0.28820637,17.484346,225,1
atitlan,2025-05-13,697350.0,1618650.0,0.33584407,23.727884,225,1
atitlan,2025-05-13,697650.0,1618650.0,0.329356,23.906498,225,1
atitlan,2025-05-13,697950.0,1618650.0,0.30857956,19.483461,225,1
atitlan,2025-05-13,698250.0,1618650.0,0.27581975,15.032364,225,1
atitlan,2025-05-13,698550.0,1618650.0,0.3030619,18.176632,225,1
atitlan,2025-05-13,698850.0,1618650.0,0.27530402,15.692417,225,1
atitlan,2025-05-13,699150.0,1618650.0,0.2604302,14.478238,225,1
atitlan,2025-05-13,699450.0,1618650.0,0.24670988,14.476463,225,1
atitlan,2025-05-13,699750.0,1618650.0,0.033020977,4.3142643,225,0
atitlan,2025-05-13,700050.0,1618650.0,0.05927618,4.8438134,225,0
atitlan,2025-05-13,700350.0,1618650.0,0.18620706,11.10069,225,0
atitlan,2025-05-13,700650.0,1618650.0,0.25601438,13.399918,225,1
atitlan,2025-05-13,700950.0,1618650.0,0.28360152,15.255767,225,1
atitlan,2025-05-13,701250.0,1618650.0,0.31421956,22.689903,225,1
atitlan,2025-05-13,701550.0,1618650.0,0.2796109,17.114063,225,1
atitlan,2025-05-13,701850.0,1618650.0,0.21564893,12.664597,225,1
atitlan,2025-05-13,702150.0,1618650.0,0.30164236,19.109488,225,1
atitlan,2025-05-13,702450.0,1618650.0,0.29256564,17.240997,225,1
atitlan,2025-05-13,702750.0,1618650.0,0.29065707,17.167343,225,1
atitlan,2025-05-13,703050.0,1618650.0,0.30561486,18.732828,225,1
atitlan,2025-05-13,703350.0,1618650.0,0.22441655,10.479572,225,0
atitlan,2025-05-13,703650.0,1618650.0,0.2853565,17.866577,225,1
atitlan,2025-05-13,703950.0,1618650.0,0.25484926,13.428495,225,1
atitlan,2025-05-13,704250.0,1618650.0,0.26447156,14.096107,225,1
atitlan,2025-05-13,704550.0,1618650.0,0.2951887,17.559162,225,1
atitlan,2025-05-13,704850.0,1618650.0,0.3023295,18.143705,225,1
atitlan,2025-05-13,705150.0,1618650.0,0.33107194,22.207592,225,1
atitlan,2025-05-13,705450.0,1618650.0,0.20904636,10.347646,225,0
atitlan,2025-05-13,705750.0,1618650.0,0.0701539,5.075454,225,0
atitlan,2025-05-13,706050.0,1618650.0,0.001878021,4.068392,225,0
atitlan,2025-05-13,706350.0,1618650.0,0.023195507,4.3109655,225,0
atitlan,2025-05-13,706650.0,1618650.0,0.07828774,5.1796074,225,0
atitlan,2025-05-13,706950.0,1618650.0,0.12509905,6.807295,225,0
atitlan,2025-05-13,707250.0,1618650.0,0.20194265,8.942911,225,0
atitlan,2025-05-13,707550.0,1618650.0,0.26142097,13.076905,225,1
atitlan,2025-05-13,707850.0,1618650.0,0.26448625,13.010107,45,1
atitlan,2025-05-13,680250.0,1618950.0,0.07086544,4.9800763,180,0
atitlan,2025-05-13,680550.0,1618950.0,0.09564036,5.517948,225,0
atitlan,2025-05-13,680850.0,1618950.0,0.032292012,4.346949,225,0
atitlan,2025-05-13,681150.0,1618950.0,0.023533495,4.109923,225,0
atitlan,2025-05-13,681450.0,1618950.0,0.014492096,4.0799713,225,0
atitlan,2025-05-13,681750.0,1618950.0,-0.0034668504,3.9873655,225,0
atitlan,2025-05-13,682050.0,1618950.0,-0.005245933,3.957184,225,0
atitlan,2025-05-13,682350.0,1618950.0,0.06710087,6.033527,225,0
atitlan,2025-05-13,682650.0,1618950.0,0.2935439,16.815514,225,1
atitlan,2025-05-13,682950.0,1618950.0,0.34670678,25.676626,225,1
atitlan,2025-05-13,683250.0,1618950.0,0.25080392,15.866796,225,1
atitlan,2025-05-13,683550.0,1618950.0,0.056389224,5.298095,225,0
atitlan,2025-05-13,683850.0,1618950.0,0.011735236,4.1901855,225,0
atitlan,2025-05-13,684150.0,1618950.0,0.005078358,4.132936,225,0
atitlan,2025-05-13,684450.0,1618950.0,0.0025649546,4.0953617,225,0
atitlan,2025-05-13,684750.0,1618950.0,0.0029546928,3.9893477,225,0
atitlan,2025-05-13,685050.0,1618950.0,0.054944843,4.828374,225,0
atitlan,2025-05-13,685350.0,1618950.0,0.15895589,7.499186,225,0
atitlan,2025-05-13,685650.0,1618950.0,0.26654276,14.99178,225,1
atitlan,2025-05-13,685950.0,1618950.0,0.29757378,17.305326,225,1
atitlan,2025-05-13,686250.0,1618950.0,0.24945465,12.886059,225,1
atitlan,2025-05-13,686550.0,1618950.0,0.07995206,5.580356,225,0
atitlan,2025-05-13,686850.0,1618950.0,-0.0028829325,3.7937253,225,0
atitlan,2025-05-13,687150.0,1618950.0,0.018238712,4.2437353,225,0
atitlan,2025-05-13,687450.0,1618950.0,0.09322382,6.3337846,225,0
atitlan,2025-05-13,687750.0,1618950.0,0.2508654,12.758981,225,1
atitlan,2025-05-13,688050.0,1618950.0,0.29179683,16.66383,225,1
atitlan,2025-05-13,688350.0,1618950.0,0.2410547,11.933583,225,0
atitlan,2025-05-13,688650.0,1618950.0,0.21692014,10.63427,225,0
atitlan,2025-05-13,688950.0,1618950.0,0.19805993,11.000275,225,0
atitlan,2025-05-13,689250.0,1618950.0,-0.04812741,2.5695934,225,0
atitlan,2025-05-13,689550.0,1618950.0,-0.056437265,2.272374,225,0
atitlan,2025-05-13,689850.0,1618950.0,-0.05150719,2.4359064,225,0
atitlan,2025-05-13,690150.0,1618950.0,0.0945099,5.892246,225,0
atitlan,2025-05-13,690450.0,1618950.0,0.0249995,4.2583838,225,0
atitlan,2025-05-13,690750.0,1618950.0,0.029684113,4.323854,225,0
atitlan,2025-05-13,691050.0,1618950.0,0.15741633,9.578859,225,0
atitlan,2025-05-13,691350.0,1618950.0,0.28343996,17.112476,225,1
atitlan,2025-05-13,691650.0,1618950.0,0.34476042,24.828068,225,1
atitlan,2025-05-13,691950.0,1618950.0,0.30769193,19.511375,225,1
atitlan,2025-05-13,692250.0,1618950.0,0.314008,21.12179,225,1
atitlan,2025-05-13,692550.0,1618950.0,0.32220778,21.981049,225,1
atitlan,2025-05-13,692850.0,1618950.0,0.2861636,19.503656,225,1
atitlan,2025-05-13,693150.0,1618950.0,0.29229468,19.606718,225,1
atitlan,2025-05-13,693450.0,1618950.0,0.26502156,17.179956,225,1
atitlan,2025-05-13,693750.0,1618950.0,0.28135365,17.980122,225,1
atitlan,2025-05-13,694050.0,1618950.0,0.33061942,23.01665,225,1
atitlan,2025-05-13,694350.0,1618950.0,0.35031852,26.026842,225,1
atitlan,2025-05-13,694650.0,1618950.0,0.17883202,10.294569,225,0
atitlan,2025-05-13,694950.0,1618950.0,0.08102277,5.2185965,225,0
atitlan,2025-05-13,695250.0,1618950.0,0.011826531,4.2469196,225,0
atitlan,2025-05-13,695550.0,1618950.0,0.023059508,4.919952,225,0
atitlan,2025-05-13,695850.0,1618950.0,0.26160383,17.18473,225,1
atitlan,2025-05-13,696150.0,1618950.0,0.31348082,20.898163,225,1
atitlan,2025-05-13,696450.0,1618950.0,0.2897248,17.187244,225,1
atitlan,2025-05-13,696750.0,1618950.0,0.25465655,15.384099,225,1
atitlan,2025-05-13,697050.0,1618950.0,0.30365092,20.770967,225,1
atitlan,2025-05-13,697350.0,1618950.0,0.32593125,22.477163,225,1
atitlan,2025-05-13,697650.0,1618950.0,0.31131688,19.132969,225,1
atitlan,2025-05-13,697950.0,1618950.0,0.32103154,21.028025,225,1
atitlan,2025-05-13,698250.0,1618950.0,0.29328763,17.520266,225,1
atitlan,2025-05-13,698550.0,1618950.0,0.28083783,15.563036,225,1
atitlan,2025-05-13,698850.0,1618950.0,0.24726269,13.338464,225,1
atitlan,2025-05-13,699150.0,1618950.0,0.14522663,8.484154,225,0
atitlan,2025-05-13,699450.0,1618950.0,0.12087128,8.028868,225,0
atitlan,2025-05-13,699750.0,1618950.0,0.06149939,5.5142603,225,0
atitlan,2025-05-13,700050.0,1618950.0,0.060556453,5.406525,225,0
atitlan,2025-05-13,700350.0,1618950.0,0.12520213,7.8004823,225,0
atitlan,2025-05-13,700650.0,1618950.0,0.10604499,6.5200343,225,0
atitlan,2025-05-13,700950.0,1618950.0,0.23316726,11.496839,225,0
atitlan,2025-05-13,701250.0,1618950.0,0.29510185,17.449614,225,1
atitlan,2025-05-13,701550.0,1618950.0,0.23467624,12.214341,225,1
atitlan,2025-05-13,701850.0,1618950.0,0.13959186,7.7596774,225,0
atitlan,2025-05-13,702150.0,1618950.0,0.19086753,11.400223,225,0
atitlan,2025-05-13,702450.0,1618950.0,0.2615497,13.612854,225,1
atitlan,2025-05-13,702750.0,1618950.0,0.25061655,13.084799,225,1
atitlan,2025-05-13,703050.0,1618950.0,0.23143816,10.90532,225,0
atitlan,2025-05-13,703350.0,1618950.0,0.24239804,11.473961,225,0
atitlan,2025-05-13,703650.0,1618950.0,0.2603455,14.423347,225,1
atitlan,2025-05-13,703950.0,1618950.0,0.20649342,10.407909,225,0
atitlan,2025-05-13,704250.0,1618950.0,0.19410442,8.655395,225,0
atitlan,2025-05-13,704550.0,1618950.0,0.24554394,12.496921,225,1
atitlan,2025-05-13,704850.0,1618950.0,0.30780426,18.717339,225,1
atitlan,2025-05-13,705150.0,1618950.0,0.28747612,15.695204,225,1
atitlan,2025-05-13,705450.0,1618950.0,0.22267614,11.031571,225,0
atitlan,2025-05-13,705750.0,1618950.0,0.04725,4.909286,225,0
atitlan,2025-05-13,706050.0,1618950.0,0.046057474,4.7375393,225,0
atitlan,2025-05-13,706350.0,1618950.0,0.055400345,4.879825,225,0
atitlan,2025-05-13,706650.0,1618950.0,0.05979542,5.152235,225,0
atitlan,2025-05-13,706950.0,1618950.0,0.034687646,4.4973884,225,0
atitlan,2025-05-13,707250.0,1618950.0,0.03939419,4.655969,225,0
atitlan,2025-05-13,707550.0,1618950.0,0.2269785,13.861572,225,1
atitlan,2025-05-13,707850.0,1618950.0,0.28190914,15.502442,45,1
atitlan,2025-05-13,680250.0,1619250.0,0.08691134,5.626599,180,0
atitlan,2025-05-13,680550.0,1619250.0,0.14718673,6.809685,225,0
atitlan,2025-05-13,680850.0,1619250.0,0.058578767,4.701357,225,0
atitlan,2025-05-13,681150.0,1619250.0,0.0031578245,4.0285916,225,0
atitlan,2025-05-13,681450.0,1619250.0,-0.0035511805,3.9694133,225,0
atitlan,2025-05-13,681750.0,1619250.0,-0.0053650937,3.9490924,225,0
atitlan,2025-05-13,682050.0,1619250.0,-0.0027351168,4.00533,225,0
atitlan,2025-05-13,682350.0,1619250.0,0.03328676,4.698959,225,0
atitlan,2025-05-13,682650.0,1619250.0,0.13595822,8.206801,225,0
atitlan,2025-05-13,682950.0,1619250.0,0.36144903,27.98479,225,1
atitlan,2025-05-13,683250.0,1619250.0,0.18804587,11.167782,225,0
atitlan,2025-05-13,683550.0,1619250.0,0.0212663,4.4254823,225,0
atitlan,2025-05-13,683850.0,1619250.0,0.0057457737,4.1305056,225,0
atitlan,2025-05-13,684150.0,1619250.0,0.0039301678,4.1144,225,0
atitlan,2025-05-13,684450.0,1619250.0,-6.158108e-05,4.041507,225,0
atitlan,2025-05-13,684750.0,1619250.0,-0.0026140378,3.997572,225,0
atitlan,2025-05-13,685050.0,1619250.0,0.005843931,4.115662,225,0
atitlan,2025-05-13,685350.0,1619250.0,0.10060567,6.316569,225,0
atitlan,2025-05-13,685650.0,1619250.0,0.2522291,14.249666,225,1
atitlan,2025-05-13,685950.0,1619250.0,0.21296991,10.684482,225,0
atitlan,2025-05-13,686250.0,1619250.0,0.24507277,12.552793,225,1
atitlan,2025-05-13,686550.0,1619250.0,0.08808066,5.655848,225,0
atitlan,2025-05-13,686850.0,1619250.0,-0.0057477904,3.922101,225,0
atitlan,2025-05-13,687150.0,1619250.0,-0.009014155,3.8415284,225,0
atitlan,2025-05-13,687450.0,1619250.0,-0.0074408846,3.8781998,225,0
atitlan,2025-05-13,687750.0,1619250.0,0.07646685,6.5172167,225,0
atitlan,2025-05-13,688050.0,1619250.0,0.22844508,12.252546,225,1
atitlan,2025-05-13,688350.0,1619250.0,0.25205603,12.468794,225,1
atitlan,2025-05-13,688650.0,1619250.0,0.23196957,11.622292,225,0
atitlan,2025-05-13,688950.0,1619250.0,0.2172249,10.639587,225,0
atitlan,2025-05-13,689250.0,1619250.0,0.1081673,7.2493773,225,0
atitlan,2025-05-13,689550.0,1619250.0,0.028362017,4.635777,225,0
atitlan,2025-05-13,689850.0,1619250.0,-0.036428668,2.9494042,225,0
atitlan,2025-05-13,690150.0,1619250.0,0.11170328,6.196109,225,0
atitlan,2025-05-13,690450.0,1619250.0,0.035921242,4.4604955,225,0
atitlan,2025-05-13,690750.0,1619250.0,0.017138753,4.0832863,225,0
atitlan,2025-05-13,691050.0,1619250.0,0.042503007,4.4907055,225,0
atitlan,2025-05-13,691350.0,1619250.0,0.2201659,11.399114,225,0
atitlan,2025-05-13,691650.0,1619250.0,0.3024553,18.803493,225,1
atitlan,2025-05-13,691950.0,1619250.0,0.30583143,18.591778,225,1
atitlan,2025-05-13,692250.0,1619250.0,0.29521275,18.702414,225,1
atitlan,2025-05-13,692550.0,1619250.0,0.3332169,22.970957,225,1
atitlan,2025-05-13,692850.0,1619250.0,0.30981582,20.757444,225,1
atitlan,2025-05-13,693150.0,1619250.0,0.28284183,18.949556,225,1
atitlan,2025-05-13,693450.0,1619250.0,0.2518234,14.653979,225,1
atitlan,2025-05-13,693750.0,1619250.0,0.26500085,15.721593,225,1
atitlan,2025-05-13,694050.0,1619250.0,0.30012038,18.623108,225,1
atitlan,2025-05-13,694350.0,1619250.0,0.33139753,24.35008,225,1
atitlan,2025-05-13,694650.0,1619250.0,0.19676779,9.868019,225,0
atitlan,2025-05-13,694950.0,1619250.0,0.03559733,4.591541,225,0
atitlan,2025-05-13,695250.0,1619250.0,0.013718639,4.2653394,225,0
atitlan,2025-05-13,695550.0,1619250.0,0.0122714415,4.242679,225,0
atitlan,2025-05-13,695850.0,1619250.0,0.16229874,11.11752,225,0
atitlan,2025-05-13,696150.0,1619250.0,0.27298042,17.550035,225,1
atitlan,2025-05-13,696450.0,1619250.0,0.33095616,23.923243,225,1
atitlan,2025-05-13,696750.0,1619250.0,0.331848,24.516937,225,1
atitlan,2025-05-13,697050.0,1619250.0,0.33874488,24.495144,225,1
atitlan,2025-05-13,697350.0,1619250.0,0.3401366,24.863249,225,1
atitlan,2025-05-13,697650.0,1619250.0,0.31816366,20.152853,225,1
atitlan,2025-05-13,697950.0,1619250.0,0.32916284,22.21513,225,1
atitlan,2025-05-13,698250.0,1619250.0,0.325039,21.867382,225,1
atitlan,2025-05-13,698550.0,1619250.0,0.25485256,14.48093,225,1
atitlan,2025-05-13,698850.0,1619250.0,0.27054322,15.1625185,225,1
atitlan,2025-05-13,699150.0,1619250.0,0.1380223,7.3477855,225,0
atitlan,2025-05-13,699450.0,1619250.0,0.12245417,7.553163,225,0
atitlan,2025-05-13,699750.0,1619250.0,0.16571356,10.498937,225,0
atitlan,2025-05-13,700050.0,1619250.0,0.060134333,5.5484524,225,0
atitlan,2025-05-13,700350.0,1619250.0,0.030543128,4.9802403,225,0
atitlan,2025-05-13,700650.0,1619250.0,-0.0058538876,3.8390715,225,0
atitlan,2025-05-13,700950.0,1619250.0,0.21081084,10.816232,225,0
atitlan,2025-05-13,701250.0,1619250.0,0.27941912,14.99527,225,1
atitlan,2025-05-13,701550.0,1619250.0,0.26172397,15.26048,225,1
atitlan,2025-05-13,701850.0,1619250.0,0.22314377,12.6667795,225,1
atitlan,2025-05-13,702150.0,1619250.0,0.20336835,11.513238,225,0
atitlan,2025-05-13,702450.0,1619250.0,0.2355648,13.787615,225,1
atitlan,2025-05-13,702750.0,1619250.0,0.22777368,10.80708,225,0
atitlan,2025-05-13,703050.0,1619250.0,0.23505074,12.384008,225,1
atitlan,2025-05-13,703350.0,1619250.0,0.25138283,12.981565,225,1
atitlan,2025-05-13,703650.0,1619250.0,0.26469517,14.259658,225,1
atitlan,2025-05-13,703950.0,1619250.0,0.28343204,16.844276,225,1
atitlan,2025-05-13,704250.0,1619250.0,0.26435062,14.14576,225,1
atitlan,2025-05-13,704550.0,1619250.0,0.23854627,11.5412,225,0
atitlan,2025-05-13,704850.0,1619250.0,0.2824957,14.737056,225,1
atitlan,2025-05-13,705150.0,1619250.0,0.29597864,16.800756,225,1
atitlan,2025-05-13,705450.0,1619250.0,0.32530788,21.161703,225,1
atitlan,2025-05-13,705750.0,1619250.0,0.27509007,19.224785,225,1
atitlan,2025-05-13,706050.0,1619250.0,0.29175204,18.000284,225,1
atitlan,2025-05-13,706350.0,1619250.0,0.20672631,10.320084,225,0
atitlan,2025-05-13,706650.0,1619250.0,0.041074622,4.601725,225,0
atitlan,2025-05-13,706950.0,1619250.0,0.005431462,4.1483216,225,0
atitlan,2025-05-13,707250.0,1619250.0,0.023501597,4.3394866,225,0
atitlan,2025-05-13,707550.0,1619250.0,0.1149519,8.296359,225,0
atitlan,2025-05-13,707850.0,1619250.0,0.19881661,11.560611,45,0
atitlan,2025-05-13,680250.0,1619550.0,-0.000453913,3.9709516,180,0
atitlan,2025-05-13,680550.0,1619550.0,0.012071362,3.901469,225,0
atitlan,2025-05-13,680850.0,1619550.0,0.004460084,3.787157,225,0
atitlan,2025-05-13,681150.0,1619550.0,-0.004706881,3.8881135,225,0
atitlan,2025-05-13,681450.0,1619550.0,-0.004073934,3.9415748,225,0
atitlan,2025-05-13,681750.0,1619550.0,0.0040487405,4.1013947,225,0
atitlan,2025-05-13,682050.0,1619550.0,0.0031279295,4.1014733,225,0
atitlan,2025-05-13,682350.0,1619550.0,0.008118102,4.031572,225,0
atitlan,2025-05-13,682650.0,1619550.0,0.0022750085,4.014785,225,0
atitlan,2025-05-13,682950.0,1619550.0,0.12028865,8.59434,225,0
atitlan,2025-05-13,683250.0,1619550.0,0.13892497,7.134598,225,0
atitlan,2025-05-13,683550.0,1619550.0,0.060275957,5.012765,225,0
atitlan,2025-05-13,683850.0,1619550.0,0.019074172,4.2962813,225,0
atitlan,2025-05-13,684150.0,1619550.0,0.024820691,4.3021216,225,0
atitlan,2025-05-13,684450.0,1619550.0,0.028213536,4.3741183,225,0
atitlan,2025-05-13,684750.0,1619550.0,0.035479784,4.6168566,225,0
atitlan,2025-05-13,685050.0,1619550.0,0.1762175,12.988239,225,1
atitlan,2025-05-13,685350.0,1619550.0,0.30582216,18.582956,225,1
atitlan,2025-05-13,685650.0,1619550.0,0.2227111,11.218487,225,0
atitlan,2025-05-13,685950.0,1619550.0,0.12766725,6.3640466,225,0
atitlan,2025-05-13,686250.0,1619550.0,0.15961796,7.4995427,225,0
atitlan,2025-05-13,686550.0,1619550.0,0.09866528,5.989892,225,0
atitlan,2025-05-13,686850.0,1619550.0,0.005190858,4.139751,225,0
atitlan,2025-05-13,687150.0,1619550.0,-0.004093431,3.9475906,225,0
atitlan,2025-05-13,687450.0,1619550.0,-0.0018211267,4.0143414,225,0
atitlan,2025-05-13,687750.0,1619550.0,-0.0019829443,4.0070252,225,0
atitlan,2025-05-13,688050.0,1619550.0,0.11241678,7.620537,225,0
atitlan,2025-05-13,688350.0,1619550.0,0.26139614,13.7185,225,1
atitlan,2025-05-13,688650.0,1619550.0,0.24020115,11.72493,225,0
atitlan,2025-05-13,688950.0,1619550.0,0.22113362,10.443833,225,0
atitlan,2025-05-13,689250.0,1619550.0,0.2531781,12.879706,225,1
atitlan,2025-05-13,689550.0,1619550.0,0.121014714,8.546024,225,0
atitlan,2025-05-13,689850.0,1619550.0,-0.056396544,2.2601316,225,0
atitlan,2025-05-13,690150.0,1619550.0,0.030403093,5.05896,225,0
atitlan,2025-05-13,690450.0,1619550.0,0.060313843,5.8581185,225,0
atitlan,2025-05-13,690750.0,1619550.0,0.08576116,6.7824864,225,0
atitlan,2025-05-13,691050.0,1619550.0,0.05378863,4.7530227,225,0
atitlan,2025-05-13,691350.0,1619550.0,0.1412984,8.110461,225,0
atitlan,2025-05-13,691650.0,1619550.0,0.2714758,14.748864,225,1
atitlan,2025-05-13,691950.0,1619550.0,0.2585347,14.512611,225,1
atitlan,2025-05-13,692250.0,1619550.0,0.27288163,16.200909,225,1
atitlan,2025-05-13,692550.0,1619550.0,0.30375862,19.375067,225,1
atitlan,2025-05-13,692850.0,1619550.0,0.27332422,17.565638,225,1
atitlan,2025-05-13,693150.0,1619550.0,0.22465825,13.56168,225,1
atitlan,2025-05-13,693450.0,1619550.0,0.20556024,11.647052,225,0
atitlan,2025-05-13,693750.0,1619550.0,0.18036121,9.656165,225,0
atitlan,2025-05-13,694050.0,1619550.0,0.16667645,9.49787,225,0
atitlan,2025-05-13,694350.0,1619550.0,0.23249118,13.157239,225,1
atitlan,2025-05-13,694650.0,1619550.0,0.14768702,7.280789,225,0
atitlan,2025-05-13,694950.0,1619550.0,0.09437306,6.166562,225,0
atitlan,2025-05-13,695250.0,1619550.0,0.019927105,4.348934,225,0
atitlan,2025-05-13,695550.0,1619550.0,0.08721561,6.1178937,225,0
atitlan,2025-05-13,695850.0,1619550.0,0.20666212,13.029315,225,1
atitlan,2025-05-13,696150.0,1619550.0,0.3024683,22.727175,225,1
atitlan,2025-05-13,696450.0,1619550.0,0.32535923,24.548079,225,1
atitlan,2025-05-13,696750.0,1619550.0,0.3402073,25.117907,225,1
atitlan,2025-05-13,697050.0,1619550.0,0.31149518,22.029882,225,1
atitlan,2025-05-13,697350.0,1619550.0,0.34485486,25.72345,225,1
atitlan,2025-05-13,697650.0,1619550.0,0.34123966,24.158564,225,1
atitlan,2025-05-13,697950.0,1619550.0,0.33168122,22.666206,225,1
atitlan,2025-05-13,698250.0,1619550.0,0.31511468,20.234753,225,1
atitlan,2025-05-13,698550.0,1619550.0,0.26736194,14.747488,225,1
atitlan,2025-05-13,698850.0,1619550.0,0.29457703,18.259245,225,1
atitlan,2025-05-13,699150.0,1619550.0,0.2171115,11.905645,225,0
atitlan,2025-05-13,699450.0,1619550.0,0.14090066,8.27079,225,0
atitlan,2025-05-13,699750.0,1619550.0,0.25030097,14.833427,225,1
atitlan,2025-05-13,700050.0,1619550.0,0.13745722,10.176784,225,0
atitlan,2025-05-13,700350.0,1619550.0,-0.011868403,3.5234637,225,0
atitlan,2025-05-13,700650.0,1619550.0,-0.04614837,2.7054675,225,0
atitlan,2025-05-13,700950.0,1619550.0,0.22887072,11.078564,225,0
atitlan,2025-05-13,701250.0,1619550.0,0.2889107,16.33887,225,1
atitlan,2025-05-13,701550.0,1619550.0,0.26112103,14.849738,225,1
atitlan,2025-05-13,701850.0,1619550.0,0.24803473,13.822478,225,1
atitlan,2025-05-13,702150.0,1619550.0,0.25760853,14.003058,225,1
atitlan,2025-05-13,702450.0,1619550.0,0.25129837,15.743016,225,1
atitlan,2025-05-13,702750.0,1619550.0,0.25432283,13.358753,225,1
atitlan,2025-05-13,703050.0,1619550.0,0.26574782,14.371214,225,1
atitlan,2025-05-13,703350.0,1619550.0,0.26221845,14.415417,225,1
atitlan,2025-05-13,703650.0,1619550.0,0.27950844,16.329481,225,1
atitlan,2025-05-13,703950.0,1619550.0,0.30778965,19.53926,225,1
atitlan,2025-05-13,704250.0,1619550.0,0.280811,17.957886,225,1
atitlan,2025-05-13,704550.0,1619550.0,0.23034963,12.699712,225,1
atitlan,2025-05-13,704850.0,1619550.0,0.30304295,18.662474,225,1
atitlan,2025-05-13,705150.0,1619550.0,0.29671535,16.925964,225,1
atitlan,2025-05-13,705450.0,1619550.0,0.30186087,17.681747,225,1
atitlan,2025-05-13,705750.0,1619550.0,0.3052927,18.990654,225,1
atitlan,2025-05-13,706050.0,1619550.0,0.3039026,19.06268,225,1
atitlan,2025-05-13,706350.0,1619550.0,0.12905069,7.151931,225,0
atitlan,2025-05-13,706650.0,1619550.0,0.025316527,4.4075336,225,0
atitlan,2025-05-13,706950.0,1619550.0,0.008230254,4.1689577,225,0
atitlan,2025-05-13,707250.0,1619550.0,0.06870763,5.53744,225,0
atitlan,2025-05-13,707550.0,1619550.0,0.10150343,6.217111,225,0
atitlan,2025-05-13,707850.0,1619550.0,0.060168985,5.1437383,45,0
atitlan,2025-05-13,680250.0,1619850.0,-0.0031616874,3.941432,180,0
atitlan,2025-05-13,680550.0,1619850.0,-0.005633851,3.792923,225,0
atitlan,2025-05-13,680850.0,1619850.0,-0.007470198,3.8336227,225,0
atitlan,2025-05-13,681150.0,1619850.0,-0.0064492947,3.9087622,225,0
atitlan,2025-05-13,681450.0,1619850.0,-0.005464018,3.939809,225,0
atitlan,2025-05-13,681750.0,1619850.0,-0.006781676,3.9201674,225,0
atitlan,2025-05-13,682050.0,1619850.0,-0.0050381552,3.943429,225,0
atitlan,2025-05-13,682350.0,1619850.0,0.011504427,4.1561284,225,0
atitlan,2025-05-13,682650.0,1619850.0,0.010336398,4.192024,225,0
atitlan,2025-05-13,682950.0,1619850.0,0.010031528,4.126704,225,0
atitlan,2025-05-13,683250.0,1619850.0,0.1439113,8.926553,225,0
atitlan,2025-05-13,683550.0,1619850.0,0.14577179,8.548711,225,0
atitlan,2025-05-13,683850.0,1619850.0,0.048744332,4.6562138,225,0
atitlan,2025-05-13,684150.0,1619850.0,0.06554922,7.0102997,225,0
atitlan,2025-05-13,684450.0,1619850.0,0.12348976,9.541652,225,0
atitlan,2025-05-13,684750.0,1619850.0,0.20480806,15.899404,225,1
atitlan,2025-05-13,685050.0,1619850.0,0.351305,28.79961,225,1
atitlan,2025-05-13,685350.0,1619850.0,0.24454412,14.545238,225,1
atitlan,2025-05-13,685650.0,1619850.0,0.09878609,5.896875,225,0
atitlan,2025-05-13,685950.0,1619850.0,0.045353614,4.534336,225,0
atitlan,2025-05-13,686250.0,1619850.0,0.08334411,5.4605803,225,0
atitlan,2025-05-13,686550.0,1619850.0,0.04744646,4.6145935,225,0
atitlan,2025-05-13,686850.0,1619850.0,0.051564254,4.8705688,225,0
atitlan,2025-05-13,687150.0,1619850.0,0.013671247,4.254858,225,0
atitlan,2025-05-13,687450.0,1619850.0,-0.0046012443,3.9535027,225,0
atitlan,2025-05-13,687750.0,1619850.0,-0.0017950629,3.9914298,225,0
atitlan,2025-05-13,688050.0,1619850.0,0.16200826,9.24723,225,0
atitlan,2025-05-13,688350.0,1619850.0,0.2529621,12.505502,225,1
atitlan,2025-05-13,688650.0,1619850.0,0.23216051,11.009555,225,0
atitlan,2025-05-13,688950.0,1619850.0,0.2334101,11.11811,225,0
atitlan,2025-05-13,689250.0,1619850.0,0.25088662,12.717788,225,1
atitlan,2025-05-13,689550.0,1619850.0,0.14040253,9.25525,225,0
atitlan,2025-05-13,689850.0,1619850.0,-0.05725503,2.2240922,225,0
atitlan,2025-05-13,690150.0,1619850.0,-0.056013264,2.2801201,225,0
atitlan,2025-05-13,690450.0,1619850.0,-0.048965447,2.5937715,225,0
atitlan,2025-05-13,690750.0,1619850.0,0.09770253,6.157218,225,0
atitlan,2025-05-13,691050.0,1619850.0,0.10252916,6.0580344,225,0
atitlan,2025-05-13,691350.0,1619850.0,0.17619485,9.376883,225,0
atitlan,2025-05-13,691650.0,1619850.0,0.19715972,10.320794,225,0
atitlan,2025-05-13,691950.0,1619850.0,0.24682154,13.348884,225,1
atitlan,2025-05-13,692250.0,1619850.0,0.24187797,13.424008,225,1
atitlan,2025-05-13,692550.0,1619850.0,0.25163224,14.20122,225,1
atitlan,2025-05-13,692850.0,1619850.0,0.20229478,11.18127,225,0
atitlan,2025-05-13,693150.0,1619850.0,0.25715426,16.101809,225,1
atitlan,2025-05-13,693450.0,1619850.0,0.25623944,14.719635,225,1
atitlan,2025-05-13,693750.0,1619850.0,0.29965237,19.455015,225,1
atitlan,2025-05-13,694050.0,1619850.0,0.2942758,18.723555,225,1
atitlan,2025-05-13,694350.0,1619850.0,0.2974513,20.369165,225,1
atitlan,2025-05-13,694650.0,1619850.0,0.31635177,20.798996,225,1
atitlan,2025-05-13,694950.0,1619850.0,0.2400544,12.329795,225,1
atitlan,2025-05-13,695250.0,1619850.0,0.09889808,5.9972906,225,0
atitlan,2025-05-13,695550.0,1619850.0,0.13248111,6.8628864,225,0
atitlan,2025-05-13,695850.0,1619850.0,0.24298209,13.8020115,225,1
atitlan,2025-05-13,696150.0,1619850.0,0.28374913,18.419601,225,1
atitlan,2025-05-13,696450.0,1619850.0,0.30173597,21.997166,225,1
atitlan,2025-05-13,696750.0,1619850.0,0.3105931,22.369688,225,1
atitlan,2025-05-13,697050.0,1619850.0,0.2826506,19.250713,225,1
atitlan,2025-05-13,697350.0,1619850.0,0.32810193,23.488756,225,1
atitlan,2025-05-13,697650.0,1619850.0,0.3248585,21.649786,225,1
atitlan,2025-05-13,697950.0,1619850.0,0.30952016,19.340397,225,1
atitlan,2025-05-13,698250.0,1619850.0,0.29560637,19.87801,225,1
atitlan,2025-05-13,698550.0,1619850.0,0.30132475,18.58601,225,1
atitlan,2025-05-13,698850.0,1619850.0,0.29183668,16.758736,225,1
atitlan,2025-05-13,699150.0,1619850.0,0.2317271,12.520439,225,1
atitlan,2025-05-13,699450.0,1619850.0,0.17230533,10.383278,225,0
atitlan,2025-05-13,699750.0,1619850.0,0.21025102,11.900101,225,0
atitlan,2025-05-13,700050.0,1619850.0,0.25269207,13.9428425,225,1
atitlan,2025-05-13,700350.0,1619850.0,0.083813146,7.137741,225,0
atitlan,2025-05-13,700650.0,1619850.0,-0.049181838,2.5857942,225,0
atitlan,2025-05-13,700950.0,1619850.0,0.09422236,6.710718,225,0
atitlan,2025-05-13,701250.0,1619850.0,0.27627197,15.2213125,225,1
atitlan,2025-05-13,701550.0,1619850.0,0.31127444,20.008291,225,1
atitlan,2025-05-13,701850.0,1619850.0,0.3241353,21.724344,225,1
atitlan,2025-05-13,702150.0,1619850.0,0.2954989,18.048922,225,1
atitlan,2025-05-13,702450.0,1619850.0,0.20746367,14.38783,225,1
atitlan,2025-05-13,702750.0,1619850.0,0.21336022,13.167855,225,1
atitlan,2025-05-13,703050.0,1619850.0,0.21309564,11.466909,225,0
atitlan,2025-05-13,703350.0,1619850.0,0.24136381,12.553963,225,1
atitlan,2025-05-13,703650.0,1619850.0,0.2992332,19.311377,225,1
atitlan,2025-05-13,703950.0,1619850.0,0.2828975,18.105858,225,1
atitlan,2025-05-13,704250.0,1619850.0,0.27440506,17.154886,225,1
atitlan,2025-05-13,704550.0,1619850.0,0.2835369,18.941874,225,1
atitlan,2025-05-13,704850.0,1619850.0,0.25036287,13.040982,225,1
atitlan,2025-05-13,705150.0,1619850.0,0.27095526,14.599937,225,1
atitlan,2025-05-13,705450.0,1619850.0,0.32108298,20.655489,225,1
atitlan,2025-05-13,705750.0,1619850.0,0.30006108,17.57843,225,1
atitlan,2025-05-13,706050.0,1619850.0,0.2921094,17.489243,225,1
atitlan,2025-05-13,706350.0,1619850.0,0.15168513,7.6268945,225,0
atitlan,2025-05-13,706650.0,1619850.0,0.046575196,4.930996,225,0
atitlan,2025-05-13,706950.0,1619850.0,0.0049925777,4.1451974,225,0
atitlan,2025-05-13,707250.0,1619850.0,0.013380968,4.2407312,225,0
atitlan,2025-05-13,707550.0,1619850.0,0.052397914,5.08359,225,0
atitlan,2025-05-13,707850.0,1619850.0,0.08703488,5.628269,45,0
atitlan,2025-05-13,680250.0,1620150.0,-0.007315258,3.8904717,180,0
atitlan,2025-05-13,680550.0,1620150.0,-0.004294625,3.9510136,225,0
atitlan,2025-05-13,680850.0,1620150.0,-0.008178698,3.8802686,225,0
atitlan,2025-05-13,681150.0,1620150.0,-0.004526376,3.9576812,225,0
atitlan,2025-05-13,681450.0,1620150.0,-0.0029293436,3.97499,225,0
atitlan,2025-05-13,681750.0,1620150.0,-0.0006377349,4.0421576,225,0
atitlan,2025-05-13,682050.0,1620150.0,0.009024762,4.125351,225,0
atitlan,2025-05-13,682350.0,1620150.0,-0.0015575865,3.9089174,225,0
atitlan,2025-05-13,682650.0,1620150.0,0.021301096,4.3905573,225,0
atitlan,2025-05-13,682950.0,1620150.0,0.017055735,4.25638,225,0
atitlan,2025-05-13,683250.0,1620150.0,0.08804788,5.4219117,225,0
atitlan,2025-05-13,683550.0,1620150.0,0.16132942,9.877117,225,0
atitlan,2025-05-13,683850.0,1620150.0,0.2704611,20.981205,225,1
atitlan,2025-05-13,684150.0,1620150.0,0.37482905,32.836285,225,1
atitlan,2025-05-13,684450.0,1620150.0,0.3216879,24.631956,225,1
atitlan,2025-05-13,684750.0,1620150.0,0.25607505,18.23779,225,1
atitlan,2025-05-13,685050.0,1620150.0,0.14495538,8.555524,225,0
atitlan,2025-05-13,685350.0,1620150.0,0.026211314,4.217889,225,0
atitlan,2025-05-13,685650.0,1620150.0,0.014176897,4.28683,225,0
atitlan,2025-05-13,685950.0,1620150.0,0.0059324135,4.087443,225,0
atitlan,2025-05-13,686250.0,1620150.0,0.013344099,4.152256,225,0
atitlan,2025-05-13,686550.0,1620150.0,0.010577838,4.01857,225,0
atitlan,2025-05-13,686850.0,1620150.0,0.012866669,4.099108,225,0
atitlan,2025-05-13,687150.0,1620150.0,0.042579,4.647291,225,0
atitlan,2025-05-13,687450.0,1620150.0,0.015769847,4.26649,225,0
atitlan,2025-05-13,687750.0,1620150.0,0.008090844,4.162636,225,0
atitlan,2025-05-13,688050.0,1620150.0,0.192729,9.865533,225,0
atitlan,2025-05-13,688350.0,1620150.0,0.27720472,15.171702,225,1
atitlan,2025-05-13,688650.0,1620150.0,0.26964092,14.259023,225,1
atitlan,2025-05-13,688950.0,1620150.0,0.24894096,12.209576,225,1
atitlan,2025-05-13,689250.0,1620150.0,0.2136078,10.7849245,225,0
atitlan,2025-05-13,689550.0,1620150.0,0.19292052,9.867376,225,0
atitlan,2025-05-13,689850.0,1620150.0,-0.043834213,2.683489,225,0
atitlan,2025-05-13,690150.0,1620150.0,-0.053610504,2.39918,225,0
atitlan,2025-05-13,690450.0,1620150.0,0.0788764,6.5947847,225,0
atitlan,2025-05-13,690750.0,1620150.0,0.15546976,8.853007,225,0
atitlan,2025-05-13,691050.0,1620150.0,0.16376998,8.340276,225,0
atitlan,2025-05-13,691350.0,1620150.0,0.20814727,10.562264,225,0
atitlan,2025-05-13,691650.0,1620150.0,0.25454673,12.995497,225,1
atitlan,2025-05-13,691950.0,1620150.0,0.27275252,14.713467,225,1
atitlan,2025-05-13,692250.0,1620150.0,0.29458413,17.456785,225,1
atitlan,2025-05-13,692550.0,1620150.0,0.2662455,14.972358,225,1
atitlan,2025-05-13,692850.0,1620150.0,0.24343428,14.110361,225,1
atitlan,2025-05-13,693150.0,1620150.0,0.30040613,19.019196,225,1
atitlan,2025-05-13,693450.0,1620150.0,0.28903195,16.954002,225,1
atitlan,2025-05-13,693750.0,1620150.0,0.2930764,17.653593,225,1
atitlan,2025-05-13,694050.0,1620150.0,0.28575823,17.236393,225,1
atitlan,2025-05-13,694350.0,1620150.0,0.31499884,20.584137,225,1
atitlan,2025-05-13,694650.0,1620150.0,0.31531212,21.909485,225,1
atitlan,2025-05-13,694950.0,1620150.0,0.18648562,9.349225,225,0
atitlan,2025-05-13,695250.0,1620150.0,0.10479389,6.1082873,225,0
atitlan,2025-05-13,695550.0,1620150.0,0.04405947,4.652035,225,0
atitlan,2025-05-13,695850.0,1620150.0,0.23663327,13.99553,225,1
atitlan,2025-05-13,696150.0,1620150.0,0.34504667,25.854467,225,1
atitlan,2025-05-13,696450.0,1620150.0,0.33087856,22.5409,225,1
atitlan,2025-05-13,696750.0,1620150.0,0.30605283,20.940952,225,1
atitlan,2025-05-13,697050.0,1620150.0,0.33045942,23.198246,225,1
atitlan,2025-05-13,697350.0,1620150.0,0.31920257,21.007807,225,1
atitlan,2025-05-13,697650.0,1620150.0,0.31615943,20.147799,225,1
atitlan,2025-05-13,697950.0,1620150.0,0.28324184,16.07441,225,1
atitlan,2025-05-13,698250.0,1620150.0,0.25640237,13.674057,225,1
atitlan,2025-05-13,698550.0,1620150.0,0.26698563,15.157072,225,1
atitlan,2025-05-13,698850.0,1620150.0,0.24903505,13.191553,225,1
atitlan,2025-05-13,699150.0,1620150.0,0.25302604,14.20464,225,1
atitlan,2025-05-13,699450.0,1620150.0,0.23435505,13.002937,225,1
atitlan,2025-05-13,699750.0,1620150.0,0.25935158,15.081788,225,1
atitlan,2025-05-13,700050.0,1620150.0,0.13830586,9.963669,225,0
atitlan,2025-05-13,700350.0,1620150.0,-0.054582722,2.325899,225,0
atitlan,2025-05-13,700650.0,1620150.0,-0.054512236,2.3490086,225,0
atitlan,2025-05-13,700950.0,1620150.0,-0.028400043,3.1364777,225,0
atitlan,2025-05-13,701250.0,1620150.0,0.23966344,11.318415,225,0
atitlan,2025-05-13,701550.0,1620150.0,0.3068868,19.084343,225,1
atitlan,2025-05-13,701850.0,1620150.0,0.31697762,20.545923,225,1
atitlan,2025-05-13,702150.0,1620150.0,0.31319565,19.346844,225,1
atitlan,2025-05-13,702450.0,1620150.0,0.29339215,18.44169,225,1
atitlan,2025-05-13,702750.0,1620150.0,0.22307009,13.937549,225,1
atitlan,2025-05-13,703050.0,1620150.0,0.26103675,17.302288,225,1
atitlan,2025-05-13,703350.0,1620150.0,0.30617833,19.84995,225,1
atitlan,2025-05-13,703650.0,1620150.0,0.3048057,19.859104,225,1
atitlan,2025-05-13,703950.0,1620150.0,0.18746305,12.162912,225,1
atitlan,2025-05-13,704250.0,1620150.0,0.25086167,14.119764,225,1
atitlan,2025-05-13,704550.0,1620150.0,0.27301762,15.403528,225,1
atitlan,2025-05-13,704850.0,1620150.0,0.26077256,14.764111,225,1
atitlan,2025-05-13,705150.0,1620150.0,0.30383998,18.98644,225,1
atitlan,2025-05-13,705450.0,1620150.0,0.32373288,21.013811,225,1
atitlan,2025-05-13,705750.0,1620150.0,0.29483953,16.819536,225,1
atitlan,2025-05-13,706050.0,1620150.0,0.27757168,16.082119,225,1
atitlan,2025-05-13,706350.0,1620150.0,0.22740324,12.852028,225,1
atitlan,2025-05-13,706650.0,1620150.0,0.06481276,5.153139,225,0
atitlan,2025-05-13,706950.0,1620150.0,0.005048798,4.1488853,225,0
atitlan,2025-05-13,707250.0,1620150.0,-0.001384133,4.038054,225,0
atitlan,2025-05-13,707550.0,1620150.0,0.01881946,4.287804,225,0
atitlan,2025-05-13,707850.0,1620150.0,0.072707504,5.089699,45,0
atitlan,2025-05-13,680250.0,1620450.0,0.007966985,4.1536884,180,0
atitlan,2025-05-13,680550.0,1620450.0,-0.00039967117,4.0390096,225,0
atitlan,2025-05-13,680850.0,1620450.0,0.00036963963,4.0435276,225,0
atitlan,2025-05-13,681150.0,1620450.0,-0.0019268963,4.0109954,225,0
atitlan,2025-05-13,681450.0,1620450.0,0.0017824669,4.0861726,225,0
atitlan,2025-05-13,681750.0,1620450.0,0.015063622,4.338132,225,0
atitlan,2025-05-13,682050.0,1620450.0,0.07211897,5.2042828,225,0
atitlan,2025-05-13,682350.0,1620450.0,0.001644753,4.0723934,225,0
atitlan,2025-05-13,682650.0,1620450.0,-0.0006775607,4.035027,225,0
atitlan,2025-05-13,682950.0,1620450.0,0.051567294,4.8002644,225,0
atitlan,2025-05-13,683250.0,1620450.0,0.201749,13.20938,225,1
atitlan,2025-05-13,683550.0,1620450.0,0.17808136,11.980957,225,0
atitlan,2025-05-13,683850.0,1620450.0,0.3547601,29.754086,225,1
atitlan,2025-05-13,684150.0,1620450.0,0.40302035,37.685116,225,1
atitlan,2025-05-13,684450.0,1620450.0,0.38442552,33.20836,225,1
atitlan,2025-05-13,684750.0,1620450.0,0.22097737,13.501034,225,1
atitlan,2025-05-13,685050.0,1620450.0,0.034905806,4.6059446,225,0
atitlan,2025-05-13,685350.0,1620450.0,0.035412952,4.49601,225,0
atitlan,2025-05-13,685650.0,1620450.0,0.012647331,4.2627535,225,0
atitlan,2025-05-13,685950.0,1620450.0,0.015167258,4.232878,225,0
atitlan,2025-05-13,686250.0,1620450.0,0.0046850396,4.1011133,225,0
atitlan,2025-05-13,686550.0,1620450.0,0.0021739719,4.06773,225,0
atitlan,2025-05-13,686850.0,1620450.0,-0.0030315707,3.97864,225,0
atitlan,2025-05-13,687150.0,1620450.0,0.006598214,4.0171013,225,0
atitlan,2025-05-13,687450.0,1620450.0,0.021950042,4.234665,225,0
atitlan,2025-05-13,687750.0,1620450.0,0.07911493,5.86699,225,0
atitlan,2025-05-13,688050.0,1620450.0,0.15046994,7.837249,225,0
atitlan,2025-05-13,688350.0,1620450.0,0.16880107,8.427299,225,0
atitlan,2025-05-13,688650.0,1620450.0,0.22129466,10.27261,225,0
atitlan,2025-05-13,688950.0,1620450.0,0.23913194,11.360078,225,0
atitlan,2025-05-13,689250.0,1620450.0,0.2301011,11.343646,225,0
atitlan,2025-05-13,689550.0,1620450.0,0.2538608,12.885255,225,1
atitlan,2025-05-13,689850.0,1620450.0,0.15529317,7.9124694,225,0
atitlan,2025-05-13,690150.0,1620450.0,0.00044037405,4.0226693,225,0
atitlan,2025-05-13,690450.0,1620450.0,0.0045351675,4.062829,225,0
atitlan,2025-05-13,690750.0,1620450.0,0.18045361,11.530422,225,0
atitlan,2025-05-13,691050.0,1620450.0,0.2341187,13.715107,225,1
atitlan,2025-05-13,691350.0,1620450.0,0.22093318,10.950306,225,0
atitlan,2025-05-13,691650.0,1620450.0,0.26964468,13.813416,225,1
atitlan,2025-05-13,691950.0,1620450.0,0.23485592,12.3716545,225,1
atitlan,2025-05-13,692250.0,1620450.0,0.2315455,13.174136,225,1
atitlan,2025-05-13,692550.0,1620450.0,0.22686711,12.2224245,225,1
atitlan,2025-05-13,692850.0,1620450.0,0.26294425,13.401011,225,1
atitlan,2025-05-13,693150.0,1620450.0,0.28576076,15.912126,225,1
atitlan,2025-05-13,693450.0,1620450.0,0.29497126,16.875658,225,1
atitlan,2025-05-13,693750.0,1620450.0,0.2394545,12.237289,225,1
atitlan,2025-05-13,694050.0,1620450.0,0.20043892,10.21896,225,0
atitlan,2025-05-13,694350.0,1620450.0,0.2747941,15.934129,225,1
atitlan,2025-05-13,694650.0,1620450.0,0.28305697,17.210955,225,1
atitlan,2025-05-13,694950.0,1620450.0,0.2830848,17.037579,225,1
atitlan,2025-05-13,695250.0,1620450.0,0.28617942,16.16969,225,1
atitlan,2025-05-13,695550.0,1620450.0,0.23153497,11.654971,225,0
atitlan,2025-05-13,695850.0,1620450.0,0.24123938,13.232274,225,1
atitlan,2025-05-13,696150.0,1620450.0,0.3099067,19.640852,225,1
atitlan,2025-05-13,696450.0,1620450.0,0.30250788,19.874329,225,1
atitlan,2025-05-13,696750.0,1620450.0,0.31193233,20.091406,225,1
atitlan,2025-05-13,697050.0,1620450.0,0.2986886,18.455233,225,1
atitlan,2025-05-13,697350.0,1620450.0,0.29099452,18.685091,225,1
atitlan,2025-05-13,697650.0,1620450.0,0.2908072,17.870556,225,1
atitlan,2025-05-13,697950.0,1620450.0,0.2838407,15.964053,225,1
atitlan,2025-05-13,698250.0,1620450.0,0.25606608,13.059825,225,1
atitlan,2025-05-13,698550.0,1620450.0,0.280867,15.406466,225,1
atitlan,2025-05-13,698850.0,1620450.0,0.2754302,14.054021,225,1
atitlan,2025-05-13,699150.0,1620450.0,0.27628845,14.795198,225,1
atitlan,2025-05-13,699450.0,1620450.0,0.27964416,15.543815,225,1
atitlan,2025-05-13,699750.0,1620450.0,0.23418644,14.196652,225,1
atitlan,2025-05-13,700050.0,1620450.0,0.13479508,9.588981,225,0
atitlan,2025-05-13,700350.0,1620450.0,-0.053736974,2.365206,225,0
atitlan,2025-05-13,700650.0,1620450.0,-0.05713222,2.229092,225,0
atitlan,2025-05-13,700950.0,1620450.0,0.11070583,7.3914843,225,0
atitlan,2025-05-13,701250.0,1620450.0,0.26758987,13.433183,225,1
atitlan,2025-05-13,701550.0,1620450.0,0.2863119,20.097923,225,1
atitlan,2025-05-13,701850.0,1620450.0,0.20920658,14.648581,225,1
atitlan,2025-05-13,702150.0,1620450.0,0.29958433,18.132893,225,1
atitlan,2025-05-13,702450.0,1620450.0,0.24338354,14.938785,225,1
atitlan,2025-05-13,702750.0,1620450.0,0.18798715,13.78596,225,1
atitlan,2025-05-13,703050.0,1620450.0,0.26400024,16.051287,225,1
atitlan,2025-05-13,703350.0,1620450.0,0.28939223,18.509903,225,1
atitlan,2025-05-13,703650.0,1620450.0,0.30961168,20.315054,225,1
atitlan,2025-05-13,703950.0,1620450.0,0.1438328,10.340788,225,0
atitlan,2025-05-13,704250.0,1620450.0,0.23334809,13.61213,225,1
atitlan,2025-05-13,704550.0,1620450.0,0.24112648,11.735917,225,0
atitlan,2025-05-13,704850.0,1620450.0,0.29043484,17.707209,225,1
atitlan,2025-05-13,705150.0,1620450.0,0.25847375,13.527039,225,1
atitlan,2025-05-13,705450.0,1620450.0,0.2968178,17.824194,225,1
atitlan,2025-05-13,705750.0,1620450.0,0.27387616,14.082509,225,1
atitlan,2025-05-13,706050.0,1620450.0,0.27654785,14.352239,225,1
atitlan,2025-05-13,706350.0,1620450.0,0.28137815,15.222137,225,1
atitlan,2025-05-13,706650.0,1620450.0,0.2448214,13.768293,225,1
atitlan,2025-05-13,706950.0,1620450.0,0.06805734,5.719039,225,0
atitlan,2025-05-13,707250.0,1620450.0,0.0080247475,4.198849,225,0
atitlan,2025-05-13,707550.0,1620450.0,0.05361308,5.0885487,225,0
atitlan,2025-05-13,707850.0,1620450.0,0.16653211,10.039584,45,0
atitlan,2025-05-13,680250.0,1620750.0,0.072088964,5.593708,180,0
atitlan,2025-05-13,680550.0,1620750.0,0.016994301,4.304612,225,0
atitlan,2025-05-13,680850.0,1620750.0,0.054272816,4.7825084,225,0
atitlan,2025-05-13,681150.0,1620750.0,0.016956054,4.259417,225,0
atitlan,2025-05-13,681450.0,1620750.0,0.0049563223,4.1443887,225,0
atitlan,2025-05-13,681750.0,1620750.0,0.02178772,4.3497877,225,0
atitlan,2025-05-13,682050.0,1620750.0,0.04407286,4.8041177,225,0
atitlan,2025-05-13,682350.0,1620750.0,0.0032066011,4.111873,225,0
atitlan,2025-05-13,682650.0,1620750.0,0.001028218,4.023183,225,0
atitlan,2025-05-13,682950.0,1620750.0,0.07810367,6.4741187,225,0
atitlan,2025-05-13,683250.0,1620750.0,0.21994843,13.919599,225,1
atitlan,2025-05-13,683550.0,1620750.0,0.17937456,10.0868435,225,0
atitlan,2025-05-13,683850.0,1620750.0,0.24067883,16.293026,225,1
atitlan,2025-05-13,684150.0,1620750.0,0.35547376,30.19434,225,1
atitlan,2025-05-13,684450.0,1620750.0,0.34295043,29.193266,225,1
atitlan,2025-05-13,684750.0,1620750.0,0.25687957,17.560745,225,1
atitlan,2025-05-13,685050.0,1620750.0,0.14804904,9.10321,225,0
atitlan,2025-05-13,685350.0,1620750.0,0.17985487,9.177568,225,0
atitlan,2025-05-13,685650.0,1620750.0,0.10839807,6.315823,225,0
atitlan,2025-05-13,685950.0,1620750.0,0.033973753,4.43772,225,0
atitlan,2025-05-13,686250.0,1620750.0,0.024228856,4.3782845,225,0
atitlan,2025-05-13,686550.0,1620750.0,0.007079404,4.1804805,225,0
atitlan,2025-05-13,686850.0,1620750.0,0.0043566194,4.1301904,225,0
atitlan,2025-05-13,687150.0,1620750.0,0.0007878805,3.9876606,225,0
atitlan,2025-05-13,687450.0,1620750.0,0.017621187,4.3141346,225,0
atitlan,2025-05-13,687750.0,1620750.0,0.12839401,7.7867417,225,0
atitlan,2025-05-13,688050.0,1620750.0,0.08691683,5.696788,225,0
atitlan,2025-05-13,688350.0,1620750.0,0.031898726,4.5210414,225,0
atitlan,2025-05-13,688650.0,1620750.0,0.25232366,13.075158,225,1
atitlan,2025-05-13,688950.0,1620750.0,0.21653947,9.588936,225,0
atitlan,2025-05-13,689250.0,1620750.0,0.21754643,10.095513,225,0
atitlan,2025-05-13,689550.0,1620750.0,0.27716234,15.75338,225,1
atitlan,2025-05-13,689850.0,1620750.0,0.21084565,10.164842,225,0
atitlan,2025-05-13,690150.0,1620750.0,-0.008590331,3.7595217,225,0
atitlan,2025-05-13,690450.0,1620750.0,-0.019071015,3.569823,225,0
atitlan,2025-05-13,690750.0,1620750.0,0.11068145,7.0289373,225,0
atitlan,2025-05-13,691050.0,1620750.0,0.13937669,6.775108,225,0
atitlan,2025-05-13,691350.0,1620750.0,0.18446891,9.087444,225,0
atitlan,2025-05-13,691650.0,1620750.0,0.23449044,11.813135,225,0
atitlan,2025-05-13,691950.0,1620750.0,0.23525332,11.7087965,225,0
atitlan,2025-05-13,692250.0,1620750.0,0.25083822,12.264753,225,1
atitlan,2025-05-13,692550.0,1620750.0,0.21544005,10.330052,225,0
atitlan,2025-05-13,692850.0,1620750.0,0.17000632,8.735457,225,0
atitlan,2025-05-13,693150.0,1620750.0,0.1556476,7.8715625,225,0
atitlan,2025-05-13,693450.0,1620750.0,0.2333823,12.40997,225,1
atitlan,2025-05-13,693750.0,1620750.0,0.1280947,6.271405,225,0
atitlan,2025-05-13,694050.0,1620750.0,0.11580059,6.3629546,225,0
atitlan,2025-05-13,694350.0,1620750.0,0.2545227,12.589339,225,1
atitlan,2025-05-13,694650.0,1620750.0,0.21382794,10.659145,225,0
atitlan,2025-05-13,694950.0,1620750.0,0.115676746,6.39422,225,0
atitlan,2025-05-13,695250.0,1620750.0,0.14226866,8.7260895,225,0
atitlan,2025-05-13,695550.0,1620750.0,0.19688573,9.457788,225,0
atitlan,2025-05-13,695850.0,1620750.0,0.23370002,12.134303,225,1
atitlan,2025-05-13,696150.0,1620750.0,0.25549632,13.726145,225,1
atitlan,2025-05-13,696450.0,1620750.0,0.22867228,13.751434,225,1
atitlan,2025-05-13,696750.0,1620750.0,0.30500287,20.025026,225,1
atitlan,2025-05-13,697050.0,1620750.0,0.21594311,12.401301,225,1
atitlan,2025-05-13,697350.0,1620750.0,0.24985784,14.9238205,225,1
atitlan,2025-05-13,697650.0,1620750.0,0.3082113,19.322113,225,1
atitlan,2025-05-13,697950.0,1620750.0,0.21901879,12.779627,225,1
atitlan,2025-05-13,698250.0,1620750.0,0.23912016,12.387136,225,1
atitlan,2025-05-13,698550.0,1620750.0,0.28834268,17.389818,225,1
atitlan,2025-05-13,698850.0,1620750.0,0.2782501,15.809942,225,1
atitlan,2025-05-13,699150.0,1620750.0,0.2668448,13.673115,225,1
atitlan,2025-05-13,699450.0,1620750.0,0.22286433,10.94134,225,0
atitlan,2025-05-13,699750.0,1620750.0,0.21207467,12.4283905,225,1
atitlan,2025-05-13,700050.0,1620750.0,-0.013934548,3.5693412,225,0
atitlan,2025-05-13,700350.0,1620750.0,-0.062281772,1.9581281,225,0
atitlan,2025-05-13,700650.0,1620750.0,-0.059880402,2.0979702,225,0
atitlan,2025-05-13,700950.0,1620750.0,0.016491435,4.5759954,225,0
atitlan,2025-05-13,701250.0,1620750.0,0.15418105,8.228257,225,0
atitlan,2025-05-13,701550.0,1620750.0,0.24917361,13.069162,225,1
atitlan,2025-05-13,701850.0,1620750.0,0.27094793,15.567122,225,1
atitlan,2025-05-13,702150.0,1620750.0,0.23966512,13.851554,225,1
atitlan,2025-05-13,702450.0,1620750.0,0.17505033,10.7619,225,0
atitlan,2025-05-13,702750.0,1620750.0,0.2218932,15.242794,225,1
atitlan,2025-05-13,703050.0,1620750.0,0.2723824,18.812485,225,1
atitlan,2025-05-13,703350.0,1620750.0,0.25154218,16.519115,225,1
atitlan,2025-05-13,703650.0,1620750.0,0.32156768,23.493996,225,1
atitlan,2025-05-13,703950.0,1620750.0,0.2429987,16.716404,225,1
atitlan,2025-05-13,704250.0,1620750.0,0.20723169,13.783236,225,1
atitlan,2025-05-13,704550.0,1620750.0,0.22612417,12.469019,225,1
atitlan,2025-05-13,704850.0,1620750.0,0.2387298,12.034791,225,1
atitlan,2025-05-13,705150.0,1620750.0,0.23612484,11.98227,225,0
atitlan,2025-05-13,705450.0,1620750.0,0.26859215,14.073617,225,1
atitlan,2025-05-13,705750.0,1620750.0,0.27761075,15.024522,225,1
atitlan,2025-05-13,706050.0,1620750.0,0.270536,14.177866,225,1
atitlan,2025-05-13,706350.0,1620750.0,0.27553234,14.264693,225,1
atitlan,2025-05-13,706650.0,1620750.0,0.30099618,17.898588,225,1
atitlan,2025-05-13,706950.0,1620750.0,0.19428585,9.525384,225,0
atitlan,2025-05-13,707250.0,1620750.0,0.056018703,4.7383614,225,0
atitlan,2025-05-13,707550.0,1620750.0,0.12399835,7.6709366,225,0
atitlan,2025-05-13,707850.0,1620750.0,0.1170578,6.7639623,45,0
atitlan,2025-05-13,680250.0,1621050.0,0.23714252,13.4219265,180,1
atitlan,2025-05-13,680550.0,1621050.0,0.060837682,4.760085,225,0
atitlan,2025-05-13,680850.0,1621050.0,0.06428955,4.946643,225,0
atitlan,2025-05-13,681150.0,1621050.0,0.052254766,4.867279,225,0
atitlan,2025-05-13,681450.0,1621050.0,0.018943934,4.332983,225,0
atitlan,2025-05-13,681750.0,1621050.0,0.028409481,4.3628907,225,0
atitlan,2025-05-13,682050.0,1621050.0,0.01526222,4.2589154,225,0
atitlan,2025-05-13,682350.0,1621050.0,0.0030099505,4.1072254,225,0
atitlan,2025-05-13,682650.0,1621050.0,0.0027872967,4.103949,225,0
atitlan,2025-05-13,682950.0,1621050.0,0.09622815,7.1972947,225,0
atitlan,2025-05-13,683250.0,1621050.0,0.15205418,7.8242683,225,0
atitlan,2025-05-13,683550.0,1621050.0,0.25532994,14.642,225,1
atitlan,2025-05-13,683850.0,1621050.0,0.18175068,10.545253,225,0
atitlan,2025-05-13,684150.0,1621050.0,0.27520987,21.244488,225,1
atitlan,2025-05-13,684450.0,1621050.0,0.34106916,27.168724,225,1
atitlan,2025-05-13,684750.0,1621050.0,0.31730545,21.47914,225,1
atitlan,2025-05-13,685050.0,1621050.0,0.20159632,10.442848,225,0
atitlan,2025-05-13,685350.0,1621050.0,0.099952586,5.469808,225,0
atitlan,2025-05-13,685650.0,1621050.0,0.16080289,8.826484,225,0
atitlan,2025-05-13,685950.0,1621050.0,0.06471406,5.193232,225,0
atitlan,2025-05-13,686250.0,1621050.0,0.008856437,4.083722,225,0
atitlan,2025-05-13,686550.0,1621050.0,0.013091873,4.1636615,225,0
atitlan,2025-05-13,686850.0,1621050.0,0.018868867,4.2168016,225,0
atitlan,2025-05-13,687150.0,1621050.0,0.022620505,4.2594275,225,0
atitlan,2025-05-13,687450.0,1621050.0,0.00023911773,4.0219803,225,0
atitlan,2025-05-13,687750.0,1621050.0,0.035100587,4.450688,225,0
atitlan,2025-05-13,688050.0,1621050.0,0.18299533,10.135989,225,0
atitlan,2025-05-13,688350.0,1621050.0,0.17199008,8.270542,225,0
atitlan,2025-05-13,688650.0,1621050.0,0.22742093,11.23064,225,0
atitlan,2025-05-13,688950.0,1621050.0,0.19354627,8.916136,225,0
atitlan,2025-05-13,689250.0,1621050.0,0.1569761,6.9811096,225,0
atitlan,2025-05-13,689550.0,1621050.0,0.15175141,9.196557,225,0
atitlan,2025-05-13,689850.0,1621050.0,0.0063605914,3.975747,225,0
atitlan,2025-05-13,690150.0,1621050.0,-0.058394913,2.163911,225,0
atitlan,2025-05-13,690450.0,1621050.0,0.07009105,6.4562197,225,0
atitlan,2025-05-13,690750.0,1621050.0,0.12257598,7.7956953,225,0
atitlan,2025-05-13,691050.0,1621050.0,0.14844216,8.028588,225,0
atitlan,2025-05-13,691350.0,1621050.0,0.2075028,11.115303,225,0
atitlan,2025-05-13,691650.0,1621050.0,0.19349103,9.418652,225,0
atitlan,2025-05-13,691950.0,1621050.0,0.17416196,9.512457,225,0
atitlan,2025-05-13,692250.0,1621050.0,0.16699812,8.482058,225,0
atitlan,2025-05-13,692550.0,1621050.0,0.13971092,7.3606043,225,0
atitlan,2025-05-13,692850.0,1621050.0,0.11780056,6.7856216,225,0
atitlan,2025-05-13,693150.0,1621050.0,0.14997916,8.078734,225,0
atitlan,2025-05-13,693450.0,1621050.0,0.2519948,12.401004,225,1
atitlan,2025-05-13,693750.0,1621050.0,0.22439945,10.74396,225,0
atitlan,2025-05-13,694050.0,1621050.0,0.19179003,9.152927,225,0
atitlan,2025-05-13,694350.0,1621050.0,0.26713225,13.860427,225,1
atitlan,2025-05-13,694650.0,1621050.0,0.21226576,9.914778,225,0
atitlan,2025-05-13,694950.0,1621050.0,0.08454411,5.435745,225,0
atitlan,2025-05-13,695250.0,1621050.0,0.014200173,4.2718306,225,0
atitlan,2025-05-13,695550.0,1621050.0,0.14162146,7.5104346,225,0
atitlan,2025-05-13,695850.0,1621050.0,0.20773476,10.701079,225,0
atitlan,2025-05-13,696150.0,1621050.0,0.22798976,11.69618,225,0
atitlan,2025-05-13,696450.0,1621050.0,0.26070482,14.714765,225,1
atitlan,2025-05-13,696750.0,1621050.0,0.2809083,16.546967,225,1
atitlan,2025-05-13,697050.0,1621050.0,0.286307,16.833176,225,1
atitlan,2025-05-13,697350.0,1621050.0,0.2863348,16.242245,225,1
atitlan,2025-05-13,697650.0,1621050.0,0.28185424,15.352461,225,1
atitlan,2025-05-13,697950.0,1621050.0,0.21791832,11.580309,225,0
atitlan,2025-05-13,698250.0,1621050.0,0.21163003,10.580528,225,0
atitlan,2025-05-13,698550.0,1621050.0,0.23463058,12.543801,225,1
atitlan,2025-05-13,698850.0,1621050.0,0.22570342,13.078787,225,1
atitlan,2025-05-13,699150.0,1621050.0,0.12258419,7.4250174,225,0
atitlan,2025-05-13,699450.0,1621050.0,0.06240024,6.5058193,225,0
atitlan,2025-05-13,699750.0,1621050.0,0.007508847,4.4341927,225,0
atitlan,2025-05-13,700050.0,1621050.0,-0.06135034,2.0147474,225,0
atitlan,2025-05-13,700350.0,1621050.0,-0.065987125,1.7848711,225,0
atitlan,2025-05-13,700650.0,1621050.0,-0.06523654,1.8243113,225,0
atitlan,2025-05-13,700950.0,1621050.0,-0.06283418,1.9367161,225,0
atitlan,2025-05-13,701250.0,1621050.0,-0.05622375,2.211434,225,0
atitlan,2025-05-13,701550.0,1621050.0,0.024583042,4.6996975,225,0
atitlan,2025-05-13,701850.0,1621050.0,0.26140752,13.960607,225,1
atitlan,2025-05-13,702150.0,1621050.0,0.20676312,11.606046,225,0
atitlan,2025-05-13,702450.0,1621050.0,0.23244686,13.267009,225,1
atitlan,2025-05-13,702750.0,1621050.0,0.322496,22.85424,225,1
atitlan,2025-05-13,703050.0,1621050.0,0.26259002,16.743164,225,1
atitlan,2025-05-13,703350.0,1621050.0,0.27755797,19.718342,225,1
atitlan,2025-05-13,703650.0,1621050.0,0.26207048,19.578882,225,1
atitlan,2025-05-13,703950.0,1621050.0,0.2881263,18.750061,225,1
atitlan,2025-05-13,704250.0,1621050.0,0.30204508,21.181316,225,1
atitlan,2025-05-13,704550.0,1621050.0,0.20631272,14.50263,225,1
atitlan,2025-05-13,704850.0,1621050.0,0.1492927,7.4994974,225,0
atitlan,2025-05-13,705150.0,1621050.0,0.16105957,6.783688,225,0
atitlan,2025-05-13,705450.0,1621050.0,0.22929962,10.673061,225,0
atitlan,2025-05-13,705750.0,1621050.0,0.25734964,12.651172,225,1
atitlan,2025-05-13,706050.0,1621050.0,0.2540455,12.429186,225,1
atitlan,2025-05-13,706350.0,1621050.0,0.25222817,12.030887,225,1
atitlan,2025-05-13,706650.0,1621050.0,0.28784162,15.667733,225,1
atitlan,2025-05-13,706950.0,1621050.0,0.2500458,13.563908,225,1
atitlan,2025-05-13,707250.0,1621050.0,0.15842827,8.552863,225,0
atitlan,2025-05-13,707550.0,1621050.0,0.17893891,8.840531,225,0
atitlan,2025-05-13,707850.0,1621050.0,0.14272188,7.557363,45,0
atitlan,2025-05-13,680250.0,1621350.0,0.21343692,12.249797,180,1
atitlan,2025-05-13,680550.0,1621350.0,0.074926876,5.4221334,225,0
atitlan,2025-05-13,680850.0,1621350.0,0.07766701,5.3847747,225,0
atitlan,2025-05-13,681150.0,1621350.0,0.035917364,4.576237,225,0
atitlan,2025-05-13,681450.0,1621350.0,0.08715289,5.5324316,225,0
atitlan,2025-05-13,681750.0,1621350.0,0.075369336,5.3411455,225,0
atitlan,2025-05-13,682050.0,1621350.0,0.07654685,5.5128593,225,0
atitlan,2025-05-13,682350.0,1621350.0,0.005545165,4.125484,225,0
atitlan,2025-05-13,682650.0,1621350.0,0.0045905625,4.1282964,225,0
atitlan,2025-05-13,682950.0,1621350.0,0.03690757,5.410173,225,0
atitlan,2025-05-13,683250.0,1621350.0,0.28978956,19.677677,225,1
atitlan,2025-05-13,683550.0,1621350.0,0.3337127,22.970152,225,1
atitlan,2025-05-13,683850.0,1621350.0,0.24244533,17.419178,225,1
atitlan,2025-05-13,684150.0,1621350.0,0.3044877,24.340858,225,1
atitlan,2025-05-13,684450.0,1621350.0,0.2704547,19.796406,225,1
atitlan,2025-05-13,684750.0,1621350.0,0.113048576,6.3807817,225,0
atitlan,2025-05-13,685050.0,1621350.0,0.26209778,15.79059,225,1
atitlan,2025-05-13,685350.0,1621350.0,0.09664585,6.3195405,225,0
atitlan,2025-05-13,685650.0,1621350.0,0.21192043,11.920904,225,0
atitlan,2025-05-13,685950.0,1621350.0,0.08253302,5.474994,225,0
atitlan,2025-05-13,686250.0,1621350.0,0.017308362,4.223721,225,0
atitlan,2025-05-13,686550.0,1621350.0,-0.0029456844,3.985552,225,0
atitlan,2025-05-13,686850.0,1621350.0,-0.0029938098,3.9924846,225,0
atitlan,2025-05-13,687150.0,1621350.0,0.0062777465,4.066556,225,0
atitlan,2025-05-13,687450.0,1621350.0,0.00014997393,4.049034,225,0
atitlan,2025-05-13,687750.0,1621350.0,0.015613635,4.232193,225,0
atitlan,2025-05-13,688050.0,1621350.0,0.2603251,13.31133,225,1
atitlan,2025-05-13,688350.0,1621350.0,0.21741776,10.658395,225,0
atitlan,2025-05-13,688650.0,1621350.0,0.15825987,7.123531,225,0
atitlan,2025-05-13,688950.0,1621350.0,0.20526552,9.009841,225,0
atitlan,2025-05-13,689250.0,1621350.0,0.17522073,7.945088,225,0
atitlan,2025-05-13,689550.0,1621350.0,0.13326721,7.8166575,225,0
atitlan,2025-05-13,689850.0,1621350.0,-0.062308073,1.9774314,225,0
atitlan,2025-05-13,690150.0,1621350.0,-0.06534584,1.8279992,225,0
atitlan,2025-05-13,690450.0,1621350.0,-0.06099274,2.0437217,225,0
atitlan,2025-05-13,690750.0,1621350.0,-0.037081916,2.7480621,225,0
atitlan,2025-05-13,691050.0,1621350.0,0.18005042,10.783003,225,0
atitlan,2025-05-13,691350.0,1621350.0,0.040674895,4.854881,225,0
atitlan,2025-05-13,691650.0,1621350.0,0.22010759,11.733505,225,0
atitlan,2025-05-13,691950.0,1621350.0,0.20673029,10.7458935,225,0
atitlan,2025-05-13,692250.0,1621350.0,0.15257815,8.374499,225,0
atitlan,2025-05-13,692550.0,1621350.0,0.16567498,9.53131,225,0
atitlan,2025-05-13,692850.0,1621350.0,0.11236048,5.9408464,225,0
atitlan,2025-05-13,693150.0,1621350.0,0.19218145,8.735011,225,0
atitlan,2025-05-13,693450.0,1621350.0,0.2506193,12.391964,225,1
atitlan,2025-05-13,693750.0,1621350.0,0.2532309,12.491224,225,1
atitlan,2025-05-13,694050.0,1621350.0,0.24413483,11.899529,225,0
atitlan,2025-05-13,694350.0,1621350.0,0.24441765,11.843276,225,0
atitlan,2025-05-13,694650.0,1621350.0,0.2192786,10.843216,225,0
atitlan,2025-05-13,694950.0,1621350.0,0.19749822,9.282288,225,0
atitlan,2025-05-13,695250.0,1621350.0,0.17552422,8.147166,225,0
atitlan,2025-05-13,695550.0,1621350.0,0.1951022,8.918366,225,0
atitlan,2025-05-13,695850.0,1621350.0,0.24575278,12.057262,225,1
atitlan,2025-05-13,696150.0,1621350.0,0.25689998,13.654469,225,1
atitlan,2025-05-13,696450.0,1621350.0,0.24158075,13.775818,225,1
atitlan,2025-05-13,696750.0,1621350.0,0.280991,16.776741,225,1
atitlan,2025-05-13,697050.0,1621350.0,0.28308108,15.908247,225,1
atitlan,2025-05-13,697350.0,1621350.0,0.24766001,13.264037,225,1
atitlan,2025-05-13,697650.0,1621350.0,0.18844976,10.001263,225,0
atitlan,2025-05-13,697950.0,1621350.0,0.17945918,8.73474,225,0
atitlan,2025-05-13,698250.0,1621350.0,0.1701784,9.039841,225,0
atitlan,2025-05-13,698550.0,1621350.0,0.19020337,10.344067,225,0
atitlan,2025-05-13,698850.0,1621350.0,0.12435677,7.4368906,225,0
atitlan,2025-05-13,699150.0,1621350.0,0.010680892,4.0353923,225,0
atitlan,2025-05-13,699450.0,1621350.0,-0.06118311,2.0061553,225,0
atitlan,2025-05-13,699750.0,1621350.0,-0.062634274,1.9299893,225,0
atitlan,2025-05-13,700050.0,1621350.0,-0.06800277,1.6712191,225,0
atitlan,2025-05-13,700350.0,1621350.0,-0.06795333,1.6733392,225,0
atitlan,2025-05-13,700650.0,1621350.0,-0.06983184,1.5763621,225,0
atitlan,2025-05-13,700950.0,1621350.0,-0.07170777,1.4743971,225,0
atitlan,2025-05-13,701250.0,1621350.0,-0.060390435,2.0666215,225,0
atitlan,2025-05-13,701550.0,1621350.0,-0.04966752,2.5281508,225,0
atitlan,2025-05-13,701850.0,1621350.0,0.18769361,8.76104,225,0
atitlan,2025-05-13,702150.0,1621350.0,0.20573865,9.724061,225,0
atitlan,2025-05-13,702450.0,1621350.0,0.27236375,15.375163,225,1
atitlan,2025-05-13,702750.0,1621350.0,0.3153639,21.64059,225,1
atitlan,2025-05-13,703050.0,1621350.0,0.30883446,20.579105,225,1
atitlan,2025-05-13,703350.0,1621350.0,0.18033804,11.912673,225,0
atitlan,2025-05-13,703650.0,1621350.0,0.21154395,15.777788,225,1
atitlan,2025-05-13,703950.0,1621350.0,0.2930918,20.408644,225,1
atitlan,2025-05-13,704250.0,1621350.0,0.24173619,16.861954,225,1
atitlan,2025-05-13,704550.0,1621350.0,0.23050414,14.505168,225,1
atitlan,2025-05-13,704850.0,1621350.0,0.17299032,8.454314,225,0
atitlan,2025-05-13,705150.0,1621350.0,0.22467566,11.076094,225,0
atitlan,2025-05-13,705450.0,1621350.0,0.24726176,12.227734,225,1
atitlan,2025-05-13,705750.0,1621350.0,0.31133407,19.881052,225,1
atitlan,2025-05-13,706050.0,1621350.0,0.28838807,17.201113,225,1
atitlan,2025-05-13,706350.0,1621350.0,0.28973752,17.195435,225,1
atitlan,2025-05-13,706650.0,1621350.0,0.20768847,11.01654,225,0
atitlan,2025-05-13,706950.0,1621350.0,0.129458,7.3536882,225,0
atitlan,2025-05-13,707250.0,1621350.0,0.1995416,11.310981,225,0
atitlan,2025-05-13,707550.0,1621350.0,0.25009802,15.143481,225,1
atitlan,2025-05-13,707850.0,1621350.0,0.29544708,16.434069,45,1
atitlan,2025-05-13,680250.0,1621650.0,0.27447367,19.291275,180,1
atitlan,2025-05-13,680550.0,1621650.0,0.19061601,11.306552,225,0
atitlan,2025-05-13,680850.0,1621650.0,0.27431405,17.30044,225,1
atitlan,2025-05-13,681150.0,1621650.0,0.21387729,12.478349,225,1
atitlan,2025-05-13,681450.0,1621650.0,0.11905056,6.525963,225,0
atitlan,2025-05-13,681750.0,1621650.0,0.13312146,7.054397,225,0
atitlan,2025-05-13,682050.0,1621650.0,0.032765638,4.3902063,225,0
atitlan,2025-05-13,682350.0,1621650.0,0.005222097,4.1361203,225,0
atitlan,2025-05-13,682650.0,1621650.0,0.0027116728,4.0997777,225,0
atitlan,2025-05-13,682950.0,1621650.0,0.06431965,5.3686404,225,0
atitlan,2025-05-13,683250.0,1621650.0,0.30118984,20.934582,225,1
atitlan,2025-05-13,683550.0,1621650.0,0.33002666,22.263489,225,1
atitlan,2025-05-13,683850.0,1621650.0,0.2642572,19.533285,225,1
atitlan,2025-05-13,684150.0,1621650.0,0.21543777,14.975784,225,1
atitlan,2025-05-13,684450.0,1621650.0,0.24478975,17.954914,225,1
atitlan,2025-05-13,684750.0,1621650.0,0.21385808,12.696422,225,1
atitlan,2025-05-13,685050.0,1621650.0,0.27585274,19.586802,225,1
atitlan,2025-05-13,685350.0,1621650.0,0.30219808,22.336647,225,1
atitlan,2025-05-13,685650.0,1621650.0,0.3079518,20.406616,225,1
atitlan,2025-05-13,685950.0,1621650.0,0.1275769,9.005572,225,0
atitlan,2025-05-13,686250.0,1621650.0,0.013382643,4.5320425,225,0
atitlan,2025-05-13,686550.0,1621650.0,-0.00091318355,4.0376825,225,0
atitlan,2025-05-13,686850.0,1621650.0,-0.0009732721,4.028675,225,0
atitlan,2025-05-13,687150.0,1621650.0,0.056816697,5.397536,225,0
atitlan,2025-05-13,687450.0,1621650.0,0.039122917,4.9194784,225,0
atitlan,2025-05-13,687750.0,1621650.0,0.08317888,7.0083237,225,0
atitlan,2025-05-13,688050.0,1621650.0,0.2954429,16.882404,225,1
atitlan,2025-05-13,688350.0,1621650.0,0.25301495,12.2312355,225,1
atitlan,2025-05-13,688650.0,1621650.0,0.20811833,8.837125,225,0
atitlan,2025-05-13,688950.0,1621650.0,0.17530292,8.250909,225,0
atitlan,2025-05-13,689250.0,1621650.0,0.20676363,10.890003,225,0
atitlan,2025-05-13,689550.0,1621650.0,0.19361314,9.465918,225,0
atitlan,2025-05-13,689850.0,1621650.0,0.00033761616,4.605606,225,0
atitlan,2025-05-13,690150.0,1621650.0,-0.059302792,2.1355076,225,0
atitlan,2025-05-13,690450.0,1621650.0,-0.058433123,2.1806152,225,0
atitlan,2025-05-13,690750.0,1621650.0,-0.052156776,2.3472488,225,0
atitlan,2025-05-13,691050.0,1621650.0,-0.009577903,4.0935683,225,0
atitlan,2025-05-13,691350.0,1621650.0,-0.05371165,2.3778045,225,0
atitlan,2025-05-13,691650.0,1621650.0,0.14597526,8.612883,225,0
atitlan,2025-05-13,691950.0,1621650.0,0.23489907,11.348616,225,0
atitlan,2025-05-13,692250.0,1621650.0,0.24902527,14.645742,225,1
atitlan,2025-05-13,692550.0,1621650.0,0.24648598,13.196155,225,1
atitlan,2025-05-13,692850.0,1621650.0,0.23777652,12.811484,225,1
atitlan,2025-05-13,693150.0,1621650.0,0.22620443,12.556467,225,1
atitlan,2025-05-13,693450.0,1621650.0,0.24155523,12.890895,225,1
atitlan,2025-05-13,693750.0,1621650.0,0.2381316,11.884779,225,0
atitlan,2025-05-13,694050.0,1621650.0,0.26235995,13.4147005,225,1
atitlan,2025-05-13,694350.0,1621650.0,0.24334873,12.558703,225,1
atitlan,2025-05-13,694650.0,1621650.0,0.26622725,13.871195,225,1
atitlan,2025-05-13,694950.0,1621650.0,0.2707497,14.898216,225,1
atitlan,2025-05-13,695250.0,1621650.0,0.20970437,10.058155,225,0
atitlan,2025-05-13,695550.0,1621650.0,0.27658254,15.489253,225,1
atitlan,2025-05-13,695850.0,1621650.0,0.2479934,12.809438,225,1
atitlan,2025-05-13,696150.0,1621650.0,0.24557929,13.103754,225,1
atitlan,2025-05-13,696450.0,1621650.0,0.23588078,12.988371,225,1
atitlan,2025-05-13,696750.0,1621650.0,0.26816705,14.784959,225,1
atitlan,2025-05-13,697050.0,1621650.0,0.22757548,11.427418,225,0
atitlan,2025-05-13,697350.0,1621650.0,0.23968518,12.600486,225,1
atitlan,2025-05-13,697650.0,1621650.0,0.21283129,10.465727,225,0
atitlan,2025-05-13,697950.0,1621650.0,0.12492684,7.278872,225,0
atitlan,2025-05-13,698250.0,1621650.0,0.19819775,11.876629,225,0
atitlan,2025-05-13,698550.0,1621650.0,0.17686218,9.743285,225,0
atitlan,2025-05-13,698850.0,1621650.0,0.1279542,8.312026,225,0
atitlan,2025-05-13,699150.0,1621650.0,-0.048367936,2.582974,225,0
atitlan,2025-05-13,699450.0,1621650.0,-0.06435446,1.8594837,225,0
atitlan,2025-05-13,699750.0,1621650.0,-0.06264199,1.9459068,225,0
atitlan,2025-05-13,700050.0,1621650.0,-0.06489637,1.8394883,225,0
atitlan,2025-05-13,700350.0,1621650.0,-0.063421816,1.9168041,225,0
atitlan,2025-05-13,700650.0,1621650.0,-0.06572004,1.8027955,225,0
atitlan,2025-05-13,700950.0,1621650.0,-0.065403536,1.8012097,225,0
atitlan,2025-05-13,701250.0,1621650.0,-0.06120193,2.030487,225,0
atitlan,2025-05-13,701550.0,1621650.0,-0.050463248,2.4094915,225,0
atitlan,2025-05-13,701850.0,1621650.0,0.16256963,8.352049,225,0
atitlan,2025-05-13,702150.0,1621650.0,0.1912193,10.571551,225,0
atitlan,2025-05-13,702450.0,1621650.0,0.075560935,6.118219,225,0
atitlan,2025-05-13,702750.0,1621650.0,0.091596395,7.7762084,225,0
atitlan,2025-05-13,703050.0,1621650.0,0.26575866,16.013538,225,1
atitlan,2025-05-13,703350.0,1621650.0,0.23249236,13.613881,225,1
atitlan,2025-05-13,703650.0,1621650.0,0.30637166,24.692078,225,1
atitlan,2025-05-13,703950.0,1621650.0,0.33234504,25.68303,225,1
atitlan,2025-05-13,704250.0,1621650.0,0.26692975,17.262451,225,1
atitlan,2025-05-13,704550.0,1621650.0,0.20087159,13.023871,225,1
atitlan,2025-05-13,704850.0,1621650.0,0.25459784,16.440008,225,1
atitlan,2025-05-13,705150.0,1621650.0,0.28633317,18.569138,225,1
atitlan,2025-05-13,705450.0,1621650.0,0.25883406,14.371466,225,1
atitlan,2025-05-13,705750.0,1621650.0,0.26119262,13.211733,225,1
atitlan,2025-05-13,706050.0,1621650.0,0.2887844,16.767054,225,1
atitlan,2025-05-13,706350.0,1621650.0,0.31422257,19.714151,225,1
atitlan,2025-05-13,706650.0,1621650.0,0.31615624,19.645544,225,1
atitlan,2025-05-13,706950.0,1621650.0,0.24272148,13.77307,225,1
atitlan,2025-05-13,707250.0,1621650.0,0.18171565,10.861898,225,0
atitlan,2025-05-13,707550.0,1621650.0,0.12571263,7.738971,225,0
atitlan,2025-05-13,707850.0,1621650.0,0.1836466,12.285603,45,1
atitlan,2025-05-13,680250.0,1621950.0,0.2735979,18.516933,180,1
atitlan,2025-05-13,680550.0,1621950.0,0.3500976,26.491385,225,1
atitlan,2025-05-13,680850.0,1621950.0,0.26453674,16.559664,225,1
atitlan,2025-05-13,681150.0,1621950.0,0.24213442,14.382758,225,1
atitlan,2025-05-13,681450.0,1621950.0,0.32291147,22.5395,225,1
atitlan,2025-05-13,681750.0,1621950.0,0.2555219,16.017933,225,1
atitlan,2025-05-13,682050.0,1621950.0,0.047367435,4.8819003,225,0
atitlan,2025-05-13,682350.0,1621950.0,0.03562718,4.4999495,225,0
atitlan,2025-05-13,682650.0,1621950.0,0.014563621,4.260074,225,0
atitlan,2025-05-13,682950.0,1621950.0,0.008388842,4.1776943,225,0
atitlan,2025-05-13,683250.0,1621950.0,0.2778237,19.494535,225,1
atitlan,2025-05-13,683550.0,1621950.0,0.3200206,20.03072,225,1
atitlan,2025-05-13,683850.0,1621950.0,0.324616,24.04412,225,1
atitlan,2025-05-13,684150.0,1621950.0,0.23922578,17.435925,225,1
atitlan,2025-05-13,684450.0,1621950.0,0.21931736,14.745135,225,1
atitlan,2025-05-13,684750.0,1621950.0,0.29643124,20.777086,225,1
atitlan,2025-05-13,685050.0,1621950.0,0.37186882,31.026558,225,1
atitlan,2025-05-13,685350.0,1621950.0,0.30149963,23.818047,225,1
atitlan,2025-05-13,685650.0,1621950.0,0.3614569,30.94685,225,1
atitlan,2025-05-13,685950.0,1621950.0,0.18286784,10.458596,225,0
atitlan,2025-05-13,686250.0,1621950.0,0.025663173,4.4255223,225,0
atitlan,2025-05-13,686550.0,1621950.0,0.01554958,4.294621,225,0
atitlan,2025-05-13,686850.0,1621950.0,0.0062837163,4.1532626,225,0
atitlan,2025-05-13,687150.0,1621950.0,0.17481044,11.8492775,225,0
atitlan,2025-05-13,687450.0,1621950.0,0.29542953,19.510113,225,1
atitlan,2025-05-13,687750.0,1621950.0,0.26740414,15.782616,225,1
atitlan,2025-05-13,688050.0,1621950.0,0.3094916,18.256744,225,1
atitlan,2025-05-13,688350.0,1621950.0,0.30982742,19.002296,225,1
atitlan,2025-05-13,688650.0,1621950.0,0.27795026,14.873084,225,1
atitlan,2025-05-13,688950.0,1621950.0,0.22880171,10.36826,225,0
atitlan,2025-05-13,689250.0,1621950.0,0.25123733,13.493163,225,1
atitlan,2025-05-13,689550.0,1621950.0,0.15459245,9.959258,225,0
atitlan,2025-05-13,689850.0,1621950.0,-0.02213597,3.152196,225,0
atitlan,2025-05-13,690150.0,1621950.0,-0.059209473,2.1363444,225,0
atitlan,2025-05-13,690450.0,1621950.0,-0.060942546,2.0527964,225,0
atitlan,2025-05-13,690750.0,1621950.0,-0.058205687,2.1719651,225,0
atitlan,2025-05-13,691050.0,1621950.0,-0.061365556,1.9749202,225,0
atitlan,2025-05-13,691350.0,1621950.0,-0.053798266,2.2719896,225,0
atitlan,2025-05-13,691650.0,1621950.0,0.053442404,6.6188583,225,0
atitlan,2025-05-13,691950.0,1621950.0,0.040903743,5.434217,225,0
atitlan,2025-05-13,692250.0,1621950.0,0.11514278,9.8808365,225,0
atitlan,2025-05-13,692550.0,1621950.0,0.26253355,16.71035,225,1
atitlan,2025-05-13,692850.0,1621950.0,0.057645544,6.2214518,225,0
atitlan,2025-05-13,693150.0,1621950.0,0.12245332,8.542086,225,0
atitlan,2025-05-13,693450.0,1621950.0,0.28695104,17.58995,225,1
atitlan,2025-05-13,693750.0,1621950.0,0.20316987,10.946744,225,0
atitlan,2025-05-13,694050.0,1621950.0,0.2814082,16.427937,225,1
atitlan,2025-05-13,694350.0,1621950.0,0.24635932,12.257424,225,1
atitlan,2025-05-13,694650.0,1621950.0,0.18639615,8.85035,225,0
atitlan,2025-05-13,694950.0,1621950.0,0.24111255,11.926314,225,0
atitlan,2025-05-13,695250.0,1621950.0,0.28473637,15.629011,225,1
atitlan,2025-05-13,695550.0,1621950.0,0.27653414,15.572972,225,1
atitlan,2025-05-13,695850.0,1621950.0,0.28009054,15.932332,225,1
atitlan,2025-05-13,696150.0,1621950.0,0.27282494,14.039937,225,1
atitlan,2025-05-13,696450.0,1621950.0,0.21644859,9.466199,225,0
atitlan,2025-05-13,696750.0,1621950.0,0.25902382,13.825439,225,1
atitlan,2025-05-13,697050.0,1621950.0,0.2535048,12.593237,225,1
atitlan,2025-05-13,697350.0,1621950.0,0.20111427,8.995426,225,0
atitlan,2025-05-13,697650.0,1621950.0,0.16198766,8.289947,225,0
atitlan,2025-05-13,697950.0,1621950.0,0.18076453,10.708327,225,0
atitlan,2025-05-13,698250.0,1621950.0,0.15375964,9.8206215,225,0
atitlan,2025-05-13,698550.0,1621950.0,-0.0117619485,3.5960948,225,0
atitlan,2025-05-13,698850.0,1621950.0,0.23029055,12.447559,225,1
atitlan,2025-05-13,699150.0,1621950.0,0.08409028,6.533856,225,0
atitlan,2025-05-13,699450.0,1621950.0,-0.060802303,2.0397193,225,0
atitlan,2025-05-13,699750.0,1621950.0,-0.06275144,1.9501247,225,0
atitlan,2025-05-13,700050.0,1621950.0,-0.067798615,1.6839561,225,0
atitlan,2025-05-13,700350.0,1621950.0,-0.06668229,1.7501136,225,0
atitlan,2025-05-13,700650.0,1621950.0,-0.066679604,1.751082,225,0
atitlan,2025-05-13,700950.0,1621950.0,-0.06679125,1.723988,225,0
atitlan,2025-05-13,701250.0,1621950.0,-0.065658055,1.8022858,225,0
atitlan,2025-05-13,701550.0,1621950.0,-0.07492379,1.2633452,225,0
atitlan,2025-05-13,701850.0,1621950.0,-0.07223536,1.3912126,225,0
atitlan,2025-05-13,702150.0,1621950.0,-0.05718761,2.137462,225,0
atitlan,2025-05-13,702450.0,1621950.0,-0.06278959,1.9449242,225,0
atitlan,2025-05-13,702750.0,1621950.0,-0.015494828,3.4864323,225,0
atitlan,2025-05-13,703050.0,1621950.0,0.24137768,13.308159,225,1
atitlan,2025-05-13,703350.0,1621950.0,0.29020193,16.621817,225,1
atitlan,2025-05-13,703650.0,1621950.0,0.13956684,10.600266,225,0
atitlan,2025-05-13,703950.0,1621950.0,0.15861663,10.985625,225,0
atitlan,2025-05-13,704250.0,1621950.0,0.2691828,17.820438,225,1
atitlan,2025-05-13,704550.0,1621950.0,0.19352262,12.078968,225,1
atitlan,2025-05-13,704850.0,1621950.0,0.19308211,11.774987,225,0
atitlan,2025-05-13,705150.0,1621950.0,0.26938364,15.959747,225,1
atitlan,2025-05-13,705450.0,1621950.0,0.1907128,10.156243,225,0
atitlan,2025-05-13,705750.0,1621950.0,0.25069183,13.102126,225,1
atitlan,2025-05-13,706050.0,1621950.0,0.28830385,16.179497,225,1
atitlan,2025-05-13,706350.0,1621950.0,0.32029665,20.651546,225,1
atitlan,2025-05-13,706650.0,1621950.0,0.31655025,20.067589,225,1
atitlan,2025-05-13,706950.0,1621950.0,0.29983526,17.520603,225,1
atitlan,2025-05-13,707250.0,1621950.0,0.2501688,14.743061,225,1
atitlan,2025-05-13,707550.0,1621950.0,0.17433031,10.832967,225,0
atitlan,2025-05-13,707850.0,1621950.0,0.28270736,18.619854,45,1
atitlan,2025-05-13,680250.0,1622250.0,0.29772073,19.623852,180,1
atitlan,2025-05-13,680550.0,1622250.0,0.26326415,17.366255,225,1
atitlan,2025-05-13,680850.0,1622250.0,0.15408827,8.3728895,225,0
atitlan,2025-05-13,681150.0,1622250.0,0.12388828,7.597298,225,0
atitlan,2025-05-13,681450.0,1622250.0,0.2835348,18.872545,225,1
atitlan,2025-05-13,681750.0,1622250.0,0.25801823,16.466682,225,1
atitlan,2025-05-13,682050.0,1622250.0,0.18457232,10.492343,225,0
atitlan,2025-05-13,682350.0,1622250.0,0.028782364,4.358784,225,0
atitlan,2025-05-13,682650.0,1622250.0,0.013680157,4.199207,225,0
atitlan,2025-05-13,682950.0,1622250.0,0.043862585,5.1644087,225,0
atitlan,2025-05-13,683250.0,1622250.0,0.2867874,17.762114,225,1
atitlan,2025-05-13,683550.0,1622250.0,0.35451022,26.26638,225,1
atitlan,2025-05-13,683850.0,1622250.0,0.3444674,26.654144,225,1
atitlan,2025-05-13,684150.0,1622250.0,0.24704233,15.355602,225,1
atitlan,2025-05-13,684450.0,1622250.0,0.22501984,14.696747,225,1
atitlan,2025-05-13,684750.0,1622250.0,0.21168874,12.358508,225,1
atitlan,2025-05-13,685050.0,1622250.0,0.3554697,29.675753,225,1
atitlan,2025-05-13,685350.0,1622250.0,0.3800098,31.682423,225,1
atitlan,2025-05-13,685650.0,1622250.0,0.38619414,33.673805,225,1
atitlan,2025-05-13,685950.0,1622250.0,0.13318115,7.4371686,225,0
atitlan,2025-05-13,686250.0,1622250.0,0.0576662,5.2558565,225,0
atitlan,2025-05-13,686550.0,1622250.0,0.06512068,6.1702156,225,0
atitlan,2025-05-13,686850.0,1622250.0,0.1574285,11.710494,225,0
atitlan,2025-05-13,687150.0,1622250.0,0.29602772,18.623755,225,1
atitlan,2025-05-13,687450.0,1622250.0,0.31604895,19.406631,225,1
atitlan,2025-05-13,687750.0,1622250.0,0.31527835,19.733576,225,1
atitlan,2025-05-13,688050.0,1622250.0,0.30664945,19.074886,225,1
atitlan,2025-05-13,688350.0,1622250.0,0.28932232,16.829327,225,1
atitlan,2025-05-13,688650.0,1622250.0,0.25832993,14.188382,225,1
atitlan,2025-05-13,688950.0,1622250.0,0.22635138,10.255795,225,0
atitlan,2025-05-13,689250.0,1622250.0,0.22967598,11.206315,225,0
atitlan,2025-05-13,689550.0,1622250.0,0.01826249,5.409773,225,0
atitlan,2025-05-13,689850.0,1622250.0,-0.059016034,2.1352882,225,0
atitlan,2025-05-13,690150.0,1622250.0,-0.06373695,1.9034259,225,0
atitlan,2025-05-13,690450.0,1622250.0,-0.06529345,1.8216357,225,0
atitlan,2025-05-13,690750.0,1622250.0,-0.060535975,2.074755,225,0
atitlan,2025-05-13,691050.0,1622250.0,-0.062004745,1.9915843,225,0
atitlan,2025-05-13,691350.0,1622250.0,-0.063682795,1.8826956,225,0
atitlan,2025-05-13,691650.0,1622250.0,-0.062039506,1.9461449,225,0
atitlan,2025-05-13,691950.0,1622250.0,-0.063267685,1.886889,225,0
atitlan,2025-05-13,692250.0,1622250.0,-0.00429272,4.0269055,225,0
atitlan,2025-05-13,692550.0,1622250.0,0.027933924,5.178699,225,0
atitlan,2025-05-13,692850.0,1622250.0,0.08461717,8.150161,225,0
atitlan,2025-05-13,693150.0,1622250.0,0.012177739,4.721442,225,0
atitlan,2025-05-13,693450.0,1622250.0,-0.014438781,3.6240718,225,0
atitlan,2025-05-13,693750.0,1622250.0,-0.037943553,2.792275,225,0
atitlan,2025-05-13,694050.0,1622250.0,0.2258029,13.652266,225,1
atitlan,2025-05-13,694350.0,1622250.0,0.27131355,14.196539,225,1
atitlan,2025-05-13,694650.0,1622250.0,0.27580586,14.37725,225,1
atitlan,2025-05-13,694950.0,1622250.0,0.26572752,14.398578,225,1
atitlan,2025-05-13,695250.0,1622250.0,0.2817309,15.901516,225,1
atitlan,2025-05-13,695550.0,1622250.0,0.25268447,13.711935,225,1
atitlan,2025-05-13,695850.0,1622250.0,0.30450875,18.55287,225,1
atitlan,2025-05-13,696150.0,1622250.0,0.29160574,16.297087,225,1
atitlan,2025-05-13,696450.0,1622250.0,0.27378872,15.063735,225,1
atitlan,2025-05-13,696750.0,1622250.0,0.20613347,10.143072,225,0
atitlan,2025-05-13,697050.0,1622250.0,0.19649656,9.239943,225,0
atitlan,2025-05-13,697350.0,1622250.0,0.16782372,8.166353,225,0
atitlan,2025-05-13,697650.0,1622250.0,0.124575466,7.741192,225,0
atitlan,2025-05-13,697950.0,1622250.0,0.104843035,7.9132204,225,0
atitlan,2025-05-13,698250.0,1622250.0,-0.002480196,4.3047376,225,0
atitlan,2025-05-13,698550.0,1622250.0,-0.060030174,2.035133,225,0
atitlan,2025-05-13,698850.0,1622250.0,0.10277255,8.4633875,225,0
atitlan,2025-05-13,699150.0,1622250.0,-0.047764335,2.4498444,225,0
atitlan,2025-05-13,699450.0,1622250.0,-0.06469969,1.8526486,225,0
atitlan,2025-05-13,699750.0,1622250.0,-0.06306426,1.9348295,225,0
atitlan,2025-05-13,700050.0,1622250.0,-0.06881746,1.62074,225,0
atitlan,2025-05-13,700350.0,1622250.0,-0.06980356,1.5755761,225,0
atitlan,2025-05-13,700650.0,1622250.0,-0.06695871,1.7286506,225,0
atitlan,2025-05-13,700950.0,1622250.0,-0.06873756,1.6166292,225,0
atitlan,2025-05-13,701250.0,1622250.0,-0.069983296,1.5558956,225,0
atitlan,2025-05-13,701550.0,1622250.0,-0.082820326,0.8178292,225,0
atitlan,2025-05-13,701850.0,1622250.0,-0.082825586,0.81761014,225,0
atitlan,2025-05-13,702150.0,1622250.0,-0.07671603,1.1700239,225,0
atitlan,2025-05-13,702450.0,1622250.0,-0.06886188,1.6154275,225,0
atitlan,2025-05-13,702750.0,1622250.0,-0.029184926,2.7995372,225,0
atitlan,2025-05-13,703050.0,1622250.0,0.21370858,10.030965,225,0
atitlan,2025-05-13,703350.0,1622250.0,0.27305865,14.674589,225,1
atitlan,2025-05-13,703650.0,1622250.0,0.20902205,12.895389,225,1
atitlan,2025-05-13,703950.0,1622250.0,0.17635763,11.590955,225,0
atitlan,2025-05-13,704250.0,1622250.0,0.2830334,18.44054,225,1
atitlan,2025-05-13,704550.0,1622250.0,0.24315636,15.769684,225,1
atitlan,2025-05-13,704850.0,1622250.0,0.124393634,8.711192,225,0
atitlan,2025-05-13,705150.0,1622250.0,0.1730369,8.924522,225,0
atitlan,2025-05-13,705450.0,1622250.0,0.14131661,7.609478,225,0
atitlan,2025-05-13,705750.0,1622250.0,0.21717654,11.227032,225,0
atitlan,2025-05-13,706050.0,1622250.0,0.23886362,12.451421,225,1
atitlan,2025-05-13,706350.0,1622250.0,0.27712038,15.946591,225,1
atitlan,2025-05-13,706650.0,1622250.0,0.24325465,12.46574,225,1
atitlan,2025-05-13,706950.0,1622250.0,0.28287357,17.092585,225,1
atitlan,2025-05-13,707250.0,1622250.0,0.30388868,18.372185,225,1
atitlan,2025-05-13,707550.0,1622250.0,0.27114078,15.800453,225,1
atitlan,2025-05-13,707850.0,1622250.0,0.24544325,13.854579,45,1
atitlan,2025-05-13,680250.0,1622550.0,0.32916325,25.354794,180,1
atitlan,2025-05-13,680550.0,1622550.0,0.30694687,22.878399,225,1
atitlan,2025-05-13,680850.0,1622550.0,0.21746837,14.127376,225,1
atitlan,2025-05-13,681150.0,1622550.0,0.12399604,9.2864,225,0
atitlan,2025-05-13,681450.0,1622550.0,0.27823278,17.970594,225,1
atitlan,2025-05-13,681750.0,1622550.0,0.28590682,19.680746,225,1
atitlan,2025-05-13,682050.0,1622550.0,0.21209101,13.973923,225,1
atitlan,2025-05-13,682350.0,1622550.0,0.118227355,6.440843,225,0
atitlan,2025-05-13,682650.0,1622550.0,0.09879346,6.9964056,225,0
atitlan,2025-05-13,682950.0,1622550.0,0.026905717,4.4086175,225,0
atitlan,2025-05-13,683250.0,1622550.0,0.2215678,12.9506235,225,1
atitlan,2025-05-13,683550.0,1622550.0,0.33495224,23.318832,225,1
atitlan,2025-05-13,683850.0,1622550.0,0.28583938,19.126314,225,1
atitlan,2025-05-13,684150.0,1622550.0,0.29485595,21.570675,225,1
atitlan,2025-05-13,684450.0,1622550.0,0.14079385,7.60365,225,0
atitlan,2025-05-13,684750.0,1622550.0,0.19115524,11.963577,225,0
atitlan,2025-05-13,685050.0,1622550.0,0.35240445,27.137808,225,1
atitlan,2025-05-13,685350.0,1622550.0,0.3593847,28.433702,225,1
atitlan,2025-05-13,685650.0,1622550.0,0.31725428,24.162304,225,1
atitlan,2025-05-13,685950.0,1622550.0,0.093877725,5.9993753,225,0
atitlan,2025-05-13,686250.0,1622550.0,0.008800583,4.079638,225,0
atitlan,2025-05-13,686550.0,1622550.0,0.0015752824,3.9896145,225,0
atitlan,2025-05-13,686850.0,1622550.0,0.21668124,14.738796,225,1
atitlan,2025-05-13,687150.0,1622550.0,0.34128395,23.60085,225,1
atitlan,2025-05-13,687450.0,1622550.0,0.2875224,16.585484,225,1
atitlan,2025-05-13,687750.0,1622550.0,0.27971214,16.584892,225,1
atitlan,2025-05-13,688050.0,1622550.0,0.2645258,14.155795,225,1
atitlan,2025-05-13,688350.0,1622550.0,0.26563787,14.264931,225,1
atitlan,2025-05-13,688650.0,1622550.0,0.31922182,21.15075,225,1
atitlan,2025-05-13,688950.0,1622550.0,0.2544708,13.418279,225,1
atitlan,2025-05-13,689250.0,1622550.0,0.21864387,14.802173,225,1
atitlan,2025-05-13,689550.0,1622550.0,-0.053354517,2.387535,225,0
atitlan,2025-05-13,689850.0,1622550.0,-0.062548116,1.9683462,225,0
atitlan,2025-05-13,690150.0,1622550.0,-0.06368813,1.9155777,225,0
atitlan,2025-05-13,690450.0,1622550.0,-0.06527065,1.8291768,225,0
atitlan,2025-05-13,690750.0,1622550.0,-0.064422816,1.869939,225,0
atitlan,2025-05-13,691050.0,1622550.0,-0.0623867,1.9670948,225,0
atitlan,2025-05-13,691350.0,1622550.0,-0.061730355,1.9813522,225,0
atitlan,2025-05-13,691650.0,1622550.0,-0.06454416,1.8266457,225,0
atitlan,2025-05-13,691950.0,1622550.0,-0.06554194,1.7953517,225,0
atitlan,2025-05-13,692250.0,1622550.0,-0.06753918,1.6500044,225,0
atitlan,2025-05-13,692550.0,1622550.0,-0.076004334,1.2184998,225,0
atitlan,2025-05-13,692850.0,1622550.0,-0.07331855,1.3670346,225,0
atitlan,2025-05-13,693150.0,1622550.0,-0.07066472,1.5178646,225,0
atitlan,2025-05-13,693450.0,1622550.0,-0.069795296,1.5702869,225,0
atitlan,2025-05-13,693750.0,1622550.0,-0.06435888,1.8475872,225,0
atitlan,2025-05-13,694050.0,1622550.0,0.21696353,13.093284,225,1
atitlan,2025-05-13,694350.0,1622550.0,0.2851546,15.635588,225,1
atitlan,2025-05-13,694650.0,1622550.0,0.2920215,16.52077,225,1
atitlan,2025-05-13,694950.0,1622550.0,0.28648728,16.703022,225,1
atitlan,2025-05-13,695250.0,1622550.0,0.27470487,15.637092,225,1
atitlan,2025-05-13,695550.0,1622550.0,0.24378994,12.611076,225,1
atitlan,2025-05-13,695850.0,1622550.0,0.28221914,16.56686,225,1
atitlan,2025-05-13,696150.0,1622550.0,0.3126555,19.312778,225,1
atitlan,2025-05-13,696450.0,1622550.0,0.29166856,16.413631,225,1
atitlan,2025-05-13,696750.0,1622550.0,0.27026695,14.287947,225,1
atitlan,2025-05-13,697050.0,1622550.0,0.19006476,9.6362095,225,0
atitlan,2025-05-13,697350.0,1622550.0,0.13705055,7.5784793,225,0
atitlan,2025-05-13,697650.0,1622550.0,0.071473725,7.188967,225,0
atitlan,2025-05-13,697950.0,1622550.0,-0.059835497,2.0628345,225,0
atitlan,2025-05-13,698250.0,1622550.0,-0.06391568,1.8846548,225,0
atitlan,2025-05-13,698550.0,1622550.0,-0.0674315,1.709061,225,0
atitlan,2025-05-13,698850.0,1622550.0,-0.063275315,1.908447,225,0
atitlan,2025-05-13,699150.0,1622550.0,-0.06605831,1.7839372,225,0
atitlan,2025-05-13,699450.0,1622550.0,-0.06732341,1.7153506,225,0
atitlan,2025-05-13,699750.0,1622550.0,-0.06570374,1.7959683,225,0
atitlan,2025-05-13,700050.0,1622550.0,-0.07198694,1.4472336,225,0
atitlan,2025-05-13,700350.0,1622550.0,-0.070846446,1.5063963,225,0
atitlan,2025-05-13,700650.0,1622550.0,-0.073047765,1.3877599,225,0
atitlan,2025-05-13,700950.0,1622550.0,-0.08157058,0.91510844,225,0
atitlan,2025-05-13,701250.0,1622550.0,-0.08444944,0.75259185,225,0
atitlan,2025-05-13,701550.0,1622550.0,-0.08564366,0.6664031,225,0
atitlan,2025-05-13,701850.0,1622550.0,-0.08544037,0.66685563,225,0
atitlan,2025-05-13,702150.0,1622550.0,-0.08104498,0.9307102,225,0
atitlan,2025-05-13,702450.0,1622550.0,-0.07891374,1.0524983,225,0
atitlan,2025-05-13,702750.0,1622550.0,0.004006894,3.429644,225,0
atitlan,2025-05-13,703050.0,1622550.0,0.2116869,9.542548,225,0
atitlan,2025-05-13,703350.0,1622550.0,0.26457268,15.568129,225,1
atitlan,2025-05-13,703650.0,1622550.0,0.28011385,17.619469,225,1
atitlan,2025-05-13,703950.0,1622550.0,0.19773148,13.72289,225,1
atitlan,2025-05-13,704250.0,1622550.0,0.25830624,17.926233,225,1
atitlan,2025-05-13,704550.0,1622550.0,0.21703325,14.328629,225,1
atitlan,2025-05-13,704850.0,1622550.0,0.10541832,7.5403223,225,0
atitlan,2025-05-13,705150.0,1622550.0,0.13830279,7.7925014,225,0
atitlan,2025-05-13,705450.0,1622550.0,0.19801699,10.920607,225,0
atitlan,2025-05-13,705750.0,1622550.0,0.23807217,12.599554,225,1
atitlan,2025-05-13,706050.0,1622550.0,0.26582348,14.504832,225,1
atitlan,2025-05-13,706350.0,1622550.0,0.2590571,15.458998,225,1
atitlan,2025-05-13,706650.0,1622550.0,0.2778845,16.54381,225,1
atitlan,2025-05-13,706950.0,1622550.0,0.27468425,15.145957,225,1
atitlan,2025-05-13,707250.0,1622550.0,0.26886415,15.422915,225,1
atitlan,2025-05-13,707550.0,1622550.0,0.20857336,12.112835,225,1
atitlan,2025-05-13,707850.0,1622550.0,0.1292073,8.851946,45,0
atitlan,2025-05-13,680250.0,1622850.0,0.34759367,27.967428,180,1
atitlan,2025-05-13,680550.0,1622850.0,0.319283,24.099655,225,1
atitlan,2025-05-13,680850.0,1622850.0,0.2669303,17.143099,225,1
atitlan,2025-05-13,681150.0,1622850.0,0.22597134,15.333679,225,1
atitlan,2025-05-13,681450.0,1622850.0,0.29026377,19.458858,225,1
atitlan,2025-05-13,681750.0,1622850.0,0.27240142,18.992914,225,1
atitlan,2025-05-13,682050.0,1622850.0,0.19515802,9.6643715,225,0
atitlan,2025-05-13,682350.0,1622850.0,0.2615102,17.378302,225,1
atitlan,2025-05-13,682650.0,1622850.0,0.23834337,14.470119,225,1
atitlan,2025-05-13,682950.0,1622850.0,0.100661874,5.890325,225,0
atitlan,2025-05-13,683250.0,1622850.0,0.27589807,16.325106,225,1
atitlan,2025-05-13,683550.0,1622850.0,0.30895975,20.926203,225,1
atitlan,2025-05-13,683850.0,1622850.0,0.300533,18.322348,225,1
atitlan,2025-05-13,684150.0,1622850.0,0.24318044,16.085142,225,1
atitlan,2025-05-13,684450.0,1622850.0,0.28481635,20.807768,225,1
atitlan,2025-05-13,684750.0,1622850.0,0.2609904,17.101692,225,1
atitlan,2025-05-13,685050.0,1622850.0,0.3318531,25.27769,225,1
atitlan,2025-05-13,685350.0,1622850.0,0.346884,27.890268,225,1
atitlan,2025-05-13,685650.0,1622850.0,0.27078107,19.29413,225,1
atitlan,2025-05-13,685950.0,1622850.0,0.1589018,8.981856,225,0
atitlan,2025-05-13,686250.0,1622850.0,0.060854595,5.387358,225,0
atitlan,2025-05-13,686550.0,1622850.0,0.06582868,5.8046827,225,0
atitlan,2025-05-13,686850.0,1622850.0,0.22186436,11.9452915,225,0
atitlan,2025-05-13,687150.0,1622850.0,0.27454796,15.556112,225,1
atitlan,2025-05-13,687450.0,1622850.0,0.2797797,15.550831,225,1
atitlan,2025-05-13,687750.0,1622850.0,0.25608897,13.132319,225,1
atitlan,2025-05-13,688050.0,1622850.0,0.24357179,12.239719,225,1
atitlan,2025-05-13,688350.0,1622850.0,0.22767492,12.232792,225,1
atitlan,2025-05-13,688650.0,1622850.0,0.31806925,20.645895,225,1
atitlan,2025-05-13,688950.0,1622850.0,0.32675293,23.612608,225,1
atitlan,2025-05-13,689250.0,1622850.0,0.19576919,14.132071,225,1
atitlan,2025-05-13,689550.0,1622850.0,-0.055426687,2.298236,225,0
atitlan,2025-05-13,689850.0,1622850.0,-0.06295653,1.9448067,225,0
atitlan,2025-05-13,690150.0,1622850.0,-0.06647863,1.761555,225,0
atitlan,2025-05-13,690450.0,1622850.0,-0.06636862,1.7567909,225,0
atitlan,2025-05-13,690750.0,1622850.0,-0.0668225,1.7384598,225,0
atitlan,2025-05-13,691050.0,1622850.0,-0.06765223,1.6929955,225,0
atitlan,2025-05-13,691350.0,1622850.0,-0.065619275,1.7855304,225,0
atitlan,2025-05-13,691650.0,1622850.0,-0.069602825,1.5866244,225,0
atitlan,2025-05-13,691950.0,1622850.0,-0.07194774,1.4422123,225,0
atitlan,2025-05-13,692250.0,1622850.0,-0.076290675,1.2072245,225,0
atitlan,2025-05-13,692550.0,1622850.0,-0.08074039,0.9841857,225,0
atitlan,2025-05-13,692850.0,1622850.0,-0.07594404,1.1968662,225,0
atitlan,2025-05-13,693150.0,1622850.0,-0.07303517,1.378782,225,0
atitlan,2025-05-13,693450.0,1622850.0,-0.07066294,1.5208327,225,0
atitlan,2025-05-13,693750.0,1622850.0,-0.066091776,1.7637569,225,0
atitlan,2025-05-13,694050.0,1622850.0,0.049564097,7.1827397,225,0
atitlan,2025-05-13,694350.0,1622850.0,0.1447428,10.772747,225,0
atitlan,2025-05-13,694650.0,1622850.0,0.22273204,17.115788,225,1
atitlan,2025-05-13,694950.0,1622850.0,0.1115656,8.477234,225,0
atitlan,2025-05-13,695250.0,1622850.0,0.238024,14.964129,225,1
atitlan,2025-05-13,695550.0,1622850.0,0.26951742,15.416963,225,1
atitlan,2025-05-13,695850.0,1622850.0,0.18545301,11.726083,225,0
atitlan,2025-05-13,696150.0,1622850.0,0.22346057,12.945809,225,1
atitlan,2025-05-13,696450.0,1622850.0,0.15692087,9.447934,225,0
atitlan,2025-05-13,696750.0,1622850.0,0.19204758,10.371359,225,0
atitlan,2025-05-13,697050.0,1622850.0,0.20235759,12.048513,225,1
atitlan,2025-05-13,697350.0,1622850.0,0.12618783,7.097404,225,0
atitlan,2025-05-13,697650.0,1622850.0,0.10342838,8.314689,225,0
atitlan,2025-05-13,697950.0,1622850.0,-0.061073918,2.0342185,225,0
atitlan,2025-05-13,698250.0,1622850.0,-0.067218356,1.7175882,225,0
atitlan,2025-05-13,698550.0,1622850.0,-0.0664469,1.763121,225,0
atitlan,2025-05-13,698850.0,1622850.0,-0.06730593,1.7129798,225,0
atitlan,2025-05-13,699150.0,1622850.0,-0.07047208,1.5433122,225,0
atitlan,2025-05-13,699450.0,1622850.0,-0.06925602,1.6081766,225,0
atitlan,2025-05-13,699750.0,1622850.0,-0.06754083,1.7030977,225,0
atitlan,2025-05-13,700050.0,1622850.0,-0.06910437,1.6156969,225,0
atitlan,2025-05-13,700350.0,1622850.0,-0.07406302,1.4082714,225,0
atitlan,2025-05-13,700650.0,1622850.0,-0.074836075,1.2887682,225,0
atitlan,2025-05-13,700950.0,1622850.0,-0.084912755,0.7131501,225,0
atitlan,2025-05-13,701250.0,1622850.0,-0.083720684,0.7648514,225,0
atitlan,2025-05-13,701550.0,1622850.0,-0.08746942,0.5708383,225,0
atitlan,2025-05-13,701850.0,1622850.0,-0.0865969,0.6143259,225,0
atitlan,2025-05-13,702150.0,1622850.0,-0.084490135,0.72156197,225,0
atitlan,2025-05-13,702450.0,1622850.0,-0.080343604,0.95902765,225,0
atitlan,2025-05-13,702750.0,1622850.0,0.061552316,5.474504,225,0
atitlan,2025-05-13,703050.0,1622850.0,0.22537172,11.73383,225,0
atitlan,2025-05-13,703350.0,1622850.0,0.28949004,16.07427,225,1
atitlan,2025-05-13,703650.0,1622850.0,0.33250153,22.434208,225,1
atitlan,2025-05-13,703950.0,1622850.0,0.21027608,11.689731,225,0
atitlan,2025-05-13,704250.0,1622850.0,0.18997708,13.065384,225,1
atitlan,2025-05-13,704550.0,1622850.0,0.15386367,11.258187,225,0
atitlan,2025-05-13,704850.0,1622850.0,0.12936482,7.969154,225,0
atitlan,2025-05-13,705150.0,1622850.0,0.20408864,11.887775,225,0
atitlan,2025-05-13,705450.0,1622850.0,0.27455416,16.884075,225,1
atitlan,2025-05-13,705750.0,1622850.0,0.22439681,12.024383,225,1
atitlan,2025-05-13,706050.0,1622850.0,0.268715,16.727543,225,1
atitlan,2025-05-13,706350.0,1622850.0,0.25802183,16.948002,225,1
atitlan,2025-05-13,706650.0,1622850.0,0.2663898,15.714155,225,1
atitlan,2025-05-13,706950.0,1622850.0,0.2593921,13.682093,225,1
atitlan,2025-05-13,707250.0,1622850.0,0.16729797,9.540927,225,0
atitlan,2025-05-13,707550.0,1622850.0,0.19779149,10.445808,225,0
atitlan,2025-05-13,707850.0,1622850.0,0.104559265,6.3610997,45,0
atitlan,2025-05-13,680250.0,1623150.0,0.3354394,25.567446,180,1
atitlan,2025-05-13,680550.0,1623150.0,0.31119242,21.681105,225,1
atitlan,2025-05-13,680850.0,1623150.0,0.30368376,21.88218,225,1
atitlan,2025-05-13,681150.0,1623150.0,0.31063178,22.759666,225,1
atitlan,2025-05-13,681450.0,1623150.0,0.18429169,11.538878,225,0
atitlan,2025-05-13,681750.0,1623150.0,0.21606831,13.928459,225,1
atitlan,2025-05-13,682050.0,1623150.0,0.24360132,14.939937,225,1
atitlan,2025-05-13,682350.0,1623150.0,0.27678034,17.545742,225,1
atitlan,2025-05-13,682650.0,1623150.0,0.27696034,15.421892,225,1
atitlan,2025-05-13,682950.0,1623150.0,0.24097894,14.509845,225,1
atitlan,2025-05-13,683250.0,1623150.0,0.29781458,18.809969,225,1
atitlan,2025-05-13,683550.0,1623150.0,0.32304403,20.983248,225,1
atitlan,2025-05-13,683850.0,1623150.0,0.3453684,25.114897,225,1
atitlan,2025-05-13,684150.0,1623150.0,0.25379783,15.430169,225,1
atitlan,2025-05-13,684450.0,1623150.0,0.2323241,14.026132,225,1
atitlan,2025-05-13,684750.0,1623150.0,0.31873068,23.185614,225,1
atitlan,2025-05-13,685050.0,1623150.0,0.33147117,24.207348,225,1
atitlan,2025-05-13,685350.0,1623150.0,0.3388896,25.350916,225,1
atitlan,2025-05-13,685650.0,1623150.0,0.2866704,18.475645,225,1
atitlan,2025-05-13,685950.0,1623150.0,0.28028852,18.90586,225,1
atitlan,2025-05-13,686250.0,1623150.0,0.3075587,21.778276,225,1
atitlan,2025-05-13,686550.0,1623150.0,0.282625,16.895847,225,1
atitlan,2025-05-13,686850.0,1623150.0,0.2452584,12.9415245,225,1
atitlan,2025-05-13,687150.0,1623150.0,0.30030903,18.013752,225,1
atitlan,2025-05-13,687450.0,1623150.0,0.2718241,14.444501,225,1
atitlan,2025-05-13,687750.0,1623150.0,0.24793759,12.013716,225,1
atitlan,2025-05-13,688050.0,1623150.0,0.25134024,14.793541,225,1
atitlan,2025-05-13,688350.0,1623150.0,0.21562678,10.7163925,225,0
atitlan,2025-05-13,688650.0,1623150.0,0.28825158,19.643635,225,1
atitlan,2025-05-13,688950.0,1623150.0,0.22606762,15.89642,225,1
atitlan,2025-05-13,689250.0,1623150.0,-0.039538223,2.9972036,225,0
atitlan,2025-05-13,689550.0,1623150.0,-0.061060246,2.0397847,225,0
atitlan,2025-05-13,689850.0,1623150.0,-0.067827865,1.680845,225,0
atitlan,2025-05-13,690150.0,1623150.0,-0.06804273,1.6759518,225,0
atitlan,2025-05-13,690450.0,1623150.0,-0.06798974,1.6707593,225,0
atitlan,2025-05-13,690750.0,1623150.0,-0.06714692,1.7234497,225,0
atitlan,2025-05-13,691050.0,1623150.0,-0.065916665,1.7887762,225,0
atitlan,2025-05-13,691350.0,1623150.0,-0.06625487,1.7569051,225,0
atitlan,2025-05-13,691650.0,1623150.0,-0.06760141,1.667424,225,0
atitlan,2025-05-13,691950.0,1623150.0,-0.071558595,1.4935201,225,0
atitlan,2025-05-13,692250.0,1623150.0,-0.08254697,0.8491688,225,0
atitlan,2025-05-13,692550.0,1623150.0,-0.079458006,1.040188,225,0
atitlan,2025-05-13,692850.0,1623150.0,-0.084789656,0.6964113,225,0
atitlan,2025-05-13,693150.0,1623150.0,-0.07849846,1.0685391,225,0
atitlan,2025-05-13,693450.0,1623150.0,-0.07332675,1.3690357,225,0
atitlan,2025-05-13,693750.0,1623150.0,-0.072462894,1.4263172,225,0
atitlan,2025-05-13,694050.0,1623150.0,-0.073317945,1.3747253,225,0
atitlan,2025-05-13,694350.0,1623150.0,-0.0707071,1.520639,225,0
atitlan,2025-05-13,694650.0,1623150.0,-0.064835824,1.8344282,225,0
atitlan,2025-05-13,694950.0,1623150.0,-0.059466455,2.1125486,225,0
atitlan,2025-05-13,695250.0,1623150.0,-0.048561774,2.4500844,225,0
atitlan,2025-05-13,695550.0,1623150.0,0.029118916,5.183367,225,0
atitlan,2025-05-13,695850.0,1623150.0,-0.033496317,3.0812716,225,0
atitlan,2025-05-13,696150.0,1623150.0,-0.023795066,3.1333566,225,0
atitlan,2025-05-13,696450.0,1623150.0,-0.03439819,3.1167405,225,0
atitlan,2025-05-13,696750.0,1623150.0,0.098931275,7.08506,225,0
atitlan,2025-05-13,697050.0,1623150.0,0.14517725,10.336268,225,0
atitlan,2025-05-13,697350.0,1623150.0,0.18567057,10.193272,225,0
atitlan,2025-05-13,697650.0,1623150.0,0.034236193,5.3289123,225,0
atitlan,2025-05-13,697950.0,1623150.0,-0.06543314,1.811598,225,0
atitlan,2025-05-13,698250.0,1623150.0,-0.06790356,1.6876526,225,0
atitlan,2025-05-13,698550.0,1623150.0,-0.068858154,1.6310493,225,0
atitlan,2025-05-13,698850.0,1623150.0,-0.07142271,1.486832,225,0
atitlan,2025-05-13,699150.0,1623150.0,-0.07018765,1.5566964,225,0
atitlan,2025-05-13,699450.0,1623150.0,-0.06744257,1.7054237,225,0
atitlan,2025-05-13,699750.0,1623150.0,-0.06766502,1.6931092,225,0
atitlan,2025-05-13,700050.0,1623150.0,-0.07099412,1.5019708,225,0
atitlan,2025-05-13,700350.0,1623150.0,-0.07395646,1.3315635,225,0
atitlan,2025-05-13,700650.0,1623150.0,-0.0843321,0.786062,225,0
atitlan,2025-05-13,700950.0,1623150.0,-0.08554027,0.67791146,225,0
atitlan,2025-05-13,701250.0,1623150.0,-0.08690734,0.5854759,225,0
atitlan,2025-05-13,701550.0,1623150.0,-0.08929207,0.45623142,225,0
atitlan,2025-05-13,701850.0,1623150.0,-0.08551598,0.67826384,225,0
atitlan,2025-05-13,702150.0,1623150.0,-0.08243151,0.8489934,225,0
atitlan,2025-05-13,702450.0,1623150.0,-0.07601887,1.2113223,225,0
atitlan,2025-05-13,702750.0,1623150.0,-0.034675583,2.6884282,225,0
atitlan,2025-05-13,703050.0,1623150.0,0.21650091,11.623355,225,0
atitlan,2025-05-13,703350.0,1623150.0,0.24868245,12.443491,225,1
atitlan,2025-05-13,703650.0,1623150.0,0.2652605,13.963156,225,1
atitlan,2025-05-13,703950.0,1623150.0,0.19246016,10.237292,225,0
atitlan,2025-05-13,704250.0,1623150.0,0.18512876,13.891494,225,1
atitlan,2025-05-13,704550.0,1623150.0,0.16017963,11.223042,225,0
atitlan,2025-05-13,704850.0,1623150.0,0.14600998,8.950632,225,0
atitlan,2025-05-13,705150.0,1623150.0,0.17560266,10.255858,225,0
atitlan,2025-05-13,705450.0,1623150.0,0.2907487,18.826496,225,1
atitlan,2025-05-13,705750.0,1623150.0,0.2523887,13.753716,225,1
atitlan,2025-05-13,706050.0,1623150.0,0.28702244,16.557688,225,1
atitlan,2025-05-13,706350.0,1623150.0,0.2680481,15.095116,225,1
atitlan,2025-05-13,706650.0,1623150.0,0.273102,16.515345,225,1
atitlan,2025-05-13,706950.0,1623150.0,0.30103752,17.676525,225,1
atitlan,2025-05-13,707250.0,1623150.0,0.16146742,9.528674,225,0
atitlan,2025-05-13,707550.0,1623150.0,0.18683788,9.62946,225,0
atitlan,2025-05-13,707850.0,1623150.0,0.22866167,12.512149,45,1
atitlan,2025-05-13,680250.0,1623450.0,0.3472015,27.380196,180,1
atitlan,2025-05-13,680550.0,1623450.0,0.31911114,22.446613,225,1
atitlan,2025-05-13,680850.0,1623450.0,0.30926666,20.461384,225,1
atitlan,2025-05-13,681150.0,1623450.0,0.30651864,21.249292,225,1
atitlan,2025-05-13,681450.0,1623450.0,0.2644848,19.316345,225,1
atitlan,2025-05-13,681750.0,1623450.0,0.22320564,14.957879,225,1
atitlan,2025-05-13,682050.0,1623450.0,0.23239408,14.804801,225,1
atitlan,2025-05-13,682350.0,1623450.0,0.29157862,19.552488,225,1
atitlan,2025-05-13,682650.0,1623450.0,0.30233166,18.2999,225,1
atitlan,2025-05-13,682950.0,1623450.0,0.31561825,19.772612,225,1
atitlan,2025-05-13,683250.0,1623450.0,0.3269084,22.280674,225,1
atitlan,2025-05-13,683550.0,1623450.0,0.31772435,21.581526,225,1
atitlan,2025-05-13,683850.0,1623450.0,0.3584664,27.461126,225,1
atitlan,2025-05-13,684150.0,1623450.0,0.24822305,13.741295,225,1
atitlan,2025-05-13,684450.0,1623450.0,0.18823737,11.21079,225,0
atitlan,2025-05-13,684750.0,1623450.0,0.30900154,20.907667,225,1
atitlan,2025-05-13,685050.0,1623450.0,0.32478103,22.872656,225,1
atitlan,2025-05-13,685350.0,1623450.0,0.31168655,22.890612,225,1
atitlan,2025-05-13,685650.0,1623450.0,0.3305056,25.808252,225,1
atitlan,2025-05-13,685950.0,1623450.0,0.28138852,16.672106,225,1
atitlan,2025-05-13,686250.0,1623450.0,0.27294174,16.456316,225,1
atitlan,2025-05-13,686550.0,1623450.0,0.28268266,15.714911,225,1
atitlan,2025-05-13,686850.0,1623450.0,0.269804,15.39056,225,1
atitlan,2025-05-13,687150.0,1623450.0,0.26623994,15.65289,225,1
atitlan,2025-05-13,687450.0,1623450.0,0.24184991,12.717936,225,1
atitlan,2025-05-13,687750.0,1623450.0,0.24889645,12.92672,225,1
atitlan,2025-05-13,688050.0,1623450.0,0.20865898,10.986032,225,0
atitlan,2025-05-13,688350.0,1623450.0,0.20731413,12.961732,225,1
atitlan,2025-05-13,688650.0,1623450.0,0.07259379,6.2643385,225,0
atitlan,2025-05-13,688950.0,1623450.0,-0.03460884,2.9041517,225,0
atitlan,2025-05-13,689250.0,1623450.0,-0.061033495,2.034408,225,0
atitlan,2025-05-13,689550.0,1623450.0,-0.06303096,1.9356387,225,0
atitlan,2025-05-13,689850.0,1623450.0,-0.06435589,1.8759238,225,0
atitlan,2025-05-13,690150.0,1623450.0,-0.06679078,1.7497901,225,0
atitlan,2025-05-13,690450.0,1623450.0,-0.06549216,1.8085592,225,0
atitlan,2025-05-13,690750.0,1623450.0,-0.064494744,1.8689862,225,0
atitlan,2025-05-13,691050.0,1623450.0,-0.06535994,1.8166307,225,0
atitlan,2025-05-13,691350.0,1623450.0,-0.06474555,1.8475094,225,0
atitlan,2025-05-13,691650.0,1623450.0,-0.06759352,1.6844169,225,0
atitlan,2025-05-13,691950.0,1623450.0,-0.080046624,0.99190736,225,0
atitlan,2025-05-13,692250.0,1623450.0,-0.08244445,0.88080627,225,0
atitlan,2025-05-13,692550.0,1623450.0,-0.08203566,0.8684153,225,0
atitlan,2025-05-13,692850.0,1623450.0,-0.08644406,0.5944105,225,0
atitlan,2025-05-13,693150.0,1623450.0,-0.08180413,0.9266177,225,0
atitlan,2025-05-13,693450.0,1623450.0,-0.07438122,1.3152574,225,0
atitlan,2025-05-13,693750.0,1623450.0,-0.075474784,1.2466881,225,0
atitlan,2025-05-13,694050.0,1623450.0,-0.08049855,0.95311946,225,0
atitlan,2025-05-13,694350.0,1623450.0,-0.08045231,0.96155816,225,0
atitlan,2025-05-13,694650.0,1623450.0,-0.07821089,1.0892298,225,0
atitlan,2025-05-13,694950.0,1623450.0,-0.07097231,1.5081491,225,0
atitlan,2025-05-13,695250.0,1623450.0,-0.06754676,1.7009107,225,0
atitlan,2025-05-13,695550.0,1623450.0,-0.06499218,1.8091679,225,0
atitlan,2025-05-13,695850.0,1623450.0,-0.057146914,2.2219756,225,0
atitlan,2025-05-13,696150.0,1623450.0,-0.05883482,2.1470923,225,0
atitlan,2025-05-13,696450.0,1623450.0,-0.062502764,1.9639666,225,0
atitlan,2025-05-13,696750.0,1623450.0,-0.054177217,2.3649247,225,0
atitlan,2025-05-13,697050.0,1623450.0,-0.056440886,2.2411923,225,0
atitlan,2025-05-13,697350.0,1623450.0,-0.041923184,2.6637733,225,0
atitlan,2025-05-13,697650.0,1623450.0,-0.059952896,2.0656052,225,0
atitlan,2025-05-13,697950.0,1623450.0,-0.067480855,1.7063934,225,0
atitlan,2025-05-13,698250.0,1623450.0,-0.06847243,1.6547772,225,0
atitlan,2025-05-13,698550.0,1623450.0,-0.07163988,1.4747945,225,0
atitlan,2025-05-13,698850.0,1623450.0,-0.074631125,1.2911752,225,0
atitlan,2025-05-13,699150.0,1623450.0,-0.07376008,1.3571868,225,0
atitlan,2025-05-13,699450.0,1623450.0,-0.07501938,1.2781893,225,0
atitlan,2025-05-13,699750.0,1623450.0,-0.07047399,1.5380378,225,0
atitlan,2025-05-13,700050.0,1623450.0,-0.07371904,1.3529661,225,0
atitlan,2025-05-13,700350.0,1623450.0,-0.07404438,1.3329171,225,0
atitlan,2025-05-13,700650.0,1623450.0,-0.08037406,0.9771758,225,0
atitlan,2025-05-13,700950.0,1623450.0,-0.08380177,0.75940645,225,0
atitlan,2025-05-13,701250.0,1623450.0,-0.08477383,0.69945514,225,0
atitlan,2025-05-13,701550.0,1623450.0,-0.08523203,0.6837276,225,0
atitlan,2025-05-13,701850.0,1623450.0,-0.08319568,0.79838765,225,0
atitlan,2025-05-13,702150.0,1623450.0,-0.08228128,0.8513604,225,0
atitlan,2025-05-13,702450.0,1623450.0,-0.07322591,1.3917375,225,0
atitlan,2025-05-13,702750.0,1623450.0,0.12399613,7.669224,225,0
atitlan,2025-05-13,703050.0,1623450.0,0.15395865,6.798654,225,0
atitlan,2025-05-13,703350.0,1623450.0,0.22592035,9.596314,225,0
atitlan,2025-05-13,703650.0,1623450.0,0.25174552,13.428866,225,1
atitlan,2025-05-13,703950.0,1623450.0,0.16735362,10.934239,225,0
atitlan,2025-05-13,704250.0,1623450.0,0.17075247,11.164829,225,0
atitlan,2025-05-13,704550.0,1623450.0,0.18200596,10.695459,225,0
atitlan,2025-05-13,704850.0,1623450.0,0.18035854,10.97614,225,0
atitlan,2025-05-13,705150.0,1623450.0,0.18786408,11.814545,225,0
atitlan,2025-05-13,705450.0,1623450.0,0.20183511,11.109835,225,0
atitlan,2025-05-13,705750.0,1623450.0,0.27029574,15.903774,225,1
atitlan,2025-05-13,706050.0,1623450.0,0.26202938,14.716763,225,1
atitlan,2025-05-13,706350.0,1623450.0,0.27827778,18.797077,225,1
atitlan,2025-05-13,706650.0,1623450.0,0.28720492,18.04268,225,1
atitlan,2025-05-13,706950.0,1623450.0,0.2383594,14.904284,225,1
atitlan,2025-05-13,707250.0,1623450.0,0.19566353,10.628169,225,0
atitlan,2025-05-13,707550.0,1623450.0,0.116802365,7.3751063,225,0
atitlan,2025-05-13,707850.0,1623450.0,0.08721193,5.984436,45,0
atitlan,2025-05-13,680250.0,1623750.0,0.35265297,28.62856,180,1
atitlan,2025-05-13,680550.0,1623750.0,0.36200216,29.663475,225,1
atitlan,2025-05-13,680850.0,1623750.0,0.36562723,30.462103,225,1
atitlan,2025-05-13,681150.0,1623750.0,0.34117275,27.077442,225,1
atitlan,2025-05-13,681450.0,1623750.0,0.29547787,22.047146,225,1
atitlan,2025-05-13,681750.0,1623750.0,0.2727439,19.150846,225,1
atitlan,2025-05-13,682050.0,1623750.0,0.27297583,19.287266,225,1
atitlan,2025-05-13,682350.0,1623750.0,0.28538573,20.80003,225,1
atitlan,2025-05-13,682650.0,1623750.0,0.3043614,20.623966,225,1
atitlan,2025-05-13,682950.0,1623750.0,0.27190146,14.729536,225,1
atitlan,2025-05-13,683250.0,1623750.0,0.28330767,16.557991,225,1
atitlan,2025-05-13,683550.0,1623750.0,0.32362852,22.00635,225,1
atitlan,2025-05-13,683850.0,1623750.0,0.32389274,23.115513,225,1
atitlan,2025-05-13,684150.0,1623750.0,0.2071668,10.951692,225,0
atitlan,2025-05-13,684450.0,1623750.0,0.18472643,10.63125,225,0
atitlan,2025-05-13,684750.0,1623750.0,0.32836935,22.744766,225,1
atitlan,2025-05-13,685050.0,1623750.0,0.32899347,23.172428,225,1
atitlan,2025-05-13,685350.0,1623750.0,0.28724104,18.7342,225,1
atitlan,2025-05-13,685650.0,1623750.0,0.27635127,17.160446,225,1
atitlan,2025-05-13,685950.0,1623750.0,0.268326,16.173264,225,1
atitlan,2025-05-13,686250.0,1623750.0,0.28967243,19.4917,225,1
atitlan,2025-05-13,686550.0,1623750.0,0.2870668,17.65259,225,1
atitlan,2025-05-13,686850.0,1623750.0,0.2703232,16.274393,225,1
atitlan,2025-05-13,687150.0,1623750.0,0.26767012,15.70977,225,1
atitlan,2025-05-13,687450.0,1623750.0,0.20370851,10.803546,225,0
atitlan,2025-05-13,687750.0,1623750.0,0.15999486,8.613552,225,0
atitlan,2025-05-13,688050.0,1623750.0,0.010017907,4.0523453,225,0
atitlan,2025-05-13,688350.0,1623750.0,-0.035003483,2.9360068,225,0
atitlan,2025-05-13,688650.0,1623750.0,-0.054952156,2.324716,225,0
atitlan,2025-05-13,688950.0,1623750.0,-0.056269705,2.269638,225,0
atitlan,2025-05-13,689250.0,1623750.0,-0.062216554,1.9800578,225,0
atitlan,2025-05-13,689550.0,1623750.0,-0.064322725,1.8718638,225,0
atitlan,2025-05-13,689850.0,1623750.0,-0.06480476,1.8510265,225,0
atitlan,2025-05-13,690150.0,1623750.0,-0.06589327,1.792307,225,0
atitlan,2025-05-13,690450.0,1623750.0,-0.066754654,1.7356191,225,0
atitlan,2025-05-13,690750.0,1623750.0,-0.06722148,1.718129,225,0
atitlan,2025-05-13,691050.0,1623750.0,-0.06675901,1.7414817,225,0
atitlan,2025-05-13,691350.0,1623750.0,-0.06884603,1.6261706,225,0
atitlan,2025-05-13,691650.0,1623750.0,-0.07228059,1.435804,225,0
atitlan,2025-05-13,691950.0,1623750.0,-0.082965896,0.8400274,225,0
atitlan,2025-05-13,692250.0,1623750.0,-0.08046009,0.98399115,225,0
atitlan,2025-05-13,692550.0,1623750.0,-0.07593483,1.2088883,225,0
atitlan,2025-05-13,692850.0,1623750.0,-0.08797816,0.5864128,225,0
atitlan,2025-05-13,693150.0,1623750.0,-0.08357566,0.81015944,225,0
atitlan,2025-05-13,693450.0,1623750.0,-0.077873334,1.1152592,225,0
atitlan,2025-05-13,693750.0,1623750.0,-0.07521481,1.265065,225,0
atitlan,2025-05-13,694050.0,1623750.0,-0.07783245,1.10701,225,0
atitlan,2025-05-13,694350.0,1623750.0,-0.080305465,0.96546286,225,0
atitlan,2025-05-13,694650.0,1623750.0,-0.08091449,0.9292273,225,0
atitlan,2025-05-13,694950.0,1623750.0,-0.076581135,1.1923034,225,0
atitlan,2025-05-13,695250.0,1623750.0,-0.074322686,1.3193941,225,0
atitlan,2025-05-13,695550.0,1623750.0,-0.066857494,1.7246464,225,0
atitlan,2025-05-13,695850.0,1623750.0,-0.06138749,2.0163581,225,0
atitlan,2025-05-13,696150.0,1623750.0,-0.06271216,1.9430932,225,0
atitlan,2025-05-13,696450.0,1623750.0,-0.06258528,1.9529321,225,0
atitlan,2025-05-13,696750.0,1623750.0,-0.06296398,1.9351109,225,0
atitlan,2025-05-13,697050.0,1623750.0,-0.06358664,1.8919935,225,0
atitlan,2025-05-13,697350.0,1623750.0,-0.06951884,1.5819763,225,0
atitlan,2025-05-13,697650.0,1623750.0,-0.0688541,1.6193346,225,0
atitlan,2025-05-13,697950.0,1623750.0,-0.07187106,1.459709,225,0
atitlan,2025-05-13,698250.0,1623750.0,-0.07293379,1.4016277,225,0
atitlan,2025-05-13,698550.0,1623750.0,-0.07632974,1.1992061,225,0
atitlan,2025-05-13,698850.0,1623750.0,-0.07573443,1.2287261,225,0
atitlan,2025-05-13,699150.0,1623750.0,-0.07517659,1.2673742,225,0
atitlan,2025-05-13,699450.0,1623750.0,-0.07584402,1.2242336,225,0
atitlan,2025-05-13,699750.0,1623750.0,-0.07237323,1.4329461,225,0
atitlan,2025-05-13,700050.0,1623750.0,-0.07654311,1.189071,225,0
atitlan,2025-05-13,700350.0,1623750.0,-0.07955662,1.0088643,225,0
atitlan,2025-05-13,700650.0,1623750.0,-0.083149195,0.80165,225,0
atitlan,2025-05-13,700950.0,1623750.0,-0.086565286,0.6159142,225,0
atitlan,2025-05-13,701250.0,1623750.0,-0.08655506,0.5977307,225,0
atitlan,2025-05-13,701550.0,1623750.0,-0.08640281,0.6197858,225,0
atitlan,2025-05-13,701850.0,1623750.0,-0.08658483,0.60105306,225,0
atitlan,2025-05-13,702150.0,1623750.0,-0.08257909,0.8322808,225,0
atitlan,2025-05-13,702450.0,1623750.0,-0.070461966,1.5239275,225,0
atitlan,2025-05-13,702750.0,1623750.0,0.14868799,8.131637,225,0
atitlan,2025-05-13,703050.0,1623750.0,0.20951901,9.052501,225,0
atitlan,2025-05-13,703350.0,1623750.0,0.24626784,12.385143,225,1
atitlan,2025-05-13,703650.0,1623750.0,0.21218082,12.56717,225,1
atitlan,2025-05-13,703950.0,1623750.0,0.099269554,6.7137814,225,0
atitlan,2025-05-13,704250.0,1623750.0,0.1914514,13.539455,225,1
atitlan,2025-05-13,704550.0,1623750.0,0.16278195,9.720453,225,0
atitlan,2025-05-13,704850.0,1623750.0,0.18901916,10.667451,225,0
atitlan,2025-05-13,705150.0,1623750.0,0.21404044,12.79541,225,1
atitlan,2025-05-13,705450.0,1623750.0,0.1704393,10.862952,225,0
atitlan,2025-05-13,705750.0,1623750.0,0.23207478,13.484629,225,1
atitlan,2025-05-13,706050.0,1623750.0,0.2616881,15.071551,225,1
atitlan,2025-05-13,706350.0,1623750.0,0.30455,20.397963,225,1
atitlan,2025-05-13,706650.0,1623750.0,0.33643717,24.356205,225,1
atitlan,2025-05-13,706950.0,1623750.0,0.19133885,11.970694,225,0
atitlan,2025-05-13,707250.0,1623750.0,0.10998699,7.4104557,225,0
atitlan,2025-05-13,707550.0,1623750.0,0.21192804,12.038757,225,1
atitlan,2025-05-13,707850.0,1623750.0,0.3120031,19.881939,45,1
atitlan,2025-05-13,680250.0,1624050.0,0.3630152,29.656506,180,1
atitlan,2025-05-13,680550.0,1624050.0,0.3421767,24.679697,225,1
atitlan,2025-05-13,680850.0,1624050.0,0.30832127,20.815254,225,1
atitlan,2025-05-13,681150.0,1624050.0,0.2958576,19.800062,225,1
atitlan,2025-05-13,681450.0,1624050.0,0.3306523,25.12862,225,1
atitlan,2025-05-13,681750.0,1624050.0,0.26300544,19.571648,225,1
atitlan,2025-05-13,682050.0,1624050.0,0.3619232,31.909842,225,1
atitlan,2025-05-13,682350.0,1624050.0,0.36908802,31.364437,225,1
atitlan,2025-05-13,682650.0,1624050.0,0.26646224,18.796358,225,1
atitlan,2025-05-13,682950.0,1624050.0,0.30017662,18.905577,225,1
atitlan,2025-05-13,683250.0,1624050.0,0.2191914,10.547374,225,0
atitlan,2025-05-13,683550.0,1624050.0,0.28855446,17.600298,225,1
atitlan,2025-05-13,683850.0,1624050.0,0.30956352,19.860792,225,1
atitlan,2025-05-13,684150.0,1624050.0,0.30073977,18.275497,225,1
atitlan,2025-05-13,684450.0,1624050.0,0.21541584,12.105725,225,1
atitlan,2025-05-13,684750.0,1624050.0,0.32163703,21.497627,225,1
atitlan,2025-05-13,685050.0,1624050.0,0.32568654,23.2513,225,1
atitlan,2025-05-13,685350.0,1624050.0,0.30092114,19.135708,225,1
atitlan,2025-05-13,685650.0,1624050.0,0.28473237,16.83692,225,1
atitlan,2025-05-13,685950.0,1624050.0,0.2508763,15.225912,225,1
atitlan,2025-05-13,686250.0,1624050.0,0.26354703,15.7492695,225,1
atitlan,2025-05-13,686550.0,1624050.0,0.2673833,17.748446,225,1
atitlan,2025-05-13,686850.0,1624050.0,0.2455978,16.791487,225,1
atitlan,2025-05-13,687150.0,1624050.0,0.20319377,11.169596,225,0
atitlan,2025-05-13,687450.0,1624050.0,0.10380898,7.0690536,225,0
atitlan,2025-05-13,687750.0,1624050.0,-0.024723329,3.2574904,225,0
atitlan,2025-05-13,688050.0,1624050.0,-0.048247308,2.574247,225,0
atitlan,2025-05-13,688350.0,1624050.0,-0.056486305,2.1985471,225,0
atitlan,2025-05-13,688650.0,1624050.0,-0.06104575,2.0177443,225,0
atitlan,2025-05-13,688950.0,1624050.0,-0.05861125,2.1605468,225,0
atitlan,2025-05-13,689250.0,1624050.0,-0.06111332,2.0335479,225,0
atitlan,2025-05-13,689550.0,1624050.0,-0.06592058,1.7762046,225,0
atitlan,2025-05-13,689850.0,1624050.0,-0.0664453,1.7627053,225,0
atitlan,2025-05-13,690150.0,1624050.0,-0.06877642,1.623535,225,0
atitlan,2025-05-13,690450.0,1624050.0,-0.071269274,1.4823154,225,0
atitlan,2025-05-13,690750.0,1624050.0,-0.07078047,1.5104929,225,0
atitlan,2025-05-13,691050.0,1624050.0,-0.072338745,1.4483762,225,0
atitlan,2025-05-13,691350.0,1624050.0,-0.07299416,1.4034876,225,0
atitlan,2025-05-13,691650.0,1624050.0,-0.076979935,1.1868004,225,0
atitlan,2025-05-13,691950.0,1624050.0,-0.079400286,1.0166808,225,0
atitlan,2025-05-13,692250.0,1624050.0,-0.07790478,1.1140529,225,0
atitlan,2025-05-13,692550.0,1624050.0,-0.07138343,1.4604651,225,0
atitlan,2025-05-13,692850.0,1624050.0,-0.082656436,0.8486176,225,0
atitlan,2025-05-13,693150.0,1624050.0,-0.08296009,0.815574,225,0
atitlan,2025-05-13,693450.0,1624050.0,-0.076749705,1.1643094,225,0
atitlan,2025-05-13,693750.0,1624050.0,-0.07358318,1.3488729,225,0
atitlan,2025-05-13,694050.0,1624050.0,-0.07573539,1.2304395,225,0
atitlan,2025-05-13,694350.0,1624050.0,-0.08177308,0.88260865,225,0
atitlan,2025-05-13,694650.0,1624050.0,-0.08152348,0.89197135,225,0
atitlan,2025-05-13,694950.0,1624050.0,-0.08206552,0.8683915,225,0
atitlan,2025-05-13,695250.0,1624050.0,-0.07914045,1.0355405,225,0
atitlan,2025-05-13,695550.0,1624050.0,-0.07340122,1.3560954,225,0
atitlan,2025-05-13,695850.0,1624050.0,-0.065857835,1.7745694,225,0
atitlan,2025-05-13,696150.0,1624050.0,-0.06481257,1.8324956,225,0
atitlan,2025-05-13,696450.0,1624050.0,-0.06201671,1.9860942,225,0
atitlan,2025-05-13,696750.0,1624050.0,-0.06446878,1.8486189,225,0
atitlan,2025-05-13,697050.0,1624050.0,-0.06834163,1.6440065,225,0
atitlan,2025-05-13,697350.0,1624050.0,-0.07017447,1.5549997,225,0
atitlan,2025-05-13,697650.0,1624050.0,-0.06997156,1.5617765,225,0
atitlan,2025-05-13,697950.0,1624050.0,-0.07202183,1.4523286,225,0
atitlan,2025-05-13,698250.0,1624050.0,-0.07635282,1.1985977,225,0
atitlan,2025-05-13,698550.0,1624050.0,-0.0813299,0.91121185,225,0
atitlan,2025-05-13,698850.0,1624050.0,-0.08064711,0.941973,225,0
atitlan,2025-05-13,699150.0,1624050.0,-0.080814414,0.9325866,225,0
atitlan,2025-05-13,699450.0,1624050.0,-0.08273511,0.8329764,225,0
atitlan,2025-05-13,699750.0,1624050.0,-0.07957459,1.0068543,225,0
atitlan,2025-05-13,700050.0,1624050.0,-0.082483836,0.83954537,225,0
atitlan,2025-05-13,700350.0,1624050.0,-0.084247455,0.73951423,225,0
atitlan,2025-05-13,700650.0,1624050.0,-0.08500119,0.70623565,225,0
atitlan,2025-05-13,700950.0,1624050.0,-0.08901713,0.47164023,225,0
atitlan,2025-05-13,701250.0,1624050.0,-0.08839744,0.51892716,225,0
atitlan,2025-05-13,701550.0,1624050.0,-0.0906475,0.39281332,225,0
atitlan,2025-05-13,701850.0,1624050.0,-0.086981565,0.58329463,225,0
atitlan,2025-05-13,702150.0,1624050.0,-0.08012901,0.9816453,225,0
atitlan,2025-05-13,702450.0,1624050.0,-0.050527263,2.2490556,225,0
atitlan,2025-05-13,702750.0,1624050.0,0.18537788,9.3003025,225,0
atitlan,2025-05-13,703050.0,1624050.0,0.24191344,11.072579,225,0
atitlan,2025-05-13,703350.0,1624050.0,0.24442767,13.041947,225,1
atitlan,2025-05-13,703650.0,1624050.0,0.18496077,11.052559,225,0
atitlan,2025-05-13,703950.0,1624050.0,0.13273244,8.415757,225,0
atitlan,2025-05-13,704250.0,1624050.0,0.13093337,6.8756623,225,0
atitlan,2025-05-13,704550.0,1624050.0,0.13320892,9.223678,225,0
atitlan,2025-05-13,704850.0,1624050.0,0.21303032,12.36752,225,1
atitlan,2025-05-13,705150.0,1624050.0,0.20221293,10.770987,225,0
atitlan,2025-05-13,705450.0,1624050.0,0.12576234,7.19011,225,0
atitlan,2025-05-13,705750.0,1624050.0,0.14674355,8.781626,225,0
atitlan,2025-05-13,706050.0,1624050.0,0.21531434,13.203344,225,1
atitlan,2025-05-13,706350.0,1624050.0,0.2848227,20.140448,225,1
atitlan,2025-05-13,706650.0,1624050.0,0.34417754,26.93436,225,1
atitlan,2025-05-13,706950.0,1624050.0,0.3212139,22.086792,225,1
atitlan,2025-05-13,707250.0,1624050.0,0.24321425,13.6496525,225,1
atitlan,2025-05-13,707550.0,1624050.0,0.23780584,14.772145,225,1
atitlan,2025-05-13,707850.0,1624050.0,0.1769106,9.892011,45,0
atitlan,2025-05-13,680250.0,1624350.0,0.3356174,24.10009,180,1
atitlan,2025-05-13,680550.0,1624350.0,0.33141592,23.737797,225,1
atitlan,2025-05-13,680850.0,1624350.0,0.3147397,23.286839,225,1
atitlan,2025-05-13,681150.0,1624350.0,0.25466338,19.568983,225,1
atitlan,2025-05-13,681450.0,1624350.0,0.2950742,22.117302,225,1
atitlan,2025-05-13,681750.0,1624350.0,0.19246605,13.560749,225,1
atitlan,2025-05-13,682050.0,1624350.0,0.30216482,21.153135,225,1
atitlan,2025-05-13,682350.0,1624350.0,0.27490953,19.90172,225,1
atitlan,2025-05-13,682650.0,1624350.0,0.24053128,16.704163,225,1
atitlan,2025-05-13,682950.0,1624350.0,0.30821592,20.996513,225,1
atitlan,2025-05-13,683250.0,1624350.0,0.25267363,12.763032,225,1
atitlan,2025-05-13,683550.0,1624350.0,0.24716485,13.170038,225,1
atitlan,2025-05-13,683850.0,1624350.0,0.29252967,17.744596,225,1
atitlan,2025-05-13,684150.0,1624350.0,0.28174788,16.346907,225,1
atitlan,2025-05-13,684450.0,1624350.0,0.3031434,18.166943,225,1
atitlan,2025-05-13,684750.0,1624350.0,0.32204533,21.001049,225,1
atitlan,2025-05-13,685050.0,1624350.0,0.31759644,20.516953,225,1
atitlan,2025-05-13,685350.0,1624350.0,0.2842694,16.457968,225,1
atitlan,2025-05-13,685650.0,1624350.0,0.20188506,11.597239,225,0
atitlan,2025-05-13,685950.0,1624350.0,0.23488577,15.263237,225,1
atitlan,2025-05-13,686250.0,1624350.0,0.24700226,13.693469,225,1
atitlan,2025-05-13,686550.0,1624350.0,0.21173687,12.883996,225,1
atitlan,2025-05-13,686850.0,1624350.0,0.14893189,8.702721,225,0
atitlan,2025-05-13,687150.0,1624350.0,0.07243134,5.608205,225,0
atitlan,2025-05-13,687450.0,1624350.0,-0.019759733,3.2447011,225,0
atitlan,2025-05-13,687750.0,1624350.0,-0.052222263,2.3971987,225,0
atitlan,2025-05-13,688050.0,1624350.0,-0.059239943,2.0309343,225,0
atitlan,2025-05-13,688350.0,1624350.0,-0.061297596,1.9968082,225,0
atitlan,2025-05-13,688650.0,1624350.0,-0.062665194,1.9431356,225,0
atitlan,2025-05-13,688950.0,1624350.0,-0.06195693,1.9911953,225,0
atitlan,2025-05-13,689250.0,1624350.0,-0.06463452,1.8554826,225,0
atitlan,2025-05-13,689550.0,1624350.0,-0.06869443,1.6368074,225,0
atitlan,2025-05-13,689850.0,1624350.0,-0.0655618,1.8119539,225,0
atitlan,2025-05-13,690150.0,1624350.0,-0.06690011,1.7368157,225,0
atitlan,2025-05-13,690450.0,1624350.0,-0.06507288,1.824622,225,0
atitlan,2025-05-13,690750.0,1624350.0,-0.06772685,1.692465,225,0
atitlan,2025-05-13,691050.0,1624350.0,-0.06890766,1.6210743,225,0
atitlan,2025-05-13,691350.0,1624350.0,-0.07440394,1.3012497,225,0
atitlan,2025-05-13,691650.0,1624350.0,-0.077687934,1.1188385,225,0
atitlan,2025-05-13,691950.0,1624350.0,-0.08360647,0.7742493,225,0
atitlan,2025-05-13,692250.0,1624350.0,-0.07478888,1.2677143,225,0
atitlan,2025-05-13,692550.0,1624350.0,-0.078933895,1.0470632,225,0
atitlan,2025-05-13,692850.0,1624350.0,-0.083931275,0.74791205,225,0
atitlan,2025-05-13,693150.0,1624350.0,-0.084215984,0.7476567,225,0
atitlan,2025-05-13,693450.0,1624350.0,-0.08548077,0.6964032,225,0
atitlan,2025-05-13,693750.0,1624350.0,-0.08089177,0.94975585,225,0
atitlan,2025-05-13,694050.0,1624350.0,-0.081038356,0.93474483,225,0
atitlan,2025-05-13,694350.0,1624350.0,-0.08437734,0.74021596,225,0
atitlan,2025-05-13,694650.0,1624350.0,-0.08422201,0.727345,225,0
atitlan,2025-05-13,694950.0,1624350.0,-0.083913945,0.756381,225,0
atitlan,2025-05-13,695250.0,1624350.0,-0.08202084,0.86772734,225,0
atitlan,2025-05-13,695550.0,1624350.0,-0.07910636,1.0384127,225,0
atitlan,2025-05-13,695850.0,1624350.0,-0.07140816,1.4535452,225,0
atitlan,2025-05-13,696150.0,1624350.0,-0.06529087,1.7996205,225,0
atitlan,2025-05-13,696450.0,1624350.0,-0.07030159,1.5403026,225,0
atitlan,2025-05-13,696750.0,1624350.0,-0.07409693,1.3250229,225,0
atitlan,2025-05-13,697050.0,1624350.0,-0.07480859,1.2774937,225,0
atitlan,2025-05-13,697350.0,1624350.0,-0.07573046,1.2378805,225,0
atitlan,2025-05-13,697650.0,1624350.0,-0.077518225,1.143243,225,0
atitlan,2025-05-13,697950.0,1624350.0,-0.07903037,1.0439324,225,0
atitlan,2025-05-13,698250.0,1624350.0,-0.08227847,0.8691881,225,0
atitlan,2025-05-13,698550.0,1624350.0,-0.08520684,0.6824063,225,0
atitlan,2025-05-13,698850.0,1624350.0,-0.08810469,0.5394689,225,0
atitlan,2025-05-13,699150.0,1624350.0,-0.08786255,0.5292026,225,0
atitlan,2025-05-13,699450.0,1624350.0,-0.086231865,0.61161625,225,0
atitlan,2025-05-13,699750.0,1624350.0,-0.084435925,0.7308735,225,0
atitlan,2025-05-13,700050.0,1624350.0,-0.08360597,0.77053887,225,0
atitlan,2025-05-13,700350.0,1624350.0,-0.087860346,0.5531153,225,0
atitlan,2025-05-13,700650.0,1624350.0,-0.08871435,0.47671315,225,0
atitlan,2025-05-13,700950.0,1624350.0,-0.089684755,0.442267,225,0
atitlan,2025-05-13,701250.0,1624350.0,-0.08756898,0.536414,225,0
atitlan,2025-05-13,701550.0,1624350.0,-0.08966025,0.44600102,225,0
atitlan,2025-05-13,701850.0,1624350.0,-0.08679144,0.6012425,225,0
atitlan,2025-05-13,702150.0,1624350.0,-0.07887123,1.0574479,225,0
atitlan,2025-05-13,702450.0,1624350.0,-0.021874124,3.1857643,225,0
atitlan,2025-05-13,702750.0,1624350.0,0.19034413,9.029526,225,0
atitlan,2025-05-13,703050.0,1624350.0,0.23609047,10.845165,225,0
atitlan,2025-05-13,703350.0,1624350.0,0.26757818,14.033201,225,1
atitlan,2025-05-13,703650.0,1624350.0,0.23861496,15.551843,225,1
atitlan,2025-05-13,703950.0,1624350.0,0.2478718,15.139738,225,1
atitlan,2025-05-13,704250.0,1624350.0,0.18167801,11.911115,225,0
atitlan,2025-05-13,704550.0,1624350.0,0.20890976,14.274095,225,1
atitlan,2025-05-13,704850.0,1624350.0,0.20112516,14.1730795,225,1
atitlan,2025-05-13,705150.0,1624350.0,0.12747687,6.9822598,225,0
atitlan,2025-05-13,705450.0,1624350.0,0.20454574,10.234058,225,0
atitlan,2025-05-13,705750.0,1624350.0,0.080964714,5.4829073,225,0
atitlan,2025-05-13,706050.0,1624350.0,0.101797335,6.468419,225,0
atitlan,2025-05-13,706350.0,1624350.0,0.14068453,9.947228,225,0
atitlan,2025-05-13,706650.0,1624350.0,0.35450345,32.052223,225,1
atitlan,2025-05-13,706950.0,1624350.0,0.32838547,23.98912,225,1
atitlan,2025-05-13,707250.0,1624350.0,0.27075073,15.12603,225,1
atitlan,2025-05-13,707550.0,1624350.0,0.11546851,7.183109,225,0
atitlan,2025-05-13,707850.0,1624350.0,0.10455086,6.3951254,45,0
atitlan,2025-05-13,680250.0,1624650.0,0.37854496,32.754707,180,1
atitlan,2025-05-13,680550.0,1624650.0,0.3232691,24.492123,225,1
atitlan,2025-05-13,680850.0,1624650.0,0.29233408,20.599615,225,1
atitlan,2025-05-13,681150.0,1624650.0,0.25563017,17.689747,225,1
atitlan,2025-05-13,681450.0,1624650.0,0.2662056,17.939762,225,1
atitlan,2025-05-13,681750.0,1624650.0,0.20899291,14.639662,225,1
atitlan,2025-05-13,682050.0,1624650.0,0.26456743,17.428303,225,1
atitlan,2025-05-13,682350.0,1624650.0,0.27874377,21.134052,225,1
atitlan,2025-05-13,682650.0,1624650.0,0.2749953,16.382076,225,1
atitlan,2025-05-13,682950.0,1624650.0,0.30850834,19.696047,225,1
atitlan,2025-05-13,683250.0,1624650.0,0.25888067,13.732075,225,1
atitlan,2025-05-13,683550.0,1624650.0,0.25281253,13.403707,225,1
atitlan,2025-05-13,683850.0,1624650.0,0.22127087,12.534728,225,1
atitlan,2025-05-13,684150.0,1624650.0,0.21405739,11.532517,225,0
atitlan,2025-05-13,684450.0,1624650.0,0.21478961,13.07787,225,1
atitlan,2025-05-13,684750.0,1624650.0,0.2928797,16.784681,225,1
atitlan,2025-05-13,685050.0,1624650.0,0.27789637,15.411694,225,1
atitlan,2025-05-13,685350.0,1624650.0,0.24348436,16.14348,225,1
atitlan,2025-05-13,685650.0,1624650.0,0.11986613,8.175706,225,0
atitlan,2025-05-13,685950.0,1624650.0,0.111903235,8.151124,225,0
atitlan,2025-05-13,686250.0,1624650.0,0.06258402,5.4750376,225,0
atitlan,2025-05-13,686550.0,1624650.0,0.08118672,6.408783,225,0
atitlan,2025-05-13,686850.0,1624650.0,0.110672854,6.596166,225,0
atitlan,2025-05-13,687150.0,1624650.0,-0.044319928,2.4595876,225,0
atitlan,2025-05-13,687450.0,1624650.0,-0.057417,2.1607964,225,0
atitlan,2025-05-13,687750.0,1624650.0,-0.059182066,2.0532875,225,0
atitlan,2025-05-13,688050.0,1624650.0,-0.061926544,1.9521466,225,0
atitlan,2025-05-13,688350.0,1624650.0,-0.061889306,1.9512469,225,0
atitlan,2025-05-13,688650.0,1624650.0,-0.059720192,2.0948129,225,0
atitlan,2025-05-13,688950.0,1624650.0,-0.06255413,1.9615293,225,0
atitlan,2025-05-13,689250.0,1624650.0,-0.062104378,1.9872499,225,0
atitlan,2025-05-13,689550.0,1624650.0,-0.06632535,1.7547388,225,0
atitlan,2025-05-13,689850.0,1624650.0,-0.0645964,1.827135,225,0
atitlan,2025-05-13,690150.0,1624650.0,-0.06737754,1.6916476,225,0
atitlan,2025-05-13,690450.0,1624650.0,-0.06858284,1.6192089,225,0
atitlan,2025-05-13,690750.0,1624650.0,-0.06720083,1.7112257,225,0
atitlan,2025-05-13,691050.0,1624650.0,-0.06947862,1.5915899,225,0
atitlan,2025-05-13,691350.0,1624650.0,-0.0765123,1.1915636,225,0
atitlan,2025-05-13,691650.0,1624650.0,-0.071763985,1.4453168,225,0
atitlan,2025-05-13,691950.0,1624650.0,-0.08374683,0.7684118,225,0
atitlan,2025-05-13,692250.0,1624650.0,-0.071628034,1.4510704,225,0
atitlan,2025-05-13,692550.0,1624650.0,-0.0826472,0.82994854,225,0
atitlan,2025-05-13,692850.0,1624650.0,-0.08505587,0.7149536,225,0
atitlan,2025-05-13,693150.0,1624650.0,-0.07971752,1.0140772,225,0
atitlan,2025-05-13,693450.0,1624650.0,-0.07467232,1.2853082,225,0
atitlan,2025-05-13,693750.0,1624650.0,-0.07620142,1.2065068,225,0
atitlan,2025-05-13,694050.0,1624650.0,-0.07503362,1.2720661,225,0
atitlan,2025-05-13,694350.0,1624650.0,-0.0813795,0.90527487,225,0
atitlan,2025-05-13,694650.0,1624650.0,-0.08639768,0.6169261,225,0
atitlan,2025-05-13,694950.0,1624650.0,-0.08571447,0.64431775,225,0
atitlan,2025-05-13,695250.0,1624650.0,-0.08627998,0.6193495,225,0
atitlan,2025-05-13,695550.0,1624650.0,-0.08449991,0.71934456,225,0
atitlan,2025-05-13,695850.0,1624650.0,-0.075894654,1.2309189,225,0
atitlan,2025-05-13,696150.0,1624650.0,-0.07114298,1.5280075,225,0
atitlan,2025-05-13,696450.0,1624650.0,-0.07554989,1.2461598,225,0
atitlan,2025-05-13,696750.0,1624650.0,-0.07701521,1.1648309,225,0
atitlan,2025-05-13,697050.0,1624650.0,-0.07897344,1.0634805,225,0
atitlan,2025-05-13,697350.0,1624650.0,-0.08079429,0.9621321,225,0
atitlan,2025-05-13,697650.0,1624650.0,-0.08207277,0.8806023,225,0
atitlan,2025-05-13,697950.0,1624650.0,-0.081610344,0.8994224,225,0
atitlan,2025-05-13,698250.0,1624650.0,-0.08379719,0.8071901,225,0
atitlan,2025-05-13,698550.0,1624650.0,-0.08580176,0.68910325,225,0
atitlan,2025-05-13,698850.0,1624650.0,-0.08899873,0.49631503,225,0
atitlan,2025-05-13,699150.0,1624650.0,-0.08701394,0.5696122,225,0
atitlan,2025-05-13,699450.0,1624650.0,-0.08782168,0.5482242,225,0
atitlan,2025-05-13,699750.0,1624650.0,-0.086661555,0.6086373,225,0
atitlan,2025-05-13,700050.0,1624650.0,-0.087156765,0.5710295,225,0
atitlan,2025-05-13,700350.0,1624650.0,-0.09089698,0.37561655,225,0
atitlan,2025-05-13,700650.0,1624650.0,-0.090436116,0.4161509,225,0
atitlan,2025-05-13,700950.0,1624650.0,-0.089936614,0.43747163,225,0
atitlan,2025-05-13,701250.0,1624650.0,-0.08880767,0.4972978,225,0
atitlan,2025-05-13,701550.0,1624650.0,-0.088969514,0.4866484,225,0
atitlan,2025-05-13,701850.0,1624650.0,-0.0846667,0.7179529,225,0
atitlan,2025-05-13,702150.0,1624650.0,-0.07947591,1.0157282,225,0
atitlan,2025-05-13,702450.0,1624650.0,-0.03449568,3.0721154,225,0
atitlan,2025-05-13,702750.0,1624650.0,0.1566754,9.3194,225,0
atitlan,2025-05-13,703050.0,1624650.0,0.27595362,15.75825,225,1
atitlan,2025-05-13,703350.0,1624650.0,0.28643322,16.765749,225,1
atitlan,2025-05-13,703650.0,1624650.0,0.21991679,12.368378,225,1
atitlan,2025-05-13,703950.0,1624650.0,0.24010903,14.669038,225,1
atitlan,2025-05-13,704250.0,1624650.0,0.2768801,18.84502,225,1
atitlan,2025-05-13,704550.0,1624650.0,0.2750862,17.850458,225,1
atitlan,2025-05-13,704850.0,1624650.0,0.28393134,22.02599,225,1
atitlan,2025-05-13,705150.0,1624650.0,0.12851399,10.559309,225,0
atitlan,2025-05-13,705450.0,1624650.0,0.15980296,9.443138,225,0
atitlan,2025-05-13,705750.0,1624650.0,0.15515456,7.960192,225,0
atitlan,2025-05-13,706050.0,1624650.0,0.12842551,7.0214834,225,0
atitlan,2025-05-13,706350.0,1624650.0,0.12140453,9.141244,225,0
atitlan,2025-05-13,706650.0,1624650.0,0.36882633,33.64815,225,1
atitlan,2025-05-13,706950.0,1624650.0,0.34592453,26.58539,225,1
atitlan,2025-05-13,707250.0,1624650.0,0.19339855,10.909391,225,0
atitlan,2025-05-13,707550.0,1624650.0,0.15189104,9.146876,225,0
atitlan,2025-05-13,707850.0,1624650.0,0.16506726,10.924846,45,0
atitlan,2025-05-13,680250.0,1624950.0,0.34325516,27.325415,180,1
atitlan,2025-05-13,680550.0,1624950.0,0.26472357,20.094137,225,1
atitlan,2025-05-13,680850.0,1624950.0,0.26443034,17.366653,225,1
atitlan,2025-05-13,681150.0,1624950.0,0.2670333,19.497381,225,1
atitlan,2025-05-13,681450.0,1624950.0,0.26495352,18.421389,225,1
atitlan,2025-05-13,681750.0,1624950.0,0.21797438,14.947381,225,1
atitlan,2025-05-13,682050.0,1624950.0,0.27963632,19.70238,225,1
atitlan,2025-05-13,682350.0,1624950.0,0.2346113,14.452868,225,1
atitlan,2025-05-13,682650.0,1624950.0,0.27822837,15.318697,225,1
atitlan,2025-05-13,682950.0,1624950.0,0.28684884,17.299952,225,1
atitlan,2025-05-13,683250.0,1624950.0,0.24074824,11.691364,225,0
atitlan,2025-05-13,683550.0,1624950.0,0.21427996,10.642848,225,0
atitlan,2025-05-13,683850.0,1624950.0,0.16837768,8.973479,225,0
atitlan,2025-05-13,684150.0,1624950.0,0.10993645,6.6755967,225,0
atitlan,2025-05-13,684450.0,1624950.0,0.065292105,6.0711155,225,0
atitlan,2025-05-13,684750.0,1624950.0,0.16213247,9.780361,225,0
atitlan,2025-05-13,685050.0,1624950.0,0.2544924,14.526335,225,1
atitlan,2025-05-13,685350.0,1624950.0,0.22539258,14.229897,225,1
atitlan,2025-05-13,685650.0,1624950.0,0.08626628,7.0078998,225,0
atitlan,2025-05-13,685950.0,1624950.0,0.02624229,4.236868,225,0
atitlan,2025-05-13,686250.0,1624950.0,0.043379135,4.585217,225,0
atitlan,2025-05-13,686550.0,1624950.0,0.088151455,6.040584,225,0
atitlan,2025-05-13,686850.0,1624950.0,-0.024675852,2.9537916,225,0
atitlan,2025-05-13,687150.0,1624950.0,-0.059550356,2.0651388,225,0
atitlan,2025-05-13,687450.0,1624950.0,-0.059802387,2.043041,225,0
atitlan,2025-05-13,687750.0,1624950.0,-0.05799955,2.13207,225,0
atitlan,2025-05-13,688050.0,1624950.0,-0.05791701,2.1531672,225,0
atitlan,2025-05-13,688350.0,1624950.0,-0.05848053,2.1403368,225,0
atitlan,2025-05-13,688650.0,1624950.0,-0.06397935,1.8649552,225,0
atitlan,2025-05-13,688950.0,1624950.0,-0.062312637,1.9700441,225,0
atitlan,2025-05-13,689250.0,1624950.0,-0.063453496,1.9197465,225,0
atitlan,2025-05-13,689550.0,1624950.0,-0.064654894,1.8462125,225,0
atitlan,2025-05-13,689850.0,1624950.0,-0.06859073,1.635002,225,0
atitlan,2025-05-13,690150.0,1624950.0,-0.07623729,1.2502402,225,0
atitlan,2025-05-13,690450.0,1624950.0,-0.07034895,1.5402238,225,0
atitlan,2025-05-13,690750.0,1624950.0,-0.0716257,1.4674789,225,0
atitlan,2025-05-13,691050.0,1624950.0,-0.06792272,1.6637958,225,0
atitlan,2025-05-13,691350.0,1624950.0,-0.06989299,1.5291195,225,0
atitlan,2025-05-13,691650.0,1624950.0,-0.06340706,1.8428583,225,0
atitlan,2025-05-13,691950.0,1624950.0,-0.08499956,0.7197769,225,0
atitlan,2025-05-13,692250.0,1624950.0,-0.07821165,1.0956744,225,0
atitlan,2025-05-13,692550.0,1624950.0,-0.08472072,0.71866786,225,0
atitlan,2025-05-13,692850.0,1624950.0,-0.08441047,0.7245507,225,0
atitlan,2025-05-13,693150.0,1624950.0,-0.08060902,0.9631226,225,0
atitlan,2025-05-13,693450.0,1624950.0,-0.079820685,1.0039144,225,0
atitlan,2025-05-13,693750.0,1624950.0,-0.0774958,1.1333132,225,0
atitlan,2025-05-13,694050.0,1624950.0,-0.077121034,1.1555097,225,0
atitlan,2025-05-13,694350.0,1624950.0,-0.08301576,0.83252037,225,0
atitlan,2025-05-13,694650.0,1624950.0,-0.08794965,0.53730637,225,0
atitlan,2025-05-13,694950.0,1624950.0,-0.0887394,0.5204957,225,0
atitlan,2025-05-13,695250.0,1624950.0,-0.087237805,0.5803731,225,0
atitlan,2025-05-13,695550.0,1624950.0,-0.08813116,0.5290987,225,0
atitlan,2025-05-13,695850.0,1624950.0,-0.07915228,1.0315008,225,0
atitlan,2025-05-13,696150.0,1624950.0,-0.07253886,1.4028405,225,0
atitlan,2025-05-13,696450.0,1624950.0,-0.07804466,1.1111256,225,0
atitlan,2025-05-13,696750.0,1624950.0,-0.07755585,1.1480273,225,0
atitlan,2025-05-13,697050.0,1624950.0,-0.081187785,0.9293212,225,0
atitlan,2025-05-13,697350.0,1624950.0,-0.07932499,1.0297596,225,0
atitlan,2025-05-13,697650.0,1624950.0,-0.0813044,0.9078134,225,0
atitlan,2025-05-13,697950.0,1624950.0,-0.08206081,0.8633001,225,0
atitlan,2025-05-13,698250.0,1624950.0,-0.08517338,0.69594693,225,0
atitlan,2025-05-13,698550.0,1624950.0,-0.08950581,0.472688,225,0
atitlan,2025-05-13,698850.0,1624950.0,-0.088592,0.54034805,225,0
atitlan,2025-05-13,699150.0,1624950.0,-0.090944484,0.39252296,225,0
atitlan,2025-05-13,699450.0,1624950.0,-0.09111249,0.39100188,225,0
atitlan,2025-05-13,699750.0,1624950.0,-0.09003858,0.42487377,225,0
atitlan,2025-05-13,700050.0,1624950.0,-0.089174464,0.46342376,225,0
atitlan,2025-05-13,700350.0,1624950.0,-0.08812387,0.5221874,225,0
atitlan,2025-05-13,700650.0,1624950.0,-0.08700043,0.5870601,225,0
atitlan,2025-05-13,700950.0,1624950.0,-0.08732996,0.5765655,225,0
atitlan,2025-05-13,701250.0,1624950.0,-0.084895186,0.71665984,225,0
atitlan,2025-05-13,701550.0,1624950.0,-0.08543145,0.6702512,225,0
atitlan,2025-05-13,701850.0,1624950.0,-0.08250712,0.84684956,225,0
atitlan,2025-05-13,702150.0,1624950.0,-0.0782135,1.0933918,225,0
atitlan,2025-05-13,702450.0,1624950.0,-0.068467095,1.6345971,225,0
atitlan,2025-05-13,702750.0,1624950.0,0.080083966,6.632485,225,0
atitlan,2025-05-13,703050.0,1624950.0,0.23848468,12.747556,225,1
atitlan,2025-05-13,703350.0,1624950.0,0.25171182,14.550751,225,1
atitlan,2025-05-13,703650.0,1624950.0,0.19206263,11.891166,225,0
atitlan,2025-05-13,703950.0,1624950.0,0.19565074,12.532811,225,1
atitlan,2025-05-13,704250.0,1624950.0,0.18224235,12.366977,225,1
atitlan,2025-05-13,704550.0,1624950.0,0.18969728,12.454915,225,1
atitlan,2025-05-13,704850.0,1624950.0,0.19487803,12.922209,225,1
atitlan,2025-05-13,705150.0,1624950.0,0.13878296,8.278265,225,0
atitlan,2025-05-13,705450.0,1624950.0,0.2480668,14.657369,225,1
atitlan,2025-05-13,705750.0,1624950.0,0.17518823,11.837146,225,0
atitlan,2025-05-13,706050.0,1624950.0,0.16343984,9.817585,225,0
atitlan,2025-05-13,706350.0,1624950.0,0.26835775,21.574865,225,1
atitlan,2025-05-13,706650.0,1624950.0,0.3674607,33.450737,225,1
atitlan,2025-05-13,706950.0,1624950.0,0.33048052,24.496204,225,1
atitlan,2025-05-13,707250.0,1624950.0,0.17801188,9.806355,225,0
atitlan,2025-05-13,707550.0,1624950.0,0.16789226,9.968948,225,0
atitlan,2025-05-13,707850.0,1624950.0,0.18203263,10.552333,45,0
atitlan,2025-05-13,680250.0,1625250.0,0.3233984,24.73033,180,1
atitlan,2025-05-13,680550.0,1625250.0,0.31449768,27.375849,225,1
atitlan,2025-05-13,680850.0,1625250.0,0.2626415,17.155838,225,1
atitlan,2025-05-13,681150.0,1625250.0,0.30330962,21.094147,225,1
atitlan,2025-05-13,681450.0,1625250.0,0.28549734,19.902563,225,1
atitlan,2025-05-13,681750.0,1625250.0,0.26129648,17.505499,225,1
atitlan,2025-05-13,682050.0,1625250.0,0.29307827,21.80759,225,1
atitlan,2025-05-13,682350.0,1625250.0,0.31221482,23.603561,225,1
atitlan,2025-05-13,682650.0,1625250.0,0.25243706,13.257038,225,1
atitlan,2025-05-13,682950.0,1625250.0,0.26177686,13.732963,225,1
atitlan,2025-05-13,683250.0,1625250.0,0.2777845,14.519519,225,1
atitlan,2025-05-13,683550.0,1625250.0,0.20648086,9.964249,225,0
atitlan,2025-05-13,683850.0,1625250.0,0.10288139,7.108553,225,0
atitlan,2025-05-13,684150.0,1625250.0,0.07793373,6.0678177,225,0
atitlan,2025-05-13,684450.0,1625250.0,0.027215324,4.269615,225,0
atitlan,2025-05-13,684750.0,1625250.0,0.090111196,6.6528826,225,0
atitlan,2025-05-13,685050.0,1625250.0,0.17161007,9.745629,225,0
atitlan,2025-05-13,685350.0,1625250.0,0.18945044,11.11515,225,0
atitlan,2025-05-13,685650.0,1625250.0,0.026387226,4.472589,225,0
atitlan,2025-05-13,685950.0,1625250.0,0.062161837,5.3712068,225,0
atitlan,2025-05-13,686250.0,1625250.0,0.1268716,8.520144,225,0
atitlan,2025-05-13,686550.0,1625250.0,0.00035325804,3.8666615,225,0
atitlan,2025-05-13,686850.0,1625250.0,-0.06150178,1.9732679,225,0
atitlan,2025-05-13,687150.0,1625250.0,-0.062345847,1.9289925,225,0
atitlan,2025-05-13,687450.0,1625250.0,-0.063576706,1.8759134,225,0
atitlan,2025-05-13,687750.0,1625250.0,-0.062724516,1.9009768,225,0
atitlan,2025-05-13,688050.0,1625250.0,-0.060851663,2.0089447,225,0
atitlan,2025-05-13,688350.0,1625250.0,-0.060284965,2.0578585,225,0
atitlan,2025-05-13,688650.0,1625250.0,-0.063253276,1.9167888,225,0
atitlan,2025-05-13,688950.0,1625250.0,-0.06853992,1.6170701,225,0
atitlan,2025-05-13,689250.0,1625250.0,-0.06309748,1.9230126,225,0
atitlan,2025-05-13,689550.0,1625250.0,-0.064269684,1.8743402,225,0
atitlan,2025-05-13,689850.0,1625250.0,-0.06775275,1.6930737,225,0
atitlan,2025-05-13,690150.0,1625250.0,-0.06979644,1.5620118,225,0
atitlan,2025-05-13,690450.0,1625250.0,-0.07272728,1.4140329,225,0
atitlan,2025-05-13,690750.0,1625250.0,-0.07215055,1.4376712,225,0
atitlan,2025-05-13,691050.0,1625250.0,-0.07660855,1.184037,225,0
atitlan,2025-05-13,691350.0,1625250.0,-0.06823956,1.6693311,225,0
atitlan,2025-05-13,691650.0,1625250.0,-0.07184841,1.4740947,225,0
atitlan,2025-05-13,691950.0,1625250.0,-0.08282457,0.8430626,225,0
atitlan,2025-05-13,692250.0,1625250.0,-0.0817938,0.88777965,225,0
atitlan,2025-05-13,692550.0,1625250.0,-0.080993205,0.95056295,225,0
atitlan,2025-05-13,692850.0,1625250.0,-0.08357946,0.7733592,225,0
atitlan,2025-05-13,693150.0,1625250.0,-0.086027384,0.64259124,225,0
atitlan,2025-05-13,693450.0,1625250.0,-0.086070314,0.65540475,225,0
atitlan,2025-05-13,693750.0,1625250.0,-0.08473871,0.73276037,225,0
atitlan,2025-05-13,694050.0,1625250.0,-0.0776545,1.1317284,225,0
atitlan,2025-05-13,694350.0,1625250.0,-0.07992838,1.0173666,225,0
atitlan,2025-05-13,694650.0,1625250.0,-0.08547418,0.6933917,225,0
atitlan,2025-05-13,694950.0,1625250.0,-0.08895384,0.49633184,225,0
atitlan,2025-05-13,695250.0,1625250.0,-0.08649692,0.6379458,225,0
atitlan,2025-05-13,695550.0,1625250.0,-0.08485421,0.706592,225,0
atitlan,2025-05-13,695850.0,1625250.0,-0.079764396,0.99894434,225,0
atitlan,2025-05-13,696150.0,1625250.0,-0.072678536,1.3906213,225,0
atitlan,2025-05-13,696450.0,1625250.0,-0.077737905,1.1541755,225,0
atitlan,2025-05-13,696750.0,1625250.0,-0.07570711,1.2380817,225,0
atitlan,2025-05-13,697050.0,1625250.0,-0.08124417,0.9353356,225,0
atitlan,2025-05-13,697350.0,1625250.0,-0.08709107,0.5946085,225,0
atitlan,2025-05-13,697650.0,1625250.0,-0.08337526,0.7933238,225,0
atitlan,2025-05-13,697950.0,1625250.0,-0.08178101,0.88182825,225,0
atitlan,2025-05-13,698250.0,1625250.0,-0.0869218,0.60445905,225,0
atitlan,2025-05-13,698550.0,1625250.0,-0.08518861,0.7004329,225,0
atitlan,2025-05-13,698850.0,1625250.0,-0.085764654,0.6655444,225,0
atitlan,2025-05-13,699150.0,1625250.0,-0.08531847,0.67195946,225,0
atitlan,2025-05-13,699450.0,1625250.0,-0.0862321,0.6276922,225,0
atitlan,2025-05-13,699750.0,1625250.0,-0.08583034,0.6553527,225,0
atitlan,2025-05-13,700050.0,1625250.0,-0.088108376,0.52727,225,0
atitlan,2025-05-13,700350.0,1625250.0,-0.08634245,0.6184052,225,0
atitlan,2025-05-13,700650.0,1625250.0,-0.08804401,0.5335602,225,0
atitlan,2025-05-13,700950.0,1625250.0,-0.08820723,0.52380085,225,0
atitlan,2025-05-13,701250.0,1625250.0,-0.08687032,0.6024501,225,0
atitlan,2025-05-13,701550.0,1625250.0,-0.08537438,0.6749648,225,0
atitlan,2025-05-13,701850.0,1625250.0,-0.08419186,0.7352925,225,0
atitlan,2025-05-13,702150.0,1625250.0,-0.079621114,1.0093058,225,0
atitlan,2025-05-13,702450.0,1625250.0,-0.071183175,1.499484,225,0
atitlan,2025-05-13,702750.0,1625250.0,0.03403755,4.5291066,225,0
atitlan,2025-05-13,703050.0,1625250.0,0.21597974,12.788,225,1
atitlan,2025-05-13,703350.0,1625250.0,0.14386095,8.3744,225,0
atitlan,2025-05-13,703650.0,1625250.0,0.15923569,10.471672,225,0
atitlan,2025-05-13,703950.0,1625250.0,0.13181506,7.9782443,225,0
atitlan,2025-05-13,704250.0,1625250.0,0.15408842,10.873339,225,0
atitlan,2025-05-13,704550.0,1625250.0,0.14154024,8.974879,225,0
atitlan,2025-05-13,704850.0,1625250.0,0.27602923,17.657623,225,1
atitlan,2025-05-13,705150.0,1625250.0,0.18642747,10.73331,225,0
atitlan,2025-05-13,705450.0,1625250.0,0.13316356,8.385298,225,0
atitlan,2025-05-13,705750.0,1625250.0,0.1391056,9.529189,225,0
atitlan,2025-05-13,706050.0,1625250.0,0.18612644,12.710601,225,1
atitlan,2025-05-13,706350.0,1625250.0,0.30085248,24.460764,225,1
atitlan,2025-05-13,706650.0,1625250.0,0.33185327,25.85862,225,1
atitlan,2025-05-13,706950.0,1625250.0,0.24645343,16.477552,225,1
atitlan,2025-05-13,707250.0,1625250.0,0.15289922,9.053862,225,0
atitlan,2025-05-13,707550.0,1625250.0,0.19260174,11.335513,225,0
atitlan,2025-05-13,707850.0,1625250.0,0.23337981,13.49621,45,1
atitlan,2025-05-13,680250.0,1625550.0,0.27927056,17.788563,180,1
atitlan,2025-05-13,680550.0,1625550.0,0.3565472,27.898731,225,1
atitlan,2025-05-13,680850.0,1625550.0,0.32143578,25.617847,225,1
atitlan,2025-05-13,681150.0,1625550.0,0.2723435,21.415565,225,1
atitlan,2025-05-13,681450.0,1625550.0,0.25272465,18.641558,225,1
atitlan,2025-05-13,681750.0,1625550.0,0.22206743,13.754023,225,1
atitlan,2025-05-13,682050.0,1625550.0,0.2557881,16.698008,225,1
atitlan,2025-05-13,682350.0,1625550.0,0.21628982,11.334528,225,0
atitlan,2025-05-13,682650.0,1625550.0,0.21499214,10.740403,225,0
atitlan,2025-05-13,682950.0,1625550.0,0.21681991,9.870992,225,0
atitlan,2025-05-13,683250.0,1625550.0,0.26613218,14.107872,225,1
atitlan,2025-05-13,683550.0,1625550.0,0.24652116,13.218381,225,1
atitlan,2025-05-13,683850.0,1625550.0,0.17818947,9.362967,225,0
atitlan,2025-05-13,684150.0,1625550.0,0.105538525,6.685573,225,0
atitlan,2025-05-13,684450.0,1625550.0,0.09269722,6.456208,225,0
atitlan,2025-05-13,684750.0,1625550.0,0.1144358,7.6729817,225,0
atitlan,2025-05-13,685050.0,1625550.0,-0.036600787,2.6711962,225,0
atitlan,2025-05-13,685350.0,1625550.0,-0.014548676,3.549491,225,0
atitlan,2025-05-13,685650.0,1625550.0,-0.059590373,2.074916,225,0
atitlan,2025-05-13,685950.0,1625550.0,-0.027859597,3.182478,225,0
atitlan,2025-05-13,686250.0,1625550.0,0.059643365,6.0636053,225,0
atitlan,2025-05-13,686550.0,1625550.0,-0.06434262,1.8282031,225,0
atitlan,2025-05-13,686850.0,1625550.0,-0.06340189,1.8812805,225,0
atitlan,2025-05-13,687150.0,1625550.0,-0.06285304,1.9178888,225,0
atitlan,2025-05-13,687450.0,1625550.0,-0.06375132,1.8810333,225,0
atitlan,2025-05-13,687750.0,1625550.0,-0.06306919,1.9052604,225,0
atitlan,2025-05-13,688050.0,1625550.0,-0.063575126,1.8848634,225,0
atitlan,2025-05-13,688350.0,1625550.0,-0.061110638,1.9996471,225,0
atitlan,2025-05-13,688650.0,1625550.0,-0.06293473,1.9268196,225,0
atitlan,2025-05-13,688950.0,1625550.0,-0.064884655,1.8451499,225,0
atitlan,2025-05-13,689250.0,1625550.0,-0.06745062,1.6672734,225,0
atitlan,2025-05-13,689550.0,1625550.0,-0.06800669,1.6657745,225,0
atitlan,2025-05-13,689850.0,1625550.0,-0.07136507,1.5065012,225,0
atitlan,2025-05-13,690150.0,1625550.0,-0.072441004,1.4170532,225,0
atitlan,2025-05-13,690450.0,1625550.0,-0.071288794,1.4818301,225,0
atitlan,2025-05-13,690750.0,1625550.0,-0.07006662,1.5499545,225,0
atitlan,2025-05-13,691050.0,1625550.0,-0.06869339,1.617041,225,0
atitlan,2025-05-13,691350.0,1625550.0,-0.06767028,1.6767812,225,0
atitlan,2025-05-13,691650.0,1625550.0,-0.07451285,1.3084955,225,0
atitlan,2025-05-13,691950.0,1625550.0,-0.08339604,0.8137063,225,0
atitlan,2025-05-13,692250.0,1625550.0,-0.08327822,0.8431537,225,0
atitlan,2025-05-13,692550.0,1625550.0,-0.08092728,0.9364977,225,0
atitlan,2025-05-13,692850.0,1625550.0,-0.08824883,0.50602305,225,0
atitlan,2025-05-13,693150.0,1625550.0,-0.089292414,0.46443132,225,0
atitlan,2025-05-13,693450.0,1625550.0,-0.08853416,0.5104085,225,0
atitlan,2025-05-13,693750.0,1625550.0,-0.084923424,0.6813041,225,0
atitlan,2025-05-13,694050.0,1625550.0,-0.08302196,0.82993925,225,0
atitlan,2025-05-13,694350.0,1625550.0,-0.07724177,1.1331937,225,0
atitlan,2025-05-13,694650.0,1625550.0,-0.0837718,0.8020858,225,0
atitlan,2025-05-13,694950.0,1625550.0,-0.08810119,0.5294078,225,0
atitlan,2025-05-13,695250.0,1625550.0,-0.08901188,0.49339432,225,0
atitlan,2025-05-13,695550.0,1625550.0,-0.08967718,0.47919226,225,0
atitlan,2025-05-13,695850.0,1625550.0,-0.08452457,0.75026387,225,0
atitlan,2025-05-13,696150.0,1625550.0,-0.07861379,1.0796883,225,0
atitlan,2025-05-13,696450.0,1625550.0,-0.081158,0.94166553,225,0
atitlan,2025-05-13,696750.0,1625550.0,-0.08301054,0.8146069,225,0
atitlan,2025-05-13,697050.0,1625550.0,-0.08348903,0.7788885,225,0
atitlan,2025-05-13,697350.0,1625550.0,-0.08306372,0.8114632,225,0
atitlan,2025-05-13,697650.0,1625550.0,-0.080680035,0.9483717,225,0
atitlan,2025-05-13,697950.0,1625550.0,-0.08234555,0.84496135,225,0
atitlan,2025-05-13,698250.0,1625550.0,-0.084549926,0.7244719,225,0
atitlan,2025-05-13,698550.0,1625550.0,-0.08522891,0.6819941,225,0
atitlan,2025-05-13,698850.0,1625550.0,-0.08720461,0.5668462,225,0
atitlan,2025-05-13,699150.0,1625550.0,-0.08685911,0.5983775,225,0
atitlan,2025-05-13,699450.0,1625550.0,-0.087338485,0.5723889,225,0
atitlan,2025-05-13,699750.0,1625550.0,-0.0892419,0.44932795,225,0
atitlan,2025-05-13,700050.0,1625550.0,-0.08871073,0.4918534,225,0
atitlan,2025-05-13,700350.0,1625550.0,-0.08978375,0.4453629,225,0
atitlan,2025-05-13,700650.0,1625550.0,-0.089909606,0.43781352,225,0
atitlan,2025-05-13,700950.0,1625550.0,-0.08944506,0.46815285,225,0
atitlan,2025-05-13,701250.0,1625550.0,-0.088020995,0.53192073,225,0
atitlan,2025-05-13,701550.0,1625550.0,-0.08544517,0.6755517,225,0
atitlan,2025-05-13,701850.0,1625550.0,-0.08177556,0.8865744,225,0
atitlan,2025-05-13,702150.0,1625550.0,-0.07416815,1.322507,225,0
atitlan,2025-05-13,702450.0,1625550.0,0.02075488,4.7678776,225,0
atitlan,2025-05-13,702750.0,1625550.0,0.1597001,9.001139,225,0
atitlan,2025-05-13,703050.0,1625550.0,0.27550185,16.075712,225,1
atitlan,2025-05-13,703350.0,1625550.0,0.22158444,12.91097,225,1
atitlan,2025-05-13,703650.0,1625550.0,0.18642852,12.02118,225,1
atitlan,2025-05-13,703950.0,1625550.0,0.15924461,10.1936455,225,0
atitlan,2025-05-13,704250.0,1625550.0,0.11296963,8.051287,225,0
atitlan,2025-05-13,704550.0,1625550.0,0.11892621,8.046925,225,0
atitlan,2025-05-13,704850.0,1625550.0,0.14906964,10.199972,225,0
atitlan,2025-05-13,705150.0,1625550.0,0.11438495,8.084771,225,0
atitlan,2025-05-13,705450.0,1625550.0,0.20090024,12.234022,225,1
atitlan,2025-05-13,705750.0,1625550.0,0.20046897,14.792853,225,1
atitlan,2025-05-13,706050.0,1625550.0,0.28479978,25.53057,225,1
atitlan,2025-05-13,706350.0,1625550.0,0.3592251,32.17377,225,1
atitlan,2025-05-13,706650.0,1625550.0,0.35385844,27.480124,225,1
atitlan,2025-05-13,706950.0,1625550.0,0.31092286,22.86274,225,1
atitlan,2025-05-13,707250.0,1625550.0,0.21088865,13.000042,225,1
atitlan,2025-05-13,707550.0,1625550.0,0.122224145,6.2052755,225,0
atitlan,2025-05-13,707850.0,1625550.0,0.11141815,5.9409046,45,0
atitlan,2025-05-13,680250.0,1625850.0,0.3250315,21.855452,180,1
atitlan,2025-05-13,680550.0,1625850.0,0.28509092,19.219618,225,1
atitlan,2025-05-13,680850.0,1625850.0,0.2954537,20.332418,225,1
atitlan,2025-05-13,681150.0,1625850.0,0.33120403,26.121948,225,1
atitlan,2025-05-13,681450.0,1625850.0,0.25627995,20.756819,225,1
atitlan,2025-05-13,681750.0,1625850.0,0.2701868,19.823948,225,1
atitlan,2025-05-13,682050.0,1625850.0,0.2596501,17.267797,225,1
atitlan,2025-05-13,682350.0,1625850.0,0.22802795,12.223401,225,1
atitlan,2025-05-13,682650.0,1625850.0,0.22428171,10.550259,225,0
atitlan,2025-05-13,682950.0,1625850.0,0.26840472,15.086697,225,1
atitlan,2025-05-13,683250.0,1625850.0,0.24953465,12.206259,225,1
atitlan,2025-05-13,683550.0,1625850.0,0.24667871,12.132536,225,1
atitlan,2025-05-13,683850.0,1625850.0,0.24481149,12.126833,225,1
atitlan,2025-05-13,684150.0,1625850.0,0.14357573,7.7160244,225,0
atitlan,2025-05-13,684450.0,1625850.0,0.17048657,9.338332,225,0
atitlan,2025-05-13,684750.0,1625850.0,0.021671891,4.6009026,225,0
atitlan,2025-05-13,685050.0,1625850.0,-0.06650866,1.7309785,225,0
atitlan,2025-05-13,685350.0,1625850.0,-0.06975188,1.5516571,225,0
atitlan,2025-05-13,685650.0,1625850.0,-0.061939586,1.9421446,225,0
atitlan,2025-05-13,685950.0,1625850.0,-0.064232156,1.8532063,225,0
atitlan,2025-05-13,686250.0,1625850.0,-0.061479963,1.988638,225,0
atitlan,2025-05-13,686550.0,1625850.0,-0.061508805,1.9693698,225,0
atitlan,2025-05-13,686850.0,1625850.0,-0.062671944,1.9432218,225,0
atitlan,2025-05-13,687150.0,1625850.0,-0.06214022,1.9435278,225,0
atitlan,2025-05-13,687450.0,1625850.0,-0.061574403,1.9945279,225,0
atitlan,2025-05-13,687750.0,1625850.0,-0.06142562,2.0005794,225,0
atitlan,2025-05-13,688050.0,1625850.0,-0.06141488,2.0081997,225,0
atitlan,2025-05-13,688350.0,1625850.0,-0.061721124,1.9965227,225,0
atitlan,2025-05-13,688650.0,1625850.0,-0.06015984,2.0583315,225,0
atitlan,2025-05-13,688950.0,1625850.0,-0.06112649,2.0319998,225,0
atitlan,2025-05-13,689250.0,1625850.0,-0.061985694,1.965348,225,0
atitlan,2025-05-13,689550.0,1625850.0,-0.072787695,1.4170362,225,0
atitlan,2025-05-13,689850.0,1625850.0,-0.06832179,1.6476126,225,0
atitlan,2025-05-13,690150.0,1625850.0,-0.06679456,1.7062994,225,0
atitlan,2025-05-13,690450.0,1625850.0,-0.06800825,1.6518123,225,0
atitlan,2025-05-13,690750.0,1625850.0,-0.076314256,1.2081188,225,0
atitlan,2025-05-13,691050.0,1625850.0,-0.06996815,1.5465153,225,0
atitlan,2025-05-13,691350.0,1625850.0,-0.0746762,1.3102771,225,0
atitlan,2025-05-13,691650.0,1625850.0,-0.07294881,1.4010533,225,0
atitlan,2025-05-13,691950.0,1625850.0,-0.07971925,1.0116485,225,0
atitlan,2025-05-13,692250.0,1625850.0,-0.083623044,0.8071803,225,0
atitlan,2025-05-13,692550.0,1625850.0,-0.08725852,0.5899629,225,0
atitlan,2025-05-13,692850.0,1625850.0,-0.08957549,0.45107758,225,0
atitlan,2025-05-13,693150.0,1625850.0,-0.090055145,0.42915624,225,0
atitlan,2025-05-13,693450.0,1625850.0,-0.093642324,0.28885132,225,0
atitlan,2025-05-13,693750.0,1625850.0,-0.09092635,0.38292354,225,0
atitlan,2025-05-13,694050.0,1625850.0,-0.091099136,0.39951673,225,0
atitlan,2025-05-13,694350.0,1625850.0,-0.08702731,0.73452646,225,0
atitlan,2025-05-13,694650.0,1625850.0,-0.08912084,0.50974214,225,0
atitlan,2025-05-13,694950.0,1625850.0,-0.08666921,0.6076806,225,0
atitlan,2025-05-13,695250.0,1625850.0,-0.08519591,0.692707,225,0
atitlan,2025-05-13,695550.0,1625850.0,-0.08404114,0.7624507,225,0
atitlan,2025-05-13,695850.0,1625850.0,-0.08436856,0.75358623,225,0
atitlan,2025-05-13,696150.0,1625850.0,-0.0801298,0.9841418,225,0
atitlan,2025-05-13,696450.0,1625850.0,-0.081242085,0.92134446,225,0
atitlan,2025-05-13,696750.0,1625850.0,-0.08460309,0.7245894,225,0
atitlan,2025-05-13,697050.0,1625850.0,-0.08583828,0.6509474,225,0
atitlan,2025-05-13,697350.0,1625850.0,-0.08679431,0.59868085,225,0
atitlan,2025-05-13,697650.0,1625850.0,-0.08625177,0.6099936,225,0
atitlan,2025-05-13,697950.0,1625850.0,-0.08704643,0.5819203,225,0
atitlan,2025-05-13,698250.0,1625850.0,-0.08576248,0.66742533,225,0
atitlan,2025-05-13,698550.0,1625850.0,-0.08938427,0.4696171,225,0
atitlan,2025-05-13,698850.0,1625850.0,-0.090879634,0.39452335,225,0
atitlan,2025-05-13,699150.0,1625850.0,-0.091792755,0.3417551,225,0
atitlan,2025-05-13,699450.0,1625850.0,-0.09294175,0.3172952,225,0
atitlan,2025-05-13,699750.0,1625850.0,-0.092443526,0.33369318,225,0
atitlan,2025-05-13,700050.0,1625850.0,-0.0914623,0.39707524,225,0
atitlan,2025-05-13,700350.0,1625850.0,-0.08971628,0.43773594,225,0
atitlan,2025-05-13,700650.0,1625850.0,-0.08726514,0.57221884,225,0
atitlan,2025-05-13,700950.0,1625850.0,-0.08671418,0.60646284,225,0
atitlan,2025-05-13,701250.0,1625850.0,-0.083302535,0.79336774,225,0
atitlan,2025-05-13,701550.0,1625850.0,-0.07579054,1.2272565,225,0
atitlan,2025-05-13,701850.0,1625850.0,0.00017473035,3.9250445,225,0
atitlan,2025-05-13,702150.0,1625850.0,0.090840384,6.8578324,225,0
atitlan,2025-05-13,702450.0,1625850.0,0.21181022,10.964571,225,0
atitlan,2025-05-13,702750.0,1625850.0,0.25629035,12.546912,225,1
atitlan,2025-05-13,703050.0,1625850.0,0.2550292,14.147234,225,1
atitlan,2025-05-13,703350.0,1625850.0,0.28038913,15.825348,225,1
atitlan,2025-05-13,703650.0,1625850.0,0.25516346,15.628478,225,1
atitlan,2025-05-13,703950.0,1625850.0,0.20826341,13.714595,225,1
atitlan,2025-05-13,704250.0,1625850.0,0.2020041,13.24837,225,1
atitlan,2025-05-13,704550.0,1625850.0,0.17630425,10.450929,225,0
atitlan,2025-05-13,704850.0,1625850.0,0.09009421,6.6570125,225,0
atitlan,2025-05-13,705150.0,1625850.0,0.14782287,11.186713,225,0
atitlan,2025-05-13,705450.0,1625850.0,0.19231434,10.372356,225,0
atitlan,2025-05-13,705750.0,1625850.0,0.11501407,8.65711,225,0
atitlan,2025-05-13,706050.0,1625850.0,0.11056021,7.3255877,225,0
atitlan,2025-05-13,706350.0,1625850.0,0.23523594,16.036966,225,1
atitlan,2025-05-13,706650.0,1625850.0,0.375066,36.99398,225,1
atitlan,2025-05-13,706950.0,1625850.0,0.3508358,30.970074,225,1
atitlan,2025-05-13,707250.0,1625850.0,0.3050448,22.284122,225,1
atitlan,2025-05-13,707550.0,1625850.0,0.19263056,11.173237,225,0
atitlan,2025-05-13,707850.0,1625850.0,0.17145275,8.910167,45,0
atitlan,2025-05-13,680250.0,1626150.0,0.31321222,20.556805,180,1
atitlan,2025-05-13,680550.0,1626150.0,0.30623242,20.341919,225,1
atitlan,2025-05-13,680850.0,1626150.0,0.32125217,24.35756,225,1
atitlan,2025-05-13,681150.0,1626150.0,0.27233988,20.593155,225,1
atitlan,2025-05-13,681450.0,1626150.0,0.34476224,26.317606,225,1
atitlan,2025-05-13,681750.0,1626150.0,0.26422924,18.772741,225,1
atitlan,2025-05-13,682050.0,1626150.0,0.19242813,10.707678,225,0
atitlan,2025-05-13,682350.0,1626150.0,0.19466755,7.8039317,225,0
atitlan,2025-05-13,682650.0,1626150.0,0.19588234,8.5408535,225,0
atitlan,2025-05-13,682950.0,1626150.0,0.24198447,12.337278,225,1
atitlan,2025-05-13,683250.0,1626150.0,0.182999,8.464341,225,0
atitlan,2025-05-13,683550.0,1626150.0,0.18898481,8.363464,225,0
atitlan,2025-05-13,683850.0,1626150.0,0.21952489,9.872566,225,0
atitlan,2025-05-13,684150.0,1626150.0,0.18479554,8.964548,225,0
atitlan,2025-05-13,684450.0,1626150.0,0.10275343,6.480465,225,0
atitlan,2025-05-13,684750.0,1626150.0,-0.065176666,1.7935196,225,0
atitlan,2025-05-13,685050.0,1626150.0,-0.068615384,1.6214933,225,0
atitlan,2025-05-13,685350.0,1626150.0,-0.067136824,1.7026626,225,0
atitlan,2025-05-13,685650.0,1626150.0,-0.06092334,2.0106518,225,0
atitlan,2025-05-13,685950.0,1626150.0,-0.060787097,2.0257351,225,0
atitlan,2025-05-13,686250.0,1626150.0,-0.0635542,1.8517036,225,0
atitlan,2025-05-13,686550.0,1626150.0,-0.062415034,1.8619307,225,0
atitlan,2025-05-13,686850.0,1626150.0,-0.06304174,1.8986311,225,0
atitlan,2025-05-13,687150.0,1626150.0,-0.062194403,1.931999,225,0
atitlan,2025-05-13,687450.0,1626150.0,-0.062492035,1.939062,225,0
atitlan,2025-05-13,687750.0,1626150.0,-0.06297918,1.9138367,225,0
atitlan,2025-05-13,688050.0,1626150.0,-0.060986374,2.0259583,225,0
atitlan,2025-05-13,688350.0,1626150.0,-0.061314777,2.0063045,225,0
atitlan,2025-05-13,688650.0,1626150.0,-0.059176713,2.1138983,225,0
atitlan,2025-05-13,688950.0,1626150.0,-0.058908504,2.1363337,225,0
atitlan,2025-05-13,689250.0,1626150.0,-0.07227274,1.5279919,225,0
atitlan,2025-05-13,689550.0,1626150.0,-0.07204368,1.432707,225,0
atitlan,2025-05-13,689850.0,1626150.0,-0.06883638,1.6144557,225,0
atitlan,2025-05-13,690150.0,1626150.0,-0.06993745,1.556179,225,0
atitlan,2025-05-13,690450.0,1626150.0,-0.06538175,1.7775034,225,0
atitlan,2025-05-13,690750.0,1626150.0,-0.07766114,1.1434277,225,0
atitlan,2025-05-13,691050.0,1626150.0,-0.07734347,1.2115924,225,0
atitlan,2025-05-13,691350.0,1626150.0,-0.079955935,1.064943,225,0
atitlan,2025-05-13,691650.0,1626150.0,-0.08283241,0.9578277,225,0
atitlan,2025-05-13,691950.0,1626150.0,-0.07310807,1.3783529,225,0
atitlan,2025-05-13,692250.0,1626150.0,-0.08182952,0.89457494,225,0
atitlan,2025-05-13,692550.0,1626150.0,-0.08941148,0.5086859,225,0
atitlan,2025-05-13,692850.0,1626150.0,-0.08910001,0.48681682,225,0
atitlan,2025-05-13,693150.0,1626150.0,-0.08874378,0.4795575,225,0
atitlan,2025-05-13,693450.0,1626150.0,-0.08779181,0.5328174,225,0
atitlan,2025-05-13,693750.0,1626150.0,-0.087693974,0.5322408,225,0
atitlan,2025-05-13,694050.0,1626150.0,-0.08635342,0.62657756,225,0
atitlan,2025-05-13,694350.0,1626150.0,-0.07988001,0.9797467,225,0
atitlan,2025-05-13,694650.0,1626150.0,-0.081624426,0.91733,225,0
atitlan,2025-05-13,694950.0,1626150.0,-0.08620647,0.6071677,225,0
atitlan,2025-05-13,695250.0,1626150.0,-0.08645872,0.6172374,225,0
atitlan,2025-05-13,695550.0,1626150.0,-0.08605734,0.6636332,225,0
atitlan,2025-05-13,695850.0,1626150.0,-0.085828535,0.68049437,225,0
atitlan,2025-05-13,696150.0,1626150.0,-0.08548663,0.6736724,225,0
atitlan,2025-05-13,696450.0,1626150.0,-0.08698206,0.6249574,225,0
atitlan,2025-05-13,696750.0,1626150.0,-0.09019512,0.45327088,225,0
atitlan,2025-05-13,697050.0,1626150.0,-0.09054879,0.42435113,225,0
atitlan,2025-05-13,697350.0,1626150.0,-0.092884935,0.31390968,225,0
atitlan,2025-05-13,697650.0,1626150.0,-0.0918234,0.3311616,225,0
atitlan,2025-05-13,697950.0,1626150.0,-0.090437226,0.42731234,225,0
atitlan,2025-05-13,698250.0,1626150.0,-0.09045482,0.40601245,225,0
atitlan,2025-05-13,698550.0,1626150.0,-0.09092364,0.3922902,225,0
atitlan,2025-05-13,698850.0,1626150.0,-0.08937012,0.47389644,225,0
atitlan,2025-05-13,699150.0,1626150.0,-0.08932879,0.45792413,225,0
atitlan,2025-05-13,699450.0,1626150.0,-0.08895345,0.47158584,225,0
atitlan,2025-05-13,699750.0,1626150.0,-0.089491606,0.45171103,225,0
atitlan,2025-05-13,700050.0,1626150.0,-0.08888454,0.48323184,225,0
atitlan,2025-05-13,700350.0,1626150.0,-0.09030166,0.4061253,225,0
atitlan,2025-05-13,700650.0,1626150.0,-0.089792304,0.44404715,225,0
atitlan,2025-05-13,700950.0,1626150.0,-0.087111756,0.5719874,225,0
atitlan,2025-05-13,701250.0,1626150.0,-0.050855152,2.4787054,225,0
atitlan,2025-05-13,701550.0,1626150.0,0.06524225,7.212793,225,0
atitlan,2025-05-13,701850.0,1626150.0,0.20364465,8.705845,225,0
atitlan,2025-05-13,702150.0,1626150.0,0.16610679,6.7518067,225,0
atitlan,2025-05-13,702450.0,1626150.0,0.19327383,8.067039,225,0
atitlan,2025-05-13,702750.0,1626150.0,0.27276212,15.49345,225,1
atitlan,2025-05-13,703050.0,1626150.0,0.26169917,14.848502,225,1
atitlan,2025-05-13,703350.0,1626150.0,0.22050226,12.882884,225,1
atitlan,2025-05-13,703650.0,1626150.0,0.20747334,13.574886,225,1
atitlan,2025-05-13,703950.0,1626150.0,0.22712298,13.116582,225,1
atitlan,2025-05-13,704250.0,1626150.0,0.296311,20.024477,225,1
atitlan,2025-05-13,704550.0,1626150.0,0.2078596,13.242753,225,1
atitlan,2025-05-13,704850.0,1626150.0,0.15962811,11.368358,225,0
atitlan,2025-05-13,705150.0,1626150.0,0.24281506,16.13543,225,1
atitlan,2025-05-13,705450.0,1626150.0,0.15724465,8.712082,225,0
atitlan,2025-05-13,705750.0,1626150.0,0.1063274,8.844133,225,0
atitlan,2025-05-13,706050.0,1626150.0,0.098680295,7.722109,225,0
atitlan,2025-05-13,706350.0,1626150.0,0.094443575,7.6768694,225,0
atitlan,2025-05-13,706650.0,1626150.0,0.37605566,34.5786,225,1
atitlan,2025-05-13,706950.0,1626150.0,0.3343649,27.557423,225,1
atitlan,2025-05-13,707250.0,1626150.0,0.32648844,25.355425,225,1
atitlan,2025-05-13,707550.0,1626150.0,0.23566651,15.089642,225,1
atitlan,2025-05-13,707850.0,1626150.0,0.16272928,8.907232,45,0
atitlan,2025-05-13,680250.0,1626450.0,0.22382723,14.544844,180,1
atitlan,2025-05-13,680550.0,1626450.0,0.30943727,19.407022,225,1
atitlan,2025-05-13,680850.0,1626450.0,0.27749437,17.432089,225,1
atitlan,2025-05-13,681150.0,1626450.0,0.31449807,22.11242,225,1
atitlan,2025-05-13,681450.0,1626450.0,0.3062914,22.794447,225,1
atitlan,2025-05-13,681750.0,1626450.0,0.29866806,21.54529,225,1
atitlan,2025-05-13,682050.0,1626450.0,0.26362106,16.055843,225,1
atitlan,2025-05-13,682350.0,1626450.0,0.26061377,14.196359,225,1
atitlan,2025-05-13,682650.0,1626450.0,0.22826605,10.647452,225,0
atitlan,2025-05-13,682950.0,1626450.0,0.18277878,8.158338,225,0
atitlan,2025-05-13,683250.0,1626450.0,0.19138788,8.286045,225,0
atitlan,2025-05-13,683550.0,1626450.0,0.1996785,8.93265,225,0
atitlan,2025-05-13,683850.0,1626450.0,0.16586514,7.6540413,225,0
atitlan,2025-05-13,684150.0,1626450.0,0.15941055,7.335038,225,0
atitlan,2025-05-13,684450.0,1626450.0,0.050704136,5.308171,225,0
atitlan,2025-05-13,684750.0,1626450.0,-0.06453165,1.8609514,225,0
atitlan,2025-05-13,685050.0,1626450.0,-0.06402938,1.8399084,225,0
atitlan,2025-05-13,685350.0,1626450.0,-0.068829626,1.6109759,225,0
atitlan,2025-05-13,685650.0,1626450.0,-0.06351788,1.8632344,225,0
atitlan,2025-05-13,685950.0,1626450.0,-0.060830206,1.972288,225,0
atitlan,2025-05-13,686250.0,1626450.0,-0.0633343,1.8707483,225,0
atitlan,2025-05-13,686550.0,1626450.0,-0.06056826,2.00086,225,0
atitlan,2025-05-13,686850.0,1626450.0,-0.059413835,2.0704432,225,0
atitlan,2025-05-13,687150.0,1626450.0,-0.06264323,1.9381137,225,0
atitlan,2025-05-13,687450.0,1626450.0,-0.061804995,1.9750303,225,0
atitlan,2025-05-13,687750.0,1626450.0,-0.0616305,1.9728187,225,0
atitlan,2025-05-13,688050.0,1626450.0,-0.06007574,2.0711386,225,0
atitlan,2025-05-13,688350.0,1626450.0,-0.05978157,2.0717423,225,0
atitlan,2025-05-13,688650.0,1626450.0,-0.058508873,2.1483297,225,0
atitlan,2025-05-13,688950.0,1626450.0,-0.06182562,1.9732511,225,0
atitlan,2025-05-13,689250.0,1626450.0,-0.06563454,1.7936729,225,0
atitlan,2025-05-13,689550.0,1626450.0,-0.07825791,1.2401818,225,0
atitlan,2025-05-13,689850.0,1626450.0,-0.0759344,1.2924585,225,0
atitlan,2025-05-13,690150.0,1626450.0,-0.08082297,1.0442704,225,0
atitlan,2025-05-13,690450.0,1626450.0,-0.07974298,1.0925626,225,0
atitlan,2025-05-13,690750.0,1626450.0,-0.075919315,1.2527102,225,0
atitlan,2025-05-13,691050.0,1626450.0,-0.07441135,1.3227907,225,0
atitlan,2025-05-13,691350.0,1626450.0,-0.07425536,1.3223113,225,0
atitlan,2025-05-13,691650.0,1626450.0,-0.0681335,1.6500285,225,0
atitlan,2025-05-13,691950.0,1626450.0,-0.07279458,1.4402754,225,0
atitlan,2025-05-13,692250.0,1626450.0,-0.07849504,1.0819948,225,0
atitlan,2025-05-13,692550.0,1626450.0,-0.08346343,0.78893137,225,0
atitlan,2025-05-13,692850.0,1626450.0,-0.08636544,0.59612095,225,0
atitlan,2025-05-13,693150.0,1626450.0,-0.08606798,0.6174132,225,0
atitlan,2025-05-13,693450.0,1626450.0,-0.08564593,0.65491194,225,0
atitlan,2025-05-13,693750.0,1626450.0,-0.08669236,0.5967153,225,0
atitlan,2025-05-13,694050.0,1626450.0,-0.088089,0.5184407,225,0
atitlan,2025-05-13,694350.0,1626450.0,-0.086882085,0.5838283,225,0
atitlan,2025-05-13,694650.0,1626450.0,-0.086847454,0.62550217,225,0
atitlan,2025-05-13,694950.0,1626450.0,-0.0885842,0.52677804,225,0
atitlan,2025-05-13,695250.0,1626450.0,-0.08979278,0.44870368,225,0
atitlan,2025-05-13,695550.0,1626450.0,-0.08815034,0.55997926,225,0
atitlan,2025-05-13,695850.0,1626450.0,-0.091033265,0.44423667,225,0
atitlan,2025-05-13,696150.0,1626450.0,-0.08946821,0.473604,225,0
atitlan,2025-05-13,696450.0,1626450.0,-0.0900887,0.43726873,225,0
atitlan,2025-05-13,696750.0,1626450.0,-0.0909689,0.40260157,225,0
atitlan,2025-05-13,697050.0,1626450.0,-0.09115723,0.39224324,225,0
atitlan,2025-05-13,697350.0,1626450.0,-0.09010425,0.40114868,225,0
atitlan,2025-05-13,697650.0,1626450.0,-0.088862255,0.4844594,225,0
atitlan,2025-05-13,697950.0,1626450.0,-0.08982423,0.42952973,225,0
atitlan,2025-05-13,698250.0,1626450.0,-0.091154486,0.37565464,225,0
atitlan,2025-05-13,698550.0,1626450.0,-0.09186703,0.3571601,225,0
atitlan,2025-05-13,698850.0,1626450.0,-0.09382127,0.26504475,225,0
atitlan,2025-05-13,699150.0,1626450.0,-0.09388178,0.3058658,225,0
atitlan,2025-05-13,699450.0,1626450.0,-0.09242079,0.341959,225,0
atitlan,2025-05-13,699750.0,1626450.0,-0.09133174,0.38872734,225,0
atitlan,2025-05-13,700050.0,1626450.0,-0.09090698,0.42430303,225,0
atitlan,2025-05-13,700350.0,1626450.0,-0.089283794,0.4496442,225,0
atitlan,2025-05-13,700650.0,1626450.0,-0.08621129,0.6451742,225,0
atitlan,2025-05-13,700950.0,1626450.0,-0.08007744,0.9797972,225,0
atitlan,2025-05-13,701250.0,1626450.0,0.09997266,8.478737,225,0
atitlan,2025-05-13,701550.0,1626450.0,0.25175652,12.54019,225,1
atitlan,2025-05-13,701850.0,1626450.0,0.28566125,15.68827,225,1
atitlan,2025-05-13,702150.0,1626450.0,0.21760069,10.701344,225,0
atitlan,2025-05-13,702450.0,1626450.0,0.16741927,7.5305347,225,0
atitlan,2025-05-13,702750.0,1626450.0,0.23339207,10.905008,225,0
atitlan,2025-05-13,703050.0,1626450.0,0.16776852,8.57116,225,0
atitlan,2025-05-13,703350.0,1626450.0,0.23869784,14.369863,225,1
atitlan,2025-05-13,703650.0,1626450.0,0.22814912,13.171921,225,1
atitlan,2025-05-13,703950.0,1626450.0,0.24522176,13.0439625,225,1
atitlan,2025-05-13,704250.0,1626450.0,0.24890998,14.426885,225,1
atitlan,2025-05-13,704550.0,1626450.0,0.11804302,8.223492,225,0
atitlan,2025-05-13,704850.0,1626450.0,0.12698217,8.1849165,225,0
atitlan,2025-05-13,705150.0,1626450.0,0.14475618,8.267877,225,0
atitlan,2025-05-13,705450.0,1626450.0,0.19643724,11.022079,225,0
atitlan,2025-05-13,705750.0,1626450.0,0.2580466,18.154854,225,1
atitlan,2025-05-13,706050.0,1626450.0,0.24469684,17.935308,225,1
atitlan,2025-05-13,706350.0,1626450.0,0.31783414,24.174255,225,1
atitlan,2025-05-13,706650.0,1626450.0,0.31965604,25.178185,225,1
atitlan,2025-05-13,706950.0,1626450.0,0.27254787,19.272284,225,1
atitlan,2025-05-13,707250.0,1626450.0,0.28567797,19.183786,225,1
atitlan,2025-05-13,707550.0,1626450.0,0.22633018,15.317262,225,1
atitlan,2025-05-13,707850.0,1626450.0,0.31648228,25.18353,45,1
atitlan,2025-05-13,680250.0,1626750.0,0.14124645,8.11739,180,0
atitlan,2025-05-13,680550.0,1626750.0,0.2921502,16.495766,225,1
atitlan,2025-05-13,680850.0,1626750.0,0.2996033,17.754969,225,1
atitlan,2025-05-13,681150.0,1626750.0,0.32302916,22.191431,225,1
atitlan,2025-05-13,681450.0,1626750.0,0.2827308,19.955523,225,1
atitlan,2025-05-13,681750.0,1626750.0,0.31697884,24.126154,225,1
atitlan,2025-05-13,682050.0,1626750.0,0.22829936,15.708277,225,1
atitlan,2025-05-13,682350.0,1626750.0,0.27173117,19.823917,225,1
atitlan,2025-05-13,682650.0,1626750.0,0.2955404,20.658949,225,1
atitlan,2025-05-13,682950.0,1626750.0,0.28785688,20.797417,225,1
atitlan,2025-05-13,683250.0,1626750.0,0.34430087,29.224234,225,1
atitlan,2025-05-13,683550.0,1626750.0,0.2842066,18.343964,225,1
atitlan,2025-05-13,683850.0,1626750.0,0.2274714,13.1135025,225,1
atitlan,2025-05-13,684150.0,1626750.0,0.1754153,7.679869,225,0
atitlan,2025-05-13,684450.0,1626750.0,0.2079325,9.936809,225,0
atitlan,2025-05-13,684750.0,1626750.0,0.07102824,6.6607404,225,0
atitlan,2025-05-13,685050.0,1626750.0,-0.056366373,2.2230537,225,0
atitlan,2025-05-13,685350.0,1626750.0,-0.058808215,2.0845902,225,0
atitlan,2025-05-13,685650.0,1626750.0,-0.05709806,2.2028513,225,0
atitlan,2025-05-13,685950.0,1626750.0,-0.054488223,2.3179786,225,0
atitlan,2025-05-13,686250.0,1626750.0,-0.06032555,2.0477765,225,0
atitlan,2025-05-13,686550.0,1626750.0,-0.059475154,2.0847883,225,0
atitlan,2025-05-13,686850.0,1626750.0,-0.055389684,2.241741,225,0
atitlan,2025-05-13,687150.0,1626750.0,-0.058124848,2.1627836,225,0
atitlan,2025-05-13,687450.0,1626750.0,-0.060743455,2.040961,225,0
atitlan,2025-05-13,687750.0,1626750.0,-0.059580564,2.0954907,225,0
atitlan,2025-05-13,688050.0,1626750.0,-0.06131241,1.9777371,225,0
atitlan,2025-05-13,688350.0,1626750.0,-0.05941551,2.0943341,225,0
atitlan,2025-05-13,688650.0,1626750.0,-0.059135716,2.0844257,225,0
atitlan,2025-05-13,688950.0,1626750.0,-0.061726965,1.9819474,225,0
atitlan,2025-05-13,689250.0,1626750.0,-0.063550174,1.8864812,225,0
atitlan,2025-05-13,689550.0,1626750.0,-0.066256985,1.7526567,225,0
atitlan,2025-05-13,689850.0,1626750.0,-0.07044978,1.5799471,225,0
atitlan,2025-05-13,690150.0,1626750.0,-0.062167775,1.9337299,225,0
atitlan,2025-05-13,690450.0,1626750.0,-0.06750294,1.6868428,225,0
atitlan,2025-05-13,690750.0,1626750.0,-0.06583182,1.773214,225,0
atitlan,2025-05-13,691050.0,1626750.0,-0.067176506,1.7038713,225,0
atitlan,2025-05-13,691350.0,1626750.0,-0.070516266,1.524342,225,0
atitlan,2025-05-13,691650.0,1626750.0,-0.068593554,1.6272994,225,0
atitlan,2025-05-13,691950.0,1626750.0,-0.07124871,1.488812,225,0
atitlan,2025-05-13,692250.0,1626750.0,-0.07853992,1.072408,225,0
atitlan,2025-05-13,692550.0,1626750.0,-0.08673738,0.60256755,225,0
atitlan,2025-05-13,692850.0,1626750.0,-0.08876747,0.47295824,225,0
atitlan,2025-05-13,693150.0,1626750.0,-0.087957025,0.56034505,225,0
atitlan,2025-05-13,693450.0,1626750.0,-0.09005391,0.43222588,225,0
atitlan,2025-05-13,693750.0,1626750.0,-0.0911819,0.3904227,225,0
atitlan,2025-05-13,694050.0,1626750.0,-0.09117121,0.38609898,225,0
atitlan,2025-05-13,694350.0,1626750.0,-0.09021894,0.43094143,225,0
atitlan,2025-05-13,694650.0,1626750.0,-0.09079904,0.39984822,225,0
atitlan,2025-05-13,694950.0,1626750.0,-0.091852166,0.35189483,225,0
atitlan,2025-05-13,695250.0,1626750.0,-0.08958759,0.46547753,225,0
atitlan,2025-05-13,695550.0,1626750.0,-0.08578713,0.6903105,225,0
atitlan,2025-05-13,695850.0,1626750.0,-0.08852029,0.5320185,225,0
atitlan,2025-05-13,696150.0,1626750.0,-0.090088524,0.4271403,225,0
atitlan,2025-05-13,696450.0,1626750.0,-0.08952379,0.45804453,225,0
atitlan,2025-05-13,696750.0,1626750.0,-0.09260563,0.30894142,225,0
atitlan,2025-05-13,697050.0,1626750.0,-0.09308736,0.3168866,225,0
atitlan,2025-05-13,697350.0,1626750.0,-0.09364832,0.27221018,225,0
atitlan,2025-05-13,697650.0,1626750.0,-0.09593762,0.18775685,225,0
atitlan,2025-05-13,697950.0,1626750.0,-0.094108336,0.2555079,225,0
atitlan,2025-05-13,698250.0,1626750.0,-0.093297355,0.3033317,225,0
atitlan,2025-05-13,698550.0,1626750.0,-0.09196527,0.3675766,225,0
atitlan,2025-05-13,698850.0,1626750.0,-0.090633035,0.40403977,225,0
atitlan,2025-05-13,699150.0,1626750.0,-0.090108894,0.43194956,225,0
atitlan,2025-05-13,699450.0,1626750.0,-0.08991912,0.43462762,225,0
atitlan,2025-05-13,699750.0,1626750.0,-0.08814293,0.52930456,225,0
atitlan,2025-05-13,700050.0,1626750.0,-0.08849219,0.4982021,225,0
atitlan,2025-05-13,700350.0,1626750.0,-0.088083856,0.5386055,225,0
atitlan,2025-05-13,700650.0,1626750.0,-0.08392764,0.75013095,225,0
atitlan,2025-05-13,700950.0,1626750.0,-0.07942494,1.0301158,225,0
atitlan,2025-05-13,701250.0,1626750.0,0.06958302,7.7520885,225,0
atitlan,2025-05-13,701550.0,1626750.0,0.26570818,13.021005,225,1
atitlan,2025-05-13,701850.0,1626750.0,0.2552855,12.31954,225,1
atitlan,2025-05-13,702150.0,1626750.0,0.29372564,17.372911,225,1
atitlan,2025-05-13,702450.0,1626750.0,0.29147932,18.183884,225,1
atitlan,2025-05-13,702750.0,1626750.0,0.1878858,10.658336,225,0
atitlan,2025-05-13,703050.0,1626750.0,0.19696613,13.183777,225,1
atitlan,2025-05-13,703350.0,1626750.0,0.17824809,9.018184,225,0
atitlan,2025-05-13,703650.0,1626750.0,0.19907665,10.718542,225,0
atitlan,2025-05-13,703950.0,1626750.0,0.19557887,10.251582,225,0
atitlan,2025-05-13,704250.0,1626750.0,0.27503863,14.399462,225,1
atitlan,2025-05-13,704550.0,1626750.0,0.26420406,15.253749,225,1
atitlan,2025-05-13,704850.0,1626750.0,0.19951195,12.384878,225,1
atitlan,2025-05-13,705150.0,1626750.0,0.22427933,13.845471,225,1
atitlan,2025-05-13,705450.0,1626750.0,0.20338826,13.042207,225,1
atitlan,2025-05-13,705750.0,1626750.0,0.31425205,23.43109,225,1
atitlan,2025-05-13,706050.0,1626750.0,0.18639575,11.031795,225,0
atitlan,2025-05-13,706350.0,1626750.0,0.32891127,24.662954,225,1
atitlan,2025-05-13,706650.0,1626750.0,0.34365577,25.304998,225,1
atitlan,2025-05-13,706950.0,1626750.0,0.35726243,27.570993,225,1
atitlan,2025-05-13,707250.0,1626750.0,0.31023383,21.471447,225,1
atitlan,2025-05-13,707550.0,1626750.0,0.31562757,22.124561,225,1
atitlan,2025-05-13,707850.0,1626750.0,0.19787358,10.906154,45,0
atitlan,2025-05-13,680250.0,1627050.0,0.07186158,5.3370285,180,0
atitlan,2025-05-13,680550.0,1627050.0,0.3083124,21.594894,225,1
atitlan,2025-05-13,680850.0,1627050.0,0.31433356,21.241549,225,1
atitlan,2025-05-13,681150.0,1627050.0,0.21973446,12.66199,225,1
atitlan,2025-05-13,681450.0,1627050.0,0.15135963,9.674109,225,0
atitlan,2025-05-13,681750.0,1627050.0,0.259494,18.202772,225,1
atitlan,2025-05-13,682050.0,1627050.0,0.23822933,16.943634,225,1
atitlan,2025-05-13,682350.0,1627050.0,0.27190736,19.392939,225,1
atitlan,2025-05-13,682650.0,1627050.0,0.16879639,12.148915,225,1
atitlan,2025-05-13,682950.0,1627050.0,0.30155015,21.23584,225,1
atitlan,2025-05-13,683250.0,1627050.0,0.2932031,22.617523,225,1
atitlan,2025-05-13,683550.0,1627050.0,0.2627082,16.387194,225,1
atitlan,2025-05-13,683850.0,1627050.0,0.27088502,15.164754,225,1
atitlan,2025-05-13,684150.0,1627050.0,0.2437139,11.695662,225,0
atitlan,2025-05-13,684450.0,1627050.0,0.20092148,9.954385,225,0
atitlan,2025-05-13,684750.0,1627050.0,0.08977744,6.4586153,225,0
atitlan,2025-05-13,685050.0,1627050.0,-0.021649396,3.3610916,225,0
atitlan,2025-05-13,685350.0,1627050.0,-0.045263372,2.6214223,225,0
atitlan,2025-05-13,685650.0,1627050.0,-0.048621148,2.5695617,225,0
atitlan,2025-05-13,685950.0,1627050.0,-0.05093785,2.5010283,225,0
atitlan,2025-05-13,686250.0,1627050.0,-0.05420273,2.306221,225,0
atitlan,2025-05-13,686550.0,1627050.0,-0.055501144,2.283587,225,0
atitlan,2025-05-13,686850.0,1627050.0,-0.057608478,2.1496818,225,0
atitlan,2025-05-13,687150.0,1627050.0,-0.056099083,2.2405639,225,0
atitlan,2025-05-13,687450.0,1627050.0,-0.05821772,2.1677582,225,0
atitlan,2025-05-13,687750.0,1627050.0,-0.060500585,2.0344791,225,0
atitlan,2025-05-13,688050.0,1627050.0,-0.06331445,1.8900523,225,0
atitlan,2025-05-13,688350.0,1627050.0,-0.06269141,1.9080521,225,0
atitlan,2025-05-13,688650.0,1627050.0,-0.061694298,1.9469454,225,0
atitlan,2025-05-13,688950.0,1627050.0,-0.059095833,2.045024,225,0
atitlan,2025-05-13,689250.0,1627050.0,-0.062437605,1.9270436,225,0
atitlan,2025-05-13,689550.0,1627050.0,-0.0630424,1.883309,225,0
atitlan,2025-05-13,689850.0,1627050.0,-0.06512381,1.8000813,225,0
atitlan,2025-05-13,690150.0,1627050.0,-0.0667367,1.7291553,225,0
atitlan,2025-05-13,690450.0,1627050.0,-0.06526558,1.7808927,225,0
atitlan,2025-05-13,690750.0,1627050.0,-0.06836244,1.6519182,225,0
atitlan,2025-05-13,691050.0,1627050.0,-0.06906732,1.6006644,225,0
atitlan,2025-05-13,691350.0,1627050.0,-0.07316676,1.3800436,225,0
atitlan,2025-05-13,691650.0,1627050.0,-0.07176641,1.4653081,225,0
atitlan,2025-05-13,691950.0,1627050.0,-0.07691279,1.1644573,225,0
atitlan,2025-05-13,692250.0,1627050.0,-0.08427507,0.7525493,225,0
atitlan,2025-05-13,692550.0,1627050.0,-0.08939195,0.46181297,225,0
atitlan,2025-05-13,692850.0,1627050.0,-0.08896418,0.4850085,225,0
atitlan,2025-05-13,693150.0,1627050.0,-0.0851427,0.71166015,225,0
atitlan,2025-05-13,693450.0,1627050.0,-0.09074782,0.383251,225,0
atitlan,2025-05-13,693750.0,1627050.0,-0.09194895,0.33621025,225,0
atitlan,2025-05-13,694050.0,1627050.0,-0.08946402,0.4447603,225,0
atitlan,2025-05-13,694350.0,1627050.0,-0.090152435,0.4175925,225,0
atitlan,2025-05-13,694650.0,1627050.0,-0.09064378,0.39701918,225,0
atitlan,2025-05-13,694950.0,1627050.0,-0.09196416,0.35877967,225,0
atitlan,2025-05-13,695250.0,1627050.0,-0.09189539,0.3310157,225,0
atitlan,2025-05-13,695550.0,1627050.0,-0.09249232,0.34102148,225,0
atitlan,2025-05-13,695850.0,1627050.0,-0.09314906,0.31359616,225,0
atitlan,2025-05-13,696150.0,1627050.0,-0.092401385,0.3596406,225,0
atitlan,2025-05-13,696450.0,1627050.0,-0.0901558,0.44872016,225,0
atitlan,2025-05-13,696750.0,1627050.0,-0.09231132,0.36823404,225,0
atitlan,2025-05-13,697050.0,1627050.0,-0.092044204,0.35370266,225,0
atitlan,2025-05-13,697350.0,1627050.0,-0.09036998,0.42239347,225,0
atitlan,2025-05-13,697650.0,1627050.0,-0.09114405,0.3744979,225,0
atitlan,2025-05-13,697950.0,1627050.0,-0.09100424,0.3915032,225,0
atitlan,2025-05-13,698250.0,1627050.0,-0.09150964,0.37097865,225,0
atitlan,2025-05-13,698550.0,1627050.0,-0.09128162,0.37132445,225,0
atitlan,2025-05-13,698850.0,1627050.0,-0.09332269,0.30034783,225,0
atitlan,2025-05-13,699150.0,1627050.0,-0.0917855,0.34294453,225,0
atitlan,2025-05-13,699450.0,1627050.0,-0.091619425,0.36044633,225,0
atitlan,2025-05-13,699750.0,1627050.0,-0.08966585,0.43736932,225,0
atitlan,2025-05-13,700050.0,1627050.0,-0.08833822,0.50415677,225,0
atitlan,2025-05-13,700350.0,1627050.0,-0.08638928,0.6194394,225,0
atitlan,2025-05-13,700650.0,1627050.0,-0.0822002,0.8528669,225,0
atitlan,2025-05-13,700950.0,1627050.0,-0.075634494,1.2418847,225,0
atitlan,2025-05-13,701250.0,1627050.0,0.13669093,9.732069,225,0
atitlan,2025-05-13,701550.0,1627050.0,0.27093425,13.625842,225,1
atitlan,2025-05-13,701850.0,1627050.0,0.27136508,16.184086,225,1
atitlan,2025-05-13,702150.0,1627050.0,0.34092835,24.330084,225,1
atitlan,2025-05-13,702450.0,1627050.0,0.30618507,18.990145,225,1
atitlan,2025-05-13,702750.0,1627050.0,0.26159528,16.142876,225,1
atitlan,2025-05-13,703050.0,1627050.0,0.29600492,20.062529,225,1
atitlan,2025-05-13,703350.0,1627050.0,0.2101555,13.39895,225,1
atitlan,2025-05-13,703650.0,1627050.0,0.16465223,9.433341,225,0
atitlan,2025-05-13,703950.0,1627050.0,0.11519951,7.5990195,225,0
atitlan,2025-05-13,704250.0,1627050.0,0.18342254,10.394237,225,0
atitlan,2025-05-13,704550.0,1627050.0,0.26810387,14.952494,225,1
atitlan,2025-05-13,704850.0,1627050.0,0.24959134,15.041088,225,1
atitlan,2025-05-13,705150.0,1627050.0,0.17474478,10.952506,225,0
atitlan,2025-05-13,705450.0,1627050.0,0.26577786,17.303434,225,1
atitlan,2025-05-13,705750.0,1627050.0,0.2335291,14.8580885,225,1
atitlan,2025-05-13,706050.0,1627050.0,0.26732948,18.189157,225,1
atitlan,2025-05-13,706350.0,1627050.0,0.34120542,27.536934,225,1
atitlan,2025-05-13,706650.0,1627050.0,0.34181482,26.639376,225,1
atitlan,2025-05-13,706950.0,1627050.0,0.3182297,22.034588,225,1
atitlan,2025-05-13,707250.0,1627050.0,0.27118787,17.840399,225,1
atitlan,2025-05-13,707550.0,1627050.0,0.29729494,20.208906,225,1
atitlan,2025-05-13,707850.0,1627050.0,0.24725217,14.51852,45,1
atitlan,2025-05-13,680250.0,1627350.0,0.07110072,5.8492403,180,0
atitlan,2025-05-13,680550.0,1627350.0,0.30628687,21.512619,225,1
atitlan,2025-05-13,680850.0,1627350.0,0.18952294,9.683678,225,0
atitlan,2025-05-13,681150.0,1627350.0,0.05778657,4.739111,225,0
atitlan,2025-05-13,681450.0,1627350.0,0.09233843,6.5474133,225,0
atitlan,2025-05-13,681750.0,1627350.0,0.1797722,12.824584,225,1
atitlan,2025-05-13,682050.0,1627350.0,0.21822615,14.909676,225,1
atitlan,2025-05-13,682350.0,1627350.0,0.12416083,8.706499,225,0
atitlan,2025-05-13,682650.0,1627350.0,0.060608644,5.26132,225,0
atitlan,2025-05-13,682950.0,1627350.0,0.20702471,14.446253,225,1
atitlan,2025-05-13,683250.0,1627350.0,0.25351265,16.342234,225,1
atitlan,2025-05-13,683550.0,1627350.0,0.25181744,17.559063,225,1
atitlan,2025-05-13,683850.0,1627350.0,0.2670189,14.230043,225,1
atitlan,2025-05-13,684150.0,1627350.0,0.26584727,14.163661,225,1
atitlan,2025-05-13,684450.0,1627350.0,0.19240673,8.509615,225,0
atitlan,2025-05-13,684750.0,1627350.0,0.17795745,8.5997305,225,0
atitlan,2025-05-13,685050.0,1627350.0,0.20654088,10.38695,225,0
atitlan,2025-05-13,685350.0,1627350.0,0.12946996,7.3957763,225,0
atitlan,2025-05-13,685650.0,1627350.0,0.1357294,7.8406444,225,0
atitlan,2025-05-13,685950.0,1627350.0,0.03466881,5.2188115,225,0
atitlan,2025-05-13,686250.0,1627350.0,-0.04938532,2.5508063,225,0
atitlan,2025-05-13,686550.0,1627350.0,-0.05472766,2.3258147,225,0
atitlan,2025-05-13,686850.0,1627350.0,-0.055576537,2.28013,225,0
atitlan,2025-05-13,687150.0,1627350.0,-0.05588692,2.2152288,225,0
atitlan,2025-05-13,687450.0,1627350.0,-0.057077378,2.2149858,225,0
atitlan,2025-05-13,687750.0,1627350.0,-0.057415966,2.2062197,225,0
atitlan,2025-05-13,688050.0,1627350.0,-0.058444332,2.1500506,225,0
atitlan,2025-05-13,688350.0,1627350.0,-0.060620707,2.0329812,225,0
atitlan,2025-05-13,688650.0,1627350.0,-0.062065218,1.9592284,225,0
atitlan,2025-05-13,688950.0,1627350.0,-0.06115801,1.9907799,225,0
atitlan,2025-05-13,689250.0,1627350.0,-0.061569124,1.97397,225,0
atitlan,2025-05-13,689550.0,1627350.0,-0.063594304,1.878286,225,0
atitlan,2025-05-13,689850.0,1627350.0,-0.06382337,1.8510785,225,0
atitlan,2025-05-13,690150.0,1627350.0,-0.064478174,1.8595471,225,0
atitlan,2025-05-13,690450.0,1627350.0,-0.06494056,1.8253512,225,0
atitlan,2025-05-13,690750.0,1627350.0,-0.066134095,1.7470961,225,0
atitlan,2025-05-13,691050.0,1627350.0,-0.07171143,1.4695163,225,0
atitlan,2025-05-13,691350.0,1627350.0,-0.07437934,1.3463285,225,0
atitlan,2025-05-13,691650.0,1627350.0,-0.07545723,1.2807311,225,0
atitlan,2025-05-13,691950.0,1627350.0,-0.077265255,1.1433678,225,0
atitlan,2025-05-13,692250.0,1627350.0,-0.0859449,0.66752595,225,0
atitlan,2025-05-13,692550.0,1627350.0,-0.08942264,0.44358233,225,0
atitlan,2025-05-13,692850.0,1627350.0,-0.08606495,0.65076256,225,0
atitlan,2025-05-13,693150.0,1627350.0,-0.09062503,0.4569407,225,0
atitlan,2025-05-13,693450.0,1627350.0,-0.09277997,0.29766884,225,0
atitlan,2025-05-13,693750.0,1627350.0,-0.09458523,0.22799683,225,0
atitlan,2025-05-13,694050.0,1627350.0,-0.09420992,0.28529096,225,0
atitlan,2025-05-13,694350.0,1627350.0,-0.09269718,0.3316139,225,0
atitlan,2025-05-13,694650.0,1627350.0,-0.09312343,0.31707412,225,0
atitlan,2025-05-13,694950.0,1627350.0,-0.09321318,0.3168551,225,0
atitlan,2025-05-13,695250.0,1627350.0,-0.09164194,0.35705218,225,0
atitlan,2025-05-13,695550.0,1627350.0,-0.089706354,0.44932982,225,0
atitlan,2025-05-13,695850.0,1627350.0,-0.09045879,0.44455636,225,0
atitlan,2025-05-13,696150.0,1627350.0,-0.0919645,0.3461194,225,0
atitlan,2025-05-13,696450.0,1627350.0,-0.09055409,0.44433412,225,0
atitlan,2025-05-13,696750.0,1627350.0,-0.09061459,0.4199839,225,0
atitlan,2025-05-13,697050.0,1627350.0,-0.093174905,0.3042619,225,0
atitlan,2025-05-13,697350.0,1627350.0,-0.09209286,0.33669403,225,0
atitlan,2025-05-13,697650.0,1627350.0,-0.09496533,0.22015454,225,0
atitlan,2025-05-13,697950.0,1627350.0,-0.09397548,0.27032673,225,0
atitlan,2025-05-13,698250.0,1627350.0,-0.09291901,0.31670535,225,0
atitlan,2025-05-13,698550.0,1627350.0,-0.092840254,0.31845292,225,0
atitlan,2025-05-13,698850.0,1627350.0,-0.09167506,0.3838365,225,0
atitlan,2025-05-13,699150.0,1627350.0,-0.09033974,0.41828504,225,0
atitlan,2025-05-13,699450.0,1627350.0,-0.08902088,0.5128092,225,0
atitlan,2025-05-13,699750.0,1627350.0,-0.08799569,0.53924227,225,0
atitlan,2025-05-13,700050.0,1627350.0,-0.085375674,0.66831636,225,0
atitlan,2025-05-13,700350.0,1627350.0,-0.083667405,0.7655759,225,0
atitlan,2025-05-13,700650.0,1627350.0,-0.080254965,0.97078973,225,0
atitlan,2025-05-13,700950.0,1627350.0,-0.07078263,1.5052853,225,0
atitlan,2025-05-13,701250.0,1627350.0,0.19874145,11.993046,225,0
atitlan,2025-05-13,701550.0,1627350.0,0.276199,14.7703085,225,1
atitlan,2025-05-13,701850.0,1627350.0,0.27391154,14.694756,225,1
atitlan,2025-05-13,702150.0,1627350.0,0.30215415,18.37464,225,1
atitlan,2025-05-13,702450.0,1627350.0,0.26486343,15.310392,225,1
atitlan,2025-05-13,702750.0,1627350.0,0.23383717,14.144262,225,1
atitlan,2025-05-13,703050.0,1627350.0,0.2866738,19.076738,225,1
atitlan,2025-05-13,703350.0,1627350.0,0.28101406,20.204014,225,1
atitlan,2025-05-13,703650.0,1627350.0,0.1524262,8.101667,225,0
atitlan,2025-05-13,703950.0,1627350.0,0.14975335,10.665646,225,0
atitlan,2025-05-13,704250.0,1627350.0,0.23583284,15.17065,225,1
atitlan,2025-05-13,704550.0,1627350.0,0.14886639,9.200671,225,0
atitlan,2025-05-13,704850.0,1627350.0,0.117370956,7.2250624,225,0
atitlan,2025-05-13,705150.0,1627350.0,0.23373452,14.254173,225,1
atitlan,2025-05-13,705450.0,1627350.0,0.27532092,17.726025,225,1
atitlan,2025-05-13,705750.0,1627350.0,0.31427976,23.372965,225,1
atitlan,2025-05-13,706050.0,1627350.0,0.08715516,6.769126,225,0
atitlan,2025-05-13,706350.0,1627350.0,0.20526563,15.1067705,225,1
atitlan,2025-05-13,706650.0,1627350.0,0.38328028,34.82372,225,1
atitlan,2025-05-13,706950.0,1627350.0,0.33075035,23.610008,225,1
atitlan,2025-05-13,707250.0,1627350.0,0.3327075,22.840483,225,1
atitlan,2025-05-13,707550.0,1627350.0,0.32347363,22.759233,225,1
atitlan,2025-05-13,707850.0,1627350.0,0.27458844,15.483892,45,1
atitlan,2025-05-13,680250.0,1627650.0,0.2795925,20.367899,180,1
atitlan,2025-05-13,680550.0,1627650.0,0.29651007,20.090801,225,1
atitlan,2025-05-13,680850.0,1627650.0,0.1210174,6.795401,225,0
atitlan,2025-05-13,681150.0,1627650.0,0.10001404,7.1709046,225,0
atitlan,2025-05-13,681450.0,1627650.0,0.29376796,23.144001,225,1
atitlan,2025-05-13,681750.0,1627650.0,0.28524122,23.201426,225,1
atitlan,2025-05-13,682050.0,1627650.0,0.119237736,9.582806,225,0
atitlan,2025-05-13,682350.0,1627650.0,0.17355281,13.079602,225,1
atitlan,2025-05-13,682650.0,1627650.0,0.10845755,8.851684,225,0
atitlan,2025-05-13,682950.0,1627650.0,0.071077116,5.333227,225,0
atitlan,2025-05-13,683250.0,1627650.0,0.12639955,9.667565,225,0
atitlan,2025-05-13,683550.0,1627650.0,0.20030166,12.710559,225,1
atitlan,2025-05-13,683850.0,1627650.0,0.26475877,16.236662,225,1
atitlan,2025-05-13,684150.0,1627650.0,0.27699235,16.836689,225,1
atitlan,2025-05-13,684450.0,1627650.0,0.22073619,10.375479,225,0
atitlan,2025-05-13,684750.0,1627650.0,0.21421239,9.810024,225,0
atitlan,2025-05-13,685050.0,1627650.0,0.2032191,11.031476,225,0
atitlan,2025-05-13,685350.0,1627650.0,0.22963929,12.545819,225,1
atitlan,2025-05-13,685650.0,1627650.0,0.19830137,11.346851,225,0
atitlan,2025-05-13,685950.0,1627650.0,0.21162727,13.355468,225,1
atitlan,2025-05-13,686250.0,1627650.0,0.07823789,6.1620336,225,0
atitlan,2025-05-13,686550.0,1627650.0,-0.047648787,2.5325522,225,0
atitlan,2025-05-13,686850.0,1627650.0,-0.051761836,2.449513,225,0
atitlan,2025-05-13,687150.0,1627650.0,-0.052224252,2.4013562,225,0
atitlan,2025-05-13,687450.0,1627650.0,-0.053513795,2.3747995,225,0
atitlan,2025-05-13,687750.0,1627650.0,-0.0557514,2.2896001,225,0
atitlan,2025-05-13,688050.0,1627650.0,-0.054710846,2.3343935,225,0
atitlan,2025-05-13,688350.0,1627650.0,-0.056191567,2.266842,225,0
atitlan,2025-05-13,688650.0,1627650.0,-0.056790076,2.232909,225,0
atitlan,2025-05-13,688950.0,1627650.0,-0.05773021,2.1947687,225,0
atitlan,2025-05-13,689250.0,1627650.0,-0.06052847,2.0589218,225,0
atitlan,2025-05-13,689550.0,1627650.0,-0.06308386,1.9313416,225,0
atitlan,2025-05-13,689850.0,1627650.0,-0.063767396,1.8873323,225,0
atitlan,2025-05-13,690150.0,1627650.0,-0.06591299,1.7590492,225,0
atitlan,2025-05-13,690450.0,1627650.0,-0.06602827,1.758018,225,0
atitlan,2025-05-13,690750.0,1627650.0,-0.06892311,1.6218481,225,0
atitlan,2025-05-13,691050.0,1627650.0,-0.0743829,1.309963,225,0
atitlan,2025-05-13,691350.0,1627650.0,-0.077019975,1.1967067,225,0
atitlan,2025-05-13,691650.0,1627650.0,-0.082716964,0.87835234,225,0
atitlan,2025-05-13,691950.0,1627650.0,-0.08606648,0.69056255,225,0
atitlan,2025-05-13,692250.0,1627650.0,-0.09163604,0.36161658,225,0
atitlan,2025-05-13,692550.0,1627650.0,-0.093277335,0.30284792,225,0
atitlan,2025-05-13,692850.0,1627650.0,-0.09109803,0.39116699,225,0
atitlan,2025-05-13,693150.0,1627650.0,-0.09210858,0.36159277,225,0
atitlan,2025-05-13,693450.0,1627650.0,-0.091087386,0.41863984,225,0
atitlan,2025-05-13,693750.0,1627650.0,-0.09086952,0.39315945,225,0
atitlan,2025-05-13,694050.0,1627650.0,-0.08940876,0.45098785,225,0
atitlan,2025-05-13,694350.0,1627650.0,-0.091760434,0.34212267,225,0
atitlan,2025-05-13,694650.0,1627650.0,-0.091461875,0.3481435,225,0
atitlan,2025-05-13,694950.0,1627650.0,-0.09280563,0.31996444,225,0
atitlan,2025-05-13,695250.0,1627650.0,-0.09439993,0.28385127,225,0
atitlan,2025-05-13,695550.0,1627650.0,-0.09289457,0.29680282,225,0
atitlan,2025-05-13,695850.0,1627650.0,-0.092865616,0.2955677,225,0
atitlan,2025-05-13,696150.0,1627650.0,-0.09351249,0.27836397,225,0
atitlan,2025-05-13,696450.0,1627650.0,-0.09133556,0.37780616,225,0
atitlan,2025-05-13,696750.0,1627650.0,-0.090401076,0.42666087,225,0
atitlan,2025-05-13,697050.0,1627650.0,-0.0908753,0.3777,225,0
atitlan,2025-05-13,697350.0,1627650.0,-0.09122164,0.3950618,225,0
atitlan,2025-05-13,697650.0,1627650.0,-0.092241116,0.32782608,225,0
atitlan,2025-05-13,697950.0,1627650.0,-0.09157892,0.34666845,225,0
atitlan,2025-05-13,698250.0,1627650.0,-0.09146093,0.37186325,225,0
atitlan,2025-05-13,698550.0,1627650.0,-0.090212986,0.41189435,225,0
atitlan,2025-05-13,698850.0,1627650.0,-0.0915824,0.35708714,225,0
atitlan,2025-05-13,699150.0,1627650.0,-0.09019939,0.42410475,225,0
atitlan,2025-05-13,699450.0,1627650.0,-0.087256916,0.57440984,225,0
atitlan,2025-05-13,699750.0,1627650.0,-0.088538185,0.5221874,225,0
atitlan,2025-05-13,700050.0,1627650.0,-0.08720621,0.57938874,225,0
atitlan,2025-05-13,700350.0,1627650.0,-0.08406143,0.7602259,225,0
atitlan,2025-05-13,700650.0,1627650.0,-0.077736706,1.1183544,225,0
atitlan,2025-05-13,700950.0,1627650.0,-0.038745213,2.7026823,225,0
atitlan,2025-05-13,701250.0,1627650.0,0.2584181,16.20356,225,1
atitlan,2025-05-13,701550.0,1627650.0,0.2965474,16.978193,225,1
atitlan,2025-05-13,701850.0,1627650.0,0.25937802,12.967697,225,1
atitlan,2025-05-13,702150.0,1627650.0,0.27523765,16.722368,225,1
atitlan,2025-05-13,702450.0,1627650.0,0.29780284,20.897057,225,1
atitlan,2025-05-13,702750.0,1627650.0,0.21430165,12.593599,225,1
atitlan,2025-05-13,703050.0,1627650.0,0.19108741,11.032047,225,0
atitlan,2025-05-13,703350.0,1627650.0,0.23767579,16.512344,225,1
atitlan,2025-05-13,703650.0,1627650.0,0.20829596,14.388822,225,1
atitlan,2025-05-13,703950.0,1627650.0,0.2362752,15.708338,225,1
atitlan,2025-05-13,704250.0,1627650.0,0.13373293,8.478824,225,0
atitlan,2025-05-13,704550.0,1627650.0,0.13593814,9.280585,225,0
atitlan,2025-05-13,704850.0,1627650.0,0.17454234,10.786621,225,0
atitlan,2025-05-13,705150.0,1627650.0,0.15005083,8.500572,225,0
atitlan,2025-05-13,705450.0,1627650.0,0.17475843,11.895556,225,0
atitlan,2025-05-13,705750.0,1627650.0,0.29146484,19.596,225,1
atitlan,2025-05-13,706050.0,1627650.0,0.14667465,9.502685,225,0
atitlan,2025-05-13,706350.0,1627650.0,0.175452,11.451859,225,0
atitlan,2025-05-13,706650.0,1627650.0,0.34634554,35.0266,225,1
atitlan,2025-05-13,706950.0,1627650.0,0.3455722,27.078548,225,1
atitlan,2025-05-13,707250.0,1627650.0,0.25702715,17.751028,225,1
atitlan,2025-05-13,707550.0,1627650.0,0.29946208,19.042002,225,1
atitlan,2025-05-13,707850.0,1627650.0,0.31023842,20.255098,45,1
atitlan,2025-05-13,680250.0,1627950.0,0.38084504,31.78662,180,1
atitlan,2025-05-13,680550.0,1627950.0,0.3259179,24.286995,225,1
atitlan,2025-05-13,680850.0,1627950.0,0.14410332,7.1854177,225,0
atitlan,2025-05-13,681150.0,1627950.0,0.29765067,21.352991,225,1
atitlan,2025-05-13,681450.0,1627950.0,0.34910753,28.400877,225,1
atitlan,2025-05-13,681750.0,1627950.0,0.29501933,22.890074,225,1
atitlan,2025-05-13,682050.0,1627950.0,0.16027854,11.970784,225,0
atitlan,2025-05-13,682350.0,1627950.0,0.14105664,9.110279,225,0
atitlan,2025-05-13,682650.0,1627950.0,0.15501249,10.060625,225,0
atitlan,2025-05-13,682950.0,1627950.0,0.15636322,11.252724,225,0
atitlan,2025-05-13,683250.0,1627950.0,0.19727708,14.820007,225,1
atitlan,2025-05-13,683550.0,1627950.0,0.26773813,17.338104,225,1
atitlan,2025-05-13,683850.0,1627950.0,0.28895104,17.39703,225,1
atitlan,2025-05-13,684150.0,1627950.0,0.2888155,16.91344,225,1
atitlan,2025-05-13,684450.0,1627950.0,0.23503031,12.575844,225,1
atitlan,2025-05-13,684750.0,1627950.0,0.25239736,13.5467,225,1
atitlan,2025-05-13,685050.0,1627950.0,0.232775,11.614279,225,0
atitlan,2025-05-13,685350.0,1627950.0,0.22417375,11.920504,225,0
atitlan,2025-05-13,685650.0,1627950.0,0.26046407,13.557222,225,1
atitlan,2025-05-13,685950.0,1627950.0,0.12205623,8.33314,225,0
atitlan,2025-05-13,686250.0,1627950.0,0.16222255,9.5243435,225,0
atitlan,2025-05-13,686550.0,1627950.0,0.0770968,6.9565187,225,0
atitlan,2025-05-13,686850.0,1627950.0,-0.046181526,2.697949,225,0
atitlan,2025-05-13,687150.0,1627950.0,-0.04118985,2.8160343,225,0
atitlan,2025-05-13,687450.0,1627950.0,-0.045178413,2.7422726,225,0
atitlan,2025-05-13,687750.0,1627950.0,-0.04939022,2.5569656,225,0
atitlan,2025-05-13,688050.0,1627950.0,-0.050487585,2.514627,225,0
atitlan,2025-05-13,688350.0,1627950.0,-0.05272284,2.4200673,225,0
atitlan,2025-05-13,688650.0,1627950.0,-0.053823348,2.3745708,225,0
atitlan,2025-05-13,688950.0,1627950.0,-0.056084417,2.27213,225,0
atitlan,2025-05-13,689250.0,1627950.0,-0.060235154,2.0731974,225,0
atitlan,2025-05-13,689550.0,1627950.0,-0.06239722,1.9603997,225,0
atitlan,2025-05-13,689850.0,1627950.0,-0.0667691,1.7330142,225,0
atitlan,2025-05-13,690150.0,1627950.0,-0.066405706,1.7413702,225,0
atitlan,2025-05-13,690450.0,1627950.0,-0.07060921,1.5222303,225,0
atitlan,2025-05-13,690750.0,1627950.0,-0.0747266,1.2852013,225,0
atitlan,2025-05-13,691050.0,1627950.0,-0.07780513,1.1085169,225,0
atitlan,2025-05-13,691350.0,1627950.0,-0.07901667,1.0604577,225,0
atitlan,2025-05-13,691650.0,1627950.0,-0.08181564,0.902712,225,0
atitlan,2025-05-13,691950.0,1627950.0,-0.08715647,0.621187,225,0
atitlan,2025-05-13,692250.0,1627950.0,-0.0866951,0.5987099,225,0
atitlan,2025-05-13,692550.0,1627950.0,-0.09036378,0.40735307,225,0
atitlan,2025-05-13,692850.0,1627950.0,-0.09121948,0.37971923,225,0
atitlan,2025-05-13,693150.0,1627950.0,-0.09078459,0.4025503,225,0
atitlan,2025-05-13,693450.0,1627950.0,-0.09138564,0.37236226,225,0
atitlan,2025-05-13,693750.0,1627950.0,-0.09404719,0.2317664,225,0
atitlan,2025-05-13,694050.0,1627950.0,-0.09151137,0.37528503,225,0
atitlan,2025-05-13,694350.0,1627950.0,-0.09239209,0.3394207,225,0
atitlan,2025-05-13,694650.0,1627950.0,-0.09220312,0.3325983,225,0
atitlan,2025-05-13,694950.0,1627950.0,-0.091494225,0.36904985,225,0
atitlan,2025-05-13,695250.0,1627950.0,-0.09210552,0.33897966,225,0
atitlan,2025-05-13,695550.0,1627950.0,-0.09021903,0.42017126,225,0
atitlan,2025-05-13,695850.0,1627950.0,-0.08918091,0.49504638,225,0
atitlan,2025-05-13,696150.0,1627950.0,-0.09004394,0.43250588,225,0
atitlan,2025-05-13,696450.0,1627950.0,-0.090320215,0.44437033,225,0
atitlan,2025-05-13,696750.0,1627950.0,-0.08907469,0.48991057,225,0
atitlan,2025-05-13,697050.0,1627950.0,-0.09095271,0.3939762,225,0
atitlan,2025-05-13,697350.0,1627950.0,-0.09205508,0.3647808,225,0
atitlan,2025-05-13,697650.0,1627950.0,-0.093007684,0.34553558,225,0
atitlan,2025-05-13,697950.0,1627950.0,-0.09297192,0.31879187,225,0
atitlan,2025-05-13,698250.0,1627950.0,-0.09183022,0.37181163,225,0
atitlan,2025-05-13,698550.0,1627950.0,-0.09187127,0.35383457,225,0
atitlan,2025-05-13,698850.0,1627950.0,-0.08995044,0.4451585,225,0
atitlan,2025-05-13,699150.0,1627950.0,-0.08905259,0.48570848,225,0
atitlan,2025-05-13,699450.0,1627950.0,-0.08613439,0.6180386,225,0
atitlan,2025-05-13,699750.0,1627950.0,-0.085798055,0.6431643,225,0
atitlan,2025-05-13,700050.0,1627950.0,-0.08235093,0.8402905,225,0
atitlan,2025-05-13,700350.0,1627950.0,-0.078185864,1.0959888,225,0
atitlan,2025-05-13,700650.0,1627950.0,-0.07288894,1.3998647,225,0
atitlan,2025-05-13,700950.0,1627950.0,0.06406104,6.758844,225,0
atitlan,2025-05-13,701250.0,1627950.0,0.26599178,16.307495,225,1
atitlan,2025-05-13,701550.0,1627950.0,0.26696151,13.988299,225,1
atitlan,2025-05-13,701850.0,1627950.0,0.27680126,16.866919,225,1
atitlan,2025-05-13,702150.0,1627950.0,0.2478294,14.991322,225,1
atitlan,2025-05-13,702450.0,1627950.0,0.13308442,8.0662775,225,0
atitlan,2025-05-13,702750.0,1627950.0,0.31144467,22.773157,225,1
atitlan,2025-05-13,703050.0,1627950.0,0.09784325,7.874216,225,0
atitlan,2025-05-13,703350.0,1627950.0,0.16788065,12.897425,225,1
atitlan,2025-05-13,703650.0,1627950.0,0.117961146,7.689877,225,0
atitlan,2025-05-13,703950.0,1627950.0,0.15569085,9.3470125,225,0
atitlan,2025-05-13,704250.0,1627950.0,0.14837182,9.802988,225,0
atitlan,2025-05-13,704550.0,1627950.0,0.12854229,8.778297,225,0
atitlan,2025-05-13,704850.0,1627950.0,0.13735023,10.184084,225,0
atitlan,2025-05-13,705150.0,1627950.0,0.21639556,13.517562,225,1
atitlan,2025-05-13,705450.0,1627950.0,0.26516685,15.659815,225,1
atitlan,2025-05-13,705750.0,1627950.0,0.29867998,20.457918,225,1
atitlan,2025-05-13,706050.0,1627950.0,0.24661486,16.621256,225,1
atitlan,2025-05-13,706350.0,1627950.0,0.35724288,28.07806,225,1
atitlan,2025-05-13,706650.0,1627950.0,0.34361583,27.171171,225,1
atitlan,2025-05-13,706950.0,1627950.0,0.20968479,11.389076,225,0
atitlan,2025-05-13,707250.0,1627950.0,0.29726598,22.19323,225,1
atitlan,2025-05-13,707550.0,1627950.0,0.2917027,18.006245,225,1
atitlan,2025-05-13,707850.0,1627950.0,0.27321804,14.508069,45,1
atitlan,2025-05-13,680250.0,1628250.0,0.35900417,31.829216,180,1
atitlan,2025-05-13,680550.0,1628250.0,0.3624176,32.113052,225,1
atitlan,2025-05-13,680850.0,1628250.0,0.26947916,18.51723,225,1
atitlan,2025-05-13,681150.0,1628250.0,0.33416447,26.472456,225,1
atitlan,2025-05-13,681450.0,1628250.0,0.35466358,28.1623,225,1
atitlan,2025-05-13,681750.0,1628250.0,0.36350843,29.89036,225,1
atitlan,2025-05-13,682050.0,1628250.0,0.30635065,23.405298,225,1
atitlan,2025-05-13,682350.0,1628250.0,0.25086793,19.35985,225,1
atitlan,2025-05-13,682650.0,1628250.0,0.24209595,16.922329,225,1
atitlan,2025-05-13,682950.0,1628250.0,0.33362064,26.59397,225,1
atitlan,2025-05-13,683250.0,1628250.0,0.3189077,25.079311,225,1
atitlan,2025-05-13,683550.0,1628250.0,0.27091372,17.21464,225,1
atitlan,2025-05-13,683850.0,1628250.0,0.21090402,10.443491,225,0
atitlan,2025-05-13,684150.0,1628250.0,0.29566118,18.02974,225,1
atitlan,2025-05-13,684450.0,1628250.0,0.28359938,15.53243,225,1
atitlan,2025-05-13,684750.0,1628250.0,0.26837394,14.229043,225,1
atitlan,2025-05-13,685050.0,1628250.0,0.26917204,14.264111,225,1
atitlan,2025-05-13,685350.0,1628250.0,0.220719,10.304364,225,0
atitlan,2025-05-13,685650.0,1628250.0,0.23409636,12.938964,225,1
atitlan,2025-05-13,685950.0,1628250.0,0.038016126,4.4251637,225,0
atitlan,2025-05-13,686250.0,1628250.0,0.21987385,14.115221,225,1
atitlan,2025-05-13,686550.0,1628250.0,0.17752363,11.165884,225,0
atitlan,2025-05-13,686850.0,1628250.0,-0.041976817,2.8455107,225,0
atitlan,2025-05-13,687150.0,1628250.0,0.070768364,6.2144823,225,0
atitlan,2025-05-13,687450.0,1628250.0,0.124937005,8.88268,225,0
atitlan,2025-05-13,687750.0,1628250.0,-0.015767146,3.5779917,225,0
atitlan,2025-05-13,688050.0,1628250.0,-0.014768287,3.5044036,225,0
atitlan,2025-05-13,688350.0,1628250.0,0.015321223,4.383012,225,0
atitlan,2025-05-13,688650.0,1628250.0,0.0065659815,5.462976,225,0
atitlan,2025-05-13,688950.0,1628250.0,-0.051516842,2.4656231,225,0
atitlan,2025-05-13,689250.0,1628250.0,-0.05849348,2.1458223,225,0
atitlan,2025-05-13,689550.0,1628250.0,-0.062539704,1.9274429,225,0
atitlan,2025-05-13,689850.0,1628250.0,-0.06495268,1.8153776,225,0
atitlan,2025-05-13,690150.0,1628250.0,-0.062235784,1.9619292,225,0
atitlan,2025-05-13,690450.0,1628250.0,-0.06625477,1.765774,225,0
atitlan,2025-05-13,690750.0,1628250.0,-0.075097375,1.2664722,225,0
atitlan,2025-05-13,691050.0,1628250.0,-0.0780712,1.1062448,225,0
atitlan,2025-05-13,691350.0,1628250.0,-0.08221579,0.8586592,225,0
atitlan,2025-05-13,691650.0,1628250.0,-0.08820357,0.541153,225,0
atitlan,2025-05-13,691950.0,1628250.0,-0.08937281,0.46130446,225,0
atitlan,2025-05-13,692250.0,1628250.0,-0.09062922,0.41285333,225,0
atitlan,2025-05-13,692550.0,1628250.0,-0.09167605,0.35163346,225,0
atitlan,2025-05-13,692850.0,1628250.0,-0.090591796,0.41162395,225,0
atitlan,2025-05-13,693150.0,1628250.0,-0.09141249,0.36153883,225,0
atitlan,2025-05-13,693450.0,1628250.0,-0.09215335,0.34173644,225,0
atitlan,2025-05-13,693750.0,1628250.0,-0.090076,0.43759224,225,0
atitlan,2025-05-13,694050.0,1628250.0,-0.08992061,0.44606343,225,0
atitlan,2025-05-13,694350.0,1628250.0,-0.08856317,0.51953506,225,0
atitlan,2025-05-13,694650.0,1628250.0,-0.08870441,0.49085712,225,0
atitlan,2025-05-13,694950.0,1628250.0,-0.08925258,0.45911556,225,0
atitlan,2025-05-13,695250.0,1628250.0,-0.091540314,0.35319775,225,0
atitlan,2025-05-13,695550.0,1628250.0,-0.09129831,0.38595968,225,0
atitlan,2025-05-13,695850.0,1628250.0,-0.09245471,0.3270527,225,0
atitlan,2025-05-13,696150.0,1628250.0,-0.09202562,0.3669849,225,0
atitlan,2025-05-13,696450.0,1628250.0,-0.09197415,0.36591715,225,0
atitlan,2025-05-13,696750.0,1628250.0,-0.092468545,0.31801882,225,0
atitlan,2025-05-13,697050.0,1628250.0,-0.091302976,0.40268543,225,0
atitlan,2025-05-13,697350.0,1628250.0,-0.09127802,0.39144748,225,0
atitlan,2025-05-13,697650.0,1628250.0,-0.091068015,0.38738075,225,0
atitlan,2025-05-13,697950.0,1628250.0,-0.09128187,0.3696854,225,0
atitlan,2025-05-13,698250.0,1628250.0,-0.0900537,0.4113928,225,0
atitlan,2025-05-13,698550.0,1628250.0,-0.090823255,0.40082818,225,0
atitlan,2025-05-13,698850.0,1628250.0,-0.08988624,0.43898976,225,0
atitlan,2025-05-13,699150.0,1628250.0,-0.089197665,0.46584904,225,0
atitlan,2025-05-13,699450.0,1628250.0,-0.08699353,0.5870368,225,0
atitlan,2025-05-13,699750.0,1628250.0,-0.08747732,0.56260324,225,0
atitlan,2025-05-13,700050.0,1628250.0,-0.079859495,0.9883087,225,0
atitlan,2025-05-13,700350.0,1628250.0,-0.041132834,3.0268333,225,0
atitlan,2025-05-13,700650.0,1628250.0,-0.0233646,2.8337169,225,0
atitlan,2025-05-13,700950.0,1628250.0,0.15867491,10.072247,225,0
atitlan,2025-05-13,701250.0,1628250.0,0.26945746,14.8240595,225,1
atitlan,2025-05-13,701550.0,1628250.0,0.25884938,15.01751,225,1
atitlan,2025-05-13,701850.0,1628250.0,0.2639281,15.156756,225,1
atitlan,2025-05-13,702150.0,1628250.0,0.30723688,20.667847,225,1
atitlan,2025-05-13,702450.0,1628250.0,0.25703254,18.366228,225,1
atitlan,2025-05-13,702750.0,1628250.0,0.3379575,25.50097,225,1
atitlan,2025-05-13,703050.0,1628250.0,0.2058992,16.143785,225,1
atitlan,2025-05-13,703350.0,1628250.0,0.08907423,6.126681,225,0
atitlan,2025-05-13,703650.0,1628250.0,0.16667666,10.427496,225,0
atitlan,2025-05-13,703950.0,1628250.0,0.08273868,5.642293,225,0
atitlan,2025-05-13,704250.0,1628250.0,0.0946155,6.1243067,225,0
atitlan,2025-05-13,704550.0,1628250.0,0.09249552,6.78728,225,0
atitlan,2025-05-13,704850.0,1628250.0,0.12837586,8.617099,225,0
atitlan,2025-05-13,705150.0,1628250.0,0.11364871,7.381554,225,0
atitlan,2025-05-13,705450.0,1628250.0,0.1997121,12.467732,225,1
atitlan,2025-05-13,705750.0,1628250.0,0.2986187,21.366543,225,1
atitlan,2025-05-13,706050.0,1628250.0,0.3039282,21.89459,225,1
atitlan,2025-05-13,706350.0,1628250.0,0.28333208,18.121292,225,1
atitlan,2025-05-13,706650.0,1628250.0,0.30131736,19.232664,225,1
atitlan,2025-05-13,706950.0,1628250.0,0.22831208,11.800677,225,0
atitlan,2025-05-13,707250.0,1628250.0,0.1903476,11.665443,225,0
atitlan,2025-05-13,707550.0,1628250.0,0.30252045,18.742622,225,1
atitlan,2025-05-13,707850.0,1628250.0,0.30255416,18.147654,45,1
atitlan,2025-05-13,680250.0,1628550.0,0.37971383,34.457882,180,1
atitlan,2025-05-13,680550.0,1628550.0,0.40328267,38.194622,225,1
atitlan,2025-05-13,680850.0,1628550.0,0.29875058,19.151487,225,1
atitlan,2025-05-13,681150.0,1628550.0,0.27393308,17.863104,225,1
atitlan,2025-05-13,681450.0,1628550.0,0.2897468,19.276217,225,1
atitlan,2025-05-13,681750.0,1628550.0,0.3261839,27.244024,225,1
atitlan,2025-05-13,682050.0,1628550.0,0.19445759,14.043323,225,1
atitlan,2025-05-13,682350.0,1628550.0,0.30489945,23.907764,225,1
atitlan,2025-05-13,682650.0,1628550.0,0.28481337,20.904394,225,1
atitlan,2025-05-13,682950.0,1628550.0,0.2026325,12.091559,225,1
atitlan,2025-05-13,683250.0,1628550.0,0.18280512,10.755815,225,0
atitlan,2025-05-13,683550.0,1628550.0,0.18603101,12.740627,225,1
atitlan,2025-05-13,683850.0,1628550.0,0.3120092,21.05288,225,1
atitlan,2025-05-13,684150.0,1628550.0,0.28692824,16.315216,225,1
atitlan,2025-05-13,684450.0,1628550.0,0.23078677,10.898488,225,0
atitlan,2025-05-13,684750.0,1628550.0,0.25994095,14.168035,225,1
atitlan,2025-05-13,685050.0,1628550.0,0.2479024,12.133727,225,1
atitlan,2025-05-13,685350.0,1628550.0,0.22499119,10.8341255,225,0
atitlan,2025-05-13,685650.0,1628550.0,0.24295981,15.537449,225,1
atitlan,2025-05-13,685950.0,1628550.0,0.18239203,12.281817,225,1
atitlan,2025-05-13,686250.0,1628550.0,0.26151383,15.53094,225,1
atitlan,2025-05-13,686550.0,1628550.0,0.1458526,7.2449455,225,0
atitlan,2025-05-13,686850.0,1628550.0,0.16500914,10.799787,225,0
atitlan,2025-05-13,687150.0,1628550.0,0.1522946,9.48442,225,0
atitlan,2025-05-13,687450.0,1628550.0,0.11828251,9.664017,225,0
atitlan,2025-05-13,687750.0,1628550.0,0.18480617,12.462931,225,1
atitlan,2025-05-13,688050.0,1628550.0,0.19780451,10.219388,225,0
atitlan,2025-05-13,688350.0,1628550.0,0.21322483,10.318855,225,0
atitlan,2025-05-13,688650.0,1628550.0,0.21655479,11.086338,225,0
atitlan,2025-05-13,688950.0,1628550.0,0.15804079,10.282549,225,0
atitlan,2025-05-13,689250.0,1628550.0,-0.025969772,3.6311483,225,0
atitlan,2025-05-13,689550.0,1628550.0,-0.06065465,2.0349984,225,0
atitlan,2025-05-13,689850.0,1628550.0,-0.06295298,1.9068435,225,0
atitlan,2025-05-13,690150.0,1628550.0,-0.066165626,1.7581607,225,0
atitlan,2025-05-13,690450.0,1628550.0,-0.07038779,1.5280268,225,0
atitlan,2025-05-13,690750.0,1628550.0,-0.079308614,1.0325035,225,0
atitlan,2025-05-13,691050.0,1628550.0,-0.08189562,0.89660335,225,0
atitlan,2025-05-13,691350.0,1628550.0,-0.07983505,0.9993911,225,0
atitlan,2025-05-13,691650.0,1628550.0,-0.08522866,0.68190354,225,0
atitlan,2025-05-13,691950.0,1628550.0,-0.087646015,0.54618245,225,0
atitlan,2025-05-13,692250.0,1628550.0,-0.08684975,0.59635633,225,0
atitlan,2025-05-13,692550.0,1628550.0,-0.086778924,0.58213407,225,0
atitlan,2025-05-13,692850.0,1628550.0,-0.0884805,0.5022116,225,0
atitlan,2025-05-13,693150.0,1628550.0,-0.08750595,0.5661095,225,0
atitlan,2025-05-13,693450.0,1628550.0,-0.08988856,0.45922953,225,0
atitlan,2025-05-13,693750.0,1628550.0,-0.08959898,0.4502396,225,0
atitlan,2025-05-13,694050.0,1628550.0,-0.09104317,0.39658374,225,0
atitlan,2025-05-13,694350.0,1628550.0,-0.090877175,0.38318896,225,0
atitlan,2025-05-13,694650.0,1628550.0,-0.090721674,0.4224975,225,0
atitlan,2025-05-13,694950.0,1628550.0,-0.09126934,0.38412556,225,0
atitlan,2025-05-13,695250.0,1628550.0,-0.09238342,0.3192785,225,0
atitlan,2025-05-13,695550.0,1628550.0,-0.09129535,0.3715132,225,0
atitlan,2025-05-13,695850.0,1628550.0,-0.091509536,0.39001966,225,0
atitlan,2025-05-13,696150.0,1628550.0,-0.0916975,0.38483655,225,0
atitlan,2025-05-13,696450.0,1628550.0,-0.094134,0.25212485,225,0
atitlan,2025-05-13,696750.0,1628550.0,-0.09346431,0.2896504,225,0
atitlan,2025-05-13,697050.0,1628550.0,-0.092569545,0.34177306,225,0
atitlan,2025-05-13,697350.0,1628550.0,-0.09310638,0.2993356,225,0
atitlan,2025-05-13,697650.0,1628550.0,-0.09222205,0.33922398,225,0
atitlan,2025-05-13,697950.0,1628550.0,-0.09315866,0.30559957,225,0
atitlan,2025-05-13,698250.0,1628550.0,-0.09292476,0.31096438,225,0
atitlan,2025-05-13,698550.0,1628550.0,-0.08912792,0.45289522,225,0
atitlan,2025-05-13,698850.0,1628550.0,-0.088380076,0.5027817,225,0
atitlan,2025-05-13,699150.0,1628550.0,-0.08502786,0.68954134,225,0
atitlan,2025-05-13,699450.0,1628550.0,-0.08212146,0.8559008,225,0
atitlan,2025-05-13,699750.0,1628550.0,-0.079230964,1.0375524,225,0
atitlan,2025-05-13,700050.0,1628550.0,-0.03634128,2.6337733,225,0
atitlan,2025-05-13,700350.0,1628550.0,0.21878394,13.518418,225,1
atitlan,2025-05-13,700650.0,1628550.0,0.15562755,10.556063,225,0
atitlan,2025-05-13,700950.0,1628550.0,0.097328134,6.67973,225,0
atitlan,2025-05-13,701250.0,1628550.0,0.25949362,15.720681,225,1
atitlan,2025-05-13,701550.0,1628550.0,0.272181,16.762392,225,1
atitlan,2025-05-13,701850.0,1628550.0,0.22807406,12.907448,225,1
atitlan,2025-05-13,702150.0,1628550.0,0.26679376,16.155241,225,1
atitlan,2025-05-13,702450.0,1628550.0,0.18007074,9.619638,225,0
atitlan,2025-05-13,702750.0,1628550.0,0.32378703,24.314505,225,1
atitlan,2025-05-13,703050.0,1628550.0,0.21141075,14.761355,225,1
atitlan,2025-05-13,703350.0,1628550.0,0.12479563,7.7038527,225,0
atitlan,2025-05-13,703650.0,1628550.0,0.20825887,12.212015,225,1
atitlan,2025-05-13,703950.0,1628550.0,0.12700228,8.372572,225,0
atitlan,2025-05-13,704250.0,1628550.0,0.06710175,5.173702,225,0
atitlan,2025-05-13,704550.0,1628550.0,0.09628881,6.2957644,225,0
atitlan,2025-05-13,704850.0,1628550.0,0.1051717,7.286389,225,0
atitlan,2025-05-13,705150.0,1628550.0,0.21587603,13.486467,225,1
atitlan,2025-05-13,705450.0,1628550.0,0.21568953,14.96028,225,1
atitlan,2025-05-13,705750.0,1628550.0,0.34182584,27.028442,225,1
atitlan,2025-05-13,706050.0,1628550.0,0.29959866,19.96412,225,1
atitlan,2025-05-13,706350.0,1628550.0,0.29380992,20.83104,225,1
atitlan,2025-05-13,706650.0,1628550.0,0.28935927,16.74821,225,1
atitlan,2025-05-13,706950.0,1628550.0,0.29359195,18.97576,225,1
atitlan,2025-05-13,707250.0,1628550.0,0.27935123,18.385303,225,1
atitlan,2025-05-13,707550.0,1628550.0,0.29161677,18.451565,225,1
atitlan,2025-05-13,707850.0,1628550.0,0.29779005,17.832098,45,1
atitlan,2025-05-13,680250.0,1628850.0,0.379208,32.419647,180,1
atitlan,2025-05-13,680550.0,1628850.0,0.396672,36.54349,225,1
atitlan,2025-05-13,680850.0,1628850.0,0.27738965,18.190449,225,1
atitlan,2025-05-13,681150.0,1628850.0,0.2706502,16.443857,225,1
atitlan,2025-05-13,681450.0,1628850.0,0.31466037,19.940903,225,1
atitlan,2025-05-13,681750.0,1628850.0,0.26727217,19.99255,225,1
atitlan,2025-05-13,682050.0,1628850.0,0.28061828,19.935383,225,1
atitlan,2025-05-13,682350.0,1628850.0,0.2874037,19.19755,225,1
atitlan,2025-05-13,682650.0,1628850.0,0.12088668,6.413909,225,0
atitlan,2025-05-13,682950.0,1628850.0,0.014942854,4.1676745,225,0
atitlan,2025-05-13,683250.0,1628850.0,0.0011340948,3.994786,225,0
atitlan,2025-05-13,683550.0,1628850.0,0.06545194,5.002394,225,0
atitlan,2025-05-13,683850.0,1628850.0,0.2322454,13.623376,225,1
atitlan,2025-05-13,684150.0,1628850.0,0.33845872,25.672377,225,1
atitlan,2025-05-13,684450.0,1628850.0,0.31608802,21.27524,225,1
atitlan,2025-05-13,684750.0,1628850.0,0.28279394,16.03698,225,1
atitlan,2025-05-13,685050.0,1628850.0,0.26183057,14.177566,225,1
atitlan,2025-05-13,685350.0,1628850.0,0.27488405,14.907689,225,1
atitlan,2025-05-13,685650.0,1628850.0,0.29526234,18.39122,225,1
atitlan,2025-05-13,685950.0,1628850.0,0.32282406,21.135244,225,1
atitlan,2025-05-13,686250.0,1628850.0,0.24662939,12.744115,225,1
atitlan,2025-05-13,686550.0,1628850.0,0.15244517,7.22979,225,0
atitlan,2025-05-13,686850.0,1628850.0,0.22370909,12.194158,225,1
atitlan,2025-05-13,687150.0,1628850.0,0.23570082,14.222733,225,1
atitlan,2025-05-13,687450.0,1628850.0,0.23262797,14.634602,225,1
atitlan,2025-05-13,687750.0,1628850.0,0.20748356,13.276398,225,1
atitlan,2025-05-13,688050.0,1628850.0,0.27816376,14.545268,225,1
atitlan,2025-05-13,688350.0,1628850.0,0.18601769,8.444607,225,0
atitlan,2025-05-13,688650.0,1628850.0,0.16398586,6.899683,225,0
atitlan,2025-05-13,688950.0,1628850.0,0.12239046,6.366193,225,0
atitlan,2025-05-13,689250.0,1628850.0,-0.010777497,3.7346091,225,0
atitlan,2025-05-13,689550.0,1628850.0,-0.05273988,2.4070225,225,0
atitlan,2025-05-13,689850.0,1628850.0,-0.058031473,2.1762908,225,0
atitlan,2025-05-13,690150.0,1628850.0,-0.05049672,2.4096024,225,0
atitlan,2025-05-13,690450.0,1628850.0,-0.060675792,2.051388,225,0
atitlan,2025-05-13,690750.0,1628850.0,-0.070185855,1.533694,225,0
atitlan,2025-05-13,691050.0,1628850.0,-0.07847819,1.0687413,225,0
atitlan,2025-05-13,691350.0,1628850.0,-0.082482666,0.82821417,225,0
atitlan,2025-05-13,691650.0,1628850.0,-0.08270489,0.8251311,225,0
atitlan,2025-05-13,691950.0,1628850.0,-0.083999746,0.75283176,225,0
atitlan,2025-05-13,692250.0,1628850.0,-0.08685093,0.5933499,225,0
atitlan,2025-05-13,692550.0,1628850.0,-0.08682231,0.5907155,225,0
atitlan,2025-05-13,692850.0,1628850.0,-0.08816029,0.54495394,225,0
atitlan,2025-05-13,693150.0,1628850.0,-0.090708084,0.39792287,225,0
atitlan,2025-05-13,693450.0,1628850.0,-0.089125514,0.45710307,225,0
atitlan,2025-05-13,693750.0,1628850.0,-0.08906465,0.46147618,225,0
atitlan,2025-05-13,694050.0,1628850.0,-0.090713084,0.38690338,225,0
atitlan,2025-05-13,694350.0,1628850.0,-0.08959702,0.43957928,225,0
atitlan,2025-05-13,694650.0,1628850.0,-0.08924779,0.46157503,225,0
atitlan,2025-05-13,694950.0,1628850.0,-0.08968626,0.4581112,225,0
atitlan,2025-05-13,695250.0,1628850.0,-0.09087043,0.3862072,225,0
atitlan,2025-05-13,695550.0,1628850.0,-0.09089726,0.3952949,225,0
atitlan,2025-05-13,695850.0,1628850.0,-0.09114373,0.37805292,225,0
atitlan,2025-05-13,696150.0,1628850.0,-0.09100011,0.37755683,225,0
atitlan,2025-05-13,696450.0,1628850.0,-0.093023345,0.2960592,225,0
atitlan,2025-05-13,696750.0,1628850.0,-0.09335971,0.26970398,225,0
atitlan,2025-05-13,697050.0,1628850.0,-0.09165104,0.36416975,225,0
atitlan,2025-05-13,697350.0,1628850.0,-0.09183003,0.34933147,225,0
atitlan,2025-05-13,697650.0,1628850.0,-0.08827714,0.5281321,225,0
atitlan,2025-05-13,697950.0,1628850.0,-0.08628761,0.63691497,225,0
atitlan,2025-05-13,698250.0,1628850.0,-0.08585454,0.6390875,225,0
atitlan,2025-05-13,698550.0,1628850.0,-0.08266604,0.82799613,225,0
atitlan,2025-05-13,698850.0,1628850.0,-0.08432695,0.72236514,225,0
atitlan,2025-05-13,699150.0,1628850.0,-0.08233039,0.847545,225,0
atitlan,2025-05-13,699450.0,1628850.0,-0.080529295,0.94817626,225,0
atitlan,2025-05-13,699750.0,1628850.0,-0.07492785,1.2827799,225,0
atitlan,2025-05-13,700050.0,1628850.0,0.064841636,7.4139457,225,0
atitlan,2025-05-13,700350.0,1628850.0,0.19177282,9.805497,225,0
atitlan,2025-05-13,700650.0,1628850.0,0.15917262,7.770393,225,0
atitlan,2025-05-13,700950.0,1628850.0,0.25432986,13.620977,225,1
atitlan,2025-05-13,701250.0,1628850.0,0.28461924,15.723823,225,1
atitlan,2025-05-13,701550.0,1628850.0,0.3306391,21.775297,225,1
atitlan,2025-05-13,701850.0,1628850.0,0.2881325,17.640627,225,1
atitlan,2025-05-13,702150.0,1628850.0,0.26091146,16.876997,225,1
atitlan,2025-05-13,702450.0,1628850.0,0.28065482,18.39007,225,1
atitlan,2025-05-13,702750.0,1628850.0,0.1945699,16.131525,225,1
atitlan,2025-05-13,703050.0,1628850.0,0.2033524,13.433162,225,1
atitlan,2025-05-13,703350.0,1628850.0,0.15837765,10.083228,225,0
atitlan,2025-05-13,703650.0,1628850.0,0.17143337,12.003234,225,1
atitlan,2025-05-13,703950.0,1628850.0,0.16906863,10.0956335,225,0
atitlan,2025-05-13,704250.0,1628850.0,0.1492345,9.714199,225,0
atitlan,2025-05-13,704550.0,1628850.0,0.20087622,12.671434,225,1
atitlan,2025-05-13,704850.0,1628850.0,0.20583686,13.35119,225,1
atitlan,2025-05-13,705150.0,1628850.0,0.2184596,13.980157,225,1
atitlan,2025-05-13,705450.0,1628850.0,0.28762475,18.967573,225,1
atitlan,2025-05-13,705750.0,1628850.0,0.3216076,22.982285,225,1
atitlan,2025-05-13,706050.0,1628850.0,0.3156224,22.978947,225,1
atitlan,2025-05-13,706350.0,1628850.0,0.27093658,16.116148,225,1
atitlan,2025-05-13,706650.0,1628850.0,0.22705056,14.306092,225,1
atitlan,2025-05-13,706950.0,1628850.0,0.2022015,11.963263,225,0
atitlan,2025-05-13,707250.0,1628850.0,0.28934276,19.26649,225,1
atitlan,2025-05-13,707550.0,1628850.0,0.29241374,18.633286,225,1
atitlan,2025-05-13,707850.0,1628850.0,0.29514214,20.033403,45,1
atitlan,2025-05-13,680250.0,1629150.0,0.3898043,34.884365,180,1
atitlan,2025-05-13,680550.0,1629150.0,0.39295647,35.2355,225,1
atitlan,2025-05-13,680850.0,1629150.0,0.32189932,26.605711,225,1
atitlan,2025-05-13,681150.0,1629150.0,0.36687824,30.09721,225,1
atitlan,2025-05-13,681450.0,1629150.0,0.3321511,24.850208,225,1
atitlan,2025-05-13,681750.0,1629150.0,0.32136273,24.196934,225,1
atitlan,2025-05-13,682050.0,1629150.0,0.28776345,19.984386,225,1
atitlan,2025-05-13,682350.0,1629150.0,0.34683022,27.016947,225,1
atitlan,2025-05-13,682650.0,1629150.0,0.19066586,11.156681,225,0
atitlan,2025-05-13,682950.0,1629150.0,0.09266024,7.094828,225,0
atitlan,2025-05-13,683250.0,1629150.0,0.17769146,14.067303,225,1
atitlan,2025-05-13,683550.0,1629150.0,0.23409817,15.448344,225,1
atitlan,2025-05-13,683850.0,1629150.0,0.31483188,20.090635,225,1
atitlan,2025-05-13,684150.0,1629150.0,0.33887184,23.687452,225,1
atitlan,2025-05-13,684450.0,1629150.0,0.3322593,23.22501,225,1
atitlan,2025-05-13,684750.0,1629150.0,0.2844184,16.308252,225,1
atitlan,2025-05-13,685050.0,1629150.0,0.26204053,15.412984,225,1
atitlan,2025-05-13,685350.0,1629150.0,0.28943714,16.900028,225,1
atitlan,2025-05-13,685650.0,1629150.0,0.3145573,20.325863,225,1
atitlan,2025-05-13,685950.0,1629150.0,0.33750546,24.041927,225,1
atitlan,2025-05-13,686250.0,1629150.0,0.3294169,22.506367,225,1
atitlan,2025-05-13,686550.0,1629150.0,0.2636264,14.693051,225,1
atitlan,2025-05-13,686850.0,1629150.0,0.27744693,15.428688,225,1
atitlan,2025-05-13,687150.0,1629150.0,0.28720242,17.82279,225,1
atitlan,2025-05-13,687450.0,1629150.0,0.29789558,18.068014,225,1
atitlan,2025-05-13,687750.0,1629150.0,0.29047915,16.524235,225,1
atitlan,2025-05-13,688050.0,1629150.0,0.29449034,16.50032,225,1
atitlan,2025-05-13,688350.0,1629150.0,0.27841094,15.803161,225,1
atitlan,2025-05-13,688650.0,1629150.0,0.20568036,9.406855,225,0
atitlan,2025-05-13,688950.0,1629150.0,0.15983492,8.74222,225,0
atitlan,2025-05-13,689250.0,1629150.0,0.10676025,8.47079,225,0
atitlan,2025-05-13,689550.0,1629150.0,-0.028162494,3.822923,225,0
atitlan,2025-05-13,689850.0,1629150.0,-0.008960608,4.3470073,225,0
atitlan,2025-05-13,690150.0,1629150.0,0.10972117,6.9751134,225,0
atitlan,2025-05-13,690450.0,1629150.0,0.04323837,6.2152863,225,0
atitlan,2025-05-13,690750.0,1629150.0,-0.05825738,2.1194124,225,0
atitlan,2025-05-13,691050.0,1629150.0,-0.070872456,1.4965006,225,0
atitlan,2025-05-13,691350.0,1629150.0,-0.078304425,1.0892841,225,0
atitlan,2025-05-13,691650.0,1629150.0,-0.08073203,0.9404492,225,0
atitlan,2025-05-13,691950.0,1629150.0,-0.082278356,0.8451412,225,0
atitlan,2025-05-13,692250.0,1629150.0,-0.0842304,0.7287392,225,0
atitlan,2025-05-13,692550.0,1629150.0,-0.0854537,0.6699078,225,0
atitlan,2025-05-13,692850.0,1629150.0,-0.08835732,0.5115667,225,0
atitlan,2025-05-13,693150.0,1629150.0,-0.08762674,0.54911107,225,0
atitlan,2025-05-13,693450.0,1629150.0,-0.08715951,0.57433,225,0
atitlan,2025-05-13,693750.0,1629150.0,-0.08782434,0.5233603,225,0
atitlan,2025-05-13,694050.0,1629150.0,-0.08917385,0.4740024,225,0
atitlan,2025-05-13,694350.0,1629150.0,-0.08959957,0.4284198,225,0
atitlan,2025-05-13,694650.0,1629150.0,-0.08956819,0.45767194,225,0
atitlan,2025-05-13,694950.0,1629150.0,-0.09058873,0.414565,225,0
atitlan,2025-05-13,695250.0,1629150.0,-0.08934142,0.43092942,225,0
atitlan,2025-05-13,695550.0,1629150.0,-0.09101512,0.36664066,225,0
atitlan,2025-05-13,695850.0,1629150.0,-0.08764339,0.55657715,225,0
atitlan,2025-05-13,696150.0,1629150.0,-0.0869614,0.57569706,225,0
atitlan,2025-05-13,696450.0,1629150.0,-0.08642231,0.63323027,225,0
atitlan,2025-05-13,696750.0,1629150.0,-0.089926824,0.43452883,225,0
atitlan,2025-05-13,697050.0,1629150.0,-0.08838715,0.47919858,225,0
atitlan,2025-05-13,697350.0,1629150.0,-0.08931086,0.45383486,225,0
atitlan,2025-05-13,697650.0,1629150.0,-0.08708051,0.5666508,225,0
atitlan,2025-05-13,697950.0,1629150.0,-0.086610384,0.5887809,225,0
atitlan,2025-05-13,698250.0,1629150.0,-0.08227762,0.85893893,225,0
atitlan,2025-05-13,698550.0,1629150.0,-0.07962286,1.0063952,225,0
atitlan,2025-05-13,698850.0,1629150.0,-0.077325225,1.141028,225,0
atitlan,2025-05-13,699150.0,1629150.0,-0.07375583,1.3639777,225,0
atitlan,2025-05-13,699450.0,1629150.0,-0.07023146,1.5627317,225,0
atitlan,2025-05-13,699750.0,1629150.0,-0.057221364,2.1643565,225,0
atitlan,2025-05-13,700050.0,1629150.0,0.18930586,11.787218,225,0
atitlan,2025-05-13,700350.0,1629150.0,0.2947376,16.882738,225,1
atitlan,2025-05-13,700650.0,1629150.0,0.21522054,10.379284,225,0
atitlan,2025-05-13,700950.0,1629150.0,0.27251428,14.206137,225,1
atitlan,2025-05-13,701250.0,1629150.0,0.26440814,13.338272,225,1
atitlan,2025-05-13,701550.0,1629150.0,0.26224512,16.399237,225,1
atitlan,2025-05-13,701850.0,1629150.0,0.23954922,14.943627,225,1
atitlan,2025-05-13,702150.0,1629150.0,0.22311951,15.105836,225,1
atitlan,2025-05-13,702450.0,1629150.0,0.32942542,24.291403,225,1
atitlan,2025-05-13,702750.0,1629150.0,0.33383346,28.338177,225,1
atitlan,2025-05-13,703050.0,1629150.0,0.14542176,10.070051,225,0
atitlan,2025-05-13,703350.0,1629150.0,0.08932557,6.5466356,225,0
atitlan,2025-05-13,703650.0,1629150.0,0.098337844,7.873448,225,0
atitlan,2025-05-13,703950.0,1629150.0,0.11321663,8.075302,225,0
atitlan,2025-05-13,704250.0,1629150.0,0.25987324,15.044402,225,1
atitlan,2025-05-13,704550.0,1629150.0,0.08520377,6.074487,225,0
atitlan,2025-05-13,704850.0,1629150.0,0.07180517,5.2734957,225,0
atitlan,2025-05-13,705150.0,1629150.0,0.11202648,7.2159004,225,0
atitlan,2025-05-13,705450.0,1629150.0,0.30419797,19.607637,225,1
atitlan,2025-05-13,705750.0,1629150.0,0.34115577,25.14018,225,1
atitlan,2025-05-13,706050.0,1629150.0,0.28760508,18.687538,225,1
atitlan,2025-05-13,706350.0,1629150.0,0.25545594,17.379719,225,1
atitlan,2025-05-13,706650.0,1629150.0,0.24211685,16.123371,225,1
atitlan,2025-05-13,706950.0,1629150.0,0.14312571,8.663677,225,0
atitlan,2025-05-13,707250.0,1629150.0,0.26877216,16.108227,225,1
atitlan,2025-05-13,707550.0,1629150.0,0.21969482,13.885365,225,1
atitlan,2025-05-13,707850.0,1629150.0,0.23325695,14.053023,45,1
atitlan,2025-05-13,680250.0,1629450.0,0.38671806,35.91309,180,1
atitlan,2025-05-13,680550.0,1629450.0,0.40213534,38.41684,225,1
atitlan,2025-05-13,680850.0,1629450.0,0.3357785,26.875616,225,1
atitlan,2025-05-13,681150.0,1629450.0,0.38299486,32.61166,225,1
atitlan,2025-05-13,681450.0,1629450.0,0.39381236,35.700165,225,1
atitlan,2025-05-13,681750.0,1629450.0,0.23847646,14.079413,225,1
atitlan,2025-05-13,682050.0,1629450.0,0.08128694,5.215368,225,0
atitlan,2025-05-13,682350.0,1629450.0,0.16126807,10.0767765,225,0
atitlan,2025-05-13,682650.0,1629450.0,0.34269732,24.213047,225,1
atitlan,2025-05-13,682950.0,1629450.0,0.2865982,19.177052,225,1
atitlan,2025-05-13,683250.0,1629450.0,0.36823723,31.553638,225,1
atitlan,2025-05-13,683550.0,1629450.0,0.40330037,38.842644,225,1
atitlan,2025-05-13,683850.0,1629450.0,0.3143282,20.775105,225,1
atitlan,2025-05-13,684150.0,1629450.0,0.34318817,24.078661,225,1
atitlan,2025-05-13,684450.0,1629450.0,0.3335701,24.927536,225,1
atitlan,2025-05-13,684750.0,1629450.0,0.34353957,26.56453,225,1
atitlan,2025-05-13,685050.0,1629450.0,0.32405505,23.95924,225,1
atitlan,2025-05-13,685350.0,1629450.0,0.31897154,23.880747,225,1
atitlan,2025-05-13,685650.0,1629450.0,0.3154214,21.820559,225,1
atitlan,2025-05-13,685950.0,1629450.0,0.31184992,19.968386,225,1
atitlan,2025-05-13,686250.0,1629450.0,0.33294338,23.087202,225,1
atitlan,2025-05-13,686550.0,1629450.0,0.29649004,17.841375,225,1
atitlan,2025-05-13,686850.0,1629450.0,0.30949593,19.557926,225,1
atitlan,2025-05-13,687150.0,1629450.0,0.32302245,22.641748,225,1
atitlan,2025-05-13,687450.0,1629450.0,0.30536318,18.625813,225,1
atitlan,2025-05-13,687750.0,1629450.0,0.30098236,17.696028,225,1
atitlan,2025-05-13,688050.0,1629450.0,0.303254,18.751305,225,1
atitlan,2025-05-13,688350.0,1629450.0,0.22504276,9.983719,225,0
atitlan,2025-05-13,688650.0,1629450.0,0.20787156,11.907548,225,0
atitlan,2025-05-13,688950.0,1629450.0,0.16270848,9.73627,225,0
atitlan,2025-05-13,689250.0,1629450.0,0.18940781,11.283196,225,0
atitlan,2025-05-13,689550.0,1629450.0,0.24670584,15.85277,223,1
atitlan,2025-05-13,689850.0,1629450.0,0.26026183,13.859373,225,1
atitlan,2025-05-13,690150.0,1629450.0,0.19836222,8.894273,225,0
atitlan,2025-05-13,690450.0,1629450.0,0.22202168,11.262083,225,0
atitlan,2025-05-13,690750.0,1629450.0,0.17645374,8.820142,225,0
atitlan,2025-05-13,691050.0,1629450.0,0.11494828,7.999416,225,0
atitlan,2025-05-13,691350.0,1629450.0,-0.065632984,1.731192,225,0
atitlan,2025-05-13,691650.0,1629450.0,-0.07317415,1.3862995,225,0
atitlan,2025-05-13,691950.0,1629450.0,-0.0765945,1.1844461,225,0
atitlan,2025-05-13,692250.0,1629450.0,-0.07939794,1.0239174,225,0
atitlan,2025-05-13,692550.0,1629450.0,-0.081536636,0.90095127,225,0
atitlan,2025-05-13,692850.0,1629450.0,-0.08501596,0.6904937,225,0
atitlan,2025-05-13,693150.0,1629450.0,-0.08585389,0.63921374,225,0
atitlan,2025-05-13,693450.0,1629450.0,-0.08572165,0.64670527,225,0
atitlan,2025-05-13,693750.0,1629450.0,-0.08559887,0.65002936,225,0
atitlan,2025-05-13,694050.0,1629450.0,-0.08570251,0.63989943,225,0
atitlan,2025-05-13,694350.0,1629450.0,-0.08489279,0.69431984,225,0
atitlan,2025-05-13,694650.0,1629450.0,-0.08585182,0.6352313,225,0
atitlan,2025-05-13,694950.0,1629450.0,-0.08574774,0.6413211,225,0
atitlan,2025-05-13,695250.0,1629450.0,-0.085918345,0.6308175,225,0
atitlan,2025-05-13,695550.0,1629450.0,-0.08576098,0.63559353,225,0
atitlan,2025-05-13,695850.0,1629450.0,-0.08669513,0.5662314,225,0
atitlan,2025-05-13,696150.0,1629450.0,-0.08606955,0.6243506,225,0
atitlan,2025-05-13,696450.0,1629450.0,-0.08820802,0.4938061,225,0
atitlan,2025-05-13,696750.0,1629450.0,-0.08646637,0.6006276,225,0
atitlan,2025-05-13,697050.0,1629450.0,-0.08459157,0.69368947,225,0
atitlan,2025-05-13,697350.0,1629450.0,-0.08399971,0.73808485,225,0
atitlan,2025-05-13,697650.0,1629450.0,-0.08321575,0.7843736,225,0
atitlan,2025-05-13,697950.0,1629450.0,-0.078431986,1.0833534,225,0
atitlan,2025-05-13,698250.0,1629450.0,-0.07556418,1.2478611,225,0
atitlan,2025-05-13,698550.0,1629450.0,-0.06346206,1.7756873,225,0
atitlan,2025-05-13,698850.0,1629450.0,-0.042762328,2.68951,225,0
atitlan,2025-05-13,699150.0,1629450.0,-0.047226626,2.3672879,225,0
atitlan,2025-05-13,699450.0,1629450.0,0.024757512,5.5472374,225,0
atitlan,2025-05-13,699750.0,1629450.0,0.19067355,13.22657,225,1
atitlan,2025-05-13,700050.0,1629450.0,0.28581813,18.673628,225,1
atitlan,2025-05-13,700350.0,1629450.0,0.31536454,20.134247,225,1
atitlan,2025-05-13,700650.0,1629450.0,0.25913465,15.36735,225,1
atitlan,2025-05-13,700950.0,1629450.0,0.2981839,22.011023,225,1
atitlan,2025-05-13,701250.0,1629450.0,0.25496128,18.312931,225,1
atitlan,2025-05-13,701550.0,1629450.0,0.17348455,11.456482,225,0
atitlan,2025-05-13,701850.0,1629450.0,0.18002933,10.838621,225,0
atitlan,2025-05-13,702150.0,1629450.0,0.20333457,13.940311,225,1
atitlan,2025-05-13,702450.0,1629450.0,0.19349942,12.739787,225,1
atitlan,2025-05-13,702750.0,1629450.0,0.22425976,14.414608,225,1
atitlan,2025-05-13,703050.0,1629450.0,0.17854622,12.745741,225,1
atitlan,2025-05-13,703350.0,1629450.0,0.15329373,11.065555,225,0
atitlan,2025-05-13,703650.0,1629450.0,0.062309828,4.9877815,225,0
atitlan,2025-05-13,703950.0,1629450.0,0.06272171,5.6063104,225,0
atitlan,2025-05-13,704250.0,1629450.0,0.15841271,10.180658,225,0
atitlan,2025-05-13,704550.0,1629450.0,0.074394904,6.002108,225,0
atitlan,2025-05-13,704850.0,1629450.0,0.045326307,4.6742487,225,0
atitlan,2025-05-13,705150.0,1629450.0,0.16647975,10.116678,225,0
atitlan,2025-05-13,705450.0,1629450.0,0.2633706,14.945228,225,1
atitlan,2025-05-13,705750.0,1629450.0,0.25342798,14.266719,225,1
atitlan,2025-05-13,706050.0,1629450.0,0.26786134,14.300191,225,1
atitlan,2025-05-13,706350.0,1629450.0,0.23927507,14.678367,225,1
atitlan,2025-05-13,706650.0,1629450.0,0.22712925,13.58975,225,1
atitlan,2025-05-13,706950.0,1629450.0,0.23104219,12.811625,225,1
atitlan,2025-05-13,707250.0,1629450.0,0.22924948,11.511073,225,0
atitlan,2025-05-13,707550.0,1629450.0,0.24526942,13.301497,225,1
atitlan,2025-05-13,707850.0,1629450.0,0.2744284,17.888458,45,1
atitlan,2025-05-13,680250.0,1629750.0,0.37495765,32.040718,180,1
atitlan,2025-05-13,680550.0,1629750.0,0.38454,36.16136,225,1
atitlan,2025-05-13,680850.0,1629750.0,0.3351195,29.093666,225,1
atitlan,2025-05-13,681150.0,1629750.0,0.40250424,39.615143,225,1
atitlan,2025-05-13,681450.0,1629750.0,0.3979716,39.599396,225,1
atitlan,2025-05-13,681750.0,1629750.0,0.32761702,25.37171,225,1
atitlan,2025-05-13,682050.0,1629750.0,0.16515404,8.71941,225,0
atitlan,2025-05-13,682350.0,1629750.0,0.06446313,5.1649885,225,0
atitlan,2025-05-13,682650.0,1629750.0,0.22685416,15.341548,225,1
atitlan,2025-05-13,682950.0,1629750.0,0.3327454,22.475487,225,1
atitlan,2025-05-13,683250.0,1629750.0,0.31775576,20.098803,225,1
atitlan,2025-05-13,683550.0,1629750.0,0.31100065,23.498299,225,1
atitlan,2025-05-13,683850.0,1629750.0,0.23518825,15.379482,225,1
atitlan,2025-05-13,684150.0,1629750.0,0.30938703,20.624287,225,1
atitlan,2025-05-13,684450.0,1629750.0,0.3384148,26.754599,225,1
atitlan,2025-05-13,684750.0,1629750.0,0.36792788,29.763584,225,1
atitlan,2025-05-13,685050.0,1629750.0,0.3109695,20.61917,225,1
atitlan,2025-05-13,685350.0,1629750.0,0.3477491,26.287174,225,1
atitlan,2025-05-13,685650.0,1629750.0,0.35854837,27.981934,225,1
atitlan,2025-05-13,685950.0,1629750.0,0.32882643,22.022306,225,1
atitlan,2025-05-13,686250.0,1629750.0,0.34653476,25.673492,225,1
atitlan,2025-05-13,686550.0,1629750.0,0.33906612,24.695469,225,1
atitlan,2025-05-13,686850.0,1629750.0,0.3456615,25.120995,225,1
atitlan,2025-05-13,687150.0,1629750.0,0.3384304,24.283318,225,1
atitlan,2025-05-13,687450.0,1629750.0,0.3307357,22.205578,225,1
atitlan,2025-05-13,687750.0,1629750.0,0.313221,20.024076,225,1
atitlan,2025-05-13,688050.0,1629750.0,0.28195655,15.518864,225,1
atitlan,2025-05-13,688350.0,1629750.0,0.26626626,14.416796,225,1
atitlan,2025-05-13,688650.0,1629750.0,0.21760589,13.024923,225,1
atitlan,2025-05-13,688950.0,1629750.0,0.25415626,14.520785,225,1
atitlan,2025-05-13,689250.0,1629750.0,0.24042152,11.069139,225,0
atitlan,2025-05-13,689550.0,1629750.0,0.24588828,12.382576,225,1
atitlan,2025-05-13,689850.0,1629750.0,0.23296241,10.134075,225,0
atitlan,2025-05-13,690150.0,1629750.0,0.19204901,8.938407,225,0
atitlan,2025-05-13,690450.0,1629750.0,0.2481016,12.628215,225,1
atitlan,2025-05-13,690750.0,1629750.0,0.21405475,9.895753,225,0
atitlan,2025-05-13,691050.0,1629750.0,0.20228855,9.5085945,225,0
atitlan,2025-05-13,691350.0,1629750.0,0.13601501,11.063477,225,0
atitlan,2025-05-13,691650.0,1629750.0,-0.050195873,2.4669538,225,0
atitlan,2025-05-13,691950.0,1629750.0,-0.055227544,2.101971,225,0
atitlan,2025-05-13,692250.0,1629750.0,-0.062145673,1.8296885,225,0
atitlan,2025-05-13,692550.0,1629750.0,-0.071240745,1.4784434,225,0
atitlan,2025-05-13,692850.0,1629750.0,-0.076371826,1.1999254,225,0
atitlan,2025-05-13,693150.0,1629750.0,-0.07874105,1.1047008,225,0
atitlan,2025-05-13,693450.0,1629750.0,-0.07919478,1.0366082,225,0
atitlan,2025-05-13,693750.0,1629750.0,-0.08013307,0.97856617,225,0
atitlan,2025-05-13,694050.0,1629750.0,-0.080743134,0.94482386,225,0
atitlan,2025-05-13,694350.0,1629750.0,-0.083247274,0.788691,225,0
atitlan,2025-05-13,694650.0,1629750.0,-0.08279312,0.80664814,225,0
atitlan,2025-05-13,694950.0,1629750.0,-0.08102974,0.93308747,225,0
atitlan,2025-05-13,695250.0,1629750.0,-0.082597256,0.82178897,225,0
atitlan,2025-05-13,695550.0,1629750.0,-0.08210172,0.85319185,225,0
atitlan,2025-05-13,695850.0,1629750.0,-0.0828892,0.80552554,225,0
atitlan,2025-05-13,696150.0,1629750.0,-0.08069428,0.9446011,225,0
atitlan,2025-05-13,696450.0,1629750.0,-0.08358276,0.7572544,225,0
atitlan,2025-05-13,696750.0,1629750.0,-0.084221005,0.72107905,225,0
atitlan,2025-05-13,697050.0,1629750.0,-0.0846412,0.6948076,225,0
atitlan,2025-05-13,697350.0,1629750.0,-0.083174266,0.79475254,225,0
atitlan,2025-05-13,697650.0,1629750.0,-0.08044224,0.9563144,225,0
atitlan,2025-05-13,697950.0,1629750.0,-0.07109261,1.5149589,225,0
atitlan,2025-05-13,698250.0,1629750.0,0.00031627523,4.710622,225,0
atitlan,2025-05-13,698550.0,1629750.0,0.1553559,10.065507,225,0
atitlan,2025-05-13,698850.0,1629750.0,0.1730089,10.77959,225,0
atitlan,2025-05-13,699150.0,1629750.0,0.23191679,14.376559,225,1
atitlan,2025-05-13,699450.0,1629750.0,0.2620872,14.573953,225,1
atitlan,2025-05-13,699750.0,1629750.0,0.25858474,13.029085,225,1
atitlan,2025-05-13,700050.0,1629750.0,0.28393388,15.8506775,225,1
atitlan,2025-05-13,700350.0,1629750.0,0.27911198,15.325096,225,1
atitlan,2025-05-13,700650.0,1629750.0,0.28803566,20.447075,225,1
atitlan,2025-05-13,700950.0,1629750.0,0.26758885,18.572779,225,1
atitlan,2025-05-13,701250.0,1629750.0,0.22029543,16.838547,225,1
atitlan,2025-05-13,701550.0,1629750.0,0.19179513,13.560003,225,1
atitlan,2025-05-13,701850.0,1629750.0,0.2703326,17.351007,225,1
atitlan,2025-05-13,702150.0,1629750.0,0.25205162,17.501429,225,1
atitlan,2025-05-13,702450.0,1629750.0,0.22867046,13.198839,225,1
atitlan,2025-05-13,702750.0,1629750.0,0.22113997,13.217044,225,1
atitlan,2025-05-13,703050.0,1629750.0,0.14199406,9.054521,225,0
atitlan,2025-05-13,703350.0,1629750.0,0.096129276,7.4943967,225,0
atitlan,2025-05-13,703650.0,1629750.0,0.083663516,6.485474,225,0
atitlan,2025-05-13,703950.0,1629750.0,0.11269971,8.995146,225,0
atitlan,2025-05-13,704250.0,1629750.0,0.06625663,5.32388,225,0
atitlan,2025-05-13,704550.0,1629750.0,0.10798018,7.180065,225,0
atitlan,2025-05-13,704850.0,1629750.0,0.13032581,8.000136,225,0
atitlan,2025-05-13,705150.0,1629750.0,0.18079706,10.894993,225,0
atitlan,2025-05-13,705450.0,1629750.0,0.23422651,12.786989,225,1
atitlan,2025-05-13,705750.0,1629750.0,0.24418642,14.445399,225,1
atitlan,2025-05-13,706050.0,1629750.0,0.2608726,15.661615,225,1
atitlan,2025-05-13,706350.0,1629750.0,0.2813261,16.061615,225,1
atitlan,2025-05-13,706650.0,1629750.0,0.20277998,12.134049,225,1
atitlan,2025-05-13,706950.0,1629750.0,0.21701656,11.814432,225,0
atitlan,2025-05-13,707250.0,1629750.0,0.22252081,9.986373,225,0
atitlan,2025-05-13,707550.0,1629750.0,0.20174532,11.524642,225,0
atitlan,2025-05-13,707850.0,1629750.0,0.2662173,14.18227,45,1
atitlan,2025-05-13,680250.0,1630050.0,0.3440011,28.501266,180,1
atitlan,2025-05-13,680550.0,1630050.0,0.37480438,34.200974,225,1
atitlan,2025-05-13,680850.0,1630050.0,0.39039764,34.953358,225,1
atitlan,2025-05-13,681150.0,1630050.0,0.3634889,32.231834,225,1
atitlan,2025-05-13,681450.0,1630050.0,0.3374204,25.847252,225,1
atitlan,2025-05-13,681750.0,1630050.0,0.36138162,28.15918,225,1
atitlan,2025-05-13,682050.0,1630050.0,0.28425753,18.230762,225,1
atitlan,2025-05-13,682350.0,1630050.0,0.2945635,22.48376,225,1
atitlan,2025-05-13,682650.0,1630050.0,0.27984738,18.937407,225,1
atitlan,2025-05-13,682950.0,1630050.0,0.32484686,24.01104,225,1
atitlan,2025-05-13,683250.0,1630050.0,0.30237085,19.389435,225,1
atitlan,2025-05-13,683550.0,1630050.0,0.15618418,8.268812,225,0
atitlan,2025-05-13,683850.0,1630050.0,0.025259966,4.4306455,225,0
atitlan,2025-05-13,684150.0,1630050.0,0.17770362,11.713323,225,0
atitlan,2025-05-13,684450.0,1630050.0,0.3996782,38.058693,225,1
atitlan,2025-05-13,684750.0,1630050.0,0.3507725,26.654217,225,1
atitlan,2025-05-13,685050.0,1630050.0,0.30148193,18.343328,225,1
atitlan,2025-05-13,685350.0,1630050.0,0.36118376,27.675343,225,1
atitlan,2025-05-13,685650.0,1630050.0,0.344292,25.427164,225,1
atitlan,2025-05-13,685950.0,1630050.0,0.33339196,22.846773,225,1
atitlan,2025-05-13,686250.0,1630050.0,0.2903503,18.893808,225,1
atitlan,2025-05-13,686550.0,1630050.0,0.3582432,28.266659,225,1
atitlan,2025-05-13,686850.0,1630050.0,0.36521438,28.681185,225,1
atitlan,2025-05-13,687150.0,1630050.0,0.3511823,25.71338,225,1
atitlan,2025-05-13,687450.0,1630050.0,0.3102548,19.32656,225,1
atitlan,2025-05-13,687750.0,1630050.0,0.35556504,27.33588,225,1
atitlan,2025-05-13,688050.0,1630050.0,0.30502582,18.638235,225,1
atitlan,2025-05-13,688350.0,1630050.0,0.27153626,17.102781,225,1
atitlan,2025-05-13,688650.0,1630050.0,0.23361374,13.6522,225,1
atitlan,2025-05-13,688950.0,1630050.0,0.3147218,20.419998,225,1
atitlan,2025-05-13,689250.0,1630050.0,0.2675389,13.6909275,225,1
atitlan,2025-05-13,689550.0,1630050.0,0.2764497,15.570307,225,1
atitlan,2025-05-13,689850.0,1630050.0,0.28264737,17.916632,225,1
atitlan,2025-05-13,690150.0,1630050.0,0.2242923,11.82258,225,0
atitlan,2025-05-13,690450.0,1630050.0,0.22187832,10.627448,225,0
atitlan,2025-05-13,690750.0,1630050.0,0.23452511,11.383707,225,0
atitlan,2025-05-13,691050.0,1630050.0,0.21425462,9.961388,225,0
atitlan,2025-05-13,691350.0,1630050.0,0.23464474,11.27134,225,0
atitlan,2025-05-13,691650.0,1630050.0,0.1909422,12.387601,225,1
atitlan,2025-05-13,691950.0,1630050.0,0.24365531,14.4976635,225,1
atitlan,2025-05-13,692250.0,1630050.0,0.17095411,7.866077,225,0
atitlan,2025-05-13,692550.0,1630050.0,0.07037475,7.4494224,225,0
atitlan,2025-05-13,692850.0,1630050.0,-0.064954594,1.8357481,225,0
atitlan,2025-05-13,693150.0,1630050.0,-0.0646857,1.800928,225,0
atitlan,2025-05-13,693450.0,1630050.0,-0.07032507,1.5524768,225,0
atitlan,2025-05-13,693750.0,1630050.0,-0.07281939,1.4128013,225,0
atitlan,2025-05-13,694050.0,1630050.0,-0.07057444,1.5375054,225,0
atitlan,2025-05-13,694350.0,1630050.0,-0.07091197,1.5172602,225,0
atitlan,2025-05-13,694650.0,1630050.0,-0.075682566,1.24678,225,0
atitlan,2025-05-13,694950.0,1630050.0,-0.078296006,1.0872242,225,0
atitlan,2025-05-13,695250.0,1630050.0,-0.07691732,1.175103,225,0
atitlan,2025-05-13,695550.0,1630050.0,-0.07796461,1.1263572,225,0
atitlan,2025-05-13,695850.0,1630050.0,-0.07703528,1.1659575,225,0
atitlan,2025-05-13,696150.0,1630050.0,-0.076718256,1.1875094,225,0
atitlan,2025-05-13,696450.0,1630050.0,-0.07888232,1.0562268,225,0
atitlan,2025-05-13,696750.0,1630050.0,-0.08304216,0.7986415,225,0
atitlan,2025-05-13,697050.0,1630050.0,-0.08372721,0.7522897,225,0
atitlan,2025-05-13,697350.0,1630050.0,-0.081223175,0.912608,225,0
atitlan,2025-05-13,697650.0,1630050.0,-0.07180509,1.4662642,225,0
atitlan,2025-05-13,697950.0,1630050.0,-0.0016466669,3.6536684,225,0
atitlan,2025-05-13,698250.0,1630050.0,0.07170937,5.5628333,225,0
atitlan,2025-05-13,698550.0,1630050.0,0.08871673,6.1802845,225,0
atitlan,2025-05-13,698850.0,1630050.0,0.11149367,7.8072944,225,0
atitlan,2025-05-13,699150.0,1630050.0,0.12879378,9.207267,225,0
atitlan,2025-05-13,699450.0,1630050.0,0.29808295,17.829073,225,1
atitlan,2025-05-13,699750.0,1630050.0,0.3070213,18.302628,225,1
atitlan,2025-05-13,700050.0,1630050.0,0.22739775,12.308277,225,1
atitlan,2025-05-13,700350.0,1630050.0,0.20354354,11.925812,225,0
atitlan,2025-05-13,700650.0,1630050.0,0.2572215,16.767982,225,1
atitlan,2025-05-13,700950.0,1630050.0,0.19777974,11.998562,225,0
atitlan,2025-05-13,701250.0,1630050.0,0.20098446,12.690774,225,1
atitlan,2025-05-13,701550.0,1630050.0,0.26643375,18.762463,225,1
atitlan,2025-05-13,701850.0,1630050.0,0.19277462,11.920848,225,0
atitlan,2025-05-13,702150.0,1630050.0,0.16601634,9.516415,225,0
atitlan,2025-05-13,702450.0,1630050.0,0.2656559,16.984102,225,1
atitlan,2025-05-13,702750.0,1630050.0,0.11927028,8.898227,225,0
atitlan,2025-05-13,703050.0,1630050.0,0.09145219,7.0416303,225,0
atitlan,2025-05-13,703350.0,1630050.0,0.07359886,5.8167796,225,0
atitlan,2025-05-13,703650.0,1630050.0,0.060300738,5.270663,225,0
atitlan,2025-05-13,703950.0,1630050.0,0.053862352,4.987654,225,0
atitlan,2025-05-13,704250.0,1630050.0,0.09220857,7.1749473,225,0
atitlan,2025-05-13,704550.0,1630050.0,0.28286436,16.452883,225,1
atitlan,2025-05-13,704850.0,1630050.0,0.29120016,18.443058,225,1
atitlan,2025-05-13,705150.0,1630050.0,0.29414546,18.129023,225,1
atitlan,2025-05-13,705450.0,1630050.0,0.2884376,19.59091,225,1
atitlan,2025-05-13,705750.0,1630050.0,0.2218303,13.121077,225,1
atitlan,2025-05-13,706050.0,1630050.0,0.2753694,16.295038,225,1
atitlan,2025-05-13,706350.0,1630050.0,0.29758742,17.12718,225,1
atitlan,2025-05-13,706650.0,1630050.0,0.28439426,16.827438,225,1
atitlan,2025-05-13,706950.0,1630050.0,0.26885706,13.946502,225,1
atitlan,2025-05-13,707250.0,1630050.0,0.23228398,12.195969,225,1
atitlan,2025-05-13,707550.0,1630050.0,0.15058027,8.619415,225,0
atitlan,2025-05-13,707850.0,1630050.0,0.22881253,11.168195,45,0
atitlan,2025-05-13,680250.0,1630350.0,0.36403495,31.253475,180,1
atitlan,2025-05-13,680550.0,1630350.0,0.36448234,31.465769,225,1
atitlan,2025-05-13,680850.0,1630350.0,0.31412855,23.161177,225,1
atitlan,2025-05-13,681150.0,1630350.0,0.3397667,29.165552,225,1
atitlan,2025-05-13,681450.0,1630350.0,0.37518236,30.743105,225,1
atitlan,2025-05-13,681750.0,1630350.0,0.36530083,28.587688,225,1
atitlan,2025-05-13,682050.0,1630350.0,0.35982138,28.855946,225,1
atitlan,2025-05-13,682350.0,1630350.0,0.28617436,17.047705,225,1
atitlan,2025-05-13,682650.0,1630350.0,0.11657619,7.2275615,225,0
atitlan,2025-05-13,682950.0,1630350.0,0.073558465,5.225536,225,0
atitlan,2025-05-13,683250.0,1630350.0,0.061934646,5.377029,225,0
atitlan,2025-05-13,683550.0,1630350.0,0.06886003,5.4041624,225,0
atitlan,2025-05-13,683850.0,1630350.0,0.1374954,7.9149885,225,0
atitlan,2025-05-13,684150.0,1630350.0,0.35461715,30.838263,225,1
atitlan,2025-05-13,684450.0,1630350.0,0.38552266,36.62766,225,1
atitlan,2025-05-13,684750.0,1630350.0,0.36182395,28.722025,225,1
atitlan,2025-05-13,685050.0,1630350.0,0.29823017,16.928072,225,1
atitlan,2025-05-13,685350.0,1630350.0,0.32993275,22.969799,225,1
atitlan,2025-05-13,685650.0,1630350.0,0.33114314,22.390556,225,1
atitlan,2025-05-13,685950.0,1630350.0,0.3170204,21.293026,225,1
atitlan,2025-05-13,686250.0,1630350.0,0.37248796,31.080914,225,1
atitlan,2025-05-13,686550.0,1630350.0,0.38635257,33.764202,225,1
atitlan,2025-05-13,686850.0,1630350.0,0.36484894,30.497028,225,1
atitlan,2025-05-13,687150.0,1630350.0,0.3559743,26.597252,225,1
atitlan,2025-05-13,687450.0,1630350.0,0.39543626,36.407135,225,1
atitlan,2025-05-13,687750.0,1630350.0,0.36678478,31.196535,225,1
atitlan,2025-05-13,688050.0,1630350.0,0.3255405,24.448889,225,1
atitlan,2025-05-13,688350.0,1630350.0,0.3066202,22.06036,225,1
atitlan,2025-05-13,688650.0,1630350.0,0.23934062,13.612404,225,1
atitlan,2025-05-13,688950.0,1630350.0,0.30770704,18.995672,225,1
atitlan,2025-05-13,689250.0,1630350.0,0.30111134,19.617485,225,1
atitlan,2025-05-13,689550.0,1630350.0,0.2754286,18.56513,225,1
atitlan,2025-05-13,689850.0,1630350.0,0.2420842,17.719492,225,1
atitlan,2025-05-13,690150.0,1630350.0,0.25563675,17.329782,225,1
atitlan,2025-05-13,690450.0,1630350.0,0.24710007,14.523769,225,1
atitlan,2025-05-13,690750.0,1630350.0,0.24375519,12.410728,225,1
atitlan,2025-05-13,691050.0,1630350.0,0.22234587,10.049209,225,0
atitlan,2025-05-13,691350.0,1630350.0,0.29919636,18.611322,225,1
atitlan,2025-05-13,691650.0,1630350.0,0.2481883,15.287021,225,1
atitlan,2025-05-13,691950.0,1630350.0,0.31787357,21.563004,225,1
atitlan,2025-05-13,692250.0,1630350.0,0.23642386,12.299371,225,1
atitlan,2025-05-13,692550.0,1630350.0,0.21165206,11.618265,225,0
atitlan,2025-05-13,692850.0,1630350.0,0.0729589,7.4793386,225,0
atitlan,2025-05-13,693150.0,1630350.0,0.09934531,8.694529,225,0
atitlan,2025-05-13,693450.0,1630350.0,0.095575504,9.708684,225,0
atitlan,2025-05-13,693750.0,1630350.0,-0.0343581,3.597304,225,0
atitlan,2025-05-13,694050.0,1630350.0,0.069911875,7.3775315,225,0
atitlan,2025-05-13,694350.0,1630350.0,0.21285804,12.568289,225,1
atitlan,2025-05-13,694650.0,1630350.0,-0.057631347,2.1005867,225,0
atitlan,2025-05-13,694950.0,1630350.0,-0.06715577,1.7353262,225,0
atitlan,2025-05-13,695250.0,1630350.0,-0.05969068,1.943837,225,0
atitlan,2025-05-13,695550.0,1630350.0,-0.00926532,3.308792,225,0
atitlan,2025-05-13,695850.0,1630350.0,0.016970495,4.044556,225,0
atitlan,2025-05-13,696150.0,1630350.0,-0.02235665,2.867628,225,0
atitlan,2025-05-13,696450.0,1630350.0,-0.064382054,1.8092122,225,0
atitlan,2025-05-13,696750.0,1630350.0,-0.079394944,1.0215409,225,0
atitlan,2025-05-13,697050.0,1630350.0,-0.07817452,1.1077398,225,0
atitlan,2025-05-13,697350.0,1630350.0,-0.07769027,1.154085,225,0
atitlan,2025-05-13,697650.0,1630350.0,-0.03831654,2.4207098,225,0
atitlan,2025-05-13,697950.0,1630350.0,0.1387442,9.16108,225,0
atitlan,2025-05-13,698250.0,1630350.0,0.10248026,6.8470354,225,0
atitlan,2025-05-13,698550.0,1630350.0,0.10290856,6.7137923,225,0
atitlan,2025-05-13,698850.0,1630350.0,0.10387626,6.6946826,225,0
atitlan,2025-05-13,699150.0,1630350.0,0.15389839,10.208322,225,0
atitlan,2025-05-13,699450.0,1630350.0,0.2817066,17.038939,225,1
atitlan,2025-05-13,699750.0,1630350.0,0.28139123,16.981861,225,1
atitlan,2025-05-13,700050.0,1630350.0,0.17158811,9.996821,225,0
atitlan,2025-05-13,700350.0,1630350.0,0.13330822,8.655518,225,0
atitlan,2025-05-13,700650.0,1630350.0,0.20656393,12.129719,225,1
atitlan,2025-05-13,700950.0,1630350.0,0.1278012,8.334432,225,0
atitlan,2025-05-13,701250.0,1630350.0,0.15872577,11.420641,225,0
atitlan,2025-05-13,701550.0,1630350.0,0.14239627,9.526699,225,0
atitlan,2025-05-13,701850.0,1630350.0,0.12893914,8.536498,225,0
atitlan,2025-05-13,702150.0,1630350.0,0.3037746,20.223722,225,1
atitlan,2025-05-13,702450.0,1630350.0,0.2845826,21.766512,225,1
atitlan,2025-05-13,702750.0,1630350.0,0.120346025,8.271214,225,0
atitlan,2025-05-13,703050.0,1630350.0,0.08643073,7.201527,225,0
atitlan,2025-05-13,703350.0,1630350.0,0.060214974,5.4459844,225,0
atitlan,2025-05-13,703650.0,1630350.0,0.07411319,6.041413,225,0
atitlan,2025-05-13,703950.0,1630350.0,0.095977604,6.8319592,225,0
atitlan,2025-05-13,704250.0,1630350.0,0.24625358,13.537521,225,1
atitlan,2025-05-13,704550.0,1630350.0,0.2634161,14.600681,225,1
atitlan,2025-05-13,704850.0,1630350.0,0.3048231,21.303743,225,1
atitlan,2025-05-13,705150.0,1630350.0,0.2715225,15.750888,225,1
atitlan,2025-05-13,705450.0,1630350.0,0.25626805,14.762528,225,1
atitlan,2025-05-13,705750.0,1630350.0,0.26259696,15.761409,225,1
atitlan,2025-05-13,706050.0,1630350.0,0.24317567,14.116007,225,1
atitlan,2025-05-13,706350.0,1630350.0,0.32582602,20.835155,225,1
atitlan,2025-05-13,706650.0,1630350.0,0.2674537,14.697044,225,1
atitlan,2025-05-13,706950.0,1630350.0,0.2621191,14.6505,225,1
atitlan,2025-05-13,707250.0,1630350.0,0.24903846,14.366956,225,1
atitlan,2025-05-13,707550.0,1630350.0,0.23238988,11.963677,225,0
atitlan,2025-05-13,707850.0,1630350.0,0.16660428,9.117888,45,0
atitlan,2025-05-13,680250.0,1630650.0,0.39673156,36.63517,180,1
atitlan,2025-05-13,680550.0,1630650.0,0.39675844,36.215244,225,1
atitlan,2025-05-13,680850.0,1630650.0,0.35443026,32.15087,225,1
atitlan,2025-05-13,681150.0,1630650.0,0.3515094,32.962566,225,1
atitlan,2025-05-13,681450.0,1630650.0,0.4020731,37.506897,225,1
atitlan,2025-05-13,681750.0,1630650.0,0.41013923,39.817852,225,1
atitlan,2025-05-13,682050.0,1630650.0,0.41272858,40.8686,225,1
atitlan,2025-05-13,682350.0,1630650.0,0.3846899,35.174423,225,1
atitlan,2025-05-13,682650.0,1630650.0,0.16677405,9.631632,225,0
atitlan,2025-05-13,682950.0,1630650.0,0.03802039,4.649514,225,0
atitlan,2025-05-13,683250.0,1630650.0,0.012333125,4.239366,225,0
atitlan,2025-05-13,683550.0,1630650.0,0.12411788,9.433875,225,0
atitlan,2025-05-13,683850.0,1630650.0,0.29424262,19.963606,225,1
atitlan,2025-05-13,684150.0,1630650.0,0.39062664,34.91644,225,1
atitlan,2025-05-13,684450.0,1630650.0,0.35752615,27.89043,225,1
atitlan,2025-05-13,684750.0,1630650.0,0.37622595,31.259703,225,1
atitlan,2025-05-13,685050.0,1630650.0,0.34152585,24.47877,225,1
atitlan,2025-05-13,685350.0,1630650.0,0.3322449,25.751137,225,1
atitlan,2025-05-13,685650.0,1630650.0,0.33879346,24.5505,225,1
atitlan,2025-05-13,685950.0,1630650.0,0.3588368,27.948204,225,1
atitlan,2025-05-13,686250.0,1630650.0,0.35695004,27.621408,225,1
atitlan,2025-05-13,686550.0,1630650.0,0.37574154,31.270529,225,1
atitlan,2025-05-13,686850.0,1630650.0,0.3764395,31.648436,225,1
atitlan,2025-05-13,687150.0,1630650.0,0.37143716,30.143682,225,1
atitlan,2025-05-13,687450.0,1630650.0,0.4023127,38.582058,225,1
atitlan,2025-05-13,687750.0,1630650.0,0.36374855,29.042511,225,1
atitlan,2025-05-13,688050.0,1630650.0,0.3574246,28.670893,225,1
atitlan,2025-05-13,688350.0,1630650.0,0.33879462,24.604298,225,1
atitlan,2025-05-13,688650.0,1630650.0,0.30947334,21.040894,225,1
atitlan,2025-05-13,688950.0,1630650.0,0.27282846,16.834988,225,1
atitlan,2025-05-13,689250.0,1630650.0,0.29593405,20.2279,225,1
atitlan,2025-05-13,689550.0,1630650.0,0.3134824,23.10498,225,1
atitlan,2025-05-13,689850.0,1630650.0,0.2809949,19.225866,225,1
atitlan,2025-05-13,690150.0,1630650.0,0.3133859,24.538877,225,1
atitlan,2025-05-13,690450.0,1630650.0,0.2905287,19.732718,225,1
atitlan,2025-05-13,690750.0,1630650.0,0.24134898,14.553546,225,1
atitlan,2025-05-13,691050.0,1630650.0,0.2686032,14.782982,225,1
atitlan,2025-05-13,691350.0,1630650.0,0.2834765,15.724809,225,1
atitlan,2025-05-13,691650.0,1630650.0,0.28955573,16.974127,225,1
atitlan,2025-05-13,691950.0,1630650.0,0.30262303,17.94083,225,1
atitlan,2025-05-13,692250.0,1630650.0,0.27352735,14.431422,225,1
atitlan,2025-05-13,692550.0,1630650.0,0.28683087,18.088778,225,1
atitlan,2025-05-13,692850.0,1630650.0,0.23536907,15.127995,225,1
atitlan,2025-05-13,693150.0,1630650.0,0.21369635,14.036056,225,1
atitlan,2025-05-13,693450.0,1630650.0,0.2784423,18.147942,225,1
atitlan,2025-05-13,693750.0,1630650.0,0.2460952,14.56399,225,1
atitlan,2025-05-13,694050.0,1630650.0,0.30945125,19.404112,225,1
atitlan,2025-05-13,694350.0,1630650.0,0.33021936,24.207912,225,1
atitlan,2025-05-13,694650.0,1630650.0,0.24048051,17.772903,225,1
atitlan,2025-05-13,694950.0,1630650.0,0.17349423,10.215982,225,0
atitlan,2025-05-13,695250.0,1630650.0,0.09506398,7.981699,225,0
atitlan,2025-05-13,695550.0,1630650.0,0.14162658,7.9495616,225,0
atitlan,2025-05-13,695850.0,1630650.0,0.19424465,11.1584015,225,0
atitlan,2025-05-13,696150.0,1630650.0,0.11523858,5.8625956,225,0
atitlan,2025-05-13,696450.0,1630650.0,0.088014066,6.3215437,225,0
atitlan,2025-05-13,696750.0,1630650.0,-0.068999454,1.6103479,225,0
atitlan,2025-05-13,697050.0,1630650.0,-0.07377125,1.3656212,225,0
atitlan,2025-05-13,697350.0,1630650.0,-0.06980185,1.5955075,225,0
atitlan,2025-05-13,697650.0,1630650.0,0.06667963,6.325261,225,0
atitlan,2025-05-13,697950.0,1630650.0,0.13600609,8.153445,225,0
atitlan,2025-05-13,698250.0,1630650.0,0.08097346,5.7693577,225,0
atitlan,2025-05-13,698550.0,1630650.0,0.07661679,6.0014777,225,0
atitlan,2025-05-13,698850.0,1630650.0,0.07580616,5.460229,225,0
atitlan,2025-05-13,699150.0,1630650.0,0.10134741,7.2422175,225,0
atitlan,2025-05-13,699450.0,1630650.0,0.2713881,16.428999,225,1
atitlan,2025-05-13,699750.0,1630650.0,0.3343401,24.419203,225,1
atitlan,2025-05-13,700050.0,1630650.0,0.30298445,20.34358,225,1
atitlan,2025-05-13,700350.0,1630650.0,0.2443685,18.114103,225,1
atitlan,2025-05-13,700650.0,1630650.0,0.111666106,8.423335,225,0
atitlan,2025-05-13,700950.0,1630650.0,0.116668455,7.7470627,225,0
atitlan,2025-05-13,701250.0,1630650.0,0.117913544,7.8048306,225,0
atitlan,2025-05-13,701550.0,1630650.0,0.22109324,15.208938,225,1
atitlan,2025-05-13,701850.0,1630650.0,0.17231107,12.822567,225,1
atitlan,2025-05-13,702150.0,1630650.0,0.17603546,11.226684,225,0
atitlan,2025-05-13,702450.0,1630650.0,0.22417404,14.204926,225,1
atitlan,2025-05-13,702750.0,1630650.0,0.12741275,8.974498,225,0
atitlan,2025-05-13,703050.0,1630650.0,0.06837018,6.401764,225,0
atitlan,2025-05-13,703350.0,1630650.0,0.07085246,6.0087895,225,0
atitlan,2025-05-13,703650.0,1630650.0,0.07604912,6.0111165,225,0
atitlan,2025-05-13,703950.0,1630650.0,0.21437217,10.7405,225,0
atitlan,2025-05-13,704250.0,1630650.0,0.27724764,16.545918,225,1
atitlan,2025-05-13,704550.0,1630650.0,0.29700044,18.730118,225,1
atitlan,2025-05-13,704850.0,1630650.0,0.32854852,23.370373,225,1
atitlan,2025-05-13,705150.0,1630650.0,0.24967054,14.904947,225,1
atitlan,2025-05-13,705450.0,1630650.0,0.28894216,17.628668,225,1
atitlan,2025-05-13,705750.0,1630650.0,0.25534615,14.010558,225,1
atitlan,2025-05-13,706050.0,1630650.0,0.2634432,14.759225,225,1
atitlan,2025-05-13,706350.0,1630650.0,0.31532994,19.92208,225,1
atitlan,2025-05-13,706650.0,1630650.0,0.28745428,17.280457,225,1
atitlan,2025-05-13,706950.0,1630650.0,0.12714957,7.285695,225,0
atitlan,2025-05-13,707250.0,1630650.0,0.24719498,13.747302,225,1
atitlan,2025-05-13,707550.0,1630650.0,0.25664648,16.002657,225,1
atitlan,2025-05-13,707850.0,1630650.0,0.30693075,19.176605,45,1
atitlan,2025-05-13,680250.0,1630950.0,0.25850463,21.763721,180,1
atitlan,2025-05-13,680550.0,1630950.0,0.3362099,29.219826,225,1
atitlan,2025-05-13,680850.0,1630950.0,0.38032687,33.19601,225,1
atitlan,2025-05-13,681150.0,1630950.0,0.3992688,37.830223,225,1
atitlan,2025-05-13,681450.0,1630950.0,0.39328107,35.597706,225,1
atitlan,2025-05-13,681750.0,1630950.0,0.37863752,31.722466,225,1
atitlan,2025-05-13,682050.0,1630950.0,0.39290038,35.05206,225,1
atitlan,2025-05-13,682350.0,1630950.0,0.36489907,32.30114,225,1
atitlan,2025-05-13,682650.0,1630950.0,0.27744383,21.702557,225,1
atitlan,2025-05-13,682950.0,1630950.0,0.3146784,24.575117,225,1
atitlan,2025-05-13,683250.0,1630950.0,0.28168657,21.186424,225,1
atitlan,2025-05-13,683550.0,1630950.0,0.30217442,23.07698,225,1
atitlan,2025-05-13,683850.0,1630950.0,0.34043276,24.880186,225,1
atitlan,2025-05-13,684150.0,1630950.0,0.34272674,24.312416,225,1
atitlan,2025-05-13,684450.0,1630950.0,0.3603141,28.523287,225,1
atitlan,2025-05-13,684750.0,1630950.0,0.34694055,25.57249,225,1
atitlan,2025-05-13,685050.0,1630950.0,0.3252317,21.46153,225,1
atitlan,2025-05-13,685350.0,1630950.0,0.41990924,42.996555,225,1
atitlan,2025-05-13,685650.0,1630950.0,0.39156887,35.450417,225,1
atitlan,2025-05-13,685950.0,1630950.0,0.35318834,26.715132,225,1
atitlan,2025-05-13,686250.0,1630950.0,0.36687124,29.59247,225,1
atitlan,2025-05-13,686550.0,1630950.0,0.38230297,32.73707,225,1
atitlan,2025-05-13,686850.0,1630950.0,0.36822096,29.349205,225,1
atitlan,2025-05-13,687150.0,1630950.0,0.334783,22.682985,225,1
atitlan,2025-05-13,687450.0,1630950.0,0.34290838,25.754137,225,1
atitlan,2025-05-13,687750.0,1630950.0,0.35756037,28.179178,225,1
atitlan,2025-05-13,688050.0,1630950.0,0.35428998,27.229273,225,1
atitlan,2025-05-13,688350.0,1630950.0,0.3267418,24.73902,225,1
atitlan,2025-05-13,688650.0,1630950.0,0.36343482,30.21214,225,1
atitlan,2025-05-13,688950.0,1630950.0,0.30107144,22.147934,225,1
atitlan,2025-05-13,689250.0,1630950.0,0.34105238,26.96416,225,1
atitlan,2025-05-13,689550.0,1630950.0,0.33006185,24.087893,225,1
atitlan,2025-05-13,689850.0,1630950.0,0.37638018,33.39621,225,1
atitlan,2025-05-13,690150.0,1630950.0,0.36078086,29.56918,225,1
atitlan,2025-05-13,690450.0,1630950.0,0.24434526,16.131016,225,1
atitlan,2025-05-13,690750.0,1630950.0,0.2839179,18.831638,225,1
atitlan,2025-05-13,691050.0,1630950.0,0.30873698,19.421257,225,1
atitlan,2025-05-13,691350.0,1630950.0,0.29370064,16.84948,225,1
atitlan,2025-05-13,691650.0,1630950.0,0.3439388,24.889273,225,1
atitlan,2025-05-13,691950.0,1630950.0,0.3367987,23.968283,225,1
atitlan,2025-05-13,692250.0,1630950.0,0.28423446,16.768723,225,1
atitlan,2025-05-13,692550.0,1630950.0,0.27093267,14.743456,225,1
atitlan,2025-05-13,692850.0,1630950.0,0.21508075,12.933943,225,1
atitlan,2025-05-13,693150.0,1630950.0,0.2432715,17.325783,225,1
atitlan,2025-05-13,693450.0,1630950.0,0.2275014,14.022328,225,1
atitlan,2025-05-13,693750.0,1630950.0,0.29835945,18.623802,225,1
atitlan,2025-05-13,694050.0,1630950.0,0.32663724,21.589094,225,1
atitlan,2025-05-13,694350.0,1630950.0,0.32847407,21.807238,225,1
atitlan,2025-05-13,694650.0,1630950.0,0.34104723,23.899313,225,1
atitlan,2025-05-13,694950.0,1630950.0,0.30095643,17.398266,225,1
atitlan,2025-05-13,695250.0,1630950.0,0.25895205,13.585124,225,1
atitlan,2025-05-13,695550.0,1630950.0,0.17098615,9.160807,225,0
atitlan,2025-05-13,695850.0,1630950.0,0.13167115,7.0153,225,0
atitlan,2025-05-13,696150.0,1630950.0,0.17540738,8.042264,225,0
atitlan,2025-05-13,696450.0,1630950.0,0.229251,10.66375,225,0
atitlan,2025-05-13,696750.0,1630950.0,0.06464584,4.9539175,225,0
atitlan,2025-05-13,697050.0,1630950.0,-0.06774288,1.6949196,225,0
atitlan,2025-05-13,697350.0,1630950.0,-0.06836622,1.6569595,225,0
atitlan,2025-05-13,697650.0,1630950.0,0.05107766,5.6252313,225,0
atitlan,2025-05-13,697950.0,1630950.0,0.19734195,8.237018,225,0
atitlan,2025-05-13,698250.0,1630950.0,0.15254456,7.716278,225,0
atitlan,2025-05-13,698550.0,1630950.0,0.083034344,6.6067305,225,0
atitlan,2025-05-13,698850.0,1630950.0,0.060193162,5.146945,225,0
atitlan,2025-05-13,699150.0,1630950.0,0.06767785,4.982154,225,0
atitlan,2025-05-13,699450.0,1630950.0,0.1917826,11.207435,225,0
atitlan,2025-05-13,699750.0,1630950.0,0.3180805,21.670057,225,1
atitlan,2025-05-13,700050.0,1630950.0,0.30598673,19.973028,225,1
atitlan,2025-05-13,700350.0,1630950.0,0.25588462,15.170813,225,1
atitlan,2025-05-13,700650.0,1630950.0,0.17053616,11.345622,225,0
atitlan,2025-05-13,700950.0,1630950.0,0.07632693,6.582939,225,0
atitlan,2025-05-13,701250.0,1630950.0,0.1304738,8.678808,225,0
atitlan,2025-05-13,701550.0,1630950.0,0.2339873,14.551205,225,1
atitlan,2025-05-13,701850.0,1630950.0,0.1987204,12.542233,225,1
atitlan,2025-05-13,702150.0,1630950.0,0.20398235,13.864351,225,1
atitlan,2025-05-13,702450.0,1630950.0,0.23294792,14.090047,225,1
atitlan,2025-05-13,702750.0,1630950.0,0.1456071,9.984935,225,0
atitlan,2025-05-13,703050.0,1630950.0,0.05913208,5.0627823,225,0
atitlan,2025-05-13,703350.0,1630950.0,0.061641734,5.3091397,225,0
atitlan,2025-05-13,703650.0,1630950.0,0.17936899,11.455109,225,0
atitlan,2025-05-13,703950.0,1630950.0,0.2703362,14.428279,225,1
atitlan,2025-05-13,704250.0,1630950.0,0.27603418,14.738037,225,1
atitlan,2025-05-13,704550.0,1630950.0,0.24269477,15.602945,225,1
atitlan,2025-05-13,704850.0,1630950.0,0.27870277,16.766663,225,1
atitlan,2025-05-13,705150.0,1630950.0,0.24820621,16.125858,225,1
atitlan,2025-05-13,705450.0,1630950.0,0.2462979,13.446333,225,1
atitlan,2025-05-13,705750.0,1630950.0,0.28743058,17.00003,225,1
atitlan,2025-05-13,706050.0,1630950.0,0.28165576,16.477163,225,1
atitlan,2025-05-13,706350.0,1630950.0,0.29600695,19.200012,225,1
atitlan,2025-05-13,706650.0,1630950.0,0.27789834,18.827475,225,1
atitlan,2025-05-13,706950.0,1630950.0,0.20159583,11.106543,225,0
atitlan,2025-05-13,707250.0,1630950.0,0.25315264,12.8744755,225,1
atitlan,2025-05-13,707550.0,1630950.0,0.20679486,11.198391,225,0
atitlan,2025-05-13,707850.0,1630950.0,0.15555646,10.20491,45,0
atitlan,2025-05-13,680250.0,1631250.0,0.3734194,34.336914,180,1
atitlan,2025-05-13,680550.0,1631250.0,0.33990127,26.68657,225,1
atitlan,2025-05-13,680850.0,1631250.0,0.38903266,34.48941,225,1
atitlan,2025-05-13,681150.0,1631250.0,0.38109604,35.209385,225,1
atitlan,2025-05-13,681450.0,1631250.0,0.37891904,31.735264,225,1
atitlan,2025-05-13,681750.0,1631250.0,0.39660847,36.823334,225,1
atitlan,2025-05-13,682050.0,1631250.0,0.36637932,32.13309,225,1
atitlan,2025-05-13,682350.0,1631250.0,0.37592387,33.889877,225,1
atitlan,2025-05-13,682650.0,1631250.0,0.38483858,33.125866,225,1
atitlan,2025-05-13,682950.0,1631250.0,0.39514428,35.80454,225,1
atitlan,2025-05-13,683250.0,1631250.0,0.3828341,32.66433,225,1
atitlan,2025-05-13,683550.0,1631250.0,0.35034335,28.167524,225,1
atitlan,2025-05-13,683850.0,1631250.0,0.35509583,27.394314,225,1
atitlan,2025-05-13,684150.0,1631250.0,0.33602986,23.596607,225,1
atitlan,2025-05-13,684450.0,1631250.0,0.3563596,28.544857,225,1
atitlan,2025-05-13,684750.0,1631250.0,0.34696126,26.414122,225,1
atitlan,2025-05-13,685050.0,1631250.0,0.34907493,25.756159,225,1
atitlan,2025-05-13,685350.0,1631250.0,0.41897961,42.519783,225,1
atitlan,2025-05-13,685650.0,1631250.0,0.38346288,33.170578,225,1
atitlan,2025-05-13,685950.0,1631250.0,0.36983413,29.53731,225,1
atitlan,2025-05-13,686250.0,1631250.0,0.36052778,27.86645,225,1
atitlan,2025-05-13,686550.0,1631250.0,0.32270426,21.766998,225,1
atitlan,2025-05-13,686850.0,1631250.0,0.3480982,25.443335,225,1
atitlan,2025-05-13,687150.0,1631250.0,0.31884184,20.00963,225,1
atitlan,2025-05-13,687450.0,1631250.0,0.3458561,26.104698,225,1
atitlan,2025-05-13,687750.0,1631250.0,0.3516423,27.437313,225,1
atitlan,2025-05-13,688050.0,1631250.0,0.36194742,30.086826,225,1
atitlan,2025-05-13,688350.0,1631250.0,0.23303798,17.207556,225,1
atitlan,2025-05-13,688650.0,1631250.0,0.32314995,25.728344,225,1
atitlan,2025-05-13,688950.0,1631250.0,0.3302853,25.964989,225,1
atitlan,2025-05-13,689250.0,1631250.0,0.37142697,30.270378,225,1
atitlan,2025-05-13,689550.0,1631250.0,0.37496826,33.52196,225,1
atitlan,2025-05-13,689850.0,1631250.0,0.36275104,33.052322,225,1
atitlan,2025-05-13,690150.0,1631250.0,0.34306046,29.588984,225,1
atitlan,2025-05-13,690450.0,1631250.0,0.24751985,16.594154,225,1
atitlan,2025-05-13,690750.0,1631250.0,0.31615448,24.261446,225,1
atitlan,2025-05-13,691050.0,1631250.0,0.34304726,27.018314,225,1
atitlan,2025-05-13,691350.0,1631250.0,0.3560722,28.140137,225,1
atitlan,2025-05-13,691650.0,1631250.0,0.36765644,29.397533,225,1
atitlan,2025-05-13,691950.0,1631250.0,0.32445303,21.914875,225,1
atitlan,2025-05-13,692250.0,1631250.0,0.35241157,27.525875,225,1
atitlan,2025-05-13,692550.0,1631250.0,0.30906695,19.55108,225,1
atitlan,2025-05-13,692850.0,1631250.0,0.29212034,17.32853,225,1
atitlan,2025-05-13,693150.0,1631250.0,0.311474,19.957388,225,1
atitlan,2025-05-13,693450.0,1631250.0,0.28218734,18.000294,225,1
atitlan,2025-05-13,693750.0,1631250.0,0.30891642,21.758175,225,1
atitlan,2025-05-13,694050.0,1631250.0,0.3370733,23.209219,225,1
atitlan,2025-05-13,694350.0,1631250.0,0.31719387,20.656807,225,1
atitlan,2025-05-13,694650.0,1631250.0,0.3348387,22.821882,225,1
atitlan,2025-05-13,694950.0,1631250.0,0.34255522,24.833864,225,1
atitlan,2025-05-13,695250.0,1631250.0,0.28517058,16.578743,225,1
atitlan,2025-05-13,695550.0,1631250.0,0.2126331,13.07766,225,1
atitlan,2025-05-13,695850.0,1631250.0,0.14363705,6.514032,225,0
atitlan,2025-05-13,696150.0,1631250.0,0.27313408,17.91,225,1
atitlan,2025-05-13,696450.0,1631250.0,0.29458612,17.907663,225,1
atitlan,2025-05-13,696750.0,1631250.0,0.18750358,8.201394,225,0
atitlan,2025-05-13,697050.0,1631250.0,0.12149905,9.64718,225,0
atitlan,2025-05-13,697350.0,1631250.0,0.18025401,15.276606,225,1
atitlan,2025-05-13,697650.0,1631250.0,0.23101991,13.65869,225,1
atitlan,2025-05-13,697950.0,1631250.0,0.25421882,12.45589,225,1
atitlan,2025-05-13,698250.0,1631250.0,0.1948957,9.157186,225,0
atitlan,2025-05-13,698550.0,1631250.0,0.18065824,9.530965,225,0
atitlan,2025-05-13,698850.0,1631250.0,0.1477827,8.811588,225,0
atitlan,2025-05-13,699150.0,1631250.0,0.104391664,6.852315,225,0
atitlan,2025-05-13,699450.0,1631250.0,0.105554886,6.758563,225,0
atitlan,2025-05-13,699750.0,1631250.0,0.28096718,18.035013,225,1
atitlan,2025-05-13,700050.0,1631250.0,0.32470772,21.8107,225,1
atitlan,2025-05-13,700350.0,1631250.0,0.3011956,20.860613,225,1
atitlan,2025-05-13,700650.0,1631250.0,0.18887925,10.662193,225,0
atitlan,2025-05-13,700950.0,1631250.0,0.11854178,7.45952,225,0
atitlan,2025-05-13,701250.0,1631250.0,0.12310851,6.8773413,225,0
atitlan,2025-05-13,701550.0,1631250.0,0.2574281,16.121616,225,1
atitlan,2025-05-13,701850.0,1631250.0,0.31124604,21.948584,225,1
atitlan,2025-05-13,702150.0,1631250.0,0.24624968,16.155083,225,1
atitlan,2025-05-13,702450.0,1631250.0,0.24806905,17.832224,225,1
atitlan,2025-05-13,702750.0,1631250.0,0.17249972,11.758142,225,0
atitlan,2025-05-13,703050.0,1631250.0,0.14878587,10.06282,225,0
atitlan,2025-05-13,703350.0,1631250.0,0.058209047,4.966029,225,0
atitlan,2025-05-13,703650.0,1631250.0,0.14568359,8.866924,225,0
atitlan,2025-05-13,703950.0,1631250.0,0.21642219,10.654374,225,0
atitlan,2025-05-13,704250.0,1631250.0,0.27096513,15.162245,225,1
atitlan,2025-05-13,704550.0,1631250.0,0.28594568,18.649109,225,1
atitlan,2025-05-13,704850.0,1631250.0,0.27792722,18.552198,225,1
atitlan,2025-05-13,705150.0,1631250.0,0.22624208,14.528184,225,1
atitlan,2025-05-13,705450.0,1631250.0,0.23057085,14.629157,225,1
atitlan,2025-05-13,705750.0,1631250.0,0.22676702,13.431515,225,1
atitlan,2025-05-13,706050.0,1631250.0,0.21860796,11.191488,225,0
atitlan,2025-05-13,706350.0,1631250.0,0.24440272,13.88796,225,1
atitlan,2025-05-13,706650.0,1631250.0,0.2746673,16.34135,225,1
atitlan,2025-05-13,706950.0,1631250.0,0.19548967,10.736106,225,0
atitlan,2025-05-13,707250.0,1631250.0,0.2635969,14.015138,225,1
atitlan,2025-05-13,707550.0,1631250.0,0.23418653,13.739358,225,1
atitlan,2025-05-13,707850.0,1631250.0,0.18817711,11.871738,45,0
atitlan,2025-05-13,680250.0,1631550.0,0.31907773,27.714518,168,1
atitlan,2025-05-13,680550.0,1631550.0,0.37313345,31.951822,210,1
atitlan,2025-05-13,680850.0,1631550.0,0.39072636,35.056984,210,1
atitlan,2025-05-13,681150.0,1631550.0,0.36752883,33.155994,210,1
atitlan,2025-05-13,681450.0,1631550.0,0.39954537,37.88372,210,1
atitlan,2025-05-13,681750.0,1631550.0,0.40375307,38.56564,210,1
atitlan,2025-05-13,682050.0,1631550.0,0.22912268,14.341606,210,1
atitlan,2025-05-13,682350.0,1631550.0,0.34210023,27.096024,210,1
atitlan,2025-05-13,682650.0,1631550.0,0.36559948,32.793743,210,1
atitlan,2025-05-13,682950.0,1631550.0,0.37815753,31.30904,210,1
atitlan,2025-05-13,683250.0,1631550.0,0.31679183,25.273062,210,1
atitlan,2025-05-13,683550.0,1631550.0,0.25369194,19.720108,210,1
atitlan,2025-05-13,683850.0,1631550.0,0.34401542,29.30452,210,1
atitlan,2025-05-13,684150.0,1631550.0,0.33461797,29.3128,210,1
atitlan,2025-05-13,684450.0,1631550.0,0.35233295,28.718485,210,1
atitlan,2025-05-13,684750.0,1631550.0,0.35773233,27.556679,210,1
atitlan,2025-05-13,685050.0,1631550.0,0.3622739,28.469933,210,1
atitlan,2025-05-13,685350.0,1631550.0,0.4198724,42.56931,210,1
atitlan,2025-05-13,685650.0,1631550.0,0.4194575,42.53897,210,1
atitlan,2025-05-13,685950.0,1631550.0,0.39615667,36.691933,210,1
atitlan,2025-05-13,686250.0,1631550.0,0.37869915,32.24376,210,1
atitlan,2025-05-13,686550.0,1631550.0,0.33388022,23.06374,210,1
atitlan,2025-05-13,686850.0,1631550.0,0.30094713,17.685572,210,1
atitlan,2025-05-13,687150.0,1631550.0,0.31359002,20.238514,210,1
atitlan,2025-05-13,687450.0,1631550.0,0.355143,28.401514,210,1
atitlan,2025-05-13,687750.0,1631550.0,0.36066797,29.67477,210,1
atitlan,2025-05-13,688050.0,1631550.0,0.33648986,26.641582,210,1
atitlan,2025-05-13,688350.0,1631550.0,0.33719963,27.260298,210,1
atitlan,2025-05-13,688650.0,1631550.0,0.31176758,22.160769,210,1
atitlan,2025-05-13,688950.0,1631550.0,0.36596742,30.79811,210,1
atitlan,2025-05-13,689250.0,1631550.0,0.37361526,31.689102,210,1
atitlan,2025-05-13,689550.0,1631550.0,0.38649586,34.808353,210,1
atitlan,2025-05-13,689850.0,1631550.0,0.40298533,38.60061,210,1
atitlan,2025-05-13,690150.0,1631550.0,0.4185075,42.869705,210,1
atitlan,2025-05-13,690450.0,1631550.0,0.41416466,44.4348,210,1
atitlan,2025-05-13,690750.0,1631550.0,0.38964838,37.291492,210,1
atitlan,2025-05-13,691050.0,1631550.0,0.4047897,39.80386,210,1
atitlan,2025-05-13,691350.0,1631550.0,0.34922728,27.477112,210,1
atitlan,2025-05-13,691650.0,1631550.0,0.35372633,27.47599,210,1
atitlan,2025-05-13,691950.0,1631550.0,0.3608388,28.967787,210,1
atitlan,2025-05-13,692250.0,1631550.0,0.3714935,30.986586,210,1
atitlan,2025-05-13,692550.0,1631550.0,0.3168558,21.330141,210,1
atitlan,2025-05-13,692850.0,1631550.0,0.31970093,21.146688,210,1
atitlan,2025-05-13,693150.0,1631550.0,0.30063826,18.199694,210,1
atitlan,2025-05-13,693450.0,1631550.0,0.2964474,18.148348,210,1
atitlan,2025-05-13,693750.0,1631550.0,0.29580337,20.983603,210,1
atitlan,2025-05-13,694050.0,1631550.0,0.31541863,23.06015,210,1
atitlan,2025-05-13,694350.0,1631550.0,0.23889524,16.168207,210,1
atitlan,2025-05-13,694650.0,1631550.0,0.33157724,24.171803,210,1
atitlan,2025-05-13,694950.0,1631550.0,0.37357795,30.83241,210,1
atitlan,2025-05-13,695250.0,1631550.0,0.30302575,18.81212,210,1
atitlan,2025-05-13,695550.0,1631550.0,0.1701149,10.476203,210,0
atitlan,2025-05-13,695850.0,1631550.0,0.21071766,11.546762,210,0
atitlan,2025-05-13,696150.0,1631550.0,0.2819737,15.770173,210,1
atitlan,2025-05-13,696450.0,1631550.0,0.2841041,17.004042,210,1
atitlan,2025-05-13,696750.0,1631550.0,0.107600115,7.1409574,210,0
atitlan,2025-05-13,697050.0,1631550.0,0.22251514,10.755658,210,0
atitlan,2025-05-13,697350.0,1631550.0,0.27668425,18.850079,210,1
atitlan,2025-05-13,697650.0,1631550.0,0.24722117,16.290852,210,1
atitlan,2025-05-13,697950.0,1631550.0,0.28253886,15.419573,210,1
atitlan,2025-05-13,698250.0,1631550.0,0.30838495,20.999754,210,1
atitlan,2025-05-13,698550.0,1631550.0,0.26268107,14.0816345,210,1
atitlan,2025-05-13,698850.0,1631550.0,0.27195755,14.571376,210,1
atitlan,2025-05-13,699150.0,1631550.0,0.20173603,9.930052,210,0
atitlan,2025-05-13,699450.0,1631550.0,0.111060634,7.180695,210,0
atitlan,2025-05-13,699750.0,1631550.0,0.18844506,12.321513,210,1
atitlan,2025-05-13,700050.0,1631550.0,0.32393345,20.868025,210,1
atitlan,2025-05-13,700350.0,1631550.0,0.34633029,26.325422,210,1
atitlan,2025-05-13,700650.0,1631550.0,0.3012628,22.416819,210,1
atitlan,2025-05-13,700950.0,1631550.0,0.26013708,16.392765,210,1
atitlan,2025-05-13,701250.0,1631550.0,0.23480016,14.894758,210,1
atitlan,2025-05-13,701550.0,1631550.0,0.29950702,21.562075,210,1
atitlan,2025-05-13,701850.0,1631550.0,0.25815597,17.862276,210,1
atitlan,2025-05-13,702150.0,1631550.0,0.3266111,22.960026,210,1
atitlan,2025-05-13,702450.0,1631550.0,0.32493612,21.983156,210,1
atitlan,2025-05-13,702750.0,1631550.0,0.13101529,9.926132,210,0
atitlan,2025-05-13,703050.0,1631550.0,0.09757464,7.1948686,210,0
atitlan,2025-05-13,703350.0,1631550.0,0.09873146,7.6489997,210,0
atitlan,2025-05-13,703650.0,1631550.0,0.08649917,6.5570755,210,0
atitlan,2025-05-13,703950.0,1631550.0,0.26177293,13.538532,210,1
atitlan,2025-05-13,704250.0,1631550.0,0.26641935,15.134956,210,1
atitlan,2025-05-13,704550.0,1631550.0,0.2735707,17.453192,210,1
atitlan,2025-05-13,704850.0,1631550.0,0.2583448,16.978146,210,1
atitlan,2025-05-13,705150.0,1631550.0,0.28494495,18.974722,210,1
atitlan,2025-05-13,705450.0,1631550.0,0.11137636,8.411964,210,0
atitlan,2025-05-13,705750.0,1631550.0,0.099616036,7.7568994,210,0
atitlan,2025-05-13,706050.0,1631550.0,0.18991329,11.844509,210,0
atitlan,2025-05-13,706350.0,1631550.0,0.28337416,16.961369,210,1
atitlan,2025-05-13,706650.0,1631550.0,0.24842544,14.653651,210,1
atitlan,2025-05-13,706950.0,1631550.0,0.24336946,12.042279,210,1
atitlan,2025-05-13,707250.0,1631550.0,0.24718581,14.350706,210,1
atitlan,2025-05-13,707550.0,1631550.0,0.24476394,14.451904,210,1
atitlan,2025-05-13,707850.0,1631550.0,0.16038711,11.016888,42,0
