lago,fecha,x,y,ndci,chl_a_estimada,pixeles_validos,alta_cianobacteria
atitlan,2025-04-13,680250.0,1614150.0,0.3643917,28.716154,84,1
atitlan,2025-04-13,680550.0,1614150.0,0.33652943,25.094969,105,1
atitlan,2025-04-13,680850.0,1614150.0,0.4254098,44.681408,105,1
atitlan,2025-04-13,681150.0,1614150.0,0.41627052,41.8878,105,1
atitlan,2025-04-13,681450.0,1614150.0,0.4014186,37.460827,105,1
atitlan,2025-04-13,681750.0,1614150.0,0.36028725,27.057148,105,1
atitlan,2025-04-13,682050.0,1614150.0,0.3608156,27.490807,105,1
atitlan,2025-04-13,682350.0,1614150.0,0.36468065,28.172476,105,1
atitlan,2025-04-13,682650.0,1614150.0,0.3710004,29.373146,105,1
atitlan,2025-04-13,682950.0,1614150.0,0.33975965,23.383354,105,1
atitlan,2025-04-13,683250.0,1614150.0,0.35982978,26.93534,105,1
atitlan,2025-04-13,683550.0,1614150.0,0.35498083,27.681692,105,1
atitlan,2025-04-13,683850.0,1614150.0,0.37367332,30.172695,105,1
atitlan,2025-04-13,684150.0,1614150.0,0.34912038,24.78459,105,1
atitlan,2025-04-13,684450.0,1614150.0,0.3478095,24.49554,105,1
atitlan,2025-04-13,684750.0,1614150.0,0.35024467,25.038733,105,1
atitlan,2025-04-13,685050.0,1614150.0,0.35800782,26.674837,105,1
atitlan,2025-04-13,685350.0,1614150.0,0.38115105,31.91027,105,1
atitlan,2025-04-13,685650.0,1614150.0,0.38844693,33.769623,105,1
atitlan,2025-04-13,685950.0,1614150.0,0.39712793,36.098938,105,1
atitlan,2025-04-13,686250.0,1614150.0,0.40304533,37.583405,105,1
atitlan,2025-04-13,686550.0,1614150.0,0.40349108,37.64757,105,1
atitlan,2025-04-13,686850.0,1614150.0,0.3876242,33.55255,105,1
atitlan,2025-04-13,687150.0,1614150.0,0.39140832,34.472256,105,1
atitlan,2025-04-13,687450.0,1614150.0,0.38007718,31.762768,105,1
atitlan,2025-04-13,687750.0,1614150.0,0.38724446,33.383186,105,1
atitlan,2025-04-13,688050.0,1614150.0,0.38326132,32.605503,105,1
atitlan,2025-04-13,688350.0,1614150.0,0.34809405,25.790726,105,1
atitlan,2025-04-13,688650.0,1614150.0,0.35614398,27.573463,105,1
atitlan,2025-04-13,688950.0,1614150.0,0.37014887,31.248714,105,1
atitlan,2025-04-13,689250.0,1614150.0,0.3535228,28.561682,105,1
atitlan,2025-04-13,689550.0,1614150.0,0.37228897,30.435549,105,1
atitlan,2025-04-13,689850.0,1614150.0,0.3863935,34.083916,105,1
atitlan,2025-04-13,690150.0,1614150.0,0.37813383,31.813494,105,1
atitlan,2025-04-13,690450.0,1614150.0,0.39776826,36.351856,105,1
atitlan,2025-04-13,690750.0,1614150.0,0.3868026,34.24768,105,1
atitlan,2025-04-13,691050.0,1614150.0,0.40285423,38.3953,105,1
atitlan,2025-04-13,691350.0,1614150.0,0.39915532,36.70954,105,1
atitlan,2025-04-13,691650.0,1614150.0,0.39499497,35.38888,105,1
atitlan,2025-04-13,691950.0,1614150.0,0.38973877,34.0087,105,1
atitlan,2025-04-13,692250.0,1614150.0,0.4011571,37.358112,105,1
atitlan,2025-04-13,692550.0,1614150.0,0.4005837,36.933495,105,1
atitlan,2025-04-13,692850.0,1614150.0,0.40954554,39.555416,105,1
atitlan,2025-04-13,693150.0,1614150.0,0.38610122,33.26524,105,1
atitlan,2025-04-13,693450.0,1614150.0,0.40013605,37.39908,105,1
atitlan,2025-04-13,693750.0,1614150.0,0.3930293,35.99708,105,1
atitlan,2025-04-13,694050.0,1614150.0,0.40337706,38.028477,105,1
atitlan,2025-04-13,694350.0,1614150.0,0.41617614,41.855095,105,1
atitlan,2025-04-13,694650.0,1614150.0,0.4162725,41.92527,105,1
atitlan,2025-04-13,694950.0,1614150.0,0.42805183,45.15302,105,1
atitlan,2025-04-13,695250.0,1614150.0,0.4205259,42.760437,105,1
atitlan,2025-04-13,695550.0,1614150.0,0.4285892,45.388855,105,1
atitlan,2025-04-13,695850.0,1614150.0,0.41886076,42.33401,105,1
atitlan,2025-04-13,696150.0,1614150.0,0.40218967,37.67267,105,1
atitlan,2025-04-13,696450.0,1614150.0,0.39395767,35.927727,105,1
atitlan,2025-04-13,696750.0,1614150.0,0.384027,34.122593,105,1
atitlan,2025-04-13,697050.0,1614150.0,0.3035875,19.091583,105,1
atitlan,2025-04-13,697350.0,1614150.0,0.22821195,11.757852,105,0
atitlan,2025-04-13,697650.0,1614150.0,0.32301188,21.875753,105,1
atitlan,2025-04-13,697950.0,1614150.0,0.32331836,21.91196,105,1
atitlan,2025-04-13,698250.0,1614150.0,0.31203178,20.28121,105,1
atitlan,2025-04-13,698550.0,1614150.0,0.3225381,23.033854,105,1
atitlan,2025-04-13,698850.0,1614150.0,0.33433867,24.654762,105,1
atitlan,2025-04-13,699150.0,1614150.0,0.33310205,24.20032,105,1
atitlan,2025-04-13,699450.0,1614150.0,0.32102084,21.778652,105,1
atitlan,2025-04-13,699750.0,1614150.0,0.2906438,17.42704,105,1
atitlan,2025-04-13,700050.0,1614150.0,0.27944443,19.987375,105,1
atitlan,2025-04-13,700350.0,1614150.0,0.16094956,8.145032,105,0
atitlan,2025-04-13,700650.0,1614150.0,0.0858869,4.973454,105,0
atitlan,2025-04-13,700950.0,1614150.0,0.071620405,4.874847,105,0
atitlan,2025-04-13,701250.0,1614150.0,0.16757068,8.361224,105,0
atitlan,2025-04-13,701550.0,1614150.0,0.2522187,12.473519,105,1
atitlan,2025-04-13,701850.0,1614150.0,0.24261795,11.875302,105,0
atitlan,2025-04-13,702150.0,1614150.0,0.32486323,23.914865,105,1
atitlan,2025-04-13,702450.0,1614150.0,0.3654531,28.496346,105,1
atitlan,2025-04-13,702750.0,1614150.0,0.326184,21.990204,105,1
atitlan,2025-04-13,703050.0,1614150.0,0.34370986,25.402851,105,1
atitlan,2025-04-13,703350.0,1614150.0,0.37282234,30.065145,105,1
atitlan,2025-04-13,703650.0,1614150.0,0.32811922,23.55323,105,1
atitlan,2025-04-13,703950.0,1614150.0,0.37944114,31.70238,105,1
atitlan,2025-04-13,704250.0,1614150.0,0.3492462,27.80382,105,1
atitlan,2025-04-13,704550.0,1614150.0,0.37077358,31.089518,105,1
atitlan,2025-04-13,704850.0,1614150.0,0.3641138,28.182985,105,1
atitlan,2025-04-13,705150.0,1614150.0,0.37429318,31.05784,105,1
atitlan,2025-04-13,705450.0,1614150.0,0.36136508,30.675676,105,1
atitlan,2025-04-13,705750.0,1614150.0,0.37030235,30.97941,105,1
atitlan,2025-04-13,706050.0,1614150.0,0.37721023,31.463558,105,1
atitlan,2025-04-13,706350.0,1614150.0,0.36290076,30.422047,105,1
atitlan,2025-04-13,706650.0,1614150.0,0.37846568,31.508131,105,1
atitlan,2025-04-13,706950.0,1614150.0,0.402044,38.959473,105,1
atitlan,2025-04-13,707250.0,1614150.0,0.4112776,39.941902,105,1
atitlan,2025-04-13,707550.0,1614150.0,0.40865794,39.032436,105,1
atitlan,2025-04-13,707850.0,1614150.0,0.40340587,37.864086,21,1
atitlan,2025-04-13,680250.0,1614450.0,0.37446806,30.655165,180,1
atitlan,2025-04-13,680550.0,1614450.0,0.3861661,33.890144,225,1
atitlan,2025-04-13,680850.0,1614450.0,0.39583087,36.952065,225,1
atitlan,2025-04-13,681150.0,1614450.0,0.42314774,43.797096,225,1
atitlan,2025-04-13,681450.0,1614450.0,0.4084467,39.826847,225,1
atitlan,2025-04-13,681750.0,1614450.0,0.36519447,28.25471,225,1
atitlan,2025-04-13,682050.0,1614450.0,0.3771082,31.102243,225,1
atitlan,2025-04-13,682350.0,1614450.0,0.3516538,25.640991,225,1
atitlan,2025-04-13,682650.0,1614450.0,0.37328017,30.017513,225,1
atitlan,2025-04-13,682950.0,1614450.0,0.340038,23.68309,225,1
atitlan,2025-04-13,683250.0,1614450.0,0.37340495,30.077522,225,1
atitlan,2025-04-13,683550.0,1614450.0,0.35422102,26.735283,225,1
atitlan,2025-04-13,683850.0,1614450.0,0.38315678,32.81363,225,1
atitlan,2025-04-13,684150.0,1614450.0,0.35827512,26.72248,225,1
atitlan,2025-04-13,684450.0,1614450.0,0.35080862,25.079536,225,1
atitlan,2025-04-13,684750.0,1614450.0,0.36432153,28.295477,225,1
atitlan,2025-04-13,685050.0,1614450.0,0.3668431,28.99443,225,1
atitlan,2025-04-13,685350.0,1614450.0,0.3939882,35.242054,225,1
atitlan,2025-04-13,685650.0,1614450.0,0.39134842,34.453358,225,1
atitlan,2025-04-13,685950.0,1614450.0,0.41028357,39.72047,225,1
atitlan,2025-04-13,686250.0,1614450.0,0.40807924,38.99596,225,1
atitlan,2025-04-13,686550.0,1614450.0,0.39079213,34.35181,225,1
atitlan,2025-04-13,686850.0,1614450.0,0.38540977,32.93235,225,1
atitlan,2025-04-13,687150.0,1614450.0,0.39772213,36.062866,225,1
atitlan,2025-04-13,687450.0,1614450.0,0.38406378,32.727215,225,1
atitlan,2025-04-13,687750.0,1614450.0,0.38430908,33.028454,225,1
atitlan,2025-04-13,688050.0,1614450.0,0.36903915,29.162203,225,1
atitlan,2025-04-13,688350.0,1614450.0,0.37493727,30.515007,225,1
atitlan,2025-04-13,688650.0,1614450.0,0.35442278,26.099611,225,1
atitlan,2025-04-13,688950.0,1614450.0,0.3733088,30.247486,225,1
atitlan,2025-04-13,689250.0,1614450.0,0.36715585,30.930962,225,1
atitlan,2025-04-13,689550.0,1614450.0,0.36849612,31.749939,225,1
atitlan,2025-04-13,689850.0,1614450.0,0.3304947,27.499466,225,1
atitlan,2025-04-13,690150.0,1614450.0,0.38218525,33.56547,225,1
atitlan,2025-04-13,690450.0,1614450.0,0.39496285,36.46248,225,1
atitlan,2025-04-13,690750.0,1614450.0,0.37910643,34.282864,225,1
atitlan,2025-04-13,691050.0,1614450.0,0.3947488,36.579792,225,1
atitlan,2025-04-13,691350.0,1614450.0,0.40726712,39.328793,225,1
atitlan,2025-04-13,691650.0,1614450.0,0.38997248,34.67005,225,1
atitlan,2025-04-13,691950.0,1614450.0,0.37607172,32.944073,225,1
atitlan,2025-04-13,692250.0,1614450.0,0.39362714,36.425842,225,1
atitlan,2025-04-13,692550.0,1614450.0,0.38032216,32.586536,225,1
atitlan,2025-04-13,692850.0,1614450.0,0.3887757,33.958096,225,1
atitlan,2025-04-13,693150.0,1614450.0,0.39246154,35.025528,225,1
atitlan,2025-04-13,693450.0,1614450.0,0.40973583,39.980145,225,1
atitlan,2025-04-13,693750.0,1614450.0,0.3985905,36.784256,225,1
atitlan,2025-04-13,694050.0,1614450.0,0.38800684,34.23265,225,1
atitlan,2025-04-13,694350.0,1614450.0,0.41724706,41.874516,225,1
atitlan,2025-04-13,694650.0,1614450.0,0.43403837,47.12605,225,1
atitlan,2025-04-13,694950.0,1614450.0,0.43493924,47.40212,225,1
atitlan,2025-04-13,695250.0,1614450.0,0.4357084,47.674107,225,1
atitlan,2025-04-13,695550.0,1614450.0,0.428381,45.44025,225,1
atitlan,2025-04-13,695850.0,1614450.0,0.40120435,37.65627,225,1
atitlan,2025-04-13,696150.0,1614450.0,0.42164508,43.699093,225,1
atitlan,2025-04-13,696450.0,1614450.0,0.39600205,36.167095,225,1
atitlan,2025-04-13,696750.0,1614450.0,0.40113792,38.29757,225,1
atitlan,2025-04-13,697050.0,1614450.0,0.33549926,24.392101,225,1
atitlan,2025-04-13,697350.0,1614450.0,0.2862748,18.25994,225,1
atitlan,2025-04-13,697650.0,1614450.0,0.27186516,16.412302,225,1
atitlan,2025-04-13,697950.0,1614450.0,0.32011718,21.483171,225,1
atitlan,2025-04-13,698250.0,1614450.0,0.3016885,18.632515,225,1
atitlan,2025-04-13,698550.0,1614450.0,0.30271313,18.495085,225,1
atitlan,2025-04-13,698850.0,1614450.0,0.28449786,16.44371,225,1
atitlan,2025-04-13,699150.0,1614450.0,0.26334482,14.280391,225,1
atitlan,2025-04-13,699450.0,1614450.0,0.2646668,14.283358,225,1
atitlan,2025-04-13,699750.0,1614450.0,0.26927176,16.52277,225,1
atitlan,2025-04-13,700050.0,1614450.0,0.24064775,15.760076,225,1
atitlan,2025-04-13,700350.0,1614450.0,0.2540669,12.556144,225,1
atitlan,2025-04-13,700650.0,1614450.0,0.14410585,6.476775,225,0
atitlan,2025-04-13,700950.0,1614450.0,0.11678051,6.8130355,225,0
atitlan,2025-04-13,701250.0,1614450.0,0.24735428,13.308494,225,1
atitlan,2025-04-13,701550.0,1614450.0,0.25480568,14.734653,225,1
atitlan,2025-04-13,701850.0,1614450.0,0.20410867,13.576432,225,1
atitlan,2025-04-13,702150.0,1614450.0,0.15060055,9.789487,225,0
atitlan,2025-04-13,702450.0,1614450.0,0.31190613,19.788855,225,1
atitlan,2025-04-13,702750.0,1614450.0,0.32402262,22.07923,225,1
atitlan,2025-04-13,703050.0,1614450.0,0.35392866,26.61102,225,1
atitlan,2025-04-13,703350.0,1614450.0,0.35554144,26.589218,225,1
atitlan,2025-04-13,703650.0,1614450.0,0.34737426,27.450937,225,1
atitlan,2025-04-13,703950.0,1614450.0,0.35885513,28.231491,225,1
atitlan,2025-04-13,704250.0,1614450.0,0.37282607,30.893353,225,1
atitlan,2025-04-13,704550.0,1614450.0,0.37784111,31.992064,225,1
atitlan,2025-04-13,704850.0,1614450.0,0.36582136,29.558731,225,1
atitlan,2025-04-13,705150.0,1614450.0,0.34880358,27.526852,225,1
atitlan,2025-04-13,705450.0,1614450.0,0.36348596,28.813923,225,1
atitlan,2025-04-13,705750.0,1614450.0,0.37135756,30.080982,225,1
atitlan,2025-04-13,706050.0,1614450.0,0.38862237,34.128513,225,1
atitlan,2025-04-13,706350.0,1614450.0,0.36949915,30.621756,225,1
atitlan,2025-04-13,706650.0,1614450.0,0.3544727,28.78895,225,1
atitlan,2025-04-13,706950.0,1614450.0,0.3970076,36.503944,225,1
atitlan,2025-04-13,707250.0,1614450.0,0.4130504,40.330208,225,1
atitlan,2025-04-13,707550.0,1614450.0,0.4086481,39.175373,225,1
atitlan,2025-04-13,707850.0,1614450.0,0.39680794,35.887367,45,1
atitlan,2025-04-13,680250.0,1614750.0,0.34304136,23.752937,180,1
atitlan,2025-04-13,680550.0,1614750.0,0.37550825,30.873873,225,1
atitlan,2025-04-13,680850.0,1614750.0,0.39906555,36.94591,225,1
atitlan,2025-04-13,681150.0,1614750.0,0.40766075,39.359238,225,1
atitlan,2025-04-13,681450.0,1614750.0,0.4012057,37.302307,225,1
atitlan,2025-04-13,681750.0,1614750.0,0.3737389,30.675259,225,1
atitlan,2025-04-13,682050.0,1614750.0,0.3828769,32.3723,225,1
atitlan,2025-04-13,682350.0,1614750.0,0.3510683,25.561737,225,1
atitlan,2025-04-13,682650.0,1614750.0,0.3740328,30.169807,225,1
atitlan,2025-04-13,682950.0,1614750.0,0.35366645,25.925468,225,1
atitlan,2025-04-13,683250.0,1614750.0,0.37423542,30.36619,225,1
atitlan,2025-04-13,683550.0,1614750.0,0.3685846,29.298386,225,1
atitlan,2025-04-13,683850.0,1614750.0,0.36642435,28.581306,225,1
atitlan,2025-04-13,684150.0,1614750.0,0.36047122,27.175102,225,1
atitlan,2025-04-13,684450.0,1614750.0,0.34772718,24.718288,225,1
atitlan,2025-04-13,684750.0,1614750.0,0.35089833,25.114367,225,1
atitlan,2025-04-13,685050.0,1614750.0,0.36284834,27.93688,225,1
atitlan,2025-04-13,685350.0,1614750.0,0.39443225,35.256416,225,1
atitlan,2025-04-13,685650.0,1614750.0,0.40218502,37.5424,225,1
atitlan,2025-04-13,685950.0,1614750.0,0.4104789,39.733337,225,1
atitlan,2025-04-13,686250.0,1614750.0,0.40724304,38.744392,225,1
atitlan,2025-04-13,686550.0,1614750.0,0.38899764,34.327175,225,1
atitlan,2025-04-13,686850.0,1614750.0,0.3908613,34.279984,225,1
atitlan,2025-04-13,687150.0,1614750.0,0.38358498,32.550407,225,1
atitlan,2025-04-13,687450.0,1614750.0,0.39114797,34.64668,225,1
atitlan,2025-04-13,687750.0,1614750.0,0.3806845,32.109894,225,1
atitlan,2025-04-13,688050.0,1614750.0,0.3594237,28.368538,225,1
atitlan,2025-04-13,688350.0,1614750.0,0.3766077,31.697927,225,1
atitlan,2025-04-13,688650.0,1614750.0,0.38190368,32.519127,225,1
atitlan,2025-04-13,688950.0,1614750.0,0.3754294,30.88811,225,1
atitlan,2025-04-13,689250.0,1614750.0,0.36871955,29.361988,225,1
atitlan,2025-04-13,689550.0,1614750.0,0.3730934,30.760033,225,1
atitlan,2025-04-13,689850.0,1614750.0,0.3442427,27.08972,225,1
atitlan,2025-04-13,690150.0,1614750.0,0.3440796,27.184076,225,1
atitlan,2025-04-13,690450.0,1614750.0,0.29204953,18.503483,225,1
atitlan,2025-04-13,690750.0,1614750.0,0.29455313,18.008862,225,1
atitlan,2025-04-13,691050.0,1614750.0,0.36922303,32.611347,225,1
atitlan,2025-04-13,691350.0,1614750.0,0.38136727,34.83672,225,1
atitlan,2025-04-13,691650.0,1614750.0,0.38240784,33.42649,225,1
atitlan,2025-04-13,691950.0,1614750.0,0.37576535,33.59567,225,1
atitlan,2025-04-13,692250.0,1614750.0,0.38860765,35.548187,225,1
atitlan,2025-04-13,692550.0,1614750.0,0.4049565,38.052822,225,1
atitlan,2025-04-13,692850.0,1614750.0,0.39331073,35.124886,225,1
atitlan,2025-04-13,693150.0,1614750.0,0.38458246,32.821884,225,1
atitlan,2025-04-13,693450.0,1614750.0,0.40082067,38.080864,225,1
atitlan,2025-04-13,693750.0,1614750.0,0.39315644,35.354862,225,1
atitlan,2025-04-13,694050.0,1614750.0,0.39211395,34.958252,225,1
atitlan,2025-04-13,694350.0,1614750.0,0.40699175,38.812473,225,1
atitlan,2025-04-13,694650.0,1614750.0,0.4119496,40.346214,225,1
atitlan,2025-04-13,694950.0,1614750.0,0.41868868,42.45131,225,1
atitlan,2025-04-13,695250.0,1614750.0,0.4289086,45.5888,225,1
atitlan,2025-04-13,695550.0,1614750.0,0.42577833,44.630066,225,1
atitlan,2025-04-13,695850.0,1614750.0,0.39049032,36.65055,225,1
atitlan,2025-04-13,696150.0,1614750.0,0.39122126,36.57355,225,1
atitlan,2025-04-13,696450.0,1614750.0,0.3902677,34.51712,225,1
atitlan,2025-04-13,696750.0,1614750.0,0.39244926,35.552406,225,1
atitlan,2025-04-13,697050.0,1614750.0,0.3301468,23.51416,225,1
atitlan,2025-04-13,697350.0,1614750.0,0.30962214,23.18325,225,1
atitlan,2025-04-13,697650.0,1614750.0,0.34293464,25.762774,225,1
atitlan,2025-04-13,697950.0,1614750.0,0.32686445,22.321184,225,1
atitlan,2025-04-13,698250.0,1614750.0,0.3165781,20.059542,225,1
atitlan,2025-04-13,698550.0,1614750.0,0.3041911,18.3398,225,1
atitlan,2025-04-13,698850.0,1614750.0,0.2581604,14.337549,225,1
atitlan,2025-04-13,699150.0,1614750.0,0.26399162,14.64614,225,1
atitlan,2025-04-13,699450.0,1614750.0,0.27003983,14.246081,225,1
atitlan,2025-04-13,699750.0,1614750.0,0.26676324,14.583972,225,1
atitlan,2025-04-13,700050.0,1614750.0,0.29567924,17.069752,225,1
atitlan,2025-04-13,700350.0,1614750.0,0.29734161,17.19174,225,1
atitlan,2025-04-13,700650.0,1614750.0,0.2512475,12.038939,225,1
atitlan,2025-04-13,700950.0,1614750.0,0.24912164,13.019021,225,1
atitlan,2025-04-13,701250.0,1614750.0,0.2408865,12.62563,225,1
atitlan,2025-04-13,701550.0,1614750.0,0.13842832,7.4561796,225,0
atitlan,2025-04-13,701850.0,1614750.0,0.11686171,7.415544,225,0
atitlan,2025-04-13,702150.0,1614750.0,0.21611848,13.963023,225,1
atitlan,2025-04-13,702450.0,1614750.0,0.33903095,24.365063,225,1
atitlan,2025-04-13,702750.0,1614750.0,0.33970815,24.130478,225,1
atitlan,2025-04-13,703050.0,1614750.0,0.36049905,27.855877,225,1
atitlan,2025-04-13,703350.0,1614750.0,0.35229045,27.825035,225,1
atitlan,2025-04-13,703650.0,1614750.0,0.35110432,27.076118,225,1
atitlan,2025-04-13,703950.0,1614750.0,0.35556275,27.966501,225,1
atitlan,2025-04-13,704250.0,1614750.0,0.37903795,31.809685,225,1
atitlan,2025-04-13,704550.0,1614750.0,0.37351483,31.104094,225,1
atitlan,2025-04-13,704850.0,1614750.0,0.35484052,27.554495,225,1
atitlan,2025-04-13,705150.0,1614750.0,0.3601033,28.138823,225,1
atitlan,2025-04-13,705450.0,1614750.0,0.36039776,27.384712,225,1
atitlan,2025-04-13,705750.0,1614750.0,0.37147826,29.822325,225,1
atitlan,2025-04-13,706050.0,1614750.0,0.38832948,34.210407,225,1
atitlan,2025-04-13,706350.0,1614750.0,0.37461537,31.166214,225,1
atitlan,2025-04-13,706650.0,1614750.0,0.3897146,34.264786,225,1
atitlan,2025-04-13,706950.0,1614750.0,0.3979278,36.344738,225,1
atitlan,2025-04-13,707250.0,1614750.0,0.39966336,36.650978,225,1
atitlan,2025-04-13,707550.0,1614750.0,0.3869296,33.409348,225,1
atitlan,2025-04-13,707850.0,1614750.0,0.39738753,36.010014,45,1
atitlan,2025-04-13,680250.0,1615050.0,0.30958346,18.72624,180,1
atitlan,2025-04-13,680550.0,1615050.0,0.3385381,23.453506,225,1
atitlan,2025-04-13,680850.0,1615050.0,0.38107923,32.45456,225,1
atitlan,2025-04-13,681150.0,1615050.0,0.38818577,33.77498,225,1
atitlan,2025-04-13,681450.0,1615050.0,0.38044658,31.661484,225,1
atitlan,2025-04-13,681750.0,1615050.0,0.36583498,28.43767,225,1
atitlan,2025-04-13,682050.0,1615050.0,0.38018078,31.666441,225,1
atitlan,2025-04-13,682350.0,1615050.0,0.35913703,27.296314,225,1
atitlan,2025-04-13,682650.0,1615050.0,0.36903185,29.0169,225,1
atitlan,2025-04-13,682950.0,1615050.0,0.36452934,28.649868,225,1
atitlan,2025-04-13,683250.0,1615050.0,0.38652584,33.434574,225,1
atitlan,2025-04-13,683550.0,1615050.0,0.35935265,27.888416,225,1
atitlan,2025-04-13,683850.0,1615050.0,0.36322358,28.00763,225,1
atitlan,2025-04-13,684150.0,1615050.0,0.37915972,31.495043,225,1
atitlan,2025-04-13,684450.0,1615050.0,0.3671103,28.893246,225,1
atitlan,2025-04-13,684750.0,1615050.0,0.35519183,26.099646,225,1
atitlan,2025-04-13,685050.0,1615050.0,0.34603432,24.321194,225,1
atitlan,2025-04-13,685350.0,1615050.0,0.39814436,36.72489,225,1
atitlan,2025-04-13,685650.0,1615050.0,0.4056787,38.43612,225,1
atitlan,2025-04-13,685950.0,1615050.0,0.40626124,38.515755,225,1
atitlan,2025-04-13,686250.0,1615050.0,0.40874082,39.16166,225,1
atitlan,2025-04-13,686550.0,1615050.0,0.39855522,36.457893,225,1
atitlan,2025-04-13,686850.0,1615050.0,0.39440548,35.208153,225,1
atitlan,2025-04-13,687150.0,1615050.0,0.40227416,37.37262,225,1
atitlan,2025-04-13,687450.0,1615050.0,0.38718218,33.679375,225,1
atitlan,2025-04-13,687750.0,1615050.0,0.3851638,33.41774,225,1
atitlan,2025-04-13,688050.0,1615050.0,0.37981358,32.242928,225,1
atitlan,2025-04-13,688350.0,1615050.0,0.34151444,25.11037,225,1
atitlan,2025-04-13,688650.0,1615050.0,0.37361315,31.471794,225,1
atitlan,2025-04-13,688950.0,1615050.0,0.37400392,30.666996,225,1
atitlan,2025-04-13,689250.0,1615050.0,0.37774798,32.186523,225,1
atitlan,2025-04-13,689550.0,1615050.0,0.35858768,28.475447,225,1
atitlan,2025-04-13,689850.0,1615050.0,0.3244403,22.541643,225,1
atitlan,2025-04-13,690150.0,1615050.0,0.2377757,11.62371,225,0
atitlan,2025-04-13,690450.0,1615050.0,0.30805895,19.982533,225,1
atitlan,2025-04-13,690750.0,1615050.0,0.3464186,26.185987,225,1
atitlan,2025-04-13,691050.0,1615050.0,0.29040998,21.058292,225,1
atitlan,2025-04-13,691350.0,1615050.0,0.3338013,26.671154,225,1
atitlan,2025-04-13,691650.0,1615050.0,0.3598957,30.912712,225,1
atitlan,2025-04-13,691950.0,1615050.0,0.3600239,29.431187,225,1
atitlan,2025-04-13,692250.0,1615050.0,0.38394654,33.992214,225,1
atitlan,2025-04-13,692550.0,1615050.0,0.383859,33.338276,225,1
atitlan,2025-04-13,692850.0,1615050.0,0.37692326,31.450193,225,1
atitlan,2025-04-13,693150.0,1615050.0,0.35606775,27.009615,225,1
atitlan,2025-04-13,693450.0,1615050.0,0.38493538,33.266632,225,1
atitlan,2025-04-13,693750.0,1615050.0,0.39655632,35.944122,225,1
atitlan,2025-04-13,694050.0,1615050.0,0.41450614,41.038193,225,1
atitlan,2025-04-13,694350.0,1615050.0,0.40193924,37.61763,225,1
atitlan,2025-04-13,694650.0,1615050.0,0.38665712,33.964333,225,1
atitlan,2025-04-13,694950.0,1615050.0,0.39469177,35.52796,225,1
atitlan,2025-04-13,695250.0,1615050.0,0.41650578,42.435093,225,1
atitlan,2025-04-13,695550.0,1615050.0,0.35329905,34.748947,225,1
atitlan,2025-04-13,695850.0,1615050.0,0.40387642,41.07758,225,1
atitlan,2025-04-13,696150.0,1615050.0,0.3924587,36.788235,225,1
atitlan,2025-04-13,696450.0,1615050.0,0.39480516,36.285507,225,1
atitlan,2025-04-13,696750.0,1615050.0,0.39220375,36.75508,225,1
atitlan,2025-04-13,697050.0,1615050.0,0.34231263,25.096628,225,1
atitlan,2025-04-13,697350.0,1615050.0,0.31867072,21.317461,225,1
atitlan,2025-04-13,697650.0,1615050.0,0.3049811,24.198084,225,1
atitlan,2025-04-13,697950.0,1615050.0,0.3466444,25.761547,225,1
atitlan,2025-04-13,698250.0,1615050.0,0.3247921,22.836895,225,1
atitlan,2025-04-13,698550.0,1615050.0,0.3161008,20.818407,225,1
atitlan,2025-04-13,698850.0,1615050.0,0.31067738,19.406893,225,1
atitlan,2025-04-13,699150.0,1615050.0,0.30422604,19.256865,225,1
atitlan,2025-04-13,699450.0,1615050.0,0.30270213,17.901442,225,1
atitlan,2025-04-13,699750.0,1615050.0,0.29320645,16.80263,225,1
atitlan,2025-04-13,700050.0,1615050.0,0.26632905,13.861147,225,1
atitlan,2025-04-13,700350.0,1615050.0,0.25443938,12.179292,225,1
atitlan,2025-04-13,700650.0,1615050.0,0.23668359,13.351993,225,1
atitlan,2025-04-13,700950.0,1615050.0,0.21759272,11.745619,225,0
atitlan,2025-04-13,701250.0,1615050.0,0.22953367,11.555654,225,0
atitlan,2025-04-13,701550.0,1615050.0,0.2872644,17.031658,225,1
atitlan,2025-04-13,701850.0,1615050.0,0.34508958,24.749207,225,1
atitlan,2025-04-13,702150.0,1615050.0,0.3255421,21.993711,225,1
atitlan,2025-04-13,702450.0,1615050.0,0.34724182,25.232828,225,1
atitlan,2025-04-13,702750.0,1615050.0,0.36594313,30.01828,225,1
atitlan,2025-04-13,703050.0,1615050.0,0.39350906,36.04506,225,1
atitlan,2025-04-13,703350.0,1615050.0,0.36568928,29.733608,225,1
atitlan,2025-04-13,703650.0,1615050.0,0.371595,30.756983,225,1
atitlan,2025-04-13,703950.0,1615050.0,0.34980094,25.865482,225,1
atitlan,2025-04-13,704250.0,1615050.0,0.37524965,32.43814,225,1
atitlan,2025-04-13,704550.0,1615050.0,0.3666409,31.129564,225,1
atitlan,2025-04-13,704850.0,1615050.0,0.31694964,22.451351,225,1
atitlan,2025-04-13,705150.0,1615050.0,0.30076745,21.108839,225,1
atitlan,2025-04-13,705450.0,1615050.0,0.3652776,29.686722,225,1
atitlan,2025-04-13,705750.0,1615050.0,0.37017778,29.807365,225,1
atitlan,2025-04-13,706050.0,1615050.0,0.36549163,28.576721,225,1
atitlan,2025-04-13,706350.0,1615050.0,0.35884953,27.312769,225,1
atitlan,2025-04-13,706650.0,1615050.0,0.3880856,35.756107,225,1
atitlan,2025-04-13,706950.0,1615050.0,0.36030427,27.868309,225,1
atitlan,2025-04-13,707250.0,1615050.0,0.38368344,32.640076,225,1
atitlan,2025-04-13,707550.0,1615050.0,0.40081072,37.045,225,1
atitlan,2025-04-13,707850.0,1615050.0,0.40229997,37.561943,45,1
atitlan,2025-04-13,680250.0,1615350.0,0.34683242,26.010332,180,1
atitlan,2025-04-13,680550.0,1615350.0,0.35768253,27.686005,225,1
atitlan,2025-04-13,680850.0,1615350.0,0.3731955,33.751114,225,1
atitlan,2025-04-13,681150.0,1615350.0,0.39922094,37.059578,225,1
atitlan,2025-04-13,681450.0,1615350.0,0.3723972,29.622221,225,1
atitlan,2025-04-13,681750.0,1615350.0,0.37318882,29.734732,225,1
atitlan,2025-04-13,682050.0,1615350.0,0.3872014,33.37977,225,1
atitlan,2025-04-13,682350.0,1615350.0,0.35569492,26.446102,225,1
atitlan,2025-04-13,682650.0,1615350.0,0.38274416,32.270134,225,1
atitlan,2025-04-13,682950.0,1615350.0,0.3795595,31.455132,225,1
atitlan,2025-04-13,683250.0,1615350.0,0.38649192,33.370094,225,1
atitlan,2025-04-13,683550.0,1615350.0,0.3801695,32.146984,225,1
atitlan,2025-04-13,683850.0,1615350.0,0.35767332,26.610626,225,1
atitlan,2025-04-13,684150.0,1615350.0,0.38389766,32.516186,225,1
atitlan,2025-04-13,684450.0,1615350.0,0.37808952,31.359983,225,1
atitlan,2025-04-13,684750.0,1615350.0,0.37088794,29.83444,225,1
atitlan,2025-04-13,685050.0,1615350.0,0.34682512,24.474607,225,1
atitlan,2025-04-13,685350.0,1615350.0,0.37759143,31.362946,225,1
atitlan,2025-04-13,685650.0,1615350.0,0.40510437,38.30926,225,1
atitlan,2025-04-13,685950.0,1615350.0,0.41860613,42.21208,225,1
atitlan,2025-04-13,686250.0,1615350.0,0.4157727,41.263607,225,1
atitlan,2025-04-13,686550.0,1615350.0,0.40458208,38.12222,225,1
atitlan,2025-04-13,686850.0,1615350.0,0.40524176,38.22966,225,1
atitlan,2025-04-13,687150.0,1615350.0,0.39370847,35.02405,225,1
atitlan,2025-04-13,687450.0,1615350.0,0.38427982,32.77719,225,1
atitlan,2025-04-13,687750.0,1615350.0,0.3744212,31.14329,225,1
atitlan,2025-04-13,688050.0,1615350.0,0.37520048,31.428654,225,1
atitlan,2025-04-13,688350.0,1615350.0,0.3645475,29.61101,225,1
atitlan,2025-04-13,688650.0,1615350.0,0.37764275,32.44972,225,1
atitlan,2025-04-13,688950.0,1615350.0,0.34592125,26.923939,225,1
atitlan,2025-04-13,689250.0,1615350.0,0.2778272,17.37187,225,1
atitlan,2025-04-13,689550.0,1615350.0,0.2979379,18.273075,225,1
atitlan,2025-04-13,689850.0,1615350.0,0.2976601,18.89853,225,1
atitlan,2025-04-13,690150.0,1615350.0,0.23473023,11.082636,225,0
atitlan,2025-04-13,690450.0,1615350.0,0.28139395,17.117523,225,1
atitlan,2025-04-13,690750.0,1615350.0,0.31168172,22.195095,225,1
atitlan,2025-04-13,691050.0,1615350.0,0.32435355,23.173763,225,1
atitlan,2025-04-13,691350.0,1615350.0,0.354104,27.63517,225,1
atitlan,2025-04-13,691650.0,1615350.0,0.381761,33.24517,225,1
atitlan,2025-04-13,691950.0,1615350.0,0.35834178,28.961517,225,1
atitlan,2025-04-13,692250.0,1615350.0,0.37661958,32.0018,225,1
atitlan,2025-04-13,692550.0,1615350.0,0.3763536,31.797653,225,1
atitlan,2025-04-13,692850.0,1615350.0,0.38609755,34.022923,225,1
atitlan,2025-04-13,693150.0,1615350.0,0.39331397,35.25701,225,1
atitlan,2025-04-13,693450.0,1615350.0,0.39131403,34.648113,225,1
atitlan,2025-04-13,693750.0,1615350.0,0.3916918,35.012527,225,1
atitlan,2025-04-13,694050.0,1615350.0,0.38528794,34.08685,225,1
atitlan,2025-04-13,694350.0,1615350.0,0.36173204,28.197075,225,1
atitlan,2025-04-13,694650.0,1615350.0,0.34811184,25.494064,225,1
atitlan,2025-04-13,694950.0,1615350.0,0.38387328,33.49766,225,1
atitlan,2025-04-13,695250.0,1615350.0,0.40901387,40.42961,225,1
atitlan,2025-04-13,695550.0,1615350.0,0.39997077,40.46797,225,1
atitlan,2025-04-13,695850.0,1615350.0,0.40132847,42.835686,225,1
atitlan,2025-04-13,696150.0,1615350.0,0.40023753,40.63883,225,1
atitlan,2025-04-13,696450.0,1615350.0,0.30886218,25.511381,225,1
atitlan,2025-04-13,696750.0,1615350.0,0.25067052,17.591557,225,1
atitlan,2025-04-13,697050.0,1615350.0,0.2897073,19.111908,225,1
atitlan,2025-04-13,697350.0,1615350.0,0.3298719,23.34205,225,1
atitlan,2025-04-13,697650.0,1615350.0,0.34514982,27.25287,225,1
atitlan,2025-04-13,697950.0,1615350.0,0.3465942,25.61366,225,1
atitlan,2025-04-13,698250.0,1615350.0,0.3430943,24.73933,225,1
atitlan,2025-04-13,698550.0,1615350.0,0.33222613,23.136866,225,1
atitlan,2025-04-13,698850.0,1615350.0,0.30417693,18.724125,225,1
atitlan,2025-04-13,699150.0,1615350.0,0.2815168,16.117094,225,1
atitlan,2025-04-13,699450.0,1615350.0,0.28102085,16.232758,225,1
atitlan,2025-04-13,699750.0,1615350.0,0.27509972,14.958612,225,1
atitlan,2025-04-13,700050.0,1615350.0,0.25411695,12.6757345,225,1
atitlan,2025-04-13,700350.0,1615350.0,0.2690452,15.14188,225,1
atitlan,2025-04-13,700650.0,1615350.0,0.16294995,9.846338,225,0
atitlan,2025-04-13,700950.0,1615350.0,0.14015938,7.8126454,225,0
atitlan,2025-04-13,701250.0,1615350.0,0.20174448,10.287678,225,0
atitlan,2025-04-13,701550.0,1615350.0,0.31509823,20.724735,225,1
atitlan,2025-04-13,701850.0,1615350.0,0.34058324,23.970684,225,1
atitlan,2025-04-13,702150.0,1615350.0,0.31991857,20.83142,225,1
atitlan,2025-04-13,702450.0,1615350.0,0.37168247,31.085402,225,1
atitlan,2025-04-13,702750.0,1615350.0,0.3906058,35.232388,225,1
atitlan,2025-04-13,703050.0,1615350.0,0.3562327,27.535679,225,1
atitlan,2025-04-13,703350.0,1615350.0,0.34860545,25.987953,225,1
atitlan,2025-04-13,703650.0,1615350.0,0.37552473,31.59793,225,1
atitlan,2025-04-13,703950.0,1615350.0,0.381649,32.526424,225,1
atitlan,2025-04-13,704250.0,1615350.0,0.3720672,33.08775,225,1
atitlan,2025-04-13,704550.0,1615350.0,0.37293953,31.119535,225,1
atitlan,2025-04-13,704850.0,1615350.0,0.3299271,22.885271,225,1
atitlan,2025-04-13,705150.0,1615350.0,0.32705623,23.806435,225,1
atitlan,2025-04-13,705450.0,1615350.0,0.3540166,27.549747,225,1
atitlan,2025-04-13,705750.0,1615350.0,0.32299358,21.943771,225,1
atitlan,2025-04-13,706050.0,1615350.0,0.34665835,25.796482,225,1
atitlan,2025-04-13,706350.0,1615350.0,0.37661842,31.099335,225,1
atitlan,2025-04-13,706650.0,1615350.0,0.3852579,33.33969,225,1
atitlan,2025-04-13,706950.0,1615350.0,0.35891038,27.091892,225,1
atitlan,2025-04-13,707250.0,1615350.0,0.38125393,32.080254,225,1
atitlan,2025-04-13,707550.0,1615350.0,0.37217247,30.106632,225,1
atitlan,2025-04-13,707850.0,1615350.0,0.37428758,31.001003,45,1
atitlan,2025-04-13,680250.0,1615650.0,0.40540877,38.49346,180,1
atitlan,2025-04-13,680550.0,1615650.0,0.39847976,37.117073,225,1
atitlan,2025-04-13,680850.0,1615650.0,0.43842632,48.769302,225,1
atitlan,2025-04-13,681150.0,1615650.0,0.42923054,45.650818,225,1
atitlan,2025-04-13,681450.0,1615650.0,0.37818375,31.106503,225,1
atitlan,2025-04-13,681750.0,1615650.0,0.37273923,29.765135,225,1
atitlan,2025-04-13,682050.0,1615650.0,0.38701516,33.35863,225,1
atitlan,2025-04-13,682350.0,1615650.0,0.36591497,28.61814,225,1
atitlan,2025-04-13,682650.0,1615650.0,0.39023373,34.300632,225,1
atitlan,2025-04-13,682950.0,1615650.0,0.3834051,32.517918,225,1
atitlan,2025-04-13,683250.0,1615650.0,0.37498045,30.6797,225,1
atitlan,2025-04-13,683550.0,1615650.0,0.38896072,33.819843,225,1
atitlan,2025-04-13,683850.0,1615650.0,0.36163282,27.84767,225,1
atitlan,2025-04-13,684150.0,1615650.0,0.35659498,26.702133,225,1
atitlan,2025-04-13,684450.0,1615650.0,0.38991064,34.411003,225,1
atitlan,2025-04-13,684750.0,1615650.0,0.37816882,31.356743,225,1
atitlan,2025-04-13,685050.0,1615650.0,0.37736687,31.062391,225,1
atitlan,2025-04-13,685350.0,1615650.0,0.36984026,29.353754,225,1
atitlan,2025-04-13,685650.0,1615650.0,0.40478325,38.122395,225,1
atitlan,2025-04-13,685950.0,1615650.0,0.4115647,40.057182,225,1
atitlan,2025-04-13,686250.0,1615650.0,0.42167377,43.08083,225,1
atitlan,2025-04-13,686550.0,1615650.0,0.4077058,39.044514,225,1
atitlan,2025-04-13,686850.0,1615650.0,0.4004661,37.02809,225,1
atitlan,2025-04-13,687150.0,1615650.0,0.38428503,32.92119,225,1
atitlan,2025-04-13,687450.0,1615650.0,0.37561992,30.594683,225,1
atitlan,2025-04-13,687750.0,1615650.0,0.3767927,32.540833,225,1
atitlan,2025-04-13,688050.0,1615650.0,0.37355456,31.437553,225,1
atitlan,2025-04-13,688350.0,1615650.0,0.3375444,24.786577,225,1
atitlan,2025-04-13,688650.0,1615650.0,0.3060947,20.980078,225,1
atitlan,2025-04-13,688950.0,1615650.0,0.2947302,20.33397,225,1
atitlan,2025-04-13,689250.0,1615650.0,0.2253101,13.099547,225,1
atitlan,2025-04-13,689550.0,1615650.0,0.23121475,12.491871,225,1
atitlan,2025-04-13,689850.0,1615650.0,0.2953726,19.679377,225,1
atitlan,2025-04-13,690150.0,1615650.0,0.28613597,17.45222,225,1
atitlan,2025-04-13,690450.0,1615650.0,0.2738009,16.318277,225,1
atitlan,2025-04-13,690750.0,1615650.0,0.25783283,16.0295,225,1
atitlan,2025-04-13,691050.0,1615650.0,0.33924544,25.7199,225,1
atitlan,2025-04-13,691350.0,1615650.0,0.3179418,21.990673,225,1
atitlan,2025-04-13,691650.0,1615650.0,0.33246455,23.83394,225,1
atitlan,2025-04-13,691950.0,1615650.0,0.33017758,24.948126,225,1
atitlan,2025-04-13,692250.0,1615650.0,0.364647,31.28912,225,1
atitlan,2025-04-13,692550.0,1615650.0,0.36962053,29.891125,225,1
atitlan,2025-04-13,692850.0,1615650.0,0.38496685,33.238075,225,1
atitlan,2025-04-13,693150.0,1615650.0,0.3720378,30.147112,225,1
atitlan,2025-04-13,693450.0,1615650.0,0.37112582,30.075653,225,1
atitlan,2025-04-13,693750.0,1615650.0,0.37887666,31.599903,225,1
atitlan,2025-04-13,694050.0,1615650.0,0.36504865,28.433632,225,1
atitlan,2025-04-13,694350.0,1615650.0,0.32755458,21.679882,225,1
atitlan,2025-04-13,694650.0,1615650.0,0.36299685,28.369839,225,1
atitlan,2025-04-13,694950.0,1615650.0,0.36958045,29.579077,225,1
atitlan,2025-04-13,695250.0,1615650.0,0.39178014,34.70873,225,1
atitlan,2025-04-13,695550.0,1615650.0,0.40358794,37.895576,225,1
atitlan,2025-04-13,695850.0,1615650.0,0.3875642,34.39964,225,1
atitlan,2025-04-13,696150.0,1615650.0,0.41234666,40.86461,225,1
atitlan,2025-04-13,696450.0,1615650.0,0.40294412,38.96825,225,1
atitlan,2025-04-13,696750.0,1615650.0,0.3396926,27.66033,225,1
atitlan,2025-04-13,697050.0,1615650.0,0.3129241,22.65971,225,1
atitlan,2025-04-13,697350.0,1615650.0,0.3320124,25.11119,225,1
atitlan,2025-04-13,697650.0,1615650.0,0.31040135,22.393627,225,1
atitlan,2025-04-13,697950.0,1615650.0,0.3288816,25.634563,225,1
atitlan,2025-04-13,698250.0,1615650.0,0.35166404,26.289284,225,1
atitlan,2025-04-13,698550.0,1615650.0,0.3322905,22.996954,225,1
atitlan,2025-04-13,698850.0,1615650.0,0.3098445,19.081774,225,1
atitlan,2025-04-13,699150.0,1615650.0,0.26658994,13.524672,225,1
atitlan,2025-04-13,699450.0,1615650.0,0.2687435,13.981989,225,1
atitlan,2025-04-13,699750.0,1615650.0,0.26823127,14.06713,225,1
atitlan,2025-04-13,700050.0,1615650.0,0.24877876,11.984907,225,0
atitlan,2025-04-13,700350.0,1615650.0,0.25093773,12.404069,225,1
atitlan,2025-04-13,700650.0,1615650.0,0.23153663,10.89487,225,0
atitlan,2025-04-13,700950.0,1615650.0,0.20403217,10.285112,225,0
atitlan,2025-04-13,701250.0,1615650.0,0.2757474,15.954014,225,1
atitlan,2025-04-13,701550.0,1615650.0,0.35446692,26.69219,225,1
atitlan,2025-04-13,701850.0,1615650.0,0.33956707,24.538195,225,1
atitlan,2025-04-13,702150.0,1615650.0,0.3779274,32.84701,225,1
atitlan,2025-04-13,702450.0,1615650.0,0.38620472,34.82555,225,1
atitlan,2025-04-13,702750.0,1615650.0,0.32008687,21.588984,225,1
atitlan,2025-04-13,703050.0,1615650.0,0.3336911,24.869564,225,1
atitlan,2025-04-13,703350.0,1615650.0,0.36755842,29.74146,225,1
atitlan,2025-04-13,703650.0,1615650.0,0.3411283,27.109371,225,1
atitlan,2025-04-13,703950.0,1615650.0,0.40429226,38.52705,225,1
atitlan,2025-04-13,704250.0,1615650.0,0.35526007,29.416563,225,1
atitlan,2025-04-13,704550.0,1615650.0,0.36433554,28.860903,225,1
atitlan,2025-04-13,704850.0,1615650.0,0.31290156,20.675358,225,1
atitlan,2025-04-13,705150.0,1615650.0,0.30057943,20.783955,225,1
atitlan,2025-04-13,705450.0,1615650.0,0.3609108,28.151535,225,1
atitlan,2025-04-13,705750.0,1615650.0,0.35302827,27.703295,225,1
atitlan,2025-04-13,706050.0,1615650.0,0.317327,21.852966,225,1
atitlan,2025-04-13,706350.0,1615650.0,0.3235012,22.696434,225,1
atitlan,2025-04-13,706650.0,1615650.0,0.34698555,25.847748,225,1
atitlan,2025-04-13,706950.0,1615650.0,0.3749458,31.209782,225,1
atitlan,2025-04-13,707250.0,1615650.0,0.39080977,34.55582,225,1
atitlan,2025-04-13,707550.0,1615650.0,0.36769927,29.072716,225,1
atitlan,2025-04-13,707850.0,1615650.0,0.3831601,32.372993,45,1
atitlan,2025-04-13,680250.0,1615950.0,0.42993987,46.081722,180,1
atitlan,2025-04-13,680550.0,1615950.0,0.4246004,44.10899,225,1
atitlan,2025-04-13,680850.0,1615950.0,0.4238962,43.952362,225,1
atitlan,2025-04-13,681150.0,1615950.0,0.45266223,53.64535,225,1
atitlan,2025-04-13,681450.0,1615950.0,0.39563558,35.518997,225,1
atitlan,2025-04-13,681750.0,1615950.0,0.39201757,34.499313,225,1
atitlan,2025-04-13,682050.0,1615950.0,0.38801757,33.931023,225,1
atitlan,2025-04-13,682350.0,1615950.0,0.38019928,31.899498,225,1
atitlan,2025-04-13,682650.0,1615950.0,0.38910604,33.801228,225,1
atitlan,2025-04-13,682950.0,1615950.0,0.39588028,35.59603,225,1
atitlan,2025-04-13,683250.0,1615950.0,0.3778477,31.335194,225,1
atitlan,2025-04-13,683550.0,1615950.0,0.39404404,35.11376,225,1
atitlan,2025-04-13,683850.0,1615950.0,0.39629218,35.8074,225,1
atitlan,2025-04-13,684150.0,1615950.0,0.3777221,31.669235,225,1
atitlan,2025-04-13,684450.0,1615950.0,0.36450174,28.68313,225,1
atitlan,2025-04-13,684750.0,1615950.0,0.39384776,35.315372,225,1
atitlan,2025-04-13,685050.0,1615950.0,0.39273572,34.85224,225,1
atitlan,2025-04-13,685350.0,1615950.0,0.38370794,32.529766,225,1
atitlan,2025-04-13,685650.0,1615950.0,0.4018576,37.606644,225,1
atitlan,2025-04-13,685950.0,1615950.0,0.4101956,39.799732,225,1
atitlan,2025-04-13,686250.0,1615950.0,0.41089255,40.20167,225,1
atitlan,2025-04-13,686550.0,1615950.0,0.39543328,35.809494,225,1
atitlan,2025-04-13,686850.0,1615950.0,0.40656325,38.971203,225,1
atitlan,2025-04-13,687150.0,1615950.0,0.39191192,34.8176,225,1
atitlan,2025-04-13,687450.0,1615950.0,0.3646379,29.456778,225,1
atitlan,2025-04-13,687750.0,1615950.0,0.33453378,23.583595,225,1
atitlan,2025-04-13,688050.0,1615950.0,0.23287468,13.49567,225,1
atitlan,2025-04-13,688350.0,1615950.0,0.25579202,14.902347,225,1
atitlan,2025-04-13,688650.0,1615950.0,0.28815046,17.603565,225,1
atitlan,2025-04-13,688950.0,1615950.0,0.22574377,12.682848,225,1
atitlan,2025-04-13,689250.0,1615950.0,0.2556549,14.1572485,225,1
atitlan,2025-04-13,689550.0,1615950.0,0.19753054,10.387976,225,0
atitlan,2025-04-13,689850.0,1615950.0,0.27929866,16.136293,225,1
atitlan,2025-04-13,690150.0,1615950.0,0.26371393,14.500687,225,1
atitlan,2025-04-13,690450.0,1615950.0,0.28853777,16.612902,225,1
atitlan,2025-04-13,690750.0,1615950.0,0.29011837,17.437252,225,1
atitlan,2025-04-13,691050.0,1615950.0,0.29670027,18.102451,225,1
atitlan,2025-04-13,691350.0,1615950.0,0.29785904,18.971695,225,1
atitlan,2025-04-13,691650.0,1615950.0,0.2810758,17.048027,225,1
atitlan,2025-04-13,691950.0,1615950.0,0.35447642,28.187756,225,1
atitlan,2025-04-13,692250.0,1615950.0,0.35075247,27.12774,225,1
atitlan,2025-04-13,692550.0,1615950.0,0.36299828,29.763933,225,1
atitlan,2025-04-13,692850.0,1615950.0,0.3760696,31.68838,225,1
atitlan,2025-04-13,693150.0,1615950.0,0.36038604,27.619287,225,1
atitlan,2025-04-13,693450.0,1615950.0,0.3507685,25.232044,225,1
atitlan,2025-04-13,693750.0,1615950.0,0.37868872,31.80062,225,1
atitlan,2025-04-13,694050.0,1615950.0,0.36842155,29.37698,225,1
atitlan,2025-04-13,694350.0,1615950.0,0.3488527,25.159052,225,1
atitlan,2025-04-13,694650.0,1615950.0,0.3443306,24.498186,225,1
atitlan,2025-04-13,694950.0,1615950.0,0.38527894,33.00079,225,1
atitlan,2025-04-13,695250.0,1615950.0,0.40478832,38.26598,225,1
atitlan,2025-04-13,695550.0,1615950.0,0.4075212,38.996967,225,1
atitlan,2025-04-13,695850.0,1615950.0,0.40702066,39.259865,225,1
atitlan,2025-04-13,696150.0,1615950.0,0.40458024,39.012543,225,1
atitlan,2025-04-13,696450.0,1615950.0,0.3830264,34.048344,225,1
atitlan,2025-04-13,696750.0,1615950.0,0.3604539,28.24528,225,1
atitlan,2025-04-13,697050.0,1615950.0,0.36622483,30.626356,225,1
atitlan,2025-04-13,697350.0,1615950.0,0.36947814,32.181366,225,1
atitlan,2025-04-13,697650.0,1615950.0,0.35811007,29.025396,225,1
atitlan,2025-04-13,697950.0,1615950.0,0.34219885,24.58786,225,1
atitlan,2025-04-13,698250.0,1615950.0,0.34492445,25.302591,225,1
atitlan,2025-04-13,698550.0,1615950.0,0.32097387,21.93649,225,1
atitlan,2025-04-13,698850.0,1615950.0,0.2959017,17.853127,225,1
atitlan,2025-04-13,699150.0,1615950.0,0.25329658,11.924444,225,0
atitlan,2025-04-13,699450.0,1615950.0,0.27835354,15.516174,225,1
atitlan,2025-04-13,699750.0,1615950.0,0.27938667,14.98329,225,1
atitlan,2025-04-13,700050.0,1615950.0,0.2714812,13.96693,225,1
atitlan,2025-04-13,700350.0,1615950.0,0.24509345,11.529567,225,0
atitlan,2025-04-13,700650.0,1615950.0,0.21042438,9.2264805,225,0
atitlan,2025-04-13,700950.0,1615950.0,0.21183817,8.712832,225,0
atitlan,2025-04-13,701250.0,1615950.0,0.25839373,12.0397005,225,1
atitlan,2025-04-13,701550.0,1615950.0,0.32188553,21.50389,225,1
atitlan,2025-04-13,701850.0,1615950.0,0.3472606,25.325367,225,1
atitlan,2025-04-13,702150.0,1615950.0,0.38139609,32.489883,225,1
atitlan,2025-04-13,702450.0,1615950.0,0.37439245,30.78416,225,1
atitlan,2025-04-13,702750.0,1615950.0,0.33769342,24.88258,225,1
atitlan,2025-04-13,703050.0,1615950.0,0.34790835,26.198996,225,1
atitlan,2025-04-13,703350.0,1615950.0,0.3550079,26.627274,225,1
atitlan,2025-04-13,703650.0,1615950.0,0.3441405,25.470327,225,1
atitlan,2025-04-13,703950.0,1615950.0,0.38849065,36.005596,225,1
atitlan,2025-04-13,704250.0,1615950.0,0.34788042,27.345108,225,1
atitlan,2025-04-13,704550.0,1615950.0,0.34798688,25.379044,225,1
atitlan,2025-04-13,704850.0,1615950.0,0.35826856,27.415325,225,1
atitlan,2025-04-13,705150.0,1615950.0,0.34180495,25.004822,225,1
atitlan,2025-04-13,705450.0,1615950.0,0.35309288,27.570341,225,1
atitlan,2025-04-13,705750.0,1615950.0,0.36643514,30.197496,225,1
atitlan,2025-04-13,706050.0,1615950.0,0.30959046,22.254618,225,1
atitlan,2025-04-13,706350.0,1615950.0,0.31074435,21.854208,225,1
atitlan,2025-04-13,706650.0,1615950.0,0.3465494,26.871326,225,1
atitlan,2025-04-13,706950.0,1615950.0,0.36588016,30.04317,225,1
atitlan,2025-04-13,707250.0,1615950.0,0.39558682,36.07325,225,1
atitlan,2025-04-13,707550.0,1615950.0,0.35515815,27.047897,225,1
atitlan,2025-04-13,707850.0,1615950.0,0.365791,28.468012,45,1
atitlan,2025-04-13,680250.0,1616250.0,0.4303954,46.25375,180,1
atitlan,2025-04-13,680550.0,1616250.0,0.43787625,48.53392,225,1
atitlan,2025-04-13,680850.0,1616250.0,0.42533872,45.00935,225,1
atitlan,2025-04-13,681150.0,1616250.0,0.43617797,48.741993,225,1
atitlan,2025-04-13,681450.0,1616250.0,0.3866455,33.29249,225,1
atitlan,2025-04-13,681750.0,1616250.0,0.40401134,37.883915,225,1
atitlan,2025-04-13,682050.0,1616250.0,0.39717007,36.27,225,1
atitlan,2025-04-13,682350.0,1616250.0,0.38993993,34.27428,225,1
atitlan,2025-04-13,682650.0,1616250.0,0.40258846,37.49156,225,1
atitlan,2025-04-13,682950.0,1616250.0,0.40321717,37.63954,225,1
atitlan,2025-04-13,683250.0,1616250.0,0.38793993,33.839745,225,1
atitlan,2025-04-13,683550.0,1616250.0,0.40135312,37.38307,225,1
atitlan,2025-04-13,683850.0,1616250.0,0.40386415,37.933193,225,1
atitlan,2025-04-13,684150.0,1616250.0,0.38072982,32.41998,225,1
atitlan,2025-04-13,684450.0,1616250.0,0.39236885,35.173214,225,1
atitlan,2025-04-13,684750.0,1616250.0,0.38036782,32.418476,225,1
atitlan,2025-04-13,685050.0,1616250.0,0.41037065,39.92965,225,1
atitlan,2025-04-13,685350.0,1616250.0,0.39141175,34.956837,225,1
atitlan,2025-04-13,685650.0,1616250.0,0.3927128,35.000965,225,1
atitlan,2025-04-13,685950.0,1616250.0,0.40426674,38.261475,225,1
atitlan,2025-04-13,686250.0,1616250.0,0.40347362,38.092957,225,1
atitlan,2025-04-13,686550.0,1616250.0,0.39278492,35.106937,225,1
atitlan,2025-04-13,686850.0,1616250.0,0.40668315,38.77078,225,1
atitlan,2025-04-13,687150.0,1616250.0,0.40769592,39.724415,225,1
atitlan,2025-04-13,687450.0,1616250.0,0.34220114,25.372776,225,1
atitlan,2025-04-13,687750.0,1616250.0,0.30727822,19.410357,225,1
atitlan,2025-04-13,688050.0,1616250.0,0.14000162,9.627159,225,0
atitlan,2025-04-13,688350.0,1616250.0,0.1305096,9.022912,225,0
atitlan,2025-04-13,688650.0,1616250.0,0.26566565,16.865908,225,1
atitlan,2025-04-13,688950.0,1616250.0,0.24722356,13.559449,225,1
atitlan,2025-04-13,689250.0,1616250.0,0.19424126,9.984361,225,0
atitlan,2025-04-13,689550.0,1616250.0,0.28557676,18.151806,225,1
atitlan,2025-04-13,689850.0,1616250.0,0.26608652,15.318123,225,1
atitlan,2025-04-13,690150.0,1616250.0,0.26089695,13.746159,225,1
atitlan,2025-04-13,690450.0,1616250.0,0.2886857,16.468285,225,1
atitlan,2025-04-13,690750.0,1616250.0,0.28731576,16.869717,225,1
atitlan,2025-04-13,691050.0,1616250.0,0.25823435,14.732602,225,1
atitlan,2025-04-13,691350.0,1616250.0,0.31724533,21.544277,225,1
atitlan,2025-04-13,691650.0,1616250.0,0.2876139,19.151968,225,1
atitlan,2025-04-13,691950.0,1616250.0,0.34678075,28.236055,225,1
atitlan,2025-04-13,692250.0,1616250.0,0.35931545,28.337837,225,1
atitlan,2025-04-13,692550.0,1616250.0,0.3676095,29.41234,225,1
atitlan,2025-04-13,692850.0,1616250.0,0.36788347,30.467953,225,1
atitlan,2025-04-13,693150.0,1616250.0,0.37127927,29.711372,225,1
atitlan,2025-04-13,693450.0,1616250.0,0.35463077,26.207106,225,1
atitlan,2025-04-13,693750.0,1616250.0,0.38594478,33.136253,225,1
atitlan,2025-04-13,694050.0,1616250.0,0.3834582,32.6552,225,1
atitlan,2025-04-13,694350.0,1616250.0,0.35571817,26.191786,225,1
atitlan,2025-04-13,694650.0,1616250.0,0.33473647,22.082384,225,1
atitlan,2025-04-13,694950.0,1616250.0,0.33163655,22.8449,225,1
atitlan,2025-04-13,695250.0,1616250.0,0.33716515,25.33395,225,1
atitlan,2025-04-13,695550.0,1616250.0,0.41376984,40.99963,225,1
atitlan,2025-04-13,695850.0,1616250.0,0.41080976,40.402016,225,1
atitlan,2025-04-13,696150.0,1616250.0,0.42450002,45.209198,225,1
atitlan,2025-04-13,696450.0,1616250.0,0.40874583,39.83362,225,1
atitlan,2025-04-13,696750.0,1616250.0,0.39392188,35.800484,225,1
atitlan,2025-04-13,697050.0,1616250.0,0.3830133,34.084675,225,1
atitlan,2025-04-13,697350.0,1616250.0,0.3644173,31.080782,225,1
atitlan,2025-04-13,697650.0,1616250.0,0.34206828,28.097773,225,1
atitlan,2025-04-13,697950.0,1616250.0,0.35701486,28.356112,225,1
atitlan,2025-04-13,698250.0,1616250.0,0.3151792,20.547646,225,1
atitlan,2025-04-13,698550.0,1616250.0,0.33236516,23.02673,225,1
atitlan,2025-04-13,698850.0,1616250.0,0.31830692,21.132467,225,1
atitlan,2025-04-13,699150.0,1616250.0,0.2937615,17.638693,225,1
atitlan,2025-04-13,699450.0,1616250.0,0.21720143,8.80165,225,0
atitlan,2025-04-13,699750.0,1616250.0,0.22942053,10.173395,225,0
atitlan,2025-04-13,700050.0,1616250.0,0.24134988,12.364168,225,1
atitlan,2025-04-13,700350.0,1616250.0,0.16723382,7.561812,225,0
atitlan,2025-04-13,700650.0,1616250.0,0.2223596,9.712182,225,0
atitlan,2025-04-13,700950.0,1616250.0,0.1816686,7.5156007,225,0
atitlan,2025-04-13,701250.0,1616250.0,0.2751543,15.3307495,225,1
atitlan,2025-04-13,701550.0,1616250.0,0.32595092,21.539625,225,1
atitlan,2025-04-13,701850.0,1616250.0,0.34071442,25.00181,225,1
atitlan,2025-04-13,702150.0,1616250.0,0.33096957,22.56953,225,1
atitlan,2025-04-13,702450.0,1616250.0,0.3563798,26.713148,225,1
atitlan,2025-04-13,702750.0,1616250.0,0.3279657,22.877037,225,1
atitlan,2025-04-13,703050.0,1616250.0,0.3131695,20.046513,225,1
atitlan,2025-04-13,703350.0,1616250.0,0.3596131,28.467638,225,1
atitlan,2025-04-13,703650.0,1616250.0,0.36164546,29.205801,225,1
atitlan,2025-04-13,703950.0,1616250.0,0.35492608,27.862852,225,1
atitlan,2025-04-13,704250.0,1616250.0,0.34762836,26.563776,225,1
atitlan,2025-04-13,704550.0,1616250.0,0.35045,25.668932,225,1
atitlan,2025-04-13,704850.0,1616250.0,0.36791968,29.381958,225,1
atitlan,2025-04-13,705150.0,1616250.0,0.31330842,20.02846,225,1
atitlan,2025-04-13,705450.0,1616250.0,0.29232123,17.308218,225,1
atitlan,2025-04-13,705750.0,1616250.0,0.3488562,28.556044,225,1
atitlan,2025-04-13,706050.0,1616250.0,0.34867123,27.254423,225,1
atitlan,2025-04-13,706350.0,1616250.0,0.3150147,22.935186,225,1
atitlan,2025-04-13,706650.0,1616250.0,0.36715347,30.376902,225,1
atitlan,2025-04-13,706950.0,1616250.0,0.3835644,33.17325,225,1
atitlan,2025-04-13,707250.0,1616250.0,0.39832923,36.500786,225,1
atitlan,2025-04-13,707550.0,1616250.0,0.38393936,32.823692,225,1
atitlan,2025-04-13,707850.0,1616250.0,0.39284745,35.107807,45,1
atitlan,2025-04-13,680250.0,1616550.0,0.41024217,40.248077,180,1
atitlan,2025-04-13,680550.0,1616550.0,0.4462426,51.988647,225,1
atitlan,2025-04-13,680850.0,1616550.0,0.4065067,39.75991,225,1
atitlan,2025-04-13,681150.0,1616550.0,0.3918582,34.5184,225,1
atitlan,2025-04-13,681450.0,1616550.0,0.3951845,35.391087,225,1
atitlan,2025-04-13,681750.0,1616550.0,0.3860936,33.12715,225,1
atitlan,2025-04-13,682050.0,1616550.0,0.3862752,33.2396,225,1
atitlan,2025-04-13,682350.0,1616550.0,0.38351586,32.516933,225,1
atitlan,2025-04-13,682650.0,1616550.0,0.39678958,35.848076,225,1
atitlan,2025-04-13,682950.0,1616550.0,0.41264924,40.479836,225,1
atitlan,2025-04-13,683250.0,1616550.0,0.3912113,34.674103,225,1
atitlan,2025-04-13,683550.0,1616550.0,0.39857516,36.758923,225,1
atitlan,2025-04-13,683850.0,1616550.0,0.40237692,37.545265,225,1
atitlan,2025-04-13,684150.0,1616550.0,0.37546623,32.795967,225,1
atitlan,2025-04-13,684450.0,1616550.0,0.40465033,38.25658,225,1
atitlan,2025-04-13,684750.0,1616550.0,0.39530602,35.757446,225,1
atitlan,2025-04-13,685050.0,1616550.0,0.40065664,37.40087,225,1
atitlan,2025-04-13,685350.0,1616550.0,0.40226448,38.370705,225,1
atitlan,2025-04-13,685650.0,1616550.0,0.35943675,30.36353,225,1
atitlan,2025-04-13,685950.0,1616550.0,0.35938308,32.05854,225,1
atitlan,2025-04-13,686250.0,1616550.0,0.36804733,33.14309,225,1
atitlan,2025-04-13,686550.0,1616550.0,0.43383962,47.064884,225,1
atitlan,2025-04-13,686850.0,1616550.0,0.43759137,48.472733,225,1
atitlan,2025-04-13,687150.0,1616550.0,0.41380367,41.282944,225,1
atitlan,2025-04-13,687450.0,1616550.0,0.35220623,28.118437,225,1
atitlan,2025-04-13,687750.0,1616550.0,0.30382815,19.20338,225,1
atitlan,2025-04-13,688050.0,1616550.0,0.064003706,5.9040356,225,0
atitlan,2025-04-13,688350.0,1616550.0,-0.042565487,2.8411524,225,0
atitlan,2025-04-13,688650.0,1616550.0,0.085870296,6.777604,225,0
atitlan,2025-04-13,688950.0,1616550.0,0.2122235,11.694948,225,0
atitlan,2025-04-13,689250.0,1616550.0,0.142694,8.09292,225,0
atitlan,2025-04-13,689550.0,1616550.0,0.19666779,10.993493,225,0
atitlan,2025-04-13,689850.0,1616550.0,0.23736316,14.132861,225,1
atitlan,2025-04-13,690150.0,1616550.0,0.27151513,14.874488,225,1
atitlan,2025-04-13,690450.0,1616550.0,0.24802224,13.175422,225,1
atitlan,2025-04-13,690750.0,1616550.0,0.24157415,12.664589,225,1
atitlan,2025-04-13,691050.0,1616550.0,0.24045777,12.801932,225,1
atitlan,2025-04-13,691350.0,1616550.0,0.26619008,15.225619,225,1
atitlan,2025-04-13,691650.0,1616550.0,0.33393073,24.028444,225,1
atitlan,2025-04-13,691950.0,1616550.0,0.35466364,28.832075,225,1
atitlan,2025-04-13,692250.0,1616550.0,0.29328918,19.34537,225,1
atitlan,2025-04-13,692550.0,1616550.0,0.31475732,22.276443,225,1
atitlan,2025-04-13,692850.0,1616550.0,0.32356673,23.84911,225,1
atitlan,2025-04-13,693150.0,1616550.0,0.3438602,24.355078,225,1
atitlan,2025-04-13,693450.0,1616550.0,0.372623,30.310856,225,1
atitlan,2025-04-13,693750.0,1616550.0,0.38683632,33.90346,225,1
atitlan,2025-04-13,694050.0,1616550.0,0.3888666,34.05652,225,1
atitlan,2025-04-13,694350.0,1616550.0,0.3907458,34.376705,225,1
atitlan,2025-04-13,694650.0,1616550.0,0.37259206,29.944815,225,1
atitlan,2025-04-13,694950.0,1616550.0,0.3774086,31.050737,225,1
atitlan,2025-04-13,695250.0,1616550.0,0.40355763,38.09941,225,1
atitlan,2025-04-13,695550.0,1616550.0,0.41509733,41.370808,225,1
atitlan,2025-04-13,695850.0,1616550.0,0.38131267,32.93609,225,1
atitlan,2025-04-13,696150.0,1616550.0,0.37141377,30.234291,225,1
atitlan,2025-04-13,696450.0,1616550.0,0.39314616,36.059425,225,1
atitlan,2025-04-13,696750.0,1616550.0,0.3977313,36.844322,225,1
atitlan,2025-04-13,697050.0,1616550.0,0.3760747,31.458239,225,1
atitlan,2025-04-13,697350.0,1616550.0,0.3845587,34.97876,225,1
atitlan,2025-04-13,697650.0,1616550.0,0.38461456,35.0698,225,1
atitlan,2025-04-13,697950.0,1616550.0,0.3583303,28.850872,225,1
atitlan,2025-04-13,698250.0,1616550.0,0.30763286,21.455803,225,1
atitlan,2025-04-13,698550.0,1616550.0,0.31701654,21.121628,225,1
atitlan,2025-04-13,698850.0,1616550.0,0.26394597,15.658567,225,1
atitlan,2025-04-13,699150.0,1616550.0,0.229139,10.462342,225,0
atitlan,2025-04-13,699450.0,1616550.0,0.22829506,9.524041,225,0
atitlan,2025-04-13,699750.0,1616550.0,0.23178153,9.901636,225,0
atitlan,2025-04-13,700050.0,1616550.0,0.28639418,18.132076,225,1
atitlan,2025-04-13,700350.0,1616550.0,0.31884375,23.203812,225,1
atitlan,2025-04-13,700650.0,1616550.0,0.26145333,14.060397,225,1
atitlan,2025-04-13,700950.0,1616550.0,0.2226775,9.621966,225,0
atitlan,2025-04-13,701250.0,1616550.0,0.3209811,20.663872,225,1
atitlan,2025-04-13,701550.0,1616550.0,0.3075275,19.17523,225,1
atitlan,2025-04-13,701850.0,1616550.0,0.29831848,17.867357,225,1
atitlan,2025-04-13,702150.0,1616550.0,0.28665853,16.531101,225,1
atitlan,2025-04-13,702450.0,1616550.0,0.27493498,15.325321,225,1
atitlan,2025-04-13,702750.0,1616550.0,0.2652937,13.885513,225,1
atitlan,2025-04-13,703050.0,1616550.0,0.24299364,11.502986,225,0
atitlan,2025-04-13,703350.0,1616550.0,0.25262415,12.79148,225,1
atitlan,2025-04-13,703650.0,1616550.0,0.31871557,22.753698,225,1
atitlan,2025-04-13,703950.0,1616550.0,0.36449522,29.035456,225,1
atitlan,2025-04-13,704250.0,1616550.0,0.3332333,24.012178,225,1
atitlan,2025-04-13,704550.0,1616550.0,0.36926934,29.574678,225,1
atitlan,2025-04-13,704850.0,1616550.0,0.39094815,34.90356,225,1
atitlan,2025-04-13,705150.0,1616550.0,0.3896145,34.73142,225,1
atitlan,2025-04-13,705450.0,1616550.0,0.31489322,20.916302,225,1
atitlan,2025-04-13,705750.0,1616550.0,0.28688297,17.536936,225,1
atitlan,2025-04-13,706050.0,1616550.0,0.30965623,21.22076,225,1
atitlan,2025-04-13,706350.0,1616550.0,0.3163413,22.057837,225,1
atitlan,2025-04-13,706650.0,1616550.0,0.3271475,22.214779,225,1
atitlan,2025-04-13,706950.0,1616550.0,0.36525625,30.250387,225,1
atitlan,2025-04-13,707250.0,1616550.0,0.39466116,35.773376,225,1
atitlan,2025-04-13,707550.0,1616550.0,0.39721835,36.335663,225,1
atitlan,2025-04-13,707850.0,1616550.0,0.3951421,35.721375,45,1
atitlan,2025-04-13,680250.0,1616850.0,0.39153865,34.696472,180,1
atitlan,2025-04-13,680550.0,1616850.0,0.39180884,34.743095,225,1
atitlan,2025-04-13,680850.0,1616850.0,0.38297912,32.29189,225,1
atitlan,2025-04-13,681150.0,1616850.0,0.38293135,32.15284,225,1
atitlan,2025-04-13,681450.0,1616850.0,0.37694055,30.815905,225,1
atitlan,2025-04-13,681750.0,1616850.0,0.38676572,33.27443,225,1
atitlan,2025-04-13,682050.0,1616850.0,0.39392826,35.536808,225,1
atitlan,2025-04-13,682350.0,1616850.0,0.3812044,32.277744,225,1
atitlan,2025-04-13,682650.0,1616850.0,0.40409988,38.156292,225,1
atitlan,2025-04-13,682950.0,1616850.0,0.40364414,38.123676,225,1
atitlan,2025-04-13,683250.0,1616850.0,0.3854569,32.9775,225,1
atitlan,2025-04-13,683550.0,1616850.0,0.39549237,35.54351,225,1
atitlan,2025-04-13,683850.0,1616850.0,0.39666277,36.41251,225,1
atitlan,2025-04-13,684150.0,1616850.0,0.39013752,35.198437,225,1
atitlan,2025-04-13,684450.0,1616850.0,0.39372185,36.485874,225,1
atitlan,2025-04-13,684750.0,1616850.0,0.4083673,39.17,225,1
atitlan,2025-04-13,685050.0,1616850.0,0.39546224,35.692127,225,1
atitlan,2025-04-13,685350.0,1616850.0,0.40877825,40.23615,225,1
atitlan,2025-04-13,685650.0,1616850.0,0.35457316,29.254625,225,1
atitlan,2025-04-13,685950.0,1616850.0,0.3681006,32.173214,225,1
atitlan,2025-04-13,686250.0,1616850.0,0.36091572,28.909458,225,1
atitlan,2025-04-13,686550.0,1616850.0,0.3814283,33.75792,225,1
atitlan,2025-04-13,686850.0,1616850.0,0.3641869,30.980173,225,1
atitlan,2025-04-13,687150.0,1616850.0,0.35043365,26.950176,225,1
atitlan,2025-04-13,687450.0,1616850.0,0.31115595,20.60546,225,1
atitlan,2025-04-13,687750.0,1616850.0,0.2941642,18.826403,225,1
atitlan,2025-04-13,688050.0,1616850.0,0.09625337,8.218487,225,0
atitlan,2025-04-13,688350.0,1616850.0,-0.053970847,2.38412,225,0
atitlan,2025-04-13,688650.0,1616850.0,-0.052349675,2.4467697,225,0
atitlan,2025-04-13,688950.0,1616850.0,0.09209131,6.9014344,225,0
atitlan,2025-04-13,689250.0,1616850.0,0.16647033,8.917943,225,0
atitlan,2025-04-13,689550.0,1616850.0,0.22416809,13.117099,225,1
atitlan,2025-04-13,689850.0,1616850.0,0.18973383,11.244676,225,0
atitlan,2025-04-13,690150.0,1616850.0,0.14299369,8.646486,225,0
atitlan,2025-04-13,690450.0,1616850.0,0.10103982,6.5585647,225,0
atitlan,2025-04-13,690750.0,1616850.0,0.26281506,14.731685,225,1
atitlan,2025-04-13,691050.0,1616850.0,0.2601491,14.431381,225,1
atitlan,2025-04-13,691350.0,1616850.0,0.31912056,21.302076,225,1
atitlan,2025-04-13,691650.0,1616850.0,0.3294439,23.558424,225,1
atitlan,2025-04-13,691950.0,1616850.0,0.32617202,23.69849,225,1
atitlan,2025-04-13,692250.0,1616850.0,0.30720177,19.931143,225,1
atitlan,2025-04-13,692550.0,1616850.0,0.33524364,24.749983,225,1
atitlan,2025-04-13,692850.0,1616850.0,0.33823428,23.488232,225,1
atitlan,2025-04-13,693150.0,1616850.0,0.34573594,25.029299,225,1
atitlan,2025-04-13,693450.0,1616850.0,0.3684057,29.12013,225,1
atitlan,2025-04-13,693750.0,1616850.0,0.39646208,35.993637,225,1
atitlan,2025-04-13,694050.0,1616850.0,0.4229764,43.500923,225,1
atitlan,2025-04-13,694350.0,1616850.0,0.40210536,37.516624,225,1
atitlan,2025-04-13,694650.0,1616850.0,0.39494178,35.593925,225,1
atitlan,2025-04-13,694950.0,1616850.0,0.4041318,38.20441,225,1
atitlan,2025-04-13,695250.0,1616850.0,0.38705355,34.023624,225,1
atitlan,2025-04-13,695550.0,1616850.0,0.37009728,30.908009,225,1
atitlan,2025-04-13,695850.0,1616850.0,0.39960834,36.90761,225,1
atitlan,2025-04-13,696150.0,1616850.0,0.39776725,36.686077,225,1
atitlan,2025-04-13,696450.0,1616850.0,0.4077173,39.602337,225,1
atitlan,2025-04-13,696750.0,1616850.0,0.38659027,33.695953,225,1
atitlan,2025-04-13,697050.0,1616850.0,0.39192846,35.12165,225,1
atitlan,2025-04-13,697350.0,1616850.0,0.34946045,26.044228,225,1
atitlan,2025-04-13,697650.0,1616850.0,0.37342516,32.515392,225,1
atitlan,2025-04-13,697950.0,1616850.0,0.34891433,25.866753,225,1
atitlan,2025-04-13,698250.0,1616850.0,0.35131064,26.713982,225,1
atitlan,2025-04-13,698550.0,1616850.0,0.26048928,14.523015,225,1
atitlan,2025-04-13,698850.0,1616850.0,0.2551602,14.92812,225,1
atitlan,2025-04-13,699150.0,1616850.0,0.26954722,15.2762165,225,1
atitlan,2025-04-13,699450.0,1616850.0,0.2201829,10.815659,225,0
atitlan,2025-04-13,699750.0,1616850.0,0.23012479,9.900713,225,0
atitlan,2025-04-13,700050.0,1616850.0,0.2891994,18.087065,225,1
atitlan,2025-04-13,700350.0,1616850.0,0.37151298,30.257477,225,1
atitlan,2025-04-13,700650.0,1616850.0,0.30047944,18.247133,225,1
atitlan,2025-04-13,700950.0,1616850.0,0.2547811,12.323827,225,1
atitlan,2025-04-13,701250.0,1616850.0,0.29315612,17.168846,225,1
atitlan,2025-04-13,701550.0,1616850.0,0.2651795,13.584943,225,1
atitlan,2025-04-13,701850.0,1616850.0,0.24599579,13.214496,225,1
atitlan,2025-04-13,702150.0,1616850.0,0.24682923,12.157574,225,1
atitlan,2025-04-13,702450.0,1616850.0,0.24350205,11.8208685,225,0
atitlan,2025-04-13,702750.0,1616850.0,0.27110612,14.309545,225,1
atitlan,2025-04-13,703050.0,1616850.0,0.20980774,10.109353,225,0
atitlan,2025-04-13,703350.0,1616850.0,0.16388176,6.5115833,225,0
atitlan,2025-04-13,703650.0,1616850.0,0.23160994,12.375893,225,1
atitlan,2025-04-13,703950.0,1616850.0,0.36826104,30.27818,225,1
atitlan,2025-04-13,704250.0,1616850.0,0.26616883,15.93943,225,1
atitlan,2025-04-13,704550.0,1616850.0,0.32609168,24.154413,225,1
atitlan,2025-04-13,704850.0,1616850.0,0.3719584,31.568323,225,1
atitlan,2025-04-13,705150.0,1616850.0,0.37239352,32.375957,225,1
atitlan,2025-04-13,705450.0,1616850.0,0.34965074,26.14358,225,1
atitlan,2025-04-13,705750.0,1616850.0,0.2898725,16.9935,225,1
atitlan,2025-04-13,706050.0,1616850.0,0.24297456,11.770375,225,0
atitlan,2025-04-13,706350.0,1616850.0,0.31883246,21.59481,225,1
atitlan,2025-04-13,706650.0,1616850.0,0.33409783,24.016434,225,1
atitlan,2025-04-13,706950.0,1616850.0,0.35417426,28.974241,225,1
atitlan,2025-04-13,707250.0,1616850.0,0.36747575,29.68181,225,1
atitlan,2025-04-13,707550.0,1616850.0,0.37449375,31.81599,225,1
atitlan,2025-04-13,707850.0,1616850.0,0.3945986,35.541515,45,1
atitlan,2025-04-13,680250.0,1617150.0,0.40163732,37.082478,180,1
atitlan,2025-04-13,680550.0,1617150.0,0.4031999,37.54461,225,1
atitlan,2025-04-13,680850.0,1617150.0,0.3910542,34.175545,225,1
atitlan,2025-04-13,681150.0,1617150.0,0.38983077,34.05,225,1
atitlan,2025-04-13,681450.0,1617150.0,0.38312575,32.24899,225,1
atitlan,2025-04-13,681750.0,1617150.0,0.37637305,30.774261,225,1
atitlan,2025-04-13,682050.0,1617150.0,0.38076323,31.785963,225,1
atitlan,2025-04-13,682350.0,1617150.0,0.38941187,34.99292,225,1
atitlan,2025-04-13,682650.0,1617150.0,0.42401892,44.229595,225,1
atitlan,2025-04-13,682950.0,1617150.0,0.39563072,35.804405,225,1
atitlan,2025-04-13,683250.0,1617150.0,0.40500158,38.360477,225,1
atitlan,2025-04-13,683550.0,1617150.0,0.4002154,37.404778,225,1
atitlan,2025-04-13,683850.0,1617150.0,0.38522115,33.734566,225,1
atitlan,2025-04-13,684150.0,1617150.0,0.39878592,36.94037,225,1
atitlan,2025-04-13,684450.0,1617150.0,0.3737495,31.419058,225,1
atitlan,2025-04-13,684750.0,1617150.0,0.41535234,41.4116,225,1
atitlan,2025-04-13,685050.0,1617150.0,0.41314453,40.66754,225,1
atitlan,2025-04-13,685350.0,1617150.0,0.36321175,31.055647,225,1
atitlan,2025-04-13,685650.0,1617150.0,0.32408908,24.46488,225,1
atitlan,2025-04-13,685950.0,1617150.0,0.3671047,31.208973,225,1
atitlan,2025-04-13,686250.0,1617150.0,0.2943938,19.832378,225,1
atitlan,2025-04-13,686550.0,1617150.0,0.3376637,23.797827,225,1
atitlan,2025-04-13,686850.0,1617150.0,0.320334,21.324524,225,1
atitlan,2025-04-13,687150.0,1617150.0,0.2879742,16.01475,225,1
atitlan,2025-04-13,687450.0,1617150.0,0.26645824,15.073163,225,1
atitlan,2025-04-13,687750.0,1617150.0,0.31651378,21.38765,225,1
atitlan,2025-04-13,688050.0,1617150.0,0.075977385,7.1808763,225,0
atitlan,2025-04-13,688350.0,1617150.0,-0.05876045,2.1629298,225,0
atitlan,2025-04-13,688650.0,1617150.0,-0.06190351,2.0105302,225,0
atitlan,2025-04-13,688950.0,1617150.0,-0.05511144,2.3074183,225,0
atitlan,2025-04-13,689250.0,1617150.0,0.10452277,6.606155,225,0
atitlan,2025-04-13,689550.0,1617150.0,0.22178616,11.538526,225,0
atitlan,2025-04-13,689850.0,1617150.0,0.14836362,7.917049,225,0
atitlan,2025-04-13,690150.0,1617150.0,0.14615472,8.307894,225,0
atitlan,2025-04-13,690450.0,1617150.0,0.13096902,6.500622,225,0
atitlan,2025-04-13,690750.0,1617150.0,0.2501854,14.59244,225,1
atitlan,2025-04-13,691050.0,1617150.0,0.31264883,19.493626,225,1
atitlan,2025-04-13,691350.0,1617150.0,0.29631925,20.426659,225,1
atitlan,2025-04-13,691650.0,1617150.0,0.34325695,25.184431,225,1
atitlan,2025-04-13,691950.0,1617150.0,0.3335181,23.482157,225,1
atitlan,2025-04-13,692250.0,1617150.0,0.31392685,20.329552,225,1
atitlan,2025-04-13,692550.0,1617150.0,0.29373172,17.918833,225,1
atitlan,2025-04-13,692850.0,1617150.0,0.28669763,17.798162,225,1
atitlan,2025-04-13,693150.0,1617150.0,0.33631468,23.300716,225,1
atitlan,2025-04-13,693450.0,1617150.0,0.3684148,29.325533,225,1
atitlan,2025-04-13,693750.0,1617150.0,0.40025175,37.105255,225,1
atitlan,2025-04-13,694050.0,1617150.0,0.41908136,42.448483,225,1
atitlan,2025-04-13,694350.0,1617150.0,0.4044689,38.22766,225,1
atitlan,2025-04-13,694650.0,1617150.0,0.37846917,31.868593,225,1
atitlan,2025-04-13,694950.0,1617150.0,0.3806768,32.046967,225,1
atitlan,2025-04-13,695250.0,1617150.0,0.3195589,23.59487,225,1
atitlan,2025-04-13,695550.0,1617150.0,0.36179549,30.086363,225,1
atitlan,2025-04-13,695850.0,1617150.0,0.40487754,38.346523,225,1
atitlan,2025-04-13,696150.0,1617150.0,0.39783776,36.56986,225,1
atitlan,2025-04-13,696450.0,1617150.0,0.39561516,37.91636,225,1
atitlan,2025-04-13,696750.0,1617150.0,0.3605361,27.582426,225,1
atitlan,2025-04-13,697050.0,1617150.0,0.3306373,23.59437,225,1
atitlan,2025-04-13,697350.0,1617150.0,0.3211887,22.296453,225,1
atitlan,2025-04-13,697650.0,1617150.0,0.3376154,26.414768,225,1
atitlan,2025-04-13,697950.0,1617150.0,0.3636933,30.049173,225,1
atitlan,2025-04-13,698250.0,1617150.0,0.32828796,22.336239,225,1
atitlan,2025-04-13,698550.0,1617150.0,0.24478887,16.438456,225,1
atitlan,2025-04-13,698850.0,1617150.0,0.17603381,10.3532095,225,0
atitlan,2025-04-13,699150.0,1617150.0,0.25137657,14.696349,225,1
atitlan,2025-04-13,699450.0,1617150.0,0.22585416,14.242723,225,1
atitlan,2025-04-13,699750.0,1617150.0,0.24329843,15.340884,225,1
atitlan,2025-04-13,700050.0,1617150.0,0.3267692,22.953192,225,1
atitlan,2025-04-13,700350.0,1617150.0,0.33556765,24.064758,225,1
atitlan,2025-04-13,700650.0,1617150.0,0.32390898,21.712915,225,1
atitlan,2025-04-13,700950.0,1617150.0,0.26969537,15.903531,225,1
atitlan,2025-04-13,701250.0,1617150.0,0.24374159,13.661813,225,1
atitlan,2025-04-13,701550.0,1617150.0,0.17218132,8.713494,225,0
atitlan,2025-04-13,701850.0,1617150.0,0.25898138,15.659673,225,1
atitlan,2025-04-13,702150.0,1617150.0,0.32531843,22.253017,225,1
atitlan,2025-04-13,702450.0,1617150.0,0.3034799,18.697443,225,1
atitlan,2025-04-13,702750.0,1617150.0,0.2577909,13.2178335,225,1
atitlan,2025-04-13,703050.0,1617150.0,0.24629398,14.471214,225,1
atitlan,2025-04-13,703350.0,1617150.0,0.19363561,8.714829,225,0
atitlan,2025-04-13,703650.0,1617150.0,0.23831396,12.699755,225,1
atitlan,2025-04-13,703950.0,1617150.0,0.33361933,22.922945,225,1
atitlan,2025-04-13,704250.0,1617150.0,0.28411883,16.98818,225,1
atitlan,2025-04-13,704550.0,1617150.0,0.28743273,19.412334,225,1
atitlan,2025-04-13,704850.0,1617150.0,0.30058134,20.76326,225,1
atitlan,2025-04-13,705150.0,1617150.0,0.32074156,24.04065,225,1
atitlan,2025-04-13,705450.0,1617150.0,0.3839186,33.162422,225,1
atitlan,2025-04-13,705750.0,1617150.0,0.34905303,25.597628,225,1
atitlan,2025-04-13,706050.0,1617150.0,0.257855,13.632282,225,1
atitlan,2025-04-13,706350.0,1617150.0,0.2574295,14.074444,225,1
atitlan,2025-04-13,706650.0,1617150.0,0.27629235,16.029905,225,1
atitlan,2025-04-13,706950.0,1617150.0,0.34402883,25.574892,225,1
atitlan,2025-04-13,707250.0,1617150.0,0.33578858,24.480564,225,1
atitlan,2025-04-13,707550.0,1617150.0,0.25565928,14.938189,225,1
atitlan,2025-04-13,707850.0,1617150.0,0.30442032,20.423687,45,1
atitlan,2025-04-13,680250.0,1617450.0,0.40086043,36.854935,180,1
atitlan,2025-04-13,680550.0,1617450.0,0.39677957,35.769783,225,1
atitlan,2025-04-13,680850.0,1617450.0,0.37272,29.948463,225,1
atitlan,2025-04-13,681150.0,1617450.0,0.35465768,26.163166,225,1
atitlan,2025-04-13,681450.0,1617450.0,0.36934263,29.404882,225,1
atitlan,2025-04-13,681750.0,1617450.0,0.36346963,28.003372,225,1
atitlan,2025-04-13,682050.0,1617450.0,0.3652592,28.607971,225,1
atitlan,2025-04-13,682350.0,1617450.0,0.39140537,34.60138,225,1
atitlan,2025-04-13,682650.0,1617450.0,0.4241149,44.111813,225,1
atitlan,2025-04-13,682950.0,1617450.0,0.38889,34.613293,225,1
atitlan,2025-04-13,683250.0,1617450.0,0.4060917,38.58824,225,1
atitlan,2025-04-13,683550.0,1617450.0,0.3952937,35.957436,225,1
atitlan,2025-04-13,683850.0,1617450.0,0.38341418,32.651196,225,1
atitlan,2025-04-13,684150.0,1617450.0,0.39638013,36.082302,225,1
atitlan,2025-04-13,684450.0,1617450.0,0.37704355,31.43447,225,1
atitlan,2025-04-13,684750.0,1617450.0,0.40206164,38.174488,225,1
atitlan,2025-04-13,685050.0,1617450.0,0.39582065,37.757793,225,1
atitlan,2025-04-13,685350.0,1617450.0,0.34123072,28.787273,225,1
atitlan,2025-04-13,685650.0,1617450.0,0.3623002,32.03535,225,1
atitlan,2025-04-13,685950.0,1617450.0,0.35455376,28.748587,225,1
atitlan,2025-04-13,686250.0,1617450.0,0.3254753,24.25766,225,1
atitlan,2025-04-13,686550.0,1617450.0,0.2691757,14.406424,225,1
atitlan,2025-04-13,686850.0,1617450.0,0.25425726,13.417485,225,1
atitlan,2025-04-13,687150.0,1617450.0,0.26918364,14.786336,225,1
atitlan,2025-04-13,687450.0,1617450.0,0.25541922,15.05929,225,1
atitlan,2025-04-13,687750.0,1617450.0,0.25005534,17.0243,225,1
atitlan,2025-04-13,688050.0,1617450.0,0.04649359,4.432046,225,0
atitlan,2025-04-13,688350.0,1617450.0,-0.058334347,2.1870856,225,0
atitlan,2025-04-13,688650.0,1617450.0,-0.0645386,1.8786997,225,0
atitlan,2025-04-13,688950.0,1617450.0,-0.06383558,1.9121674,225,0
atitlan,2025-04-13,689250.0,1617450.0,-0.034200173,2.964559,225,0
atitlan,2025-04-13,689550.0,1617450.0,0.16387852,8.548965,225,0
atitlan,2025-04-13,689850.0,1617450.0,0.21916457,11.598425,225,0
atitlan,2025-04-13,690150.0,1617450.0,0.2155259,11.976459,225,0
atitlan,2025-04-13,690450.0,1617450.0,0.15838932,8.0406,225,0
atitlan,2025-04-13,690750.0,1617450.0,0.29109946,17.496626,225,1
atitlan,2025-04-13,691050.0,1617450.0,0.31822622,20.78089,225,1
atitlan,2025-04-13,691350.0,1617450.0,0.33184552,23.25597,225,1
atitlan,2025-04-13,691650.0,1617450.0,0.27324107,17.584274,225,1
atitlan,2025-04-13,691950.0,1617450.0,0.29826492,19.652529,225,1
atitlan,2025-04-13,692250.0,1617450.0,0.2194531,12.55814,225,1
atitlan,2025-04-13,692550.0,1617450.0,0.220741,13.582055,225,1
atitlan,2025-04-13,692850.0,1617450.0,0.27494112,17.15778,225,1
atitlan,2025-04-13,693150.0,1617450.0,0.25943458,15.291817,225,1
atitlan,2025-04-13,693450.0,1617450.0,0.34746954,27.143684,225,1
atitlan,2025-04-13,693750.0,1617450.0,0.36400422,30.475096,225,1
atitlan,2025-04-13,694050.0,1617450.0,0.3769768,31.890987,225,1
atitlan,2025-04-13,694350.0,1617450.0,0.3797627,31.977354,225,1
atitlan,2025-04-13,694650.0,1617450.0,0.37215766,30.155268,225,1
atitlan,2025-04-13,694950.0,1617450.0,0.37898007,31.371992,225,1
atitlan,2025-04-13,695250.0,1617450.0,0.3710452,29.332254,225,1
atitlan,2025-04-13,695550.0,1617450.0,0.3963295,35.891243,225,1
atitlan,2025-04-13,695850.0,1617450.0,0.41275197,40.761562,225,1
atitlan,2025-04-13,696150.0,1617450.0,0.4125576,40.46814,225,1
atitlan,2025-04-13,696450.0,1617450.0,0.34645653,29.064915,225,1
atitlan,2025-04-13,696750.0,1617450.0,0.22167428,13.777799,225,1
atitlan,2025-04-13,697050.0,1617450.0,0.17414103,9.27312,225,0
atitlan,2025-04-13,697350.0,1617450.0,0.32843703,23.791155,225,1
atitlan,2025-04-13,697650.0,1617450.0,0.33706158,24.691372,225,1
atitlan,2025-04-13,697950.0,1617450.0,0.31632352,22.907307,225,1
atitlan,2025-04-13,698250.0,1617450.0,0.3046388,20.669046,225,1
atitlan,2025-04-13,698550.0,1617450.0,0.26409835,16.367212,225,1
atitlan,2025-04-13,698850.0,1617450.0,0.2813021,17.753128,225,1
atitlan,2025-04-13,699150.0,1617450.0,0.26043537,15.596016,225,1
atitlan,2025-04-13,699450.0,1617450.0,0.1969446,10.901866,225,0
atitlan,2025-04-13,699750.0,1617450.0,0.13515553,7.935981,225,0
atitlan,2025-04-13,700050.0,1617450.0,0.29231834,19.42875,225,1
atitlan,2025-04-13,700350.0,1617450.0,0.32042265,21.948952,225,1
atitlan,2025-04-13,700650.0,1617450.0,0.27363965,18.59058,225,1
atitlan,2025-04-13,700950.0,1617450.0,0.26069364,15.711827,225,1
atitlan,2025-04-13,701250.0,1617450.0,0.19928615,10.771832,225,0
atitlan,2025-04-13,701550.0,1617450.0,0.23576818,13.625128,225,1
atitlan,2025-04-13,701850.0,1617450.0,0.37518966,31.106401,225,1
atitlan,2025-04-13,702150.0,1617450.0,0.3813794,34.7983,225,1
atitlan,2025-04-13,702450.0,1617450.0,0.27234003,15.140176,225,1
atitlan,2025-04-13,702750.0,1617450.0,0.24319291,11.988392,225,0
atitlan,2025-04-13,703050.0,1617450.0,0.279158,15.640784,225,1
atitlan,2025-04-13,703350.0,1617450.0,0.26448894,14.7028265,225,1
atitlan,2025-04-13,703650.0,1617450.0,0.31475243,22.667046,225,1
atitlan,2025-04-13,703950.0,1617450.0,0.33319384,23.490404,225,1
atitlan,2025-04-13,704250.0,1617450.0,0.25940675,14.209176,225,1
atitlan,2025-04-13,704550.0,1617450.0,0.292637,21.789026,225,1
atitlan,2025-04-13,704850.0,1617450.0,0.33703494,24.440943,225,1
atitlan,2025-04-13,705150.0,1617450.0,0.32287273,22.266462,225,1
atitlan,2025-04-13,705450.0,1617450.0,0.34566677,27.32225,225,1
atitlan,2025-04-13,705750.0,1617450.0,0.37019664,29.624338,225,1
atitlan,2025-04-13,706050.0,1617450.0,0.34516683,24.67102,225,1
atitlan,2025-04-13,706350.0,1617450.0,0.23043999,11.761068,225,0
atitlan,2025-04-13,706650.0,1617450.0,0.20445324,8.726642,225,0
atitlan,2025-04-13,706950.0,1617450.0,0.28156182,16.019344,225,1
atitlan,2025-04-13,707250.0,1617450.0,0.28767297,16.535843,225,1
atitlan,2025-04-13,707550.0,1617450.0,0.30236948,18.073069,225,1
atitlan,2025-04-13,707850.0,1617450.0,0.33270526,22.873396,45,1
atitlan,2025-04-13,680250.0,1617750.0,0.39102986,34.46291,180,1
atitlan,2025-04-13,680550.0,1617750.0,0.4029862,37.500927,225,1
atitlan,2025-04-13,680850.0,1617750.0,0.37813464,32.073315,225,1
atitlan,2025-04-13,681150.0,1617750.0,0.3517234,25.839975,225,1
atitlan,2025-04-13,681450.0,1617750.0,0.36737463,28.924809,225,1
atitlan,2025-04-13,681750.0,1617750.0,0.34243333,23.894423,225,1
atitlan,2025-04-13,682050.0,1617750.0,0.33078206,21.974678,225,1
atitlan,2025-04-13,682350.0,1617750.0,0.41759446,42.66167,225,1
atitlan,2025-04-13,682650.0,1617750.0,0.41939974,42.879307,225,1
atitlan,2025-04-13,682950.0,1617750.0,0.39443746,35.980797,225,1
atitlan,2025-04-13,683250.0,1617750.0,0.40980268,39.727226,225,1
atitlan,2025-04-13,683550.0,1617750.0,0.3923463,34.97722,225,1
atitlan,2025-04-13,683850.0,1617750.0,0.40030062,37.11737,225,1
atitlan,2025-04-13,684150.0,1617750.0,0.39065847,35.408817,225,1
atitlan,2025-04-13,684450.0,1617750.0,0.39600563,36.0935,225,1
atitlan,2025-04-13,684750.0,1617750.0,0.34226045,26.777496,225,1
atitlan,2025-04-13,685050.0,1617750.0,0.31737447,22.53484,225,1
atitlan,2025-04-13,685350.0,1617750.0,0.37455952,33.553204,225,1
atitlan,2025-04-13,685650.0,1617750.0,0.38768208,37.39782,225,1
atitlan,2025-04-13,685950.0,1617750.0,0.3534811,29.458118,225,1
atitlan,2025-04-13,686250.0,1617750.0,0.33780304,24.828238,225,1
atitlan,2025-04-13,686550.0,1617750.0,0.27727228,16.729628,225,1
atitlan,2025-04-13,686850.0,1617750.0,0.27132142,16.244087,225,1
atitlan,2025-04-13,687150.0,1617750.0,0.28669742,17.06158,225,1
atitlan,2025-04-13,687450.0,1617750.0,0.17630066,8.952152,225,0
atitlan,2025-04-13,687750.0,1617750.0,0.1770239,10.094272,225,0
atitlan,2025-04-13,688050.0,1617750.0,0.015158958,4.128539,225,0
atitlan,2025-04-13,688350.0,1617750.0,-0.057339173,2.2244747,225,0
atitlan,2025-04-13,688650.0,1617750.0,-0.062476367,1.9795545,225,0
atitlan,2025-04-13,688950.0,1617750.0,-0.06717819,1.7340332,225,0
atitlan,2025-04-13,689250.0,1617750.0,-0.06427126,1.8835716,225,0
atitlan,2025-04-13,689550.0,1617750.0,0.010604011,4.441132,225,0
atitlan,2025-04-13,689850.0,1617750.0,0.19536133,10.668147,225,0
atitlan,2025-04-13,690150.0,1617750.0,0.24244039,13.517347,225,1
atitlan,2025-04-13,690450.0,1617750.0,0.13150053,7.6477833,225,0
atitlan,2025-04-13,690750.0,1617750.0,0.19993852,11.330068,225,0
atitlan,2025-04-13,691050.0,1617750.0,0.26626566,15.96171,225,1
atitlan,2025-04-13,691350.0,1617750.0,0.30958185,20.094799,225,1
atitlan,2025-04-13,691650.0,1617750.0,0.2889929,19.887594,225,1
atitlan,2025-04-13,691950.0,1617750.0,0.30954087,22.480137,225,1
atitlan,2025-04-13,692250.0,1617750.0,0.22357239,13.278654,225,1
atitlan,2025-04-13,692550.0,1617750.0,0.18423079,11.191674,225,0
atitlan,2025-04-13,692850.0,1617750.0,0.24578081,15.328399,225,1
atitlan,2025-04-13,693150.0,1617750.0,0.2806232,16.901659,225,1
atitlan,2025-04-13,693450.0,1617750.0,0.31996304,21.844116,225,1
atitlan,2025-04-13,693750.0,1617750.0,0.32759565,21.39026,225,1
atitlan,2025-04-13,694050.0,1617750.0,0.3760851,30.86654,225,1
atitlan,2025-04-13,694350.0,1617750.0,0.3855682,33.525257,225,1
atitlan,2025-04-13,694650.0,1617750.0,0.3705095,30.047865,225,1
atitlan,2025-04-13,694950.0,1617750.0,0.37973356,31.650513,225,1
atitlan,2025-04-13,695250.0,1617750.0,0.38847202,33.791283,225,1
atitlan,2025-04-13,695550.0,1617750.0,0.4081404,39.408005,225,1
atitlan,2025-04-13,695850.0,1617750.0,0.4098454,39.890915,225,1
atitlan,2025-04-13,696150.0,1617750.0,0.41429612,42.053898,225,1
atitlan,2025-04-13,696450.0,1617750.0,0.4031427,38.241913,225,1
atitlan,2025-04-13,696750.0,1617750.0,0.33080643,24.785343,225,1
atitlan,2025-04-13,697050.0,1617750.0,0.2974625,19.622168,225,1
atitlan,2025-04-13,697350.0,1617750.0,0.3361416,25.49982,225,1
atitlan,2025-04-13,697650.0,1617750.0,0.3179483,22.31735,225,1
atitlan,2025-04-13,697950.0,1617750.0,0.31618348,22.826647,225,1
atitlan,2025-04-13,698250.0,1617750.0,0.35162634,26.704193,225,1
atitlan,2025-04-13,698550.0,1617750.0,0.3453989,25.1426,225,1
atitlan,2025-04-13,698850.0,1617750.0,0.3092755,20.360762,225,1
atitlan,2025-04-13,699150.0,1617750.0,0.16920008,10.943764,225,0
atitlan,2025-04-13,699450.0,1617750.0,0.17431013,8.956231,225,0
atitlan,2025-04-13,699750.0,1617750.0,0.11603692,6.7979407,225,0
atitlan,2025-04-13,700050.0,1617750.0,0.18760093,9.31954,225,0
atitlan,2025-04-13,700350.0,1617750.0,0.32378244,23.485294,225,1
atitlan,2025-04-13,700650.0,1617750.0,0.3573261,28.868565,225,1
atitlan,2025-04-13,700950.0,1617750.0,0.2952306,19.383442,225,1
atitlan,2025-04-13,701250.0,1617750.0,0.2549329,18.795614,225,1
atitlan,2025-04-13,701550.0,1617750.0,0.3696932,33.67106,225,1
atitlan,2025-04-13,701850.0,1617750.0,0.3183237,23.2606,225,1
atitlan,2025-04-13,702150.0,1617750.0,0.33968624,25.496061,225,1
atitlan,2025-04-13,702450.0,1617750.0,0.264849,14.66347,225,1
atitlan,2025-04-13,702750.0,1617750.0,0.26971522,16.741413,225,1
atitlan,2025-04-13,703050.0,1617750.0,0.20993742,9.099516,225,0
atitlan,2025-04-13,703350.0,1617750.0,0.25025764,12.2678585,225,1
atitlan,2025-04-13,703650.0,1617750.0,0.28387436,16.87843,225,1
atitlan,2025-04-13,703950.0,1617750.0,0.32989106,23.1569,225,1
atitlan,2025-04-13,704250.0,1617750.0,0.2792868,16.850712,225,1
atitlan,2025-04-13,704550.0,1617750.0,0.23902252,12.446809,225,1
atitlan,2025-04-13,704850.0,1617750.0,0.3623251,29.748629,225,1
atitlan,2025-04-13,705150.0,1617750.0,0.3435258,25.622353,225,1
atitlan,2025-04-13,705450.0,1617750.0,0.2786131,15.280707,225,1
atitlan,2025-04-13,705750.0,1617750.0,0.32569757,23.6141,225,1
atitlan,2025-04-13,706050.0,1617750.0,0.36051574,27.553783,225,1
atitlan,2025-04-13,706350.0,1617750.0,0.30358166,19.848032,225,1
atitlan,2025-04-13,706650.0,1617750.0,0.2105052,9.441224,225,0
atitlan,2025-04-13,706950.0,1617750.0,0.2718773,14.540493,225,1
atitlan,2025-04-13,707250.0,1617750.0,0.26938453,14.469268,225,1
atitlan,2025-04-13,707550.0,1617750.0,0.28916758,17.30331,225,1
atitlan,2025-04-13,707850.0,1617750.0,0.37175563,30.34995,45,1
atitlan,2025-04-13,680250.0,1618050.0,0.40382212,37.88096,180,1
atitlan,2025-04-13,680550.0,1618050.0,0.41134688,40.171116,225,1
atitlan,2025-04-13,680850.0,1618050.0,0.39187673,34.855328,225,1
atitlan,2025-04-13,681150.0,1618050.0,0.38296962,32.544094,225,1
atitlan,2025-04-13,681450.0,1618050.0,0.33969963,24.103962,225,1
atitlan,2025-04-13,681750.0,1618050.0,0.33660918,22.996145,225,1
atitlan,2025-04-13,682050.0,1618050.0,0.3328312,22.491732,225,1
atitlan,2025-04-13,682350.0,1618050.0,0.36808008,29.382502,225,1
atitlan,2025-04-13,682650.0,1618050.0,0.4046727,38.396385,225,1
atitlan,2025-04-13,682950.0,1618050.0,0.41611323,41.574734,225,1
atitlan,2025-04-13,683250.0,1618050.0,0.42388606,43.88845,225,1
atitlan,2025-04-13,683550.0,1618050.0,0.41877377,43.14295,225,1
atitlan,2025-04-13,683850.0,1618050.0,0.45454037,54.28468,225,1
atitlan,2025-04-13,684150.0,1618050.0,0.43322265,47.87573,225,1
atitlan,2025-04-13,684450.0,1618050.0,0.38187718,36.28975,225,1
atitlan,2025-04-13,684750.0,1618050.0,0.3242789,24.926094,225,1
atitlan,2025-04-13,685050.0,1618050.0,0.35521197,29.75547,225,1
atitlan,2025-04-13,685350.0,1618050.0,0.35966745,29.313408,225,1
atitlan,2025-04-13,685650.0,1618050.0,0.341967,26.740408,225,1
atitlan,2025-04-13,685950.0,1618050.0,0.34442064,26.494886,225,1
atitlan,2025-04-13,686250.0,1618050.0,0.31457695,23.406834,225,1
atitlan,2025-04-13,686550.0,1618050.0,0.2874867,18.568518,225,1
atitlan,2025-04-13,686850.0,1618050.0,0.29453665,17.858795,225,1
atitlan,2025-04-13,687150.0,1618050.0,0.2949779,19.253939,225,1
atitlan,2025-04-13,687450.0,1618050.0,0.24955036,14.0744505,225,1
atitlan,2025-04-13,687750.0,1618050.0,0.1939361,8.774702,225,0
atitlan,2025-04-13,688050.0,1618050.0,0.18915132,10.280995,225,0
atitlan,2025-04-13,688350.0,1618050.0,0.046073817,5.7371078,225,0
atitlan,2025-04-13,688650.0,1618050.0,-0.05843931,2.1750786,225,0
atitlan,2025-04-13,688950.0,1618050.0,-0.064060114,1.8988642,225,0
atitlan,2025-04-13,689250.0,1618050.0,-0.06423749,1.8908296,225,0
atitlan,2025-04-13,689550.0,1618050.0,-0.0602131,2.0834467,225,0
atitlan,2025-04-13,689850.0,1618050.0,-0.03539754,3.0752392,225,0
atitlan,2025-04-13,690150.0,1618050.0,0.12417074,7.808053,225,0
atitlan,2025-04-13,690450.0,1618050.0,0.15834345,7.9955425,225,0
atitlan,2025-04-13,690750.0,1618050.0,0.19009367,9.612567,225,0
atitlan,2025-04-13,691050.0,1618050.0,0.30820525,18.973183,225,1
atitlan,2025-04-13,691350.0,1618050.0,0.29852647,19.184834,225,1
atitlan,2025-04-13,691650.0,1618050.0,0.2613375,17.474781,225,1
atitlan,2025-04-13,691950.0,1618050.0,0.23137859,13.909746,225,1
atitlan,2025-04-13,692250.0,1618050.0,0.17663674,10.624301,225,0
atitlan,2025-04-13,692550.0,1618050.0,0.23263413,15.361571,225,1
atitlan,2025-04-13,692850.0,1618050.0,0.30295566,21.734922,225,1
atitlan,2025-04-13,693150.0,1618050.0,0.3195576,22.386574,225,1
atitlan,2025-04-13,693450.0,1618050.0,0.2962839,18.615725,225,1
atitlan,2025-04-13,693750.0,1618050.0,0.34366098,24.384953,225,1
atitlan,2025-04-13,694050.0,1618050.0,0.35251465,25.825855,225,1
atitlan,2025-04-13,694350.0,1618050.0,0.36492175,28.51915,225,1
atitlan,2025-04-13,694650.0,1618050.0,0.36421582,29.212372,225,1
atitlan,2025-04-13,694950.0,1618050.0,0.3763546,31.139503,225,1
atitlan,2025-04-13,695250.0,1618050.0,0.3838894,32.809547,225,1
atitlan,2025-04-13,695550.0,1618050.0,0.4071761,39.12855,225,1
atitlan,2025-04-13,695850.0,1618050.0,0.42347702,44.05551,225,1
atitlan,2025-04-13,696150.0,1618050.0,0.4206511,43.87436,225,1
atitlan,2025-04-13,696450.0,1618050.0,0.3886744,34.435497,225,1
atitlan,2025-04-13,696750.0,1618050.0,0.33199048,22.658966,225,1
atitlan,2025-04-13,697050.0,1618050.0,0.3148129,21.859549,225,1
atitlan,2025-04-13,697350.0,1618050.0,0.3317046,24.466894,225,1
atitlan,2025-04-13,697650.0,1618050.0,0.29973057,18.59896,225,1
atitlan,2025-04-13,697950.0,1618050.0,0.30132157,18.716928,225,1
atitlan,2025-04-13,698250.0,1618050.0,0.33391985,24.598614,225,1
atitlan,2025-04-13,698550.0,1618050.0,0.321175,22.01176,225,1
atitlan,2025-04-13,698850.0,1618050.0,0.31271935,20.876091,225,1
atitlan,2025-04-13,699150.0,1618050.0,0.23973708,14.195471,225,1
atitlan,2025-04-13,699450.0,1618050.0,0.2303027,13.510143,225,1
atitlan,2025-04-13,699750.0,1618050.0,0.10828604,6.890704,225,0
atitlan,2025-04-13,700050.0,1618050.0,0.14323452,8.7637615,225,0
atitlan,2025-04-13,700350.0,1618050.0,0.26282308,14.37127,225,1
atitlan,2025-04-13,700650.0,1618050.0,0.3171963,22.33885,225,1
atitlan,2025-04-13,700950.0,1618050.0,0.28106356,19.769789,225,1
atitlan,2025-04-13,701250.0,1618050.0,0.28159657,22.873852,225,1
atitlan,2025-04-13,701550.0,1618050.0,0.37945428,33.175137,225,1
atitlan,2025-04-13,701850.0,1618050.0,0.3525101,29.601141,225,1
atitlan,2025-04-13,702150.0,1618050.0,0.30150107,20.711895,225,1
atitlan,2025-04-13,702450.0,1618050.0,0.21030894,9.411235,225,0
atitlan,2025-04-13,702750.0,1618050.0,0.26907328,15.22326,225,1
atitlan,2025-04-13,703050.0,1618050.0,0.22760564,10.425461,225,0
atitlan,2025-04-13,703350.0,1618050.0,0.24405478,12.144913,225,1
atitlan,2025-04-13,703650.0,1618050.0,0.26050287,14.613707,225,1
atitlan,2025-04-13,703950.0,1618050.0,0.32617188,22.93238,225,1
atitlan,2025-04-13,704250.0,1618050.0,0.344159,26.047731,225,1
atitlan,2025-04-13,704550.0,1618050.0,0.30017993,18.287361,225,1
atitlan,2025-04-13,704850.0,1618050.0,0.32048726,21.392872,225,1
atitlan,2025-04-13,705150.0,1618050.0,0.34373125,24.692865,225,1
atitlan,2025-04-13,705450.0,1618050.0,0.29957464,17.411924,225,1
atitlan,2025-04-13,705750.0,1618050.0,0.27315286,15.463851,225,1
atitlan,2025-04-13,706050.0,1618050.0,0.35167837,26.110464,225,1
atitlan,2025-04-13,706350.0,1618050.0,0.3057148,19.814547,225,1
atitlan,2025-04-13,706650.0,1618050.0,0.24063468,12.185265,225,1
atitlan,2025-04-13,706950.0,1618050.0,0.29042524,16.979996,225,1
atitlan,2025-04-13,707250.0,1618050.0,0.26002556,14.185777,225,1
atitlan,2025-04-13,707550.0,1618050.0,0.26689458,14.88687,225,1
atitlan,2025-04-13,707850.0,1618050.0,0.3659896,28.804413,45,1
atitlan,2025-04-13,680250.0,1618350.0,0.3811833,32.421196,180,1
atitlan,2025-04-13,680550.0,1618350.0,0.38478282,33.0283,225,1
atitlan,2025-04-13,680850.0,1618350.0,0.38098696,31.982641,225,1
atitlan,2025-04-13,681150.0,1618350.0,0.36254743,27.640253,225,1
atitlan,2025-04-13,681450.0,1618350.0,0.32899824,22.853252,225,1
atitlan,2025-04-13,681750.0,1618350.0,0.3286126,21.232878,225,1
atitlan,2025-04-13,682050.0,1618350.0,0.33245447,21.945852,225,1
atitlan,2025-04-13,682350.0,1618350.0,0.3557272,26.7962,225,1
atitlan,2025-04-13,682650.0,1618350.0,0.40435845,38.717087,225,1
atitlan,2025-04-13,682950.0,1618350.0,0.43090805,46.5392,225,1
atitlan,2025-04-13,683250.0,1618350.0,0.40656552,39.82939,225,1
atitlan,2025-04-13,683550.0,1618350.0,0.42099988,43.691742,225,1
atitlan,2025-04-13,683850.0,1618350.0,0.42780405,45.852615,225,1
atitlan,2025-04-13,684150.0,1618350.0,0.3775002,33.284737,225,1
atitlan,2025-04-13,684450.0,1618350.0,0.33848643,27.204319,225,1
atitlan,2025-04-13,684750.0,1618350.0,0.32454088,25.590626,225,1
atitlan,2025-04-13,685050.0,1618350.0,0.35452768,29.41126,225,1
atitlan,2025-04-13,685350.0,1618350.0,0.3448531,27.510712,225,1
atitlan,2025-04-13,685650.0,1618350.0,0.30686745,22.23755,225,1
atitlan,2025-04-13,685950.0,1618350.0,0.2986148,20.67355,225,1
atitlan,2025-04-13,686250.0,1618350.0,0.2897418,18.998999,225,1
atitlan,2025-04-13,686550.0,1618350.0,0.28538752,17.124975,225,1
atitlan,2025-04-13,686850.0,1618350.0,0.31227708,20.48228,225,1
atitlan,2025-04-13,687150.0,1618350.0,0.31085402,20.206892,225,1
atitlan,2025-04-13,687450.0,1618350.0,0.30258754,19.954754,225,1
atitlan,2025-04-13,687750.0,1618350.0,0.2171507,11.52283,225,0
atitlan,2025-04-13,688050.0,1618350.0,0.24671543,13.904937,225,1
atitlan,2025-04-13,688350.0,1618350.0,0.18172765,9.669017,225,0
atitlan,2025-04-13,688650.0,1618350.0,-0.048098624,2.596599,225,0
atitlan,2025-04-13,688950.0,1618350.0,-0.062224485,1.9876119,225,0
atitlan,2025-04-13,689250.0,1618350.0,-0.06432653,1.8836491,225,0
atitlan,2025-04-13,689550.0,1618350.0,-0.06284291,1.9585286,225,0
atitlan,2025-04-13,689850.0,1618350.0,-0.060176414,2.09408,225,0
atitlan,2025-04-13,690150.0,1618350.0,-0.03462133,3.0810595,225,0
atitlan,2025-04-13,690450.0,1618350.0,0.17356426,9.942807,225,0
atitlan,2025-04-13,690750.0,1618350.0,0.20034258,11.802231,225,0
atitlan,2025-04-13,691050.0,1618350.0,0.32103616,20.698948,225,1
atitlan,2025-04-13,691350.0,1618350.0,0.32075763,22.382343,225,1
atitlan,2025-04-13,691650.0,1618350.0,0.27517772,16.46151,225,1
atitlan,2025-04-13,691950.0,1618350.0,0.21220595,13.198283,225,1
atitlan,2025-04-13,692250.0,1618350.0,0.19279902,12.713022,225,1
atitlan,2025-04-13,692550.0,1618350.0,0.3033251,21.935043,225,1
atitlan,2025-04-13,692850.0,1618350.0,0.32168636,24.12185,225,1
atitlan,2025-04-13,693150.0,1618350.0,0.26684466,17.539785,225,1
atitlan,2025-04-13,693450.0,1618350.0,0.24598323,13.893513,225,1
atitlan,2025-04-13,693750.0,1618350.0,0.25683877,14.696316,225,1
atitlan,2025-04-13,694050.0,1618350.0,0.3286984,21.61085,225,1
atitlan,2025-04-13,694350.0,1618350.0,0.36317986,28.615492,225,1
atitlan,2025-04-13,694650.0,1618350.0,0.37129918,30.230494,225,1
atitlan,2025-04-13,694950.0,1618350.0,0.3881161,34.05973,225,1
atitlan,2025-04-13,695250.0,1618350.0,0.38619035,33.474316,225,1
atitlan,2025-04-13,695550.0,1618350.0,0.39753592,36.36609,225,1
atitlan,2025-04-13,695850.0,1618350.0,0.42761385,45.930954,225,1
atitlan,2025-04-13,696150.0,1618350.0,0.39406556,36.379715,225,1
atitlan,2025-04-13,696450.0,1618350.0,0.37284634,31.13327,225,1
atitlan,2025-04-13,696750.0,1618350.0,0.31369576,20.412355,225,1
atitlan,2025-04-13,697050.0,1618350.0,0.27648312,16.806313,225,1
atitlan,2025-04-13,697350.0,1618350.0,0.36387014,30.79351,225,1
atitlan,2025-04-13,697650.0,1618350.0,0.33509326,24.786856,225,1
atitlan,2025-04-13,697950.0,1618350.0,0.33835167,24.74953,225,1
atitlan,2025-04-13,698250.0,1618350.0,0.34570077,26.39344,225,1
atitlan,2025-04-13,698550.0,1618350.0,0.32514507,21.844322,225,1
atitlan,2025-04-13,698850.0,1618350.0,0.30458164,19.66212,225,1
atitlan,2025-04-13,699150.0,1618350.0,0.25765735,15.113399,225,1
atitlan,2025-04-13,699450.0,1618350.0,0.15421209,9.195127,225,0
atitlan,2025-04-13,699750.0,1618350.0,0.0774356,5.650308,225,0
atitlan,2025-04-13,700050.0,1618350.0,0.044966612,4.6035666,225,0
atitlan,2025-04-13,700350.0,1618350.0,0.21592192,12.018351,225,1
atitlan,2025-04-13,700650.0,1618350.0,0.2689602,15.502862,225,1
atitlan,2025-04-13,700950.0,1618350.0,0.32145134,23.577806,225,1
atitlan,2025-04-13,701250.0,1618350.0,0.33680654,27.019873,225,1
atitlan,2025-04-13,701550.0,1618350.0,0.2909517,22.809034,225,1
atitlan,2025-04-13,701850.0,1618350.0,0.32879126,26.135054,225,1
atitlan,2025-04-13,702150.0,1618350.0,0.29813424,21.508131,225,1
atitlan,2025-04-13,702450.0,1618350.0,0.24377254,12.793614,225,1
atitlan,2025-04-13,702750.0,1618350.0,0.2568632,13.617575,225,1
atitlan,2025-04-13,703050.0,1618350.0,0.2421429,11.985703,225,0
atitlan,2025-04-13,703350.0,1618350.0,0.2555828,14.342881,225,1
atitlan,2025-04-13,703650.0,1618350.0,0.28202665,17.463448,225,1
atitlan,2025-04-13,703950.0,1618350.0,0.24048492,12.600869,225,1
atitlan,2025-04-13,704250.0,1618350.0,0.2749282,15.860141,225,1
atitlan,2025-04-13,704550.0,1618350.0,0.3155945,20.933744,225,1
atitlan,2025-04-13,704850.0,1618350.0,0.36463708,28.859228,225,1
atitlan,2025-04-13,705150.0,1618350.0,0.34175274,24.357122,225,1
atitlan,2025-04-13,705450.0,1618350.0,0.35023984,25.857786,225,1
atitlan,2025-04-13,705750.0,1618350.0,0.3259064,22.783953,225,1
atitlan,2025-04-13,706050.0,1618350.0,0.28128046,15.751559,225,1
atitlan,2025-04-13,706350.0,1618350.0,0.24680193,12.5207815,225,1
atitlan,2025-04-13,706650.0,1618350.0,0.336271,23.626007,225,1
atitlan,2025-04-13,706950.0,1618350.0,0.3185862,21.119041,225,1
atitlan,2025-04-13,707250.0,1618350.0,0.27878842,15.737983,225,1
atitlan,2025-04-13,707550.0,1618350.0,0.22896321,10.825324,225,0
atitlan,2025-04-13,707850.0,1618350.0,0.32981125,23.027504,45,1
atitlan,2025-04-13,680250.0,1618650.0,0.38470697,33.962856,180,1
atitlan,2025-04-13,680550.0,1618650.0,0.3963401,36.291637,225,1
atitlan,2025-04-13,680850.0,1618650.0,0.3951511,35.602226,225,1
atitlan,2025-04-13,681150.0,1618650.0,0.3591673,27.582237,225,1
atitlan,2025-04-13,681450.0,1618650.0,0.34973094,25.08532,225,1
atitlan,2025-04-13,681750.0,1618650.0,0.34016022,23.625523,225,1
atitlan,2025-04-13,682050.0,1618650.0,0.32694694,21.450703,225,1
atitlan,2025-04-13,682350.0,1618650.0,0.31546044,18.988432,225,1
atitlan,2025-04-13,682650.0,1618650.0,0.38102788,32.73091,225,1
atitlan,2025-04-13,682950.0,1618650.0,0.35977325,28.454098,225,1
atitlan,2025-04-13,683250.0,1618650.0,0.37181228,30.756893,225,1
atitlan,2025-04-13,683550.0,1618650.0,0.40100113,37.96205,225,1
atitlan,2025-04-13,683850.0,1618650.0,0.41095927,40.794147,225,1
atitlan,2025-04-13,684150.0,1618650.0,0.34083378,27.421894,225,1
atitlan,2025-04-13,684450.0,1618650.0,0.29047477,21.183844,225,1
atitlan,2025-04-13,684750.0,1618650.0,0.3100987,22.082933,225,1
atitlan,2025-04-13,685050.0,1618650.0,0.3258632,26.259497,225,1
atitlan,2025-04-13,685350.0,1618650.0,0.34999853,28.155416,225,1
atitlan,2025-04-13,685650.0,1618650.0,0.33801693,25.877562,225,1
atitlan,2025-04-13,685950.0,1618650.0,0.27883443,15.926345,225,1
atitlan,2025-04-13,686250.0,1618650.0,0.29883432,18.66682,225,1
atitlan,2025-04-13,686550.0,1618650.0,0.23191431,12.093819,225,1
atitlan,2025-04-13,686850.0,1618650.0,0.31248868,21.020416,225,1
atitlan,2025-04-13,687150.0,1618650.0,0.3202612,21.86566,225,1
atitlan,2025-04-13,687450.0,1618650.0,0.28730422,17.880709,225,1
atitlan,2025-04-13,687750.0,1618650.0,0.27936652,16.289389,225,1
atitlan,2025-04-13,688050.0,1618650.0,0.22876345,10.981368,225,0
atitlan,2025-04-13,688350.0,1618650.0,0.20684916,9.374426,225,0
atitlan,2025-04-13,688650.0,1618650.0,0.1265968,8.9359665,225,0
atitlan,2025-04-13,688950.0,1618650.0,-0.0051941606,3.8753784,225,0
atitlan,2025-04-13,689250.0,1618650.0,-0.060174566,2.0914247,225,0
atitlan,2025-04-13,689550.0,1618650.0,-0.06403809,1.8972323,225,0
atitlan,2025-04-13,689850.0,1618650.0,-0.05954373,2.100918,225,0
atitlan,2025-04-13,690150.0,1618650.0,0.035123702,4.267253,225,0
atitlan,2025-04-13,690450.0,1618650.0,0.05874885,4.943849,225,0
atitlan,2025-04-13,690750.0,1618650.0,0.13663255,8.34123,225,0
atitlan,2025-04-13,691050.0,1618650.0,0.3051881,19.302652,225,1
atitlan,2025-04-13,691350.0,1618650.0,0.3305449,23.114136,225,1
atitlan,2025-04-13,691650.0,1618650.0,0.32043532,22.480314,225,1
atitlan,2025-04-13,691950.0,1618650.0,0.23690648,15.405945,225,1
atitlan,2025-04-13,692250.0,1618650.0,0.31100777,23.742947,225,1
atitlan,2025-04-13,692550.0,1618650.0,0.29346165,19.97386,225,1
atitlan,2025-04-13,692850.0,1618650.0,0.31807944,21.962866,225,1
atitlan,2025-04-13,693150.0,1618650.0,0.2825434,19.695757,225,1
atitlan,2025-04-13,693450.0,1618650.0,0.22399665,12.380977,225,1
atitlan,2025-04-13,693750.0,1618650.0,0.24542126,15.746134,225,1
atitlan,2025-04-13,694050.0,1618650.0,0.3389209,23.478691,225,1
atitlan,2025-04-13,694350.0,1618650.0,0.36624032,29.066767,225,1
atitlan,2025-04-13,694650.0,1618650.0,0.37196666,30.65121,225,1
atitlan,2025-04-13,694950.0,1618650.0,0.39535055,35.97305,225,1
atitlan,2025-04-13,695250.0,1618650.0,0.38780236,33.995285,225,1
atitlan,2025-04-13,695550.0,1618650.0,0.41152173,40.461437,225,1
atitlan,2025-04-13,695850.0,1618650.0,0.41390288,41.6429,225,1
atitlan,2025-04-13,696150.0,1618650.0,0.30712467,21.493677,225,1
atitlan,2025-04-13,696450.0,1618650.0,0.33798143,25.322985,225,1
atitlan,2025-04-13,696750.0,1618650.0,0.30980182,20.96453,225,1
atitlan,2025-04-13,697050.0,1618650.0,0.3266719,24.026247,225,1
atitlan,2025-04-13,697350.0,1618650.0,0.37535185,32.86671,225,1
atitlan,2025-04-13,697650.0,1618650.0,0.36152357,31.164389,225,1
atitlan,2025-04-13,697950.0,1618650.0,0.35016158,27.40207,225,1
atitlan,2025-04-13,698250.0,1618650.0,0.3068762,19.792055,225,1
atitlan,2025-04-13,698550.0,1618650.0,0.3289767,22.863016,225,1
atitlan,2025-04-13,698850.0,1618650.0,0.28320882,17.36746,225,1
atitlan,2025-04-13,699150.0,1618650.0,0.269,15.806032,225,1
atitlan,2025-04-13,699450.0,1618650.0,0.25140843,15.252045,225,1
atitlan,2025-04-13,699750.0,1618650.0,0.044333033,4.6060996,225,0
atitlan,2025-04-13,700050.0,1618650.0,0.071622826,5.233572,225,0
atitlan,2025-04-13,700350.0,1618650.0,0.17931457,9.848291,225,0
atitlan,2025-04-13,700650.0,1618650.0,0.23567559,11.520621,225,0
atitlan,2025-04-13,700950.0,1618650.0,0.25463504,12.996483,225,1
atitlan,2025-04-13,701250.0,1618650.0,0.31894293,24.57693,225,1
atitlan,2025-04-13,701550.0,1618650.0,0.29307187,20.059784,225,1
atitlan,2025-04-13,701850.0,1618650.0,0.22615302,14.316315,225,1
atitlan,2025-04-13,702150.0,1618650.0,0.32488957,23.429722,225,1
atitlan,2025-04-13,702450.0,1618650.0,0.31423983,20.95059,225,1
atitlan,2025-04-13,702750.0,1618650.0,0.27688134,16.073536,225,1
atitlan,2025-04-13,703050.0,1618650.0,0.2804364,15.861898,225,1
atitlan,2025-04-13,703350.0,1618650.0,0.18686159,7.8233953,225,0
atitlan,2025-04-13,703650.0,1618650.0,0.24591939,12.673396,225,1
atitlan,2025-04-13,703950.0,1618650.0,0.2303854,11.584301,225,0
atitlan,2025-04-13,704250.0,1618650.0,0.25114408,12.740006,225,1
atitlan,2025-04-13,704550.0,1618650.0,0.28030068,16.496439,225,1
atitlan,2025-04-13,704850.0,1618650.0,0.30270478,19.585093,225,1
atitlan,2025-04-13,705150.0,1618650.0,0.34423566,25.88532,225,1
atitlan,2025-04-13,705450.0,1618650.0,0.33741397,23.899128,225,1
atitlan,2025-04-13,705750.0,1618650.0,0.35412988,26.064484,225,1
atitlan,2025-04-13,706050.0,1618650.0,0.35082948,27.772955,225,1
atitlan,2025-04-13,706350.0,1618650.0,0.31830183,21.65768,225,1
atitlan,2025-04-13,706650.0,1618650.0,0.3367737,23.58101,225,1
atitlan,2025-04-13,706950.0,1618650.0,0.34271312,24.52695,225,1
atitlan,2025-04-13,707250.0,1618650.0,0.24603042,11.560752,225,0
atitlan,2025-04-13,707550.0,1618650.0,0.26746058,14.891206,225,1
atitlan,2025-04-13,707850.0,1618650.0,0.25763008,12.356242,45,1
atitlan,2025-04-13,680250.0,1618950.0,0.4030046,37.963703,180,1
atitlan,2025-04-13,680550.0,1618950.0,0.39480197,35.814922,225,1
atitlan,2025-04-13,680850.0,1618950.0,0.40129757,37.24535,225,1
atitlan,2025-04-13,681150.0,1618950.0,0.39407092,35.316406,225,1
atitlan,2025-04-13,681450.0,1618950.0,0.36768606,29.133665,225,1
atitlan,2025-04-13,681750.0,1618950.0,0.3482644,24.835197,225,1
atitlan,2025-04-13,682050.0,1618950.0,0.33583242,22.944132,225,1
atitlan,2025-04-13,682350.0,1618950.0,0.33160722,22.484076,225,1
atitlan,2025-04-13,682650.0,1618950.0,0.33666456,24.401243,225,1
atitlan,2025-04-13,682950.0,1618950.0,0.37757686,33.066914,225,1
atitlan,2025-04-13,683250.0,1618950.0,0.39803466,37.57598,225,1
atitlan,2025-04-13,683550.0,1618950.0,0.41017923,40.040466,225,1
atitlan,2025-04-13,683850.0,1618950.0,0.40350914,38.828716,225,1
atitlan,2025-04-13,684150.0,1618950.0,0.3977155,37.997135,225,1
atitlan,2025-04-13,684450.0,1618950.0,0.29958916,20.270891,225,1
atitlan,2025-04-13,684750.0,1618950.0,0.26091453,14.755151,225,1
atitlan,2025-04-13,685050.0,1618950.0,0.31753805,23.057558,225,1
atitlan,2025-04-13,685350.0,1618950.0,0.2892414,18.13948,225,1
atitlan,2025-04-13,685650.0,1618950.0,0.29510483,19.562742,225,1
atitlan,2025-04-13,685950.0,1618950.0,0.30930012,19.60849,225,1
atitlan,2025-04-13,686250.0,1618950.0,0.26718694,15.3387575,225,1
atitlan,2025-04-13,686550.0,1618950.0,0.22108984,11.32597,225,0
atitlan,2025-04-13,686850.0,1618950.0,0.29807007,18.688,225,1
atitlan,2025-04-13,687150.0,1618950.0,0.28013802,17.776836,225,1
atitlan,2025-04-13,687450.0,1618950.0,0.28369236,17.280224,225,1
atitlan,2025-04-13,687750.0,1618950.0,0.27538452,15.614432,225,1
atitlan,2025-04-13,688050.0,1618950.0,0.2874194,17.181858,225,1
atitlan,2025-04-13,688350.0,1618950.0,0.22452843,10.823544,225,0
atitlan,2025-04-13,688650.0,1618950.0,0.19736506,9.249002,225,0
atitlan,2025-04-13,688950.0,1618950.0,0.17708552,9.311318,225,0
atitlan,2025-04-13,689250.0,1618950.0,-0.043538798,2.7320888,225,0
atitlan,2025-04-13,689550.0,1618950.0,-0.05738061,2.2208219,225,0
atitlan,2025-04-13,689850.0,1618950.0,-0.050089836,2.483541,225,0
atitlan,2025-04-13,690150.0,1618950.0,0.098855734,6.2117915,225,0
atitlan,2025-04-13,690450.0,1618950.0,0.035970263,4.2751718,225,0
atitlan,2025-04-13,690750.0,1618950.0,0.04121793,4.448567,225,0
atitlan,2025-04-13,691050.0,1618950.0,0.15102033,8.784248,225,0
atitlan,2025-04-13,691350.0,1618950.0,0.2728298,16.430717,225,1
atitlan,2025-04-13,691650.0,1618950.0,0.34498227,25.260336,225,1
atitlan,2025-04-13,691950.0,1618950.0,0.3008459,19.256966,225,1
atitlan,2025-04-13,692250.0,1618950.0,0.3219435,23.067774,225,1
atitlan,2025-04-13,692550.0,1618950.0,0.32407725,22.965897,225,1
atitlan,2025-04-13,692850.0,1618950.0,0.264566,18.605211,225,1
atitlan,2025-04-13,693150.0,1618950.0,0.2807738,19.948614,225,1
atitlan,2025-04-13,693450.0,1618950.0,0.24985786,17.700365,225,1
atitlan,2025-04-13,693750.0,1618950.0,0.25968742,17.351337,225,1
atitlan,2025-04-13,694050.0,1618950.0,0.2913021,17.87692,225,1
atitlan,2025-04-13,694350.0,1618950.0,0.31625885,20.834515,225,1
atitlan,2025-04-13,694650.0,1618950.0,0.3503472,25.418507,225,1
atitlan,2025-04-13,694950.0,1618950.0,0.37290654,31.45763,225,1
atitlan,2025-04-13,695250.0,1618950.0,0.3369096,24.516792,225,1
atitlan,2025-04-13,695550.0,1618950.0,0.3780316,32.334045,225,1
atitlan,2025-04-13,695850.0,1618950.0,0.3600433,29.11235,225,1
atitlan,2025-04-13,696150.0,1618950.0,0.3133065,21.13903,225,1
atitlan,2025-04-13,696450.0,1618950.0,0.31549796,20.839512,225,1
atitlan,2025-04-13,696750.0,1618950.0,0.33617947,24.544107,225,1
atitlan,2025-04-13,697050.0,1618950.0,0.39769244,38.900177,225,1
atitlan,2025-04-13,697350.0,1618950.0,0.3808874,34.245007,225,1
atitlan,2025-04-13,697650.0,1618950.0,0.3453393,25.919683,225,1
atitlan,2025-04-13,697950.0,1618950.0,0.35438412,28.004295,225,1
atitlan,2025-04-13,698250.0,1618950.0,0.31453738,21.413824,225,1
atitlan,2025-04-13,698550.0,1618950.0,0.29745615,18.471886,225,1
atitlan,2025-04-13,698850.0,1618950.0,0.25394297,14.261834,225,1
atitlan,2025-04-13,699150.0,1618950.0,0.15018947,8.615216,225,0
atitlan,2025-04-13,699450.0,1618950.0,0.13104863,8.604392,225,0
atitlan,2025-04-13,699750.0,1618950.0,0.07158857,5.813064,225,0
atitlan,2025-04-13,700050.0,1618950.0,0.071147636,5.493084,225,0
atitlan,2025-04-13,700350.0,1618950.0,0.13211225,8.052754,225,0
atitlan,2025-04-13,700650.0,1618950.0,0.12483369,7.522213,225,0
atitlan,2025-04-13,700950.0,1618950.0,0.19049142,8.55122,225,0
atitlan,2025-04-13,701250.0,1618950.0,0.2838455,17.855715,225,1
atitlan,2025-04-13,701550.0,1618950.0,0.24672325,14.312459,225,1
atitlan,2025-04-13,701850.0,1618950.0,0.13793513,8.358137,225,0
atitlan,2025-04-13,702150.0,1618950.0,0.20499142,13.069375,225,1
atitlan,2025-04-13,702450.0,1618950.0,0.278521,15.968566,225,1
atitlan,2025-04-13,702750.0,1618950.0,0.24822484,12.710927,225,1
atitlan,2025-04-13,703050.0,1618950.0,0.21768141,9.833774,225,0
atitlan,2025-04-13,703350.0,1618950.0,0.2022946,8.395286,225,0
atitlan,2025-04-13,703650.0,1618950.0,0.24479474,12.360597,225,1
atitlan,2025-04-13,703950.0,1618950.0,0.2345988,11.956507,225,0
atitlan,2025-04-13,704250.0,1618950.0,0.2138885,9.57271,225,0
atitlan,2025-04-13,704550.0,1618950.0,0.22625728,11.561246,225,0
atitlan,2025-04-13,704850.0,1618950.0,0.31351307,20.754316,225,1
atitlan,2025-04-13,705150.0,1618950.0,0.29771748,18.19817,225,1
atitlan,2025-04-13,705450.0,1618950.0,0.31965497,21.469025,225,1
atitlan,2025-04-13,705750.0,1618950.0,0.37753338,31.323631,225,1
atitlan,2025-04-13,706050.0,1618950.0,0.3857369,33.395267,225,1
atitlan,2025-04-13,706350.0,1618950.0,0.39796877,36.826954,225,1
atitlan,2025-04-13,706650.0,1618950.0,0.358454,28.370432,225,1
atitlan,2025-04-13,706950.0,1618950.0,0.348658,26.619505,225,1
atitlan,2025-04-13,707250.0,1618950.0,0.23157142,11.484146,225,0
atitlan,2025-04-13,707550.0,1618950.0,0.29837438,20.873539,225,1
atitlan,2025-04-13,707850.0,1618950.0,0.3017468,19.526537,45,1
atitlan,2025-04-13,680250.0,1619250.0,0.4011026,37.159916,180,1
atitlan,2025-04-13,680550.0,1619250.0,0.39463896,35.37713,225,1
atitlan,2025-04-13,680850.0,1619250.0,0.3631327,28.53154,225,1
atitlan,2025-04-13,681150.0,1619250.0,0.3687023,30.680721,225,1
atitlan,2025-04-13,681450.0,1619250.0,0.36257145,27.838017,225,1
atitlan,2025-04-13,681750.0,1619250.0,0.3427447,23.836884,225,1
atitlan,2025-04-13,682050.0,1619250.0,0.32279357,20.65822,225,1
atitlan,2025-04-13,682350.0,1619250.0,0.37575436,31.458889,225,1
atitlan,2025-04-13,682650.0,1619250.0,0.37230033,30.618444,225,1
atitlan,2025-04-13,682950.0,1619250.0,0.39025754,34.81138,225,1
atitlan,2025-04-13,683250.0,1619250.0,0.33845395,31.913658,225,1
atitlan,2025-04-13,683550.0,1619250.0,0.3841267,37.869877,225,1
atitlan,2025-04-13,683850.0,1619250.0,0.39413977,37.863377,225,1
atitlan,2025-04-13,684150.0,1619250.0,0.39940715,38.159443,225,1
atitlan,2025-04-13,684450.0,1619250.0,0.3515443,26.722141,225,1
atitlan,2025-04-13,684750.0,1619250.0,0.34564027,26.10948,225,1
atitlan,2025-04-13,685050.0,1619250.0,0.32528752,21.543266,225,1
atitlan,2025-04-13,685350.0,1619250.0,0.2861539,17.715918,225,1
atitlan,2025-04-13,685650.0,1619250.0,0.27305916,17.508081,225,1
atitlan,2025-04-13,685950.0,1619250.0,0.2811354,18.066685,225,1
atitlan,2025-04-13,686250.0,1619250.0,0.3414327,24.28853,225,1
atitlan,2025-04-13,686550.0,1619250.0,0.27399996,16.301544,225,1
atitlan,2025-04-13,686850.0,1619250.0,0.29520422,19.446762,225,1
atitlan,2025-04-13,687150.0,1619250.0,0.26315248,15.757255,225,1
atitlan,2025-04-13,687450.0,1619250.0,0.2780803,16.282555,225,1
atitlan,2025-04-13,687750.0,1619250.0,0.27435282,15.059948,225,1
atitlan,2025-04-13,688050.0,1619250.0,0.25893375,13.715055,225,1
atitlan,2025-04-13,688350.0,1619250.0,0.2564507,13.745965,225,1
atitlan,2025-04-13,688650.0,1619250.0,0.22051367,10.80009,225,0
atitlan,2025-04-13,688950.0,1619250.0,0.19709483,9.355777,225,0
atitlan,2025-04-13,689250.0,1619250.0,0.107019246,7.320489,225,0
atitlan,2025-04-13,689550.0,1619250.0,0.016235381,4.1965766,225,0
atitlan,2025-04-13,689850.0,1619250.0,-0.035186708,3.0427914,225,0
atitlan,2025-04-13,690150.0,1619250.0,0.114108235,6.445206,225,0
atitlan,2025-04-13,690450.0,1619250.0,0.050583467,4.7442484,225,0
atitlan,2025-04-13,690750.0,1619250.0,0.030891992,4.2285533,225,0
atitlan,2025-04-13,691050.0,1619250.0,0.05320213,4.719991,225,0
atitlan,2025-04-13,691350.0,1619250.0,0.18216567,8.67723,225,0
atitlan,2025-04-13,691650.0,1619250.0,0.26632768,15.636845,225,1
atitlan,2025-04-13,691950.0,1619250.0,0.28174618,16.157516,225,1
atitlan,2025-04-13,692250.0,1619250.0,0.29862404,19.822908,225,1
atitlan,2025-04-13,692550.0,1619250.0,0.3340879,23.828081,225,1
atitlan,2025-04-13,692850.0,1619250.0,0.31092665,21.890703,225,1
atitlan,2025-04-13,693150.0,1619250.0,0.2712987,18.872255,225,1
atitlan,2025-04-13,693450.0,1619250.0,0.2507747,15.747394,225,1
atitlan,2025-04-13,693750.0,1619250.0,0.26396444,17.205946,225,1
atitlan,2025-04-13,694050.0,1619250.0,0.2898653,18.329657,225,1
atitlan,2025-04-13,694350.0,1619250.0,0.30693576,22.360113,225,1
atitlan,2025-04-13,694650.0,1619250.0,0.3094921,20.041143,225,1
atitlan,2025-04-13,694950.0,1619250.0,0.28443325,17.877783,225,1
atitlan,2025-04-13,695250.0,1619250.0,0.23537762,11.722756,225,0
atitlan,2025-04-13,695550.0,1619250.0,0.29860273,18.340555,225,1
atitlan,2025-04-13,695850.0,1619250.0,0.2729799,16.43312,225,1
atitlan,2025-04-13,696150.0,1619250.0,0.25686258,16.60249,225,1
atitlan,2025-04-13,696450.0,1619250.0,0.3201154,23.912083,225,1
atitlan,2025-04-13,696750.0,1619250.0,0.34524506,28.002083,225,1
atitlan,2025-04-13,697050.0,1619250.0,0.37046927,31.4013,225,1
atitlan,2025-04-13,697350.0,1619250.0,0.37862653,33.63765,225,1
atitlan,2025-04-13,697650.0,1619250.0,0.34760523,26.069838,225,1
atitlan,2025-04-13,697950.0,1619250.0,0.35573077,27.80944,225,1
atitlan,2025-04-13,698250.0,1619250.0,0.34356773,25.73622,225,1
atitlan,2025-04-13,698550.0,1619250.0,0.26869917,16.086355,225,1
atitlan,2025-04-13,698850.0,1619250.0,0.28376493,17.514269,225,1
atitlan,2025-04-13,699150.0,1619250.0,0.14318869,7.4958167,225,0
atitlan,2025-04-13,699450.0,1619250.0,0.1261081,7.550826,225,0
atitlan,2025-04-13,699750.0,1619250.0,0.16637504,10.513823,225,0
atitlan,2025-04-13,700050.0,1619250.0,0.061899252,5.700513,225,0
atitlan,2025-04-13,700350.0,1619250.0,0.039051168,5.4687943,225,0
atitlan,2025-04-13,700650.0,1619250.0,-0.007450412,3.732554,225,0
atitlan,2025-04-13,700950.0,1619250.0,0.18175891,8.774927,225,0
atitlan,2025-04-13,701250.0,1619250.0,0.25054732,13.541032,225,1
atitlan,2025-04-13,701550.0,1619250.0,0.27082548,16.331846,225,1
atitlan,2025-04-13,701850.0,1619250.0,0.22243898,13.575724,225,1
atitlan,2025-04-13,702150.0,1619250.0,0.2111399,11.960548,225,0
atitlan,2025-04-13,702450.0,1619250.0,0.24746527,15.233013,225,1
atitlan,2025-04-13,702750.0,1619250.0,0.21900225,10.700553,225,0
atitlan,2025-04-13,703050.0,1619250.0,0.24226482,13.506119,225,1
atitlan,2025-04-13,703350.0,1619250.0,0.24823098,13.156708,225,1
atitlan,2025-04-13,703650.0,1619250.0,0.23750263,11.587867,225,0
atitlan,2025-04-13,703950.0,1619250.0,0.20150493,9.591347,225,0
atitlan,2025-04-13,704250.0,1619250.0,0.24112266,12.6532,225,1
atitlan,2025-04-13,704550.0,1619250.0,0.21826994,10.490736,225,0
atitlan,2025-04-13,704850.0,1619250.0,0.26282954,13.20488,225,1
atitlan,2025-04-13,705150.0,1619250.0,0.2771388,14.622184,225,1
atitlan,2025-04-13,705450.0,1619250.0,0.35312894,26.667053,225,1
atitlan,2025-04-13,705750.0,1619250.0,0.36042646,28.529692,225,1
atitlan,2025-04-13,706050.0,1619250.0,0.3491744,26.323473,225,1
atitlan,2025-04-13,706350.0,1619250.0,0.3642858,28.60101,225,1
atitlan,2025-04-13,706650.0,1619250.0,0.33931494,23.457914,225,1
atitlan,2025-04-13,706950.0,1619250.0,0.34937167,25.969028,225,1
atitlan,2025-04-13,707250.0,1619250.0,0.2933314,18.694002,225,1
atitlan,2025-04-13,707550.0,1619250.0,0.20771253,14.408463,225,1
atitlan,2025-04-13,707850.0,1619250.0,0.22090547,15.339033,45,1
atitlan,2025-04-13,680250.0,1619550.0,0.40449423,38.174393,180,1
atitlan,2025-04-13,680550.0,1619550.0,0.37137875,30.343487,225,1
atitlan,2025-04-13,680850.0,1619550.0,0.37087166,30.361542,225,1
atitlan,2025-04-13,681150.0,1619550.0,0.40481368,38.10589,225,1
atitlan,2025-04-13,681450.0,1619550.0,0.37895933,31.463345,225,1
atitlan,2025-04-13,681750.0,1619550.0,0.34491906,24.13358,225,1
atitlan,2025-04-13,682050.0,1619550.0,0.3441325,24.166704,225,1
atitlan,2025-04-13,682350.0,1619550.0,0.35039905,26.889355,225,1
atitlan,2025-04-13,682650.0,1619550.0,0.37881103,32.802044,225,1
atitlan,2025-04-13,682950.0,1619550.0,0.2160077,16.325977,225,1
atitlan,2025-04-13,683250.0,1619550.0,0.16130702,12.302293,225,1
atitlan,2025-04-13,683550.0,1619550.0,0.31212533,28.555237,225,1
atitlan,2025-04-13,683850.0,1619550.0,0.36650193,35.39213,225,1
atitlan,2025-04-13,684150.0,1619550.0,0.4157264,42.749477,225,1
atitlan,2025-04-13,684450.0,1619550.0,0.38204226,39.34124,225,1
atitlan,2025-04-13,684750.0,1619550.0,0.40414423,40.24495,225,1
atitlan,2025-04-13,685050.0,1619550.0,0.35690546,33.26417,225,1
atitlan,2025-04-13,685350.0,1619550.0,0.33148423,22.686308,225,1
atitlan,2025-04-13,685650.0,1619550.0,0.32305613,23.438744,225,1
atitlan,2025-04-13,685950.0,1619550.0,0.35124913,26.829092,225,1
atitlan,2025-04-13,686250.0,1619550.0,0.36086136,27.780214,225,1
atitlan,2025-04-13,686550.0,1619550.0,0.26227906,14.518954,225,1
atitlan,2025-04-13,686850.0,1619550.0,0.27701712,15.744739,225,1
atitlan,2025-04-13,687150.0,1619550.0,0.27768502,16.491367,225,1
atitlan,2025-04-13,687450.0,1619550.0,0.2995029,18.82278,225,1
atitlan,2025-04-13,687750.0,1619550.0,0.26122573,13.031611,225,1
atitlan,2025-04-13,688050.0,1619550.0,0.24256232,12.878346,225,1
atitlan,2025-04-13,688350.0,1619550.0,0.24461849,13.33978,225,1
atitlan,2025-04-13,688650.0,1619550.0,0.21186964,9.645409,225,0
atitlan,2025-04-13,688950.0,1619550.0,0.21290542,10.333239,225,0
atitlan,2025-04-13,689250.0,1619550.0,0.24064873,12.405113,225,1
atitlan,2025-04-13,689550.0,1619550.0,0.11861796,8.328259,225,0
atitlan,2025-04-13,689850.0,1619550.0,-0.050431896,2.542245,225,0
atitlan,2025-04-13,690150.0,1619550.0,0.038486954,5.514224,225,0
atitlan,2025-04-13,690450.0,1619550.0,0.06403017,5.9180384,225,0
atitlan,2025-04-13,690750.0,1619550.0,0.09397668,7.087246,225,0
atitlan,2025-04-13,691050.0,1619550.0,0.061736222,4.8239527,225,0
atitlan,2025-04-13,691350.0,1619550.0,0.12696533,6.966821,225,0
atitlan,2025-04-13,691650.0,1619550.0,0.2630404,13.894268,225,1
atitlan,2025-04-13,691950.0,1619550.0,0.27256683,15.937316,225,1
atitlan,2025-04-13,692250.0,1619550.0,0.28668728,18.757082,225,1
atitlan,2025-04-13,692550.0,1619550.0,0.29303944,19.515236,225,1
atitlan,2025-04-13,692850.0,1619550.0,0.2620657,17.078297,225,1
atitlan,2025-04-13,693150.0,1619550.0,0.21460006,14.083817,225,1
atitlan,2025-04-13,693450.0,1619550.0,0.19943018,12.207336,225,1
atitlan,2025-04-13,693750.0,1619550.0,0.24625953,16.945852,225,1
atitlan,2025-04-13,694050.0,1619550.0,0.29517162,19.713598,225,1
atitlan,2025-04-13,694350.0,1619550.0,0.29724678,20.535872,225,1
atitlan,2025-04-13,694650.0,1619550.0,0.22621767,14.111518,225,1
atitlan,2025-04-13,694950.0,1619550.0,0.31349525,21.41395,225,1
atitlan,2025-04-13,695250.0,1619550.0,0.2843141,17.5971,225,1
atitlan,2025-04-13,695550.0,1619550.0,0.2635314,17.497719,225,1
atitlan,2025-04-13,695850.0,1619550.0,0.26351145,18.512352,225,1
atitlan,2025-04-13,696150.0,1619550.0,0.29032522,21.62439,225,1
atitlan,2025-04-13,696450.0,1619550.0,0.32045934,24.438486,225,1
atitlan,2025-04-13,696750.0,1619550.0,0.3470084,27.919386,225,1
atitlan,2025-04-13,697050.0,1619550.0,0.31413376,23.32962,225,1
atitlan,2025-04-13,697350.0,1619550.0,0.3680056,31.923574,225,1
atitlan,2025-04-13,697650.0,1619550.0,0.3618225,29.352463,225,1
atitlan,2025-04-13,697950.0,1619550.0,0.35170966,27.164614,225,1
atitlan,2025-04-13,698250.0,1619550.0,0.3234742,22.054956,225,1
atitlan,2025-04-13,698550.0,1619550.0,0.27531505,16.297916,225,1
atitlan,2025-04-13,698850.0,1619550.0,0.31268218,21.178314,225,1
atitlan,2025-04-13,699150.0,1619550.0,0.23022422,15.914779,225,1
atitlan,2025-04-13,699450.0,1619550.0,0.14008476,8.113149,225,0
atitlan,2025-04-13,699750.0,1619550.0,0.24709041,14.420614,225,1
atitlan,2025-04-13,700050.0,1619550.0,0.1358368,9.829602,225,0
atitlan,2025-04-13,700350.0,1619550.0,-0.013097689,3.7825902,225,0
atitlan,2025-04-13,700650.0,1619550.0,-0.049425043,2.5436966,225,0
atitlan,2025-04-13,700950.0,1619550.0,0.188544,8.31701,225,0
atitlan,2025-04-13,701250.0,1619550.0,0.28839007,17.212835,225,1
atitlan,2025-04-13,701550.0,1619550.0,0.27198023,16.52077,225,1
atitlan,2025-04-13,701850.0,1619550.0,0.26780102,16.451445,225,1
atitlan,2025-04-13,702150.0,1619550.0,0.26404038,15.425611,225,1
atitlan,2025-04-13,702450.0,1619550.0,0.2606351,17.851301,225,1
atitlan,2025-04-13,702750.0,1619550.0,0.2368516,12.360672,225,1
atitlan,2025-04-13,703050.0,1619550.0,0.2588558,14.279303,225,1
atitlan,2025-04-13,703350.0,1619550.0,0.2723797,15.710205,225,1
atitlan,2025-04-13,703650.0,1619550.0,0.22438724,11.05192,225,0
atitlan,2025-04-13,703950.0,1619550.0,0.22118416,10.583704,225,0
atitlan,2025-04-13,704250.0,1619550.0,0.19574413,9.393295,225,0
atitlan,2025-04-13,704550.0,1619550.0,0.2068098,11.663599,225,0
atitlan,2025-04-13,704850.0,1619550.0,0.26079684,13.701842,225,1
atitlan,2025-04-13,705150.0,1619550.0,0.25066602,12.379284,225,1
atitlan,2025-04-13,705450.0,1619550.0,0.2802326,15.228948,225,1
atitlan,2025-04-13,705750.0,1619550.0,0.3229033,22.677626,225,1
atitlan,2025-04-13,706050.0,1619550.0,0.34569764,25.695799,225,1
atitlan,2025-04-13,706350.0,1619550.0,0.32245165,21.211832,225,1
atitlan,2025-04-13,706650.0,1619550.0,0.3469476,25.541306,225,1
atitlan,2025-04-13,706950.0,1619550.0,0.33313048,22.763062,225,1
atitlan,2025-04-13,707250.0,1619550.0,0.33898386,27.241545,225,1
atitlan,2025-04-13,707550.0,1619550.0,0.1275136,7.829594,225,0
atitlan,2025-04-13,707850.0,1619550.0,0.06963502,5.270047,45,0
atitlan,2025-04-13,680250.0,1619850.0,0.39213815,34.92562,180,1
atitlan,2025-04-13,680550.0,1619850.0,0.3632992,28.520634,225,1
atitlan,2025-04-13,680850.0,1619850.0,0.36370406,28.971094,225,1
atitlan,2025-04-13,681150.0,1619850.0,0.3686822,29.426865,225,1
atitlan,2025-04-13,681450.0,1619850.0,0.35713497,26.527687,225,1
atitlan,2025-04-13,681750.0,1619850.0,0.3576474,26.642767,225,1
atitlan,2025-04-13,682050.0,1619850.0,0.3391029,23.219913,225,1
atitlan,2025-04-13,682350.0,1619850.0,0.33819452,24.481663,225,1
atitlan,2025-04-13,682650.0,1619850.0,0.29727778,25.065762,225,1
atitlan,2025-04-13,682950.0,1619850.0,0.07728843,5.384939,225,0
atitlan,2025-04-13,683250.0,1619850.0,0.18358146,15.248834,225,1
atitlan,2025-04-13,683550.0,1619850.0,0.29487348,26.241083,225,1
atitlan,2025-04-13,683850.0,1619850.0,0.30585298,28.670723,225,1
atitlan,2025-04-13,684150.0,1619850.0,0.4195877,42.67802,225,1
atitlan,2025-04-13,684450.0,1619850.0,0.4177968,45.594456,225,1
atitlan,2025-04-13,684750.0,1619850.0,0.4222021,45.61256,225,1
atitlan,2025-04-13,685050.0,1619850.0,0.41164395,41.187912,225,1
atitlan,2025-04-13,685350.0,1619850.0,0.33909506,27.986393,225,1
atitlan,2025-04-13,685650.0,1619850.0,0.32266805,26.624254,225,1
atitlan,2025-04-13,685950.0,1619850.0,0.36498806,28.966957,225,1
atitlan,2025-04-13,686250.0,1619850.0,0.33751005,24.535742,225,1
atitlan,2025-04-13,686550.0,1619850.0,0.33711225,23.615847,225,1
atitlan,2025-04-13,686850.0,1619850.0,0.31234747,22.135317,225,1
atitlan,2025-04-13,687150.0,1619850.0,0.3346747,23.861881,225,1
atitlan,2025-04-13,687450.0,1619850.0,0.3342272,23.206575,225,1
atitlan,2025-04-13,687750.0,1619850.0,0.27563667,15.298133,225,1
atitlan,2025-04-13,688050.0,1619850.0,0.20997779,9.0542145,225,0
atitlan,2025-04-13,688350.0,1619850.0,0.18481077,7.9513044,225,0
atitlan,2025-04-13,688650.0,1619850.0,0.17410097,7.4981074,225,0
atitlan,2025-04-13,688950.0,1619850.0,0.20907985,9.8486185,225,0
atitlan,2025-04-13,689250.0,1619850.0,0.21150143,10.291167,225,0
atitlan,2025-04-13,689550.0,1619850.0,0.13523689,8.4950285,225,0
atitlan,2025-04-13,689850.0,1619850.0,-0.05079958,2.5203135,225,0
atitlan,2025-04-13,690150.0,1619850.0,-0.053983193,2.38091,225,0
atitlan,2025-04-13,690450.0,1619850.0,-0.04570611,2.708347,225,0
atitlan,2025-04-13,690750.0,1619850.0,0.09820402,6.3171206,225,0
atitlan,2025-04-13,691050.0,1619850.0,0.10316583,5.970099,225,0
atitlan,2025-04-13,691350.0,1619850.0,0.17173436,8.956254,225,0
atitlan,2025-04-13,691650.0,1619850.0,0.19830102,10.539833,225,0
atitlan,2025-04-13,691950.0,1619850.0,0.24543108,13.448909,225,1
atitlan,2025-04-13,692250.0,1619850.0,0.24451585,14.163388,225,1
atitlan,2025-04-13,692550.0,1619850.0,0.2324429,12.740158,225,1
atitlan,2025-04-13,692850.0,1619850.0,0.18518953,11.313242,225,0
atitlan,2025-04-13,693150.0,1619850.0,0.24393255,16.68599,225,1
atitlan,2025-04-13,693450.0,1619850.0,0.24510571,14.547831,225,1
atitlan,2025-04-13,693750.0,1619850.0,0.2767641,18.14582,225,1
atitlan,2025-04-13,694050.0,1619850.0,0.29117683,20.20018,225,1
atitlan,2025-04-13,694350.0,1619850.0,0.34875858,28.440683,225,1
atitlan,2025-04-13,694650.0,1619850.0,0.29639587,20.85681,225,1
atitlan,2025-04-13,694950.0,1619850.0,0.2898898,19.645506,225,1
atitlan,2025-04-13,695250.0,1619850.0,0.2623854,13.829966,225,1
atitlan,2025-04-13,695550.0,1619850.0,0.23864914,13.266843,225,1
atitlan,2025-04-13,695850.0,1619850.0,0.28909457,18.00717,225,1
atitlan,2025-04-13,696150.0,1619850.0,0.27160722,17.953775,225,1
atitlan,2025-04-13,696450.0,1619850.0,0.29966962,22.567049,225,1
atitlan,2025-04-13,696750.0,1619850.0,0.31624067,24.266993,225,1
atitlan,2025-04-13,697050.0,1619850.0,0.29343608,22.012249,225,1
atitlan,2025-04-13,697350.0,1619850.0,0.33861274,26.46662,225,1
atitlan,2025-04-13,697650.0,1619850.0,0.32559666,23.146118,225,1
atitlan,2025-04-13,697950.0,1619850.0,0.29420722,17.720657,225,1
atitlan,2025-04-13,698250.0,1619850.0,0.2832031,18.667665,225,1
atitlan,2025-04-13,698550.0,1619850.0,0.30036703,18.65738,225,1
atitlan,2025-04-13,698850.0,1619850.0,0.3044166,19.231623,225,1
atitlan,2025-04-13,699150.0,1619850.0,0.23233737,12.518348,225,1
atitlan,2025-04-13,699450.0,1619850.0,0.1779288,10.865547,225,0
atitlan,2025-04-13,699750.0,1619850.0,0.21235776,12.7983465,225,1
atitlan,2025-04-13,700050.0,1619850.0,0.23643231,12.477245,225,1
atitlan,2025-04-13,700350.0,1619850.0,0.07915484,7.102536,225,0
atitlan,2025-04-13,700650.0,1619850.0,-0.050759587,2.5190587,225,0
atitlan,2025-04-13,700950.0,1619850.0,0.075562574,5.3400955,225,0
atitlan,2025-04-13,701250.0,1619850.0,0.22812793,10.748074,225,0
atitlan,2025-04-13,701550.0,1619850.0,0.30890992,19.987787,225,1
atitlan,2025-04-13,701850.0,1619850.0,0.34048837,25.14931,225,1
atitlan,2025-04-13,702150.0,1619850.0,0.30046478,19.046461,225,1
atitlan,2025-04-13,702450.0,1619850.0,0.21038279,14.916789,225,1
atitlan,2025-04-13,702750.0,1619850.0,0.20713913,12.500675,225,1
atitlan,2025-04-13,703050.0,1619850.0,0.21648741,11.761225,225,0
atitlan,2025-04-13,703350.0,1619850.0,0.2418911,12.8871565,225,1
atitlan,2025-04-13,703650.0,1619850.0,0.27155367,16.400568,225,1
atitlan,2025-04-13,703950.0,1619850.0,0.23526503,12.917433,225,1
atitlan,2025-04-13,704250.0,1619850.0,0.22319913,11.489838,225,0
atitlan,2025-04-13,704550.0,1619850.0,0.232103,12.563011,225,1
atitlan,2025-04-13,704850.0,1619850.0,0.2346443,11.932268,225,0
atitlan,2025-04-13,705150.0,1619850.0,0.2427699,11.501458,225,0
atitlan,2025-04-13,705450.0,1619850.0,0.29771742,17.777618,225,1
atitlan,2025-04-13,705750.0,1619850.0,0.31033453,19.271837,225,1
atitlan,2025-04-13,706050.0,1619850.0,0.30950996,20.45264,225,1
atitlan,2025-04-13,706350.0,1619850.0,0.3103049,20.767832,225,1
atitlan,2025-04-13,706650.0,1619850.0,0.328474,23.489767,225,1
atitlan,2025-04-13,706950.0,1619850.0,0.33808976,26.972765,225,1
atitlan,2025-04-13,707250.0,1619850.0,0.3701134,29.545773,225,1
atitlan,2025-04-13,707550.0,1619850.0,0.16343538,13.018902,225,1
atitlan,2025-04-13,707850.0,1619850.0,0.11614347,7.319522,45,0
atitlan,2025-04-13,680250.0,1620150.0,0.39997435,37.10807,180,1
atitlan,2025-04-13,680550.0,1620150.0,0.39779496,36.881813,225,1
atitlan,2025-04-13,680850.0,1620150.0,0.34613305,25.201618,225,1
atitlan,2025-04-13,681150.0,1620150.0,0.35271105,25.828049,225,1
atitlan,2025-04-13,681450.0,1620150.0,0.34241706,23.68161,225,1
atitlan,2025-04-13,681750.0,1620150.0,0.34940994,25.048738,225,1
atitlan,2025-04-13,682050.0,1620150.0,0.35288924,26.529074,225,1
atitlan,2025-04-13,682350.0,1620150.0,0.38143647,33.380157,225,1
atitlan,2025-04-13,682650.0,1620150.0,0.31767854,24.426144,225,1
atitlan,2025-04-13,682950.0,1620150.0,0.11877028,8.717062,225,0
atitlan,2025-04-13,683250.0,1620150.0,0.22103363,17.149185,225,1
atitlan,2025-04-13,683550.0,1620150.0,0.30854273,26.775782,225,1
atitlan,2025-04-13,683850.0,1620150.0,0.33155444,31.883316,225,1
atitlan,2025-04-13,684150.0,1620150.0,0.40080512,39.354053,225,1
atitlan,2025-04-13,684450.0,1620150.0,0.34864014,29.618387,225,1
atitlan,2025-04-13,684750.0,1620150.0,0.37317976,34.322918,225,1
atitlan,2025-04-13,685050.0,1620150.0,0.4005518,39.091835,225,1
atitlan,2025-04-13,685350.0,1620150.0,0.22059003,19.808691,225,1
atitlan,2025-04-13,685650.0,1620150.0,0.41243735,40.46466,225,1
atitlan,2025-04-13,685950.0,1620150.0,0.38339362,32.58703,225,1
atitlan,2025-04-13,686250.0,1620150.0,0.3738583,30.288805,225,1
atitlan,2025-04-13,686550.0,1620150.0,0.3618182,28.86635,225,1
atitlan,2025-04-13,686850.0,1620150.0,0.35870805,26.893564,225,1
atitlan,2025-04-13,687150.0,1620150.0,0.3632396,27.941069,225,1
atitlan,2025-04-13,687450.0,1620150.0,0.35312584,26.071663,225,1
atitlan,2025-04-13,687750.0,1620150.0,0.30840087,19.346575,225,1
atitlan,2025-04-13,688050.0,1620150.0,0.21712324,9.502874,225,0
atitlan,2025-04-13,688350.0,1620150.0,0.18745168,7.856827,225,0
atitlan,2025-04-13,688650.0,1620150.0,0.1656778,6.8399186,225,0
atitlan,2025-04-13,688950.0,1620150.0,0.21599716,10.249574,225,0
atitlan,2025-04-13,689250.0,1620150.0,0.20714295,10.144767,225,0
atitlan,2025-04-13,689550.0,1620150.0,0.18104221,9.252772,225,0
atitlan,2025-04-13,689850.0,1620150.0,-0.04140932,2.7709014,225,0
atitlan,2025-04-13,690150.0,1620150.0,-0.053016547,2.424494,225,0
atitlan,2025-04-13,690450.0,1620150.0,0.078391746,6.2978797,225,0
atitlan,2025-04-13,690750.0,1620150.0,0.14858691,8.098881,225,0
atitlan,2025-04-13,691050.0,1620150.0,0.15400285,7.740185,225,0
atitlan,2025-04-13,691350.0,1620150.0,0.19185232,9.428293,225,0
atitlan,2025-04-13,691650.0,1620150.0,0.25043082,12.994372,225,1
atitlan,2025-04-13,691950.0,1620150.0,0.26994526,14.707241,225,1
atitlan,2025-04-13,692250.0,1620150.0,0.29007515,17.622631,225,1
atitlan,2025-04-13,692550.0,1620150.0,0.24808636,13.59576,225,1
atitlan,2025-04-13,692850.0,1620150.0,0.2395822,14.626473,225,1
atitlan,2025-04-13,693150.0,1620150.0,0.2861561,18.65839,225,1
atitlan,2025-04-13,693450.0,1620150.0,0.2501851,13.8043165,225,1
atitlan,2025-04-13,693750.0,1620150.0,0.2571303,15.013658,225,1
atitlan,2025-04-13,694050.0,1620150.0,0.25929123,14.7728,225,1
atitlan,2025-04-13,694350.0,1620150.0,0.29097232,18.822428,225,1
atitlan,2025-04-13,694650.0,1620150.0,0.28955862,21.65052,225,1
atitlan,2025-04-13,694950.0,1620150.0,0.2580486,16.628925,225,1
atitlan,2025-04-13,695250.0,1620150.0,0.3060292,20.36888,225,1
atitlan,2025-04-13,695550.0,1620150.0,0.2556832,14.316668,225,1
atitlan,2025-04-13,695850.0,1620150.0,0.27898782,17.57294,225,1
atitlan,2025-04-13,696150.0,1620150.0,0.35552296,29.866184,225,1
atitlan,2025-04-13,696450.0,1620150.0,0.32113582,22.532236,225,1
atitlan,2025-04-13,696750.0,1620150.0,0.31879798,23.793379,225,1
atitlan,2025-04-13,697050.0,1620150.0,0.3422858,26.365839,225,1
atitlan,2025-04-13,697350.0,1620150.0,0.32791108,23.312998,225,1
atitlan,2025-04-13,697650.0,1620150.0,0.3227677,21.824867,225,1
atitlan,2025-04-13,697950.0,1620150.0,0.27386403,15.353429,225,1
atitlan,2025-04-13,698250.0,1620150.0,0.22644141,10.671077,225,0
atitlan,2025-04-13,698550.0,1620150.0,0.24666128,12.906633,225,1
atitlan,2025-04-13,698850.0,1620150.0,0.2500138,13.553716,225,1
atitlan,2025-04-13,699150.0,1620150.0,0.26124668,15.615669,225,1
atitlan,2025-04-13,699450.0,1620150.0,0.23163357,12.724319,225,1
atitlan,2025-04-13,699750.0,1620150.0,0.24584661,13.908326,225,1
atitlan,2025-04-13,700050.0,1620150.0,0.124938205,8.862439,225,0
atitlan,2025-04-13,700350.0,1620150.0,-0.0492988,2.5704465,225,0
atitlan,2025-04-13,700650.0,1620150.0,-0.057224244,2.2337198,225,0
atitlan,2025-04-13,700950.0,1620150.0,-0.034113184,2.9136612,225,0
atitlan,2025-04-13,701250.0,1620150.0,0.18740852,7.862339,225,0
atitlan,2025-04-13,701550.0,1620150.0,0.28687114,17.647764,225,1
atitlan,2025-04-13,701850.0,1620150.0,0.32645494,22.247545,225,1
atitlan,2025-04-13,702150.0,1620150.0,0.2933022,17.956764,225,1
atitlan,2025-04-13,702450.0,1620150.0,0.28293544,17.777315,225,1
atitlan,2025-04-13,702750.0,1620150.0,0.21829307,12.861273,225,1
atitlan,2025-04-13,703050.0,1620150.0,0.27095553,17.867085,225,1
atitlan,2025-04-13,703350.0,1620150.0,0.31508166,21.33323,225,1
atitlan,2025-04-13,703650.0,1620150.0,0.30290526,19.558609,225,1
atitlan,2025-04-13,703950.0,1620150.0,0.19334678,12.423132,225,1
atitlan,2025-04-13,704250.0,1620150.0,0.20565265,9.846348,225,0
atitlan,2025-04-13,704550.0,1620150.0,0.20821352,9.385462,225,0
atitlan,2025-04-13,704850.0,1620150.0,0.21160664,10.111145,225,0
atitlan,2025-04-13,705150.0,1620150.0,0.2929542,17.743307,225,1
atitlan,2025-04-13,705450.0,1620150.0,0.24867214,11.65489,225,0
atitlan,2025-04-13,705750.0,1620150.0,0.25114086,12.34331,225,1
atitlan,2025-04-13,706050.0,1620150.0,0.27565408,16.964336,225,1
atitlan,2025-04-13,706350.0,1620150.0,0.29849657,18.18404,225,1
atitlan,2025-04-13,706650.0,1620150.0,0.31464356,21.242609,225,1
atitlan,2025-04-13,706950.0,1620150.0,0.28098774,17.467012,225,1
atitlan,2025-04-13,707250.0,1620150.0,0.3080507,20.815868,225,1
atitlan,2025-04-13,707550.0,1620150.0,0.1275507,9.178224,225,0
atitlan,2025-04-13,707850.0,1620150.0,0.08053665,5.626077,45,0
atitlan,2025-04-13,680250.0,1620450.0,0.4123224,40.60513,180,1
atitlan,2025-04-13,680550.0,1620450.0,0.39208174,34.812126,225,1
atitlan,2025-04-13,680850.0,1620450.0,0.3948816,36.720528,225,1
atitlan,2025-04-13,681150.0,1620450.0,0.39992017,38.11601,225,1
atitlan,2025-04-13,681450.0,1620450.0,0.3804648,32.89545,225,1
atitlan,2025-04-13,681750.0,1620450.0,0.37177765,31.471964,225,1
atitlan,2025-04-13,682050.0,1620450.0,0.33572102,23.636116,225,1
atitlan,2025-04-13,682350.0,1620450.0,0.34771466,25.63681,225,1
atitlan,2025-04-13,682650.0,1620450.0,0.3068394,22.4114,225,1
atitlan,2025-04-13,682950.0,1620450.0,0.13787167,9.198259,225,0
atitlan,2025-04-13,683250.0,1620450.0,0.23201509,19.54978,225,1
atitlan,2025-04-13,683550.0,1620450.0,0.344513,30.639305,225,1
atitlan,2025-04-13,683850.0,1620450.0,0.36741346,30.997534,225,1
atitlan,2025-04-13,684150.0,1620450.0,0.40612265,38.723896,225,1
atitlan,2025-04-13,684450.0,1620450.0,0.39092016,34.842167,225,1
atitlan,2025-04-13,684750.0,1620450.0,0.35416663,30.11267,225,1
atitlan,2025-04-13,685050.0,1620450.0,0.33699226,32.37879,225,1
atitlan,2025-04-13,685350.0,1620450.0,0.334646,30.89095,225,1
atitlan,2025-04-13,685650.0,1620450.0,0.4039327,38.197838,225,1
atitlan,2025-04-13,685950.0,1620450.0,0.36848232,29.391712,225,1
atitlan,2025-04-13,686250.0,1620450.0,0.3624978,27.869144,225,1
atitlan,2025-04-13,686550.0,1620450.0,0.3599313,28.39265,225,1
atitlan,2025-04-13,686850.0,1620450.0,0.36051542,27.301678,225,1
atitlan,2025-04-13,687150.0,1620450.0,0.36607295,28.353497,225,1
atitlan,2025-04-13,687450.0,1620450.0,0.3569223,26.638882,225,1
atitlan,2025-04-13,687750.0,1620450.0,0.30481443,18.329323,225,1
atitlan,2025-04-13,688050.0,1620450.0,0.2414233,11.654407,225,0
atitlan,2025-04-13,688350.0,1620450.0,0.19453798,7.9933167,225,0
atitlan,2025-04-13,688650.0,1620450.0,0.17596367,7.1107635,225,0
atitlan,2025-04-13,688950.0,1620450.0,0.19665015,8.687226,225,0
atitlan,2025-04-13,689250.0,1620450.0,0.20980231,9.890047,225,0
atitlan,2025-04-13,689550.0,1620450.0,0.2386353,11.864363,225,0
atitlan,2025-04-13,689850.0,1620450.0,0.13746248,6.75702,225,0
atitlan,2025-04-13,690150.0,1620450.0,-0.0040309518,3.8026943,225,0
atitlan,2025-04-13,690450.0,1620450.0,0.008573573,4.405458,225,0
atitlan,2025-04-13,690750.0,1620450.0,0.18055712,11.086629,225,0
atitlan,2025-04-13,691050.0,1620450.0,0.2018247,10.132763,225,0
atitlan,2025-04-13,691350.0,1620450.0,0.19584586,9.299453,225,0
atitlan,2025-04-13,691650.0,1620450.0,0.24672876,11.774624,225,0
atitlan,2025-04-13,691950.0,1620450.0,0.22755933,11.862391,225,0
atitlan,2025-04-13,692250.0,1620450.0,0.22927903,12.912742,225,1
atitlan,2025-04-13,692550.0,1620450.0,0.2231749,11.754206,225,0
atitlan,2025-04-13,692850.0,1620450.0,0.22311266,10.356349,225,0
atitlan,2025-04-13,693150.0,1620450.0,0.2668759,14.40751,225,1
atitlan,2025-04-13,693450.0,1620450.0,0.2700835,14.90447,225,1
atitlan,2025-04-13,693750.0,1620450.0,0.27255133,15.261438,225,1
atitlan,2025-04-13,694050.0,1620450.0,0.25286788,13.403343,225,1
atitlan,2025-04-13,694350.0,1620450.0,0.25590456,14.356927,225,1
atitlan,2025-04-13,694650.0,1620450.0,0.2399565,14.03456,225,1
atitlan,2025-04-13,694950.0,1620450.0,0.23218997,12.451345,225,1
atitlan,2025-04-13,695250.0,1620450.0,0.26526102,14.787259,225,1
atitlan,2025-04-13,695550.0,1620450.0,0.22617733,11.828799,225,0
atitlan,2025-04-13,695850.0,1620450.0,0.23976114,13.531551,225,1
atitlan,2025-04-13,696150.0,1620450.0,0.30964538,20.90299,225,1
atitlan,2025-04-13,696450.0,1620450.0,0.29454476,19.443935,225,1
atitlan,2025-04-13,696750.0,1620450.0,0.30759686,21.207253,225,1
atitlan,2025-04-13,697050.0,1620450.0,0.29921594,19.838043,225,1
atitlan,2025-04-13,697350.0,1620450.0,0.29075727,19.145061,225,1
atitlan,2025-04-13,697650.0,1620450.0,0.28570688,18.53903,225,1
atitlan,2025-04-13,697950.0,1620450.0,0.27224836,15.026335,225,1
atitlan,2025-04-13,698250.0,1620450.0,0.25690198,13.312868,225,1
atitlan,2025-04-13,698550.0,1620450.0,0.26092485,13.552094,225,1
atitlan,2025-04-13,698850.0,1620450.0,0.27496687,14.165199,225,1
atitlan,2025-04-13,699150.0,1620450.0,0.27899188,15.674789,225,1
atitlan,2025-04-13,699450.0,1620450.0,0.28569946,16.757036,225,1
atitlan,2025-04-13,699750.0,1620450.0,0.22236663,12.8563175,225,1
atitlan,2025-04-13,700050.0,1620450.0,0.13824704,9.694144,225,0
atitlan,2025-04-13,700350.0,1620450.0,-0.050186872,2.5167007,225,0
atitlan,2025-04-13,700650.0,1620450.0,-0.055316918,2.2554276,225,0
atitlan,2025-04-13,700950.0,1620450.0,0.09946978,6.658916,225,0
atitlan,2025-04-13,701250.0,1620450.0,0.24204665,11.473852,225,0
atitlan,2025-04-13,701550.0,1620450.0,0.27267733,17.973654,225,1
atitlan,2025-04-13,701850.0,1620450.0,0.21269989,16.019953,225,1
atitlan,2025-04-13,702150.0,1620450.0,0.28049266,16.62971,225,1
atitlan,2025-04-13,702450.0,1620450.0,0.24345313,14.448603,225,1
atitlan,2025-04-13,702750.0,1620450.0,0.18978834,13.410206,225,1
atitlan,2025-04-13,703050.0,1620450.0,0.2592671,15.702477,225,1
atitlan,2025-04-13,703350.0,1620450.0,0.2888637,18.395964,225,1
atitlan,2025-04-13,703650.0,1620450.0,0.30808407,19.833698,225,1
atitlan,2025-04-13,703950.0,1620450.0,0.15822813,11.289119,225,0
atitlan,2025-04-13,704250.0,1620450.0,0.23846203,14.137364,225,1
atitlan,2025-04-13,704550.0,1620450.0,0.19475996,9.08044,225,0
atitlan,2025-04-13,704850.0,1620450.0,0.19867562,9.0790415,225,0
atitlan,2025-04-13,705150.0,1620450.0,0.2377049,12.119134,225,1
atitlan,2025-04-13,705450.0,1620450.0,0.27600566,15.240503,225,1
atitlan,2025-04-13,705750.0,1620450.0,0.2647553,13.124777,225,1
atitlan,2025-04-13,706050.0,1620450.0,0.27094272,13.89509,225,1
atitlan,2025-04-13,706350.0,1620450.0,0.28477693,16.380342,225,1
atitlan,2025-04-13,706650.0,1620450.0,0.32162046,21.818308,225,1
atitlan,2025-04-13,706950.0,1620450.0,0.33649397,24.073568,225,1
atitlan,2025-04-13,707250.0,1620450.0,0.32641578,21.676865,225,1
atitlan,2025-04-13,707550.0,1620450.0,0.3199786,25.138998,225,1
atitlan,2025-04-13,707850.0,1620450.0,0.20892902,16.7204,45,1
atitlan,2025-04-13,680250.0,1620750.0,0.38983548,34.238914,180,1
atitlan,2025-04-13,680550.0,1620750.0,0.40150148,37.31093,225,1
atitlan,2025-04-13,680850.0,1620750.0,0.4246982,44.124493,225,1
atitlan,2025-04-13,681150.0,1620750.0,0.42130923,43.323223,225,1
atitlan,2025-04-13,681450.0,1620750.0,0.41591257,42.21378,225,1
atitlan,2025-04-13,681750.0,1620750.0,0.35366747,33.888546,225,1
atitlan,2025-04-13,682050.0,1620750.0,0.3779637,35.49916,225,1
atitlan,2025-04-13,682350.0,1620750.0,0.3167038,21.891457,225,1
atitlan,2025-04-13,682650.0,1620750.0,0.30768183,20.034605,225,1
atitlan,2025-04-13,682950.0,1620750.0,0.32276878,24.603632,225,1
atitlan,2025-04-13,683250.0,1620750.0,0.2377022,19.547585,225,1
atitlan,2025-04-13,683550.0,1620750.0,0.12995109,9.481899,225,0
atitlan,2025-04-13,683850.0,1620750.0,0.20350802,16.43104,225,1
atitlan,2025-04-13,684150.0,1620750.0,0.3575978,32.100536,225,1
atitlan,2025-04-13,684450.0,1620750.0,0.35106358,32.74134,225,1
atitlan,2025-04-13,684750.0,1620750.0,0.28642976,28.148378,225,1
atitlan,2025-04-13,685050.0,1620750.0,0.40259817,38.459774,225,1
atitlan,2025-04-13,685350.0,1620750.0,0.37879524,31.643034,225,1
atitlan,2025-04-13,685650.0,1620750.0,0.3765989,31.011162,225,1
atitlan,2025-04-13,685950.0,1620750.0,0.38634598,33.61873,225,1
atitlan,2025-04-13,686250.0,1620750.0,0.34646863,24.452316,225,1
atitlan,2025-04-13,686550.0,1620750.0,0.362931,27.856903,225,1
atitlan,2025-04-13,686850.0,1620750.0,0.3644199,28.246498,225,1
atitlan,2025-04-13,687150.0,1620750.0,0.36071315,27.415632,225,1
atitlan,2025-04-13,687450.0,1620750.0,0.36008596,27.44103,225,1
atitlan,2025-04-13,687750.0,1620750.0,0.304146,18.216705,225,1
atitlan,2025-04-13,688050.0,1620750.0,0.26083022,13.585409,225,1
atitlan,2025-04-13,688350.0,1620750.0,0.22823909,10.494219,225,0
atitlan,2025-04-13,688650.0,1620750.0,0.20727137,9.148913,225,0
atitlan,2025-04-13,688950.0,1620750.0,0.1844903,7.8014836,225,0
atitlan,2025-04-13,689250.0,1620750.0,0.16080263,7.028097,225,0
atitlan,2025-04-13,689550.0,1620750.0,0.24815851,13.002242,225,1
atitlan,2025-04-13,689850.0,1620750.0,0.19135515,8.574275,225,0
atitlan,2025-04-13,690150.0,1620750.0,-0.0074407337,3.672886,225,0
atitlan,2025-04-13,690450.0,1620750.0,-0.022837505,3.296881,225,0
atitlan,2025-04-13,690750.0,1620750.0,0.10818666,7.0766406,225,0
atitlan,2025-04-13,691050.0,1620750.0,0.108683296,5.817027,225,0
atitlan,2025-04-13,691350.0,1620750.0,0.16268766,7.7998543,225,0
atitlan,2025-04-13,691650.0,1620750.0,0.20119756,8.988861,225,0
atitlan,2025-04-13,691950.0,1620750.0,0.21426886,10.258986,225,0
atitlan,2025-04-13,692250.0,1620750.0,0.23281816,11.070375,225,0
atitlan,2025-04-13,692550.0,1620750.0,0.1920903,9.054801,225,0
atitlan,2025-04-13,692850.0,1620750.0,0.15654394,8.041883,225,0
atitlan,2025-04-13,693150.0,1620750.0,0.14646336,7.209556,225,0
atitlan,2025-04-13,693450.0,1620750.0,0.22259538,12.028698,225,1
atitlan,2025-04-13,693750.0,1620750.0,0.21614712,11.016607,225,0
atitlan,2025-04-13,694050.0,1620750.0,0.21389869,9.671865,225,0
atitlan,2025-04-13,694350.0,1620750.0,0.21192512,9.813598,225,0
atitlan,2025-04-13,694650.0,1620750.0,0.23989312,12.416375,225,1
atitlan,2025-04-13,694950.0,1620750.0,0.21847273,11.538067,225,0
atitlan,2025-04-13,695250.0,1620750.0,0.24185567,12.801615,225,1
atitlan,2025-04-13,695550.0,1620750.0,0.19830228,9.461655,225,0
atitlan,2025-04-13,695850.0,1620750.0,0.21064442,10.363901,225,0
atitlan,2025-04-13,696150.0,1620750.0,0.25516596,14.15577,225,1
atitlan,2025-04-13,696450.0,1620750.0,0.24108464,15.617587,225,1
atitlan,2025-04-13,696750.0,1620750.0,0.30670944,21.057774,225,1
atitlan,2025-04-13,697050.0,1620750.0,0.2118556,12.105066,225,1
atitlan,2025-04-13,697350.0,1620750.0,0.24075723,13.864614,225,1
atitlan,2025-04-13,697650.0,1620750.0,0.3020246,18.628935,225,1
atitlan,2025-04-13,697950.0,1620750.0,0.21904717,12.706986,225,1
atitlan,2025-04-13,698250.0,1620750.0,0.23336424,12.1786175,225,1
atitlan,2025-04-13,698550.0,1620750.0,0.26534337,15.839675,225,1
atitlan,2025-04-13,698850.0,1620750.0,0.2633644,14.876355,225,1
atitlan,2025-04-13,699150.0,1620750.0,0.23914778,11.36926,225,0
atitlan,2025-04-13,699450.0,1620750.0,0.22040753,11.002515,225,0
atitlan,2025-04-13,699750.0,1620750.0,0.20664679,11.996632,225,0
atitlan,2025-04-13,700050.0,1620750.0,-0.0044334596,3.87217,225,0
atitlan,2025-04-13,700350.0,1620750.0,-0.056415778,2.2545063,225,0
atitlan,2025-04-13,700650.0,1620750.0,-0.057746205,2.1546767,225,0
atitlan,2025-04-13,700950.0,1620750.0,0.017480653,4.5044284,225,0
atitlan,2025-04-13,701250.0,1620750.0,0.1368492,7.1026893,225,0
atitlan,2025-04-13,701550.0,1620750.0,0.19252115,8.107755,225,0
atitlan,2025-04-13,701850.0,1620750.0,0.2754488,16.552345,225,1
atitlan,2025-04-13,702150.0,1620750.0,0.226175,12.318468,225,1
atitlan,2025-04-13,702450.0,1620750.0,0.19409479,11.38045,225,0
atitlan,2025-04-13,702750.0,1620750.0,0.22833255,15.247286,225,1
atitlan,2025-04-13,703050.0,1620750.0,0.26948485,18.399525,225,1
atitlan,2025-04-13,703350.0,1620750.0,0.24715394,15.311364,225,1
atitlan,2025-04-13,703650.0,1620750.0,0.3151056,22.421642,225,1
atitlan,2025-04-13,703950.0,1620750.0,0.2533121,17.743134,225,1
atitlan,2025-04-13,704250.0,1620750.0,0.24075334,15.7021675,225,1
atitlan,2025-04-13,704550.0,1620750.0,0.21845047,12.359138,225,1
atitlan,2025-04-13,704850.0,1620750.0,0.15205367,6.41685,225,0
atitlan,2025-04-13,705150.0,1620750.0,0.19216914,8.597973,225,0
atitlan,2025-04-13,705450.0,1620750.0,0.26894248,14.806712,225,1
atitlan,2025-04-13,705750.0,1620750.0,0.23893097,11.370055,225,0
atitlan,2025-04-13,706050.0,1620750.0,0.24522321,11.957262,225,0
atitlan,2025-04-13,706350.0,1620750.0,0.2557993,13.1399145,225,1
atitlan,2025-04-13,706650.0,1620750.0,0.3033236,18.748718,225,1
atitlan,2025-04-13,706950.0,1620750.0,0.314875,20.68738,225,1
atitlan,2025-04-13,707250.0,1620750.0,0.3030475,19.24279,225,1
atitlan,2025-04-13,707550.0,1620750.0,0.24266714,15.305293,225,1
atitlan,2025-04-13,707850.0,1620750.0,0.13346994,7.2732067,45,0
atitlan,2025-04-13,680250.0,1621050.0,0.38948438,35.27677,180,1
atitlan,2025-04-13,680550.0,1621050.0,0.39629692,36.46288,225,1
atitlan,2025-04-13,680850.0,1621050.0,0.4059012,39.747227,225,1
atitlan,2025-04-13,681150.0,1621050.0,0.4007905,37.453846,225,1
atitlan,2025-04-13,681450.0,1621050.0,0.41824752,42.305767,225,1
atitlan,2025-04-13,681750.0,1621050.0,0.42528155,44.249264,225,1
atitlan,2025-04-13,682050.0,1621050.0,0.3671463,37.735756,225,1
atitlan,2025-04-13,682350.0,1621050.0,0.25427583,21.608559,225,1
atitlan,2025-04-13,682650.0,1621050.0,0.281401,17.3248,225,1
atitlan,2025-04-13,682950.0,1621050.0,0.3043808,20.12418,225,1
atitlan,2025-04-13,683250.0,1621050.0,0.18835913,14.675246,225,1
atitlan,2025-04-13,683550.0,1621050.0,0.23305032,14.998749,225,1
atitlan,2025-04-13,683850.0,1621050.0,0.1494464,10.130408,225,0
atitlan,2025-04-13,684150.0,1621050.0,0.26479822,23.497887,225,1
atitlan,2025-04-13,684450.0,1621050.0,0.35892507,33.806427,225,1
atitlan,2025-04-13,684750.0,1621050.0,0.39706093,37.48111,225,1
atitlan,2025-04-13,685050.0,1621050.0,0.38984525,34.34779,225,1
atitlan,2025-04-13,685350.0,1621050.0,0.40461725,38.37334,225,1
atitlan,2025-04-13,685650.0,1621050.0,0.39206952,35.014946,225,1
atitlan,2025-04-13,685950.0,1621050.0,0.387762,33.94715,225,1
atitlan,2025-04-13,686250.0,1621050.0,0.34176534,23.764334,225,1
atitlan,2025-04-13,686550.0,1621050.0,0.39204356,35.219524,225,1
atitlan,2025-04-13,686850.0,1621050.0,0.40186793,39.018642,225,1
atitlan,2025-04-13,687150.0,1621050.0,0.3792207,33.074646,225,1
atitlan,2025-04-13,687450.0,1621050.0,0.2919481,17.078205,225,1
atitlan,2025-04-13,687750.0,1621050.0,0.24163878,11.793791,225,0
atitlan,2025-04-13,688050.0,1621050.0,0.27664226,16.675713,225,1
atitlan,2025-04-13,688350.0,1621050.0,0.21690108,9.614793,225,0
atitlan,2025-04-13,688650.0,1621050.0,0.20991524,10.214985,225,0
atitlan,2025-04-13,688950.0,1621050.0,0.16319782,6.8177285,225,0
atitlan,2025-04-13,689250.0,1621050.0,0.15278997,6.876354,225,0
atitlan,2025-04-13,689550.0,1621050.0,0.13652158,7.809935,225,0
atitlan,2025-04-13,689850.0,1621050.0,0.0076762554,4.0045094,225,0
atitlan,2025-04-13,690150.0,1621050.0,-0.057021968,2.2361243,225,0
atitlan,2025-04-13,690450.0,1621050.0,0.06842212,6.112802,225,0
atitlan,2025-04-13,690750.0,1621050.0,0.12118922,7.691376,225,0
atitlan,2025-04-13,691050.0,1621050.0,0.12995808,7.0876293,225,0
atitlan,2025-04-13,691350.0,1621050.0,0.20447639,10.827182,225,0
atitlan,2025-04-13,691650.0,1621050.0,0.16579327,8.025087,225,0
atitlan,2025-04-13,691950.0,1621050.0,0.1369199,7.0007954,225,0
atitlan,2025-04-13,692250.0,1621050.0,0.16017704,8.233673,225,0
atitlan,2025-04-13,692550.0,1621050.0,0.13493375,7.2541857,225,0
atitlan,2025-04-13,692850.0,1621050.0,0.1100857,6.554947,225,0
atitlan,2025-04-13,693150.0,1621050.0,0.13332227,7.012764,225,0
atitlan,2025-04-13,693450.0,1621050.0,0.22261675,10.289391,225,0
atitlan,2025-04-13,693750.0,1621050.0,0.22331907,10.267634,225,0
atitlan,2025-04-13,694050.0,1621050.0,0.21938987,9.989234,225,0
atitlan,2025-04-13,694350.0,1621050.0,0.23416652,11.026621,225,0
atitlan,2025-04-13,694650.0,1621050.0,0.24705434,13.345057,225,1
atitlan,2025-04-13,694950.0,1621050.0,0.18271516,8.772371,225,0
atitlan,2025-04-13,695250.0,1621050.0,0.2212248,10.707167,225,0
atitlan,2025-04-13,695550.0,1621050.0,0.20810974,10.706834,225,0
atitlan,2025-04-13,695850.0,1621050.0,0.19906786,9.926246,225,0
atitlan,2025-04-13,696150.0,1621050.0,0.22020155,11.459562,225,0
atitlan,2025-04-13,696450.0,1621050.0,0.25242358,14.019561,225,1
atitlan,2025-04-13,696750.0,1621050.0,0.2863063,17.858332,225,1
atitlan,2025-04-13,697050.0,1621050.0,0.27261454,16.023521,225,1
atitlan,2025-04-13,697350.0,1621050.0,0.27301762,15.223364,225,1
atitlan,2025-04-13,697650.0,1621050.0,0.2832808,15.916088,225,1
atitlan,2025-04-13,697950.0,1621050.0,0.21952106,11.751265,225,0
atitlan,2025-04-13,698250.0,1621050.0,0.20168453,10.012971,225,0
atitlan,2025-04-13,698550.0,1621050.0,0.20079038,10.0646,225,0
atitlan,2025-04-13,698850.0,1621050.0,0.21759427,12.254641,225,1
atitlan,2025-04-13,699150.0,1621050.0,0.11150152,7.1413856,225,0
atitlan,2025-04-13,699450.0,1621050.0,0.066060945,6.4563136,225,0
atitlan,2025-04-13,699750.0,1621050.0,0.013182447,4.562265,225,0
atitlan,2025-04-13,700050.0,1621050.0,-0.058865283,2.1454842,225,0
atitlan,2025-04-13,700350.0,1621050.0,-0.06327975,1.9163917,225,0
atitlan,2025-04-13,700650.0,1621050.0,-0.06322824,1.930961,225,0
atitlan,2025-04-13,700950.0,1621050.0,-0.061472654,1.9846056,225,0
atitlan,2025-04-13,701250.0,1621050.0,-0.05820316,2.1765337,225,0
atitlan,2025-04-13,701550.0,1621050.0,0.009507116,3.7251844,225,0
atitlan,2025-04-13,701850.0,1621050.0,0.1876299,7.8960733,225,0
atitlan,2025-04-13,702150.0,1621050.0,0.18871355,10.265187,225,0
atitlan,2025-04-13,702450.0,1621050.0,0.20714003,10.49271,225,0
atitlan,2025-04-13,702750.0,1621050.0,0.30593577,19.220217,225,1
atitlan,2025-04-13,703050.0,1621050.0,0.24824667,15.0513115,225,1
atitlan,2025-04-13,703350.0,1621050.0,0.27458408,19.79278,225,1
atitlan,2025-04-13,703650.0,1621050.0,0.2620487,17.924212,225,1
atitlan,2025-04-13,703950.0,1621050.0,0.2851267,18.550957,225,1
atitlan,2025-04-13,704250.0,1621050.0,0.30945837,22.082367,225,1
atitlan,2025-04-13,704550.0,1621050.0,0.22638626,15.164487,225,1
atitlan,2025-04-13,704850.0,1621050.0,0.14085662,6.657384,225,0
atitlan,2025-04-13,705150.0,1621050.0,0.14407536,5.9835625,225,0
atitlan,2025-04-13,705450.0,1621050.0,0.21164888,9.393408,225,0
atitlan,2025-04-13,705750.0,1621050.0,0.2062534,8.648879,225,0
atitlan,2025-04-13,706050.0,1621050.0,0.21951047,10.597617,225,0
atitlan,2025-04-13,706350.0,1621050.0,0.23649555,11.014529,225,0
atitlan,2025-04-13,706650.0,1621050.0,0.26963615,14.168,225,1
atitlan,2025-04-13,706950.0,1621050.0,0.24891393,13.813889,225,1
atitlan,2025-04-13,707250.0,1621050.0,0.18721136,9.994438,225,0
atitlan,2025-04-13,707550.0,1621050.0,0.22681095,14.156975,225,1
atitlan,2025-04-13,707850.0,1621050.0,0.18186168,13.132057,45,1
atitlan,2025-04-13,680250.0,1621350.0,0.39696923,37.211327,180,1
atitlan,2025-04-13,680550.0,1621350.0,0.3556095,31.933832,225,1
atitlan,2025-04-13,680850.0,1621350.0,0.32673135,27.083233,225,1
atitlan,2025-04-13,681150.0,1621350.0,0.38694426,34.584496,225,1
atitlan,2025-04-13,681450.0,1621350.0,0.40314728,38.231697,225,1
atitlan,2025-04-13,681750.0,1621350.0,0.3267952,29.025042,225,1
atitlan,2025-04-13,682050.0,1621350.0,0.32170084,30.437283,225,1
atitlan,2025-04-13,682350.0,1621350.0,0.28575957,26.969828,225,1
atitlan,2025-04-13,682650.0,1621350.0,0.32874295,28.916803,225,1
atitlan,2025-04-13,682950.0,1621350.0,0.32100192,20.638739,225,1
atitlan,2025-04-13,683250.0,1621350.0,0.38847867,34.47138,225,1
atitlan,2025-04-13,683550.0,1621350.0,0.34202722,24.914202,225,1
atitlan,2025-04-13,683850.0,1621350.0,0.2173395,16.335632,225,1
atitlan,2025-04-13,684150.0,1621350.0,0.29098988,24.825037,225,1
atitlan,2025-04-13,684450.0,1621350.0,0.2804208,22.885983,225,1
atitlan,2025-04-13,684750.0,1621350.0,0.38405356,33.15719,225,1
atitlan,2025-04-13,685050.0,1621350.0,0.39009282,34.99589,225,1
atitlan,2025-04-13,685350.0,1621350.0,0.3976438,36.454185,225,1
atitlan,2025-04-13,685650.0,1621350.0,0.39309514,35.60121,225,1
atitlan,2025-04-13,685950.0,1621350.0,0.38414717,33.042614,225,1
atitlan,2025-04-13,686250.0,1621350.0,0.36410028,28.374983,225,1
atitlan,2025-04-13,686550.0,1621350.0,0.39002174,34.352566,225,1
atitlan,2025-04-13,686850.0,1621350.0,0.4088403,39.994987,225,1
atitlan,2025-04-13,687150.0,1621350.0,0.36867124,29.782572,225,1
atitlan,2025-04-13,687450.0,1621350.0,0.3537347,26.470549,225,1
atitlan,2025-04-13,687750.0,1621350.0,0.34481427,24.58252,225,1
atitlan,2025-04-13,688050.0,1621350.0,0.30382484,18.3629,225,1
atitlan,2025-04-13,688350.0,1621350.0,0.2293065,10.542262,225,0
atitlan,2025-04-13,688650.0,1621350.0,0.15714851,6.657404,225,0
atitlan,2025-04-13,688950.0,1621350.0,0.16074494,6.7533784,225,0
atitlan,2025-04-13,689250.0,1621350.0,0.14593516,6.2047234,225,0
atitlan,2025-04-13,689550.0,1621350.0,0.1035054,5.7351875,225,0
atitlan,2025-04-13,689850.0,1621350.0,-0.05702518,2.2437553,225,0
atitlan,2025-04-13,690150.0,1621350.0,-0.064565815,1.8722637,225,0
atitlan,2025-04-13,690450.0,1621350.0,-0.06325959,1.9192533,225,0
atitlan,2025-04-13,690750.0,1621350.0,-0.03697472,2.7529597,225,0
atitlan,2025-04-13,691050.0,1621350.0,0.17751978,10.182424,225,0
atitlan,2025-04-13,691350.0,1621350.0,0.04542933,4.952771,225,0
atitlan,2025-04-13,691650.0,1621350.0,0.20458573,10.717673,225,0
atitlan,2025-04-13,691950.0,1621350.0,0.18314976,9.402202,225,0
atitlan,2025-04-13,692250.0,1621350.0,0.15059264,8.032187,225,0
atitlan,2025-04-13,692550.0,1621350.0,0.15591313,7.971349,225,0
atitlan,2025-04-13,692850.0,1621350.0,0.10330327,5.598886,225,0
atitlan,2025-04-13,693150.0,1621350.0,0.17331336,8.026085,225,0
atitlan,2025-04-13,693450.0,1621350.0,0.22726485,10.950849,225,0
atitlan,2025-04-13,693750.0,1621350.0,0.21872258,9.815469,225,0
atitlan,2025-04-13,694050.0,1621350.0,0.21739241,10.142879,225,0
atitlan,2025-04-13,694350.0,1621350.0,0.20423645,9.016017,225,0
atitlan,2025-04-13,694650.0,1621350.0,0.23800625,11.595984,225,0
atitlan,2025-04-13,694950.0,1621350.0,0.17178053,7.832556,225,0
atitlan,2025-04-13,695250.0,1621350.0,0.24122056,11.960912,225,0
atitlan,2025-04-13,695550.0,1621350.0,0.20510185,9.735502,225,0
atitlan,2025-04-13,695850.0,1621350.0,0.22590932,10.717938,225,0
atitlan,2025-04-13,696150.0,1621350.0,0.24519818,12.925571,225,1
atitlan,2025-04-13,696450.0,1621350.0,0.23415078,13.656401,225,1
atitlan,2025-04-13,696750.0,1621350.0,0.27823457,17.348083,225,1
atitlan,2025-04-13,697050.0,1621350.0,0.26712266,14.785934,225,1
atitlan,2025-04-13,697350.0,1621350.0,0.23904589,12.360294,225,1
atitlan,2025-04-13,697650.0,1621350.0,0.18022712,9.384938,225,0
atitlan,2025-04-13,697950.0,1621350.0,0.17473373,8.329389,225,0
atitlan,2025-04-13,698250.0,1621350.0,0.15504113,8.020198,225,0
atitlan,2025-04-13,698550.0,1621350.0,0.17726804,9.179878,225,0
atitlan,2025-04-13,698850.0,1621350.0,0.13404137,7.6742864,225,0
atitlan,2025-04-13,699150.0,1621350.0,0.005955485,3.9257145,225,0
atitlan,2025-04-13,699450.0,1621350.0,-0.05997302,2.0979686,225,0
atitlan,2025-04-13,699750.0,1621350.0,-0.062089432,1.9942852,225,0
atitlan,2025-04-13,700050.0,1621350.0,-0.06720928,1.730661,225,0
atitlan,2025-04-13,700350.0,1621350.0,-0.06701386,1.7284646,225,0
atitlan,2025-04-13,700650.0,1621350.0,-0.06540896,1.8185,225,0
atitlan,2025-04-13,700950.0,1621350.0,-0.066447236,1.7559171,225,0
atitlan,2025-04-13,701250.0,1621350.0,-0.06566342,1.7814735,225,0
atitlan,2025-04-13,701550.0,1621350.0,-0.058295876,2.1646574,225,0
atitlan,2025-04-13,701850.0,1621350.0,0.13824852,6.1771564,225,0
atitlan,2025-04-13,702150.0,1621350.0,0.17251098,7.3404684,225,0
atitlan,2025-04-13,702450.0,1621350.0,0.19037805,7.6489854,225,0
atitlan,2025-04-13,702750.0,1621350.0,0.23592786,11.164073,225,0
atitlan,2025-04-13,703050.0,1621350.0,0.24718843,11.683168,225,0
atitlan,2025-04-13,703350.0,1621350.0,0.1806423,11.663771,225,0
atitlan,2025-04-13,703650.0,1621350.0,0.20882119,14.52361,225,1
atitlan,2025-04-13,703950.0,1621350.0,0.29165804,19.528349,225,1
atitlan,2025-04-13,704250.0,1621350.0,0.25598422,17.267933,225,1
atitlan,2025-04-13,704550.0,1621350.0,0.23774368,15.241924,225,1
atitlan,2025-04-13,704850.0,1621350.0,0.15966284,7.5034137,225,0
atitlan,2025-04-13,705150.0,1621350.0,0.1745506,7.5954657,225,0
atitlan,2025-04-13,705450.0,1621350.0,0.21919869,9.925261,225,0
atitlan,2025-04-13,705750.0,1621350.0,0.23920979,11.790818,225,0
atitlan,2025-04-13,706050.0,1621350.0,0.2854016,17.401365,225,1
atitlan,2025-04-13,706350.0,1621350.0,0.2887128,17.85448,225,1
atitlan,2025-04-13,706650.0,1621350.0,0.18863772,9.812341,225,0
atitlan,2025-04-13,706950.0,1621350.0,0.13108261,7.0069537,225,0
atitlan,2025-04-13,707250.0,1621350.0,0.21262372,12.270955,225,1
atitlan,2025-04-13,707550.0,1621350.0,0.27211982,18.847641,225,1
atitlan,2025-04-13,707850.0,1621350.0,0.3073054,18.524374,45,1
atitlan,2025-04-13,680250.0,1621650.0,0.3105689,26.211452,180,1
atitlan,2025-04-13,680550.0,1621650.0,0.26895335,19.241262,225,1
atitlan,2025-04-13,680850.0,1621650.0,0.36601362,30.664907,225,1
atitlan,2025-04-13,681150.0,1621650.0,0.39683044,36.565765,225,1
atitlan,2025-04-13,681450.0,1621650.0,0.3951018,36.118378,225,1
atitlan,2025-04-13,681750.0,1621650.0,0.39018822,34.369923,225,1
atitlan,2025-04-13,682050.0,1621650.0,0.3638493,33.2832,225,1
atitlan,2025-04-13,682350.0,1621650.0,0.20956583,17.205338,225,1
atitlan,2025-04-13,682650.0,1621650.0,0.2277748,15.617169,225,1
atitlan,2025-04-13,682950.0,1621650.0,0.28524777,16.566204,225,1
atitlan,2025-04-13,683250.0,1621650.0,0.384867,33.192142,225,1
atitlan,2025-04-13,683550.0,1621650.0,0.3166813,21.350163,225,1
atitlan,2025-04-13,683850.0,1621650.0,0.24476992,18.056524,225,1
atitlan,2025-04-13,684150.0,1621650.0,0.19841486,14.956144,225,1
atitlan,2025-04-13,684450.0,1621650.0,0.22606236,18.043314,225,1
atitlan,2025-04-13,684750.0,1621650.0,0.32346624,28.021635,225,1
atitlan,2025-04-13,685050.0,1621650.0,0.37528285,33.461525,225,1
atitlan,2025-04-13,685350.0,1621650.0,0.38236454,32.28912,225,1
atitlan,2025-04-13,685650.0,1621650.0,0.38712764,34.03309,225,1
atitlan,2025-04-13,685950.0,1621650.0,0.39784586,36.30307,225,1
atitlan,2025-04-13,686250.0,1621650.0,0.40097684,37.605103,225,1
atitlan,2025-04-13,686550.0,1621650.0,0.40925178,39.526863,225,1
atitlan,2025-04-13,686850.0,1621650.0,0.41681516,41.856533,225,1
atitlan,2025-04-13,687150.0,1621650.0,0.38772386,34.61932,225,1
atitlan,2025-04-13,687450.0,1621650.0,0.35014096,25.72419,225,1
atitlan,2025-04-13,687750.0,1621650.0,0.33675498,23.863602,225,1
atitlan,2025-04-13,688050.0,1621650.0,0.30658102,19.044071,225,1
atitlan,2025-04-13,688350.0,1621650.0,0.20387721,8.941263,225,0
atitlan,2025-04-13,688650.0,1621650.0,0.14144723,6.0613832,225,0
atitlan,2025-04-13,688950.0,1621650.0,0.13596408,6.049579,225,0
atitlan,2025-04-13,689250.0,1621650.0,0.14352068,6.346157,225,0
atitlan,2025-04-13,689550.0,1621650.0,0.16180113,7.189743,225,0
atitlan,2025-04-13,689850.0,1621650.0,-0.0031273789,4.1571274,225,0
atitlan,2025-04-13,690150.0,1621650.0,-0.06643645,1.7728686,225,0
atitlan,2025-04-13,690450.0,1621650.0,-0.06653673,1.7457019,225,0
atitlan,2025-04-13,690750.0,1621650.0,-0.05861682,1.9559047,225,0
atitlan,2025-04-13,691050.0,1621650.0,-0.0064147026,4.179582,225,0
atitlan,2025-04-13,691350.0,1621650.0,-0.05427611,2.3597295,225,0
atitlan,2025-04-13,691650.0,1621650.0,0.14532986,8.704909,225,0
atitlan,2025-04-13,691950.0,1621650.0,0.20452264,9.06762,225,0
atitlan,2025-04-13,692250.0,1621650.0,0.19940124,9.139036,225,0
atitlan,2025-04-13,692550.0,1621650.0,0.20908011,9.8103485,225,0
atitlan,2025-04-13,692850.0,1621650.0,0.20157947,9.924841,225,0
atitlan,2025-04-13,693150.0,1621650.0,0.20680146,10.696058,225,0
atitlan,2025-04-13,693450.0,1621650.0,0.1926527,8.868136,225,0
atitlan,2025-04-13,693750.0,1621650.0,0.20304258,9.550331,225,0
atitlan,2025-04-13,694050.0,1621650.0,0.21168502,9.246265,225,0
atitlan,2025-04-13,694350.0,1621650.0,0.2102251,9.816306,225,0
atitlan,2025-04-13,694650.0,1621650.0,0.22567974,10.942922,225,0
atitlan,2025-04-13,694950.0,1621650.0,0.21472849,10.085141,225,0
atitlan,2025-04-13,695250.0,1621650.0,0.19446695,8.961894,225,0
atitlan,2025-04-13,695550.0,1621650.0,0.23305576,12.013042,225,1
atitlan,2025-04-13,695850.0,1621650.0,0.22295025,10.956069,225,0
atitlan,2025-04-13,696150.0,1621650.0,0.21513659,10.959882,225,0
atitlan,2025-04-13,696450.0,1621650.0,0.2271384,12.228291,225,1
atitlan,2025-04-13,696750.0,1621650.0,0.2555663,14.083026,225,1
atitlan,2025-04-13,697050.0,1621650.0,0.21087116,10.207425,225,0
atitlan,2025-04-13,697350.0,1621650.0,0.23530245,12.198628,225,1
atitlan,2025-04-13,697650.0,1621650.0,0.20577666,9.964825,225,0
atitlan,2025-04-13,697950.0,1621650.0,0.122093454,7.2893367,225,0
atitlan,2025-04-13,698250.0,1621650.0,0.19609883,12.02244,225,1
atitlan,2025-04-13,698550.0,1621650.0,0.17803611,9.714702,225,0
atitlan,2025-04-13,698850.0,1621650.0,0.14197478,8.771632,225,0
atitlan,2025-04-13,699150.0,1621650.0,-0.051013082,2.4188058,225,0
atitlan,2025-04-13,699450.0,1621650.0,-0.06616962,1.7821252,225,0
atitlan,2025-04-13,699750.0,1621650.0,-0.069392376,1.6048732,225,0
atitlan,2025-04-13,700050.0,1621650.0,-0.06873396,1.6481746,225,0
atitlan,2025-04-13,700350.0,1621650.0,-0.06937117,1.6057366,225,0
atitlan,2025-04-13,700650.0,1621650.0,-0.06864282,1.6313778,225,0
atitlan,2025-04-13,700950.0,1621650.0,-0.072626136,1.421569,225,0
atitlan,2025-04-13,701250.0,1621650.0,-0.07101831,1.4974279,225,0
atitlan,2025-04-13,701550.0,1621650.0,-0.05731344,2.0531743,225,0
atitlan,2025-04-13,701850.0,1621650.0,0.12344928,6.2712173,225,0
atitlan,2025-04-13,702150.0,1621650.0,0.150221,7.13312,225,0
atitlan,2025-04-13,702450.0,1621650.0,0.056757342,4.7631035,225,0
atitlan,2025-04-13,702750.0,1621650.0,0.08199955,6.7064,225,0
atitlan,2025-04-13,703050.0,1621650.0,0.19509996,8.469673,225,0
atitlan,2025-04-13,703350.0,1621650.0,0.19394091,10.0077915,225,0
atitlan,2025-04-13,703650.0,1621650.0,0.30029672,23.60761,225,1
atitlan,2025-04-13,703950.0,1621650.0,0.32356635,24.399101,225,1
atitlan,2025-04-13,704250.0,1621650.0,0.26297176,16.78371,225,1
atitlan,2025-04-13,704550.0,1621650.0,0.20225447,12.735422,225,1
atitlan,2025-04-13,704850.0,1621650.0,0.1608633,7.772997,225,0
atitlan,2025-04-13,705150.0,1621650.0,0.19953077,10.113467,225,0
atitlan,2025-04-13,705450.0,1621650.0,0.20659702,9.960002,225,0
atitlan,2025-04-13,705750.0,1621650.0,0.23014091,10.680419,225,0
atitlan,2025-04-13,706050.0,1621650.0,0.2771287,16.319931,225,1
atitlan,2025-04-13,706350.0,1621650.0,0.3188162,21.774843,225,1
atitlan,2025-04-13,706650.0,1621650.0,0.3221995,20.954859,225,1
atitlan,2025-04-13,706950.0,1621650.0,0.24963297,14.83081,225,1
atitlan,2025-04-13,707250.0,1621650.0,0.18861271,11.545618,225,0
atitlan,2025-04-13,707550.0,1621650.0,0.13010018,7.7379966,225,0
atitlan,2025-04-13,707850.0,1621650.0,0.18776415,12.754205,45,1
atitlan,2025-04-13,680250.0,1621950.0,0.27668643,20.397907,180,1
atitlan,2025-04-13,680550.0,1621950.0,0.36881322,32.09774,225,1
atitlan,2025-04-13,680850.0,1621950.0,0.28829345,21.356,225,1
atitlan,2025-04-13,681150.0,1621950.0,0.22975597,17.038536,225,1
atitlan,2025-04-13,681450.0,1621950.0,0.35436574,30.587957,225,1
atitlan,2025-04-13,681750.0,1621950.0,0.37226027,32.149746,225,1
atitlan,2025-04-13,682050.0,1621950.0,0.32955047,28.529545,225,1
atitlan,2025-04-13,682350.0,1621950.0,0.2230594,18.55744,225,1
atitlan,2025-04-13,682650.0,1621950.0,0.301008,20.742163,225,1
atitlan,2025-04-13,682950.0,1621950.0,0.27487436,15.738606,225,1
atitlan,2025-04-13,683250.0,1621950.0,0.37477913,32.114223,225,1
atitlan,2025-04-13,683550.0,1621950.0,0.3129151,19.629154,225,1
atitlan,2025-04-13,683850.0,1621950.0,0.3081574,23.706352,225,1
atitlan,2025-04-13,684150.0,1621950.0,0.22936103,18.37868,225,1
atitlan,2025-04-13,684450.0,1621950.0,0.2081076,15.786148,225,1
atitlan,2025-04-13,684750.0,1621950.0,0.30676532,23.815132,225,1
atitlan,2025-04-13,685050.0,1621950.0,0.3596978,28.500986,225,1
atitlan,2025-04-13,685350.0,1621950.0,0.2897146,22.450174,225,1
atitlan,2025-04-13,685650.0,1621950.0,0.36493954,31.254036,225,1
atitlan,2025-04-13,685950.0,1621950.0,0.40448722,38.18519,225,1
atitlan,2025-04-13,686250.0,1621950.0,0.40766332,39.289387,225,1
atitlan,2025-04-13,686550.0,1621950.0,0.40627897,39.250492,225,1
atitlan,2025-04-13,686850.0,1621950.0,0.41023466,40.34331,225,1
atitlan,2025-04-13,687150.0,1621950.0,0.39739588,37.404045,225,1
atitlan,2025-04-13,687450.0,1621950.0,0.3705773,30.234375,225,1
atitlan,2025-04-13,687750.0,1621950.0,0.33719358,23.965551,225,1
atitlan,2025-04-13,688050.0,1621950.0,0.28295895,15.734826,225,1
atitlan,2025-04-13,688350.0,1621950.0,0.22564329,10.339358,225,0
atitlan,2025-04-13,688650.0,1621950.0,0.17269531,6.718646,225,0
atitlan,2025-04-13,688950.0,1621950.0,0.15994611,6.5132813,225,0
atitlan,2025-04-13,689250.0,1621950.0,0.17610806,7.194599,225,0
atitlan,2025-04-13,689550.0,1621950.0,0.103299975,5.612248,225,0
atitlan,2025-04-13,689850.0,1621950.0,-0.026723174,2.8625987,225,0
atitlan,2025-04-13,690150.0,1621950.0,-0.06576743,1.8001648,225,0
atitlan,2025-04-13,690450.0,1621950.0,-0.0656071,1.8055112,225,0
atitlan,2025-04-13,690750.0,1621950.0,-0.06632815,1.7699982,225,0
atitlan,2025-04-13,691050.0,1621950.0,-0.063959524,1.8898814,225,0
atitlan,2025-04-13,691350.0,1621950.0,-0.05546863,2.2018776,225,0
atitlan,2025-04-13,691650.0,1621950.0,0.056673136,6.4888573,225,0
atitlan,2025-04-13,691950.0,1621950.0,0.039827783,5.175837,225,0
atitlan,2025-04-13,692250.0,1621950.0,0.11620582,9.422875,225,0
atitlan,2025-04-13,692550.0,1621950.0,0.2230671,12.578715,225,1
atitlan,2025-04-13,692850.0,1621950.0,0.05368409,5.5528154,225,0
atitlan,2025-04-13,693150.0,1621950.0,0.117078975,8.327655,225,0
atitlan,2025-04-13,693450.0,1621950.0,0.22470093,11.634854,225,0
atitlan,2025-04-13,693750.0,1621950.0,0.1564912,7.9069915,225,0
atitlan,2025-04-13,694050.0,1621950.0,0.23682019,11.975363,225,0
atitlan,2025-04-13,694350.0,1621950.0,0.22031586,9.883365,225,0
atitlan,2025-04-13,694650.0,1621950.0,0.19859982,8.755308,225,0
atitlan,2025-04-13,694950.0,1621950.0,0.21181856,9.930656,225,0
atitlan,2025-04-13,695250.0,1621950.0,0.2553792,13.231553,225,1
atitlan,2025-04-13,695550.0,1621950.0,0.23288655,11.235683,225,0
atitlan,2025-04-13,695850.0,1621950.0,0.24191296,12.531573,225,1
atitlan,2025-04-13,696150.0,1621950.0,0.19782071,9.441766,225,0
atitlan,2025-04-13,696450.0,1621950.0,0.12493394,6.2733617,225,0
atitlan,2025-04-13,696750.0,1621950.0,0.21534298,10.735004,225,0
atitlan,2025-04-13,697050.0,1621950.0,0.22115085,9.965317,225,0
atitlan,2025-04-13,697350.0,1621950.0,0.18850501,8.614255,225,0
atitlan,2025-04-13,697650.0,1621950.0,0.15513688,7.900209,225,0
atitlan,2025-04-13,697950.0,1621950.0,0.17945395,10.1635895,225,0
atitlan,2025-04-13,698250.0,1621950.0,0.14702816,9.310372,225,0
atitlan,2025-04-13,698550.0,1621950.0,-0.008929728,3.8358486,225,0
atitlan,2025-04-13,698850.0,1621950.0,0.21935809,11.552269,225,0
atitlan,2025-04-13,699150.0,1621950.0,0.06944394,5.801663,225,0
atitlan,2025-04-13,699450.0,1621950.0,-0.06909061,1.6059259,225,0
atitlan,2025-04-13,699750.0,1621950.0,-0.07460172,1.3049451,225,0
atitlan,2025-04-13,700050.0,1621950.0,-0.07459523,1.3075032,225,0
atitlan,2025-04-13,700350.0,1621950.0,-0.07469157,1.3041884,225,0
atitlan,2025-04-13,700650.0,1621950.0,-0.0743006,1.317979,225,0
atitlan,2025-04-13,700950.0,1621950.0,-0.07517416,1.2699405,225,0
atitlan,2025-04-13,701250.0,1621950.0,-0.075398006,1.2576059,225,0
atitlan,2025-04-13,701550.0,1621950.0,-0.070840955,1.5052432,225,0
atitlan,2025-04-13,701850.0,1621950.0,-0.067486204,1.7043731,225,0
atitlan,2025-04-13,702150.0,1621950.0,-0.06174999,2.0045094,225,0
atitlan,2025-04-13,702450.0,1621950.0,-0.059167948,2.129972,225,0
atitlan,2025-04-13,702750.0,1621950.0,-0.010442936,3.7022326,225,0
atitlan,2025-04-13,703050.0,1621950.0,0.18980555,8.440344,225,0
atitlan,2025-04-13,703350.0,1621950.0,0.22725846,9.974994,225,0
atitlan,2025-04-13,703650.0,1621950.0,0.14718443,10.808761,225,0
atitlan,2025-04-13,703950.0,1621950.0,0.16556452,11.014492,225,0
atitlan,2025-04-13,704250.0,1621950.0,0.27286202,17.965363,225,1
atitlan,2025-04-13,704550.0,1621950.0,0.21520415,12.754586,225,1
atitlan,2025-04-13,704850.0,1621950.0,0.16091017,8.725528,225,0
atitlan,2025-04-13,705150.0,1621950.0,0.14654352,6.452797,225,0
atitlan,2025-04-13,705450.0,1621950.0,0.15341282,7.5686064,225,0
atitlan,2025-04-13,705750.0,1621950.0,0.20836303,9.358856,225,0
atitlan,2025-04-13,706050.0,1621950.0,0.26634917,14.150835,225,1
atitlan,2025-04-13,706350.0,1621950.0,0.32470703,21.774683,225,1
atitlan,2025-04-13,706650.0,1621950.0,0.31670144,20.87088,225,1
atitlan,2025-04-13,706950.0,1621950.0,0.30324903,18.255154,225,1
atitlan,2025-04-13,707250.0,1621950.0,0.25679243,15.890008,225,1
atitlan,2025-04-13,707550.0,1621950.0,0.20181733,12.789368,225,1
atitlan,2025-04-13,707850.0,1621950.0,0.29464668,22.098242,45,1
atitlan,2025-04-13,680250.0,1622250.0,0.3302177,25.463274,180,1
atitlan,2025-04-13,680550.0,1622250.0,0.27084014,19.764084,225,1
atitlan,2025-04-13,680850.0,1622250.0,0.18304181,10.927001,225,0
atitlan,2025-04-13,681150.0,1622250.0,0.11656496,7.630481,225,0
atitlan,2025-04-13,681450.0,1622250.0,0.2977794,23.222973,225,1
atitlan,2025-04-13,681750.0,1622250.0,0.3634695,31.044628,225,1
atitlan,2025-04-13,682050.0,1622250.0,0.36484322,33.23095,225,1
atitlan,2025-04-13,682350.0,1622250.0,0.24450359,20.164871,225,1
atitlan,2025-04-13,682650.0,1622250.0,0.27552015,15.942058,225,1
atitlan,2025-04-13,682950.0,1622250.0,0.27443135,16.521482,225,1
atitlan,2025-04-13,683250.0,1622250.0,0.3347373,23.667738,225,1
atitlan,2025-04-13,683550.0,1622250.0,0.35177293,25.843893,225,1
atitlan,2025-04-13,683850.0,1622250.0,0.328249,26.122728,225,1
atitlan,2025-04-13,684150.0,1622250.0,0.28573585,22.190619,225,1
atitlan,2025-04-13,684450.0,1622250.0,0.2500885,20.848124,225,1
atitlan,2025-04-13,684750.0,1622250.0,0.303203,23.126791,225,1
atitlan,2025-04-13,685050.0,1622250.0,0.34328887,27.721802,225,1
atitlan,2025-04-13,685350.0,1622250.0,0.373214,30.174038,225,1
atitlan,2025-04-13,685650.0,1622250.0,0.38189426,32.873466,225,1
atitlan,2025-04-13,685950.0,1622250.0,0.3853244,33.37561,225,1
atitlan,2025-04-13,686250.0,1622250.0,0.38883325,33.991123,225,1
atitlan,2025-04-13,686550.0,1622250.0,0.40758166,38.884365,225,1
atitlan,2025-04-13,686850.0,1622250.0,0.38547006,33.3033,225,1
atitlan,2025-04-13,687150.0,1622250.0,0.37720963,32.165604,225,1
atitlan,2025-04-13,687450.0,1622250.0,0.32097694,21.152016,225,1
atitlan,2025-04-13,687750.0,1622250.0,0.30181623,19.926317,225,1
atitlan,2025-04-13,688050.0,1622250.0,0.2446202,12.191315,225,1
atitlan,2025-04-13,688350.0,1622250.0,0.23485897,11.330472,225,0
atitlan,2025-04-13,688650.0,1622250.0,0.17004727,7.184106,225,0
atitlan,2025-04-13,688950.0,1622250.0,0.1555589,6.269924,225,0
atitlan,2025-04-13,689250.0,1622250.0,0.14409839,5.841215,225,0
atitlan,2025-04-13,689550.0,1622250.0,-0.010769298,3.2698483,225,0
atitlan,2025-04-13,689850.0,1622250.0,-0.06115613,2.0435965,225,0
atitlan,2025-04-13,690150.0,1622250.0,-0.067976765,1.6835448,225,0
atitlan,2025-04-13,690450.0,1622250.0,-0.06880059,1.6378995,225,0
atitlan,2025-04-13,690750.0,1622250.0,-0.07015832,1.562613,225,0
atitlan,2025-04-13,691050.0,1622250.0,-0.07206582,1.4571604,225,0
atitlan,2025-04-13,691350.0,1622250.0,-0.069664374,1.5877479,225,0
atitlan,2025-04-13,691650.0,1622250.0,-0.06487727,1.8440228,225,0
atitlan,2025-04-13,691950.0,1622250.0,-0.060787056,2.0378795,225,0
atitlan,2025-04-13,692250.0,1622250.0,0.00014415118,3.8909318,225,0
atitlan,2025-04-13,692550.0,1622250.0,0.020183912,4.384064,225,0
atitlan,2025-04-13,692850.0,1622250.0,0.06485796,6.2661185,225,0
atitlan,2025-04-13,693150.0,1622250.0,-0.00031478214,3.6478686,225,0
atitlan,2025-04-13,693450.0,1622250.0,-0.017233776,3.3317652,225,0
atitlan,2025-04-13,693750.0,1622250.0,-0.031311553,3.0428538,225,0
atitlan,2025-04-13,694050.0,1622250.0,0.21580444,12.839472,225,1
atitlan,2025-04-13,694350.0,1622250.0,0.21450606,9.291769,225,0
atitlan,2025-04-13,694650.0,1622250.0,0.20858596,9.000838,225,0
atitlan,2025-04-13,694950.0,1622250.0,0.21384057,10.059209,225,0
atitlan,2025-04-13,695250.0,1622250.0,0.24071532,11.906394,225,0
atitlan,2025-04-13,695550.0,1622250.0,0.20746395,9.528562,225,0
atitlan,2025-04-13,695850.0,1622250.0,0.2579693,14.057008,225,1
atitlan,2025-04-13,696150.0,1622250.0,0.21468998,10.263752,225,0
atitlan,2025-04-13,696450.0,1622250.0,0.21552433,10.703314,225,0
atitlan,2025-04-13,696750.0,1622250.0,0.15986925,7.9027843,225,0
atitlan,2025-04-13,697050.0,1622250.0,0.17773204,7.9367523,225,0
atitlan,2025-04-13,697350.0,1622250.0,0.16023044,7.4540696,225,0
atitlan,2025-04-13,697650.0,1622250.0,0.11579127,6.807841,225,0
atitlan,2025-04-13,697950.0,1622250.0,0.10208032,7.6388583,225,0
atitlan,2025-04-13,698250.0,1622250.0,-0.007758002,3.8150768,225,0
atitlan,2025-04-13,698550.0,1622250.0,-0.06232053,1.9370404,225,0
atitlan,2025-04-13,698850.0,1622250.0,0.09857332,7.8641896,225,0
atitlan,2025-04-13,699150.0,1622250.0,-0.051405832,2.227869,225,0
atitlan,2025-04-13,699450.0,1622250.0,-0.07304833,1.3946582,225,0
atitlan,2025-04-13,699750.0,1622250.0,-0.07646919,1.1937568,225,0
atitlan,2025-04-13,700050.0,1622250.0,-0.07408618,1.3352424,225,0
atitlan,2025-04-13,700350.0,1622250.0,-0.074913144,1.2816693,225,0
atitlan,2025-04-13,700650.0,1622250.0,-0.074735686,1.2934964,225,0
atitlan,2025-04-13,700950.0,1622250.0,-0.07373656,1.3561667,225,0
atitlan,2025-04-13,701250.0,1622250.0,-0.07264703,1.418953,225,0
atitlan,2025-04-13,701550.0,1622250.0,-0.069295935,1.6103562,225,0
atitlan,2025-04-13,701850.0,1622250.0,-0.06897793,1.6176254,225,0
atitlan,2025-04-13,702150.0,1622250.0,-0.065753914,1.7916157,225,0
atitlan,2025-04-13,702450.0,1622250.0,-0.059951954,2.0971918,225,0
atitlan,2025-04-13,702750.0,1622250.0,-0.020874633,3.187357,225,0
atitlan,2025-04-13,703050.0,1622250.0,0.15841568,6.575065,225,0
atitlan,2025-04-13,703350.0,1622250.0,0.22408599,10.416048,225,0
atitlan,2025-04-13,703650.0,1622250.0,0.19975959,11.567053,225,0
atitlan,2025-04-13,703950.0,1622250.0,0.18163267,12.118141,225,1
atitlan,2025-04-13,704250.0,1622250.0,0.2942717,20.182705,225,1
atitlan,2025-04-13,704550.0,1622250.0,0.26343971,17.183504,225,1
atitlan,2025-04-13,704850.0,1622250.0,0.15816043,9.463935,225,0
atitlan,2025-04-13,705150.0,1622250.0,0.14484605,7.089888,225,0
atitlan,2025-04-13,705450.0,1622250.0,0.12448884,6.189966,225,0
atitlan,2025-04-13,705750.0,1622250.0,0.18301326,8.733181,225,0
atitlan,2025-04-13,706050.0,1622250.0,0.21318483,10.312864,225,0
atitlan,2025-04-13,706350.0,1622250.0,0.26203534,15.244169,225,1
atitlan,2025-04-13,706650.0,1622250.0,0.24263959,12.637327,225,1
atitlan,2025-04-13,706950.0,1622250.0,0.2920635,18.737347,225,1
atitlan,2025-04-13,707250.0,1622250.0,0.31216595,20.25581,225,1
atitlan,2025-04-13,707550.0,1622250.0,0.29144228,18.955591,225,1
atitlan,2025-04-13,707850.0,1622250.0,0.25204903,14.8271,45,1
atitlan,2025-04-13,680250.0,1622550.0,0.32603607,24.981226,180,1
atitlan,2025-04-13,680550.0,1622550.0,0.2913162,21.350843,225,1
atitlan,2025-04-13,680850.0,1622550.0,0.21427967,14.987323,225,1
atitlan,2025-04-13,681150.0,1622550.0,0.12615815,8.682635,225,0
atitlan,2025-04-13,681450.0,1622550.0,0.28347915,20.34337,225,1
atitlan,2025-04-13,681750.0,1622550.0,0.34730244,29.639133,225,1
atitlan,2025-04-13,682050.0,1622550.0,0.33883908,29.252535,225,1
atitlan,2025-04-13,682350.0,1622550.0,0.33315766,29.250412,225,1
atitlan,2025-04-13,682650.0,1622550.0,0.2662956,14.609997,225,1
atitlan,2025-04-13,682950.0,1622550.0,0.26931643,15.517627,225,1
atitlan,2025-04-13,683250.0,1622550.0,0.33915102,25.006884,225,1
atitlan,2025-04-13,683550.0,1622550.0,0.33984295,24.830404,225,1
atitlan,2025-04-13,683850.0,1622550.0,0.26276192,16.794489,225,1
atitlan,2025-04-13,684150.0,1622550.0,0.3084404,25.072947,225,1
atitlan,2025-04-13,684450.0,1622550.0,0.22520015,15.494226,225,1
atitlan,2025-04-13,684750.0,1622550.0,0.2891094,22.31192,225,1
atitlan,2025-04-13,685050.0,1622550.0,0.36066508,28.843828,225,1
atitlan,2025-04-13,685350.0,1622550.0,0.3408151,24.998295,225,1
atitlan,2025-04-13,685650.0,1622550.0,0.3322032,26.524387,225,1
atitlan,2025-04-13,685950.0,1622550.0,0.38366798,32.708424,225,1
atitlan,2025-04-13,686250.0,1622550.0,0.37271294,29.894648,225,1
atitlan,2025-04-13,686550.0,1622550.0,0.3848165,32.846394,225,1
atitlan,2025-04-13,686850.0,1622550.0,0.38288197,33.083694,225,1
atitlan,2025-04-13,687150.0,1622550.0,0.365856,29.457182,225,1
atitlan,2025-04-13,687450.0,1622550.0,0.25955096,14.635748,225,1
atitlan,2025-04-13,687750.0,1622550.0,0.2526787,14.2965,225,1
atitlan,2025-04-13,688050.0,1622550.0,0.23870164,11.942321,225,0
atitlan,2025-04-13,688350.0,1622550.0,0.18614863,7.8938804,225,0
atitlan,2025-04-13,688650.0,1622550.0,0.20514211,8.700753,225,0
atitlan,2025-04-13,688950.0,1622550.0,0.16693972,6.672168,225,0
atitlan,2025-04-13,689250.0,1622550.0,0.119784094,5.9202194,225,0
atitlan,2025-04-13,689550.0,1622550.0,-0.057145484,2.204911,225,0
atitlan,2025-04-13,689850.0,1622550.0,-0.066349514,1.7777426,225,0
atitlan,2025-04-13,690150.0,1622550.0,-0.06673587,1.7506273,225,0
atitlan,2025-04-13,690450.0,1622550.0,-0.0686171,1.6466944,225,0
atitlan,2025-04-13,690750.0,1622550.0,-0.06958398,1.594503,225,0
atitlan,2025-04-13,691050.0,1622550.0,-0.06872569,1.6409603,225,0
atitlan,2025-04-13,691350.0,1622550.0,-0.06968151,1.5907189,225,0
atitlan,2025-04-13,691650.0,1622550.0,-0.06654875,1.7552398,225,0
atitlan,2025-04-13,691950.0,1622550.0,-0.065990806,1.7849145,225,0
atitlan,2025-04-13,692250.0,1622550.0,-0.06534231,1.8234062,225,0
atitlan,2025-04-13,692550.0,1622550.0,-0.065583415,1.8104495,225,0
atitlan,2025-04-13,692850.0,1622550.0,-0.064031504,1.8821961,225,0
atitlan,2025-04-13,693150.0,1622550.0,-0.06608915,1.7651833,225,0
atitlan,2025-04-13,693450.0,1622550.0,-0.0626086,1.9174358,225,0
atitlan,2025-04-13,693750.0,1622550.0,-0.0575709,2.1897714,225,0
atitlan,2025-04-13,694050.0,1622550.0,0.19372101,11.05808,225,0
atitlan,2025-04-13,694350.0,1622550.0,0.2172492,9.200489,225,0
atitlan,2025-04-13,694650.0,1622550.0,0.23445709,10.912407,225,0
atitlan,2025-04-13,694950.0,1622550.0,0.20802703,9.784684,225,0
atitlan,2025-04-13,695250.0,1622550.0,0.21850502,10.309587,225,0
atitlan,2025-04-13,695550.0,1622550.0,0.19043963,8.683508,225,0
atitlan,2025-04-13,695850.0,1622550.0,0.22133823,10.326628,225,0
atitlan,2025-04-13,696150.0,1622550.0,0.2379382,10.926607,225,0
atitlan,2025-04-13,696450.0,1622550.0,0.2384281,11.046298,225,0
atitlan,2025-04-13,696750.0,1622550.0,0.22576217,10.650469,225,0
atitlan,2025-04-13,697050.0,1622550.0,0.1642189,7.90171,225,0
atitlan,2025-04-13,697350.0,1622550.0,0.13158502,7.054104,225,0
atitlan,2025-04-13,697650.0,1622550.0,0.07387403,7.5352616,225,0
atitlan,2025-04-13,697950.0,1622550.0,-0.062130127,1.9830351,225,0
atitlan,2025-04-13,698250.0,1622550.0,-0.06684433,1.7365674,225,0
atitlan,2025-04-13,698550.0,1622550.0,-0.07282985,1.4095249,225,0
atitlan,2025-04-13,698850.0,1622550.0,-0.0705293,1.5359058,225,0
atitlan,2025-04-13,699150.0,1622550.0,-0.07263934,1.417347,225,0
atitlan,2025-04-13,699450.0,1622550.0,-0.07422142,1.326352,225,0
atitlan,2025-04-13,699750.0,1622550.0,-0.07363946,1.3636386,225,0
atitlan,2025-04-13,700050.0,1622550.0,-0.07135537,1.4915161,225,0
atitlan,2025-04-13,700350.0,1622550.0,-0.0731188,1.3883852,225,0
atitlan,2025-04-13,700650.0,1622550.0,-0.07167295,1.4764042,225,0
atitlan,2025-04-13,700950.0,1622550.0,-0.071050584,1.510769,225,0
atitlan,2025-04-13,701250.0,1622550.0,-0.07153928,1.4851077,225,0
atitlan,2025-04-13,701550.0,1622550.0,-0.07046141,1.5414908,225,0
atitlan,2025-04-13,701850.0,1622550.0,-0.06761487,1.678311,225,0
atitlan,2025-04-13,702150.0,1622550.0,-0.06694875,1.7263573,225,0
atitlan,2025-04-13,702450.0,1622550.0,-0.059025805,2.129221,225,0
atitlan,2025-04-13,702750.0,1622550.0,-0.00026790844,3.4595141,225,0
atitlan,2025-04-13,703050.0,1622550.0,0.15203921,6.663559,225,0
atitlan,2025-04-13,703350.0,1622550.0,0.248127,14.700622,225,1
atitlan,2025-04-13,703650.0,1622550.0,0.25219348,14.023507,225,1
atitlan,2025-04-13,703950.0,1622550.0,0.21298505,14.82302,225,1
atitlan,2025-04-13,704250.0,1622550.0,0.27183324,19.39493,225,1
atitlan,2025-04-13,704550.0,1622550.0,0.23062712,14.969973,225,1
atitlan,2025-04-13,704850.0,1622550.0,0.12240021,7.323278,225,0
atitlan,2025-04-13,705150.0,1622550.0,0.11839198,6.0765514,225,0
atitlan,2025-04-13,705450.0,1622550.0,0.17813426,9.309342,225,0
atitlan,2025-04-13,705750.0,1622550.0,0.2046855,9.881953,225,0
atitlan,2025-04-13,706050.0,1622550.0,0.23619607,12.222803,225,1
atitlan,2025-04-13,706350.0,1622550.0,0.24752033,14.567965,225,1
atitlan,2025-04-13,706650.0,1622550.0,0.27710134,16.852669,225,1
atitlan,2025-04-13,706950.0,1622550.0,0.26997876,14.972165,225,1
atitlan,2025-04-13,707250.0,1622550.0,0.27520126,16.271576,225,1
atitlan,2025-04-13,707550.0,1622550.0,0.22869371,14.355911,225,1
atitlan,2025-04-13,707850.0,1622550.0,0.15774389,10.46177,45,0
atitlan,2025-04-13,680250.0,1622850.0,0.34011155,27.224194,180,1
atitlan,2025-04-13,680550.0,1622850.0,0.30502647,23.306667,225,1
atitlan,2025-04-13,680850.0,1622850.0,0.2584465,17.12282,225,1
atitlan,2025-04-13,681150.0,1622850.0,0.22304875,15.556259,225,1
atitlan,2025-04-13,681450.0,1622850.0,0.28070912,19.188936,225,1
atitlan,2025-04-13,681750.0,1622850.0,0.26031217,19.126797,225,1
atitlan,2025-04-13,682050.0,1622850.0,0.29572544,23.001022,225,1
atitlan,2025-04-13,682350.0,1622850.0,0.32137522,26.492167,225,1
atitlan,2025-04-13,682650.0,1622850.0,0.2655989,15.458829,225,1
atitlan,2025-04-13,682950.0,1622850.0,0.30799967,21.39086,225,1
atitlan,2025-04-13,683250.0,1622850.0,0.34497258,25.682865,225,1
atitlan,2025-04-13,683550.0,1622850.0,0.31594878,22.593983,225,1
atitlan,2025-04-13,683850.0,1622850.0,0.34901822,25.563095,225,1
atitlan,2025-04-13,684150.0,1622850.0,0.3637622,30.610601,225,1
atitlan,2025-04-13,684450.0,1622850.0,0.32080424,27.062273,225,1
atitlan,2025-04-13,684750.0,1622850.0,0.31778225,24.620106,225,1
atitlan,2025-04-13,685050.0,1622850.0,0.33810553,27.066992,225,1
atitlan,2025-04-13,685350.0,1622850.0,0.34229976,27.987694,225,1
atitlan,2025-04-13,685650.0,1622850.0,0.2617732,20.26865,225,1
atitlan,2025-04-13,685950.0,1622850.0,0.3519488,27.502586,225,1
atitlan,2025-04-13,686250.0,1622850.0,0.3792293,32.124184,225,1
atitlan,2025-04-13,686550.0,1622850.0,0.3337663,23.384125,225,1
atitlan,2025-04-13,686850.0,1622850.0,0.2910611,17.883892,225,1
atitlan,2025-04-13,687150.0,1622850.0,0.3107733,19.298037,225,1
atitlan,2025-04-13,687450.0,1622850.0,0.2576181,14.712773,225,1
atitlan,2025-04-13,687750.0,1622850.0,0.20649327,9.986553,225,0
atitlan,2025-04-13,688050.0,1622850.0,0.19825454,8.66977,225,0
atitlan,2025-04-13,688350.0,1622850.0,0.18032804,8.398512,225,0
atitlan,2025-04-13,688650.0,1622850.0,0.20131083,8.189263,225,0
atitlan,2025-04-13,688950.0,1622850.0,0.20797154,8.434133,225,0
atitlan,2025-04-13,689250.0,1622850.0,0.12047196,6.1983647,225,0
atitlan,2025-04-13,689550.0,1622850.0,-0.058856916,2.1467698,225,0
atitlan,2025-04-13,689850.0,1622850.0,-0.06591323,1.7964691,225,0
atitlan,2025-04-13,690150.0,1622850.0,-0.0687184,1.645979,225,0
atitlan,2025-04-13,690450.0,1622850.0,-0.07041172,1.5435379,225,0
atitlan,2025-04-13,690750.0,1622850.0,-0.07305571,1.4012984,225,0
atitlan,2025-04-13,691050.0,1622850.0,-0.07457449,1.3099155,225,0
atitlan,2025-04-13,691350.0,1622850.0,-0.07515355,1.2805866,225,0
atitlan,2025-04-13,691650.0,1622850.0,-0.07399103,1.348914,225,0
atitlan,2025-04-13,691950.0,1622850.0,-0.07165546,1.4726044,225,0
atitlan,2025-04-13,692250.0,1622850.0,-0.07087819,1.5229614,225,0
atitlan,2025-04-13,692550.0,1622850.0,-0.0696657,1.5881338,225,0
atitlan,2025-04-13,692850.0,1622850.0,-0.068815514,1.6247253,225,0
atitlan,2025-04-13,693150.0,1622850.0,-0.067621134,1.695449,225,0
atitlan,2025-04-13,693450.0,1622850.0,-0.0655841,1.8046597,225,0
atitlan,2025-04-13,693750.0,1622850.0,-0.06445653,1.856859,225,0
atitlan,2025-04-13,694050.0,1622850.0,0.047194168,6.9332676,225,0
atitlan,2025-04-13,694350.0,1622850.0,0.13060938,9.038932,225,0
atitlan,2025-04-13,694650.0,1622850.0,0.18045045,10.938885,225,0
atitlan,2025-04-13,694950.0,1622850.0,0.1012993,7.585387,225,0
atitlan,2025-04-13,695250.0,1622850.0,0.18634148,10.072377,225,0
atitlan,2025-04-13,695550.0,1622850.0,0.20258553,10.015106,225,0
atitlan,2025-04-13,695850.0,1622850.0,0.14667344,8.0289,225,0
atitlan,2025-04-13,696150.0,1622850.0,0.18549436,9.547531,225,0
atitlan,2025-04-13,696450.0,1622850.0,0.14555511,8.591111,225,0
atitlan,2025-04-13,696750.0,1622850.0,0.17380017,9.09358,225,0
atitlan,2025-04-13,697050.0,1622850.0,0.16671482,8.390406,225,0
atitlan,2025-04-13,697350.0,1622850.0,0.115306325,6.767672,225,0
atitlan,2025-04-13,697650.0,1622850.0,0.09932022,7.9696794,225,0
atitlan,2025-04-13,697950.0,1622850.0,-0.06477739,1.84361,225,0
atitlan,2025-04-13,698250.0,1622850.0,-0.06991348,1.571651,225,0
atitlan,2025-04-13,698550.0,1622850.0,-0.072785966,1.4139066,225,0
atitlan,2025-04-13,698850.0,1622850.0,-0.07281492,1.4065716,225,0
atitlan,2025-04-13,699150.0,1622850.0,-0.07230661,1.4421386,225,0
atitlan,2025-04-13,699450.0,1622850.0,-0.072883464,1.4041238,225,0
atitlan,2025-04-13,699750.0,1622850.0,-0.07282123,1.4097803,225,0
atitlan,2025-04-13,700050.0,1622850.0,-0.07224457,1.4440519,225,0
atitlan,2025-04-13,700350.0,1622850.0,-0.07357231,1.3685882,225,0
atitlan,2025-04-13,700650.0,1622850.0,-0.07138974,1.4942049,225,0
atitlan,2025-04-13,700950.0,1622850.0,-0.07071678,1.5269607,225,0
atitlan,2025-04-13,701250.0,1622850.0,-0.06953942,1.597153,225,0
atitlan,2025-04-13,701550.0,1622850.0,-0.07003676,1.567854,225,0
atitlan,2025-04-13,701850.0,1622850.0,-0.06803139,1.6581548,225,0
atitlan,2025-04-13,702150.0,1622850.0,-0.06520128,1.8330168,225,0
atitlan,2025-04-13,702450.0,1622850.0,-0.05688098,2.2348218,225,0
atitlan,2025-04-13,702750.0,1622850.0,0.043198362,4.491613,225,0
atitlan,2025-04-13,703050.0,1622850.0,0.17874873,8.176352,225,0
atitlan,2025-04-13,703350.0,1622850.0,0.22404484,10.42971,225,0
atitlan,2025-04-13,703650.0,1622850.0,0.27898976,15.181245,225,1
atitlan,2025-04-13,703950.0,1622850.0,0.1999791,10.40428,225,0
atitlan,2025-04-13,704250.0,1622850.0,0.20352423,13.459736,225,1
atitlan,2025-04-13,704550.0,1622850.0,0.17607056,11.33326,225,0
atitlan,2025-04-13,704850.0,1622850.0,0.15123267,8.323331,225,0
atitlan,2025-04-13,705150.0,1622850.0,0.16974649,10.161485,225,0
atitlan,2025-04-13,705450.0,1622850.0,0.18400323,8.660613,225,0
atitlan,2025-04-13,705750.0,1622850.0,0.18709049,9.099364,225,0
atitlan,2025-04-13,706050.0,1622850.0,0.24731089,14.552696,225,1
atitlan,2025-04-13,706350.0,1622850.0,0.26020253,17.190142,225,1
atitlan,2025-04-13,706650.0,1622850.0,0.27914792,17.877762,225,1
atitlan,2025-04-13,706950.0,1622850.0,0.25607392,14.140413,225,1
atitlan,2025-04-13,707250.0,1622850.0,0.18016374,10.469987,225,0
atitlan,2025-04-13,707550.0,1622850.0,0.2196659,12.96226,225,1
atitlan,2025-04-13,707850.0,1622850.0,0.11386349,7.454729,45,0
atitlan,2025-04-13,680250.0,1623150.0,0.30937293,21.399887,180,1
atitlan,2025-04-13,680550.0,1623150.0,0.28635997,17.910635,225,1
atitlan,2025-04-13,680850.0,1623150.0,0.29589102,21.150782,225,1
atitlan,2025-04-13,681150.0,1623150.0,0.3064807,22.363678,225,1
atitlan,2025-04-13,681450.0,1623150.0,0.17721382,11.260174,225,0
atitlan,2025-04-13,681750.0,1623150.0,0.21848376,14.586801,225,1
atitlan,2025-04-13,682050.0,1623150.0,0.26307246,19.570093,225,1
atitlan,2025-04-13,682350.0,1623150.0,0.268346,17.713089,225,1
atitlan,2025-04-13,682650.0,1623150.0,0.26707518,15.192748,225,1
atitlan,2025-04-13,682950.0,1623150.0,0.3202301,22.340225,225,1
atitlan,2025-04-13,683250.0,1623150.0,0.32225156,22.911505,225,1
atitlan,2025-04-13,683550.0,1623150.0,0.33230045,23.47898,225,1
atitlan,2025-04-13,683850.0,1623150.0,0.337743,24.219236,225,1
atitlan,2025-04-13,684150.0,1623150.0,0.35967827,29.990223,225,1
atitlan,2025-04-13,684450.0,1623150.0,0.34683058,25.870117,225,1
atitlan,2025-04-13,684750.0,1623150.0,0.3251419,25.137589,225,1
atitlan,2025-04-13,685050.0,1623150.0,0.33897406,26.232805,225,1
atitlan,2025-04-13,685350.0,1623150.0,0.34511957,26.81565,225,1
atitlan,2025-04-13,685650.0,1623150.0,0.33593547,27.022562,225,1
atitlan,2025-04-13,685950.0,1623150.0,0.29461703,19.810528,225,1
atitlan,2025-04-13,686250.0,1623150.0,0.34465837,26.968771,225,1
atitlan,2025-04-13,686550.0,1623150.0,0.27576387,15.864382,225,1
atitlan,2025-04-13,686850.0,1623150.0,0.24417701,13.315971,225,1
atitlan,2025-04-13,687150.0,1623150.0,0.25063688,13.112092,225,1
atitlan,2025-04-13,687450.0,1623150.0,0.22026649,11.685265,225,0
atitlan,2025-04-13,687750.0,1623150.0,0.20482832,9.424748,225,0
atitlan,2025-04-13,688050.0,1623150.0,0.20516516,10.451657,225,0
atitlan,2025-04-13,688350.0,1623150.0,0.18853919,8.980664,225,0
atitlan,2025-04-13,688650.0,1623150.0,0.19132154,8.530774,225,0
atitlan,2025-04-13,688950.0,1623150.0,0.14021525,6.9636455,225,0
atitlan,2025-04-13,689250.0,1623150.0,-0.048937988,2.401907,225,0
atitlan,2025-04-13,689550.0,1623150.0,-0.06800388,1.6843323,225,0
atitlan,2025-04-13,689850.0,1623150.0,-0.07129979,1.502466,225,0
atitlan,2025-04-13,690150.0,1623150.0,-0.071549535,1.4882803,225,0
atitlan,2025-04-13,690450.0,1623150.0,-0.07301336,1.3993915,225,0
atitlan,2025-04-13,690750.0,1623150.0,-0.071616895,1.4834833,225,0
atitlan,2025-04-13,691050.0,1623150.0,-0.0735739,1.3724742,225,0
atitlan,2025-04-13,691350.0,1623150.0,-0.07485705,1.2994117,225,0
atitlan,2025-04-13,691650.0,1623150.0,-0.074858144,1.2940466,225,0
atitlan,2025-04-13,691950.0,1623150.0,-0.07459877,1.307737,225,0
atitlan,2025-04-13,692250.0,1623150.0,-0.074094854,1.3351592,225,0
atitlan,2025-04-13,692550.0,1623150.0,-0.07471192,1.2971706,225,0
atitlan,2025-04-13,692850.0,1623150.0,-0.07427916,1.3167514,225,0
atitlan,2025-04-13,693150.0,1623150.0,-0.076403685,1.1885296,225,0
atitlan,2025-04-13,693450.0,1623150.0,-0.07549669,1.2543011,225,0
atitlan,2025-04-13,693750.0,1623150.0,-0.07532431,1.2602882,225,0
atitlan,2025-04-13,694050.0,1623150.0,-0.07165757,1.465022,225,0
atitlan,2025-04-13,694350.0,1623150.0,-0.06453979,1.8505629,225,0
atitlan,2025-04-13,694650.0,1623150.0,-0.06200067,1.9783542,225,0
atitlan,2025-04-13,694950.0,1623150.0,-0.06065746,2.0498426,225,0
atitlan,2025-04-13,695250.0,1623150.0,-0.050308958,2.3932915,225,0
atitlan,2025-04-13,695550.0,1623150.0,0.02296017,4.831692,225,0
atitlan,2025-04-13,695850.0,1623150.0,-0.041027475,2.7059326,225,0
atitlan,2025-04-13,696150.0,1623150.0,-0.026857909,2.9176621,225,0
atitlan,2025-04-13,696450.0,1623150.0,-0.031338315,3.142042,225,0
atitlan,2025-04-13,696750.0,1623150.0,0.09558452,7.14933,225,0
atitlan,2025-04-13,697050.0,1623150.0,0.13043931,8.512319,225,0
atitlan,2025-04-13,697350.0,1623150.0,0.1672078,8.98404,225,0
atitlan,2025-04-13,697650.0,1623150.0,0.029452002,4.7771897,225,0
atitlan,2025-04-13,697950.0,1623150.0,-0.06658104,1.7534075,225,0
atitlan,2025-04-13,698250.0,1623150.0,-0.07123668,1.50736,225,0
atitlan,2025-04-13,698550.0,1623150.0,-0.07437878,1.3243245,225,0
atitlan,2025-04-13,698850.0,1623150.0,-0.07305368,1.3959377,225,0
atitlan,2025-04-13,699150.0,1623150.0,-0.0727319,1.414879,225,0
atitlan,2025-04-13,699450.0,1623150.0,-0.07363666,1.36203,225,0
atitlan,2025-04-13,699750.0,1623150.0,-0.072226375,1.4412137,225,0
atitlan,2025-04-13,700050.0,1623150.0,-0.07185605,1.4681001,225,0
atitlan,2025-04-13,700350.0,1623150.0,-0.07215046,1.4527335,225,0
atitlan,2025-04-13,700650.0,1623150.0,-0.072039075,1.4505379,225,0
atitlan,2025-04-13,700950.0,1623150.0,-0.07010237,1.5660492,225,0
atitlan,2025-04-13,701250.0,1623150.0,-0.06863281,1.648552,225,0
atitlan,2025-04-13,701550.0,1623150.0,-0.070504434,1.5408186,225,0
atitlan,2025-04-13,701850.0,1623150.0,-0.06706654,1.717597,225,0
atitlan,2025-04-13,702150.0,1623150.0,-0.06381203,1.9014,225,0
atitlan,2025-04-13,702450.0,1623150.0,-0.058865536,2.1060588,225,0
atitlan,2025-04-13,702750.0,1623150.0,-0.03065057,3.0018516,225,0
atitlan,2025-04-13,703050.0,1623150.0,0.1724874,8.174649,225,0
atitlan,2025-04-13,703350.0,1623150.0,0.15853068,6.4936643,225,0
atitlan,2025-04-13,703650.0,1623150.0,0.18446395,8.129738,225,0
atitlan,2025-04-13,703950.0,1623150.0,0.17245413,8.654241,225,0
atitlan,2025-04-13,704250.0,1623150.0,0.20134011,13.146503,225,1
atitlan,2025-04-13,704550.0,1623150.0,0.18487595,12.170722,225,1
atitlan,2025-04-13,704850.0,1623150.0,0.1550455,9.294571,225,0
atitlan,2025-04-13,705150.0,1623150.0,0.16096202,9.002653,225,0
atitlan,2025-04-13,705450.0,1623150.0,0.16498718,7.744334,225,0
atitlan,2025-04-13,705750.0,1623150.0,0.19632486,9.444362,225,0
atitlan,2025-04-13,706050.0,1623150.0,0.26100537,14.315007,225,1
atitlan,2025-04-13,706350.0,1623150.0,0.25164667,14.03369,225,1
atitlan,2025-04-13,706650.0,1623150.0,0.2700425,16.22833,225,1
atitlan,2025-04-13,706950.0,1623150.0,0.30595613,18.963144,225,1
atitlan,2025-04-13,707250.0,1623150.0,0.1719685,10.283037,225,0
atitlan,2025-04-13,707550.0,1623150.0,0.19119558,10.723695,225,0
atitlan,2025-04-13,707850.0,1623150.0,0.2296873,12.492139,45,1
atitlan,2025-04-13,680250.0,1623450.0,0.3267575,23.468996,180,1
atitlan,2025-04-13,680550.0,1623450.0,0.29150474,18.663061,225,1
atitlan,2025-04-13,680850.0,1623450.0,0.29411566,18.176306,225,1
atitlan,2025-04-13,681150.0,1623450.0,0.28644717,19.142052,225,1
atitlan,2025-04-13,681450.0,1623450.0,0.24429654,17.319588,225,1
atitlan,2025-04-13,681750.0,1623450.0,0.1999854,13.0942,225,1
atitlan,2025-04-13,682050.0,1623450.0,0.21506421,14.521657,225,1
atitlan,2025-04-13,682350.0,1623450.0,0.25088522,16.561811,225,1
atitlan,2025-04-13,682650.0,1623450.0,0.25764468,13.92361,225,1
atitlan,2025-04-13,682950.0,1623450.0,0.33221754,23.581348,225,1
atitlan,2025-04-13,683250.0,1623450.0,0.34882998,26.946589,225,1
atitlan,2025-04-13,683550.0,1623450.0,0.334824,25.136047,225,1
atitlan,2025-04-13,683850.0,1623450.0,0.37270334,30.942165,225,1
atitlan,2025-04-13,684150.0,1623450.0,0.36056435,29.506783,225,1
atitlan,2025-04-13,684450.0,1623450.0,0.35214138,27.419928,225,1
atitlan,2025-04-13,684750.0,1623450.0,0.32637772,22.974228,225,1
atitlan,2025-04-13,685050.0,1623450.0,0.3183624,22.278843,225,1
atitlan,2025-04-13,685350.0,1623450.0,0.30123523,21.62673,225,1
atitlan,2025-04-13,685650.0,1623450.0,0.3328449,25.41704,225,1
atitlan,2025-04-13,685950.0,1623450.0,0.26284608,14.205141,225,1
atitlan,2025-04-13,686250.0,1623450.0,0.20933716,10.704225,225,0
atitlan,2025-04-13,686550.0,1623450.0,0.26397225,14.415128,225,1
atitlan,2025-04-13,686850.0,1623450.0,0.24631213,12.8426075,225,1
atitlan,2025-04-13,687150.0,1623450.0,0.21028477,9.673799,225,0
atitlan,2025-04-13,687450.0,1623450.0,0.22226608,10.99605,225,0
atitlan,2025-04-13,687750.0,1623450.0,0.23263486,11.290447,225,0
atitlan,2025-04-13,688050.0,1623450.0,0.18284325,8.806174,225,0
atitlan,2025-04-13,688350.0,1623450.0,0.15091309,7.9340215,225,0
atitlan,2025-04-13,688650.0,1623450.0,0.059502166,5.076584,225,0
atitlan,2025-04-13,688950.0,1623450.0,-0.037722982,2.6977298,225,0
atitlan,2025-04-13,689250.0,1623450.0,-0.06491805,1.8509966,225,0
atitlan,2025-04-13,689550.0,1623450.0,-0.069230765,1.6202697,225,0
atitlan,2025-04-13,689850.0,1623450.0,-0.07123776,1.5058111,225,0
atitlan,2025-04-13,690150.0,1623450.0,-0.07246222,1.4342644,225,0
atitlan,2025-04-13,690450.0,1623450.0,-0.07608945,1.2193917,225,0
atitlan,2025-04-13,690750.0,1623450.0,-0.074523486,1.3104427,225,0
atitlan,2025-04-13,691050.0,1623450.0,-0.0792556,1.0260421,225,0
atitlan,2025-04-13,691350.0,1623450.0,-0.08049638,0.95617056,225,0
atitlan,2025-04-13,691650.0,1623450.0,-0.08252956,0.8457232,225,0
atitlan,2025-04-13,691950.0,1623450.0,-0.0806623,0.94531924,225,0
atitlan,2025-04-13,692250.0,1623450.0,-0.079734795,1.005005,225,0
atitlan,2025-04-13,692550.0,1623450.0,-0.0789605,1.0475962,225,0
atitlan,2025-04-13,692850.0,1623450.0,-0.07694742,1.1594691,225,0
atitlan,2025-04-13,693150.0,1623450.0,-0.07558888,1.2397459,225,0
atitlan,2025-04-13,693450.0,1623450.0,-0.076623805,1.1868588,225,0
atitlan,2025-04-13,693750.0,1623450.0,-0.077172756,1.1491269,225,0
atitlan,2025-04-13,694050.0,1623450.0,-0.07704006,1.1564256,225,0
atitlan,2025-04-13,694350.0,1623450.0,-0.07368782,1.3562638,225,0
atitlan,2025-04-13,694650.0,1623450.0,-0.07126033,1.4945099,225,0
atitlan,2025-04-13,694950.0,1623450.0,-0.06701358,1.6996217,225,0
atitlan,2025-04-13,695250.0,1623450.0,-0.067451894,1.7034522,225,0
atitlan,2025-04-13,695550.0,1623450.0,-0.06598377,1.7862637,225,0
atitlan,2025-04-13,695850.0,1623450.0,-0.067197986,1.7177429,225,0
atitlan,2025-04-13,696150.0,1623450.0,-0.065653175,1.8028188,225,0
atitlan,2025-04-13,696450.0,1623450.0,-0.0659548,1.7847389,225,0
atitlan,2025-04-13,696750.0,1623450.0,-0.05341904,2.2941008,225,0
atitlan,2025-04-13,697050.0,1623450.0,-0.058741458,2.1368785,225,0
atitlan,2025-04-13,697350.0,1623450.0,-0.038190685,2.8795571,225,0
atitlan,2025-04-13,697650.0,1623450.0,-0.062639125,1.9204637,225,0
atitlan,2025-04-13,697950.0,1623450.0,-0.069855936,1.5668573,225,0
atitlan,2025-04-13,698250.0,1623450.0,-0.0742223,1.3276898,225,0
atitlan,2025-04-13,698550.0,1623450.0,-0.07657163,1.188308,225,0
atitlan,2025-04-13,698850.0,1623450.0,-0.07365292,1.3655723,225,0
atitlan,2025-04-13,699150.0,1623450.0,-0.073145136,1.3926501,225,0
atitlan,2025-04-13,699450.0,1623450.0,-0.07434279,1.3221002,225,0
atitlan,2025-04-13,699750.0,1623450.0,-0.07219674,1.4473398,225,0
atitlan,2025-04-13,700050.0,1623450.0,-0.07414203,1.3331279,225,0
atitlan,2025-04-13,700350.0,1623450.0,-0.07310096,1.3915699,225,0
atitlan,2025-04-13,700650.0,1623450.0,-0.07131314,1.4965336,225,0
atitlan,2025-04-13,700950.0,1623450.0,-0.06962996,1.5928141,225,0
atitlan,2025-04-13,701250.0,1623450.0,-0.06854167,1.6491367,225,0
atitlan,2025-04-13,701550.0,1623450.0,-0.06949064,1.5994354,225,0
atitlan,2025-04-13,701850.0,1623450.0,-0.065665826,1.784796,225,0
atitlan,2025-04-13,702150.0,1623450.0,-0.06448828,1.8648645,225,0
atitlan,2025-04-13,702450.0,1623450.0,-0.057726726,2.1988313,225,0
atitlan,2025-04-13,702750.0,1623450.0,0.09476774,5.979249,225,0
atitlan,2025-04-13,703050.0,1623450.0,0.10196189,5.2394233,225,0
atitlan,2025-04-13,703350.0,1623450.0,0.13372208,5.632596,225,0
atitlan,2025-04-13,703650.0,1623450.0,0.19243188,9.611746,225,0
atitlan,2025-04-13,703950.0,1623450.0,0.16250071,9.787819,225,0
atitlan,2025-04-13,704250.0,1623450.0,0.17787333,11.440438,225,0
atitlan,2025-04-13,704550.0,1623450.0,0.18688482,10.482073,225,0
atitlan,2025-04-13,704850.0,1623450.0,0.1853499,11.171857,225,0
atitlan,2025-04-13,705150.0,1623450.0,0.19342789,12.453418,225,1
atitlan,2025-04-13,705450.0,1623450.0,0.14328282,7.2593174,225,0
atitlan,2025-04-13,705750.0,1623450.0,0.13693973,5.7557635,225,0
atitlan,2025-04-13,706050.0,1623450.0,0.18761754,8.711678,225,0
atitlan,2025-04-13,706350.0,1623450.0,0.21093696,9.554071,225,0
atitlan,2025-04-13,706650.0,1623450.0,0.23997779,12.354447,225,1
atitlan,2025-04-13,706950.0,1623450.0,0.20810921,11.744658,225,0
atitlan,2025-04-13,707250.0,1623450.0,0.2004597,11.093973,225,0
atitlan,2025-04-13,707550.0,1623450.0,0.13382976,8.002084,225,0
atitlan,2025-04-13,707850.0,1623450.0,0.102842554,6.3108106,45,0
atitlan,2025-04-13,680250.0,1623750.0,0.34393963,27.067911,180,1
atitlan,2025-04-13,680550.0,1623750.0,0.34481597,26.275578,225,1
atitlan,2025-04-13,680850.0,1623750.0,0.34954917,27.307156,225,1
atitlan,2025-04-13,681150.0,1623750.0,0.329923,25.062502,225,1
atitlan,2025-04-13,681450.0,1623750.0,0.28873563,21.53347,225,1
atitlan,2025-04-13,681750.0,1623750.0,0.27205062,20.226458,225,1
atitlan,2025-04-13,682050.0,1623750.0,0.25130653,18.711565,225,1
atitlan,2025-04-13,682350.0,1623750.0,0.2753855,20.466862,225,1
atitlan,2025-04-13,682650.0,1623750.0,0.20081621,9.532204,225,0
atitlan,2025-04-13,682950.0,1623750.0,0.21227573,10.131774,225,0
atitlan,2025-04-13,683250.0,1623750.0,0.27831173,16.973719,225,1
atitlan,2025-04-13,683550.0,1623750.0,0.32368448,23.240932,225,1
atitlan,2025-04-13,683850.0,1623750.0,0.3304797,24.619125,225,1
atitlan,2025-04-13,684150.0,1623750.0,0.34812585,25.822454,225,1
atitlan,2025-04-13,684450.0,1623750.0,0.35629386,28.269531,225,1
atitlan,2025-04-13,684750.0,1623750.0,0.3359708,24.361065,225,1
atitlan,2025-04-13,685050.0,1623750.0,0.32046533,22.166122,225,1
atitlan,2025-04-13,685350.0,1623750.0,0.2682755,15.933198,225,1
atitlan,2025-04-13,685650.0,1623750.0,0.24175504,13.394084,225,1
atitlan,2025-04-13,685950.0,1623750.0,0.2341157,13.234533,225,1
atitlan,2025-04-13,686250.0,1623750.0,0.20409305,10.142106,225,0
atitlan,2025-04-13,686550.0,1623750.0,0.24083838,12.674963,225,1
atitlan,2025-04-13,686850.0,1623750.0,0.23418255,11.951327,225,0
atitlan,2025-04-13,687150.0,1623750.0,0.21566056,10.346112,225,0
atitlan,2025-04-13,687450.0,1623750.0,0.18792696,9.594259,225,0
atitlan,2025-04-13,687750.0,1623750.0,0.14344656,7.483984,225,0
atitlan,2025-04-13,688050.0,1623750.0,0.004332568,3.8077705,225,0
atitlan,2025-04-13,688350.0,1623750.0,-0.041941036,2.6151218,225,0
atitlan,2025-04-13,688650.0,1623750.0,-0.063941084,1.8908979,225,0
atitlan,2025-04-13,688950.0,1623750.0,-0.068512015,1.6506058,225,0
atitlan,2025-04-13,689250.0,1623750.0,-0.07144342,1.4962009,225,0
atitlan,2025-04-13,689550.0,1623750.0,-0.07488609,1.291942,225,0
atitlan,2025-04-13,689850.0,1623750.0,-0.077317305,1.1475768,225,0
atitlan,2025-04-13,690150.0,1623750.0,-0.07707856,1.157136,225,0
atitlan,2025-04-13,690450.0,1623750.0,-0.08008595,0.9712018,225,0
atitlan,2025-04-13,690750.0,1623750.0,-0.08084077,0.9310539,225,0
atitlan,2025-04-13,691050.0,1623750.0,-0.08202939,0.8740639,225,0
atitlan,2025-04-13,691350.0,1623750.0,-0.08148186,0.89120054,225,0
atitlan,2025-04-13,691650.0,1623750.0,-0.08262928,0.83122087,225,0
atitlan,2025-04-13,691950.0,1623750.0,-0.08199581,0.87052435,225,0
atitlan,2025-04-13,692250.0,1623750.0,-0.08101004,0.9200824,225,0
atitlan,2025-04-13,692550.0,1623750.0,-0.079773635,1.0020409,225,0
atitlan,2025-04-13,692850.0,1623750.0,-0.07559604,1.2337294,225,0
atitlan,2025-04-13,693150.0,1623750.0,-0.07337195,1.3713831,225,0
atitlan,2025-04-13,693450.0,1623750.0,-0.07325252,1.3844647,225,0
atitlan,2025-04-13,693750.0,1623750.0,-0.07447238,1.3095568,225,0
atitlan,2025-04-13,694050.0,1623750.0,-0.07554182,1.2475041,225,0
atitlan,2025-04-13,694350.0,1623750.0,-0.07172732,1.4681818,225,0
atitlan,2025-04-13,694650.0,1623750.0,-0.0727882,1.4104401,225,0
atitlan,2025-04-13,694950.0,1623750.0,-0.07029501,1.5538234,225,0
atitlan,2025-04-13,695250.0,1623750.0,-0.06814108,1.6730715,225,0
atitlan,2025-04-13,695550.0,1623750.0,-0.06945583,1.5984054,225,0
atitlan,2025-04-13,695850.0,1623750.0,-0.0693814,1.6024245,225,0
atitlan,2025-04-13,696150.0,1623750.0,-0.067659736,1.6931762,225,0
atitlan,2025-04-13,696450.0,1623750.0,-0.066727,1.7488747,225,0
atitlan,2025-04-13,696750.0,1623750.0,-0.06777324,1.6894984,225,0
atitlan,2025-04-13,697050.0,1623750.0,-0.06608405,1.7794291,225,0
atitlan,2025-04-13,697350.0,1623750.0,-0.06725114,1.7199961,225,0
atitlan,2025-04-13,697650.0,1623750.0,-0.06741047,1.7147567,225,0
atitlan,2025-04-13,697950.0,1623750.0,-0.071231514,1.50151,225,0
atitlan,2025-04-13,698250.0,1623750.0,-0.07413335,1.3355429,225,0
atitlan,2025-04-13,698550.0,1623750.0,-0.0732315,1.3825063,225,0
atitlan,2025-04-13,698850.0,1623750.0,-0.07336579,1.3814844,225,0
atitlan,2025-04-13,699150.0,1623750.0,-0.07363344,1.3628813,225,0
atitlan,2025-04-13,699450.0,1623750.0,-0.074775346,1.2989032,225,0
atitlan,2025-04-13,699750.0,1623750.0,-0.072515294,1.4275392,225,0
atitlan,2025-04-13,700050.0,1623750.0,-0.074406095,1.3159916,225,0
atitlan,2025-04-13,700350.0,1623750.0,-0.07328827,1.3878812,225,0
atitlan,2025-04-13,700650.0,1623750.0,-0.07075798,1.5313171,225,0
atitlan,2025-04-13,700950.0,1623750.0,-0.07066355,1.5332546,225,0
atitlan,2025-04-13,701250.0,1623750.0,-0.06909298,1.619684,225,0
atitlan,2025-04-13,701550.0,1623750.0,-0.06809162,1.6769366,225,0
atitlan,2025-04-13,701850.0,1623750.0,-0.06521927,1.7911836,225,0
atitlan,2025-04-13,702150.0,1623750.0,-0.06319128,1.933549,225,0
atitlan,2025-04-13,702450.0,1623750.0,-0.05451128,2.3489385,225,0
atitlan,2025-04-13,702750.0,1623750.0,0.10709854,5.994402,225,0
atitlan,2025-04-13,703050.0,1623750.0,0.11462071,5.345727,225,0
atitlan,2025-04-13,703350.0,1623750.0,0.17289926,7.780115,225,0
atitlan,2025-04-13,703650.0,1623750.0,0.20056619,11.038074,225,0
atitlan,2025-04-13,703950.0,1623750.0,0.105179384,6.103579,225,0
atitlan,2025-04-13,704250.0,1623750.0,0.1868785,12.585441,225,1
atitlan,2025-04-13,704550.0,1623750.0,0.16323717,9.900467,225,0
atitlan,2025-04-13,704850.0,1623750.0,0.19380684,10.980737,225,0
atitlan,2025-04-13,705150.0,1623750.0,0.20564699,11.726049,225,0
atitlan,2025-04-13,705450.0,1623750.0,0.18089713,10.74543,225,0
atitlan,2025-04-13,705750.0,1623750.0,0.16614464,8.22148,225,0
atitlan,2025-04-13,706050.0,1623750.0,0.19840746,9.816793,225,0
atitlan,2025-04-13,706350.0,1623750.0,0.18109982,8.321111,225,0
atitlan,2025-04-13,706650.0,1623750.0,0.24269423,11.789267,225,0
atitlan,2025-04-13,706950.0,1623750.0,0.17198564,9.07206,225,0
atitlan,2025-04-13,707250.0,1623750.0,0.124380216,7.281152,225,0
atitlan,2025-04-13,707550.0,1623750.0,0.2044637,10.921334,225,0
atitlan,2025-04-13,707850.0,1623750.0,0.2980075,17.13688,45,1
atitlan,2025-04-13,680250.0,1624050.0,0.35901108,29.637552,180,1
atitlan,2025-04-13,680550.0,1624050.0,0.3237884,21.719616,225,1
atitlan,2025-04-13,680850.0,1624050.0,0.28373218,18.250101,225,1
atitlan,2025-04-13,681150.0,1624050.0,0.27289754,16.740593,225,1
atitlan,2025-04-13,681450.0,1624050.0,0.3095124,21.818165,225,1
atitlan,2025-04-13,681750.0,1624050.0,0.2539042,19.114807,225,1
atitlan,2025-04-13,682050.0,1624050.0,0.33875218,28.305145,225,1
atitlan,2025-04-13,682350.0,1624050.0,0.35097134,28.52427,225,1
atitlan,2025-04-13,682650.0,1624050.0,0.20695923,12.096194,225,1
atitlan,2025-04-13,682950.0,1624050.0,0.20902832,9.092006,225,0
atitlan,2025-04-13,683250.0,1624050.0,0.22388965,11.368023,225,0
atitlan,2025-04-13,683550.0,1624050.0,0.28422093,18.03642,225,1
atitlan,2025-04-13,683850.0,1624050.0,0.32163638,22.396606,225,1
atitlan,2025-04-13,684150.0,1624050.0,0.33354747,23.968575,225,1
atitlan,2025-04-13,684450.0,1624050.0,0.31955546,21.310194,225,1
atitlan,2025-04-13,684750.0,1624050.0,0.31728023,22.048496,225,1
atitlan,2025-04-13,685050.0,1624050.0,0.31646255,23.353394,225,1
atitlan,2025-04-13,685350.0,1624050.0,0.2795609,16.41573,225,1
atitlan,2025-04-13,685650.0,1624050.0,0.23905356,12.135213,225,1
atitlan,2025-04-13,685950.0,1624050.0,0.21400909,12.027634,225,1
atitlan,2025-04-13,686250.0,1624050.0,0.17991154,8.681856,225,0
atitlan,2025-04-13,686550.0,1624050.0,0.1907829,9.910714,225,0
atitlan,2025-04-13,686850.0,1624050.0,0.20809013,11.22998,225,0
atitlan,2025-04-13,687150.0,1624050.0,0.18053348,8.893237,225,0
atitlan,2025-04-13,687450.0,1624050.0,0.09691651,6.4499,225,0
atitlan,2025-04-13,687750.0,1624050.0,-0.031655107,2.935031,225,0
atitlan,2025-04-13,688050.0,1624050.0,-0.06465864,1.857749,225,0
atitlan,2025-04-13,688350.0,1624050.0,-0.07011299,1.5640998,225,0
atitlan,2025-04-13,688650.0,1624050.0,-0.07330885,1.3823545,225,0
atitlan,2025-04-13,688950.0,1624050.0,-0.07514645,1.2725519,225,0
atitlan,2025-04-13,689250.0,1624050.0,-0.0769699,1.1693156,225,0
atitlan,2025-04-13,689550.0,1624050.0,-0.07758836,1.1281132,225,0
atitlan,2025-04-13,689850.0,1624050.0,-0.078379735,1.081545,225,0
atitlan,2025-04-13,690150.0,1624050.0,-0.0788103,1.0599377,225,0
atitlan,2025-04-13,690450.0,1624050.0,-0.07991877,0.98679674,225,0
atitlan,2025-04-13,690750.0,1624050.0,-0.080465004,0.95311266,225,0
atitlan,2025-04-13,691050.0,1624050.0,-0.07910342,1.0374241,225,0
atitlan,2025-04-13,691350.0,1624050.0,-0.08031634,0.9700582,225,0
atitlan,2025-04-13,691650.0,1624050.0,-0.07847599,1.074493,225,0
atitlan,2025-04-13,691950.0,1624050.0,-0.07823644,1.0927767,225,0
atitlan,2025-04-13,692250.0,1624050.0,-0.07676882,1.1755053,225,0
atitlan,2025-04-13,692550.0,1624050.0,-0.07472814,1.2991385,225,0
atitlan,2025-04-13,692850.0,1624050.0,-0.072797,1.4042733,225,0
atitlan,2025-04-13,693150.0,1624050.0,-0.07324909,1.376643,225,0
atitlan,2025-04-13,693450.0,1624050.0,-0.07305958,1.3878175,225,0
atitlan,2025-04-13,693750.0,1624050.0,-0.07307309,1.384348,225,0
atitlan,2025-04-13,694050.0,1624050.0,-0.075527556,1.2501732,225,0
atitlan,2025-04-13,694350.0,1624050.0,-0.07267233,1.4194022,225,0
atitlan,2025-04-13,694650.0,1624050.0,-0.074035816,1.3407806,225,0
atitlan,2025-04-13,694950.0,1624050.0,-0.07216985,1.4466494,225,0
atitlan,2025-04-13,695250.0,1624050.0,-0.07108075,1.5066344,225,0
atitlan,2025-04-13,695550.0,1624050.0,-0.06960371,1.597818,225,0
atitlan,2025-04-13,695850.0,1624050.0,-0.068964675,1.627107,225,0
atitlan,2025-04-13,696150.0,1624050.0,-0.069054104,1.6221247,225,0
atitlan,2025-04-13,696450.0,1624050.0,-0.06810987,1.67294,225,0
atitlan,2025-04-13,696750.0,1624050.0,-0.069862254,1.5801995,225,0
atitlan,2025-04-13,697050.0,1624050.0,-0.06786497,1.6906109,225,0
atitlan,2025-04-13,697350.0,1624050.0,-0.069588624,1.5984868,225,0
atitlan,2025-04-13,697650.0,1624050.0,-0.07037322,1.5496955,225,0
atitlan,2025-04-13,697950.0,1624050.0,-0.0702443,1.5557684,225,0
atitlan,2025-04-13,698250.0,1624050.0,-0.072928324,1.4015348,225,0
atitlan,2025-04-13,698550.0,1624050.0,-0.071358174,1.4916161,225,0
atitlan,2025-04-13,698850.0,1624050.0,-0.07452068,1.3093599,225,0
atitlan,2025-04-13,699150.0,1624050.0,-0.074193835,1.329778,225,0
atitlan,2025-04-13,699450.0,1624050.0,-0.07489491,1.2905881,225,0
atitlan,2025-04-13,699750.0,1624050.0,-0.074712954,1.3002871,225,0
atitlan,2025-04-13,700050.0,1624050.0,-0.075854816,1.2307806,225,0
atitlan,2025-04-13,700350.0,1624050.0,-0.07363266,1.3642166,225,0
atitlan,2025-04-13,700650.0,1624050.0,-0.07059858,1.5317965,225,0
atitlan,2025-04-13,700950.0,1624050.0,-0.06959434,1.5943518,225,0
atitlan,2025-04-13,701250.0,1624050.0,-0.06847724,1.6517248,225,0
atitlan,2025-04-13,701550.0,1624050.0,-0.06981194,1.580923,225,0
atitlan,2025-04-13,701850.0,1624050.0,-0.06402807,1.868309,225,0
atitlan,2025-04-13,702150.0,1624050.0,-0.06275513,1.9547282,225,0
atitlan,2025-04-13,702450.0,1624050.0,-0.03938237,2.7479098,225,0
atitlan,2025-04-13,702750.0,1624050.0,0.11569007,5.788116,225,0
atitlan,2025-04-13,703050.0,1624050.0,0.13601579,5.8850055,225,0
atitlan,2025-04-13,703350.0,1624050.0,0.19088516,9.191475,225,0
atitlan,2025-04-13,703650.0,1624050.0,0.17457221,9.412491,225,0
atitlan,2025-04-13,703950.0,1624050.0,0.13506623,7.9869294,225,0
atitlan,2025-04-13,704250.0,1624050.0,0.1327261,6.746075,225,0
atitlan,2025-04-13,704550.0,1624050.0,0.14670607,8.868897,225,0
atitlan,2025-04-13,704850.0,1624050.0,0.18406129,10.386151,225,0
atitlan,2025-04-13,705150.0,1624050.0,0.14669275,6.8721046,225,0
atitlan,2025-04-13,705450.0,1624050.0,0.13497892,7.3223753,225,0
atitlan,2025-04-13,705750.0,1624050.0,0.14957786,8.37666,225,0
atitlan,2025-04-13,706050.0,1624050.0,0.15579762,7.7962136,225,0
atitlan,2025-04-13,706350.0,1624050.0,0.14282596,6.349021,225,0
atitlan,2025-04-13,706650.0,1624050.0,0.17500654,7.771103,225,0
atitlan,2025-04-13,706950.0,1624050.0,0.24732132,13.054527,225,1
atitlan,2025-04-13,707250.0,1624050.0,0.21200866,10.276351,225,0
atitlan,2025-04-13,707550.0,1624050.0,0.22164626,12.936469,225,1
atitlan,2025-04-13,707850.0,1624050.0,0.17666535,9.013681,45,0
atitlan,2025-04-13,680250.0,1624350.0,0.32341143,23.227835,180,1
atitlan,2025-04-13,680550.0,1624350.0,0.30302486,19.766008,225,1
atitlan,2025-04-13,680850.0,1624350.0,0.29593542,20.362064,225,1
atitlan,2025-04-13,681150.0,1624350.0,0.23691398,16.285889,225,1
atitlan,2025-04-13,681450.0,1624350.0,0.28995815,22.50498,225,1
atitlan,2025-04-13,681750.0,1624350.0,0.18162283,11.001881,225,0
atitlan,2025-04-13,682050.0,1624350.0,0.28954825,19.67698,225,1
atitlan,2025-04-13,682350.0,1624350.0,0.25690553,18.478073,225,1
atitlan,2025-04-13,682650.0,1624350.0,0.22071059,15.686018,225,1
atitlan,2025-04-13,682950.0,1624350.0,0.23840849,12.653676,225,1
atitlan,2025-04-13,683250.0,1624350.0,0.247261,13.038892,225,1
atitlan,2025-04-13,683550.0,1624350.0,0.22631745,11.296086,225,0
atitlan,2025-04-13,683850.0,1624350.0,0.29068968,17.868948,225,1
atitlan,2025-04-13,684150.0,1624350.0,0.29860738,18.753227,225,1
atitlan,2025-04-13,684450.0,1624350.0,0.31280497,20.172976,225,1
atitlan,2025-04-13,684750.0,1624350.0,0.32028803,21.247046,225,1
atitlan,2025-04-13,685050.0,1624350.0,0.28017944,16.543524,225,1
atitlan,2025-04-13,685350.0,1624350.0,0.2631057,14.014039,225,1
atitlan,2025-04-13,685650.0,1624350.0,0.17700729,9.383167,225,0
atitlan,2025-04-13,685950.0,1624350.0,0.2122451,12.88959,225,1
atitlan,2025-04-13,686250.0,1624350.0,0.18862388,8.975937,225,0
atitlan,2025-04-13,686550.0,1624350.0,0.16261218,8.119477,225,0
atitlan,2025-04-13,686850.0,1624350.0,0.1354441,7.3633113,225,0
atitlan,2025-04-13,687150.0,1624350.0,0.067743376,5.1477513,225,0
atitlan,2025-04-13,687450.0,1624350.0,-0.027296884,2.8693633,225,0
atitlan,2025-04-13,687750.0,1624350.0,-0.06580807,1.8048198,225,0
atitlan,2025-04-13,688050.0,1624350.0,-0.070674166,1.530024,225,0
atitlan,2025-04-13,688350.0,1624350.0,-0.07386097,1.3486195,225,0
atitlan,2025-04-13,688650.0,1624350.0,-0.07526026,1.2642897,225,0
atitlan,2025-04-13,688950.0,1624350.0,-0.0752657,1.268994,225,0
atitlan,2025-04-13,689250.0,1624350.0,-0.077883184,1.1081766,225,0
atitlan,2025-04-13,689550.0,1624350.0,-0.07618363,1.2131037,225,0
atitlan,2025-04-13,689850.0,1624350.0,-0.07711766,1.156441,225,0
atitlan,2025-04-13,690150.0,1624350.0,-0.07650731,1.1951429,225,0
atitlan,2025-04-13,690450.0,1624350.0,-0.07636017,1.2020674,225,0
atitlan,2025-04-13,690750.0,1624350.0,-0.0766338,1.1921757,225,0
atitlan,2025-04-13,691050.0,1624350.0,-0.07650327,1.1945136,225,0
atitlan,2025-04-13,691350.0,1624350.0,-0.07627876,1.205569,225,0
atitlan,2025-04-13,691650.0,1624350.0,-0.0762924,1.2079843,225,0
atitlan,2025-04-13,691950.0,1624350.0,-0.07683411,1.1725799,225,0
atitlan,2025-04-13,692250.0,1624350.0,-0.074666984,1.3028231,225,0
atitlan,2025-04-13,692550.0,1624350.0,-0.07415803,1.3340251,225,0
atitlan,2025-04-13,692850.0,1624350.0,-0.072823055,1.4083856,225,0
atitlan,2025-04-13,693150.0,1624350.0,-0.07097142,1.4999721,225,0
atitlan,2025-04-13,693450.0,1624350.0,-0.07396349,1.330787,225,0
atitlan,2025-04-13,693750.0,1624350.0,-0.073132746,1.3819195,225,0
atitlan,2025-04-13,694050.0,1624350.0,-0.07568921,1.2378185,225,0
atitlan,2025-04-13,694350.0,1624350.0,-0.07378574,1.3554893,225,0
atitlan,2025-04-13,694650.0,1624350.0,-0.07295297,1.3998791,225,0
atitlan,2025-04-13,694950.0,1624350.0,-0.075681,1.238828,225,0
atitlan,2025-04-13,695250.0,1624350.0,-0.0740435,1.3374361,225,0
atitlan,2025-04-13,695550.0,1624350.0,-0.07241848,1.4274871,225,0
atitlan,2025-04-13,695850.0,1624350.0,-0.06926359,1.611088,225,0
atitlan,2025-04-13,696150.0,1624350.0,-0.06963217,1.5888281,225,0
atitlan,2025-04-13,696450.0,1624350.0,-0.071197905,1.5039828,225,0
atitlan,2025-04-13,696750.0,1624350.0,-0.069812424,1.578773,225,0
atitlan,2025-04-13,697050.0,1624350.0,-0.0702611,1.5603113,225,0
atitlan,2025-04-13,697350.0,1624350.0,-0.070349224,1.5501951,225,0
atitlan,2025-04-13,697650.0,1624350.0,-0.07085301,1.5241036,225,0
atitlan,2025-04-13,697950.0,1624350.0,-0.07109177,1.5105768,225,0
atitlan,2025-04-13,698250.0,1624350.0,-0.069630824,1.590722,225,0
atitlan,2025-04-13,698550.0,1624350.0,-0.07270955,1.4145669,225,0
atitlan,2025-04-13,698850.0,1624350.0,-0.074247986,1.3275707,225,0
atitlan,2025-04-13,699150.0,1624350.0,-0.07525181,1.26929,225,0
atitlan,2025-04-13,699450.0,1624350.0,-0.07534548,1.2634187,225,0
atitlan,2025-04-13,699750.0,1624350.0,-0.07571102,1.246009,225,0
atitlan,2025-04-13,700050.0,1624350.0,-0.0758525,1.2319201,225,0
atitlan,2025-04-13,700350.0,1624350.0,-0.074228734,1.323056,225,0
atitlan,2025-04-13,700650.0,1624350.0,-0.07207051,1.4542972,225,0
atitlan,2025-04-13,700950.0,1624350.0,-0.06968033,1.5841235,225,0
atitlan,2025-04-13,701250.0,1624350.0,-0.068687044,1.637845,225,0
atitlan,2025-04-13,701550.0,1624350.0,-0.067604624,1.7051394,225,0
atitlan,2025-04-13,701850.0,1624350.0,-0.063489005,1.8875841,225,0
atitlan,2025-04-13,702150.0,1624350.0,-0.06289186,1.9528477,225,0
atitlan,2025-04-13,702450.0,1624350.0,-0.017201915,3.335935,225,0
atitlan,2025-04-13,702750.0,1624350.0,0.11718276,5.974583,225,0
atitlan,2025-04-13,703050.0,1624350.0,0.12784371,5.6262584,225,0
atitlan,2025-04-13,703350.0,1624350.0,0.17918855,8.156667,225,0
atitlan,2025-04-13,703650.0,1624350.0,0.2206359,12.558257,225,1
atitlan,2025-04-13,703950.0,1624350.0,0.24244022,13.816919,225,1
atitlan,2025-04-13,704250.0,1624350.0,0.17235726,9.915125,225,0
atitlan,2025-04-13,704550.0,1624350.0,0.19606575,11.824597,225,0
atitlan,2025-04-13,704850.0,1624350.0,0.16585419,9.842227,225,0
atitlan,2025-04-13,705150.0,1624350.0,0.09929766,5.6941586,225,0
atitlan,2025-04-13,705450.0,1624350.0,0.15259589,7.0170035,225,0
atitlan,2025-04-13,705750.0,1624350.0,0.09063483,5.4345827,225,0
atitlan,2025-04-13,706050.0,1624350.0,0.0988901,5.719058,225,0
atitlan,2025-04-13,706350.0,1624350.0,0.111504644,6.0787063,225,0
atitlan,2025-04-13,706650.0,1624350.0,0.17291225,7.459468,225,0
atitlan,2025-04-13,706950.0,1624350.0,0.20390995,8.876805,225,0
atitlan,2025-04-13,707250.0,1624350.0,0.2104338,9.266058,225,0
atitlan,2025-04-13,707550.0,1624350.0,0.115249686,6.8994975,225,0
atitlan,2025-04-13,707850.0,1624350.0,0.12127992,6.685553,45,0
atitlan,2025-04-13,680250.0,1624650.0,0.36331198,29.61719,180,1
atitlan,2025-04-13,680550.0,1624650.0,0.30128217,21.329662,225,1
atitlan,2025-04-13,680850.0,1624650.0,0.28150377,18.888527,225,1
atitlan,2025-04-13,681150.0,1624650.0,0.23800492,15.13386,225,1
atitlan,2025-04-13,681450.0,1624650.0,0.25535497,16.426298,225,1
atitlan,2025-04-13,681750.0,1624650.0,0.20483322,13.961213,225,1
atitlan,2025-04-13,682050.0,1624650.0,0.2624701,17.356564,225,1
atitlan,2025-04-13,682350.0,1624650.0,0.2655538,20.453487,225,1
atitlan,2025-04-13,682650.0,1624650.0,0.24777594,13.510708,225,1
atitlan,2025-04-13,682950.0,1624650.0,0.25263292,13.3947525,225,1
atitlan,2025-04-13,683250.0,1624650.0,0.25604966,13.670491,225,1
atitlan,2025-04-13,683550.0,1624650.0,0.25137106,13.74949,225,1
atitlan,2025-04-13,683850.0,1624650.0,0.21640977,12.264428,225,1
atitlan,2025-04-13,684150.0,1624650.0,0.21459135,11.559604,225,0
atitlan,2025-04-13,684450.0,1624650.0,0.21970807,13.601766,225,1
atitlan,2025-04-13,684750.0,1624650.0,0.29068014,16.88371,225,1
atitlan,2025-04-13,685050.0,1624650.0,0.25389463,13.493942,225,1
atitlan,2025-04-13,685350.0,1624650.0,0.20031361,10.549168,225,0
atitlan,2025-04-13,685650.0,1624650.0,0.12148072,7.569052,225,0
atitlan,2025-04-13,685950.0,1624650.0,0.10819103,6.820372,225,0
atitlan,2025-04-13,686250.0,1624650.0,0.067713805,5.173671,225,0
atitlan,2025-04-13,686550.0,1624650.0,0.084751755,6.06589,225,0
atitlan,2025-04-13,686850.0,1624650.0,0.10536518,6.448675,225,0
atitlan,2025-04-13,687150.0,1624650.0,-0.045762688,2.443303,225,0
atitlan,2025-04-13,687450.0,1624650.0,-0.068203785,1.6807543,225,0
atitlan,2025-04-13,687750.0,1624650.0,-0.07223973,1.4517854,225,0
atitlan,2025-04-13,688050.0,1624650.0,-0.07141814,1.4900181,225,0
atitlan,2025-04-13,688350.0,1624650.0,-0.07204036,1.4554278,225,0
atitlan,2025-04-13,688650.0,1624650.0,-0.07152514,1.4812821,225,0
atitlan,2025-04-13,688950.0,1624650.0,-0.07221353,1.4479005,225,0
atitlan,2025-04-13,689250.0,1624650.0,-0.072521925,1.4295199,225,0
atitlan,2025-04-13,689550.0,1624650.0,-0.07318889,1.3861815,225,0
atitlan,2025-04-13,689850.0,1624650.0,-0.073099285,1.3927556,225,0
atitlan,2025-04-13,690150.0,1624650.0,-0.073485404,1.3694922,225,0
atitlan,2025-04-13,690450.0,1624650.0,-0.07480752,1.2954961,225,0
atitlan,2025-04-13,690750.0,1624650.0,-0.07597992,1.2271607,225,0
atitlan,2025-04-13,691050.0,1624650.0,-0.07555334,1.2478745,225,0
atitlan,2025-04-13,691350.0,1624650.0,-0.07621683,1.2138397,225,0
atitlan,2025-04-13,691650.0,1624650.0,-0.07529701,1.2625102,225,0
atitlan,2025-04-13,691950.0,1624650.0,-0.07652198,1.1952765,225,0
atitlan,2025-04-13,692250.0,1624650.0,-0.07645627,1.1951176,225,0
atitlan,2025-04-13,692550.0,1624650.0,-0.075468846,1.2524496,225,0
atitlan,2025-04-13,692850.0,1624650.0,-0.07529752,1.2643626,225,0
atitlan,2025-04-13,693150.0,1624650.0,-0.07191959,1.450235,225,0
atitlan,2025-04-13,693450.0,1624650.0,-0.07175253,1.462929,225,0
atitlan,2025-04-13,693750.0,1624650.0,-0.07370966,1.3554509,225,0
atitlan,2025-04-13,694050.0,1624650.0,-0.07549229,1.2479304,225,0
atitlan,2025-04-13,694350.0,1624650.0,-0.074206345,1.3319013,225,0
atitlan,2025-04-13,694650.0,1624650.0,-0.07360662,1.3598838,225,0
atitlan,2025-04-13,694950.0,1624650.0,-0.072281726,1.43813,225,0
atitlan,2025-04-13,695250.0,1624650.0,-0.073677905,1.3529139,225,0
atitlan,2025-04-13,695550.0,1624650.0,-0.07212777,1.4463912,225,0
atitlan,2025-04-13,695850.0,1624650.0,-0.07201917,1.4563752,225,0
atitlan,2025-04-13,696150.0,1624650.0,-0.07077695,1.5262738,225,0
atitlan,2025-04-13,696450.0,1624650.0,-0.069434196,1.6003656,225,0
atitlan,2025-04-13,696750.0,1624650.0,-0.07149872,1.4839785,225,0
atitlan,2025-04-13,697050.0,1624650.0,-0.07225257,1.4425402,225,0
atitlan,2025-04-13,697350.0,1624650.0,-0.07046565,1.5449082,225,0
atitlan,2025-04-13,697650.0,1624650.0,-0.07125055,1.4985286,225,0
atitlan,2025-04-13,697950.0,1624650.0,-0.070151456,1.5599273,225,0
atitlan,2025-04-13,698250.0,1624650.0,-0.06777865,1.6872102,225,0
atitlan,2025-04-13,698550.0,1624650.0,-0.070766225,1.5325779,225,0
atitlan,2025-04-13,698850.0,1624650.0,-0.073876746,1.3480506,225,0
atitlan,2025-04-13,699150.0,1624650.0,-0.075710066,1.2440139,225,0
atitlan,2025-04-13,699450.0,1624650.0,-0.07588132,1.2297326,225,0
atitlan,2025-04-13,699750.0,1624650.0,-0.0772456,1.1473978,225,0
atitlan,2025-04-13,700050.0,1624650.0,-0.07426896,1.3242502,225,0
atitlan,2025-04-13,700350.0,1624650.0,-0.073282614,1.3792157,225,0
atitlan,2025-04-13,700650.0,1624650.0,-0.070188574,1.5613128,225,0
atitlan,2025-04-13,700950.0,1624650.0,-0.06971703,1.5867311,225,0
atitlan,2025-04-13,701250.0,1624650.0,-0.0689327,1.622131,225,0
atitlan,2025-04-13,701550.0,1624650.0,-0.06796097,1.6854272,225,0
atitlan,2025-04-13,701850.0,1624650.0,-0.06436161,1.8497285,225,0
atitlan,2025-04-13,702150.0,1624650.0,-0.06124286,2.0244772,225,0
atitlan,2025-04-13,702450.0,1624650.0,-0.025575913,3.3883734,225,0
atitlan,2025-04-13,702750.0,1624650.0,0.123483926,6.896769,225,0
atitlan,2025-04-13,703050.0,1624650.0,0.17249787,7.3233795,225,0
atitlan,2025-04-13,703350.0,1624650.0,0.1894588,8.179448,225,0
atitlan,2025-04-13,703650.0,1624650.0,0.19864829,10.355428,225,0
atitlan,2025-04-13,703950.0,1624650.0,0.23694602,13.126782,225,1
atitlan,2025-04-13,704250.0,1624650.0,0.26212823,16.453714,225,1
atitlan,2025-04-13,704550.0,1624650.0,0.2323522,14.256121,225,1
atitlan,2025-04-13,704850.0,1624650.0,0.25141156,16.210266,225,1
atitlan,2025-04-13,705150.0,1624650.0,0.13451648,10.277701,225,0
atitlan,2025-04-13,705450.0,1624650.0,0.122518726,6.650017,225,0
atitlan,2025-04-13,705750.0,1624650.0,0.12242401,6.1643195,225,0
atitlan,2025-04-13,706050.0,1624650.0,0.09885765,5.3090096,225,0
atitlan,2025-04-13,706350.0,1624650.0,0.10132796,6.238556,225,0
atitlan,2025-04-13,706650.0,1624650.0,0.17444329,7.292223,225,0
atitlan,2025-04-13,706950.0,1624650.0,0.20555718,8.903845,225,0
atitlan,2025-04-13,707250.0,1624650.0,0.15150777,8.038203,225,0
atitlan,2025-04-13,707550.0,1624650.0,0.14506587,8.706992,225,0
atitlan,2025-04-13,707850.0,1624650.0,0.1553394,8.641544,45,0
atitlan,2025-04-13,680250.0,1624950.0,0.34819993,28.66595,180,1
atitlan,2025-04-13,680550.0,1624950.0,0.26274174,19.47833,225,1
atitlan,2025-04-13,680850.0,1624950.0,0.26199114,16.834078,225,1
atitlan,2025-04-13,681150.0,1624950.0,0.26853448,19.765724,225,1
atitlan,2025-04-13,681450.0,1624950.0,0.26002237,16.628311,225,1
atitlan,2025-04-13,681750.0,1624950.0,0.21133745,13.847033,225,1
atitlan,2025-04-13,682050.0,1624950.0,0.24769902,15.872972,225,1
atitlan,2025-04-13,682350.0,1624950.0,0.19570442,10.44854,225,0
atitlan,2025-04-13,682650.0,1624950.0,0.24807557,12.662972,225,1
atitlan,2025-04-13,682950.0,1624950.0,0.26824087,15.704842,225,1
atitlan,2025-04-13,683250.0,1624950.0,0.23595555,11.613654,225,0
atitlan,2025-04-13,683550.0,1624950.0,0.21089578,10.433194,225,0
atitlan,2025-04-13,683850.0,1624950.0,0.1707671,9.123899,225,0
atitlan,2025-04-13,684150.0,1624950.0,0.12171629,7.202146,225,0
atitlan,2025-04-13,684450.0,1624950.0,0.073872894,5.354109,225,0
atitlan,2025-04-13,684750.0,1624950.0,0.1654525,10.181381,225,0
atitlan,2025-04-13,685050.0,1624950.0,0.24696292,13.656428,225,1
atitlan,2025-04-13,685350.0,1624950.0,0.1993654,11.157531,225,0
atitlan,2025-04-13,685650.0,1624950.0,0.09247604,6.8086696,225,0
atitlan,2025-04-13,685950.0,1624950.0,0.03671476,4.3972964,225,0
atitlan,2025-04-13,686250.0,1624950.0,0.050582383,4.620094,225,0
atitlan,2025-04-13,686550.0,1624950.0,0.087015,5.419931,225,0
atitlan,2025-04-13,686850.0,1624950.0,-0.02680432,3.039507,225,0
atitlan,2025-04-13,687150.0,1624950.0,-0.067999385,1.6893735,225,0
atitlan,2025-04-13,687450.0,1624950.0,-0.07235629,1.4452055,225,0
atitlan,2025-04-13,687750.0,1624950.0,-0.07469739,1.3086133,225,0
atitlan,2025-04-13,688050.0,1624950.0,-0.07006029,1.565956,225,0
atitlan,2025-04-13,688350.0,1624950.0,-0.07042376,1.5503167,225,0
atitlan,2025-04-13,688650.0,1624950.0,-0.07103082,1.5147443,225,0
atitlan,2025-04-13,688950.0,1624950.0,-0.07151111,1.4877943,225,0
atitlan,2025-04-13,689250.0,1624950.0,-0.0718474,1.4620476,225,0
atitlan,2025-04-13,689550.0,1624950.0,-0.073681794,1.3589596,225,0
atitlan,2025-04-13,689850.0,1624950.0,-0.07256999,1.4257848,225,0
atitlan,2025-04-13,690150.0,1624950.0,-0.07444978,1.3154145,225,0
atitlan,2025-04-13,690450.0,1624950.0,-0.07462231,1.3093742,225,0
atitlan,2025-04-13,690750.0,1624950.0,-0.074797794,1.2955713,225,0
atitlan,2025-04-13,691050.0,1624950.0,-0.07422768,1.3321819,225,0
atitlan,2025-04-13,691350.0,1624950.0,-0.07489374,1.2911158,225,0
atitlan,2025-04-13,691650.0,1624950.0,-0.07452251,1.3137565,225,0
atitlan,2025-04-13,691950.0,1624950.0,-0.07589069,1.2287129,225,0
atitlan,2025-04-13,692250.0,1624950.0,-0.07498528,1.2886102,225,0
atitlan,2025-04-13,692550.0,1624950.0,-0.0760089,1.2215427,225,0
atitlan,2025-04-13,692850.0,1624950.0,-0.07503133,1.2801054,225,0
atitlan,2025-04-13,693150.0,1624950.0,-0.071515724,1.4809815,225,0
atitlan,2025-04-13,693450.0,1624950.0,-0.06986335,1.5702376,225,0
atitlan,2025-04-13,693750.0,1624950.0,-0.073539436,1.3635566,225,0
atitlan,2025-04-13,694050.0,1624950.0,-0.07498472,1.2824483,225,0
atitlan,2025-04-13,694350.0,1624950.0,-0.07477108,1.2906399,225,0
atitlan,2025-04-13,694650.0,1624950.0,-0.071773976,1.4695185,225,0
atitlan,2025-04-13,694950.0,1624950.0,-0.069851525,1.5769116,225,0
atitlan,2025-04-13,695250.0,1624950.0,-0.07201635,1.4554725,225,0
atitlan,2025-04-13,695550.0,1624950.0,-0.07148101,1.4854573,225,0
atitlan,2025-04-13,695850.0,1624950.0,-0.073649354,1.3516979,225,0
atitlan,2025-04-13,696150.0,1624950.0,-0.07200018,1.4545691,225,0
atitlan,2025-04-13,696450.0,1624950.0,-0.068353236,1.6661469,225,0
atitlan,2025-04-13,696750.0,1624950.0,-0.06962171,1.5945098,225,0
atitlan,2025-04-13,697050.0,1624950.0,-0.071452394,1.491458,225,0
atitlan,2025-04-13,697350.0,1624950.0,-0.07045212,1.5430833,225,0
atitlan,2025-04-13,697650.0,1624950.0,-0.071129814,1.506557,225,0
atitlan,2025-04-13,697950.0,1624950.0,-0.06988454,1.5808825,225,0
atitlan,2025-04-13,698250.0,1624950.0,-0.068991795,1.6216636,225,0
atitlan,2025-04-13,698550.0,1624950.0,-0.07152736,1.4807345,225,0
atitlan,2025-04-13,698850.0,1624950.0,-0.07227264,1.4363264,225,0
atitlan,2025-04-13,699150.0,1624950.0,-0.07538976,1.2617579,225,0
atitlan,2025-04-13,699450.0,1624950.0,-0.07586879,1.2329922,225,0
atitlan,2025-04-13,699750.0,1624950.0,-0.077104285,1.1560227,225,0
atitlan,2025-04-13,700050.0,1624950.0,-0.07583217,1.234729,225,0
atitlan,2025-04-13,700350.0,1624950.0,-0.07087952,1.5202322,225,0
atitlan,2025-04-13,700650.0,1624950.0,-0.07051623,1.5403998,225,0
atitlan,2025-04-13,700950.0,1624950.0,-0.068958014,1.6297137,225,0
atitlan,2025-04-13,701250.0,1624950.0,-0.069305055,1.6108401,225,0
atitlan,2025-04-13,701550.0,1624950.0,-0.06661213,1.758628,225,0
atitlan,2025-04-13,701850.0,1624950.0,-0.062289096,1.9769574,225,0
atitlan,2025-04-13,702150.0,1624950.0,-0.058059327,2.1726475,225,0
atitlan,2025-04-13,702450.0,1624950.0,-0.054209597,2.3645878,225,0
atitlan,2025-04-13,702750.0,1624950.0,0.07290527,5.661105,225,0
atitlan,2025-04-13,703050.0,1624950.0,0.15511511,6.847958,225,0
atitlan,2025-04-13,703350.0,1624950.0,0.16621675,7.3021774,225,0
atitlan,2025-04-13,703650.0,1624950.0,0.1598465,8.131812,225,0
atitlan,2025-04-13,703950.0,1624950.0,0.17912246,10.124391,225,0
atitlan,2025-04-13,704250.0,1624950.0,0.18275732,10.685256,225,0
atitlan,2025-04-13,704550.0,1624950.0,0.17269139,10.291519,225,0
atitlan,2025-04-13,704850.0,1624950.0,0.16744433,9.006402,225,0
atitlan,2025-04-13,705150.0,1624950.0,0.11524384,6.21847,225,0
atitlan,2025-04-13,705450.0,1624950.0,0.23365535,12.017577,225,1
atitlan,2025-04-13,705750.0,1624950.0,0.16688439,9.615139,225,0
atitlan,2025-04-13,706050.0,1624950.0,0.1315291,7.013975,225,0
atitlan,2025-04-13,706350.0,1624950.0,0.15892315,7.829745,225,0
atitlan,2025-04-13,706650.0,1624950.0,0.19861373,9.548668,225,0
atitlan,2025-04-13,706950.0,1624950.0,0.21464321,9.293515,225,0
atitlan,2025-04-13,707250.0,1624950.0,0.15534198,7.6761312,225,0
atitlan,2025-04-13,707550.0,1624950.0,0.15850002,9.054104,225,0
atitlan,2025-04-13,707850.0,1624950.0,0.16618551,9.157585,45,0
atitlan,2025-04-13,680250.0,1625250.0,0.3230603,24.239035,180,1
atitlan,2025-04-13,680550.0,1625250.0,0.3110831,26.085066,225,1
atitlan,2025-04-13,680850.0,1625250.0,0.26615041,17.769686,225,1
atitlan,2025-04-13,681150.0,1625250.0,0.29908094,20.768845,225,1
atitlan,2025-04-13,681450.0,1625250.0,0.27206138,17.558245,225,1
atitlan,2025-04-13,681750.0,1625250.0,0.24301784,14.799302,225,1
atitlan,2025-04-13,682050.0,1625250.0,0.27638295,18.690662,225,1
atitlan,2025-04-13,682350.0,1625250.0,0.27865714,19.04646,225,1
atitlan,2025-04-13,682650.0,1625250.0,0.22486253,11.214074,225,0
atitlan,2025-04-13,682950.0,1625250.0,0.25733215,14.019933,225,1
atitlan,2025-04-13,683250.0,1625250.0,0.27203298,14.465119,225,1
atitlan,2025-04-13,683550.0,1625250.0,0.20254594,9.583538,225,0
atitlan,2025-04-13,683850.0,1625250.0,0.10581634,6.6557813,225,0
atitlan,2025-04-13,684150.0,1625250.0,0.09292155,6.3100576,225,0
atitlan,2025-04-13,684450.0,1625250.0,0.035088025,4.4427466,225,0
atitlan,2025-04-13,684750.0,1625250.0,0.09529844,6.2806835,225,0
atitlan,2025-04-13,685050.0,1625250.0,0.1621062,9.283599,225,0
atitlan,2025-04-13,685350.0,1625250.0,0.17046702,8.903503,225,0
atitlan,2025-04-13,685650.0,1625250.0,0.032468975,4.5294056,225,0
atitlan,2025-04-13,685950.0,1625250.0,0.07033337,5.4650793,225,0
atitlan,2025-04-13,686250.0,1625250.0,0.12358581,7.8172846,225,0
atitlan,2025-04-13,686550.0,1625250.0,-0.0016634011,3.6941545,225,0
atitlan,2025-04-13,686850.0,1625250.0,-0.06695208,1.7439241,225,0
atitlan,2025-04-13,687150.0,1625250.0,-0.07328745,1.39513,225,0
atitlan,2025-04-13,687450.0,1625250.0,-0.07502618,1.2912794,225,0
atitlan,2025-04-13,687750.0,1625250.0,-0.07674963,1.188389,225,0
atitlan,2025-04-13,688050.0,1625250.0,-0.07296829,1.400095,225,0
atitlan,2025-04-13,688350.0,1625250.0,-0.071458615,1.4867889,225,0
atitlan,2025-04-13,688650.0,1625250.0,-0.07089988,1.5198404,225,0
atitlan,2025-04-13,688950.0,1625250.0,-0.07337901,1.3789886,225,0
atitlan,2025-04-13,689250.0,1625250.0,-0.07219438,1.4471238,225,0
atitlan,2025-04-13,689550.0,1625250.0,-0.07429242,1.3281673,225,0
atitlan,2025-04-13,689850.0,1625250.0,-0.07321111,1.3915037,225,0
atitlan,2025-04-13,690150.0,1625250.0,-0.072738595,1.4196794,225,0
atitlan,2025-04-13,690450.0,1625250.0,-0.075140424,1.2717377,225,0
atitlan,2025-04-13,690750.0,1625250.0,-0.07488967,1.289012,225,0
atitlan,2025-04-13,691050.0,1625250.0,-0.07505221,1.2768896,225,0
atitlan,2025-04-13,691350.0,1625250.0,-0.07488922,1.291396,225,0
atitlan,2025-04-13,691650.0,1625250.0,-0.07429863,1.3237158,225,0
atitlan,2025-04-13,691950.0,1625250.0,-0.076109245,1.2210696,225,0
atitlan,2025-04-13,692250.0,1625250.0,-0.075071745,1.2827679,225,0
atitlan,2025-04-13,692550.0,1625250.0,-0.07653982,1.1948781,225,0
atitlan,2025-04-13,692850.0,1625250.0,-0.07493522,1.2846563,225,0
atitlan,2025-04-13,693150.0,1625250.0,-0.07322102,1.3852404,225,0
atitlan,2025-04-13,693450.0,1625250.0,-0.06737111,1.7075247,225,0
atitlan,2025-04-13,693750.0,1625250.0,-0.06976264,1.5793545,225,0
atitlan,2025-04-13,694050.0,1625250.0,-0.07322818,1.3810928,225,0
atitlan,2025-04-13,694350.0,1625250.0,-0.07474198,1.2943716,225,0
atitlan,2025-04-13,694650.0,1625250.0,-0.071420856,1.4754264,225,0
atitlan,2025-04-13,694950.0,1625250.0,-0.06993061,1.568637,225,0
atitlan,2025-04-13,695250.0,1625250.0,-0.07198992,1.4521989,225,0
atitlan,2025-04-13,695550.0,1625250.0,-0.07005757,1.5624439,225,0
atitlan,2025-04-13,695850.0,1625250.0,-0.068785734,1.6325557,225,0
atitlan,2025-04-13,696150.0,1625250.0,-0.07439548,1.3120248,225,0
atitlan,2025-04-13,696450.0,1625250.0,-0.06813089,1.6737448,225,0
atitlan,2025-04-13,696750.0,1625250.0,-0.06768274,1.6998351,225,0
atitlan,2025-04-13,697050.0,1625250.0,-0.069867946,1.5744833,225,0
atitlan,2025-04-13,697350.0,1625250.0,-0.070995264,1.5129185,225,0
atitlan,2025-04-13,697650.0,1625250.0,-0.0720206,1.4546155,225,0
atitlan,2025-04-13,697950.0,1625250.0,-0.07132098,1.4983889,225,0
atitlan,2025-04-13,698250.0,1625250.0,-0.071555465,1.4854476,225,0
atitlan,2025-04-13,698550.0,1625250.0,-0.07243919,1.4294376,225,0
atitlan,2025-04-13,698850.0,1625250.0,-0.073241964,1.3844234,225,0
atitlan,2025-04-13,699150.0,1625250.0,-0.0762814,1.210472,225,0
atitlan,2025-04-13,699450.0,1625250.0,-0.07794838,1.1081136,225,0
atitlan,2025-04-13,699750.0,1625250.0,-0.07828106,1.0886108,225,0
atitlan,2025-04-13,700050.0,1625250.0,-0.07432065,1.3201168,225,0
atitlan,2025-04-13,700350.0,1625250.0,-0.07250269,1.4333557,225,0
atitlan,2025-04-13,700650.0,1625250.0,-0.07006238,1.5644392,225,0
atitlan,2025-04-13,700950.0,1625250.0,-0.069472685,1.6004431,225,0
atitlan,2025-04-13,701250.0,1625250.0,-0.06882377,1.6335086,225,0
atitlan,2025-04-13,701550.0,1625250.0,-0.06569328,1.803342,225,0
atitlan,2025-04-13,701850.0,1625250.0,-0.06422136,1.8683144,225,0
atitlan,2025-04-13,702150.0,1625250.0,-0.05774759,2.1977196,225,0
atitlan,2025-04-13,702450.0,1625250.0,-0.04898917,2.5902717,225,0
atitlan,2025-04-13,702750.0,1625250.0,0.039768457,4.5830092,225,0
atitlan,2025-04-13,703050.0,1625250.0,0.14463158,7.192219,225,0
atitlan,2025-04-13,703350.0,1625250.0,0.10882726,5.646289,225,0
atitlan,2025-04-13,703650.0,1625250.0,0.135005,7.7040963,225,0
atitlan,2025-04-13,703950.0,1625250.0,0.11862685,6.8750525,225,0
atitlan,2025-04-13,704250.0,1625250.0,0.14702189,8.647761,225,0
atitlan,2025-04-13,704550.0,1625250.0,0.12919988,8.041418,225,0
atitlan,2025-04-13,704850.0,1625250.0,0.221739,11.572326,225,0
atitlan,2025-04-13,705150.0,1625250.0,0.14918199,7.1093497,225,0
atitlan,2025-04-13,705450.0,1625250.0,0.13036239,7.7309594,225,0
atitlan,2025-04-13,705750.0,1625250.0,0.12608422,8.052717,225,0
atitlan,2025-04-13,706050.0,1625250.0,0.15543836,8.1758795,225,0
atitlan,2025-04-13,706350.0,1625250.0,0.20654729,11.013503,225,0
atitlan,2025-04-13,706650.0,1625250.0,0.2168314,10.701087,225,0
atitlan,2025-04-13,706950.0,1625250.0,0.16576916,8.130831,225,0
atitlan,2025-04-13,707250.0,1625250.0,0.14328091,7.815823,225,0
atitlan,2025-04-13,707550.0,1625250.0,0.17146711,9.21526,225,0
atitlan,2025-04-13,707850.0,1625250.0,0.220321,12.3085575,45,1
atitlan,2025-04-13,680250.0,1625550.0,0.27579474,17.32115,180,1
atitlan,2025-04-13,680550.0,1625550.0,0.34531748,26.227749,225,1
atitlan,2025-04-13,680850.0,1625550.0,0.31105614,23.795074,225,1
atitlan,2025-04-13,681150.0,1625550.0,0.26489404,20.030357,225,1
atitlan,2025-04-13,681450.0,1625550.0,0.24468662,17.064342,225,1
atitlan,2025-04-13,681750.0,1625550.0,0.22094697,14.44121,225,1
atitlan,2025-04-13,682050.0,1625550.0,0.2452206,15.34846,225,1
atitlan,2025-04-13,682350.0,1625550.0,0.19114152,9.656831,225,0
atitlan,2025-04-13,682650.0,1625550.0,0.16323338,7.479932,225,0
atitlan,2025-04-13,682950.0,1625550.0,0.19246882,8.891668,225,0
atitlan,2025-04-13,683250.0,1625550.0,0.25842836,13.761931,225,1
atitlan,2025-04-13,683550.0,1625550.0,0.24371748,12.805125,225,1
atitlan,2025-04-13,683850.0,1625550.0,0.17349829,8.946588,225,0
atitlan,2025-04-13,684150.0,1625550.0,0.1112515,6.8811707,225,0
atitlan,2025-04-13,684450.0,1625550.0,0.10193677,6.579654,225,0
atitlan,2025-04-13,684750.0,1625550.0,0.111084886,7.3147717,225,0
atitlan,2025-04-13,685050.0,1625550.0,-0.040560376,2.6666667,225,0
atitlan,2025-04-13,685350.0,1625550.0,-0.012511463,3.5002522,225,0
atitlan,2025-04-13,685650.0,1625550.0,-0.05799041,2.186267,225,0
atitlan,2025-04-13,685950.0,1625550.0,-0.021331882,3.3915207,225,0
atitlan,2025-04-13,686250.0,1625550.0,0.05120901,5.350323,225,0
atitlan,2025-04-13,686550.0,1625550.0,-0.06779291,1.690337,225,0
atitlan,2025-04-13,686850.0,1625550.0,-0.073439434,1.3821478,225,0
atitlan,2025-04-13,687150.0,1625550.0,-0.07699506,1.1707317,225,0
atitlan,2025-04-13,687450.0,1625550.0,-0.07641337,1.2069504,225,0
atitlan,2025-04-13,687750.0,1625550.0,-0.076314606,1.2139835,225,0
atitlan,2025-04-13,688050.0,1625550.0,-0.073197216,1.3854692,225,0
atitlan,2025-04-13,688350.0,1625550.0,-0.07169658,1.4737247,225,0
atitlan,2025-04-13,688650.0,1625550.0,-0.07191726,1.4621133,225,0
atitlan,2025-04-13,688950.0,1625550.0,-0.07124206,1.5006055,225,0
atitlan,2025-04-13,689250.0,1625550.0,-0.07215479,1.4521186,225,0
atitlan,2025-04-13,689550.0,1625550.0,-0.074605286,1.3049358,225,0
atitlan,2025-04-13,689850.0,1625550.0,-0.0724872,1.430611,225,0
atitlan,2025-04-13,690150.0,1625550.0,-0.07353215,1.3694605,225,0
atitlan,2025-04-13,690450.0,1625550.0,-0.075264275,1.2655518,225,0
atitlan,2025-04-13,690750.0,1625550.0,-0.07576147,1.2374744,225,0
atitlan,2025-04-13,691050.0,1625550.0,-0.0752345,1.2683458,225,0
atitlan,2025-04-13,691350.0,1625550.0,-0.074972995,1.2859364,225,0
atitlan,2025-04-13,691650.0,1625550.0,-0.07594637,1.2289494,225,0
atitlan,2025-04-13,691950.0,1625550.0,-0.07587508,1.2301579,225,0
atitlan,2025-04-13,692250.0,1625550.0,-0.075619705,1.2472645,225,0
atitlan,2025-04-13,692550.0,1625550.0,-0.077231854,1.1498662,225,0
atitlan,2025-04-13,692850.0,1625550.0,-0.075671084,1.2444193,225,0
atitlan,2025-04-13,693150.0,1625550.0,-0.0727373,1.406237,225,0
atitlan,2025-04-13,693450.0,1625550.0,-0.06935105,1.6050065,225,0
atitlan,2025-04-13,693750.0,1625550.0,-0.06713881,1.7187277,225,0
atitlan,2025-04-13,694050.0,1625550.0,-0.06762399,1.693644,225,0
atitlan,2025-04-13,694350.0,1625550.0,-0.0741532,1.3293372,225,0
atitlan,2025-04-13,694650.0,1625550.0,-0.07049744,1.5254117,225,0
atitlan,2025-04-13,694950.0,1625550.0,-0.0677537,1.6765049,225,0
atitlan,2025-04-13,695250.0,1625550.0,-0.07077266,1.5267307,225,0
atitlan,2025-04-13,695550.0,1625550.0,-0.06922255,1.6103057,225,0
atitlan,2025-04-13,695850.0,1625550.0,-0.06820437,1.6675868,225,0
atitlan,2025-04-13,696150.0,1625550.0,-0.06924087,1.6055412,225,0
atitlan,2025-04-13,696450.0,1625550.0,-0.06971941,1.5802217,225,0
atitlan,2025-04-13,696750.0,1625550.0,-0.06776923,1.6933862,225,0
atitlan,2025-04-13,697050.0,1625550.0,-0.06947159,1.6021013,225,0
atitlan,2025-04-13,697350.0,1625550.0,-0.07168757,1.4733393,225,0
atitlan,2025-04-13,697650.0,1625550.0,-0.07179742,1.4672803,225,0
atitlan,2025-04-13,697950.0,1625550.0,-0.07030557,1.5499877,225,0
atitlan,2025-04-13,698250.0,1625550.0,-0.07227018,1.4456153,225,0
atitlan,2025-04-13,698550.0,1625550.0,-0.07305427,1.3952851,225,0
atitlan,2025-04-13,698850.0,1625550.0,-0.0731461,1.3868096,225,0
atitlan,2025-04-13,699150.0,1625550.0,-0.07573705,1.2389255,225,0
atitlan,2025-04-13,699450.0,1625550.0,-0.07712529,1.1574067,225,0
atitlan,2025-04-13,699750.0,1625550.0,-0.07745941,1.1408734,225,0
atitlan,2025-04-13,700050.0,1625550.0,-0.075444624,1.2523328,225,0
atitlan,2025-04-13,700350.0,1625550.0,-0.07050492,1.5410924,225,0
atitlan,2025-04-13,700650.0,1625550.0,-0.0712046,1.5036572,225,0
atitlan,2025-04-13,700950.0,1625550.0,-0.06865132,1.6452551,225,0
atitlan,2025-04-13,701250.0,1625550.0,-0.06854666,1.6465956,225,0
atitlan,2025-04-13,701550.0,1625550.0,-0.06542676,1.8081115,225,0
atitlan,2025-04-13,701850.0,1625550.0,-0.055530157,2.30724,225,0
atitlan,2025-04-13,702150.0,1625550.0,-0.05060973,2.5065053,225,0
atitlan,2025-04-13,702450.0,1625550.0,0.019148184,4.313795,225,0
atitlan,2025-04-13,702750.0,1625550.0,0.10832462,6.201804,225,0
atitlan,2025-04-13,703050.0,1625550.0,0.16624963,7.131707,225,0
atitlan,2025-04-13,703350.0,1625550.0,0.14562486,6.483074,225,0
atitlan,2025-04-13,703650.0,1625550.0,0.13800709,7.592711,225,0
atitlan,2025-04-13,703950.0,1625550.0,0.13121909,7.5967045,225,0
atitlan,2025-04-13,704250.0,1625550.0,0.10129491,6.693342,225,0
atitlan,2025-04-13,704550.0,1625550.0,0.10620523,7.1403084,225,0
atitlan,2025-04-13,704850.0,1625550.0,0.13276038,8.775992,225,0
atitlan,2025-04-13,705150.0,1625550.0,0.11304181,7.908001,225,0
atitlan,2025-04-13,705450.0,1625550.0,0.17739908,9.991173,225,0
atitlan,2025-04-13,705750.0,1625550.0,0.17806843,10.767429,225,0
atitlan,2025-04-13,706050.0,1625550.0,0.17268115,9.204018,225,0
atitlan,2025-04-13,706350.0,1625550.0,0.23202671,11.995128,225,0
atitlan,2025-04-13,706650.0,1625550.0,0.22587274,10.840949,225,0
atitlan,2025-04-13,706950.0,1625550.0,0.22735865,12.086567,225,1
atitlan,2025-04-13,707250.0,1625550.0,0.19262847,11.473103,225,0
atitlan,2025-04-13,707550.0,1625550.0,0.10473408,5.9218183,225,0
atitlan,2025-04-13,707850.0,1625550.0,0.08549651,5.0634313,45,0
atitlan,2025-04-13,680250.0,1625850.0,0.28979605,16.983006,180,1
atitlan,2025-04-13,680550.0,1625850.0,0.26930526,16.698444,225,1
atitlan,2025-04-13,680850.0,1625850.0,0.28878948,19.490484,225,1
atitlan,2025-04-13,681150.0,1625850.0,0.31698358,23.688345,225,1
atitlan,2025-04-13,681450.0,1625850.0,0.246763,17.890406,225,1
atitlan,2025-04-13,681750.0,1625850.0,0.2623116,18.904718,225,1
atitlan,2025-04-13,682050.0,1625850.0,0.23999299,14.847705,225,1
atitlan,2025-04-13,682350.0,1625850.0,0.2118501,10.830354,225,0
atitlan,2025-04-13,682650.0,1625850.0,0.18203841,7.798157,225,0
atitlan,2025-04-13,682950.0,1625850.0,0.21533734,10.898406,225,0
atitlan,2025-04-13,683250.0,1625850.0,0.23654331,11.129246,225,0
atitlan,2025-04-13,683550.0,1625850.0,0.2382293,11.4183235,225,0
atitlan,2025-04-13,683850.0,1625850.0,0.23143697,10.570101,225,0
atitlan,2025-04-13,684150.0,1625850.0,0.13531515,7.1359973,225,0
atitlan,2025-04-13,684450.0,1625850.0,0.17677881,9.553805,225,0
atitlan,2025-04-13,684750.0,1625850.0,0.01849084,4.372942,225,0
atitlan,2025-04-13,685050.0,1625850.0,-0.059324257,2.1327784,225,0
atitlan,2025-04-13,685350.0,1625850.0,-0.06442592,1.8756725,225,0
atitlan,2025-04-13,685650.0,1625850.0,-0.069410175,1.6129397,225,0
atitlan,2025-04-13,685950.0,1625850.0,-0.06960638,1.5896723,225,0
atitlan,2025-04-13,686250.0,1625850.0,-0.06822847,1.676757,225,0
atitlan,2025-04-13,686550.0,1625850.0,-0.07037434,1.5540444,225,0
atitlan,2025-04-13,686850.0,1625850.0,-0.071596324,1.4861373,225,0
atitlan,2025-04-13,687150.0,1625850.0,-0.073410966,1.3855087,225,0
atitlan,2025-04-13,687450.0,1625850.0,-0.07120042,1.5090657,225,0
atitlan,2025-04-13,687750.0,1625850.0,-0.07238444,1.4453741,225,0
atitlan,2025-04-13,688050.0,1625850.0,-0.07122231,1.5100709,225,0
atitlan,2025-04-13,688350.0,1625850.0,-0.07153138,1.4889067,225,0
atitlan,2025-04-13,688650.0,1625850.0,-0.07199833,1.461982,225,0
atitlan,2025-04-13,688950.0,1625850.0,-0.072398104,1.4379704,225,0
atitlan,2025-04-13,689250.0,1625850.0,-0.07224192,1.4437169,225,0
atitlan,2025-04-13,689550.0,1625850.0,-0.07395417,1.3444805,225,0
atitlan,2025-04-13,689850.0,1625850.0,-0.072366364,1.4347366,225,0
atitlan,2025-04-13,690150.0,1625850.0,-0.0744274,1.3202654,225,0
atitlan,2025-04-13,690450.0,1625850.0,-0.07521746,1.2743531,225,0
atitlan,2025-04-13,690750.0,1625850.0,-0.075148635,1.2728448,225,0
atitlan,2025-04-13,691050.0,1625850.0,-0.076299794,1.2061135,225,0
atitlan,2025-04-13,691350.0,1625850.0,-0.07494118,1.2878071,225,0
atitlan,2025-04-13,691650.0,1625850.0,-0.07547965,1.2509726,225,0
atitlan,2025-04-13,691950.0,1625850.0,-0.07542651,1.2579851,225,0
atitlan,2025-04-13,692250.0,1625850.0,-0.07445017,1.3106105,225,0
atitlan,2025-04-13,692550.0,1625850.0,-0.076200046,1.209113,225,0
atitlan,2025-04-13,692850.0,1625850.0,-0.07578412,1.2388569,225,0
atitlan,2025-04-13,693150.0,1625850.0,-0.07411244,1.3319728,225,0
atitlan,2025-04-13,693450.0,1625850.0,-0.07093588,1.5163015,225,0
atitlan,2025-04-13,693750.0,1625850.0,-0.06723663,1.7201762,225,0
atitlan,2025-04-13,694050.0,1625850.0,-0.06403934,1.8891795,225,0
atitlan,2025-04-13,694350.0,1625850.0,-0.06851399,1.6464602,225,0
atitlan,2025-04-13,694650.0,1625850.0,-0.066433184,1.757222,225,0
atitlan,2025-04-13,694950.0,1625850.0,-0.0680956,1.665304,225,0
atitlan,2025-04-13,695250.0,1625850.0,-0.07040101,1.5370084,225,0
atitlan,2025-04-13,695550.0,1625850.0,-0.06985904,1.5766618,225,0
atitlan,2025-04-13,695850.0,1625850.0,-0.06814089,1.671421,225,0
atitlan,2025-04-13,696150.0,1625850.0,-0.06941733,1.6027634,225,0
atitlan,2025-04-13,696450.0,1625850.0,-0.06824618,1.6557269,225,0
atitlan,2025-04-13,696750.0,1625850.0,-0.06923682,1.5979933,225,0
atitlan,2025-04-13,697050.0,1625850.0,-0.066931255,1.7388957,225,0
atitlan,2025-04-13,697350.0,1625850.0,-0.07006754,1.5665262,225,0
atitlan,2025-04-13,697650.0,1625850.0,-0.07028566,1.5508798,225,0
atitlan,2025-04-13,697950.0,1625850.0,-0.07200985,1.456855,225,0
atitlan,2025-04-13,698250.0,1625850.0,-0.073866375,1.3466283,225,0
atitlan,2025-04-13,698550.0,1625850.0,-0.07529812,1.2636026,225,0
atitlan,2025-04-13,698850.0,1625850.0,-0.072981104,1.3994001,225,0
atitlan,2025-04-13,699150.0,1625850.0,-0.07153288,1.4863558,225,0
atitlan,2025-04-13,699450.0,1625850.0,-0.07696618,1.1622827,225,0
atitlan,2025-04-13,699750.0,1625850.0,-0.076414995,1.2023493,225,0
atitlan,2025-04-13,700050.0,1625850.0,-0.0758352,1.2318289,225,0
atitlan,2025-04-13,700350.0,1625850.0,-0.07207531,1.4491826,225,0
atitlan,2025-04-13,700650.0,1625850.0,-0.07049375,1.5411202,225,0
atitlan,2025-04-13,700950.0,1625850.0,-0.06883042,1.6272702,225,0
atitlan,2025-04-13,701250.0,1625850.0,-0.066297814,1.7689112,225,0
atitlan,2025-04-13,701550.0,1625850.0,-0.055334203,2.3048017,225,0
atitlan,2025-04-13,701850.0,1625850.0,0.0011542715,3.6284637,225,0
atitlan,2025-04-13,702150.0,1625850.0,0.06781451,5.332182,225,0
atitlan,2025-04-13,702450.0,1625850.0,0.14200245,7.0125766,225,0
atitlan,2025-04-13,702750.0,1625850.0,0.15531476,6.6536865,225,0
atitlan,2025-04-13,703050.0,1625850.0,0.15033637,6.722565,225,0
atitlan,2025-04-13,703350.0,1625850.0,0.15607256,6.6772184,225,0
atitlan,2025-04-13,703650.0,1625850.0,0.17786846,9.06217,225,0
atitlan,2025-04-13,703950.0,1625850.0,0.165223,9.578198,225,0
atitlan,2025-04-13,704250.0,1625850.0,0.15694177,8.794651,225,0
atitlan,2025-04-13,704550.0,1625850.0,0.15631871,9.009268,225,0
atitlan,2025-04-13,704850.0,1625850.0,0.088120885,6.2917676,225,0
atitlan,2025-04-13,705150.0,1625850.0,0.14124334,9.396689,225,0
atitlan,2025-04-13,705450.0,1625850.0,0.16760619,8.769253,225,0
atitlan,2025-04-13,705750.0,1625850.0,0.11463169,7.514351,225,0
atitlan,2025-04-13,706050.0,1625850.0,0.097305134,5.9262905,225,0
atitlan,2025-04-13,706350.0,1625850.0,0.15908508,7.8873158,225,0
atitlan,2025-04-13,706650.0,1625850.0,0.16162096,7.0022635,225,0
atitlan,2025-04-13,706950.0,1625850.0,0.2093984,10.30605,225,0
atitlan,2025-04-13,707250.0,1625850.0,0.21038364,10.929048,225,0
atitlan,2025-04-13,707550.0,1625850.0,0.1899713,10.544908,225,0
atitlan,2025-04-13,707850.0,1625850.0,0.15958409,8.631929,45,0
atitlan,2025-04-13,680250.0,1626150.0,0.2814947,16.611008,180,1
atitlan,2025-04-13,680550.0,1626150.0,0.279676,16.928225,225,1
atitlan,2025-04-13,680850.0,1626150.0,0.31363055,22.873909,225,1
atitlan,2025-04-13,681150.0,1626150.0,0.27084565,19.838272,225,1
atitlan,2025-04-13,681450.0,1626150.0,0.32170087,22.583498,225,1
atitlan,2025-04-13,681750.0,1626150.0,0.2542195,17.3482,225,1
atitlan,2025-04-13,682050.0,1626150.0,0.1695053,9.622652,225,0
atitlan,2025-04-13,682350.0,1626150.0,0.17854853,7.0245256,225,0
atitlan,2025-04-13,682650.0,1626150.0,0.16570422,6.993564,225,0
atitlan,2025-04-13,682950.0,1626150.0,0.1613004,7.7425313,225,0
atitlan,2025-04-13,683250.0,1626150.0,0.12360258,5.839191,225,0
atitlan,2025-04-13,683550.0,1626150.0,0.15232298,6.760278,225,0
atitlan,2025-04-13,683850.0,1626150.0,0.20762962,9.220684,225,0
atitlan,2025-04-13,684150.0,1626150.0,0.17577176,8.994588,225,0
atitlan,2025-04-13,684450.0,1626150.0,0.09316815,6.4456644,225,0
atitlan,2025-04-13,684750.0,1626150.0,-0.053552065,2.397888,225,0
atitlan,2025-04-13,685050.0,1626150.0,-0.06170555,2.0183797,225,0
atitlan,2025-04-13,685350.0,1626150.0,-0.06462072,1.8749806,225,0
atitlan,2025-04-13,685650.0,1626150.0,-0.06722326,1.7302535,225,0
atitlan,2025-04-13,685950.0,1626150.0,-0.06916191,1.6214147,225,0
atitlan,2025-04-13,686250.0,1626150.0,-0.06642255,1.7550062,225,0
atitlan,2025-04-13,686550.0,1626150.0,-0.06825927,1.6711935,225,0
atitlan,2025-04-13,686850.0,1626150.0,-0.070536174,1.5444665,225,0
atitlan,2025-04-13,687150.0,1626150.0,-0.07218529,1.4527775,225,0
atitlan,2025-04-13,687450.0,1626150.0,-0.07654227,1.1925292,225,0
atitlan,2025-04-13,687750.0,1626150.0,-0.07660189,1.1820341,225,0
atitlan,2025-04-13,688050.0,1626150.0,-0.07637861,1.2096612,225,0
atitlan,2025-04-13,688350.0,1626150.0,-0.071627654,1.4758121,225,0
atitlan,2025-04-13,688650.0,1626150.0,-0.07213127,1.4512243,225,0
atitlan,2025-04-13,688950.0,1626150.0,-0.07215332,1.4503374,225,0
atitlan,2025-04-13,689250.0,1626150.0,-0.07137646,1.4938184,225,0
atitlan,2025-04-13,689550.0,1626150.0,-0.07173266,1.4743111,225,0
atitlan,2025-04-13,689850.0,1626150.0,-0.07396708,1.3438457,225,0
atitlan,2025-04-13,690150.0,1626150.0,-0.07412756,1.3352493,225,0
atitlan,2025-04-13,690450.0,1626150.0,-0.07423311,1.3299639,225,0
atitlan,2025-04-13,690750.0,1626150.0,-0.075750776,1.2422115,225,0
atitlan,2025-04-13,691050.0,1626150.0,-0.075568244,1.2482357,225,0
atitlan,2025-04-13,691350.0,1626150.0,-0.07486084,1.2943811,225,0
atitlan,2025-04-13,691650.0,1626150.0,-0.07676815,1.1776419,225,0
atitlan,2025-04-13,691950.0,1626150.0,-0.074091636,1.3354357,225,0
atitlan,2025-04-13,692250.0,1626150.0,-0.07102322,1.5069795,225,0
atitlan,2025-04-13,692550.0,1626150.0,-0.06799762,1.6768535,225,0
atitlan,2025-04-13,692850.0,1626150.0,-0.0696408,1.5902914,225,0
atitlan,2025-04-13,693150.0,1626150.0,-0.0727993,1.4092051,225,0
atitlan,2025-04-13,693450.0,1626150.0,-0.07321003,1.3821329,225,0
atitlan,2025-04-13,693750.0,1626150.0,-0.06891363,1.6304321,225,0
atitlan,2025-04-13,694050.0,1626150.0,-0.06517115,1.8281331,225,0
atitlan,2025-04-13,694350.0,1626150.0,-0.064681225,1.8493725,225,0
atitlan,2025-04-13,694650.0,1626150.0,-0.06652859,1.7514379,225,0
atitlan,2025-04-13,694950.0,1626150.0,-0.06741686,1.7135148,225,0
atitlan,2025-04-13,695250.0,1626150.0,-0.06633079,1.757666,225,0
atitlan,2025-04-13,695550.0,1626150.0,-0.070692025,1.5271062,225,0
atitlan,2025-04-13,695850.0,1626150.0,-0.06942191,1.6017661,225,0
atitlan,2025-04-13,696150.0,1626150.0,-0.06976215,1.5838534,225,0
atitlan,2025-04-13,696450.0,1626150.0,-0.06813727,1.6705562,225,0
atitlan,2025-04-13,696750.0,1626150.0,-0.06663651,1.7310109,225,0
atitlan,2025-04-13,697050.0,1626150.0,-0.06826241,1.6562515,225,0
atitlan,2025-04-13,697350.0,1626150.0,-0.06982728,1.5766884,225,0
atitlan,2025-04-13,697650.0,1626150.0,-0.070818625,1.5178457,225,0
atitlan,2025-04-13,697950.0,1626150.0,-0.07202349,1.4533167,225,0
atitlan,2025-04-13,698250.0,1626150.0,-0.07549554,1.2553629,225,0
atitlan,2025-04-13,698550.0,1626150.0,-0.07429431,1.3062587,225,0
atitlan,2025-04-13,698850.0,1626150.0,-0.07251369,1.4198372,225,0
atitlan,2025-04-13,699150.0,1626150.0,-0.07146245,1.4865952,225,0
atitlan,2025-04-13,699450.0,1626150.0,-0.075070895,1.2751321,225,0
atitlan,2025-04-13,699750.0,1626150.0,-0.07476796,1.2892439,225,0
atitlan,2025-04-13,700050.0,1626150.0,-0.072972775,1.4055582,225,0
atitlan,2025-04-13,700350.0,1626150.0,-0.06965206,1.5845083,225,0
atitlan,2025-04-13,700650.0,1626150.0,-0.06886406,1.629627,225,0
atitlan,2025-04-13,700950.0,1626150.0,-0.06598492,1.7813334,225,0
atitlan,2025-04-13,701250.0,1626150.0,-0.044032488,2.451364,225,0
atitlan,2025-04-13,701550.0,1626150.0,0.04378461,5.017288,225,0
atitlan,2025-04-13,701850.0,1626150.0,0.12605515,5.698852,225,0
atitlan,2025-04-13,702150.0,1626150.0,0.09835426,5.145629,225,0
atitlan,2025-04-13,702450.0,1626150.0,0.10859475,5.3045845,225,0
atitlan,2025-04-13,702750.0,1626150.0,0.15704046,6.5059905,225,0
atitlan,2025-04-13,703050.0,1626150.0,0.18242945,8.150517,225,0
atitlan,2025-04-13,703350.0,1626150.0,0.16429323,8.064816,225,0
atitlan,2025-04-13,703650.0,1626150.0,0.17847304,10.619356,225,0
atitlan,2025-04-13,703950.0,1626150.0,0.1904597,10.031472,225,0
atitlan,2025-04-13,704250.0,1626150.0,0.23654339,13.580804,225,1
atitlan,2025-04-13,704550.0,1626150.0,0.17318495,9.753788,225,0
atitlan,2025-04-13,704850.0,1626150.0,0.14547251,9.809082,225,0
atitlan,2025-04-13,705150.0,1626150.0,0.22186242,13.095938,225,1
atitlan,2025-04-13,705450.0,1626150.0,0.14797398,7.8328156,225,0
atitlan,2025-04-13,705750.0,1626150.0,0.09948351,6.7945046,225,0
atitlan,2025-04-13,706050.0,1626150.0,0.09468398,6.522779,225,0
atitlan,2025-04-13,706350.0,1626150.0,0.07333649,5.611451,225,0
atitlan,2025-04-13,706650.0,1626150.0,0.19392876,9.241326,225,0
atitlan,2025-04-13,706950.0,1626150.0,0.18938306,9.393263,225,0
atitlan,2025-04-13,707250.0,1626150.0,0.22591718,13.024382,225,1
atitlan,2025-04-13,707550.0,1626150.0,0.19424382,10.964935,225,0
atitlan,2025-04-13,707850.0,1626150.0,0.14368854,7.652983,45,0
atitlan,2025-04-13,680250.0,1626450.0,0.29385263,18.209911,180,1
atitlan,2025-04-13,680550.0,1626450.0,0.2929117,18.41502,225,1
atitlan,2025-04-13,680850.0,1626450.0,0.256671,14.288155,225,1
atitlan,2025-04-13,681150.0,1626450.0,0.29473343,19.075466,225,1
atitlan,2025-04-13,681450.0,1626450.0,0.29014966,20.351377,225,1
atitlan,2025-04-13,681750.0,1626450.0,0.27821925,18.713062,225,1
atitlan,2025-04-13,682050.0,1626450.0,0.2271051,12.60212,225,1
atitlan,2025-04-13,682350.0,1626450.0,0.23597893,11.926647,225,0
atitlan,2025-04-13,682650.0,1626450.0,0.20500821,8.551525,225,0
atitlan,2025-04-13,682950.0,1626450.0,0.1888209,8.760421,225,0
atitlan,2025-04-13,683250.0,1626450.0,0.16035253,7.3555465,225,0
atitlan,2025-04-13,683550.0,1626450.0,0.14156745,6.6230707,225,0
atitlan,2025-04-13,683850.0,1626450.0,0.13754366,6.4905453,225,0
atitlan,2025-04-13,684150.0,1626450.0,0.13887247,6.4957666,225,0
atitlan,2025-04-13,684450.0,1626450.0,0.048280083,4.8710637,225,0
atitlan,2025-04-13,684750.0,1626450.0,-0.047928635,2.6310344,225,0
atitlan,2025-04-13,685050.0,1626450.0,-0.057503987,2.2222145,225,0
atitlan,2025-04-13,685350.0,1626450.0,-0.062455334,1.9804904,225,0
atitlan,2025-04-13,685650.0,1626450.0,-0.066960655,1.7399122,225,0
atitlan,2025-04-13,685950.0,1626450.0,-0.06972683,1.5514765,225,0
atitlan,2025-04-13,686250.0,1626450.0,-0.07403341,1.3494984,225,0
atitlan,2025-04-13,686550.0,1626450.0,-0.07681292,1.181305,225,0
atitlan,2025-04-13,686850.0,1626450.0,-0.076272435,1.2141052,225,0
atitlan,2025-04-13,687150.0,1626450.0,-0.07714968,1.1632905,225,0
atitlan,2025-04-13,687450.0,1626450.0,-0.07897494,1.0497323,225,0
atitlan,2025-04-13,687750.0,1626450.0,-0.07831944,1.0921924,225,0
atitlan,2025-04-13,688050.0,1626450.0,-0.076796636,1.1873691,225,0
atitlan,2025-04-13,688350.0,1626450.0,-0.07233257,1.4391966,225,0
atitlan,2025-04-13,688650.0,1626450.0,-0.07082692,1.5270687,225,0
atitlan,2025-04-13,688950.0,1626450.0,-0.07209147,1.4511288,225,0
atitlan,2025-04-13,689250.0,1626450.0,-0.07147788,1.4887978,225,0
atitlan,2025-04-13,689550.0,1626450.0,-0.07056224,1.5424846,225,0
atitlan,2025-04-13,689850.0,1626450.0,-0.07131291,1.4993775,225,0
atitlan,2025-04-13,690150.0,1626450.0,-0.073071815,1.3954804,225,0
atitlan,2025-04-13,690450.0,1626450.0,-0.07304248,1.3978448,225,0
atitlan,2025-04-13,690750.0,1626450.0,-0.07544092,1.2567811,225,0
atitlan,2025-04-13,691050.0,1626450.0,-0.07617563,1.2168839,225,0
atitlan,2025-04-13,691350.0,1626450.0,-0.07450436,1.3130659,225,0
atitlan,2025-04-13,691650.0,1626450.0,-0.07564687,1.2482297,225,0
atitlan,2025-04-13,691950.0,1626450.0,-0.07490563,1.2885646,225,0
atitlan,2025-04-13,692250.0,1626450.0,-0.0738851,1.3444806,225,0
atitlan,2025-04-13,692550.0,1626450.0,-0.06891306,1.6214559,225,0
atitlan,2025-04-13,692850.0,1626450.0,-0.06654042,1.7585889,225,0
atitlan,2025-04-13,693150.0,1626450.0,-0.06556827,1.8031645,225,0
atitlan,2025-04-13,693450.0,1626450.0,-0.06755728,1.6980661,225,0
atitlan,2025-04-13,693750.0,1626450.0,-0.06855797,1.6523155,225,0
atitlan,2025-04-13,694050.0,1626450.0,-0.06864996,1.6336612,225,0
atitlan,2025-04-13,694350.0,1626450.0,-0.068506226,1.6319809,225,0
atitlan,2025-04-13,694650.0,1626450.0,-0.06448742,1.8629806,225,0
atitlan,2025-04-13,694950.0,1626450.0,-0.06463809,1.8552036,225,0
atitlan,2025-04-13,695250.0,1626450.0,-0.06754708,1.65682,225,0
atitlan,2025-04-13,695550.0,1626450.0,-0.06743025,1.6831614,225,0
atitlan,2025-04-13,695850.0,1626450.0,-0.06866609,1.6458619,225,0
atitlan,2025-04-13,696150.0,1626450.0,-0.06749171,1.7043114,225,0
atitlan,2025-04-13,696450.0,1626450.0,-0.06753106,1.7061442,225,0
atitlan,2025-04-13,696750.0,1626450.0,-0.06579221,1.7943778,225,0
atitlan,2025-04-13,697050.0,1626450.0,-0.06876045,1.6118788,225,0
atitlan,2025-04-13,697350.0,1626450.0,-0.0660218,1.7783275,225,0
atitlan,2025-04-13,697650.0,1626450.0,-0.06889736,1.6236398,225,0
atitlan,2025-04-13,697950.0,1626450.0,-0.0729239,1.4039645,225,0
atitlan,2025-04-13,698250.0,1626450.0,-0.074511744,1.3032235,225,0
atitlan,2025-04-13,698550.0,1626450.0,-0.072621375,1.4111814,225,0
atitlan,2025-04-13,698850.0,1626450.0,-0.07304881,1.392662,225,0
atitlan,2025-04-13,699150.0,1626450.0,-0.07163077,1.4670545,225,0
atitlan,2025-04-13,699450.0,1626450.0,-0.07223412,1.441741,225,0
atitlan,2025-04-13,699750.0,1626450.0,-0.07341028,1.3739958,225,0
atitlan,2025-04-13,700050.0,1626450.0,-0.07409942,1.3349438,225,0
atitlan,2025-04-13,700350.0,1626450.0,-0.07256109,1.4193319,225,0
atitlan,2025-04-13,700650.0,1626450.0,-0.071594656,1.4755945,225,0
atitlan,2025-04-13,700950.0,1626450.0,-0.06685667,1.7351713,225,0
atitlan,2025-04-13,701250.0,1626450.0,0.07235884,5.926308,225,0
atitlan,2025-04-13,701550.0,1626450.0,0.15102401,6.621222,225,0
atitlan,2025-04-13,701850.0,1626450.0,0.15757929,6.380799,225,0
atitlan,2025-04-13,702150.0,1626450.0,0.13075309,6.0518737,225,0
atitlan,2025-04-13,702450.0,1626450.0,0.114365555,5.743008,225,0
atitlan,2025-04-13,702750.0,1626450.0,0.15101305,6.3559465,225,0
atitlan,2025-04-13,703050.0,1626450.0,0.13883282,6.844312,225,0
atitlan,2025-04-13,703350.0,1626450.0,0.18601377,9.566932,225,0
atitlan,2025-04-13,703650.0,1626450.0,0.18209825,9.569959,225,0
atitlan,2025-04-13,703950.0,1626450.0,0.21947715,11.230325,225,0
atitlan,2025-04-13,704250.0,1626450.0,0.21299386,11.049695,225,0
atitlan,2025-04-13,704550.0,1626450.0,0.10291587,7.7832828,225,0
atitlan,2025-04-13,704850.0,1626450.0,0.11164005,7.0201325,225,0
atitlan,2025-04-13,705150.0,1626450.0,0.11864692,6.4595566,225,0
atitlan,2025-04-13,705450.0,1626450.0,0.17014413,8.733916,225,0
atitlan,2025-04-13,705750.0,1626450.0,0.20253628,11.074843,225,0
atitlan,2025-04-13,706050.0,1626450.0,0.19849674,11.017607,225,0
atitlan,2025-04-13,706350.0,1626450.0,0.2235045,11.069369,225,0
atitlan,2025-04-13,706650.0,1626450.0,0.22657202,11.619627,225,0
atitlan,2025-04-13,706950.0,1626450.0,0.20295486,10.787868,225,0
atitlan,2025-04-13,707250.0,1626450.0,0.2532411,15.283069,225,1
atitlan,2025-04-13,707550.0,1626450.0,0.16565672,9.117918,225,0
atitlan,2025-04-13,707850.0,1626450.0,0.14149836,5.920116,45,0
atitlan,2025-04-13,680250.0,1626750.0,0.29871586,18.10072,180,1
atitlan,2025-04-13,680550.0,1626750.0,0.2361878,11.069079,225,0
atitlan,2025-04-13,680850.0,1626750.0,0.26333663,14.571382,225,1
atitlan,2025-04-13,681150.0,1626750.0,0.29897982,19.032904,225,1
atitlan,2025-04-13,681450.0,1626750.0,0.2736229,18.730642,225,1
atitlan,2025-04-13,681750.0,1626750.0,0.3050857,21.926739,225,1
atitlan,2025-04-13,682050.0,1626750.0,0.21998005,15.070786,225,1
atitlan,2025-04-13,682350.0,1626750.0,0.25245148,17.27183,225,1
atitlan,2025-04-13,682650.0,1626750.0,0.28579283,19.220173,225,1
atitlan,2025-04-13,682950.0,1626750.0,0.29502147,21.865528,225,1
atitlan,2025-04-13,683250.0,1626750.0,0.3424559,28.854443,225,1
atitlan,2025-04-13,683550.0,1626750.0,0.24925488,15.372172,225,1
atitlan,2025-04-13,683850.0,1626750.0,0.2009515,10.834173,225,0
atitlan,2025-04-13,684150.0,1626750.0,0.16469882,7.281607,225,0
atitlan,2025-04-13,684450.0,1626750.0,0.18811548,8.301941,225,0
atitlan,2025-04-13,684750.0,1626750.0,0.06569079,6.256929,225,0
atitlan,2025-04-13,685050.0,1626750.0,-0.056586176,2.2667797,225,0
atitlan,2025-04-13,685350.0,1626750.0,-0.06295348,1.9589667,225,0
atitlan,2025-04-13,685650.0,1626750.0,-0.06587349,1.8052543,225,0
atitlan,2025-04-13,685950.0,1626750.0,-0.07044943,1.5544654,225,0
atitlan,2025-04-13,686250.0,1626750.0,-0.07187535,1.4744081,225,0
atitlan,2025-04-13,686550.0,1626750.0,-0.07203292,1.4659076,225,0
atitlan,2025-04-13,686850.0,1626750.0,-0.075328484,1.286776,225,0
atitlan,2025-04-13,687150.0,1626750.0,-0.07616807,1.2262354,225,0
atitlan,2025-04-13,687450.0,1626750.0,-0.077197894,1.1526606,225,0
atitlan,2025-04-13,687750.0,1626750.0,-0.07634305,1.2101738,225,0
atitlan,2025-04-13,688050.0,1626750.0,-0.078570396,1.0774107,225,0
atitlan,2025-04-13,688350.0,1626750.0,-0.07229491,1.4439572,225,0
atitlan,2025-04-13,688650.0,1626750.0,-0.06964699,1.5920146,225,0
atitlan,2025-04-13,688950.0,1626750.0,-0.069443494,1.6042011,225,0
atitlan,2025-04-13,689250.0,1626750.0,-0.06892489,1.6340774,225,0
atitlan,2025-04-13,689550.0,1626750.0,-0.06995179,1.5750976,225,0
atitlan,2025-04-13,689850.0,1626750.0,-0.07078862,1.5298909,225,0
atitlan,2025-04-13,690150.0,1626750.0,-0.071272045,1.4975734,225,0
atitlan,2025-04-13,690450.0,1626750.0,-0.07143218,1.492263,225,0
atitlan,2025-04-13,690750.0,1626750.0,-0.07309862,1.3971353,225,0
atitlan,2025-04-13,691050.0,1626750.0,-0.07449245,1.3163953,225,0
atitlan,2025-04-13,691350.0,1626750.0,-0.07449169,1.3120215,225,0
atitlan,2025-04-13,691650.0,1626750.0,-0.07439477,1.3181573,225,0
atitlan,2025-04-13,691950.0,1626750.0,-0.07517617,1.2736806,225,0
atitlan,2025-04-13,692250.0,1626750.0,-0.074546084,1.3073367,225,0
atitlan,2025-04-13,692550.0,1626750.0,-0.06910314,1.616511,225,0
atitlan,2025-04-13,692850.0,1626750.0,-0.067021735,1.7181021,225,0
atitlan,2025-04-13,693150.0,1626750.0,-0.06599362,1.7774941,225,0
atitlan,2025-04-13,693450.0,1626750.0,-0.06525689,1.8170369,225,0
atitlan,2025-04-13,693750.0,1626750.0,-0.06593504,1.7842768,225,0
atitlan,2025-04-13,694050.0,1626750.0,-0.067149445,1.7204012,225,0
atitlan,2025-04-13,694350.0,1626750.0,-0.06895734,1.6063435,225,0
atitlan,2025-04-13,694650.0,1626750.0,-0.07245673,1.40635,225,0
atitlan,2025-04-13,694950.0,1626750.0,-0.06950764,1.5653915,225,0
atitlan,2025-04-13,695250.0,1626750.0,-0.068859145,1.5971018,225,0
atitlan,2025-04-13,695550.0,1626750.0,-0.065502115,1.7851647,225,0
atitlan,2025-04-13,695850.0,1626750.0,-0.067931175,1.6822715,225,0
atitlan,2025-04-13,696150.0,1626750.0,-0.068490446,1.6465418,225,0
atitlan,2025-04-13,696450.0,1626750.0,-0.06909848,1.6128563,225,0
atitlan,2025-04-13,696750.0,1626750.0,-0.06599856,1.7825005,225,0
atitlan,2025-04-13,697050.0,1626750.0,-0.06757541,1.6775798,225,0
atitlan,2025-04-13,697350.0,1626750.0,-0.06360546,1.8996644,225,0
atitlan,2025-04-13,697650.0,1626750.0,-0.065123305,1.8276479,225,0
atitlan,2025-04-13,697950.0,1626750.0,-0.07038394,1.5443679,225,0
atitlan,2025-04-13,698250.0,1626750.0,-0.07086542,1.5169361,225,0
atitlan,2025-04-13,698550.0,1626750.0,-0.0752161,1.2726243,225,0
atitlan,2025-04-13,698850.0,1626750.0,-0.07590895,1.2283204,225,0
atitlan,2025-04-13,699150.0,1626750.0,-0.07355301,1.3666394,225,0
atitlan,2025-04-13,699450.0,1626750.0,-0.07560849,1.2386005,225,0
atitlan,2025-04-13,699750.0,1626750.0,-0.07523884,1.2690811,225,0
atitlan,2025-04-13,700050.0,1626750.0,-0.076836,1.1705587,225,0
atitlan,2025-04-13,700350.0,1626750.0,-0.07291984,1.3988863,225,0
atitlan,2025-04-13,700650.0,1626750.0,-0.070666455,1.5267777,225,0
atitlan,2025-04-13,700950.0,1626750.0,-0.06838961,1.654991,225,0
atitlan,2025-04-13,701250.0,1626750.0,0.026125569,3.9724069,225,0
atitlan,2025-04-13,701550.0,1626750.0,0.15362379,6.256409,225,0
atitlan,2025-04-13,701850.0,1626750.0,0.14661777,6.1508636,225,0
atitlan,2025-04-13,702150.0,1626750.0,0.17163128,7.480355,225,0
atitlan,2025-04-13,702450.0,1626750.0,0.20608701,9.392666,225,0
atitlan,2025-04-13,702750.0,1626750.0,0.15003759,8.121031,225,0
atitlan,2025-04-13,703050.0,1626750.0,0.17142968,10.2524805,225,0
atitlan,2025-04-13,703350.0,1626750.0,0.15589176,7.789738,225,0
atitlan,2025-04-13,703650.0,1626750.0,0.16843024,9.013801,225,0
atitlan,2025-04-13,703950.0,1626750.0,0.16155854,7.9986405,225,0
atitlan,2025-04-13,704250.0,1626750.0,0.24160461,11.65914,225,0
atitlan,2025-04-13,704550.0,1626750.0,0.24040274,13.397447,225,1
atitlan,2025-04-13,704850.0,1626750.0,0.18011022,10.763727,225,0
atitlan,2025-04-13,705150.0,1626750.0,0.1755607,9.318305,225,0
atitlan,2025-04-13,705450.0,1626750.0,0.14073227,6.9383945,225,0
atitlan,2025-04-13,705750.0,1626750.0,0.23173586,12.238575,225,1
atitlan,2025-04-13,706050.0,1626750.0,0.1515141,8.575917,225,0
atitlan,2025-04-13,706350.0,1626750.0,0.24186485,13.35576,225,1
atitlan,2025-04-13,706650.0,1626750.0,0.27043942,14.659241,225,1
atitlan,2025-04-13,706950.0,1626750.0,0.2831565,15.54829,225,1
atitlan,2025-04-13,707250.0,1626750.0,0.24583967,12.908626,225,1
atitlan,2025-04-13,707550.0,1626750.0,0.20975626,9.149587,225,0
atitlan,2025-04-13,707850.0,1626750.0,0.16144131,7.465398,45,0
atitlan,2025-04-13,680250.0,1627050.0,0.3557573,27.210766,180,1
atitlan,2025-04-13,680550.0,1627050.0,0.31172273,22.413727,225,1
atitlan,2025-04-13,680850.0,1627050.0,0.29236776,18.549042,225,1
atitlan,2025-04-13,681150.0,1627050.0,0.32382613,25.587145,225,1
atitlan,2025-04-13,681450.0,1627050.0,0.26163256,19.213564,225,1
atitlan,2025-04-13,681750.0,1627050.0,0.2653873,18.43155,225,1
atitlan,2025-04-13,682050.0,1627050.0,0.22559881,15.541044,225,1
atitlan,2025-04-13,682350.0,1627050.0,0.2477247,17.060993,225,1
atitlan,2025-04-13,682650.0,1627050.0,0.16464134,11.200004,225,0
atitlan,2025-04-13,682950.0,1627050.0,0.32059944,23.835943,225,1
atitlan,2025-04-13,683250.0,1627050.0,0.28873372,22.97079,225,1
atitlan,2025-04-13,683550.0,1627050.0,0.24075,14.932814,225,1
atitlan,2025-04-13,683850.0,1627050.0,0.22557002,11.430474,225,0
atitlan,2025-04-13,684150.0,1627050.0,0.19173583,8.193151,225,0
atitlan,2025-04-13,684450.0,1627050.0,0.15142627,7.0717025,225,0
atitlan,2025-04-13,684750.0,1627050.0,0.08687032,7.3640246,225,0
atitlan,2025-04-13,685050.0,1627050.0,-0.025257025,3.1249096,225,0
atitlan,2025-04-13,685350.0,1627050.0,-0.054334566,2.3506167,225,0
atitlan,2025-04-13,685650.0,1627050.0,-0.057748992,2.2022557,225,0
atitlan,2025-04-13,685950.0,1627050.0,-0.063236386,1.9362487,225,0
atitlan,2025-04-13,686250.0,1627050.0,-0.06758114,1.7114705,225,0
atitlan,2025-04-13,686550.0,1627050.0,-0.07030814,1.563569,225,0
atitlan,2025-04-13,686850.0,1627050.0,-0.07264666,1.4298048,225,0
atitlan,2025-04-13,687150.0,1627050.0,-0.074054375,1.35591,225,0
atitlan,2025-04-13,687450.0,1627050.0,-0.07579018,1.2471852,225,0
atitlan,2025-04-13,687750.0,1627050.0,-0.07460494,1.3169136,225,0
atitlan,2025-04-13,688050.0,1627050.0,-0.074942,1.2938623,225,0
atitlan,2025-04-13,688350.0,1627050.0,-0.07143972,1.4977558,225,0
atitlan,2025-04-13,688650.0,1627050.0,-0.06776604,1.6958755,225,0
atitlan,2025-04-13,688950.0,1627050.0,-0.06991575,1.5766791,225,0
atitlan,2025-04-13,689250.0,1627050.0,-0.06868312,1.644117,225,0
atitlan,2025-04-13,689550.0,1627050.0,-0.06838127,1.6601452,225,0
atitlan,2025-04-13,689850.0,1627050.0,-0.07048127,1.5476353,225,0
atitlan,2025-04-13,690150.0,1627050.0,-0.07172472,1.4761854,225,0
atitlan,2025-04-13,690450.0,1627050.0,-0.07234652,1.439631,225,0
atitlan,2025-04-13,690750.0,1627050.0,-0.073933594,1.3450675,225,0
atitlan,2025-04-13,691050.0,1627050.0,-0.07520327,1.2717062,225,0
atitlan,2025-04-13,691350.0,1627050.0,-0.075294726,1.2642586,225,0
atitlan,2025-04-13,691650.0,1627050.0,-0.07365724,1.3592459,225,0
atitlan,2025-04-13,691950.0,1627050.0,-0.073846534,1.3456945,225,0
atitlan,2025-04-13,692250.0,1627050.0,-0.072843455,1.3989275,225,0
atitlan,2025-04-13,692550.0,1627050.0,-0.0681809,1.665152,225,0
atitlan,2025-04-13,692850.0,1627050.0,-0.06739929,1.7089008,225,0
atitlan,2025-04-13,693150.0,1627050.0,-0.06404018,1.887209,225,0
atitlan,2025-04-13,693450.0,1627050.0,-0.065822154,1.7944689,225,0
atitlan,2025-04-13,693750.0,1627050.0,-0.064119264,1.8760406,225,0
atitlan,2025-04-13,694050.0,1627050.0,-0.06464222,1.8537865,225,0
atitlan,2025-04-13,694350.0,1627050.0,-0.064373314,1.8283678,225,0
atitlan,2025-04-13,694650.0,1627050.0,-0.06925105,1.5943899,225,0
atitlan,2025-04-13,694950.0,1627050.0,-0.066995844,1.704505,225,0
atitlan,2025-04-13,695250.0,1627050.0,-0.0625796,1.9503284,225,0
atitlan,2025-04-13,695550.0,1627050.0,-0.06535128,1.7881227,225,0
atitlan,2025-04-13,695850.0,1627050.0,-0.06461739,1.8300143,225,0
atitlan,2025-04-13,696150.0,1627050.0,-0.06732409,1.7033691,225,0
atitlan,2025-04-13,696450.0,1627050.0,-0.06548768,1.811766,225,0
atitlan,2025-04-13,696750.0,1627050.0,-0.06596787,1.7887173,225,0
atitlan,2025-04-13,697050.0,1627050.0,-0.06557345,1.796647,225,0
atitlan,2025-04-13,697350.0,1627050.0,-0.06638646,1.7494533,225,0
atitlan,2025-04-13,697650.0,1627050.0,-0.06584916,1.7871045,225,0
atitlan,2025-04-13,697950.0,1627050.0,-0.07002334,1.5642724,225,0
atitlan,2025-04-13,698250.0,1627050.0,-0.07217858,1.442487,225,0
atitlan,2025-04-13,698550.0,1627050.0,-0.076335765,1.2062192,225,0
atitlan,2025-04-13,698850.0,1627050.0,-0.07662849,1.1930853,225,0
atitlan,2025-04-13,699150.0,1627050.0,-0.07569088,1.2430571,225,0
atitlan,2025-04-13,699450.0,1627050.0,-0.07539139,1.2577171,225,0
atitlan,2025-04-13,699750.0,1627050.0,-0.07358192,1.3627263,225,0
atitlan,2025-04-13,700050.0,1627050.0,-0.07571619,1.239367,225,0
atitlan,2025-04-13,700350.0,1627050.0,-0.071903065,1.4558213,225,0
atitlan,2025-04-13,700650.0,1627050.0,-0.06813934,1.672059,225,0
atitlan,2025-04-13,700950.0,1627050.0,-0.06383878,1.9015887,225,0
atitlan,2025-04-13,701250.0,1627050.0,0.09005569,6.108975,225,0
atitlan,2025-04-13,701550.0,1627050.0,0.14332756,5.923848,225,0
atitlan,2025-04-13,701850.0,1627050.0,0.20802788,10.047229,225,0
atitlan,2025-04-13,702150.0,1627050.0,0.2914726,17.121704,225,1
atitlan,2025-04-13,702450.0,1627050.0,0.24066754,11.918754,225,0
atitlan,2025-04-13,702750.0,1627050.0,0.20222081,9.943901,225,0
atitlan,2025-04-13,703050.0,1627050.0,0.24465144,13.662028,225,1
atitlan,2025-04-13,703350.0,1627050.0,0.18803054,11.013564,225,0
atitlan,2025-04-13,703650.0,1627050.0,0.14824353,8.229942,225,0
atitlan,2025-04-13,703950.0,1627050.0,0.10186354,7.577975,225,0
atitlan,2025-04-13,704250.0,1627050.0,0.17140211,9.587272,225,0
atitlan,2025-04-13,704550.0,1627050.0,0.26486006,14.466039,225,1
atitlan,2025-04-13,704850.0,1627050.0,0.2368062,13.402104,225,1
atitlan,2025-04-13,705150.0,1627050.0,0.15814519,9.466653,225,0
atitlan,2025-04-13,705450.0,1627050.0,0.18451527,8.637958,225,0
atitlan,2025-04-13,705750.0,1627050.0,0.18161055,9.215418,225,0
atitlan,2025-04-13,706050.0,1627050.0,0.1936417,10.434571,225,0
atitlan,2025-04-13,706350.0,1627050.0,0.21861725,11.529087,225,0
atitlan,2025-04-13,706650.0,1627050.0,0.25556752,13.951319,225,1
atitlan,2025-04-13,706950.0,1627050.0,0.26740924,15.198422,225,1
atitlan,2025-04-13,707250.0,1627050.0,0.22148857,13.269386,225,1
atitlan,2025-04-13,707550.0,1627050.0,0.19591141,8.682069,225,0
atitlan,2025-04-13,707850.0,1627050.0,0.20611885,10.196558,45,0
atitlan,2025-04-13,680250.0,1627350.0,0.37678277,33.199497,180,1
atitlan,2025-04-13,680550.0,1627350.0,0.3878301,35.08132,225,1
atitlan,2025-04-13,680850.0,1627350.0,0.33810505,25.292028,225,1
atitlan,2025-04-13,681150.0,1627350.0,0.35421762,29.688671,225,1
atitlan,2025-04-13,681450.0,1627350.0,0.34734207,29.066957,225,1
atitlan,2025-04-13,681750.0,1627350.0,0.18970089,13.638769,225,1
atitlan,2025-04-13,682050.0,1627350.0,0.20708574,13.706361,225,1
atitlan,2025-04-13,682350.0,1627350.0,0.12295633,8.360534,225,0
atitlan,2025-04-13,682650.0,1627350.0,0.06667969,5.2395873,225,0
atitlan,2025-04-13,682950.0,1627350.0,0.20147003,13.806996,225,1
atitlan,2025-04-13,683250.0,1627350.0,0.23345155,14.978524,225,1
atitlan,2025-04-13,683550.0,1627350.0,0.22385234,14.47327,225,1
atitlan,2025-04-13,683850.0,1627350.0,0.21290044,9.674628,225,0
atitlan,2025-04-13,684150.0,1627350.0,0.24378473,12.475661,225,1
atitlan,2025-04-13,684450.0,1627350.0,0.16645,7.244591,225,0
atitlan,2025-04-13,684750.0,1627350.0,0.14498533,6.897643,225,0
atitlan,2025-04-13,685050.0,1627350.0,0.18260926,8.839635,225,0
atitlan,2025-04-13,685350.0,1627350.0,0.10348261,6.2733,225,0
atitlan,2025-04-13,685650.0,1627350.0,0.107674435,6.409604,225,0
atitlan,2025-04-13,685950.0,1627350.0,0.016716776,4.3053846,225,0
atitlan,2025-04-13,686250.0,1627350.0,-0.05697442,2.245606,225,0
atitlan,2025-04-13,686550.0,1627350.0,-0.064404406,1.8772247,225,0
atitlan,2025-04-13,686850.0,1627350.0,-0.068837464,1.6433665,225,0
atitlan,2025-04-13,687150.0,1627350.0,-0.06931122,1.6190836,225,0
atitlan,2025-04-13,687450.0,1627350.0,-0.071541384,1.492535,225,0
atitlan,2025-04-13,687750.0,1627350.0,-0.07178659,1.4787664,225,0
atitlan,2025-04-13,688050.0,1627350.0,-0.07244469,1.4390459,225,0
atitlan,2025-04-13,688350.0,1627350.0,-0.07117314,1.5075535,225,0
atitlan,2025-04-13,688650.0,1627350.0,-0.06730414,1.7257742,225,0
atitlan,2025-04-13,688950.0,1627350.0,-0.06872963,1.6436913,225,0
atitlan,2025-04-13,689250.0,1627350.0,-0.068322815,1.6662637,225,0
atitlan,2025-04-13,689550.0,1627350.0,-0.068750195,1.6404762,225,0
atitlan,2025-04-13,689850.0,1627350.0,-0.06821629,1.6569247,225,0
atitlan,2025-04-13,690150.0,1627350.0,-0.07021769,1.5616715,225,0
atitlan,2025-04-13,690450.0,1627350.0,-0.07096322,1.518164,225,0
atitlan,2025-04-13,690750.0,1627350.0,-0.07240796,1.4323835,225,0
atitlan,2025-04-13,691050.0,1627350.0,-0.07390008,1.3485976,225,0
atitlan,2025-04-13,691350.0,1627350.0,-0.07376549,1.3490849,225,0
atitlan,2025-04-13,691650.0,1627350.0,-0.070214875,1.5489833,225,0
atitlan,2025-04-13,691950.0,1627350.0,-0.07015341,1.5523105,225,0
atitlan,2025-04-13,692250.0,1627350.0,-0.06993933,1.5710226,225,0
atitlan,2025-04-13,692550.0,1627350.0,-0.069728,1.5700672,225,0
atitlan,2025-04-13,692850.0,1627350.0,-0.06831592,1.6478305,225,0
atitlan,2025-04-13,693150.0,1627350.0,-0.066704415,1.741108,225,0
atitlan,2025-04-13,693450.0,1627350.0,-0.06714928,1.710395,225,0
atitlan,2025-04-13,693750.0,1627350.0,-0.06736041,1.6966076,225,0
atitlan,2025-04-13,694050.0,1627350.0,-0.066245325,1.7590497,225,0
atitlan,2025-04-13,694350.0,1627350.0,-0.06443699,1.855857,225,0
atitlan,2025-04-13,694650.0,1627350.0,-0.06359231,1.9076098,225,0
atitlan,2025-04-13,694950.0,1627350.0,-0.06460613,1.8543649,225,0
atitlan,2025-04-13,695250.0,1627350.0,-0.06409209,1.8820212,225,0
atitlan,2025-04-13,695550.0,1627350.0,-0.06456042,1.8434337,225,0
atitlan,2025-04-13,695850.0,1627350.0,-0.065488964,1.8004692,225,0
atitlan,2025-04-13,696150.0,1627350.0,-0.066138744,1.7669778,225,0
atitlan,2025-04-13,696450.0,1627350.0,-0.06562124,1.8065726,225,0
atitlan,2025-04-13,696750.0,1627350.0,-0.06720104,1.7208915,225,0
atitlan,2025-04-13,697050.0,1627350.0,-0.06319256,1.9323218,225,0
atitlan,2025-04-13,697350.0,1627350.0,-0.0639946,1.8600674,225,0
atitlan,2025-04-13,697650.0,1627350.0,-0.06481593,1.8340187,225,0
atitlan,2025-04-13,697950.0,1627350.0,-0.06566349,1.8067603,225,0
atitlan,2025-04-13,698250.0,1627350.0,-0.06791963,1.6776528,225,0
atitlan,2025-04-13,698550.0,1627350.0,-0.07188465,1.444472,225,0
atitlan,2025-04-13,698850.0,1627350.0,-0.07243145,1.4258373,225,0
atitlan,2025-04-13,699150.0,1627350.0,-0.07200523,1.4541117,225,0
atitlan,2025-04-13,699450.0,1627350.0,-0.070085414,1.5449822,225,0
atitlan,2025-04-13,699750.0,1627350.0,-0.07376341,1.3501539,225,0
atitlan,2025-04-13,700050.0,1627350.0,-0.07310469,1.3930298,225,0
atitlan,2025-04-13,700350.0,1627350.0,-0.06934619,1.6117275,225,0
atitlan,2025-04-13,700650.0,1627350.0,-0.06928379,1.6095531,225,0
atitlan,2025-04-13,700950.0,1627350.0,-0.060871284,2.043697,225,0
atitlan,2025-04-13,701250.0,1627350.0,0.15045375,8.032146,225,0
atitlan,2025-04-13,701550.0,1627350.0,0.13662826,5.813374,225,0
atitlan,2025-04-13,701850.0,1627350.0,0.20994043,9.388293,225,0
atitlan,2025-04-13,702150.0,1627350.0,0.24743521,12.506427,225,1
atitlan,2025-04-13,702450.0,1627350.0,0.21392015,11.780384,225,0
atitlan,2025-04-13,702750.0,1627350.0,0.18847774,10.057559,225,0
atitlan,2025-04-13,703050.0,1627350.0,0.23494436,13.381409,225,1
atitlan,2025-04-13,703350.0,1627350.0,0.25516748,16.582909,225,1
atitlan,2025-04-13,703650.0,1627350.0,0.12502466,6.2135143,225,0
atitlan,2025-04-13,703950.0,1627350.0,0.13891667,9.560234,225,0
atitlan,2025-04-13,704250.0,1627350.0,0.2289346,13.599921,225,1
atitlan,2025-04-13,704550.0,1627350.0,0.13858116,8.867772,225,0
atitlan,2025-04-13,704850.0,1627350.0,0.10220097,6.7417054,225,0
atitlan,2025-04-13,705150.0,1627350.0,0.21602727,12.191833,225,1
atitlan,2025-04-13,705450.0,1627350.0,0.1924948,8.948168,225,0
atitlan,2025-04-13,705750.0,1627350.0,0.21881267,11.630775,225,0
atitlan,2025-04-13,706050.0,1627350.0,0.08218851,5.170108,225,0
atitlan,2025-04-13,706350.0,1627350.0,0.11591003,5.769942,225,0
atitlan,2025-04-13,706650.0,1627350.0,0.20056745,9.6751175,225,0
atitlan,2025-04-13,706950.0,1627350.0,0.26587707,14.717829,225,1
atitlan,2025-04-13,707250.0,1627350.0,0.2639522,13.260839,225,1
atitlan,2025-04-13,707550.0,1627350.0,0.24890083,12.590488,225,1
atitlan,2025-04-13,707850.0,1627350.0,0.18191645,7.8932366,45,0
atitlan,2025-04-13,680250.0,1627650.0,0.39185798,35.05807,180,1
atitlan,2025-04-13,680550.0,1627650.0,0.39734423,36.83731,225,1
atitlan,2025-04-13,680850.0,1627650.0,0.35082632,29.789204,225,1
atitlan,2025-04-13,681150.0,1627650.0,0.32035944,25.926743,225,1
atitlan,2025-04-13,681450.0,1627650.0,0.3077988,25.272907,225,1
atitlan,2025-04-13,681750.0,1627650.0,0.26792103,20.624048,225,1
atitlan,2025-04-13,682050.0,1627650.0,0.12213333,9.450676,225,0
atitlan,2025-04-13,682350.0,1627650.0,0.16914976,11.933142,225,0
atitlan,2025-04-13,682650.0,1627650.0,0.11026061,8.113897,225,0
atitlan,2025-04-13,682950.0,1627650.0,0.06964388,5.3149257,225,0
atitlan,2025-04-13,683250.0,1627650.0,0.10964688,7.053161,225,0
atitlan,2025-04-13,683550.0,1627650.0,0.17802097,10.367227,225,0
atitlan,2025-04-13,683850.0,1627650.0,0.22251026,11.389346,225,0
atitlan,2025-04-13,684150.0,1627650.0,0.26082736,14.767163,225,1
atitlan,2025-04-13,684450.0,1627650.0,0.20895284,9.493285,225,0
atitlan,2025-04-13,684750.0,1627650.0,0.1872123,8.294976,225,0
atitlan,2025-04-13,685050.0,1627650.0,0.16530827,8.009235,225,0
atitlan,2025-04-13,685350.0,1627650.0,0.20334674,10.347043,225,0
atitlan,2025-04-13,685650.0,1627650.0,0.16911276,9.021471,225,0
atitlan,2025-04-13,685950.0,1627650.0,0.1799847,9.808042,225,0
atitlan,2025-04-13,686250.0,1627650.0,0.05769446,5.0876026,225,0
atitlan,2025-04-13,686550.0,1627650.0,-0.054367553,2.301278,225,0
atitlan,2025-04-13,686850.0,1627650.0,-0.062325437,1.99018,225,0
atitlan,2025-04-13,687150.0,1627650.0,-0.06604554,1.7952442,225,0
atitlan,2025-04-13,687450.0,1627650.0,-0.06760566,1.7136201,225,0
atitlan,2025-04-13,687750.0,1627650.0,-0.07054516,1.5895143,225,0
atitlan,2025-04-13,688050.0,1627650.0,-0.068403415,1.66955,225,0
atitlan,2025-04-13,688350.0,1627650.0,-0.07023461,1.5675378,225,0
atitlan,2025-04-13,688650.0,1627650.0,-0.06445681,1.8724363,225,0
atitlan,2025-04-13,688950.0,1627650.0,-0.06648521,1.7657254,225,0
atitlan,2025-04-13,689250.0,1627650.0,-0.066530906,1.7627662,225,0
atitlan,2025-04-13,689550.0,1627650.0,-0.068100326,1.6806978,225,0
atitlan,2025-04-13,689850.0,1627650.0,-0.067984216,1.681274,225,0
atitlan,2025-04-13,690150.0,1627650.0,-0.06958855,1.5953506,225,0
atitlan,2025-04-13,690450.0,1627650.0,-0.07070848,1.5254982,225,0
atitlan,2025-04-13,690750.0,1627650.0,-0.07031272,1.5538352,225,0
atitlan,2025-04-13,691050.0,1627650.0,-0.071664274,1.4765737,225,0
atitlan,2025-04-13,691350.0,1627650.0,-0.07200936,1.455298,225,0
atitlan,2025-04-13,691650.0,1627650.0,-0.07043991,1.548189,225,0
atitlan,2025-04-13,691950.0,1627650.0,-0.070807695,1.5265943,225,0
atitlan,2025-04-13,692250.0,1627650.0,-0.07004563,1.5672303,225,0
atitlan,2025-04-13,692550.0,1627650.0,-0.069400325,1.5963464,225,0
atitlan,2025-04-13,692850.0,1627650.0,-0.067034386,1.7247986,225,0
atitlan,2025-04-13,693150.0,1627650.0,-0.0669708,1.7310257,225,0
atitlan,2025-04-13,693450.0,1627650.0,-0.06681373,1.7350864,225,0
atitlan,2025-04-13,693750.0,1627650.0,-0.06748549,1.7035917,225,0
atitlan,2025-04-13,694050.0,1627650.0,-0.06613922,1.7759084,225,0
atitlan,2025-04-13,694350.0,1627650.0,-0.064119175,1.882031,225,0
atitlan,2025-04-13,694650.0,1627650.0,-0.061083037,2.037846,225,0
atitlan,2025-04-13,694950.0,1627650.0,-0.06251156,1.9656105,225,0
atitlan,2025-04-13,695250.0,1627650.0,-0.06183482,1.9951743,225,0
atitlan,2025-04-13,695550.0,1627650.0,-0.0637075,1.8920962,225,0
atitlan,2025-04-13,695850.0,1627650.0,-0.0646259,1.8500465,225,0
atitlan,2025-04-13,696150.0,1627650.0,-0.062208172,1.9552126,225,0
atitlan,2025-04-13,696450.0,1627650.0,-0.063096106,1.9328007,225,0
atitlan,2025-04-13,696750.0,1627650.0,-0.06381803,1.8968105,225,0
atitlan,2025-04-13,697050.0,1627650.0,-0.062438767,1.9706877,225,0
atitlan,2025-04-13,697350.0,1627650.0,-0.062245276,1.9620502,225,0
atitlan,2025-04-13,697650.0,1627650.0,-0.06149049,2.0157344,225,0
atitlan,2025-04-13,697950.0,1627650.0,-0.06311693,1.930042,225,0
atitlan,2025-04-13,698250.0,1627650.0,-0.065257154,1.8121128,225,0
atitlan,2025-04-13,698550.0,1627650.0,-0.068218075,1.659302,225,0
atitlan,2025-04-13,698850.0,1627650.0,-0.07107196,1.5118898,225,0
atitlan,2025-04-13,699150.0,1627650.0,-0.07010281,1.5556535,225,0
atitlan,2025-04-13,699450.0,1627650.0,-0.068383045,1.6499273,225,0
atitlan,2025-04-13,699750.0,1627650.0,-0.07330962,1.3737748,225,0
atitlan,2025-04-13,700050.0,1627650.0,-0.07226419,1.4431044,225,0
atitlan,2025-04-13,700350.0,1627650.0,-0.06485727,1.7761745,225,0
atitlan,2025-04-13,700650.0,1627650.0,-0.06440924,1.872054,225,0
atitlan,2025-04-13,700950.0,1627650.0,-0.0338464,2.9334686,225,0
atitlan,2025-04-13,701250.0,1627650.0,0.16860878,8.035938,225,0
atitlan,2025-04-13,701550.0,1627650.0,0.12839371,5.538557,225,0
atitlan,2025-04-13,701850.0,1627650.0,0.16854684,7.3223157,225,0
atitlan,2025-04-13,702150.0,1627650.0,0.22358105,11.804544,225,0
atitlan,2025-04-13,702450.0,1627650.0,0.24514256,13.733013,225,1
atitlan,2025-04-13,702750.0,1627650.0,0.17082256,9.176542,225,0
atitlan,2025-04-13,703050.0,1627650.0,0.14555736,7.416732,225,0
atitlan,2025-04-13,703350.0,1627650.0,0.20085062,12.762107,225,1
atitlan,2025-04-13,703650.0,1627650.0,0.19114323,12.201647,225,1
atitlan,2025-04-13,703950.0,1627650.0,0.2304691,14.101956,225,1
atitlan,2025-04-13,704250.0,1627650.0,0.13154505,7.907533,225,0
atitlan,2025-04-13,704550.0,1627650.0,0.12940946,8.639649,225,0
atitlan,2025-04-13,704850.0,1627650.0,0.16059051,9.381766,225,0
atitlan,2025-04-13,705150.0,1627650.0,0.13092089,7.212303,225,0
atitlan,2025-04-13,705450.0,1627650.0,0.12908441,7.206684,225,0
atitlan,2025-04-13,705750.0,1627650.0,0.20975181,10.819013,225,0
atitlan,2025-04-13,706050.0,1627650.0,0.13861418,7.9428616,225,0
atitlan,2025-04-13,706350.0,1627650.0,0.15596546,8.032033,225,0
atitlan,2025-04-13,706650.0,1627650.0,0.16236618,7.5581965,225,0
atitlan,2025-04-13,706950.0,1627650.0,0.26215222,14.910663,225,1
atitlan,2025-04-13,707250.0,1627650.0,0.20542367,11.043117,225,0
atitlan,2025-04-13,707550.0,1627650.0,0.22833201,10.902968,225,0
atitlan,2025-04-13,707850.0,1627650.0,0.24081671,11.509687,45,0
atitlan,2025-04-13,680250.0,1627950.0,0.4055164,38.37276,180,1
atitlan,2025-04-13,680550.0,1627950.0,0.3865075,36.01211,225,1
atitlan,2025-04-13,680850.0,1627950.0,0.35639846,30.238075,225,1
atitlan,2025-04-13,681150.0,1627950.0,0.34325328,27.695868,225,1
atitlan,2025-04-13,681450.0,1627950.0,0.33896044,27.201406,225,1
atitlan,2025-04-13,681750.0,1627950.0,0.27240622,19.741795,225,1
atitlan,2025-04-13,682050.0,1627950.0,0.15832917,11.300719,225,0
atitlan,2025-04-13,682350.0,1627950.0,0.11700543,7.3202915,225,0
atitlan,2025-04-13,682650.0,1627950.0,0.13610266,8.639958,225,0
atitlan,2025-04-13,682950.0,1627950.0,0.14010824,9.504403,225,0
atitlan,2025-04-13,683250.0,1627950.0,0.17001778,11.507047,225,0
atitlan,2025-04-13,683550.0,1627950.0,0.22582501,12.60814,225,1
atitlan,2025-04-13,683850.0,1627950.0,0.21769243,10.76986,225,0
atitlan,2025-04-13,684150.0,1627950.0,0.24252863,12.396607,225,1
atitlan,2025-04-13,684450.0,1627950.0,0.20624636,9.913186,225,0
atitlan,2025-04-13,684750.0,1627950.0,0.21418157,10.148466,225,0
atitlan,2025-04-13,685050.0,1627950.0,0.18453576,8.312853,225,0
atitlan,2025-04-13,685350.0,1627950.0,0.19614004,10.020099,225,0
atitlan,2025-04-13,685650.0,1627950.0,0.17670254,7.669363,225,0
atitlan,2025-04-13,685950.0,1627950.0,0.109433785,7.0045414,225,0
atitlan,2025-04-13,686250.0,1627950.0,0.13897386,7.455441,225,0
atitlan,2025-04-13,686550.0,1627950.0,0.047454298,4.957983,225,0
atitlan,2025-04-13,686850.0,1627950.0,-0.05709568,2.2458026,225,0
atitlan,2025-04-13,687150.0,1627950.0,-0.055666804,2.233155,225,0
atitlan,2025-04-13,687450.0,1627950.0,-0.05845103,2.156999,225,0
atitlan,2025-04-13,687750.0,1627950.0,-0.063166626,1.9453399,225,0
atitlan,2025-04-13,688050.0,1627950.0,-0.064010404,1.9003268,225,0
atitlan,2025-04-13,688350.0,1627950.0,-0.06499761,1.8497397,225,0
atitlan,2025-04-13,688650.0,1627950.0,-0.062294096,1.9844799,225,0
atitlan,2025-04-13,688950.0,1627950.0,-0.06254946,1.9709654,225,0
atitlan,2025-04-13,689250.0,1627950.0,-0.06468478,1.8561155,225,0
atitlan,2025-04-13,689550.0,1627950.0,-0.06649657,1.7661022,225,0
atitlan,2025-04-13,689850.0,1627950.0,-0.067945525,1.6835439,225,0
atitlan,2025-04-13,690150.0,1627950.0,-0.06951054,1.5991616,225,0
atitlan,2025-04-13,690450.0,1627950.0,-0.06950061,1.5995476,225,0
atitlan,2025-04-13,690750.0,1627950.0,-0.07040142,1.5483419,225,0
atitlan,2025-04-13,691050.0,1627950.0,-0.070924036,1.5201848,225,0
atitlan,2025-04-13,691350.0,1627950.0,-0.07192866,1.4483162,225,0
atitlan,2025-04-13,691650.0,1627950.0,-0.073132984,1.3954208,225,0
atitlan,2025-04-13,691950.0,1627950.0,-0.073831655,1.347947,225,0
atitlan,2025-04-13,692250.0,1627950.0,-0.070102066,1.5603927,225,0
atitlan,2025-04-13,692550.0,1627950.0,-0.07148422,1.4760174,225,0
atitlan,2025-04-13,692850.0,1627950.0,-0.06804862,1.6629834,225,0
atitlan,2025-04-13,693150.0,1627950.0,-0.068412624,1.6442503,225,0
atitlan,2025-04-13,693450.0,1627950.0,-0.06768732,1.6836714,225,0
atitlan,2025-04-13,693750.0,1627950.0,-0.06656132,1.7503488,225,0
atitlan,2025-04-13,694050.0,1627950.0,-0.06377327,1.8982242,225,0
atitlan,2025-04-13,694350.0,1627950.0,-0.064796984,1.845811,225,0
atitlan,2025-04-13,694650.0,1627950.0,-0.063014604,1.9389769,225,0
atitlan,2025-04-13,694950.0,1627950.0,-0.060643047,2.0609343,225,0
atitlan,2025-04-13,695250.0,1627950.0,-0.061204117,2.0282657,225,0
atitlan,2025-04-13,695550.0,1627950.0,-0.061140995,2.034696,225,0
atitlan,2025-04-13,695850.0,1627950.0,-0.062023874,1.9718912,225,0
atitlan,2025-04-13,696150.0,1627950.0,-0.061893176,1.9794968,225,0
atitlan,2025-04-13,696450.0,1627950.0,-0.061475158,2.0063217,225,0
atitlan,2025-04-13,696750.0,1627950.0,-0.06229661,1.9785587,225,0
atitlan,2025-04-13,697050.0,1627950.0,-0.06295749,1.9372182,225,0
atitlan,2025-04-13,697350.0,1627950.0,-0.06522762,1.8123153,225,0
atitlan,2025-04-13,697650.0,1627950.0,-0.06464112,1.8562256,225,0
atitlan,2025-04-13,697950.0,1627950.0,-0.06337745,1.9246798,225,0
atitlan,2025-04-13,698250.0,1627950.0,-0.06266661,1.941907,225,0
atitlan,2025-04-13,698550.0,1627950.0,-0.06747118,1.705582,225,0
atitlan,2025-04-13,698850.0,1627950.0,-0.06509008,1.830279,225,0
atitlan,2025-04-13,699150.0,1627950.0,-0.061806414,1.9953582,225,0
atitlan,2025-04-13,699450.0,1627950.0,-0.067072175,1.7171167,225,0
atitlan,2025-04-13,699750.0,1627950.0,-0.07189148,1.4596038,225,0
atitlan,2025-04-13,700050.0,1627950.0,-0.06893024,1.633517,225,0
atitlan,2025-04-13,700350.0,1627950.0,-0.06356962,1.9038601,225,0
atitlan,2025-04-13,700650.0,1627950.0,-0.05828218,2.1649303,225,0
atitlan,2025-04-13,700950.0,1627950.0,0.060787067,6.052915,225,0
atitlan,2025-04-13,701250.0,1627950.0,0.13989018,6.5995874,225,0
atitlan,2025-04-13,701550.0,1627950.0,0.14358702,6.6643095,225,0
atitlan,2025-04-13,701850.0,1627950.0,0.21488127,10.818515,225,0
atitlan,2025-04-13,702150.0,1627950.0,0.21319772,12.357832,225,1
atitlan,2025-04-13,702450.0,1627950.0,0.10962413,7.0592895,225,0
atitlan,2025-04-13,702750.0,1627950.0,0.26830307,16.21399,225,1
atitlan,2025-04-13,703050.0,1627950.0,0.09472508,7.5217967,225,0
atitlan,2025-04-13,703350.0,1627950.0,0.14946595,10.465845,225,0
atitlan,2025-04-13,703650.0,1627950.0,0.111189775,6.9258733,225,0
atitlan,2025-04-13,703950.0,1627950.0,0.15128006,8.868111,225,0
atitlan,2025-04-13,704250.0,1627950.0,0.1438268,9.140177,225,0
atitlan,2025-04-13,704550.0,1627950.0,0.12725207,8.149831,225,0
atitlan,2025-04-13,704850.0,1627950.0,0.13600981,9.752716,225,0
atitlan,2025-04-13,705150.0,1627950.0,0.20764251,12.518145,225,1
atitlan,2025-04-13,705450.0,1627950.0,0.2345133,12.310544,225,1
atitlan,2025-04-13,705750.0,1627950.0,0.18993743,8.982866,225,0
atitlan,2025-04-13,706050.0,1627950.0,0.187184,9.663369,225,0
atitlan,2025-04-13,706350.0,1627950.0,0.26160896,13.160733,225,1
atitlan,2025-04-13,706650.0,1627950.0,0.22350273,11.037519,225,0
atitlan,2025-04-13,706950.0,1627950.0,0.12043624,6.321255,225,0
atitlan,2025-04-13,707250.0,1627950.0,0.22510594,12.956971,225,1
atitlan,2025-04-13,707550.0,1627950.0,0.23106965,11.206606,225,0
atitlan,2025-04-13,707850.0,1627950.0,0.21145861,9.469088,45,0
atitlan,2025-04-13,680250.0,1628250.0,0.36289635,34.111053,180,1
atitlan,2025-04-13,680550.0,1628250.0,0.36976847,34.694515,225,1
atitlan,2025-04-13,680850.0,1628250.0,0.31868804,24.77764,225,1
atitlan,2025-04-13,681150.0,1628250.0,0.34754115,29.8827,225,1
atitlan,2025-04-13,681450.0,1628250.0,0.35262105,28.298525,225,1
atitlan,2025-04-13,681750.0,1628250.0,0.34719655,26.897245,225,1
atitlan,2025-04-13,682050.0,1628250.0,0.28109044,20.016718,225,1
atitlan,2025-04-13,682350.0,1628250.0,0.24198677,18.339918,225,1
atitlan,2025-04-13,682650.0,1628250.0,0.2112127,15.177435,225,1
atitlan,2025-04-13,682950.0,1628250.0,0.30587727,23.151299,225,1
atitlan,2025-04-13,683250.0,1628250.0,0.2934059,22.148054,225,1
atitlan,2025-04-13,683550.0,1628250.0,0.25799096,15.829312,225,1
atitlan,2025-04-13,683850.0,1628250.0,0.1978375,8.576258,225,0
atitlan,2025-04-13,684150.0,1628250.0,0.24678552,12.6161785,225,1
atitlan,2025-04-13,684450.0,1628250.0,0.24164918,11.547575,225,0
atitlan,2025-04-13,684750.0,1628250.0,0.22725676,10.203918,225,0
atitlan,2025-04-13,685050.0,1628250.0,0.20855011,9.620928,225,0
atitlan,2025-04-13,685350.0,1628250.0,0.18773407,8.206262,225,0
atitlan,2025-04-13,685650.0,1628250.0,0.18312576,8.758235,225,0
atitlan,2025-04-13,685950.0,1628250.0,0.044163037,4.551842,225,0
atitlan,2025-04-13,686250.0,1628250.0,0.15254237,7.798795,225,0
atitlan,2025-04-13,686550.0,1628250.0,0.12534484,7.5425544,225,0
atitlan,2025-04-13,686850.0,1628250.0,-0.046703737,2.679219,225,0
atitlan,2025-04-13,687150.0,1628250.0,0.033500217,4.2691407,225,0
atitlan,2025-04-13,687450.0,1628250.0,0.10169511,6.884672,225,0
atitlan,2025-04-13,687750.0,1628250.0,-0.02843462,3.1015735,225,0
atitlan,2025-04-13,688050.0,1628250.0,-0.030828504,2.865329,225,0
atitlan,2025-04-13,688350.0,1628250.0,-0.0058738324,3.5099096,225,0
atitlan,2025-04-13,688650.0,1628250.0,-0.005830071,4.1583233,225,0
atitlan,2025-04-13,688950.0,1628250.0,-0.05317718,2.4020364,225,0
atitlan,2025-04-13,689250.0,1628250.0,-0.062370956,1.9802375,225,0
atitlan,2025-04-13,689550.0,1628250.0,-0.063705906,1.9071934,225,0
atitlan,2025-04-13,689850.0,1628250.0,-0.066601686,1.7563037,225,0
atitlan,2025-04-13,690150.0,1628250.0,-0.06764197,1.7027581,225,0
atitlan,2025-04-13,690450.0,1628250.0,-0.07079655,1.5260413,225,0
atitlan,2025-04-13,690750.0,1628250.0,-0.06991391,1.5702804,225,0
atitlan,2025-04-13,691050.0,1628250.0,-0.07067361,1.534812,225,0
atitlan,2025-04-13,691350.0,1628250.0,-0.07190513,1.462659,225,0
atitlan,2025-04-13,691650.0,1628250.0,-0.06895086,1.6260977,225,0
atitlan,2025-04-13,691950.0,1628250.0,-0.07069468,1.5291405,225,0
atitlan,2025-04-13,692250.0,1628250.0,-0.07017745,1.560908,225,0
atitlan,2025-04-13,692550.0,1628250.0,-0.068683535,1.6416068,225,0
atitlan,2025-04-13,692850.0,1628250.0,-0.06666191,1.7515122,225,0
atitlan,2025-04-13,693150.0,1628250.0,-0.066154994,1.7708559,225,0
atitlan,2025-04-13,693450.0,1628250.0,-0.06502622,1.8352017,225,0
atitlan,2025-04-13,693750.0,1628250.0,-0.06529281,1.8185999,225,0
atitlan,2025-04-13,694050.0,1628250.0,-0.06511209,1.8285412,225,0
atitlan,2025-04-13,694350.0,1628250.0,-0.06722954,1.7191333,225,0
atitlan,2025-04-13,694650.0,1628250.0,-0.06524182,1.8193139,225,0
atitlan,2025-04-13,694950.0,1628250.0,-0.063354075,1.9217675,225,0
atitlan,2025-04-13,695250.0,1628250.0,-0.06352209,1.9078791,225,0
atitlan,2025-04-13,695550.0,1628250.0,-0.062442094,1.9679968,225,0
atitlan,2025-04-13,695850.0,1628250.0,-0.06202335,1.9805781,225,0
atitlan,2025-04-13,696150.0,1628250.0,-0.061414678,2.0065947,225,0
atitlan,2025-04-13,696450.0,1628250.0,-0.060316842,2.0557363,225,0
atitlan,2025-04-13,696750.0,1628250.0,-0.062386274,1.9729685,225,0
atitlan,2025-04-13,697050.0,1628250.0,-0.062759474,1.9450327,225,0
atitlan,2025-04-13,697350.0,1628250.0,-0.06298371,1.9283803,225,0
atitlan,2025-04-13,697650.0,1628250.0,-0.059384443,2.1116958,225,0
atitlan,2025-04-13,697950.0,1628250.0,-0.058984805,2.1393223,225,0
atitlan,2025-04-13,698250.0,1628250.0,-0.059051823,2.1159418,225,0
atitlan,2025-04-13,698550.0,1628250.0,-0.06302222,1.939826,225,0
atitlan,2025-04-13,698850.0,1628250.0,-0.06405204,1.8841245,225,0
atitlan,2025-04-13,699150.0,1628250.0,-0.06379243,1.9015743,225,0
atitlan,2025-04-13,699450.0,1628250.0,-0.06710922,1.7168804,225,0
atitlan,2025-04-13,699750.0,1628250.0,-0.072336994,1.429913,225,0
atitlan,2025-04-13,700050.0,1628250.0,-0.066619486,1.7016841,225,0
atitlan,2025-04-13,700350.0,1628250.0,-0.04057505,2.5407019,225,0
atitlan,2025-04-13,700650.0,1628250.0,-0.009370274,3.423498,225,0
atitlan,2025-04-13,700950.0,1628250.0,0.13541889,8.848268,225,0
atitlan,2025-04-13,701250.0,1628250.0,0.16946924,7.8324037,225,0
atitlan,2025-04-13,701550.0,1628250.0,0.16597891,7.6125994,225,0
atitlan,2025-04-13,701850.0,1628250.0,0.19732411,9.280657,225,0
atitlan,2025-04-13,702150.0,1628250.0,0.2648773,14.491717,225,1
atitlan,2025-04-13,702450.0,1628250.0,0.21971387,13.538629,225,1
atitlan,2025-04-13,702750.0,1628250.0,0.29281595,18.506659,225,1
atitlan,2025-04-13,703050.0,1628250.0,0.19465823,14.41407,225,1
atitlan,2025-04-13,703350.0,1628250.0,0.08324636,5.7651696,225,0
atitlan,2025-04-13,703650.0,1628250.0,0.15529324,9.133928,225,0
atitlan,2025-04-13,703950.0,1628250.0,0.08424243,5.502209,225,0
atitlan,2025-04-13,704250.0,1628250.0,0.101098605,5.973098,225,0
atitlan,2025-04-13,704550.0,1628250.0,0.09695304,6.3394423,225,0
atitlan,2025-04-13,704850.0,1628250.0,0.12855105,8.313125,225,0
atitlan,2025-04-13,705150.0,1628250.0,0.11264424,7.1694794,225,0
atitlan,2025-04-13,705450.0,1628250.0,0.18306373,10.715308,225,0
atitlan,2025-04-13,705750.0,1628250.0,0.14356358,6.6915154,225,0
atitlan,2025-04-13,706050.0,1628250.0,0.22053234,11.705345,225,0
atitlan,2025-04-13,706350.0,1628250.0,0.20951235,11.147565,225,0
atitlan,2025-04-13,706650.0,1628250.0,0.19474147,9.658206,225,0
atitlan,2025-04-13,706950.0,1628250.0,0.15481885,7.459417,225,0
atitlan,2025-04-13,707250.0,1628250.0,0.10576505,5.726254,225,0
atitlan,2025-04-13,707550.0,1628250.0,0.22347344,10.526167,225,0
atitlan,2025-04-13,707850.0,1628250.0,0.24856493,11.756228,45,0
atitlan,2025-04-13,680250.0,1628550.0,0.3937154,37.51139,180,1
atitlan,2025-04-13,680550.0,1628550.0,0.40817696,39.721058,225,1
atitlan,2025-04-13,680850.0,1628550.0,0.3599091,30.16887,225,1
atitlan,2025-04-13,681150.0,1628550.0,0.39139903,35.983574,225,1
atitlan,2025-04-13,681450.0,1628550.0,0.31320068,22.50767,225,1
atitlan,2025-04-13,681750.0,1628550.0,0.31929463,24.669548,225,1
atitlan,2025-04-13,682050.0,1628550.0,0.18773055,12.985447,225,1
atitlan,2025-04-13,682350.0,1628550.0,0.2909337,22.16142,225,1
atitlan,2025-04-13,682650.0,1628550.0,0.31614232,24.044798,225,1
atitlan,2025-04-13,682950.0,1628550.0,0.35461518,26.776005,225,1
atitlan,2025-04-13,683250.0,1628550.0,0.34453675,24.422953,225,1
atitlan,2025-04-13,683550.0,1628550.0,0.24050632,12.777189,225,1
atitlan,2025-04-13,683850.0,1628550.0,0.25735655,14.075549,225,1
atitlan,2025-04-13,684150.0,1628550.0,0.22146328,10.402527,225,0
atitlan,2025-04-13,684450.0,1628550.0,0.19133738,8.388367,225,0
atitlan,2025-04-13,684750.0,1628550.0,0.21873033,10.592087,225,0
atitlan,2025-04-13,685050.0,1628550.0,0.20470662,8.649077,225,0
atitlan,2025-04-13,685350.0,1628550.0,0.18167095,7.66336,225,0
atitlan,2025-04-13,685650.0,1628550.0,0.18801872,10.131484,225,0
atitlan,2025-04-13,685950.0,1628550.0,0.15937842,8.748301,225,0
atitlan,2025-04-13,686250.0,1628550.0,0.21653116,11.041304,225,0
atitlan,2025-04-13,686550.0,1628550.0,0.107716896,5.570625,225,0
atitlan,2025-04-13,686850.0,1628550.0,0.12125799,7.321643,225,0
atitlan,2025-04-13,687150.0,1628550.0,0.12524834,7.2474,225,0
atitlan,2025-04-13,687450.0,1628550.0,0.11036166,7.2041774,225,0
atitlan,2025-04-13,687750.0,1628550.0,0.14944112,8.335637,225,0
atitlan,2025-04-13,688050.0,1628550.0,0.14639525,6.85721,225,0
atitlan,2025-04-13,688350.0,1628550.0,0.1420359,6.385769,225,0
atitlan,2025-04-13,688650.0,1628550.0,0.16877012,7.8160877,225,0
atitlan,2025-04-13,688950.0,1628550.0,0.13108131,8.0203,225,0
atitlan,2025-04-13,689250.0,1628550.0,-0.030533012,3.227224,225,0
atitlan,2025-04-13,689550.0,1628550.0,-0.05878156,2.157145,225,0
atitlan,2025-04-13,689850.0,1628550.0,-0.0608522,2.054689,225,0
atitlan,2025-04-13,690150.0,1628550.0,-0.06285248,1.9542837,225,0
atitlan,2025-04-13,690450.0,1628550.0,-0.06410664,1.8894223,225,0
atitlan,2025-04-13,690750.0,1628550.0,-0.06531006,1.8259828,225,0
atitlan,2025-04-13,691050.0,1628550.0,-0.06658169,1.7593218,225,0
atitlan,2025-04-13,691350.0,1628550.0,-0.067882076,1.6889837,225,0
atitlan,2025-04-13,691650.0,1628550.0,-0.06882119,1.6367096,225,0
atitlan,2025-04-13,691950.0,1628550.0,-0.06842614,1.6580193,225,0
atitlan,2025-04-13,692250.0,1628550.0,-0.07120239,1.5032134,225,0
atitlan,2025-04-13,692550.0,1628550.0,-0.06900416,1.6205418,225,0
atitlan,2025-04-13,692850.0,1628550.0,-0.067335844,1.7109752,225,0
atitlan,2025-04-13,693150.0,1628550.0,-0.06578044,1.8005508,225,0
atitlan,2025-04-13,693450.0,1628550.0,-0.06543589,1.8119897,225,0
atitlan,2025-04-13,693750.0,1628550.0,-0.06815792,1.6632962,225,0
atitlan,2025-04-13,694050.0,1628550.0,-0.06400675,1.8526605,225,0
atitlan,2025-04-13,694350.0,1628550.0,-0.06473225,1.8250655,225,0
atitlan,2025-04-13,694650.0,1628550.0,-0.06360757,1.9085588,225,0
atitlan,2025-04-13,694950.0,1628550.0,-0.062156923,1.9807001,225,0
atitlan,2025-04-13,695250.0,1628550.0,-0.06161939,2.0003757,225,0
atitlan,2025-04-13,695550.0,1628550.0,-0.059685342,2.109469,225,0
atitlan,2025-04-13,695850.0,1628550.0,-0.05827591,2.1739058,225,0
atitlan,2025-04-13,696150.0,1628550.0,-0.059049297,2.1183493,225,0
atitlan,2025-04-13,696450.0,1628550.0,-0.05993904,2.0807118,225,0
atitlan,2025-04-13,696750.0,1628550.0,-0.059427995,2.082947,225,0
atitlan,2025-04-13,697050.0,1628550.0,-0.062224664,1.9695969,225,0
atitlan,2025-04-13,697350.0,1628550.0,-0.064246066,1.8553605,225,0
atitlan,2025-04-13,697650.0,1628550.0,-0.061490398,2.0154514,225,0
atitlan,2025-04-13,697950.0,1628550.0,-0.062492043,1.9682158,225,0
atitlan,2025-04-13,698250.0,1628550.0,-0.06041657,2.0525057,225,0
atitlan,2025-04-13,698550.0,1628550.0,-0.06357361,1.914102,225,0
atitlan,2025-04-13,698850.0,1628550.0,-0.06387193,1.897548,225,0
atitlan,2025-04-13,699150.0,1628550.0,-0.066702306,1.7369066,225,0
atitlan,2025-04-13,699450.0,1628550.0,-0.06869457,1.6218575,225,0
atitlan,2025-04-13,699750.0,1628550.0,-0.068909824,1.6214876,225,0
atitlan,2025-04-13,700050.0,1628550.0,-0.035902333,2.6197734,225,0
atitlan,2025-04-13,700350.0,1628550.0,0.11818945,6.190312,225,0
atitlan,2025-04-13,700650.0,1628550.0,0.13647254,8.809113,225,0
atitlan,2025-04-13,700950.0,1628550.0,0.078185864,5.2126217,225,0
atitlan,2025-04-13,701250.0,1628550.0,0.15151994,7.1558537,225,0
atitlan,2025-04-13,701550.0,1628550.0,0.1606587,7.776573,225,0
atitlan,2025-04-13,701850.0,1628550.0,0.17189021,8.803545,225,0
atitlan,2025-04-13,702150.0,1628550.0,0.23075733,13.171353,225,1
atitlan,2025-04-13,702450.0,1628550.0,0.13710807,7.372456,225,0
atitlan,2025-04-13,702750.0,1628550.0,0.2754367,17.316847,225,1
atitlan,2025-04-13,703050.0,1628550.0,0.18513131,11.74642,225,0
atitlan,2025-04-13,703350.0,1628550.0,0.11423365,6.920793,225,0
atitlan,2025-04-13,703650.0,1628550.0,0.20226604,11.06272,225,0
atitlan,2025-04-13,703950.0,1628550.0,0.12613806,7.913813,225,0
atitlan,2025-04-13,704250.0,1628550.0,0.07587049,5.302989,225,0
atitlan,2025-04-13,704550.0,1628550.0,0.09375774,5.9358344,225,0
atitlan,2025-04-13,704850.0,1628550.0,0.112513855,7.2222166,225,0
atitlan,2025-04-13,705150.0,1628550.0,0.21320371,12.332252,225,1
atitlan,2025-04-13,705450.0,1628550.0,0.1694693,9.476246,225,0
atitlan,2025-04-13,705750.0,1628550.0,0.17627248,7.472114,225,0
atitlan,2025-04-13,706050.0,1628550.0,0.16567321,7.2066092,225,0
atitlan,2025-04-13,706350.0,1628550.0,0.24156943,13.943049,225,1
atitlan,2025-04-13,706650.0,1628550.0,0.20124893,9.30595,225,0
atitlan,2025-04-13,706950.0,1628550.0,0.22584966,11.040352,225,0
atitlan,2025-04-13,707250.0,1628550.0,0.215825,10.950315,225,0
atitlan,2025-04-13,707550.0,1628550.0,0.2088178,10.000852,225,0
atitlan,2025-04-13,707850.0,1628550.0,0.23933028,12.2577,45,1
atitlan,2025-04-13,680250.0,1628850.0,0.3905947,35.67182,180,1
atitlan,2025-04-13,680550.0,1628850.0,0.40346038,38.763805,225,1
atitlan,2025-04-13,680850.0,1628850.0,0.35444102,29.736784,225,1
atitlan,2025-04-13,681150.0,1628850.0,0.38073134,33.06172,225,1
atitlan,2025-04-13,681450.0,1628850.0,0.35130075,27.356495,225,1
atitlan,2025-04-13,681750.0,1628850.0,0.27358198,19.692072,225,1
atitlan,2025-04-13,682050.0,1628850.0,0.25383323,17.45138,225,1
atitlan,2025-04-13,682350.0,1628850.0,0.30792573,22.90069,225,1
atitlan,2025-04-13,682650.0,1628850.0,0.35145083,27.884794,225,1
atitlan,2025-04-13,682950.0,1628850.0,0.37738046,31.733063,225,1
atitlan,2025-04-13,683250.0,1628850.0,0.3603453,29.266836,225,1
atitlan,2025-04-13,683550.0,1628850.0,0.21817116,11.178209,225,0
atitlan,2025-04-13,683850.0,1628850.0,0.24492821,12.024606,225,1
atitlan,2025-04-13,684150.0,1628850.0,0.29522216,18.83442,225,1
atitlan,2025-04-13,684450.0,1628850.0,0.26225615,13.96068,225,1
atitlan,2025-04-13,684750.0,1628850.0,0.23211074,10.965661,225,0
atitlan,2025-04-13,685050.0,1628850.0,0.23023619,11.178059,225,0
atitlan,2025-04-13,685350.0,1628850.0,0.22425069,10.326366,225,0
atitlan,2025-04-13,685650.0,1628850.0,0.21936452,10.706797,225,0
atitlan,2025-04-13,685950.0,1628850.0,0.27012286,14.535583,225,1
atitlan,2025-04-13,686250.0,1628850.0,0.18827873,8.459,225,0
atitlan,2025-04-13,686550.0,1628850.0,0.11409028,5.96592,225,0
atitlan,2025-04-13,686850.0,1628850.0,0.1738124,8.913195,225,0
atitlan,2025-04-13,687150.0,1628850.0,0.18270652,8.5074835,225,0
atitlan,2025-04-13,687450.0,1628850.0,0.1904591,9.921755,225,0
atitlan,2025-04-13,687750.0,1628850.0,0.16754921,8.9846325,225,0
atitlan,2025-04-13,688050.0,1628850.0,0.21345316,9.396958,225,0
atitlan,2025-04-13,688350.0,1628850.0,0.13116387,6.1471014,225,0
atitlan,2025-04-13,688650.0,1628850.0,0.10947402,5.324077,225,0
atitlan,2025-04-13,688950.0,1628850.0,0.11385963,5.7909975,225,0
atitlan,2025-04-13,689250.0,1628850.0,-0.012386843,3.5657184,225,0
atitlan,2025-04-13,689550.0,1628850.0,-0.053900685,2.3893163,225,0
atitlan,2025-04-13,689850.0,1628850.0,-0.057723604,2.2089205,225,0
atitlan,2025-04-13,690150.0,1628850.0,-0.050410394,2.3911889,225,0
atitlan,2025-04-13,690450.0,1628850.0,-0.062423863,2.0093307,225,0
atitlan,2025-04-13,690750.0,1628850.0,-0.06571416,1.8069103,225,0
atitlan,2025-04-13,691050.0,1628850.0,-0.06821389,1.6726254,225,0
atitlan,2025-04-13,691350.0,1628850.0,-0.06998891,1.5764768,225,0
atitlan,2025-04-13,691650.0,1628850.0,-0.072037816,1.4596772,225,0
atitlan,2025-04-13,691950.0,1628850.0,-0.07057571,1.5417769,225,0
atitlan,2025-04-13,692250.0,1628850.0,-0.0722406,1.446991,225,0
atitlan,2025-04-13,692550.0,1628850.0,-0.06783438,1.6858839,225,0
atitlan,2025-04-13,692850.0,1628850.0,-0.06789433,1.6863253,225,0
atitlan,2025-04-13,693150.0,1628850.0,-0.06864128,1.6485983,225,0
atitlan,2025-04-13,693450.0,1628850.0,-0.06729585,1.7168134,225,0
atitlan,2025-04-13,693750.0,1628850.0,-0.062333703,1.966033,225,0
atitlan,2025-04-13,694050.0,1628850.0,-0.061655052,1.9921259,225,0
atitlan,2025-04-13,694350.0,1628850.0,-0.060640432,2.0394068,225,0
atitlan,2025-04-13,694650.0,1628850.0,-0.0604132,2.0265236,225,0
atitlan,2025-04-13,694950.0,1628850.0,-0.06373987,1.8667566,225,0
atitlan,2025-04-13,695250.0,1628850.0,-0.06162827,1.9775311,225,0
atitlan,2025-04-13,695550.0,1628850.0,-0.05863006,2.1507058,225,0
atitlan,2025-04-13,695850.0,1628850.0,-0.060664978,2.0454319,225,0
atitlan,2025-04-13,696150.0,1628850.0,-0.059932783,2.097963,225,0
atitlan,2025-04-13,696450.0,1628850.0,-0.062146068,1.9747181,225,0
atitlan,2025-04-13,696750.0,1628850.0,-0.06112938,1.9852206,225,0
atitlan,2025-04-13,697050.0,1628850.0,-0.065429814,1.8117497,225,0
atitlan,2025-04-13,697350.0,1628850.0,-0.0620196,1.9708446,225,0
atitlan,2025-04-13,697650.0,1628850.0,-0.06271232,1.9371365,225,0
atitlan,2025-04-13,697950.0,1628850.0,-0.061628334,2.0107243,225,0
atitlan,2025-04-13,698250.0,1628850.0,-0.060520902,2.0520692,225,0
atitlan,2025-04-13,698550.0,1628850.0,-0.060742598,2.0570805,225,0
atitlan,2025-04-13,698850.0,1628850.0,-0.057280775,2.2152991,225,0
atitlan,2025-04-13,699150.0,1628850.0,-0.059244715,2.127698,225,0
atitlan,2025-04-13,699450.0,1628850.0,-0.060228296,2.0672388,225,0
atitlan,2025-04-13,699750.0,1628850.0,-0.058563385,2.1528482,225,0
atitlan,2025-04-13,700050.0,1628850.0,0.03194444,4.2957964,225,0
atitlan,2025-04-13,700350.0,1628850.0,0.098977074,5.2582088,225,0
atitlan,2025-04-13,700650.0,1628850.0,0.1077833,5.569646,225,0
atitlan,2025-04-13,700950.0,1628850.0,0.16524218,7.195647,225,0
atitlan,2025-04-13,701250.0,1628850.0,0.17990331,7.3483057,225,0
atitlan,2025-04-13,701550.0,1628850.0,0.21462035,9.174602,225,0
atitlan,2025-04-13,701850.0,1628850.0,0.21640676,10.764569,225,0
atitlan,2025-04-13,702150.0,1628850.0,0.21747942,12.477845,225,1
atitlan,2025-04-13,702450.0,1628850.0,0.25641423,15.385127,225,1
atitlan,2025-04-13,702750.0,1628850.0,0.17818512,14.157015,225,1
atitlan,2025-04-13,703050.0,1628850.0,0.18085466,11.759983,225,0
atitlan,2025-04-13,703350.0,1628850.0,0.13957076,8.240392,225,0
atitlan,2025-04-13,703650.0,1628850.0,0.1739807,10.435041,225,0
atitlan,2025-04-13,703950.0,1628850.0,0.16840526,10.014346,225,0
atitlan,2025-04-13,704250.0,1628850.0,0.14540108,8.687098,225,0
atitlan,2025-04-13,704550.0,1628850.0,0.19341756,10.993109,225,0
atitlan,2025-04-13,704850.0,1628850.0,0.19232804,11.042876,225,0
atitlan,2025-04-13,705150.0,1628850.0,0.20874844,12.523511,225,1
atitlan,2025-04-13,705450.0,1628850.0,0.18163115,7.7407265,225,0
atitlan,2025-04-13,705750.0,1628850.0,0.18813829,7.773832,225,0
atitlan,2025-04-13,706050.0,1628850.0,0.2027257,9.274783,225,0
atitlan,2025-04-13,706350.0,1628850.0,0.22812894,12.009902,225,1
atitlan,2025-04-13,706650.0,1628850.0,0.19294366,10.441721,225,0
atitlan,2025-04-13,706950.0,1628850.0,0.17120098,9.019457,225,0
atitlan,2025-04-13,707250.0,1628850.0,0.2530968,14.486307,225,1
atitlan,2025-04-13,707550.0,1628850.0,0.27470917,16.094305,225,1
atitlan,2025-04-13,707850.0,1628850.0,0.27424777,16.735527,45,1
atitlan,2025-04-13,680250.0,1629150.0,0.3899457,34.81034,180,1
atitlan,2025-04-13,680550.0,1629150.0,0.39914805,37.03457,225,1
atitlan,2025-04-13,680850.0,1629150.0,0.32575867,25.893375,225,1
atitlan,2025-04-13,681150.0,1629150.0,0.37140524,31.25062,225,1
atitlan,2025-04-13,681450.0,1629150.0,0.35251543,28.258944,225,1
atitlan,2025-04-13,681750.0,1629150.0,0.29120442,19.483105,225,1
atitlan,2025-04-13,682050.0,1629150.0,0.2654943,16.602125,225,1
atitlan,2025-04-13,682350.0,1629150.0,0.36103296,29.304878,225,1
atitlan,2025-04-13,682650.0,1629150.0,0.36881843,30.417112,225,1
atitlan,2025-04-13,682950.0,1629150.0,0.3803899,32.577774,225,1
atitlan,2025-04-13,683250.0,1629150.0,0.38317463,32.936768,225,1
atitlan,2025-04-13,683550.0,1629150.0,0.2789673,17.364904,225,1
atitlan,2025-04-13,683850.0,1629150.0,0.21519873,10.395434,225,0
atitlan,2025-04-13,684150.0,1629150.0,0.24511507,12.75504,225,1
atitlan,2025-04-13,684450.0,1629150.0,0.27626693,16.267933,225,1
atitlan,2025-04-13,684750.0,1629150.0,0.225042,10.804804,225,0
atitlan,2025-04-13,685050.0,1629150.0,0.22783267,12.202002,225,1
atitlan,2025-04-13,685350.0,1629150.0,0.24734074,12.454561,225,1
atitlan,2025-04-13,685650.0,1629150.0,0.25169647,13.404488,225,1
atitlan,2025-04-13,685950.0,1629150.0,0.28802568,17.382662,225,1
atitlan,2025-04-13,686250.0,1629150.0,0.28800523,16.236177,225,1
atitlan,2025-04-13,686550.0,1629150.0,0.20210472,9.694923,225,0
atitlan,2025-04-13,686850.0,1629150.0,0.2238404,10.577784,225,0
atitlan,2025-04-13,687150.0,1629150.0,0.20351239,9.752768,225,0
atitlan,2025-04-13,687450.0,1629150.0,0.20363185,9.281665,225,0
atitlan,2025-04-13,687750.0,1629150.0,0.20323472,8.571165,225,0
atitlan,2025-04-13,688050.0,1629150.0,0.2519038,12.167305,225,1
atitlan,2025-04-13,688350.0,1629150.0,0.22804792,11.158817,225,0
atitlan,2025-04-13,688650.0,1629150.0,0.16687372,7.3073797,225,0
atitlan,2025-04-13,688950.0,1629150.0,0.13349395,6.9821634,225,0
atitlan,2025-04-13,689250.0,1629150.0,0.084994875,6.3044477,225,0
atitlan,2025-04-13,689550.0,1629150.0,-0.03134899,3.4446278,225,0
atitlan,2025-04-13,689850.0,1629150.0,-0.011581938,3.9422739,225,0
atitlan,2025-04-13,690150.0,1629150.0,0.08250243,5.5289273,225,0
atitlan,2025-04-13,690450.0,1629150.0,0.01747195,4.393844,225,0
atitlan,2025-04-13,690750.0,1629150.0,-0.054327168,2.3417313,225,0
atitlan,2025-04-13,691050.0,1629150.0,-0.061473936,2.024029,225,0
atitlan,2025-04-13,691350.0,1629150.0,-0.06493968,1.845408,225,0
atitlan,2025-04-13,691650.0,1629150.0,-0.06687509,1.7462989,225,0
atitlan,2025-04-13,691950.0,1629150.0,-0.066169284,1.7865092,225,0
atitlan,2025-04-13,692250.0,1629150.0,-0.067340195,1.7191007,225,0
atitlan,2025-04-13,692550.0,1629150.0,-0.066238694,1.7763839,225,0
atitlan,2025-04-13,692850.0,1629150.0,-0.06664297,1.7537647,225,0
atitlan,2025-04-13,693150.0,1629150.0,-0.0654055,1.8169322,225,0
atitlan,2025-04-13,693450.0,1629150.0,-0.061474238,2.0202398,225,0
atitlan,2025-04-13,693750.0,1629150.0,-0.06177605,2.0046375,225,0
atitlan,2025-04-13,694050.0,1629150.0,-0.0627622,1.9491653,225,0
atitlan,2025-04-13,694350.0,1629150.0,-0.060878668,2.0536714,225,0
atitlan,2025-04-13,694650.0,1629150.0,-0.060390837,2.0641274,225,0
atitlan,2025-04-13,694950.0,1629150.0,-0.0617071,1.9874618,225,0
atitlan,2025-04-13,695250.0,1629150.0,-0.061295204,2.0102842,225,0
atitlan,2025-04-13,695550.0,1629150.0,-0.06069847,2.056049,225,0
atitlan,2025-04-13,695850.0,1629150.0,-0.06151915,2.0022006,225,0
atitlan,2025-04-13,696150.0,1629150.0,-0.06029076,2.0620608,225,0
atitlan,2025-04-13,696450.0,1629150.0,-0.06275317,1.9537295,225,0
atitlan,2025-04-13,696750.0,1629150.0,-0.06025129,2.0586293,225,0
atitlan,2025-04-13,697050.0,1629150.0,-0.05939321,2.0678182,225,0
atitlan,2025-04-13,697350.0,1629150.0,-0.059130553,2.1105893,225,0
atitlan,2025-04-13,697650.0,1629150.0,-0.059709385,2.0885243,225,0
atitlan,2025-04-13,697950.0,1629150.0,-0.056249347,2.2525878,225,0
atitlan,2025-04-13,698250.0,1629150.0,-0.057565246,2.2043955,225,0
atitlan,2025-04-13,698550.0,1629150.0,-0.05783602,2.1714473,225,0
atitlan,2025-04-13,698850.0,1629150.0,-0.0537959,2.3666494,225,0
atitlan,2025-04-13,699150.0,1629150.0,-0.055221576,2.3152413,225,0
atitlan,2025-04-13,699450.0,1629150.0,-0.055594604,2.2973087,225,0
atitlan,2025-04-13,699750.0,1629150.0,-0.048550803,2.5610664,225,0
atitlan,2025-04-13,700050.0,1629150.0,0.12843175,7.4891524,225,0
atitlan,2025-04-13,700350.0,1629150.0,0.15107408,6.204822,225,0
atitlan,2025-04-13,700650.0,1629150.0,0.12526467,5.8197684,225,0
atitlan,2025-04-13,700950.0,1629150.0,0.1395194,5.9902,225,0
atitlan,2025-04-13,701250.0,1629150.0,0.16871044,7.406619,225,0
atitlan,2025-04-13,701550.0,1629150.0,0.22191125,13.304554,225,1
atitlan,2025-04-13,701850.0,1629150.0,0.20491058,11.771493,225,0
atitlan,2025-04-13,702150.0,1629150.0,0.20783849,14.898727,225,1
atitlan,2025-04-13,702450.0,1629150.0,0.31161627,20.399488,225,1
atitlan,2025-04-13,702750.0,1629150.0,0.3048176,22.748556,225,1
atitlan,2025-04-13,703050.0,1629150.0,0.13754293,8.89931,225,0
atitlan,2025-04-13,703350.0,1629150.0,0.091248535,6.492247,225,0
atitlan,2025-04-13,703650.0,1629150.0,0.0990457,7.515549,225,0
atitlan,2025-04-13,703950.0,1629150.0,0.11255488,7.550442,225,0
atitlan,2025-04-13,704250.0,1629150.0,0.24223848,13.18425,225,1
atitlan,2025-04-13,704550.0,1629150.0,0.095293954,6.0886135,225,0
atitlan,2025-04-13,704850.0,1629150.0,0.08097944,5.1948414,225,0
atitlan,2025-04-13,705150.0,1629150.0,0.11915028,6.8915024,225,0
atitlan,2025-04-13,705450.0,1629150.0,0.2174695,9.745796,225,0
atitlan,2025-04-13,705750.0,1629150.0,0.1935476,8.385,225,0
atitlan,2025-04-13,706050.0,1629150.0,0.21169156,10.137838,225,0
atitlan,2025-04-13,706350.0,1629150.0,0.21846966,13.616693,225,1
atitlan,2025-04-13,706650.0,1629150.0,0.21908362,12.735591,225,1
atitlan,2025-04-13,706950.0,1629150.0,0.14358924,8.224685,225,0
atitlan,2025-04-13,707250.0,1629150.0,0.2338291,12.983438,225,1
atitlan,2025-04-13,707550.0,1629150.0,0.18510838,10.692626,225,0
atitlan,2025-04-13,707850.0,1629150.0,0.23883176,14.625217,45,1
atitlan,2025-04-13,680250.0,1629450.0,0.3749507,33.85169,180,1
atitlan,2025-04-13,680550.0,1629450.0,0.38843554,35.717625,225,1
atitlan,2025-04-13,680850.0,1629450.0,0.32033595,23.202166,225,1
atitlan,2025-04-13,681150.0,1629450.0,0.3699472,30.196594,225,1
atitlan,2025-04-13,681450.0,1629450.0,0.39128447,35.42574,225,1
atitlan,2025-04-13,681750.0,1629450.0,0.3413778,29.177624,225,1
atitlan,2025-04-13,682050.0,1629450.0,0.25540903,17.997675,225,1
atitlan,2025-04-13,682350.0,1629450.0,0.3126265,22.868498,225,1
atitlan,2025-04-13,682650.0,1629450.0,0.32798228,22.360556,225,1
atitlan,2025-04-13,682950.0,1629450.0,0.36110452,28.27001,225,1
atitlan,2025-04-13,683250.0,1629450.0,0.3918032,34.76557,225,1
atitlan,2025-04-13,683550.0,1629450.0,0.38651267,35.511932,225,1
atitlan,2025-04-13,683850.0,1629450.0,0.2190045,11.771198,225,0
atitlan,2025-04-13,684150.0,1629450.0,0.2628651,13.770587,225,1
atitlan,2025-04-13,684450.0,1629450.0,0.30394846,20.690058,225,1
atitlan,2025-04-13,684750.0,1629450.0,0.28886652,18.692837,225,1
atitlan,2025-04-13,685050.0,1629450.0,0.26220757,15.41224,225,1
atitlan,2025-04-13,685350.0,1629450.0,0.24419713,13.595427,225,1
atitlan,2025-04-13,685650.0,1629450.0,0.2687309,14.9651575,225,1
atitlan,2025-04-13,685950.0,1629450.0,0.2631676,14.17691,225,1
atitlan,2025-04-13,686250.0,1629450.0,0.28765023,16.69619,225,1
atitlan,2025-04-13,686550.0,1629450.0,0.2341808,11.419861,225,0
atitlan,2025-04-13,686850.0,1629450.0,0.2534679,13.36269,225,1
atitlan,2025-04-13,687150.0,1629450.0,0.21202552,10.478358,225,0
atitlan,2025-04-13,687450.0,1629450.0,0.24037197,12.30998,225,1
atitlan,2025-04-13,687750.0,1629450.0,0.18888508,8.038376,225,0
atitlan,2025-04-13,688050.0,1629450.0,0.24124584,12.246119,225,1
atitlan,2025-04-13,688350.0,1629450.0,0.16184308,6.546795,225,0
atitlan,2025-04-13,688650.0,1629450.0,0.16910495,8.4799595,225,0
atitlan,2025-04-13,688950.0,1629450.0,0.13238114,6.86687,225,0
atitlan,2025-04-13,689250.0,1629450.0,0.15543206,7.9948063,225,0
atitlan,2025-04-13,689550.0,1629450.0,0.19851857,10.2571125,225,0
atitlan,2025-04-13,689850.0,1629450.0,0.16710068,8.11605,225,0
atitlan,2025-04-13,690150.0,1629450.0,0.10299167,5.2747045,225,0
atitlan,2025-04-13,690450.0,1629450.0,0.15154712,7.3206873,225,0
atitlan,2025-04-13,690750.0,1629450.0,0.108483106,5.769215,225,0
atitlan,2025-04-13,691050.0,1629450.0,0.05811966,4.809526,225,0
atitlan,2025-04-13,691350.0,1629450.0,-0.053772923,2.3837461,225,0
atitlan,2025-04-13,691650.0,1629450.0,-0.06150348,2.0302875,225,0
atitlan,2025-04-13,691950.0,1629450.0,-0.06371869,1.9154403,225,0
atitlan,2025-04-13,692250.0,1629450.0,-0.06474289,1.860153,225,0
atitlan,2025-04-13,692550.0,1629450.0,-0.06752812,1.7139212,225,0
atitlan,2025-04-13,692850.0,1629450.0,-0.06766991,1.7030549,225,0
atitlan,2025-04-13,693150.0,1629450.0,-0.064770706,1.8484207,225,0
atitlan,2025-04-13,693450.0,1629450.0,-0.06434369,1.8726327,225,0
atitlan,2025-04-13,693750.0,1629450.0,-0.05885641,2.1437004,225,0
atitlan,2025-04-13,694050.0,1629450.0,-0.061803084,2.0044522,225,0
atitlan,2025-04-13,694350.0,1629450.0,-0.05968681,2.1151721,225,0
atitlan,2025-04-13,694650.0,1629450.0,-0.05802186,2.189606,225,0
atitlan,2025-04-13,694950.0,1629450.0,-0.05659944,2.256098,225,0
atitlan,2025-04-13,695250.0,1629450.0,-0.057264328,2.2197773,225,0
atitlan,2025-04-13,695550.0,1629450.0,-0.05543219,2.304798,225,0
atitlan,2025-04-13,695850.0,1629450.0,-0.055215597,2.310008,225,0
atitlan,2025-04-13,696150.0,1629450.0,-0.058406863,2.1661174,225,0
atitlan,2025-04-13,696450.0,1629450.0,-0.058241166,2.157349,225,0
atitlan,2025-04-13,696750.0,1629450.0,-0.058869306,2.1392446,225,0
atitlan,2025-04-13,697050.0,1629450.0,-0.057019915,2.1536818,225,0
atitlan,2025-04-13,697350.0,1629450.0,-0.05815974,2.1624045,225,0
atitlan,2025-04-13,697650.0,1629450.0,-0.059079148,2.1381235,225,0
atitlan,2025-04-13,697950.0,1629450.0,-0.056634415,2.2491024,225,0
atitlan,2025-04-13,698250.0,1629450.0,-0.05561601,2.2981994,225,0
atitlan,2025-04-13,698550.0,1629450.0,-0.045624208,2.6381123,225,0
atitlan,2025-04-13,698850.0,1629450.0,-0.03161792,2.9750247,225,0
atitlan,2025-04-13,699150.0,1629450.0,-0.03138528,3.0294251,225,0
atitlan,2025-04-13,699450.0,1629450.0,0.024234867,4.9884057,225,0
atitlan,2025-04-13,699750.0,1629450.0,0.13607864,7.9177756,225,0
atitlan,2025-04-13,700050.0,1629450.0,0.16359343,7.231811,225,0
atitlan,2025-04-13,700350.0,1629450.0,0.19773236,8.41425,225,0
atitlan,2025-04-13,700650.0,1629450.0,0.18076088,8.379339,225,0
atitlan,2025-04-13,700950.0,1629450.0,0.2305234,13.315212,225,1
atitlan,2025-04-13,701250.0,1629450.0,0.21411622,12.394841,225,1
atitlan,2025-04-13,701550.0,1629450.0,0.16308077,11.210972,225,0
atitlan,2025-04-13,701850.0,1629450.0,0.1591014,8.998057,225,0
atitlan,2025-04-13,702150.0,1629450.0,0.1811235,11.634622,225,0
atitlan,2025-04-13,702450.0,1629450.0,0.18403572,10.744008,225,0
atitlan,2025-04-13,702750.0,1629450.0,0.20981061,12.487883,225,1
atitlan,2025-04-13,703050.0,1629450.0,0.1651801,10.874388,225,0
atitlan,2025-04-13,703350.0,1629450.0,0.14934146,9.846111,225,0
atitlan,2025-04-13,703650.0,1629450.0,0.06488188,4.98214,225,0
atitlan,2025-04-13,703950.0,1629450.0,0.07007518,5.550809,225,0
atitlan,2025-04-13,704250.0,1629450.0,0.14823411,8.339057,225,0
atitlan,2025-04-13,704550.0,1629450.0,0.07974024,5.794531,225,0
atitlan,2025-04-13,704850.0,1629450.0,0.0643015,4.868075,225,0
atitlan,2025-04-13,705150.0,1629450.0,0.15910226,8.552982,225,0
atitlan,2025-04-13,705450.0,1629450.0,0.19883631,9.5452585,225,0
atitlan,2025-04-13,705750.0,1629450.0,0.18046191,8.609492,225,0
atitlan,2025-04-13,706050.0,1629450.0,0.21330889,10.10991,225,0
atitlan,2025-04-13,706350.0,1629450.0,0.19935732,11.146491,225,0
atitlan,2025-04-13,706650.0,1629450.0,0.20816742,11.701943,225,0
atitlan,2025-04-13,706950.0,1629450.0,0.20571442,10.705387,225,0
atitlan,2025-04-13,707250.0,1629450.0,0.200267,9.274091,225,0
atitlan,2025-04-13,707550.0,1629450.0,0.19872387,10.735107,225,0
atitlan,2025-04-13,707850.0,1629450.0,0.25840336,15.422963,45,1
atitlan,2025-04-13,680250.0,1629750.0,0.356391,28.558216,180,1
atitlan,2025-04-13,680550.0,1629750.0,0.35335,29.815128,225,1
atitlan,2025-04-13,680850.0,1629750.0,0.30845276,24.308947,225,1
atitlan,2025-04-13,681150.0,1629750.0,0.3734162,32.681274,225,1
atitlan,2025-04-13,681450.0,1629750.0,0.37439123,34.591732,225,1
atitlan,2025-04-13,681750.0,1629750.0,0.38116485,33.322857,225,1
atitlan,2025-04-13,682050.0,1629750.0,0.36265117,31.690353,225,1
atitlan,2025-04-13,682350.0,1629750.0,0.34453166,28.824009,225,1
atitlan,2025-04-13,682650.0,1629750.0,0.38091174,32.66113,225,1
atitlan,2025-04-13,682950.0,1629750.0,0.3448337,25.390316,225,1
atitlan,2025-04-13,683250.0,1629750.0,0.28242365,15.892918,225,1
atitlan,2025-04-13,683550.0,1629750.0,0.37779665,32.331306,225,1
atitlan,2025-04-13,683850.0,1629750.0,0.2653457,16.030323,225,1
atitlan,2025-04-13,684150.0,1629750.0,0.27889115,15.534722,225,1
atitlan,2025-04-13,684450.0,1629750.0,0.30770224,22.489107,225,1
atitlan,2025-04-13,684750.0,1629750.0,0.29446405,18.423422,225,1
atitlan,2025-04-13,685050.0,1629750.0,0.18524498,8.080157,225,0
atitlan,2025-04-13,685350.0,1629750.0,0.26838243,14.956439,225,1
atitlan,2025-04-13,685650.0,1629750.0,0.32679924,22.496418,225,1
atitlan,2025-04-13,685950.0,1629750.0,0.28359804,16.295797,225,1
atitlan,2025-04-13,686250.0,1629750.0,0.25292167,13.232625,225,1
atitlan,2025-04-13,686550.0,1629750.0,0.21543974,10.516264,225,0
atitlan,2025-04-13,686850.0,1629750.0,0.2836858,16.048574,225,1
atitlan,2025-04-13,687150.0,1629750.0,0.27136904,15.019343,225,1
atitlan,2025-04-13,687450.0,1629750.0,0.24845263,12.542416,225,1
atitlan,2025-04-13,687750.0,1629750.0,0.2229814,11.406086,225,0
atitlan,2025-04-13,688050.0,1629750.0,0.19221507,8.2395115,225,0
atitlan,2025-04-13,688350.0,1629750.0,0.19845334,8.439689,225,0
atitlan,2025-04-13,688650.0,1629750.0,0.17287092,8.576955,225,0
atitlan,2025-04-13,688950.0,1629750.0,0.20371062,9.70843,225,0
atitlan,2025-04-13,689250.0,1629750.0,0.18274817,7.390062,225,0
atitlan,2025-04-13,689550.0,1629750.0,0.17302333,7.244431,225,0
atitlan,2025-04-13,689850.0,1629750.0,0.13874748,5.8746443,225,0
atitlan,2025-04-13,690150.0,1629750.0,0.11837867,5.759213,225,0
atitlan,2025-04-13,690450.0,1629750.0,0.15317516,6.5337267,225,0
atitlan,2025-04-13,690750.0,1629750.0,0.14490025,6.140904,225,0
atitlan,2025-04-13,691050.0,1629750.0,0.11176182,5.4923754,225,0
atitlan,2025-04-13,691350.0,1629750.0,0.09468204,7.0458794,225,0
atitlan,2025-04-13,691650.0,1629750.0,-0.046983723,2.6207292,225,0
atitlan,2025-04-13,691950.0,1629750.0,-0.048303027,2.4809706,225,0
atitlan,2025-04-13,692250.0,1629750.0,-0.05665875,2.2152872,225,0
atitlan,2025-04-13,692550.0,1629750.0,-0.062072728,1.9854174,225,0
atitlan,2025-04-13,692850.0,1629750.0,-0.06491646,1.8491075,225,0
atitlan,2025-04-13,693150.0,1629750.0,-0.064018086,1.8989645,225,0
atitlan,2025-04-13,693450.0,1629750.0,-0.061770704,2.0091712,225,0
atitlan,2025-04-13,693750.0,1629750.0,-0.05618327,2.2774045,225,0
atitlan,2025-04-13,694050.0,1629750.0,-0.05499284,2.3225353,225,0
atitlan,2025-04-13,694350.0,1629750.0,-0.054759275,2.3370256,225,0
atitlan,2025-04-13,694650.0,1629750.0,-0.05453139,2.3577175,225,0
atitlan,2025-04-13,694950.0,1629750.0,-0.05426468,2.3692284,225,0
atitlan,2025-04-13,695250.0,1629750.0,-0.055655546,2.306352,225,0
atitlan,2025-04-13,695550.0,1629750.0,-0.05410077,2.3712618,225,0
atitlan,2025-04-13,695850.0,1629750.0,-0.05427028,2.3594806,225,0
atitlan,2025-04-13,696150.0,1629750.0,-0.055485696,2.3049078,225,0
atitlan,2025-04-13,696450.0,1629750.0,-0.057996728,2.1677697,225,0
atitlan,2025-04-13,696750.0,1629750.0,-0.059146747,2.122022,225,0
atitlan,2025-04-13,697050.0,1629750.0,-0.058122817,2.1540654,225,0
atitlan,2025-04-13,697350.0,1629750.0,-0.055634677,2.287012,225,0
atitlan,2025-04-13,697650.0,1629750.0,-0.054929394,2.3028224,225,0
atitlan,2025-04-13,697950.0,1629750.0,-0.048672482,2.5858574,225,0
atitlan,2025-04-13,698250.0,1629750.0,0.010617421,4.8281255,225,0
atitlan,2025-04-13,698550.0,1629750.0,0.13821383,8.644659,225,0
atitlan,2025-04-13,698850.0,1629750.0,0.16186441,9.18977,225,0
atitlan,2025-04-13,699150.0,1629750.0,0.20436782,11.338624,225,0
atitlan,2025-04-13,699450.0,1629750.0,0.17008889,8.240657,225,0
atitlan,2025-04-13,699750.0,1629750.0,0.13225155,5.795749,225,0
atitlan,2025-04-13,700050.0,1629750.0,0.14469787,6.061693,225,0
atitlan,2025-04-13,700350.0,1629750.0,0.18699257,7.772676,225,0
atitlan,2025-04-13,700650.0,1629750.0,0.21992415,11.833537,225,0
atitlan,2025-04-13,700950.0,1629750.0,0.23359491,14.218706,225,1
atitlan,2025-04-13,701250.0,1629750.0,0.19203976,12.42578,225,1
atitlan,2025-04-13,701550.0,1629750.0,0.16908903,10.400034,225,0
atitlan,2025-04-13,701850.0,1629750.0,0.23739351,13.593001,225,1
atitlan,2025-04-13,702150.0,1629750.0,0.23055832,14.664834,225,1
atitlan,2025-04-13,702450.0,1629750.0,0.20653018,11.257149,225,0
atitlan,2025-04-13,702750.0,1629750.0,0.21180156,12.295735,225,1
atitlan,2025-04-13,703050.0,1629750.0,0.14225769,8.450011,225,0
atitlan,2025-04-13,703350.0,1629750.0,0.10371489,7.382514,225,0
atitlan,2025-04-13,703650.0,1629750.0,0.08856546,6.1545763,225,0
atitlan,2025-04-13,703950.0,1629750.0,0.12147672,8.000759,225,0
atitlan,2025-04-13,704250.0,1629750.0,0.0745369,5.151875,225,0
atitlan,2025-04-13,704550.0,1629750.0,0.11866451,6.9165583,225,0
atitlan,2025-04-13,704850.0,1629750.0,0.13339734,7.7308,225,0
atitlan,2025-04-13,705150.0,1629750.0,0.17045754,9.868982,225,0
atitlan,2025-04-13,705450.0,1629750.0,0.18062846,8.964169,225,0
atitlan,2025-04-13,705750.0,1629750.0,0.21085347,10.760369,225,0
atitlan,2025-04-13,706050.0,1629750.0,0.2301737,12.925773,225,1
atitlan,2025-04-13,706350.0,1629750.0,0.23009151,11.060473,225,0
atitlan,2025-04-13,706650.0,1629750.0,0.18372251,9.832355,225,0
atitlan,2025-04-13,706950.0,1629750.0,0.2076393,10.628537,225,0
atitlan,2025-04-13,707250.0,1629750.0,0.1981486,8.6573105,225,0
atitlan,2025-04-13,707550.0,1629750.0,0.1672916,9.076005,225,0
atitlan,2025-04-13,707850.0,1629750.0,0.26644108,14.2605505,45,1
atitlan,2025-04-13,680250.0,1630050.0,0.31899506,23.515291,180,1
atitlan,2025-04-13,680550.0,1630050.0,0.34490108,27.326315,225,1
atitlan,2025-04-13,680850.0,1630050.0,0.38029233,32.324207,225,1
atitlan,2025-04-13,681150.0,1630050.0,0.34316865,27.560968,225,1
atitlan,2025-04-13,681450.0,1630050.0,0.3083216,20.602041,225,1
atitlan,2025-04-13,681750.0,1630050.0,0.34874558,25.984453,225,1
atitlan,2025-04-13,682050.0,1630050.0,0.3369923,25.068327,225,1
atitlan,2025-04-13,682350.0,1630050.0,0.3709539,35.741814,225,1
atitlan,2025-04-13,682650.0,1630050.0,0.39914393,36.767838,225,1
atitlan,2025-04-13,682950.0,1630050.0,0.40967262,39.863598,225,1
atitlan,2025-04-13,683250.0,1630050.0,0.3569519,27.776243,225,1
atitlan,2025-04-13,683550.0,1630050.0,0.3618836,29.791374,225,1
atitlan,2025-04-13,683850.0,1630050.0,0.3235371,23.74205,225,1
atitlan,2025-04-13,684150.0,1630050.0,0.27388516,15.285547,225,1
atitlan,2025-04-13,684450.0,1630050.0,0.36602822,29.943203,225,1
atitlan,2025-04-13,684750.0,1630050.0,0.28295887,17.885622,225,1
atitlan,2025-04-13,685050.0,1630050.0,0.17942277,7.4861774,225,0
atitlan,2025-04-13,685350.0,1630050.0,0.26367873,14.807953,225,1
atitlan,2025-04-13,685650.0,1630050.0,0.27756178,16.886492,225,1
atitlan,2025-04-13,685950.0,1630050.0,0.24920571,12.817197,225,1
atitlan,2025-04-13,686250.0,1630050.0,0.21573627,11.619474,225,0
atitlan,2025-04-13,686550.0,1630050.0,0.2592018,14.560413,225,1
atitlan,2025-04-13,686850.0,1630050.0,0.29390568,17.349813,225,1
atitlan,2025-04-13,687150.0,1630050.0,0.25696725,13.128626,225,1
atitlan,2025-04-13,687450.0,1630050.0,0.20888294,10.554199,225,0
atitlan,2025-04-13,687750.0,1630050.0,0.27305308,16.12124,225,1
atitlan,2025-04-13,688050.0,1630050.0,0.20158312,8.895499,225,0
atitlan,2025-04-13,688350.0,1630050.0,0.2075774,10.1968565,225,0
atitlan,2025-04-13,688650.0,1630050.0,0.17842802,8.508911,225,0
atitlan,2025-04-13,688950.0,1630050.0,0.25773507,14.39794,225,1
atitlan,2025-04-13,689250.0,1630050.0,0.2006483,8.959948,225,0
atitlan,2025-04-13,689550.0,1630050.0,0.19694196,8.8736515,225,0
atitlan,2025-04-13,689850.0,1630050.0,0.23338014,12.994644,225,1
atitlan,2025-04-13,690150.0,1630050.0,0.16613506,8.55973,225,0
atitlan,2025-04-13,690450.0,1630050.0,0.13531733,5.895044,225,0
atitlan,2025-04-13,690750.0,1630050.0,0.15238793,6.402242,225,0
atitlan,2025-04-13,691050.0,1630050.0,0.14672992,6.2954745,225,0
atitlan,2025-04-13,691350.0,1630050.0,0.16466494,7.0435357,225,0
atitlan,2025-04-13,691650.0,1630050.0,0.13702786,7.6941977,225,0
atitlan,2025-04-13,691950.0,1630050.0,0.15740587,7.98573,225,0
atitlan,2025-04-13,692250.0,1630050.0,0.08560598,5.0801888,225,0
atitlan,2025-04-13,692550.0,1630050.0,0.04645163,5.4202185,225,0
atitlan,2025-04-13,692850.0,1630050.0,-0.054511495,2.3574843,225,0
atitlan,2025-04-13,693150.0,1630050.0,-0.056062303,2.263012,225,0
atitlan,2025-04-13,693450.0,1630050.0,-0.05832431,2.1854522,225,0
atitlan,2025-04-13,693750.0,1630050.0,-0.057388335,2.222883,225,0
atitlan,2025-04-13,694050.0,1630050.0,-0.053499732,2.3982923,225,0
atitlan,2025-04-13,694350.0,1630050.0,-0.050946817,2.5086794,225,0
atitlan,2025-04-13,694650.0,1630050.0,-0.051366508,2.4859023,225,0
atitlan,2025-04-13,694950.0,1630050.0,-0.051764082,2.4793184,225,0
atitlan,2025-04-13,695250.0,1630050.0,-0.050647046,2.5299773,225,0
atitlan,2025-04-13,695550.0,1630050.0,-0.050289944,2.5481482,225,0
atitlan,2025-04-13,695850.0,1630050.0,-0.04998434,2.5530558,225,0
atitlan,2025-04-13,696150.0,1630050.0,-0.051918928,2.4650393,225,0
atitlan,2025-04-13,696450.0,1630050.0,-0.051437687,2.4846659,225,0
atitlan,2025-04-13,696750.0,1630050.0,-0.051754132,2.4577124,225,0
atitlan,2025-04-13,697050.0,1630050.0,-0.053231783,2.396955,225,0
atitlan,2025-04-13,697350.0,1630050.0,-0.052609403,2.424984,225,0
atitlan,2025-04-13,697650.0,1630050.0,-0.051203195,2.4935832,225,0
atitlan,2025-04-13,697950.0,1630050.0,0.007933089,3.9467604,225,0
atitlan,2025-04-13,698250.0,1630050.0,0.07385163,5.418182,225,0
atitlan,2025-04-13,698550.0,1630050.0,0.072658,5.2702827,225,0
atitlan,2025-04-13,698850.0,1630050.0,0.106211655,7.048699,225,0
atitlan,2025-04-13,699150.0,1630050.0,0.11660711,7.338021,225,0
atitlan,2025-04-13,699450.0,1630050.0,0.18585251,8.075181,225,0
atitlan,2025-04-13,699750.0,1630050.0,0.16400336,6.2842855,225,0
atitlan,2025-04-13,700050.0,1630050.0,0.13896461,6.5345907,225,0
atitlan,2025-04-13,700350.0,1630050.0,0.16380149,8.473969,225,0
atitlan,2025-04-13,700650.0,1630050.0,0.22229372,12.556952,225,1
atitlan,2025-04-13,700950.0,1630050.0,0.1634532,8.9210825,225,0
atitlan,2025-04-13,701250.0,1630050.0,0.17984377,10.424472,225,0
atitlan,2025-04-13,701550.0,1630050.0,0.22808902,13.337297,225,1
atitlan,2025-04-13,701850.0,1630050.0,0.1695626,10.010003,225,0
atitlan,2025-04-13,702150.0,1630050.0,0.15675728,8.873718,225,0
atitlan,2025-04-13,702450.0,1630050.0,0.2541817,16.100958,225,1
atitlan,2025-04-13,702750.0,1630050.0,0.12386489,9.069955,225,0
atitlan,2025-04-13,703050.0,1630050.0,0.094055794,7.058865,225,0
atitlan,2025-04-13,703350.0,1630050.0,0.07773562,5.7390475,225,0
atitlan,2025-04-13,703650.0,1630050.0,0.07952332,5.316799,225,0
atitlan,2025-04-13,703950.0,1630050.0,0.06835444,4.992061,225,0
atitlan,2025-04-13,704250.0,1630050.0,0.103505544,7.0527625,225,0
atitlan,2025-04-13,704550.0,1630050.0,0.24506977,12.411584,225,1
atitlan,2025-04-13,704850.0,1630050.0,0.2439582,12.53843,225,1
atitlan,2025-04-13,705150.0,1630050.0,0.23459584,12.106389,225,1
atitlan,2025-04-13,705450.0,1630050.0,0.25943986,15.724792,225,1
atitlan,2025-04-13,705750.0,1630050.0,0.18113756,8.765086,225,0
atitlan,2025-04-13,706050.0,1630050.0,0.23787062,12.317299,225,1
atitlan,2025-04-13,706350.0,1630050.0,0.27929297,15.301249,225,1
atitlan,2025-04-13,706650.0,1630050.0,0.2660248,14.811041,225,1
atitlan,2025-04-13,706950.0,1630050.0,0.26588258,13.994584,225,1
atitlan,2025-04-13,707250.0,1630050.0,0.21782927,11.382061,225,0
atitlan,2025-04-13,707550.0,1630050.0,0.14582919,7.8187737,225,0
atitlan,2025-04-13,707850.0,1630050.0,0.1917316,8.973437,45,0
atitlan,2025-04-13,680250.0,1630350.0,0.3399315,26.019163,180,1
atitlan,2025-04-13,680550.0,1630350.0,0.3473653,27.311241,225,1
atitlan,2025-04-13,680850.0,1630350.0,0.29844633,19.968954,225,1
atitlan,2025-04-13,681150.0,1630350.0,0.31415808,24.657568,225,1
atitlan,2025-04-13,681450.0,1630350.0,0.36085206,27.954737,225,1
atitlan,2025-04-13,681750.0,1630350.0,0.32558975,21.331963,225,1
atitlan,2025-04-13,682050.0,1630350.0,0.32452828,22.786514,225,1
atitlan,2025-04-13,682350.0,1630350.0,0.32511085,22.0798,225,1
atitlan,2025-04-13,682650.0,1630350.0,0.3745328,33.667805,225,1
atitlan,2025-04-13,682950.0,1630350.0,0.39186612,34.693527,225,1
atitlan,2025-04-13,683250.0,1630350.0,0.39265317,35.47007,225,1
atitlan,2025-04-13,683550.0,1630350.0,0.33303192,23.163717,225,1
atitlan,2025-04-13,683850.0,1630350.0,0.30571198,19.043747,225,1
atitlan,2025-04-13,684150.0,1630350.0,0.3670985,31.853474,225,1
atitlan,2025-04-13,684450.0,1630350.0,0.36697003,32.39251,225,1
atitlan,2025-04-13,684750.0,1630350.0,0.32840344,22.342527,225,1
atitlan,2025-04-13,685050.0,1630350.0,0.2380061,11.231183,225,0
atitlan,2025-04-13,685350.0,1630350.0,0.22819382,12.050812,225,1
atitlan,2025-04-13,685650.0,1630350.0,0.2553194,12.956068,225,1
atitlan,2025-04-13,685950.0,1630350.0,0.22781424,11.504868,225,0
atitlan,2025-04-13,686250.0,1630350.0,0.28575522,18.06905,225,1
atitlan,2025-04-13,686550.0,1630350.0,0.32002673,21.548464,225,1
atitlan,2025-04-13,686850.0,1630350.0,0.30452448,19.120768,225,1
atitlan,2025-04-13,687150.0,1630350.0,0.27458096,14.848119,225,1
atitlan,2025-04-13,687450.0,1630350.0,0.34370866,25.72903,225,1
atitlan,2025-04-13,687750.0,1630350.0,0.2988511,20.007969,225,1
atitlan,2025-04-13,688050.0,1630350.0,0.26703793,15.81213,225,1
atitlan,2025-04-13,688350.0,1630350.0,0.24138805,13.642489,225,1
atitlan,2025-04-13,688650.0,1630350.0,0.15446338,7.4132347,225,0
atitlan,2025-04-13,688950.0,1630350.0,0.20247896,10.3282585,225,0
atitlan,2025-04-13,689250.0,1630350.0,0.257781,13.718531,225,1
atitlan,2025-04-13,689550.0,1630350.0,0.24979588,15.8172245,225,1
atitlan,2025-04-13,689850.0,1630350.0,0.21036984,13.021591,225,1
atitlan,2025-04-13,690150.0,1630350.0,0.20670427,12.079009,225,1
atitlan,2025-04-13,690450.0,1630350.0,0.17170708,7.606038,225,0
atitlan,2025-04-13,690750.0,1630350.0,0.1595322,7.0504546,225,0
atitlan,2025-04-13,691050.0,1630350.0,0.14660664,6.184198,225,0
atitlan,2025-04-13,691350.0,1630350.0,0.1830482,7.882666,225,0
atitlan,2025-04-13,691650.0,1630350.0,0.15965842,7.809752,225,0
atitlan,2025-04-13,691950.0,1630350.0,0.21324985,10.124384,225,0
atitlan,2025-04-13,692250.0,1630350.0,0.13996616,6.016924,225,0
atitlan,2025-04-13,692550.0,1630350.0,0.15584011,7.711954,225,0
atitlan,2025-04-13,692850.0,1630350.0,0.053809248,5.4377494,225,0
atitlan,2025-04-13,693150.0,1630350.0,0.07715875,6.250001,225,0
atitlan,2025-04-13,693450.0,1630350.0,0.07690052,6.893516,225,0
atitlan,2025-04-13,693750.0,1630350.0,-0.027202034,3.5409958,225,0
atitlan,2025-04-13,694050.0,1630350.0,0.031582985,4.250343,225,0
atitlan,2025-04-13,694350.0,1630350.0,0.07800275,4.8484225,225,0
atitlan,2025-04-13,694650.0,1630350.0,-0.044534065,2.7510593,225,0
atitlan,2025-04-13,694950.0,1630350.0,-0.046313144,2.7069094,225,0
atitlan,2025-04-13,695250.0,1630350.0,-0.041562058,2.8191984,225,0
atitlan,2025-04-13,695550.0,1630350.0,0.0016933439,3.6361358,225,0
atitlan,2025-04-13,695850.0,1630350.0,0.020416891,3.9954445,225,0
atitlan,2025-04-13,696150.0,1630350.0,-0.012792701,3.3558326,225,0
atitlan,2025-04-13,696450.0,1630350.0,-0.05277164,2.3990996,225,0
atitlan,2025-04-13,696750.0,1630350.0,-0.056198243,2.2614968,225,0
atitlan,2025-04-13,697050.0,1630350.0,-0.057106264,2.1997292,225,0
atitlan,2025-04-13,697350.0,1630350.0,-0.053505212,2.3670757,225,0
atitlan,2025-04-13,697650.0,1630350.0,-0.02414219,3.1139247,225,0
atitlan,2025-04-13,697950.0,1630350.0,0.13482164,8.354136,225,0
atitlan,2025-04-13,698250.0,1630350.0,0.09831716,6.2828717,225,0
atitlan,2025-04-13,698550.0,1630350.0,0.096671395,6.351199,225,0
atitlan,2025-04-13,698850.0,1630350.0,0.08693793,5.752068,225,0
atitlan,2025-04-13,699150.0,1630350.0,0.13073383,7.8220253,225,0
atitlan,2025-04-13,699450.0,1630350.0,0.18611577,8.223169,225,0
atitlan,2025-04-13,699750.0,1630350.0,0.2021411,8.982566,225,0
atitlan,2025-04-13,700050.0,1630350.0,0.13269834,7.8959813,225,0
atitlan,2025-04-13,700350.0,1630350.0,0.1220858,7.266803,225,0
atitlan,2025-04-13,700650.0,1630350.0,0.17893541,9.934181,225,0
atitlan,2025-04-13,700950.0,1630350.0,0.10348382,6.14285,225,0
atitlan,2025-04-13,701250.0,1630350.0,0.14840226,9.976621,225,0
atitlan,2025-04-13,701550.0,1630350.0,0.12566203,7.6585073,225,0
atitlan,2025-04-13,701850.0,1630350.0,0.12266271,7.751321,225,0
atitlan,2025-04-13,702150.0,1630350.0,0.27167886,16.042267,225,1
atitlan,2025-04-13,702450.0,1630350.0,0.2634307,18.470308,225,1
atitlan,2025-04-13,702750.0,1630350.0,0.111429624,7.5845666,225,0
atitlan,2025-04-13,703050.0,1630350.0,0.09358205,6.7180743,225,0
atitlan,2025-04-13,703350.0,1630350.0,0.06733835,5.2089543,225,0
atitlan,2025-04-13,703650.0,1630350.0,0.08207834,5.7590213,225,0
atitlan,2025-04-13,703950.0,1630350.0,0.10697338,6.273367,225,0
atitlan,2025-04-13,704250.0,1630350.0,0.23703408,12.246801,225,1
atitlan,2025-04-13,704550.0,1630350.0,0.20590006,9.841023,225,0
atitlan,2025-04-13,704850.0,1630350.0,0.26698074,16.109674,225,1
atitlan,2025-04-13,705150.0,1630350.0,0.23520964,11.807612,225,0
atitlan,2025-04-13,705450.0,1630350.0,0.22725849,11.507275,225,0
atitlan,2025-04-13,705750.0,1630350.0,0.22062746,10.825019,225,0
atitlan,2025-04-13,706050.0,1630350.0,0.22312964,12.024656,225,1
atitlan,2025-04-13,706350.0,1630350.0,0.30729496,18.070614,225,1
atitlan,2025-04-13,706650.0,1630350.0,0.24831332,12.900776,225,1
atitlan,2025-04-13,706950.0,1630350.0,0.2517315,13.314574,225,1
atitlan,2025-04-13,707250.0,1630350.0,0.23350404,12.551526,225,1
atitlan,2025-04-13,707550.0,1630350.0,0.22624949,11.286372,225,0
atitlan,2025-04-13,707850.0,1630350.0,0.16685915,8.514473,45,0
atitlan,2025-04-13,680250.0,1630650.0,0.37901068,32.265984,180,1
atitlan,2025-04-13,680550.0,1630650.0,0.39513895,35.93959,225,1
atitlan,2025-04-13,680850.0,1630650.0,0.34239426,28.7483,225,1
atitlan,2025-04-13,681150.0,1630650.0,0.34446266,29.978119,225,1
atitlan,2025-04-13,681450.0,1630650.0,0.38944462,34.273174,225,1
atitlan,2025-04-13,681750.0,1630650.0,0.39426103,35.727795,225,1
atitlan,2025-04-13,682050.0,1630650.0,0.39129215,34.857193,225,1
atitlan,2025-04-13,682350.0,1630650.0,0.3995312,37.245083,225,1
atitlan,2025-04-13,682650.0,1630650.0,0.38006005,35.35967,225,1
atitlan,2025-04-13,682950.0,1630650.0,0.38694963,33.61705,225,1
atitlan,2025-04-13,683250.0,1630650.0,0.39502966,35.73928,225,1
atitlan,2025-04-13,683550.0,1630650.0,0.3812994,33.931942,225,1
atitlan,2025-04-13,683850.0,1630650.0,0.32684168,23.926327,225,1
atitlan,2025-04-13,684150.0,1630650.0,0.39005813,35.96402,225,1
atitlan,2025-04-13,684450.0,1630650.0,0.32830563,23.924458,225,1
atitlan,2025-04-13,684750.0,1630650.0,0.3539806,26.754835,225,1
atitlan,2025-04-13,685050.0,1630650.0,0.32350644,21.61057,225,1
atitlan,2025-04-13,685350.0,1630650.0,0.28904796,20.266903,225,1
atitlan,2025-04-13,685650.0,1630650.0,0.28207007,16.528765,225,1
atitlan,2025-04-13,685950.0,1630650.0,0.2708557,15.901542,225,1
atitlan,2025-04-13,686250.0,1630650.0,0.2632465,14.592646,225,1
atitlan,2025-04-13,686550.0,1630650.0,0.2676289,14.9350395,225,1
atitlan,2025-04-13,686850.0,1630650.0,0.31314656,20.375618,225,1
atitlan,2025-04-13,687150.0,1630650.0,0.28137675,15.640252,225,1
atitlan,2025-04-13,687450.0,1630650.0,0.30990365,20.535126,225,1
atitlan,2025-04-13,687750.0,1630650.0,0.26021117,14.305947,225,1
atitlan,2025-04-13,688050.0,1630650.0,0.31286973,21.31444,225,1
atitlan,2025-04-13,688350.0,1630650.0,0.27065313,15.244655,225,1
atitlan,2025-04-13,688650.0,1630650.0,0.23234549,12.16321,225,1
atitlan,2025-04-13,688950.0,1630650.0,0.1941394,9.63771,225,0
atitlan,2025-04-13,689250.0,1630650.0,0.23995377,13.059571,225,1
atitlan,2025-04-13,689550.0,1630650.0,0.28133178,18.293098,225,1
atitlan,2025-04-13,689850.0,1630650.0,0.2616164,15.609595,225,1
atitlan,2025-04-13,690150.0,1630650.0,0.27361733,18.391104,225,1
atitlan,2025-04-13,690450.0,1630650.0,0.20302245,9.65924,225,0
atitlan,2025-04-13,690750.0,1630650.0,0.15979336,7.3842382,225,0
atitlan,2025-04-13,691050.0,1630650.0,0.13269281,5.8690414,225,0
atitlan,2025-04-13,691350.0,1630650.0,0.17676263,7.3985996,225,0
atitlan,2025-04-13,691650.0,1630650.0,0.17498831,7.4997454,225,0
atitlan,2025-04-13,691950.0,1630650.0,0.20503366,8.78777,225,0
atitlan,2025-04-13,692250.0,1630650.0,0.16443044,6.3777337,225,0
atitlan,2025-04-13,692550.0,1630650.0,0.19684128,8.86724,225,0
atitlan,2025-04-13,692850.0,1630650.0,0.16575138,8.285469,225,0
atitlan,2025-04-13,693150.0,1630650.0,0.15968966,8.119823,225,0
atitlan,2025-04-13,693450.0,1630650.0,0.21409822,10.985228,225,0
atitlan,2025-04-13,693750.0,1630650.0,0.18577583,9.703831,225,0
atitlan,2025-04-13,694050.0,1630650.0,0.19691259,8.367047,225,0
atitlan,2025-04-13,694350.0,1630650.0,0.15051277,6.49301,225,0
atitlan,2025-04-13,694650.0,1630650.0,0.15247834,8.841677,225,0
atitlan,2025-04-13,694950.0,1630650.0,0.06718305,4.580332,225,0
atitlan,2025-04-13,695250.0,1630650.0,0.05738647,4.88543,225,0
atitlan,2025-04-13,695550.0,1630650.0,0.084947765,5.350175,225,0
atitlan,2025-04-13,695850.0,1630650.0,0.11042795,5.5389247,225,0
atitlan,2025-04-13,696150.0,1630650.0,0.069553226,4.883506,225,0
atitlan,2025-04-13,696450.0,1630650.0,0.052585915,4.7745075,225,0
atitlan,2025-04-13,696750.0,1630650.0,-0.058788676,2.1412637,225,0
atitlan,2025-04-13,697050.0,1630650.0,-0.057474174,2.219386,225,0
atitlan,2025-04-13,697350.0,1630650.0,-0.051346768,2.5045187,225,0
atitlan,2025-04-13,697650.0,1630650.0,0.056808356,5.5792074,225,0
atitlan,2025-04-13,697950.0,1630650.0,0.11728901,6.670626,225,0
atitlan,2025-04-13,698250.0,1630650.0,0.08223367,5.4988384,225,0
atitlan,2025-04-13,698550.0,1630650.0,0.076686986,5.753076,225,0
atitlan,2025-04-13,698850.0,1630650.0,0.07431029,5.3557706,225,0
atitlan,2025-04-13,699150.0,1630650.0,0.08957166,6.04957,225,0
atitlan,2025-04-13,699450.0,1630650.0,0.21843328,10.787694,225,0
atitlan,2025-04-13,699750.0,1630650.0,0.26640093,13.86993,225,1
atitlan,2025-04-13,700050.0,1630650.0,0.2465225,13.644603,225,1
atitlan,2025-04-13,700350.0,1630650.0,0.2270414,14.698873,225,1
atitlan,2025-04-13,700650.0,1630650.0,0.110064715,7.569569,225,0
atitlan,2025-04-13,700950.0,1630650.0,0.11374801,6.9002028,225,0
atitlan,2025-04-13,701250.0,1630650.0,0.10489924,6.3652773,225,0
atitlan,2025-04-13,701550.0,1630650.0,0.19588171,11.219845,225,0
atitlan,2025-04-13,701850.0,1630650.0,0.16048539,10.006527,225,0
atitlan,2025-04-13,702150.0,1630650.0,0.15778707,9.153632,225,0
atitlan,2025-04-13,702450.0,1630650.0,0.18931957,10.823411,225,0
atitlan,2025-04-13,702750.0,1630650.0,0.111599654,7.537785,225,0
atitlan,2025-04-13,703050.0,1630650.0,0.0755753,5.939215,225,0
atitlan,2025-04-13,703350.0,1630650.0,0.07351063,5.633355,225,0
atitlan,2025-04-13,703650.0,1630650.0,0.09086974,5.893716,225,0
atitlan,2025-04-13,703950.0,1630650.0,0.20367321,9.767311,225,0
atitlan,2025-04-13,704250.0,1630650.0,0.25628552,14.045383,225,1
atitlan,2025-04-13,704550.0,1630650.0,0.26826596,14.964552,225,1
atitlan,2025-04-13,704850.0,1630650.0,0.30532965,19.623257,225,1
atitlan,2025-04-13,705150.0,1630650.0,0.23534971,13.460488,225,1
atitlan,2025-04-13,705450.0,1630650.0,0.27141756,15.283441,225,1
atitlan,2025-04-13,705750.0,1630650.0,0.24289307,12.576913,225,1
atitlan,2025-04-13,706050.0,1630650.0,0.25611714,13.918076,225,1
atitlan,2025-04-13,706350.0,1630650.0,0.30470985,18.348438,225,1
atitlan,2025-04-13,706650.0,1630650.0,0.28434741,16.61667,225,1
atitlan,2025-04-13,706950.0,1630650.0,0.12526006,7.146607,225,0
atitlan,2025-04-13,707250.0,1630650.0,0.22659864,11.862172,225,0
atitlan,2025-04-13,707550.0,1630650.0,0.24841404,13.821798,225,1
atitlan,2025-04-13,707850.0,1630650.0,0.30007175,18.163311,45,1
atitlan,2025-04-13,680250.0,1630950.0,0.2629225,19.44362,180,1
atitlan,2025-04-13,680550.0,1630950.0,0.32722962,27.439617,225,1
atitlan,2025-04-13,680850.0,1630950.0,0.37365347,31.40822,225,1
atitlan,2025-04-13,681150.0,1630950.0,0.3767498,32.56225,225,1
atitlan,2025-04-13,681450.0,1630950.0,0.36312652,28.67817,225,1
atitlan,2025-04-13,681750.0,1630950.0,0.35826454,27.537378,225,1
atitlan,2025-04-13,682050.0,1630950.0,0.37564993,30.843645,225,1
atitlan,2025-04-13,682350.0,1630950.0,0.3782472,35.15635,225,1
atitlan,2025-04-13,682650.0,1630950.0,0.35306165,31.359268,225,1
atitlan,2025-04-13,682950.0,1630950.0,0.4162281,41.616966,225,1
atitlan,2025-04-13,683250.0,1630950.0,0.4164296,41.665585,225,1
atitlan,2025-04-13,683550.0,1630950.0,0.38357785,33.615715,225,1
atitlan,2025-04-13,683850.0,1630950.0,0.3319656,24.017307,225,1
atitlan,2025-04-13,684150.0,1630950.0,0.32863787,22.517088,225,1
atitlan,2025-04-13,684450.0,1630950.0,0.3367063,24.42203,225,1
atitlan,2025-04-13,684750.0,1630950.0,0.32937452,23.202276,225,1
atitlan,2025-04-13,685050.0,1630950.0,0.30497694,18.404716,225,1
atitlan,2025-04-13,685350.0,1630950.0,0.40939504,40.065434,225,1
atitlan,2025-04-13,685650.0,1630950.0,0.33039,24.360487,225,1
atitlan,2025-04-13,685950.0,1630950.0,0.27244502,15.347466,225,1
atitlan,2025-04-13,686250.0,1630950.0,0.267371,15.526076,225,1
atitlan,2025-04-13,686550.0,1630950.0,0.32406515,21.547335,225,1
atitlan,2025-04-13,686850.0,1630950.0,0.32164,21.98083,225,1
atitlan,2025-04-13,687150.0,1630950.0,0.26706368,14.376842,225,1
atitlan,2025-04-13,687450.0,1630950.0,0.23926952,12.631144,225,1
atitlan,2025-04-13,687750.0,1630950.0,0.27375767,16.80616,225,1
atitlan,2025-04-13,688050.0,1630950.0,0.29404262,17.559872,225,1
atitlan,2025-04-13,688350.0,1630950.0,0.29618683,20.009302,225,1
atitlan,2025-04-13,688650.0,1630950.0,0.3060585,19.903461,225,1
atitlan,2025-04-13,688950.0,1630950.0,0.25629765,14.778086,225,1
atitlan,2025-04-13,689250.0,1630950.0,0.28337666,17.497728,225,1
atitlan,2025-04-13,689550.0,1630950.0,0.27611822,16.827995,225,1
atitlan,2025-04-13,689850.0,1630950.0,0.3371899,25.720121,225,1
atitlan,2025-04-13,690150.0,1630950.0,0.3099147,21.245962,225,1
atitlan,2025-04-13,690450.0,1630950.0,0.18487135,8.701269,225,0
atitlan,2025-04-13,690750.0,1630950.0,0.17697985,8.441189,225,0
atitlan,2025-04-13,691050.0,1630950.0,0.15638028,6.5406137,225,0
atitlan,2025-04-13,691350.0,1630950.0,0.15126455,6.135511,225,0
atitlan,2025-04-13,691650.0,1630950.0,0.1952446,8.075773,225,0
atitlan,2025-04-13,691950.0,1630950.0,0.19701098,9.1392765,225,0
atitlan,2025-04-13,692250.0,1630950.0,0.13989025,6.045256,225,0
atitlan,2025-04-13,692550.0,1630950.0,0.14020623,6.2582326,225,0
atitlan,2025-04-13,692850.0,1630950.0,0.14942513,7.1704226,225,0
atitlan,2025-04-13,693150.0,1630950.0,0.17005624,8.547062,225,0
atitlan,2025-04-13,693450.0,1630950.0,0.12380005,6.0070415,225,0
atitlan,2025-04-13,693750.0,1630950.0,0.14058138,5.9469357,225,0
atitlan,2025-04-13,694050.0,1630950.0,0.16860288,6.894812,225,0
atitlan,2025-04-13,694350.0,1630950.0,0.16581948,6.688922,225,0
atitlan,2025-04-13,694650.0,1630950.0,0.19980574,8.241777,225,0
atitlan,2025-04-13,694950.0,1630950.0,0.188348,7.804716,225,0
atitlan,2025-04-13,695250.0,1630950.0,0.13670573,5.86837,225,0
atitlan,2025-04-13,695550.0,1630950.0,0.10217975,5.529061,225,0
atitlan,2025-04-13,695850.0,1630950.0,0.07620472,5.0818315,225,0
atitlan,2025-04-13,696150.0,1630950.0,0.096244514,5.5075006,225,0
atitlan,2025-04-13,696450.0,1630950.0,0.14221393,6.4861584,225,0
atitlan,2025-04-13,696750.0,1630950.0,0.022796158,3.9026685,225,0
atitlan,2025-04-13,697050.0,1630950.0,-0.050711814,2.497161,225,0
atitlan,2025-04-13,697350.0,1630950.0,-0.048611213,2.579978,225,0
atitlan,2025-04-13,697650.0,1630950.0,0.028997304,4.1793084,225,0
atitlan,2025-04-13,697950.0,1630950.0,0.13310738,6.066417,225,0
atitlan,2025-04-13,698250.0,1630950.0,0.12175284,6.709476,225,0
atitlan,2025-04-13,698550.0,1630950.0,0.08545519,6.1477866,225,0
atitlan,2025-04-13,698850.0,1630950.0,0.06301974,4.9654946,225,0
atitlan,2025-04-13,699150.0,1630950.0,0.059488337,4.6737905,225,0
atitlan,2025-04-13,699450.0,1630950.0,0.15331984,7.7555795,225,0
atitlan,2025-04-13,699750.0,1630950.0,0.2544653,12.869135,225,1
atitlan,2025-04-13,700050.0,1630950.0,0.27795044,15.646034,225,1
atitlan,2025-04-13,700350.0,1630950.0,0.24051157,13.776492,225,1
atitlan,2025-04-13,700650.0,1630950.0,0.15864381,9.710336,225,0
atitlan,2025-04-13,700950.0,1630950.0,0.07419329,5.850551,225,0
atitlan,2025-04-13,701250.0,1630950.0,0.11216617,6.620329,225,0
atitlan,2025-04-13,701550.0,1630950.0,0.20603657,11.324258,225,0
atitlan,2025-04-13,701850.0,1630950.0,0.16487107,8.893651,225,0
atitlan,2025-04-13,702150.0,1630950.0,0.1738775,9.952296,225,0
atitlan,2025-04-13,702450.0,1630950.0,0.19671328,10.439133,225,0
atitlan,2025-04-13,702750.0,1630950.0,0.13448557,8.585772,225,0
atitlan,2025-04-13,703050.0,1630950.0,0.06181013,4.9671135,225,0
atitlan,2025-04-13,703350.0,1630950.0,0.070464194,5.1934924,225,0
atitlan,2025-04-13,703650.0,1630950.0,0.17763549,10.313766,225,0
atitlan,2025-04-13,703950.0,1630950.0,0.25692767,12.812275,225,1
atitlan,2025-04-13,704250.0,1630950.0,0.2569157,12.680086,225,1
atitlan,2025-04-13,704550.0,1630950.0,0.23698354,13.77308,225,1
atitlan,2025-04-13,704850.0,1630950.0,0.26383,14.575994,225,1
atitlan,2025-04-13,705150.0,1630950.0,0.24197645,14.564249,225,1
atitlan,2025-04-13,705450.0,1630950.0,0.236647,12.494047,225,1
atitlan,2025-04-13,705750.0,1630950.0,0.27929533,15.994843,225,1
atitlan,2025-04-13,706050.0,1630950.0,0.27748027,15.952119,225,1
atitlan,2025-04-13,706350.0,1630950.0,0.2872406,17.593462,225,1
atitlan,2025-04-13,706650.0,1630950.0,0.26440388,16.878775,225,1
atitlan,2025-04-13,706950.0,1630950.0,0.18970819,10.03242,225,0
atitlan,2025-04-13,707250.0,1630950.0,0.23515272,11.314316,225,0
atitlan,2025-04-13,707550.0,1630950.0,0.1894142,9.722888,225,0
atitlan,2025-04-13,707850.0,1630950.0,0.15020753,9.3141775,45,0
atitlan,2025-04-13,680250.0,1631250.0,0.35408008,28.809343,180,1
atitlan,2025-04-13,680550.0,1631250.0,0.32090497,22.876785,225,1
atitlan,2025-04-13,680850.0,1631250.0,0.35862634,27.906565,225,1
atitlan,2025-04-13,681150.0,1631250.0,0.37228277,32.994953,225,1
atitlan,2025-04-13,681450.0,1631250.0,0.35232338,26.259752,225,1
atitlan,2025-04-13,681750.0,1631250.0,0.39038554,34.537716,225,1
atitlan,2025-04-13,682050.0,1631250.0,0.38770598,33.71012,225,1
atitlan,2025-04-13,682350.0,1631250.0,0.382717,36.033104,225,1
atitlan,2025-04-13,682650.0,1631250.0,0.382343,32.460358,225,1
atitlan,2025-04-13,682950.0,1631250.0,0.39225852,35.257355,225,1
atitlan,2025-04-13,683250.0,1631250.0,0.38595757,33.680717,225,1
atitlan,2025-04-13,683550.0,1631250.0,0.33847806,25.975584,225,1
atitlan,2025-04-13,683850.0,1631250.0,0.34729326,25.801249,225,1
atitlan,2025-04-13,684150.0,1631250.0,0.32106394,21.310543,225,1
atitlan,2025-04-13,684450.0,1631250.0,0.3256813,23.484358,225,1
atitlan,2025-04-13,684750.0,1631250.0,0.33206105,24.651764,225,1
atitlan,2025-04-13,685050.0,1631250.0,0.33240548,22.929464,225,1
atitlan,2025-04-13,685350.0,1631250.0,0.4087133,39.867607,225,1
atitlan,2025-04-13,685650.0,1631250.0,0.3484836,27.500431,225,1
atitlan,2025-04-13,685950.0,1631250.0,0.29463443,17.861874,225,1
atitlan,2025-04-13,686250.0,1631250.0,0.3181875,21.072262,225,1
atitlan,2025-04-13,686550.0,1631250.0,0.2730725,16.261993,225,1
atitlan,2025-04-13,686850.0,1631250.0,0.3028517,19.665478,225,1
atitlan,2025-04-13,687150.0,1631250.0,0.2864872,16.372145,225,1
atitlan,2025-04-13,687450.0,1631250.0,0.27597195,15.475818,225,1
atitlan,2025-04-13,687750.0,1631250.0,0.2940826,18.19299,225,1
atitlan,2025-04-13,688050.0,1631250.0,0.31806427,21.54705,225,1
atitlan,2025-04-13,688350.0,1631250.0,0.20464939,12.975381,225,1
atitlan,2025-04-13,688650.0,1631250.0,0.27852982,18.133066,225,1
atitlan,2025-04-13,688950.0,1631250.0,0.26282597,15.688932,225,1
atitlan,2025-04-13,689250.0,1631250.0,0.26584694,13.839592,225,1
atitlan,2025-04-13,689550.0,1631250.0,0.32578704,22.835495,225,1
atitlan,2025-04-13,689850.0,1631250.0,0.34023398,28.374249,225,1
atitlan,2025-04-13,690150.0,1631250.0,0.30091512,22.503906,225,1
atitlan,2025-04-13,690450.0,1631250.0,0.2059703,11.157971,225,0
atitlan,2025-04-13,690750.0,1631250.0,0.21953078,11.365737,225,0
atitlan,2025-04-13,691050.0,1631250.0,0.18174626,7.7485824,225,0
atitlan,2025-04-13,691350.0,1631250.0,0.18698393,8.19911,225,0
atitlan,2025-04-13,691650.0,1631250.0,0.21477081,9.340763,225,0
atitlan,2025-04-13,691950.0,1631250.0,0.16595715,7.1373897,225,0
atitlan,2025-04-13,692250.0,1631250.0,0.19936617,9.312296,225,0
atitlan,2025-04-13,692550.0,1631250.0,0.18990937,7.779452,225,0
atitlan,2025-04-13,692850.0,1631250.0,0.17280188,7.0917535,225,0
atitlan,2025-04-13,693150.0,1631250.0,0.18118407,8.0282,225,0
atitlan,2025-04-13,693450.0,1631250.0,0.1706645,7.6906,225,0
atitlan,2025-04-13,693750.0,1631250.0,0.18162706,7.9797907,225,0
atitlan,2025-04-13,694050.0,1631250.0,0.21133699,9.606858,225,0
atitlan,2025-04-13,694350.0,1631250.0,0.18292917,7.7199354,225,0
atitlan,2025-04-13,694650.0,1631250.0,0.25270852,11.971551,225,0
atitlan,2025-04-13,694950.0,1631250.0,0.21523923,9.497467,225,0
atitlan,2025-04-13,695250.0,1631250.0,0.20530468,8.628412,225,0
atitlan,2025-04-13,695550.0,1631250.0,0.16282137,9.221468,225,0
atitlan,2025-04-13,695850.0,1631250.0,0.07302874,4.9124703,225,0
atitlan,2025-04-13,696150.0,1631250.0,0.1886947,9.977087,225,0
atitlan,2025-04-13,696450.0,1631250.0,0.2175801,10.064579,225,0
atitlan,2025-04-13,696750.0,1631250.0,0.09861061,5.214162,225,0
atitlan,2025-04-13,697050.0,1631250.0,0.08004279,6.4919996,225,0
atitlan,2025-04-13,697350.0,1631250.0,0.17403089,13.469963,225,1
atitlan,2025-04-13,697650.0,1631250.0,0.19246216,10.333546,225,0
atitlan,2025-04-13,697950.0,1631250.0,0.14999157,6.1290355,225,0
atitlan,2025-04-13,698250.0,1631250.0,0.10940449,5.2874165,225,0
atitlan,2025-04-13,698550.0,1631250.0,0.13490899,7.044603,225,0
atitlan,2025-04-13,698850.0,1631250.0,0.13004811,7.545939,225,0
atitlan,2025-04-13,699150.0,1631250.0,0.0918995,6.0175467,225,0
atitlan,2025-04-13,699450.0,1631250.0,0.09089671,5.911581,225,0
atitlan,2025-04-13,699750.0,1631250.0,0.23605022,11.97961,225,0
atitlan,2025-04-13,700050.0,1631250.0,0.25833187,14.064251,225,1
atitlan,2025-04-13,700350.0,1631250.0,0.2614748,15.910818,225,1
atitlan,2025-04-13,700650.0,1631250.0,0.1580161,9.138111,225,0
atitlan,2025-04-13,700950.0,1631250.0,0.10094737,6.1768746,225,0
atitlan,2025-04-13,701250.0,1631250.0,0.10314845,5.729307,225,0
atitlan,2025-04-13,701550.0,1631250.0,0.19720997,10.075495,225,0
atitlan,2025-04-13,701850.0,1631250.0,0.2574366,14.115132,225,1
atitlan,2025-04-13,702150.0,1631250.0,0.22840914,13.258634,225,1
atitlan,2025-04-13,702450.0,1631250.0,0.22890304,14.180648,225,1
atitlan,2025-04-13,702750.0,1631250.0,0.15726347,9.804051,225,0
atitlan,2025-04-13,703050.0,1631250.0,0.151496,9.641754,225,0
atitlan,2025-04-13,703350.0,1631250.0,0.06748852,5.0531125,225,0
atitlan,2025-04-13,703650.0,1631250.0,0.14308712,7.859112,225,0
atitlan,2025-04-13,703950.0,1631250.0,0.20535152,9.7689705,225,0
atitlan,2025-04-13,704250.0,1631250.0,0.25350887,13.206122,225,1
atitlan,2025-04-13,704550.0,1631250.0,0.2718427,15.992984,225,1
atitlan,2025-04-13,704850.0,1631250.0,0.2666682,16.034918,225,1
atitlan,2025-04-13,705150.0,1631250.0,0.22676054,13.733492,225,1
atitlan,2025-04-13,705450.0,1631250.0,0.23110229,13.980451,225,1
atitlan,2025-04-13,705750.0,1631250.0,0.228606,13.25601,225,1
atitlan,2025-04-13,706050.0,1631250.0,0.2147611,10.834444,225,0
atitlan,2025-04-13,706350.0,1631250.0,0.24228653,13.663108,225,1
atitlan,2025-04-13,706650.0,1631250.0,0.26331913,15.285413,225,1
atitlan,2025-04-13,706950.0,1631250.0,0.19154209,10.093349,225,0
atitlan,2025-04-13,707250.0,1631250.0,0.25430834,12.876153,225,1
atitlan,2025-04-13,707550.0,1631250.0,0.2186452,12.0556135,225,1
atitlan,2025-04-13,707850.0,1631250.0,0.1620454,8.521933,45,0
atitlan,2025-04-13,680250.0,1631550.0,0.30361018,23.091011,168,1
atitlan,2025-04-13,680550.0,1631550.0,0.36448774,29.062132,210,1
atitlan,2025-04-13,680850.0,1631550.0,0.3623126,28.612621,210,1
atitlan,2025-04-13,681150.0,1631550.0,0.35978568,30.442762,210,1
atitlan,2025-04-13,681450.0,1631550.0,0.3680413,31.232876,210,1
atitlan,2025-04-13,681750.0,1631550.0,0.4054619,38.983345,210,1
atitlan,2025-04-13,682050.0,1631550.0,0.40658176,38.954403,210,1
atitlan,2025-04-13,682350.0,1631550.0,0.39961225,37.479393,210,1
atitlan,2025-04-13,682650.0,1631550.0,0.35573515,30.185537,210,1
atitlan,2025-04-13,682950.0,1631550.0,0.36983293,29.653786,210,1
atitlan,2025-04-13,683250.0,1631550.0,0.29349357,21.40066,210,1
atitlan,2025-04-13,683550.0,1631550.0,0.233811,17.42473,210,1
atitlan,2025-04-13,683850.0,1631550.0,0.32081112,24.06998,210,1
atitlan,2025-04-13,684150.0,1631550.0,0.31428,24.878475,210,1
atitlan,2025-04-13,684450.0,1631550.0,0.31452146,21.636219,210,1
atitlan,2025-04-13,684750.0,1631550.0,0.3518449,25.896984,210,1
atitlan,2025-04-13,685050.0,1631550.0,0.3494467,26.134008,210,1
atitlan,2025-04-13,685350.0,1631550.0,0.4061624,38.58074,210,1
atitlan,2025-04-13,685650.0,1631550.0,0.41283053,40.624302,210,1
atitlan,2025-04-13,685950.0,1631550.0,0.3827571,34.011414,210,1
atitlan,2025-04-13,686250.0,1631550.0,0.37655586,32.42553,210,1
atitlan,2025-04-13,686550.0,1631550.0,0.32290256,22.217943,210,1
atitlan,2025-04-13,686850.0,1631550.0,0.25943434,13.722658,210,1
atitlan,2025-04-13,687150.0,1631550.0,0.27108014,15.311289,210,1
atitlan,2025-04-13,687450.0,1631550.0,0.27700174,16.697966,210,1
atitlan,2025-04-13,687750.0,1631550.0,0.30832505,20.521364,210,1
atitlan,2025-04-13,688050.0,1631550.0,0.29074955,18.291359,210,1
atitlan,2025-04-13,688350.0,1631550.0,0.28857517,19.580835,210,1
atitlan,2025-04-13,688650.0,1631550.0,0.24844478,12.766547,210,1
atitlan,2025-04-13,688950.0,1631550.0,0.26584354,15.571136,210,1
atitlan,2025-04-13,689250.0,1631550.0,0.25560215,12.894622,210,1
atitlan,2025-04-13,689550.0,1631550.0,0.30480322,19.880524,210,1
atitlan,2025-04-13,689850.0,1631550.0,0.38032714,32.68641,210,1
atitlan,2025-04-13,690150.0,1631550.0,0.388961,35.711025,210,1
atitlan,2025-04-13,690450.0,1631550.0,0.36307552,30.89956,210,1
atitlan,2025-04-13,690750.0,1631550.0,0.302071,21.137247,210,1
atitlan,2025-04-13,691050.0,1631550.0,0.24589579,12.844582,210,1
atitlan,2025-04-13,691350.0,1631550.0,0.19068412,8.69598,210,0
atitlan,2025-04-13,691650.0,1631550.0,0.21992017,9.925502,210,0
atitlan,2025-04-13,691950.0,1631550.0,0.20979758,9.622785,210,0
atitlan,2025-04-13,692250.0,1631550.0,0.25106582,13.168754,210,1
atitlan,2025-04-13,692550.0,1631550.0,0.16705151,7.301577,210,0
atitlan,2025-04-13,692850.0,1631550.0,0.18760714,8.0897255,210,0
atitlan,2025-04-13,693150.0,1631550.0,0.16867901,7.0611515,210,0
atitlan,2025-04-13,693450.0,1631550.0,0.16855754,7.000538,210,0
atitlan,2025-04-13,693750.0,1631550.0,0.19144219,9.067985,210,0
atitlan,2025-04-13,694050.0,1631550.0,0.20608188,9.767579,210,0
atitlan,2025-04-13,694350.0,1631550.0,0.16731136,8.4619255,210,0
atitlan,2025-04-13,694650.0,1631550.0,0.21858822,9.753311,210,0
atitlan,2025-04-13,694950.0,1631550.0,0.2694375,14.634547,210,1
atitlan,2025-04-13,695250.0,1631550.0,0.24116215,11.160473,210,0
atitlan,2025-04-13,695550.0,1631550.0,0.09995364,6.30053,210,0
atitlan,2025-04-13,695850.0,1631550.0,0.1201157,7.085811,210,0
atitlan,2025-04-13,696150.0,1631550.0,0.18657252,7.705457,210,0
atitlan,2025-04-13,696450.0,1631550.0,0.21385406,9.929242,210,0
atitlan,2025-04-13,696750.0,1631550.0,0.0815698,5.534955,210,0
atitlan,2025-04-13,697050.0,1631550.0,0.14452903,7.2080584,210,0
atitlan,2025-04-13,697350.0,1631550.0,0.23806678,15.104793,210,1
atitlan,2025-04-13,697650.0,1631550.0,0.21245639,11.760502,210,0
atitlan,2025-04-13,697950.0,1631550.0,0.22436431,9.964338,210,0
atitlan,2025-04-13,698250.0,1631550.0,0.17730673,7.4062123,210,0
atitlan,2025-04-13,698550.0,1631550.0,0.14405239,5.929285,210,0
atitlan,2025-04-13,698850.0,1631550.0,0.18331912,7.4245276,210,0
atitlan,2025-04-13,699150.0,1631550.0,0.13916199,7.1828914,210,0
atitlan,2025-04-13,699450.0,1631550.0,0.102203496,6.566578,210,0
atitlan,2025-04-13,699750.0,1631550.0,0.16093053,9.28787,210,0
atitlan,2025-04-13,700050.0,1631550.0,0.24989109,12.083433,210,1
atitlan,2025-04-13,700350.0,1631550.0,0.27958524,15.957243,210,1
atitlan,2025-04-13,700650.0,1631550.0,0.255228,15.175932,210,1
atitlan,2025-04-13,700950.0,1631550.0,0.2087586,11.107356,210,0
atitlan,2025-04-13,701250.0,1631550.0,0.18527192,9.199458,210,0
atitlan,2025-04-13,701550.0,1631550.0,0.2580322,15.496874,210,1
atitlan,2025-04-13,701850.0,1631550.0,0.23108952,13.983448,210,1
atitlan,2025-04-13,702150.0,1631550.0,0.29706767,19.181055,210,1
atitlan,2025-04-13,702450.0,1631550.0,0.30728835,19.028736,210,1
atitlan,2025-04-13,702750.0,1631550.0,0.123538025,8.134034,210,0
atitlan,2025-04-13,703050.0,1631550.0,0.10231815,6.6441517,210,0
atitlan,2025-04-13,703350.0,1631550.0,0.10348302,6.996476,210,0
atitlan,2025-04-13,703650.0,1631550.0,0.09810134,6.475292,210,0
atitlan,2025-04-13,703950.0,1631550.0,0.2456838,11.777364,210,0
atitlan,2025-04-13,704250.0,1631550.0,0.25886276,13.974686,210,1
atitlan,2025-04-13,704550.0,1631550.0,0.2651361,15.632758,210,1
atitlan,2025-04-13,704850.0,1631550.0,0.24147771,14.140632,210,1
atitlan,2025-04-13,705150.0,1631550.0,0.27289873,16.855597,210,1
atitlan,2025-04-13,705450.0,1631550.0,0.119683884,8.501107,210,0
atitlan,2025-04-13,705750.0,1631550.0,0.11095734,7.9553895,210,0
atitlan,2025-04-13,706050.0,1631550.0,0.19963165,12.224971,210,1
atitlan,2025-04-13,706350.0,1631550.0,0.27144757,15.491531,210,1
atitlan,2025-04-13,706650.0,1631550.0,0.24282442,13.908106,210,1
atitlan,2025-04-13,706950.0,1631550.0,0.2402077,11.642165,210,0
atitlan,2025-04-13,707250.0,1631550.0,0.23316282,12.431823,210,1
atitlan,2025-04-13,707550.0,1631550.0,0.23839219,13.44951,210,1
atitlan,2025-04-13,707850.0,1631550.0,0.17244762,11.274901,42,0
